date,ref_year,median
2001-01-02,2001,23.1
2001-01-03,2001,23.1
2001-01-04,2001,23.6
2001-01-05,2001,23.6
2001-01-08,2001,24.0
2001-01-09,2001,24.0
2001-01-10,2001,24.0
2001-01-11,2001,24.0
2001-01-12,2001,23.65
2001-01-15,2001,23.65
2001-01-16,2001,24.0
2001-01-17,2001,24.0
2001-01-18,2001,24.0
2001-01-19,2001,24.0
2001-01-22,2001,24.0
2001-01-23,2001,24.0
2001-01-24,2001,24.0
2001-01-25,2001,24.0
2001-01-26,2001,24.0
2001-01-29,2001,24.0
2001-01-30,2001,24.0
2001-01-31,2001,24.0
2001-02-01,2001,24.0
2001-02-02,2001,24.0
2001-02-05,2001,24.0
2001-02-06,2001,24.0
2001-02-07,2001,24.0
2001-02-08,2001,24.0
2001-02-09,2001,24.0
2001-02-12,2001,24.0
2001-02-13,2001,24.0
2001-02-14,2001,24.0
2001-02-15,2001,24.0
2001-02-16,2001,24.0
2001-02-19,2001,24.0
2001-02-20,2001,24.0
2001-02-21,2001,24.0
2001-02-22,2001,24.0
2001-02-23,2001,24.0
2001-02-28,2001,24.0
2001-03-01,2001,24.0
2001-03-02,2001,24.0
2001-03-05,2001,24.0
2001-03-06,2001,24.0
2001-03-07,2001,24.0
2001-03-08,2001,24.0
2001-03-09,2001,24.0
2001-03-12,2001,24.0
2001-03-13,2001,23.7
2001-03-14,2001,23.85
2001-03-15,2001,24.0
2001-03-16,2001,24.0
2001-03-19,2001,24.0
2001-03-20,2001,24.0
2001-03-21,2001,24.0
2001-03-22,2001,24.0
2001-03-23,2001,23.85
2001-03-26,2001,23.85
2001-03-27,2001,23.85
2001-03-28,2001,23.85
2001-03-29,2001,23.45
2001-03-30,2001,23.45
2001-04-02,2001,23.0
2001-04-03,2001,23.0
2001-04-04,2001,23.0
2001-04-05,2001,23.0
2001-04-06,2001,23.0
2001-04-09,2001,23.0
2001-04-10,2001,23.0
2001-04-11,2001,23.0
2001-04-12,2001,23.0
2001-04-16,2001,23.0
2001-04-17,2001,23.0
2001-04-18,2001,23.0
2001-04-19,2001,23.0
2001-04-20,2001,23.0
2001-04-23,2001,23.0
2001-04-24,2001,23.0
2001-04-25,2001,23.0
2001-04-26,2001,22.7
2001-04-27,2001,22.7
2001-04-30,2001,22.7
2001-05-02,2001,22.7
2001-05-03,2001,22.4
2001-05-04,2001,22.4
2001-05-07,2001,22.4
2001-05-08,2001,22.34
2001-05-09,2001,22.34
2001-05-10,2001,22.34
2001-05-11,2001,22.14
2001-05-14,2001,22.34
2001-05-15,2001,22.0
2001-05-16,2001,22.0
2001-05-17,2001,21.6
2001-05-18,2001,21.1
2001-05-21,2001,21.19
2001-05-22,2001,21.15
2001-05-23,2001,21.15
2001-05-24,2001,21.0
2001-05-25,2001,21.0
2001-05-28,2001,21.0
2001-05-29,2001,21.0
2001-05-30,2001,21.0
2001-05-31,2001,21.0
2001-06-01,2001,20.0
2001-06-04,2001,20.0
2001-06-05,2001,20.0
2001-06-06,2001,20.0
2001-06-07,2001,20.0
2001-06-08,2001,20.0
2001-06-11,2001,20.0
2001-06-12,2001,20.0
2001-06-13,2001,20.0
2001-06-18,2001,20.0
2001-06-19,2001,20.0
2001-06-20,2001,20.0
2001-06-21,2001,20.0
2001-06-22,2001,20.0
2001-06-25,2001,20.0
2001-06-26,2001,20.0
2001-06-27,2001,20.0
2001-06-28,2001,20.0
2001-06-29,2001,20.0
2001-07-02,2001,20.0
2001-07-03,2001,20.0
2001-07-04,2001,20.0
2001-07-05,2001,20.0
2001-07-06,2001,20.0
2001-07-09,2001,20.0
2001-07-10,2001,19.5
2001-07-11,2001,19.5
2001-07-12,2001,19.5
2001-07-13,2001,19.0
2001-07-16,2001,19.0
2001-07-17,2001,19.0
2001-07-18,2001,18.5
2001-07-19,2001,18.5
2001-07-20,2001,18.5
2001-07-23,2001,18.3
2001-07-24,2001,18.0
2001-07-25,2001,18.0
2001-07-26,2001,18.0
2001-07-27,2001,18.0
2001-07-30,2001,18.0
2001-07-31,2001,18.0
2001-08-01,2001,18.0
2001-08-02,2001,18.0
2001-08-03,2001,18.0
2001-08-06,2001,18.0
2001-08-07,2001,18.0
2001-08-08,2001,18.0
2001-08-09,2001,18.0
2001-08-10,2001,18.0
2001-08-13,2001,18.0
2001-08-14,2001,18.0
2001-08-15,2001,18.0
2001-08-16,2001,18.0
2001-08-17,2001,18.0
2001-08-20,2001,18.0
2001-08-21,2001,18.0
2001-08-22,2001,18.0
2001-08-23,2001,18.0
2001-08-24,2001,18.0
2001-08-27,2001,18.25
2001-08-28,2001,18.25
2001-08-29,2001,18.25
2001-08-30,2001,18.0
2001-08-31,2001,18.8
2001-09-03,2001,18.94
2001-09-04,2001,18.9
2001-09-05,2001,18.9
2001-09-06,2001,18.99
2001-09-10,2001,18.99
2001-09-11,2001,18.99
2001-09-12,2001,18.99
2001-09-13,2001,18.94
2001-09-14,2001,18.9
2001-09-17,2001,18.7
2001-09-18,2001,18.7
2001-09-19,2001,18.8
2001-09-20,2001,18.0
2001-09-21,2001,18.0
2001-09-24,2001,18.0
2001-09-25,2001,18.0
2001-09-26,2001,18.0
2001-09-27,2001,18.0
2001-09-28,2001,18.0
2001-10-01,2001,18.0
2001-10-02,2001,18.0
2001-10-03,2001,18.0
2001-10-04,2001,18.0
2001-10-05,2001,18.0
2001-10-08,2001,18.0
2001-10-09,2001,18.0
2001-10-10,2001,18.3
2001-10-11,2001,18.45
2001-10-15,2001,18.45
2001-10-16,2001,18.55
2001-10-17,2001,18.5
2001-10-18,2001,18.6
2001-10-19,2001,18.55
2001-10-22,2001,18.55
2001-10-23,2001,18.6
2001-10-24,2001,18.6
2001-10-25,2001,18.6
2001-10-26,2001,18.6
2001-10-29,2001,18.6
2001-10-30,2001,18.6
2001-10-31,2001,18.6
2001-11-01,2001,18.6
2001-11-06,2001,18.6
2001-11-07,2001,18.6
2001-11-08,2001,18.6
2001-11-09,2001,18.6
2001-11-12,2001,18.6
2001-11-13,2001,18.6
2001-11-14,2001,18.6
2001-11-16,2001,18.6
2001-11-19,2001,18.6
2001-11-20,2001,18.6
2001-11-21,2001,18.62
2001-11-22,2001,18.62
2001-11-23,2001,18.62
2001-11-26,2001,18.66
2001-11-27,2001,19.0
2001-11-28,2001,19.0
2001-11-29,2001,19.0
2001-11-30,2001,19.0
2001-12-03,2001,19.0
2001-12-04,2001,19.0
2001-12-05,2001,19.0
2001-12-06,2001,19.0
2001-12-07,2001,19.0
2001-12-10,2001,19.0
2001-12-11,2001,19.0
2001-12-12,2001,19.0
2001-12-13,2001,19.0
2001-12-14,2001,19.0
2001-12-17,2001,19.0
2001-12-18,2001,19.0
2001-12-19,2001,19.0
2001-12-20,2001,19.5
2001-12-21,2001,19.5
2001-12-24,2001,19.5
2001-12-26,2001,19.5
2001-12-27,2001,19.5
2001-12-28,2001,19.8
2001-12-31,2001,19.8
2002-01-02,2001,19.8
2002-01-03,2001,19.9
2002-01-04,2001,19.95
2002-01-07,2001,20.0
2002-01-08,2001,20.0
2002-01-09,2001,20.0
2002-01-10,2001,20.0
2002-01-11,2001,20.1
2002-01-14,2001,20.2
2002-01-15,2001,20.2
2002-01-16,2001,20.2
2002-01-17,2001,20.2
2002-01-18,2001,20.5
2002-01-21,2001,20.5
2002-01-22,2001,20.75
2002-01-23,2001,21.0
2001-01-02,2002,22.0
2001-01-03,2002,22.0
2001-01-04,2002,22.0
2001-01-05,2002,21.5
2001-01-08,2002,21.25
2001-01-09,2002,21.25
2001-01-10,2002,21.0
2001-01-11,2002,21.0
2001-01-12,2002,20.9
2001-01-15,2002,20.9
2001-01-16,2002,20.9
2001-01-17,2002,20.9
2001-01-18,2002,20.9
2001-01-19,2002,20.9
2001-01-22,2002,21.0
2001-01-23,2002,21.0
2001-01-24,2002,21.0
2001-01-25,2002,21.0
2001-01-26,2002,21.0
2001-01-29,2002,21.0
2001-01-30,2002,21.0
2001-01-31,2002,21.0
2001-02-01,2002,21.0
2001-02-02,2002,21.0
2001-02-05,2002,21.0
2001-02-06,2002,21.0
2001-02-07,2002,21.0
2001-02-08,2002,21.0
2001-02-09,2002,21.0
2001-02-12,2002,21.0
2001-02-13,2002,21.0
2001-02-14,2002,21.0
2001-02-15,2002,21.0
2001-02-16,2002,21.0
2001-02-19,2002,21.0
2001-02-20,2002,21.0
2001-02-21,2002,21.0
2001-02-22,2002,21.0
2001-02-23,2002,21.0
2001-02-28,2002,21.0
2001-03-01,2002,21.0
2001-03-02,2002,21.0
2001-03-05,2002,21.0
2001-03-06,2002,21.0
2001-03-07,2002,21.0
2001-03-08,2002,21.0
2001-03-09,2002,21.0
2001-03-12,2002,21.0
2001-03-13,2002,21.0
2001-03-14,2002,21.0
2001-03-15,2002,21.0
2001-03-16,2002,21.0
2001-03-19,2002,21.0
2001-03-20,2002,20.9
2001-03-21,2002,20.9
2001-03-22,2002,20.9
2001-03-23,2002,20.8
2001-03-26,2002,20.9
2001-03-27,2002,20.9
2001-03-28,2002,20.9
2001-03-29,2002,20.4
2001-03-30,2002,20.4
2001-04-02,2002,20.0
2001-04-03,2002,20.0
2001-04-04,2002,20.0
2001-04-05,2002,20.0
2001-04-06,2002,20.0
2001-04-09,2002,20.0
2001-04-10,2002,20.0
2001-04-11,2002,20.0
2001-04-12,2002,20.0
2001-04-16,2002,20.0
2001-04-17,2002,20.0
2001-04-18,2002,20.0
2001-04-19,2002,20.0
2001-04-20,2002,20.0
2001-04-23,2002,20.0
2001-04-24,2002,20.0
2001-04-25,2002,20.0
2001-04-26,2002,20.0
2001-04-27,2002,20.0
2001-04-30,2002,20.0
2001-05-02,2002,20.0
2001-05-03,2002,20.0
2001-05-04,2002,20.0
2001-05-07,2002,20.0
2001-05-08,2002,20.0
2001-05-09,2002,20.0
2001-05-10,2002,20.0
2001-05-11,2002,20.0
2001-05-14,2002,20.0
2001-05-15,2002,20.0
2001-05-16,2002,20.0
2001-05-17,2002,20.0
2001-05-18,2002,20.0
2001-05-21,2002,20.0
2001-05-22,2002,20.0
2001-05-23,2002,20.0
2001-05-24,2002,20.0
2001-05-25,2002,20.0
2001-05-28,2002,20.0
2001-05-29,2002,20.0
2001-05-30,2002,20.0
2001-05-31,2002,20.0
2001-06-01,2002,20.0
2001-06-04,2002,20.0
2001-06-05,2002,19.5
2001-06-06,2002,19.5
2001-06-07,2002,19.5
2001-06-08,2002,19.5
2001-06-11,2002,19.5
2001-06-12,2002,19.5
2001-06-13,2002,19.0
2001-06-18,2002,19.0
2001-06-19,2002,18.75
2001-06-20,2002,18.5
2001-06-21,2002,18.5
2001-06-22,2002,18.5
2001-06-25,2002,18.5
2001-06-26,2002,18.5
2001-06-27,2002,18.0
2001-06-28,2002,18.0
2001-06-29,2002,18.0
2001-07-02,2002,18.0
2001-07-03,2002,18.0
2001-07-04,2002,18.0
2001-07-05,2002,18.0
2001-07-06,2002,18.0
2001-07-09,2002,18.0
2001-07-10,2002,18.0
2001-07-11,2002,18.0
2001-07-12,2002,18.0
2001-07-13,2002,18.0
2001-07-16,2002,18.0
2001-07-17,2002,18.0
2001-07-18,2002,18.0
2001-07-19,2002,18.0
2001-07-20,2002,18.0
2001-07-23,2002,17.0
2001-07-24,2002,17.0
2001-07-25,2002,17.5
2001-07-26,2002,17.0
2001-07-27,2002,17.0
2001-07-30,2002,17.0
2001-07-31,2002,17.0
2001-08-01,2002,17.0
2001-08-02,2002,17.0
2001-08-03,2002,17.0
2001-08-06,2002,17.0
2001-08-07,2002,17.0
2001-08-08,2002,17.0
2001-08-09,2002,17.0
2001-08-10,2002,17.0
2001-08-13,2002,17.0
2001-08-14,2002,17.0
2001-08-15,2002,17.0
2001-08-16,2002,16.8
2001-08-17,2002,16.0
2001-08-20,2002,16.0
2001-08-21,2002,16.0
2001-08-22,2002,16.0
2001-08-23,2002,16.0
2001-08-24,2002,16.0
2001-08-27,2002,16.0
2001-08-28,2002,16.0
2001-08-29,2002,16.0
2001-08-30,2002,16.0
2001-08-31,2002,16.0
2001-09-03,2002,16.8
2001-09-04,2002,16.4
2001-09-05,2002,16.4
2001-09-06,2002,16.3
2001-09-10,2002,16.3
2001-09-11,2002,16.3
2001-09-12,2002,16.3
2001-09-13,2002,16.3
2001-09-14,2002,16.15
2001-09-17,2002,16.0
2001-09-18,2002,16.0
2001-09-19,2002,16.0
2001-09-20,2002,16.0
2001-09-21,2002,16.0
2001-09-24,2002,16.0
2001-09-25,2002,16.0
2001-09-26,2002,16.0
2001-09-27,2002,15.5
2001-09-28,2002,15.0
2001-10-01,2002,15.0
2001-10-02,2002,15.0
2001-10-03,2002,15.0
2001-10-04,2002,15.0
2001-10-05,2002,15.0
2001-10-08,2002,15.0
2001-10-09,2002,15.0
2001-10-10,2002,15.0
2001-10-11,2002,15.0
2001-10-15,2002,15.0
2001-10-16,2002,15.0
2001-10-17,2002,15.0
2001-10-18,2002,15.0
2001-10-19,2002,15.0
2001-10-22,2002,15.0
2001-10-23,2002,15.0
2001-10-24,2002,15.0
2001-10-25,2002,15.0
2001-10-26,2002,15.0
2001-10-29,2002,15.0
2001-10-30,2002,15.0
2001-10-31,2002,15.0
2001-11-01,2002,15.0
2001-11-06,2002,15.0
2001-11-07,2002,15.0
2001-11-08,2002,15.0
2001-11-09,2002,15.0
2001-11-12,2002,15.0
2001-11-13,2002,15.0
2001-11-14,2002,15.0
2001-11-16,2002,15.0
2001-11-19,2002,15.0
2001-11-20,2002,15.0
2001-11-21,2002,15.0
2001-11-22,2002,15.0
2001-11-23,2002,15.0
2001-11-26,2002,15.0
2001-11-27,2002,15.0
2001-11-28,2002,15.0
2001-11-29,2002,15.0
2001-11-30,2002,15.0
2001-12-03,2002,15.0
2001-12-04,2002,15.0
2001-12-05,2002,15.0
2001-12-06,2002,15.0
2001-12-07,2002,15.0
2001-12-10,2002,15.0
2001-12-11,2002,15.0
2001-12-12,2002,15.0
2001-12-13,2002,15.0
2001-12-14,2002,15.1
2001-12-17,2002,15.1
2001-12-18,2002,15.55
2001-12-19,2002,15.8
2001-12-20,2002,16.0
2001-12-21,2002,16.0
2001-12-24,2002,16.0
2001-12-26,2002,16.0
2001-12-27,2002,16.0
2001-12-28,2002,16.0
2001-12-31,2002,16.0
2002-01-02,2002,16.0
2002-01-03,2002,16.0
2002-01-04,2002,16.0
2002-01-07,2002,16.0
2002-01-08,2002,16.0
2002-01-09,2002,16.0
2002-01-10,2002,16.0
2002-01-11,2002,16.0
2002-01-14,2002,16.0
2002-01-15,2002,16.0
2002-01-16,2002,16.0
2002-01-17,2002,16.0
2002-01-18,2002,16.0
2002-01-21,2002,16.0
2002-01-22,2002,16.0
2002-01-23,2002,16.0
2002-01-24,2002,16.0
2002-01-25,2002,16.0
2002-01-28,2002,16.0
2002-01-29,2002,16.0
2002-01-30,2002,16.0
2002-01-31,2002,16.0
2002-02-01,2002,16.2
2002-02-04,2002,16.45
2002-02-05,2002,16.5
2002-02-06,2002,16.5
2002-02-07,2002,16.5
2002-02-08,2002,16.5
2002-02-11,2002,16.8
2002-02-13,2002,16.8
2002-02-14,2002,16.8
2002-02-15,2002,16.8
2002-02-18,2002,16.8
2002-02-19,2002,16.9
2002-02-20,2002,17.0
2002-02-21,2002,17.0
2002-02-22,2002,17.0
2002-02-25,2002,17.0
2002-02-26,2002,17.0
2002-02-27,2002,17.0
2002-02-28,2002,17.0
2002-03-01,2002,17.0
2002-03-04,2002,17.0
2002-03-05,2002,17.0
2002-03-06,2002,17.0
2002-03-07,2002,17.0
2002-03-08,2002,17.0
2002-03-11,2002,17.0
2002-03-12,2002,17.0
2002-03-13,2002,17.0
2002-03-14,2002,17.0
2002-03-15,2002,17.0
2002-03-18,2002,17.0
2002-03-19,2002,17.0
2002-03-20,2002,17.0
2002-03-21,2002,17.0
2002-03-22,2002,17.0
2002-03-25,2002,17.0
2002-03-26,2002,17.0
2002-03-27,2002,17.0
2002-03-28,2002,17.0
2002-04-01,2002,17.0
2002-04-02,2002,17.0
2002-04-03,2002,17.1
2002-04-04,2002,17.2
2002-04-05,2002,17.2
2002-04-08,2002,17.1
2002-04-09,2002,17.1
2002-04-10,2002,17.2
2002-04-11,2002,17.2
2002-04-12,2002,17.2
2002-04-15,2002,17.35
2002-04-16,2002,17.2
2002-04-17,2002,17.2
2002-04-18,2002,17.35
2002-04-19,2002,17.35
2002-04-22,2002,17.2
2002-04-23,2002,17.2
2002-04-24,2002,17.35
2002-04-25,2002,17.5
2002-04-26,2002,17.9
2002-04-29,2002,17.9
2002-04-30,2002,17.9
2002-05-02,2002,17.9
2002-05-03,2002,17.9
2002-05-06,2002,17.9
2002-05-07,2002,17.9
2002-05-08,2002,17.9
2002-05-09,2002,17.9
2002-05-10,2002,17.9
2002-05-13,2002,17.9
2002-05-14,2002,17.9
2002-05-15,2002,17.9
2002-05-16,2002,17.9
2002-05-17,2002,17.9
2002-05-20,2002,17.9
2002-05-21,2002,17.9
2002-05-22,2002,17.9
2002-05-23,2002,17.78
2002-05-24,2002,17.65
2002-05-27,2002,17.5
2002-05-28,2002,17.5
2002-05-29,2002,17.5
2002-05-31,2002,17.5
2002-06-03,2002,17.5
2002-06-04,2002,17.65
2002-06-05,2002,17.5
2002-06-06,2002,17.5
2002-06-07,2002,17.5
2002-06-10,2002,17.5
2002-06-11,2002,17.5
2002-06-12,2002,17.58
2002-06-13,2002,17.65
2002-06-14,2002,17.58
2002-06-17,2002,17.5
2002-06-18,2002,17.5
2002-06-19,2002,17.5
2002-06-20,2002,17.5
2002-06-21,2002,17.5
2002-06-24,2002,17.5
2002-06-25,2002,17.5
2002-06-26,2002,17.5
2002-06-27,2002,17.5
2002-06-28,2002,17.5
2002-07-01,2002,17.5
2002-07-02,2002,17.5
2002-07-03,2002,17.4
2002-07-04,2002,17.4
2002-07-05,2002,17.4
2002-07-08,2002,17.4
2002-07-09,2002,17.4
2002-07-10,2002,17.3
2002-07-11,2002,17.3
2002-07-12,2002,17.3
2002-07-15,2002,17.15
2002-07-16,2002,17.3
2002-07-17,2002,17.4
2002-07-18,2002,17.4
2002-07-19,2002,17.15
2002-07-22,2002,17.0
2002-07-23,2002,17.15
2002-07-24,2002,17.0
2002-07-25,2002,17.0
2002-07-26,2002,17.0
2002-07-29,2002,17.0
2002-07-30,2002,17.0
2002-07-31,2002,17.0
2002-08-01,2002,17.0
2002-08-02,2002,17.0
2002-08-05,2002,17.0
2002-08-06,2002,17.0
2002-08-07,2002,17.0
2002-08-08,2002,17.0
2002-08-09,2002,17.0
2002-08-12,2002,17.0
2002-08-13,2002,17.0
2002-08-14,2002,17.0
2002-08-15,2002,17.0
2002-08-16,2002,17.0
2002-08-19,2002,17.0
2002-08-20,2002,17.0
2002-08-21,2002,17.0
2002-08-22,2002,17.0
2002-08-23,2002,17.0
2002-08-26,2002,17.0
2002-08-27,2002,17.0
2002-08-28,2002,17.0
2002-08-29,2002,16.9
2002-08-30,2002,16.8
2002-09-02,2002,16.8
2002-09-03,2002,16.8
2002-09-04,2002,16.8
2002-09-05,2002,16.8
2002-09-06,2002,16.5
2002-09-09,2002,16.25
2002-09-10,2002,16.2
2002-09-11,2002,16.25
2002-09-12,2002,16.4
2002-09-13,2002,16.2
2002-09-16,2002,16.2
2002-09-17,2002,16.2
2002-09-18,2002,16.2
2002-09-19,2002,16.2
2002-09-20,2002,16.15
2002-09-23,2002,16.1
2002-09-24,2002,16.1
2002-09-25,2002,16.1
2002-09-26,2002,16.0
2002-09-27,2002,16.0
2002-09-30,2002,16.0
2002-10-01,2002,16.0
2002-10-02,2002,16.0
2002-10-03,2002,16.0
2002-10-04,2002,16.0
2002-10-07,2002,15.65
2002-10-08,2002,15.83
2002-10-09,2002,15.55
2002-10-10,2002,15.5
2002-10-11,2002,15.5
2002-10-14,2002,15.5
2002-10-15,2002,15.15
2002-10-16,2002,15.0
2002-10-17,2002,15.0
2002-10-18,2002,15.0
2002-10-21,2002,15.0
2002-10-22,2002,15.0
2002-10-23,2002,15.0
2002-10-24,2002,15.0
2002-10-25,2002,15.0
2002-10-28,2002,15.0
2002-10-29,2002,15.0
2002-10-30,2002,15.0
2002-10-31,2002,15.05
2002-11-01,2002,15.0
2002-11-04,2002,15.0
2002-11-05,2002,15.0
2002-11-06,2002,15.0
2002-11-07,2002,15.0
2002-11-08,2002,15.15
2002-11-11,2002,15.0
2002-11-12,2002,15.0
2002-11-13,2002,15.0
2002-11-14,2002,15.0
2002-11-18,2002,15.0
2002-11-19,2002,15.15
2002-11-20,2002,15.15
2002-11-21,2002,15.15
2002-11-22,2002,15.3
2002-11-25,2002,15.15
2002-11-26,2002,15.3
2002-11-27,2002,15.3
2002-11-28,2002,15.3
2002-11-29,2002,15.5
2002-12-02,2002,15.5
2002-12-03,2002,15.5
2002-12-04,2002,15.55
2002-12-05,2002,15.5
2002-12-06,2002,15.5
2002-12-09,2002,15.5
2002-12-10,2002,15.5
2002-12-11,2002,15.5
2002-12-12,2002,15.65
2002-12-13,2002,15.67
2002-12-16,2002,15.67
2002-12-17,2002,15.67
2002-12-18,2002,15.67
2002-12-19,2002,15.68
2002-12-20,2002,15.8
2002-12-23,2002,15.9
2002-12-24,2002,15.9
2002-12-26,2002,15.9
2002-12-27,2002,16.0
2002-12-30,2002,16.0
2002-12-31,2002,16.0
2003-01-02,2002,16.0
2003-01-03,2002,16.0
2003-01-06,2002,16.0
2003-01-07,2002,16.0
2003-01-08,2002,16.0
2003-01-09,2002,16.0
2003-01-10,2002,16.0
2003-01-13,2002,16.0
2003-01-14,2002,16.0
2003-01-15,2002,16.0
2003-01-16,2002,16.0
2003-01-17,2002,16.0
2003-01-20,2002,16.0
2003-01-21,2002,16.0
2003-01-22,2002,16.0
2001-01-15,2003,22.0
2001-01-16,2003,22.0
2001-01-17,2003,22.0
2001-01-18,2003,22.0
2001-01-19,2003,21.45
2001-01-22,2003,22.0
2001-01-23,2003,22.0
2001-01-24,2003,22.0
2001-01-25,2003,22.0
2001-01-26,2003,22.0
2001-01-29,2003,22.0
2001-01-30,2003,22.0
2001-01-31,2003,22.0
2001-02-01,2003,22.0
2001-02-02,2003,22.0
2001-02-05,2003,22.0
2001-02-06,2003,22.0
2001-02-07,2003,22.0
2001-02-08,2003,22.0
2001-02-09,2003,22.0
2001-02-12,2003,22.0
2001-02-13,2003,21.5
2001-02-14,2003,21.5
2001-02-15,2003,21.0
2001-02-16,2003,21.0
2001-02-19,2003,21.0
2001-02-20,2003,21.0
2001-02-21,2003,21.0
2001-02-22,2003,21.0
2001-02-23,2003,21.0
2001-02-28,2003,21.0
2001-03-01,2003,21.5
2001-03-02,2003,21.5
2001-03-05,2003,21.5
2001-03-06,2003,21.5
2001-03-07,2003,21.5
2001-03-08,2003,21.0
2001-03-09,2003,21.0
2001-03-12,2003,21.0
2001-03-13,2003,21.0
2001-03-14,2003,21.0
2001-03-15,2003,20.95
2001-03-16,2003,20.95
2001-03-19,2003,20.95
2001-03-20,2003,20.45
2001-03-21,2003,20.45
2001-03-22,2003,20.45
2001-03-23,2003,20.45
2001-03-26,2003,20.45
2001-03-27,2003,20.45
2001-03-28,2003,20.45
2001-03-29,2003,20.0
2001-03-30,2003,20.0
2001-04-02,2003,20.0
2001-04-03,2003,20.0
2001-04-04,2003,20.0
2001-04-05,2003,20.0
2001-04-06,2003,20.0
2001-04-09,2003,20.0
2001-04-10,2003,20.0
2001-04-11,2003,20.0
2001-04-12,2003,20.0
2001-04-16,2003,20.0
2001-04-17,2003,20.0
2001-04-18,2003,20.0
2001-04-19,2003,20.0
2001-04-20,2003,20.0
2001-04-23,2003,20.0
2001-04-24,2003,20.0
2001-04-25,2003,20.0
2001-04-26,2003,20.0
2001-04-27,2003,20.0
2001-04-30,2003,20.0
2001-05-02,2003,20.0
2001-05-03,2003,20.0
2001-05-04,2003,20.0
2001-05-07,2003,20.0
2001-05-08,2003,20.0
2001-05-09,2003,20.0
2001-05-10,2003,20.0
2001-05-11,2003,20.0
2001-05-14,2003,20.0
2001-05-15,2003,20.0
2001-05-16,2003,20.0
2001-05-17,2003,20.0
2001-05-18,2003,20.0
2001-05-21,2003,20.0
2001-05-22,2003,20.0
2001-05-23,2003,20.0
2001-05-24,2003,20.0
2001-05-25,2003,20.0
2001-05-28,2003,20.0
2001-05-29,2003,20.0
2001-05-30,2003,20.0
2001-05-31,2003,20.0
2001-06-01,2003,20.0
2001-06-04,2003,20.0
2001-06-05,2003,20.0
2001-06-06,2003,20.0
2001-06-07,2003,20.0
2001-06-08,2003,20.0
2001-06-11,2003,20.0
2001-06-12,2003,20.0
2001-06-13,2003,20.0
2001-06-18,2003,20.0
2001-06-19,2003,19.75
2001-06-20,2003,18.75
2001-06-21,2003,18.75
2001-06-22,2003,18.75
2001-06-25,2003,18.75
2001-06-26,2003,18.75
2001-06-27,2003,18.0
2001-06-28,2003,18.0
2001-06-29,2003,18.0
2001-07-02,2003,18.0
2001-07-03,2003,18.0
2001-07-04,2003,18.0
2001-07-05,2003,18.75
2001-07-06,2003,18.75
2001-07-09,2003,18.75
2001-07-10,2003,18.75
2001-07-11,2003,19.5
2001-07-12,2003,19.5
2001-07-13,2003,18.0
2001-07-16,2003,19.0
2001-07-17,2003,19.0
2001-07-18,2003,18.0
2001-07-19,2003,18.0
2001-07-20,2003,18.0
2001-07-23,2003,17.0
2001-07-24,2003,18.0
2001-07-25,2003,18.0
2001-07-26,2003,18.0
2001-07-27,2003,18.0
2001-07-30,2003,18.0
2001-07-31,2003,18.0
2001-08-01,2003,18.0
2001-08-02,2003,18.0
2001-08-03,2003,18.0
2001-08-06,2003,18.0
2001-08-07,2003,18.0
2001-08-08,2003,18.0
2001-08-09,2003,18.0
2001-08-10,2003,18.0
2001-08-13,2003,18.0
2001-08-14,2003,18.0
2001-08-15,2003,18.0
2001-08-16,2003,18.0
2001-08-17,2003,18.0
2001-08-20,2003,18.0
2001-08-21,2003,17.0
2001-08-22,2003,18.0
2001-08-23,2003,18.0
2001-08-24,2003,18.0
2001-08-27,2003,18.0
2001-08-28,2003,18.0
2001-08-29,2003,18.0
2001-08-30,2003,18.0
2001-08-31,2003,18.0
2001-09-03,2003,18.0
2001-09-04,2003,18.0
2001-09-05,2003,18.0
2001-09-06,2003,18.0
2001-09-10,2003,18.0
2001-09-11,2003,18.0
2001-09-12,2003,18.0
2001-09-13,2003,18.0
2001-09-14,2003,18.0
2001-09-17,2003,18.0
2001-09-18,2003,18.0
2001-09-19,2003,18.0
2001-09-20,2003,18.0
2001-09-21,2003,18.0
2001-09-24,2003,18.0
2001-09-25,2003,18.0
2001-09-26,2003,18.0
2001-09-27,2003,18.0
2001-09-28,2003,17.7
2001-10-01,2003,17.4
2001-10-02,2003,17.0
2001-10-03,2003,17.0
2001-10-04,2003,17.0
2001-10-05,2003,16.0
2001-10-08,2003,16.7
2001-10-09,2003,16.7
2001-10-10,2003,16.7
2001-10-11,2003,17.4
2001-10-15,2003,17.4
2001-10-16,2003,16.7
2001-10-17,2003,16.7
2001-10-18,2003,16.0
2001-10-19,2003,16.0
2001-10-22,2003,16.0
2001-10-23,2003,16.0
2001-10-24,2003,16.0
2001-10-25,2003,16.0
2001-10-26,2003,16.0
2001-10-29,2003,16.0
2001-10-30,2003,16.0
2001-10-31,2003,16.0
2001-11-01,2003,16.0
2001-11-06,2003,16.0
2001-11-07,2003,16.0
2001-11-08,2003,16.0
2001-11-09,2003,16.0
2001-11-12,2003,16.0
2001-11-13,2003,16.0
2001-11-14,2003,16.0
2001-11-16,2003,16.0
2001-11-19,2003,16.0
2001-11-20,2003,16.0
2001-11-21,2003,16.0
2001-11-22,2003,16.0
2001-11-23,2003,16.0
2001-11-26,2003,16.0
2001-11-27,2003,16.0
2001-11-28,2003,16.0
2001-11-29,2003,16.0
2001-11-30,2003,16.0
2001-12-03,2003,16.0
2001-12-04,2003,16.0
2001-12-05,2003,16.0
2001-12-06,2003,16.0
2001-12-07,2003,16.0
2001-12-10,2003,16.0
2001-12-11,2003,16.0
2001-12-12,2003,16.0
2001-12-13,2003,16.0
2001-12-14,2003,16.0
2001-12-17,2003,16.0
2001-12-18,2003,16.0
2001-12-19,2003,16.0
2001-12-20,2003,16.0
2001-12-21,2003,16.0
2001-12-24,2003,16.0
2001-12-26,2003,16.0
2001-12-27,2003,16.0
2001-12-28,2003,16.0
2001-12-31,2003,16.0
2002-01-02,2003,16.25
2002-01-03,2003,16.25
2002-01-04,2003,16.0
2002-01-07,2003,16.0
2002-01-08,2003,16.0
2002-01-09,2003,16.0
2002-01-10,2003,16.0
2002-01-11,2003,16.0
2002-01-14,2003,16.0
2002-01-15,2003,16.0
2002-01-16,2003,16.0
2002-01-17,2003,16.5
2002-01-18,2003,16.5
2002-01-21,2003,17.0
2002-01-22,2003,16.75
2002-01-23,2003,16.75
2002-01-24,2003,16.25
2002-01-25,2003,16.25
2002-01-28,2003,17.0
2002-01-29,2003,16.5
2002-01-30,2003,16.5
2002-01-31,2003,16.0
2002-02-01,2003,16.25
2002-02-04,2003,16.5
2002-02-05,2003,16.75
2002-02-06,2003,16.75
2002-02-07,2003,16.75
2002-02-08,2003,16.7
2002-02-11,2003,16.6
2002-02-13,2003,16.6
2002-02-14,2003,16.7
2002-02-15,2003,17.0
2002-02-18,2003,17.0
2002-02-19,2003,17.0
2002-02-20,2003,17.0
2002-02-21,2003,17.0
2002-02-22,2003,17.5
2002-02-25,2003,17.5
2002-02-26,2003,17.5
2002-02-27,2003,18.0
2002-02-28,2003,18.0
2002-03-01,2003,18.0
2002-03-04,2003,18.0
2002-03-05,2003,18.0
2002-03-06,2003,18.0
2002-03-07,2003,18.0
2002-03-08,2003,17.75
2002-03-11,2003,17.75
2002-03-12,2003,17.5
2002-03-13,2003,17.5
2002-03-14,2003,17.5
2002-03-15,2003,17.5
2002-03-18,2003,17.5
2002-03-19,2003,17.25
2002-03-20,2003,17.25
2002-03-21,2003,17.5
2002-03-22,2003,17.75
2002-03-25,2003,17.5
2002-03-26,2003,17.75
2002-03-27,2003,17.75
2002-03-28,2003,18.0
2002-04-01,2003,18.0
2002-04-02,2003,18.0
2002-04-03,2003,18.0
2002-04-04,2003,18.0
2002-04-05,2003,18.0
2002-04-08,2003,18.0
2002-04-09,2003,18.0
2002-04-10,2003,18.0
2002-04-11,2003,18.0
2002-04-12,2003,18.0
2002-04-15,2003,18.0
2002-04-16,2003,18.0
2002-04-17,2003,18.0
2002-04-18,2003,18.0
2002-04-19,2003,18.0
2002-04-22,2003,18.0
2002-04-23,2003,18.0
2002-04-24,2003,18.0
2002-04-25,2003,18.0
2002-04-26,2003,18.0
2002-04-29,2003,18.0
2002-04-30,2003,18.0
2002-05-02,2003,18.0
2002-05-03,2003,18.0
2002-05-06,2003,18.0
2002-05-07,2003,18.0
2002-05-08,2003,18.0
2002-05-09,2003,18.0
2002-05-10,2003,18.0
2002-05-13,2003,18.0
2002-05-14,2003,18.0
2002-05-15,2003,18.0
2002-05-16,2003,18.0
2002-05-17,2003,18.0
2002-05-20,2003,18.0
2002-05-21,2003,18.0
2002-05-22,2003,18.0
2002-05-23,2003,18.0
2002-05-24,2003,18.0
2002-05-27,2003,18.0
2002-05-28,2003,18.0
2002-05-29,2003,18.0
2002-05-31,2003,18.0
2002-06-03,2003,18.0
2002-06-04,2003,18.0
2002-06-05,2003,18.0
2002-06-06,2003,18.0
2002-06-07,2003,18.0
2002-06-10,2003,18.0
2002-06-11,2003,18.0
2002-06-12,2003,18.0
2002-06-13,2003,18.0
2002-06-14,2003,18.0
2002-06-17,2003,18.0
2002-06-18,2003,18.0
2002-06-19,2003,18.0
2002-06-20,2003,18.0
2002-06-21,2003,18.0
2002-06-24,2003,18.0
2002-06-25,2003,18.0
2002-06-26,2003,18.0
2002-06-27,2003,18.0
2002-06-28,2003,18.0
2002-07-01,2003,18.0
2002-07-02,2003,18.0
2002-07-03,2003,18.0
2002-07-04,2003,18.0
2002-07-05,2003,18.0
2002-07-08,2003,18.0
2002-07-09,2003,18.0
2002-07-10,2003,18.0
2002-07-11,2003,18.0
2002-07-12,2003,18.0
2002-07-15,2003,18.0
2002-07-16,2003,18.0
2002-07-17,2003,18.0
2002-07-18,2003,18.0
2002-07-19,2003,18.0
2002-07-22,2003,18.0
2002-07-23,2003,18.0
2002-07-24,2003,18.0
2002-07-25,2003,18.0
2002-07-26,2003,18.0
2002-07-29,2003,18.0
2002-07-30,2003,18.0
2002-07-31,2003,18.0
2002-08-01,2003,18.0
2002-08-02,2003,18.0
2002-08-05,2003,18.0
2002-08-06,2003,17.97
2002-08-07,2003,17.97
2002-08-08,2003,17.93
2002-08-09,2003,17.93
2002-08-12,2003,17.72
2002-08-13,2003,17.5
2002-08-14,2003,17.5
2002-08-15,2003,17.55
2002-08-16,2003,17.55
2002-08-19,2003,17.6
2002-08-20,2003,17.5
2002-08-21,2003,17.25
2002-08-22,2003,17.0
2002-08-23,2003,17.0
2002-08-26,2003,17.0
2002-08-27,2003,17.0
2002-08-28,2003,17.0
2002-08-29,2003,17.0
2002-08-30,2003,16.5
2002-09-02,2003,16.5
2002-09-03,2003,16.5
2002-09-04,2003,16.5
2002-09-05,2003,16.5
2002-09-06,2003,17.0
2002-09-09,2003,16.5
2002-09-10,2003,16.5
2002-09-11,2003,16.25
2002-09-12,2003,16.25
2002-09-13,2003,16.0
2002-09-16,2003,16.0
2002-09-17,2003,16.5
2002-09-18,2003,16.0
2002-09-19,2003,16.25
2002-09-20,2003,16.0
2002-09-23,2003,16.0
2002-09-24,2003,16.0
2002-09-25,2003,16.0
2002-09-26,2003,16.0
2002-09-27,2003,16.0
2002-09-30,2003,15.5
2002-10-01,2003,15.75
2002-10-02,2003,15.5
2002-10-03,2003,15.5
2002-10-04,2003,15.45
2002-10-07,2003,15.0
2002-10-08,2003,15.0
2002-10-09,2003,15.0
2002-10-10,2003,15.0
2002-10-11,2003,15.0
2002-10-14,2003,15.0
2002-10-15,2003,15.0
2002-10-16,2003,15.0
2002-10-17,2003,15.0
2002-10-18,2003,15.0
2002-10-21,2003,15.0
2002-10-22,2003,15.0
2002-10-23,2003,14.5
2002-10-24,2003,14.0
2002-10-25,2003,14.0
2002-10-28,2003,14.0
2002-10-29,2003,14.0
2002-10-30,2003,14.0
2002-10-31,2003,14.0
2002-11-01,2003,13.0
2002-11-04,2003,13.5
2002-11-05,2003,13.0
2002-11-06,2003,13.0
2002-11-07,2003,13.0
2002-11-08,2003,13.0
2002-11-11,2003,13.0
2002-11-12,2003,13.0
2002-11-13,2003,13.0
2002-11-14,2003,13.0
2002-11-18,2003,13.0
2002-11-19,2003,13.0
2002-11-20,2003,13.0
2002-11-21,2003,13.0
2002-11-22,2003,13.0
2002-11-25,2003,13.0
2002-11-26,2003,13.0
2002-11-27,2003,13.0
2002-11-28,2003,13.0
2002-11-29,2003,13.0
2002-12-02,2003,13.0
2002-12-03,2003,13.0
2002-12-04,2003,13.0
2002-12-05,2003,13.0
2002-12-06,2003,13.0
2002-12-09,2003,13.0
2002-12-10,2003,13.0
2002-12-11,2003,13.0
2002-12-12,2003,13.0
2002-12-13,2003,13.0
2002-12-16,2003,13.0
2002-12-17,2003,13.0
2002-12-18,2003,13.0
2002-12-19,2003,13.0
2002-12-20,2003,13.0
2002-12-23,2003,13.0
2002-12-24,2003,13.0
2002-12-26,2003,13.0
2002-12-27,2003,13.0
2002-12-30,2003,13.0
2002-12-31,2003,13.0
2003-01-02,2003,13.0
2003-01-03,2003,13.0
2003-01-06,2003,13.0
2003-01-07,2003,13.0
2003-01-08,2003,13.0
2003-01-09,2003,13.0
2003-01-10,2003,13.0
2003-01-13,2003,13.0
2003-01-14,2003,13.0
2003-01-15,2003,13.0
2003-01-16,2003,13.0
2003-01-17,2003,13.0
2003-01-20,2003,13.0
2003-01-21,2003,13.0
2003-01-22,2003,13.0
2003-01-23,2003,13.0
2003-01-24,2003,13.0
2003-01-27,2003,13.0
2003-01-28,2003,13.0
2003-01-29,2003,13.0
2003-01-30,2003,13.0
2003-01-31,2003,13.0
2003-02-03,2003,13.0
2003-02-04,2003,13.0
2003-02-05,2003,13.0
2003-02-06,2003,13.0
2003-02-07,2003,13.0
2003-02-10,2003,13.0
2003-02-11,2003,13.0
2003-02-12,2003,13.0
2003-02-13,2003,13.0
2003-02-14,2003,13.0
2003-02-17,2003,13.0
2003-02-18,2003,13.0
2003-02-19,2003,13.0
2003-02-20,2003,13.0
2003-02-21,2003,13.0
2003-02-24,2003,13.0
2003-02-25,2003,13.0
2003-02-26,2003,13.0
2003-02-27,2003,13.0
2003-02-28,2003,13.0
2003-03-05,2003,13.0
2003-03-06,2003,13.0
2003-03-07,2003,13.0
2003-03-10,2003,13.0
2003-03-11,2003,13.0
2003-03-12,2003,13.0
2003-03-13,2003,13.0
2003-03-14,2003,13.0
2003-03-17,2003,13.0
2003-03-18,2003,13.0
2003-03-19,2003,13.0
2003-03-20,2003,13.0
2003-03-21,2003,13.0
2003-03-24,2003,13.0
2003-03-25,2003,13.0
2003-03-26,2003,13.0
2003-03-27,2003,13.0
2003-03-28,2003,13.0
2003-03-31,2003,13.0
2003-04-01,2003,13.0
2003-04-02,2003,13.0
2003-04-03,2003,13.0
2003-04-04,2003,13.0
2003-04-07,2003,13.0
2003-04-08,2003,13.0
2003-04-09,2003,13.0
2003-04-10,2003,13.0
2003-04-11,2003,12.6
2003-04-14,2003,12.0
2003-04-15,2003,12.0
2003-04-16,2003,12.25
2003-04-17,2003,12.0
2003-04-22,2003,12.0
2003-04-23,2003,12.0
2003-04-24,2003,12.0
2003-04-25,2003,12.0
2003-04-28,2003,12.0
2003-04-29,2003,12.0
2003-04-30,2003,12.0
2003-05-02,2003,12.0
2003-05-05,2003,12.0
2003-05-06,2003,12.0
2003-05-07,2003,12.0
2003-05-08,2003,12.0
2003-05-09,2003,12.0
2003-05-12,2003,12.0
2003-05-13,2003,12.0
2003-05-14,2003,12.0
2003-05-15,2003,12.0
2003-05-16,2003,12.0
2003-05-19,2003,12.0
2003-05-20,2003,12.0
2003-05-21,2003,12.0
2003-05-22,2003,12.0
2003-05-23,2003,12.0
2003-05-26,2003,12.0
2003-05-27,2003,11.9
2003-05-28,2003,11.9
2003-05-29,2003,11.9
2003-05-30,2003,11.5
2003-06-02,2003,11.5
2003-06-03,2003,11.3
2003-06-04,2003,11.0
2003-06-05,2003,11.0
2003-06-06,2003,11.0
2003-06-09,2003,11.0
2003-06-10,2003,11.0
2003-06-11,2003,11.0
2003-06-12,2003,10.35
2003-06-13,2003,10.1
2003-06-16,2003,10.0
2003-06-17,2003,10.0
2003-06-18,2003,10.0
2003-06-20,2003,10.0
2003-06-23,2003,10.1
2003-06-24,2003,10.0
2003-06-25,2003,10.0
2003-06-26,2003,10.0
2003-06-27,2003,10.0
2003-06-30,2003,10.0
2003-07-01,2003,10.0
2003-07-02,2003,10.0
2003-07-03,2003,10.0
2003-07-04,2003,10.0
2003-07-07,2003,9.9
2003-07-08,2003,9.8
2003-07-09,2003,9.8
2003-07-10,2003,9.73
2003-07-11,2003,9.7
2003-07-14,2003,9.5
2003-07-15,2003,9.0
2003-07-16,2003,9.0
2003-07-17,2003,9.0
2003-07-18,2003,9.0
2003-07-21,2003,9.0
2003-07-22,2003,9.0
2003-07-23,2003,9.0
2003-07-24,2003,9.0
2003-07-25,2003,9.0
2003-07-28,2003,9.0
2003-07-29,2003,9.0
2003-07-30,2003,9.0
2003-07-31,2003,9.0
2003-08-01,2003,9.0
2003-08-04,2003,9.0
2003-08-05,2003,9.0
2003-08-06,2003,9.0
2003-08-07,2003,8.6
2003-08-08,2003,8.5
2003-08-11,2003,8.5
2003-08-12,2003,8.5
2003-08-13,2003,8.5
2003-08-14,2003,8.5
2003-08-15,2003,8.3
2003-08-18,2003,8.25
2003-08-19,2003,8.2
2003-08-20,2003,8.2
2003-08-21,2003,8.35
2003-08-22,2003,8.3
2003-08-25,2003,8.3
2003-08-26,2003,8.3
2003-08-27,2003,8.35
2003-08-28,2003,8.35
2003-08-29,2003,8.3
2003-09-01,2003,8.5
2003-09-02,2003,8.5
2003-09-03,2003,8.5
2003-09-04,2003,8.5
2003-09-05,2003,8.5
2003-09-08,2003,8.5
2003-09-09,2003,8.5
2003-09-10,2003,8.5
2003-09-11,2003,8.5
2003-09-12,2003,8.5
2003-09-15,2003,8.5
2003-09-16,2003,8.5
2003-09-17,2003,8.5
2003-09-18,2003,8.5
2003-09-19,2003,8.5
2003-09-22,2003,8.5
2003-09-23,2003,8.5
2003-09-24,2003,8.5
2003-09-25,2003,8.5
2003-09-26,2003,8.5
2003-09-29,2003,8.5
2003-09-30,2003,8.65
2003-10-01,2003,8.8
2003-10-02,2003,8.65
2003-10-03,2003,8.65
2003-10-06,2003,8.85
2003-10-07,2003,8.9
2003-10-08,2003,8.95
2003-10-09,2003,9.0
2003-10-10,2003,9.0
2003-10-13,2003,9.0
2003-10-14,2003,9.0
2003-10-15,2003,9.0
2003-10-16,2003,9.0
2003-10-17,2003,9.0
2003-10-20,2003,9.0
2003-10-21,2003,9.0
2003-10-22,2003,9.0
2003-10-23,2003,9.0
2003-10-24,2003,9.0
2003-10-28,2003,9.0
2003-10-29,2003,9.0
2003-10-30,2003,9.0
2003-10-31,2003,9.0
2003-11-03,2003,9.0
2003-11-04,2003,9.0
2003-11-05,2003,9.0
2003-11-06,2003,9.0
2003-11-07,2003,9.0
2003-11-10,2003,9.0
2003-11-11,2003,9.0
2003-11-12,2003,9.0
2003-11-13,2003,9.0
2003-11-14,2003,9.0
2003-11-17,2003,9.0
2003-11-18,2003,9.0
2003-11-19,2003,9.0
2003-11-20,2003,9.0
2003-11-21,2003,9.0
2003-11-24,2003,9.0
2003-11-25,2003,9.0
2003-11-26,2003,9.0
2003-11-27,2003,9.0
2003-11-28,2003,9.0
2003-12-01,2003,9.0
2003-12-02,2003,9.0
2003-12-03,2003,9.0
2003-12-04,2003,9.0
2003-12-05,2003,9.0
2003-12-08,2003,9.0
2003-12-09,2003,9.0
2003-12-10,2003,9.0
2003-12-11,2003,9.0
2003-12-12,2003,9.0
2003-12-15,2003,9.0
2003-12-16,2003,9.0
2003-12-17,2003,9.0
2003-12-18,2003,9.0
2003-12-19,2003,9.0
2003-12-22,2003,9.08
2003-12-23,2003,9.09
2003-12-26,2003,9.23
2003-12-29,2003,9.26
2003-12-30,2003,9.4
2004-01-02,2003,9.5
2004-01-05,2003,9.5
2004-01-06,2003,9.5
2004-01-07,2003,9.5
2004-01-08,2003,9.5
2004-01-09,2003,9.5
2004-01-12,2003,9.5
2004-01-14,2003,9.5
2004-01-15,2003,9.5
2004-01-16,2003,9.5
2004-01-19,2003,9.5
2004-01-20,2003,9.5
2004-01-21,2003,9.5
2001-11-06,2004,20.0
2001-11-07,2004,20.0
2001-11-08,2004,20.0
2001-11-09,2004,20.0
2001-11-12,2004,19.5
2001-11-13,2004,19.5
2001-11-14,2004,20.0
2001-11-16,2004,20.0
2001-11-19,2004,20.0
2001-11-20,2004,20.0
2001-11-21,2004,19.5
2001-11-22,2004,20.0
2001-11-23,2004,19.5
2001-11-26,2004,19.5
2001-11-27,2004,19.0
2001-11-28,2004,19.0
2001-11-29,2004,19.5
2001-11-30,2004,19.0
2001-12-03,2004,19.0
2001-12-04,2004,19.0
2001-12-05,2004,19.0
2001-12-06,2004,20.0
2001-12-07,2004,19.25
2001-12-10,2004,19.25
2001-12-11,2004,18.5
2001-12-12,2004,18.5
2001-12-13,2004,18.5
2001-12-14,2004,18.5
2001-12-17,2004,18.5
2001-12-18,2004,19.25
2001-12-19,2004,19.25
2001-12-20,2004,19.25
2001-12-21,2004,18.5
2001-12-24,2004,19.25
2001-12-26,2004,19.25
2001-12-27,2004,19.25
2001-12-28,2004,18.5
2001-12-31,2004,18.5
2002-01-02,2004,18.5
2002-01-03,2004,18.5
2002-01-04,2004,18.5
2002-01-07,2004,18.5
2002-01-08,2004,18.5
2002-01-09,2004,18.5
2002-01-10,2004,18.5
2002-01-11,2004,18.5
2002-01-14,2004,18.5
2002-01-15,2004,18.5
2002-01-16,2004,18.5
2002-01-17,2004,18.25
2002-01-18,2004,18.25
2002-01-21,2004,18.25
2002-01-22,2004,18.0
2002-01-23,2004,18.0
2002-01-24,2004,18.25
2002-01-25,2004,18.25
2002-01-28,2004,18.25
2002-01-29,2004,18.5
2002-01-30,2004,18.5
2002-01-31,2004,18.0
2002-02-01,2004,18.0
2002-02-04,2004,18.0
2002-02-05,2004,18.0
2002-02-06,2004,18.0
2002-02-07,2004,18.0
2002-02-08,2004,18.0
2002-02-11,2004,18.0
2002-02-13,2004,18.0
2002-02-14,2004,18.0
2002-02-15,2004,18.0
2002-02-18,2004,18.0
2002-02-19,2004,18.0
2002-02-20,2004,18.0
2002-02-21,2004,18.0
2002-02-22,2004,18.0
2002-02-25,2004,18.0
2002-02-26,2004,18.0
2002-02-27,2004,18.0
2002-02-28,2004,18.0
2002-03-01,2004,18.0
2002-03-04,2004,18.0
2002-03-05,2004,18.0
2002-03-06,2004,18.0
2002-03-07,2004,18.0
2002-03-08,2004,18.0
2002-03-11,2004,18.0
2002-03-12,2004,18.0
2002-03-13,2004,18.0
2002-03-14,2004,18.0
2002-03-15,2004,18.0
2002-03-18,2004,18.0
2002-03-19,2004,18.0
2002-03-20,2004,18.0
2002-03-21,2004,18.0
2002-03-22,2004,18.0
2002-03-25,2004,18.0
2002-03-26,2004,18.0
2002-03-27,2004,18.0
2002-03-28,2004,18.0
2002-04-01,2004,18.0
2002-04-02,2004,18.0
2002-04-03,2004,18.0
2002-04-04,2004,18.0
2002-04-05,2004,18.0
2002-04-08,2004,18.0
2002-04-09,2004,18.0
2002-04-10,2004,18.0
2002-04-11,2004,18.0
2002-04-12,2004,18.0
2002-04-15,2004,18.0
2002-04-16,2004,18.0
2002-04-17,2004,18.0
2002-04-18,2004,18.0
2002-04-19,2004,18.0
2002-04-22,2004,18.0
2002-04-23,2004,18.0
2002-04-24,2004,18.0
2002-04-25,2004,18.0
2002-04-26,2004,18.0
2002-04-29,2004,18.0
2002-04-30,2004,18.0
2002-05-02,2004,18.0
2002-05-03,2004,18.0
2002-05-06,2004,18.0
2002-05-07,2004,18.0
2002-05-08,2004,18.0
2002-05-09,2004,18.0
2002-05-10,2004,18.0
2002-05-13,2004,18.0
2002-05-14,2004,18.0
2002-05-15,2004,18.0
2002-05-16,2004,18.0
2002-05-17,2004,18.0
2002-05-20,2004,18.0
2002-05-21,2004,18.0
2002-05-22,2004,18.0
2002-05-23,2004,18.0
2002-05-24,2004,18.0
2002-05-27,2004,18.0
2002-05-28,2004,18.0
2002-05-29,2004,18.0
2002-05-31,2004,18.0
2002-06-03,2004,18.0
2002-06-04,2004,18.0
2002-06-05,2004,18.0
2002-06-06,2004,18.0
2002-06-07,2004,18.0
2002-06-10,2004,18.0
2002-06-11,2004,18.0
2002-06-12,2004,18.0
2002-06-13,2004,18.0
2002-06-14,2004,18.0
2002-06-17,2004,18.0
2002-06-18,2004,18.0
2002-06-19,2004,18.0
2002-06-20,2004,18.0
2002-06-21,2004,18.0
2002-06-24,2004,18.0
2002-06-25,2004,18.0
2002-06-26,2004,18.0
2002-06-27,2004,18.0
2002-06-28,2004,18.0
2002-07-01,2004,18.0
2002-07-02,2004,18.0
2002-07-03,2004,18.0
2002-07-04,2004,18.0
2002-07-05,2004,18.0
2002-07-08,2004,18.0
2002-07-09,2004,18.0
2002-07-10,2004,18.0
2002-07-11,2004,18.0
2002-07-12,2004,18.0
2002-07-15,2004,18.0
2002-07-16,2004,18.0
2002-07-17,2004,18.0
2002-07-18,2004,18.0
2002-07-19,2004,18.0
2002-07-22,2004,18.0
2002-07-23,2004,18.0
2002-07-24,2004,18.0
2002-07-25,2004,18.5
2002-07-26,2004,18.5
2002-07-29,2004,19.0
2002-07-30,2004,18.5
2002-07-31,2004,18.5
2002-08-01,2004,18.5
2002-08-02,2004,18.0
2002-08-05,2004,18.0
2002-08-06,2004,18.0
2002-08-07,2004,18.0
2002-08-08,2004,18.0
2002-08-09,2004,18.0
2002-08-12,2004,18.0
2002-08-13,2004,18.0
2002-08-14,2004,18.0
2002-08-15,2004,18.0
2002-08-16,2004,18.0
2002-08-19,2004,18.0
2002-08-20,2004,18.0
2002-08-21,2004,18.0
2002-08-22,2004,18.0
2002-08-23,2004,18.0
2002-08-26,2004,18.0
2002-08-27,2004,18.0
2002-08-28,2004,18.0
2002-08-29,2004,18.0
2002-08-30,2004,18.0
2002-09-02,2004,18.0
2002-09-03,2004,18.0
2002-09-04,2004,18.0
2002-09-05,2004,18.0
2002-09-06,2004,18.0
2002-09-09,2004,18.0
2002-09-10,2004,18.0
2002-09-11,2004,18.0
2002-09-12,2004,18.0
2002-09-13,2004,18.0
2002-09-16,2004,18.0
2002-09-17,2004,18.0
2002-09-18,2004,18.0
2002-09-19,2004,18.0
2002-09-20,2004,18.0
2002-09-23,2004,18.0
2002-09-24,2004,18.0
2002-09-25,2004,18.0
2002-09-26,2004,18.0
2002-09-27,2004,17.5
2002-09-30,2004,17.5
2002-10-01,2004,17.5
2002-10-02,2004,16.65
2002-10-03,2004,16.65
2002-10-04,2004,16.3
2002-10-07,2004,16.0
2002-10-08,2004,16.0
2002-10-09,2004,16.0
2002-10-10,2004,16.0
2002-10-11,2004,16.0
2002-10-14,2004,16.0
2002-10-15,2004,16.0
2002-10-16,2004,16.0
2002-10-17,2004,16.3
2002-10-18,2004,16.0
2002-10-21,2004,16.0
2002-10-22,2004,16.0
2002-10-23,2004,16.0
2002-10-24,2004,16.0
2002-10-25,2004,16.0
2002-10-28,2004,16.0
2002-10-29,2004,15.0
2002-10-30,2004,15.0
2002-10-31,2004,15.0
2002-11-01,2004,15.0
2002-11-04,2004,15.0
2002-11-05,2004,15.0
2002-11-06,2004,15.0
2002-11-07,2004,15.0
2002-11-08,2004,15.0
2002-11-11,2004,15.0
2002-11-12,2004,15.0
2002-11-13,2004,15.0
2002-11-14,2004,15.0
2002-11-18,2004,15.0
2002-11-19,2004,15.0
2002-11-20,2004,15.0
2002-11-21,2004,15.0
2002-11-22,2004,15.0
2002-11-25,2004,15.0
2002-11-26,2004,15.0
2002-11-27,2004,15.0
2002-11-28,2004,15.0
2002-11-29,2004,15.0
2002-12-02,2004,15.0
2002-12-03,2004,15.0
2002-12-04,2004,15.0
2002-12-05,2004,15.0
2002-12-06,2004,15.0
2002-12-09,2004,15.0
2002-12-10,2004,15.0
2002-12-11,2004,15.0
2002-12-12,2004,15.0
2002-12-13,2004,15.0
2002-12-16,2004,15.0
2002-12-17,2004,15.0
2002-12-18,2004,15.0
2002-12-19,2004,15.0
2002-12-20,2004,15.0
2002-12-23,2004,15.0
2002-12-24,2004,15.0
2002-12-26,2004,15.0
2002-12-27,2004,15.0
2002-12-30,2004,15.0
2002-12-31,2004,15.0
2003-01-02,2004,15.0
2003-01-03,2004,15.0
2003-01-06,2004,15.0
2003-01-07,2004,15.0
2003-01-08,2004,15.0
2003-01-09,2004,15.0
2003-01-10,2004,15.0
2003-01-13,2004,15.0
2003-01-14,2004,15.0
2003-01-15,2004,15.0
2003-01-16,2004,15.0
2003-01-17,2004,15.0
2003-01-20,2004,15.0
2003-01-21,2004,15.0
2003-01-22,2004,15.0
2003-01-23,2004,15.0
2003-01-24,2004,15.0
2003-01-27,2004,15.0
2003-01-28,2004,15.0
2003-01-29,2004,15.0
2003-01-30,2004,15.0
2003-01-31,2004,15.0
2003-02-03,2004,15.0
2003-02-04,2004,15.0
2003-02-05,2004,15.0
2003-02-06,2004,15.0
2003-02-07,2004,15.0
2003-02-10,2004,15.0
2003-02-11,2004,15.0
2003-02-12,2004,15.0
2003-02-13,2004,15.0
2003-02-14,2004,15.0
2003-02-17,2004,15.0
2003-02-18,2004,15.0
2003-02-19,2004,15.0
2003-02-20,2004,15.0
2003-02-21,2004,15.0
2003-02-24,2004,15.0
2003-02-25,2004,15.0
2003-02-26,2004,15.0
2003-02-27,2004,15.0
2003-02-28,2004,15.0
2003-03-05,2004,15.0
2003-03-06,2004,15.0
2003-03-07,2004,15.0
2003-03-10,2004,15.0
2003-03-11,2004,15.0
2003-03-12,2004,15.0
2003-03-13,2004,15.0
2003-03-14,2004,15.0
2003-03-17,2004,15.0
2003-03-18,2004,15.0
2003-03-19,2004,15.0
2003-03-20,2004,15.0
2003-03-21,2004,15.0
2003-03-24,2004,15.0
2003-03-25,2004,15.0
2003-03-26,2004,15.0
2003-03-27,2004,15.0
2003-03-28,2004,15.0
2003-03-31,2004,15.0
2003-04-01,2004,15.0
2003-04-02,2004,15.0
2003-04-03,2004,15.0
2003-04-04,2004,15.0
2003-04-07,2004,15.0
2003-04-08,2004,15.0
2003-04-09,2004,15.0
2003-04-10,2004,15.0
2003-04-11,2004,15.0
2003-04-14,2004,15.0
2003-04-15,2004,15.0
2003-04-16,2004,15.0
2003-04-17,2004,15.0
2003-04-22,2004,15.0
2003-04-23,2004,15.0
2003-04-24,2004,15.0
2003-04-25,2004,15.0
2003-04-28,2004,14.55
2003-04-29,2004,14.55
2003-04-30,2004,14.5
2003-05-02,2004,15.0
2003-05-05,2004,15.0
2003-05-06,2004,15.0
2003-05-07,2004,14.8
2003-05-08,2004,14.5
2003-05-09,2004,14.45
2003-05-12,2004,14.45
2003-05-13,2004,14.5
2003-05-14,2004,14.55
2003-05-15,2004,14.5
2003-05-16,2004,14.5
2003-05-19,2004,14.5
2003-05-20,2004,14.5
2003-05-21,2004,14.5
2003-05-22,2004,14.5
2003-05-23,2004,14.5
2003-05-26,2004,14.5
2003-05-27,2004,14.3
2003-05-28,2004,14.3
2003-05-29,2004,14.3
2003-05-30,2004,14.0
2003-06-02,2004,14.0
2003-06-03,2004,14.0
2003-06-04,2004,14.0
2003-06-05,2004,14.0
2003-06-06,2004,14.0
2003-06-09,2004,14.0
2003-06-10,2004,14.0
2003-06-11,2004,14.0
2003-06-12,2004,14.0
2003-06-13,2004,14.0
2003-06-16,2004,14.0
2003-06-17,2004,14.0
2003-06-18,2004,13.5
2003-06-20,2004,13.75
2003-06-23,2004,13.5
2003-06-24,2004,13.5
2003-06-25,2004,13.5
2003-06-26,2004,13.0
2003-06-27,2004,13.0
2003-06-30,2004,13.0
2003-07-01,2004,13.0
2003-07-02,2004,13.0
2003-07-03,2004,13.0
2003-07-04,2004,13.0
2003-07-07,2004,13.0
2003-07-08,2004,13.0
2003-07-09,2004,13.0
2003-07-10,2004,13.0
2003-07-11,2004,13.0
2003-07-14,2004,12.9
2003-07-15,2004,12.8
2003-07-16,2004,12.7
2003-07-17,2004,12.6
2003-07-18,2004,12.6
2003-07-21,2004,12.3
2003-07-22,2004,12.0
2003-07-23,2004,12.0
2003-07-24,2004,12.0
2003-07-25,2004,12.0
2003-07-28,2004,12.0
2003-07-29,2004,12.0
2003-07-30,2004,12.0
2003-07-31,2004,12.0
2003-08-01,2004,12.0
2003-08-04,2004,12.0
2003-08-05,2004,12.0
2003-08-06,2004,12.0
2003-08-07,2004,12.0
2003-08-08,2004,12.0
2003-08-11,2004,12.0
2003-08-12,2004,12.0
2003-08-13,2004,12.0
2003-08-14,2004,12.0
2003-08-15,2004,11.85
2003-08-18,2004,12.0
2003-08-19,2004,12.0
2003-08-20,2004,12.0
2003-08-21,2004,11.75
2003-08-22,2004,11.5
2003-08-25,2004,11.0
2003-08-26,2004,11.0
2003-08-27,2004,11.25
2003-08-28,2004,11.25
2003-08-29,2004,11.75
2003-09-01,2004,12.0
2003-09-02,2004,12.0
2003-09-03,2004,12.0
2003-09-04,2004,12.0
2003-09-05,2004,12.0
2003-09-08,2004,12.0
2003-09-09,2004,12.0
2003-09-10,2004,12.0
2003-09-11,2004,12.0
2003-09-12,2004,12.0
2003-09-15,2004,12.0
2003-09-16,2004,12.0
2003-09-17,2004,12.0
2003-09-18,2004,12.0
2003-09-19,2004,12.0
2003-09-22,2004,12.0
2003-09-23,2004,12.0
2003-09-24,2004,12.0
2003-09-25,2004,12.0
2003-09-26,2004,12.0
2003-09-29,2004,12.0
2003-09-30,2004,12.0
2003-10-01,2004,12.0
2003-10-02,2004,12.0
2003-10-03,2004,12.0
2003-10-06,2004,12.0
2003-10-07,2004,12.0
2003-10-08,2004,12.0
2003-10-09,2004,12.0
2003-10-10,2004,12.0
2003-10-13,2004,12.0
2003-10-14,2004,12.0
2003-10-15,2004,12.0
2003-10-16,2004,12.0
2003-10-17,2004,12.0
2003-10-20,2004,12.0
2003-10-21,2004,12.0
2003-10-22,2004,12.0
2003-10-23,2004,12.0
2003-10-24,2004,12.0
2003-10-28,2004,12.0
2003-10-29,2004,12.0
2003-10-30,2004,12.0
2003-10-31,2004,12.0
2003-11-03,2004,12.0
2003-11-04,2004,12.0
2003-11-05,2004,12.0
2003-11-06,2004,12.0
2003-11-07,2004,12.0
2003-11-10,2004,12.0
2003-11-11,2004,12.0
2003-11-12,2004,12.0
2003-11-13,2004,12.0
2003-11-14,2004,12.0
2003-11-17,2004,12.0
2003-11-18,2004,12.0
2003-11-19,2004,12.0
2003-11-20,2004,12.0
2003-11-21,2004,12.0
2003-11-24,2004,12.0
2003-11-25,2004,12.0
2003-11-26,2004,12.0
2003-11-27,2004,12.0
2003-11-28,2004,12.0
2003-12-01,2004,12.0
2003-12-02,2004,12.0
2003-12-03,2004,12.0
2003-12-04,2004,12.0
2003-12-05,2004,12.0
2003-12-08,2004,12.0
2003-12-09,2004,12.0
2003-12-10,2004,12.0
2003-12-11,2004,12.0
2003-12-12,2004,12.0
2003-12-15,2004,12.0
2003-12-16,2004,12.0
2003-12-17,2004,12.0
2003-12-18,2004,12.0
2003-12-19,2004,12.0
2003-12-22,2004,12.0
2003-12-23,2004,12.0
2003-12-26,2004,12.0
2003-12-29,2004,12.0
2003-12-30,2004,12.0
2004-01-02,2004,12.0
2004-01-05,2004,12.0
2004-01-06,2004,12.0
2004-01-07,2004,12.0
2004-01-08,2004,12.0
2004-01-09,2004,12.0
2004-01-12,2004,12.0
2004-01-14,2004,12.0
2004-01-15,2004,12.0
2004-01-16,2004,12.0
2004-01-19,2004,12.0
2004-01-20,2004,12.0
2004-01-21,2004,12.0
2004-01-22,2004,12.0
2004-01-23,2004,12.0
2004-01-26,2004,12.0
2004-01-27,2004,12.0
2004-01-28,2004,12.0
2004-01-29,2004,12.0
2004-01-30,2004,12.0
2004-02-02,2004,12.0
2004-02-03,2004,12.0
2004-02-04,2004,12.0
2004-02-05,2004,12.0
2004-02-06,2004,12.0
2004-02-09,2004,12.0
2004-02-10,2004,12.0
2004-02-11,2004,12.0
2004-02-12,2004,12.0
2004-02-13,2004,12.05
2004-02-16,2004,12.1
2004-02-17,2004,12.3
2004-02-18,2004,12.3
2004-02-19,2004,12.1
2004-02-20,2004,12.5
2004-02-25,2004,12.5
2004-02-26,2004,12.3
2004-02-27,2004,12.1
2004-03-01,2004,12.5
2004-03-02,2004,12.5
2004-03-03,2004,12.1
2004-03-04,2004,12.0
2004-03-05,2004,12.1
2004-03-08,2004,12.1
2004-03-09,2004,12.1
2004-03-10,2004,12.3
2004-03-11,2004,12.5
2004-03-12,2004,12.5
2004-03-15,2004,12.3
2004-03-16,2004,12.3
2004-03-17,2004,12.3
2004-03-18,2004,12.1
2004-03-19,2004,12.1
2004-03-22,2004,12.1
2004-03-23,2004,12.7
2004-03-24,2004,12.95
2004-03-25,2004,12.95
2004-03-26,2004,12.95
2004-03-29,2004,12.5
2004-03-30,2004,12.7
2004-03-31,2004,12.7
2004-04-01,2004,12.9
2004-04-02,2004,13.0
2004-04-05,2004,12.9
2004-04-06,2004,12.95
2004-04-07,2004,13.0
2004-04-08,2004,13.0
2004-04-12,2004,13.0
2004-04-13,2004,13.0
2004-04-14,2004,13.0
2004-04-15,2004,13.0
2004-04-16,2004,13.0
2004-04-19,2004,13.0
2004-04-20,2004,13.0
2004-04-22,2004,13.0
2004-04-23,2004,13.0
2004-04-26,2004,13.0
2004-04-27,2004,13.0
2004-04-28,2004,13.0
2004-04-29,2004,13.0
2004-04-30,2004,12.6
2004-05-03,2004,12.6
2004-05-04,2004,12.4
2004-05-05,2004,12.3
2004-05-06,2004,12.4
2004-05-07,2004,12.35
2004-05-10,2004,12.3
2004-05-11,2004,12.3
2004-05-12,2004,12.1
2004-05-13,2004,12.0
2004-05-14,2004,12.0
2004-05-17,2004,12.0
2004-05-18,2004,12.0
2004-05-19,2004,12.0
2004-05-20,2004,12.0
2004-05-21,2004,12.0
2004-05-24,2004,12.0
2004-05-25,2004,12.0
2004-05-26,2004,12.0
2004-05-27,2004,12.0
2004-05-28,2004,12.0
2004-05-31,2004,12.0
2004-06-01,2004,12.0
2004-06-02,2004,11.09
2004-06-03,2004,11.09
2004-06-04,2004,11.0
2004-06-07,2004,11.0
2004-06-08,2004,11.0
2004-06-09,2004,11.0
2004-06-11,2004,11.0
2004-06-14,2004,11.0
2004-06-15,2004,11.0
2004-06-16,2004,11.0
2004-06-17,2004,10.56
2004-06-18,2004,10.62
2004-06-21,2004,10.5
2004-06-22,2004,10.5
2004-06-23,2004,10.56
2004-06-24,2004,10.5
2004-06-25,2004,10.5
2004-06-28,2004,10.5
2004-06-29,2004,10.5
2004-06-30,2004,10.26
2004-07-01,2004,10.01
2004-07-02,2004,10.0
2004-07-05,2004,10.26
2004-07-06,2004,10.01
2004-07-07,2004,10.0
2004-07-08,2004,10.0
2004-07-09,2004,10.0
2004-07-12,2004,10.0
2004-07-13,2004,10.0
2004-07-14,2004,10.0
2004-07-15,2004,10.0
2004-07-16,2004,10.0
2004-07-19,2004,10.0
2004-07-20,2004,10.0
2004-07-21,2004,10.0
2004-07-22,2004,10.0
2004-07-23,2004,10.0
2004-07-26,2004,10.0
2004-07-27,2004,10.0
2004-07-28,2004,10.0
2004-07-29,2004,10.0
2004-07-30,2004,10.0
2004-08-02,2004,10.0
2004-08-03,2004,10.0
2004-08-04,2004,10.0
2004-08-05,2004,10.0
2004-08-06,2004,10.0
2004-08-09,2004,10.0
2004-08-10,2004,10.0
2004-08-11,2004,10.0
2004-08-12,2004,10.0
2004-08-13,2004,10.0
2004-08-16,2004,10.0
2004-08-17,2004,10.0
2004-08-18,2004,10.0
2004-08-19,2004,10.0
2004-08-20,2004,10.0
2004-08-23,2004,10.0
2004-08-24,2004,10.0
2004-08-25,2004,10.0
2004-08-26,2004,10.0
2004-08-27,2004,10.0
2004-08-30,2004,10.0
2004-08-31,2004,10.0
2004-09-01,2004,10.0
2004-09-02,2004,10.0
2004-09-03,2004,10.0
2004-09-06,2004,10.0
2004-09-08,2004,10.0
2004-09-09,2004,10.0
2004-09-10,2004,10.04
2004-09-13,2004,10.0
2004-09-14,2004,10.0
2004-09-15,2004,10.0
2004-09-16,2004,10.0
2004-09-17,2004,10.0
2004-09-20,2004,10.0
2004-09-21,2004,10.0
2004-09-22,2004,10.02
2004-09-23,2004,10.5
2004-09-24,2004,11.0
2004-09-27,2004,12.75
2004-09-28,2004,14.0
2004-09-29,2004,14.5
2004-09-30,2004,14.9
2004-10-01,2004,14.95
2004-10-04,2004,15.0
2004-10-05,2004,15.0
2004-10-06,2004,15.0
2004-10-07,2004,15.0
2004-10-08,2004,15.0
2004-10-11,2004,15.0
2004-10-13,2004,15.0
2004-10-14,2004,15.0
2004-10-15,2004,15.0
2004-10-18,2004,15.0
2004-10-19,2004,15.0
2004-10-20,2004,15.0
2004-10-21,2004,15.0
2004-10-22,2004,15.0
2004-10-25,2004,15.0
2004-10-26,2004,15.0
2004-10-27,2004,15.0
2004-10-28,2004,15.0
2004-10-29,2004,15.0
2004-11-03,2004,15.0
2004-11-04,2004,15.0
2004-11-05,2004,15.0
2004-11-08,2004,15.0
2004-11-09,2004,15.0
2004-11-10,2004,15.5
2004-11-11,2004,15.5
2004-11-12,2004,15.5
2004-11-16,2004,15.5
2004-11-17,2004,15.5
2004-11-18,2004,15.5
2004-11-19,2004,15.65
2004-11-22,2004,15.5
2004-11-23,2004,15.5
2004-11-24,2004,15.5
2004-11-25,2004,15.9
2004-11-26,2004,15.8
2004-11-29,2004,16.0
2004-11-30,2004,16.0
2004-12-01,2004,16.0
2004-12-02,2004,16.0
2004-12-03,2004,16.0
2004-12-06,2004,16.0
2004-12-07,2004,16.0
2004-12-08,2004,16.0
2004-12-09,2004,16.0
2004-12-10,2004,16.0
2004-12-13,2004,16.0
2004-12-14,2004,16.0
2004-12-15,2004,16.0
2004-12-16,2004,16.0
2004-12-17,2004,16.0
2004-12-20,2004,16.2
2004-12-21,2004,16.2
2004-12-22,2004,16.2
2004-12-23,2004,16.1
2004-12-27,2004,16.05
2004-12-28,2004,16.05
2004-12-29,2004,16.1
2004-12-30,2004,16.2
2005-01-03,2004,16.2
2005-01-04,2004,16.2
2005-01-05,2004,16.27
2005-01-06,2004,16.2
2005-01-07,2004,16.34
2005-01-10,2004,16.4
2005-01-11,2004,16.56
2005-01-12,2004,16.56
2005-01-13,2004,16.62
2001-11-08,2005,22.5
2001-11-09,2005,22.5
2001-11-12,2005,20.0
2001-11-13,2005,20.0
2001-11-14,2005,22.5
2001-11-16,2005,22.5
2001-11-19,2005,22.5
2001-11-20,2005,22.5
2001-11-21,2005,20.0
2001-11-22,2005,19.5
2001-11-23,2005,19.0
2001-11-26,2005,19.0
2001-11-27,2005,18.5
2001-11-28,2005,18.5
2001-11-29,2005,19.0
2001-11-30,2005,19.5
2001-12-03,2005,19.5
2001-12-04,2005,19.5
2001-12-05,2005,19.5
2001-12-06,2005,20.0
2001-12-07,2005,20.0
2001-12-10,2005,20.0
2001-12-11,2005,19.0
2001-12-12,2005,19.0
2001-12-13,2005,19.0
2001-12-14,2005,19.0
2001-12-17,2005,19.0
2001-12-18,2005,20.0
2001-12-19,2005,20.0
2001-12-20,2005,20.0
2001-12-21,2005,19.0
2001-12-24,2005,20.0
2001-12-26,2005,20.0
2001-12-27,2005,20.0
2001-12-28,2005,19.0
2001-12-31,2005,19.0
2002-01-02,2005,19.0
2002-01-03,2005,19.0
2002-01-04,2005,19.0
2002-01-07,2005,19.0
2002-01-08,2005,19.0
2002-01-09,2005,19.0
2002-01-10,2005,19.0
2002-01-11,2005,19.5
2002-01-14,2005,19.5
2002-01-15,2005,19.5
2002-01-16,2005,19.5
2002-01-17,2005,19.0
2002-01-18,2005,19.0
2002-01-21,2005,19.0
2002-01-22,2005,19.0
2002-01-23,2005,19.0
2002-01-24,2005,19.5
2002-01-25,2005,19.5
2002-01-28,2005,19.5
2002-01-29,2005,20.0
2002-01-30,2005,20.0
2002-01-31,2005,19.0
2002-02-01,2005,19.0
2002-02-04,2005,18.5
2002-02-05,2005,18.5
2002-02-06,2005,18.5
2002-02-07,2005,18.0
2002-02-08,2005,18.5
2002-02-11,2005,18.0
2002-02-13,2005,18.0
2002-02-14,2005,18.35
2002-02-15,2005,18.35
2002-02-18,2005,18.35
2002-02-19,2005,18.5
2002-02-20,2005,18.5
2002-02-21,2005,18.5
2002-02-22,2005,18.5
2002-02-25,2005,19.0
2002-02-26,2005,19.0
2002-02-27,2005,19.0
2002-02-28,2005,19.0
2002-03-01,2005,19.5
2002-03-04,2005,19.5
2002-03-05,2005,19.5
2002-03-06,2005,19.5
2002-03-07,2005,19.5
2002-03-08,2005,19.5
2002-03-11,2005,19.0
2002-03-12,2005,19.0
2002-03-13,2005,19.0
2002-03-14,2005,18.5
2002-03-15,2005,18.0
2002-03-18,2005,18.0
2002-03-19,2005,18.0
2002-03-20,2005,18.0
2002-03-21,2005,18.0
2002-03-22,2005,18.0
2002-03-25,2005,17.5
2002-03-26,2005,18.0
2002-03-27,2005,18.0
2002-03-28,2005,18.0
2002-04-01,2005,18.0
2002-04-02,2005,18.0
2002-04-03,2005,18.0
2002-04-04,2005,18.0
2002-04-05,2005,18.0
2002-04-08,2005,18.0
2002-04-09,2005,18.0
2002-04-10,2005,18.0
2002-04-11,2005,18.0
2002-04-12,2005,18.0
2002-04-15,2005,18.0
2002-04-16,2005,18.0
2002-04-17,2005,18.0
2002-04-18,2005,18.0
2002-04-19,2005,18.0
2002-04-22,2005,18.5
2002-04-23,2005,18.0
2002-04-24,2005,18.0
2002-04-25,2005,18.0
2002-04-26,2005,18.0
2002-04-29,2005,18.0
2002-04-30,2005,18.5
2002-05-02,2005,18.5
2002-05-03,2005,18.5
2002-05-06,2005,18.5
2002-05-07,2005,18.5
2002-05-08,2005,18.5
2002-05-09,2005,18.5
2002-05-10,2005,18.5
2002-05-13,2005,18.5
2002-05-14,2005,18.5
2002-05-15,2005,18.5
2002-05-16,2005,18.5
2002-05-17,2005,18.5
2002-05-20,2005,18.5
2002-05-21,2005,18.5
2002-05-22,2005,18.5
2002-05-23,2005,19.0
2002-05-24,2005,19.0
2002-05-27,2005,19.0
2002-05-28,2005,19.0
2002-05-29,2005,19.0
2002-05-31,2005,19.0
2002-06-03,2005,19.0
2002-06-04,2005,19.0
2002-06-05,2005,19.0
2002-06-06,2005,19.0
2002-06-07,2005,19.0
2002-06-10,2005,19.0
2002-06-11,2005,19.0
2002-06-12,2005,19.0
2002-06-13,2005,19.0
2002-06-14,2005,19.0
2002-06-17,2005,20.0
2002-06-18,2005,19.0
2002-06-19,2005,19.0
2002-06-20,2005,18.0
2002-06-21,2005,18.0
2002-06-24,2005,18.0
2002-06-25,2005,18.0
2002-06-26,2005,18.0
2002-06-27,2005,18.0
2002-06-28,2005,18.0
2002-07-01,2005,18.0
2002-07-02,2005,18.0
2002-07-03,2005,18.0
2002-07-04,2005,18.0
2002-07-05,2005,18.0
2002-07-08,2005,18.0
2002-07-09,2005,18.0
2002-07-10,2005,18.0
2002-07-11,2005,18.0
2002-07-12,2005,18.0
2002-07-15,2005,18.0
2002-07-16,2005,18.0
2002-07-17,2005,18.0
2002-07-18,2005,18.0
2002-07-19,2005,18.0
2002-07-22,2005,18.0
2002-07-23,2005,18.0
2002-07-24,2005,18.0
2002-07-25,2005,18.0
2002-07-26,2005,18.0
2002-07-29,2005,19.0
2002-07-30,2005,18.0
2002-07-31,2005,18.0
2002-08-01,2005,18.0
2002-08-02,2005,18.0
2002-08-05,2005,18.0
2002-08-06,2005,18.0
2002-08-07,2005,18.0
2002-08-08,2005,18.0
2002-08-09,2005,18.0
2002-08-12,2005,18.0
2002-08-13,2005,18.0
2002-08-14,2005,18.0
2002-08-15,2005,18.0
2002-08-16,2005,18.0
2002-08-19,2005,18.0
2002-08-20,2005,18.0
2002-08-21,2005,18.0
2002-08-22,2005,18.0
2002-08-23,2005,18.0
2002-08-26,2005,18.0
2002-08-27,2005,18.0
2002-08-28,2005,18.0
2002-08-29,2005,18.0
2002-08-30,2005,18.0
2002-09-02,2005,18.0
2002-09-03,2005,18.0
2002-09-04,2005,18.0
2002-09-05,2005,18.0
2002-09-06,2005,18.0
2002-09-09,2005,18.0
2002-09-10,2005,18.0
2002-09-11,2005,18.0
2002-09-12,2005,18.0
2002-09-13,2005,18.0
2002-09-16,2005,18.0
2002-09-17,2005,18.0
2002-09-18,2005,18.0
2002-09-19,2005,18.0
2002-09-20,2005,18.0
2002-09-23,2005,18.0
2002-09-24,2005,18.0
2002-09-25,2005,18.0
2002-09-26,2005,18.0
2002-09-27,2005,18.0
2002-09-30,2005,18.0
2002-10-01,2005,18.0
2002-10-02,2005,18.0
2002-10-03,2005,18.0
2002-10-04,2005,18.0
2002-10-07,2005,17.5
2002-10-08,2005,17.5
2002-10-09,2005,17.5
2002-10-10,2005,17.5
2002-10-11,2005,17.5
2002-10-14,2005,17.5
2002-10-15,2005,17.5
2002-10-16,2005,17.5
2002-10-17,2005,18.0
2002-10-18,2005,17.0
2002-10-21,2005,17.0
2002-10-22,2005,17.0
2002-10-23,2005,17.0
2002-10-24,2005,17.0
2002-10-25,2005,17.0
2002-10-28,2005,17.0
2002-10-29,2005,16.0
2002-10-30,2005,16.0
2002-10-31,2005,16.0
2002-11-01,2005,15.2
2002-11-04,2005,15.6
2002-11-05,2005,15.6
2002-11-06,2005,15.2
2002-11-07,2005,15.2
2002-11-08,2005,15.6
2002-11-11,2005,15.6
2002-11-12,2005,15.6
2002-11-13,2005,15.5
2002-11-14,2005,15.5
2002-11-18,2005,15.0
2002-11-19,2005,15.0
2002-11-20,2005,15.0
2002-11-21,2005,15.0
2002-11-22,2005,15.0
2002-11-25,2005,15.0
2002-11-26,2005,15.0
2002-11-27,2005,15.0
2002-11-28,2005,15.0
2002-11-29,2005,15.0
2002-12-02,2005,15.0
2002-12-03,2005,15.0
2002-12-04,2005,15.0
2002-12-05,2005,15.0
2002-12-06,2005,15.0
2002-12-09,2005,15.0
2002-12-10,2005,15.0
2002-12-11,2005,15.0
2002-12-12,2005,15.0
2002-12-13,2005,15.0
2002-12-16,2005,15.0
2002-12-17,2005,15.0
2002-12-18,2005,15.0
2002-12-19,2005,15.0
2002-12-20,2005,15.0
2002-12-23,2005,15.0
2002-12-24,2005,15.0
2002-12-26,2005,15.0
2002-12-27,2005,15.0
2002-12-30,2005,15.0
2002-12-31,2005,15.0
2003-01-02,2005,15.0
2003-01-03,2005,15.0
2003-01-06,2005,15.0
2003-01-07,2005,15.0
2003-01-08,2005,15.0
2003-01-09,2005,15.0
2003-01-10,2005,15.0
2003-01-13,2005,16.0
2003-01-14,2005,16.0
2003-01-15,2005,15.5
2003-01-16,2005,15.5
2003-01-17,2005,15.5
2003-01-20,2005,15.5
2003-01-21,2005,15.5
2003-01-22,2005,15.5
2003-01-23,2005,15.5
2003-01-24,2005,15.5
2003-01-27,2005,15.5
2003-01-28,2005,15.5
2003-01-29,2005,15.5
2003-01-30,2005,16.0
2003-01-31,2005,16.0
2003-02-03,2005,15.5
2003-02-04,2005,15.5
2003-02-05,2005,15.5
2003-02-06,2005,15.5
2003-02-07,2005,16.0
2003-02-10,2005,16.0
2003-02-11,2005,16.0
2003-02-12,2005,16.0
2003-02-13,2005,15.5
2003-02-14,2005,16.0
2003-02-17,2005,16.0
2003-02-18,2005,16.0
2003-02-19,2005,16.0
2003-02-20,2005,16.0
2003-02-21,2005,16.0
2003-02-24,2005,16.0
2003-02-25,2005,16.0
2003-02-26,2005,16.0
2003-02-27,2005,16.0
2003-02-28,2005,16.0
2003-03-05,2005,16.0
2003-03-06,2005,16.0
2003-03-07,2005,16.0
2003-03-10,2005,16.0
2003-03-11,2005,16.0
2003-03-12,2005,16.0
2003-03-13,2005,16.0
2003-03-14,2005,16.0
2003-03-17,2005,16.0
2003-03-18,2005,16.0
2003-03-19,2005,16.0
2003-03-20,2005,15.85
2003-03-21,2005,15.45
2003-03-24,2005,15.2
2003-03-25,2005,15.45
2003-03-26,2005,15.45
2003-03-27,2005,15.45
2003-03-28,2005,15.45
2003-03-31,2005,15.7
2003-04-01,2005,15.7
2003-04-02,2005,15.7
2003-04-03,2005,15.7
2003-04-04,2005,15.7
2003-04-07,2005,15.45
2003-04-08,2005,15.45
2003-04-09,2005,15.2
2003-04-10,2005,15.1
2003-04-11,2005,15.1
2003-04-14,2005,15.1
2003-04-15,2005,15.1
2003-04-16,2005,15.45
2003-04-17,2005,15.2
2003-04-22,2005,15.45
2003-04-23,2005,15.0
2003-04-24,2005,15.0
2003-04-25,2005,15.0
2003-04-28,2005,15.0
2003-04-29,2005,15.0
2003-04-30,2005,15.0
2003-05-02,2005,15.0
2003-05-05,2005,15.0
2003-05-06,2005,15.0
2003-05-07,2005,15.0
2003-05-08,2005,15.0
2003-05-09,2005,15.0
2003-05-12,2005,15.0
2003-05-13,2005,15.0
2003-05-14,2005,15.0
2003-05-15,2005,15.0
2003-05-16,2005,15.0
2003-05-19,2005,15.0
2003-05-20,2005,15.0
2003-05-21,2005,15.0
2003-05-22,2005,15.0
2003-05-23,2005,15.0
2003-05-26,2005,15.0
2003-05-27,2005,15.0
2003-05-28,2005,15.0
2003-05-29,2005,15.0
2003-05-30,2005,15.0
2003-06-02,2005,15.0
2003-06-03,2005,15.0
2003-06-04,2005,15.0
2003-06-05,2005,15.0
2003-06-06,2005,15.0
2003-06-09,2005,15.0
2003-06-10,2005,15.0
2003-06-11,2005,15.0
2003-06-12,2005,15.0
2003-06-13,2005,15.0
2003-06-16,2005,15.0
2003-06-17,2005,15.0
2003-06-18,2005,15.0
2003-06-20,2005,15.0
2003-06-23,2005,15.0
2003-06-24,2005,15.0
2003-06-25,2005,15.0
2003-06-26,2005,15.0
2003-06-27,2005,15.0
2003-06-30,2005,15.0
2003-07-01,2005,15.0
2003-07-02,2005,15.0
2003-07-03,2005,15.0
2003-07-04,2005,15.0
2003-07-07,2005,15.0
2003-07-08,2005,15.0
2003-07-09,2005,15.0
2003-07-10,2005,14.1
2003-07-11,2005,14.55
2003-07-14,2005,15.0
2003-07-15,2005,14.0
2003-07-16,2005,14.0
2003-07-17,2005,14.0
2003-07-18,2005,14.0
2003-07-21,2005,14.0
2003-07-22,2005,14.0
2003-07-23,2005,14.0
2003-07-24,2005,14.0
2003-07-25,2005,14.0
2003-07-28,2005,14.0
2003-07-29,2005,14.0
2003-07-30,2005,14.0
2003-07-31,2005,14.0
2003-08-01,2005,14.0
2003-08-04,2005,14.0
2003-08-05,2005,14.0
2003-08-06,2005,14.0
2003-08-07,2005,14.0
2003-08-08,2005,14.0
2003-08-11,2005,14.0
2003-08-12,2005,14.0
2003-08-13,2005,14.0
2003-08-14,2005,14.0
2003-08-15,2005,14.0
2003-08-18,2005,14.0
2003-08-19,2005,14.0
2003-08-20,2005,14.0
2003-08-21,2005,14.0
2003-08-22,2005,14.0
2003-08-25,2005,13.8
2003-08-26,2005,13.0
2003-08-27,2005,13.4
2003-08-28,2005,13.4
2003-08-29,2005,13.8
2003-09-01,2005,13.8
2003-09-02,2005,13.8
2003-09-03,2005,13.8
2003-09-04,2005,13.9
2003-09-05,2005,13.9
2003-09-08,2005,14.0
2003-09-09,2005,14.0
2003-09-10,2005,14.0
2003-09-11,2005,14.0
2003-09-12,2005,14.0
2003-09-15,2005,14.0
2003-09-16,2005,14.0
2003-09-17,2005,14.0
2003-09-18,2005,14.0
2003-09-19,2005,14.0
2003-09-22,2005,14.0
2003-09-23,2005,14.0
2003-09-24,2005,14.0
2003-09-25,2005,14.0
2003-09-26,2005,14.0
2003-09-29,2005,14.0
2003-09-30,2005,14.0
2003-10-01,2005,14.0
2003-10-02,2005,14.0
2003-10-03,2005,14.0
2003-10-06,2005,14.0
2003-10-07,2005,14.0
2003-10-08,2005,14.0
2003-10-09,2005,14.0
2003-10-10,2005,14.0
2003-10-13,2005,14.0
2003-10-14,2005,14.0
2003-10-15,2005,14.0
2003-10-16,2005,14.0
2003-10-17,2005,14.0
2003-10-20,2005,14.0
2003-10-21,2005,14.0
2003-10-22,2005,14.0
2003-10-23,2005,14.0
2003-10-24,2005,14.0
2003-10-28,2005,14.0
2003-10-29,2005,14.0
2003-10-30,2005,14.0
2003-10-31,2005,14.0
2003-11-03,2005,14.0
2003-11-04,2005,14.0
2003-11-05,2005,14.0
2003-11-06,2005,14.0
2003-11-07,2005,14.0
2003-11-10,2005,14.0
2003-11-11,2005,14.0
2003-11-12,2005,14.0
2003-11-13,2005,14.0
2003-11-14,2005,14.0
2003-11-17,2005,14.2
2003-11-18,2005,14.2
2003-11-19,2005,14.2
2003-11-20,2005,14.2
2003-11-21,2005,14.25
2003-11-24,2005,14.2
2003-11-25,2005,14.2
2003-11-26,2005,14.2
2003-11-27,2005,14.2
2003-11-28,2005,14.1
2003-12-01,2005,14.2
2003-12-02,2005,14.2
2003-12-03,2005,14.2
2003-12-04,2005,14.1
2003-12-05,2005,14.0
2003-12-08,2005,14.3
2003-12-09,2005,15.0
2003-12-10,2005,15.0
2003-12-11,2005,15.0
2003-12-12,2005,15.0
2003-12-15,2005,14.65
2003-12-16,2005,15.0
2003-12-17,2005,15.0
2003-12-18,2005,15.0
2003-12-19,2005,15.0
2003-12-22,2005,15.0
2003-12-23,2005,15.0
2003-12-26,2005,14.65
2003-12-29,2005,14.65
2003-12-30,2005,14.65
2004-01-02,2005,14.3
2004-01-05,2005,14.65
2004-01-06,2005,14.3
2004-01-07,2005,14.65
2004-01-08,2005,15.0
2004-01-09,2005,15.0
2004-01-12,2005,15.0
2004-01-14,2005,15.0
2004-01-15,2005,15.0
2004-01-16,2005,15.0
2004-01-19,2005,15.0
2004-01-20,2005,15.0
2004-01-21,2005,15.0
2004-01-22,2005,14.95
2004-01-23,2005,14.95
2004-01-26,2005,14.9
2004-01-27,2005,14.9
2004-01-28,2005,14.9
2004-01-29,2005,14.9
2004-01-30,2005,14.9
2004-02-02,2005,14.2
2004-02-03,2005,14.2
2004-02-04,2005,14.6
2004-02-05,2005,15.0
2004-02-06,2005,15.0
2004-02-09,2005,15.0
2004-02-10,2005,15.0
2004-02-11,2005,15.0
2004-02-12,2005,15.0
2004-02-13,2005,15.0
2004-02-16,2005,15.0
2004-02-17,2005,15.0
2004-02-18,2005,15.0
2004-02-19,2005,15.0
2004-02-20,2005,15.0
2004-02-25,2005,15.0
2004-02-26,2005,15.0
2004-02-27,2005,15.0
2004-03-01,2005,15.0
2004-03-02,2005,15.0
2004-03-03,2005,15.0
2004-03-04,2005,15.0
2004-03-05,2005,15.0
2004-03-08,2005,15.0
2004-03-09,2005,15.0
2004-03-10,2005,15.0
2004-03-11,2005,15.0
2004-03-12,2005,15.0
2004-03-15,2005,15.0
2004-03-16,2005,15.0
2004-03-17,2005,15.0
2004-03-18,2005,15.0
2004-03-19,2005,15.0
2004-03-22,2005,15.0
2004-03-23,2005,15.0
2004-03-24,2005,15.0
2004-03-25,2005,15.0
2004-03-26,2005,15.0
2004-03-29,2005,15.0
2004-03-30,2005,15.0
2004-03-31,2005,15.0
2004-04-01,2005,15.0
2004-04-02,2005,15.0
2004-04-05,2005,15.0
2004-04-06,2005,15.0
2004-04-07,2005,15.0
2004-04-08,2005,15.0
2004-04-12,2005,15.0
2004-04-13,2005,15.0
2004-04-14,2005,15.0
2004-04-15,2005,15.0
2004-04-16,2005,15.0
2004-04-19,2005,15.0
2004-04-20,2005,15.0
2004-04-22,2005,15.0
2004-04-23,2005,15.0
2004-04-26,2005,15.0
2004-04-27,2005,15.0
2004-04-28,2005,15.0
2004-04-29,2005,15.0
2004-04-30,2005,15.0
2004-05-03,2005,15.0
2004-05-04,2005,15.0
2004-05-05,2005,15.0
2004-05-06,2005,14.75
2004-05-07,2005,14.5
2004-05-10,2005,14.5
2004-05-11,2005,14.5
2004-05-12,2005,14.25
2004-05-13,2005,14.25
2004-05-14,2005,14.25
2004-05-17,2005,14.5
2004-05-18,2005,14.5
2004-05-19,2005,14.0
2004-05-20,2005,14.0
2004-05-21,2005,13.0
2004-05-24,2005,13.0
2004-05-25,2005,13.0
2004-05-26,2005,13.0
2004-05-27,2005,13.0
2004-05-28,2005,13.0
2004-05-31,2005,13.0
2004-06-01,2005,13.0
2004-06-02,2005,13.0
2004-06-03,2005,13.0
2004-06-04,2005,13.0
2004-06-07,2005,13.0
2004-06-08,2005,13.0
2004-06-09,2005,13.0
2004-06-11,2005,13.0
2004-06-14,2005,13.0
2004-06-15,2005,13.0
2004-06-16,2005,13.0
2004-06-17,2005,13.0
2004-06-18,2005,13.0
2004-06-21,2005,13.0
2004-06-22,2005,13.0
2004-06-23,2005,13.0
2004-06-24,2005,13.0
2004-06-25,2005,13.0
2004-06-28,2005,13.0
2004-06-29,2005,13.0
2004-06-30,2005,13.0
2004-07-01,2005,13.0
2004-07-02,2005,13.0
2004-07-05,2005,13.0
2004-07-06,2005,13.0
2004-07-07,2005,13.0
2004-07-08,2005,13.0
2004-07-09,2005,13.0
2004-07-12,2005,13.0
2004-07-13,2005,13.0
2004-07-14,2005,13.0
2004-07-15,2005,13.0
2004-07-16,2005,12.95
2004-07-19,2005,12.95
2004-07-20,2005,12.95
2004-07-21,2005,12.9
2004-07-22,2005,12.9
2004-07-23,2005,12.9
2004-07-26,2005,12.9
2004-07-27,2005,12.9
2004-07-28,2005,12.9
2004-07-29,2005,12.9
2004-07-30,2005,12.95
2004-08-02,2005,13.0
2004-08-03,2005,12.95
2004-08-04,2005,12.95
2004-08-05,2005,12.9
2004-08-06,2005,13.0
2004-08-09,2005,12.95
2004-08-10,2005,12.95
2004-08-11,2005,13.0
2004-08-12,2005,12.95
2004-08-13,2005,13.0
2004-08-16,2005,12.95
2004-08-17,2005,12.95
2004-08-18,2005,12.95
2004-08-19,2005,12.45
2004-08-20,2005,12.45
2004-08-23,2005,12.45
2004-08-24,2005,12.45
2004-08-25,2005,12.45
2004-08-26,2005,12.45
2004-08-27,2005,12.45
2004-08-30,2005,12.9
2004-08-31,2005,12.95
2004-09-01,2005,12.95
2004-09-02,2005,12.95
2004-09-03,2005,13.0
2004-09-06,2005,13.0
2004-09-08,2005,13.0
2004-09-09,2005,13.0
2004-09-10,2005,13.0
2004-09-13,2005,13.0
2004-09-14,2005,13.0
2004-09-15,2005,13.0
2004-09-16,2005,13.0
2004-09-17,2005,12.95
2004-09-20,2005,12.45
2004-09-21,2005,12.45
2004-09-22,2005,13.0
2004-09-23,2005,13.0
2004-09-24,2005,13.0
2004-09-27,2005,13.0
2004-09-28,2005,13.0
2004-09-29,2005,13.0
2004-09-30,2005,13.0
2004-10-01,2005,13.0
2004-10-04,2005,13.0
2004-10-05,2005,13.0
2004-10-06,2005,13.0
2004-10-07,2005,13.0
2004-10-08,2005,13.0
2004-10-11,2005,13.0
2004-10-13,2005,13.0
2004-10-14,2005,13.0
2004-10-15,2005,13.0
2004-10-18,2005,13.0
2004-10-19,2005,13.0
2004-10-20,2005,13.0
2004-10-21,2005,13.0
2004-10-22,2005,13.0
2004-10-25,2005,13.0
2004-10-26,2005,13.0
2004-10-27,2005,13.0
2004-10-28,2005,13.0
2004-10-29,2005,13.0
2004-11-03,2005,13.0
2004-11-04,2005,13.0
2004-11-05,2005,13.0
2004-11-08,2005,12.95
2004-11-09,2005,12.9
2004-11-10,2005,13.0
2004-11-11,2005,13.0
2004-11-12,2005,13.0
2004-11-16,2005,13.0
2004-11-17,2005,13.0
2004-11-18,2005,13.0
2004-11-19,2005,13.0
2004-11-22,2005,13.0
2004-11-23,2005,13.0
2004-11-24,2005,13.0
2004-11-25,2005,13.0
2004-11-26,2005,13.0
2004-11-29,2005,13.0
2004-11-30,2005,13.0
2004-12-01,2005,13.0
2004-12-02,2005,13.0
2004-12-03,2005,13.0
2004-12-06,2005,13.0
2004-12-07,2005,13.0
2004-12-08,2005,13.0
2004-12-09,2005,13.0
2004-12-10,2005,13.0
2004-12-13,2005,13.0
2004-12-14,2005,13.0
2004-12-15,2005,13.0
2004-12-16,2005,13.0
2004-12-17,2005,13.0
2004-12-20,2005,13.0
2004-12-21,2005,13.0
2004-12-22,2005,13.0
2004-12-23,2005,13.0
2004-12-27,2005,13.0
2004-12-28,2005,13.0
2004-12-29,2005,13.0
2004-12-30,2005,13.0
2005-01-03,2005,13.0
2005-01-04,2005,13.0
2005-01-05,2005,13.0
2005-01-06,2005,13.0
2005-01-07,2005,13.0
2005-01-10,2005,13.0
2005-01-11,2005,13.0
2005-01-12,2005,13.0
2005-01-13,2005,13.0
2005-01-14,2005,13.0
2005-01-17,2005,13.0
2005-01-18,2005,13.0
2005-01-19,2005,13.0
2005-01-20,2005,13.25
2005-01-21,2005,13.0
2005-01-24,2005,13.0
2005-01-25,2005,13.0
2005-01-26,2005,13.0
2005-01-27,2005,13.0
2005-01-28,2005,13.0
2005-01-31,2005,13.25
2005-02-01,2005,13.25
2005-02-02,2005,13.75
2005-02-03,2005,14.0
2005-02-04,2005,14.0
2005-02-09,2005,13.75
2005-02-10,2005,14.0
2005-02-11,2005,14.0
2005-02-14,2005,14.0
2005-02-15,2005,14.0
2005-02-16,2005,14.0
2005-02-17,2005,14.0
2005-02-18,2005,14.0
2005-02-21,2005,14.0
2005-02-22,2005,14.0
2005-02-23,2005,14.0
2005-02-24,2005,14.0
2005-02-25,2005,14.0
2005-02-28,2005,14.0
2005-03-01,2005,14.0
2005-03-02,2005,14.0
2005-03-03,2005,14.0
2005-03-04,2005,14.0
2005-03-07,2005,14.0
2005-03-08,2005,14.0
2005-03-09,2005,14.0
2005-03-10,2005,14.0
2005-03-11,2005,14.0
2005-03-14,2005,14.0
2005-03-15,2005,14.0
2005-03-16,2005,14.0
2005-03-17,2005,14.0
2005-03-18,2005,14.0
2005-03-21,2005,14.0
2005-03-22,2005,14.0
2005-03-23,2005,14.0
2005-03-24,2005,14.0
2005-03-28,2005,14.0
2005-03-29,2005,14.0
2005-03-30,2005,14.0
2005-03-31,2005,14.0
2005-04-01,2005,14.0
2005-04-04,2005,14.0
2005-04-05,2005,14.0
2005-04-06,2005,14.0
2005-04-07,2005,14.0
2005-04-08,2005,14.0
2005-04-11,2005,14.0
2005-04-12,2005,14.0
2005-04-13,2005,14.0
2005-04-14,2005,14.35
2005-04-15,2005,14.45
2005-04-18,2005,14.4
2005-04-19,2005,14.5
2005-04-20,2005,14.5
2005-04-22,2005,14.5
2005-04-25,2005,14.5
2005-04-26,2005,14.5
2005-04-27,2005,14.5
2005-04-28,2005,14.5
2005-04-29,2005,14.5
2005-05-02,2005,14.5
2005-05-03,2005,14.5
2005-05-04,2005,14.5
2005-05-05,2005,14.6
2005-05-06,2005,15.0
2005-05-09,2005,14.6
2005-05-10,2005,14.6
2005-05-11,2005,15.0
2005-05-12,2005,14.8
2005-05-13,2005,15.0
2005-05-16,2005,15.0
2005-05-17,2005,15.0
2005-05-18,2005,15.0
2005-05-19,2005,15.0
2005-05-20,2005,15.0
2005-05-23,2005,15.0
2005-05-24,2005,15.0
2005-05-25,2005,15.0
2005-05-27,2005,15.0
2005-05-30,2005,15.0
2005-05-31,2005,15.0
2005-06-01,2005,15.0
2005-06-02,2005,15.0
2005-06-03,2005,15.0
2005-06-06,2005,15.0
2005-06-07,2005,15.0
2005-06-08,2005,15.0
2005-06-09,2005,15.0
2005-06-10,2005,15.0
2005-06-13,2005,15.0
2005-06-14,2005,15.0
2005-06-15,2005,15.0
2005-06-16,2005,15.0
2005-06-17,2005,15.0
2005-06-20,2005,15.0
2005-06-21,2005,15.0
2005-06-22,2005,15.0
2005-06-23,2005,15.0
2005-06-24,2005,15.0
2005-06-27,2005,15.0
2005-06-28,2005,15.0
2005-06-29,2005,15.0
2005-06-30,2005,15.0
2005-07-01,2005,15.0
2005-07-04,2005,15.0
2005-07-05,2005,15.0
2005-07-06,2005,15.0
2005-07-07,2005,15.0
2005-07-08,2005,15.0
2005-07-11,2005,15.0
2005-07-12,2005,15.0
2005-07-13,2005,15.0
2005-07-14,2005,15.0
2005-07-15,2005,15.0
2005-07-18,2005,15.0
2005-07-19,2005,15.0
2005-07-20,2005,15.0
2005-07-21,2005,15.0
2005-07-22,2005,15.0
2005-07-25,2005,15.0
2005-07-26,2005,15.0
2005-07-27,2005,15.0
2005-07-28,2005,15.0
2005-07-29,2005,15.4
2005-08-01,2005,15.4
2005-08-02,2005,15.4
2005-08-03,2005,15.5
2005-08-04,2005,15.45
2005-08-05,2005,15.45
2005-08-08,2005,15.5
2005-08-09,2005,15.5
2005-08-10,2005,15.5
2005-08-11,2005,15.5
2005-08-12,2005,15.5
2005-08-15,2005,15.5
2005-08-16,2005,15.5
2005-08-17,2005,15.5
2005-08-18,2005,15.5
2005-08-19,2005,15.5
2005-08-22,2005,15.75
2005-08-23,2005,15.75
2005-08-24,2005,15.5
2005-08-25,2005,15.5
2005-08-26,2005,15.5
2005-08-29,2005,15.75
2005-08-30,2005,15.5
2005-08-31,2005,15.75
2005-09-01,2005,15.75
2005-09-02,2005,16.0
2005-09-05,2005,16.0
2005-09-06,2005,16.0
2005-09-08,2005,16.0
2005-09-09,2005,16.0
2005-09-12,2005,16.0
2005-09-13,2005,16.0
2005-09-14,2005,16.0
2005-09-15,2005,16.0
2005-09-16,2005,16.0
2005-09-19,2005,16.0
2005-09-20,2005,16.0
2005-09-21,2005,16.0
2005-09-22,2005,16.0
2005-09-23,2005,16.0
2005-09-26,2005,16.0
2005-09-27,2005,16.0
2005-09-28,2005,16.0
2005-09-29,2005,16.0
2005-09-30,2005,16.0
2005-10-03,2005,16.0
2005-10-04,2005,16.0
2005-10-05,2005,16.0
2005-10-06,2005,16.0
2005-10-07,2005,16.0
2005-10-10,2005,16.0
2005-10-11,2005,16.0
2005-10-13,2005,16.0
2005-10-14,2005,16.0
2005-10-17,2005,16.0
2005-10-18,2005,16.0
2005-10-19,2005,16.0
2005-10-20,2005,16.0
2005-10-21,2005,16.0
2005-10-24,2005,16.0
2005-10-25,2005,16.0
2005-10-26,2005,16.0
2005-10-27,2005,16.0
2005-10-28,2005,16.0
2005-10-31,2005,16.0
2005-11-01,2005,16.0
2005-11-03,2005,16.0
2005-11-04,2005,16.0
2005-11-07,2005,16.0
2005-11-08,2005,16.0
2005-11-09,2005,16.0
2005-11-10,2005,16.0
2005-11-11,2005,16.0
2005-11-14,2005,16.0
2005-11-16,2005,16.0
2005-11-17,2005,16.0
2005-11-18,2005,16.0
2005-11-21,2005,16.0
2005-11-22,2005,16.0
2005-11-23,2005,16.0
2005-11-24,2005,16.0
2005-11-25,2005,16.0
2005-11-28,2005,16.0
2005-11-29,2005,16.0
2005-11-30,2005,16.0
2005-12-01,2005,16.0
2005-12-02,2005,16.0
2005-12-05,2005,16.0
2005-12-06,2005,16.0
2005-12-07,2005,15.5
2005-12-08,2005,15.5
2005-12-09,2005,15.5
2005-12-12,2005,15.75
2005-12-13,2005,16.0
2005-12-14,2005,16.0
2005-12-15,2005,16.0
2005-12-16,2005,16.0
2005-12-19,2005,15.5
2005-12-20,2005,15.5
2005-12-21,2005,15.5
2005-12-22,2005,15.5
2005-12-23,2005,15.5
2005-12-26,2005,15.5
2005-12-27,2005,15.5
2005-12-28,2005,15.5
2005-12-29,2005,15.5
2005-12-30,2005,15.5
2006-01-02,2005,15.5
2006-01-03,2005,15.5
2006-01-04,2005,15.5
2006-01-05,2005,15.4
2006-01-06,2005,15.3
2006-01-09,2005,15.3
2006-01-10,2005,15.5
2006-01-11,2005,15.4
2006-01-12,2005,15.3
2006-01-13,2005,15.3
2006-01-16,2005,15.3
2006-01-17,2005,15.3
2006-01-18,2005,15.3
2002-02-04,2006,22.0
2002-02-05,2006,22.0
2002-02-06,2006,22.0
2002-02-07,2006,22.0
2002-02-08,2006,23.0
2002-02-11,2006,23.0
2002-02-13,2006,23.0
2002-02-14,2006,21.0
2002-02-15,2006,21.5
2002-02-18,2006,21.5
2002-02-19,2006,22.0
2002-02-20,2006,22.0
2002-02-21,2006,22.0
2002-02-22,2006,22.0
2002-02-25,2006,22.0
2002-02-26,2006,21.5
2002-02-27,2006,21.0
2002-02-28,2006,21.0
2002-03-01,2006,21.0
2002-03-04,2006,21.0
2002-03-05,2006,21.0
2002-03-06,2006,21.0
2002-03-07,2006,21.0
2002-03-08,2006,21.0
2002-03-11,2006,19.5
2002-03-12,2006,19.5
2002-03-13,2006,19.5
2002-03-14,2006,18.0
2002-03-15,2006,18.0
2002-03-18,2006,17.0
2002-03-19,2006,17.0
2002-03-20,2006,17.0
2002-03-21,2006,18.0
2002-03-22,2006,18.0
2002-03-25,2006,18.0
2002-03-26,2006,18.0
2002-03-27,2006,18.0
2002-03-28,2006,18.0
2002-04-01,2006,18.0
2002-04-02,2006,18.0
2002-04-03,2006,18.0
2002-04-04,2006,18.0
2002-04-05,2006,18.0
2002-04-08,2006,18.0
2002-04-09,2006,18.0
2002-04-10,2006,18.0
2002-04-11,2006,18.0
2002-04-12,2006,19.0
2002-04-15,2006,19.0
2002-04-16,2006,19.0
2002-04-17,2006,19.0
2002-04-18,2006,19.0
2002-04-19,2006,19.0
2002-04-22,2006,19.0
2002-04-23,2006,19.0
2002-04-24,2006,19.0
2002-04-25,2006,19.0
2002-04-26,2006,18.0
2002-04-29,2006,18.0
2002-04-30,2006,19.0
2002-05-02,2006,19.0
2002-05-03,2006,19.0
2002-05-06,2006,19.0
2002-05-07,2006,19.0
2002-05-08,2006,19.0
2002-05-09,2006,19.0
2002-05-10,2006,19.0
2002-05-13,2006,19.0
2002-05-14,2006,19.0
2002-05-15,2006,19.0
2002-05-16,2006,19.0
2002-05-17,2006,19.0
2002-05-20,2006,19.0
2002-05-21,2006,19.0
2002-05-22,2006,19.0
2002-05-23,2006,19.0
2002-05-24,2006,19.0
2002-05-27,2006,19.0
2002-05-28,2006,19.0
2002-05-29,2006,18.75
2002-05-31,2006,18.75
2002-06-03,2006,18.75
2002-06-04,2006,18.75
2002-06-05,2006,18.75
2002-06-06,2006,18.75
2002-06-07,2006,18.75
2002-06-10,2006,18.75
2002-06-11,2006,18.75
2002-06-12,2006,18.75
2002-06-13,2006,18.75
2002-06-14,2006,18.75
2002-06-17,2006,19.5
2002-06-18,2006,18.75
2002-06-19,2006,18.75
2002-06-20,2006,18.0
2002-06-21,2006,18.0
2002-06-24,2006,18.0
2002-06-25,2006,18.0
2002-06-26,2006,18.0
2002-06-27,2006,18.0
2002-06-28,2006,18.0
2002-07-01,2006,18.0
2002-07-02,2006,18.0
2002-07-03,2006,18.0
2002-07-04,2006,18.0
2002-07-05,2006,18.0
2002-07-08,2006,18.0
2002-07-09,2006,18.0
2002-07-10,2006,18.0
2002-07-11,2006,18.0
2002-07-12,2006,18.0
2002-07-15,2006,18.0
2002-07-16,2006,18.0
2002-07-17,2006,18.0
2002-07-18,2006,18.0
2002-07-19,2006,18.0
2002-07-22,2006,18.75
2002-07-23,2006,18.75
2002-07-24,2006,18.75
2002-07-25,2006,18.75
2002-07-26,2006,18.75
2002-07-29,2006,19.5
2002-07-30,2006,18.75
2002-07-31,2006,18.75
2002-08-01,2006,18.75
2002-08-02,2006,18.0
2002-08-05,2006,18.0
2002-08-06,2006,18.0
2002-08-07,2006,18.0
2002-08-08,2006,18.0
2002-08-09,2006,18.0
2002-08-12,2006,18.0
2002-08-13,2006,18.0
2002-08-14,2006,18.0
2002-08-15,2006,18.0
2002-08-16,2006,18.0
2002-08-19,2006,19.0
2002-08-20,2006,19.0
2002-08-21,2006,18.0
2002-08-22,2006,18.0
2002-08-23,2006,18.0
2002-08-26,2006,18.0
2002-08-27,2006,18.0
2002-08-28,2006,18.0
2002-08-29,2006,18.0
2002-08-30,2006,17.2
2002-09-02,2006,17.2
2002-09-03,2006,17.2
2002-09-04,2006,18.0
2002-09-05,2006,18.0
2002-09-06,2006,18.0
2002-09-09,2006,18.0
2002-09-10,2006,18.0
2002-09-11,2006,18.0
2002-09-12,2006,18.0
2002-09-13,2006,18.0
2002-09-16,2006,18.0
2002-09-17,2006,18.0
2002-09-18,2006,18.0
2002-09-19,2006,19.0
2002-09-20,2006,19.0
2002-09-23,2006,20.0
2002-09-24,2006,20.0
2002-09-25,2006,20.0
2002-09-26,2006,18.0
2002-09-27,2006,18.0
2002-09-30,2006,18.0
2002-10-01,2006,18.0
2002-10-02,2006,18.0
2002-10-03,2006,18.0
2002-10-04,2006,18.0
2002-10-07,2006,18.0
2002-10-08,2006,18.0
2002-10-09,2006,18.0
2002-10-10,2006,18.0
2002-10-11,2006,18.0
2002-10-14,2006,18.0
2002-10-15,2006,18.0
2002-10-16,2006,18.0
2002-10-17,2006,19.0
2002-10-18,2006,18.0
2002-10-21,2006,18.0
2002-10-22,2006,18.0
2002-10-23,2006,18.0
2002-10-24,2006,18.0
2002-10-25,2006,18.0
2002-10-28,2006,18.0
2002-10-29,2006,17.5
2002-10-30,2006,17.5
2002-10-31,2006,17.5
2002-11-01,2006,16.0
2002-11-04,2006,16.5
2002-11-05,2006,16.5
2002-11-06,2006,17.0
2002-11-07,2006,17.0
2002-11-08,2006,17.5
2002-11-11,2006,17.5
2002-11-12,2006,17.5
2002-11-13,2006,17.5
2002-11-14,2006,17.5
2002-11-18,2006,17.0
2002-11-19,2006,17.0
2002-11-20,2006,17.0
2002-11-21,2006,17.0
2002-11-22,2006,17.0
2002-11-25,2006,17.0
2002-11-26,2006,17.0
2002-11-27,2006,17.0
2002-11-28,2006,16.0
2002-11-29,2006,16.0
2002-12-02,2006,16.0
2002-12-03,2006,16.0
2002-12-04,2006,16.0
2002-12-05,2006,16.0
2002-12-06,2006,15.55
2002-12-09,2006,15.1
2002-12-10,2006,15.1
2002-12-11,2006,15.1
2002-12-12,2006,15.1
2002-12-13,2006,15.1
2002-12-16,2006,15.1
2002-12-17,2006,15.1
2002-12-18,2006,15.1
2002-12-19,2006,15.55
2002-12-20,2006,16.0
2002-12-23,2006,16.0
2002-12-24,2006,16.0
2002-12-26,2006,16.0
2002-12-27,2006,16.0
2002-12-30,2006,16.0
2002-12-31,2006,16.0
2003-01-02,2006,16.0
2003-01-03,2006,16.0
2003-01-06,2006,15.55
2003-01-07,2006,16.0
2003-01-08,2006,16.0
2003-01-09,2006,16.0
2003-01-10,2006,17.0
2003-01-13,2006,18.0
2003-01-14,2006,18.0
2003-01-15,2006,15.55
2003-01-16,2006,15.55
2003-01-17,2006,15.55
2003-01-20,2006,15.55
2003-01-21,2006,15.55
2003-01-22,2006,15.55
2003-01-23,2006,15.55
2003-01-24,2006,15.55
2003-01-27,2006,15.55
2003-01-28,2006,15.55
2003-01-29,2006,15.55
2003-01-30,2006,15.55
2003-01-31,2006,15.55
2003-02-03,2006,15.1
2003-02-04,2006,15.1
2003-02-05,2006,15.1
2003-02-06,2006,15.1
2003-02-07,2006,15.05
2003-02-10,2006,15.05
2003-02-11,2006,15.05
2003-02-12,2006,15.05
2003-02-13,2006,15.05
2003-02-14,2006,15.1
2003-02-17,2006,15.95
2003-02-18,2006,15.95
2003-02-19,2006,15.95
2003-02-20,2006,15.9
2003-02-21,2006,15.45
2003-02-24,2006,15.0
2003-02-25,2006,15.0
2003-02-26,2006,15.0
2003-02-27,2006,15.0
2003-02-28,2006,15.0
2003-03-05,2006,15.0
2003-03-06,2006,15.45
2003-03-07,2006,15.45
2003-03-10,2006,15.0
2003-03-11,2006,15.9
2003-03-12,2006,15.9
2003-03-13,2006,15.9
2003-03-14,2006,15.9
2003-03-17,2006,15.9
2003-03-18,2006,15.9
2003-03-19,2006,15.9
2003-03-20,2006,15.9
2003-03-21,2006,15.0
2003-03-24,2006,15.0
2003-03-25,2006,15.0
2003-03-26,2006,15.0
2003-03-27,2006,15.0
2003-03-28,2006,15.0
2003-03-31,2006,15.45
2003-04-01,2006,15.45
2003-04-02,2006,15.45
2003-04-03,2006,15.45
2003-04-04,2006,15.45
2003-04-07,2006,15.45
2003-04-08,2006,15.45
2003-04-09,2006,15.45
2003-04-10,2006,15.9
2003-04-11,2006,15.9
2003-04-14,2006,15.9
2003-04-15,2006,15.9
2003-04-16,2006,15.95
2003-04-17,2006,15.95
2003-04-22,2006,16.0
2003-04-23,2006,15.9
2003-04-24,2006,15.9
2003-04-25,2006,15.1
2003-04-28,2006,15.0
2003-04-29,2006,15.0
2003-04-30,2006,15.0
2003-05-02,2006,15.0
2003-05-05,2006,15.0
2003-05-06,2006,15.0
2003-05-07,2006,15.05
2003-05-08,2006,15.05
2003-05-09,2006,15.05
2003-05-12,2006,15.0
2003-05-13,2006,15.05
2003-05-14,2006,15.1
2003-05-15,2006,15.1
2003-05-16,2006,15.1
2003-05-19,2006,15.1
2003-05-20,2006,15.1
2003-05-21,2006,15.1
2003-05-22,2006,15.1
2003-05-23,2006,15.1
2003-05-26,2006,15.1
2003-05-27,2006,15.1
2003-05-28,2006,15.1
2003-05-29,2006,15.1
2003-05-30,2006,15.1
2003-06-02,2006,15.1
2003-06-03,2006,15.0
2003-06-04,2006,15.0
2003-06-05,2006,15.0
2003-06-06,2006,15.0
2003-06-09,2006,15.0
2003-06-10,2006,15.0
2003-06-11,2006,15.0
2003-06-12,2006,15.0
2003-06-13,2006,15.0
2003-06-16,2006,15.0
2003-06-17,2006,15.0
2003-06-18,2006,15.0
2003-06-20,2006,15.0
2003-06-23,2006,15.0
2003-06-24,2006,15.06
2003-06-25,2006,15.06
2003-06-26,2006,15.0
2003-06-27,2006,15.0
2003-06-30,2006,15.06
2003-07-01,2006,15.06
2003-07-02,2006,15.31
2003-07-03,2006,15.31
2003-07-04,2006,15.0
2003-07-07,2006,15.0
2003-07-08,2006,15.0
2003-07-09,2006,15.0
2003-07-10,2006,15.0
2003-07-11,2006,15.0
2003-07-14,2006,15.0
2003-07-15,2006,15.0
2003-07-16,2006,15.0
2003-07-17,2006,15.0
2003-07-18,2006,15.0
2003-07-21,2006,15.0
2003-07-22,2006,15.0
2003-07-23,2006,15.0
2003-07-24,2006,15.0
2003-07-25,2006,15.0
2003-07-28,2006,15.0
2003-07-29,2006,15.0
2003-07-30,2006,15.0
2003-07-31,2006,15.0
2003-08-01,2006,15.0
2003-08-04,2006,15.0
2003-08-05,2006,15.0
2003-08-06,2006,15.0
2003-08-07,2006,15.0
2003-08-08,2006,15.0
2003-08-11,2006,15.0
2003-08-12,2006,15.0
2003-08-13,2006,15.0
2003-08-14,2006,15.0
2003-08-15,2006,15.0
2003-08-18,2006,15.0
2003-08-19,2006,15.0
2003-08-20,2006,15.0
2003-08-21,2006,15.0
2003-08-22,2006,15.0
2003-08-25,2006,15.0
2003-08-26,2006,15.0
2003-08-27,2006,15.0
2003-08-28,2006,15.0
2003-08-29,2006,15.0
2003-09-01,2006,15.0
2003-09-02,2006,15.0
2003-09-03,2006,15.0
2003-09-04,2006,15.0
2003-09-05,2006,15.0
2003-09-08,2006,15.0
2003-09-09,2006,15.0
2003-09-10,2006,15.0
2003-09-11,2006,15.0
2003-09-12,2006,15.0
2003-09-15,2006,15.0
2003-09-16,2006,15.0
2003-09-17,2006,15.0
2003-09-18,2006,15.0
2003-09-19,2006,15.0
2003-09-22,2006,15.0
2003-09-23,2006,15.0
2003-09-24,2006,15.0
2003-09-25,2006,15.0
2003-09-26,2006,15.0
2003-09-29,2006,15.0
2003-09-30,2006,15.0
2003-10-01,2006,15.0
2003-10-02,2006,15.0
2003-10-03,2006,15.0
2003-10-06,2006,15.0
2003-10-07,2006,15.0
2003-10-08,2006,15.0
2003-10-09,2006,15.0
2003-10-10,2006,15.0
2003-10-13,2006,15.0
2003-10-14,2006,15.0
2003-10-15,2006,15.0
2003-10-16,2006,15.0
2003-10-17,2006,15.0
2003-10-20,2006,15.0
2003-10-21,2006,15.0
2003-10-22,2006,15.0
2003-10-23,2006,15.0
2003-10-24,2006,15.0
2003-10-28,2006,15.0
2003-10-29,2006,15.0
2003-10-30,2006,15.0
2003-10-31,2006,15.0
2003-11-03,2006,15.0
2003-11-04,2006,15.0
2003-11-05,2006,15.0
2003-11-06,2006,15.0
2003-11-07,2006,15.0
2003-11-10,2006,15.0
2003-11-11,2006,15.0
2003-11-12,2006,15.0
2003-11-13,2006,15.0
2003-11-14,2006,15.0
2003-11-17,2006,15.0
2003-11-18,2006,15.0
2003-11-19,2006,15.0
2003-11-20,2006,15.0
2003-11-21,2006,15.0
2003-11-24,2006,15.0
2003-11-25,2006,15.0
2003-11-26,2006,15.0
2003-11-27,2006,15.0
2003-11-28,2006,15.0
2003-12-01,2006,15.0
2003-12-02,2006,15.0
2003-12-03,2006,15.0
2003-12-04,2006,15.0
2003-12-05,2006,15.0
2003-12-08,2006,15.0
2003-12-09,2006,15.0
2003-12-10,2006,15.0
2003-12-11,2006,15.0
2003-12-12,2006,15.0
2003-12-15,2006,15.0
2003-12-16,2006,15.0
2003-12-17,2006,15.0
2003-12-18,2006,15.0
2003-12-19,2006,15.0
2003-12-22,2006,15.0
2003-12-23,2006,15.0
2003-12-26,2006,15.0
2003-12-29,2006,15.0
2003-12-30,2006,15.0
2004-01-02,2006,15.0
2004-01-05,2006,15.0
2004-01-06,2006,15.0
2004-01-07,2006,15.0
2004-01-08,2006,15.0
2004-01-09,2006,15.0
2004-01-12,2006,15.0
2004-01-14,2006,15.0
2004-01-15,2006,15.0
2004-01-16,2006,15.0
2004-01-19,2006,15.0
2004-01-20,2006,15.0
2004-01-21,2006,15.0
2004-01-22,2006,15.0
2004-01-23,2006,15.0
2004-01-26,2006,15.0
2004-01-27,2006,15.0
2004-01-28,2006,15.0
2004-01-29,2006,15.0
2004-01-30,2006,15.0
2004-02-02,2006,15.0
2004-02-03,2006,15.0
2004-02-04,2006,15.0
2004-02-05,2006,15.0
2004-02-06,2006,15.0
2004-02-09,2006,15.0
2004-02-10,2006,15.0
2004-02-11,2006,15.0
2004-02-12,2006,15.0
2004-02-13,2006,15.0
2004-02-16,2006,15.0
2004-02-17,2006,15.0
2004-02-18,2006,15.0
2004-02-19,2006,15.0
2004-02-20,2006,15.0
2004-02-25,2006,15.0
2004-02-26,2006,15.0
2004-02-27,2006,15.0
2004-03-01,2006,15.0
2004-03-02,2006,15.0
2004-03-03,2006,15.0
2004-03-04,2006,15.0
2004-03-05,2006,15.0
2004-03-08,2006,15.0
2004-03-09,2006,15.0
2004-03-10,2006,15.0
2004-03-11,2006,15.0
2004-03-12,2006,15.0
2004-03-15,2006,15.0
2004-03-16,2006,15.0
2004-03-17,2006,15.0
2004-03-18,2006,15.0
2004-03-19,2006,15.0
2004-03-22,2006,15.0
2004-03-23,2006,15.0
2004-03-24,2006,15.0
2004-03-25,2006,15.0
2004-03-26,2006,15.0
2004-03-29,2006,15.0
2004-03-30,2006,15.0
2004-03-31,2006,15.0
2004-04-01,2006,15.0
2004-04-02,2006,15.0
2004-04-05,2006,15.0
2004-04-06,2006,15.0
2004-04-07,2006,15.0
2004-04-08,2006,15.0
2004-04-12,2006,15.0
2004-04-13,2006,15.0
2004-04-14,2006,15.0
2004-04-15,2006,15.0
2004-04-16,2006,15.0
2004-04-19,2006,15.0
2004-04-20,2006,15.0
2004-04-22,2006,15.0
2004-04-23,2006,15.0
2004-04-26,2006,15.0
2004-04-27,2006,15.0
2004-04-28,2006,15.0
2004-04-29,2006,15.0
2004-04-30,2006,15.0
2004-05-03,2006,15.0
2004-05-04,2006,15.0
2004-05-05,2006,15.0
2004-05-06,2006,15.0
2004-05-07,2006,15.0
2004-05-10,2006,15.0
2004-05-11,2006,15.0
2004-05-12,2006,15.0
2004-05-13,2006,15.0
2004-05-14,2006,15.0
2004-05-17,2006,15.0
2004-05-18,2006,15.0
2004-05-19,2006,15.0
2004-05-20,2006,15.0
2004-05-21,2006,15.0
2004-05-24,2006,15.0
2004-05-25,2006,15.0
2004-05-26,2006,15.0
2004-05-27,2006,15.0
2004-05-28,2006,15.0
2004-05-31,2006,15.0
2004-06-01,2006,15.0
2004-06-02,2006,15.0
2004-06-03,2006,15.0
2004-06-04,2006,15.0
2004-06-07,2006,15.0
2004-06-08,2006,15.0
2004-06-09,2006,15.0
2004-06-11,2006,15.0
2004-06-14,2006,15.0
2004-06-15,2006,15.0
2004-06-16,2006,15.0
2004-06-17,2006,15.0
2004-06-18,2006,15.0
2004-06-21,2006,15.0
2004-06-22,2006,15.0
2004-06-23,2006,15.0
2004-06-24,2006,15.0
2004-06-25,2006,15.0
2004-06-28,2006,15.0
2004-06-29,2006,14.6
2004-06-30,2006,14.6
2004-07-01,2006,14.19
2004-07-02,2006,14.19
2004-07-05,2006,15.0
2004-07-06,2006,15.0
2004-07-07,2006,15.0
2004-07-08,2006,15.0
2004-07-09,2006,15.0
2004-07-12,2006,15.0
2004-07-13,2006,15.0
2004-07-14,2006,15.0
2004-07-15,2006,15.0
2004-07-16,2006,15.0
2004-07-19,2006,15.0
2004-07-20,2006,15.0
2004-07-21,2006,15.0
2004-07-22,2006,15.0
2004-07-23,2006,14.19
2004-07-26,2006,14.0
2004-07-27,2006,14.0
2004-07-28,2006,14.0
2004-07-29,2006,14.0
2004-07-30,2006,14.0
2004-08-02,2006,14.0
2004-08-03,2006,14.1
2004-08-04,2006,14.1
2004-08-05,2006,14.0
2004-08-06,2006,14.0
2004-08-09,2006,14.0
2004-08-10,2006,14.0
2004-08-11,2006,14.0
2004-08-12,2006,14.0
2004-08-13,2006,14.0
2004-08-16,2006,14.0
2004-08-17,2006,14.0
2004-08-18,2006,14.0
2004-08-19,2006,14.0
2004-08-20,2006,14.0
2004-08-23,2006,14.0
2004-08-24,2006,14.0
2004-08-25,2006,14.0
2004-08-26,2006,14.0
2004-08-27,2006,14.0
2004-08-30,2006,14.0
2004-08-31,2006,14.0
2004-09-01,2006,14.0
2004-09-02,2006,14.0
2004-09-03,2006,14.0
2004-09-06,2006,14.0
2004-09-08,2006,14.0
2004-09-09,2006,14.0
2004-09-10,2006,14.1
2004-09-13,2006,14.1
2004-09-14,2006,14.1
2004-09-15,2006,14.1
2004-09-16,2006,14.1
2004-09-17,2006,14.19
2004-09-20,2006,14.19
2004-09-21,2006,14.19
2004-09-22,2006,14.0
2004-09-23,2006,14.0
2004-09-24,2006,15.0
2004-09-27,2006,15.0
2004-09-28,2006,15.0
2004-09-29,2006,15.0
2004-09-30,2006,15.0
2004-10-01,2006,15.0
2004-10-04,2006,15.0
2004-10-05,2006,15.0
2004-10-06,2006,15.0
2004-10-07,2006,15.0
2004-10-08,2006,15.0
2004-10-11,2006,14.85
2004-10-13,2006,14.85
2004-10-14,2006,15.0
2004-10-15,2006,15.0
2004-10-18,2006,15.0
2004-10-19,2006,15.0
2004-10-20,2006,15.0
2004-10-21,2006,15.0
2004-10-22,2006,15.0
2004-10-25,2006,15.0
2004-10-26,2006,15.0
2004-10-27,2006,15.0
2004-10-28,2006,15.0
2004-10-29,2006,15.0
2004-11-03,2006,15.0
2004-11-04,2006,15.0
2004-11-05,2006,15.0
2004-11-08,2006,15.0
2004-11-09,2006,15.0
2004-11-10,2006,15.0
2004-11-11,2006,15.0
2004-11-12,2006,14.76
2004-11-16,2006,14.79
2004-11-17,2006,14.79
2004-11-18,2006,14.79
2004-11-19,2006,14.79
2004-11-22,2006,15.0
2004-11-23,2006,15.0
2004-11-24,2006,15.0
2004-11-25,2006,15.0
2004-11-26,2006,15.0
2004-11-29,2006,14.79
2004-11-30,2006,14.79
2004-12-01,2006,14.79
2004-12-02,2006,14.57
2004-12-03,2006,14.79
2004-12-06,2006,15.0
2004-12-07,2006,15.0
2004-12-08,2006,15.0
2004-12-09,2006,15.0
2004-12-10,2006,15.0
2004-12-13,2006,15.0
2004-12-14,2006,15.0
2004-12-15,2006,15.0
2004-12-16,2006,15.0
2004-12-17,2006,15.0
2004-12-20,2006,15.0
2004-12-21,2006,15.0
2004-12-22,2006,15.0
2004-12-23,2006,15.0
2004-12-27,2006,15.0
2004-12-28,2006,15.0
2004-12-29,2006,15.0
2004-12-30,2006,15.0
2005-01-03,2006,15.0
2005-01-04,2006,15.0
2005-01-05,2006,15.0
2005-01-06,2006,15.0
2005-01-07,2006,15.0
2005-01-10,2006,15.0
2005-01-11,2006,15.0
2005-01-12,2006,15.0
2005-01-13,2006,15.0
2005-01-14,2006,15.0
2005-01-17,2006,15.0
2005-01-18,2006,15.0
2005-01-19,2006,15.0
2005-01-20,2006,15.0
2005-01-21,2006,15.0
2005-01-24,2006,15.0
2005-01-25,2006,15.0
2005-01-26,2006,15.0
2005-01-27,2006,15.0
2005-01-28,2006,15.0
2005-01-31,2006,15.0
2005-02-01,2006,15.0
2005-02-02,2006,15.0
2005-02-03,2006,15.0
2005-02-04,2006,15.0
2005-02-09,2006,15.0
2005-02-10,2006,15.0
2005-02-11,2006,15.0
2005-02-14,2006,15.0
2005-02-15,2006,15.0
2005-02-16,2006,15.0
2005-02-17,2006,15.0
2005-02-18,2006,15.0
2005-02-21,2006,15.0
2005-02-22,2006,15.0
2005-02-23,2006,15.0
2005-02-24,2006,15.0
2005-02-25,2006,15.0
2005-02-28,2006,15.0
2005-03-01,2006,15.0
2005-03-02,2006,15.0
2005-03-03,2006,15.0
2005-03-04,2006,15.0
2005-03-07,2006,15.0
2005-03-08,2006,15.0
2005-03-09,2006,15.0
2005-03-10,2006,15.0
2005-03-11,2006,15.0
2005-03-14,2006,15.0
2005-03-15,2006,15.0
2005-03-16,2006,15.0
2005-03-17,2006,15.0
2005-03-18,2006,15.0
2005-03-21,2006,15.0
2005-03-22,2006,15.0
2005-03-23,2006,15.0
2005-03-24,2006,15.0
2005-03-28,2006,15.0
2005-03-29,2006,15.0
2005-03-30,2006,15.0
2005-03-31,2006,15.0
2005-04-01,2006,15.0
2005-04-04,2006,15.0
2005-04-05,2006,15.0
2005-04-06,2006,15.0
2005-04-07,2006,15.0
2005-04-08,2006,15.0
2005-04-11,2006,15.0
2005-04-12,2006,15.0
2005-04-13,2006,15.0
2005-04-14,2006,15.0
2005-04-15,2006,15.0
2005-04-18,2006,15.0
2005-04-19,2006,15.0
2005-04-20,2006,15.0
2005-04-22,2006,15.0
2005-04-25,2006,15.0
2005-04-26,2006,15.0
2005-04-27,2006,15.0
2005-04-28,2006,15.0
2005-04-29,2006,15.0
2005-05-02,2006,15.0
2005-05-03,2006,15.0
2005-05-04,2006,15.0
2005-05-05,2006,15.0
2005-05-06,2006,15.0
2005-05-09,2006,15.0
2005-05-10,2006,15.0
2005-05-11,2006,15.0
2005-05-12,2006,15.0
2005-05-13,2006,15.0
2005-05-16,2006,15.0
2005-05-17,2006,15.0
2005-05-18,2006,15.0
2005-05-19,2006,15.0
2005-05-20,2006,15.0
2005-05-23,2006,15.0
2005-05-24,2006,15.0
2005-05-25,2006,15.0
2005-05-27,2006,15.0
2005-05-30,2006,15.0
2005-05-31,2006,15.0
2005-06-01,2006,15.0
2005-06-02,2006,15.0
2005-06-03,2006,15.0
2005-06-06,2006,15.0
2005-06-07,2006,15.0
2005-06-08,2006,15.0
2005-06-09,2006,15.0
2005-06-10,2006,15.0
2005-06-13,2006,15.0
2005-06-14,2006,15.0
2005-06-15,2006,15.0
2005-06-16,2006,15.0
2005-06-17,2006,15.0
2005-06-20,2006,15.0
2005-06-21,2006,15.0
2005-06-22,2006,15.6
2005-06-23,2006,15.6
2005-06-24,2006,15.75
2005-06-27,2006,15.3
2005-06-28,2006,15.3
2005-06-29,2006,15.0
2005-06-30,2006,15.3
2005-07-01,2006,15.3
2005-07-04,2006,15.0
2005-07-05,2006,15.0
2005-07-06,2006,15.0
2005-07-07,2006,15.3
2005-07-08,2006,15.3
2005-07-11,2006,15.3
2005-07-12,2006,15.3
2005-07-13,2006,15.01
2005-07-14,2006,15.31
2005-07-15,2006,15.31
2005-07-18,2006,15.01
2005-07-19,2006,15.01
2005-07-20,2006,15.01
2005-07-21,2006,15.01
2005-07-22,2006,15.46
2005-07-25,2006,15.51
2005-07-26,2006,15.51
2005-07-27,2006,15.51
2005-07-28,2006,15.01
2005-07-29,2006,15.01
2005-08-01,2006,15.01
2005-08-02,2006,15.01
2005-08-03,2006,15.46
2005-08-04,2006,15.01
2005-08-05,2006,15.01
2005-08-08,2006,15.01
2005-08-09,2006,15.01
2005-08-10,2006,15.46
2005-08-11,2006,15.9
2005-08-12,2006,15.95
2005-08-15,2006,15.95
2005-08-16,2006,15.95
2005-08-17,2006,15.45
2005-08-18,2006,15.45
2005-08-19,2006,15.0
2005-08-22,2006,15.45
2005-08-23,2006,15.45
2005-08-24,2006,15.9
2005-08-25,2006,15.45
2005-08-26,2006,15.9
2005-08-29,2006,15.9
2005-08-30,2006,15.45
2005-08-31,2006,15.0
2005-09-01,2006,15.0
2005-09-02,2006,15.45
2005-09-05,2006,15.5
2005-09-06,2006,16.0
2005-09-08,2006,16.0
2005-09-09,2006,16.0
2005-09-12,2006,15.95
2005-09-13,2006,15.9
2005-09-14,2006,15.9
2005-09-15,2006,15.95
2005-09-16,2006,16.0
2005-09-19,2006,15.95
2005-09-20,2006,16.0
2005-09-21,2006,16.0
2005-09-22,2006,15.95
2005-09-23,2006,15.95
2005-09-26,2006,15.9
2005-09-27,2006,15.9
2005-09-28,2006,15.9
2005-09-29,2006,15.9
2005-09-30,2006,16.0
2005-10-03,2006,16.0
2005-10-04,2006,15.95
2005-10-05,2006,15.95
2005-10-06,2006,15.9
2005-10-07,2006,15.95
2005-10-10,2006,16.0
2005-10-11,2006,16.0
2005-10-13,2006,16.0
2005-10-14,2006,16.0
2005-10-17,2006,15.7
2005-10-18,2006,15.9
2005-10-19,2006,15.95
2005-10-20,2006,15.95
2005-10-21,2006,15.9
2005-10-24,2006,16.0
2005-10-25,2006,16.0
2005-10-26,2006,16.0
2005-10-27,2006,16.0
2005-10-28,2006,16.0
2005-10-31,2006,16.0
2005-11-01,2006,16.0
2005-11-03,2006,16.0
2005-11-04,2006,16.0
2005-11-07,2006,15.95
2005-11-08,2006,16.0
2005-11-09,2006,15.95
2005-11-10,2006,15.9
2005-11-11,2006,15.95
2005-11-14,2006,16.0
2005-11-16,2006,16.0
2005-11-17,2006,16.0
2005-11-18,2006,16.0
2005-11-21,2006,16.0
2005-11-22,2006,16.0
2005-11-23,2006,15.95
2005-11-24,2006,15.95
2005-11-25,2006,15.95
2005-11-28,2006,16.0
2005-11-29,2006,15.95
2005-11-30,2006,16.0
2005-12-01,2006,15.9
2005-12-02,2006,15.45
2005-12-05,2006,15.95
2005-12-06,2006,15.95
2005-12-07,2006,15.7
2005-12-08,2006,15.7
2005-12-09,2006,15.0
2005-12-12,2006,15.25
2005-12-13,2006,15.5
2005-12-14,2006,15.5
2005-12-15,2006,15.5
2005-12-16,2006,15.5
2005-12-19,2006,15.0
2005-12-20,2006,15.0
2005-12-21,2006,15.0
2005-12-22,2006,15.0
2005-12-23,2006,15.0
2005-12-26,2006,15.0
2005-12-27,2006,15.0
2005-12-28,2006,15.0
2005-12-29,2006,15.0
2005-12-30,2006,15.0
2006-01-02,2006,15.0
2006-01-03,2006,15.0
2006-01-04,2006,15.0
2006-01-05,2006,15.0
2006-01-06,2006,15.0
2006-01-09,2006,15.0
2006-01-10,2006,15.0
2006-01-11,2006,15.0
2006-01-12,2006,15.0
2006-01-13,2006,15.0
2006-01-16,2006,15.0
2006-01-17,2006,15.0
2006-01-18,2006,15.0
2006-01-19,2006,15.0
2006-01-20,2006,15.0
2006-01-23,2006,15.0
2006-01-24,2006,15.0
2006-01-25,2006,15.0
2006-01-26,2006,15.0
2006-01-27,2006,15.0
2006-01-30,2006,15.0
2006-01-31,2006,15.0
2006-02-01,2006,15.0
2006-02-02,2006,15.0
2006-02-03,2006,15.0
2006-02-06,2006,15.0
2006-02-07,2006,15.0
2006-02-08,2006,15.0
2006-02-09,2006,15.0
2006-02-10,2006,15.0
2006-02-13,2006,15.0
2006-02-14,2006,15.0
2006-02-15,2006,15.0
2006-02-16,2006,15.0
2006-02-17,2006,15.0
2006-02-20,2006,15.0
2006-02-21,2006,15.0
2006-02-22,2006,15.0
2006-02-23,2006,15.0
2006-02-24,2006,15.0
2006-03-01,2006,15.0
2006-03-02,2006,15.0
2006-03-03,2006,15.0
2006-03-06,2006,15.0
2006-03-07,2006,15.0
2006-03-08,2006,15.0
2006-03-09,2006,15.0
2006-03-10,2006,15.0
2006-03-13,2006,15.0
2006-03-14,2006,15.0
2006-03-15,2006,15.0
2006-03-16,2006,15.0
2006-03-17,2006,15.0
2006-03-20,2006,15.0
2006-03-21,2006,15.0
2006-03-22,2006,15.0
2006-03-23,2006,15.0
2006-03-24,2006,15.0
2006-03-27,2006,15.0
2006-03-28,2006,15.0
2006-03-29,2006,15.0
2006-03-30,2006,15.0
2006-03-31,2006,15.06
2006-04-03,2006,15.12
2006-04-04,2006,15.12
2006-04-05,2006,15.12
2006-04-06,2006,15.12
2006-04-07,2006,15.06
2006-04-10,2006,15.0
2006-04-11,2006,15.0
2006-04-12,2006,15.0
2006-04-13,2006,15.0
2006-04-17,2006,15.0
2006-04-18,2006,15.0
2006-04-19,2006,15.0
2006-04-20,2006,15.0
2006-04-24,2006,15.0
2006-04-25,2006,15.06
2006-04-26,2006,15.06
2006-04-27,2006,15.0
2006-04-28,2006,15.06
2006-05-02,2006,15.0
2006-05-03,2006,15.2
2006-05-04,2006,15.2
2006-05-05,2006,15.4
2006-05-08,2006,15.4
2006-05-09,2006,15.4
2006-05-10,2006,15.5
2006-05-11,2006,15.45
2006-05-12,2006,15.5
2006-05-15,2006,15.5
2006-05-16,2006,15.5
2006-05-17,2006,15.5
2006-05-18,2006,15.7
2006-05-19,2006,15.5
2006-05-22,2006,15.5
2006-05-23,2006,15.5
2006-05-24,2006,15.5
2006-05-25,2006,15.5
2006-05-26,2006,15.5
2006-05-29,2006,15.45
2006-05-30,2006,15.5
2006-05-31,2006,15.5
2006-06-01,2006,15.65
2006-06-02,2006,15.65
2006-06-05,2006,15.5
2006-06-06,2006,15.5
2006-06-07,2006,15.5
2006-06-08,2006,15.5
2006-06-09,2006,15.5
2006-06-12,2006,15.5
2006-06-13,2006,15.5
2006-06-14,2006,15.5
2006-06-16,2006,15.5
2006-06-19,2006,15.5
2006-06-20,2006,15.45
2006-06-21,2006,15.5
2006-06-22,2006,15.35
2006-06-23,2006,15.35
2006-06-26,2006,15.3
2006-06-27,2006,15.3
2006-06-28,2006,15.4
2006-06-29,2006,15.35
2006-06-30,2006,15.45
2006-07-03,2006,15.3
2006-07-04,2006,15.3
2006-07-05,2006,15.3
2006-07-06,2006,15.3
2006-07-07,2006,15.0
2006-07-10,2006,15.15
2006-07-11,2006,15.0
2006-07-12,2006,15.0
2006-07-13,2006,15.3
2006-07-14,2006,15.4
2006-07-17,2006,15.0
2006-07-18,2006,15.0
2006-07-19,2006,15.4
2006-07-20,2006,15.4
2006-07-21,2006,15.0
2006-07-24,2006,15.15
2006-07-25,2006,15.15
2006-07-26,2006,15.15
2006-07-27,2006,15.0
2006-07-28,2006,15.0
2006-07-31,2006,15.0
2006-08-01,2006,15.5
2006-08-02,2006,15.5
2006-08-03,2006,15.5
2006-08-04,2006,15.5
2006-08-07,2006,15.5
2006-08-08,2006,15.5
2006-08-09,2006,15.5
2006-08-10,2006,15.5
2006-08-11,2006,15.5
2006-08-14,2006,15.6
2006-08-15,2006,15.7
2006-08-16,2006,15.7
2006-08-17,2006,15.95
2006-08-18,2006,16.0
2006-08-21,2006,16.0
2006-08-22,2006,16.0
2006-08-23,2006,16.0
2006-08-24,2006,16.0
2006-08-25,2006,16.0
2006-08-28,2006,16.0
2006-08-29,2006,16.0
2006-08-30,2006,16.0
2006-08-31,2006,16.0
2006-09-01,2006,16.0
2006-09-04,2006,15.95
2006-09-05,2006,15.9
2006-09-06,2006,15.9
2006-09-08,2006,15.85
2006-09-11,2006,15.85
2006-09-12,2006,15.85
2006-09-13,2006,15.85
2006-09-14,2006,15.85
2006-09-15,2006,15.85
2006-09-18,2006,15.76
2006-09-19,2006,15.8
2006-09-20,2006,15.8
2006-09-21,2006,15.9
2006-09-22,2006,15.9
2006-09-25,2006,15.95
2006-09-26,2006,15.95
2006-09-27,2006,15.81
2006-09-28,2006,15.81
2006-09-29,2006,15.72
2006-10-02,2006,15.6
2006-10-03,2006,15.55
2006-10-04,2006,15.55
2006-10-05,2006,15.5
2006-10-06,2006,15.5
2006-10-09,2006,15.12
2006-10-10,2006,15.31
2006-10-11,2006,15.31
2006-10-13,2006,15.55
2006-10-16,2006,15.6
2006-10-17,2006,15.6
2006-10-18,2006,15.55
2006-10-19,2006,15.5
2006-10-20,2006,15.5
2006-10-23,2006,15.55
2006-10-24,2006,15.55
2006-10-25,2006,15.6
2006-10-26,2006,15.6
2006-10-27,2006,15.6
2006-10-30,2006,15.6
2006-10-31,2006,15.6
2006-11-01,2006,15.6
2006-11-03,2006,15.6
2006-11-06,2006,15.65
2006-11-07,2006,15.65
2006-11-08,2006,15.65
2006-11-09,2006,15.71
2006-11-10,2006,15.65
2006-11-13,2006,15.56
2006-11-14,2006,15.6
2006-11-16,2006,15.66
2006-11-17,2006,15.6
2006-11-20,2006,15.66
2006-11-21,2006,15.72
2006-11-22,2006,16.0
2006-11-23,2006,16.0
2006-11-24,2006,15.86
2006-11-27,2006,16.0
2006-11-28,2006,16.0
2006-11-29,2006,16.0
2006-11-30,2006,16.0
2006-12-01,2006,16.0
2006-12-04,2006,16.0
2006-12-05,2006,16.0
2006-12-06,2006,16.0
2006-12-07,2006,16.0
2006-12-08,2006,16.0
2006-12-11,2006,16.0
2006-12-12,2006,16.0
2006-12-13,2006,16.0
2006-12-14,2006,16.0
2006-12-15,2006,16.0
2006-12-18,2006,16.0
2006-12-19,2006,16.0
2006-12-20,2006,16.0
2006-12-21,2006,16.0
2006-12-22,2006,16.0
2006-12-26,2006,16.0
2006-12-27,2006,16.0
2006-12-28,2006,16.0
2006-12-29,2006,16.0
2007-01-02,2006,16.0
2007-01-03,2006,16.0
2007-01-04,2006,16.0
2007-01-05,2006,16.0
2007-01-08,2006,16.0
2007-01-09,2006,16.0
2007-01-10,2006,16.0
2007-01-11,2006,16.0
2007-01-12,2006,16.0
2007-01-15,2006,16.0
2007-01-16,2006,16.0
2007-01-17,2006,16.0
2007-01-18,2006,16.0
2007-01-19,2006,16.0
2007-01-22,2006,16.0
2007-01-23,2006,16.0
2007-01-24,2006,16.0
2003-01-24,2007,22.0
2003-01-27,2007,22.0
2003-01-28,2007,22.0
2003-01-29,2007,18.0
2003-01-30,2007,18.0
2003-01-31,2007,20.0
2003-02-03,2007,18.0
2003-02-04,2007,18.0
2003-02-05,2007,18.0
2003-02-06,2007,18.0
2003-02-07,2007,16.5
2003-02-10,2007,16.5
2003-02-11,2007,16.5
2003-02-12,2007,16.5
2003-02-13,2007,18.0
2003-02-14,2007,16.5
2003-02-17,2007,16.6
2003-02-18,2007,16.6
2003-02-19,2007,16.6
2003-02-20,2007,18.0
2003-02-21,2007,17.3
2003-02-24,2007,16.6
2003-02-25,2007,16.6
2003-02-26,2007,16.6
2003-02-27,2007,16.6
2003-02-28,2007,16.6
2003-03-05,2007,16.6
2003-03-06,2007,16.8
2003-03-07,2007,16.8
2003-03-10,2007,16.8
2003-03-11,2007,16.8
2003-03-12,2007,16.8
2003-03-13,2007,16.8
2003-03-14,2007,16.8
2003-03-17,2007,16.8
2003-03-18,2007,16.8
2003-03-19,2007,16.8
2003-03-20,2007,16.8
2003-03-21,2007,16.8
2003-03-24,2007,16.8
2003-03-25,2007,16.8
2003-03-26,2007,16.8
2003-03-27,2007,16.8
2003-03-28,2007,17.0
2003-03-31,2007,17.0
2003-04-01,2007,17.0
2003-04-02,2007,17.0
2003-04-03,2007,17.0
2003-04-04,2007,17.0
2003-04-07,2007,17.0
2003-04-08,2007,17.0
2003-04-09,2007,17.0
2003-04-10,2007,16.8
2003-04-11,2007,16.8
2003-04-14,2007,16.8
2003-04-15,2007,16.8
2003-04-16,2007,16.8
2003-04-17,2007,16.8
2003-04-22,2007,17.0
2003-04-23,2007,16.6
2003-04-24,2007,16.6
2003-04-25,2007,16.0
2003-04-28,2007,15.4
2003-04-29,2007,15.4
2003-04-30,2007,15.4
2003-05-02,2007,15.4
2003-05-05,2007,15.4
2003-05-06,2007,15.4
2003-05-07,2007,15.7
2003-05-08,2007,15.7
2003-05-09,2007,15.7
2003-05-12,2007,15.7
2003-05-13,2007,16.0
2003-05-14,2007,16.3
2003-05-15,2007,16.3
2003-05-16,2007,16.3
2003-05-19,2007,16.3
2003-05-20,2007,16.3
2003-05-21,2007,16.3
2003-05-22,2007,16.3
2003-05-23,2007,16.3
2003-05-26,2007,16.3
2003-05-27,2007,16.3
2003-05-28,2007,16.3
2003-05-29,2007,16.3
2003-05-30,2007,16.3
2003-06-02,2007,16.1
2003-06-03,2007,16.1
2003-06-04,2007,16.15
2003-06-05,2007,16.15
2003-06-06,2007,16.1
2003-06-09,2007,16.15
2003-06-10,2007,16.15
2003-06-11,2007,16.1
2003-06-12,2007,16.05
2003-06-13,2007,16.05
2003-06-16,2007,16.1
2003-06-17,2007,16.1
2003-06-18,2007,16.1
2003-06-20,2007,16.15
2003-06-23,2007,16.15
2003-06-24,2007,16.2
2003-06-25,2007,16.2
2003-06-26,2007,16.2
2003-06-27,2007,16.2
2003-06-30,2007,16.6
2003-07-01,2007,16.6
2003-07-02,2007,16.62
2003-07-03,2007,16.62
2003-07-04,2007,16.6
2003-07-07,2007,16.6
2003-07-08,2007,16.6
2003-07-09,2007,16.6
2003-07-10,2007,16.6
2003-07-11,2007,16.42
2003-07-14,2007,16.6
2003-07-15,2007,16.0
2003-07-16,2007,16.0
2003-07-17,2007,15.5
2003-07-18,2007,15.0
2003-07-21,2007,15.0
2003-07-22,2007,15.0
2003-07-23,2007,15.0
2003-07-24,2007,15.0
2003-07-25,2007,15.0
2003-07-28,2007,15.0
2003-07-29,2007,15.0
2003-07-30,2007,15.0
2003-07-31,2007,15.0
2003-08-01,2007,15.0
2003-08-04,2007,15.0
2003-08-05,2007,15.0
2003-08-06,2007,15.0
2003-08-07,2007,15.0
2003-08-08,2007,15.0
2003-08-11,2007,15.0
2003-08-12,2007,15.0
2003-08-13,2007,15.0
2003-08-14,2007,15.0
2003-08-15,2007,15.0
2003-08-18,2007,15.0
2003-08-19,2007,15.0
2003-08-20,2007,15.0
2003-08-21,2007,15.0
2003-08-22,2007,15.0
2003-08-25,2007,15.0
2003-08-26,2007,15.0
2003-08-27,2007,15.0
2003-08-28,2007,15.0
2003-08-29,2007,15.0
2003-09-01,2007,15.0
2003-09-02,2007,15.0
2003-09-03,2007,15.0
2003-09-04,2007,15.0
2003-09-05,2007,15.0
2003-09-08,2007,15.0
2003-09-09,2007,15.0
2003-09-10,2007,15.0
2003-09-11,2007,15.0
2003-09-12,2007,15.0
2003-09-15,2007,15.0
2003-09-16,2007,15.0
2003-09-17,2007,15.0
2003-09-18,2007,15.0
2003-09-19,2007,15.0
2003-09-22,2007,15.0
2003-09-23,2007,15.0
2003-09-24,2007,15.0
2003-09-25,2007,15.3
2003-09-26,2007,15.0
2003-09-29,2007,15.0
2003-09-30,2007,15.0
2003-10-01,2007,15.0
2003-10-02,2007,15.0
2003-10-03,2007,15.0
2003-10-06,2007,15.0
2003-10-07,2007,15.0
2003-10-08,2007,15.0
2003-10-09,2007,15.0
2003-10-10,2007,15.0
2003-10-13,2007,15.0
2003-10-14,2007,15.0
2003-10-15,2007,15.0
2003-10-16,2007,15.0
2003-10-17,2007,15.0
2003-10-20,2007,15.0
2003-10-21,2007,15.0
2003-10-22,2007,15.0
2003-10-23,2007,15.0
2003-10-24,2007,15.0
2003-10-28,2007,15.0
2003-10-29,2007,15.0
2003-10-30,2007,15.0
2003-10-31,2007,15.0
2003-11-03,2007,15.0
2003-11-04,2007,15.0
2003-11-05,2007,15.0
2003-11-06,2007,15.0
2003-11-07,2007,15.0
2003-11-10,2007,15.75
2003-11-11,2007,15.75
2003-11-12,2007,15.38
2003-11-13,2007,15.38
2003-11-14,2007,15.38
2003-11-17,2007,15.38
2003-11-18,2007,15.38
2003-11-19,2007,15.38
2003-11-20,2007,15.38
2003-11-21,2007,15.0
2003-11-24,2007,15.0
2003-11-25,2007,15.0
2003-11-26,2007,15.0
2003-11-27,2007,15.0
2003-11-28,2007,15.0
2003-12-01,2007,15.0
2003-12-02,2007,15.0
2003-12-03,2007,15.0
2003-12-04,2007,15.0
2003-12-05,2007,15.0
2003-12-08,2007,15.0
2003-12-09,2007,15.0
2003-12-10,2007,15.0
2003-12-11,2007,15.0
2003-12-12,2007,15.0
2003-12-15,2007,15.0
2003-12-16,2007,15.0
2003-12-17,2007,15.0
2003-12-18,2007,15.0
2003-12-19,2007,15.0
2003-12-22,2007,15.0
2003-12-23,2007,15.0
2003-12-26,2007,15.0
2003-12-29,2007,15.0
2003-12-30,2007,15.0
2004-01-02,2007,15.0
2004-01-05,2007,15.0
2004-01-06,2007,15.0
2004-01-07,2007,15.0
2004-01-08,2007,15.0
2004-01-09,2007,15.0
2004-01-12,2007,15.18
2004-01-14,2007,15.18
2004-01-15,2007,15.18
2004-01-16,2007,15.35
2004-01-19,2007,15.35
2004-01-20,2007,15.35
2004-01-21,2007,15.35
2004-01-22,2007,15.18
2004-01-23,2007,15.18
2004-01-26,2007,15.31
2004-01-27,2007,15.31
2004-01-28,2007,15.31
2004-01-29,2007,15.31
2004-01-30,2007,15.31
2004-02-02,2007,15.31
2004-02-03,2007,15.31
2004-02-04,2007,15.31
2004-02-05,2007,15.61
2004-02-06,2007,15.61
2004-02-09,2007,15.31
2004-02-10,2007,15.31
2004-02-11,2007,15.31
2004-02-12,2007,15.31
2004-02-13,2007,15.0
2004-02-16,2007,15.0
2004-02-17,2007,15.0
2004-02-18,2007,15.0
2004-02-19,2007,15.0
2004-02-20,2007,15.0
2004-02-25,2007,15.0
2004-02-26,2007,15.0
2004-02-27,2007,15.0
2004-03-01,2007,15.31
2004-03-02,2007,15.31
2004-03-03,2007,15.31
2004-03-04,2007,15.0
2004-03-05,2007,15.0
2004-03-08,2007,15.0
2004-03-09,2007,15.0
2004-03-10,2007,15.31
2004-03-11,2007,15.61
2004-03-12,2007,15.61
2004-03-15,2007,15.31
2004-03-16,2007,15.31
2004-03-17,2007,15.31
2004-03-18,2007,15.61
2004-03-19,2007,15.61
2004-03-22,2007,15.61
2004-03-23,2007,15.61
2004-03-24,2007,15.81
2004-03-25,2007,15.81
2004-03-26,2007,15.61
2004-03-29,2007,15.61
2004-03-30,2007,15.61
2004-03-31,2007,15.0
2004-04-01,2007,15.31
2004-04-02,2007,15.31
2004-04-05,2007,15.61
2004-04-06,2007,15.61
2004-04-07,2007,15.31
2004-04-08,2007,15.31
2004-04-12,2007,15.31
2004-04-13,2007,15.31
2004-04-14,2007,15.31
2004-04-15,2007,15.61
2004-04-16,2007,15.61
2004-04-19,2007,15.61
2004-04-20,2007,15.61
2004-04-22,2007,15.31
2004-04-23,2007,15.31
2004-04-26,2007,15.31
2004-04-27,2007,15.31
2004-04-28,2007,15.31
2004-04-29,2007,15.31
2004-04-30,2007,15.61
2004-05-03,2007,15.81
2004-05-04,2007,15.61
2004-05-05,2007,15.61
2004-05-06,2007,15.61
2004-05-07,2007,15.61
2004-05-10,2007,15.61
2004-05-11,2007,15.61
2004-05-12,2007,15.61
2004-05-13,2007,15.61
2004-05-14,2007,15.61
2004-05-17,2007,15.81
2004-05-18,2007,15.81
2004-05-19,2007,15.61
2004-05-20,2007,15.61
2004-05-21,2007,15.31
2004-05-24,2007,15.31
2004-05-25,2007,15.31
2004-05-26,2007,15.31
2004-05-27,2007,15.31
2004-05-28,2007,15.31
2004-05-31,2007,15.61
2004-06-01,2007,15.61
2004-06-02,2007,15.61
2004-06-03,2007,15.61
2004-06-04,2007,15.61
2004-06-07,2007,15.61
2004-06-08,2007,15.61
2004-06-09,2007,15.61
2004-06-11,2007,15.61
2004-06-14,2007,15.31
2004-06-15,2007,15.31
2004-06-16,2007,15.31
2004-06-17,2007,15.31
2004-06-18,2007,15.31
2004-06-21,2007,15.31
2004-06-22,2007,15.31
2004-06-23,2007,16.0
2004-06-24,2007,16.0
2004-06-25,2007,16.0
2004-06-28,2007,16.0
2004-06-29,2007,16.0
2004-06-30,2007,16.0
2004-07-01,2007,15.81
2004-07-02,2007,15.81
2004-07-05,2007,16.0
2004-07-06,2007,16.0
2004-07-07,2007,16.0
2004-07-08,2007,16.0
2004-07-09,2007,16.0
2004-07-12,2007,16.0
2004-07-13,2007,16.0
2004-07-14,2007,16.0
2004-07-15,2007,16.0
2004-07-16,2007,16.0
2004-07-19,2007,16.0
2004-07-20,2007,16.0
2004-07-21,2007,16.0
2004-07-22,2007,16.0
2004-07-23,2007,16.0
2004-07-26,2007,16.0
2004-07-27,2007,16.0
2004-07-28,2007,16.0
2004-07-29,2007,16.0
2004-07-30,2007,16.0
2004-08-02,2007,16.0
2004-08-03,2007,16.0
2004-08-04,2007,16.0
2004-08-05,2007,16.0
2004-08-06,2007,16.0
2004-08-09,2007,16.0
2004-08-10,2007,16.0
2004-08-11,2007,16.0
2004-08-12,2007,16.0
2004-08-13,2007,16.0
2004-08-16,2007,16.0
2004-08-17,2007,16.0
2004-08-18,2007,16.0
2004-08-19,2007,16.0
2004-08-20,2007,16.0
2004-08-23,2007,16.0
2004-08-24,2007,16.0
2004-08-25,2007,16.0
2004-08-26,2007,16.0
2004-08-27,2007,16.0
2004-08-30,2007,16.0
2004-08-31,2007,16.0
2004-09-01,2007,16.0
2004-09-02,2007,16.0
2004-09-03,2007,16.0
2004-09-06,2007,15.61
2004-09-08,2007,15.61
2004-09-09,2007,15.61
2004-09-10,2007,16.0
2004-09-13,2007,16.0
2004-09-14,2007,16.0
2004-09-15,2007,16.0
2004-09-16,2007,16.0
2004-09-17,2007,16.0
2004-09-20,2007,15.81
2004-09-21,2007,15.81
2004-09-22,2007,15.81
2004-09-23,2007,15.81
2004-09-24,2007,16.0
2004-09-27,2007,16.0
2004-09-28,2007,16.0
2004-09-29,2007,16.0
2004-09-30,2007,16.0
2004-10-01,2007,16.0
2004-10-04,2007,16.0
2004-10-05,2007,16.0
2004-10-06,2007,16.05
2004-10-07,2007,16.05
2004-10-08,2007,16.05
2004-10-11,2007,16.0
2004-10-13,2007,16.0
2004-10-14,2007,16.05
2004-10-15,2007,16.0
2004-10-18,2007,16.0
2004-10-19,2007,16.0
2004-10-20,2007,16.0
2004-10-21,2007,16.0
2004-10-22,2007,16.0
2004-10-25,2007,16.0
2004-10-26,2007,16.0
2004-10-27,2007,16.0
2004-10-28,2007,16.05
2004-10-29,2007,16.1
2004-11-03,2007,16.35
2004-11-04,2007,16.35
2004-11-05,2007,16.5
2004-11-08,2007,16.75
2004-11-09,2007,16.5
2004-11-10,2007,16.33
2004-11-11,2007,16.33
2004-11-12,2007,16.16
2004-11-16,2007,16.21
2004-11-17,2007,16.21
2004-11-18,2007,16.0
2004-11-19,2007,16.0
2004-11-22,2007,16.1
2004-11-23,2007,16.1
2004-11-24,2007,16.1
2004-11-25,2007,16.1
2004-11-26,2007,16.1
2004-11-29,2007,16.0
2004-11-30,2007,16.0
2004-12-01,2007,16.0
2004-12-02,2007,16.0
2004-12-03,2007,16.0
2004-12-06,2007,16.0
2004-12-07,2007,16.0
2004-12-08,2007,16.0
2004-12-09,2007,16.0
2004-12-10,2007,16.0
2004-12-13,2007,16.0
2004-12-14,2007,16.0
2004-12-15,2007,16.0
2004-12-16,2007,16.0
2004-12-17,2007,16.0
2004-12-20,2007,16.0
2004-12-21,2007,16.0
2004-12-22,2007,16.0
2004-12-23,2007,16.0
2004-12-27,2007,16.0
2004-12-28,2007,16.0
2004-12-29,2007,16.0
2004-12-30,2007,16.0
2005-01-03,2007,16.0
2005-01-04,2007,16.0
2005-01-05,2007,16.0
2005-01-06,2007,16.0
2005-01-07,2007,16.0
2005-01-10,2007,16.0
2005-01-11,2007,16.0
2005-01-12,2007,16.0
2005-01-13,2007,16.0
2005-01-14,2007,16.0
2005-01-17,2007,16.0
2005-01-18,2007,16.0
2005-01-19,2007,16.0
2005-01-20,2007,16.0
2005-01-21,2007,16.0
2005-01-24,2007,16.0
2005-01-25,2007,16.0
2005-01-26,2007,16.0
2005-01-27,2007,16.0
2005-01-28,2007,16.0
2005-01-31,2007,16.0
2005-02-01,2007,16.0
2005-02-02,2007,16.0
2005-02-03,2007,16.0
2005-02-04,2007,16.0
2005-02-09,2007,16.0
2005-02-10,2007,16.0
2005-02-11,2007,16.0
2005-02-14,2007,16.0
2005-02-15,2007,16.0
2005-02-16,2007,16.0
2005-02-17,2007,16.0
2005-02-18,2007,16.0
2005-02-21,2007,16.0
2005-02-22,2007,16.0
2005-02-23,2007,16.0
2005-02-24,2007,16.0
2005-02-25,2007,16.0
2005-02-28,2007,16.0
2005-03-01,2007,16.0
2005-03-02,2007,16.0
2005-03-03,2007,16.0
2005-03-04,2007,16.0
2005-03-07,2007,16.0
2005-03-08,2007,16.0
2005-03-09,2007,16.0
2005-03-10,2007,16.0
2005-03-11,2007,16.0
2005-03-14,2007,16.0
2005-03-15,2007,16.0
2005-03-16,2007,16.0
2005-03-17,2007,16.0
2005-03-18,2007,16.0
2005-03-21,2007,16.1
2005-03-22,2007,16.0
2005-03-23,2007,16.0
2005-03-24,2007,16.0
2005-03-28,2007,16.0
2005-03-29,2007,16.0
2005-03-30,2007,16.0
2005-03-31,2007,16.0
2005-04-01,2007,16.0
2005-04-04,2007,16.0
2005-04-05,2007,16.0
2005-04-06,2007,16.0
2005-04-07,2007,16.0
2005-04-08,2007,16.0
2005-04-11,2007,16.0
2005-04-12,2007,16.0
2005-04-13,2007,16.0
2005-04-14,2007,16.0
2005-04-15,2007,16.0
2005-04-18,2007,16.0
2005-04-19,2007,16.0
2005-04-20,2007,16.0
2005-04-22,2007,16.0
2005-04-25,2007,16.0
2005-04-26,2007,16.0
2005-04-27,2007,16.0
2005-04-28,2007,16.0
2005-04-29,2007,16.0
2005-05-02,2007,16.1
2005-05-03,2007,16.0
2005-05-04,2007,16.0
2005-05-05,2007,16.0
2005-05-06,2007,16.0
2005-05-09,2007,16.0
2005-05-10,2007,16.0
2005-05-11,2007,16.1
2005-05-12,2007,16.2
2005-05-13,2007,16.1
2005-05-16,2007,16.0
2005-05-17,2007,16.0
2005-05-18,2007,16.0
2005-05-19,2007,16.0
2005-05-20,2007,16.0
2005-05-23,2007,16.0
2005-05-24,2007,16.0
2005-05-25,2007,16.0
2005-05-27,2007,16.0
2005-05-30,2007,16.0
2005-05-31,2007,16.0
2005-06-01,2007,16.0
2005-06-02,2007,16.0
2005-06-03,2007,16.0
2005-06-06,2007,16.0
2005-06-07,2007,16.0
2005-06-08,2007,16.0
2005-06-09,2007,16.0
2005-06-10,2007,16.0
2005-06-13,2007,16.0
2005-06-14,2007,16.0
2005-06-15,2007,16.0
2005-06-16,2007,16.0
2005-06-17,2007,16.0
2005-06-20,2007,16.0
2005-06-21,2007,16.0
2005-06-22,2007,16.0
2005-06-23,2007,16.0
2005-06-24,2007,16.0
2005-06-27,2007,16.0
2005-06-28,2007,16.0
2005-06-29,2007,16.0
2005-06-30,2007,16.5
2005-07-01,2007,16.5
2005-07-04,2007,16.0
2005-07-05,2007,16.0
2005-07-06,2007,16.0
2005-07-07,2007,16.0
2005-07-08,2007,16.0
2005-07-11,2007,16.0
2005-07-12,2007,16.0
2005-07-13,2007,16.5
2005-07-14,2007,17.0
2005-07-15,2007,16.5
2005-07-18,2007,16.5
2005-07-19,2007,16.0
2005-07-20,2007,16.0
2005-07-21,2007,16.0
2005-07-22,2007,16.5
2005-07-25,2007,16.0
2005-07-26,2007,16.0
2005-07-27,2007,16.0
2005-07-28,2007,16.0
2005-07-29,2007,16.5
2005-08-01,2007,16.0
2005-08-02,2007,16.0
2005-08-03,2007,16.0
2005-08-04,2007,16.0
2005-08-05,2007,16.0
2005-08-08,2007,16.0
2005-08-09,2007,16.0
2005-08-10,2007,16.0
2005-08-11,2007,16.5
2005-08-12,2007,17.0
2005-08-15,2007,16.0
2005-08-16,2007,16.0
2005-08-17,2007,16.0
2005-08-18,2007,16.0
2005-08-19,2007,15.5
2005-08-22,2007,16.0
2005-08-23,2007,16.0
2005-08-24,2007,16.0
2005-08-25,2007,16.0
2005-08-26,2007,16.0
2005-08-29,2007,16.0
2005-08-30,2007,16.0
2005-08-31,2007,16.0
2005-09-01,2007,16.0
2005-09-02,2007,16.0
2005-09-05,2007,16.0
2005-09-06,2007,16.0
2005-09-08,2007,16.5
2005-09-09,2007,16.5
2005-09-12,2007,16.0
2005-09-13,2007,16.0
2005-09-14,2007,16.0
2005-09-15,2007,16.5
2005-09-16,2007,17.0
2005-09-19,2007,17.0
2005-09-20,2007,17.0
2005-09-21,2007,17.0
2005-09-22,2007,16.5
2005-09-23,2007,16.0
2005-09-26,2007,16.0
2005-09-27,2007,16.5
2005-09-28,2007,16.5
2005-09-29,2007,16.5
2005-09-30,2007,16.5
2005-10-03,2007,17.0
2005-10-04,2007,17.0
2005-10-05,2007,17.0
2005-10-06,2007,17.0
2005-10-07,2007,17.0
2005-10-10,2007,17.0
2005-10-11,2007,17.0
2005-10-13,2007,17.0
2005-10-14,2007,17.0
2005-10-17,2007,16.5
2005-10-18,2007,17.0
2005-10-19,2007,17.0
2005-10-20,2007,17.0
2005-10-21,2007,17.0
2005-10-24,2007,17.3
2005-10-25,2007,17.35
2005-10-26,2007,17.35
2005-10-27,2007,17.3
2005-10-28,2007,17.3
2005-10-31,2007,17.35
2005-11-01,2007,17.35
2005-11-03,2007,17.3
2005-11-04,2007,17.15
2005-11-07,2007,17.0
2005-11-08,2007,17.0
2005-11-09,2007,17.0
2005-11-10,2007,17.0
2005-11-11,2007,17.0
2005-11-14,2007,16.5
2005-11-16,2007,17.0
2005-11-17,2007,17.0
2005-11-18,2007,17.0
2005-11-21,2007,17.0
2005-11-22,2007,17.0
2005-11-23,2007,16.5
2005-11-24,2007,16.5
2005-11-25,2007,16.5
2005-11-28,2007,17.0
2005-11-29,2007,16.5
2005-11-30,2007,16.5
2005-12-01,2007,16.5
2005-12-02,2007,16.5
2005-12-05,2007,17.0
2005-12-06,2007,17.0
2005-12-07,2007,17.0
2005-12-08,2007,17.0
2005-12-09,2007,16.5
2005-12-12,2007,16.5
2005-12-13,2007,16.5
2005-12-14,2007,16.5
2005-12-15,2007,16.5
2005-12-16,2007,16.0
2005-12-19,2007,16.0
2005-12-20,2007,16.0
2005-12-21,2007,16.0
2005-12-22,2007,16.0
2005-12-23,2007,16.0
2005-12-26,2007,16.0
2005-12-27,2007,16.5
2005-12-28,2007,17.0
2005-12-29,2007,17.0
2005-12-30,2007,17.0
2006-01-02,2007,17.0
2006-01-03,2007,16.55
2006-01-04,2007,16.1
2006-01-05,2007,16.55
2006-01-06,2007,16.1
2006-01-09,2007,16.55
2006-01-10,2007,17.0
2006-01-11,2007,16.55
2006-01-12,2007,16.1
2006-01-13,2007,16.1
2006-01-16,2007,16.1
2006-01-17,2007,16.05
2006-01-18,2007,16.1
2006-01-19,2007,16.1
2006-01-20,2007,16.1
2006-01-23,2007,16.1
2006-01-24,2007,16.1
2006-01-25,2007,16.1
2006-01-26,2007,16.1
2006-01-27,2007,16.1
2006-01-30,2007,16.1
2006-01-31,2007,16.1
2006-02-01,2007,16.1
2006-02-02,2007,16.55
2006-02-03,2007,17.0
2006-02-06,2007,17.0
2006-02-07,2007,17.0
2006-02-08,2007,17.0
2006-02-09,2007,17.0
2006-02-10,2007,16.3
2006-02-13,2007,16.3
2006-02-14,2007,16.3
2006-02-15,2007,16.3
2006-02-16,2007,16.3
2006-02-17,2007,16.3
2006-02-20,2007,16.3
2006-02-21,2007,16.3
2006-02-22,2007,16.3
2006-02-23,2007,16.05
2006-02-24,2007,16.1
2006-03-01,2007,16.3
2006-03-02,2007,16.3
2006-03-03,2007,16.2
2006-03-06,2007,16.4
2006-03-07,2007,16.4
2006-03-08,2007,16.4
2006-03-09,2007,16.3
2006-03-10,2007,16.3
2006-03-13,2007,16.18
2006-03-14,2007,16.18
2006-03-15,2007,16.3
2006-03-16,2007,16.3
2006-03-17,2007,16.3
2006-03-20,2007,16.3
2006-03-21,2007,16.5
2006-03-22,2007,16.5
2006-03-23,2007,16.5
2006-03-24,2007,16.75
2006-03-27,2007,16.75
2006-03-28,2007,16.75
2006-03-29,2007,16.5
2006-03-30,2007,16.5
2006-03-31,2007,16.75
2006-04-03,2007,16.5
2006-04-04,2007,16.5
2006-04-05,2007,16.5
2006-04-06,2007,16.5
2006-04-07,2007,16.4
2006-04-10,2007,16.5
2006-04-11,2007,16.5
2006-04-12,2007,16.5
2006-04-13,2007,16.5
2006-04-17,2007,16.5
2006-04-18,2007,16.5
2006-04-19,2007,16.4
2006-04-20,2007,16.4
2006-04-24,2007,16.4
2006-04-25,2007,16.5
2006-04-26,2007,16.5
2006-04-27,2007,16.4
2006-04-28,2007,16.5
2006-05-02,2007,16.3
2006-05-03,2007,16.3
2006-05-04,2007,16.18
2006-05-05,2007,16.3
2006-05-08,2007,16.3
2006-05-09,2007,16.3
2006-05-10,2007,16.3
2006-05-11,2007,16.4
2006-05-12,2007,16.4
2006-05-15,2007,16.4
2006-05-16,2007,16.4
2006-05-17,2007,16.4
2006-05-18,2007,16.3
2006-05-19,2007,16.4
2006-05-22,2007,16.4
2006-05-23,2007,16.4
2006-05-24,2007,16.4
2006-05-25,2007,16.4
2006-05-26,2007,16.4
2006-05-29,2007,16.5
2006-05-30,2007,16.4
2006-05-31,2007,16.5
2006-06-01,2007,16.5
2006-06-02,2007,16.5
2006-06-05,2007,16.5
2006-06-06,2007,16.5
2006-06-07,2007,16.5
2006-06-08,2007,16.4
2006-06-09,2007,16.4
2006-06-12,2007,16.0
2006-06-13,2007,16.0
2006-06-14,2007,16.0
2006-06-16,2007,16.0
2006-06-19,2007,16.0
2006-06-20,2007,16.0
2006-06-21,2007,16.0
2006-06-22,2007,16.0
2006-06-23,2007,16.0
2006-06-26,2007,16.0
2006-06-27,2007,16.0
2006-06-28,2007,16.0
2006-06-29,2007,16.0
2006-06-30,2007,16.0
2006-07-03,2007,16.0
2006-07-04,2007,16.0
2006-07-05,2007,16.0
2006-07-06,2007,16.0
2006-07-07,2007,16.0
2006-07-10,2007,16.0
2006-07-11,2007,16.0
2006-07-12,2007,16.0
2006-07-13,2007,16.0
2006-07-14,2007,16.0
2006-07-17,2007,16.0
2006-07-18,2007,16.0
2006-07-19,2007,16.0
2006-07-20,2007,16.0
2006-07-21,2007,16.0
2006-07-24,2007,16.0
2006-07-25,2007,16.0
2006-07-26,2007,16.0
2006-07-27,2007,16.0
2006-07-28,2007,16.0
2006-07-31,2007,16.0
2006-08-01,2007,16.0
2006-08-02,2007,16.0
2006-08-03,2007,16.0
2006-08-04,2007,16.0
2006-08-07,2007,16.0
2006-08-08,2007,16.0
2006-08-09,2007,16.0
2006-08-10,2007,16.0
2006-08-11,2007,16.0
2006-08-14,2007,16.0
2006-08-15,2007,16.0
2006-08-16,2007,16.0
2006-08-17,2007,16.0
2006-08-18,2007,16.0
2006-08-21,2007,16.0
2006-08-22,2007,16.0
2006-08-23,2007,16.0
2006-08-24,2007,16.0
2006-08-25,2007,16.0
2006-08-28,2007,16.0
2006-08-29,2007,16.25
2006-08-30,2007,16.25
2006-08-31,2007,16.0
2006-09-01,2007,16.0
2006-09-04,2007,16.0
2006-09-05,2007,16.0
2006-09-06,2007,16.0
2006-09-08,2007,16.0
2006-09-11,2007,16.0
2006-09-12,2007,16.0
2006-09-13,2007,16.0
2006-09-14,2007,16.0
2006-09-15,2007,16.0
2006-09-18,2007,16.0
2006-09-19,2007,16.0
2006-09-20,2007,16.0
2006-09-21,2007,16.0
2006-09-22,2007,16.0
2006-09-25,2007,16.0
2006-09-26,2007,16.0
2006-09-27,2007,16.0
2006-09-28,2007,16.0
2006-09-29,2007,16.0
2006-10-02,2007,16.0
2006-10-03,2007,16.0
2006-10-04,2007,16.0
2006-10-05,2007,16.0
2006-10-06,2007,16.0
2006-10-09,2007,16.0
2006-10-10,2007,16.0
2006-10-11,2007,16.0
2006-10-13,2007,16.0
2006-10-16,2007,16.0
2006-10-17,2007,16.0
2006-10-18,2007,16.0
2006-10-19,2007,16.0
2006-10-20,2007,16.0
2006-10-23,2007,16.0
2006-10-24,2007,16.0
2006-10-25,2007,16.0
2006-10-26,2007,16.0
2006-10-27,2007,16.0
2006-10-30,2007,16.0
2006-10-31,2007,16.0
2006-11-01,2007,16.0
2006-11-03,2007,16.0
2006-11-06,2007,16.0
2006-11-07,2007,16.0
2006-11-08,2007,16.0
2006-11-09,2007,16.0
2006-11-10,2007,16.0
2006-11-13,2007,16.0
2006-11-14,2007,16.0
2006-11-16,2007,16.0
2006-11-17,2007,16.0
2006-11-20,2007,16.0
2006-11-21,2007,16.0
2006-11-22,2007,16.0
2006-11-23,2007,16.0
2006-11-24,2007,16.0
2006-11-27,2007,16.0
2006-11-28,2007,16.0
2006-11-29,2007,16.0
2006-11-30,2007,16.0
2006-12-01,2007,16.0
2006-12-04,2007,16.0
2006-12-05,2007,16.0
2006-12-06,2007,16.0
2006-12-07,2007,16.0
2006-12-08,2007,16.0
2006-12-11,2007,16.0
2006-12-12,2007,16.1
2006-12-13,2007,16.1
2006-12-14,2007,16.1
2006-12-15,2007,16.1
2006-12-18,2007,16.0
2006-12-19,2007,16.2
2006-12-20,2007,16.2
2006-12-21,2007,16.2
2006-12-22,2007,16.1
2006-12-26,2007,16.2
2006-12-27,2007,16.2
2006-12-28,2007,16.2
2006-12-29,2007,16.1
2007-01-02,2007,16.35
2007-01-03,2007,16.35
2007-01-04,2007,16.35
2007-01-05,2007,16.2
2007-01-08,2007,16.35
2007-01-09,2007,16.2
2007-01-10,2007,16.1
2007-01-11,2007,16.1
2007-01-12,2007,16.0
2007-01-15,2007,16.0
2007-01-16,2007,16.0
2007-01-17,2007,16.2
2007-01-18,2007,16.35
2007-01-19,2007,16.5
2007-01-22,2007,16.5
2007-01-23,2007,16.5
2007-01-24,2007,16.5
2007-01-25,2007,16.5
2007-01-26,2007,17.0
2007-01-29,2007,17.0
2007-01-30,2007,17.0
2007-01-31,2007,17.0
2007-02-01,2007,17.0
2007-02-02,2007,17.0
2007-02-05,2007,17.0
2007-02-06,2007,17.0
2007-02-07,2007,17.0
2007-02-08,2007,17.0
2007-02-09,2007,17.0
2007-02-12,2007,17.0
2007-02-13,2007,17.0
2007-02-14,2007,17.0
2007-02-15,2007,17.0
2007-02-16,2007,17.0
2007-02-21,2007,17.0
2007-02-22,2007,17.0
2007-02-23,2007,17.5
2007-02-26,2007,17.4
2007-02-27,2007,17.5
2007-02-28,2007,17.5
2007-03-01,2007,17.5
2007-03-02,2007,17.45
2007-03-05,2007,17.7
2007-03-06,2007,17.5
2007-03-07,2007,17.5
2007-03-08,2007,17.7
2007-03-09,2007,18.0
2007-03-12,2007,18.0
2007-03-13,2007,18.0
2007-03-14,2007,18.0
2007-03-15,2007,18.0
2007-03-16,2007,18.0
2007-03-19,2007,18.0
2007-03-20,2007,18.0
2007-03-21,2007,18.0
2007-03-22,2007,18.0
2007-03-23,2007,18.0
2007-03-26,2007,18.0
2007-03-27,2007,18.0
2007-03-28,2007,18.0
2007-03-29,2007,18.0
2007-03-30,2007,18.0
2007-04-02,2007,18.0
2007-04-03,2007,18.0
2007-04-04,2007,18.0
2007-04-05,2007,18.0
2007-04-09,2007,18.0
2007-04-10,2007,18.0
2007-04-11,2007,18.0
2007-04-12,2007,18.0
2007-04-13,2007,18.0
2007-04-16,2007,18.0
2007-04-17,2007,18.0
2007-04-18,2007,18.0
2007-04-19,2007,18.0
2007-04-20,2007,18.3
2007-04-23,2007,19.0
2007-04-24,2007,19.05
2007-04-25,2007,19.1
2007-04-26,2007,19.45
2007-04-27,2007,19.45
2007-04-30,2007,19.2
2007-05-02,2007,19.7
2007-05-03,2007,19.7
2007-05-04,2007,19.85
2007-05-07,2007,19.4
2007-05-08,2007,19.4
2007-05-09,2007,19.07
2007-05-10,2007,19.7
2007-05-11,2007,19.7
2007-05-14,2007,20.0
2007-05-15,2007,20.0
2007-05-16,2007,20.0
2007-05-17,2007,20.0
2007-05-18,2007,20.0
2007-05-21,2007,19.7
2007-05-22,2007,19.7
2007-05-23,2007,19.85
2007-05-24,2007,19.85
2007-05-25,2007,20.0
2007-05-28,2007,20.0
2007-05-29,2007,20.0
2007-05-30,2007,20.0
2007-05-31,2007,20.0
2007-06-01,2007,20.0
2007-06-04,2007,20.0
2007-06-05,2007,20.0
2007-06-06,2007,20.0
2007-06-08,2007,20.0
2007-06-11,2007,20.0
2007-06-12,2007,20.0
2007-06-13,2007,20.0
2007-06-14,2007,20.0
2007-06-15,2007,20.0
2007-06-18,2007,20.0
2007-06-19,2007,20.0
2007-06-20,2007,20.0
2007-06-21,2007,20.0
2007-06-22,2007,20.0
2007-06-25,2007,20.0
2007-06-26,2007,20.0
2007-06-27,2007,20.0
2007-06-28,2007,20.0
2007-06-29,2007,20.0
2007-07-02,2007,20.0
2007-07-03,2007,20.0
2007-07-04,2007,20.0
2007-07-05,2007,20.0
2007-07-06,2007,20.0
2007-07-09,2007,20.3
2007-07-10,2007,20.0
2007-07-11,2007,20.6
2007-07-12,2007,21.0
2007-07-13,2007,21.5
2007-07-16,2007,22.0
2007-07-17,2007,22.0
2007-07-18,2007,23.0
2007-07-19,2007,23.4
2007-07-20,2007,23.0
2007-07-23,2007,23.4
2007-07-24,2007,24.4
2007-07-25,2007,25.0
2007-07-26,2007,24.4
2007-07-27,2007,25.0
2007-07-30,2007,25.0
2007-07-31,2007,25.0
2007-08-01,2007,25.0
2007-08-02,2007,25.0
2007-08-03,2007,25.0
2007-08-06,2007,27.0
2007-08-07,2007,27.0
2007-08-08,2007,27.0
2007-08-09,2007,27.0
2007-08-10,2007,27.0
2007-08-13,2007,27.0
2007-08-14,2007,27.0
2007-08-15,2007,27.0
2007-08-16,2007,27.0
2007-08-17,2007,27.0
2007-08-20,2007,27.0
2007-08-21,2007,27.0
2007-08-22,2007,27.0
2007-08-23,2007,27.0
2007-08-24,2007,27.0
2007-08-27,2007,27.0
2007-08-28,2007,27.01
2007-08-29,2007,27.11
2007-08-30,2007,27.35
2007-08-31,2007,27.35
2007-09-03,2007,27.35
2007-09-04,2007,27.5
2007-09-05,2007,27.75
2007-09-06,2007,28.0
2007-09-10,2007,29.0
2007-09-11,2007,28.0
2007-09-12,2007,28.0
2007-09-13,2007,28.0
2007-09-14,2007,28.0
2007-09-17,2007,28.0
2007-09-18,2007,28.0
2007-09-19,2007,27.75
2007-09-20,2007,27.75
2007-09-21,2007,28.0
2007-09-24,2007,28.0
2007-09-25,2007,28.0
2007-09-26,2007,28.0
2007-09-27,2007,28.0
2007-09-28,2007,28.0
2007-10-01,2007,30.0
2007-10-02,2007,30.0
2007-10-03,2007,30.0
2007-10-04,2007,29.0
2007-10-05,2007,29.0
2007-10-08,2007,30.0
2007-10-09,2007,30.0
2007-10-10,2007,30.0
2007-10-11,2007,30.0
2007-10-15,2007,30.0
2007-10-16,2007,30.0
2007-10-17,2007,30.0
2007-10-18,2007,30.0
2007-10-19,2007,30.0
2007-10-22,2007,30.0
2007-10-23,2007,30.0
2007-10-24,2007,30.0
2007-10-25,2007,30.0
2007-10-26,2007,31.0
2007-10-29,2007,31.5
2007-10-30,2007,31.5
2007-10-31,2007,32.0
2007-11-01,2007,32.0
2007-11-05,2007,32.15
2007-11-06,2007,32.15
2007-11-07,2007,32.0
2007-11-08,2007,32.6
2007-11-09,2007,33.0
2007-11-12,2007,33.0
2007-11-13,2007,33.0
2007-11-14,2007,33.0
2007-11-16,2007,33.0
2007-11-19,2007,33.0
2007-11-20,2007,33.0
2007-11-21,2007,33.0
2007-11-22,2007,33.0
2007-11-23,2007,33.0
2007-11-26,2007,33.0
2007-11-27,2007,33.0
2007-11-28,2007,33.0
2007-11-29,2007,33.0
2007-11-30,2007,33.0
2007-12-03,2007,33.0
2007-12-04,2007,33.0
2007-12-05,2007,33.0
2007-12-06,2007,33.0
2007-12-07,2007,33.0
2007-12-10,2007,33.0
2007-12-11,2007,33.0
2007-12-12,2007,33.0
2007-12-13,2007,33.0
2007-12-14,2007,33.0
2007-12-17,2007,33.0
2007-12-18,2007,33.0
2007-12-19,2007,34.0
2007-12-20,2007,34.45
2007-12-21,2007,34.9
2007-12-24,2007,35.0
2007-12-26,2007,35.0
2007-12-27,2007,35.0
2007-12-28,2007,35.0
2007-12-31,2007,35.0
2008-01-02,2007,35.0
2008-01-03,2007,35.0
2008-01-04,2007,35.0
2008-01-07,2007,35.0
2008-01-08,2007,35.0
2008-01-09,2007,35.0
2008-01-10,2007,35.0
2008-01-11,2007,35.0
2008-01-14,2007,35.0
2008-01-15,2007,35.0
2008-01-16,2007,35.0
2008-01-17,2007,35.0
2008-01-18,2007,35.0
2008-01-21,2007,35.0
2008-01-22,2007,35.0
2008-01-23,2007,35.0
2008-01-24,2007,35.0
2008-01-25,2007,35.0
2004-01-22,2008,17.5
2004-01-23,2008,18.0
2004-01-26,2008,18.0
2004-01-27,2008,17.59
2004-01-28,2008,17.59
2004-01-29,2008,17.59
2004-01-30,2008,17.59
2004-02-02,2008,17.59
2004-02-03,2008,18.0
2004-02-04,2008,18.0
2004-02-05,2008,18.0
2004-02-06,2008,17.59
2004-02-09,2008,17.59
2004-02-10,2008,17.59
2004-02-11,2008,17.59
2004-02-12,2008,17.59
2004-02-13,2008,17.59
2004-02-16,2008,17.59
2004-02-17,2008,17.59
2004-02-18,2008,17.59
2004-02-19,2008,17.59
2004-02-20,2008,17.59
2004-02-25,2008,17.59
2004-02-26,2008,17.59
2004-02-27,2008,18.0
2004-03-01,2008,18.0
2004-03-02,2008,18.0
2004-03-03,2008,18.0
2004-03-04,2008,17.59
2004-03-05,2008,17.59
2004-03-08,2008,17.59
2004-03-09,2008,17.59
2004-03-10,2008,17.59
2004-03-11,2008,17.59
2004-03-12,2008,17.59
2004-03-15,2008,18.0
2004-03-16,2008,18.0
2004-03-17,2008,18.0
2004-03-18,2008,17.59
2004-03-19,2008,17.59
2004-03-22,2008,17.59
2004-03-23,2008,17.59
2004-03-24,2008,17.17
2004-03-25,2008,17.17
2004-03-26,2008,17.17
2004-03-29,2008,17.17
2004-03-30,2008,17.17
2004-03-31,2008,17.0
2004-04-01,2008,17.09
2004-04-02,2008,17.09
2004-04-05,2008,17.09
2004-04-06,2008,17.09
2004-04-07,2008,17.09
2004-04-08,2008,17.09
2004-04-12,2008,17.09
2004-04-13,2008,17.09
2004-04-14,2008,17.09
2004-04-15,2008,17.09
2004-04-16,2008,17.09
2004-04-19,2008,17.09
2004-04-20,2008,17.09
2004-04-22,2008,17.09
2004-04-23,2008,17.09
2004-04-26,2008,17.09
2004-04-27,2008,17.09
2004-04-28,2008,17.09
2004-04-29,2008,17.09
2004-04-30,2008,17.09
2004-05-03,2008,17.17
2004-05-04,2008,17.09
2004-05-05,2008,17.09
2004-05-06,2008,17.09
2004-05-07,2008,17.09
2004-05-10,2008,17.09
2004-05-11,2008,17.09
2004-05-12,2008,17.09
2004-05-13,2008,17.09
2004-05-14,2008,17.09
2004-05-17,2008,17.0
2004-05-18,2008,17.0
2004-05-19,2008,17.0
2004-05-20,2008,17.0
2004-05-21,2008,17.0
2004-05-24,2008,17.09
2004-05-25,2008,17.09
2004-05-26,2008,17.09
2004-05-27,2008,17.09
2004-05-28,2008,17.09
2004-05-31,2008,17.0
2004-06-01,2008,17.0
2004-06-02,2008,17.0
2004-06-03,2008,17.0
2004-06-04,2008,17.09
2004-06-07,2008,17.09
2004-06-08,2008,17.09
2004-06-09,2008,17.09
2004-06-11,2008,17.09
2004-06-14,2008,17.0
2004-06-15,2008,17.0
2004-06-16,2008,17.0
2004-06-17,2008,17.0
2004-06-18,2008,17.0
2004-06-21,2008,17.0
2004-06-22,2008,17.0
2004-06-23,2008,17.09
2004-06-24,2008,17.09
2004-06-25,2008,17.09
2004-06-28,2008,17.09
2004-06-29,2008,17.0
2004-06-30,2008,17.0
2004-07-01,2008,17.09
2004-07-02,2008,17.09
2004-07-05,2008,17.09
2004-07-06,2008,17.09
2004-07-07,2008,17.09
2004-07-08,2008,17.09
2004-07-09,2008,17.09
2004-07-12,2008,17.09
2004-07-13,2008,17.09
2004-07-14,2008,17.09
2004-07-15,2008,17.09
2004-07-16,2008,17.09
2004-07-19,2008,17.0
2004-07-20,2008,17.0
2004-07-21,2008,17.0
2004-07-22,2008,17.0
2004-07-23,2008,17.0
2004-07-26,2008,17.09
2004-07-27,2008,17.09
2004-07-28,2008,17.09
2004-07-29,2008,17.09
2004-07-30,2008,17.17
2004-08-02,2008,17.17
2004-08-03,2008,17.17
2004-08-04,2008,17.17
2004-08-05,2008,17.17
2004-08-06,2008,17.17
2004-08-09,2008,17.17
2004-08-10,2008,17.17
2004-08-11,2008,17.17
2004-08-12,2008,17.59
2004-08-13,2008,17.59
2004-08-16,2008,17.17
2004-08-17,2008,17.09
2004-08-18,2008,17.09
2004-08-19,2008,17.09
2004-08-20,2008,17.09
2004-08-23,2008,17.09
2004-08-24,2008,17.09
2004-08-25,2008,17.09
2004-08-26,2008,17.09
2004-08-27,2008,17.0
2004-08-30,2008,17.0
2004-08-31,2008,17.0
2004-09-01,2008,17.0
2004-09-02,2008,17.0
2004-09-03,2008,17.0
2004-09-06,2008,16.8
2004-09-08,2008,16.8
2004-09-09,2008,16.8
2004-09-10,2008,16.9
2004-09-13,2008,16.9
2004-09-14,2008,16.9
2004-09-15,2008,16.9
2004-09-16,2008,16.9
2004-09-17,2008,17.0
2004-09-20,2008,16.8
2004-09-21,2008,16.8
2004-09-22,2008,16.8
2004-09-23,2008,16.8
2004-09-24,2008,17.0
2004-09-27,2008,17.05
2004-09-28,2008,17.0
2004-09-29,2008,17.0
2004-09-30,2008,17.05
2004-10-01,2008,17.14
2004-10-04,2008,17.1
2004-10-05,2008,17.1
2004-10-06,2008,17.1
2004-10-07,2008,17.1
2004-10-08,2008,17.1
2004-10-11,2008,17.14
2004-10-13,2008,17.14
2004-10-14,2008,17.1
2004-10-15,2008,17.1
2004-10-18,2008,17.1
2004-10-19,2008,17.1
2004-10-20,2008,17.1
2004-10-21,2008,17.1
2004-10-22,2008,17.1
2004-10-25,2008,17.1
2004-10-26,2008,17.1
2004-10-27,2008,17.1
2004-10-28,2008,17.0
2004-10-29,2008,17.0
2004-11-03,2008,17.1
2004-11-04,2008,17.1
2004-11-05,2008,17.14
2004-11-08,2008,17.17
2004-11-09,2008,17.14
2004-11-10,2008,17.1
2004-11-11,2008,17.1
2004-11-12,2008,17.05
2004-11-16,2008,17.05
2004-11-17,2008,17.05
2004-11-18,2008,17.0
2004-11-19,2008,17.0
2004-11-22,2008,17.0
2004-11-23,2008,17.0
2004-11-24,2008,17.0
2004-11-25,2008,17.0
2004-11-26,2008,17.0
2004-11-29,2008,17.0
2004-11-30,2008,17.0
2004-12-01,2008,17.0
2004-12-02,2008,17.0
2004-12-03,2008,17.0
2004-12-06,2008,17.0
2004-12-07,2008,17.0
2004-12-08,2008,17.0
2004-12-09,2008,17.0
2004-12-10,2008,17.0
2004-12-13,2008,17.0
2004-12-14,2008,17.0
2004-12-15,2008,17.0
2004-12-16,2008,17.0
2004-12-17,2008,17.0
2004-12-20,2008,17.0
2004-12-21,2008,17.0
2004-12-22,2008,17.0
2004-12-23,2008,17.0
2004-12-27,2008,17.0
2004-12-28,2008,17.0
2004-12-29,2008,17.0
2004-12-30,2008,17.0
2005-01-03,2008,17.0
2005-01-04,2008,17.0
2005-01-05,2008,17.0
2005-01-06,2008,17.0
2005-01-07,2008,17.0
2005-01-10,2008,17.0
2005-01-11,2008,17.0
2005-01-12,2008,17.0
2005-01-13,2008,17.0
2005-01-14,2008,17.0
2005-01-17,2008,17.0
2005-01-18,2008,17.0
2005-01-19,2008,17.0
2005-01-20,2008,17.0
2005-01-21,2008,17.0
2005-01-24,2008,17.0
2005-01-25,2008,17.0
2005-01-26,2008,17.0
2005-01-27,2008,17.0
2005-01-28,2008,17.0
2005-01-31,2008,17.0
2005-02-01,2008,17.0
2005-02-02,2008,17.0
2005-02-03,2008,17.0
2005-02-04,2008,17.0
2005-02-09,2008,17.0
2005-02-10,2008,17.0
2005-02-11,2008,17.0
2005-02-14,2008,17.0
2005-02-15,2008,17.0
2005-02-16,2008,17.0
2005-02-17,2008,17.0
2005-02-18,2008,17.0
2005-02-21,2008,17.0
2005-02-22,2008,17.0
2005-02-23,2008,17.0
2005-02-24,2008,17.0
2005-02-25,2008,17.0
2005-02-28,2008,17.0
2005-03-01,2008,17.0
2005-03-02,2008,17.0
2005-03-03,2008,17.0
2005-03-04,2008,17.0
2005-03-07,2008,17.15
2005-03-08,2008,17.15
2005-03-09,2008,17.15
2005-03-10,2008,17.15
2005-03-11,2008,17.15
2005-03-14,2008,17.15
2005-03-15,2008,17.15
2005-03-16,2008,17.15
2005-03-17,2008,17.3
2005-03-18,2008,17.65
2005-03-21,2008,18.0
2005-03-22,2008,18.0
2005-03-23,2008,18.0
2005-03-24,2008,18.0
2005-03-28,2008,18.0
2005-03-29,2008,18.0
2005-03-30,2008,18.0
2005-03-31,2008,18.0
2005-04-01,2008,18.0
2005-04-04,2008,18.0
2005-04-05,2008,18.0
2005-04-06,2008,18.0
2005-04-07,2008,18.0
2005-04-08,2008,18.0
2005-04-11,2008,18.0
2005-04-12,2008,18.0
2005-04-13,2008,18.0
2005-04-14,2008,18.0
2005-04-15,2008,18.0
2005-04-18,2008,17.65
2005-04-19,2008,17.65
2005-04-20,2008,17.65
2005-04-22,2008,18.0
2005-04-25,2008,18.0
2005-04-26,2008,18.0
2005-04-27,2008,18.0
2005-04-28,2008,18.0
2005-04-29,2008,18.0
2005-05-02,2008,18.0
2005-05-03,2008,18.0
2005-05-04,2008,18.0
2005-05-05,2008,18.0
2005-05-06,2008,18.0
2005-05-09,2008,18.0
2005-05-10,2008,18.0
2005-05-11,2008,18.0
2005-05-12,2008,18.0
2005-05-13,2008,18.0
2005-05-16,2008,18.0
2005-05-17,2008,18.0
2005-05-18,2008,18.0
2005-05-19,2008,18.0
2005-05-20,2008,18.0
2005-05-23,2008,18.0
2005-05-24,2008,18.0
2005-05-25,2008,18.0
2005-05-27,2008,18.0
2005-05-30,2008,18.0
2005-05-31,2008,18.0
2005-06-01,2008,18.0
2005-06-02,2008,18.0
2005-06-03,2008,18.0
2005-06-06,2008,18.0
2005-06-07,2008,18.0
2005-06-08,2008,18.0
2005-06-09,2008,18.0
2005-06-10,2008,18.0
2005-06-13,2008,18.0
2005-06-14,2008,18.0
2005-06-15,2008,18.0
2005-06-16,2008,18.0
2005-06-17,2008,18.0
2005-06-20,2008,18.0
2005-06-21,2008,18.0
2005-06-22,2008,18.0
2005-06-23,2008,18.0
2005-06-24,2008,18.0
2005-06-27,2008,18.0
2005-06-28,2008,18.0
2005-06-29,2008,18.0
2005-06-30,2008,18.0
2005-07-01,2008,18.0
2005-07-04,2008,18.0
2005-07-05,2008,18.0
2005-07-06,2008,18.0
2005-07-07,2008,18.0
2005-07-08,2008,18.0
2005-07-11,2008,18.0
2005-07-12,2008,18.0
2005-07-13,2008,18.0
2005-07-14,2008,18.0
2005-07-15,2008,18.0
2005-07-18,2008,18.0
2005-07-19,2008,18.0
2005-07-20,2008,18.0
2005-07-21,2008,18.0
2005-07-22,2008,18.0
2005-07-25,2008,18.0
2005-07-26,2008,18.0
2005-07-27,2008,18.0
2005-07-28,2008,18.0
2005-07-29,2008,18.0
2005-08-01,2008,18.0
2005-08-02,2008,18.0
2005-08-03,2008,18.0
2005-08-04,2008,17.5
2005-08-05,2008,17.5
2005-08-08,2008,17.5
2005-08-09,2008,17.5
2005-08-10,2008,17.5
2005-08-11,2008,18.0
2005-08-12,2008,18.0
2005-08-15,2008,18.0
2005-08-16,2008,18.0
2005-08-17,2008,18.0
2005-08-18,2008,18.0
2005-08-19,2008,17.5
2005-08-22,2008,18.0
2005-08-23,2008,18.0
2005-08-24,2008,18.0
2005-08-25,2008,18.0
2005-08-26,2008,18.0
2005-08-29,2008,18.0
2005-08-30,2008,18.0
2005-08-31,2008,18.0
2005-09-01,2008,18.0
2005-09-02,2008,18.0
2005-09-05,2008,18.0
2005-09-06,2008,18.0
2005-09-08,2008,18.0
2005-09-09,2008,18.0
2005-09-12,2008,18.0
2005-09-13,2008,18.0
2005-09-14,2008,18.0
2005-09-15,2008,18.0
2005-09-16,2008,18.0
2005-09-19,2008,18.0
2005-09-20,2008,18.0
2005-09-21,2008,18.0
2005-09-22,2008,18.0
2005-09-23,2008,17.5
2005-09-26,2008,17.0
2005-09-27,2008,17.0
2005-09-28,2008,17.0
2005-09-29,2008,17.0
2005-09-30,2008,17.0
2005-10-03,2008,17.5
2005-10-04,2008,17.5
2005-10-05,2008,17.5
2005-10-06,2008,17.5
2005-10-07,2008,18.0
2005-10-10,2008,18.0
2005-10-11,2008,18.0
2005-10-13,2008,18.0
2005-10-14,2008,18.0
2005-10-17,2008,18.0
2005-10-18,2008,17.5
2005-10-19,2008,18.0
2005-10-20,2008,18.0
2005-10-21,2008,18.0
2005-10-24,2008,18.0
2005-10-25,2008,18.0
2005-10-26,2008,18.0
2005-10-27,2008,18.0
2005-10-28,2008,18.0
2005-10-31,2008,18.0
2005-11-01,2008,18.0
2005-11-03,2008,18.0
2005-11-04,2008,18.0
2005-11-07,2008,18.0
2005-11-08,2008,17.5
2005-11-09,2008,17.5
2005-11-10,2008,17.5
2005-11-11,2008,18.0
2005-11-14,2008,17.5
2005-11-16,2008,18.0
2005-11-17,2008,18.0
2005-11-18,2008,18.0
2005-11-21,2008,18.0
2005-11-22,2008,18.0
2005-11-23,2008,17.5
2005-11-24,2008,17.5
2005-11-25,2008,17.5
2005-11-28,2008,18.0
2005-11-29,2008,17.5
2005-11-30,2008,17.5
2005-12-01,2008,17.0
2005-12-02,2008,17.0
2005-12-05,2008,17.0
2005-12-06,2008,17.0
2005-12-07,2008,17.0
2005-12-08,2008,17.0
2005-12-09,2008,17.0
2005-12-12,2008,17.0
2005-12-13,2008,17.0
2005-12-14,2008,17.0
2005-12-15,2008,17.0
2005-12-16,2008,17.0
2005-12-19,2008,17.0
2005-12-20,2008,17.0
2005-12-21,2008,17.0
2005-12-22,2008,17.0
2005-12-23,2008,17.0
2005-12-26,2008,17.0
2005-12-27,2008,17.0
2005-12-28,2008,18.0
2005-12-29,2008,18.0
2005-12-30,2008,18.0
2006-01-02,2008,18.0
2006-01-03,2008,17.0
2006-01-04,2008,17.0
2006-01-05,2008,17.0
2006-01-06,2008,17.0
2006-01-09,2008,17.1
2006-01-10,2008,17.55
2006-01-11,2008,17.1
2006-01-12,2008,17.05
2006-01-13,2008,17.05
2006-01-16,2008,17.05
2006-01-17,2008,17.05
2006-01-18,2008,17.05
2006-01-19,2008,17.05
2006-01-20,2008,17.05
2006-01-23,2008,17.0
2006-01-24,2008,17.0
2006-01-25,2008,17.0
2006-01-26,2008,17.1
2006-01-27,2008,17.1
2006-01-30,2008,17.1
2006-01-31,2008,17.1
2006-02-01,2008,17.1
2006-02-02,2008,17.55
2006-02-03,2008,18.0
2006-02-06,2008,18.0
2006-02-07,2008,18.0
2006-02-08,2008,18.0
2006-02-09,2008,18.0
2006-02-10,2008,17.1
2006-02-13,2008,17.05
2006-02-14,2008,17.05
2006-02-15,2008,17.05
2006-02-16,2008,17.05
2006-02-17,2008,17.05
2006-02-20,2008,17.05
2006-02-21,2008,17.05
2006-02-22,2008,17.05
2006-02-23,2008,17.0
2006-02-24,2008,17.0
2006-03-01,2008,17.0
2006-03-02,2008,17.0
2006-03-03,2008,17.05
2006-03-06,2008,17.0
2006-03-07,2008,17.0
2006-03-08,2008,17.0
2006-03-09,2008,17.0
2006-03-10,2008,17.0
2006-03-13,2008,17.0
2006-03-14,2008,17.0
2006-03-15,2008,17.0
2006-03-16,2008,17.0
2006-03-17,2008,17.0
2006-03-20,2008,17.0
2006-03-21,2008,17.08
2006-03-22,2008,17.08
2006-03-23,2008,17.08
2006-03-24,2008,18.0
2006-03-27,2008,18.0
2006-03-28,2008,18.0
2006-03-29,2008,18.0
2006-03-30,2008,18.0
2006-03-31,2008,17.54
2006-04-03,2008,17.09
2006-04-04,2008,17.09
2006-04-05,2008,17.09
2006-04-06,2008,17.09
2006-04-07,2008,17.09
2006-04-10,2008,17.55
2006-04-11,2008,18.0
2006-04-12,2008,18.0
2006-04-13,2008,17.55
2006-04-17,2008,17.05
2006-04-18,2008,17.05
2006-04-19,2008,17.01
2006-04-20,2008,17.01
2006-04-24,2008,17.01
2006-04-25,2008,17.05
2006-04-26,2008,17.05
2006-04-27,2008,17.01
2006-04-28,2008,17.05
2006-05-02,2008,17.05
2006-05-03,2008,17.05
2006-05-04,2008,17.0
2006-05-05,2008,17.05
2006-05-08,2008,17.04
2006-05-09,2008,17.04
2006-05-10,2008,17.04
2006-05-11,2008,17.08
2006-05-12,2008,17.08
2006-05-15,2008,17.08
2006-05-16,2008,17.08
2006-05-17,2008,17.08
2006-05-18,2008,17.54
2006-05-19,2008,17.08
2006-05-22,2008,17.08
2006-05-23,2008,17.08
2006-05-24,2008,17.08
2006-05-25,2008,17.08
2006-05-26,2008,17.08
2006-05-29,2008,17.04
2006-05-30,2008,17.0
2006-05-31,2008,17.54
2006-06-01,2008,17.54
2006-06-02,2008,17.54
2006-06-05,2008,17.54
2006-06-06,2008,17.55
2006-06-07,2008,17.55
2006-06-08,2008,17.1
2006-06-09,2008,17.1
2006-06-12,2008,17.0
2006-06-13,2008,17.0
2006-06-14,2008,17.0
2006-06-16,2008,17.0
2006-06-19,2008,17.0
2006-06-20,2008,17.0
2006-06-21,2008,17.0
2006-06-22,2008,17.0
2006-06-23,2008,17.0
2006-06-26,2008,17.0
2006-06-27,2008,17.0
2006-06-28,2008,17.0
2006-06-29,2008,17.0
2006-06-30,2008,17.0
2006-07-03,2008,17.0
2006-07-04,2008,17.0
2006-07-05,2008,17.0
2006-07-06,2008,17.0
2006-07-07,2008,17.0
2006-07-10,2008,17.0
2006-07-11,2008,17.0
2006-07-12,2008,17.0
2006-07-13,2008,17.0
2006-07-14,2008,17.0
2006-07-17,2008,17.0
2006-07-18,2008,17.0
2006-07-19,2008,17.0
2006-07-20,2008,17.0
2006-07-21,2008,17.0
2006-07-24,2008,17.0
2006-07-25,2008,17.0
2006-07-26,2008,17.0
2006-07-27,2008,17.0
2006-07-28,2008,17.0
2006-07-31,2008,17.0
2006-08-01,2008,17.0
2006-08-02,2008,17.0
2006-08-03,2008,17.0
2006-08-04,2008,17.0
2006-08-07,2008,17.0
2006-08-08,2008,17.0
2006-08-09,2008,17.0
2006-08-10,2008,17.0
2006-08-11,2008,17.05
2006-08-14,2008,17.1
2006-08-15,2008,17.55
2006-08-16,2008,17.55
2006-08-17,2008,18.0
2006-08-18,2008,17.55
2006-08-21,2008,18.0
2006-08-22,2008,18.0
2006-08-23,2008,17.55
2006-08-24,2008,17.55
2006-08-25,2008,17.1
2006-08-28,2008,17.1
2006-08-29,2008,17.55
2006-08-30,2008,17.55
2006-08-31,2008,17.01
2006-09-01,2008,17.01
2006-09-04,2008,17.01
2006-09-05,2008,17.01
2006-09-06,2008,17.01
2006-09-08,2008,17.0
2006-09-11,2008,17.0
2006-09-12,2008,17.0
2006-09-13,2008,17.0
2006-09-14,2008,17.0
2006-09-15,2008,17.0
2006-09-18,2008,17.0
2006-09-19,2008,17.0
2006-09-20,2008,17.0
2006-09-21,2008,17.0
2006-09-22,2008,17.0
2006-09-25,2008,17.01
2006-09-26,2008,17.01
2006-09-27,2008,17.01
2006-09-28,2008,17.0
2006-09-29,2008,17.0
2006-10-02,2008,17.0
2006-10-03,2008,17.0
2006-10-04,2008,17.0
2006-10-05,2008,17.0
2006-10-06,2008,17.0
2006-10-09,2008,17.0
2006-10-10,2008,17.0
2006-10-11,2008,17.0
2006-10-13,2008,17.0
2006-10-16,2008,16.75
2006-10-17,2008,16.75
2006-10-18,2008,17.0
2006-10-19,2008,17.0
2006-10-20,2008,17.0
2006-10-23,2008,17.0
2006-10-24,2008,17.0
2006-10-25,2008,17.0
2006-10-26,2008,17.0
2006-10-27,2008,17.0
2006-10-30,2008,17.0
2006-10-31,2008,17.0
2006-11-01,2008,17.0
2006-11-03,2008,17.0
2006-11-06,2008,17.0
2006-11-07,2008,17.0
2006-11-08,2008,17.0
2006-11-09,2008,17.0
2006-11-10,2008,17.0
2006-11-13,2008,17.0
2006-11-14,2008,17.0
2006-11-16,2008,17.0
2006-11-17,2008,17.0
2006-11-20,2008,17.0
2006-11-21,2008,17.0
2006-11-22,2008,17.0
2006-11-23,2008,17.0
2006-11-24,2008,17.0
2006-11-27,2008,17.0
2006-11-28,2008,17.0
2006-11-29,2008,17.0
2006-11-30,2008,17.0
2006-12-01,2008,17.0
2006-12-04,2008,17.0
2006-12-05,2008,17.0
2006-12-06,2008,17.0
2006-12-07,2008,17.0
2006-12-08,2008,17.0
2006-12-11,2008,17.0
2006-12-12,2008,17.0
2006-12-13,2008,17.0
2006-12-14,2008,17.0
2006-12-15,2008,17.0
2006-12-18,2008,17.0
2006-12-19,2008,17.0
2006-12-20,2008,17.0
2006-12-21,2008,17.0
2006-12-22,2008,17.0
2006-12-26,2008,17.5
2006-12-27,2008,17.5
2006-12-28,2008,17.5
2006-12-29,2008,17.0
2007-01-02,2008,17.0
2007-01-03,2008,17.5
2007-01-04,2008,18.0
2007-01-05,2008,17.5
2007-01-08,2008,18.0
2007-01-09,2008,17.5
2007-01-10,2008,17.5
2007-01-11,2008,17.5
2007-01-12,2008,17.5
2007-01-15,2008,18.0
2007-01-16,2008,18.0
2007-01-17,2008,18.0
2007-01-18,2008,18.0
2007-01-19,2008,18.0
2007-01-22,2008,18.0
2007-01-23,2008,18.0
2007-01-24,2008,18.0
2007-01-25,2008,18.0
2007-01-26,2008,18.0
2007-01-29,2008,18.0
2007-01-30,2008,18.0
2007-01-31,2008,18.0
2007-02-01,2008,18.0
2007-02-02,2008,18.0
2007-02-05,2008,18.0
2007-02-06,2008,18.0
2007-02-07,2008,18.0
2007-02-08,2008,18.0
2007-02-09,2008,18.0
2007-02-12,2008,18.2
2007-02-13,2008,18.2
2007-02-14,2008,18.0
2007-02-15,2008,18.0
2007-02-16,2008,18.0
2007-02-21,2008,18.2
2007-02-22,2008,18.4
2007-02-23,2008,18.2
2007-02-26,2008,18.0
2007-02-27,2008,18.0
2007-02-28,2008,18.0
2007-03-01,2008,18.4
2007-03-02,2008,18.2
2007-03-05,2008,18.45
2007-03-06,2008,18.4
2007-03-07,2008,18.4
2007-03-08,2008,18.2
2007-03-09,2008,18.0
2007-03-12,2008,18.0
2007-03-13,2008,18.0
2007-03-14,2008,18.0
2007-03-15,2008,18.0
2007-03-16,2008,18.0
2007-03-19,2008,18.0
2007-03-20,2008,18.0
2007-03-21,2008,18.0
2007-03-22,2008,18.0
2007-03-23,2008,18.0
2007-03-26,2008,18.0
2007-03-27,2008,18.0
2007-03-28,2008,18.0
2007-03-29,2008,18.0
2007-03-30,2008,18.0
2007-04-02,2008,18.0
2007-04-03,2008,18.0
2007-04-04,2008,18.0
2007-04-05,2008,18.0
2007-04-09,2008,18.0
2007-04-10,2008,18.0
2007-04-11,2008,18.2
2007-04-12,2008,18.2
2007-04-13,2008,18.7
2007-04-16,2008,19.0
2007-04-17,2008,19.0
2007-04-18,2008,18.7
2007-04-19,2008,18.7
2007-04-20,2008,19.0
2007-04-23,2008,19.0
2007-04-24,2008,19.0
2007-04-25,2008,19.0
2007-04-26,2008,19.0
2007-04-27,2008,19.0
2007-04-30,2008,19.0
2007-05-02,2008,19.0
2007-05-03,2008,19.0
2007-05-04,2008,19.0
2007-05-07,2008,19.0
2007-05-08,2008,19.0
2007-05-09,2008,19.0
2007-05-10,2008,19.35
2007-05-11,2008,19.35
2007-05-14,2008,19.68
2007-05-15,2008,20.0
2007-05-16,2008,20.0
2007-05-17,2008,20.0
2007-05-18,2008,20.0
2007-05-21,2008,20.0
2007-05-22,2008,20.0
2007-05-23,2008,20.0
2007-05-24,2008,20.0
2007-05-25,2008,20.0
2007-05-28,2008,20.0
2007-05-29,2008,20.0
2007-05-30,2008,20.0
2007-05-31,2008,20.0
2007-06-01,2008,20.0
2007-06-04,2008,20.0
2007-06-05,2008,20.0
2007-06-06,2008,20.0
2007-06-08,2008,20.0
2007-06-11,2008,20.0
2007-06-12,2008,20.0
2007-06-13,2008,20.0
2007-06-14,2008,20.0
2007-06-15,2008,20.0
2007-06-18,2008,20.0
2007-06-19,2008,20.0
2007-06-20,2008,20.0
2007-06-21,2008,20.0
2007-06-22,2008,20.0
2007-06-25,2008,20.0
2007-06-26,2008,20.0
2007-06-27,2008,20.0
2007-06-28,2008,20.0
2007-06-29,2008,20.0
2007-07-02,2008,20.0
2007-07-03,2008,20.0
2007-07-04,2008,20.0
2007-07-05,2008,20.0
2007-07-06,2008,20.0
2007-07-09,2008,20.0
2007-07-10,2008,20.0
2007-07-11,2008,20.0
2007-07-12,2008,20.0
2007-07-13,2008,20.0
2007-07-16,2008,20.0
2007-07-17,2008,20.0
2007-07-18,2008,20.0
2007-07-19,2008,20.0
2007-07-20,2008,20.0
2007-07-23,2008,20.0
2007-07-24,2008,20.0
2007-07-25,2008,20.0
2007-07-26,2008,20.0
2007-07-27,2008,20.0
2007-07-30,2008,21.0
2007-07-31,2008,21.0
2007-08-01,2008,21.0
2007-08-02,2008,21.0
2007-08-03,2008,22.0
2007-08-06,2008,22.0
2007-08-07,2008,22.0
2007-08-08,2008,22.0
2007-08-09,2008,22.0
2007-08-10,2008,22.0
2007-08-13,2008,22.0
2007-08-14,2008,22.0
2007-08-15,2008,22.0
2007-08-16,2008,22.5
2007-08-17,2008,22.5
2007-08-20,2008,22.0
2007-08-21,2008,22.0
2007-08-22,2008,22.0
2007-08-23,2008,22.0
2007-08-24,2008,22.5
2007-08-27,2008,23.0
2007-08-28,2008,22.5
2007-08-29,2008,22.5
2007-08-30,2008,22.5
2007-08-31,2008,22.0
2007-09-03,2008,22.0
2007-09-04,2008,22.0
2007-09-05,2008,22.0
2007-09-06,2008,22.0
2007-09-10,2008,22.0
2007-09-11,2008,22.0
2007-09-12,2008,22.0
2007-09-13,2008,22.0
2007-09-14,2008,22.0
2007-09-17,2008,22.0
2007-09-18,2008,22.0
2007-09-19,2008,22.0
2007-09-20,2008,22.0
2007-09-21,2008,22.0
2007-09-24,2008,22.0
2007-09-25,2008,22.0
2007-09-26,2008,22.0
2007-09-27,2008,22.0
2007-09-28,2008,22.0
2007-10-01,2008,22.0
2007-10-02,2008,22.0
2007-10-03,2008,22.0
2007-10-04,2008,22.0
2007-10-05,2008,22.0
2007-10-08,2008,22.0
2007-10-09,2008,22.0
2007-10-10,2008,22.0
2007-10-11,2008,22.0
2007-10-15,2008,22.0
2007-10-16,2008,22.5
2007-10-17,2008,22.0
2007-10-18,2008,22.5
2007-10-19,2008,23.8
2007-10-22,2008,24.4
2007-10-23,2008,23.8
2007-10-24,2008,23.8
2007-10-25,2008,23.8
2007-10-26,2008,25.0
2007-10-29,2008,25.0
2007-10-30,2008,25.0
2007-10-31,2008,25.0
2007-11-01,2008,25.0
2007-11-05,2008,25.0
2007-11-06,2008,25.0
2007-11-07,2008,25.0
2007-11-08,2008,25.0
2007-11-09,2008,25.0
2007-11-12,2008,25.0
2007-11-13,2008,25.0
2007-11-14,2008,25.0
2007-11-16,2008,25.0
2007-11-19,2008,25.0
2007-11-20,2008,25.0
2007-11-21,2008,25.0
2007-11-22,2008,25.0
2007-11-23,2008,25.0
2007-11-26,2008,25.0
2007-11-27,2008,25.0
2007-11-28,2008,25.0
2007-11-29,2008,25.0
2007-11-30,2008,25.0
2007-12-03,2008,25.0
2007-12-04,2008,25.0
2007-12-05,2008,25.0
2007-12-06,2008,25.0
2007-12-07,2008,25.0
2007-12-10,2008,25.0
2007-12-11,2008,25.0
2007-12-12,2008,25.0
2007-12-13,2008,25.0
2007-12-14,2008,25.0
2007-12-17,2008,25.0
2007-12-18,2008,25.0
2007-12-19,2008,28.0
2007-12-20,2008,28.0
2007-12-21,2008,27.0
2007-12-24,2008,26.5
2007-12-26,2008,26.5
2007-12-27,2008,26.5
2007-12-28,2008,27.0
2007-12-31,2008,27.0
2008-01-02,2008,27.0
2008-01-03,2008,27.5
2008-01-04,2008,27.5
2008-01-07,2008,28.0
2008-01-08,2008,28.0
2008-01-09,2008,28.0
2008-01-10,2008,28.0
2008-01-11,2008,28.0
2008-01-14,2008,28.0
2008-01-15,2008,28.0
2008-01-16,2008,28.0
2008-01-17,2008,28.0
2008-01-18,2008,28.0
2008-01-21,2008,28.0
2008-01-22,2008,28.0
2008-01-23,2008,28.0
2008-01-24,2008,28.0
2008-01-25,2008,28.0
2008-01-28,2008,29.0
2008-01-29,2008,28.5
2008-01-30,2008,28.0
2008-01-31,2008,28.0
2008-02-01,2008,28.0
2008-02-06,2008,28.5
2008-02-07,2008,29.5
2008-02-08,2008,30.0
2008-02-11,2008,30.0
2008-02-12,2008,30.0
2008-02-13,2008,29.5
2008-02-14,2008,29.0
2008-02-15,2008,29.5
2008-02-18,2008,29.5
2008-02-19,2008,29.0
2008-02-20,2008,29.0
2008-02-21,2008,29.0
2008-02-22,2008,29.0
2008-02-25,2008,28.0
2008-02-26,2008,28.0
2008-02-27,2008,29.0
2008-02-28,2008,29.0
2008-02-29,2008,29.0
2008-03-03,2008,29.5
2008-03-04,2008,29.5
2008-03-05,2008,29.0
2008-03-06,2008,29.0
2008-03-07,2008,29.0
2008-03-10,2008,29.0
2008-03-11,2008,28.5
2008-03-12,2008,29.0
2008-03-13,2008,29.0
2008-03-14,2008,29.0
2008-03-17,2008,29.5
2008-03-18,2008,29.5
2008-03-19,2008,30.0
2008-03-20,2008,30.0
2008-03-24,2008,30.0
2008-03-25,2008,30.0
2008-03-26,2008,30.0
2008-03-27,2008,30.0
2008-03-28,2008,30.0
2008-03-31,2008,30.0
2008-04-01,2008,30.0
2008-04-02,2008,30.0
2008-04-03,2008,30.0
2008-04-04,2008,30.0
2008-04-07,2008,30.0
2008-04-08,2008,30.0
2008-04-09,2008,30.0
2008-04-10,2008,30.0
2008-04-11,2008,30.0
2008-04-14,2008,30.0
2008-04-15,2008,30.0
2008-04-16,2008,30.0
2008-04-17,2008,30.0
2008-04-18,2008,30.0
2008-04-22,2008,30.0
2008-04-23,2008,30.0
2008-04-24,2008,30.0
2008-04-25,2008,30.0
2008-04-28,2008,30.0
2008-04-29,2008,30.0
2008-04-30,2008,30.0
2008-05-02,2008,30.0
2008-05-05,2008,30.5
2008-05-06,2008,30.5
2008-05-07,2008,31.0
2008-05-08,2008,31.15
2008-05-09,2008,31.0
2008-05-12,2008,31.65
2008-05-13,2008,31.65
2008-05-14,2008,32.0
2008-05-15,2008,31.65
2008-05-16,2008,32.0
2008-05-19,2008,31.3
2008-05-20,2008,31.3
2008-05-21,2008,31.3
2008-05-23,2008,31.3
2008-05-26,2008,31.3
2008-05-27,2008,32.0
2008-05-28,2008,32.0
2008-05-29,2008,32.0
2008-05-30,2008,33.0
2008-06-02,2008,33.0
2008-06-03,2008,33.0
2008-06-04,2008,33.0
2008-06-05,2008,33.0
2008-06-06,2008,33.0
2008-06-09,2008,33.0
2008-06-10,2008,33.5
2008-06-11,2008,34.0
2008-06-12,2008,34.15
2008-06-13,2008,34.15
2008-06-16,2008,34.3
2008-06-17,2008,34.3
2008-06-18,2008,34.3
2008-06-19,2008,34.0
2008-06-20,2008,34.0
2008-06-23,2008,34.0
2008-06-24,2008,34.0
2008-06-25,2008,34.0
2008-06-26,2008,34.0
2008-06-27,2008,34.0
2008-06-30,2008,34.0
2008-07-01,2008,34.0
2008-07-02,2008,34.0
2008-07-03,2008,33.0
2008-07-04,2008,33.5
2008-07-07,2008,33.0
2008-07-08,2008,33.5
2008-07-09,2008,33.5
2008-07-10,2008,33.5
2008-07-11,2008,33.0
2008-07-14,2008,33.0
2008-07-15,2008,33.0
2008-07-16,2008,33.0
2008-07-17,2008,33.0
2008-07-18,2008,33.0
2008-07-21,2008,33.0
2008-07-22,2008,33.0
2008-07-23,2008,33.0
2008-07-24,2008,34.0
2008-07-25,2008,34.0
2008-07-28,2008,34.0
2008-07-29,2008,33.0
2008-07-30,2008,33.0
2008-07-31,2008,33.0
2008-08-01,2008,34.0
2008-08-04,2008,34.0
2008-08-05,2008,34.0
2008-08-06,2008,33.5
2008-08-07,2008,34.0
2008-08-08,2008,34.5
2008-08-11,2008,34.5
2008-08-12,2008,34.5
2008-08-13,2008,34.8
2008-08-14,2008,34.65
2008-08-15,2008,34.65
2008-08-18,2008,34.5
2008-08-19,2008,34.5
2008-08-20,2008,34.5
2008-08-21,2008,34.5
2008-08-22,2008,34.5
2008-08-25,2008,34.5
2008-08-26,2008,34.5
2008-08-27,2008,34.5
2008-08-28,2008,34.5
2008-08-29,2008,35.0
2008-09-01,2008,34.75
2008-09-02,2008,34.5
2008-09-03,2008,34.5
2008-09-04,2008,34.5
2008-09-05,2008,34.5
2008-09-08,2008,34.5
2008-09-09,2008,34.5
2008-09-10,2008,34.5
2008-09-11,2008,34.6
2008-09-12,2008,34.6
2008-09-15,2008,34.6
2008-09-16,2008,34.6
2008-09-17,2008,34.6
2008-09-18,2008,34.8
2008-09-19,2008,35.0
2008-09-22,2008,35.0
2008-09-23,2008,35.0
2008-09-24,2008,35.0
2008-09-25,2008,35.0
2008-09-26,2008,35.0
2008-09-29,2008,35.0
2008-09-30,2008,35.0
2008-10-01,2008,35.0
2008-10-02,2008,35.0
2008-10-03,2008,35.0
2008-10-06,2008,35.0
2008-10-07,2008,35.0
2008-10-08,2008,35.0
2008-10-09,2008,35.0
2008-10-10,2008,35.0
2008-10-13,2008,35.0
2008-10-14,2008,35.0
2008-10-15,2008,35.0
2008-10-16,2008,35.0
2008-10-17,2008,35.0
2008-10-20,2008,35.0
2008-10-21,2008,35.0
2008-10-22,2008,35.0
2008-10-23,2008,35.0
2008-10-24,2008,35.0
2008-10-27,2008,35.0
2008-10-28,2008,35.0
2008-10-29,2008,35.0
2008-10-30,2008,35.0
2008-10-31,2008,35.0
2008-11-03,2008,35.0
2008-11-04,2008,35.0
2008-11-05,2008,35.0
2008-11-06,2008,35.0
2008-11-07,2008,35.0
2008-11-10,2008,35.0
2008-11-11,2008,35.0
2008-11-12,2008,35.0
2008-11-13,2008,35.0
2008-11-14,2008,35.0
2008-11-17,2008,35.0
2008-11-18,2008,35.0
2008-11-19,2008,35.0
2008-11-20,2008,35.0
2008-11-21,2008,35.0
2008-11-24,2008,35.0
2008-11-25,2008,35.0
2008-11-26,2008,35.0
2008-11-27,2008,35.0
2008-11-28,2008,35.0
2008-12-01,2008,35.0
2008-12-02,2008,35.0
2008-12-03,2008,35.0
2008-12-04,2008,35.0
2008-12-05,2008,35.0
2008-12-08,2008,35.0
2008-12-09,2008,35.0
2008-12-10,2008,35.0
2008-12-11,2008,35.0
2008-12-12,2008,35.0
2008-12-15,2008,35.5
2008-12-16,2008,35.5
2008-12-17,2008,35.5
2008-12-18,2008,36.0
2008-12-19,2008,36.9
2008-12-22,2008,37.0
2008-12-23,2008,37.0
2008-12-24,2008,37.0
2008-12-26,2008,36.45
2008-12-29,2008,36.5
2008-12-30,2008,37.0
2008-12-31,2008,37.0
2009-01-02,2008,37.0
2009-01-05,2008,36.0
2009-01-06,2008,36.0
2009-01-07,2008,36.0
2009-01-08,2008,36.0
2009-01-09,2008,38.0
2009-01-12,2008,37.5
2009-01-13,2008,37.5
2009-01-14,2008,38.0
2009-01-15,2008,38.0
2009-01-16,2008,38.0
2009-01-19,2008,38.0
2009-01-20,2008,38.0
2009-01-21,2008,38.0
2009-01-22,2008,38.0
2009-01-23,2008,38.0
2005-01-14,2009,18.0
2005-01-17,2009,18.0
2005-01-18,2009,18.0
2005-01-19,2009,18.0
2005-01-20,2009,18.0
2005-01-21,2009,18.0
2005-01-24,2009,18.0
2005-01-25,2009,18.0
2005-01-26,2009,18.0
2005-01-27,2009,18.0
2005-01-28,2009,17.0
2005-01-31,2009,17.0
2005-02-01,2009,17.0
2005-02-02,2009,17.0
2005-02-03,2009,17.0
2005-02-04,2009,17.0
2005-02-09,2009,17.0
2005-02-10,2009,17.0
2005-02-11,2009,17.0
2005-02-14,2009,17.0
2005-02-15,2009,16.75
2005-02-16,2009,16.75
2005-02-17,2009,16.75
2005-02-18,2009,16.5
2005-02-21,2009,16.5
2005-02-22,2009,16.5
2005-02-23,2009,16.5
2005-02-24,2009,16.5
2005-02-25,2009,16.5
2005-02-28,2009,16.75
2005-03-01,2009,16.75
2005-03-02,2009,16.75
2005-03-03,2009,16.25
2005-03-04,2009,16.25
2005-03-07,2009,17.0
2005-03-08,2009,17.0
2005-03-09,2009,17.0
2005-03-10,2009,17.0
2005-03-11,2009,17.0
2005-03-14,2009,17.0
2005-03-15,2009,17.0
2005-03-16,2009,17.0
2005-03-17,2009,17.0
2005-03-18,2009,17.5
2005-03-21,2009,18.0
2005-03-22,2009,17.75
2005-03-23,2009,17.75
2005-03-24,2009,17.5
2005-03-28,2009,17.75
2005-03-29,2009,17.75
2005-03-30,2009,17.75
2005-03-31,2009,17.75
2005-04-01,2009,17.75
2005-04-04,2009,17.75
2005-04-05,2009,17.75
2005-04-06,2009,17.75
2005-04-07,2009,18.0
2005-04-08,2009,18.0
2005-04-11,2009,18.0
2005-04-12,2009,18.0
2005-04-13,2009,18.0
2005-04-14,2009,18.0
2005-04-15,2009,18.0
2005-04-18,2009,18.0
2005-04-19,2009,18.0
2005-04-20,2009,18.0
2005-04-22,2009,18.0
2005-04-25,2009,18.0
2005-04-26,2009,18.0
2005-04-27,2009,18.0
2005-04-28,2009,18.0
2005-04-29,2009,18.0
2005-05-02,2009,18.2
2005-05-03,2009,18.0
2005-05-04,2009,18.0
2005-05-05,2009,18.0
2005-05-06,2009,18.0
2005-05-09,2009,18.0
2005-05-10,2009,18.0
2005-05-11,2009,18.0
2005-05-12,2009,18.0
2005-05-13,2009,18.0
2005-05-16,2009,18.0
2005-05-17,2009,18.0
2005-05-18,2009,18.0
2005-05-19,2009,18.0
2005-05-20,2009,18.0
2005-05-23,2009,18.0
2005-05-24,2009,18.0
2005-05-25,2009,17.25
2005-05-27,2009,18.0
2005-05-30,2009,18.0
2005-05-31,2009,18.0
2005-06-01,2009,18.0
2005-06-02,2009,17.25
2005-06-03,2009,18.0
2005-06-06,2009,18.0
2005-06-07,2009,18.0
2005-06-08,2009,17.25
2005-06-09,2009,17.25
2005-06-10,2009,17.25
2005-06-13,2009,18.0
2005-06-14,2009,18.0
2005-06-15,2009,18.0
2005-06-16,2009,18.0
2005-06-17,2009,18.0
2005-06-20,2009,17.25
2005-06-21,2009,17.25
2005-06-22,2009,17.25
2005-06-23,2009,17.25
2005-06-24,2009,18.0
2005-06-27,2009,18.0
2005-06-28,2009,18.0
2005-06-29,2009,18.0
2005-06-30,2009,18.0
2005-07-01,2009,18.0
2005-07-04,2009,18.0
2005-07-05,2009,18.0
2005-07-06,2009,18.0
2005-07-07,2009,18.0
2005-07-08,2009,18.0
2005-07-11,2009,18.0
2005-07-12,2009,18.0
2005-07-13,2009,17.5
2005-07-14,2009,18.0
2005-07-15,2009,18.0
2005-07-18,2009,17.5
2005-07-19,2009,17.0
2005-07-20,2009,17.0
2005-07-21,2009,17.0
2005-07-22,2009,17.5
2005-07-25,2009,17.0
2005-07-26,2009,17.0
2005-07-27,2009,17.0
2005-07-28,2009,17.0
2005-07-29,2009,17.5
2005-08-01,2009,17.0
2005-08-02,2009,17.0
2005-08-03,2009,17.0
2005-08-04,2009,16.75
2005-08-05,2009,16.75
2005-08-08,2009,16.75
2005-08-09,2009,16.75
2005-08-10,2009,16.75
2005-08-11,2009,17.5
2005-08-12,2009,18.0
2005-08-15,2009,18.0
2005-08-16,2009,18.0
2005-08-17,2009,18.0
2005-08-18,2009,16.5
2005-08-19,2009,16.5
2005-08-22,2009,17.25
2005-08-23,2009,17.25
2005-08-24,2009,17.25
2005-08-25,2009,17.25
2005-08-26,2009,18.0
2005-08-29,2009,18.0
2005-08-30,2009,18.0
2005-08-31,2009,17.25
2005-09-01,2009,17.25
2005-09-02,2009,17.25
2005-09-05,2009,16.5
2005-09-06,2009,17.25
2005-09-08,2009,18.0
2005-09-09,2009,18.0
2005-09-12,2009,17.25
2005-09-13,2009,17.25
2005-09-14,2009,17.25
2005-09-15,2009,18.0
2005-09-16,2009,17.25
2005-09-19,2009,18.0
2005-09-20,2009,17.25
2005-09-21,2009,17.25
2005-09-22,2009,16.5
2005-09-23,2009,16.25
2005-09-26,2009,16.25
2005-09-27,2009,16.25
2005-09-28,2009,16.25
2005-09-29,2009,16.25
2005-09-30,2009,16.0
2005-10-03,2009,16.25
2005-10-04,2009,16.25
2005-10-05,2009,16.25
2005-10-06,2009,16.25
2005-10-07,2009,16.5
2005-10-10,2009,16.5
2005-10-11,2009,16.5
2005-10-13,2009,16.5
2005-10-14,2009,16.5
2005-10-17,2009,16.5
2005-10-18,2009,16.5
2005-10-19,2009,16.5
2005-10-20,2009,16.5
2005-10-21,2009,17.25
2005-10-24,2009,18.0
2005-10-25,2009,18.0
2005-10-26,2009,18.0
2005-10-27,2009,18.0
2005-10-28,2009,18.0
2005-10-31,2009,18.0
2005-11-01,2009,18.0
2005-11-03,2009,18.0
2005-11-04,2009,18.0
2005-11-07,2009,16.5
2005-11-08,2009,16.25
2005-11-09,2009,16.25
2005-11-10,2009,16.25
2005-11-11,2009,18.0
2005-11-14,2009,17.25
2005-11-16,2009,18.0
2005-11-17,2009,18.0
2005-11-18,2009,18.0
2005-11-21,2009,18.0
2005-11-22,2009,18.0
2005-11-23,2009,17.25
2005-11-24,2009,17.25
2005-11-25,2009,17.25
2005-11-28,2009,18.0
2005-11-29,2009,17.25
2005-11-30,2009,17.25
2005-12-01,2009,17.25
2005-12-02,2009,17.25
2005-12-05,2009,18.0
2005-12-06,2009,18.0
2005-12-07,2009,18.0
2005-12-08,2009,18.0
2005-12-09,2009,17.25
2005-12-12,2009,17.25
2005-12-13,2009,17.25
2005-12-14,2009,17.25
2005-12-15,2009,17.25
2005-12-16,2009,17.25
2005-12-19,2009,17.25
2005-12-20,2009,17.25
2005-12-21,2009,17.25
2005-12-22,2009,17.25
2005-12-23,2009,17.25
2005-12-26,2009,18.0
2005-12-27,2009,18.0
2005-12-28,2009,18.0
2005-12-29,2009,18.0
2005-12-30,2009,18.0
2006-01-02,2009,18.0
2006-01-03,2009,18.0
2006-01-04,2009,18.0
2006-01-05,2009,18.0
2006-01-06,2009,18.0
2006-01-09,2009,18.0
2006-01-10,2009,18.0
2006-01-11,2009,18.0
2006-01-12,2009,18.0
2006-01-13,2009,18.0
2006-01-16,2009,18.0
2006-01-17,2009,18.0
2006-01-18,2009,18.0
2006-01-19,2009,18.0
2006-01-20,2009,18.0
2006-01-23,2009,18.0
2006-01-24,2009,18.0
2006-01-25,2009,18.0
2006-01-26,2009,18.0
2006-01-27,2009,18.0
2006-01-30,2009,18.0
2006-01-31,2009,18.0
2006-02-01,2009,18.0
2006-02-02,2009,18.0
2006-02-03,2009,18.0
2006-02-06,2009,18.0
2006-02-07,2009,18.0
2006-02-08,2009,18.0
2006-02-09,2009,18.0
2006-02-10,2009,18.0
2006-02-13,2009,18.0
2006-02-14,2009,18.0
2006-02-15,2009,18.0
2006-02-16,2009,18.0
2006-02-17,2009,18.0
2006-02-20,2009,18.0
2006-02-21,2009,18.0
2006-02-22,2009,18.0
2006-02-23,2009,18.0
2006-02-24,2009,18.0
2006-03-01,2009,18.0
2006-03-02,2009,18.0
2006-03-03,2009,18.0
2006-03-06,2009,17.6
2006-03-07,2009,17.6
2006-03-08,2009,17.6
2006-03-09,2009,17.6
2006-03-10,2009,17.6
2006-03-13,2009,18.0
2006-03-14,2009,18.0
2006-03-15,2009,18.0
2006-03-16,2009,18.0
2006-03-17,2009,18.0
2006-03-20,2009,18.0
2006-03-21,2009,18.0
2006-03-22,2009,18.0
2006-03-23,2009,18.0
2006-03-24,2009,18.0
2006-03-27,2009,18.0
2006-03-28,2009,18.0
2006-03-29,2009,18.0
2006-03-30,2009,18.0
2006-03-31,2009,18.0
2006-04-03,2009,18.0
2006-04-04,2009,18.0
2006-04-05,2009,18.0
2006-04-06,2009,18.0
2006-04-07,2009,18.0
2006-04-10,2009,18.0
2006-04-11,2009,18.0
2006-04-12,2009,18.0
2006-04-13,2009,18.0
2006-04-17,2009,18.0
2006-04-18,2009,18.0
2006-04-19,2009,18.0
2006-04-20,2009,18.0
2006-04-24,2009,18.0
2006-04-25,2009,18.0
2006-04-26,2009,18.0
2006-04-27,2009,18.0
2006-04-28,2009,18.0
2006-05-02,2009,18.0
2006-05-03,2009,18.0
2006-05-04,2009,18.0
2006-05-05,2009,18.0
2006-05-08,2009,18.0
2006-05-09,2009,18.0
2006-05-10,2009,18.0
2006-05-11,2009,18.0
2006-05-12,2009,18.0
2006-05-15,2009,18.0
2006-05-16,2009,18.0
2006-05-17,2009,18.0
2006-05-18,2009,18.0
2006-05-19,2009,18.0
2006-05-22,2009,18.0
2006-05-23,2009,18.0
2006-05-24,2009,18.0
2006-05-25,2009,18.0
2006-05-26,2009,18.0
2006-05-29,2009,18.0
2006-05-30,2009,18.0
2006-05-31,2009,18.0
2006-06-01,2009,18.0
2006-06-02,2009,18.0
2006-06-05,2009,18.0
2006-06-06,2009,18.0
2006-06-07,2009,18.0
2006-06-08,2009,18.0
2006-06-09,2009,18.0
2006-06-12,2009,17.6
2006-06-13,2009,17.2
2006-06-14,2009,16.94
2006-06-16,2009,16.64
2006-06-19,2009,16.68
2006-06-20,2009,16.68
2006-06-21,2009,16.68
2006-06-22,2009,16.64
2006-06-23,2009,16.64
2006-06-26,2009,16.64
2006-06-27,2009,16.64
2006-06-28,2009,16.64
2006-06-29,2009,17.34
2006-06-30,2009,17.34
2006-07-03,2009,18.0
2006-07-04,2009,18.0
2006-07-05,2009,18.0
2006-07-06,2009,18.0
2006-07-07,2009,18.0
2006-07-10,2009,18.0
2006-07-11,2009,18.0
2006-07-12,2009,18.0
2006-07-13,2009,18.0
2006-07-14,2009,18.0
2006-07-17,2009,18.0
2006-07-18,2009,18.0
2006-07-19,2009,18.0
2006-07-20,2009,18.0
2006-07-21,2009,18.0
2006-07-24,2009,18.0
2006-07-25,2009,18.0
2006-07-26,2009,18.0
2006-07-27,2009,18.0
2006-07-28,2009,18.0
2006-07-31,2009,18.0
2006-08-01,2009,18.0
2006-08-02,2009,18.0
2006-08-03,2009,18.0
2006-08-04,2009,18.0
2006-08-07,2009,18.0
2006-08-08,2009,18.0
2006-08-09,2009,18.0
2006-08-10,2009,18.0
2006-08-11,2009,18.0
2006-08-14,2009,18.0
2006-08-15,2009,18.0
2006-08-16,2009,18.0
2006-08-17,2009,18.0
2006-08-18,2009,18.0
2006-08-21,2009,18.0
2006-08-22,2009,18.0
2006-08-23,2009,18.0
2006-08-24,2009,18.0
2006-08-25,2009,18.0
2006-08-28,2009,18.0
2006-08-29,2009,18.0
2006-08-30,2009,18.0
2006-08-31,2009,18.0
2006-09-01,2009,18.0
2006-09-04,2009,17.8
2006-09-05,2009,17.6
2006-09-06,2009,17.6
2006-09-08,2009,16.95
2006-09-11,2009,16.95
2006-09-12,2009,16.95
2006-09-13,2009,16.95
2006-09-14,2009,16.95
2006-09-15,2009,16.95
2006-09-18,2009,16.9
2006-09-19,2009,16.95
2006-09-20,2009,16.95
2006-09-21,2009,16.95
2006-09-22,2009,16.95
2006-09-25,2009,18.0
2006-09-26,2009,18.0
2006-09-27,2009,18.0
2006-09-28,2009,17.0
2006-09-29,2009,17.0
2006-10-02,2009,16.9
2006-10-03,2009,16.9
2006-10-04,2009,16.9
2006-10-05,2009,16.95
2006-10-06,2009,16.9
2006-10-09,2009,17.5
2006-10-10,2009,17.0
2006-10-11,2009,17.0
2006-10-13,2009,17.0
2006-10-16,2009,17.0
2006-10-17,2009,17.0
2006-10-18,2009,17.0
2006-10-19,2009,16.95
2006-10-20,2009,16.95
2006-10-23,2009,16.95
2006-10-24,2009,16.95
2006-10-25,2009,16.95
2006-10-26,2009,16.95
2006-10-27,2009,16.95
2006-10-30,2009,17.0
2006-10-31,2009,16.95
2006-11-01,2009,17.5
2006-11-03,2009,16.84
2006-11-06,2009,16.84
2006-11-07,2009,16.84
2006-11-08,2009,16.84
2006-11-09,2009,17.0
2006-11-10,2009,17.0
2006-11-13,2009,17.1
2006-11-14,2009,17.1
2006-11-16,2009,17.1
2006-11-17,2009,16.89
2006-11-20,2009,16.89
2006-11-21,2009,16.89
2006-11-22,2009,16.89
2006-11-23,2009,16.89
2006-11-24,2009,17.1
2006-11-27,2009,17.55
2006-11-28,2009,17.55
2006-11-29,2009,17.1
2006-11-30,2009,17.05
2006-12-01,2009,17.1
2006-12-04,2009,17.1
2006-12-05,2009,17.1
2006-12-06,2009,17.1
2006-12-07,2009,17.55
2006-12-08,2009,17.1
2006-12-11,2009,17.55
2006-12-12,2009,17.55
2006-12-13,2009,17.55
2006-12-14,2009,17.55
2006-12-15,2009,17.1
2006-12-18,2009,17.1
2006-12-19,2009,17.1
2006-12-20,2009,17.1
2006-12-21,2009,17.1
2006-12-22,2009,17.55
2006-12-26,2009,18.0
2006-12-27,2009,18.0
2006-12-28,2009,18.0
2006-12-29,2009,18.0
2007-01-02,2009,18.0
2007-01-03,2009,18.0
2007-01-04,2009,18.0
2007-01-05,2009,18.0
2007-01-08,2009,18.0
2007-01-09,2009,18.0
2007-01-10,2009,18.0
2007-01-11,2009,18.0
2007-01-12,2009,18.0
2007-01-15,2009,18.0
2007-01-16,2009,18.0
2007-01-17,2009,18.0
2007-01-18,2009,18.0
2007-01-19,2009,18.0
2007-01-22,2009,18.0
2007-01-23,2009,18.0
2007-01-24,2009,18.0
2007-01-25,2009,18.0
2007-01-26,2009,18.0
2007-01-29,2009,18.5
2007-01-30,2009,18.5
2007-01-31,2009,18.5
2007-02-01,2009,18.5
2007-02-02,2009,18.0
2007-02-05,2009,18.0
2007-02-06,2009,18.0
2007-02-07,2009,18.0
2007-02-08,2009,18.0
2007-02-09,2009,18.5
2007-02-12,2009,19.0
2007-02-13,2009,19.0
2007-02-14,2009,19.0
2007-02-15,2009,19.0
2007-02-16,2009,19.0
2007-02-21,2009,18.5
2007-02-22,2009,19.0
2007-02-23,2009,19.0
2007-02-26,2009,18.5
2007-02-27,2009,19.0
2007-02-28,2009,19.0
2007-03-01,2009,19.5
2007-03-02,2009,19.5
2007-03-05,2009,20.0
2007-03-06,2009,20.0
2007-03-07,2009,20.0
2007-03-08,2009,19.0
2007-03-09,2009,19.0
2007-03-12,2009,18.5
2007-03-13,2009,19.0
2007-03-14,2009,19.0
2007-03-15,2009,18.5
2007-03-16,2009,18.5
2007-03-19,2009,19.0
2007-03-20,2009,18.5
2007-03-21,2009,18.5
2007-03-22,2009,18.5
2007-03-23,2009,18.5
2007-03-26,2009,18.5
2007-03-27,2009,18.5
2007-03-28,2009,18.5
2007-03-29,2009,18.5
2007-03-30,2009,18.0
2007-04-02,2009,18.0
2007-04-03,2009,18.0
2007-04-04,2009,18.0
2007-04-05,2009,18.0
2007-04-09,2009,19.0
2007-04-10,2009,19.0
2007-04-11,2009,19.0
2007-04-12,2009,19.0
2007-04-13,2009,19.0
2007-04-16,2009,19.0
2007-04-17,2009,19.0
2007-04-18,2009,19.0
2007-04-19,2009,19.0
2007-04-20,2009,19.0
2007-04-23,2009,18.5
2007-04-24,2009,18.5
2007-04-25,2009,18.5
2007-04-26,2009,18.5
2007-04-27,2009,18.5
2007-04-30,2009,18.0
2007-05-02,2009,18.0
2007-05-03,2009,18.0
2007-05-04,2009,18.5
2007-05-07,2009,18.0
2007-05-08,2009,18.0
2007-05-09,2009,18.5
2007-05-10,2009,19.0
2007-05-11,2009,19.0
2007-05-14,2009,18.5
2007-05-15,2009,18.0
2007-05-16,2009,18.0
2007-05-17,2009,19.0
2007-05-18,2009,19.66
2007-05-21,2009,20.0
2007-05-22,2009,20.0
2007-05-23,2009,20.0
2007-05-24,2009,20.0
2007-05-25,2009,20.0
2007-05-28,2009,20.0
2007-05-29,2009,20.0
2007-05-30,2009,20.0
2007-05-31,2009,20.0
2007-06-01,2009,20.0
2007-06-04,2009,20.0
2007-06-05,2009,20.0
2007-06-06,2009,20.0
2007-06-08,2009,20.0
2007-06-11,2009,20.0
2007-06-12,2009,20.0
2007-06-13,2009,20.0
2007-06-14,2009,20.0
2007-06-15,2009,20.0
2007-06-18,2009,20.0
2007-06-19,2009,20.0
2007-06-20,2009,20.0
2007-06-21,2009,20.0
2007-06-22,2009,20.0
2007-06-25,2009,20.0
2007-06-26,2009,20.0
2007-06-27,2009,20.0
2007-06-28,2009,20.0
2007-06-29,2009,20.0
2007-07-02,2009,20.0
2007-07-03,2009,20.0
2007-07-04,2009,20.0
2007-07-05,2009,20.0
2007-07-06,2009,20.0
2007-07-09,2009,20.0
2007-07-10,2009,20.0
2007-07-11,2009,20.0
2007-07-12,2009,20.0
2007-07-13,2009,20.0
2007-07-16,2009,20.0
2007-07-17,2009,20.0
2007-07-18,2009,20.0
2007-07-19,2009,20.0
2007-07-20,2009,20.0
2007-07-23,2009,20.0
2007-07-24,2009,20.0
2007-07-25,2009,20.0
2007-07-26,2009,20.0
2007-07-27,2009,20.0
2007-07-30,2009,20.0
2007-07-31,2009,20.0
2007-08-01,2009,20.0
2007-08-02,2009,20.0
2007-08-03,2009,20.5
2007-08-06,2009,20.5
2007-08-07,2009,20.5
2007-08-08,2009,20.5
2007-08-09,2009,21.0
2007-08-10,2009,21.0
2007-08-13,2009,21.5
2007-08-14,2009,21.5
2007-08-15,2009,21.5
2007-08-16,2009,22.0
2007-08-17,2009,22.0
2007-08-20,2009,22.0
2007-08-21,2009,22.0
2007-08-22,2009,21.5
2007-08-23,2009,21.5
2007-08-24,2009,21.5
2007-08-27,2009,21.5
2007-08-28,2009,21.0
2007-08-29,2009,21.0
2007-08-30,2009,21.0
2007-08-31,2009,20.5
2007-09-03,2009,21.0
2007-09-04,2009,20.5
2007-09-05,2009,20.0
2007-09-06,2009,20.0
2007-09-10,2009,20.0
2007-09-11,2009,20.0
2007-09-12,2009,20.0
2007-09-13,2009,20.0
2007-09-14,2009,20.0
2007-09-17,2009,20.0
2007-09-18,2009,20.0
2007-09-19,2009,20.0
2007-09-20,2009,20.0
2007-09-21,2009,20.0
2007-09-24,2009,20.0
2007-09-25,2009,20.0
2007-09-26,2009,20.0
2007-09-27,2009,20.0
2007-09-28,2009,20.5
2007-10-01,2009,20.5
2007-10-02,2009,20.5
2007-10-03,2009,20.5
2007-10-04,2009,20.5
2007-10-05,2009,20.5
2007-10-08,2009,20.5
2007-10-09,2009,20.5
2007-10-10,2009,21.0
2007-10-11,2009,21.0
2007-10-15,2009,22.0
2007-10-16,2009,22.0
2007-10-17,2009,22.0
2007-10-18,2009,22.0
2007-10-19,2009,22.0
2007-10-22,2009,23.0
2007-10-23,2009,22.0
2007-10-24,2009,22.0
2007-10-25,2009,22.0
2007-10-26,2009,22.0
2007-10-29,2009,22.0
2007-10-30,2009,22.0
2007-10-31,2009,22.5
2007-11-01,2009,23.0
2007-11-05,2009,23.0
2007-11-06,2009,23.0
2007-11-07,2009,23.0
2007-11-08,2009,25.0
2007-11-09,2009,25.0
2007-11-12,2009,25.0
2007-11-13,2009,25.0
2007-11-14,2009,25.0
2007-11-16,2009,25.0
2007-11-19,2009,25.0
2007-11-20,2009,25.0
2007-11-21,2009,25.0
2007-11-22,2009,25.0
2007-11-23,2009,25.0
2007-11-26,2009,25.0
2007-11-27,2009,25.0
2007-11-28,2009,25.0
2007-11-29,2009,25.0
2007-11-30,2009,25.0
2007-12-03,2009,25.0
2007-12-04,2009,25.0
2007-12-05,2009,25.0
2007-12-06,2009,25.0
2007-12-07,2009,25.0
2007-12-10,2009,25.0
2007-12-11,2009,25.0
2007-12-12,2009,25.0
2007-12-13,2009,25.0
2007-12-14,2009,25.0
2007-12-17,2009,25.0
2007-12-18,2009,25.0
2007-12-19,2009,25.0
2007-12-20,2009,25.0
2007-12-21,2009,25.0
2007-12-24,2009,25.0
2007-12-26,2009,25.0
2007-12-27,2009,25.0
2007-12-28,2009,25.0
2007-12-31,2009,25.0
2008-01-02,2009,25.0
2008-01-03,2009,25.0
2008-01-04,2009,25.0
2008-01-07,2009,25.0
2008-01-08,2009,25.0
2008-01-09,2009,25.0
2008-01-10,2009,25.0
2008-01-11,2009,25.0
2008-01-14,2009,25.0
2008-01-15,2009,25.0
2008-01-16,2009,25.0
2008-01-17,2009,25.0
2008-01-18,2009,25.0
2008-01-21,2009,25.0
2008-01-22,2009,25.0
2008-01-23,2009,25.0
2008-01-24,2009,25.0
2008-01-25,2009,25.0
2008-01-28,2009,25.0
2008-01-29,2009,25.0
2008-01-30,2009,25.0
2008-01-31,2009,25.0
2008-02-01,2009,25.0
2008-02-06,2009,25.0
2008-02-07,2009,25.0
2008-02-08,2009,25.0
2008-02-11,2009,25.0
2008-02-12,2009,25.0
2008-02-13,2009,25.0
2008-02-14,2009,25.0
2008-02-15,2009,25.0
2008-02-18,2009,25.0
2008-02-19,2009,25.0
2008-02-20,2009,25.0
2008-02-21,2009,25.0
2008-02-22,2009,25.0
2008-02-25,2009,25.0
2008-02-26,2009,25.0
2008-02-27,2009,25.0
2008-02-28,2009,25.0
2008-02-29,2009,25.0
2008-03-03,2009,25.0
2008-03-04,2009,25.0
2008-03-05,2009,25.0
2008-03-06,2009,25.0
2008-03-07,2009,25.0
2008-03-10,2009,25.0
2008-03-11,2009,25.0
2008-03-12,2009,25.0
2008-03-13,2009,25.0
2008-03-14,2009,25.0
2008-03-17,2009,25.0
2008-03-18,2009,25.0
2008-03-19,2009,25.0
2008-03-20,2009,25.0
2008-03-24,2009,25.0
2008-03-25,2009,25.0
2008-03-26,2009,25.0
2008-03-27,2009,25.71
2008-03-28,2009,27.0
2008-03-31,2009,26.71
2008-04-01,2009,26.71
2008-04-02,2009,26.71
2008-04-03,2009,25.71
2008-04-04,2009,26.71
2008-04-07,2009,27.0
2008-04-08,2009,27.0
2008-04-09,2009,27.0
2008-04-10,2009,27.0
2008-04-11,2009,27.0
2008-04-14,2009,27.0
2008-04-15,2009,27.0
2008-04-16,2009,27.0
2008-04-17,2009,28.0
2008-04-18,2009,27.0
2008-04-22,2009,28.0
2008-04-23,2009,29.0
2008-04-24,2009,28.5
2008-04-25,2009,28.5
2008-04-28,2009,29.5
2008-04-29,2009,29.0
2008-04-30,2009,28.5
2008-05-02,2009,29.0
2008-05-05,2009,30.0
2008-05-06,2009,30.0
2008-05-07,2009,30.0
2008-05-08,2009,30.0
2008-05-09,2009,30.0
2008-05-12,2009,30.0
2008-05-13,2009,30.0
2008-05-14,2009,30.0
2008-05-15,2009,30.0
2008-05-16,2009,30.0
2008-05-19,2009,30.0
2008-05-20,2009,30.0
2008-05-21,2009,30.0
2008-05-23,2009,30.0
2008-05-26,2009,30.0
2008-05-27,2009,30.0
2008-05-28,2009,30.0
2008-05-29,2009,30.0
2008-05-30,2009,30.0
2008-06-02,2009,30.0
2008-06-03,2009,30.0
2008-06-04,2009,30.0
2008-06-05,2009,30.0
2008-06-06,2009,30.0
2008-06-09,2009,30.0
2008-06-10,2009,30.0
2008-06-11,2009,30.0
2008-06-12,2009,30.0
2008-06-13,2009,30.0
2008-06-16,2009,30.0
2008-06-17,2009,30.0
2008-06-18,2009,30.0
2008-06-19,2009,30.0
2008-06-20,2009,30.0
2008-06-23,2009,30.0
2008-06-24,2009,30.0
2008-06-25,2009,30.0
2008-06-26,2009,30.0
2008-06-27,2009,30.0
2008-06-30,2009,30.0
2008-07-01,2009,30.0
2008-07-02,2009,30.0
2008-07-03,2009,30.0
2008-07-04,2009,30.0
2008-07-07,2009,30.0
2008-07-08,2009,30.0
2008-07-09,2009,30.0
2008-07-10,2009,30.0
2008-07-11,2009,30.0
2008-07-14,2009,30.0
2008-07-15,2009,30.0
2008-07-16,2009,30.0
2008-07-17,2009,30.0
2008-07-18,2009,30.0
2008-07-21,2009,30.0
2008-07-22,2009,30.0
2008-07-23,2009,30.0
2008-07-24,2009,30.0
2008-07-25,2009,30.0
2008-07-28,2009,30.0
2008-07-29,2009,30.0
2008-07-30,2009,30.0
2008-07-31,2009,30.0
2008-08-01,2009,30.0
2008-08-04,2009,30.0
2008-08-05,2009,30.0
2008-08-06,2009,30.0
2008-08-07,2009,30.0
2008-08-08,2009,30.0
2008-08-11,2009,30.0
2008-08-12,2009,30.0
2008-08-13,2009,30.0
2008-08-14,2009,30.0
2008-08-15,2009,30.0
2008-08-18,2009,30.0
2008-08-19,2009,30.0
2008-08-20,2009,30.0
2008-08-21,2009,30.0
2008-08-22,2009,30.0
2008-08-25,2009,30.0
2008-08-26,2009,30.0
2008-08-27,2009,30.0
2008-08-28,2009,30.0
2008-08-29,2009,30.0
2008-09-01,2009,30.0
2008-09-02,2009,30.0
2008-09-03,2009,30.0
2008-09-04,2009,30.0
2008-09-05,2009,30.0
2008-09-08,2009,30.0
2008-09-09,2009,30.37
2008-09-10,2009,30.37
2008-09-11,2009,30.37
2008-09-12,2009,30.37
2008-09-15,2009,30.37
2008-09-16,2009,30.37
2008-09-17,2009,30.37
2008-09-18,2009,30.74
2008-09-19,2009,30.37
2008-09-22,2009,30.0
2008-09-23,2009,30.0
2008-09-24,2009,30.0
2008-09-25,2009,30.0
2008-09-26,2009,30.0
2008-09-29,2009,30.0
2008-09-30,2009,30.0
2008-10-01,2009,30.0
2008-10-02,2009,30.0
2008-10-03,2009,30.0
2008-10-06,2009,30.0
2008-10-07,2009,30.0
2008-10-08,2009,30.0
2008-10-09,2009,30.0
2008-10-10,2009,30.0
2008-10-13,2009,30.0
2008-10-14,2009,30.0
2008-10-15,2009,30.0
2008-10-16,2009,30.0
2008-10-17,2009,30.0
2008-10-20,2009,30.0
2008-10-21,2009,30.0
2008-10-22,2009,30.0
2008-10-23,2009,30.0
2008-10-24,2009,30.0
2008-10-27,2009,30.0
2008-10-28,2009,30.0
2008-10-29,2009,30.0
2008-10-30,2009,30.0
2008-10-31,2009,30.0
2008-11-03,2009,27.0
2008-11-04,2009,29.0
2008-11-05,2009,28.0
2008-11-06,2009,28.0
2008-11-07,2009,26.0
2008-11-10,2009,26.0
2008-11-11,2009,25.0
2008-11-12,2009,25.0
2008-11-13,2009,25.0
2008-11-14,2009,25.0
2008-11-17,2009,25.0
2008-11-18,2009,25.0
2008-11-19,2009,25.0
2008-11-20,2009,25.0
2008-11-21,2009,25.0
2008-11-24,2009,25.0
2008-11-25,2009,25.0
2008-11-26,2009,25.0
2008-11-27,2009,25.0
2008-11-28,2009,25.0
2008-12-01,2009,25.0
2008-12-02,2009,25.0
2008-12-03,2009,24.5
2008-12-04,2009,24.5
2008-12-05,2009,24.0
2008-12-08,2009,24.0
2008-12-09,2009,22.0
2008-12-10,2009,22.0
2008-12-11,2009,22.0
2008-12-12,2009,22.0
2008-12-15,2009,21.5
2008-12-16,2009,21.5
2008-12-17,2009,21.5
2008-12-18,2009,21.0
2008-12-19,2009,22.0
2008-12-22,2009,22.5
2008-12-23,2009,22.5
2008-12-24,2009,22.5
2008-12-26,2009,21.5
2008-12-29,2009,21.5
2008-12-30,2009,22.0
2008-12-31,2009,22.5
2009-01-02,2009,23.0
2009-01-05,2009,23.0
2009-01-06,2009,23.0
2009-01-07,2009,23.0
2009-01-08,2009,23.0
2009-01-09,2009,23.81
2009-01-12,2009,23.62
2009-01-13,2009,23.62
2009-01-14,2009,23.31
2009-01-15,2009,23.0
2009-01-16,2009,23.0
2009-01-19,2009,23.0
2009-01-20,2009,23.0
2009-01-21,2009,23.0
2009-01-22,2009,23.0
2009-01-23,2009,23.0
2009-01-26,2009,23.0
2009-01-27,2009,23.0
2009-01-28,2009,23.0
2009-01-29,2009,23.0
2009-01-30,2009,23.0
2009-02-02,2009,22.5
2009-02-03,2009,23.0
2009-02-04,2009,23.0
2009-02-05,2009,23.0
2009-02-06,2009,22.5
2009-02-09,2009,23.0
2009-02-10,2009,23.0
2009-02-11,2009,23.0
2009-02-12,2009,23.0
2009-02-13,2009,23.0
2009-02-16,2009,23.0
2009-02-17,2009,23.0
2009-02-18,2009,23.0
2009-02-19,2009,23.0
2009-02-20,2009,23.0
2009-02-25,2009,23.0
2009-02-26,2009,23.0
2009-02-27,2009,23.0
2009-03-02,2009,23.0
2009-03-03,2009,23.0
2009-03-04,2009,23.0
2009-03-05,2009,23.0
2009-03-06,2009,23.0
2009-03-09,2009,23.0
2009-03-10,2009,23.0
2009-03-11,2009,23.0
2009-03-12,2009,22.0
2009-03-13,2009,22.0
2009-03-16,2009,22.0
2009-03-17,2009,22.0
2009-03-18,2009,22.0
2009-03-19,2009,22.0
2009-03-20,2009,22.0
2009-03-23,2009,22.0
2009-03-24,2009,22.0
2009-03-25,2009,22.0
2009-03-26,2009,22.0
2009-03-27,2009,22.0
2009-03-30,2009,22.0
2009-03-31,2009,22.0
2009-04-01,2009,22.0
2009-04-02,2009,22.0
2009-04-03,2009,22.0
2009-04-06,2009,22.0
2009-04-07,2009,22.0
2009-04-08,2009,22.0
2009-04-09,2009,22.0
2009-04-13,2009,22.0
2009-04-14,2009,22.0
2009-04-15,2009,22.0
2009-04-16,2009,22.0
2009-04-17,2009,22.0
2009-04-20,2009,22.0
2009-04-22,2009,22.0
2009-04-23,2009,22.0
2009-04-24,2009,22.0
2009-04-27,2009,22.0
2009-04-28,2009,22.0
2009-04-29,2009,22.0
2009-04-30,2009,22.0
2009-05-04,2009,22.0
2009-05-05,2009,22.0
2009-05-06,2009,22.02
2009-05-07,2009,22.04
2009-05-08,2009,22.04
2009-05-11,2009,22.02
2009-05-12,2009,22.02
2009-05-13,2009,22.02
2009-05-14,2009,22.04
2009-05-15,2009,22.02
2009-05-18,2009,22.47
2009-05-19,2009,22.47
2009-05-20,2009,22.47
2009-05-21,2009,22.47
2009-05-22,2009,22.9
2009-05-25,2009,22.95
2009-05-26,2009,23.0
2009-05-27,2009,23.0
2009-05-28,2009,23.0
2009-05-29,2009,23.0
2009-06-01,2009,22.9
2009-06-02,2009,22.9
2009-06-03,2009,22.95
2009-06-04,2009,23.0
2009-06-05,2009,23.0
2009-06-08,2009,23.5
2009-06-09,2009,23.75
2009-06-10,2009,24.0
2009-06-12,2009,24.5
2009-06-15,2009,24.0
2009-06-16,2009,24.0
2009-06-17,2009,24.0
2009-06-18,2009,24.0
2009-06-19,2009,24.0
2009-06-22,2009,25.0
2009-06-23,2009,25.0
2009-06-24,2009,25.0
2009-06-25,2009,25.0
2009-06-26,2009,25.0
2009-06-29,2009,25.0
2009-06-30,2009,25.0
2009-07-01,2009,25.0
2009-07-02,2009,25.0
2009-07-03,2009,25.0
2009-07-06,2009,25.0
2009-07-07,2009,25.0
2009-07-08,2009,25.0
2009-07-09,2009,25.0
2009-07-10,2009,25.0
2009-07-13,2009,25.0
2009-07-14,2009,25.0
2009-07-15,2009,25.0
2009-07-16,2009,25.0
2009-07-17,2009,25.0
2009-07-20,2009,25.0
2009-07-21,2009,25.0
2009-07-22,2009,25.0
2009-07-23,2009,25.0
2009-07-24,2009,25.0
2009-07-27,2009,25.0
2009-07-28,2009,25.0
2009-07-29,2009,25.0
2009-07-30,2009,25.0
2009-07-31,2009,25.0
2009-08-03,2009,25.0
2009-08-04,2009,25.0
2009-08-05,2009,25.0
2009-08-06,2009,25.0
2009-08-07,2009,25.0
2009-08-10,2009,25.0
2009-08-11,2009,25.0
2009-08-12,2009,25.0
2009-08-13,2009,25.0
2009-08-14,2009,25.0
2009-08-17,2009,25.0
2009-08-18,2009,25.0
2009-08-19,2009,25.0
2009-08-20,2009,25.0
2009-08-21,2009,25.0
2009-08-24,2009,25.0
2009-08-25,2009,25.0
2009-08-26,2009,25.0
2009-08-27,2009,25.0
2009-08-28,2009,25.0
2009-08-31,2009,25.0
2009-09-01,2009,25.0
2009-09-02,2009,25.0
2009-09-03,2009,25.0
2009-09-04,2009,25.0
2009-09-08,2009,25.0
2009-09-09,2009,25.0
2009-09-10,2009,25.0
2009-09-11,2009,25.0
2009-09-14,2009,25.0
2009-09-15,2009,25.0
2009-09-16,2009,25.0
2009-09-17,2009,25.0
2009-09-18,2009,25.0
2009-09-21,2009,25.0
2009-09-22,2009,25.0
2009-09-23,2009,25.0
2009-09-24,2009,25.0
2009-09-25,2009,25.0
2009-09-28,2009,25.0
2009-09-29,2009,25.0
2009-09-30,2009,25.0
2009-10-01,2009,25.0
2009-10-02,2009,25.0
2009-10-05,2009,25.0
2009-10-06,2009,25.0
2009-10-07,2009,25.0
2009-10-08,2009,25.0
2009-10-09,2009,25.0
2009-10-13,2009,25.0
2009-10-14,2009,25.0
2009-10-15,2009,25.0
2009-10-16,2009,25.0
2009-10-19,2009,25.0
2009-10-20,2009,25.0
2009-10-21,2009,25.0
2009-10-22,2009,25.0
2009-10-23,2009,25.0
2009-10-26,2009,25.0
2009-10-27,2009,25.0
2009-10-28,2009,25.0
2009-10-29,2009,25.0
2009-10-30,2009,25.0
2009-11-03,2009,25.0
2009-11-04,2009,25.0
2009-11-05,2009,25.0
2009-11-06,2009,25.0
2009-11-09,2009,25.0
2009-11-10,2009,25.0
2009-11-11,2009,25.0
2009-11-12,2009,25.0
2009-11-13,2009,25.0
2009-11-16,2009,25.0
2009-11-17,2009,25.0
2009-11-18,2009,25.0
2009-11-19,2009,25.0
2009-11-20,2009,25.0
2009-11-23,2009,25.0
2009-11-24,2009,25.0
2009-11-25,2009,25.0
2009-11-26,2009,25.0
2009-11-27,2009,25.0
2009-11-30,2009,25.0
2009-12-01,2009,25.0
2009-12-02,2009,25.0
2009-12-03,2009,25.0
2009-12-04,2009,25.0
2009-12-07,2009,25.0
2009-12-08,2009,25.0
2009-12-09,2009,25.0
2009-12-10,2009,25.0
2009-12-11,2009,25.0
2009-12-14,2009,25.0
2009-12-15,2009,25.0
2009-12-16,2009,25.0
2009-12-17,2009,25.0
2009-12-18,2009,25.0
2009-12-21,2009,25.0
2009-12-22,2009,25.0
2009-12-23,2009,25.0
2009-12-24,2009,25.0
2009-12-28,2009,25.0
2009-12-29,2009,25.0
2009-12-30,2009,25.0
2009-12-31,2009,25.0
2010-01-04,2009,25.0
2010-01-05,2009,25.0
2010-01-06,2009,25.0
2010-01-07,2009,25.0
2010-01-08,2009,25.0
2010-01-11,2009,25.0
2010-01-12,2009,25.0
2010-01-13,2009,25.0
2010-01-14,2009,25.0
2010-01-15,2009,25.0
2010-01-18,2009,25.0
2010-01-19,2009,25.0
2010-01-20,2009,25.0
2010-01-21,2009,25.0
2006-01-20,2010,19.0
2006-01-23,2010,17.0
2006-01-24,2010,17.0
2006-01-25,2010,18.0
2006-01-26,2010,18.5
2006-01-27,2010,18.5
2006-01-30,2010,18.5
2006-01-31,2010,18.0
2006-02-01,2010,18.0
2006-02-02,2010,18.0
2006-02-03,2010,18.0
2006-02-06,2010,18.0
2006-02-07,2010,18.0
2006-02-08,2010,18.0
2006-02-09,2010,18.0
2006-02-10,2010,18.0
2006-02-13,2010,18.0
2006-02-14,2010,18.0
2006-02-15,2010,18.0
2006-02-16,2010,18.0
2006-02-17,2010,18.0
2006-02-20,2010,18.0
2006-02-21,2010,18.0
2006-02-22,2010,18.0
2006-02-23,2010,18.0
2006-02-24,2010,18.0
2006-03-01,2010,18.0
2006-03-02,2010,18.0
2006-03-03,2010,18.0
2006-03-06,2010,18.0
2006-03-07,2010,18.0
2006-03-08,2010,18.0
2006-03-09,2010,18.0
2006-03-10,2010,18.0
2006-03-13,2010,18.0
2006-03-14,2010,18.0
2006-03-15,2010,18.0
2006-03-16,2010,18.0
2006-03-17,2010,18.0
2006-03-20,2010,18.0
2006-03-21,2010,18.0
2006-03-22,2010,18.0
2006-03-23,2010,18.0
2006-03-24,2010,18.0
2006-03-27,2010,18.5
2006-03-28,2010,18.5
2006-03-29,2010,18.0
2006-03-30,2010,18.0
2006-03-31,2010,18.0
2006-04-03,2010,18.0
2006-04-04,2010,18.0
2006-04-05,2010,18.0
2006-04-06,2010,18.0
2006-04-07,2010,18.0
2006-04-10,2010,18.0
2006-04-11,2010,18.0
2006-04-12,2010,18.0
2006-04-13,2010,18.0
2006-04-17,2010,18.0
2006-04-18,2010,18.0
2006-04-19,2010,18.0
2006-04-20,2010,18.0
2006-04-24,2010,18.0
2006-04-25,2010,18.0
2006-04-26,2010,18.0
2006-04-27,2010,18.0
2006-04-28,2010,18.0
2006-05-02,2010,18.0
2006-05-03,2010,18.0
2006-05-04,2010,18.0
2006-05-05,2010,18.0
2006-05-08,2010,18.0
2006-05-09,2010,18.0
2006-05-10,2010,18.0
2006-05-11,2010,18.0
2006-05-12,2010,18.0
2006-05-15,2010,18.0
2006-05-16,2010,18.0
2006-05-17,2010,18.0
2006-05-18,2010,18.0
2006-05-19,2010,18.0
2006-05-22,2010,18.0
2006-05-23,2010,18.0
2006-05-24,2010,18.0
2006-05-25,2010,18.0
2006-05-26,2010,18.0
2006-05-29,2010,18.0
2006-05-30,2010,18.0
2006-05-31,2010,18.0
2006-06-01,2010,18.0
2006-06-02,2010,18.0
2006-06-05,2010,18.0
2006-06-06,2010,18.0
2006-06-07,2010,18.0
2006-06-08,2010,18.0
2006-06-09,2010,18.0
2006-06-12,2010,17.7
2006-06-13,2010,17.7
2006-06-14,2010,17.7
2006-06-16,2010,17.0
2006-06-19,2010,17.5
2006-06-20,2010,17.5
2006-06-21,2010,17.5
2006-06-22,2010,17.0
2006-06-23,2010,17.0
2006-06-26,2010,17.0
2006-06-27,2010,17.0
2006-06-28,2010,17.0
2006-06-29,2010,17.0
2006-06-30,2010,17.0
2006-07-03,2010,17.0
2006-07-04,2010,17.0
2006-07-05,2010,17.0
2006-07-06,2010,17.0
2006-07-07,2010,17.5
2006-07-10,2010,17.5
2006-07-11,2010,17.5
2006-07-12,2010,17.5
2006-07-13,2010,18.0
2006-07-14,2010,17.85
2006-07-17,2010,17.7
2006-07-18,2010,17.7
2006-07-19,2010,17.7
2006-07-20,2010,17.7
2006-07-21,2010,17.7
2006-07-24,2010,17.7
2006-07-25,2010,17.7
2006-07-26,2010,17.7
2006-07-27,2010,17.7
2006-07-28,2010,17.7
2006-07-31,2010,17.7
2006-08-01,2010,17.85
2006-08-02,2010,17.85
2006-08-03,2010,17.85
2006-08-04,2010,17.85
2006-08-07,2010,18.0
2006-08-08,2010,18.0
2006-08-09,2010,18.0
2006-08-10,2010,18.0
2006-08-11,2010,18.1
2006-08-14,2010,18.55
2006-08-15,2010,19.0
2006-08-16,2010,19.0
2006-08-17,2010,19.0
2006-08-18,2010,19.0
2006-08-21,2010,19.0
2006-08-22,2010,19.0
2006-08-23,2010,19.0
2006-08-24,2010,19.0
2006-08-25,2010,18.55
2006-08-28,2010,18.1
2006-08-29,2010,18.1
2006-08-30,2010,18.1
2006-08-31,2010,18.05
2006-09-01,2010,18.05
2006-09-04,2010,18.05
2006-09-05,2010,18.0
2006-09-06,2010,18.0
2006-09-08,2010,17.2
2006-09-11,2010,17.2
2006-09-12,2010,17.2
2006-09-13,2010,17.2
2006-09-14,2010,17.2
2006-09-15,2010,17.2
2006-09-18,2010,17.4
2006-09-19,2010,17.2
2006-09-20,2010,17.2
2006-09-21,2010,17.2
2006-09-22,2010,17.2
2006-09-25,2010,18.0
2006-09-26,2010,18.0
2006-09-27,2010,18.0
2006-09-28,2010,17.4
2006-09-29,2010,17.4
2006-10-02,2010,17.0
2006-10-03,2010,17.0
2006-10-04,2010,17.0
2006-10-05,2010,17.0
2006-10-06,2010,17.0
2006-10-09,2010,17.7
2006-10-10,2010,17.4
2006-10-11,2010,17.4
2006-10-13,2010,17.4
2006-10-16,2010,17.4
2006-10-17,2010,17.4
2006-10-18,2010,17.4
2006-10-19,2010,17.2
2006-10-20,2010,17.2
2006-10-23,2010,17.2
2006-10-24,2010,17.2
2006-10-25,2010,17.2
2006-10-26,2010,17.2
2006-10-27,2010,17.2
2006-10-30,2010,17.4
2006-10-31,2010,17.2
2006-11-01,2010,17.5
2006-11-03,2010,18.0
2006-11-06,2010,18.0
2006-11-07,2010,18.0
2006-11-08,2010,18.0
2006-11-09,2010,18.0
2006-11-10,2010,18.0
2006-11-13,2010,18.0
2006-11-14,2010,18.0
2006-11-16,2010,18.0
2006-11-17,2010,17.5
2006-11-20,2010,17.5
2006-11-21,2010,17.5
2006-11-22,2010,17.5
2006-11-23,2010,17.5
2006-11-24,2010,18.0
2006-11-27,2010,18.0
2006-11-28,2010,18.0
2006-11-29,2010,18.0
2006-11-30,2010,17.5
2006-12-01,2010,18.0
2006-12-04,2010,18.0
2006-12-05,2010,18.0
2006-12-06,2010,18.0
2006-12-07,2010,18.0
2006-12-08,2010,18.0
2006-12-11,2010,18.0
2006-12-12,2010,18.0
2006-12-13,2010,18.0
2006-12-14,2010,18.0
2006-12-15,2010,17.5
2006-12-18,2010,17.5
2006-12-19,2010,17.5
2006-12-20,2010,17.5
2006-12-21,2010,17.5
2006-12-22,2010,18.0
2006-12-26,2010,18.0
2006-12-27,2010,18.0
2006-12-28,2010,18.0
2006-12-29,2010,18.0
2007-01-02,2010,18.0
2007-01-03,2010,18.0
2007-01-04,2010,18.0
2007-01-05,2010,18.0
2007-01-08,2010,18.0
2007-01-09,2010,18.0
2007-01-10,2010,18.0
2007-01-11,2010,18.0
2007-01-12,2010,18.0
2007-01-15,2010,18.0
2007-01-16,2010,18.0
2007-01-17,2010,18.0
2007-01-18,2010,18.0
2007-01-19,2010,18.0
2007-01-22,2010,18.0
2007-01-23,2010,18.0
2007-01-24,2010,18.0
2007-01-25,2010,18.0
2007-01-26,2010,18.0
2007-01-29,2010,18.0
2007-01-30,2010,18.0
2007-01-31,2010,18.0
2007-02-01,2010,18.0
2007-02-02,2010,18.0
2007-02-05,2010,18.0
2007-02-06,2010,18.0
2007-02-07,2010,18.0
2007-02-08,2010,18.0
2007-02-09,2010,18.0
2007-02-12,2010,18.0
2007-02-13,2010,18.0
2007-02-14,2010,18.45
2007-02-15,2010,18.45
2007-02-16,2010,18.45
2007-02-21,2010,18.0
2007-02-22,2010,18.45
2007-02-23,2010,18.45
2007-02-26,2010,18.0
2007-02-27,2010,18.9
2007-02-28,2010,18.9
2007-03-01,2010,19.0
2007-03-02,2010,19.0
2007-03-05,2010,19.5
2007-03-06,2010,19.25
2007-03-07,2010,19.25
2007-03-08,2010,18.5
2007-03-09,2010,18.0
2007-03-12,2010,18.5
2007-03-13,2010,19.0
2007-03-14,2010,19.0
2007-03-15,2010,19.0
2007-03-16,2010,19.0
2007-03-19,2010,19.0
2007-03-20,2010,19.0
2007-03-21,2010,19.0
2007-03-22,2010,19.0
2007-03-23,2010,19.0
2007-03-26,2010,19.0
2007-03-27,2010,19.0
2007-03-28,2010,19.0
2007-03-29,2010,19.0
2007-03-30,2010,19.0
2007-04-02,2010,19.0
2007-04-03,2010,19.0
2007-04-04,2010,19.0
2007-04-05,2010,19.0
2007-04-09,2010,19.5
2007-04-10,2010,19.5
2007-04-11,2010,19.25
2007-04-12,2010,19.25
2007-04-13,2010,19.0
2007-04-16,2010,19.0
2007-04-17,2010,19.0
2007-04-18,2010,19.0
2007-04-19,2010,19.0
2007-04-20,2010,19.0
2007-04-23,2010,19.0
2007-04-24,2010,19.0
2007-04-25,2010,19.0
2007-04-26,2010,19.0
2007-04-27,2010,19.0
2007-04-30,2010,19.0
2007-05-02,2010,19.0
2007-05-03,2010,19.0
2007-05-04,2010,19.0
2007-05-07,2010,18.5
2007-05-08,2010,18.5
2007-05-09,2010,19.0
2007-05-10,2010,19.0
2007-05-11,2010,19.0
2007-05-14,2010,19.0
2007-05-15,2010,19.0
2007-05-16,2010,19.0
2007-05-17,2010,19.0
2007-05-18,2010,19.67
2007-05-21,2010,20.0
2007-05-22,2010,20.0
2007-05-23,2010,20.0
2007-05-24,2010,20.0
2007-05-25,2010,20.0
2007-05-28,2010,20.0
2007-05-29,2010,20.0
2007-05-30,2010,20.0
2007-05-31,2010,20.0
2007-06-01,2010,20.0
2007-06-04,2010,20.0
2007-06-05,2010,20.0
2007-06-06,2010,20.0
2007-06-08,2010,20.0
2007-06-11,2010,20.0
2007-06-12,2010,20.0
2007-06-13,2010,20.0
2007-06-14,2010,20.0
2007-06-15,2010,20.0
2007-06-18,2010,20.0
2007-06-19,2010,20.0
2007-06-20,2010,20.0
2007-06-21,2010,20.0
2007-06-22,2010,20.0
2007-06-25,2010,20.0
2007-06-26,2010,20.0
2007-06-27,2010,20.0
2007-06-28,2010,20.0
2007-06-29,2010,20.0
2007-07-02,2010,20.0
2007-07-03,2010,20.0
2007-07-04,2010,20.0
2007-07-05,2010,20.0
2007-07-06,2010,20.0
2007-07-09,2010,20.0
2007-07-10,2010,20.0
2007-07-11,2010,20.0
2007-07-12,2010,20.0
2007-07-13,2010,20.0
2007-07-16,2010,20.24
2007-07-17,2010,20.24
2007-07-18,2010,20.24
2007-07-19,2010,20.24
2007-07-20,2010,20.24
2007-07-23,2010,20.12
2007-07-24,2010,20.12
2007-07-25,2010,20.12
2007-07-26,2010,20.0
2007-07-27,2010,20.0
2007-07-30,2010,20.0
2007-07-31,2010,20.24
2007-08-01,2010,20.24
2007-08-02,2010,20.24
2007-08-03,2010,20.37
2007-08-06,2010,20.37
2007-08-07,2010,20.37
2007-08-08,2010,20.37
2007-08-09,2010,20.5
2007-08-10,2010,20.5
2007-08-13,2010,20.5
2007-08-14,2010,20.5
2007-08-15,2010,20.5
2007-08-16,2010,20.75
2007-08-17,2010,20.75
2007-08-20,2010,20.75
2007-08-21,2010,20.75
2007-08-22,2010,20.75
2007-08-23,2010,20.75
2007-08-24,2010,20.75
2007-08-27,2010,20.75
2007-08-28,2010,20.5
2007-08-29,2010,20.5
2007-08-30,2010,20.5
2007-08-31,2010,20.37
2007-09-03,2010,20.5
2007-09-04,2010,20.37
2007-09-05,2010,20.24
2007-09-06,2010,20.12
2007-09-10,2010,20.0
2007-09-11,2010,20.0
2007-09-12,2010,20.0
2007-09-13,2010,20.12
2007-09-14,2010,20.12
2007-09-17,2010,20.12
2007-09-18,2010,20.12
2007-09-19,2010,20.24
2007-09-20,2010,20.12
2007-09-21,2010,20.12
2007-09-24,2010,20.24
2007-09-25,2010,20.24
2007-09-26,2010,20.24
2007-09-27,2010,20.37
2007-09-28,2010,20.37
2007-10-01,2010,20.37
2007-10-02,2010,20.37
2007-10-03,2010,20.37
2007-10-04,2010,20.37
2007-10-05,2010,20.37
2007-10-08,2010,20.37
2007-10-09,2010,20.37
2007-10-10,2010,20.5
2007-10-11,2010,20.5
2007-10-15,2010,21.0
2007-10-16,2010,21.0
2007-10-17,2010,20.62
2007-10-18,2010,21.0
2007-10-19,2010,21.5
2007-10-22,2010,22.0
2007-10-23,2010,21.0
2007-10-24,2010,21.0
2007-10-25,2010,21.0
2007-10-26,2010,21.0
2007-10-29,2010,21.12
2007-10-30,2010,21.12
2007-10-31,2010,22.0
2007-11-01,2010,22.0
2007-11-05,2010,24.0
2007-11-06,2010,24.0
2007-11-07,2010,24.0
2007-11-08,2010,24.0
2007-11-09,2010,24.5
2007-11-12,2010,24.5
2007-11-13,2010,24.5
2007-11-14,2010,24.5
2007-11-16,2010,24.5
2007-11-19,2010,24.5
2007-11-20,2010,24.5
2007-11-21,2010,25.0
2007-11-22,2010,25.0
2007-11-23,2010,25.0
2007-11-26,2010,25.0
2007-11-27,2010,25.0
2007-11-28,2010,25.0
2007-11-29,2010,25.0
2007-11-30,2010,25.0
2007-12-03,2010,25.0
2007-12-04,2010,25.0
2007-12-05,2010,25.0
2007-12-06,2010,25.0
2007-12-07,2010,25.0
2007-12-10,2010,25.0
2007-12-11,2010,25.0
2007-12-12,2010,25.0
2007-12-13,2010,25.0
2007-12-14,2010,25.0
2007-12-17,2010,25.0
2007-12-18,2010,25.0
2007-12-19,2010,25.0
2007-12-20,2010,25.0
2007-12-21,2010,25.0
2007-12-24,2010,25.0
2007-12-26,2010,25.0
2007-12-27,2010,25.0
2007-12-28,2010,25.0
2007-12-31,2010,25.0
2008-01-02,2010,25.0
2008-01-03,2010,25.0
2008-01-04,2010,25.0
2008-01-07,2010,25.0
2008-01-08,2010,25.0
2008-01-09,2010,25.0
2008-01-10,2010,25.0
2008-01-11,2010,25.0
2008-01-14,2010,25.0
2008-01-15,2010,25.0
2008-01-16,2010,25.0
2008-01-17,2010,25.0
2008-01-18,2010,25.0
2008-01-21,2010,25.0
2008-01-22,2010,25.0
2008-01-23,2010,25.0
2008-01-24,2010,25.0
2008-01-25,2010,25.0
2008-01-28,2010,25.0
2008-01-29,2010,25.0
2008-01-30,2010,25.0
2008-01-31,2010,25.0
2008-02-01,2010,25.0
2008-02-06,2010,25.0
2008-02-07,2010,25.0
2008-02-08,2010,25.0
2008-02-11,2010,25.0
2008-02-12,2010,25.0
2008-02-13,2010,25.0
2008-02-14,2010,25.0
2008-02-15,2010,25.0
2008-02-18,2010,25.0
2008-02-19,2010,25.0
2008-02-20,2010,25.0
2008-02-21,2010,25.0
2008-02-22,2010,25.0
2008-02-25,2010,25.0
2008-02-26,2010,25.0
2008-02-27,2010,25.0
2008-02-28,2010,25.0
2008-02-29,2010,25.0
2008-03-03,2010,25.0
2008-03-04,2010,25.0
2008-03-05,2010,25.0
2008-03-06,2010,25.0
2008-03-07,2010,25.0
2008-03-10,2010,25.0
2008-03-11,2010,25.0
2008-03-12,2010,25.0
2008-03-13,2010,25.0
2008-03-14,2010,25.0
2008-03-17,2010,25.0
2008-03-18,2010,25.0
2008-03-19,2010,25.0
2008-03-20,2010,25.0
2008-03-24,2010,25.0
2008-03-25,2010,25.0
2008-03-26,2010,25.0
2008-03-27,2010,25.0
2008-03-28,2010,25.0
2008-03-31,2010,25.0
2008-04-01,2010,25.0
2008-04-02,2010,25.0
2008-04-03,2010,25.0
2008-04-04,2010,25.73
2008-04-07,2010,25.73
2008-04-08,2010,25.73
2008-04-09,2010,25.73
2008-04-10,2010,25.73
2008-04-11,2010,25.73
2008-04-14,2010,26.46
2008-04-15,2010,26.46
2008-04-16,2010,26.46
2008-04-17,2010,27.23
2008-04-18,2010,26.46
2008-04-22,2010,26.5
2008-04-23,2010,26.5
2008-04-24,2010,26.5
2008-04-25,2010,26.5
2008-04-28,2010,28.0
2008-04-29,2010,28.0
2008-04-30,2010,25.0
2008-05-02,2010,25.0
2008-05-05,2010,25.0
2008-05-06,2010,25.0
2008-05-07,2010,25.0
2008-05-08,2010,24.5
2008-05-09,2010,25.0
2008-05-12,2010,25.0
2008-05-13,2010,25.0
2008-05-14,2010,25.23
2008-05-15,2010,25.23
2008-05-16,2010,25.23
2008-05-19,2010,25.46
2008-05-20,2010,25.46
2008-05-21,2010,25.46
2008-05-23,2010,25.46
2008-05-26,2010,26.4
2008-05-27,2010,28.0
2008-05-28,2010,28.0
2008-05-29,2010,28.0
2008-05-30,2010,27.2
2008-06-02,2010,28.0
2008-06-03,2010,28.0
2008-06-04,2010,28.0
2008-06-05,2010,28.0
2008-06-06,2010,28.0
2008-06-09,2010,28.0
2008-06-10,2010,27.35
2008-06-11,2010,28.0
2008-06-12,2010,28.0
2008-06-13,2010,28.0
2008-06-16,2010,28.0
2008-06-17,2010,28.0
2008-06-18,2010,28.0
2008-06-19,2010,28.0
2008-06-20,2010,28.0
2008-06-23,2010,28.0
2008-06-24,2010,28.0
2008-06-25,2010,28.0
2008-06-26,2010,28.0
2008-06-27,2010,28.0
2008-06-30,2010,28.0
2008-07-01,2010,28.0
2008-07-02,2010,28.0
2008-07-03,2010,28.0
2008-07-04,2010,29.06
2008-07-07,2010,30.0
2008-07-08,2010,30.0
2008-07-09,2010,30.0
2008-07-10,2010,29.06
2008-07-11,2010,30.0
2008-07-14,2010,28.06
2008-07-15,2010,28.06
2008-07-16,2010,28.06
2008-07-17,2010,28.06
2008-07-18,2010,28.0
2008-07-21,2010,28.06
2008-07-22,2010,28.06
2008-07-23,2010,28.06
2008-07-24,2010,28.12
2008-07-25,2010,28.12
2008-07-28,2010,28.06
2008-07-29,2010,28.06
2008-07-30,2010,28.0
2008-07-31,2010,28.0
2008-08-01,2010,28.0
2008-08-04,2010,28.0
2008-08-05,2010,28.0
2008-08-06,2010,28.0
2008-08-07,2010,29.0
2008-08-08,2010,30.0
2008-08-11,2010,30.0
2008-08-12,2010,30.0
2008-08-13,2010,30.0
2008-08-14,2010,30.0
2008-08-15,2010,30.0
2008-08-18,2010,30.0
2008-08-19,2010,30.0
2008-08-20,2010,30.0
2008-08-21,2010,30.0
2008-08-22,2010,30.0
2008-08-25,2010,30.0
2008-08-26,2010,30.0
2008-08-27,2010,30.0
2008-08-28,2010,30.0
2008-08-29,2010,30.0
2008-09-01,2010,30.0
2008-09-02,2010,30.0
2008-09-03,2010,30.0
2008-09-04,2010,30.0
2008-09-05,2010,30.0
2008-09-08,2010,29.0
2008-09-09,2010,29.0
2008-09-10,2010,29.0
2008-09-11,2010,29.0
2008-09-12,2010,29.0
2008-09-15,2010,29.0
2008-09-16,2010,29.0
2008-09-17,2010,29.0
2008-09-18,2010,30.0
2008-09-19,2010,30.0
2008-09-22,2010,30.0
2008-09-23,2010,29.0
2008-09-24,2010,29.0
2008-09-25,2010,28.0
2008-09-26,2010,28.0
2008-09-29,2010,28.0
2008-09-30,2010,28.0
2008-10-01,2010,28.0
2008-10-02,2010,28.0
2008-10-03,2010,28.0
2008-10-06,2010,30.0
2008-10-07,2010,30.0
2008-10-08,2010,28.0
2008-10-09,2010,28.0
2008-10-10,2010,28.0
2008-10-13,2010,28.0
2008-10-14,2010,28.0
2008-10-15,2010,28.0
2008-10-16,2010,28.0
2008-10-17,2010,28.75
2008-10-20,2010,28.75
2008-10-21,2010,28.75
2008-10-22,2010,28.0
2008-10-23,2010,28.0
2008-10-24,2010,28.0
2008-10-27,2010,29.5
2008-10-28,2010,28.75
2008-10-29,2010,28.75
2008-10-30,2010,28.75
2008-10-31,2010,28.0
2008-11-03,2010,28.0
2008-11-04,2010,28.0
2008-11-05,2010,28.0
2008-11-06,2010,28.0
2008-11-07,2010,28.75
2008-11-10,2010,28.75
2008-11-11,2010,28.0
2008-11-12,2010,28.0
2008-11-13,2010,27.21
2008-11-14,2010,27.21
2008-11-17,2010,27.0
2008-11-18,2010,27.0
2008-11-19,2010,27.0
2008-11-20,2010,27.0
2008-11-21,2010,25.0
2008-11-24,2010,25.0
2008-11-25,2010,25.0
2008-11-26,2010,25.0
2008-11-27,2010,25.0
2008-11-28,2010,25.0
2008-12-01,2010,25.0
2008-12-02,2010,25.0
2008-12-03,2010,25.0
2008-12-04,2010,25.0
2008-12-05,2010,25.0
2008-12-08,2010,25.0
2008-12-09,2010,25.0
2008-12-10,2010,25.0
2008-12-11,2010,25.0
2008-12-12,2010,25.0
2008-12-15,2010,25.0
2008-12-16,2010,25.0
2008-12-17,2010,25.0
2008-12-18,2010,25.0
2008-12-19,2010,25.0
2008-12-22,2010,25.0
2008-12-23,2010,25.0
2008-12-24,2010,25.0
2008-12-26,2010,25.0
2008-12-29,2010,25.0
2008-12-30,2010,25.0
2008-12-31,2010,25.0
2009-01-02,2010,25.0
2009-01-05,2010,25.0
2009-01-06,2010,25.0
2009-01-07,2010,25.0
2009-01-08,2010,25.0
2009-01-09,2010,25.0
2009-01-12,2010,25.0
2009-01-13,2010,25.0
2009-01-14,2010,25.0
2009-01-15,2010,25.0
2009-01-16,2010,25.0
2009-01-19,2010,25.0
2009-01-20,2010,25.0
2009-01-21,2010,25.0
2009-01-22,2010,25.0
2009-01-23,2010,25.0
2009-01-26,2010,25.0
2009-01-27,2010,25.0
2009-01-28,2010,25.0
2009-01-29,2010,25.0
2009-01-30,2010,25.0
2009-02-02,2010,25.0
2009-02-03,2010,25.0
2009-02-04,2010,25.0
2009-02-05,2010,25.0
2009-02-06,2010,25.0
2009-02-09,2010,25.0
2009-02-10,2010,25.0
2009-02-11,2010,25.0
2009-02-12,2010,25.0
2009-02-13,2010,25.0
2009-02-16,2010,25.0
2009-02-17,2010,25.0
2009-02-18,2010,25.0
2009-02-19,2010,25.0
2009-02-20,2010,25.0
2009-02-25,2010,25.0
2009-02-26,2010,25.0
2009-02-27,2010,25.0
2009-03-02,2010,25.0
2009-03-03,2010,25.0
2009-03-04,2010,25.0
2009-03-05,2010,25.0
2009-03-06,2010,25.0
2009-03-09,2010,25.0
2009-03-10,2010,25.0
2009-03-11,2010,25.0
2009-03-12,2010,25.0
2009-03-13,2010,25.0
2009-03-16,2010,25.0
2009-03-17,2010,25.0
2009-03-18,2010,25.0
2009-03-19,2010,25.0
2009-03-20,2010,25.0
2009-03-23,2010,25.0
2009-03-24,2010,25.0
2009-03-25,2010,25.0
2009-03-26,2010,25.0
2009-03-27,2010,25.0
2009-03-30,2010,25.0
2009-03-31,2010,25.0
2009-04-01,2010,25.0
2009-04-02,2010,25.0
2009-04-03,2010,25.0
2009-04-06,2010,25.0
2009-04-07,2010,25.0
2009-04-08,2010,25.0
2009-04-09,2010,25.0
2009-04-13,2010,25.0
2009-04-14,2010,25.0
2009-04-15,2010,25.0
2009-04-16,2010,25.0
2009-04-17,2010,25.0
2009-04-20,2010,25.0
2009-04-22,2010,25.0
2009-04-23,2010,25.0
2009-04-24,2010,25.0
2009-04-27,2010,25.0
2009-04-28,2010,25.0
2009-04-29,2010,25.0
2009-04-30,2010,25.0
2009-05-04,2010,25.0
2009-05-05,2010,25.0
2009-05-06,2010,25.0
2009-05-07,2010,25.0
2009-05-08,2010,25.0
2009-05-11,2010,25.0
2009-05-12,2010,25.0
2009-05-13,2010,25.0
2009-05-14,2010,25.0
2009-05-15,2010,25.0
2009-05-18,2010,25.0
2009-05-19,2010,25.0
2009-05-20,2010,25.0
2009-05-21,2010,25.0
2009-05-22,2010,25.0
2009-05-25,2010,25.0
2009-05-26,2010,25.0
2009-05-27,2010,25.0
2009-05-28,2010,25.0
2009-05-29,2010,25.0
2009-06-01,2010,25.0
2009-06-02,2010,25.0
2009-06-03,2010,25.0
2009-06-04,2010,25.0
2009-06-05,2010,25.0
2009-06-08,2010,25.0
2009-06-09,2010,25.0
2009-06-10,2010,25.0
2009-06-12,2010,25.0
2009-06-15,2010,25.0
2009-06-16,2010,25.0
2009-06-17,2010,25.0
2009-06-18,2010,25.0
2009-06-19,2010,25.0
2009-06-22,2010,25.0
2009-06-23,2010,25.0
2009-06-24,2010,25.5
2009-06-25,2010,26.0
2009-06-26,2010,25.5
2009-06-29,2010,25.5
2009-06-30,2010,26.0
2009-07-01,2010,26.0
2009-07-02,2010,26.0
2009-07-03,2010,26.0
2009-07-06,2010,26.0
2009-07-07,2010,26.15
2009-07-08,2010,26.65
2009-07-09,2010,26.3
2009-07-10,2010,26.3
2009-07-13,2010,26.65
2009-07-14,2010,26.65
2009-07-15,2010,26.65
2009-07-16,2010,27.0
2009-07-17,2010,27.0
2009-07-20,2010,26.75
2009-07-21,2010,27.0
2009-07-22,2010,27.0
2009-07-23,2010,27.0
2009-07-24,2010,27.0
2009-07-27,2010,27.05
2009-07-28,2010,27.05
2009-07-29,2010,27.05
2009-07-30,2010,27.05
2009-07-31,2010,27.1
2009-08-03,2010,27.1
2009-08-04,2010,27.1
2009-08-05,2010,27.55
2009-08-06,2010,27.1
2009-08-07,2010,27.55
2009-08-10,2010,28.0
2009-08-11,2010,29.0
2009-08-12,2010,29.0
2009-08-13,2010,29.0
2009-08-14,2010,30.0
2009-08-17,2010,30.0
2009-08-18,2010,30.0
2009-08-19,2010,30.0
2009-08-20,2010,30.0
2009-08-21,2010,30.0
2009-08-24,2010,29.5
2009-08-25,2010,29.5
2009-08-26,2010,30.0
2009-08-27,2010,30.0
2009-08-28,2010,30.0
2009-08-31,2010,30.0
2009-09-01,2010,30.0
2009-09-02,2010,30.0
2009-09-03,2010,30.0
2009-09-04,2010,30.0
2009-09-08,2010,30.0
2009-09-09,2010,30.0
2009-09-10,2010,30.0
2009-09-11,2010,30.0
2009-09-14,2010,30.0
2009-09-15,2010,30.0
2009-09-16,2010,30.0
2009-09-17,2010,30.0
2009-09-18,2010,30.0
2009-09-21,2010,30.0
2009-09-22,2010,30.0
2009-09-23,2010,30.0
2009-09-24,2010,30.0
2009-09-25,2010,30.0
2009-09-28,2010,30.0
2009-09-29,2010,30.0
2009-09-30,2010,30.15
2009-10-01,2010,30.3
2009-10-02,2010,30.3
2009-10-05,2010,30.3
2009-10-06,2010,30.35
2009-10-07,2010,30.35
2009-10-08,2010,30.6
2009-10-09,2010,31.0
2009-10-13,2010,32.0
2009-10-14,2010,32.0
2009-10-15,2010,32.0
2009-10-16,2010,32.0
2009-10-19,2010,32.0
2009-10-20,2010,32.0
2009-10-21,2010,32.0
2009-10-22,2010,32.0
2009-10-23,2010,33.0
2009-10-26,2010,32.0
2009-10-27,2010,32.0
2009-10-28,2010,32.5
2009-10-29,2010,32.5
2009-10-30,2010,33.0
2009-11-03,2010,32.5
2009-11-04,2010,33.0
2009-11-05,2010,35.0
2009-11-06,2010,35.0
2009-11-09,2010,35.0
2009-11-10,2010,35.0
2009-11-11,2010,35.0
2009-11-12,2010,35.0
2009-11-13,2010,35.0
2009-11-16,2010,35.0
2009-11-17,2010,35.0
2009-11-18,2010,35.0
2009-11-19,2010,35.0
2009-11-20,2010,35.0
2009-11-23,2010,35.0
2009-11-24,2010,35.0
2009-11-25,2010,35.0
2009-11-26,2010,35.0
2009-11-27,2010,35.0
2009-11-30,2010,35.0
2009-12-01,2010,35.0
2009-12-02,2010,35.0
2009-12-03,2010,35.0
2009-12-04,2010,35.0
2009-12-07,2010,35.0
2009-12-08,2010,35.0
2009-12-09,2010,35.0
2009-12-10,2010,35.0
2009-12-11,2010,35.0
2009-12-14,2010,35.0
2009-12-15,2010,35.0
2009-12-16,2010,35.0
2009-12-17,2010,35.0
2009-12-18,2010,35.0
2009-12-21,2010,35.0
2009-12-22,2010,35.0
2009-12-23,2010,35.0
2009-12-24,2010,35.0
2009-12-28,2010,35.0
2009-12-29,2010,35.0
2009-12-30,2010,35.0
2009-12-31,2010,35.2
2010-01-04,2010,35.2
2010-01-05,2010,36.1
2010-01-06,2010,36.1
2010-01-07,2010,37.5
2010-01-08,2010,37.5
2010-01-11,2010,38.0
2010-01-12,2010,36.3
2010-01-13,2010,36.3
2010-01-14,2010,35.6
2010-01-15,2010,37.0
2010-01-18,2010,38.0
2010-01-19,2010,38.0
2010-01-20,2010,37.0
2010-01-21,2010,37.0
2010-01-22,2010,38.0
2010-01-25,2010,38.0
2010-01-26,2010,38.0
2010-01-27,2010,38.0
2010-01-28,2010,38.0
2010-01-29,2010,38.0
2010-02-01,2010,38.0
2010-02-02,2010,38.0
2010-02-03,2010,38.0
2010-02-04,2010,38.0
2010-02-05,2010,38.0
2010-02-08,2010,38.0
2010-02-09,2010,38.0
2010-02-10,2010,38.0
2010-02-11,2010,38.0
2010-02-12,2010,38.0
2010-02-17,2010,38.0
2010-02-18,2010,38.0
2010-02-19,2010,38.0
2010-02-22,2010,38.0
2010-02-23,2010,38.0
2010-02-24,2010,38.0
2010-02-25,2010,38.0
2010-02-26,2010,38.0
2010-03-01,2010,38.0
2010-03-02,2010,38.0
2010-03-03,2010,38.0
2010-03-04,2010,38.0
2010-03-05,2010,38.0
2010-03-08,2010,38.0
2010-03-09,2010,38.0
2010-03-10,2010,38.0
2010-03-11,2010,38.0
2010-03-12,2010,38.0
2010-03-15,2010,38.0
2010-03-16,2010,38.0
2010-03-17,2010,38.0
2010-03-18,2010,38.0
2010-03-19,2010,38.0
2010-03-22,2010,38.6
2010-03-23,2010,38.3
2010-03-24,2010,38.3
2010-03-25,2010,38.3
2010-03-26,2010,38.3
2010-03-29,2010,38.3
2010-03-30,2010,38.3
2010-03-31,2010,38.0
2010-04-01,2010,38.0
2010-04-05,2010,38.0
2010-04-06,2010,38.0
2010-04-07,2010,38.0
2010-04-08,2010,38.0
2010-04-09,2010,38.0
2010-04-12,2010,38.0
2010-04-13,2010,38.0
2010-04-14,2010,38.0
2010-04-15,2010,39.0
2010-04-16,2010,39.0
2010-04-19,2010,38.0
2010-04-20,2010,38.0
2010-04-22,2010,38.0
2010-04-23,2010,38.0
2010-04-26,2010,38.0
2010-04-27,2010,38.0
2010-04-28,2010,38.0
2010-04-29,2010,38.0
2010-04-30,2010,38.0
2010-05-03,2010,38.0
2010-05-04,2010,38.0
2010-05-05,2010,38.0
2010-05-06,2010,38.0
2010-05-07,2010,38.0
2010-05-10,2010,38.0
2010-05-11,2010,38.0
2010-05-12,2010,38.0
2010-05-13,2010,38.0
2010-05-14,2010,38.0
2010-05-17,2010,37.5
2010-05-18,2010,37.5
2010-05-19,2010,37.0
2010-05-20,2010,36.5
2010-05-21,2010,37.0
2010-05-24,2010,37.0
2010-05-25,2010,37.0
2010-05-26,2010,37.0
2010-05-27,2010,37.0
2010-05-28,2010,36.5
2010-05-31,2010,37.0
2010-06-01,2010,36.5
2010-06-02,2010,37.0
2010-06-04,2010,36.5
2010-06-07,2010,36.5
2010-06-08,2010,36.5
2010-06-09,2010,36.5
2010-06-10,2010,36.0
2010-06-11,2010,36.0
2010-06-14,2010,36.0
2010-06-15,2010,36.0
2010-06-16,2010,36.0
2010-06-17,2010,36.5
2010-06-18,2010,35.0
2010-06-21,2010,35.0
2010-06-22,2010,35.0
2010-06-23,2010,35.0
2010-06-24,2010,35.0
2010-06-25,2010,35.0
2010-06-28,2010,35.0
2010-06-29,2010,35.0
2010-06-30,2010,35.0
2010-07-01,2010,35.0
2010-07-02,2010,35.0
2010-07-05,2010,35.0
2010-07-06,2010,35.0
2010-07-07,2010,35.0
2010-07-08,2010,34.65
2010-07-09,2010,34.65
2010-07-12,2010,34.65
2010-07-13,2010,34.3
2010-07-14,2010,34.3
2010-07-15,2010,34.65
2010-07-16,2010,34.3
2010-07-19,2010,34.3
2010-07-20,2010,34.3
2010-07-21,2010,34.3
2010-07-22,2010,33.65
2010-07-23,2010,33.65
2010-07-26,2010,33.1
2010-07-27,2010,32.1
2010-07-28,2010,32.0
2010-07-29,2010,32.0
2010-07-30,2010,32.0
2010-08-02,2010,32.0
2010-08-03,2010,32.0
2010-08-04,2010,32.0
2010-08-05,2010,32.0
2010-08-06,2010,32.0
2010-08-09,2010,32.0
2010-08-10,2010,32.0
2010-08-11,2010,32.0
2010-08-12,2010,32.0
2010-08-13,2010,32.0
2010-08-16,2010,30.0
2010-08-17,2010,30.0
2010-08-18,2010,30.0
2010-08-19,2010,31.0
2010-08-20,2010,31.0
2010-08-23,2010,31.0
2010-08-24,2010,31.0
2010-08-25,2010,30.0
2010-08-26,2010,30.0
2010-08-27,2010,30.0
2010-08-30,2010,30.0
2010-08-31,2010,30.0
2010-09-01,2010,30.0
2010-09-02,2010,30.0
2010-09-03,2010,30.0
2010-09-06,2010,30.0
2010-09-08,2010,30.0
2010-09-09,2010,30.0
2010-09-10,2010,30.0
2010-09-13,2010,30.0
2010-09-14,2010,30.0
2010-09-15,2010,30.0
2010-09-16,2010,30.0
2010-09-17,2010,30.0
2010-09-20,2010,30.0
2010-09-21,2010,30.0
2010-09-22,2010,30.0
2010-09-23,2010,30.0
2010-09-24,2010,30.0
2010-09-27,2010,30.0
2010-09-28,2010,30.0
2010-09-29,2010,30.0
2010-09-30,2010,30.0
2010-10-01,2010,30.0
2010-10-04,2010,30.0
2010-10-05,2010,30.0
2010-10-06,2010,30.0
2010-10-07,2010,30.0
2010-10-08,2010,30.0
2010-10-11,2010,30.0
2010-10-13,2010,30.0
2010-10-14,2010,30.0
2010-10-15,2010,30.0
2010-10-18,2010,30.0
2010-10-19,2010,30.0
2010-10-20,2010,30.0
2010-10-21,2010,30.0
2010-10-22,2010,30.0
2010-10-25,2010,30.0
2010-10-26,2010,30.0
2010-10-27,2010,30.0
2010-10-28,2010,30.0
2010-10-29,2010,30.0
2010-11-01,2010,30.0
2010-11-03,2010,30.0
2010-11-04,2010,30.0
2010-11-05,2010,30.0
2010-11-08,2010,30.0
2010-11-09,2010,30.0
2010-11-10,2010,30.0
2010-11-11,2010,30.0
2010-11-12,2010,30.0
2010-11-16,2010,30.0
2010-11-17,2010,30.0
2010-11-18,2010,30.0
2010-11-19,2010,30.0
2010-11-22,2010,30.0
2010-11-23,2010,30.0
2010-11-24,2010,30.0
2010-11-25,2010,30.0
2010-11-26,2010,30.0
2010-11-29,2010,30.0
2010-11-30,2010,30.0
2010-12-01,2010,30.0
2010-12-02,2010,30.0
2010-12-03,2010,30.0
2010-12-06,2010,30.0
2010-12-07,2010,30.0
2010-12-08,2010,30.0
2010-12-09,2010,30.0
2010-12-10,2010,30.0
2010-12-13,2010,30.0
2010-12-14,2010,30.0
2010-12-15,2010,30.0
2010-12-16,2010,30.0
2010-12-17,2010,32.0
2010-12-20,2010,32.0
2010-12-21,2010,32.0
2010-12-22,2010,32.2
2010-12-23,2010,32.2
2010-12-24,2010,32.2
2010-12-27,2010,33.0
2010-12-28,2010,33.0
2010-12-29,2010,33.0
2010-12-30,2010,33.0
2010-12-31,2010,33.0
2011-01-03,2010,33.0
2011-01-04,2010,33.0
2011-01-05,2010,33.0
2011-01-06,2010,33.0
2011-01-07,2010,34.0
2011-01-10,2010,34.0
2011-01-11,2010,34.0
2011-01-12,2010,34.0
2011-01-13,2010,34.0
2011-01-14,2010,33.0
2011-01-17,2010,33.0
2011-01-18,2010,33.0
2011-01-19,2010,33.0
2011-01-20,2010,33.0
2011-01-21,2010,35.0
2011-01-24,2010,35.0
2007-01-25,2011,18.0
2007-01-26,2011,20.0
2007-01-29,2011,21.3
2007-01-30,2011,22.0
2007-01-31,2011,22.0
2007-02-01,2011,22.0
2007-02-02,2011,22.0
2007-02-05,2011,22.0
2007-02-06,2011,21.5
2007-02-07,2011,21.5
2007-02-08,2011,21.5
2007-02-09,2011,21.0
2007-02-12,2011,21.0
2007-02-13,2011,21.0
2007-02-14,2011,21.0
2007-02-15,2011,20.5
2007-02-16,2011,20.0
2007-02-21,2011,20.0
2007-02-22,2011,20.0
2007-02-23,2011,20.0
2007-02-26,2011,20.0
2007-02-27,2011,20.0
2007-02-28,2011,20.0
2007-03-01,2011,20.0
2007-03-02,2011,20.0
2007-03-05,2011,20.0
2007-03-06,2011,20.0
2007-03-07,2011,20.0
2007-03-08,2011,20.0
2007-03-09,2011,20.0
2007-03-12,2011,20.0
2007-03-13,2011,20.0
2007-03-14,2011,20.0
2007-03-15,2011,20.0
2007-03-16,2011,20.0
2007-03-19,2011,20.0
2007-03-20,2011,20.0
2007-03-21,2011,20.0
2007-03-22,2011,20.0
2007-03-23,2011,20.0
2007-03-26,2011,20.0
2007-03-27,2011,20.0
2007-03-28,2011,20.0
2007-03-29,2011,20.0
2007-03-30,2011,20.0
2007-04-02,2011,20.0
2007-04-03,2011,20.0
2007-04-04,2011,20.0
2007-04-05,2011,20.0
2007-04-09,2011,20.0
2007-04-10,2011,20.0
2007-04-11,2011,20.0
2007-04-12,2011,20.0
2007-04-13,2011,20.0
2007-04-16,2011,20.0
2007-04-17,2011,20.0
2007-04-18,2011,20.0
2007-04-19,2011,20.0
2007-04-20,2011,20.5
2007-04-23,2011,20.0
2007-04-24,2011,20.5
2007-04-25,2011,20.5
2007-04-26,2011,20.5
2007-04-27,2011,20.5
2007-04-30,2011,20.0
2007-05-02,2011,20.0
2007-05-03,2011,20.0
2007-05-04,2011,20.0
2007-05-07,2011,20.0
2007-05-08,2011,20.0
2007-05-09,2011,20.0
2007-05-10,2011,20.0
2007-05-11,2011,20.0
2007-05-14,2011,20.0
2007-05-15,2011,20.0
2007-05-16,2011,20.0
2007-05-17,2011,20.0
2007-05-18,2011,20.0
2007-05-21,2011,20.0
2007-05-22,2011,20.0
2007-05-23,2011,20.0
2007-05-24,2011,20.0
2007-05-25,2011,20.0
2007-05-28,2011,20.0
2007-05-29,2011,20.0
2007-05-30,2011,20.0
2007-05-31,2011,20.5
2007-06-01,2011,20.5
2007-06-04,2011,20.5
2007-06-05,2011,21.0
2007-06-06,2011,21.0
2007-06-08,2011,21.1
2007-06-11,2011,21.1
2007-06-12,2011,21.0
2007-06-13,2011,21.0
2007-06-14,2011,21.1
2007-06-15,2011,20.5
2007-06-18,2011,20.0
2007-06-19,2011,20.0
2007-06-20,2011,20.0
2007-06-21,2011,20.0
2007-06-22,2011,20.0
2007-06-25,2011,21.19
2007-06-26,2011,21.19
2007-06-27,2011,21.19
2007-06-28,2011,20.6
2007-06-29,2011,20.0
2007-07-02,2011,20.0
2007-07-03,2011,20.0
2007-07-04,2011,20.0
2007-07-05,2011,20.0
2007-07-06,2011,20.0
2007-07-09,2011,20.0
2007-07-10,2011,20.0
2007-07-11,2011,20.0
2007-07-12,2011,20.0
2007-07-13,2011,21.19
2007-07-16,2011,21.55
2007-07-17,2011,21.55
2007-07-18,2011,21.55
2007-07-19,2011,21.55
2007-07-20,2011,21.55
2007-07-23,2011,21.19
2007-07-24,2011,21.19
2007-07-25,2011,21.19
2007-07-26,2011,21.1
2007-07-27,2011,21.1
2007-07-30,2011,21.19
2007-07-31,2011,21.55
2007-08-01,2011,21.55
2007-08-02,2011,21.55
2007-08-03,2011,21.55
2007-08-06,2011,21.55
2007-08-07,2011,21.19
2007-08-08,2011,21.19
2007-08-09,2011,21.55
2007-08-10,2011,21.55
2007-08-13,2011,21.55
2007-08-14,2011,21.55
2007-08-15,2011,21.55
2007-08-16,2011,21.9
2007-08-17,2011,21.9
2007-08-20,2011,21.9
2007-08-21,2011,21.9
2007-08-22,2011,21.9
2007-08-23,2011,21.9
2007-08-24,2011,21.9
2007-08-27,2011,21.9
2007-08-28,2011,21.55
2007-08-29,2011,21.55
2007-08-30,2011,21.55
2007-08-31,2011,21.19
2007-09-03,2011,21.55
2007-09-04,2011,21.19
2007-09-05,2011,21.1
2007-09-06,2011,20.0
2007-09-10,2011,20.0
2007-09-11,2011,20.0
2007-09-12,2011,20.0
2007-09-13,2011,20.0
2007-09-14,2011,20.0
2007-09-17,2011,20.0
2007-09-18,2011,20.0
2007-09-19,2011,20.6
2007-09-20,2011,20.6
2007-09-21,2011,20.6
2007-09-24,2011,20.6
2007-09-25,2011,20.6
2007-09-26,2011,20.6
2007-09-27,2011,21.19
2007-09-28,2011,21.19
2007-10-01,2011,21.19
2007-10-02,2011,21.19
2007-10-03,2011,21.19
2007-10-04,2011,21.19
2007-10-05,2011,21.19
2007-10-08,2011,21.19
2007-10-09,2011,21.19
2007-10-10,2011,21.19
2007-10-11,2011,21.19
2007-10-15,2011,20.0
2007-10-16,2011,20.0
2007-10-17,2011,20.6
2007-10-18,2011,21.19
2007-10-19,2011,21.6
2007-10-22,2011,22.0
2007-10-23,2011,21.19
2007-10-24,2011,21.19
2007-10-25,2011,21.19
2007-10-26,2011,21.19
2007-10-29,2011,21.19
2007-10-30,2011,21.19
2007-10-31,2011,22.0
2007-11-01,2011,23.5
2007-11-05,2011,25.0
2007-11-06,2011,25.0
2007-11-07,2011,25.0
2007-11-08,2011,25.0
2007-11-09,2011,25.0
2007-11-12,2011,25.0
2007-11-13,2011,25.0
2007-11-14,2011,25.0
2007-11-16,2011,25.0
2007-11-19,2011,25.0
2007-11-20,2011,25.0
2007-11-21,2011,25.0
2007-11-22,2011,25.0
2007-11-23,2011,25.0
2007-11-26,2011,25.0
2007-11-27,2011,25.0
2007-11-28,2011,25.0
2007-11-29,2011,25.0
2007-11-30,2011,25.0
2007-12-03,2011,25.5
2007-12-04,2011,25.5
2007-12-05,2011,25.5
2007-12-06,2011,25.5
2007-12-07,2011,26.0
2007-12-10,2011,26.0
2007-12-11,2011,26.0
2007-12-12,2011,26.0
2007-12-13,2011,26.0
2007-12-14,2011,26.0
2007-12-17,2011,26.0
2007-12-18,2011,26.0
2007-12-19,2011,27.0
2007-12-20,2011,27.0
2007-12-21,2011,27.0
2007-12-24,2011,25.0
2007-12-26,2011,26.5
2007-12-27,2011,26.5
2007-12-28,2011,26.0
2007-12-31,2011,26.0
2008-01-02,2011,26.0
2008-01-03,2011,26.5
2008-01-04,2011,26.5
2008-01-07,2011,26.5
2008-01-08,2011,26.5
2008-01-09,2011,26.5
2008-01-10,2011,26.5
2008-01-11,2011,26.5
2008-01-14,2011,26.5
2008-01-15,2011,26.7
2008-01-16,2011,26.7
2008-01-17,2011,27.0
2008-01-18,2011,26.4
2008-01-21,2011,26.7
2008-01-22,2011,26.7
2008-01-23,2011,26.7
2008-01-24,2011,26.4
2008-01-25,2011,26.4
2008-01-28,2011,26.7
2008-01-29,2011,27.0
2008-01-30,2011,27.0
2008-01-31,2011,26.4
2008-02-01,2011,26.4
2008-02-06,2011,26.4
2008-02-07,2011,26.7
2008-02-08,2011,26.4
2008-02-11,2011,25.7
2008-02-12,2011,25.7
2008-02-13,2011,25.7
2008-02-14,2011,25.7
2008-02-15,2011,25.7
2008-02-18,2011,26.4
2008-02-19,2011,26.4
2008-02-20,2011,26.4
2008-02-21,2011,26.4
2008-02-22,2011,26.4
2008-02-25,2011,25.7
2008-02-26,2011,25.7
2008-02-27,2011,25.7
2008-02-28,2011,25.7
2008-02-29,2011,25.7
2008-03-03,2011,26.64
2008-03-04,2011,26.64
2008-03-05,2011,26.64
2008-03-06,2011,26.64
2008-03-07,2011,26.64
2008-03-10,2011,26.4
2008-03-11,2011,26.4
2008-03-12,2011,26.4
2008-03-13,2011,26.64
2008-03-14,2011,26.88
2008-03-17,2011,26.64
2008-03-18,2011,26.64
2008-03-19,2011,26.7
2008-03-20,2011,26.7
2008-03-24,2011,26.7
2008-03-25,2011,26.7
2008-03-26,2011,26.4
2008-03-27,2011,26.7
2008-03-28,2011,26.7
2008-03-31,2011,26.7
2008-04-01,2011,26.7
2008-04-02,2011,26.7
2008-04-03,2011,26.4
2008-04-04,2011,26.4
2008-04-07,2011,26.4
2008-04-08,2011,26.4
2008-04-09,2011,26.4
2008-04-10,2011,26.4
2008-04-11,2011,26.4
2008-04-14,2011,26.7
2008-04-15,2011,26.7
2008-04-16,2011,26.7
2008-04-17,2011,27.0
2008-04-18,2011,26.4
2008-04-22,2011,25.7
2008-04-23,2011,25.7
2008-04-24,2011,25.7
2008-04-25,2011,25.7
2008-04-28,2011,26.4
2008-04-29,2011,26.4
2008-04-30,2011,25.0
2008-05-02,2011,25.0
2008-05-05,2011,25.0
2008-05-06,2011,25.0
2008-05-07,2011,25.0
2008-05-08,2011,25.0
2008-05-09,2011,25.0
2008-05-12,2011,25.0
2008-05-13,2011,25.0
2008-05-14,2011,25.0
2008-05-15,2011,25.0
2008-05-16,2011,25.0
2008-05-19,2011,26.4
2008-05-20,2011,26.4
2008-05-21,2011,26.4
2008-05-23,2011,26.4
2008-05-26,2011,26.45
2008-05-27,2011,26.45
2008-05-28,2011,26.45
2008-05-29,2011,26.45
2008-05-30,2011,26.4
2008-06-02,2011,26.49
2008-06-03,2011,26.49
2008-06-04,2011,26.49
2008-06-05,2011,27.1
2008-06-06,2011,27.1
2008-06-09,2011,27.7
2008-06-10,2011,26.4
2008-06-11,2011,26.84
2008-06-12,2011,26.84
2008-06-13,2011,26.84
2008-06-16,2011,26.84
2008-06-17,2011,26.84
2008-06-18,2011,26.84
2008-06-19,2011,26.84
2008-06-20,2011,26.84
2008-06-23,2011,26.84
2008-06-24,2011,26.84
2008-06-25,2011,26.84
2008-06-26,2011,26.84
2008-06-27,2011,26.4
2008-06-30,2011,26.84
2008-07-01,2011,26.84
2008-07-02,2011,26.84
2008-07-03,2011,26.84
2008-07-04,2011,27.7
2008-07-07,2011,28.2
2008-07-08,2011,28.2
2008-07-09,2011,28.2
2008-07-10,2011,28.2
2008-07-11,2011,28.7
2008-07-14,2011,28.7
2008-07-15,2011,28.7
2008-07-16,2011,28.7
2008-07-17,2011,28.7
2008-07-18,2011,28.7
2008-07-21,2011,28.15
2008-07-22,2011,28.15
2008-07-23,2011,28.15
2008-07-24,2011,28.15
2008-07-25,2011,28.15
2008-07-28,2011,28.7
2008-07-29,2011,28.7
2008-07-30,2011,28.7
2008-07-31,2011,28.15
2008-08-01,2011,28.7
2008-08-04,2011,27.6
2008-08-05,2011,28.15
2008-08-06,2011,28.7
2008-08-07,2011,27.6
2008-08-08,2011,29.8
2008-08-11,2011,29.8
2008-08-12,2011,29.8
2008-08-13,2011,30.0
2008-08-14,2011,31.0
2008-08-15,2011,31.0
2008-08-18,2011,32.0
2008-08-19,2011,32.0
2008-08-20,2011,32.0
2008-08-21,2011,32.0
2008-08-22,2011,32.0
2008-08-25,2011,31.0
2008-08-26,2011,30.0
2008-08-27,2011,30.0
2008-08-28,2011,30.0
2008-08-29,2011,30.0
2008-09-01,2011,29.35
2008-09-02,2011,29.35
2008-09-03,2011,29.35
2008-09-04,2011,29.35
2008-09-05,2011,29.35
2008-09-08,2011,28.7
2008-09-09,2011,28.7
2008-09-10,2011,28.7
2008-09-11,2011,28.7
2008-09-12,2011,28.7
2008-09-15,2011,28.7
2008-09-16,2011,28.7
2008-09-17,2011,28.7
2008-09-18,2011,29.35
2008-09-19,2011,29.35
2008-09-22,2011,29.35
2008-09-23,2011,28.7
2008-09-24,2011,28.7
2008-09-25,2011,28.15
2008-09-26,2011,28.15
2008-09-29,2011,28.15
2008-09-30,2011,27.55
2008-10-01,2011,27.55
2008-10-02,2011,27.55
2008-10-03,2011,27.55
2008-10-06,2011,29.35
2008-10-07,2011,29.35
2008-10-08,2011,29.35
2008-10-09,2011,28.7
2008-10-10,2011,27.55
2008-10-13,2011,27.55
2008-10-14,2011,28.25
2008-10-15,2011,28.25
2008-10-16,2011,28.48
2008-10-17,2011,28.7
2008-10-20,2011,28.7
2008-10-21,2011,28.7
2008-10-22,2011,28.25
2008-10-23,2011,28.25
2008-10-24,2011,28.48
2008-10-27,2011,29.13
2008-10-28,2011,29.13
2008-10-29,2011,29.13
2008-10-30,2011,29.13
2008-10-31,2011,29.13
2008-11-03,2011,29.13
2008-11-04,2011,29.13
2008-11-05,2011,29.13
2008-11-06,2011,29.13
2008-11-07,2011,30.0
2008-11-10,2011,30.0
2008-11-11,2011,30.0
2008-11-12,2011,30.0
2008-11-13,2011,30.0
2008-11-14,2011,30.0
2008-11-17,2011,29.63
2008-11-18,2011,29.63
2008-11-19,2011,29.63
2008-11-20,2011,29.63
2008-11-21,2011,29.63
2008-11-24,2011,29.63
2008-11-25,2011,30.0
2008-11-26,2011,30.0
2008-11-27,2011,29.25
2008-11-28,2011,29.25
2008-12-01,2011,30.0
2008-12-02,2011,30.0
2008-12-03,2011,29.63
2008-12-04,2011,29.25
2008-12-05,2011,29.25
2008-12-08,2011,29.63
2008-12-09,2011,29.63
2008-12-10,2011,29.63
2008-12-11,2011,29.25
2008-12-12,2011,29.25
2008-12-15,2011,28.2
2008-12-16,2011,28.2
2008-12-17,2011,28.2
2008-12-18,2011,30.0
2008-12-19,2011,29.7
2008-12-22,2011,30.0
2008-12-23,2011,30.0
2008-12-24,2011,30.0
2008-12-26,2011,29.4
2008-12-29,2011,27.9
2008-12-30,2011,29.4
2008-12-31,2011,29.4
2009-01-02,2011,29.4
2009-01-05,2011,27.9
2009-01-06,2011,27.9
2009-01-07,2011,26.4
2009-01-08,2011,26.4
2009-01-09,2011,27.9
2009-01-12,2011,29.4
2009-01-13,2011,29.4
2009-01-14,2011,29.4
2009-01-15,2011,29.4
2009-01-16,2011,29.4
2009-01-19,2011,29.9
2009-01-20,2011,29.9
2009-01-21,2011,29.9
2009-01-22,2011,28.05
2009-01-23,2011,28.05
2009-01-26,2011,27.0
2009-01-27,2011,27.0
2009-01-28,2011,27.0
2009-01-29,2011,27.0
2009-01-30,2011,27.0
2009-02-02,2011,27.0
2009-02-03,2011,28.05
2009-02-04,2011,28.05
2009-02-05,2011,28.05
2009-02-06,2011,28.05
2009-02-09,2011,29.75
2009-02-10,2011,30.25
2009-02-11,2011,29.1
2009-02-12,2011,28.05
2009-02-13,2011,30.0
2009-02-16,2011,30.0
2009-02-17,2011,30.0
2009-02-18,2011,30.0
2009-02-19,2011,30.0
2009-02-20,2011,30.53
2009-02-25,2011,30.53
2009-02-26,2011,30.53
2009-02-27,2011,30.53
2009-03-02,2011,30.0
2009-03-03,2011,30.0
2009-03-04,2011,30.53
2009-03-05,2011,30.53
2009-03-06,2011,30.0
2009-03-09,2011,30.0
2009-03-10,2011,30.0
2009-03-11,2011,30.53
2009-03-12,2011,30.0
2009-03-13,2011,30.0
2009-03-16,2011,30.53
2009-03-17,2011,30.0
2009-03-18,2011,30.0
2009-03-19,2011,30.0
2009-03-20,2011,30.0
2009-03-23,2011,30.0
2009-03-24,2011,30.0
2009-03-25,2011,30.0
2009-03-26,2011,30.0
2009-03-27,2011,30.0
2009-03-30,2011,30.0
2009-03-31,2011,30.0
2009-04-01,2011,30.0
2009-04-02,2011,30.0
2009-04-03,2011,30.0
2009-04-06,2011,30.53
2009-04-07,2011,30.53
2009-04-08,2011,30.53
2009-04-09,2011,30.53
2009-04-13,2011,30.53
2009-04-14,2011,30.53
2009-04-15,2011,30.0
2009-04-16,2011,30.0
2009-04-17,2011,30.0
2009-04-20,2011,30.0
2009-04-22,2011,30.0
2009-04-23,2011,30.53
2009-04-24,2011,30.53
2009-04-27,2011,30.0
2009-04-28,2011,30.0
2009-04-29,2011,30.0
2009-04-30,2011,30.0
2009-05-04,2011,29.0
2009-05-05,2011,30.0
2009-05-06,2011,30.53
2009-05-07,2011,29.0
2009-05-08,2011,30.0
2009-05-11,2011,30.0
2009-05-12,2011,29.0
2009-05-13,2011,29.0
2009-05-14,2011,29.0
2009-05-15,2011,29.0
2009-05-18,2011,29.0
2009-05-19,2011,29.0
2009-05-20,2011,29.0
2009-05-21,2011,29.0
2009-05-22,2011,29.0
2009-05-25,2011,29.0
2009-05-26,2011,29.0
2009-05-27,2011,29.0
2009-05-28,2011,28.0
2009-05-29,2011,30.0
2009-06-01,2011,30.0
2009-06-02,2011,30.0
2009-06-03,2011,30.0
2009-06-04,2011,28.0
2009-06-05,2011,28.0
2009-06-08,2011,28.0
2009-06-09,2011,30.0
2009-06-10,2011,29.0
2009-06-12,2011,30.0
2009-06-15,2011,30.0
2009-06-16,2011,30.0
2009-06-17,2011,30.0
2009-06-18,2011,30.0
2009-06-19,2011,30.0
2009-06-22,2011,29.0
2009-06-23,2011,28.0
2009-06-24,2011,29.0
2009-06-25,2011,28.0
2009-06-26,2011,29.0
2009-06-29,2011,28.0
2009-06-30,2011,28.0
2009-07-01,2011,28.0
2009-07-02,2011,28.0
2009-07-03,2011,28.0
2009-07-06,2011,28.0
2009-07-07,2011,28.9
2009-07-08,2011,28.9
2009-07-09,2011,28.9
2009-07-10,2011,28.9
2009-07-13,2011,28.9
2009-07-14,2011,28.9
2009-07-15,2011,28.9
2009-07-16,2011,30.0
2009-07-17,2011,30.0
2009-07-20,2011,30.0
2009-07-21,2011,30.0
2009-07-22,2011,30.0
2009-07-23,2011,30.0
2009-07-24,2011,30.0
2009-07-27,2011,30.0
2009-07-28,2011,30.0
2009-07-29,2011,30.0
2009-07-30,2011,30.0
2009-07-31,2011,30.0
2009-08-03,2011,30.0
2009-08-04,2011,30.0
2009-08-05,2011,30.0
2009-08-06,2011,30.0
2009-08-07,2011,30.0
2009-08-10,2011,30.0
2009-08-11,2011,30.0
2009-08-12,2011,30.0
2009-08-13,2011,30.0
2009-08-14,2011,30.0
2009-08-17,2011,30.0
2009-08-18,2011,30.0
2009-08-19,2011,30.0
2009-08-20,2011,30.0
2009-08-21,2011,30.0
2009-08-24,2011,30.0
2009-08-25,2011,30.0
2009-08-26,2011,30.0
2009-08-27,2011,30.0
2009-08-28,2011,30.0
2009-08-31,2011,30.0
2009-09-01,2011,30.0
2009-09-02,2011,30.0
2009-09-03,2011,30.0
2009-09-04,2011,30.9
2009-09-08,2011,30.0
2009-09-09,2011,30.0
2009-09-10,2011,30.0
2009-09-11,2011,30.3
2009-09-14,2011,30.6
2009-09-15,2011,31.8
2009-09-16,2011,31.8
2009-09-17,2011,31.8
2009-09-18,2011,31.9
2009-09-21,2011,31.9
2009-09-22,2011,31.9
2009-09-23,2011,31.9
2009-09-24,2011,31.9
2009-09-25,2011,31.9
2009-09-28,2011,31.9
2009-09-29,2011,31.9
2009-09-30,2011,31.9
2009-10-01,2011,35.0
2009-10-02,2011,35.0
2009-10-05,2011,35.0
2009-10-06,2011,35.0
2009-10-07,2011,35.0
2009-10-08,2011,35.0
2009-10-09,2011,35.0
2009-10-13,2011,35.0
2009-10-14,2011,35.0
2009-10-15,2011,35.0
2009-10-16,2011,35.0
2009-10-19,2011,35.0
2009-10-20,2011,35.0
2009-10-21,2011,35.0
2009-10-22,2011,35.0
2009-10-23,2011,35.0
2009-10-26,2011,35.0
2009-10-27,2011,35.0
2009-10-28,2011,35.0
2009-10-29,2011,35.0
2009-10-30,2011,35.0
2009-11-03,2011,35.0
2009-11-04,2011,35.0
2009-11-05,2011,35.0
2009-11-06,2011,35.0
2009-11-09,2011,35.0
2009-11-10,2011,35.0
2009-11-11,2011,35.0
2009-11-12,2011,35.0
2009-11-13,2011,35.0
2009-11-16,2011,35.0
2009-11-17,2011,35.0
2009-11-18,2011,35.0
2009-11-19,2011,35.0
2009-11-20,2011,35.0
2009-11-23,2011,35.0
2009-11-24,2011,35.0
2009-11-25,2011,35.0
2009-11-26,2011,35.0
2009-11-27,2011,35.0
2009-11-30,2011,35.0
2009-12-01,2011,35.0
2009-12-02,2011,35.0
2009-12-03,2011,35.0
2009-12-04,2011,36.0
2009-12-07,2011,37.5
2009-12-08,2011,37.5
2009-12-09,2011,37.0
2009-12-10,2011,37.0
2009-12-11,2011,37.0
2009-12-14,2011,37.0
2009-12-15,2011,37.0
2009-12-16,2011,37.0
2009-12-17,2011,37.0
2009-12-18,2011,38.0
2009-12-21,2011,37.5
2009-12-22,2011,37.0
2009-12-23,2011,37.0
2009-12-24,2011,37.0
2009-12-28,2011,37.5
2009-12-29,2011,37.5
2009-12-30,2011,38.0
2009-12-31,2011,38.0
2010-01-04,2011,38.6
2010-01-05,2011,38.6
2010-01-06,2011,38.6
2010-01-07,2011,39.2
2010-01-08,2011,39.2
2010-01-11,2011,39.2
2010-01-12,2011,39.2
2010-01-13,2011,39.2
2010-01-14,2011,39.2
2010-01-15,2011,39.2
2010-01-18,2011,39.6
2010-01-19,2011,39.6
2010-01-20,2011,39.6
2010-01-21,2011,39.6
2010-01-22,2011,40.0
2010-01-25,2011,40.0
2010-01-26,2011,40.0
2010-01-27,2011,40.0
2010-01-28,2011,40.0
2010-01-29,2011,40.0
2010-02-01,2011,40.0
2010-02-02,2011,40.0
2010-02-03,2011,40.0
2010-02-04,2011,40.0
2010-02-05,2011,40.0
2010-02-08,2011,40.0
2010-02-09,2011,40.0
2010-02-10,2011,40.0
2010-02-11,2011,40.0
2010-02-12,2011,40.0
2010-02-17,2011,40.0
2010-02-18,2011,40.0
2010-02-19,2011,40.0
2010-02-22,2011,40.0
2010-02-23,2011,40.0
2010-02-24,2011,40.0
2010-02-25,2011,40.0
2010-02-26,2011,40.0
2010-03-01,2011,40.0
2010-03-02,2011,40.0
2010-03-03,2011,40.0
2010-03-04,2011,40.0
2010-03-05,2011,40.0
2010-03-08,2011,40.0
2010-03-09,2011,40.0
2010-03-10,2011,40.0
2010-03-11,2011,40.0
2010-03-12,2011,40.0
2010-03-15,2011,40.0
2010-03-16,2011,40.0
2010-03-17,2011,40.0
2010-03-18,2011,40.0
2010-03-19,2011,40.0
2010-03-22,2011,40.0
2010-03-23,2011,40.0
2010-03-24,2011,40.0
2010-03-25,2011,40.0
2010-03-26,2011,40.0
2010-03-29,2011,40.0
2010-03-30,2011,40.0
2010-03-31,2011,40.0
2010-04-01,2011,40.0
2010-04-05,2011,40.0
2010-04-06,2011,40.0
2010-04-07,2011,40.0
2010-04-08,2011,40.0
2010-04-09,2011,40.0
2010-04-12,2011,40.0
2010-04-13,2011,40.0
2010-04-14,2011,40.0
2010-04-15,2011,40.0
2010-04-16,2011,40.0
2010-04-19,2011,40.0
2010-04-20,2011,40.0
2010-04-22,2011,40.0
2010-04-23,2011,40.0
2010-04-26,2011,40.0
2010-04-27,2011,40.0
2010-04-28,2011,40.0
2010-04-29,2011,40.0
2010-04-30,2011,40.0
2010-05-03,2011,40.0
2010-05-04,2011,40.0
2010-05-05,2011,40.0
2010-05-06,2011,40.0
2010-05-07,2011,40.0
2010-05-10,2011,40.0
2010-05-11,2011,40.0
2010-05-12,2011,40.0
2010-05-13,2011,40.0
2010-05-14,2011,40.0
2010-05-17,2011,40.0
2010-05-18,2011,40.0
2010-05-19,2011,40.0
2010-05-20,2011,40.0
2010-05-21,2011,40.0
2010-05-24,2011,40.0
2010-05-25,2011,40.0
2010-05-26,2011,40.0
2010-05-27,2011,40.0
2010-05-28,2011,40.0
2010-05-31,2011,40.0
2010-06-01,2011,40.0
2010-06-02,2011,40.0
2010-06-04,2011,40.0
2010-06-07,2011,40.0
2010-06-08,2011,40.0
2010-06-09,2011,40.0
2010-06-10,2011,40.0
2010-06-11,2011,40.0
2010-06-14,2011,40.0
2010-06-15,2011,40.0
2010-06-16,2011,40.0
2010-06-17,2011,40.0
2010-06-18,2011,40.0
2010-06-21,2011,40.0
2010-06-22,2011,40.0
2010-06-23,2011,40.0
2010-06-24,2011,40.0
2010-06-25,2011,40.0
2010-06-28,2011,40.0
2010-06-29,2011,40.0
2010-06-30,2011,40.0
2010-07-01,2011,40.0
2010-07-02,2011,40.0
2010-07-05,2011,40.0
2010-07-06,2011,40.0
2010-07-07,2011,40.0
2010-07-08,2011,40.0
2010-07-09,2011,40.0
2010-07-12,2011,40.0
2010-07-13,2011,40.0
2010-07-14,2011,40.0
2010-07-15,2011,40.0
2010-07-16,2011,40.0
2010-07-19,2011,40.0
2010-07-20,2011,40.0
2010-07-21,2011,40.0
2010-07-22,2011,40.0
2010-07-23,2011,40.0
2010-07-26,2011,40.0
2010-07-27,2011,40.0
2010-07-28,2011,39.25
2010-07-29,2011,39.25
2010-07-30,2011,39.25
2010-08-02,2011,40.0
2010-08-03,2011,40.0
2010-08-04,2011,40.0
2010-08-05,2011,40.0
2010-08-06,2011,39.25
2010-08-09,2011,39.25
2010-08-10,2011,39.25
2010-08-11,2011,39.25
2010-08-12,2011,38.5
2010-08-13,2011,38.5
2010-08-16,2011,38.4
2010-08-17,2011,38.4
2010-08-18,2011,38.4
2010-08-19,2011,38.2
2010-08-20,2011,38.2
2010-08-23,2011,38.2
2010-08-24,2011,38.2
2010-08-25,2011,37.5
2010-08-26,2011,38.0
2010-08-27,2011,38.0
2010-08-30,2011,38.0
2010-08-31,2011,38.0
2010-09-01,2011,38.0
2010-09-02,2011,38.0
2010-09-03,2011,38.0
2010-09-06,2011,38.0
2010-09-08,2011,38.0
2010-09-09,2011,38.0
2010-09-10,2011,38.2
2010-09-13,2011,38.0
2010-09-14,2011,38.0
2010-09-15,2011,38.0
2010-09-16,2011,38.0
2010-09-17,2011,38.0
2010-09-20,2011,38.0
2010-09-21,2011,38.0
2010-09-22,2011,38.0
2010-09-23,2011,38.0
2010-09-24,2011,38.0
2010-09-27,2011,38.0
2010-09-28,2011,38.0
2010-09-29,2011,38.0
2010-09-30,2011,38.0
2010-10-01,2011,38.0
2010-10-04,2011,37.5
2010-10-05,2011,37.5
2010-10-06,2011,37.5
2010-10-07,2011,37.0
2010-10-08,2011,37.0
2010-10-11,2011,37.0
2010-10-13,2011,37.5
2010-10-14,2011,37.5
2010-10-15,2011,38.0
2010-10-18,2011,37.0
2010-10-19,2011,37.5
2010-10-20,2011,37.5
2010-10-21,2011,37.5
2010-10-22,2011,36.0
2010-10-25,2011,37.0
2010-10-26,2011,37.0
2010-10-27,2011,36.0
2010-10-28,2011,36.0
2010-10-29,2011,37.0
2010-11-01,2011,38.0
2010-11-03,2011,37.5
2010-11-04,2011,37.5
2010-11-05,2011,37.5
2010-11-08,2011,37.0
2010-11-09,2011,37.0
2010-11-10,2011,37.0
2010-11-11,2011,37.0
2010-11-12,2011,37.0
2010-11-16,2011,36.0
2010-11-17,2011,37.0
2010-11-18,2011,37.0
2010-11-19,2011,36.0
2010-11-22,2011,37.0
2010-11-23,2011,37.0
2010-11-24,2011,37.0
2010-11-25,2011,37.0
2010-11-26,2011,36.0
2010-11-29,2011,37.0
2010-11-30,2011,37.0
2010-12-01,2011,37.0
2010-12-02,2011,37.5
2010-12-03,2011,37.5
2010-12-06,2011,38.0
2010-12-07,2011,38.0
2010-12-08,2011,38.0
2010-12-09,2011,38.0
2010-12-10,2011,38.0
2010-12-13,2011,38.25
2010-12-14,2011,38.0
2010-12-15,2011,38.0
2010-12-16,2011,38.0
2010-12-17,2011,38.5
2010-12-20,2011,38.5
2010-12-21,2011,38.5
2010-12-22,2011,38.5
2010-12-23,2011,38.0
2010-12-24,2011,38.0
2010-12-27,2011,38.5
2010-12-28,2011,39.5
2010-12-29,2011,39.5
2010-12-30,2011,39.5
2010-12-31,2011,39.5
2011-01-03,2011,39.6
2011-01-04,2011,39.6
2011-01-05,2011,39.6
2011-01-06,2011,40.0
2011-01-07,2011,40.0
2011-01-10,2011,40.0
2011-01-11,2011,40.0
2011-01-12,2011,40.0
2011-01-13,2011,40.0
2011-01-14,2011,40.0
2011-01-17,2011,40.0
2011-01-18,2011,40.0
2011-01-19,2011,40.0
2011-01-20,2011,40.0
2011-01-21,2011,40.0
2011-01-24,2011,40.0
2011-01-25,2011,40.0
2011-01-26,2011,40.0
2011-01-27,2011,40.0
2011-01-28,2011,40.0
2011-01-31,2011,40.0
2011-02-01,2011,40.0
2011-02-02,2011,40.0
2011-02-03,2011,40.0
2011-02-04,2011,40.0
2011-02-07,2011,40.0
2011-02-08,2011,40.0
2011-02-09,2011,40.0
2011-02-10,2011,40.0
2011-02-11,2011,40.0
2011-02-14,2011,40.4
2011-02-15,2011,40.0
2011-02-16,2011,40.8
2011-02-17,2011,42.0
2011-02-18,2011,42.0
2011-02-21,2011,42.0
2011-02-22,2011,42.0
2011-02-23,2011,42.0
2011-02-24,2011,42.0
2011-02-25,2011,42.0
2011-02-28,2011,42.0
2011-03-01,2011,42.0
2011-03-02,2011,42.0
2011-03-03,2011,42.0
2011-03-04,2011,42.0
2011-03-09,2011,42.0
2011-03-10,2011,42.0
2011-03-11,2011,42.0
2011-03-14,2011,42.0
2011-03-15,2011,42.0
2011-03-16,2011,42.0
2011-03-17,2011,42.0
2011-03-18,2011,42.5
2011-03-21,2011,43.5
2011-03-22,2011,43.5
2011-03-23,2011,43.0
2011-03-24,2011,44.0
2011-03-25,2011,44.0
2011-03-28,2011,43.0
2011-03-29,2011,43.0
2011-03-30,2011,44.0
2011-03-31,2011,44.0
2011-04-01,2011,44.0
2011-04-04,2011,43.0
2011-04-05,2011,44.0
2011-04-06,2011,45.0
2011-04-07,2011,45.0
2011-04-08,2011,45.0
2011-04-11,2011,45.0
2011-04-12,2011,45.0
2011-04-13,2011,45.0
2011-04-14,2011,45.0
2011-04-15,2011,45.0
2011-04-18,2011,45.0
2011-04-19,2011,45.0
2011-04-20,2011,45.0
2011-04-25,2011,45.0
2011-04-26,2011,45.0
2011-04-27,2011,45.0
2011-04-28,2011,45.0
2011-04-29,2011,46.0
2011-05-02,2011,45.0
2011-05-03,2011,45.0
2011-05-04,2011,45.0
2011-05-05,2011,47.0
2011-05-06,2011,50.0
2011-05-09,2011,48.6
2011-05-10,2011,50.0
2011-05-11,2011,48.6
2011-05-12,2011,48.6
2011-05-13,2011,50.0
2011-05-16,2011,50.0
2011-05-17,2011,50.0
2011-05-18,2011,50.0
2011-05-19,2011,50.0
2011-05-20,2011,50.0
2011-05-23,2011,50.0
2011-05-24,2011,50.0
2011-05-25,2011,50.0
2011-05-26,2011,50.0
2011-05-27,2011,50.0
2011-05-30,2011,50.0
2011-05-31,2011,50.0
2011-06-01,2011,50.0
2011-06-02,2011,50.0
2011-06-03,2011,50.0
2011-06-06,2011,50.0
2011-06-07,2011,50.0
2011-06-08,2011,50.0
2011-06-09,2011,50.0
2011-06-10,2011,50.0
2011-06-13,2011,51.0
2011-06-14,2011,51.0
2011-06-15,2011,51.3
2011-06-16,2011,51.3
2011-06-17,2011,51.3
2011-06-20,2011,51.85
2011-06-21,2011,51.85
2011-06-22,2011,51.85
2011-06-24,2011,51.85
2011-06-27,2011,51.85
2011-06-28,2011,52.0
2011-06-29,2011,52.0
2011-06-30,2011,52.0
2011-07-01,2011,52.0
2011-07-04,2011,52.0
2011-07-05,2011,52.0
2011-07-06,2011,53.2
2011-07-07,2011,52.0
2011-07-08,2011,52.2
2011-07-11,2011,52.4
2011-07-12,2011,52.4
2011-07-13,2011,54.4
2011-07-14,2011,55.0
2011-07-15,2011,55.0
2011-07-18,2011,55.0
2011-07-19,2011,55.0
2011-07-20,2011,55.0
2011-07-21,2011,55.0
2011-07-22,2011,55.0
2011-07-25,2011,55.0
2011-07-26,2011,55.0
2011-07-27,2011,55.0
2011-07-28,2011,55.0
2011-07-29,2011,55.0
2011-08-01,2011,55.0
2011-08-02,2011,55.0
2011-08-03,2011,55.0
2011-08-04,2011,55.0
2011-08-05,2011,55.0
2011-08-08,2011,55.0
2011-08-09,2011,55.0
2011-08-10,2011,55.0
2011-08-11,2011,55.0
2011-08-12,2011,55.0
2011-08-15,2011,55.0
2011-08-16,2011,55.0
2011-08-17,2011,55.0
2011-08-18,2011,55.0
2011-08-19,2011,55.0
2011-08-22,2011,55.0
2011-08-23,2011,55.0
2011-08-24,2011,55.0
2011-08-25,2011,55.0
2011-08-26,2011,55.0
2011-08-29,2011,55.0
2011-08-30,2011,55.0
2011-08-31,2011,55.0
2011-09-01,2011,55.0
2011-09-02,2011,55.0
2011-09-05,2011,55.0
2011-09-06,2011,55.0
2011-09-08,2011,55.0
2011-09-09,2011,55.0
2011-09-12,2011,55.0
2011-09-13,2011,55.0
2011-09-14,2011,55.0
2011-09-15,2011,55.0
2011-09-16,2011,55.0
2011-09-19,2011,55.0
2011-09-20,2011,55.0
2011-09-21,2011,55.0
2011-09-22,2011,55.0
2011-09-23,2011,55.0
2011-09-26,2011,55.0
2011-09-27,2011,55.0
2011-09-28,2011,55.0
2011-09-29,2011,55.0
2011-09-30,2011,55.0
2011-10-03,2011,57.5
2011-10-04,2011,57.25
2011-10-05,2011,57.25
2011-10-06,2011,57.75
2011-10-07,2011,59.0
2011-10-10,2011,60.0
2011-10-11,2011,60.0
2011-10-13,2011,60.0
2011-10-14,2011,60.0
2011-10-17,2011,60.0
2011-10-18,2011,60.0
2011-10-19,2011,60.0
2011-10-20,2011,60.0
2011-10-21,2011,60.0
2011-10-24,2011,60.0
2011-10-25,2011,60.0
2011-10-26,2011,60.0
2011-10-27,2011,60.0
2011-10-28,2011,60.0
2011-10-31,2011,60.0
2011-11-01,2011,60.0
2011-11-03,2011,60.0
2011-11-04,2011,60.0
2011-11-07,2011,60.0
2011-11-08,2011,60.0
2011-11-09,2011,60.0
2011-11-10,2011,60.0
2011-11-11,2011,60.0
2011-11-14,2011,60.0
2011-11-16,2011,60.0
2011-11-17,2011,60.0
2011-11-18,2011,60.0
2011-11-21,2011,60.0
2011-11-22,2011,60.0
2011-11-23,2011,60.0
2011-11-24,2011,60.0
2011-11-25,2011,60.0
2011-11-28,2011,60.1
2011-11-29,2011,60.0
2011-11-30,2011,60.0
2011-12-01,2011,60.0
2011-12-02,2011,60.0
2011-12-05,2011,60.2
2011-12-06,2011,60.1
2011-12-07,2011,60.1
2011-12-08,2011,60.1
2011-12-09,2011,60.1
2011-12-12,2011,60.2
2011-12-13,2011,60.2
2011-12-14,2011,60.2
2011-12-15,2011,60.2
2011-12-16,2011,60.2
2011-12-19,2011,60.2
2011-12-20,2011,60.2
2011-12-21,2011,60.2
2011-12-22,2011,60.2
2011-12-23,2011,60.2
2011-12-26,2011,61.4
2011-12-27,2011,61.4
2011-12-28,2011,61.4
2011-12-29,2011,63.0
2011-12-30,2011,63.0
2012-01-02,2011,63.0
2012-01-03,2011,63.0
2012-01-04,2011,63.0
2012-01-05,2011,63.0
2012-01-06,2011,63.2
2012-01-09,2011,63.2
2012-01-10,2011,63.3
2012-01-11,2011,63.4
2012-01-12,2011,63.4
2012-01-13,2011,63.3
2012-01-16,2011,63.4
2012-01-17,2011,63.4
2012-01-18,2011,64.47
2012-01-19,2011,64.0
2012-01-20,2011,64.0
2012-01-23,2011,64.47
2008-01-29,2012,30.0
2008-01-30,2012,23.5
2008-01-31,2012,23.5
2008-02-01,2012,29.0
2008-02-06,2012,29.0
2008-02-07,2012,29.0
2008-02-08,2012,29.0
2008-02-11,2012,26.0
2008-02-12,2012,23.0
2008-02-13,2012,23.0
2008-02-14,2012,23.0
2008-02-15,2012,29.0
2008-02-18,2012,28.31
2008-02-19,2012,29.0
2008-02-20,2012,29.0
2008-02-21,2012,29.0
2008-02-22,2012,29.0
2008-02-25,2012,28.9
2008-02-26,2012,28.9
2008-02-27,2012,28.9
2008-02-28,2012,28.9
2008-02-29,2012,28.9
2008-03-03,2012,28.9
2008-03-04,2012,28.9
2008-03-05,2012,28.9
2008-03-06,2012,28.9
2008-03-07,2012,28.9
2008-03-10,2012,28.8
2008-03-11,2012,28.8
2008-03-12,2012,28.8
2008-03-13,2012,28.9
2008-03-14,2012,28.9
2008-03-17,2012,28.8
2008-03-18,2012,28.8
2008-03-19,2012,28.8
2008-03-20,2012,28.8
2008-03-24,2012,28.8
2008-03-25,2012,28.3
2008-03-26,2012,28.3
2008-03-27,2012,28.3
2008-03-28,2012,28.3
2008-03-31,2012,28.3
2008-04-01,2012,28.3
2008-04-02,2012,28.3
2008-04-03,2012,27.8
2008-04-04,2012,27.8
2008-04-07,2012,27.8
2008-04-08,2012,27.8
2008-04-09,2012,27.8
2008-04-10,2012,27.8
2008-04-11,2012,27.8
2008-04-14,2012,28.3
2008-04-15,2012,28.3
2008-04-16,2012,28.3
2008-04-17,2012,28.9
2008-04-18,2012,28.3
2008-04-22,2012,28.8
2008-04-23,2012,28.9
2008-04-24,2012,28.9
2008-04-25,2012,28.9
2008-04-28,2012,29.5
2008-04-29,2012,29.5
2008-04-30,2012,29.5
2008-05-02,2012,29.5
2008-05-05,2012,29.5
2008-05-06,2012,29.5
2008-05-07,2012,29.5
2008-05-08,2012,28.9
2008-05-09,2012,28.8
2008-05-12,2012,28.9
2008-05-13,2012,28.9
2008-05-14,2012,28.9
2008-05-15,2012,28.9
2008-05-16,2012,29.4
2008-05-19,2012,30.0
2008-05-20,2012,30.0
2008-05-21,2012,30.0
2008-05-23,2012,30.0
2008-05-26,2012,30.0
2008-05-27,2012,30.0
2008-05-28,2012,30.0
2008-05-29,2012,30.0
2008-05-30,2012,30.0
2008-06-02,2012,30.0
2008-06-03,2012,30.0
2008-06-04,2012,30.0
2008-06-05,2012,30.0
2008-06-06,2012,30.0
2008-06-09,2012,30.0
2008-06-10,2012,30.0
2008-06-11,2012,30.0
2008-06-12,2012,30.0
2008-06-13,2012,30.0
2008-06-16,2012,30.0
2008-06-17,2012,30.0
2008-06-18,2012,30.0
2008-06-19,2012,30.0
2008-06-20,2012,30.0
2008-06-23,2012,30.0
2008-06-24,2012,30.0
2008-06-25,2012,30.0
2008-06-26,2012,30.0
2008-06-27,2012,30.0
2008-06-30,2012,30.0
2008-07-01,2012,30.0
2008-07-02,2012,30.0
2008-07-03,2012,30.0
2008-07-04,2012,30.0
2008-07-07,2012,30.0
2008-07-08,2012,30.0
2008-07-09,2012,30.0
2008-07-10,2012,30.0
2008-07-11,2012,30.0
2008-07-14,2012,30.0
2008-07-15,2012,30.0
2008-07-16,2012,30.0
2008-07-17,2012,30.0
2008-07-18,2012,30.0
2008-07-21,2012,30.0
2008-07-22,2012,30.0
2008-07-23,2012,30.0
2008-07-24,2012,30.0
2008-07-25,2012,30.0
2008-07-28,2012,30.0
2008-07-29,2012,30.0
2008-07-30,2012,30.0
2008-07-31,2012,30.0
2008-08-01,2012,30.1
2008-08-04,2012,30.1
2008-08-05,2012,30.2
2008-08-06,2012,30.2
2008-08-07,2012,30.0
2008-08-08,2012,30.0
2008-08-11,2012,30.0
2008-08-12,2012,30.0
2008-08-13,2012,30.0
2008-08-14,2012,30.0
2008-08-15,2012,30.0
2008-08-18,2012,31.41
2008-08-19,2012,31.41
2008-08-20,2012,31.41
2008-08-21,2012,31.41
2008-08-22,2012,31.41
2008-08-25,2012,30.0
2008-08-26,2012,30.1
2008-08-27,2012,30.1
2008-08-28,2012,30.1
2008-08-29,2012,30.1
2008-09-01,2012,30.0
2008-09-02,2012,30.0
2008-09-03,2012,30.0
2008-09-04,2012,30.0
2008-09-05,2012,30.0
2008-09-08,2012,30.0
2008-09-09,2012,30.0
2008-09-10,2012,30.0
2008-09-11,2012,30.0
2008-09-12,2012,30.0
2008-09-15,2012,30.0
2008-09-16,2012,30.0
2008-09-17,2012,30.0
2008-09-18,2012,30.0
2008-09-19,2012,30.0
2008-09-22,2012,30.0
2008-09-23,2012,30.0
2008-09-24,2012,30.0
2008-09-25,2012,30.0
2008-09-26,2012,30.0
2008-09-29,2012,30.0
2008-09-30,2012,30.0
2008-10-01,2012,30.0
2008-10-02,2012,30.0
2008-10-03,2012,30.0
2008-10-06,2012,30.0
2008-10-07,2012,30.0
2008-10-08,2012,30.0
2008-10-09,2012,30.0
2008-10-10,2012,30.0
2008-10-13,2012,30.0
2008-10-14,2012,30.0
2008-10-15,2012,30.0
2008-10-16,2012,30.0
2008-10-17,2012,30.1
2008-10-20,2012,30.1
2008-10-21,2012,30.1
2008-10-22,2012,30.0
2008-10-23,2012,30.0
2008-10-24,2012,30.0
2008-10-27,2012,30.0
2008-10-28,2012,30.0
2008-10-29,2012,30.0
2008-10-30,2012,30.0
2008-10-31,2012,30.9
2008-11-03,2012,30.9
2008-11-04,2012,30.9
2008-11-05,2012,30.9
2008-11-06,2012,30.9
2008-11-07,2012,31.8
2008-11-10,2012,31.8
2008-11-11,2012,31.8
2008-11-12,2012,30.9
2008-11-13,2012,30.34
2008-11-14,2012,30.34
2008-11-17,2012,30.0
2008-11-18,2012,30.0
2008-11-19,2012,30.0
2008-11-20,2012,30.0
2008-11-21,2012,30.0
2008-11-24,2012,30.0
2008-11-25,2012,30.0
2008-11-26,2012,30.0
2008-11-27,2012,30.0
2008-11-28,2012,30.0
2008-12-01,2012,30.0
2008-12-02,2012,30.0
2008-12-03,2012,30.0
2008-12-04,2012,30.0
2008-12-05,2012,30.0
2008-12-08,2012,30.0
2008-12-09,2012,30.0
2008-12-10,2012,30.0
2008-12-11,2012,30.0
2008-12-12,2012,30.0
2008-12-15,2012,30.0
2008-12-16,2012,30.0
2008-12-17,2012,30.0
2008-12-18,2012,29.4
2008-12-19,2012,30.0
2008-12-22,2012,30.39
2008-12-23,2012,30.39
2008-12-24,2012,30.39
2008-12-26,2012,30.0
2008-12-29,2012,29.4
2008-12-30,2012,30.0
2008-12-31,2012,30.0
2009-01-02,2012,30.0
2009-01-05,2012,29.79
2009-01-06,2012,29.79
2009-01-07,2012,28.8
2009-01-08,2012,28.8
2009-01-09,2012,28.8
2009-01-12,2012,29.79
2009-01-13,2012,29.79
2009-01-14,2012,29.79
2009-01-15,2012,29.79
2009-01-16,2012,29.79
2009-01-19,2012,31.7
2009-01-20,2012,31.7
2009-01-21,2012,31.7
2009-01-22,2012,30.1
2009-01-23,2012,30.1
2009-01-26,2012,30.05
2009-01-27,2012,30.05
2009-01-28,2012,30.05
2009-01-29,2012,30.05
2009-01-30,2012,30.05
2009-02-02,2012,30.05
2009-02-03,2012,30.1
2009-02-04,2012,30.1
2009-02-05,2012,30.1
2009-02-06,2012,30.1
2009-02-09,2012,31.7
2009-02-10,2012,32.0
2009-02-11,2012,31.05
2009-02-12,2012,30.1
2009-02-13,2012,30.1
2009-02-16,2012,30.05
2009-02-17,2012,31.05
2009-02-18,2012,31.05
2009-02-19,2012,31.05
2009-02-20,2012,31.1
2009-02-25,2012,31.1
2009-02-26,2012,31.1
2009-02-27,2012,31.1
2009-03-02,2012,30.2
2009-03-03,2012,30.2
2009-03-04,2012,30.2
2009-03-05,2012,30.2
2009-03-06,2012,30.1
2009-03-09,2012,30.2
2009-03-10,2012,30.2
2009-03-11,2012,31.1
2009-03-12,2012,30.2
2009-03-13,2012,30.2
2009-03-16,2012,30.6
2009-03-17,2012,30.6
2009-03-18,2012,30.6
2009-03-19,2012,30.6
2009-03-20,2012,30.2
2009-03-23,2012,30.2
2009-03-24,2012,30.2
2009-03-25,2012,30.31
2009-03-26,2012,30.66
2009-03-27,2012,30.66
2009-03-30,2012,30.66
2009-03-31,2012,30.66
2009-04-01,2012,30.66
2009-04-02,2012,30.66
2009-04-03,2012,30.66
2009-04-06,2012,30.66
2009-04-07,2012,30.66
2009-04-08,2012,30.66
2009-04-09,2012,30.66
2009-04-13,2012,30.66
2009-04-14,2012,30.66
2009-04-15,2012,30.31
2009-04-16,2012,30.31
2009-04-17,2012,30.31
2009-04-20,2012,30.31
2009-04-22,2012,30.31
2009-04-23,2012,30.66
2009-04-24,2012,30.66
2009-04-27,2012,30.34
2009-04-28,2012,30.34
2009-04-29,2012,30.34
2009-04-30,2012,30.34
2009-05-04,2012,30.17
2009-05-05,2012,30.34
2009-05-06,2012,30.67
2009-05-07,2012,30.34
2009-05-08,2012,30.67
2009-05-11,2012,30.67
2009-05-12,2012,30.34
2009-05-13,2012,30.34
2009-05-14,2012,30.34
2009-05-15,2012,30.34
2009-05-18,2012,30.34
2009-05-19,2012,30.34
2009-05-20,2012,30.34
2009-05-21,2012,30.34
2009-05-22,2012,30.34
2009-05-25,2012,30.34
2009-05-26,2012,30.34
2009-05-27,2012,30.34
2009-05-28,2012,30.5
2009-05-29,2012,30.67
2009-06-01,2012,30.67
2009-06-02,2012,30.67
2009-06-03,2012,30.67
2009-06-04,2012,30.67
2009-06-05,2012,30.67
2009-06-08,2012,30.34
2009-06-09,2012,30.34
2009-06-10,2012,30.34
2009-06-12,2012,30.67
2009-06-15,2012,30.67
2009-06-16,2012,30.67
2009-06-17,2012,30.67
2009-06-18,2012,30.67
2009-06-19,2012,30.67
2009-06-22,2012,30.34
2009-06-23,2012,30.17
2009-06-24,2012,30.34
2009-06-25,2012,30.17
2009-06-26,2012,30.0
2009-06-29,2012,30.0
2009-06-30,2012,30.0
2009-07-01,2012,30.0
2009-07-02,2012,30.0
2009-07-03,2012,30.0
2009-07-06,2012,30.0
2009-07-07,2012,30.0
2009-07-08,2012,30.0
2009-07-09,2012,30.0
2009-07-10,2012,30.0
2009-07-13,2012,30.0
2009-07-14,2012,30.0
2009-07-15,2012,30.0
2009-07-16,2012,30.67
2009-07-17,2012,31.0
2009-07-20,2012,31.0
2009-07-21,2012,31.0
2009-07-22,2012,31.0
2009-07-23,2012,30.67
2009-07-24,2012,31.0
2009-07-27,2012,32.85
2009-07-28,2012,32.85
2009-07-29,2012,32.85
2009-07-30,2012,32.85
2009-07-31,2012,32.85
2009-08-03,2012,32.85
2009-08-04,2012,32.85
2009-08-05,2012,34.7
2009-08-06,2012,34.7
2009-08-07,2012,32.85
2009-08-10,2012,32.85
2009-08-11,2012,33.8
2009-08-12,2012,33.8
2009-08-13,2012,33.8
2009-08-14,2012,33.8
2009-08-17,2012,31.95
2009-08-18,2012,31.95
2009-08-19,2012,31.95
2009-08-20,2012,31.95
2009-08-21,2012,31.95
2009-08-24,2012,31.95
2009-08-25,2012,31.95
2009-08-26,2012,32.9
2009-08-27,2012,31.95
2009-08-28,2012,33.45
2009-08-31,2012,33.15
2009-09-01,2012,33.15
2009-09-02,2012,33.15
2009-09-03,2012,33.15
2009-09-04,2012,33.4
2009-09-08,2012,32.9
2009-09-09,2012,32.9
2009-09-10,2012,31.45
2009-09-11,2012,32.9
2009-09-14,2012,33.15
2009-09-15,2012,33.15
2009-09-16,2012,33.15
2009-09-17,2012,33.15
2009-09-18,2012,33.15
2009-09-21,2012,33.15
2009-09-22,2012,33.15
2009-09-23,2012,33.15
2009-09-24,2012,33.15
2009-09-25,2012,33.15
2009-09-28,2012,33.15
2009-09-29,2012,33.15
2009-09-30,2012,33.15
2009-10-01,2012,32.9
2009-10-02,2012,32.9
2009-10-05,2012,32.9
2009-10-06,2012,33.15
2009-10-07,2012,33.15
2009-10-08,2012,33.15
2009-10-09,2012,33.15
2009-10-13,2012,34.2
2009-10-14,2012,34.2
2009-10-15,2012,33.4
2009-10-16,2012,33.4
2009-10-19,2012,33.8
2009-10-20,2012,33.8
2009-10-21,2012,34.2
2009-10-22,2012,34.6
2009-10-23,2012,35.0
2009-10-26,2012,34.6
2009-10-27,2012,34.6
2009-10-28,2012,35.0
2009-10-29,2012,35.0
2009-10-30,2012,35.0
2009-11-03,2012,35.0
2009-11-04,2012,35.0
2009-11-05,2012,35.0
2009-11-06,2012,35.71
2009-11-09,2012,35.71
2009-11-10,2012,35.36
2009-11-11,2012,35.0
2009-11-12,2012,35.0
2009-11-13,2012,35.0
2009-11-16,2012,35.0
2009-11-17,2012,35.0
2009-11-18,2012,35.0
2009-11-19,2012,35.0
2009-11-20,2012,35.0
2009-11-23,2012,35.0
2009-11-24,2012,35.0
2009-11-25,2012,35.0
2009-11-26,2012,35.0
2009-11-27,2012,35.0
2009-11-30,2012,35.36
2009-12-01,2012,35.36
2009-12-02,2012,35.36
2009-12-03,2012,35.36
2009-12-04,2012,35.71
2009-12-07,2012,39.5
2009-12-08,2012,39.5
2009-12-09,2012,39.0
2009-12-10,2012,38.5
2009-12-11,2012,39.0
2009-12-14,2012,39.0
2009-12-15,2012,39.0
2009-12-16,2012,39.5
2009-12-17,2012,39.5
2009-12-18,2012,40.0
2009-12-21,2012,39.5
2009-12-22,2012,39.5
2009-12-23,2012,39.5
2009-12-24,2012,39.5
2009-12-28,2012,39.5
2009-12-29,2012,39.5
2009-12-30,2012,40.0
2009-12-31,2012,40.0
2010-01-04,2012,40.0
2010-01-05,2012,40.0
2010-01-06,2012,40.0
2010-01-07,2012,40.0
2010-01-08,2012,40.0
2010-01-11,2012,40.0
2010-01-12,2012,40.0
2010-01-13,2012,40.0
2010-01-14,2012,40.0
2010-01-15,2012,40.0
2010-01-18,2012,40.0
2010-01-19,2012,40.0
2010-01-20,2012,40.0
2010-01-21,2012,40.0
2010-01-22,2012,40.0
2010-01-25,2012,40.0
2010-01-26,2012,40.0
2010-01-27,2012,40.0
2010-01-28,2012,40.0
2010-01-29,2012,40.0
2010-02-01,2012,40.0
2010-02-02,2012,40.0
2010-02-03,2012,40.0
2010-02-04,2012,40.0
2010-02-05,2012,40.0
2010-02-08,2012,40.0
2010-02-09,2012,40.0
2010-02-10,2012,40.0
2010-02-11,2012,40.0
2010-02-12,2012,41.0
2010-02-17,2012,41.0
2010-02-18,2012,40.5
2010-02-19,2012,41.0
2010-02-22,2012,41.0
2010-02-23,2012,41.0
2010-02-24,2012,41.0
2010-02-25,2012,41.0
2010-02-26,2012,43.0
2010-03-01,2012,43.0
2010-03-02,2012,43.0
2010-03-03,2012,43.0
2010-03-04,2012,43.0
2010-03-05,2012,41.0
2010-03-08,2012,45.0
2010-03-09,2012,45.0
2010-03-10,2012,42.5
2010-03-11,2012,40.0
2010-03-12,2012,42.5
2010-03-15,2012,40.0
2010-03-16,2012,40.0
2010-03-17,2012,40.0
2010-03-18,2012,40.0
2010-03-19,2012,40.0
2010-03-22,2012,40.0
2010-03-23,2012,40.0
2010-03-24,2012,40.0
2010-03-25,2012,40.0
2010-03-26,2012,40.0
2010-03-29,2012,40.0
2010-03-30,2012,40.0
2010-03-31,2012,40.0
2010-04-01,2012,40.0
2010-04-05,2012,40.0
2010-04-06,2012,40.0
2010-04-07,2012,40.0
2010-04-08,2012,40.0
2010-04-09,2012,40.0
2010-04-12,2012,42.5
2010-04-13,2012,42.5
2010-04-14,2012,42.5
2010-04-15,2012,42.5
2010-04-16,2012,41.0
2010-04-19,2012,40.9
2010-04-20,2012,41.8
2010-04-22,2012,41.8
2010-04-23,2012,41.8
2010-04-26,2012,40.0
2010-04-27,2012,40.0
2010-04-28,2012,40.0
2010-04-29,2012,40.0
2010-04-30,2012,40.0
2010-05-03,2012,40.0
2010-05-04,2012,40.0
2010-05-05,2012,40.0
2010-05-06,2012,40.0
2010-05-07,2012,40.0
2010-05-10,2012,40.9
2010-05-11,2012,40.9
2010-05-12,2012,40.9
2010-05-13,2012,41.8
2010-05-14,2012,41.8
2010-05-17,2012,40.9
2010-05-18,2012,40.9
2010-05-19,2012,40.9
2010-05-20,2012,40.0
2010-05-21,2012,40.0
2010-05-24,2012,41.0
2010-05-25,2012,41.0
2010-05-26,2012,41.0
2010-05-27,2012,42.0
2010-05-28,2012,42.0
2010-05-31,2012,42.25
2010-06-01,2012,42.25
2010-06-02,2012,42.25
2010-06-04,2012,42.25
2010-06-07,2012,42.0
2010-06-08,2012,42.0
2010-06-09,2012,42.0
2010-06-10,2012,42.0
2010-06-11,2012,42.0
2010-06-14,2012,41.0
2010-06-15,2012,41.0
2010-06-16,2012,41.0
2010-06-17,2012,41.0
2010-06-18,2012,40.0
2010-06-21,2012,40.0
2010-06-22,2012,40.0
2010-06-23,2012,40.0
2010-06-24,2012,40.0
2010-06-25,2012,40.0
2010-06-28,2012,40.0
2010-06-29,2012,40.0
2010-06-30,2012,40.0
2010-07-01,2012,40.0
2010-07-02,2012,40.0
2010-07-05,2012,40.0
2010-07-06,2012,40.0
2010-07-07,2012,40.0
2010-07-08,2012,40.0
2010-07-09,2012,40.0
2010-07-12,2012,40.0
2010-07-13,2012,40.0
2010-07-14,2012,40.0
2010-07-15,2012,40.0
2010-07-16,2012,40.0
2010-07-19,2012,40.0
2010-07-20,2012,40.0
2010-07-21,2012,40.0
2010-07-22,2012,40.0
2010-07-23,2012,40.0
2010-07-26,2012,40.0
2010-07-27,2012,40.0
2010-07-28,2012,40.0
2010-07-29,2012,40.0
2010-07-30,2012,40.0
2010-08-02,2012,40.6
2010-08-03,2012,40.6
2010-08-04,2012,40.6
2010-08-05,2012,40.6
2010-08-06,2012,40.0
2010-08-09,2012,40.0
2010-08-10,2012,40.0
2010-08-11,2012,40.0
2010-08-12,2012,40.0
2010-08-13,2012,40.0
2010-08-16,2012,40.0
2010-08-17,2012,40.0
2010-08-18,2012,40.0
2010-08-19,2012,39.0
2010-08-20,2012,39.0
2010-08-23,2012,39.0
2010-08-24,2012,39.0
2010-08-25,2012,39.0
2010-08-26,2012,40.0
2010-08-27,2012,40.0
2010-08-30,2012,39.0
2010-08-31,2012,39.0
2010-09-01,2012,39.0
2010-09-02,2012,39.5
2010-09-03,2012,40.0
2010-09-06,2012,39.0
2010-09-08,2012,39.0
2010-09-09,2012,39.0
2010-09-10,2012,39.5
2010-09-13,2012,39.0
2010-09-14,2012,38.5
2010-09-15,2012,39.0
2010-09-16,2012,39.0
2010-09-17,2012,39.0
2010-09-20,2012,39.5
2010-09-21,2012,39.5
2010-09-22,2012,39.5
2010-09-23,2012,39.5
2010-09-24,2012,39.5
2010-09-27,2012,39.5
2010-09-28,2012,39.5
2010-09-29,2012,39.5
2010-09-30,2012,40.0
2010-10-01,2012,39.5
2010-10-04,2012,39.5
2010-10-05,2012,39.5
2010-10-06,2012,39.5
2010-10-07,2012,39.5
2010-10-08,2012,39.5
2010-10-11,2012,39.5
2010-10-13,2012,39.5
2010-10-14,2012,40.0
2010-10-15,2012,40.0
2010-10-18,2012,39.0
2010-10-19,2012,38.5
2010-10-20,2012,38.5
2010-10-21,2012,38.5
2010-10-22,2012,38.1
2010-10-25,2012,38.1
2010-10-26,2012,38.1
2010-10-27,2012,38.1
2010-10-28,2012,38.1
2010-10-29,2012,38.1
2010-11-01,2012,37.2
2010-11-03,2012,38.1
2010-11-04,2012,38.1
2010-11-05,2012,38.1
2010-11-08,2012,37.2
2010-11-09,2012,37.2
2010-11-10,2012,37.2
2010-11-11,2012,37.2
2010-11-12,2012,37.2
2010-11-16,2012,37.2
2010-11-17,2012,37.2
2010-11-18,2012,37.2
2010-11-19,2012,36.1
2010-11-22,2012,37.2
2010-11-23,2012,37.2
2010-11-24,2012,37.2
2010-11-25,2012,37.2
2010-11-26,2012,37.2
2010-11-29,2012,37.2
2010-11-30,2012,37.2
2010-12-01,2012,37.2
2010-12-02,2012,38.1
2010-12-03,2012,39.0
2010-12-06,2012,38.6
2010-12-07,2012,40.0
2010-12-08,2012,40.0
2010-12-09,2012,39.0
2010-12-10,2012,39.0
2010-12-13,2012,40.0
2010-12-14,2012,40.0
2010-12-15,2012,40.0
2010-12-16,2012,40.0
2010-12-17,2012,40.0
2010-12-20,2012,40.0
2010-12-21,2012,40.0
2010-12-22,2012,40.0
2010-12-23,2012,40.0
2010-12-24,2012,40.0
2010-12-27,2012,40.0
2010-12-28,2012,42.0
2010-12-29,2012,42.0
2010-12-30,2012,42.0
2010-12-31,2012,42.0
2011-01-03,2012,42.0
2011-01-04,2012,42.0
2011-01-05,2012,42.0
2011-01-06,2012,42.0
2011-01-07,2012,42.0
2011-01-10,2012,42.25
2011-01-11,2012,42.25
2011-01-12,2012,41.0
2011-01-13,2012,41.0
2011-01-14,2012,41.0
2011-01-17,2012,42.0
2011-01-18,2012,42.0
2011-01-19,2012,42.0
2011-01-20,2012,41.0
2011-01-21,2012,41.0
2011-01-24,2012,42.0
2011-01-25,2012,42.0
2011-01-26,2012,42.0
2011-01-27,2012,42.19
2011-01-28,2012,42.19
2011-01-31,2012,42.19
2011-02-01,2012,42.19
2011-02-02,2012,42.19
2011-02-03,2012,42.37
2011-02-04,2012,42.37
2011-02-07,2012,40.0
2011-02-08,2012,42.0
2011-02-09,2012,42.0
2011-02-10,2012,42.19
2011-02-11,2012,42.37
2011-02-14,2012,43.0
2011-02-15,2012,42.69
2011-02-16,2012,42.69
2011-02-17,2012,43.0
2011-02-18,2012,42.69
2011-02-21,2012,42.69
2011-02-22,2012,42.69
2011-02-23,2012,42.69
2011-02-24,2012,43.85
2011-02-25,2012,43.85
2011-02-28,2012,44.7
2011-03-01,2012,44.7
2011-03-02,2012,43.85
2011-03-03,2012,43.85
2011-03-04,2012,43.85
2011-03-09,2012,43.85
2011-03-10,2012,43.0
2011-03-11,2012,43.0
2011-03-14,2012,43.0
2011-03-15,2012,43.0
2011-03-16,2012,43.0
2011-03-17,2012,43.0
2011-03-18,2012,44.0
2011-03-21,2012,44.0
2011-03-22,2012,44.0
2011-03-23,2012,43.0
2011-03-24,2012,44.0
2011-03-25,2012,44.0
2011-03-28,2012,43.85
2011-03-29,2012,43.85
2011-03-30,2012,44.0
2011-03-31,2012,43.85
2011-04-01,2012,43.85
2011-04-04,2012,43.7
2011-04-05,2012,43.85
2011-04-06,2012,43.85
2011-04-07,2012,43.85
2011-04-08,2012,44.85
2011-04-11,2012,44.7
2011-04-12,2012,44.85
2011-04-13,2012,44.85
2011-04-14,2012,45.0
2011-04-15,2012,45.0
2011-04-18,2012,45.0
2011-04-19,2012,45.0
2011-04-20,2012,45.0
2011-04-25,2012,45.0
2011-04-26,2012,45.0
2011-04-27,2012,45.0
2011-04-28,2012,45.0
2011-04-29,2012,45.0
2011-05-02,2012,45.0
2011-05-03,2012,45.0
2011-05-04,2012,45.0
2011-05-05,2012,45.0
2011-05-06,2012,45.0
2011-05-09,2012,45.0
2011-05-10,2012,45.0
2011-05-11,2012,45.0
2011-05-12,2012,45.0
2011-05-13,2012,45.0
2011-05-16,2012,45.0
2011-05-17,2012,45.0
2011-05-18,2012,45.0
2011-05-19,2012,45.0
2011-05-20,2012,45.0
2011-05-23,2012,45.0
2011-05-24,2012,45.0
2011-05-25,2012,45.0
2011-05-26,2012,45.0
2011-05-27,2012,45.0
2011-05-30,2012,45.0
2011-05-31,2012,45.0
2011-06-01,2012,45.0
2011-06-02,2012,45.0
2011-06-03,2012,45.0
2011-06-06,2012,45.0
2011-06-07,2012,45.0
2011-06-08,2012,45.0
2011-06-09,2012,45.0
2011-06-10,2012,45.0
2011-06-13,2012,45.5
2011-06-14,2012,45.5
2011-06-15,2012,45.0
2011-06-16,2012,45.0
2011-06-17,2012,46.0
2011-06-20,2012,46.0
2011-06-21,2012,46.0
2011-06-22,2012,46.0
2011-06-24,2012,46.0
2011-06-27,2012,46.0
2011-06-28,2012,46.0
2011-06-29,2012,46.0
2011-06-30,2012,45.5
2011-07-01,2012,45.0
2011-07-04,2012,46.0
2011-07-05,2012,46.0
2011-07-06,2012,47.0
2011-07-07,2012,47.0
2011-07-08,2012,47.5
2011-07-11,2012,47.0
2011-07-12,2012,47.0
2011-07-13,2012,47.0
2011-07-14,2012,47.0
2011-07-15,2012,49.4
2011-07-18,2012,48.8
2011-07-19,2012,48.8
2011-07-20,2012,48.8
2011-07-21,2012,50.0
2011-07-22,2012,50.0
2011-07-25,2012,50.0
2011-07-26,2012,50.0
2011-07-27,2012,50.0
2011-07-28,2012,50.0
2011-07-29,2012,50.0
2011-08-01,2012,50.0
2011-08-02,2012,50.0
2011-08-03,2012,50.0
2011-08-04,2012,50.0
2011-08-05,2012,50.0
2011-08-08,2012,50.0
2011-08-09,2012,50.0
2011-08-10,2012,50.0
2011-08-11,2012,50.0
2011-08-12,2012,50.0
2011-08-15,2012,50.0
2011-08-16,2012,50.0
2011-08-17,2012,50.0
2011-08-18,2012,50.0
2011-08-19,2012,50.0
2011-08-22,2012,50.0
2011-08-23,2012,50.0
2011-08-24,2012,50.0
2011-08-25,2012,50.0
2011-08-26,2012,50.0
2011-08-29,2012,50.0
2011-08-30,2012,50.0
2011-08-31,2012,50.0
2011-09-01,2012,50.0
2011-09-02,2012,50.0
2011-09-05,2012,50.0
2011-09-06,2012,50.9
2011-09-08,2012,50.0
2011-09-09,2012,50.0
2011-09-12,2012,50.0
2011-09-13,2012,50.0
2011-09-14,2012,50.0
2011-09-15,2012,50.0
2011-09-16,2012,50.0
2011-09-19,2012,50.0
2011-09-20,2012,50.0
2011-09-21,2012,50.0
2011-09-22,2012,50.0
2011-09-23,2012,50.0
2011-09-26,2012,50.0
2011-09-27,2012,50.0
2011-09-28,2012,50.0
2011-09-29,2012,50.0
2011-09-30,2012,50.0
2011-10-03,2012,50.0
2011-10-04,2012,50.0
2011-10-05,2012,50.0
2011-10-06,2012,50.0
2011-10-07,2012,50.0
2011-10-10,2012,51.8
2011-10-11,2012,50.0
2011-10-13,2012,50.0
2011-10-14,2012,50.0
2011-10-17,2012,50.0
2011-10-18,2012,50.0
2011-10-19,2012,50.9
2011-10-20,2012,50.0
2011-10-21,2012,51.8
2011-10-24,2012,50.0
2011-10-25,2012,51.8
2011-10-26,2012,50.9
2011-10-27,2012,50.9
2011-10-28,2012,52.0
2011-10-31,2012,53.0
2011-11-01,2012,53.0
2011-11-03,2012,53.0
2011-11-04,2012,53.0
2011-11-07,2012,53.0
2011-11-08,2012,55.0
2011-11-09,2012,55.0
2011-11-10,2012,54.0
2011-11-11,2012,54.0
2011-11-14,2012,55.0
2011-11-16,2012,55.0
2011-11-17,2012,55.0
2011-11-18,2012,55.0
2011-11-21,2012,55.0
2011-11-22,2012,55.0
2011-11-23,2012,55.0
2011-11-24,2012,55.0
2011-11-25,2012,55.0
2011-11-28,2012,55.0
2011-11-29,2012,54.5
2011-11-30,2012,55.0
2011-12-01,2012,55.0
2011-12-02,2012,54.0
2011-12-05,2012,54.0
2011-12-06,2012,54.0
2011-12-07,2012,54.0
2011-12-08,2012,54.0
2011-12-09,2012,54.0
2011-12-12,2012,54.5
2011-12-13,2012,54.0
2011-12-14,2012,54.5
2011-12-15,2012,54.5
2011-12-16,2012,54.5
2011-12-19,2012,55.0
2011-12-20,2012,55.0
2011-12-21,2012,55.0
2011-12-22,2012,55.0
2011-12-23,2012,55.0
2011-12-26,2012,55.0
2011-12-27,2012,55.0
2011-12-28,2012,55.0
2011-12-29,2012,55.0
2011-12-30,2012,55.0
2012-01-02,2012,55.0
2012-01-03,2012,55.0
2012-01-04,2012,55.0
2012-01-05,2012,55.0
2012-01-06,2012,55.0
2012-01-09,2012,55.0
2012-01-10,2012,55.0
2012-01-11,2012,55.0
2012-01-12,2012,55.0
2012-01-13,2012,55.0
2012-01-16,2012,55.0
2012-01-17,2012,55.0
2012-01-18,2012,55.0
2012-01-19,2012,55.0
2012-01-20,2012,55.0
2012-01-23,2012,55.0
2012-01-24,2012,55.0
2012-01-25,2012,55.0
2012-01-26,2012,55.0
2012-01-27,2012,55.0
2012-01-30,2012,55.0
2012-01-31,2012,55.0
2012-02-01,2012,55.0
2012-02-02,2012,55.0
2012-02-03,2012,55.0
2012-02-06,2012,55.0
2012-02-07,2012,55.0
2012-02-08,2012,55.0
2012-02-09,2012,55.0
2012-02-10,2012,55.0
2012-02-13,2012,55.0
2012-02-14,2012,55.0
2012-02-15,2012,55.0
2012-02-16,2012,55.0
2012-02-17,2012,55.0
2012-02-22,2012,55.0
2012-02-23,2012,55.0
2012-02-24,2012,55.0
2012-02-27,2012,55.0
2012-02-28,2012,55.0
2012-02-29,2012,55.0
2012-03-01,2012,55.0
2012-03-02,2012,55.0
2012-03-05,2012,55.0
2012-03-06,2012,55.0
2012-03-07,2012,55.0
2012-03-08,2012,55.0
2012-03-09,2012,55.0
2012-03-12,2012,55.0
2012-03-13,2012,55.0
2012-03-14,2012,55.0
2012-03-15,2012,55.0
2012-03-16,2012,55.0
2012-03-19,2012,55.0
2012-03-20,2012,55.0
2012-03-21,2012,55.0
2012-03-22,2012,55.0
2012-03-23,2012,55.0
2012-03-26,2012,56.4
2012-03-27,2012,56.4
2012-03-28,2012,56.4
2012-03-29,2012,56.4
2012-03-30,2012,55.37
2012-04-02,2012,55.0
2012-04-03,2012,55.37
2012-04-04,2012,55.0
2012-04-05,2012,55.0
2012-04-09,2012,56.07
2012-04-10,2012,56.07
2012-04-11,2012,56.4
2012-04-12,2012,56.7
2012-04-13,2012,56.4
2012-04-16,2012,57.0
2012-04-17,2012,56.7
2012-04-18,2012,56.4
2012-04-19,2012,56.4
2012-04-20,2012,57.0
2012-04-23,2012,56.2
2012-04-24,2012,56.4
2012-04-25,2012,56.4
2012-04-26,2012,56.4
2012-04-27,2012,56.4
2012-04-30,2012,57.0
2012-05-02,2012,56.7
2012-05-03,2012,57.85
2012-05-04,2012,56.7
2012-05-07,2012,56.7
2012-05-08,2012,56.2
2012-05-09,2012,56.0
2012-05-10,2012,55.74
2012-05-11,2012,55.74
2012-05-14,2012,55.37
2012-05-15,2012,55.74
2012-05-16,2012,55.74
2012-05-17,2012,55.37
2012-05-18,2012,55.0
2012-05-21,2012,55.0
2012-05-22,2012,55.0
2012-05-23,2012,55.0
2012-05-24,2012,55.0
2012-05-25,2012,55.0
2012-05-28,2012,55.37
2012-05-29,2012,55.74
2012-05-30,2012,55.74
2012-05-31,2012,55.05
2012-06-01,2012,55.05
2012-06-04,2012,55.1
2012-06-05,2012,55.1
2012-06-06,2012,55.05
2012-06-08,2012,55.1
2012-06-11,2012,55.1
2012-06-12,2012,55.05
2012-06-13,2012,55.05
2012-06-14,2012,55.0
2012-06-15,2012,55.1
2012-06-18,2012,55.05
2012-06-19,2012,55.05
2012-06-20,2012,55.0
2012-06-21,2012,55.0
2012-06-22,2012,55.0
2012-06-25,2012,55.0
2012-06-26,2012,55.0
2012-06-27,2012,55.0
2012-06-28,2012,55.0
2012-06-29,2012,55.0
2012-07-02,2012,55.0
2012-07-03,2012,55.0
2012-07-04,2012,55.0
2012-07-05,2012,55.0
2012-07-06,2012,55.0
2012-07-09,2012,55.0
2012-07-10,2012,55.0
2012-07-11,2012,55.0
2012-07-12,2012,55.0
2012-07-13,2012,55.0
2012-07-16,2012,55.0
2012-07-17,2012,55.0
2012-07-18,2012,55.0
2012-07-19,2012,55.0
2012-07-20,2012,55.0
2012-07-23,2012,55.0
2012-07-24,2012,55.0
2012-07-25,2012,55.0
2012-07-26,2012,55.0
2012-07-27,2012,55.0
2012-07-30,2012,55.0
2012-07-31,2012,55.0
2012-08-01,2012,55.0
2012-08-02,2012,55.0
2012-08-03,2012,55.0
2012-08-06,2012,55.0
2012-08-07,2012,55.0
2012-08-08,2012,55.0
2012-08-09,2012,55.0
2012-08-10,2012,55.0
2012-08-13,2012,55.0
2012-08-14,2012,55.0
2012-08-15,2012,55.0
2012-08-16,2012,55.0
2012-08-17,2012,55.0
2012-08-20,2012,55.0
2012-08-21,2012,55.0
2012-08-22,2012,55.0
2012-08-23,2012,55.0
2012-08-24,2012,55.0
2012-08-27,2012,55.0
2012-08-28,2012,55.0
2012-08-29,2012,55.0
2012-08-30,2012,55.0
2012-08-31,2012,55.0
2012-09-03,2012,55.0
2012-09-04,2012,55.0
2012-09-05,2012,55.0
2012-09-06,2012,55.0
2012-09-10,2012,55.0
2012-09-11,2012,55.0
2012-09-12,2012,55.0
2012-09-13,2012,55.0
2012-09-14,2012,55.0
2012-09-17,2012,55.0
2012-09-18,2012,55.0
2012-09-19,2012,55.0
2012-09-20,2012,55.0
2012-09-21,2012,56.0
2012-09-24,2012,57.05
2012-09-25,2012,57.1
2012-09-26,2012,57.05
2012-09-27,2012,57.0
2012-09-28,2012,57.0
2012-10-01,2012,57.1
2012-10-02,2012,57.1
2012-10-03,2012,58.0
2012-10-04,2012,58.0
2012-10-05,2012,58.8
2012-10-08,2012,59.84
2012-10-09,2012,59.84
2012-10-10,2012,60.0
2012-10-11,2012,59.68
2012-10-15,2012,59.64
2012-10-16,2012,59.64
2012-10-17,2012,59.68
2012-10-18,2012,59.84
2012-10-19,2012,59.68
2012-10-22,2012,59.68
2012-10-23,2012,59.68
2012-10-24,2012,59.68
2012-10-25,2012,59.64
2012-10-26,2012,59.68
2012-10-29,2012,60.0
2012-10-30,2012,60.0
2012-10-31,2012,60.0
2012-11-01,2012,60.0
2012-11-05,2012,59.84
2012-11-06,2012,60.0
2012-11-07,2012,60.0
2012-11-08,2012,60.0
2012-11-09,2012,60.0
2012-11-12,2012,60.0
2012-11-13,2012,60.0
2012-11-14,2012,60.0
2012-11-16,2012,60.0
2012-11-19,2012,60.0
2012-11-20,2012,60.0
2012-11-21,2012,60.0
2012-11-22,2012,60.0
2012-11-23,2012,60.0
2012-11-26,2012,60.0
2012-11-27,2012,60.0
2012-11-28,2012,60.0
2012-11-29,2012,60.0
2012-11-30,2012,60.0
2012-12-03,2012,60.0
2012-12-04,2012,60.0
2012-12-05,2012,60.0
2012-12-06,2012,60.0
2012-12-07,2012,60.0
2012-12-10,2012,60.0
2012-12-11,2012,60.0
2012-12-12,2012,60.0
2012-12-13,2012,60.0
2012-12-14,2012,60.0
2012-12-17,2012,60.0
2012-12-18,2012,60.0
2012-12-19,2012,60.0
2012-12-20,2012,60.0
2012-12-21,2012,60.0
2012-12-24,2012,60.0
2012-12-26,2012,60.0
2012-12-27,2012,60.0
2012-12-28,2012,60.0
2012-12-31,2012,60.0
2013-01-02,2012,60.0
2013-01-03,2012,60.0
2013-01-04,2012,60.0
2013-01-07,2012,61.0
2013-01-08,2012,60.0
2013-01-09,2012,60.5
2013-01-10,2012,61.85
2013-01-11,2012,61.0
2013-01-14,2012,63.0
2013-01-15,2012,63.0
2013-01-16,2012,63.0
2013-01-17,2012,63.0
2013-01-18,2012,63.0
2013-01-21,2012,63.0
2013-01-22,2012,63.0
2009-01-26,2013,32.0
2009-01-27,2013,28.5
2009-01-28,2013,28.5
2009-01-29,2013,28.5
2009-01-30,2013,32.0
2009-02-02,2013,32.0
2009-02-03,2013,31.5
2009-02-04,2013,31.5
2009-02-05,2013,31.5
2009-02-06,2013,31.5
2009-02-09,2013,31.5
2009-02-10,2013,32.0
2009-02-11,2013,31.5
2009-02-12,2013,31.5
2009-02-13,2013,31.0
2009-02-16,2013,31.0
2009-02-17,2013,31.5
2009-02-18,2013,31.0
2009-02-19,2013,31.0
2009-02-20,2013,31.15
2009-02-25,2013,31.15
2009-02-26,2013,31.15
2009-02-27,2013,31.15
2009-03-02,2013,31.15
2009-03-03,2013,31.15
2009-03-04,2013,31.15
2009-03-05,2013,31.15
2009-03-06,2013,31.15
2009-03-09,2013,31.3
2009-03-10,2013,31.3
2009-03-11,2013,31.3
2009-03-12,2013,31.0
2009-03-13,2013,31.0
2009-03-16,2013,31.15
2009-03-17,2013,31.15
2009-03-18,2013,31.15
2009-03-19,2013,31.15
2009-03-20,2013,31.0
2009-03-23,2013,31.0
2009-03-24,2013,31.0
2009-03-25,2013,31.0
2009-03-26,2013,31.15
2009-03-27,2013,31.15
2009-03-30,2013,31.15
2009-03-31,2013,31.15
2009-04-01,2013,31.15
2009-04-02,2013,31.15
2009-04-03,2013,31.15
2009-04-06,2013,31.15
2009-04-07,2013,31.15
2009-04-08,2013,31.15
2009-04-09,2013,31.15
2009-04-13,2013,31.3
2009-04-14,2013,31.3
2009-04-15,2013,31.15
2009-04-16,2013,31.15
2009-04-17,2013,31.15
2009-04-20,2013,31.15
2009-04-22,2013,31.15
2009-04-23,2013,31.3
2009-04-24,2013,31.3
2009-04-27,2013,31.11
2009-04-28,2013,31.11
2009-04-29,2013,31.11
2009-04-30,2013,31.11
2009-05-04,2013,30.5
2009-05-05,2013,31.0
2009-05-06,2013,31.11
2009-05-07,2013,31.21
2009-05-08,2013,31.11
2009-05-11,2013,31.11
2009-05-12,2013,31.0
2009-05-13,2013,31.0
2009-05-14,2013,31.0
2009-05-15,2013,31.0
2009-05-18,2013,31.0
2009-05-19,2013,31.0
2009-05-20,2013,31.0
2009-05-21,2013,31.0
2009-05-22,2013,31.0
2009-05-25,2013,31.0
2009-05-26,2013,31.0
2009-05-27,2013,31.0
2009-05-28,2013,30.5
2009-05-29,2013,31.11
2009-06-01,2013,31.11
2009-06-02,2013,31.11
2009-06-03,2013,31.11
2009-06-04,2013,31.21
2009-06-05,2013,31.21
2009-06-08,2013,31.11
2009-06-09,2013,31.11
2009-06-10,2013,31.11
2009-06-12,2013,31.21
2009-06-15,2013,31.21
2009-06-16,2013,31.21
2009-06-17,2013,31.21
2009-06-18,2013,31.21
2009-06-19,2013,31.21
2009-06-22,2013,31.21
2009-06-23,2013,31.46
2009-06-24,2013,31.46
2009-06-25,2013,31.21
2009-06-26,2013,31.11
2009-06-29,2013,31.0
2009-06-30,2013,31.0
2009-07-01,2013,31.0
2009-07-02,2013,31.0
2009-07-03,2013,31.0
2009-07-06,2013,31.0
2009-07-07,2013,31.11
2009-07-08,2013,31.11
2009-07-09,2013,31.11
2009-07-10,2013,31.11
2009-07-13,2013,31.11
2009-07-14,2013,31.11
2009-07-15,2013,31.11
2009-07-16,2013,31.0
2009-07-17,2013,31.11
2009-07-20,2013,31.11
2009-07-21,2013,31.11
2009-07-22,2013,31.11
2009-07-23,2013,31.21
2009-07-24,2013,30.61
2009-07-27,2013,31.0
2009-07-28,2013,31.0
2009-07-29,2013,31.0
2009-07-30,2013,31.0
2009-07-31,2013,31.0
2009-08-03,2013,31.0
2009-08-04,2013,31.0
2009-08-05,2013,31.11
2009-08-06,2013,31.11
2009-08-07,2013,31.0
2009-08-10,2013,31.0
2009-08-11,2013,30.9
2009-08-12,2013,30.9
2009-08-13,2013,30.9
2009-08-14,2013,30.9
2009-08-17,2013,30.9
2009-08-18,2013,30.9
2009-08-19,2013,30.9
2009-08-20,2013,30.9
2009-08-21,2013,30.9
2009-08-24,2013,30.9
2009-08-25,2013,30.9
2009-08-26,2013,30.95
2009-08-27,2013,30.95
2009-08-28,2013,30.95
2009-08-31,2013,30.95
2009-09-01,2013,30.95
2009-09-02,2013,30.95
2009-09-03,2013,30.95
2009-09-04,2013,31.0
2009-09-08,2013,30.9
2009-09-09,2013,30.9
2009-09-10,2013,30.45
2009-09-11,2013,30.5
2009-09-14,2013,31.0
2009-09-15,2013,31.0
2009-09-16,2013,31.0
2009-09-17,2013,31.0
2009-09-18,2013,31.0
2009-09-21,2013,31.0
2009-09-22,2013,31.0
2009-09-23,2013,31.0
2009-09-24,2013,31.0
2009-09-25,2013,31.0
2009-09-28,2013,31.0
2009-09-29,2013,31.0
2009-09-30,2013,31.0
2009-10-01,2013,30.5
2009-10-02,2013,30.5
2009-10-05,2013,30.5
2009-10-06,2013,31.0
2009-10-07,2013,31.0
2009-10-08,2013,31.0
2009-10-09,2013,31.0
2009-10-13,2013,31.0
2009-10-14,2013,31.0
2009-10-15,2013,30.5
2009-10-16,2013,30.5
2009-10-19,2013,31.0
2009-10-20,2013,31.0
2009-10-21,2013,31.0
2009-10-22,2013,31.75
2009-10-23,2013,31.75
2009-10-26,2013,31.0
2009-10-27,2013,31.0
2009-10-28,2013,31.75
2009-10-29,2013,31.75
2009-10-30,2013,31.75
2009-11-03,2013,32.5
2009-11-04,2013,32.5
2009-11-05,2013,32.5
2009-11-06,2013,34.8
2009-11-09,2013,32.5
2009-11-10,2013,33.65
2009-11-11,2013,34.8
2009-11-12,2013,34.8
2009-11-13,2013,33.65
2009-11-16,2013,33.65
2009-11-17,2013,34.8
2009-11-18,2013,34.9
2009-11-19,2013,34.9
2009-11-20,2013,34.9
2009-11-23,2013,34.9
2009-11-24,2013,35.0
2009-11-25,2013,35.0
2009-11-26,2013,35.0
2009-11-27,2013,35.0
2009-11-30,2013,36.5
2009-12-01,2013,36.5
2009-12-02,2013,36.5
2009-12-03,2013,36.5
2009-12-04,2013,38.0
2009-12-07,2013,40.0
2009-12-08,2013,40.0
2009-12-09,2013,40.0
2009-12-10,2013,39.22
2009-12-11,2013,40.0
2009-12-14,2013,40.0
2009-12-15,2013,40.0
2009-12-16,2013,40.0
2009-12-17,2013,40.0
2009-12-18,2013,40.0
2009-12-21,2013,40.0
2009-12-22,2013,40.0
2009-12-23,2013,40.0
2009-12-24,2013,40.0
2009-12-28,2013,40.0
2009-12-29,2013,40.0
2009-12-30,2013,40.0
2009-12-31,2013,40.0
2010-01-04,2013,40.0
2010-01-05,2013,40.0
2010-01-06,2013,40.0
2010-01-07,2013,40.0
2010-01-08,2013,40.0
2010-01-11,2013,40.0
2010-01-12,2013,40.0
2010-01-13,2013,40.0
2010-01-14,2013,40.0
2010-01-15,2013,40.0
2010-01-18,2013,40.0
2010-01-19,2013,40.0
2010-01-20,2013,40.0
2010-01-21,2013,40.0
2010-01-22,2013,40.0
2010-01-25,2013,40.0
2010-01-26,2013,40.0
2010-01-27,2013,40.0
2010-01-28,2013,40.0
2010-01-29,2013,40.0
2010-02-01,2013,40.0
2010-02-02,2013,40.0
2010-02-03,2013,40.0
2010-02-04,2013,40.0
2010-02-05,2013,40.0
2010-02-08,2013,40.0
2010-02-09,2013,40.0
2010-02-10,2013,40.0
2010-02-11,2013,41.0
2010-02-12,2013,42.0
2010-02-17,2013,42.0
2010-02-18,2013,41.0
2010-02-19,2013,42.0
2010-02-22,2013,42.0
2010-02-23,2013,42.0
2010-02-24,2013,42.0
2010-02-25,2013,42.0
2010-02-26,2013,43.5
2010-03-01,2013,43.5
2010-03-02,2013,43.5
2010-03-03,2013,43.5
2010-03-04,2013,43.5
2010-03-05,2013,42.0
2010-03-08,2013,45.0
2010-03-09,2013,45.0
2010-03-10,2013,42.5
2010-03-11,2013,40.0
2010-03-12,2013,42.5
2010-03-15,2013,40.0
2010-03-16,2013,40.0
2010-03-17,2013,40.0
2010-03-18,2013,40.0
2010-03-19,2013,40.0
2010-03-22,2013,40.0
2010-03-23,2013,40.0
2010-03-24,2013,40.0
2010-03-25,2013,40.0
2010-03-26,2013,40.0
2010-03-29,2013,40.0
2010-03-30,2013,40.0
2010-03-31,2013,40.0
2010-04-01,2013,40.0
2010-04-05,2013,40.0
2010-04-06,2013,40.0
2010-04-07,2013,40.0
2010-04-08,2013,40.0
2010-04-09,2013,40.0
2010-04-12,2013,42.5
2010-04-13,2013,42.5
2010-04-14,2013,42.5
2010-04-15,2013,42.5
2010-04-16,2013,42.0
2010-04-19,2013,41.75
2010-04-20,2013,43.5
2010-04-22,2013,43.5
2010-04-23,2013,43.5
2010-04-26,2013,40.0
2010-04-27,2013,40.0
2010-04-28,2013,40.0
2010-04-29,2013,41.75
2010-04-30,2013,40.0
2010-05-03,2013,43.5
2010-05-04,2013,43.5
2010-05-05,2013,43.5
2010-05-06,2013,43.5
2010-05-07,2013,43.5
2010-05-10,2013,43.75
2010-05-11,2013,43.75
2010-05-12,2013,43.75
2010-05-13,2013,44.0
2010-05-14,2013,44.0
2010-05-17,2013,43.75
2010-05-18,2013,43.75
2010-05-19,2013,43.75
2010-05-20,2013,44.0
2010-05-21,2013,44.0
2010-05-24,2013,44.5
2010-05-25,2013,44.5
2010-05-26,2013,44.5
2010-05-27,2013,45.0
2010-05-28,2013,45.0
2010-05-31,2013,44.5
2010-06-01,2013,44.5
2010-06-02,2013,44.5
2010-06-04,2013,44.5
2010-06-07,2013,44.0
2010-06-08,2013,44.0
2010-06-09,2013,44.0
2010-06-10,2013,44.0
2010-06-11,2013,44.0
2010-06-14,2013,42.0
2010-06-15,2013,42.0
2010-06-16,2013,42.0
2010-06-17,2013,42.0
2010-06-18,2013,40.0
2010-06-21,2013,40.0
2010-06-22,2013,40.0
2010-06-23,2013,40.0
2010-06-24,2013,40.0
2010-06-25,2013,40.0
2010-06-28,2013,40.0
2010-06-29,2013,40.0
2010-06-30,2013,40.0
2010-07-01,2013,40.0
2010-07-02,2013,40.0
2010-07-05,2013,40.0
2010-07-06,2013,40.0
2010-07-07,2013,40.0
2010-07-08,2013,40.0
2010-07-09,2013,40.0
2010-07-12,2013,40.0
2010-07-13,2013,40.0
2010-07-14,2013,40.0
2010-07-15,2013,40.0
2010-07-16,2013,40.0
2010-07-19,2013,40.0
2010-07-20,2013,40.0
2010-07-21,2013,40.0
2010-07-22,2013,40.0
2010-07-23,2013,40.0
2010-07-26,2013,40.0
2010-07-27,2013,40.0
2010-07-28,2013,40.0
2010-07-29,2013,40.0
2010-07-30,2013,42.0
2010-08-02,2013,42.0
2010-08-03,2013,42.0
2010-08-04,2013,42.0
2010-08-05,2013,42.0
2010-08-06,2013,40.0
2010-08-09,2013,40.0
2010-08-10,2013,40.0
2010-08-11,2013,40.0
2010-08-12,2013,40.0
2010-08-13,2013,40.0
2010-08-16,2013,40.0
2010-08-17,2013,40.0
2010-08-18,2013,40.0
2010-08-19,2013,40.0
2010-08-20,2013,40.0
2010-08-23,2013,40.0
2010-08-24,2013,40.0
2010-08-25,2013,40.0
2010-08-26,2013,40.0
2010-08-27,2013,40.0
2010-08-30,2013,40.0
2010-08-31,2013,40.0
2010-09-01,2013,40.0
2010-09-02,2013,40.5
2010-09-03,2013,41.0
2010-09-06,2013,40.0
2010-09-08,2013,40.0
2010-09-09,2013,40.0
2010-09-10,2013,40.5
2010-09-13,2013,40.0
2010-09-14,2013,40.0
2010-09-15,2013,40.0
2010-09-16,2013,40.0
2010-09-17,2013,40.0
2010-09-20,2013,40.5
2010-09-21,2013,40.5
2010-09-22,2013,40.5
2010-09-23,2013,40.5
2010-09-24,2013,40.5
2010-09-27,2013,40.5
2010-09-28,2013,40.5
2010-09-29,2013,40.5
2010-09-30,2013,40.0
2010-10-01,2013,40.5
2010-10-04,2013,40.5
2010-10-05,2013,40.5
2010-10-06,2013,40.5
2010-10-07,2013,40.5
2010-10-08,2013,40.5
2010-10-11,2013,40.5
2010-10-13,2013,40.5
2010-10-14,2013,41.0
2010-10-15,2013,41.0
2010-10-18,2013,41.0
2010-10-19,2013,40.5
2010-10-20,2013,40.5
2010-10-21,2013,40.5
2010-10-22,2013,40.5
2010-10-25,2013,40.5
2010-10-26,2013,40.5
2010-10-27,2013,40.5
2010-10-28,2013,40.5
2010-10-29,2013,40.5
2010-11-01,2013,40.0
2010-11-03,2013,40.5
2010-11-04,2013,40.5
2010-11-05,2013,40.5
2010-11-08,2013,40.0
2010-11-09,2013,40.0
2010-11-10,2013,40.0
2010-11-11,2013,40.0
2010-11-12,2013,40.0
2010-11-16,2013,41.0
2010-11-17,2013,41.0
2010-11-18,2013,40.5
2010-11-19,2013,40.0
2010-11-22,2013,40.5
2010-11-23,2013,40.5
2010-11-24,2013,40.5
2010-11-25,2013,40.5
2010-11-26,2013,40.5
2010-11-29,2013,40.5
2010-11-30,2013,40.5
2010-12-01,2013,40.5
2010-12-02,2013,40.5
2010-12-03,2013,40.5
2010-12-06,2013,40.0
2010-12-07,2013,40.0
2010-12-08,2013,40.0
2010-12-09,2013,40.0
2010-12-10,2013,40.0
2010-12-13,2013,40.0
2010-12-14,2013,40.5
2010-12-15,2013,40.5
2010-12-16,2013,40.5
2010-12-17,2013,40.5
2010-12-20,2013,40.0
2010-12-21,2013,40.0
2010-12-22,2013,40.0
2010-12-23,2013,40.0
2010-12-24,2013,40.0
2010-12-27,2013,40.5
2010-12-28,2013,42.5
2010-12-29,2013,42.5
2010-12-30,2013,42.5
2010-12-31,2013,42.5
2011-01-03,2013,42.5
2011-01-04,2013,42.5
2011-01-05,2013,42.5
2011-01-06,2013,42.5
2011-01-07,2013,42.5
2011-01-10,2013,44.0
2011-01-11,2013,44.0
2011-01-12,2013,42.5
2011-01-13,2013,42.5
2011-01-14,2013,43.6
2011-01-17,2013,43.6
2011-01-18,2013,43.6
2011-01-19,2013,43.6
2011-01-20,2013,43.6
2011-01-21,2013,43.2
2011-01-24,2013,43.6
2011-01-25,2013,43.6
2011-01-26,2013,43.6
2011-01-27,2013,43.6
2011-01-28,2013,43.6
2011-01-31,2013,43.6
2011-02-01,2013,43.6
2011-02-02,2013,43.6
2011-02-03,2013,43.6
2011-02-04,2013,44.5
2011-02-07,2013,44.5
2011-02-08,2013,44.5
2011-02-09,2013,44.5
2011-02-10,2013,44.5
2011-02-11,2013,44.5
2011-02-14,2013,45.0
2011-02-15,2013,45.0
2011-02-16,2013,45.0
2011-02-17,2013,45.0
2011-02-18,2013,45.0
2011-02-21,2013,45.0
2011-02-22,2013,45.0
2011-02-23,2013,45.0
2011-02-24,2013,45.0
2011-02-25,2013,45.0
2011-02-28,2013,45.0
2011-03-01,2013,45.0
2011-03-02,2013,45.0
2011-03-03,2013,45.0
2011-03-04,2013,45.0
2011-03-09,2013,45.0
2011-03-10,2013,45.0
2011-03-11,2013,44.5
2011-03-14,2013,44.5
2011-03-15,2013,44.5
2011-03-16,2013,45.0
2011-03-17,2013,44.5
2011-03-18,2013,45.0
2011-03-21,2013,44.5
2011-03-22,2013,44.5
2011-03-23,2013,44.5
2011-03-24,2013,44.5
2011-03-25,2013,44.5
2011-03-28,2013,44.4
2011-03-29,2013,44.4
2011-03-30,2013,44.8
2011-03-31,2013,44.8
2011-04-01,2013,44.8
2011-04-04,2013,44.4
2011-04-05,2013,44.8
2011-04-06,2013,44.8
2011-04-07,2013,44.8
2011-04-08,2013,45.0
2011-04-11,2013,45.0
2011-04-12,2013,45.0
2011-04-13,2013,45.0
2011-04-14,2013,45.0
2011-04-15,2013,45.0
2011-04-18,2013,45.0
2011-04-19,2013,45.0
2011-04-20,2013,45.0
2011-04-25,2013,45.0
2011-04-26,2013,45.0
2011-04-27,2013,45.0
2011-04-28,2013,45.0
2011-04-29,2013,45.0
2011-05-02,2013,45.0
2011-05-03,2013,45.0
2011-05-04,2013,45.0
2011-05-05,2013,45.0
2011-05-06,2013,45.0
2011-05-09,2013,45.0
2011-05-10,2013,45.0
2011-05-11,2013,45.0
2011-05-12,2013,45.0
2011-05-13,2013,45.0
2011-05-16,2013,45.0
2011-05-17,2013,45.0
2011-05-18,2013,45.0
2011-05-19,2013,45.0
2011-05-20,2013,45.0
2011-05-23,2013,45.0
2011-05-24,2013,45.0
2011-05-25,2013,45.0
2011-05-26,2013,45.0
2011-05-27,2013,45.0
2011-05-30,2013,45.0
2011-05-31,2013,45.0
2011-06-01,2013,45.0
2011-06-02,2013,45.0
2011-06-03,2013,45.0
2011-06-06,2013,45.0
2011-06-07,2013,45.0
2011-06-08,2013,45.0
2011-06-09,2013,45.0
2011-06-10,2013,45.0
2011-06-13,2013,45.0
2011-06-14,2013,45.0
2011-06-15,2013,45.0
2011-06-16,2013,45.0
2011-06-17,2013,45.0
2011-06-20,2013,45.0
2011-06-21,2013,45.0
2011-06-22,2013,45.0
2011-06-24,2013,45.0
2011-06-27,2013,45.0
2011-06-28,2013,45.0
2011-06-29,2013,45.0
2011-06-30,2013,45.0
2011-07-01,2013,45.0
2011-07-04,2013,45.0
2011-07-05,2013,45.0
2011-07-06,2013,45.0
2011-07-07,2013,45.0
2011-07-08,2013,45.0
2011-07-11,2013,45.0
2011-07-12,2013,45.0
2011-07-13,2013,45.0
2011-07-14,2013,45.0
2011-07-15,2013,45.0
2011-07-18,2013,45.0
2011-07-19,2013,45.0
2011-07-20,2013,45.0
2011-07-21,2013,45.0
2011-07-22,2013,45.0
2011-07-25,2013,45.0
2011-07-26,2013,45.0
2011-07-27,2013,45.0
2011-07-28,2013,45.0
2011-07-29,2013,45.0
2011-08-01,2013,45.0
2011-08-02,2013,45.0
2011-08-03,2013,45.0
2011-08-04,2013,45.0
2011-08-05,2013,45.0
2011-08-08,2013,45.0
2011-08-09,2013,45.0
2011-08-10,2013,45.0
2011-08-11,2013,45.0
2011-08-12,2013,45.0
2011-08-15,2013,45.0
2011-08-16,2013,45.0
2011-08-17,2013,45.0
2011-08-18,2013,45.0
2011-08-19,2013,45.0
2011-08-22,2013,45.0
2011-08-23,2013,45.0
2011-08-24,2013,45.0
2011-08-25,2013,45.0
2011-08-26,2013,45.0
2011-08-29,2013,45.0
2011-08-30,2013,45.0
2011-08-31,2013,45.0
2011-09-01,2013,45.0
2011-09-02,2013,45.0
2011-09-05,2013,45.0
2011-09-06,2013,45.0
2011-09-08,2013,45.0
2011-09-09,2013,45.0
2011-09-12,2013,45.0
2011-09-13,2013,45.0
2011-09-14,2013,45.0
2011-09-15,2013,45.0
2011-09-16,2013,45.0
2011-09-19,2013,45.0
2011-09-20,2013,45.0
2011-09-21,2013,45.0
2011-09-22,2013,45.0
2011-09-23,2013,45.0
2011-09-26,2013,45.0
2011-09-27,2013,45.0
2011-09-28,2013,45.0
2011-09-29,2013,45.0
2011-09-30,2013,45.0
2011-10-03,2013,45.0
2011-10-04,2013,45.0
2011-10-05,2013,45.0
2011-10-06,2013,45.0
2011-10-07,2013,45.0
2011-10-10,2013,45.0
2011-10-11,2013,45.0
2011-10-13,2013,45.0
2011-10-14,2013,45.0
2011-10-17,2013,45.0
2011-10-18,2013,45.0
2011-10-19,2013,45.0
2011-10-20,2013,45.0
2011-10-21,2013,45.0
2011-10-24,2013,45.0
2011-10-25,2013,45.0
2011-10-26,2013,45.0
2011-10-27,2013,45.0
2011-10-28,2013,45.0
2011-10-31,2013,45.0
2011-11-01,2013,45.0
2011-11-03,2013,45.0
2011-11-04,2013,45.0
2011-11-07,2013,45.0
2011-11-08,2013,45.0
2011-11-09,2013,47.5
2011-11-10,2013,45.0
2011-11-11,2013,45.0
2011-11-14,2013,47.5
2011-11-16,2013,45.0
2011-11-17,2013,45.0
2011-11-18,2013,45.0
2011-11-21,2013,50.0
2011-11-22,2013,50.0
2011-11-23,2013,50.0
2011-11-24,2013,50.0
2011-11-25,2013,50.0
2011-11-28,2013,50.0
2011-11-29,2013,50.0
2011-11-30,2013,50.0
2011-12-01,2013,52.5
2011-12-02,2013,52.5
2011-12-05,2013,56.5
2011-12-06,2013,56.5
2011-12-07,2013,52.5
2011-12-08,2013,52.5
2011-12-09,2013,52.5
2011-12-12,2013,52.5
2011-12-13,2013,52.5
2011-12-14,2013,54.6
2011-12-15,2013,54.6
2011-12-16,2013,54.6
2011-12-19,2013,55.0
2011-12-20,2013,55.0
2011-12-21,2013,55.0
2011-12-22,2013,55.0
2011-12-23,2013,55.0
2011-12-26,2013,55.0
2011-12-27,2013,55.0
2011-12-28,2013,55.0
2011-12-29,2013,55.0
2011-12-30,2013,55.0
2012-01-02,2013,55.0
2012-01-03,2013,55.0
2012-01-04,2013,55.0
2012-01-05,2013,55.0
2012-01-06,2013,55.0
2012-01-09,2013,55.0
2012-01-10,2013,55.0
2012-01-11,2013,55.0
2012-01-12,2013,55.0
2012-01-13,2013,54.6
2012-01-16,2013,53.0
2012-01-17,2013,53.0
2012-01-18,2013,54.0
2012-01-19,2013,53.0
2012-01-20,2013,54.0
2012-01-23,2013,54.0
2012-01-24,2013,54.0
2012-01-25,2013,54.0
2012-01-26,2013,51.5
2012-01-27,2013,55.0
2012-01-30,2013,55.0
2012-01-31,2013,55.0
2012-02-01,2013,55.0
2012-02-02,2013,55.0
2012-02-03,2013,55.0
2012-02-06,2013,55.0
2012-02-07,2013,55.0
2012-02-08,2013,55.0
2012-02-09,2013,55.0
2012-02-10,2013,55.0
2012-02-13,2013,55.0
2012-02-14,2013,55.0
2012-02-15,2013,55.0
2012-02-16,2013,55.0
2012-02-17,2013,55.0
2012-02-22,2013,53.5
2012-02-23,2013,55.0
2012-02-24,2013,55.0
2012-02-27,2013,54.6
2012-02-28,2013,57.71
2012-02-29,2013,57.71
2012-03-01,2013,56.35
2012-03-02,2013,57.71
2012-03-05,2013,57.71
2012-03-06,2013,57.71
2012-03-07,2013,57.71
2012-03-08,2013,57.71
2012-03-09,2013,58.35
2012-03-12,2013,59.0
2012-03-13,2013,59.0
2012-03-14,2013,59.0
2012-03-15,2013,59.0
2012-03-16,2013,58.35
2012-03-19,2013,59.0
2012-03-20,2013,57.71
2012-03-21,2013,55.0
2012-03-22,2013,55.0
2012-03-23,2013,55.0
2012-03-26,2013,56.35
2012-03-27,2013,56.35
2012-03-28,2013,56.35
2012-03-29,2013,55.0
2012-03-30,2013,55.0
2012-04-02,2013,55.0
2012-04-03,2013,55.7
2012-04-04,2013,56.4
2012-04-05,2013,56.4
2012-04-09,2013,58.35
2012-04-10,2013,57.05
2012-04-11,2013,57.05
2012-04-12,2013,57.71
2012-04-13,2013,56.4
2012-04-16,2013,57.71
2012-04-17,2013,57.05
2012-04-18,2013,56.4
2012-04-19,2013,56.4
2012-04-20,2013,56.4
2012-04-23,2013,57.05
2012-04-24,2013,57.05
2012-04-25,2013,57.05
2012-04-26,2013,55.7
2012-04-27,2013,55.7
2012-04-30,2013,56.35
2012-05-02,2013,56.4
2012-05-03,2013,56.4
2012-05-04,2013,56.4
2012-05-07,2013,55.0
2012-05-08,2013,56.4
2012-05-09,2013,55.7
2012-05-10,2013,55.7
2012-05-11,2013,57.05
2012-05-14,2013,57.05
2012-05-15,2013,57.05
2012-05-16,2013,57.05
2012-05-17,2013,57.05
2012-05-18,2013,58.35
2012-05-21,2013,58.35
2012-05-22,2013,58.35
2012-05-23,2013,58.35
2012-05-24,2013,57.71
2012-05-25,2013,58.35
2012-05-28,2013,59.4
2012-05-29,2013,59.4
2012-05-30,2013,59.4
2012-05-31,2013,59.0
2012-06-01,2013,59.0
2012-06-04,2013,58.35
2012-06-05,2013,58.35
2012-06-06,2013,57.71
2012-06-08,2013,59.4
2012-06-11,2013,60.0
2012-06-12,2013,59.7
2012-06-13,2013,59.7
2012-06-14,2013,59.4
2012-06-15,2013,60.0
2012-06-18,2013,59.0
2012-06-19,2013,59.0
2012-06-20,2013,59.0
2012-06-21,2013,59.0
2012-06-22,2013,59.0
2012-06-25,2013,57.7
2012-06-26,2013,57.7
2012-06-27,2013,58.6
2012-06-28,2013,59.0
2012-06-29,2013,59.0
2012-07-02,2013,59.0
2012-07-03,2013,59.0
2012-07-04,2013,58.6
2012-07-05,2013,59.0
2012-07-06,2013,59.5
2012-07-09,2013,59.5
2012-07-10,2013,59.0
2012-07-11,2013,59.0
2012-07-12,2013,59.5
2012-07-13,2013,59.5
2012-07-16,2013,59.0
2012-07-17,2013,59.0
2012-07-18,2013,59.0
2012-07-19,2013,59.5
2012-07-20,2013,59.5
2012-07-23,2013,59.5
2012-07-24,2013,59.5
2012-07-25,2013,59.01
2012-07-26,2013,59.01
2012-07-27,2013,59.02
2012-07-30,2013,60.0
2012-07-31,2013,60.0
2012-08-01,2013,60.0
2012-08-02,2013,60.0
2012-08-03,2013,60.0
2012-08-06,2013,60.0
2012-08-07,2013,60.0
2012-08-08,2013,60.0
2012-08-09,2013,60.0
2012-08-10,2013,60.0
2012-08-13,2013,60.0
2012-08-14,2013,60.0
2012-08-15,2013,60.0
2012-08-16,2013,60.0
2012-08-17,2013,60.0
2012-08-20,2013,59.02
2012-08-21,2013,59.0
2012-08-22,2013,59.0
2012-08-23,2013,57.0
2012-08-24,2013,59.0
2012-08-27,2013,58.0
2012-08-28,2013,58.0
2012-08-29,2013,59.0
2012-08-30,2013,59.0
2012-08-31,2013,59.01
2012-09-03,2013,58.0
2012-09-04,2013,58.0
2012-09-05,2013,58.0
2012-09-06,2013,58.0
2012-09-10,2013,58.5
2012-09-11,2013,58.5
2012-09-12,2013,58.5
2012-09-13,2013,58.5
2012-09-14,2013,58.0
2012-09-17,2013,59.0
2012-09-18,2013,59.0
2012-09-19,2013,59.0
2012-09-20,2013,59.01
2012-09-21,2013,59.02
2012-09-24,2013,60.0
2012-09-25,2013,60.0
2012-09-26,2013,60.0
2012-09-27,2013,60.0
2012-09-28,2013,60.0
2012-10-01,2013,60.0
2012-10-02,2013,60.0
2012-10-03,2013,60.0
2012-10-04,2013,60.0
2012-10-05,2013,60.0
2012-10-08,2013,60.0
2012-10-09,2013,60.0
2012-10-10,2013,60.0
2012-10-11,2013,60.0
2012-10-15,2013,60.0
2012-10-16,2013,60.0
2012-10-17,2013,60.0
2012-10-18,2013,60.0
2012-10-19,2013,60.0
2012-10-22,2013,60.0
2012-10-23,2013,60.0
2012-10-24,2013,60.0
2012-10-25,2013,60.0
2012-10-26,2013,60.0
2012-10-29,2013,60.0
2012-10-30,2013,60.0
2012-10-31,2013,60.0
2012-11-01,2013,60.0
2012-11-05,2013,60.0
2012-11-06,2013,60.0
2012-11-07,2013,60.0
2012-11-08,2013,60.0
2012-11-09,2013,60.0
2012-11-12,2013,60.0
2012-11-13,2013,60.0
2012-11-14,2013,60.0
2012-11-16,2013,60.0
2012-11-19,2013,60.0
2012-11-20,2013,60.0
2012-11-21,2013,60.0
2012-11-22,2013,58.65
2012-11-23,2013,59.0
2012-11-26,2013,59.5
2012-11-27,2013,59.5
2012-11-28,2013,59.5
2012-11-29,2013,59.5
2012-11-30,2013,59.5
2012-12-03,2013,60.0
2012-12-04,2013,60.0
2012-12-05,2013,60.0
2012-12-06,2013,59.5
2012-12-07,2013,60.0
2012-12-10,2013,60.0
2012-12-11,2013,60.0
2012-12-12,2013,60.0
2012-12-13,2013,60.0
2012-12-14,2013,60.0
2012-12-17,2013,60.0
2012-12-18,2013,60.0
2012-12-19,2013,60.0
2012-12-20,2013,60.0
2012-12-21,2013,60.0
2012-12-24,2013,60.0
2012-12-26,2013,60.0
2012-12-27,2013,60.0
2012-12-28,2013,60.0
2012-12-31,2013,60.0
2013-01-02,2013,60.0
2013-01-03,2013,60.0
2013-01-04,2013,60.0
2013-01-07,2013,60.0
2013-01-08,2013,60.0
2013-01-09,2013,60.0
2013-01-10,2013,60.0
2013-01-11,2013,60.0
2013-01-14,2013,60.0
2013-01-15,2013,60.0
2013-01-16,2013,60.0
2013-01-17,2013,60.0
2013-01-18,2013,60.0
2013-01-21,2013,60.0
2013-01-22,2013,60.0
2013-01-23,2013,60.0
2013-01-24,2013,60.0
2013-01-25,2013,60.0
2013-01-28,2013,60.0
2013-01-29,2013,60.0
2013-01-30,2013,60.0
2013-01-31,2013,60.0
2013-02-01,2013,60.0
2013-02-04,2013,60.0
2013-02-05,2013,60.0
2013-02-06,2013,60.0
2013-02-07,2013,60.0
2013-02-08,2013,60.0
2013-02-13,2013,60.0
2013-02-14,2013,60.0
2013-02-15,2013,60.0
2013-02-18,2013,60.0
2013-02-19,2013,60.0
2013-02-20,2013,60.0
2013-02-21,2013,60.0
2013-02-22,2013,60.0
2013-02-25,2013,60.0
2013-02-26,2013,60.0
2013-02-27,2013,60.0
2013-02-28,2013,60.0
2013-03-01,2013,60.0
2013-03-04,2013,60.0
2013-03-05,2013,60.0
2013-03-06,2013,60.0
2013-03-07,2013,60.0
2013-03-08,2013,60.0
2013-03-11,2013,60.0
2013-03-12,2013,60.0
2013-03-13,2013,60.0
2013-03-14,2013,60.0
2013-03-15,2013,60.0
2013-03-18,2013,60.0
2013-03-19,2013,60.0
2013-03-20,2013,60.0
2013-03-21,2013,60.0
2013-03-22,2013,60.0
2013-03-25,2013,60.0
2013-03-26,2013,60.0
2013-03-27,2013,60.0
2013-03-28,2013,60.0
2013-04-01,2013,60.0
2013-04-02,2013,60.0
2013-04-03,2013,60.0
2013-04-04,2013,60.0
2013-04-05,2013,60.0
2013-04-08,2013,60.0
2013-04-09,2013,60.0
2013-04-10,2013,60.0
2013-04-11,2013,60.0
2013-04-12,2013,60.0
2013-04-15,2013,60.0
2013-04-16,2013,60.0
2013-04-17,2013,60.0
2013-04-18,2013,60.0
2013-04-19,2013,60.0
2013-04-22,2013,60.0
2013-04-23,2013,60.0
2013-04-24,2013,60.0
2013-04-25,2013,60.0
2013-04-26,2013,60.0
2013-04-29,2013,60.0
2013-04-30,2013,60.0
2013-05-02,2013,60.0
2013-05-03,2013,60.0
2013-05-06,2013,60.0
2013-05-07,2013,60.0
2013-05-08,2013,60.0
2013-05-09,2013,60.0
2013-05-10,2013,60.0
2013-05-13,2013,60.0
2013-05-14,2013,60.0
2013-05-15,2013,60.0
2013-05-16,2013,60.0
2013-05-17,2013,60.0
2013-05-20,2013,60.0
2013-05-21,2013,60.0
2013-05-22,2013,60.0
2013-05-23,2013,60.0
2013-05-24,2013,60.0
2013-05-27,2013,60.0
2013-05-28,2013,60.0
2013-05-29,2013,60.0
2013-05-31,2013,60.0
2013-06-03,2013,60.0
2013-06-04,2013,60.0
2013-06-05,2013,60.0
2013-06-06,2013,60.0
2013-06-07,2013,60.0
2013-06-10,2013,60.0
2013-06-11,2013,60.0
2013-06-12,2013,60.0
2013-06-13,2013,60.0
2013-06-14,2013,60.0
2013-06-17,2013,60.0
2013-06-18,2013,60.0
2013-06-19,2013,60.0
2013-06-20,2013,60.0
2013-06-21,2013,60.0
2013-06-24,2013,60.0
2013-06-25,2013,60.0
2013-06-26,2013,60.0
2013-06-27,2013,60.0
2013-06-28,2013,60.0
2013-07-01,2013,60.0
2013-07-02,2013,60.0
2013-07-03,2013,60.0
2013-07-04,2013,60.0
2013-07-05,2013,60.0
2013-07-08,2013,60.0
2013-07-09,2013,60.0
2013-07-10,2013,60.0
2013-07-11,2013,60.0
2013-07-12,2013,60.0
2013-07-15,2013,60.0
2013-07-16,2013,60.0
2013-07-17,2013,60.0
2013-07-18,2013,60.0
2013-07-19,2013,60.0
2013-07-22,2013,60.0
2013-07-23,2013,60.0
2013-07-24,2013,60.0
2013-07-25,2013,60.0
2013-07-26,2013,60.0
2013-07-29,2013,60.0
2013-07-30,2013,60.0
2013-07-31,2013,60.0
2013-08-01,2013,60.0
2013-08-02,2013,60.0
2013-08-05,2013,60.0
2013-08-06,2013,60.0
2013-08-07,2013,60.0
2013-08-08,2013,60.0
2013-08-09,2013,60.0
2013-08-12,2013,60.0
2013-08-13,2013,60.0
2013-08-14,2013,60.0
2013-08-15,2013,60.0
2013-08-16,2013,60.0
2013-08-19,2013,60.0
2013-08-20,2013,60.0
2013-08-21,2013,60.0
2013-08-22,2013,60.0
2013-08-23,2013,60.0
2013-08-26,2013,60.0
2013-08-27,2013,60.0
2013-08-28,2013,60.0
2013-08-29,2013,60.0
2013-08-30,2013,60.0
2013-09-02,2013,60.0
2013-09-03,2013,60.0
2013-09-04,2013,60.0
2013-09-05,2013,60.0
2013-09-06,2013,60.0
2013-09-09,2013,60.0
2013-09-10,2013,60.0
2013-09-11,2013,60.0
2013-09-12,2013,60.0
2013-09-13,2013,60.0
2013-09-16,2013,60.0
2013-09-17,2013,60.0
2013-09-18,2013,60.0
2013-09-19,2013,60.0
2013-09-20,2013,60.0
2013-09-23,2013,60.0
2013-09-24,2013,60.0
2013-09-25,2013,60.0
2013-09-26,2013,60.0
2013-09-27,2013,60.0
2013-09-30,2013,60.0
2013-10-01,2013,60.0
2013-10-02,2013,60.0
2013-10-03,2013,60.0
2013-10-04,2013,60.0
2013-10-07,2013,60.0
2013-10-08,2013,60.0
2013-10-09,2013,60.0
2013-10-10,2013,60.0
2013-10-11,2013,60.0
2013-10-14,2013,60.0
2013-10-15,2013,60.0
2013-10-16,2013,60.0
2013-10-17,2013,60.0
2013-10-18,2013,60.0
2013-10-21,2013,60.0
2013-10-22,2013,60.0
2013-10-23,2013,60.0
2013-10-24,2013,60.0
2013-10-25,2013,60.0
2013-10-28,2013,60.0
2013-10-29,2013,60.0
2013-10-30,2013,60.0
2013-10-31,2013,60.0
2013-11-01,2013,60.0
2013-11-04,2013,60.0
2013-11-05,2013,60.0
2013-11-06,2013,60.0
2013-11-07,2013,60.0
2013-11-08,2013,60.0
2013-11-11,2013,60.0
2013-11-12,2013,60.0
2013-11-13,2013,60.0
2013-11-14,2013,60.0
2013-11-18,2013,60.0
2013-11-19,2013,60.0
2013-11-20,2013,60.0
2013-11-21,2013,60.0
2013-11-22,2013,60.0
2013-11-25,2013,60.0
2013-11-26,2013,60.0
2013-11-27,2013,60.0
2013-11-28,2013,60.0
2013-11-29,2013,60.0
2013-12-02,2013,60.0
2013-12-03,2013,60.0
2013-12-04,2013,60.0
2013-12-05,2013,60.0
2013-12-06,2013,60.0
2013-12-09,2013,60.0
2013-12-10,2013,60.0
2013-12-11,2013,60.0
2013-12-12,2013,60.0
2013-12-13,2013,60.0
2013-12-16,2013,60.0
2013-12-17,2013,60.0
2013-12-18,2013,60.0
2013-12-19,2013,60.0
2013-12-20,2013,60.0
2013-12-23,2013,60.0
2013-12-24,2013,60.0
2013-12-26,2013,60.0
2013-12-27,2013,60.0
2013-12-30,2013,60.0
2013-12-31,2013,60.0
2014-01-02,2013,60.0
2014-01-03,2013,60.0
2014-01-06,2013,60.0
2014-01-07,2013,60.0
2014-01-08,2013,60.0
2014-01-09,2013,60.0
2014-01-10,2013,60.0
2014-01-13,2013,60.0
2014-01-14,2013,60.0
2014-01-15,2013,60.0
2014-01-16,2013,60.0
2014-01-17,2013,60.0
2014-01-20,2013,60.05
2014-01-21,2013,60.1
2014-01-22,2013,60.1
2014-01-23,2013,60.05
2010-01-29,2014,35.0
2010-02-01,2014,35.0
2010-02-02,2014,35.0
2010-02-03,2014,38.97
2010-02-04,2014,36.0
2010-02-05,2014,35.5
2010-02-08,2014,35.5
2010-02-09,2014,35.5
2010-02-10,2014,35.5
2010-02-11,2014,35.5
2010-02-12,2014,36.0
2010-02-17,2014,36.0
2010-02-18,2014,36.0
2010-02-19,2014,36.0
2010-02-22,2014,36.0
2010-02-23,2014,36.0
2010-02-24,2014,36.0
2010-02-25,2014,36.0
2010-02-26,2014,39.47
2010-03-01,2014,39.47
2010-03-02,2014,39.47
2010-03-03,2014,39.47
2010-03-04,2014,40.0
2010-03-05,2014,40.0
2010-03-08,2014,40.0
2010-03-09,2014,40.0
2010-03-10,2014,40.0
2010-03-11,2014,40.0
2010-03-12,2014,40.0
2010-03-15,2014,40.0
2010-03-16,2014,40.0
2010-03-17,2014,40.0
2010-03-18,2014,40.0
2010-03-19,2014,40.0
2010-03-22,2014,40.0
2010-03-23,2014,40.0
2010-03-24,2014,40.0
2010-03-25,2014,40.0
2010-03-26,2014,40.0
2010-03-29,2014,40.0
2010-03-30,2014,40.0
2010-03-31,2014,40.0
2010-04-01,2014,40.0
2010-04-05,2014,40.0
2010-04-06,2014,40.0
2010-04-07,2014,40.0
2010-04-08,2014,40.0
2010-04-09,2014,40.0
2010-04-12,2014,40.0
2010-04-13,2014,40.0
2010-04-14,2014,40.0
2010-04-15,2014,40.0
2010-04-16,2014,40.0
2010-04-19,2014,40.0
2010-04-20,2014,40.0
2010-04-22,2014,40.0
2010-04-23,2014,40.0
2010-04-26,2014,40.0
2010-04-27,2014,40.0
2010-04-28,2014,40.0
2010-04-29,2014,40.0
2010-04-30,2014,40.0
2010-05-03,2014,41.0
2010-05-04,2014,41.0
2010-05-05,2014,41.0
2010-05-06,2014,41.0
2010-05-07,2014,41.0
2010-05-10,2014,41.89
2010-05-11,2014,41.89
2010-05-12,2014,41.89
2010-05-13,2014,42.78
2010-05-14,2014,42.78
2010-05-17,2014,42.78
2010-05-18,2014,42.78
2010-05-19,2014,42.78
2010-05-20,2014,45.0
2010-05-21,2014,45.0
2010-05-24,2014,44.0
2010-05-25,2014,44.0
2010-05-26,2014,44.0
2010-05-27,2014,45.0
2010-05-28,2014,45.0
2010-05-31,2014,44.0
2010-06-01,2014,44.0
2010-06-02,2014,44.0
2010-06-04,2014,44.0
2010-06-07,2014,43.0
2010-06-08,2014,43.0
2010-06-09,2014,43.0
2010-06-10,2014,43.0
2010-06-11,2014,43.0
2010-06-14,2014,43.0
2010-06-15,2014,43.0
2010-06-16,2014,43.0
2010-06-17,2014,43.0
2010-06-18,2014,43.0
2010-06-21,2014,43.0
2010-06-22,2014,43.0
2010-06-23,2014,43.0
2010-06-24,2014,41.0
2010-06-25,2014,41.0
2010-06-28,2014,41.0
2010-06-29,2014,41.0
2010-06-30,2014,41.0
2010-07-01,2014,41.0
2010-07-02,2014,41.0
2010-07-05,2014,43.0
2010-07-06,2014,43.0
2010-07-07,2014,43.0
2010-07-08,2014,43.0
2010-07-09,2014,43.0
2010-07-12,2014,45.0
2010-07-13,2014,45.0
2010-07-14,2014,45.0
2010-07-15,2014,45.0
2010-07-16,2014,43.0
2010-07-19,2014,41.0
2010-07-20,2014,41.0
2010-07-21,2014,41.0
2010-07-22,2014,41.0
2010-07-23,2014,41.0
2010-07-26,2014,40.0
2010-07-27,2014,40.0
2010-07-28,2014,40.0
2010-07-29,2014,40.0
2010-07-30,2014,42.5
2010-08-02,2014,42.5
2010-08-03,2014,42.5
2010-08-04,2014,42.5
2010-08-05,2014,42.5
2010-08-06,2014,40.0
2010-08-09,2014,40.0
2010-08-10,2014,40.0
2010-08-11,2014,40.0
2010-08-12,2014,40.0
2010-08-13,2014,40.0
2010-08-16,2014,40.0
2010-08-17,2014,40.0
2010-08-18,2014,40.0
2010-08-19,2014,40.93
2010-08-20,2014,40.93
2010-08-23,2014,40.93
2010-08-24,2014,40.93
2010-08-25,2014,40.93
2010-08-26,2014,41.85
2010-08-27,2014,41.85
2010-08-30,2014,41.85
2010-08-31,2014,41.85
2010-09-01,2014,41.85
2010-09-02,2014,42.3
2010-09-03,2014,42.75
2010-09-06,2014,41.85
2010-09-08,2014,41.85
2010-09-09,2014,41.85
2010-09-10,2014,42.3
2010-09-13,2014,41.85
2010-09-14,2014,40.93
2010-09-15,2014,41.85
2010-09-16,2014,41.85
2010-09-17,2014,41.85
2010-09-20,2014,41.38
2010-09-21,2014,41.38
2010-09-22,2014,41.38
2010-09-23,2014,41.38
2010-09-24,2014,41.38
2010-09-27,2014,41.38
2010-09-28,2014,41.38
2010-09-29,2014,41.38
2010-09-30,2014,40.0
2010-10-01,2014,41.1
2010-10-04,2014,41.1
2010-10-05,2014,41.1
2010-10-06,2014,41.1
2010-10-07,2014,41.1
2010-10-08,2014,41.1
2010-10-11,2014,41.1
2010-10-13,2014,41.1
2010-10-14,2014,42.2
2010-10-15,2014,42.2
2010-10-18,2014,42.2
2010-10-19,2014,41.1
2010-10-20,2014,41.1
2010-10-21,2014,41.1
2010-10-22,2014,41.1
2010-10-25,2014,41.1
2010-10-26,2014,41.1
2010-10-27,2014,41.1
2010-10-28,2014,41.1
2010-10-29,2014,41.1
2010-11-01,2014,40.0
2010-11-03,2014,41.1
2010-11-04,2014,41.1
2010-11-05,2014,41.1
2010-11-08,2014,40.0
2010-11-09,2014,40.0
2010-11-10,2014,40.0
2010-11-11,2014,40.0
2010-11-12,2014,40.0
2010-11-16,2014,42.2
2010-11-17,2014,42.2
2010-11-18,2014,41.1
2010-11-19,2014,40.0
2010-11-22,2014,41.1
2010-11-23,2014,41.1
2010-11-24,2014,41.1
2010-11-25,2014,41.1
2010-11-26,2014,41.1
2010-11-29,2014,41.1
2010-11-30,2014,41.1
2010-12-01,2014,41.1
2010-12-02,2014,41.1
2010-12-03,2014,43.6
2010-12-06,2014,45.0
2010-12-07,2014,45.0
2010-12-08,2014,45.0
2010-12-09,2014,45.0
2010-12-10,2014,45.0
2010-12-13,2014,45.0
2010-12-14,2014,43.6
2010-12-15,2014,43.6
2010-12-16,2014,43.6
2010-12-17,2014,43.6
2010-12-20,2014,42.2
2010-12-21,2014,42.2
2010-12-22,2014,42.2
2010-12-23,2014,41.1
2010-12-24,2014,41.1
2010-12-27,2014,43.6
2010-12-28,2014,43.6
2010-12-29,2014,43.6
2010-12-30,2014,43.6
2010-12-31,2014,43.6
2011-01-03,2014,43.6
2011-01-04,2014,43.6
2011-01-05,2014,43.6
2011-01-06,2014,43.6
2011-01-07,2014,43.6
2011-01-10,2014,45.0
2011-01-11,2014,45.0
2011-01-12,2014,43.6
2011-01-13,2014,43.6
2011-01-14,2014,44.7
2011-01-17,2014,44.7
2011-01-18,2014,44.7
2011-01-19,2014,44.7
2011-01-20,2014,44.7
2011-01-21,2014,44.4
2011-01-24,2014,44.7
2011-01-25,2014,44.7
2011-01-26,2014,44.7
2011-01-27,2014,44.7
2011-01-28,2014,44.7
2011-01-31,2014,44.7
2011-02-01,2014,44.7
2011-02-02,2014,44.7
2011-02-03,2014,44.7
2011-02-04,2014,45.0
2011-02-07,2014,45.0
2011-02-08,2014,45.0
2011-02-09,2014,45.0
2011-02-10,2014,45.0
2011-02-11,2014,45.0
2011-02-14,2014,45.0
2011-02-15,2014,45.0
2011-02-16,2014,45.0
2011-02-17,2014,45.0
2011-02-18,2014,45.0
2011-02-21,2014,45.0
2011-02-22,2014,45.0
2011-02-23,2014,45.0
2011-02-24,2014,45.0
2011-02-25,2014,45.0
2011-02-28,2014,45.0
2011-03-01,2014,45.0
2011-03-02,2014,45.0
2011-03-03,2014,45.0
2011-03-04,2014,45.0
2011-03-09,2014,45.0
2011-03-10,2014,45.0
2011-03-11,2014,45.0
2011-03-14,2014,45.0
2011-03-15,2014,45.0
2011-03-16,2014,45.0
2011-03-17,2014,45.0
2011-03-18,2014,45.0
2011-03-21,2014,45.0
2011-03-22,2014,45.0
2011-03-23,2014,45.0
2011-03-24,2014,45.0
2011-03-25,2014,45.0
2011-03-28,2014,45.0
2011-03-29,2014,45.0
2011-03-30,2014,45.0
2011-03-31,2014,45.0
2011-04-01,2014,45.0
2011-04-04,2014,45.0
2011-04-05,2014,45.0
2011-04-06,2014,45.0
2011-04-07,2014,45.0
2011-04-08,2014,45.0
2011-04-11,2014,45.0
2011-04-12,2014,45.0
2011-04-13,2014,45.0
2011-04-14,2014,45.0
2011-04-15,2014,45.0
2011-04-18,2014,45.0
2011-04-19,2014,45.0
2011-04-20,2014,45.0
2011-04-25,2014,45.0
2011-04-26,2014,45.0
2011-04-27,2014,45.0
2011-04-28,2014,46.15
2011-04-29,2014,46.15
2011-05-02,2014,46.15
2011-05-03,2014,46.15
2011-05-04,2014,46.15
2011-05-05,2014,46.15
2011-05-06,2014,46.15
2011-05-09,2014,45.0
2011-05-10,2014,45.0
2011-05-11,2014,45.0
2011-05-12,2014,45.0
2011-05-13,2014,45.0
2011-05-16,2014,45.0
2011-05-17,2014,45.0
2011-05-18,2014,45.0
2011-05-19,2014,45.0
2011-05-20,2014,45.0
2011-05-23,2014,45.0
2011-05-24,2014,45.0
2011-05-25,2014,45.0
2011-05-26,2014,45.0
2011-05-27,2014,45.0
2011-05-30,2014,45.0
2011-05-31,2014,45.0
2011-06-01,2014,45.0
2011-06-02,2014,45.0
2011-06-03,2014,45.0
2011-06-06,2014,45.0
2011-06-07,2014,45.0
2011-06-08,2014,45.0
2011-06-09,2014,45.0
2011-06-10,2014,45.0
2011-06-13,2014,45.0
2011-06-14,2014,45.0
2011-06-15,2014,45.0
2011-06-16,2014,45.0
2011-06-17,2014,45.0
2011-06-20,2014,45.0
2011-06-21,2014,45.0
2011-06-22,2014,45.0
2011-06-24,2014,45.0
2011-06-27,2014,45.0
2011-06-28,2014,45.0
2011-06-29,2014,45.0
2011-06-30,2014,45.0
2011-07-01,2014,45.0
2011-07-04,2014,45.0
2011-07-05,2014,45.0
2011-07-06,2014,45.0
2011-07-07,2014,45.0
2011-07-08,2014,45.0
2011-07-11,2014,45.0
2011-07-12,2014,45.0
2011-07-13,2014,45.0
2011-07-14,2014,45.0
2011-07-15,2014,45.0
2011-07-18,2014,45.0
2011-07-19,2014,45.0
2011-07-20,2014,45.0
2011-07-21,2014,45.0
2011-07-22,2014,45.0
2011-07-25,2014,45.0
2011-07-26,2014,45.0
2011-07-27,2014,45.0
2011-07-28,2014,45.0
2011-07-29,2014,45.0
2011-08-01,2014,45.0
2011-08-02,2014,45.0
2011-08-03,2014,45.0
2011-08-04,2014,45.0
2011-08-05,2014,45.0
2011-08-08,2014,45.0
2011-08-09,2014,45.0
2011-08-10,2014,45.0
2011-08-11,2014,45.0
2011-08-12,2014,45.0
2011-08-15,2014,45.0
2011-08-16,2014,45.0
2011-08-17,2014,45.0
2011-08-18,2014,45.0
2011-08-19,2014,45.0
2011-08-22,2014,45.0
2011-08-23,2014,45.0
2011-08-24,2014,45.0
2011-08-25,2014,45.0
2011-08-26,2014,45.0
2011-08-29,2014,45.0
2011-08-30,2014,45.0
2011-08-31,2014,45.0
2011-09-01,2014,45.0
2011-09-02,2014,45.0
2011-09-05,2014,45.0
2011-09-06,2014,45.0
2011-09-08,2014,45.0
2011-09-09,2014,45.0
2011-09-12,2014,45.0
2011-09-13,2014,45.0
2011-09-14,2014,45.0
2011-09-15,2014,45.0
2011-09-16,2014,45.0
2011-09-19,2014,45.0
2011-09-20,2014,45.0
2011-09-21,2014,45.0
2011-09-22,2014,45.0
2011-09-23,2014,45.0
2011-09-26,2014,45.0
2011-09-27,2014,45.0
2011-09-28,2014,45.0
2011-09-29,2014,45.0
2011-09-30,2014,45.0
2011-10-03,2014,45.0
2011-10-04,2014,45.0
2011-10-05,2014,45.0
2011-10-06,2014,45.0
2011-10-07,2014,45.0
2011-10-10,2014,45.0
2011-10-11,2014,45.0
2011-10-13,2014,45.0
2011-10-14,2014,45.0
2011-10-17,2014,45.0
2011-10-18,2014,45.0
2011-10-19,2014,45.0
2011-10-20,2014,45.0
2011-10-21,2014,45.0
2011-10-24,2014,45.0
2011-10-25,2014,45.0
2011-10-26,2014,45.0
2011-10-27,2014,45.0
2011-10-28,2014,45.0
2011-10-31,2014,45.0
2011-11-01,2014,45.0
2011-11-03,2014,45.0
2011-11-04,2014,45.0
2011-11-07,2014,45.0
2011-11-08,2014,45.0
2011-11-09,2014,45.0
2011-11-10,2014,45.0
2011-11-11,2014,45.0
2011-11-14,2014,45.0
2011-11-16,2014,45.0
2011-11-17,2014,45.0
2011-11-18,2014,45.0
2011-11-21,2014,50.0
2011-11-22,2014,50.0
2011-11-23,2014,50.0
2011-11-24,2014,50.0
2011-11-25,2014,50.0
2011-11-28,2014,50.0
2011-11-29,2014,50.0
2011-11-30,2014,50.0
2011-12-01,2014,50.0
2011-12-02,2014,50.0
2011-12-05,2014,50.0
2011-12-06,2014,50.0
2011-12-07,2014,50.0
2011-12-08,2014,50.0
2011-12-09,2014,50.0
2011-12-12,2014,50.0
2011-12-13,2014,50.0
2011-12-14,2014,50.0
2011-12-15,2014,50.0
2011-12-16,2014,50.0
2011-12-19,2014,50.0
2011-12-20,2014,50.0
2011-12-21,2014,50.0
2011-12-22,2014,50.0
2011-12-23,2014,50.0
2011-12-26,2014,50.0
2011-12-27,2014,50.0
2011-12-28,2014,50.0
2011-12-29,2014,50.0
2011-12-30,2014,50.0
2012-01-02,2014,50.0
2012-01-03,2014,50.0
2012-01-04,2014,50.0
2012-01-05,2014,50.0
2012-01-06,2014,50.0
2012-01-09,2014,50.0
2012-01-10,2014,50.0
2012-01-11,2014,50.0
2012-01-12,2014,50.0
2012-01-13,2014,50.0
2012-01-16,2014,50.0
2012-01-17,2014,50.0
2012-01-18,2014,50.0
2012-01-19,2014,50.0
2012-01-20,2014,50.0
2012-01-23,2014,50.0
2012-01-24,2014,50.0
2012-01-25,2014,50.0
2012-01-26,2014,50.0
2012-01-27,2014,50.0
2012-01-30,2014,50.0
2012-01-31,2014,50.0
2012-02-01,2014,50.0
2012-02-02,2014,50.0
2012-02-03,2014,50.0
2012-02-06,2014,50.0
2012-02-07,2014,50.0
2012-02-08,2014,50.0
2012-02-09,2014,50.0
2012-02-10,2014,50.0
2012-02-13,2014,50.0
2012-02-14,2014,50.0
2012-02-15,2014,50.0
2012-02-16,2014,50.0
2012-02-17,2014,50.0
2012-02-22,2014,50.0
2012-02-23,2014,50.0
2012-02-24,2014,50.0
2012-02-27,2014,50.0
2012-02-28,2014,50.0
2012-02-29,2014,50.0
2012-03-01,2014,50.0
2012-03-02,2014,50.0
2012-03-05,2014,50.0
2012-03-06,2014,50.0
2012-03-07,2014,50.0
2012-03-08,2014,50.0
2012-03-09,2014,50.0
2012-03-12,2014,50.0
2012-03-13,2014,50.0
2012-03-14,2014,50.0
2012-03-15,2014,50.0
2012-03-16,2014,52.5
2012-03-19,2014,55.0
2012-03-20,2014,55.0
2012-03-21,2014,55.0
2012-03-22,2014,55.0
2012-03-23,2014,55.0
2012-03-26,2014,57.5
2012-03-27,2014,57.5
2012-03-28,2014,57.5
2012-03-29,2014,57.5
2012-03-30,2014,55.0
2012-04-02,2014,55.4
2012-04-03,2014,55.4
2012-04-04,2014,55.4
2012-04-05,2014,55.4
2012-04-09,2014,60.0
2012-04-10,2014,60.0
2012-04-11,2014,60.0
2012-04-12,2014,60.0
2012-04-13,2014,57.9
2012-04-16,2014,60.0
2012-04-17,2014,57.9
2012-04-18,2014,57.9
2012-04-19,2014,57.9
2012-04-20,2014,55.8
2012-04-23,2014,55.8
2012-04-24,2014,55.8
2012-04-25,2014,55.8
2012-04-26,2014,55.0
2012-04-27,2014,55.0
2012-04-30,2014,55.0
2012-05-02,2014,55.4
2012-05-03,2014,55.4
2012-05-04,2014,55.8
2012-05-07,2014,57.9
2012-05-08,2014,60.0
2012-05-09,2014,60.0
2012-05-10,2014,60.0
2012-05-11,2014,57.9
2012-05-14,2014,57.9
2012-05-15,2014,57.9
2012-05-16,2014,57.9
2012-05-17,2014,57.9
2012-05-18,2014,57.9
2012-05-21,2014,57.9
2012-05-22,2014,57.9
2012-05-23,2014,57.9
2012-05-24,2014,55.8
2012-05-25,2014,55.8
2012-05-28,2014,60.0
2012-05-29,2014,60.0
2012-05-30,2014,60.0
2012-05-31,2014,55.8
2012-06-01,2014,55.8
2012-06-04,2014,55.4
2012-06-05,2014,55.4
2012-06-06,2014,55.4
2012-06-08,2014,60.0
2012-06-11,2014,60.0
2012-06-12,2014,60.0
2012-06-13,2014,60.0
2012-06-14,2014,60.0
2012-06-15,2014,60.0
2012-06-18,2014,60.0
2012-06-19,2014,60.0
2012-06-20,2014,60.0
2012-06-21,2014,60.0
2012-06-22,2014,60.0
2012-06-25,2014,60.0
2012-06-26,2014,60.0
2012-06-27,2014,60.0
2012-06-28,2014,60.0
2012-06-29,2014,60.0
2012-07-02,2014,60.0
2012-07-03,2014,60.0
2012-07-04,2014,60.0
2012-07-05,2014,60.0
2012-07-06,2014,60.0
2012-07-09,2014,59.9
2012-07-10,2014,59.8
2012-07-11,2014,59.8
2012-07-12,2014,59.9
2012-07-13,2014,59.9
2012-07-16,2014,59.8
2012-07-17,2014,59.8
2012-07-18,2014,59.8
2012-07-19,2014,59.9
2012-07-20,2014,59.9
2012-07-23,2014,59.8
2012-07-24,2014,59.8
2012-07-25,2014,59.8
2012-07-26,2014,59.8
2012-07-27,2014,60.0
2012-07-30,2014,60.0
2012-07-31,2014,60.0
2012-08-01,2014,57.5
2012-08-02,2014,57.5
2012-08-03,2014,55.0
2012-08-06,2014,60.0
2012-08-07,2014,60.0
2012-08-08,2014,60.0
2012-08-09,2014,60.0
2012-08-10,2014,60.0
2012-08-13,2014,60.0
2012-08-14,2014,60.0
2012-08-15,2014,60.0
2012-08-16,2014,60.0
2012-08-17,2014,60.0
2012-08-20,2014,60.0
2012-08-21,2014,60.0
2012-08-22,2014,60.0
2012-08-23,2014,60.0
2012-08-24,2014,60.0
2012-08-27,2014,60.0
2012-08-28,2014,60.0
2012-08-29,2014,60.0
2012-08-30,2014,60.0
2012-08-31,2014,60.0
2012-09-03,2014,60.0
2012-09-04,2014,60.0
2012-09-05,2014,60.0
2012-09-06,2014,60.0
2012-09-10,2014,60.0
2012-09-11,2014,60.0
2012-09-12,2014,60.0
2012-09-13,2014,60.0
2012-09-14,2014,60.0
2012-09-17,2014,60.0
2012-09-18,2014,60.0
2012-09-19,2014,60.0
2012-09-20,2014,60.0
2012-09-21,2014,60.0
2012-09-24,2014,60.0
2012-09-25,2014,60.0
2012-09-26,2014,60.0
2012-09-27,2014,60.0
2012-09-28,2014,60.0
2012-10-01,2014,60.0
2012-10-02,2014,60.0
2012-10-03,2014,60.0
2012-10-04,2014,60.0
2012-10-05,2014,60.0
2012-10-08,2014,60.0
2012-10-09,2014,60.0
2012-10-10,2014,60.0
2012-10-11,2014,60.0
2012-10-15,2014,60.0
2012-10-16,2014,60.0
2012-10-17,2014,60.0
2012-10-18,2014,60.0
2012-10-19,2014,60.0
2012-10-22,2014,60.0
2012-10-23,2014,60.0
2012-10-24,2014,60.0
2012-10-25,2014,60.0
2012-10-26,2014,60.0
2012-10-29,2014,60.0
2012-10-30,2014,60.0
2012-10-31,2014,60.0
2012-11-01,2014,60.0
2012-11-05,2014,60.0
2012-11-06,2014,60.0
2012-11-07,2014,60.0
2012-11-08,2014,60.0
2012-11-09,2014,60.0
2012-11-12,2014,60.0
2012-11-13,2014,60.5
2012-11-14,2014,60.0
2012-11-16,2014,60.0
2012-11-19,2014,60.0
2012-11-20,2014,60.0
2012-11-21,2014,60.0
2012-11-22,2014,60.0
2012-11-23,2014,60.0
2012-11-26,2014,60.0
2012-11-27,2014,60.0
2012-11-28,2014,60.0
2012-11-29,2014,60.0
2012-11-30,2014,60.0
2012-12-03,2014,60.0
2012-12-04,2014,60.0
2012-12-05,2014,60.0
2012-12-06,2014,60.0
2012-12-07,2014,60.0
2012-12-10,2014,60.0
2012-12-11,2014,60.0
2012-12-12,2014,60.0
2012-12-13,2014,60.0
2012-12-14,2014,60.0
2012-12-17,2014,60.0
2012-12-18,2014,60.0
2012-12-19,2014,60.0
2012-12-20,2014,60.0
2012-12-21,2014,60.0
2012-12-24,2014,60.0
2012-12-26,2014,60.0
2012-12-27,2014,60.0
2012-12-28,2014,60.0
2012-12-31,2014,60.0
2013-01-02,2014,60.0
2013-01-03,2014,60.0
2013-01-04,2014,60.0
2013-01-07,2014,60.0
2013-01-08,2014,60.0
2013-01-09,2014,60.0
2013-01-10,2014,60.0
2013-01-11,2014,60.0
2013-01-14,2014,60.0
2013-01-15,2014,60.0
2013-01-16,2014,60.0
2013-01-17,2014,60.0
2013-01-18,2014,60.0
2013-01-21,2014,60.0
2013-01-22,2014,60.0
2013-01-23,2014,60.0
2013-01-24,2014,60.0
2013-01-25,2014,60.0
2013-01-28,2014,60.0
2013-01-29,2014,60.0
2013-01-30,2014,60.0
2013-01-31,2014,60.0
2013-02-01,2014,60.0
2013-02-04,2014,60.0
2013-02-05,2014,60.0
2013-02-06,2014,60.0
2013-02-07,2014,60.0
2013-02-08,2014,60.0
2013-02-13,2014,60.0
2013-02-14,2014,60.0
2013-02-15,2014,60.0
2013-02-18,2014,60.0
2013-02-19,2014,60.0
2013-02-20,2014,60.0
2013-02-21,2014,60.0
2013-02-22,2014,60.0
2013-02-25,2014,60.0
2013-02-26,2014,60.0
2013-02-27,2014,60.0
2013-02-28,2014,60.0
2013-03-01,2014,60.0
2013-03-04,2014,60.0
2013-03-05,2014,60.0
2013-03-06,2014,60.0
2013-03-07,2014,60.0
2013-03-08,2014,60.0
2013-03-11,2014,60.0
2013-03-12,2014,60.0
2013-03-13,2014,60.0
2013-03-14,2014,60.0
2013-03-15,2014,60.0
2013-03-18,2014,60.0
2013-03-19,2014,60.0
2013-03-20,2014,60.0
2013-03-21,2014,60.0
2013-03-22,2014,60.0
2013-03-25,2014,60.0
2013-03-26,2014,60.0
2013-03-27,2014,60.0
2013-03-28,2014,60.0
2013-04-01,2014,60.0
2013-04-02,2014,60.0
2013-04-03,2014,60.0
2013-04-04,2014,60.0
2013-04-05,2014,60.0
2013-04-08,2014,60.0
2013-04-09,2014,60.0
2013-04-10,2014,60.0
2013-04-11,2014,60.0
2013-04-12,2014,60.0
2013-04-15,2014,60.0
2013-04-16,2014,60.0
2013-04-17,2014,60.0
2013-04-18,2014,60.0
2013-04-19,2014,60.0
2013-04-22,2014,60.0
2013-04-23,2014,60.0
2013-04-24,2014,60.0
2013-04-25,2014,60.0
2013-04-26,2014,60.0
2013-04-29,2014,60.0
2013-04-30,2014,60.0
2013-05-02,2014,60.0
2013-05-03,2014,60.0
2013-05-06,2014,60.0
2013-05-07,2014,60.0
2013-05-08,2014,60.0
2013-05-09,2014,60.0
2013-05-10,2014,60.0
2013-05-13,2014,60.0
2013-05-14,2014,60.0
2013-05-15,2014,60.0
2013-05-16,2014,60.0
2013-05-17,2014,60.0
2013-05-20,2014,60.0
2013-05-21,2014,60.0
2013-05-22,2014,60.0
2013-05-23,2014,60.0
2013-05-24,2014,60.0
2013-05-27,2014,60.0
2013-05-28,2014,60.0
2013-05-29,2014,60.0
2013-05-31,2014,60.0
2013-06-03,2014,60.0
2013-06-04,2014,60.0
2013-06-05,2014,60.0
2013-06-06,2014,60.0
2013-06-07,2014,60.0
2013-06-10,2014,60.0
2013-06-11,2014,60.0
2013-06-12,2014,60.0
2013-06-13,2014,60.0
2013-06-14,2014,60.0
2013-06-17,2014,60.0
2013-06-18,2014,60.0
2013-06-19,2014,60.0
2013-06-20,2014,60.0
2013-06-21,2014,60.0
2013-06-24,2014,60.15
2013-06-25,2014,60.15
2013-06-26,2014,60.0
2013-06-27,2014,60.0
2013-06-28,2014,60.0
2013-07-01,2014,60.0
2013-07-02,2014,60.0
2013-07-03,2014,60.0
2013-07-04,2014,60.0
2013-07-05,2014,60.0
2013-07-08,2014,60.0
2013-07-09,2014,60.0
2013-07-10,2014,60.0
2013-07-11,2014,60.0
2013-07-12,2014,60.0
2013-07-15,2014,60.0
2013-07-16,2014,60.0
2013-07-17,2014,60.0
2013-07-18,2014,60.0
2013-07-19,2014,60.0
2013-07-22,2014,60.0
2013-07-23,2014,60.0
2013-07-24,2014,60.0
2013-07-25,2014,60.0
2013-07-26,2014,60.0
2013-07-29,2014,60.0
2013-07-30,2014,59.6
2013-07-31,2014,59.6
2013-08-01,2014,60.0
2013-08-02,2014,60.0
2013-08-05,2014,60.0
2013-08-06,2014,60.0
2013-08-07,2014,60.0
2013-08-08,2014,60.0
2013-08-09,2014,60.0
2013-08-12,2014,59.6
2013-08-13,2014,60.0
2013-08-14,2014,60.0
2013-08-15,2014,60.0
2013-08-16,2014,60.0
2013-08-19,2014,60.0
2013-08-20,2014,60.0
2013-08-21,2014,60.0
2013-08-22,2014,60.0
2013-08-23,2014,60.0
2013-08-26,2014,60.0
2013-08-27,2014,60.0
2013-08-28,2014,60.0
2013-08-29,2014,60.0
2013-08-30,2014,60.0
2013-09-02,2014,60.0
2013-09-03,2014,60.0
2013-09-04,2014,60.0
2013-09-05,2014,60.0
2013-09-06,2014,60.0
2013-09-09,2014,60.0
2013-09-10,2014,60.0
2013-09-11,2014,60.0
2013-09-12,2014,60.0
2013-09-13,2014,60.0
2013-09-16,2014,59.3
2013-09-17,2014,60.0
2013-09-18,2014,60.0
2013-09-19,2014,60.0
2013-09-20,2014,60.0
2013-09-23,2014,60.0
2013-09-24,2014,60.0
2013-09-25,2014,60.0
2013-09-26,2014,60.0
2013-09-27,2014,60.0
2013-09-30,2014,60.0
2013-10-01,2014,60.0
2013-10-02,2014,60.0
2013-10-03,2014,60.0
2013-10-04,2014,60.0
2013-10-07,2014,60.0
2013-10-08,2014,60.0
2013-10-09,2014,60.0
2013-10-10,2014,60.0
2013-10-11,2014,60.0
2013-10-14,2014,60.0
2013-10-15,2014,60.0
2013-10-16,2014,60.0
2013-10-17,2014,60.0
2013-10-18,2014,60.0
2013-10-21,2014,60.0
2013-10-22,2014,60.0
2013-10-23,2014,60.0
2013-10-24,2014,60.0
2013-10-25,2014,60.0
2013-10-28,2014,60.0
2013-10-29,2014,60.0
2013-10-30,2014,60.0
2013-10-31,2014,60.0
2013-11-01,2014,60.0
2013-11-04,2014,60.0
2013-11-05,2014,60.0
2013-11-06,2014,60.0
2013-11-07,2014,60.0
2013-11-08,2014,60.0
2013-11-11,2014,60.0
2013-11-12,2014,60.0
2013-11-13,2014,60.0
2013-11-14,2014,60.0
2013-11-18,2014,60.0
2013-11-19,2014,60.0
2013-11-20,2014,60.0
2013-11-21,2014,60.0
2013-11-22,2014,60.0
2013-11-25,2014,60.0
2013-11-26,2014,60.0
2013-11-27,2014,60.0
2013-11-28,2014,60.0
2013-11-29,2014,60.0
2013-12-02,2014,60.0
2013-12-03,2014,60.0
2013-12-04,2014,60.0
2013-12-05,2014,60.0
2013-12-06,2014,60.0
2013-12-09,2014,60.0
2013-12-10,2014,60.0
2013-12-11,2014,60.0
2013-12-12,2014,60.0
2013-12-13,2014,60.0
2013-12-16,2014,60.0
2013-12-17,2014,60.0
2013-12-18,2014,60.0
2013-12-19,2014,60.0
2013-12-20,2014,60.0
2013-12-23,2014,60.0
2013-12-24,2014,60.0
2013-12-26,2014,60.0
2013-12-27,2014,60.0
2013-12-30,2014,60.0
2013-12-31,2014,60.0
2014-01-02,2014,60.0
2014-01-03,2014,60.0
2014-01-06,2014,60.0
2014-01-07,2014,60.0
2014-01-08,2014,60.0
2014-01-09,2014,60.0
2014-01-10,2014,60.0
2014-01-13,2014,60.0
2014-01-14,2014,60.0
2014-01-15,2014,60.0
2014-01-16,2014,58.0
2014-01-17,2014,60.0
2014-01-20,2014,58.5
2014-01-21,2014,58.0
2014-01-22,2014,60.0
2014-01-23,2014,57.5
2014-01-24,2014,57.5
2014-01-27,2014,59.0
2014-01-28,2014,59.0
2014-01-29,2014,58.0
2014-01-30,2014,57.5
2014-01-31,2014,58.0
2014-02-03,2014,59.0
2014-02-04,2014,59.0
2014-02-05,2014,59.0
2014-02-06,2014,58.0
2014-02-07,2014,57.5
2014-02-10,2014,57.5
2014-02-11,2014,56.0
2014-02-12,2014,55.7
2014-02-13,2014,56.0
2014-02-14,2014,58.0
2014-02-17,2014,58.8
2014-02-18,2014,59.6
2014-02-19,2014,58.8
2014-02-20,2014,58.8
2014-02-21,2014,58.8
2014-02-24,2014,58.0
2014-02-25,2014,58.0
2014-02-26,2014,58.0
2014-02-27,2014,58.0
2014-02-28,2014,58.0
2014-03-05,2014,58.0
2014-03-06,2014,58.0
2014-03-07,2014,58.0
2014-03-10,2014,58.0
2014-03-11,2014,58.0
2014-03-12,2014,58.0
2014-03-13,2014,58.8
2014-03-14,2014,58.8
2014-03-17,2014,55.4
2014-03-18,2014,55.7
2014-03-19,2014,55.7
2014-03-20,2014,55.7
2014-03-21,2014,55.4
2014-03-24,2014,57.0
2014-03-25,2014,57.0
2014-03-26,2014,58.0
2014-03-27,2014,58.0
2014-03-28,2014,59.0
2014-03-31,2014,60.0
2014-04-01,2014,60.0
2014-04-02,2014,60.0
2014-04-03,2014,60.0
2014-04-04,2014,60.0
2014-04-07,2014,60.0
2014-04-08,2014,60.0
2014-04-09,2014,60.0
2014-04-10,2014,60.0
2014-04-11,2014,60.0
2014-04-14,2014,60.0
2014-04-15,2014,60.0
2014-04-16,2014,60.0
2014-04-17,2014,60.0
2014-04-22,2014,60.0
2014-04-23,2014,60.0
2014-04-24,2014,60.0
2014-04-25,2014,60.0
2014-04-28,2014,60.0
2014-04-29,2014,60.0
2014-04-30,2014,60.0
2014-05-02,2014,60.0
2014-05-05,2014,60.0
2014-05-06,2014,60.0
2014-05-07,2014,60.0
2014-05-08,2014,60.0
2014-05-09,2014,60.0
2014-05-12,2014,60.0
2014-05-13,2014,60.0
2014-05-14,2014,60.0
2014-05-15,2014,60.0
2014-05-16,2014,60.0
2014-05-19,2014,60.0
2014-05-20,2014,60.0
2014-05-21,2014,60.0
2014-05-22,2014,60.0
2014-05-23,2014,60.0
2014-05-26,2014,60.0
2014-05-27,2014,60.0
2014-05-28,2014,60.0
2014-05-29,2014,60.0
2014-05-30,2014,60.0
2014-06-02,2014,60.0
2014-06-03,2014,60.0
2014-06-04,2014,60.0
2014-06-05,2014,60.0
2014-06-06,2014,60.0
2014-06-09,2014,60.0
2014-06-10,2014,60.0
2014-06-11,2014,60.0
2014-06-12,2014,60.0
2014-06-13,2014,60.0
2014-06-16,2014,60.0
2014-06-17,2014,60.0
2014-06-18,2014,60.0
2014-06-20,2014,60.0
2014-06-23,2014,60.0
2014-06-24,2014,60.0
2014-06-25,2014,60.0
2014-06-26,2014,60.0
2014-06-27,2014,60.0
2014-06-30,2014,60.0
2014-07-01,2014,60.0
2014-07-02,2014,60.0
2014-07-03,2014,60.0
2014-07-04,2014,60.0
2014-07-07,2014,60.0
2014-07-08,2014,60.0
2014-07-09,2014,60.0
2014-07-10,2014,60.0
2014-07-11,2014,60.0
2014-07-14,2014,60.0
2014-07-15,2014,60.0
2014-07-16,2014,60.0
2014-07-17,2014,60.0
2014-07-18,2014,60.0
2014-07-21,2014,60.0
2014-07-22,2014,60.0
2014-07-23,2014,60.0
2014-07-24,2014,60.0
2014-07-25,2014,60.0
2014-07-28,2014,60.0
2014-07-29,2014,60.0
2014-07-30,2014,60.0
2014-07-31,2014,60.0
2014-08-01,2014,60.0
2014-08-04,2014,60.0
2014-08-05,2014,60.0
2014-08-06,2014,60.0
2014-08-07,2014,60.0
2014-08-08,2014,60.0
2014-08-11,2014,60.0
2014-08-12,2014,60.0
2014-08-13,2014,60.0
2014-08-14,2014,60.0
2014-08-15,2014,60.0
2014-08-18,2014,60.0
2014-08-19,2014,60.0
2014-08-20,2014,60.0
2014-08-21,2014,60.0
2014-08-22,2014,60.0
2014-08-25,2014,60.0
2014-08-26,2014,60.0
2014-08-27,2014,60.0
2014-08-28,2014,60.0
2014-08-29,2014,60.0
2014-09-01,2014,60.0
2014-09-02,2014,60.0
2014-09-03,2014,60.0
2014-09-04,2014,60.0
2014-09-05,2014,60.0
2014-09-08,2014,60.0
2014-09-09,2014,60.0
2014-09-10,2014,60.0
2014-09-11,2014,60.0
2014-09-12,2014,60.0
2014-09-15,2014,60.0
2014-09-16,2014,60.0
2014-09-17,2014,60.0
2014-09-18,2014,60.0
2014-09-19,2014,60.0
2014-09-22,2014,60.0
2014-09-23,2014,60.0
2014-09-24,2014,60.0
2014-09-25,2014,60.0
2014-09-26,2014,60.0
2014-09-29,2014,60.0
2014-09-30,2014,60.0
2014-10-01,2014,60.0
2014-10-02,2014,60.0
2014-10-03,2014,60.0
2014-10-06,2014,60.0
2014-10-07,2014,60.0
2014-10-08,2014,60.0
2014-10-09,2014,60.0
2014-10-10,2014,60.0
2014-10-13,2014,60.0
2014-10-14,2014,60.0
2014-10-15,2014,60.0
2014-10-16,2014,60.0
2014-10-17,2014,60.0
2014-10-20,2014,60.0
2014-10-21,2014,60.0
2014-10-22,2014,60.0
2014-10-23,2014,60.0
2014-10-24,2014,60.0
2014-10-27,2014,60.0
2014-10-28,2014,60.0
2014-10-29,2014,60.0
2014-10-30,2014,60.0
2014-10-31,2014,60.0
2014-11-03,2014,60.0
2014-11-04,2014,60.0
2014-11-05,2014,60.0
2014-11-06,2014,60.0
2014-11-07,2014,60.0
2014-11-10,2014,60.0
2014-11-11,2014,60.0
2014-11-12,2014,60.0
2014-11-13,2014,60.0
2014-11-14,2014,60.0
2014-11-17,2014,60.0
2014-11-18,2014,60.0
2014-11-19,2014,60.0
2014-11-20,2014,60.0
2014-11-21,2014,60.0
2014-11-24,2014,60.0
2014-11-25,2014,60.0
2014-11-26,2014,60.0
2014-11-27,2014,60.0
2014-11-28,2014,60.0
2014-12-01,2014,60.0
2014-12-02,2014,60.0
2014-12-03,2014,60.0
2014-12-04,2014,60.0
2014-12-05,2014,60.0
2014-12-08,2014,60.0
2014-12-09,2014,60.0
2014-12-10,2014,60.0
2014-12-11,2014,60.0
2014-12-12,2014,60.0
2014-12-15,2014,60.0
2014-12-16,2014,60.0
2014-12-17,2014,60.0
2014-12-18,2014,60.0
2014-12-19,2014,60.0
2014-12-22,2014,60.0
2014-12-23,2014,60.0
2014-12-24,2014,60.0
2014-12-26,2014,60.0
2014-12-29,2014,60.0
2014-12-30,2014,60.0
2014-12-31,2014,60.0
2015-01-02,2014,60.0
2015-01-05,2014,60.6
2015-01-06,2014,60.6
2015-01-07,2014,60.3
2015-01-08,2014,60.0
2015-01-09,2014,60.0
2015-01-12,2014,60.0
2015-01-13,2014,60.0
2015-01-14,2014,60.0
2015-01-15,2014,60.0
2015-01-16,2014,60.0
2015-01-19,2014,60.0
2015-01-20,2014,60.0
2015-01-21,2014,60.0
2015-01-22,2014,60.0
2011-01-28,2015,38.0
2011-01-31,2015,40.0
2011-02-01,2015,40.0
2011-02-02,2015,40.0
2011-02-03,2015,40.0
2011-02-04,2015,43.5
2011-02-07,2015,43.5
2011-02-08,2015,45.0
2011-02-09,2015,43.5
2011-02-10,2015,43.5
2011-02-11,2015,43.5
2011-02-14,2015,45.0
2011-02-15,2015,43.9
2011-02-16,2015,42.8
2011-02-17,2015,42.8
2011-02-18,2015,43.9
2011-02-21,2015,43.9
2011-02-22,2015,43.9
2011-02-23,2015,42.8
2011-02-24,2015,43.9
2011-02-25,2015,43.9
2011-02-28,2015,43.9
2011-03-01,2015,43.9
2011-03-02,2015,43.9
2011-03-03,2015,43.9
2011-03-04,2015,43.9
2011-03-09,2015,43.9
2011-03-10,2015,43.9
2011-03-11,2015,42.8
2011-03-14,2015,42.8
2011-03-15,2015,42.8
2011-03-16,2015,43.9
2011-03-17,2015,42.8
2011-03-18,2015,43.5
2011-03-21,2015,43.5
2011-03-22,2015,43.5
2011-03-23,2015,43.5
2011-03-24,2015,43.5
2011-03-25,2015,43.5
2011-03-28,2015,43.0
2011-03-29,2015,43.0
2011-03-30,2015,44.0
2011-03-31,2015,44.0
2011-04-01,2015,44.0
2011-04-04,2015,43.0
2011-04-05,2015,44.0
2011-04-06,2015,44.0
2011-04-07,2015,44.0
2011-04-08,2015,45.0
2011-04-11,2015,45.0
2011-04-12,2015,45.0
2011-04-13,2015,45.0
2011-04-14,2015,45.0
2011-04-15,2015,45.0
2011-04-18,2015,45.0
2011-04-19,2015,45.0
2011-04-20,2015,45.0
2011-04-25,2015,44.5
2011-04-26,2015,45.0
2011-04-27,2015,45.0
2011-04-28,2015,45.0
2011-04-29,2015,45.0
2011-05-02,2015,45.0
2011-05-03,2015,45.0
2011-05-04,2015,45.0
2011-05-05,2015,45.0
2011-05-06,2015,45.0
2011-05-09,2015,45.0
2011-05-10,2015,45.0
2011-05-11,2015,44.5
2011-05-12,2015,44.5
2011-05-13,2015,44.5
2011-05-16,2015,44.5
2011-05-17,2015,44.5
2011-05-18,2015,44.5
2011-05-19,2015,44.5
2011-05-20,2015,45.0
2011-05-23,2015,45.0
2011-05-24,2015,45.0
2011-05-25,2015,45.0
2011-05-26,2015,45.0
2011-05-27,2015,45.0
2011-05-30,2015,45.0
2011-05-31,2015,45.0
2011-06-01,2015,45.0
2011-06-02,2015,45.0
2011-06-03,2015,45.0
2011-06-06,2015,45.0
2011-06-07,2015,45.0
2011-06-08,2015,45.0
2011-06-09,2015,45.0
2011-06-10,2015,45.0
2011-06-13,2015,45.0
2011-06-14,2015,45.0
2011-06-15,2015,45.0
2011-06-16,2015,45.0
2011-06-17,2015,45.0
2011-06-20,2015,45.0
2011-06-21,2015,45.0
2011-06-22,2015,45.0
2011-06-24,2015,45.0
2011-06-27,2015,45.0
2011-06-28,2015,45.0
2011-06-29,2015,45.0
2011-06-30,2015,45.0
2011-07-01,2015,45.0
2011-07-04,2015,45.0
2011-07-05,2015,45.0
2011-07-06,2015,45.0
2011-07-07,2015,45.0
2011-07-08,2015,45.0
2011-07-11,2015,45.0
2011-07-12,2015,45.0
2011-07-13,2015,45.0
2011-07-14,2015,45.0
2011-07-15,2015,45.0
2011-07-18,2015,45.0
2011-07-19,2015,45.0
2011-07-20,2015,45.0
2011-07-21,2015,45.0
2011-07-22,2015,45.0
2011-07-25,2015,45.0
2011-07-26,2015,45.0
2011-07-27,2015,45.0
2011-07-28,2015,45.0
2011-07-29,2015,45.0
2011-08-01,2015,45.0
2011-08-02,2015,45.0
2011-08-03,2015,45.0
2011-08-04,2015,45.0
2011-08-05,2015,45.0
2011-08-08,2015,45.0
2011-08-09,2015,45.0
2011-08-10,2015,45.0
2011-08-11,2015,45.0
2011-08-12,2015,45.0
2011-08-15,2015,45.0
2011-08-16,2015,45.0
2011-08-17,2015,45.0
2011-08-18,2015,45.0
2011-08-19,2015,45.0
2011-08-22,2015,45.0
2011-08-23,2015,45.0
2011-08-24,2015,45.0
2011-08-25,2015,45.0
2011-08-26,2015,45.0
2011-08-29,2015,45.0
2011-08-30,2015,45.0
2011-08-31,2015,45.0
2011-09-01,2015,45.0
2011-09-02,2015,45.0
2011-09-05,2015,45.0
2011-09-06,2015,45.0
2011-09-08,2015,45.0
2011-09-09,2015,45.0
2011-09-12,2015,45.0
2011-09-13,2015,45.0
2011-09-14,2015,45.0
2011-09-15,2015,45.0
2011-09-16,2015,45.0
2011-09-19,2015,45.0
2011-09-20,2015,45.0
2011-09-21,2015,45.0
2011-09-22,2015,45.0
2011-09-23,2015,45.0
2011-09-26,2015,45.0
2011-09-27,2015,45.0
2011-09-28,2015,45.0
2011-09-29,2015,45.0
2011-09-30,2015,45.0
2011-10-03,2015,45.0
2011-10-04,2015,45.0
2011-10-05,2015,45.0
2011-10-06,2015,45.0
2011-10-07,2015,45.0
2011-10-10,2015,45.0
2011-10-11,2015,45.0
2011-10-13,2015,45.0
2011-10-14,2015,45.0
2011-10-17,2015,45.0
2011-10-18,2015,45.0
2011-10-19,2015,45.0
2011-10-20,2015,45.0
2011-10-21,2015,45.0
2011-10-24,2015,44.4
2011-10-25,2015,44.4
2011-10-26,2015,44.7
2011-10-27,2015,45.0
2011-10-28,2015,45.0
2011-10-31,2015,45.0
2011-11-01,2015,45.0
2011-11-03,2015,45.0
2011-11-04,2015,45.0
2011-11-07,2015,45.0
2011-11-08,2015,45.0
2011-11-09,2015,45.0
2011-11-10,2015,45.0
2011-11-11,2015,45.0
2011-11-14,2015,45.0
2011-11-16,2015,45.0
2011-11-17,2015,45.0
2011-11-18,2015,45.0
2011-11-21,2015,47.5
2011-11-22,2015,47.5
2011-11-23,2015,47.5
2011-11-24,2015,47.5
2011-11-25,2015,47.5
2011-11-28,2015,47.5
2011-11-29,2015,50.0
2011-11-30,2015,50.0
2011-12-01,2015,50.0
2011-12-02,2015,50.0
2011-12-05,2015,50.0
2011-12-06,2015,50.0
2011-12-07,2015,50.0
2011-12-08,2015,50.0
2011-12-09,2015,50.0
2011-12-12,2015,50.0
2011-12-13,2015,50.0
2011-12-14,2015,50.0
2011-12-15,2015,50.0
2011-12-16,2015,50.0
2011-12-19,2015,50.0
2011-12-20,2015,50.0
2011-12-21,2015,50.0
2011-12-22,2015,50.0
2011-12-23,2015,50.0
2011-12-26,2015,52.5
2011-12-27,2015,52.5
2011-12-28,2015,52.5
2011-12-29,2015,50.0
2011-12-30,2015,50.0
2012-01-02,2015,52.5
2012-01-03,2015,52.5
2012-01-04,2015,50.0
2012-01-05,2015,50.0
2012-01-06,2015,50.0
2012-01-09,2015,52.5
2012-01-10,2015,50.0
2012-01-11,2015,50.0
2012-01-12,2015,50.0
2012-01-13,2015,50.0
2012-01-16,2015,50.0
2012-01-17,2015,50.0
2012-01-18,2015,50.0
2012-01-19,2015,50.0
2012-01-20,2015,50.0
2012-01-23,2015,50.0
2012-01-24,2015,50.0
2012-01-25,2015,50.0
2012-01-26,2015,50.0
2012-01-27,2015,50.0
2012-01-30,2015,50.0
2012-01-31,2015,50.0
2012-02-01,2015,50.0
2012-02-02,2015,50.0
2012-02-03,2015,50.0
2012-02-06,2015,50.0
2012-02-07,2015,50.0
2012-02-08,2015,50.0
2012-02-09,2015,50.0
2012-02-10,2015,50.0
2012-02-13,2015,52.5
2012-02-14,2015,52.5
2012-02-15,2015,52.5
2012-02-16,2015,50.0
2012-02-17,2015,50.0
2012-02-22,2015,50.0
2012-02-23,2015,50.0
2012-02-24,2015,50.0
2012-02-27,2015,50.0
2012-02-28,2015,50.0
2012-02-29,2015,50.0
2012-03-01,2015,50.0
2012-03-02,2015,50.0
2012-03-05,2015,50.0
2012-03-06,2015,50.0
2012-03-07,2015,50.0
2012-03-08,2015,50.0
2012-03-09,2015,50.0
2012-03-12,2015,50.0
2012-03-13,2015,50.0
2012-03-14,2015,50.0
2012-03-15,2015,50.0
2012-03-16,2015,50.0
2012-03-19,2015,55.0
2012-03-20,2015,55.0
2012-03-21,2015,55.0
2012-03-22,2015,55.0
2012-03-23,2015,55.0
2012-03-26,2015,55.0
2012-03-27,2015,55.0
2012-03-28,2015,55.0
2012-03-29,2015,55.0
2012-03-30,2015,55.0
2012-04-02,2015,55.0
2012-04-03,2015,55.0
2012-04-04,2015,55.0
2012-04-05,2015,55.0
2012-04-09,2015,57.6
2012-04-10,2015,57.6
2012-04-11,2015,57.6
2012-04-12,2015,60.0
2012-04-13,2015,57.6
2012-04-16,2015,60.0
2012-04-17,2015,55.2
2012-04-18,2015,55.2
2012-04-19,2015,55.2
2012-04-20,2015,55.1
2012-04-23,2015,55.1
2012-04-24,2015,55.1
2012-04-25,2015,55.1
2012-04-26,2015,55.0
2012-04-27,2015,55.0
2012-04-30,2015,55.0
2012-05-02,2015,55.0
2012-05-03,2015,55.0
2012-05-04,2015,55.1
2012-05-07,2015,55.0
2012-05-08,2015,55.1
2012-05-09,2015,55.1
2012-05-10,2015,55.2
2012-05-11,2015,55.2
2012-05-14,2015,55.2
2012-05-15,2015,55.2
2012-05-16,2015,55.2
2012-05-17,2015,55.2
2012-05-18,2015,55.95
2012-05-21,2015,55.95
2012-05-22,2015,55.95
2012-05-23,2015,55.95
2012-05-24,2015,55.2
2012-05-25,2015,55.2
2012-05-28,2015,56.7
2012-05-29,2015,56.7
2012-05-30,2015,56.7
2012-05-31,2015,55.2
2012-06-01,2015,55.2
2012-06-04,2015,55.1
2012-06-05,2015,55.1
2012-06-06,2015,55.1
2012-06-08,2015,56.7
2012-06-11,2015,56.7
2012-06-12,2015,56.7
2012-06-13,2015,56.7
2012-06-14,2015,55.2
2012-06-15,2015,55.1
2012-06-18,2015,55.1
2012-06-19,2015,55.1
2012-06-20,2015,55.2
2012-06-21,2015,55.2
2012-06-22,2015,55.2
2012-06-25,2015,55.2
2012-06-26,2015,55.2
2012-06-27,2015,55.2
2012-06-28,2015,55.2
2012-06-29,2015,55.2
2012-07-02,2015,55.2
2012-07-03,2015,55.2
2012-07-04,2015,55.2
2012-07-05,2015,55.1
2012-07-06,2015,55.1
2012-07-09,2015,55.0
2012-07-10,2015,55.0
2012-07-11,2015,55.0
2012-07-12,2015,55.0
2012-07-13,2015,55.0
2012-07-16,2015,55.0
2012-07-17,2015,55.0
2012-07-18,2015,55.0
2012-07-19,2015,55.0
2012-07-20,2015,55.0
2012-07-23,2015,55.0
2012-07-24,2015,55.0
2012-07-25,2015,55.0
2012-07-26,2015,55.0
2012-07-27,2015,55.0
2012-07-30,2015,55.0
2012-07-31,2015,55.0
2012-08-01,2015,52.5
2012-08-02,2015,52.5
2012-08-03,2015,55.0
2012-08-06,2015,57.5
2012-08-07,2015,55.0
2012-08-08,2015,55.0
2012-08-09,2015,57.5
2012-08-10,2015,55.0
2012-08-13,2015,57.5
2012-08-14,2015,57.5
2012-08-15,2015,57.5
2012-08-16,2015,57.5
2012-08-17,2015,57.5
2012-08-20,2015,57.5
2012-08-21,2015,57.5
2012-08-22,2015,57.5
2012-08-23,2015,57.5
2012-08-24,2015,57.5
2012-08-27,2015,57.5
2012-08-28,2015,57.5
2012-08-29,2015,60.0
2012-08-30,2015,60.0
2012-08-31,2015,60.0
2012-09-03,2015,60.0
2012-09-04,2015,60.0
2012-09-05,2015,60.0
2012-09-06,2015,60.0
2012-09-10,2015,60.0
2012-09-11,2015,60.0
2012-09-12,2015,60.0
2012-09-13,2015,60.0
2012-09-14,2015,60.0
2012-09-17,2015,60.0
2012-09-18,2015,60.0
2012-09-19,2015,60.0
2012-09-20,2015,60.0
2012-09-21,2015,60.0
2012-09-24,2015,60.0
2012-09-25,2015,60.0
2012-09-26,2015,60.0
2012-09-27,2015,60.0
2012-09-28,2015,60.0
2012-10-01,2015,57.5
2012-10-02,2015,57.5
2012-10-03,2015,60.0
2012-10-04,2015,60.0
2012-10-05,2015,60.0
2012-10-08,2015,60.0
2012-10-09,2015,60.0
2012-10-10,2015,60.0
2012-10-11,2015,60.0
2012-10-15,2015,60.0
2012-10-16,2015,60.0
2012-10-17,2015,60.0
2012-10-18,2015,60.0
2012-10-19,2015,60.0
2012-10-22,2015,60.0
2012-10-23,2015,60.0
2012-10-24,2015,60.0
2012-10-25,2015,60.0
2012-10-26,2015,60.0
2012-10-29,2015,60.0
2012-10-30,2015,60.0
2012-10-31,2015,60.0
2012-11-01,2015,60.0
2012-11-05,2015,60.0
2012-11-06,2015,57.5
2012-11-07,2015,57.5
2012-11-08,2015,57.5
2012-11-09,2015,57.5
2012-11-12,2015,60.0
2012-11-13,2015,60.0
2012-11-14,2015,60.0
2012-11-16,2015,60.0
2012-11-19,2015,60.0
2012-11-20,2015,60.0
2012-11-21,2015,60.0
2012-11-22,2015,60.0
2012-11-23,2015,60.0
2012-11-26,2015,60.0
2012-11-27,2015,60.0
2012-11-28,2015,60.0
2012-11-29,2015,60.0
2012-11-30,2015,60.0
2012-12-03,2015,60.0
2012-12-04,2015,60.0
2012-12-05,2015,60.0
2012-12-06,2015,57.5
2012-12-07,2015,60.0
2012-12-10,2015,60.0
2012-12-11,2015,60.0
2012-12-12,2015,60.0
2012-12-13,2015,60.0
2012-12-14,2015,60.0
2012-12-17,2015,55.0
2012-12-18,2015,55.0
2012-12-19,2015,55.0
2012-12-20,2015,57.5
2012-12-21,2015,57.5
2012-12-24,2015,60.0
2012-12-26,2015,60.0
2012-12-27,2015,60.0
2012-12-28,2015,60.0
2012-12-31,2015,60.0
2013-01-02,2015,60.0
2013-01-03,2015,60.0
2013-01-04,2015,60.0
2013-01-07,2015,60.0
2013-01-08,2015,60.0
2013-01-09,2015,60.0
2013-01-10,2015,60.0
2013-01-11,2015,60.0
2013-01-14,2015,60.0
2013-01-15,2015,60.0
2013-01-16,2015,60.0
2013-01-17,2015,60.0
2013-01-18,2015,60.0
2013-01-21,2015,57.5
2013-01-22,2015,60.0
2013-01-23,2015,60.0
2013-01-24,2015,60.0
2013-01-25,2015,60.0
2013-01-28,2015,55.0
2013-01-29,2015,60.0
2013-01-30,2015,60.0
2013-01-31,2015,60.0
2013-02-01,2015,60.0
2013-02-04,2015,60.0
2013-02-05,2015,60.0
2013-02-06,2015,60.0
2013-02-07,2015,60.0
2013-02-08,2015,60.0
2013-02-13,2015,60.0
2013-02-14,2015,60.0
2013-02-15,2015,60.0
2013-02-18,2015,60.0
2013-02-19,2015,60.0
2013-02-20,2015,60.0
2013-02-21,2015,60.0
2013-02-22,2015,60.0
2013-02-25,2015,60.0
2013-02-26,2015,60.0
2013-02-27,2015,60.0
2013-02-28,2015,60.0
2013-03-01,2015,60.0
2013-03-04,2015,60.0
2013-03-05,2015,60.0
2013-03-06,2015,60.0
2013-03-07,2015,60.0
2013-03-08,2015,60.0
2013-03-11,2015,60.0
2013-03-12,2015,60.0
2013-03-13,2015,60.0
2013-03-14,2015,60.0
2013-03-15,2015,60.0
2013-03-18,2015,60.0
2013-03-19,2015,60.0
2013-03-20,2015,60.0
2013-03-21,2015,60.0
2013-03-22,2015,60.0
2013-03-25,2015,60.0
2013-03-26,2015,60.0
2013-03-27,2015,60.0
2013-03-28,2015,60.0
2013-04-01,2015,60.0
2013-04-02,2015,60.0
2013-04-03,2015,60.0
2013-04-04,2015,60.0
2013-04-05,2015,60.0
2013-04-08,2015,60.0
2013-04-09,2015,60.0
2013-04-10,2015,60.0
2013-04-11,2015,60.0
2013-04-12,2015,60.0
2013-04-15,2015,60.0
2013-04-16,2015,60.0
2013-04-17,2015,60.0
2013-04-18,2015,60.0
2013-04-19,2015,60.0
2013-04-22,2015,60.0
2013-04-23,2015,60.0
2013-04-24,2015,60.0
2013-04-25,2015,60.0
2013-04-26,2015,60.0
2013-04-29,2015,60.0
2013-04-30,2015,60.0
2013-05-02,2015,59.8
2013-05-03,2015,59.8
2013-05-06,2015,60.0
2013-05-07,2015,60.0
2013-05-08,2015,60.0
2013-05-09,2015,60.0
2013-05-10,2015,59.6
2013-05-13,2015,57.8
2013-05-14,2015,57.8
2013-05-15,2015,58.9
2013-05-16,2015,57.8
2013-05-17,2015,58.7
2013-05-20,2015,59.6
2013-05-21,2015,58.8
2013-05-22,2015,58.8
2013-05-23,2015,58.8
2013-05-24,2015,58.8
2013-05-27,2015,59.8
2013-05-28,2015,59.8
2013-05-29,2015,59.8
2013-05-31,2015,59.8
2013-06-03,2015,59.8
2013-06-04,2015,59.6
2013-06-05,2015,59.6
2013-06-06,2015,59.6
2013-06-07,2015,60.0
2013-06-10,2015,60.0
2013-06-11,2015,59.8
2013-06-12,2015,59.8
2013-06-13,2015,60.0
2013-06-14,2015,60.0
2013-06-17,2015,60.0
2013-06-18,2015,60.0
2013-06-19,2015,60.0
2013-06-20,2015,60.0
2013-06-21,2015,60.0
2013-06-24,2015,60.5
2013-06-25,2015,60.5
2013-06-26,2015,60.5
2013-06-27,2015,60.0
2013-06-28,2015,60.0
2013-07-01,2015,60.0
2013-07-02,2015,60.0
2013-07-03,2015,60.0
2013-07-04,2015,60.0
2013-07-05,2015,60.0
2013-07-08,2015,60.0
2013-07-09,2015,60.0
2013-07-10,2015,60.0
2013-07-11,2015,60.0
2013-07-12,2015,60.0
2013-07-15,2015,60.0
2013-07-16,2015,59.0
2013-07-17,2015,59.0
2013-07-18,2015,59.0
2013-07-19,2015,59.0
2013-07-22,2015,60.0
2013-07-23,2015,60.0
2013-07-24,2015,60.0
2013-07-25,2015,59.0
2013-07-26,2015,59.0
2013-07-29,2015,58.0
2013-07-30,2015,58.0
2013-07-31,2015,58.0
2013-08-01,2015,58.0
2013-08-02,2015,58.0
2013-08-05,2015,59.0
2013-08-06,2015,58.0
2013-08-07,2015,58.0
2013-08-08,2015,58.0
2013-08-09,2015,58.0
2013-08-12,2015,58.0
2013-08-13,2015,58.0
2013-08-14,2015,58.0
2013-08-15,2015,58.0
2013-08-16,2015,58.0
2013-08-19,2015,58.0
2013-08-20,2015,58.0
2013-08-21,2015,59.0
2013-08-22,2015,59.0
2013-08-23,2015,60.0
2013-08-26,2015,60.0
2013-08-27,2015,60.0
2013-08-28,2015,60.0
2013-08-29,2015,59.0
2013-08-30,2015,59.0
2013-09-02,2015,59.0
2013-09-03,2015,59.0
2013-09-04,2015,59.0
2013-09-05,2015,59.0
2013-09-06,2015,60.0
2013-09-09,2015,60.0
2013-09-10,2015,60.0
2013-09-11,2015,60.0
2013-09-12,2015,60.0
2013-09-13,2015,60.0
2013-09-16,2015,60.0
2013-09-17,2015,59.0
2013-09-18,2015,59.0
2013-09-19,2015,59.0
2013-09-20,2015,57.5
2013-09-23,2015,57.0
2013-09-24,2015,57.0
2013-09-25,2015,57.0
2013-09-26,2015,56.5
2013-09-27,2015,56.5
2013-09-30,2015,58.0
2013-10-01,2015,58.0
2013-10-02,2015,59.0
2013-10-03,2015,59.0
2013-10-04,2015,59.0
2013-10-07,2015,59.0
2013-10-08,2015,60.0
2013-10-09,2015,60.0
2013-10-10,2015,60.0
2013-10-11,2015,60.0
2013-10-14,2015,60.0
2013-10-15,2015,60.0
2013-10-16,2015,60.0
2013-10-17,2015,60.0
2013-10-18,2015,60.0
2013-10-21,2015,60.0
2013-10-22,2015,59.0
2013-10-23,2015,59.0
2013-10-24,2015,59.0
2013-10-25,2015,59.0
2013-10-28,2015,59.0
2013-10-29,2015,59.0
2013-10-30,2015,59.0
2013-10-31,2015,58.0
2013-11-01,2015,58.0
2013-11-04,2015,56.5
2013-11-05,2015,58.0
2013-11-06,2015,59.0
2013-11-07,2015,58.0
2013-11-08,2015,59.0
2013-11-11,2015,58.0
2013-11-12,2015,58.0
2013-11-13,2015,59.0
2013-11-14,2015,59.0
2013-11-18,2015,60.0
2013-11-19,2015,60.0
2013-11-20,2015,60.0
2013-11-21,2015,60.0
2013-11-22,2015,60.0
2013-11-25,2015,60.0
2013-11-26,2015,60.0
2013-11-27,2015,60.0
2013-11-28,2015,60.0
2013-11-29,2015,60.0
2013-12-02,2015,60.0
2013-12-03,2015,60.0
2013-12-04,2015,60.0
2013-12-05,2015,60.0
2013-12-06,2015,60.0
2013-12-09,2015,58.0
2013-12-10,2015,59.0
2013-12-11,2015,59.0
2013-12-12,2015,60.0
2013-12-13,2015,59.0
2013-12-16,2015,58.0
2013-12-17,2015,58.0
2013-12-18,2015,59.0
2013-12-19,2015,59.0
2013-12-20,2015,59.0
2013-12-23,2015,59.0
2013-12-24,2015,59.0
2013-12-26,2015,59.0
2013-12-27,2015,60.0
2013-12-30,2015,60.0
2013-12-31,2015,60.0
2014-01-02,2015,60.0
2014-01-03,2015,60.0
2014-01-06,2015,60.0
2014-01-07,2015,60.0
2014-01-08,2015,60.0
2014-01-09,2015,60.0
2014-01-10,2015,59.0
2014-01-13,2015,60.0
2014-01-14,2015,60.0
2014-01-15,2015,60.0
2014-01-16,2015,59.0
2014-01-17,2015,60.0
2014-01-20,2015,59.0
2014-01-21,2015,59.0
2014-01-22,2015,60.0
2014-01-23,2015,60.0
2014-01-24,2015,60.0
2014-01-27,2015,60.0
2014-01-28,2015,60.0
2014-01-29,2015,60.0
2014-01-30,2015,59.0
2014-01-31,2015,60.0
2014-02-03,2015,59.0
2014-02-04,2015,59.0
2014-02-05,2015,59.0
2014-02-06,2015,58.0
2014-02-07,2015,58.0
2014-02-10,2015,58.0
2014-02-11,2015,55.0
2014-02-12,2015,55.0
2014-02-13,2015,57.3
2014-02-14,2015,57.3
2014-02-17,2015,57.3
2014-02-18,2015,59.6
2014-02-19,2015,57.3
2014-02-20,2015,57.3
2014-02-21,2015,57.3
2014-02-24,2015,55.0
2014-02-25,2015,55.0
2014-02-26,2015,55.0
2014-02-27,2015,55.0
2014-02-28,2015,55.0
2014-03-05,2015,55.0
2014-03-06,2015,55.0
2014-03-07,2015,55.0
2014-03-10,2015,55.0
2014-03-11,2015,55.0
2014-03-12,2015,55.0
2014-03-13,2015,55.0
2014-03-14,2015,55.0
2014-03-17,2015,55.0
2014-03-18,2015,55.0
2014-03-19,2015,55.0
2014-03-20,2015,55.0
2014-03-21,2015,55.0
2014-03-24,2015,55.0
2014-03-25,2015,55.0
2014-03-26,2015,55.0
2014-03-27,2015,55.0
2014-03-28,2015,55.0
2014-03-31,2015,55.0
2014-04-01,2015,55.0
2014-04-02,2015,55.0
2014-04-03,2015,55.0
2014-04-04,2015,55.0
2014-04-07,2015,55.0
2014-04-08,2015,55.0
2014-04-09,2015,55.0
2014-04-10,2015,55.0
2014-04-11,2015,55.0
2014-04-14,2015,55.0
2014-04-15,2015,55.0
2014-04-16,2015,55.0
2014-04-17,2015,55.0
2014-04-22,2015,55.0
2014-04-23,2015,55.0
2014-04-24,2015,55.0
2014-04-25,2015,55.0
2014-04-28,2015,55.0
2014-04-29,2015,55.0
2014-04-30,2015,55.0
2014-05-02,2015,55.0
2014-05-05,2015,55.0
2014-05-06,2015,55.0
2014-05-07,2015,55.0
2014-05-08,2015,55.0
2014-05-09,2015,55.0
2014-05-12,2015,55.0
2014-05-13,2015,55.0
2014-05-14,2015,55.0
2014-05-15,2015,55.0
2014-05-16,2015,55.0
2014-05-19,2015,55.0
2014-05-20,2015,55.0
2014-05-21,2015,55.0
2014-05-22,2015,55.0
2014-05-23,2015,55.0
2014-05-26,2015,55.0
2014-05-27,2015,55.0
2014-05-28,2015,55.0
2014-05-29,2015,55.0
2014-05-30,2015,55.0
2014-06-02,2015,55.0
2014-06-03,2015,55.0
2014-06-04,2015,55.0
2014-06-05,2015,55.0
2014-06-06,2015,55.0
2014-06-09,2015,55.0
2014-06-10,2015,55.0
2014-06-11,2015,55.0
2014-06-12,2015,55.0
2014-06-13,2015,55.0
2014-06-16,2015,55.0
2014-06-17,2015,55.5
2014-06-18,2015,55.0
2014-06-20,2015,55.4
2014-06-23,2015,55.0
2014-06-24,2015,55.0
2014-06-25,2015,55.0
2014-06-26,2015,55.6
2014-06-27,2015,55.6
2014-06-30,2015,55.6
2014-07-01,2015,55.0
2014-07-02,2015,55.0
2014-07-03,2015,56.0
2014-07-04,2015,55.0
2014-07-07,2015,55.0
2014-07-08,2015,55.0
2014-07-09,2015,55.0
2014-07-10,2015,55.0
2014-07-11,2015,55.0
2014-07-14,2015,55.0
2014-07-15,2015,55.0
2014-07-16,2015,55.0
2014-07-17,2015,55.0
2014-07-18,2015,55.0
2014-07-21,2015,55.0
2014-07-22,2015,55.0
2014-07-23,2015,55.0
2014-07-24,2015,55.0
2014-07-25,2015,55.0
2014-07-28,2015,55.0
2014-07-29,2015,55.0
2014-07-30,2015,55.0
2014-07-31,2015,55.0
2014-08-01,2015,55.0
2014-08-04,2015,55.0
2014-08-05,2015,55.0
2014-08-06,2015,55.0
2014-08-07,2015,55.0
2014-08-08,2015,55.0
2014-08-11,2015,55.0
2014-08-12,2015,55.0
2014-08-13,2015,55.0
2014-08-14,2015,55.0
2014-08-15,2015,56.0
2014-08-18,2015,55.0
2014-08-19,2015,55.0
2014-08-20,2015,55.0
2014-08-21,2015,55.0
2014-08-22,2015,56.0
2014-08-25,2015,56.0
2014-08-26,2015,56.0
2014-08-27,2015,56.0
2014-08-28,2015,55.0
2014-08-29,2015,55.0
2014-09-01,2015,56.0
2014-09-02,2015,56.0
2014-09-03,2015,56.0
2014-09-04,2015,56.0
2014-09-05,2015,56.0
2014-09-08,2015,57.0
2014-09-09,2015,57.0
2014-09-10,2015,57.0
2014-09-11,2015,57.7
2014-09-12,2015,57.7
2014-09-15,2015,57.0
2014-09-16,2015,57.0
2014-09-17,2015,57.0
2014-09-18,2015,57.0
2014-09-19,2015,57.0
2014-09-22,2015,57.0
2014-09-23,2015,57.0
2014-09-24,2015,57.0
2014-09-25,2015,57.0
2014-09-26,2015,57.0
2014-09-29,2015,57.0
2014-09-30,2015,57.0
2014-10-01,2015,57.0
2014-10-02,2015,57.0
2014-10-03,2015,57.7
2014-10-06,2015,59.2
2014-10-07,2015,59.2
2014-10-08,2015,60.0
2014-10-09,2015,59.2
2014-10-10,2015,59.2
2014-10-13,2015,60.0
2014-10-14,2015,60.0
2014-10-15,2015,60.0
2014-10-16,2015,60.0
2014-10-17,2015,60.0
2014-10-20,2015,60.0
2014-10-21,2015,60.0
2014-10-22,2015,60.0
2014-10-23,2015,60.0
2014-10-24,2015,60.0
2014-10-27,2015,60.0
2014-10-28,2015,60.0
2014-10-29,2015,60.0
2014-10-30,2015,60.0
2014-10-31,2015,60.0
2014-11-03,2015,60.0
2014-11-04,2015,60.0
2014-11-05,2015,59.25
2014-11-06,2015,58.5
2014-11-07,2015,58.5
2014-11-10,2015,57.75
2014-11-11,2015,57.0
2014-11-12,2015,57.5
2014-11-13,2015,58.25
2014-11-14,2015,58.0
2014-11-17,2015,57.5
2014-11-18,2015,58.0
2014-11-19,2015,58.2
2014-11-20,2015,57.5
2014-11-21,2015,58.0
2014-11-24,2015,58.0
2014-11-25,2015,58.0
2014-11-26,2015,58.0
2014-11-27,2015,58.0
2014-11-28,2015,58.0
2014-12-01,2015,57.0
2014-12-02,2015,57.5
2014-12-03,2015,57.0
2014-12-04,2015,57.5
2014-12-05,2015,58.0
2014-12-08,2015,58.0
2014-12-09,2015,58.0
2014-12-10,2015,58.0
2014-12-11,2015,58.2
2014-12-12,2015,58.2
2014-12-15,2015,59.2
2014-12-16,2015,59.2
2014-12-17,2015,60.0
2014-12-18,2015,60.0
2014-12-19,2015,60.0
2014-12-22,2015,60.0
2014-12-23,2015,60.0
2014-12-24,2015,60.0
2014-12-26,2015,60.0
2014-12-29,2015,60.0
2014-12-30,2015,60.0
2014-12-31,2015,60.0
2015-01-02,2015,60.0
2015-01-05,2015,60.0
2015-01-06,2015,60.0
2015-01-07,2015,60.0
2015-01-08,2015,60.0
2015-01-09,2015,60.0
2015-01-12,2015,60.0
2015-01-13,2015,60.0
2015-01-14,2015,60.0
2015-01-15,2015,59.2
2015-01-16,2015,58.2
2015-01-19,2015,58.0
2015-01-20,2015,59.2
2015-01-21,2015,59.2
2015-01-22,2015,60.0
2015-01-23,2015,60.0
2015-01-26,2015,59.2
2015-01-27,2015,59.2
2015-01-28,2015,59.2
2015-01-29,2015,58.4
2015-01-30,2015,59.2
2015-02-02,2015,60.0
2015-02-03,2015,60.0
2015-02-04,2015,60.0
2015-02-05,2015,60.0
2015-02-06,2015,60.0
2015-02-09,2015,60.0
2015-02-10,2015,60.0
2015-02-11,2015,60.0
2015-02-12,2015,60.0
2015-02-13,2015,60.0
2015-02-18,2015,60.0
2015-02-19,2015,60.0
2015-02-20,2015,60.0
2015-02-23,2015,60.0
2015-02-24,2015,60.0
2015-02-25,2015,60.0
2015-02-26,2015,60.0
2015-02-27,2015,60.0
2015-03-02,2015,60.0
2015-03-03,2015,60.0
2015-03-04,2015,60.0
2015-03-05,2015,60.0
2015-03-06,2015,60.0
2015-03-09,2015,60.0
2015-03-10,2015,59.0
2015-03-11,2015,58.0
2015-03-12,2015,57.5
2015-03-13,2015,57.5
2015-03-16,2015,56.0
2015-03-17,2015,56.0
2015-03-18,2015,56.5
2015-03-19,2015,56.5
2015-03-20,2015,56.5
2015-03-23,2015,55.5
2015-03-24,2015,55.5
2015-03-25,2015,56.0
2015-03-26,2015,56.5
2015-03-27,2015,56.0
2015-03-30,2015,56.0
2015-03-31,2015,56.0
2015-04-01,2015,56.0
2015-04-02,2015,56.0
2015-04-06,2015,56.0
2015-04-07,2015,56.0
2015-04-08,2015,55.5
2015-04-09,2015,56.0
2015-04-10,2015,56.0
2015-04-13,2015,56.0
2015-04-14,2015,56.0
2015-04-15,2015,56.0
2015-04-16,2015,56.0
2015-04-17,2015,56.0
2015-04-20,2015,56.0
2015-04-22,2015,56.0
2015-04-23,2015,56.1
2015-04-24,2015,57.0
2015-04-27,2015,56.2
2015-04-28,2015,56.6
2015-04-29,2015,56.6
2015-04-30,2015,57.5
2015-05-04,2015,57.0
2015-05-05,2015,58.0
2015-05-06,2015,58.0
2015-05-07,2015,58.0
2015-05-08,2015,59.0
2015-05-11,2015,60.0
2015-05-12,2015,60.0
2015-05-13,2015,60.0
2015-05-14,2015,60.0
2015-05-15,2015,61.0
2015-05-18,2015,65.0
2015-05-19,2015,65.0
2015-05-20,2015,65.0
2015-05-21,2015,65.0
2015-05-22,2015,65.5
2015-05-25,2015,65.5
2015-05-26,2015,65.5
2015-05-27,2015,65.5
2015-05-28,2015,66.0
2015-05-29,2015,66.0
2015-06-01,2015,66.0
2015-06-02,2015,66.0
2015-06-03,2015,66.0
2015-06-05,2015,67.5
2015-06-08,2015,67.5
2015-06-09,2015,67.5
2015-06-10,2015,67.5
2015-06-11,2015,68.0
2015-06-12,2015,67.0
2015-06-15,2015,67.5
2015-06-16,2015,67.5
2015-06-17,2015,67.5
2015-06-18,2015,67.5
2015-06-19,2015,66.5
2015-06-22,2015,66.0
2015-06-23,2015,66.0
2015-06-24,2015,66.0
2015-06-25,2015,65.7
2015-06-26,2015,65.7
2015-06-29,2015,66.0
2015-06-30,2015,66.5
2015-07-01,2015,66.5
2015-07-02,2015,67.0
2015-07-03,2015,67.0
2015-07-06,2015,66.0
2015-07-07,2015,66.5
2015-07-08,2015,66.0
2015-07-09,2015,66.25
2015-07-10,2015,66.0
2015-07-13,2015,66.0
2015-07-14,2015,66.5
2015-07-15,2015,66.25
2015-07-16,2015,66.25
2015-07-17,2015,66.25
2015-07-20,2015,66.0
2015-07-21,2015,66.0
2015-07-22,2015,66.0
2015-07-23,2015,66.25
2015-07-24,2015,65.7
2015-07-27,2015,66.5
2015-07-28,2015,66.5
2015-07-29,2015,66.1
2015-07-30,2015,66.05
2015-07-31,2015,66.0
2015-08-03,2015,66.0
2015-08-04,2015,66.0
2015-08-05,2015,66.0
2015-08-06,2015,66.0
2015-08-07,2015,65.0
2015-08-10,2015,65.5
2015-08-11,2015,65.5
2015-08-12,2015,65.0
2015-08-13,2015,65.0
2015-08-14,2015,65.0
2015-08-17,2015,65.0
2015-08-18,2015,65.0
2015-08-19,2015,65.0
2015-08-20,2015,65.0
2015-08-21,2015,65.0
2015-08-24,2015,65.0
2015-08-25,2015,65.0
2015-08-26,2015,65.0
2015-08-27,2015,65.0
2015-08-28,2015,65.0
2015-08-31,2015,65.0
2015-09-01,2015,65.0
2015-09-02,2015,65.0
2015-09-03,2015,65.0
2015-09-04,2015,65.0
2015-09-08,2015,65.0
2015-09-09,2015,65.0
2015-09-10,2015,65.0
2015-09-11,2015,65.0
2015-09-14,2015,65.0
2015-09-15,2015,65.0
2015-09-16,2015,65.0
2015-09-17,2015,65.0
2015-09-18,2015,65.0
2015-09-21,2015,65.0
2015-09-22,2015,65.0
2015-09-23,2015,65.0
2015-09-24,2015,65.0
2015-09-25,2015,65.0
2015-09-28,2015,64.0
2015-09-29,2015,64.0
2015-09-30,2015,64.0
2015-10-01,2015,64.0
2015-10-02,2015,64.0
2015-10-05,2015,61.5
2015-10-06,2015,61.5
2015-10-07,2015,61.5
2015-10-08,2015,61.5
2015-10-09,2015,61.5
2015-10-13,2015,62.0
2015-10-14,2015,62.0
2015-10-15,2015,62.0
2015-10-16,2015,62.5
2015-10-19,2015,62.0
2015-10-20,2015,62.0
2015-10-21,2015,62.5
2015-10-22,2015,62.5
2015-10-23,2015,62.5
2015-10-26,2015,62.5
2015-10-27,2015,62.5
2015-10-28,2015,63.65
2015-10-29,2015,64.65
2015-10-30,2015,64.65
2015-11-03,2015,63.0
2015-11-04,2015,63.0
2015-11-05,2015,62.6
2015-11-06,2015,62.3
2015-11-09,2015,63.37
2015-11-10,2015,63.37
2015-11-11,2015,63.37
2015-11-12,2015,63.37
2015-11-13,2015,62.8
2015-11-16,2015,62.0
2015-11-17,2015,62.0
2015-11-18,2015,62.0
2015-11-19,2015,62.3
2015-11-20,2015,62.8
2015-11-23,2015,62.8
2015-11-24,2015,63.0
2015-11-25,2015,63.0
2015-11-26,2015,63.0
2015-11-27,2015,62.8
2015-11-30,2015,62.0
2015-12-01,2015,62.0
2015-12-02,2015,62.0
2015-12-03,2015,62.0
2015-12-04,2015,62.6
2015-12-07,2015,62.0
2015-12-08,2015,62.8
2015-12-09,2015,62.4
2015-12-10,2015,62.4
2015-12-11,2015,62.4
2015-12-14,2015,62.4
2015-12-15,2015,62.0
2015-12-16,2015,62.8
2015-12-17,2015,63.0
2015-12-18,2015,63.0
2015-12-21,2015,63.0
2015-12-22,2015,63.0
2015-12-23,2015,63.0
2015-12-24,2015,63.0
2015-12-28,2015,63.0
2015-12-29,2015,63.0
2015-12-30,2015,63.37
2015-12-31,2015,63.37
2016-01-04,2015,63.37
2016-01-05,2015,63.37
2016-01-06,2015,63.87
2016-01-07,2015,63.73
2016-01-08,2015,63.5
2016-01-11,2015,64.0
2016-01-12,2015,64.0
2016-01-13,2015,64.0
2016-01-14,2015,64.3
2016-01-15,2015,65.0
2016-01-18,2015,64.3
2016-01-19,2015,64.3
2016-01-20,2015,64.15
2016-01-21,2015,64.15
2016-01-22,2015,64.3
2016-01-25,2015,64.3
2012-01-25,2016,45.0
2012-01-26,2016,45.0
2012-01-27,2016,45.0
2012-01-30,2016,50.0
2012-01-31,2016,50.0
2012-02-01,2016,50.0
2012-02-02,2016,50.0
2012-02-03,2016,50.0
2012-02-06,2016,50.0
2012-02-07,2016,50.0
2012-02-08,2016,50.0
2012-02-09,2016,50.0
2012-02-10,2016,50.0
2012-02-13,2016,50.0
2012-02-14,2016,50.0
2012-02-15,2016,50.0
2012-02-16,2016,50.0
2012-02-17,2016,50.0
2012-02-22,2016,50.0
2012-02-23,2016,50.0
2012-02-24,2016,50.0
2012-02-27,2016,50.0
2012-02-28,2016,50.0
2012-02-29,2016,50.0
2012-03-01,2016,50.0
2012-03-02,2016,50.0
2012-03-05,2016,50.0
2012-03-06,2016,50.0
2012-03-07,2016,50.0
2012-03-08,2016,50.0
2012-03-09,2016,50.0
2012-03-12,2016,50.0
2012-03-13,2016,50.0
2012-03-14,2016,50.0
2012-03-15,2016,50.0
2012-03-16,2016,50.0
2012-03-19,2016,55.0
2012-03-20,2016,55.0
2012-03-21,2016,52.5
2012-03-22,2016,52.5
2012-03-23,2016,52.5
2012-03-26,2016,55.0
2012-03-27,2016,55.0
2012-03-28,2016,55.0
2012-03-29,2016,55.0
2012-03-30,2016,53.1
2012-04-02,2016,54.05
2012-04-03,2016,54.05
2012-04-04,2016,54.05
2012-04-05,2016,54.05
2012-04-09,2016,55.0
2012-04-10,2016,55.0
2012-04-11,2016,55.0
2012-04-12,2016,56.55
2012-04-13,2016,60.0
2012-04-16,2016,60.0
2012-04-17,2016,60.0
2012-04-18,2016,60.0
2012-04-19,2016,60.0
2012-04-20,2016,57.5
2012-04-23,2016,57.5
2012-04-24,2016,57.5
2012-04-25,2016,57.5
2012-04-26,2016,54.05
2012-04-27,2016,54.05
2012-04-30,2016,55.0
2012-05-02,2016,54.05
2012-05-03,2016,53.1
2012-05-04,2016,54.05
2012-05-07,2016,54.05
2012-05-08,2016,55.0
2012-05-09,2016,55.0
2012-05-10,2016,57.5
2012-05-11,2016,57.5
2012-05-14,2016,57.5
2012-05-15,2016,57.5
2012-05-16,2016,57.5
2012-05-17,2016,57.5
2012-05-18,2016,57.5
2012-05-21,2016,57.5
2012-05-22,2016,57.5
2012-05-23,2016,57.5
2012-05-24,2016,57.5
2012-05-25,2016,57.5
2012-05-28,2016,60.0
2012-05-29,2016,60.0
2012-05-30,2016,60.0
2012-05-31,2016,55.0
2012-06-01,2016,55.0
2012-06-04,2016,54.05
2012-06-05,2016,54.05
2012-06-06,2016,54.05
2012-06-08,2016,55.0
2012-06-11,2016,55.0
2012-06-12,2016,55.0
2012-06-13,2016,55.0
2012-06-14,2016,55.0
2012-06-15,2016,55.0
2012-06-18,2016,55.0
2012-06-19,2016,55.0
2012-06-20,2016,55.0
2012-06-21,2016,55.0
2012-06-22,2016,55.0
2012-06-25,2016,55.0
2012-06-26,2016,55.0
2012-06-27,2016,55.0
2012-06-28,2016,55.0
2012-06-29,2016,55.0
2012-07-02,2016,55.0
2012-07-03,2016,55.0
2012-07-04,2016,55.0
2012-07-05,2016,55.0
2012-07-06,2016,55.0
2012-07-09,2016,55.0
2012-07-10,2016,55.0
2012-07-11,2016,55.0
2012-07-12,2016,55.0
2012-07-13,2016,54.75
2012-07-16,2016,54.75
2012-07-17,2016,54.75
2012-07-18,2016,54.75
2012-07-19,2016,54.75
2012-07-20,2016,54.75
2012-07-23,2016,54.5
2012-07-24,2016,54.5
2012-07-25,2016,54.5
2012-07-26,2016,54.5
2012-07-27,2016,54.5
2012-07-30,2016,55.0
2012-07-31,2016,55.0
2012-08-01,2016,52.5
2012-08-02,2016,52.5
2012-08-03,2016,55.0
2012-08-06,2016,60.0
2012-08-07,2016,59.0
2012-08-08,2016,59.0
2012-08-09,2016,60.0
2012-08-10,2016,59.0
2012-08-13,2016,59.0
2012-08-14,2016,59.0
2012-08-15,2016,59.0
2012-08-16,2016,59.0
2012-08-17,2016,59.0
2012-08-20,2016,59.0
2012-08-21,2016,59.0
2012-08-22,2016,59.0
2012-08-23,2016,59.0
2012-08-24,2016,59.0
2012-08-27,2016,59.0
2012-08-28,2016,59.0
2012-08-29,2016,60.0
2012-08-30,2016,60.0
2012-08-31,2016,60.0
2012-09-03,2016,60.0
2012-09-04,2016,60.0
2012-09-05,2016,60.0
2012-09-06,2016,60.0
2012-09-10,2016,60.0
2012-09-11,2016,60.0
2012-09-12,2016,60.0
2012-09-13,2016,60.0
2012-09-14,2016,60.0
2012-09-17,2016,60.0
2012-09-18,2016,60.0
2012-09-19,2016,60.0
2012-09-20,2016,60.0
2012-09-21,2016,60.0
2012-09-24,2016,60.0
2012-09-25,2016,60.0
2012-09-26,2016,60.0
2012-09-27,2016,60.0
2012-09-28,2016,60.0
2012-10-01,2016,60.0
2012-10-02,2016,60.0
2012-10-03,2016,60.0
2012-10-04,2016,60.0
2012-10-05,2016,60.0
2012-10-08,2016,60.0
2012-10-09,2016,60.0
2012-10-10,2016,60.0
2012-10-11,2016,60.0
2012-10-15,2016,60.0
2012-10-16,2016,60.0
2012-10-17,2016,60.0
2012-10-18,2016,60.0
2012-10-19,2016,60.0
2012-10-22,2016,60.0
2012-10-23,2016,60.0
2012-10-24,2016,60.0
2012-10-25,2016,60.0
2012-10-26,2016,60.0
2012-10-29,2016,60.0
2012-10-30,2016,60.0
2012-10-31,2016,60.0
2012-11-01,2016,60.0
2012-11-05,2016,60.0
2012-11-06,2016,60.0
2012-11-07,2016,60.0
2012-11-08,2016,60.0
2012-11-09,2016,60.0
2012-11-12,2016,60.0
2012-11-13,2016,60.0
2012-11-14,2016,60.0
2012-11-16,2016,60.0
2012-11-19,2016,60.0
2012-11-20,2016,60.0
2012-11-21,2016,60.0
2012-11-22,2016,60.0
2012-11-23,2016,60.0
2012-11-26,2016,60.0
2012-11-27,2016,60.0
2012-11-28,2016,60.0
2012-11-29,2016,60.0
2012-11-30,2016,60.0
2012-12-03,2016,60.0
2012-12-04,2016,60.0
2012-12-05,2016,60.0
2012-12-06,2016,60.0
2012-12-07,2016,60.0
2012-12-10,2016,60.0
2012-12-11,2016,60.0
2012-12-12,2016,60.0
2012-12-13,2016,60.0
2012-12-14,2016,60.0
2012-12-17,2016,60.0
2012-12-18,2016,60.0
2012-12-19,2016,60.0
2012-12-20,2016,60.0
2012-12-21,2016,60.0
2012-12-24,2016,60.0
2012-12-26,2016,60.0
2012-12-27,2016,60.0
2012-12-28,2016,60.0
2012-12-31,2016,60.0
2013-01-02,2016,60.0
2013-01-03,2016,60.0
2013-01-04,2016,60.0
2013-01-07,2016,60.0
2013-01-08,2016,60.0
2013-01-09,2016,60.0
2013-01-10,2016,60.0
2013-01-11,2016,60.0
2013-01-14,2016,60.0
2013-01-15,2016,60.0
2013-01-16,2016,60.0
2013-01-17,2016,60.0
2013-01-18,2016,60.0
2013-01-21,2016,60.0
2013-01-22,2016,60.0
2013-01-23,2016,60.0
2013-01-24,2016,60.0
2013-01-25,2016,60.0
2013-01-28,2016,60.0
2013-01-29,2016,60.0
2013-01-30,2016,60.0
2013-01-31,2016,60.0
2013-02-01,2016,60.0
2013-02-04,2016,60.0
2013-02-05,2016,60.0
2013-02-06,2016,60.0
2013-02-07,2016,60.0
2013-02-08,2016,60.0
2013-02-13,2016,60.0
2013-02-14,2016,60.0
2013-02-15,2016,60.0
2013-02-18,2016,60.0
2013-02-19,2016,60.0
2013-02-20,2016,60.0
2013-02-21,2016,60.0
2013-02-22,2016,60.0
2013-02-25,2016,60.0
2013-02-26,2016,60.0
2013-02-27,2016,60.0
2013-02-28,2016,60.0
2013-03-01,2016,60.0
2013-03-04,2016,60.0
2013-03-05,2016,60.0
2013-03-06,2016,60.0
2013-03-07,2016,60.0
2013-03-08,2016,60.0
2013-03-11,2016,57.5
2013-03-12,2016,57.5
2013-03-13,2016,57.5
2013-03-14,2016,57.5
2013-03-15,2016,57.5
2013-03-18,2016,60.0
2013-03-19,2016,60.0
2013-03-20,2016,60.0
2013-03-21,2016,57.5
2013-03-22,2016,57.5
2013-03-25,2016,57.5
2013-03-26,2016,57.5
2013-03-27,2016,57.5
2013-03-28,2016,60.0
2013-04-01,2016,60.0
2013-04-02,2016,60.0
2013-04-03,2016,60.0
2013-04-04,2016,60.0
2013-04-05,2016,60.0
2013-04-08,2016,60.0
2013-04-09,2016,60.0
2013-04-10,2016,60.0
2013-04-11,2016,60.0
2013-04-12,2016,60.0
2013-04-15,2016,60.0
2013-04-16,2016,60.0
2013-04-17,2016,60.0
2013-04-18,2016,60.0
2013-04-19,2016,60.0
2013-04-22,2016,57.5
2013-04-23,2016,57.5
2013-04-24,2016,60.0
2013-04-25,2016,60.0
2013-04-26,2016,60.0
2013-04-29,2016,57.5
2013-04-30,2016,55.0
2013-05-02,2016,55.0
2013-05-03,2016,55.0
2013-05-06,2016,57.5
2013-05-07,2016,57.5
2013-05-08,2016,60.0
2013-05-09,2016,60.0
2013-05-10,2016,57.5
2013-05-13,2016,57.8
2013-05-14,2016,57.8
2013-05-15,2016,58.9
2013-05-16,2016,57.8
2013-05-17,2016,57.8
2013-05-20,2016,60.0
2013-05-21,2016,59.0
2013-05-22,2016,59.0
2013-05-23,2016,59.0
2013-05-24,2016,59.0
2013-05-27,2016,60.0
2013-05-28,2016,60.0
2013-05-29,2016,60.0
2013-05-31,2016,60.0
2013-06-03,2016,60.0
2013-06-04,2016,60.0
2013-06-05,2016,60.0
2013-06-06,2016,60.0
2013-06-07,2016,60.35
2013-06-10,2016,60.35
2013-06-11,2016,60.35
2013-06-12,2016,60.35
2013-06-13,2016,60.7
2013-06-14,2016,62.85
2013-06-17,2016,62.85
2013-06-18,2016,62.85
2013-06-19,2016,62.85
2013-06-20,2016,62.85
2013-06-21,2016,65.0
2013-06-24,2016,65.0
2013-06-25,2016,65.0
2013-06-26,2016,65.0
2013-06-27,2016,60.35
2013-06-28,2016,60.35
2013-07-01,2016,60.7
2013-07-02,2016,60.35
2013-07-03,2016,60.35
2013-07-04,2016,60.35
2013-07-05,2016,60.35
2013-07-08,2016,60.35
2013-07-09,2016,60.35
2013-07-10,2016,60.35
2013-07-11,2016,60.0
2013-07-12,2016,60.0
2013-07-15,2016,60.0
2013-07-16,2016,60.0
2013-07-17,2016,60.0
2013-07-18,2016,60.0
2013-07-19,2016,60.0
2013-07-22,2016,60.0
2013-07-23,2016,60.0
2013-07-24,2016,60.0
2013-07-25,2016,60.0
2013-07-26,2016,60.0
2013-07-29,2016,60.0
2013-07-30,2016,59.0
2013-07-31,2016,60.0
2013-08-01,2016,60.0
2013-08-02,2016,60.0
2013-08-05,2016,60.0
2013-08-06,2016,59.0
2013-08-07,2016,59.0
2013-08-08,2016,59.0
2013-08-09,2016,59.0
2013-08-12,2016,59.0
2013-08-13,2016,59.0
2013-08-14,2016,59.0
2013-08-15,2016,59.0
2013-08-16,2016,60.0
2013-08-19,2016,59.0
2013-08-20,2016,60.0
2013-08-21,2016,60.0
2013-08-22,2016,60.0
2013-08-23,2016,60.0
2013-08-26,2016,60.0
2013-08-27,2016,60.0
2013-08-28,2016,60.0
2013-08-29,2016,60.0
2013-08-30,2016,60.0
2013-09-02,2016,60.0
2013-09-03,2016,60.0
2013-09-04,2016,60.0
2013-09-05,2016,60.0
2013-09-06,2016,60.0
2013-09-09,2016,60.0
2013-09-10,2016,60.0
2013-09-11,2016,60.0
2013-09-12,2016,60.0
2013-09-13,2016,60.0
2013-09-16,2016,60.0
2013-09-17,2016,60.0
2013-09-18,2016,60.0
2013-09-19,2016,60.0
2013-09-20,2016,60.0
2013-09-23,2016,60.0
2013-09-24,2016,60.0
2013-09-25,2016,60.0
2013-09-26,2016,60.0
2013-09-27,2016,60.0
2013-09-30,2016,60.0
2013-10-01,2016,60.0
2013-10-02,2016,60.0
2013-10-03,2016,60.0
2013-10-04,2016,60.0
2013-10-07,2016,60.0
2013-10-08,2016,60.0
2013-10-09,2016,60.0
2013-10-10,2016,60.0
2013-10-11,2016,60.0
2013-10-14,2016,60.0
2013-10-15,2016,60.0
2013-10-16,2016,60.0
2013-10-17,2016,60.0
2013-10-18,2016,60.6
2013-10-21,2016,60.0
2013-10-22,2016,60.0
2013-10-23,2016,60.0
2013-10-24,2016,60.0
2013-10-25,2016,60.0
2013-10-28,2016,60.0
2013-10-29,2016,60.0
2013-10-30,2016,60.0
2013-10-31,2016,60.0
2013-11-01,2016,60.0
2013-11-04,2016,60.0
2013-11-05,2016,60.0
2013-11-06,2016,60.0
2013-11-07,2016,60.0
2013-11-08,2016,60.0
2013-11-11,2016,60.0
2013-11-12,2016,60.0
2013-11-13,2016,60.0
2013-11-14,2016,60.0
2013-11-18,2016,60.0
2013-11-19,2016,60.0
2013-11-20,2016,60.0
2013-11-21,2016,60.0
2013-11-22,2016,60.0
2013-11-25,2016,60.0
2013-11-26,2016,60.0
2013-11-27,2016,60.0
2013-11-28,2016,60.0
2013-11-29,2016,60.0
2013-12-02,2016,60.0
2013-12-03,2016,60.0
2013-12-04,2016,60.0
2013-12-05,2016,60.0
2013-12-06,2016,60.0
2013-12-09,2016,60.0
2013-12-10,2016,60.0
2013-12-11,2016,60.0
2013-12-12,2016,60.0
2013-12-13,2016,60.0
2013-12-16,2016,60.0
2013-12-17,2016,60.0
2013-12-18,2016,60.0
2013-12-19,2016,60.0
2013-12-20,2016,60.0
2013-12-23,2016,60.0
2013-12-24,2016,60.0
2013-12-26,2016,60.0
2013-12-27,2016,60.0
2013-12-30,2016,60.0
2013-12-31,2016,60.0
2014-01-02,2016,60.0
2014-01-03,2016,60.0
2014-01-06,2016,60.0
2014-01-07,2016,60.0
2014-01-08,2016,60.0
2014-01-09,2016,60.0
2014-01-10,2016,60.0
2014-01-13,2016,60.0
2014-01-14,2016,60.0
2014-01-15,2016,60.0
2014-01-16,2016,60.0
2014-01-17,2016,60.0
2014-01-20,2016,60.0
2014-01-21,2016,60.0
2014-01-22,2016,60.0
2014-01-23,2016,60.0
2014-01-24,2016,60.0
2014-01-27,2016,60.0
2014-01-28,2016,60.0
2014-01-29,2016,60.0
2014-01-30,2016,60.0
2014-01-31,2016,60.0
2014-02-03,2016,60.0
2014-02-04,2016,60.0
2014-02-05,2016,60.0
2014-02-06,2016,60.0
2014-02-07,2016,60.0
2014-02-10,2016,60.0
2014-02-11,2016,60.0
2014-02-12,2016,59.8
2014-02-13,2016,60.0
2014-02-14,2016,60.0
2014-02-17,2016,60.0
2014-02-18,2016,60.0
2014-02-19,2016,60.0
2014-02-20,2016,60.0
2014-02-21,2016,60.0
2014-02-24,2016,60.0
2014-02-25,2016,60.0
2014-02-26,2016,60.0
2014-02-27,2016,60.0
2014-02-28,2016,59.8
2014-03-05,2016,59.8
2014-03-06,2016,59.8
2014-03-07,2016,59.8
2014-03-10,2016,59.6
2014-03-11,2016,59.6
2014-03-12,2016,59.8
2014-03-13,2016,59.6
2014-03-14,2016,59.8
2014-03-17,2016,55.0
2014-03-18,2016,55.0
2014-03-19,2016,55.0
2014-03-20,2016,55.0
2014-03-21,2016,55.0
2014-03-24,2016,55.0
2014-03-25,2016,55.0
2014-03-26,2016,55.0
2014-03-27,2016,55.0
2014-03-28,2016,55.0
2014-03-31,2016,55.0
2014-04-01,2016,55.0
2014-04-02,2016,55.0
2014-04-03,2016,55.0
2014-04-04,2016,55.0
2014-04-07,2016,55.0
2014-04-08,2016,55.0
2014-04-09,2016,55.0
2014-04-10,2016,55.0
2014-04-11,2016,57.5
2014-04-14,2016,60.0
2014-04-15,2016,60.0
2014-04-16,2016,60.0
2014-04-17,2016,57.5
2014-04-22,2016,57.5
2014-04-23,2016,57.5
2014-04-24,2016,57.5
2014-04-25,2016,57.5
2014-04-28,2016,55.0
2014-04-29,2016,57.5
2014-04-30,2016,57.5
2014-05-02,2016,57.5
2014-05-05,2016,60.0
2014-05-06,2016,60.0
2014-05-07,2016,60.0
2014-05-08,2016,60.0
2014-05-09,2016,60.0
2014-05-12,2016,60.0
2014-05-13,2016,57.5
2014-05-14,2016,55.0
2014-05-15,2016,55.0
2014-05-16,2016,55.0
2014-05-19,2016,55.0
2014-05-20,2016,55.0
2014-05-21,2016,55.0
2014-05-22,2016,55.0
2014-05-23,2016,55.0
2014-05-26,2016,55.0
2014-05-27,2016,55.0
2014-05-28,2016,55.0
2014-05-29,2016,55.0
2014-05-30,2016,55.0
2014-06-02,2016,55.0
2014-06-03,2016,55.0
2014-06-04,2016,55.0
2014-06-05,2016,55.0
2014-06-06,2016,55.0
2014-06-09,2016,55.0
2014-06-10,2016,55.0
2014-06-11,2016,55.0
2014-06-12,2016,55.0
2014-06-13,2016,55.0
2014-06-16,2016,55.0
2014-06-17,2016,55.0
2014-06-18,2016,55.0
2014-06-20,2016,55.0
2014-06-23,2016,55.0
2014-06-24,2016,55.0
2014-06-25,2016,55.0
2014-06-26,2016,57.5
2014-06-27,2016,57.5
2014-06-30,2016,57.5
2014-07-01,2016,55.0
2014-07-02,2016,55.0
2014-07-03,2016,57.5
2014-07-04,2016,55.0
2014-07-07,2016,55.0
2014-07-08,2016,55.0
2014-07-09,2016,55.0
2014-07-10,2016,55.0
2014-07-11,2016,55.0
2014-07-14,2016,55.0
2014-07-15,2016,55.0
2014-07-16,2016,55.0
2014-07-17,2016,55.0
2014-07-18,2016,55.0
2014-07-21,2016,55.0
2014-07-22,2016,55.0
2014-07-23,2016,55.0
2014-07-24,2016,55.0
2014-07-25,2016,55.0
2014-07-28,2016,55.0
2014-07-29,2016,55.0
2014-07-30,2016,55.0
2014-07-31,2016,55.0
2014-08-01,2016,55.0
2014-08-04,2016,55.0
2014-08-05,2016,55.0
2014-08-06,2016,55.0
2014-08-07,2016,55.0
2014-08-08,2016,55.0
2014-08-11,2016,55.0
2014-08-12,2016,55.0
2014-08-13,2016,55.0
2014-08-14,2016,55.0
2014-08-15,2016,55.0
2014-08-18,2016,55.0
2014-08-19,2016,55.0
2014-08-20,2016,55.0
2014-08-21,2016,55.0
2014-08-22,2016,55.0
2014-08-25,2016,55.0
2014-08-26,2016,55.0
2014-08-27,2016,55.5
2014-08-28,2016,55.0
2014-08-29,2016,56.0
2014-09-01,2016,56.0
2014-09-02,2016,56.0
2014-09-03,2016,56.0
2014-09-04,2016,56.0
2014-09-05,2016,56.0
2014-09-08,2016,60.0
2014-09-09,2016,60.0
2014-09-10,2016,60.0
2014-09-11,2016,60.0
2014-09-12,2016,60.0
2014-09-15,2016,58.0
2014-09-16,2016,58.0
2014-09-17,2016,58.0
2014-09-18,2016,60.0
2014-09-19,2016,60.0
2014-09-22,2016,60.0
2014-09-23,2016,60.0
2014-09-24,2016,60.0
2014-09-25,2016,60.0
2014-09-26,2016,60.0
2014-09-29,2016,60.0
2014-09-30,2016,60.0
2014-10-01,2016,60.0
2014-10-02,2016,60.0
2014-10-03,2016,60.0
2014-10-06,2016,60.0
2014-10-07,2016,60.0
2014-10-08,2016,60.0
2014-10-09,2016,60.0
2014-10-10,2016,60.0
2014-10-13,2016,60.0
2014-10-14,2016,60.0
2014-10-15,2016,60.0
2014-10-16,2016,60.0
2014-10-17,2016,60.0
2014-10-20,2016,60.0
2014-10-21,2016,60.0
2014-10-22,2016,60.0
2014-10-23,2016,60.0
2014-10-24,2016,60.0
2014-10-27,2016,60.0
2014-10-28,2016,60.0
2014-10-29,2016,60.0
2014-10-30,2016,60.0
2014-10-31,2016,60.0
2014-11-03,2016,60.0
2014-11-04,2016,60.0
2014-11-05,2016,60.0
2014-11-06,2016,60.0
2014-11-07,2016,60.0
2014-11-10,2016,60.0
2014-11-11,2016,60.0
2014-11-12,2016,60.0
2014-11-13,2016,60.0
2014-11-14,2016,60.0
2014-11-17,2016,60.0
2014-11-18,2016,60.0
2014-11-19,2016,60.0
2014-11-20,2016,60.0
2014-11-21,2016,60.0
2014-11-24,2016,60.0
2014-11-25,2016,60.0
2014-11-26,2016,60.0
2014-11-27,2016,60.0
2014-11-28,2016,60.0
2014-12-01,2016,58.4
2014-12-02,2016,60.0
2014-12-03,2016,58.4
2014-12-04,2016,60.0
2014-12-05,2016,60.0
2014-12-08,2016,60.0
2014-12-09,2016,60.0
2014-12-10,2016,60.0
2014-12-11,2016,60.0
2014-12-12,2016,60.0
2014-12-15,2016,60.0
2014-12-16,2016,58.4
2014-12-17,2016,58.4
2014-12-18,2016,58.4
2014-12-19,2016,60.0
2014-12-22,2016,60.0
2014-12-23,2016,60.0
2014-12-24,2016,60.0
2014-12-26,2016,60.0
2014-12-29,2016,60.0
2014-12-30,2016,60.0
2014-12-31,2016,60.0
2015-01-02,2016,60.0
2015-01-05,2016,60.0
2015-01-06,2016,60.0
2015-01-07,2016,60.0
2015-01-08,2016,60.0
2015-01-09,2016,60.0
2015-01-12,2016,60.0
2015-01-13,2016,60.0
2015-01-14,2016,60.0
2015-01-15,2016,60.0
2015-01-16,2016,60.0
2015-01-19,2016,60.0
2015-01-20,2016,60.0
2015-01-21,2016,60.0
2015-01-22,2016,60.0
2015-01-23,2016,60.0
2015-01-26,2016,60.0
2015-01-27,2016,60.0
2015-01-28,2016,60.0
2015-01-29,2016,59.0
2015-01-30,2016,60.0
2015-02-02,2016,60.0
2015-02-03,2016,60.0
2015-02-04,2016,59.5
2015-02-05,2016,59.5
2015-02-06,2016,59.5
2015-02-09,2016,58.5
2015-02-10,2016,58.5
2015-02-11,2016,58.5
2015-02-12,2016,59.5
2015-02-13,2016,60.0
2015-02-18,2016,60.0
2015-02-19,2016,60.0
2015-02-20,2016,60.0
2015-02-23,2016,59.0
2015-02-24,2016,59.0
2015-02-25,2016,58.0
2015-02-26,2016,58.0
2015-02-27,2016,58.5
2015-03-02,2016,58.5
2015-03-03,2016,58.5
2015-03-04,2016,58.5
2015-03-05,2016,58.5
2015-03-06,2016,58.0
2015-03-09,2016,58.5
2015-03-10,2016,58.0
2015-03-11,2016,58.0
2015-03-12,2016,58.0
2015-03-13,2016,58.0
2015-03-16,2016,58.0
2015-03-17,2016,58.0
2015-03-18,2016,58.0
2015-03-19,2016,58.0
2015-03-20,2016,58.0
2015-03-23,2016,56.8
2015-03-24,2016,56.8
2015-03-25,2016,57.4
2015-03-26,2016,58.0
2015-03-27,2016,57.4
2015-03-30,2016,57.4
2015-03-31,2016,57.4
2015-04-01,2016,58.0
2015-04-02,2016,58.0
2015-04-06,2016,58.5
2015-04-07,2016,58.5
2015-04-08,2016,58.0
2015-04-09,2016,58.5
2015-04-10,2016,59.0
2015-04-13,2016,57.9
2015-04-14,2016,57.9
2015-04-15,2016,57.9
2015-04-16,2016,58.0
2015-04-17,2016,58.5
2015-04-20,2016,58.5
2015-04-22,2016,60.0
2015-04-23,2016,60.0
2015-04-24,2016,60.0
2015-04-27,2016,60.0
2015-04-28,2016,60.0
2015-04-29,2016,60.0
2015-04-30,2016,60.0
2015-05-04,2016,60.0
2015-05-05,2016,60.0
2015-05-06,2016,60.0
2015-05-07,2016,60.0
2015-05-08,2016,60.0
2015-05-11,2016,60.0
2015-05-12,2016,60.0
2015-05-13,2016,63.0
2015-05-14,2016,61.7
2015-05-15,2016,64.0
2015-05-18,2016,65.0
2015-05-19,2016,65.0
2015-05-20,2016,65.0
2015-05-21,2016,65.0
2015-05-22,2016,65.0
2015-05-25,2016,65.0
2015-05-26,2016,65.0
2015-05-27,2016,65.0
2015-05-28,2016,65.0
2015-05-29,2016,65.0
2015-06-01,2016,65.0
2015-06-02,2016,65.0
2015-06-03,2016,65.0
2015-06-05,2016,65.0
2015-06-08,2016,65.0
2015-06-09,2016,65.0
2015-06-10,2016,65.0
2015-06-11,2016,65.0
2015-06-12,2016,65.0
2015-06-15,2016,65.5
2015-06-16,2016,65.0
2015-06-17,2016,65.0
2015-06-18,2016,65.5
2015-06-19,2016,65.0
2015-06-22,2016,65.0
2015-06-23,2016,65.0
2015-06-24,2016,65.0
2015-06-25,2016,65.0
2015-06-26,2016,65.0
2015-06-29,2016,65.0
2015-06-30,2016,65.0
2015-07-01,2016,65.0
2015-07-02,2016,65.0
2015-07-03,2016,65.0
2015-07-06,2016,66.0
2015-07-07,2016,65.5
2015-07-08,2016,65.0
2015-07-09,2016,65.5
2015-07-10,2016,65.0
2015-07-13,2016,65.0
2015-07-14,2016,65.0
2015-07-15,2016,65.0
2015-07-16,2016,65.0
2015-07-17,2016,65.0
2015-07-20,2016,65.0
2015-07-21,2016,65.0
2015-07-22,2016,65.0
2015-07-23,2016,65.0
2015-07-24,2016,65.0
2015-07-27,2016,65.0
2015-07-28,2016,65.0
2015-07-29,2016,65.0
2015-07-30,2016,65.0
2015-07-31,2016,65.0
2015-08-03,2016,65.0
2015-08-04,2016,65.0
2015-08-05,2016,65.0
2015-08-06,2016,65.0
2015-08-07,2016,65.0
2015-08-10,2016,65.0
2015-08-11,2016,65.0
2015-08-12,2016,65.0
2015-08-13,2016,65.0
2015-08-14,2016,65.0
2015-08-17,2016,65.0
2015-08-18,2016,65.0
2015-08-19,2016,65.0
2015-08-20,2016,65.0
2015-08-21,2016,65.0
2015-08-24,2016,65.0
2015-08-25,2016,65.0
2015-08-26,2016,65.0
2015-08-27,2016,65.0
2015-08-28,2016,65.0
2015-08-31,2016,65.0
2015-09-01,2016,65.0
2015-09-02,2016,65.0
2015-09-03,2016,64.9
2015-09-04,2016,63.95
2015-09-08,2016,64.9
2015-09-09,2016,64.9
2015-09-10,2016,64.95
2015-09-11,2016,64.9
2015-09-14,2016,64.95
2015-09-15,2016,63.95
2015-09-16,2016,63.95
2015-09-17,2016,64.9
2015-09-18,2016,63.0
2015-09-21,2016,62.3
2015-09-22,2016,62.3
2015-09-23,2016,62.3
2015-09-24,2016,62.3
2015-09-25,2016,62.3
2015-09-28,2016,61.0
2015-09-29,2016,61.0
2015-09-30,2016,61.0
2015-10-01,2016,61.0
2015-10-02,2016,61.0
2015-10-05,2016,61.0
2015-10-06,2016,61.0
2015-10-07,2016,61.0
2015-10-08,2016,60.0
2015-10-09,2016,60.0
2015-10-13,2016,60.0
2015-10-14,2016,60.0
2015-10-15,2016,60.0
2015-10-16,2016,60.0
2015-10-19,2016,60.0
2015-10-20,2016,60.0
2015-10-21,2016,60.0
2015-10-22,2016,60.0
2015-10-23,2016,60.0
2015-10-26,2016,60.0
2015-10-27,2016,60.0
2015-10-28,2016,60.0
2015-10-29,2016,60.0
2015-10-30,2016,60.0
2015-11-03,2016,60.0
2015-11-04,2016,60.0
2015-11-05,2016,60.0
2015-11-06,2016,60.0
2015-11-09,2016,59.5
2015-11-10,2016,59.5
2015-11-11,2016,59.5
2015-11-12,2016,58.0
2015-11-13,2016,58.0
2015-11-16,2016,59.5
2015-11-17,2016,59.0
2015-11-18,2016,59.0
2015-11-19,2016,59.0
2015-11-20,2016,59.0
2015-11-23,2016,59.0
2015-11-24,2016,59.0
2015-11-25,2016,59.0
2015-11-26,2016,59.0
2015-11-27,2016,58.0
2015-11-30,2016,55.82
2015-12-01,2016,55.41
2015-12-02,2016,55.82
2015-12-03,2016,55.82
2015-12-04,2016,57.0
2015-12-07,2016,55.82
2015-12-08,2016,55.0
2015-12-09,2016,55.0
2015-12-10,2016,55.0
2015-12-11,2016,55.0
2015-12-14,2016,55.0
2015-12-15,2016,55.0
2015-12-16,2016,55.0
2015-12-17,2016,55.0
2015-12-18,2016,55.0
2015-12-21,2016,55.0
2015-12-22,2016,55.0
2015-12-23,2016,55.0
2015-12-24,2016,55.0
2015-12-28,2016,55.0
2015-12-29,2016,55.0
2015-12-30,2016,55.0
2015-12-31,2016,55.0
2016-01-04,2016,55.0
2016-01-05,2016,55.0
2016-01-06,2016,55.0
2016-01-07,2016,55.0
2016-01-08,2016,55.0
2016-01-11,2016,55.0
2016-01-12,2016,55.0
2016-01-13,2016,55.0
2016-01-14,2016,55.0
2016-01-15,2016,55.0
2016-01-18,2016,55.0
2016-01-19,2016,55.0
2016-01-20,2016,55.0
2016-01-21,2016,55.0
2016-01-22,2016,55.0
2016-01-25,2016,55.0
2016-01-26,2016,55.0
2016-01-27,2016,55.0
2016-01-28,2016,55.0
2016-01-29,2016,55.0
2016-02-01,2016,55.0
2016-02-02,2016,55.0
2016-02-03,2016,55.0
2016-02-04,2016,55.0
2016-02-05,2016,55.0
2016-02-10,2016,55.0
2016-02-11,2016,55.0
2016-02-12,2016,55.0
2016-02-15,2016,55.0
2016-02-16,2016,55.0
2016-02-17,2016,55.0
2016-02-18,2016,55.0
2016-02-19,2016,55.0
2016-02-22,2016,55.0
2016-02-23,2016,55.0
2016-02-24,2016,55.0
2016-02-25,2016,55.0
2016-02-26,2016,55.0
2016-02-29,2016,55.0
2016-03-01,2016,55.0
2016-03-02,2016,55.0
2016-03-03,2016,55.0
2016-03-04,2016,55.0
2016-03-07,2016,55.0
2016-03-08,2016,55.0
2016-03-09,2016,55.0
2016-03-10,2016,55.0
2016-03-11,2016,55.0
2016-03-14,2016,55.0
2016-03-15,2016,55.0
2016-03-16,2016,55.0
2016-03-17,2016,55.0
2016-03-18,2016,55.0
2016-03-21,2016,55.0
2016-03-22,2016,55.0
2016-03-23,2016,55.0
2016-03-24,2016,55.0
2016-03-28,2016,55.0
2016-03-29,2016,55.0
2016-03-30,2016,55.0
2016-03-31,2016,55.0
2016-04-01,2016,55.0
2016-04-04,2016,55.1
2016-04-05,2016,55.0
2016-04-06,2016,55.0
2016-04-07,2016,55.1
2016-04-08,2016,55.0
2016-04-11,2016,55.0
2016-04-12,2016,55.0
2016-04-13,2016,55.0
2016-04-14,2016,55.0
2016-04-15,2016,55.0
2016-04-18,2016,55.0
2016-04-19,2016,55.0
2016-04-20,2016,55.0
2016-04-22,2016,55.1
2016-04-25,2016,55.1
2016-04-26,2016,55.1
2016-04-27,2016,55.1
2016-04-28,2016,56.6
2016-04-29,2016,58.0
2016-05-02,2016,56.81
2016-05-03,2016,58.0
2016-05-04,2016,56.6
2016-05-05,2016,56.6
2016-05-06,2016,57.35
2016-05-09,2016,57.35
2016-05-10,2016,58.0
2016-05-11,2016,58.5
2016-05-12,2016,58.5
2016-05-13,2016,58.5
2016-05-16,2016,59.14
2016-05-17,2016,59.64
2016-05-18,2016,59.28
2016-05-19,2016,59.28
2016-05-20,2016,59.28
2016-05-23,2016,58.64
2016-05-24,2016,59.28
2016-05-25,2016,59.28
2016-05-27,2016,58.64
2016-05-30,2016,59.64
2016-05-31,2016,60.0
2016-06-01,2016,60.0
2016-06-02,2016,60.0
2016-06-03,2016,60.0
2016-06-06,2016,60.0
2016-06-07,2016,60.0
2016-06-08,2016,60.0
2016-06-09,2016,61.3
2016-06-10,2016,61.3
2016-06-13,2016,62.3
2016-06-14,2016,61.6
2016-06-15,2016,61.3
2016-06-16,2016,61.0
2016-06-17,2016,60.0
2016-06-20,2016,60.5
2016-06-21,2016,60.5
2016-06-22,2016,60.0
2016-06-23,2016,60.5
2016-06-24,2016,60.5
2016-06-27,2016,60.5
2016-06-28,2016,61.3
2016-06-29,2016,61.6
2016-06-30,2016,61.0
2016-07-01,2016,64.0
2016-07-04,2016,64.0
2016-07-05,2016,64.0
2016-07-06,2016,64.0
2016-07-07,2016,62.3
2016-07-08,2016,63.5
2016-07-11,2016,63.5
2016-07-12,2016,63.5
2016-07-13,2016,63.5
2016-07-14,2016,63.5
2016-07-15,2016,63.5
2016-07-18,2016,61.6
2016-07-19,2016,62.3
2016-07-20,2016,63.5
2016-07-21,2016,64.0
2016-07-22,2016,63.5
2016-07-25,2016,64.0
2016-07-26,2016,64.0
2016-07-27,2016,64.0
2016-07-28,2016,64.5
2016-07-29,2016,65.0
2016-08-01,2016,64.5
2016-08-02,2016,64.5
2016-08-03,2016,65.0
2016-08-04,2016,65.0
2016-08-05,2016,65.0
2016-08-08,2016,65.0
2016-08-09,2016,65.0
2016-08-10,2016,65.0
2016-08-11,2016,65.0
2016-08-12,2016,65.0
2016-08-15,2016,65.0
2016-08-16,2016,65.0
2016-08-17,2016,65.0
2016-08-18,2016,65.0
2016-08-19,2016,65.0
2016-08-22,2016,65.0
2016-08-23,2016,65.0
2016-08-24,2016,65.0
2016-08-25,2016,65.0
2016-08-26,2016,65.0
2016-08-29,2016,64.5
2016-08-30,2016,64.5
2016-08-31,2016,64.5
2016-09-01,2016,65.0
2016-09-02,2016,65.0
2016-09-05,2016,65.0
2016-09-06,2016,65.0
2016-09-08,2016,65.0
2016-09-09,2016,65.0
2016-09-12,2016,65.0
2016-09-13,2016,65.0
2016-09-14,2016,65.0
2016-09-15,2016,65.0
2016-09-16,2016,65.0
2016-09-19,2016,65.0
2016-09-20,2016,65.0
2016-09-21,2016,65.0
2016-09-22,2016,65.0
2016-09-23,2016,65.0
2016-09-26,2016,65.0
2016-09-27,2016,65.0
2016-09-28,2016,65.0
2016-09-29,2016,65.0
2016-09-30,2016,65.0
2016-10-03,2016,65.0
2016-10-04,2016,65.0
2016-10-05,2016,65.0
2016-10-06,2016,65.0
2016-10-07,2016,65.0
2016-10-10,2016,65.0
2016-10-11,2016,65.0
2016-10-13,2016,65.0
2016-10-14,2016,65.0
2016-10-17,2016,65.0
2016-10-18,2016,65.0
2016-10-19,2016,65.0
2016-10-20,2016,65.0
2016-10-21,2016,65.0
2016-10-24,2016,65.0
2016-10-25,2016,65.0
2016-10-26,2016,65.0
2016-10-27,2016,65.0
2016-10-28,2016,65.0
2016-10-31,2016,65.0
2016-11-01,2016,65.0
2016-11-03,2016,65.0
2016-11-04,2016,65.0
2016-11-07,2016,65.0
2016-11-08,2016,65.0
2016-11-09,2016,65.0
2016-11-10,2016,65.0
2016-11-11,2016,65.0
2016-11-14,2016,65.0
2016-11-16,2016,65.0
2016-11-17,2016,65.0
2016-11-18,2016,65.0
2016-11-21,2016,65.0
2016-11-22,2016,65.0
2016-11-23,2016,65.0
2016-11-24,2016,65.0
2016-11-25,2016,65.0
2016-11-28,2016,65.0
2016-11-29,2016,65.0
2016-11-30,2016,65.0
2016-12-01,2016,65.0
2016-12-02,2016,65.0
2016-12-05,2016,65.0
2016-12-06,2016,65.0
2016-12-07,2016,65.0
2016-12-08,2016,65.0
2016-12-09,2016,66.06
2016-12-12,2016,67.16
2016-12-13,2016,67.16
2016-12-14,2016,67.16
2016-12-15,2016,67.16
2016-12-16,2016,67.16
2016-12-19,2016,68.0
2016-12-20,2016,67.2
2016-12-21,2016,67.6
2016-12-22,2016,67.6
2016-12-23,2016,68.0
2016-12-26,2016,68.5
2016-12-27,2016,68.5
2016-12-28,2016,68.5
2016-12-29,2016,69.0
2016-12-30,2016,69.0
2017-01-02,2016,69.0
2017-01-03,2016,68.5
2017-01-04,2016,68.5
2017-01-05,2016,69.0
2017-01-06,2016,69.5
2017-01-09,2016,70.0
2017-01-10,2016,70.0
2017-01-11,2016,70.0
2017-01-12,2016,70.0
2017-01-13,2016,70.0
2017-01-16,2016,70.0
2017-01-17,2016,70.0
2017-01-18,2016,70.0
2017-01-19,2016,70.0
2017-01-20,2016,70.0
2017-01-23,2016,70.0
2013-01-28,2017,55.0
2013-01-29,2017,50.0
2013-01-30,2017,50.0
2013-01-31,2017,55.0
2013-02-01,2017,55.0
2013-02-04,2017,56.45
2013-02-05,2017,55.0
2013-02-06,2017,55.0
2013-02-07,2017,55.0
2013-02-08,2017,55.0
2013-02-13,2017,55.0
2013-02-14,2017,55.0
2013-02-15,2017,55.0
2013-02-18,2017,55.0
2013-02-19,2017,55.0
2013-02-20,2017,55.0
2013-02-21,2017,55.0
2013-02-22,2017,55.0
2013-02-25,2017,55.0
2013-02-26,2017,55.0
2013-02-27,2017,55.0
2013-02-28,2017,55.0
2013-03-01,2017,55.0
2013-03-04,2017,55.0
2013-03-05,2017,55.0
2013-03-06,2017,55.0
2013-03-07,2017,50.0
2013-03-08,2017,50.0
2013-03-11,2017,50.0
2013-03-12,2017,50.0
2013-03-13,2017,50.0
2013-03-14,2017,55.0
2013-03-15,2017,55.0
2013-03-18,2017,55.0
2013-03-19,2017,55.0
2013-03-20,2017,55.0
2013-03-21,2017,55.0
2013-03-22,2017,55.0
2013-03-25,2017,55.0
2013-03-26,2017,55.0
2013-03-27,2017,55.0
2013-03-28,2017,55.0
2013-04-01,2017,57.5
2013-04-02,2017,57.5
2013-04-03,2017,57.5
2013-04-04,2017,57.5
2013-04-05,2017,57.5
2013-04-08,2017,55.0
2013-04-09,2017,55.0
2013-04-10,2017,55.0
2013-04-11,2017,55.0
2013-04-12,2017,55.0
2013-04-15,2017,55.0
2013-04-16,2017,55.0
2013-04-17,2017,55.0
2013-04-18,2017,55.0
2013-04-19,2017,55.0
2013-04-22,2017,55.0
2013-04-23,2017,55.0
2013-04-24,2017,55.0
2013-04-25,2017,55.0
2013-04-26,2017,55.0
2013-04-29,2017,55.0
2013-04-30,2017,55.0
2013-05-02,2017,52.5
2013-05-03,2017,52.5
2013-05-06,2017,55.0
2013-05-07,2017,55.0
2013-05-08,2017,55.0
2013-05-09,2017,55.0
2013-05-10,2017,55.0
2013-05-13,2017,55.0
2013-05-14,2017,55.0
2013-05-15,2017,55.5
2013-05-16,2017,55.0
2013-05-17,2017,55.0
2013-05-20,2017,56.0
2013-05-21,2017,56.5
2013-05-22,2017,56.5
2013-05-23,2017,56.5
2013-05-24,2017,56.5
2013-05-27,2017,57.0
2013-05-28,2017,57.0
2013-05-29,2017,57.0
2013-05-31,2017,57.0
2013-06-03,2017,57.0
2013-06-04,2017,57.0
2013-06-05,2017,57.0
2013-06-06,2017,57.0
2013-06-07,2017,58.0
2013-06-10,2017,58.0
2013-06-11,2017,58.0
2013-06-12,2017,58.0
2013-06-13,2017,59.0
2013-06-14,2017,60.0
2013-06-17,2017,60.0
2013-06-18,2017,60.0
2013-06-19,2017,60.0
2013-06-20,2017,60.0
2013-06-21,2017,61.2
2013-06-24,2017,61.2
2013-06-25,2017,61.2
2013-06-26,2017,61.2
2013-06-27,2017,58.0
2013-06-28,2017,58.0
2013-07-01,2017,59.0
2013-07-02,2017,58.0
2013-07-03,2017,58.0
2013-07-04,2017,58.0
2013-07-05,2017,58.0
2013-07-08,2017,58.0
2013-07-09,2017,58.0
2013-07-10,2017,58.0
2013-07-11,2017,57.15
2013-07-12,2017,57.15
2013-07-15,2017,58.0
2013-07-16,2017,56.5
2013-07-17,2017,56.5
2013-07-18,2017,56.5
2013-07-19,2017,56.5
2013-07-22,2017,56.5
2013-07-23,2017,56.5
2013-07-24,2017,56.5
2013-07-25,2017,56.5
2013-07-26,2017,56.5
2013-07-29,2017,55.0
2013-07-30,2017,55.5
2013-07-31,2017,56.0
2013-08-01,2017,57.0
2013-08-02,2017,57.0
2013-08-05,2017,58.0
2013-08-06,2017,58.0
2013-08-07,2017,58.0
2013-08-08,2017,58.0
2013-08-09,2017,58.0
2013-08-12,2017,58.0
2013-08-13,2017,58.0
2013-08-14,2017,58.0
2013-08-15,2017,58.0
2013-08-16,2017,59.0
2013-08-19,2017,59.0
2013-08-20,2017,59.0
2013-08-21,2017,60.0
2013-08-22,2017,60.0
2013-08-23,2017,60.0
2013-08-26,2017,60.0
2013-08-27,2017,60.0
2013-08-28,2017,60.0
2013-08-29,2017,60.0
2013-08-30,2017,60.0
2013-09-02,2017,60.0
2013-09-03,2017,60.0
2013-09-04,2017,60.0
2013-09-05,2017,60.0
2013-09-06,2017,60.0
2013-09-09,2017,60.0
2013-09-10,2017,60.0
2013-09-11,2017,60.0
2013-09-12,2017,60.0
2013-09-13,2017,60.0
2013-09-16,2017,60.0
2013-09-17,2017,60.0
2013-09-18,2017,60.0
2013-09-19,2017,60.0
2013-09-20,2017,60.0
2013-09-23,2017,60.0
2013-09-24,2017,60.0
2013-09-25,2017,60.0
2013-09-26,2017,60.0
2013-09-27,2017,60.0
2013-09-30,2017,60.0
2013-10-01,2017,60.0
2013-10-02,2017,60.0
2013-10-03,2017,60.0
2013-10-04,2017,60.0
2013-10-07,2017,60.0
2013-10-08,2017,60.0
2013-10-09,2017,60.0
2013-10-10,2017,60.0
2013-10-11,2017,60.0
2013-10-14,2017,60.0
2013-10-15,2017,60.0
2013-10-16,2017,60.0
2013-10-17,2017,60.0
2013-10-18,2017,60.0
2013-10-21,2017,60.0
2013-10-22,2017,57.5
2013-10-23,2017,57.5
2013-10-24,2017,57.5
2013-10-25,2017,57.5
2013-10-28,2017,57.5
2013-10-29,2017,57.5
2013-10-30,2017,57.5
2013-10-31,2017,55.0
2013-11-01,2017,55.0
2013-11-04,2017,55.0
2013-11-05,2017,57.5
2013-11-06,2017,57.5
2013-11-07,2017,60.0
2013-11-08,2017,60.0
2013-11-11,2017,60.0
2013-11-12,2017,60.0
2013-11-13,2017,60.0
2013-11-14,2017,60.0
2013-11-18,2017,60.0
2013-11-19,2017,60.0
2013-11-20,2017,60.0
2013-11-21,2017,60.0
2013-11-22,2017,60.0
2013-11-25,2017,60.0
2013-11-26,2017,60.0
2013-11-27,2017,60.0
2013-11-28,2017,60.0
2013-11-29,2017,60.0
2013-12-02,2017,60.0
2013-12-03,2017,60.0
2013-12-04,2017,60.0
2013-12-05,2017,60.0
2013-12-06,2017,60.0
2013-12-09,2017,60.0
2013-12-10,2017,60.0
2013-12-11,2017,60.0
2013-12-12,2017,60.0
2013-12-13,2017,60.0
2013-12-16,2017,60.0
2013-12-17,2017,60.0
2013-12-18,2017,60.0
2013-12-19,2017,60.0
2013-12-20,2017,60.0
2013-12-23,2017,60.0
2013-12-24,2017,60.0
2013-12-26,2017,60.0
2013-12-27,2017,60.0
2013-12-30,2017,60.0
2013-12-31,2017,60.0
2014-01-02,2017,60.0
2014-01-03,2017,60.0
2014-01-06,2017,60.0
2014-01-07,2017,60.0
2014-01-08,2017,60.0
2014-01-09,2017,60.0
2014-01-10,2017,60.0
2014-01-13,2017,60.0
2014-01-14,2017,60.0
2014-01-15,2017,60.0
2014-01-16,2017,60.0
2014-01-17,2017,60.0
2014-01-20,2017,60.0
2014-01-21,2017,60.0
2014-01-22,2017,60.0
2014-01-23,2017,60.0
2014-01-24,2017,60.0
2014-01-27,2017,60.0
2014-01-28,2017,60.0
2014-01-29,2017,60.0
2014-01-30,2017,60.0
2014-01-31,2017,60.0
2014-02-03,2017,60.0
2014-02-04,2017,60.0
2014-02-05,2017,60.0
2014-02-06,2017,60.0
2014-02-07,2017,60.0
2014-02-10,2017,60.0
2014-02-11,2017,60.0
2014-02-12,2017,60.0
2014-02-13,2017,60.0
2014-02-14,2017,60.0
2014-02-17,2017,60.0
2014-02-18,2017,60.0
2014-02-19,2017,60.0
2014-02-20,2017,60.0
2014-02-21,2017,60.0
2014-02-24,2017,60.0
2014-02-25,2017,60.0
2014-02-26,2017,60.0
2014-02-27,2017,60.0
2014-02-28,2017,60.0
2014-03-05,2017,60.0
2014-03-06,2017,60.0
2014-03-07,2017,60.0
2014-03-10,2017,60.0
2014-03-11,2017,60.0
2014-03-12,2017,60.0
2014-03-13,2017,60.0
2014-03-14,2017,60.0
2014-03-17,2017,60.0
2014-03-18,2017,60.0
2014-03-19,2017,60.0
2014-03-20,2017,60.0
2014-03-21,2017,57.5
2014-03-24,2017,57.5
2014-03-25,2017,57.5
2014-03-26,2017,60.0
2014-03-27,2017,60.0
2014-03-28,2017,60.0
2014-03-31,2017,60.0
2014-04-01,2017,60.0
2014-04-02,2017,60.0
2014-04-03,2017,60.0
2014-04-04,2017,60.0
2014-04-07,2017,60.0
2014-04-08,2017,60.0
2014-04-09,2017,60.0
2014-04-10,2017,60.0
2014-04-11,2017,60.0
2014-04-14,2017,60.0
2014-04-15,2017,60.0
2014-04-16,2017,60.0
2014-04-17,2017,60.0
2014-04-22,2017,60.0
2014-04-23,2017,60.0
2014-04-24,2017,60.0
2014-04-25,2017,60.0
2014-04-28,2017,60.0
2014-04-29,2017,60.0
2014-04-30,2017,60.0
2014-05-02,2017,60.0
2014-05-05,2017,60.0
2014-05-06,2017,60.0
2014-05-07,2017,60.0
2014-05-08,2017,60.0
2014-05-09,2017,60.0
2014-05-12,2017,60.0
2014-05-13,2017,60.0
2014-05-14,2017,60.0
2014-05-15,2017,60.0
2014-05-16,2017,60.0
2014-05-19,2017,60.0
2014-05-20,2017,60.0
2014-05-21,2017,60.0
2014-05-22,2017,60.0
2014-05-23,2017,60.0
2014-05-26,2017,60.0
2014-05-27,2017,60.0
2014-05-28,2017,60.0
2014-05-29,2017,60.0
2014-05-30,2017,60.0
2014-06-02,2017,58.5
2014-06-03,2017,60.0
2014-06-04,2017,60.0
2014-06-05,2017,60.0
2014-06-06,2017,60.0
2014-06-09,2017,60.0
2014-06-10,2017,60.0
2014-06-11,2017,60.0
2014-06-12,2017,60.0
2014-06-13,2017,60.0
2014-06-16,2017,60.0
2014-06-17,2017,60.0
2014-06-18,2017,60.0
2014-06-20,2017,60.0
2014-06-23,2017,60.0
2014-06-24,2017,60.0
2014-06-25,2017,60.0
2014-06-26,2017,60.0
2014-06-27,2017,60.0
2014-06-30,2017,60.0
2014-07-01,2017,60.0
2014-07-02,2017,60.0
2014-07-03,2017,60.0
2014-07-04,2017,60.0
2014-07-07,2017,57.5
2014-07-08,2017,60.0
2014-07-09,2017,60.0
2014-07-10,2017,58.5
2014-07-11,2017,60.0
2014-07-14,2017,60.0
2014-07-15,2017,60.0
2014-07-16,2017,60.0
2014-07-17,2017,58.5
2014-07-18,2017,58.5
2014-07-21,2017,58.5
2014-07-22,2017,58.5
2014-07-23,2017,56.0
2014-07-24,2017,56.0
2014-07-25,2017,56.0
2014-07-28,2017,56.0
2014-07-29,2017,56.0
2014-07-30,2017,56.0
2014-07-31,2017,55.0
2014-08-01,2017,55.0
2014-08-04,2017,55.0
2014-08-05,2017,56.0
2014-08-06,2017,57.0
2014-08-07,2017,57.0
2014-08-08,2017,57.0
2014-08-11,2017,57.0
2014-08-12,2017,57.0
2014-08-13,2017,57.0
2014-08-14,2017,57.0
2014-08-15,2017,57.0
2014-08-18,2017,57.0
2014-08-19,2017,57.0
2014-08-20,2017,57.0
2014-08-21,2017,57.0
2014-08-22,2017,57.0
2014-08-25,2017,57.0
2014-08-26,2017,57.0
2014-08-27,2017,58.5
2014-08-28,2017,57.0
2014-08-29,2017,57.0
2014-09-01,2017,57.0
2014-09-02,2017,57.0
2014-09-03,2017,57.0
2014-09-04,2017,57.0
2014-09-05,2017,57.0
2014-09-08,2017,57.0
2014-09-09,2017,57.0
2014-09-10,2017,57.0
2014-09-11,2017,57.0
2014-09-12,2017,57.0
2014-09-15,2017,57.0
2014-09-16,2017,57.0
2014-09-17,2017,57.0
2014-09-18,2017,57.0
2014-09-19,2017,57.0
2014-09-22,2017,57.0
2014-09-23,2017,57.0
2014-09-24,2017,57.0
2014-09-25,2017,57.0
2014-09-26,2017,57.0
2014-09-29,2017,57.0
2014-09-30,2017,57.0
2014-10-01,2017,57.0
2014-10-02,2017,57.0
2014-10-03,2017,58.5
2014-10-06,2017,58.5
2014-10-07,2017,58.5
2014-10-08,2017,60.0
2014-10-09,2017,58.5
2014-10-10,2017,58.5
2014-10-13,2017,60.0
2014-10-14,2017,60.0
2014-10-15,2017,60.0
2014-10-16,2017,60.0
2014-10-17,2017,60.0
2014-10-20,2017,60.0
2014-10-21,2017,60.0
2014-10-22,2017,60.0
2014-10-23,2017,60.0
2014-10-24,2017,60.0
2014-10-27,2017,60.0
2014-10-28,2017,60.0
2014-10-29,2017,60.0
2014-10-30,2017,60.0
2014-10-31,2017,60.0
2014-11-03,2017,60.0
2014-11-04,2017,60.0
2014-11-05,2017,60.0
2014-11-06,2017,60.0
2014-11-07,2017,60.0
2014-11-10,2017,60.0
2014-11-11,2017,60.0
2014-11-12,2017,60.0
2014-11-13,2017,60.0
2014-11-14,2017,60.0
2014-11-17,2017,60.0
2014-11-18,2017,57.0
2014-11-19,2017,57.0
2014-11-20,2017,57.0
2014-11-21,2017,57.0
2014-11-24,2017,57.0
2014-11-25,2017,57.0
2014-11-26,2017,57.0
2014-11-27,2017,57.0
2014-11-28,2017,57.0
2014-12-01,2017,58.5
2014-12-02,2017,60.0
2014-12-03,2017,58.5
2014-12-04,2017,58.5
2014-12-05,2017,60.0
2014-12-08,2017,58.5
2014-12-09,2017,58.5
2014-12-10,2017,58.5
2014-12-11,2017,58.5
2014-12-12,2017,58.5
2014-12-15,2017,57.0
2014-12-16,2017,58.5
2014-12-17,2017,58.5
2014-12-18,2017,58.5
2014-12-19,2017,58.5
2014-12-22,2017,58.5
2014-12-23,2017,60.0
2014-12-24,2017,60.0
2014-12-26,2017,60.0
2014-12-29,2017,60.0
2014-12-30,2017,60.0
2014-12-31,2017,60.0
2015-01-02,2017,60.0
2015-01-05,2017,60.0
2015-01-06,2017,60.0
2015-01-07,2017,60.0
2015-01-08,2017,60.0
2015-01-09,2017,60.0
2015-01-12,2017,60.0
2015-01-13,2017,60.0
2015-01-14,2017,60.0
2015-01-15,2017,60.0
2015-01-16,2017,60.0
2015-01-19,2017,60.0
2015-01-20,2017,60.0
2015-01-21,2017,60.0
2015-01-22,2017,60.0
2015-01-23,2017,60.0
2015-01-26,2017,58.5
2015-01-27,2017,58.5
2015-01-28,2017,58.5
2015-01-29,2017,57.0
2015-01-30,2017,58.5
2015-02-02,2017,60.0
2015-02-03,2017,60.0
2015-02-04,2017,60.0
2015-02-05,2017,60.0
2015-02-06,2017,60.0
2015-02-09,2017,56.0
2015-02-10,2017,56.0
2015-02-11,2017,56.0
2015-02-12,2017,60.0
2015-02-13,2017,60.0
2015-02-18,2017,60.0
2015-02-19,2017,60.0
2015-02-20,2017,60.0
2015-02-23,2017,60.0
2015-02-24,2017,60.0
2015-02-25,2017,60.0
2015-02-26,2017,60.0
2015-02-27,2017,60.0
2015-03-02,2017,60.0
2015-03-03,2017,60.0
2015-03-04,2017,60.0
2015-03-05,2017,60.0
2015-03-06,2017,60.0
2015-03-09,2017,60.0
2015-03-10,2017,60.0
2015-03-11,2017,60.0
2015-03-12,2017,60.0
2015-03-13,2017,60.0
2015-03-16,2017,60.0
2015-03-17,2017,60.0
2015-03-18,2017,60.0
2015-03-19,2017,60.0
2015-03-20,2017,60.0
2015-03-23,2017,58.0
2015-03-24,2017,58.0
2015-03-25,2017,60.0
2015-03-26,2017,60.0
2015-03-27,2017,60.0
2015-03-30,2017,60.0
2015-03-31,2017,60.0
2015-04-01,2017,60.0
2015-04-02,2017,60.0
2015-04-06,2017,60.0
2015-04-07,2017,60.0
2015-04-08,2017,60.0
2015-04-09,2017,60.0
2015-04-10,2017,60.0
2015-04-13,2017,60.0
2015-04-14,2017,60.0
2015-04-15,2017,60.0
2015-04-16,2017,60.0
2015-04-17,2017,60.0
2015-04-20,2017,60.0
2015-04-22,2017,60.0
2015-04-23,2017,60.0
2015-04-24,2017,60.0
2015-04-27,2017,60.0
2015-04-28,2017,60.0
2015-04-29,2017,60.0
2015-04-30,2017,60.0
2015-05-04,2017,60.0
2015-05-05,2017,60.0
2015-05-06,2017,60.0
2015-05-07,2017,60.0
2015-05-08,2017,60.0
2015-05-11,2017,60.45
2015-05-12,2017,60.45
2015-05-13,2017,64.0
2015-05-14,2017,64.0
2015-05-15,2017,67.0
2015-05-18,2017,68.0
2015-05-19,2017,67.0
2015-05-20,2017,69.0
2015-05-21,2017,69.0
2015-05-22,2017,69.0
2015-05-25,2017,70.0
2015-05-26,2017,70.0
2015-05-27,2017,70.0
2015-05-28,2017,70.0
2015-05-29,2017,70.0
2015-06-01,2017,70.0
2015-06-02,2017,70.0
2015-06-03,2017,70.0
2015-06-05,2017,70.0
2015-06-08,2017,70.0
2015-06-09,2017,70.0
2015-06-10,2017,70.0
2015-06-11,2017,69.0
2015-06-12,2017,69.0
2015-06-15,2017,68.0
2015-06-16,2017,67.0
2015-06-17,2017,67.0
2015-06-18,2017,68.0
2015-06-19,2017,67.0
2015-06-22,2017,67.0
2015-06-23,2017,67.0
2015-06-24,2017,67.0
2015-06-25,2017,67.0
2015-06-26,2017,67.0
2015-06-29,2017,68.0
2015-06-30,2017,68.0
2015-07-01,2017,68.0
2015-07-02,2017,68.0
2015-07-03,2017,68.0
2015-07-06,2017,66.0
2015-07-07,2017,67.0
2015-07-08,2017,67.0
2015-07-09,2017,68.0
2015-07-10,2017,67.0
2015-07-13,2017,68.0
2015-07-14,2017,70.0
2015-07-15,2017,70.0
2015-07-16,2017,70.0
2015-07-17,2017,70.0
2015-07-20,2017,69.0
2015-07-21,2017,68.0
2015-07-22,2017,68.0
2015-07-23,2017,68.0
2015-07-24,2017,68.0
2015-07-27,2017,68.0
2015-07-28,2017,68.0
2015-07-29,2017,68.0
2015-07-30,2017,67.0
2015-07-31,2017,68.0
2015-08-03,2017,67.0
2015-08-04,2017,67.0
2015-08-05,2017,67.0
2015-08-06,2017,67.0
2015-08-07,2017,67.0
2015-08-10,2017,67.0
2015-08-11,2017,67.0
2015-08-12,2017,67.0
2015-08-13,2017,67.0
2015-08-14,2017,66.0
2015-08-17,2017,65.9
2015-08-18,2017,65.9
2015-08-19,2017,65.9
2015-08-20,2017,65.9
2015-08-21,2017,65.9
2015-08-24,2017,65.9
2015-08-25,2017,65.45
2015-08-26,2017,65.45
2015-08-27,2017,65.45
2015-08-28,2017,65.45
2015-08-31,2017,65.45
2015-09-01,2017,65.45
2015-09-02,2017,65.45
2015-09-03,2017,65.45
2015-09-04,2017,65.0
2015-09-08,2017,65.45
2015-09-09,2017,65.45
2015-09-10,2017,65.9
2015-09-11,2017,65.45
2015-09-14,2017,65.45
2015-09-15,2017,65.45
2015-09-16,2017,65.45
2015-09-17,2017,65.9
2015-09-18,2017,65.0
2015-09-21,2017,65.0
2015-09-22,2017,65.0
2015-09-23,2017,65.0
2015-09-24,2017,65.0
2015-09-25,2017,65.0
2015-09-28,2017,61.5
2015-09-29,2017,61.5
2015-09-30,2017,61.5
2015-10-01,2017,61.5
2015-10-02,2017,61.5
2015-10-05,2017,60.0
2015-10-06,2017,60.0
2015-10-07,2017,60.0
2015-10-08,2017,60.0
2015-10-09,2017,60.0
2015-10-13,2017,60.0
2015-10-14,2017,60.0
2015-10-15,2017,60.0
2015-10-16,2017,60.0
2015-10-19,2017,60.0
2015-10-20,2017,60.0
2015-10-21,2017,60.0
2015-10-22,2017,60.0
2015-10-23,2017,60.0
2015-10-26,2017,60.0
2015-10-27,2017,60.0
2015-10-28,2017,60.0
2015-10-29,2017,60.0
2015-10-30,2017,60.0
2015-11-03,2017,60.0
2015-11-04,2017,60.0
2015-11-05,2017,60.0
2015-11-06,2017,60.0
2015-11-09,2017,60.0
2015-11-10,2017,60.0
2015-11-11,2017,60.0
2015-11-12,2017,60.0
2015-11-13,2017,60.0
2015-11-16,2017,60.0
2015-11-17,2017,60.0
2015-11-18,2017,60.0
2015-11-19,2017,60.0
2015-11-20,2017,60.0
2015-11-23,2017,60.0
2015-11-24,2017,60.0
2015-11-25,2017,60.0
2015-11-26,2017,60.0
2015-11-27,2017,60.0
2015-11-30,2017,60.0
2015-12-01,2017,60.0
2015-12-02,2017,60.0
2015-12-03,2017,60.0
2015-12-04,2017,60.0
2015-12-07,2017,60.0
2015-12-08,2017,60.0
2015-12-09,2017,60.0
2015-12-10,2017,60.0
2015-12-11,2017,60.0
2015-12-14,2017,60.0
2015-12-15,2017,60.0
2015-12-16,2017,60.0
2015-12-17,2017,60.0
2015-12-18,2017,60.0
2015-12-21,2017,60.0
2015-12-22,2017,60.0
2015-12-23,2017,60.0
2015-12-24,2017,60.0
2015-12-28,2017,60.0
2015-12-29,2017,60.0
2015-12-30,2017,60.0
2015-12-31,2017,60.0
2016-01-04,2017,60.0
2016-01-05,2017,60.0
2016-01-06,2017,60.0
2016-01-07,2017,60.0
2016-01-08,2017,60.0
2016-01-11,2017,57.5
2016-01-12,2017,57.5
2016-01-13,2017,57.5
2016-01-14,2017,60.0
2016-01-15,2017,60.0
2016-01-18,2017,60.0
2016-01-19,2017,60.0
2016-01-20,2017,60.0
2016-01-21,2017,60.0
2016-01-22,2017,60.0
2016-01-25,2017,60.0
2016-01-26,2017,60.0
2016-01-27,2017,60.0
2016-01-28,2017,60.0
2016-01-29,2017,60.0
2016-02-01,2017,60.0
2016-02-02,2017,60.0
2016-02-03,2017,60.0
2016-02-04,2017,60.0
2016-02-05,2017,60.0
2016-02-10,2017,60.0
2016-02-11,2017,60.0
2016-02-12,2017,60.0
2016-02-15,2017,58.05
2016-02-16,2017,58.05
2016-02-17,2017,56.1
2016-02-18,2017,55.55
2016-02-19,2017,55.55
2016-02-22,2017,55.55
2016-02-23,2017,55.55
2016-02-24,2017,56.1
2016-02-25,2017,56.1
2016-02-26,2017,55.55
2016-02-29,2017,55.0
2016-03-01,2017,55.0
2016-03-02,2017,55.0
2016-03-03,2017,57.5
2016-03-04,2017,57.5
2016-03-07,2017,53.5
2016-03-08,2017,54.0
2016-03-09,2017,56.25
2016-03-10,2017,56.25
2016-03-11,2017,56.25
2016-03-14,2017,57.5
2016-03-15,2017,57.5
2016-03-16,2017,57.5
2016-03-17,2017,57.5
2016-03-18,2017,57.5
2016-03-21,2017,56.25
2016-03-22,2017,55.0
2016-03-23,2017,55.0
2016-03-24,2017,55.25
2016-03-28,2017,54.0
2016-03-29,2017,54.0
2016-03-30,2017,54.0
2016-03-31,2017,54.0
2016-04-01,2017,54.0
2016-04-04,2017,55.0
2016-04-05,2017,55.0
2016-04-06,2017,55.0
2016-04-07,2017,56.25
2016-04-08,2017,55.0
2016-04-11,2017,55.0
2016-04-12,2017,55.0
2016-04-13,2017,55.0
2016-04-14,2017,55.0
2016-04-15,2017,55.0
2016-04-18,2017,55.0
2016-04-19,2017,55.0
2016-04-20,2017,55.0
2016-04-22,2017,60.0
2016-04-25,2017,60.0
2016-04-26,2017,60.0
2016-04-27,2017,60.0
2016-04-28,2017,60.0
2016-04-29,2017,60.0
2016-05-02,2017,60.0
2016-05-03,2017,60.0
2016-05-04,2017,60.0
2016-05-05,2017,60.0
2016-05-06,2017,60.0
2016-05-09,2017,60.0
2016-05-10,2017,60.0
2016-05-11,2017,60.0
2016-05-12,2017,60.0
2016-05-13,2017,60.0
2016-05-16,2017,60.0
2016-05-17,2017,60.0
2016-05-18,2017,60.0
2016-05-19,2017,60.0
2016-05-20,2017,60.0
2016-05-23,2017,60.0
2016-05-24,2017,60.0
2016-05-25,2017,60.0
2016-05-27,2017,60.0
2016-05-30,2017,60.0
2016-05-31,2017,60.0
2016-06-01,2017,60.0
2016-06-02,2017,60.0
2016-06-03,2017,60.0
2016-06-06,2017,60.0
2016-06-07,2017,60.0
2016-06-08,2017,60.0
2016-06-09,2017,60.0
2016-06-10,2017,60.0
2016-06-13,2017,60.0
2016-06-14,2017,60.0
2016-06-15,2017,60.0
2016-06-16,2017,60.0
2016-06-17,2017,60.0
2016-06-20,2017,60.0
2016-06-21,2017,60.0
2016-06-22,2017,60.0
2016-06-23,2017,60.0
2016-06-24,2017,60.0
2016-06-27,2017,60.0
2016-06-28,2017,60.0
2016-06-29,2017,60.0
2016-06-30,2017,60.0
2016-07-01,2017,60.0
2016-07-04,2017,65.0
2016-07-05,2017,65.0
2016-07-06,2017,65.0
2016-07-07,2017,65.0
2016-07-08,2017,65.0
2016-07-11,2017,65.0
2016-07-12,2017,65.0
2016-07-13,2017,65.0
2016-07-14,2017,65.0
2016-07-15,2017,65.0
2016-07-18,2017,65.0
2016-07-19,2017,65.0
2016-07-20,2017,65.0
2016-07-21,2017,65.0
2016-07-22,2017,65.0
2016-07-25,2017,65.0
2016-07-26,2017,65.0
2016-07-27,2017,65.0
2016-07-28,2017,65.0
2016-07-29,2017,65.0
2016-08-01,2017,65.0
2016-08-02,2017,65.0
2016-08-03,2017,65.0
2016-08-04,2017,65.0
2016-08-05,2017,65.0
2016-08-08,2017,65.0
2016-08-09,2017,65.0
2016-08-10,2017,65.0
2016-08-11,2017,65.0
2016-08-12,2017,65.0
2016-08-15,2017,65.0
2016-08-16,2017,65.0
2016-08-17,2017,65.0
2016-08-18,2017,65.0
2016-08-19,2017,65.0
2016-08-22,2017,65.0
2016-08-23,2017,65.0
2016-08-24,2017,65.0
2016-08-25,2017,65.0
2016-08-26,2017,65.0
2016-08-29,2017,65.0
2016-08-30,2017,65.0
2016-08-31,2017,65.0
2016-09-01,2017,65.0
2016-09-02,2017,65.0
2016-09-05,2017,63.75
2016-09-06,2017,65.0
2016-09-08,2017,65.0
2016-09-09,2017,65.0
2016-09-12,2017,65.0
2016-09-13,2017,65.0
2016-09-14,2017,65.0
2016-09-15,2017,65.0
2016-09-16,2017,65.0
2016-09-19,2017,65.0
2016-09-20,2017,65.0
2016-09-21,2017,65.0
2016-09-22,2017,65.0
2016-09-23,2017,65.0
2016-09-26,2017,65.0
2016-09-27,2017,65.0
2016-09-28,2017,65.0
2016-09-29,2017,65.0
2016-09-30,2017,65.0
2016-10-03,2017,65.0
2016-10-04,2017,65.0
2016-10-05,2017,65.0
2016-10-06,2017,65.0
2016-10-07,2017,65.0
2016-10-10,2017,65.45
2016-10-11,2017,65.45
2016-10-13,2017,65.0
2016-10-14,2017,65.45
2016-10-17,2017,65.9
2016-10-18,2017,66.37
2016-10-19,2017,66.85
2016-10-20,2017,68.0
2016-10-21,2017,68.0
2016-10-24,2017,68.25
2016-10-25,2017,68.25
2016-10-26,2017,68.25
2016-10-27,2017,68.0
2016-10-28,2017,68.0
2016-10-31,2017,66.85
2016-11-01,2017,67.42
2016-11-03,2017,68.25
2016-11-04,2017,68.5
2016-11-07,2017,70.0
2016-11-08,2017,70.0
2016-11-09,2017,69.25
2016-11-10,2017,69.5
2016-11-11,2017,70.0
2016-11-14,2017,70.0
2016-11-16,2017,70.0
2016-11-17,2017,70.0
2016-11-18,2017,70.0
2016-11-21,2017,70.0
2016-11-22,2017,70.0
2016-11-23,2017,70.0
2016-11-24,2017,70.0
2016-11-25,2017,70.0
2016-11-28,2017,70.0
2016-11-29,2017,70.0
2016-11-30,2017,70.0
2016-12-01,2017,70.0
2016-12-02,2017,70.0
2016-12-05,2017,70.0
2016-12-06,2017,70.0
2016-12-07,2017,70.0
2016-12-08,2017,70.0
2016-12-09,2017,70.0
2016-12-12,2017,70.0
2016-12-13,2017,70.0
2016-12-14,2017,70.0
2016-12-15,2017,70.0
2016-12-16,2017,70.0
2016-12-19,2017,70.0
2016-12-20,2017,70.0
2016-12-21,2017,70.0
2016-12-22,2017,70.0
2016-12-23,2017,70.0
2016-12-26,2017,70.0
2016-12-27,2017,70.0
2016-12-28,2017,70.0
2016-12-29,2017,70.0
2016-12-30,2017,70.0
2017-01-02,2017,70.0
2017-01-03,2017,70.0
2017-01-04,2017,70.0
2017-01-05,2017,70.0
2017-01-06,2017,70.0
2017-01-09,2017,70.0
2017-01-10,2017,70.0
2017-01-11,2017,70.0
2017-01-12,2017,70.0
2017-01-13,2017,70.0
2017-01-16,2017,70.0
2017-01-17,2017,70.0
2017-01-18,2017,70.0
2017-01-19,2017,70.0
2017-01-20,2017,70.0
2017-01-23,2017,70.0
2017-01-24,2017,70.0
2017-01-25,2017,70.0
2017-01-26,2017,70.0
2017-01-27,2017,70.0
2017-01-30,2017,70.0
2017-01-31,2017,70.0
2017-02-01,2017,70.0
2017-02-02,2017,70.0
2017-02-03,2017,70.0
2017-02-06,2017,70.0
2017-02-07,2017,70.0
2017-02-08,2017,70.0
2017-02-09,2017,70.0
2017-02-10,2017,70.0
2017-02-13,2017,70.0
2017-02-14,2017,70.0
2017-02-15,2017,70.0
2017-02-16,2017,70.0
2017-02-17,2017,71.0
2017-02-20,2017,72.0
2017-02-21,2017,72.0
2017-02-22,2017,72.0
2017-02-23,2017,72.0
2017-02-24,2017,72.0
2017-03-01,2017,71.0
2017-03-02,2017,70.0
2017-03-03,2017,72.0
2017-03-06,2017,72.0
2017-03-07,2017,72.0
2017-03-08,2017,72.0
2017-03-09,2017,72.0
2017-03-10,2017,72.0
2017-03-13,2017,72.0
2017-03-14,2017,72.0
2017-03-15,2017,73.5
2017-03-16,2017,73.5
2017-03-17,2017,72.0
2017-03-20,2017,75.0
2017-03-21,2017,73.5
2017-03-22,2017,72.0
2017-03-23,2017,72.0
2017-03-24,2017,73.5
2017-03-27,2017,75.0
2017-03-28,2017,75.0
2017-03-29,2017,75.0
2017-03-30,2017,75.0
2017-03-31,2017,75.0
2017-04-03,2017,75.0
2017-04-04,2017,75.0
2017-04-05,2017,75.0
2017-04-06,2017,75.0
2017-04-07,2017,75.0
2017-04-10,2017,75.0
2017-04-11,2017,75.0
2017-04-12,2017,75.0
2017-04-13,2017,75.0
2017-04-17,2017,75.0
2017-04-18,2017,75.0
2017-04-19,2017,75.0
2017-04-20,2017,75.0
2017-04-24,2017,77.0
2017-04-25,2017,77.0
2017-04-26,2017,78.0
2017-04-27,2017,78.0
2017-04-28,2017,78.0
2017-05-02,2017,79.0
2017-05-03,2017,78.0
2017-05-04,2017,78.0
2017-05-05,2017,76.0
2017-05-08,2017,78.0
2017-05-09,2017,77.0
2017-05-10,2017,77.5
2017-05-11,2017,77.5
2017-05-12,2017,78.5
2017-05-15,2017,78.5
2017-05-16,2017,78.5
2017-05-17,2017,78.57
2017-05-18,2017,79.0
2017-05-19,2017,79.5
2017-05-22,2017,78.57
2017-05-23,2017,78.57
2017-05-24,2017,78.57
2017-05-25,2017,78.79
2017-05-26,2017,79.0
2017-05-29,2017,78.57
2017-05-30,2017,78.57
2017-05-31,2017,78.57
2017-06-01,2017,78.57
2017-06-02,2017,78.0
2017-06-05,2017,78.57
2017-06-06,2017,78.57
2017-06-07,2017,78.57
2017-06-08,2017,78.57
2017-06-09,2017,80.0
2017-06-12,2017,80.0
2017-06-13,2017,79.29
2017-06-14,2017,79.29
2017-06-16,2017,78.57
2017-06-19,2017,80.0
2017-06-20,2017,80.0
2017-06-21,2017,80.0
2017-06-22,2017,75.0
2017-06-23,2017,75.0
2017-06-26,2017,75.0
2017-06-27,2017,75.0
2017-06-28,2017,75.0
2017-06-29,2017,75.0
2017-06-30,2017,75.0
2017-07-03,2017,75.0
2017-07-04,2017,75.0
2017-07-05,2017,75.0
2017-07-06,2017,75.0
2017-07-07,2017,75.0
2017-07-10,2017,75.0
2017-07-11,2017,75.0
2017-07-12,2017,75.0
2017-07-13,2017,75.0
2017-07-14,2017,75.0
2017-07-17,2017,75.0
2017-07-18,2017,75.0
2017-07-19,2017,75.0
2017-07-20,2017,75.0
2017-07-21,2017,75.0
2017-07-24,2017,75.0
2017-07-25,2017,75.0
2017-07-26,2017,75.0
2017-07-27,2017,75.0
2017-07-28,2017,75.0
2017-07-31,2017,75.0
2017-08-01,2017,75.0
2017-08-02,2017,75.0
2017-08-03,2017,75.0
2017-08-04,2017,75.0
2017-08-07,2017,75.0
2017-08-08,2017,75.0
2017-08-09,2017,75.0
2017-08-10,2017,75.0
2017-08-11,2017,75.0
2017-08-14,2017,75.0
2017-08-15,2017,76.5
2017-08-16,2017,76.5
2017-08-17,2017,76.5
2017-08-18,2017,75.0
2017-08-21,2017,75.0
2017-08-22,2017,75.0
2017-08-23,2017,75.0
2017-08-24,2017,75.0
2017-08-25,2017,75.0
2017-08-28,2017,75.0
2017-08-29,2017,75.0
2017-08-30,2017,75.0
2017-08-31,2017,75.0
2017-09-01,2017,75.0
2017-09-04,2017,75.0
2017-09-05,2017,75.0
2017-09-06,2017,75.0
2017-09-08,2017,75.0
2017-09-11,2017,75.0
2017-09-12,2017,75.0
2017-09-13,2017,75.0
2017-09-14,2017,75.0
2017-09-15,2017,75.0
2017-09-18,2017,75.0
2017-09-19,2017,75.0
2017-09-20,2017,75.0
2017-09-21,2017,75.0
2017-09-22,2017,75.0
2017-09-25,2017,75.0
2017-09-26,2017,75.0
2017-09-27,2017,75.0
2017-09-28,2017,75.0
2017-09-29,2017,75.0
2017-10-02,2017,75.0
2017-10-03,2017,75.0
2017-10-04,2017,75.0
2017-10-05,2017,75.0
2017-10-06,2017,75.0
2017-10-09,2017,75.0
2017-10-10,2017,75.0
2017-10-11,2017,75.0
2017-10-13,2017,75.0
2017-10-16,2017,75.0
2017-10-17,2017,75.0
2017-10-18,2017,76.0
2017-10-19,2017,76.5
2017-10-20,2017,75.0
2017-10-23,2017,75.0
2017-10-24,2017,75.0
2017-10-25,2017,75.0
2017-10-26,2017,75.0
2017-10-27,2017,75.0
2017-10-30,2017,75.0
2017-10-31,2017,75.0
2017-11-01,2017,75.0
2017-11-03,2017,75.0
2017-11-06,2017,78.0
2017-11-07,2017,76.5
2017-11-08,2017,75.0
2017-11-09,2017,76.5
2017-11-10,2017,80.0
2017-11-13,2017,80.0
2017-11-14,2017,80.0
2017-11-16,2017,80.0
2017-11-17,2017,80.0
2017-11-20,2017,80.0
2017-11-21,2017,80.0
2017-11-22,2017,80.0
2017-11-23,2017,80.0
2017-11-24,2017,80.0
2017-11-27,2017,80.0
2017-11-28,2017,80.0
2017-11-29,2017,80.0
2017-11-30,2017,80.0
2017-12-01,2017,78.0
2017-12-04,2017,78.0
2017-12-05,2017,78.0
2017-12-06,2017,78.0
2017-12-07,2017,80.0
2017-12-08,2017,80.0
2017-12-11,2017,80.0
2017-12-12,2017,80.0
2017-12-13,2017,80.0
2017-12-14,2017,80.0
2017-12-15,2017,80.0
2017-12-18,2017,80.0
2017-12-19,2017,80.0
2017-12-20,2017,80.0
2017-12-21,2017,80.0
2017-12-22,2017,80.0
2017-12-26,2017,80.0
2017-12-27,2017,80.0
2017-12-28,2017,80.0
2017-12-29,2017,80.0
2018-01-02,2017,80.0
2018-01-03,2017,79.0
2018-01-04,2017,79.0
2018-01-05,2017,78.0
2018-01-08,2017,78.0
2018-01-09,2017,78.0
2018-01-10,2017,78.0
2018-01-11,2017,78.0
2018-01-12,2017,80.0
2018-01-15,2017,78.0
2018-01-16,2017,79.0
2018-01-17,2017,79.0
2018-01-18,2017,79.0
2018-01-19,2017,80.0
2018-01-22,2017,76.0
2018-01-23,2017,76.0
2018-01-24,2017,76.0
2018-01-25,2017,76.0
2014-01-24,2018,55.0
2014-01-27,2018,50.0
2014-01-28,2018,50.0
2014-01-29,2018,50.0
2014-01-30,2018,50.0
2014-01-31,2018,52.5
2014-02-03,2018,52.5
2014-02-04,2018,52.5
2014-02-05,2018,52.5
2014-02-06,2018,52.5
2014-02-07,2018,55.0
2014-02-10,2018,57.5
2014-02-11,2018,59.0
2014-02-12,2018,58.0
2014-02-13,2018,58.0
2014-02-14,2018,58.0
2014-02-17,2018,58.0
2014-02-18,2018,60.0
2014-02-19,2018,60.0
2014-02-20,2018,60.0
2014-02-21,2018,60.0
2014-02-24,2018,60.0
2014-02-25,2018,60.0
2014-02-26,2018,60.0
2014-02-27,2018,60.0
2014-02-28,2018,59.0
2014-03-05,2018,59.0
2014-03-06,2018,59.0
2014-03-07,2018,59.0
2014-03-10,2018,58.0
2014-03-11,2018,58.0
2014-03-12,2018,59.0
2014-03-13,2018,58.0
2014-03-14,2018,59.0
2014-03-17,2018,58.0
2014-03-18,2018,58.0
2014-03-19,2018,58.0
2014-03-20,2018,58.0
2014-03-21,2018,56.5
2014-03-24,2018,56.5
2014-03-25,2018,56.5
2014-03-26,2018,58.0
2014-03-27,2018,58.0
2014-03-28,2018,58.0
2014-03-31,2018,58.0
2014-04-01,2018,58.0
2014-04-02,2018,58.0
2014-04-03,2018,58.0
2014-04-04,2018,58.0
2014-04-07,2018,58.0
2014-04-08,2018,58.0
2014-04-09,2018,58.0
2014-04-10,2018,58.0
2014-04-11,2018,58.0
2014-04-14,2018,59.0
2014-04-15,2018,59.0
2014-04-16,2018,59.0
2014-04-17,2018,59.0
2014-04-22,2018,59.0
2014-04-23,2018,59.0
2014-04-24,2018,59.0
2014-04-25,2018,59.0
2014-04-28,2018,58.0
2014-04-29,2018,58.0
2014-04-30,2018,58.0
2014-05-02,2018,58.0
2014-05-05,2018,59.0
2014-05-06,2018,59.0
2014-05-07,2018,59.0
2014-05-08,2018,59.0
2014-05-09,2018,59.0
2014-05-12,2018,59.0
2014-05-13,2018,58.0
2014-05-14,2018,58.0
2014-05-15,2018,58.0
2014-05-16,2018,58.0
2014-05-19,2018,58.0
2014-05-20,2018,58.0
2014-05-21,2018,58.0
2014-05-22,2018,58.0
2014-05-23,2018,58.0
2014-05-26,2018,58.0
2014-05-27,2018,58.0
2014-05-28,2018,58.0
2014-05-29,2018,58.0
2014-05-30,2018,58.0
2014-06-02,2018,58.0
2014-06-03,2018,58.0
2014-06-04,2018,58.0
2014-06-05,2018,58.0
2014-06-06,2018,58.0
2014-06-09,2018,58.0
2014-06-10,2018,58.0
2014-06-11,2018,58.0
2014-06-12,2018,58.0
2014-06-13,2018,58.0
2014-06-16,2018,58.0
2014-06-17,2018,58.0
2014-06-18,2018,58.0
2014-06-20,2018,58.0
2014-06-23,2018,58.0
2014-06-24,2018,58.0
2014-06-25,2018,58.0
2014-06-26,2018,56.0
2014-06-27,2018,56.0
2014-06-30,2018,56.0
2014-07-01,2018,56.0
2014-07-02,2018,56.0
2014-07-03,2018,56.0
2014-07-04,2018,56.0
2014-07-07,2018,55.5
2014-07-08,2018,56.0
2014-07-09,2018,56.0
2014-07-10,2018,57.0
2014-07-11,2018,57.0
2014-07-14,2018,57.0
2014-07-15,2018,57.0
2014-07-16,2018,57.0
2014-07-17,2018,57.0
2014-07-18,2018,57.0
2014-07-21,2018,57.0
2014-07-22,2018,57.0
2014-07-23,2018,55.5
2014-07-24,2018,55.5
2014-07-25,2018,55.5
2014-07-28,2018,55.5
2014-07-29,2018,55.5
2014-07-30,2018,55.5
2014-07-31,2018,56.0
2014-08-01,2018,56.0
2014-08-04,2018,56.0
2014-08-05,2018,56.0
2014-08-06,2018,55.5
2014-08-07,2018,55.5
2014-08-08,2018,55.5
2014-08-11,2018,55.5
2014-08-12,2018,55.5
2014-08-13,2018,55.5
2014-08-14,2018,55.0
2014-08-15,2018,56.5
2014-08-18,2018,55.0
2014-08-19,2018,55.0
2014-08-20,2018,55.0
2014-08-21,2018,55.0
2014-08-22,2018,56.5
2014-08-25,2018,56.5
2014-08-26,2018,56.5
2014-08-27,2018,58.0
2014-08-28,2018,56.5
2014-08-29,2018,56.5
2014-09-01,2018,56.5
2014-09-02,2018,56.5
2014-09-03,2018,56.5
2014-09-04,2018,56.5
2014-09-05,2018,56.5
2014-09-08,2018,60.0
2014-09-09,2018,60.0
2014-09-10,2018,60.0
2014-09-11,2018,60.0
2014-09-12,2018,60.0
2014-09-15,2018,59.0
2014-09-16,2018,59.0
2014-09-17,2018,59.0
2014-09-18,2018,59.0
2014-09-19,2018,59.0
2014-09-22,2018,59.0
2014-09-23,2018,59.0
2014-09-24,2018,59.0
2014-09-25,2018,59.0
2014-09-26,2018,59.0
2014-09-29,2018,59.0
2014-09-30,2018,60.0
2014-10-01,2018,60.0
2014-10-02,2018,60.0
2014-10-03,2018,60.0
2014-10-06,2018,60.0
2014-10-07,2018,60.0
2014-10-08,2018,60.0
2014-10-09,2018,60.0
2014-10-10,2018,60.0
2014-10-13,2018,60.0
2014-10-14,2018,60.0
2014-10-15,2018,60.0
2014-10-16,2018,60.0
2014-10-17,2018,60.0
2014-10-20,2018,60.0
2014-10-21,2018,60.0
2014-10-22,2018,60.0
2014-10-23,2018,60.0
2014-10-24,2018,60.0
2014-10-27,2018,60.0
2014-10-28,2018,60.0
2014-10-29,2018,60.0
2014-10-30,2018,60.0
2014-10-31,2018,60.0
2014-11-03,2018,60.0
2014-11-04,2018,60.0
2014-11-05,2018,60.0
2014-11-06,2018,60.0
2014-11-07,2018,60.0
2014-11-10,2018,60.0
2014-11-11,2018,60.0
2014-11-12,2018,60.0
2014-11-13,2018,60.0
2014-11-14,2018,60.0
2014-11-17,2018,60.0
2014-11-18,2018,60.0
2014-11-19,2018,60.0
2014-11-20,2018,59.0
2014-11-21,2018,59.0
2014-11-24,2018,59.0
2014-11-25,2018,59.0
2014-11-26,2018,59.0
2014-11-27,2018,59.0
2014-11-28,2018,59.0
2014-12-01,2018,60.0
2014-12-02,2018,60.0
2014-12-03,2018,60.0
2014-12-04,2018,60.0
2014-12-05,2018,60.0
2014-12-08,2018,60.0
2014-12-09,2018,60.0
2014-12-10,2018,60.0
2014-12-11,2018,60.0
2014-12-12,2018,59.0
2014-12-15,2018,58.0
2014-12-16,2018,59.0
2014-12-17,2018,59.0
2014-12-18,2018,59.0
2014-12-19,2018,59.0
2014-12-22,2018,59.0
2014-12-23,2018,60.0
2014-12-24,2018,60.0
2014-12-26,2018,60.0
2014-12-29,2018,60.0
2014-12-30,2018,60.0
2014-12-31,2018,60.0
2015-01-02,2018,60.0
2015-01-05,2018,60.0
2015-01-06,2018,60.0
2015-01-07,2018,60.0
2015-01-08,2018,60.0
2015-01-09,2018,60.0
2015-01-12,2018,60.0
2015-01-13,2018,59.0
2015-01-14,2018,59.0
2015-01-15,2018,59.0
2015-01-16,2018,59.0
2015-01-19,2018,59.0
2015-01-20,2018,59.0
2015-01-21,2018,59.0
2015-01-22,2018,60.0
2015-01-23,2018,59.0
2015-01-26,2018,59.0
2015-01-27,2018,59.0
2015-01-28,2018,59.0
2015-01-29,2018,59.0
2015-01-30,2018,60.0
2015-02-02,2018,60.0
2015-02-03,2018,60.0
2015-02-04,2018,60.0
2015-02-05,2018,60.0
2015-02-06,2018,60.0
2015-02-09,2018,60.0
2015-02-10,2018,60.0
2015-02-11,2018,60.0
2015-02-12,2018,60.0
2015-02-13,2018,60.0
2015-02-18,2018,60.0
2015-02-19,2018,60.0
2015-02-20,2018,60.0
2015-02-23,2018,60.0
2015-02-24,2018,60.0
2015-02-25,2018,60.0
2015-02-26,2018,60.0
2015-02-27,2018,60.0
2015-03-02,2018,60.0
2015-03-03,2018,60.0
2015-03-04,2018,60.0
2015-03-05,2018,60.0
2015-03-06,2018,60.0
2015-03-09,2018,60.0
2015-03-10,2018,60.0
2015-03-11,2018,60.0
2015-03-12,2018,60.0
2015-03-13,2018,60.0
2015-03-16,2018,60.0
2015-03-17,2018,60.0
2015-03-18,2018,60.0
2015-03-19,2018,60.0
2015-03-20,2018,60.0
2015-03-23,2018,60.0
2015-03-24,2018,60.0
2015-03-25,2018,60.0
2015-03-26,2018,60.0
2015-03-27,2018,60.0
2015-03-30,2018,60.0
2015-03-31,2018,60.0
2015-04-01,2018,60.0
2015-04-02,2018,60.0
2015-04-06,2018,60.0
2015-04-07,2018,60.0
2015-04-08,2018,60.0
2015-04-09,2018,60.0
2015-04-10,2018,60.0
2015-04-13,2018,60.0
2015-04-14,2018,60.0
2015-04-15,2018,60.0
2015-04-16,2018,60.0
2015-04-17,2018,60.0
2015-04-20,2018,60.0
2015-04-22,2018,60.0
2015-04-23,2018,60.0
2015-04-24,2018,60.0
2015-04-27,2018,60.0
2015-04-28,2018,60.0
2015-04-29,2018,60.0
2015-04-30,2018,60.0
2015-05-04,2018,60.0
2015-05-05,2018,60.0
2015-05-06,2018,60.0
2015-05-07,2018,60.0
2015-05-08,2018,60.0
2015-05-11,2018,60.0
2015-05-12,2018,60.0
2015-05-13,2018,65.5
2015-05-14,2018,65.5
2015-05-15,2018,70.0
2015-05-18,2018,70.0
2015-05-19,2018,70.0
2015-05-20,2018,70.0
2015-05-21,2018,70.0
2015-05-22,2018,70.0
2015-05-25,2018,70.0
2015-05-26,2018,70.0
2015-05-27,2018,70.0
2015-05-28,2018,70.0
2015-05-29,2018,70.0
2015-06-01,2018,70.0
2015-06-02,2018,70.0
2015-06-03,2018,70.0
2015-06-05,2018,70.0
2015-06-08,2018,70.0
2015-06-09,2018,70.0
2015-06-10,2018,70.0
2015-06-11,2018,70.0
2015-06-12,2018,70.0
2015-06-15,2018,69.0
2015-06-16,2018,70.0
2015-06-17,2018,70.0
2015-06-18,2018,70.0
2015-06-19,2018,70.0
2015-06-22,2018,70.0
2015-06-23,2018,70.0
2015-06-24,2018,70.0
2015-06-25,2018,70.0
2015-06-26,2018,70.0
2015-06-29,2018,70.0
2015-06-30,2018,70.0
2015-07-01,2018,70.0
2015-07-02,2018,70.0
2015-07-03,2018,70.0
2015-07-06,2018,70.0
2015-07-07,2018,70.0
2015-07-08,2018,70.0
2015-07-09,2018,70.0
2015-07-10,2018,70.0
2015-07-13,2018,70.0
2015-07-14,2018,70.0
2015-07-15,2018,70.0
2015-07-16,2018,70.0
2015-07-17,2018,70.0
2015-07-20,2018,70.0
2015-07-21,2018,70.0
2015-07-22,2018,70.0
2015-07-23,2018,70.0
2015-07-24,2018,70.0
2015-07-27,2018,70.0
2015-07-28,2018,70.0
2015-07-29,2018,70.0
2015-07-30,2018,70.0
2015-07-31,2018,70.0
2015-08-03,2018,70.0
2015-08-04,2018,70.0
2015-08-05,2018,70.0
2015-08-06,2018,70.0
2015-08-07,2018,70.0
2015-08-10,2018,70.0
2015-08-11,2018,70.0
2015-08-12,2018,70.0
2015-08-13,2018,70.0
2015-08-14,2018,70.0
2015-08-17,2018,69.0
2015-08-18,2018,69.0
2015-08-19,2018,69.0
2015-08-20,2018,69.0
2015-08-21,2018,69.0
2015-08-24,2018,69.0
2015-08-25,2018,68.0
2015-08-26,2018,68.0
2015-08-27,2018,68.0
2015-08-28,2018,68.0
2015-08-31,2018,68.0
2015-09-01,2018,68.0
2015-09-02,2018,68.0
2015-09-03,2018,68.0
2015-09-04,2018,67.5
2015-09-08,2018,68.0
2015-09-09,2018,68.0
2015-09-10,2018,69.0
2015-09-11,2018,68.0
2015-09-14,2018,68.0
2015-09-15,2018,68.0
2015-09-16,2018,68.0
2015-09-17,2018,69.0
2015-09-18,2018,67.0
2015-09-21,2018,66.0
2015-09-22,2018,66.0
2015-09-23,2018,66.0
2015-09-24,2018,66.0
2015-09-25,2018,66.0
2015-09-28,2018,60.0
2015-09-29,2018,60.0
2015-09-30,2018,60.0
2015-10-01,2018,60.0
2015-10-02,2018,60.0
2015-10-05,2018,60.0
2015-10-06,2018,60.0
2015-10-07,2018,60.0
2015-10-08,2018,60.0
2015-10-09,2018,60.0
2015-10-13,2018,60.0
2015-10-14,2018,60.0
2015-10-15,2018,60.0
2015-10-16,2018,60.0
2015-10-19,2018,60.0
2015-10-20,2018,60.0
2015-10-21,2018,60.0
2015-10-22,2018,60.0
2015-10-23,2018,60.0
2015-10-26,2018,60.0
2015-10-27,2018,60.0
2015-10-28,2018,60.0
2015-10-29,2018,60.0
2015-10-30,2018,60.0
2015-11-03,2018,60.0
2015-11-04,2018,60.0
2015-11-05,2018,60.0
2015-11-06,2018,60.0
2015-11-09,2018,60.0
2015-11-10,2018,60.0
2015-11-11,2018,60.0
2015-11-12,2018,60.0
2015-11-13,2018,60.0
2015-11-16,2018,60.0
2015-11-17,2018,60.0
2015-11-18,2018,60.0
2015-11-19,2018,60.0
2015-11-20,2018,60.0
2015-11-23,2018,60.0
2015-11-24,2018,60.0
2015-11-25,2018,60.0
2015-11-26,2018,60.0
2015-11-27,2018,60.0
2015-11-30,2018,60.0
2015-12-01,2018,60.0
2015-12-02,2018,60.0
2015-12-03,2018,60.0
2015-12-04,2018,60.0
2015-12-07,2018,60.0
2015-12-08,2018,60.0
2015-12-09,2018,60.0
2015-12-10,2018,60.0
2015-12-11,2018,60.0
2015-12-14,2018,60.0
2015-12-15,2018,60.0
2015-12-16,2018,60.0
2015-12-17,2018,60.0
2015-12-18,2018,60.0
2015-12-21,2018,60.0
2015-12-22,2018,60.0
2015-12-23,2018,60.0
2015-12-24,2018,60.0
2015-12-28,2018,60.0
2015-12-29,2018,60.0
2015-12-30,2018,60.0
2015-12-31,2018,60.0
2016-01-04,2018,60.0
2016-01-05,2018,60.0
2016-01-06,2018,60.0
2016-01-07,2018,60.0
2016-01-08,2018,60.0
2016-01-11,2018,60.0
2016-01-12,2018,60.0
2016-01-13,2018,60.0
2016-01-14,2018,60.0
2016-01-15,2018,60.0
2016-01-18,2018,60.0
2016-01-19,2018,60.0
2016-01-20,2018,60.0
2016-01-21,2018,60.0
2016-01-22,2018,60.0
2016-01-25,2018,60.0
2016-01-26,2018,60.0
2016-01-27,2018,60.0
2016-01-28,2018,60.0
2016-01-29,2018,60.0
2016-02-01,2018,60.0
2016-02-02,2018,60.0
2016-02-03,2018,60.0
2016-02-04,2018,60.0
2016-02-05,2018,60.0
2016-02-10,2018,60.0
2016-02-11,2018,60.0
2016-02-12,2018,60.0
2016-02-15,2018,60.0
2016-02-16,2018,60.0
2016-02-17,2018,60.0
2016-02-18,2018,60.0
2016-02-19,2018,60.0
2016-02-22,2018,60.0
2016-02-23,2018,60.0
2016-02-24,2018,60.0
2016-02-25,2018,60.0
2016-02-26,2018,60.0
2016-02-29,2018,60.0
2016-03-01,2018,60.0
2016-03-02,2018,60.0
2016-03-03,2018,60.0
2016-03-04,2018,60.0
2016-03-07,2018,60.0
2016-03-08,2018,60.0
2016-03-09,2018,60.0
2016-03-10,2018,60.0
2016-03-11,2018,60.0
2016-03-14,2018,59.0
2016-03-15,2018,59.0
2016-03-16,2018,59.0
2016-03-17,2018,59.0
2016-03-18,2018,59.0
2016-03-21,2018,59.0
2016-03-22,2018,59.0
2016-03-23,2018,59.0
2016-03-24,2018,59.0
2016-03-28,2018,57.5
2016-03-29,2018,57.5
2016-03-30,2018,58.0
2016-03-31,2018,59.0
2016-04-01,2018,59.0
2016-04-04,2018,58.0
2016-04-05,2018,58.0
2016-04-06,2018,60.0
2016-04-07,2018,60.0
2016-04-08,2018,60.0
2016-04-11,2018,60.0
2016-04-12,2018,60.0
2016-04-13,2018,60.0
2016-04-14,2018,60.0
2016-04-15,2018,60.0
2016-04-18,2018,60.0
2016-04-19,2018,60.0
2016-04-20,2018,60.0
2016-04-22,2018,60.0
2016-04-25,2018,60.0
2016-04-26,2018,60.0
2016-04-27,2018,60.0
2016-04-28,2018,60.0
2016-04-29,2018,60.0
2016-05-02,2018,60.0
2016-05-03,2018,60.0
2016-05-04,2018,60.0
2016-05-05,2018,60.0
2016-05-06,2018,60.0
2016-05-09,2018,60.0
2016-05-10,2018,60.0
2016-05-11,2018,60.0
2016-05-12,2018,60.0
2016-05-13,2018,60.0
2016-05-16,2018,60.0
2016-05-17,2018,60.0
2016-05-18,2018,60.0
2016-05-19,2018,60.0
2016-05-20,2018,60.0
2016-05-23,2018,60.0
2016-05-24,2018,60.0
2016-05-25,2018,60.0
2016-05-27,2018,60.0
2016-05-30,2018,60.0
2016-05-31,2018,60.0
2016-06-01,2018,60.0
2016-06-02,2018,60.0
2016-06-03,2018,60.0
2016-06-06,2018,60.0
2016-06-07,2018,60.0
2016-06-08,2018,60.0
2016-06-09,2018,65.0
2016-06-10,2018,65.0
2016-06-13,2018,66.6
2016-06-14,2018,66.6
2016-06-15,2018,63.3
2016-06-16,2018,60.0
2016-06-17,2018,60.0
2016-06-20,2018,60.0
2016-06-21,2018,60.0
2016-06-22,2018,60.0
2016-06-23,2018,60.0
2016-06-24,2018,60.0
2016-06-27,2018,60.0
2016-06-28,2018,60.0
2016-06-29,2018,60.0
2016-06-30,2018,60.0
2016-07-01,2018,60.0
2016-07-04,2018,63.0
2016-07-05,2018,63.0
2016-07-06,2018,63.0
2016-07-07,2018,66.0
2016-07-08,2018,66.0
2016-07-11,2018,68.0
2016-07-12,2018,68.0
2016-07-13,2018,68.0
2016-07-14,2018,68.0
2016-07-15,2018,68.0
2016-07-18,2018,68.0
2016-07-19,2018,66.0
2016-07-20,2018,65.5
2016-07-21,2018,65.5
2016-07-22,2018,66.0
2016-07-25,2018,65.5
2016-07-26,2018,65.5
2016-07-27,2018,65.5
2016-07-28,2018,65.5
2016-07-29,2018,65.5
2016-08-01,2018,62.5
2016-08-02,2018,62.5
2016-08-03,2018,62.5
2016-08-04,2018,62.5
2016-08-05,2018,60.0
2016-08-08,2018,60.0
2016-08-09,2018,60.0
2016-08-10,2018,60.0
2016-08-11,2018,60.0
2016-08-12,2018,60.0
2016-08-15,2018,60.0
2016-08-16,2018,62.5
2016-08-17,2018,62.5
2016-08-18,2018,67.5
2016-08-19,2018,70.0
2016-08-22,2018,62.5
2016-08-23,2018,62.5
2016-08-24,2018,62.5
2016-08-25,2018,62.5
2016-08-26,2018,62.5
2016-08-29,2018,62.5
2016-08-30,2018,62.5
2016-08-31,2018,62.5
2016-09-01,2018,62.5
2016-09-02,2018,62.5
2016-09-05,2018,60.0
2016-09-06,2018,62.5
2016-09-08,2018,62.5
2016-09-09,2018,64.0
2016-09-12,2018,64.0
2016-09-13,2018,63.0
2016-09-14,2018,64.0
2016-09-15,2018,65.0
2016-09-16,2018,65.0
2016-09-19,2018,65.0
2016-09-20,2018,64.0
2016-09-21,2018,64.0
2016-09-22,2018,65.0
2016-09-23,2018,65.0
2016-09-26,2018,65.0
2016-09-27,2018,65.0
2016-09-28,2018,65.0
2016-09-29,2018,65.0
2016-09-30,2018,65.0
2016-10-03,2018,65.0
2016-10-04,2018,65.0
2016-10-05,2018,65.0
2016-10-06,2018,65.0
2016-10-07,2018,65.0
2016-10-10,2018,65.0
2016-10-11,2018,65.0
2016-10-13,2018,65.0
2016-10-14,2018,65.0
2016-10-17,2018,65.0
2016-10-18,2018,65.0
2016-10-19,2018,65.0
2016-10-20,2018,67.49
2016-10-21,2018,67.49
2016-10-24,2018,69.98
2016-10-25,2018,69.98
2016-10-26,2018,69.98
2016-10-27,2018,69.98
2016-10-28,2018,69.99
2016-10-31,2018,70.0
2016-11-01,2018,70.0
2016-11-03,2018,70.0
2016-11-04,2018,70.0
2016-11-07,2018,70.0
2016-11-08,2018,70.0
2016-11-09,2018,70.0
2016-11-10,2018,70.0
2016-11-11,2018,70.0
2016-11-14,2018,70.0
2016-11-16,2018,70.0
2016-11-17,2018,70.0
2016-11-18,2018,70.0
2016-11-21,2018,70.0
2016-11-22,2018,70.0
2016-11-23,2018,70.0
2016-11-24,2018,70.0
2016-11-25,2018,70.0
2016-11-28,2018,70.0
2016-11-29,2018,70.0
2016-11-30,2018,70.0
2016-12-01,2018,70.0
2016-12-02,2018,70.0
2016-12-05,2018,70.0
2016-12-06,2018,70.0
2016-12-07,2018,70.0
2016-12-08,2018,70.0
2016-12-09,2018,70.0
2016-12-12,2018,70.0
2016-12-13,2018,70.0
2016-12-14,2018,70.0
2016-12-15,2018,70.0
2016-12-16,2018,70.0
2016-12-19,2018,70.0
2016-12-20,2018,70.0
2016-12-21,2018,70.0
2016-12-22,2018,70.0
2016-12-23,2018,70.0
2016-12-26,2018,70.0
2016-12-27,2018,70.0
2016-12-28,2018,70.0
2016-12-29,2018,70.0
2016-12-30,2018,70.0
2017-01-02,2018,70.0
2017-01-03,2018,70.0
2017-01-04,2018,70.0
2017-01-05,2018,70.0
2017-01-06,2018,70.5
2017-01-09,2018,71.0
2017-01-10,2018,71.1
2017-01-11,2018,71.0
2017-01-12,2018,71.0
2017-01-13,2018,71.1
2017-01-16,2018,71.1
2017-01-17,2018,70.5
2017-01-18,2018,70.5
2017-01-19,2018,71.0
2017-01-20,2018,71.46
2017-01-23,2018,71.46
2017-01-24,2018,71.46
2017-01-25,2018,71.93
2017-01-26,2018,71.93
2017-01-27,2018,71.93
2017-01-30,2018,71.93
2017-01-31,2018,71.93
2017-02-01,2018,71.93
2017-02-02,2018,71.96
2017-02-03,2018,71.96
2017-02-06,2018,71.96
2017-02-07,2018,71.96
2017-02-08,2018,71.96
2017-02-09,2018,71.96
2017-02-10,2018,71.93
2017-02-13,2018,71.46
2017-02-14,2018,71.96
2017-02-15,2018,72.0
2017-02-16,2018,72.0
2017-02-17,2018,75.0
2017-02-20,2018,75.0
2017-02-21,2018,75.0
2017-02-22,2018,73.5
2017-02-23,2018,73.5
2017-02-24,2018,73.5
2017-03-01,2018,72.0
2017-03-02,2018,72.0
2017-03-03,2018,72.0
2017-03-06,2018,72.0
2017-03-07,2018,72.0
2017-03-08,2018,72.0
2017-03-09,2018,72.0
2017-03-10,2018,72.0
2017-03-13,2018,72.0
2017-03-14,2018,72.0
2017-03-15,2018,74.0
2017-03-16,2018,74.0
2017-03-17,2018,74.5
2017-03-20,2018,75.0
2017-03-21,2018,75.0
2017-03-22,2018,74.5
2017-03-23,2018,75.0
2017-03-24,2018,74.0
2017-03-27,2018,74.5
2017-03-28,2018,74.5
2017-03-29,2018,74.5
2017-03-30,2018,74.5
2017-03-31,2018,74.5
2017-04-03,2018,74.5
2017-04-04,2018,74.5
2017-04-05,2018,74.5
2017-04-06,2018,74.5
2017-04-07,2018,74.0
2017-04-10,2018,74.0
2017-04-11,2018,74.5
2017-04-12,2018,74.5
2017-04-13,2018,75.0
2017-04-17,2018,73.5
2017-04-18,2018,74.0
2017-04-19,2018,74.5
2017-04-20,2018,75.0
2017-04-24,2018,77.5
2017-04-25,2018,77.5
2017-04-26,2018,80.0
2017-04-27,2018,80.0
2017-04-28,2018,80.0
2017-05-02,2018,77.5
2017-05-03,2018,80.0
2017-05-04,2018,75.0
2017-05-05,2018,75.0
2017-05-08,2018,75.0
2017-05-09,2018,75.0
2017-05-10,2018,75.0
2017-05-11,2018,75.0
2017-05-12,2018,75.0
2017-05-15,2018,75.0
2017-05-16,2018,75.0
2017-05-17,2018,76.88
2017-05-18,2018,78.75
2017-05-19,2018,78.75
2017-05-22,2018,78.75
2017-05-23,2018,78.75
2017-05-24,2018,78.75
2017-05-25,2018,79.02
2017-05-26,2018,78.75
2017-05-29,2018,75.0
2017-05-30,2018,75.0
2017-05-31,2018,75.0
2017-06-01,2018,75.0
2017-06-02,2018,78.75
2017-06-05,2018,79.29
2017-06-06,2018,79.29
2017-06-07,2018,79.29
2017-06-08,2018,79.29
2017-06-09,2018,80.0
2017-06-12,2018,79.64
2017-06-13,2018,79.02
2017-06-14,2018,79.02
2017-06-16,2018,78.75
2017-06-19,2018,78.75
2017-06-20,2018,78.75
2017-06-21,2018,78.75
2017-06-22,2018,75.0
2017-06-23,2018,75.0
2017-06-26,2018,75.0
2017-06-27,2018,75.0
2017-06-28,2018,75.0
2017-06-29,2018,74.0
2017-06-30,2018,75.0
2017-07-03,2018,75.0
2017-07-04,2018,75.0
2017-07-05,2018,75.0
2017-07-06,2018,75.0
2017-07-07,2018,75.0
2017-07-10,2018,75.0
2017-07-11,2018,75.0
2017-07-12,2018,75.0
2017-07-13,2018,75.0
2017-07-14,2018,75.0
2017-07-17,2018,75.0
2017-07-18,2018,75.0
2017-07-19,2018,75.0
2017-07-20,2018,75.0
2017-07-21,2018,75.0
2017-07-24,2018,75.0
2017-07-25,2018,75.0
2017-07-26,2018,75.0
2017-07-27,2018,75.0
2017-07-28,2018,75.0
2017-07-31,2018,75.0
2017-08-01,2018,75.0
2017-08-02,2018,75.0
2017-08-03,2018,75.0
2017-08-04,2018,75.0
2017-08-07,2018,75.0
2017-08-08,2018,76.75
2017-08-09,2018,76.75
2017-08-10,2018,76.75
2017-08-11,2018,76.75
2017-08-14,2018,75.0
2017-08-15,2018,76.75
2017-08-16,2018,76.75
2017-08-17,2018,76.75
2017-08-18,2018,75.0
2017-08-21,2018,75.0
2017-08-22,2018,75.0
2017-08-23,2018,75.0
2017-08-24,2018,75.0
2017-08-25,2018,75.0
2017-08-28,2018,75.0
2017-08-29,2018,75.0
2017-08-30,2018,75.0
2017-08-31,2018,76.75
2017-09-01,2018,75.0
2017-09-04,2018,75.0
2017-09-05,2018,75.0
2017-09-06,2018,75.0
2017-09-08,2018,75.0
2017-09-11,2018,75.0
2017-09-12,2018,75.0
2017-09-13,2018,75.0
2017-09-14,2018,75.0
2017-09-15,2018,75.0
2017-09-18,2018,75.0
2017-09-19,2018,75.0
2017-09-20,2018,75.0
2017-09-21,2018,75.0
2017-09-22,2018,77.5
2017-09-25,2018,77.5
2017-09-26,2018,77.5
2017-09-27,2018,75.0
2017-09-28,2018,75.0
2017-09-29,2018,75.0
2017-10-02,2018,77.5
2017-10-03,2018,76.75
2017-10-04,2018,76.75
2017-10-05,2018,76.75
2017-10-06,2018,75.0
2017-10-09,2018,76.75
2017-10-10,2018,78.5
2017-10-11,2018,78.5
2017-10-13,2018,78.5
2017-10-16,2018,80.0
2017-10-17,2018,80.0
2017-10-18,2018,80.0
2017-10-19,2018,80.0
2017-10-20,2018,80.0
2017-10-23,2018,80.0
2017-10-24,2018,80.0
2017-10-25,2018,80.0
2017-10-26,2018,80.0
2017-10-27,2018,80.0
2017-10-30,2018,80.0
2017-10-31,2018,80.0
2017-11-01,2018,80.0
2017-11-03,2018,80.0
2017-11-06,2018,80.0
2017-11-07,2018,80.0
2017-11-08,2018,80.0
2017-11-09,2018,80.0
2017-11-10,2018,80.0
2017-11-13,2018,80.0
2017-11-14,2018,80.0
2017-11-16,2018,80.0
2017-11-17,2018,80.0
2017-11-20,2018,80.0
2017-11-21,2018,80.0
2017-11-22,2018,80.0
2017-11-23,2018,80.0
2017-11-24,2018,80.0
2017-11-27,2018,80.0
2017-11-28,2018,80.0
2017-11-29,2018,80.0
2017-11-30,2018,80.0
2017-12-01,2018,80.0
2017-12-04,2018,80.0
2017-12-05,2018,80.0
2017-12-06,2018,80.0
2017-12-07,2018,80.0
2017-12-08,2018,80.0
2017-12-11,2018,80.0
2017-12-12,2018,80.0
2017-12-13,2018,80.0
2017-12-14,2018,80.0
2017-12-15,2018,80.0
2017-12-18,2018,80.0
2017-12-19,2018,80.0
2017-12-20,2018,80.0
2017-12-21,2018,80.0
2017-12-22,2018,80.0
2017-12-26,2018,80.0
2017-12-27,2018,80.0
2017-12-28,2018,80.0
2017-12-29,2018,80.0
2018-01-02,2018,80.0
2018-01-03,2018,80.0
2018-01-04,2018,80.0
2018-01-05,2018,80.0
2018-01-08,2018,80.0
2018-01-09,2018,80.0
2018-01-10,2018,80.0
2018-01-11,2018,80.0
2018-01-12,2018,80.0
2018-01-15,2018,80.0
2018-01-16,2018,80.0
2018-01-17,2018,80.0
2018-01-18,2018,80.0
2018-01-19,2018,80.0
2018-01-22,2018,80.0
2018-01-23,2018,80.0
2018-01-24,2018,80.0
2018-01-25,2018,80.0
2018-01-26,2018,80.0
2018-01-29,2018,80.0
2018-01-30,2018,80.0
2018-01-31,2018,80.0
2018-02-01,2018,80.0
2018-02-02,2018,80.0
2018-02-05,2018,80.0
2018-02-06,2018,80.0
2018-02-07,2018,80.0
2018-02-08,2018,80.0
2018-02-09,2018,80.0
2018-02-14,2018,80.0
2018-02-15,2018,80.0
2018-02-16,2018,80.0
2018-02-19,2018,80.0
2018-02-20,2018,80.0
2018-02-21,2018,80.0
2018-02-22,2018,80.0
2018-02-23,2018,80.0
2018-02-26,2018,80.0
2018-02-27,2018,80.0
2018-02-28,2018,80.0
2018-03-01,2018,80.0
2018-03-02,2018,80.0
2018-03-05,2018,80.0
2018-03-06,2018,80.0
2018-03-07,2018,80.0
2018-03-08,2018,80.0
2018-03-09,2018,80.0
2018-03-12,2018,80.0
2018-03-13,2018,80.0
2018-03-14,2018,80.0
2018-03-15,2018,80.0
2018-03-16,2018,80.0
2018-03-19,2018,80.0
2018-03-20,2018,80.0
2018-03-21,2018,80.0
2018-03-22,2018,80.0
2018-03-23,2018,77.5
2018-03-26,2018,77.5
2018-03-27,2018,77.5
2018-03-28,2018,80.0
2018-03-29,2018,80.0
2018-04-02,2018,80.0
2018-04-03,2018,80.0
2018-04-04,2018,80.0
2018-04-05,2018,80.0
2018-04-06,2018,80.0
2018-04-09,2018,75.0
2018-04-10,2018,75.0
2018-04-11,2018,77.5
2018-04-12,2018,80.0
2018-04-13,2018,80.0
2018-04-16,2018,80.0
2018-04-17,2018,80.0
2018-04-18,2018,80.0
2018-04-19,2018,77.5
2018-04-20,2018,77.5
2018-04-23,2018,75.0
2018-04-24,2018,75.0
2018-04-25,2018,75.0
2018-04-26,2018,75.0
2018-04-27,2018,75.0
2018-04-30,2018,75.0
2018-05-02,2018,75.0
2018-05-03,2018,75.0
2018-05-04,2018,75.0
2018-05-07,2018,75.0
2018-05-08,2018,75.0
2018-05-09,2018,75.0
2018-05-10,2018,75.0
2018-05-11,2018,75.0
2018-05-14,2018,75.0
2018-05-15,2018,75.0
2018-05-16,2018,75.0
2018-05-17,2018,75.0
2018-05-18,2018,75.0
2018-05-21,2018,75.0
2018-05-22,2018,75.0
2018-05-23,2018,75.0
2018-05-24,2018,75.0
2018-05-25,2018,75.0
2018-05-28,2018,75.0
2018-05-29,2018,75.0
2018-05-30,2018,75.0
2018-06-01,2018,75.0
2018-06-04,2018,75.0
2018-06-05,2018,75.0
2018-06-06,2018,75.0
2018-06-07,2018,75.0
2018-06-08,2018,71.0
2018-06-11,2018,70.0
2018-06-12,2018,70.0
2018-06-13,2018,70.0
2018-06-14,2018,70.0
2018-06-15,2018,70.0
2018-06-18,2018,70.5
2018-06-19,2018,70.5
2018-06-20,2018,70.5
2018-06-21,2018,70.5
2018-06-22,2018,70.5
2018-06-25,2018,70.5
2018-06-26,2018,70.5
2018-06-27,2018,70.5
2018-06-28,2018,70.5
2018-06-29,2018,70.0
2018-07-02,2018,70.0
2018-07-03,2018,70.0
2018-07-04,2018,70.0
2018-07-05,2018,70.0
2018-07-06,2018,70.0
2018-07-09,2018,70.0
2018-07-10,2018,70.0
2018-07-11,2018,70.0
2018-07-12,2018,70.0
2018-07-13,2018,70.0
2018-07-16,2018,70.0
2018-07-17,2018,70.0
2018-07-18,2018,70.0
2018-07-19,2018,69.0
2018-07-20,2018,67.5
2018-07-23,2018,67.5
2018-07-24,2018,67.5
2018-07-25,2018,67.5
2018-07-26,2018,67.5
2018-07-27,2018,67.5
2018-07-30,2018,66.5
2018-07-31,2018,67.0
2018-08-01,2018,67.0
2018-08-02,2018,67.0
2018-08-03,2018,67.0
2018-08-06,2018,67.5
2018-08-07,2018,67.0
2018-08-08,2018,67.0
2018-08-09,2018,67.0
2018-08-10,2018,68.0
2018-08-13,2018,68.0
2018-08-14,2018,68.0
2018-08-15,2018,68.0
2018-08-16,2018,68.0
2018-08-17,2018,68.0
2018-08-20,2018,68.0
2018-08-21,2018,68.0
2018-08-22,2018,68.0
2018-08-23,2018,68.0
2018-08-24,2018,67.0
2018-08-27,2018,67.0
2018-08-28,2018,67.0
2018-08-29,2018,67.0
2018-08-30,2018,67.0
2018-08-31,2018,67.0
2018-09-03,2018,67.0
2018-09-04,2018,67.0
2018-09-05,2018,67.0
2018-09-06,2018,67.0
2018-09-10,2018,67.5
2018-09-11,2018,67.5
2018-09-12,2018,68.0
2018-09-13,2018,68.0
2018-09-14,2018,67.5
2018-09-17,2018,66.0
2018-09-18,2018,66.5
2018-09-19,2018,66.5
2018-09-20,2018,66.5
2018-09-21,2018,67.0
2018-09-24,2018,67.25
2018-09-25,2018,67.25
2018-09-26,2018,67.25
2018-09-27,2018,67.25
2018-09-28,2018,67.0
2018-10-01,2018,67.0
2018-10-02,2018,67.0
2018-10-03,2018,67.5
2018-10-04,2018,67.5
2018-10-05,2018,67.5
2018-10-08,2018,67.0
2018-10-09,2018,68.0
2018-10-10,2018,68.0
2018-10-11,2018,68.0
2018-10-15,2018,67.5
2018-10-16,2018,67.5
2018-10-17,2018,67.5
2018-10-18,2018,67.5
2018-10-19,2018,67.0
2018-10-22,2018,66.5
2018-10-23,2018,66.5
2018-10-24,2018,66.5
2018-10-25,2018,67.5
2018-10-26,2018,67.0
2018-10-29,2018,67.0
2018-10-30,2018,67.0
2018-10-31,2018,67.0
2018-11-01,2018,67.0
2018-11-05,2018,66.5
2018-11-06,2018,67.0
2018-11-07,2018,68.0
2018-11-08,2018,68.0
2018-11-09,2018,68.5
2018-11-12,2018,69.5
2018-11-13,2018,70.0
2018-11-14,2018,70.0
2018-11-16,2018,70.0
2018-11-19,2018,70.0
2018-11-20,2018,70.0
2018-11-21,2018,70.0
2018-11-22,2018,70.0
2018-11-23,2018,70.0
2018-11-26,2018,70.0
2018-11-27,2018,70.0
2018-11-28,2018,70.0
2018-11-29,2018,70.0
2018-11-30,2018,70.0
2018-12-03,2018,70.0
2018-12-04,2018,70.0
2018-12-05,2018,70.0
2018-12-06,2018,70.0
2018-12-07,2018,70.0
2018-12-10,2018,70.0
2018-12-11,2018,71.5
2018-12-12,2018,72.0
2018-12-13,2018,72.0
2018-12-14,2018,72.0
2018-12-17,2018,73.0
2018-12-18,2018,72.5
2018-12-19,2018,72.5
2018-12-20,2018,73.0
2018-12-21,2018,74.0
2018-12-24,2018,75.0
2018-12-26,2018,75.0
2018-12-27,2018,75.0
2018-12-28,2018,75.0
2018-12-31,2018,75.0
2019-01-02,2018,75.0
2019-01-03,2018,75.0
2019-01-04,2018,75.0
2019-01-07,2018,75.0
2019-01-08,2018,75.0
2019-01-09,2018,75.0
2019-01-10,2018,75.5
2019-01-11,2018,76.0
2019-01-14,2018,76.6
2019-01-15,2018,76.6
2019-01-16,2018,76.1
2019-01-17,2018,76.1
2019-01-18,2018,77.55
2019-01-21,2018,78.0
2019-01-22,2018,78.0
2019-01-23,2018,78.0
2019-01-24,2018,78.0
2019-01-25,2018,78.0
2015-01-23,2019,0.0
2015-01-26,2019,0.0
2015-01-27,2019,0.0
2015-01-28,2019,0.0
2015-01-29,2019,50.0
2015-01-30,2019,50.0
2015-02-02,2019,50.0
2015-02-03,2019,50.0
2015-02-04,2019,50.0
2015-02-05,2019,50.0
2015-02-06,2019,50.0
2015-02-09,2019,50.0
2015-02-10,2019,50.0
2015-02-11,2019,50.0
2015-02-12,2019,52.5
2015-02-13,2019,50.0
2015-02-18,2019,52.5
2015-02-19,2019,52.5
2015-02-20,2019,52.5
2015-02-23,2019,52.5
2015-02-24,2019,52.5
2015-02-25,2019,52.5
2015-02-26,2019,52.5
2015-02-27,2019,52.5
2015-03-02,2019,52.5
2015-03-03,2019,52.5
2015-03-04,2019,52.5
2015-03-05,2019,52.5
2015-03-06,2019,52.5
2015-03-09,2019,50.0
2015-03-10,2019,50.0
2015-03-11,2019,52.5
2015-03-12,2019,52.5
2015-03-13,2019,52.5
2015-03-16,2019,50.0
2015-03-17,2019,50.0
2015-03-18,2019,50.0
2015-03-19,2019,50.0
2015-03-20,2019,50.0
2015-03-23,2019,50.0
2015-03-24,2019,50.0
2015-03-25,2019,50.0
2015-03-26,2019,50.0
2015-03-27,2019,50.0
2015-03-30,2019,50.0
2015-03-31,2019,50.0
2015-04-01,2019,52.5
2015-04-02,2019,52.5
2015-04-06,2019,52.5
2015-04-07,2019,52.5
2015-04-08,2019,52.5
2015-04-09,2019,57.5
2015-04-10,2019,57.5
2015-04-13,2019,55.0
2015-04-14,2019,55.0
2015-04-15,2019,55.0
2015-04-16,2019,55.0
2015-04-17,2019,55.0
2015-04-20,2019,55.0
2015-04-22,2019,60.0
2015-04-23,2019,57.5
2015-04-24,2019,60.0
2015-04-27,2019,60.0
2015-04-28,2019,60.0
2015-04-29,2019,60.0
2015-04-30,2019,60.0
2015-05-04,2019,60.0
2015-05-05,2019,60.0
2015-05-06,2019,60.0
2015-05-07,2019,60.0
2015-05-08,2019,60.0
2015-05-11,2019,62.0
2015-05-12,2019,62.0
2015-05-13,2019,70.8
2015-05-14,2019,70.8
2015-05-15,2019,78.3
2015-05-18,2019,78.3
2015-05-19,2019,78.3
2015-05-20,2019,78.3
2015-05-21,2019,78.3
2015-05-22,2019,78.3
2015-05-25,2019,80.0
2015-05-26,2019,80.0
2015-05-27,2019,78.3
2015-05-28,2019,78.3
2015-05-29,2019,78.3
2015-06-01,2019,78.3
2015-06-02,2019,78.3
2015-06-03,2019,78.3
2015-06-05,2019,78.3
2015-06-08,2019,78.3
2015-06-09,2019,78.3
2015-06-10,2019,78.3
2015-06-11,2019,78.3
2015-06-12,2019,78.3
2015-06-15,2019,75.0
2015-06-16,2019,75.8
2015-06-17,2019,75.8
2015-06-18,2019,76.6
2015-06-19,2019,76.55
2015-06-22,2019,76.55
2015-06-23,2019,76.55
2015-06-24,2019,76.55
2015-06-25,2019,75.75
2015-06-26,2019,75.75
2015-06-29,2019,76.5
2015-06-30,2019,76.5
2015-07-01,2019,76.5
2015-07-02,2019,76.5
2015-07-03,2019,76.5
2015-07-06,2019,76.5
2015-07-07,2019,76.55
2015-07-08,2019,76.55
2015-07-09,2019,76.55
2015-07-10,2019,76.55
2015-07-13,2019,76.5
2015-07-14,2019,76.5
2015-07-15,2019,76.5
2015-07-16,2019,76.5
2015-07-17,2019,76.5
2015-07-20,2019,75.75
2015-07-21,2019,75.75
2015-07-22,2019,75.75
2015-07-23,2019,75.75
2015-07-24,2019,75.75
2015-07-27,2019,75.75
2015-07-28,2019,75.75
2015-07-29,2019,75.75
2015-07-30,2019,75.0
2015-07-31,2019,75.75
2015-08-03,2019,75.0
2015-08-04,2019,75.0
2015-08-05,2019,75.0
2015-08-06,2019,75.0
2015-08-07,2019,75.0
2015-08-10,2019,75.0
2015-08-11,2019,75.0
2015-08-12,2019,75.0
2015-08-13,2019,75.0
2015-08-14,2019,73.75
2015-08-17,2019,70.5
2015-08-18,2019,70.5
2015-08-19,2019,70.5
2015-08-20,2019,70.5
2015-08-21,2019,70.5
2015-08-24,2019,70.5
2015-08-25,2019,70.0
2015-08-26,2019,70.0
2015-08-27,2019,70.0
2015-08-28,2019,70.0
2015-08-31,2019,70.0
2015-09-01,2019,70.0
2015-09-02,2019,70.0
2015-09-03,2019,70.0
2015-09-04,2019,70.0
2015-09-08,2019,70.0
2015-09-09,2019,70.0
2015-09-10,2019,70.0
2015-09-11,2019,70.0
2015-09-14,2019,70.0
2015-09-15,2019,70.0
2015-09-16,2019,70.0
2015-09-17,2019,70.0
2015-09-18,2019,68.0
2015-09-21,2019,64.0
2015-09-22,2019,64.0
2015-09-23,2019,64.0
2015-09-24,2019,64.0
2015-09-25,2019,64.0
2015-09-28,2019,60.0
2015-09-29,2019,60.0
2015-09-30,2019,60.0
2015-10-01,2019,60.0
2015-10-02,2019,60.0
2015-10-05,2019,60.0
2015-10-06,2019,60.0
2015-10-07,2019,60.0
2015-10-08,2019,60.0
2015-10-09,2019,60.0
2015-10-13,2019,60.0
2015-10-14,2019,60.0
2015-10-15,2019,60.0
2015-10-16,2019,60.0
2015-10-19,2019,60.0
2015-10-20,2019,60.0
2015-10-21,2019,60.0
2015-10-22,2019,60.0
2015-10-23,2019,60.0
2015-10-26,2019,60.0
2015-10-27,2019,60.0
2015-10-28,2019,60.0
2015-10-29,2019,60.0
2015-10-30,2019,60.0
2015-11-03,2019,60.0
2015-11-04,2019,60.0
2015-11-05,2019,60.0
2015-11-06,2019,60.0
2015-11-09,2019,60.0
2015-11-10,2019,60.0
2015-11-11,2019,60.0
2015-11-12,2019,60.0
2015-11-13,2019,60.0
2015-11-16,2019,60.95
2015-11-17,2019,60.0
2015-11-18,2019,60.0
2015-11-19,2019,60.0
2015-11-20,2019,60.0
2015-11-23,2019,60.0
2015-11-24,2019,60.0
2015-11-25,2019,60.0
2015-11-26,2019,60.0
2015-11-27,2019,60.0
2015-11-30,2019,60.0
2015-12-01,2019,60.0
2015-12-02,2019,60.0
2015-12-03,2019,60.0
2015-12-04,2019,60.95
2015-12-07,2019,60.0
2015-12-08,2019,60.0
2015-12-09,2019,60.0
2015-12-10,2019,60.0
2015-12-11,2019,60.0
2015-12-14,2019,60.0
2015-12-15,2019,60.0
2015-12-16,2019,60.0
2015-12-17,2019,60.0
2015-12-18,2019,60.0
2015-12-21,2019,60.0
2015-12-22,2019,62.5
2015-12-23,2019,62.5
2015-12-24,2019,62.5
2015-12-28,2019,62.5
2015-12-29,2019,62.5
2015-12-30,2019,62.5
2015-12-31,2019,62.5
2016-01-04,2019,62.5
2016-01-05,2019,62.5
2016-01-06,2019,62.5
2016-01-07,2019,62.5
2016-01-08,2019,62.0
2016-01-11,2019,62.0
2016-01-12,2019,62.0
2016-01-13,2019,62.0
2016-01-14,2019,62.0
2016-01-15,2019,62.0
2016-01-18,2019,65.0
2016-01-19,2019,65.0
2016-01-20,2019,65.0
2016-01-21,2019,63.5
2016-01-22,2019,62.0
2016-01-25,2019,62.0
2016-01-26,2019,62.0
2016-01-27,2019,62.0
2016-01-28,2019,62.0
2016-01-29,2019,61.45
2016-02-01,2019,60.9
2016-02-02,2019,60.9
2016-02-03,2019,61.45
2016-02-04,2019,62.0
2016-02-05,2019,62.95
2016-02-10,2019,62.95
2016-02-11,2019,60.9
2016-02-12,2019,60.9
2016-02-15,2019,60.45
2016-02-16,2019,60.45
2016-02-17,2019,60.0
2016-02-18,2019,60.0
2016-02-19,2019,60.0
2016-02-22,2019,60.0
2016-02-23,2019,60.0
2016-02-24,2019,60.0
2016-02-25,2019,60.0
2016-02-26,2019,60.0
2016-02-29,2019,60.0
2016-03-01,2019,60.0
2016-03-02,2019,60.0
2016-03-03,2019,60.0
2016-03-04,2019,60.0
2016-03-07,2019,60.0
2016-03-08,2019,60.0
2016-03-09,2019,60.0
2016-03-10,2019,60.0
2016-03-11,2019,60.0
2016-03-14,2019,60.0
2016-03-15,2019,60.0
2016-03-16,2019,60.0
2016-03-17,2019,60.0
2016-03-18,2019,60.0
2016-03-21,2019,60.0
2016-03-22,2019,60.0
2016-03-23,2019,60.0
2016-03-24,2019,60.0
2016-03-28,2019,60.0
2016-03-29,2019,60.0
2016-03-30,2019,60.0
2016-03-31,2019,60.0
2016-04-01,2019,60.0
2016-04-04,2019,60.0
2016-04-05,2019,60.0
2016-04-06,2019,60.0
2016-04-07,2019,60.0
2016-04-08,2019,60.0
2016-04-11,2019,60.0
2016-04-12,2019,60.0
2016-04-13,2019,60.0
2016-04-14,2019,60.0
2016-04-15,2019,60.0
2016-04-18,2019,60.0
2016-04-19,2019,60.0
2016-04-20,2019,60.0
2016-04-22,2019,60.0
2016-04-25,2019,60.0
2016-04-26,2019,60.0
2016-04-27,2019,60.0
2016-04-28,2019,60.0
2016-04-29,2019,60.0
2016-05-02,2019,62.25
2016-05-03,2019,62.25
2016-05-04,2019,62.25
2016-05-05,2019,62.25
2016-05-06,2019,62.25
2016-05-09,2019,60.0
2016-05-10,2019,60.0
2016-05-11,2019,60.0
2016-05-12,2019,60.0
2016-05-13,2019,60.0
2016-05-16,2019,60.0
2016-05-17,2019,60.0
2016-05-18,2019,60.0
2016-05-19,2019,60.0
2016-05-20,2019,60.0
2016-05-23,2019,60.0
2016-05-24,2019,60.0
2016-05-25,2019,60.0
2016-05-27,2019,60.0
2016-05-30,2019,60.0
2016-05-31,2019,60.0
2016-06-01,2019,60.0
2016-06-02,2019,60.0
2016-06-03,2019,60.0
2016-06-06,2019,60.0
2016-06-07,2019,65.0
2016-06-08,2019,65.0
2016-06-09,2019,67.5
2016-06-10,2019,67.5
2016-06-13,2019,69.4
2016-06-14,2019,69.4
2016-06-15,2019,69.7
2016-06-16,2019,67.2
2016-06-17,2019,65.0
2016-06-20,2019,65.0
2016-06-21,2019,65.0
2016-06-22,2019,65.0
2016-06-23,2019,65.0
2016-06-24,2019,65.0
2016-06-27,2019,65.0
2016-06-28,2019,65.0
2016-06-29,2019,67.2
2016-06-30,2019,68.0
2016-07-01,2019,68.0
2016-07-04,2019,69.4
2016-07-05,2019,69.4
2016-07-06,2019,69.4
2016-07-07,2019,68.7
2016-07-08,2019,68.7
2016-07-11,2019,70.0
2016-07-12,2019,70.0
2016-07-13,2019,70.0
2016-07-14,2019,70.0
2016-07-15,2019,70.0
2016-07-18,2019,70.0
2016-07-19,2019,69.0
2016-07-20,2019,69.0
2016-07-21,2019,69.0
2016-07-22,2019,70.0
2016-07-25,2019,69.0
2016-07-26,2019,69.0
2016-07-27,2019,69.0
2016-07-28,2019,69.0
2016-07-29,2019,69.0
2016-08-01,2019,69.0
2016-08-02,2019,69.0
2016-08-03,2019,69.0
2016-08-04,2019,69.0
2016-08-05,2019,68.0
2016-08-08,2019,68.0
2016-08-09,2019,68.0
2016-08-10,2019,68.0
2016-08-11,2019,66.5
2016-08-12,2019,66.5
2016-08-15,2019,68.0
2016-08-16,2019,69.0
2016-08-17,2019,69.0
2016-08-18,2019,69.0
2016-08-19,2019,70.0
2016-08-22,2019,68.0
2016-08-23,2019,68.0
2016-08-24,2019,68.0
2016-08-25,2019,68.0
2016-08-26,2019,68.0
2016-08-29,2019,68.0
2016-08-30,2019,68.0
2016-08-31,2019,68.0
2016-09-01,2019,68.0
2016-09-02,2019,68.0
2016-09-05,2019,66.5
2016-09-06,2019,68.0
2016-09-08,2019,68.0
2016-09-09,2019,68.0
2016-09-12,2019,68.0
2016-09-13,2019,66.5
2016-09-14,2019,68.0
2016-09-15,2019,68.0
2016-09-16,2019,68.0
2016-09-19,2019,68.0
2016-09-20,2019,69.0
2016-09-21,2019,69.0
2016-09-22,2019,69.0
2016-09-23,2019,69.0
2016-09-26,2019,69.0
2016-09-27,2019,69.0
2016-09-28,2019,69.0
2016-09-29,2019,69.0
2016-09-30,2019,70.0
2016-10-03,2019,69.0
2016-10-04,2019,69.0
2016-10-05,2019,69.0
2016-10-06,2019,69.0
2016-10-07,2019,67.5
2016-10-10,2019,67.5
2016-10-11,2019,67.5
2016-10-13,2019,65.0
2016-10-14,2019,67.5
2016-10-17,2019,67.5
2016-10-18,2019,70.0
2016-10-19,2019,70.0
2016-10-20,2019,70.0
2016-10-21,2019,70.0
2016-10-24,2019,70.0
2016-10-25,2019,70.0
2016-10-26,2019,70.0
2016-10-27,2019,70.0
2016-10-28,2019,70.0
2016-10-31,2019,71.0
2016-11-01,2019,71.0
2016-11-03,2019,72.0
2016-11-04,2019,72.0
2016-11-07,2019,75.0
2016-11-08,2019,73.5
2016-11-09,2019,71.0
2016-11-10,2019,72.0
2016-11-11,2019,72.0
2016-11-14,2019,72.0
2016-11-16,2019,72.0
2016-11-17,2019,72.0
2016-11-18,2019,71.0
2016-11-21,2019,71.0
2016-11-22,2019,71.0
2016-11-23,2019,71.0
2016-11-24,2019,71.0
2016-11-25,2019,71.0
2016-11-28,2019,71.0
2016-11-29,2019,71.0
2016-11-30,2019,71.0
2016-12-01,2019,71.0
2016-12-02,2019,71.0
2016-12-05,2019,71.0
2016-12-06,2019,71.0
2016-12-07,2019,71.0
2016-12-08,2019,71.0
2016-12-09,2019,71.0
2016-12-12,2019,71.5
2016-12-13,2019,71.5
2016-12-14,2019,71.5
2016-12-15,2019,71.0
2016-12-16,2019,71.0
2016-12-19,2019,71.5
2016-12-20,2019,70.5
2016-12-21,2019,70.5
2016-12-22,2019,70.5
2016-12-23,2019,70.5
2016-12-26,2019,70.0
2016-12-27,2019,70.0
2016-12-28,2019,70.0
2016-12-29,2019,70.0
2016-12-30,2019,70.0
2017-01-02,2019,70.5
2017-01-03,2019,70.5
2017-01-04,2019,70.5
2017-01-05,2019,70.0
2017-01-06,2019,70.0
2017-01-09,2019,70.0
2017-01-10,2019,71.0
2017-01-11,2019,71.0
2017-01-12,2019,71.0
2017-01-13,2019,71.5
2017-01-16,2019,71.5
2017-01-17,2019,71.5
2017-01-18,2019,71.5
2017-01-19,2019,72.0
2017-01-20,2019,72.25
2017-01-23,2019,72.25
2017-01-24,2019,72.25
2017-01-25,2019,72.25
2017-01-26,2019,72.25
2017-01-27,2019,72.25
2017-01-30,2019,72.25
2017-01-31,2019,72.25
2017-02-01,2019,72.25
2017-02-02,2019,72.5
2017-02-03,2019,72.5
2017-02-06,2019,72.5
2017-02-07,2019,72.5
2017-02-08,2019,72.5
2017-02-09,2019,72.5
2017-02-10,2019,73.76
2017-02-13,2019,72.0
2017-02-14,2019,72.0
2017-02-15,2019,75.26
2017-02-16,2019,75.52
2017-02-17,2019,75.0
2017-02-20,2019,75.0
2017-02-21,2019,75.0
2017-02-22,2019,75.0
2017-02-23,2019,75.0
2017-02-24,2019,75.0
2017-03-01,2019,75.0
2017-03-02,2019,75.0
2017-03-03,2019,75.0
2017-03-06,2019,75.0
2017-03-07,2019,75.0
2017-03-08,2019,75.0
2017-03-09,2019,75.0
2017-03-10,2019,75.0
2017-03-13,2019,75.26
2017-03-14,2019,75.52
2017-03-15,2019,75.52
2017-03-16,2019,75.52
2017-03-17,2019,76.01
2017-03-20,2019,77.35
2017-03-21,2019,76.01
2017-03-22,2019,75.52
2017-03-23,2019,75.52
2017-03-24,2019,75.26
2017-03-27,2019,75.0
2017-03-28,2019,75.0
2017-03-29,2019,75.0
2017-03-30,2019,75.0
2017-03-31,2019,75.0
2017-04-03,2019,75.0
2017-04-04,2019,75.0
2017-04-05,2019,75.26
2017-04-06,2019,75.26
2017-04-07,2019,75.26
2017-04-10,2019,76.01
2017-04-11,2019,75.52
2017-04-12,2019,75.52
2017-04-13,2019,75.52
2017-04-17,2019,75.26
2017-04-18,2019,75.0
2017-04-19,2019,75.0
2017-04-20,2019,75.0
2017-04-24,2019,77.35
2017-04-25,2019,77.35
2017-04-26,2019,78.2
2017-04-27,2019,78.2
2017-04-28,2019,78.2
2017-05-02,2019,77.35
2017-05-03,2019,77.35
2017-05-04,2019,76.01
2017-05-05,2019,75.52
2017-05-08,2019,75.75
2017-05-09,2019,75.75
2017-05-10,2019,76.5
2017-05-11,2019,76.5
2017-05-12,2019,76.5
2017-05-15,2019,76.5
2017-05-16,2019,76.5
2017-05-17,2019,76.5
2017-05-18,2019,76.6
2017-05-19,2019,76.6
2017-05-22,2019,77.35
2017-05-23,2019,77.35
2017-05-24,2019,77.35
2017-05-25,2019,76.5
2017-05-26,2019,75.75
2017-05-29,2019,75.75
2017-05-30,2019,75.75
2017-05-31,2019,75.75
2017-06-01,2019,75.75
2017-06-02,2019,76.5
2017-06-05,2019,79.1
2017-06-06,2019,79.1
2017-06-07,2019,79.1
2017-06-08,2019,79.1
2017-06-09,2019,78.2
2017-06-12,2019,78.2
2017-06-13,2019,78.2
2017-06-14,2019,78.2
2017-06-16,2019,78.2
2017-06-19,2019,79.1
2017-06-20,2019,79.1
2017-06-21,2019,79.1
2017-06-22,2019,77.35
2017-06-23,2019,77.35
2017-06-26,2019,78.2
2017-06-27,2019,78.2
2017-06-28,2019,77.35
2017-06-29,2019,75.75
2017-06-30,2019,77.35
2017-07-03,2019,77.35
2017-07-04,2019,77.35
2017-07-05,2019,77.35
2017-07-06,2019,77.35
2017-07-07,2019,76.5
2017-07-10,2019,78.2
2017-07-11,2019,78.2
2017-07-12,2019,77.35
2017-07-13,2019,77.35
2017-07-14,2019,76.5
2017-07-17,2019,75.75
2017-07-18,2019,75.75
2017-07-19,2019,76.5
2017-07-20,2019,76.5
2017-07-21,2019,76.5
2017-07-24,2019,77.35
2017-07-25,2019,78.2
2017-07-26,2019,80.0
2017-07-27,2019,80.0
2017-07-28,2019,80.0
2017-07-31,2019,75.75
2017-08-01,2019,75.75
2017-08-02,2019,76.5
2017-08-03,2019,76.5
2017-08-04,2019,76.5
2017-08-07,2019,78.25
2017-08-08,2019,80.0
2017-08-09,2019,80.0
2017-08-10,2019,80.0
2017-08-11,2019,80.0
2017-08-14,2019,80.0
2017-08-15,2019,80.0
2017-08-16,2019,80.0
2017-08-17,2019,80.0
2017-08-18,2019,80.0
2017-08-21,2019,80.0
2017-08-22,2019,80.0
2017-08-23,2019,80.0
2017-08-24,2019,80.0
2017-08-25,2019,80.0
2017-08-28,2019,80.0
2017-08-29,2019,80.0
2017-08-30,2019,80.0
2017-08-31,2019,80.0
2017-09-01,2019,80.0
2017-09-04,2019,80.0
2017-09-05,2019,80.0
2017-09-06,2019,80.0
2017-09-08,2019,78.25
2017-09-11,2019,80.0
2017-09-12,2019,80.0
2017-09-13,2019,80.0
2017-09-14,2019,80.0
2017-09-15,2019,80.0
2017-09-18,2019,80.0
2017-09-19,2019,80.0
2017-09-20,2019,80.0
2017-09-21,2019,80.0
2017-09-22,2019,78.25
2017-09-25,2019,78.25
2017-09-26,2019,78.25
2017-09-27,2019,80.0
2017-09-28,2019,80.0
2017-09-29,2019,80.0
2017-10-02,2019,80.0
2017-10-03,2019,80.0
2017-10-04,2019,80.0
2017-10-05,2019,80.0
2017-10-06,2019,80.0
2017-10-09,2019,80.0
2017-10-10,2019,80.0
2017-10-11,2019,80.0
2017-10-13,2019,80.0
2017-10-16,2019,80.0
2017-10-17,2019,80.0
2017-10-18,2019,80.0
2017-10-19,2019,80.0
2017-10-20,2019,80.0
2017-10-23,2019,80.0
2017-10-24,2019,80.0
2017-10-25,2019,80.0
2017-10-26,2019,80.0
2017-10-27,2019,80.0
2017-10-30,2019,80.0
2017-10-31,2019,80.0
2017-11-01,2019,80.0
2017-11-03,2019,80.0
2017-11-06,2019,80.0
2017-11-07,2019,80.0
2017-11-08,2019,80.0
2017-11-09,2019,80.0
2017-11-10,2019,80.0
2017-11-13,2019,80.0
2017-11-14,2019,80.0
2017-11-16,2019,80.0
2017-11-17,2019,80.0
2017-11-20,2019,80.0
2017-11-21,2019,80.0
2017-11-22,2019,80.0
2017-11-23,2019,80.0
2017-11-24,2019,80.0
2017-11-27,2019,80.0
2017-11-28,2019,80.0
2017-11-29,2019,80.0
2017-11-30,2019,80.0
2017-12-01,2019,80.0
2017-12-04,2019,80.0
2017-12-05,2019,80.0
2017-12-06,2019,80.0
2017-12-07,2019,80.0
2017-12-08,2019,80.0
2017-12-11,2019,80.0
2017-12-12,2019,80.0
2017-12-13,2019,80.0
2017-12-14,2019,80.0
2017-12-15,2019,80.0
2017-12-18,2019,80.0
2017-12-19,2019,80.0
2017-12-20,2019,80.0
2017-12-21,2019,80.0
2017-12-22,2019,80.0
2017-12-26,2019,80.0
2017-12-27,2019,80.0
2017-12-28,2019,80.0
2017-12-29,2019,80.0
2018-01-02,2019,80.0
2018-01-03,2019,80.0
2018-01-04,2019,80.0
2018-01-05,2019,80.0
2018-01-08,2019,80.0
2018-01-09,2019,80.0
2018-01-10,2019,80.0
2018-01-11,2019,80.0
2018-01-12,2019,80.0
2018-01-15,2019,80.0
2018-01-16,2019,80.0
2018-01-17,2019,80.0
2018-01-18,2019,80.0
2018-01-19,2019,80.0
2018-01-22,2019,80.0
2018-01-23,2019,80.0
2018-01-24,2019,80.0
2018-01-25,2019,80.0
2018-01-26,2019,80.0
2018-01-29,2019,80.0
2018-01-30,2019,80.0
2018-01-31,2019,80.0
2018-02-01,2019,80.0
2018-02-02,2019,80.0
2018-02-05,2019,80.0
2018-02-06,2019,80.0
2018-02-07,2019,80.0
2018-02-08,2019,80.0
2018-02-09,2019,80.0
2018-02-14,2019,80.0
2018-02-15,2019,80.0
2018-02-16,2019,80.0
2018-02-19,2019,80.0
2018-02-20,2019,80.0
2018-02-21,2019,80.0
2018-02-22,2019,80.0
2018-02-23,2019,80.0
2018-02-26,2019,80.0
2018-02-27,2019,80.0
2018-02-28,2019,80.0
2018-03-01,2019,80.0
2018-03-02,2019,80.0
2018-03-05,2019,80.3
2018-03-06,2019,80.3
2018-03-07,2019,80.15
2018-03-08,2019,80.0
2018-03-09,2019,80.0
2018-03-12,2019,80.0
2018-03-13,2019,80.0
2018-03-14,2019,81.0
2018-03-15,2019,81.0
2018-03-16,2019,80.0
2018-03-19,2019,80.0
2018-03-20,2019,80.0
2018-03-21,2019,80.0
2018-03-22,2019,80.0
2018-03-23,2019,80.0
2018-03-26,2019,80.0
2018-03-27,2019,80.0
2018-03-28,2019,80.0
2018-03-29,2019,80.0
2018-04-02,2019,80.0
2018-04-03,2019,80.0
2018-04-04,2019,80.0
2018-04-05,2019,80.0
2018-04-06,2019,80.0
2018-04-09,2019,80.0
2018-04-10,2019,80.0
2018-04-11,2019,80.0
2018-04-12,2019,80.0
2018-04-13,2019,80.0
2018-04-16,2019,80.0
2018-04-17,2019,80.0
2018-04-18,2019,80.0
2018-04-19,2019,80.0
2018-04-20,2019,80.0
2018-04-23,2019,80.0
2018-04-24,2019,80.0
2018-04-25,2019,80.0
2018-04-26,2019,80.0
2018-04-27,2019,80.0
2018-04-30,2019,80.0
2018-05-02,2019,80.0
2018-05-03,2019,80.0
2018-05-04,2019,80.0
2018-05-07,2019,80.0
2018-05-08,2019,80.0
2018-05-09,2019,80.0
2018-05-10,2019,80.0
2018-05-11,2019,80.0
2018-05-14,2019,80.0
2018-05-15,2019,80.0
2018-05-16,2019,80.0
2018-05-17,2019,80.0
2018-05-18,2019,80.0
2018-05-21,2019,80.0
2018-05-22,2019,80.0
2018-05-23,2019,80.0
2018-05-24,2019,80.0
2018-05-25,2019,80.0
2018-05-28,2019,80.0
2018-05-29,2019,80.0
2018-05-30,2019,80.0
2018-06-01,2019,80.0
2018-06-04,2019,80.0
2018-06-05,2019,80.0
2018-06-06,2019,80.0
2018-06-07,2019,80.0
2018-06-08,2019,77.0
2018-06-11,2019,75.0
2018-06-12,2019,75.0
2018-06-13,2019,75.8
2018-06-14,2019,76.6
2018-06-15,2019,76.6
2018-06-18,2019,76.6
2018-06-19,2019,76.6
2018-06-20,2019,76.6
2018-06-21,2019,76.6
2018-06-22,2019,78.3
2018-06-25,2019,78.3
2018-06-26,2019,78.3
2018-06-27,2019,78.3
2018-06-28,2019,78.3
2018-06-29,2019,76.6
2018-07-02,2019,76.6
2018-07-03,2019,76.6
2018-07-04,2019,74.0
2018-07-05,2019,74.0
2018-07-06,2019,75.3
2018-07-09,2019,77.45
2018-07-10,2019,75.3
2018-07-11,2019,75.3
2018-07-12,2019,75.3
2018-07-13,2019,74.65
2018-07-16,2019,74.65
2018-07-17,2019,74.0
2018-07-18,2019,72.0
2018-07-19,2019,70.0
2018-07-20,2019,70.0
2018-07-23,2019,70.0
2018-07-24,2019,70.0
2018-07-25,2019,70.0
2018-07-26,2019,70.0
2018-07-27,2019,70.0
2018-07-30,2019,70.0
2018-07-31,2019,72.0
2018-08-01,2019,72.0
2018-08-02,2019,72.0
2018-08-03,2019,72.0
2018-08-06,2019,74.0
2018-08-07,2019,72.0
2018-08-08,2019,72.0
2018-08-09,2019,72.0
2018-08-10,2019,74.0
2018-08-13,2019,72.0
2018-08-14,2019,72.0
2018-08-15,2019,72.0
2018-08-16,2019,72.0
2018-08-17,2019,72.0
2018-08-20,2019,74.0
2018-08-21,2019,74.0
2018-08-22,2019,74.0
2018-08-23,2019,74.0
2018-08-24,2019,74.0
2018-08-27,2019,74.0
2018-08-28,2019,74.0
2018-08-29,2019,74.0
2018-08-30,2019,74.0
2018-08-31,2019,74.0
2018-09-03,2019,74.0
2018-09-04,2019,74.0
2018-09-05,2019,74.0
2018-09-06,2019,74.0
2018-09-10,2019,74.0
2018-09-11,2019,74.0
2018-09-12,2019,75.3
2018-09-13,2019,75.3
2018-09-14,2019,75.3
2018-09-17,2019,74.0
2018-09-18,2019,75.3
2018-09-19,2019,75.3
2018-09-20,2019,75.3
2018-09-21,2019,75.3
2018-09-24,2019,75.3
2018-09-25,2019,75.3
2018-09-26,2019,75.3
2018-09-27,2019,75.3
2018-09-28,2019,75.65
2018-10-01,2019,76.0
2018-10-02,2019,76.0
2018-10-03,2019,76.0
2018-10-04,2019,76.0
2018-10-05,2019,76.0
2018-10-08,2019,75.65
2018-10-09,2019,75.65
2018-10-10,2019,75.65
2018-10-11,2019,75.65
2018-10-15,2019,70.0
2018-10-16,2019,70.0
2018-10-17,2019,70.0
2018-10-18,2019,70.0
2018-10-19,2019,70.0
2018-10-22,2019,70.0
2018-10-23,2019,70.0
2018-10-24,2019,70.0
2018-10-25,2019,70.0
2018-10-26,2019,70.0
2018-10-29,2019,70.0
2018-10-30,2019,70.0
2018-10-31,2019,70.0
2018-11-01,2019,70.0
2018-11-05,2019,70.0
2018-11-06,2019,70.0
2018-11-07,2019,70.0
2018-11-08,2019,72.5
2018-11-09,2019,72.5
2018-11-12,2019,75.15
2018-11-13,2019,75.15
2018-11-14,2019,75.35
2018-11-16,2019,75.35
2018-11-19,2019,75.4
2018-11-20,2019,75.4
2018-11-21,2019,75.4
2018-11-22,2019,75.7
2018-11-23,2019,76.0
2018-11-26,2019,76.0
2018-11-27,2019,76.0
2018-11-28,2019,76.0
2018-11-29,2019,76.0
2018-11-30,2019,76.0
2018-12-03,2019,76.0
2018-12-04,2019,76.0
2018-12-05,2019,77.2
2018-12-06,2019,77.2
2018-12-07,2019,77.2
2018-12-10,2019,78.4
2018-12-11,2019,80.0
2018-12-12,2019,80.0
2018-12-13,2019,80.0
2018-12-14,2019,80.0
2018-12-17,2019,79.0
2018-12-18,2019,76.9
2018-12-19,2019,76.9
2018-12-20,2019,76.9
2018-12-21,2019,78.4
2018-12-24,2019,79.0
2018-12-26,2019,79.0
2018-12-27,2019,79.0
2018-12-28,2019,79.5
2018-12-31,2019,79.5
2019-01-02,2019,79.5
2019-01-03,2019,79.5
2019-01-04,2019,79.5
2019-01-07,2019,77.2
2019-01-08,2019,79.0
2019-01-09,2019,79.0
2019-01-10,2019,79.5
2019-01-11,2019,80.0
2019-01-14,2019,79.5
2019-01-15,2019,79.5
2019-01-16,2019,79.0
2019-01-17,2019,79.0
2019-01-18,2019,79.5
2019-01-21,2019,80.0
2019-01-22,2019,80.0
2019-01-23,2019,80.0
2019-01-24,2019,80.0
2019-01-25,2019,80.0
2019-01-28,2019,80.0
2019-01-29,2019,79.5
2019-01-30,2019,80.0
2019-01-31,2019,80.0
2019-02-01,2019,79.5
2019-02-04,2019,79.5
2019-02-05,2019,79.5
2019-02-06,2019,79.5
2019-02-07,2019,79.5
2019-02-08,2019,80.0
2019-02-11,2019,79.5
2019-02-12,2019,80.0
2019-02-13,2019,80.0
2019-02-14,2019,79.5
2019-02-15,2019,79.5
2019-02-18,2019,80.0
2019-02-19,2019,80.0
2019-02-20,2019,80.0
2019-02-21,2019,80.0
2019-02-22,2019,80.0
2019-02-25,2019,80.0
2019-02-26,2019,80.0
2019-02-27,2019,80.0
2019-02-28,2019,80.0
2019-03-01,2019,80.0
2019-03-06,2019,80.0
2019-03-07,2019,80.0
2019-03-08,2019,80.0
2019-03-11,2019,80.0
2019-03-12,2019,80.0
2019-03-13,2019,80.0
2019-03-14,2019,80.0
2019-03-15,2019,80.0
2019-03-18,2019,81.39
2019-03-19,2019,81.39
2019-03-20,2019,81.0
2019-03-21,2019,81.0
2019-03-22,2019,81.0
2019-03-25,2019,81.39
2019-03-26,2019,81.0
2019-03-27,2019,81.0
2019-03-28,2019,81.39
2019-03-29,2019,81.89
2019-04-01,2019,81.89
2019-04-02,2019,81.89
2019-04-03,2019,81.89
2019-04-04,2019,81.89
2019-04-05,2019,81.89
2019-04-08,2019,82.0
2019-04-09,2019,81.89
2019-04-10,2019,81.89
2019-04-11,2019,82.0
2019-04-12,2019,82.0
2019-04-15,2019,81.89
2019-04-16,2019,82.0
2019-04-17,2019,82.0
2019-04-18,2019,81.89
2019-04-22,2019,81.89
2019-04-23,2019,81.89
2019-04-24,2019,81.89
2019-04-25,2019,81.89
2019-04-26,2019,82.0
2019-04-29,2019,81.89
2019-04-30,2019,82.0
2019-05-02,2019,82.0
2019-05-03,2019,82.0
2019-05-06,2019,82.0
2019-05-07,2019,82.0
2019-05-08,2019,82.0
2019-05-09,2019,82.0
2019-05-10,2019,83.29
2019-05-13,2019,83.8
2019-05-14,2019,83.8
2019-05-15,2019,83.8
2019-05-16,2019,84.65
2019-05-17,2019,82.0
2019-05-20,2019,83.29
2019-05-21,2019,83.29
2019-05-22,2019,83.29
2019-05-23,2019,83.29
2019-05-24,2019,83.29
2019-05-27,2019,83.29
2019-05-28,2019,83.29
2019-05-29,2019,83.29
2019-05-30,2019,83.29
2019-05-31,2019,82.65
2019-06-03,2019,83.6
2019-06-04,2019,83.45
2019-06-05,2019,83.45
2019-06-06,2019,83.29
2019-06-07,2019,83.6
2019-06-10,2019,83.45
2019-06-11,2019,83.45
2019-06-12,2019,83.45
2019-06-13,2019,83.45
2019-06-14,2019,84.3
2019-06-17,2019,85.0
2019-06-18,2019,85.0
2019-06-19,2019,85.0
2019-06-21,2019,85.0
2019-06-24,2019,85.0
2019-06-25,2019,85.0
2019-06-26,2019,85.0
2019-06-27,2019,85.0
2019-06-28,2019,85.0
2019-07-01,2019,85.0
2019-07-02,2019,85.0
2019-07-03,2019,85.0
2019-07-04,2019,85.0
2019-07-05,2019,85.0
2019-07-08,2019,85.0
2019-07-09,2019,85.0
2019-07-10,2019,85.0
2019-07-11,2019,85.0
2019-07-12,2019,85.0
2019-07-15,2019,85.0
2019-07-16,2019,85.0
2019-07-17,2019,85.0
2019-07-18,2019,85.0
2019-07-19,2019,85.0
2019-07-22,2019,85.0
2019-07-23,2019,85.0
2019-07-24,2019,85.0
2019-07-25,2019,85.0
2019-07-26,2019,85.0
2019-07-29,2019,85.0
2019-07-30,2019,85.0
2019-07-31,2019,85.0
2019-08-01,2019,85.0
2019-08-02,2019,85.0
2019-08-05,2019,85.0
2019-08-06,2019,85.0
2019-08-07,2019,85.0
2019-08-08,2019,85.0
2019-08-09,2019,85.0
2019-08-12,2019,85.0
2019-08-13,2019,85.0
2019-08-14,2019,85.0
2019-08-15,2019,85.0
2019-08-16,2019,85.0
2019-08-19,2019,85.0
2019-08-20,2019,85.0
2019-08-21,2019,85.0
2019-08-22,2019,85.0
2019-08-23,2019,85.0
2019-08-26,2019,85.0
2019-08-27,2019,85.0
2019-08-28,2019,85.0
2019-08-29,2019,85.0
2019-08-30,2019,85.0
2019-09-02,2019,85.0
2019-09-03,2019,85.0
2019-09-04,2019,85.0
2019-09-05,2019,85.0
2019-09-06,2019,85.0
2019-09-09,2019,85.0
2019-09-10,2019,85.0
2019-09-11,2019,85.0
2019-09-12,2019,85.0
2019-09-13,2019,85.2
2019-09-16,2019,86.0
2019-09-17,2019,85.7
2019-09-18,2019,85.7
2019-09-19,2019,85.7
2019-09-20,2019,85.0
2019-09-23,2019,85.0
2019-09-24,2019,85.0
2019-09-25,2019,85.0
2019-09-26,2019,85.0
2019-09-27,2019,83.4
2019-09-30,2019,83.2
2019-10-01,2019,83.2
2019-10-02,2019,83.2
2019-10-03,2019,83.0
2019-10-04,2019,83.0
2019-10-07,2019,83.0
2019-10-08,2019,83.0
2019-10-09,2019,83.0
2019-10-10,2019,83.0
2019-10-11,2019,81.85
2019-10-14,2019,80.0
2019-10-15,2019,80.0
2019-10-16,2019,80.0
2019-10-17,2019,80.0
2019-10-18,2019,80.0
2019-10-21,2019,80.0
2019-10-22,2019,80.0
2019-10-23,2019,80.0
2019-10-24,2019,80.0
2019-10-25,2019,80.35
2019-10-28,2019,80.7
2019-10-29,2019,80.7
2019-10-30,2019,80.7
2019-10-31,2019,80.0
2019-11-01,2019,80.0
2019-11-04,2019,80.0
2019-11-05,2019,80.0
2019-11-06,2019,80.0
2019-11-07,2019,80.0
2019-11-08,2019,80.0
2019-11-11,2019,80.0
2019-11-12,2019,80.0
2019-11-13,2019,80.0
2019-11-14,2019,80.0
2019-11-18,2019,80.0
2019-11-19,2019,80.0
2019-11-20,2019,80.0
2019-11-21,2019,80.0
2019-11-22,2019,77.0
2019-11-25,2019,75.0
2019-11-26,2019,75.0
2019-11-27,2019,75.0
2019-11-28,2019,75.0
2019-11-29,2019,75.0
2019-12-02,2019,73.5
2019-12-03,2019,73.5
2019-12-04,2019,75.0
2019-12-05,2019,75.0
2019-12-06,2019,75.0
2019-12-09,2019,75.0
2019-12-10,2019,75.0
2019-12-11,2019,75.0
2019-12-12,2019,75.0
2019-12-13,2019,75.55
2019-12-16,2019,75.55
2019-12-17,2019,75.55
2019-12-18,2019,75.55
2019-12-19,2019,75.0
2019-12-20,2019,76.1
2019-12-23,2019,76.12
2019-12-24,2019,76.12
2019-12-26,2019,76.12
2019-12-27,2019,76.12
2019-12-30,2019,76.13
2019-12-31,2019,76.13
2020-01-02,2019,76.12
2020-01-03,2019,76.12
2020-01-06,2019,76.12
2020-01-07,2019,76.1
2020-01-08,2019,76.1
2020-01-09,2019,76.1
2020-01-10,2019,76.1
2020-01-13,2019,76.13
2020-01-14,2019,76.13
2020-01-15,2019,76.13
2020-01-16,2019,76.12
2020-01-17,2019,76.12
2020-01-20,2019,76.12
2020-01-21,2019,76.12
2020-01-22,2019,76.12
2020-01-23,2019,76.1
2020-01-24,2019,76.3
2016-01-26,2020,55.0
2016-01-27,2020,55.0
2016-01-28,2020,55.0
2016-01-29,2020,55.0
2016-02-01,2020,64.2
2016-02-02,2020,64.2
2016-02-03,2020,64.2
2016-02-04,2020,64.2
2016-02-05,2020,59.6
2016-02-10,2020,59.6
2016-02-11,2020,64.6
2016-02-12,2020,64.6
2016-02-15,2020,64.6
2016-02-16,2020,64.6
2016-02-17,2020,64.6
2016-02-18,2020,64.6
2016-02-19,2020,64.6
2016-02-22,2020,64.6
2016-02-23,2020,64.6
2016-02-24,2020,64.6
2016-02-25,2020,64.6
2016-02-26,2020,64.6
2016-02-29,2020,65.0
2016-03-01,2020,65.0
2016-03-02,2020,65.0
2016-03-03,2020,62.5
2016-03-04,2020,60.0
2016-03-07,2020,60.0
2016-03-08,2020,60.0
2016-03-09,2020,60.0
2016-03-10,2020,60.0
2016-03-11,2020,62.5
2016-03-14,2020,62.5
2016-03-15,2020,62.5
2016-03-16,2020,62.5
2016-03-17,2020,62.5
2016-03-18,2020,65.4
2016-03-21,2020,65.4
2016-03-22,2020,65.4
2016-03-23,2020,65.4
2016-03-24,2020,65.4
2016-03-28,2020,65.4
2016-03-29,2020,65.4
2016-03-30,2020,65.0
2016-03-31,2020,62.5
2016-04-01,2020,62.5
2016-04-04,2020,65.0
2016-04-05,2020,65.0
2016-04-06,2020,65.0
2016-04-07,2020,65.0
2016-04-08,2020,65.0
2016-04-11,2020,65.0
2016-04-12,2020,65.0
2016-04-13,2020,65.0
2016-04-14,2020,65.0
2016-04-15,2020,65.0
2016-04-18,2020,65.0
2016-04-19,2020,65.0
2016-04-20,2020,65.0
2016-04-22,2020,65.79
2016-04-25,2020,65.79
2016-04-26,2020,65.79
2016-04-27,2020,65.79
2016-04-28,2020,65.79
2016-04-29,2020,65.79
2016-05-02,2020,65.79
2016-05-03,2020,65.79
2016-05-04,2020,65.79
2016-05-05,2020,65.79
2016-05-06,2020,65.79
2016-05-09,2020,63.0
2016-05-10,2020,64.0
2016-05-11,2020,63.0
2016-05-12,2020,63.0
2016-05-13,2020,64.0
2016-05-16,2020,65.0
2016-05-17,2020,65.0
2016-05-18,2020,65.4
2016-05-19,2020,65.4
2016-05-20,2020,65.4
2016-05-23,2020,64.4
2016-05-24,2020,64.4
2016-05-25,2020,64.4
2016-05-27,2020,63.0
2016-05-30,2020,63.0
2016-05-31,2020,63.0
2016-06-01,2020,63.0
2016-06-02,2020,64.4
2016-06-03,2020,64.4
2016-06-06,2020,62.9
2016-06-07,2020,65.0
2016-06-08,2020,67.0
2016-06-09,2020,75.0
2016-06-10,2020,75.0
2016-06-13,2020,74.7
2016-06-14,2020,74.7
2016-06-15,2020,74.4
2016-06-16,2020,70.0
2016-06-17,2020,67.5
2016-06-20,2020,67.5
2016-06-21,2020,67.5
2016-06-22,2020,67.5
2016-06-23,2020,67.5
2016-06-24,2020,67.5
2016-06-27,2020,67.5
2016-06-28,2020,67.5
2016-06-29,2020,70.0
2016-06-30,2020,70.0
2016-07-01,2020,70.0
2016-07-04,2020,72.2
2016-07-05,2020,72.2
2016-07-06,2020,72.2
2016-07-07,2020,72.2
2016-07-08,2020,72.2
2016-07-11,2020,72.5
2016-07-12,2020,72.5
2016-07-13,2020,72.5
2016-07-14,2020,72.5
2016-07-15,2020,72.5
2016-07-18,2020,72.5
2016-07-19,2020,70.0
2016-07-20,2020,70.0
2016-07-21,2020,70.0
2016-07-22,2020,72.5
2016-07-25,2020,70.0
2016-07-26,2020,70.0
2016-07-27,2020,70.0
2016-07-28,2020,70.0
2016-07-29,2020,70.0
2016-08-01,2020,70.0
2016-08-02,2020,70.0
2016-08-03,2020,70.0
2016-08-04,2020,70.0
2016-08-05,2020,67.5
2016-08-08,2020,70.0
2016-08-09,2020,70.0
2016-08-10,2020,70.0
2016-08-11,2020,67.5
2016-08-12,2020,67.5
2016-08-15,2020,70.0
2016-08-16,2020,70.0
2016-08-17,2020,70.0
2016-08-18,2020,72.5
2016-08-19,2020,75.0
2016-08-22,2020,70.0
2016-08-23,2020,70.0
2016-08-24,2020,70.0
2016-08-25,2020,70.0
2016-08-26,2020,70.0
2016-08-29,2020,70.0
2016-08-30,2020,70.0
2016-08-31,2020,70.0
2016-09-01,2020,70.0
2016-09-02,2020,70.0
2016-09-05,2020,70.0
2016-09-06,2020,70.0
2016-09-08,2020,70.0
2016-09-09,2020,70.0
2016-09-12,2020,70.0
2016-09-13,2020,70.0
2016-09-14,2020,70.0
2016-09-15,2020,70.0
2016-09-16,2020,70.0
2016-09-19,2020,70.0
2016-09-20,2020,70.0
2016-09-21,2020,70.0
2016-09-22,2020,72.5
2016-09-23,2020,72.5
2016-09-26,2020,72.5
2016-09-27,2020,72.5
2016-09-28,2020,72.5
2016-09-29,2020,72.5
2016-09-30,2020,70.0
2016-10-03,2020,70.0
2016-10-04,2020,70.0
2016-10-05,2020,70.0
2016-10-06,2020,70.0
2016-10-07,2020,70.0
2016-10-10,2020,70.0
2016-10-11,2020,70.0
2016-10-13,2020,70.0
2016-10-14,2020,70.0
2016-10-17,2020,70.0
2016-10-18,2020,70.0
2016-10-19,2020,70.0
2016-10-20,2020,70.0
2016-10-21,2020,70.0
2016-10-24,2020,70.0
2016-10-25,2020,70.0
2016-10-26,2020,70.0
2016-10-27,2020,70.0
2016-10-28,2020,70.0
2016-10-31,2020,70.0
2016-11-01,2020,70.0
2016-11-03,2020,71.0
2016-11-04,2020,71.0
2016-11-07,2020,73.5
2016-11-08,2020,72.0
2016-11-09,2020,71.0
2016-11-10,2020,71.0
2016-11-11,2020,71.0
2016-11-14,2020,72.0
2016-11-16,2020,72.0
2016-11-17,2020,71.5
2016-11-18,2020,71.0
2016-11-21,2020,71.0
2016-11-22,2020,71.0
2016-11-23,2020,71.0
2016-11-24,2020,71.0
2016-11-25,2020,71.0
2016-11-28,2020,71.0
2016-11-29,2020,71.0
2016-11-30,2020,71.0
2016-12-01,2020,71.0
2016-12-02,2020,71.0
2016-12-05,2020,71.0
2016-12-06,2020,71.0
2016-12-07,2020,71.0
2016-12-08,2020,71.0
2016-12-09,2020,71.5
2016-12-12,2020,72.0
2016-12-13,2020,72.0
2016-12-14,2020,72.0
2016-12-15,2020,71.5
2016-12-16,2020,71.5
2016-12-19,2020,72.0
2016-12-20,2020,71.0
2016-12-21,2020,71.0
2016-12-22,2020,71.0
2016-12-23,2020,71.0
2016-12-26,2020,70.5
2016-12-27,2020,70.5
2016-12-28,2020,70.5
2016-12-29,2020,70.5
2016-12-30,2020,70.5
2017-01-02,2020,71.0
2017-01-03,2020,71.0
2017-01-04,2020,71.0
2017-01-05,2020,70.5
2017-01-06,2020,70.5
2017-01-09,2020,70.0
2017-01-10,2020,71.0
2017-01-11,2020,71.0
2017-01-12,2020,71.0
2017-01-13,2020,71.5
2017-01-16,2020,71.5
2017-01-17,2020,71.5
2017-01-18,2020,71.5
2017-01-19,2020,72.0
2017-01-20,2020,73.5
2017-01-23,2020,73.5
2017-01-24,2020,73.5
2017-01-25,2020,73.5
2017-01-26,2020,73.5
2017-01-27,2020,73.5
2017-01-30,2020,73.5
2017-01-31,2020,73.5
2017-02-01,2020,73.5
2017-02-02,2020,75.0
2017-02-03,2020,75.0
2017-02-06,2020,75.0
2017-02-07,2020,75.0
2017-02-08,2020,75.0
2017-02-09,2020,75.0
2017-02-10,2020,73.5
2017-02-13,2020,72.0
2017-02-14,2020,75.0
2017-02-15,2020,77.15
2017-02-16,2020,79.3
2017-02-17,2020,79.3
2017-02-20,2020,77.5
2017-02-21,2020,77.5
2017-02-22,2020,79.3
2017-02-23,2020,79.3
2017-02-24,2020,79.3
2017-03-01,2020,79.3
2017-03-02,2020,77.15
2017-03-03,2020,77.15
2017-03-06,2020,79.3
2017-03-07,2020,79.3
2017-03-08,2020,79.3
2017-03-09,2020,79.3
2017-03-10,2020,79.3
2017-03-13,2020,80.0
2017-03-14,2020,80.0
2017-03-15,2020,80.0
2017-03-16,2020,80.0
2017-03-17,2020,80.0
2017-03-20,2020,80.0
2017-03-21,2020,80.0
2017-03-22,2020,79.65
2017-03-23,2020,79.65
2017-03-24,2020,80.0
2017-03-27,2020,80.0
2017-03-28,2020,80.0
2017-03-29,2020,80.0
2017-03-30,2020,80.0
2017-03-31,2020,80.0
2017-04-03,2020,80.0
2017-04-04,2020,80.0
2017-04-05,2020,80.0
2017-04-06,2020,80.0
2017-04-07,2020,80.0
2017-04-10,2020,80.0
2017-04-11,2020,80.0
2017-04-12,2020,80.0
2017-04-13,2020,80.0
2017-04-17,2020,80.0
2017-04-18,2020,79.65
2017-04-19,2020,80.0
2017-04-20,2020,80.0
2017-04-24,2020,80.0
2017-04-25,2020,80.0
2017-04-26,2020,80.0
2017-04-27,2020,80.0
2017-04-28,2020,80.0
2017-05-02,2020,80.0
2017-05-03,2020,80.0
2017-05-04,2020,80.0
2017-05-05,2020,80.0
2017-05-08,2020,80.0
2017-05-09,2020,80.0
2017-05-10,2020,80.0
2017-05-11,2020,80.0
2017-05-12,2020,80.0
2017-05-15,2020,80.0
2017-05-16,2020,80.0
2017-05-17,2020,80.0
2017-05-18,2020,80.0
2017-05-19,2020,80.0
2017-05-22,2020,80.0
2017-05-23,2020,80.0
2017-05-24,2020,80.0
2017-05-25,2020,80.0
2017-05-26,2020,80.0
2017-05-29,2020,80.0
2017-05-30,2020,80.0
2017-05-31,2020,80.0
2017-06-01,2020,80.0
2017-06-02,2020,80.0
2017-06-05,2020,80.0
2017-06-06,2020,80.0
2017-06-07,2020,80.0
2017-06-08,2020,80.0
2017-06-09,2020,80.0
2017-06-12,2020,80.0
2017-06-13,2020,80.0
2017-06-14,2020,80.0
2017-06-16,2020,80.0
2017-06-19,2020,80.0
2017-06-20,2020,80.0
2017-06-21,2020,80.0
2017-06-22,2020,80.0
2017-06-23,2020,80.0
2017-06-26,2020,80.0
2017-06-27,2020,80.0
2017-06-28,2020,80.0
2017-06-29,2020,80.0
2017-06-30,2020,80.0
2017-07-03,2020,80.0
2017-07-04,2020,80.0
2017-07-05,2020,80.0
2017-07-06,2020,80.0
2017-07-07,2020,80.0
2017-07-10,2020,80.0
2017-07-11,2020,80.0
2017-07-12,2020,80.0
2017-07-13,2020,80.0
2017-07-14,2020,80.0
2017-07-17,2020,80.0
2017-07-18,2020,80.0
2017-07-19,2020,80.0
2017-07-20,2020,80.0
2017-07-21,2020,80.0
2017-07-24,2020,80.0
2017-07-25,2020,80.0
2017-07-26,2020,80.0
2017-07-27,2020,80.0
2017-07-28,2020,80.0
2017-07-31,2020,80.0
2017-08-01,2020,80.0
2017-08-02,2020,80.0
2017-08-03,2020,80.0
2017-08-04,2020,80.0
2017-08-07,2020,80.0
2017-08-08,2020,80.0
2017-08-09,2020,80.0
2017-08-10,2020,80.0
2017-08-11,2020,80.0
2017-08-14,2020,80.0
2017-08-15,2020,80.0
2017-08-16,2020,80.0
2017-08-17,2020,80.0
2017-08-18,2020,80.0
2017-08-21,2020,80.0
2017-08-22,2020,80.0
2017-08-23,2020,80.0
2017-08-24,2020,80.0
2017-08-25,2020,80.0
2017-08-28,2020,82.5
2017-08-29,2020,82.5
2017-08-30,2020,82.5
2017-08-31,2020,82.5
2017-09-01,2020,82.5
2017-09-04,2020,80.0
2017-09-05,2020,80.0
2017-09-06,2020,80.0
2017-09-08,2020,80.0
2017-09-11,2020,80.0
2017-09-12,2020,80.0
2017-09-13,2020,80.0
2017-09-14,2020,80.0
2017-09-15,2020,80.0
2017-09-18,2020,80.0
2017-09-19,2020,80.0
2017-09-20,2020,80.0
2017-09-21,2020,80.0
2017-09-22,2020,80.0
2017-09-25,2020,80.0
2017-09-26,2020,80.0
2017-09-27,2020,80.0
2017-09-28,2020,80.0
2017-09-29,2020,80.0
2017-10-02,2020,80.0
2017-10-03,2020,80.0
2017-10-04,2020,80.0
2017-10-05,2020,80.0
2017-10-06,2020,80.0
2017-10-09,2020,80.0
2017-10-10,2020,80.0
2017-10-11,2020,80.0
2017-10-13,2020,80.0
2017-10-16,2020,80.0
2017-10-17,2020,80.0
2017-10-18,2020,80.0
2017-10-19,2020,80.0
2017-10-20,2020,80.0
2017-10-23,2020,80.0
2017-10-24,2020,80.0
2017-10-25,2020,80.0
2017-10-26,2020,80.0
2017-10-27,2020,80.0
2017-10-30,2020,80.0
2017-10-31,2020,80.0
2017-11-01,2020,80.0
2017-11-03,2020,80.0
2017-11-06,2020,80.0
2017-11-07,2020,80.0
2017-11-08,2020,80.0
2017-11-09,2020,80.0
2017-11-10,2020,80.0
2017-11-13,2020,80.0
2017-11-14,2020,80.0
2017-11-16,2020,80.0
2017-11-17,2020,80.0
2017-11-20,2020,80.0
2017-11-21,2020,80.0
2017-11-22,2020,80.0
2017-11-23,2020,80.0
2017-11-24,2020,80.0
2017-11-27,2020,80.0
2017-11-28,2020,80.0
2017-11-29,2020,80.0
2017-11-30,2020,80.0
2017-12-01,2020,80.0
2017-12-04,2020,80.0
2017-12-05,2020,80.0
2017-12-06,2020,80.0
2017-12-07,2020,82.5
2017-12-08,2020,82.5
2017-12-11,2020,85.0
2017-12-12,2020,82.5
2017-12-13,2020,82.5
2017-12-14,2020,80.0
2017-12-15,2020,80.0
2017-12-18,2020,80.0
2017-12-19,2020,80.0
2017-12-20,2020,80.0
2017-12-21,2020,80.0
2017-12-22,2020,80.0
2017-12-26,2020,80.0
2017-12-27,2020,80.0
2017-12-28,2020,80.0
2017-12-29,2020,80.0
2018-01-02,2020,80.0
2018-01-03,2020,80.0
2018-01-04,2020,80.0
2018-01-05,2020,80.0
2018-01-08,2020,80.0
2018-01-09,2020,80.0
2018-01-10,2020,80.0
2018-01-11,2020,80.0
2018-01-12,2020,80.0
2018-01-15,2020,80.0
2018-01-16,2020,80.0
2018-01-17,2020,80.0
2018-01-18,2020,80.0
2018-01-19,2020,80.0
2018-01-22,2020,80.0
2018-01-23,2020,80.0
2018-01-24,2020,80.0
2018-01-25,2020,80.0
2018-01-26,2020,80.0
2018-01-29,2020,80.0
2018-01-30,2020,80.0
2018-01-31,2020,80.0
2018-02-01,2020,80.0
2018-02-02,2020,80.0
2018-02-05,2020,80.0
2018-02-06,2020,80.0
2018-02-07,2020,80.0
2018-02-08,2020,80.0
2018-02-09,2020,80.0
2018-02-14,2020,80.0
2018-02-15,2020,80.5
2018-02-16,2020,80.0
2018-02-19,2020,80.0
2018-02-20,2020,80.5
2018-02-21,2020,80.5
2018-02-22,2020,80.0
2018-02-23,2020,80.0
2018-02-26,2020,80.0
2018-02-27,2020,80.0
2018-02-28,2020,80.0
2018-03-01,2020,82.94
2018-03-02,2020,82.94
2018-03-05,2020,84.94
2018-03-06,2020,84.94
2018-03-07,2020,84.87
2018-03-08,2020,84.87
2018-03-09,2020,85.0
2018-03-12,2020,85.0
2018-03-13,2020,85.0
2018-03-14,2020,85.0
2018-03-15,2020,85.0
2018-03-16,2020,84.87
2018-03-19,2020,84.19
2018-03-20,2020,84.87
2018-03-21,2020,84.19
2018-03-22,2020,84.19
2018-03-23,2020,82.25
2018-03-26,2020,81.0
2018-03-27,2020,81.0
2018-03-28,2020,83.5
2018-03-29,2020,83.5
2018-04-02,2020,82.25
2018-04-03,2020,82.25
2018-04-04,2020,82.25
2018-04-05,2020,82.25
2018-04-06,2020,82.25
2018-04-09,2020,83.5
2018-04-10,2020,83.5
2018-04-11,2020,84.19
2018-04-12,2020,84.87
2018-04-13,2020,84.87
2018-04-16,2020,84.94
2018-04-17,2020,84.87
2018-04-18,2020,84.87
2018-04-19,2020,84.19
2018-04-20,2020,84.19
2018-04-23,2020,84.19
2018-04-24,2020,84.19
2018-04-25,2020,84.19
2018-04-26,2020,84.19
2018-04-27,2020,84.19
2018-04-30,2020,83.5
2018-05-02,2020,83.5
2018-05-03,2020,83.5
2018-05-04,2020,83.5
2018-05-07,2020,83.5
2018-05-08,2020,83.5
2018-05-09,2020,83.5
2018-05-10,2020,81.75
2018-05-11,2020,81.75
2018-05-14,2020,80.0
2018-05-15,2020,80.0
2018-05-16,2020,80.0
2018-05-17,2020,80.0
2018-05-18,2020,80.0
2018-05-21,2020,81.75
2018-05-22,2020,81.75
2018-05-23,2020,81.75
2018-05-24,2020,81.75
2018-05-25,2020,80.0
2018-05-28,2020,80.0
2018-05-29,2020,80.0
2018-05-30,2020,80.0
2018-06-01,2020,81.75
2018-06-04,2020,81.75
2018-06-05,2020,81.75
2018-06-06,2020,83.5
2018-06-07,2020,83.5
2018-06-08,2020,79.0
2018-06-11,2020,78.0
2018-06-12,2020,78.0
2018-06-13,2020,79.0
2018-06-14,2020,79.0
2018-06-15,2020,79.0
2018-06-18,2020,79.0
2018-06-19,2020,79.0
2018-06-20,2020,79.0
2018-06-21,2020,79.0
2018-06-22,2020,79.0
2018-06-25,2020,79.0
2018-06-26,2020,79.0
2018-06-27,2020,79.0
2018-06-28,2020,79.0
2018-06-29,2020,79.0
2018-07-02,2020,79.0
2018-07-03,2020,79.0
2018-07-04,2020,77.0
2018-07-05,2020,77.0
2018-07-06,2020,76.0
2018-07-09,2020,76.5
2018-07-10,2020,76.0
2018-07-11,2020,76.0
2018-07-12,2020,76.0
2018-07-13,2020,76.0
2018-07-16,2020,76.0
2018-07-17,2020,76.0
2018-07-18,2020,76.0
2018-07-19,2020,76.0
2018-07-20,2020,76.0
2018-07-23,2020,76.0
2018-07-24,2020,76.0
2018-07-25,2020,76.0
2018-07-26,2020,76.0
2018-07-27,2020,76.0
2018-07-30,2020,76.0
2018-07-31,2020,76.0
2018-08-01,2020,76.0
2018-08-02,2020,76.0
2018-08-03,2020,76.0
2018-08-06,2020,77.0
2018-08-07,2020,76.5
2018-08-08,2020,76.5
2018-08-09,2020,76.0
2018-08-10,2020,77.0
2018-08-13,2020,76.5
2018-08-14,2020,76.5
2018-08-15,2020,76.5
2018-08-16,2020,76.5
2018-08-17,2020,77.0
2018-08-20,2020,77.0
2018-08-21,2020,77.0
2018-08-22,2020,77.0
2018-08-23,2020,77.0
2018-08-24,2020,77.0
2018-08-27,2020,77.0
2018-08-28,2020,77.0
2018-08-29,2020,77.0
2018-08-30,2020,77.0
2018-08-31,2020,77.0
2018-09-03,2020,77.0
2018-09-04,2020,77.0
2018-09-05,2020,77.0
2018-09-06,2020,76.5
2018-09-10,2020,77.0
2018-09-11,2020,77.0
2018-09-12,2020,77.0
2018-09-13,2020,77.0
2018-09-14,2020,77.0
2018-09-17,2020,77.5
2018-09-18,2020,77.5
2018-09-19,2020,77.5
2018-09-20,2020,77.5
2018-09-21,2020,77.0
2018-09-24,2020,77.0
2018-09-25,2020,77.0
2018-09-26,2020,77.0
2018-09-27,2020,77.0
2018-09-28,2020,77.0
2018-10-01,2020,77.0
2018-10-02,2020,77.0
2018-10-03,2020,77.0
2018-10-04,2020,77.0
2018-10-05,2020,77.0
2018-10-08,2020,77.0
2018-10-09,2020,77.0
2018-10-10,2020,77.0
2018-10-11,2020,77.0
2018-10-15,2020,76.0
2018-10-16,2020,76.0
2018-10-17,2020,76.0
2018-10-18,2020,76.0
2018-10-19,2020,76.0
2018-10-22,2020,75.0
2018-10-23,2020,75.0
2018-10-24,2020,75.0
2018-10-25,2020,75.0
2018-10-26,2020,76.0
2018-10-29,2020,76.0
2018-10-30,2020,76.0
2018-10-31,2020,76.0
2018-11-01,2020,76.0
2018-11-05,2020,75.0
2018-11-06,2020,75.0
2018-11-07,2020,75.0
2018-11-08,2020,76.0
2018-11-09,2020,77.0
2018-11-12,2020,78.5
2018-11-13,2020,78.5
2018-11-14,2020,80.0
2018-11-16,2020,80.0
2018-11-19,2020,80.0
2018-11-20,2020,80.0
2018-11-21,2020,80.0
2018-11-22,2020,80.0
2018-11-23,2020,81.75
2018-11-26,2020,80.0
2018-11-27,2020,80.0
2018-11-28,2020,80.0
2018-11-29,2020,80.0
2018-11-30,2020,83.5
2018-12-03,2020,83.5
2018-12-04,2020,83.5
2018-12-05,2020,83.75
2018-12-06,2020,83.75
2018-12-07,2020,83.75
2018-12-10,2020,83.5
2018-12-11,2020,83.5
2018-12-12,2020,83.5
2018-12-13,2020,83.5
2018-12-14,2020,83.5
2018-12-17,2020,83.75
2018-12-18,2020,83.5
2018-12-19,2020,83.5
2018-12-20,2020,83.5
2018-12-21,2020,83.75
2018-12-24,2020,84.44
2018-12-26,2020,84.44
2018-12-27,2020,84.44
2018-12-28,2020,84.44
2018-12-31,2020,84.44
2019-01-02,2020,84.44
2019-01-03,2020,84.44
2019-01-04,2020,84.44
2019-01-07,2020,82.0
2019-01-08,2020,84.0
2019-01-09,2020,84.44
2019-01-10,2020,84.87
2019-01-11,2020,85.0
2019-01-14,2020,85.0
2019-01-15,2020,85.0
2019-01-16,2020,84.94
2019-01-17,2020,84.87
2019-01-18,2020,82.44
2019-01-21,2020,82.44
2019-01-22,2020,82.44
2019-01-23,2020,82.44
2019-01-24,2020,82.44
2019-01-25,2020,82.44
2019-01-28,2020,80.0
2019-01-29,2020,80.0
2019-01-30,2020,80.0
2019-01-31,2020,80.0
2019-02-01,2020,80.0
2019-02-04,2020,80.0
2019-02-05,2020,80.0
2019-02-06,2020,80.0
2019-02-07,2020,80.0
2019-02-08,2020,82.44
2019-02-11,2020,81.26
2019-02-12,2020,82.52
2019-02-13,2020,82.52
2019-02-14,2020,82.52
2019-02-15,2020,82.52
2019-02-18,2020,84.94
2019-02-19,2020,84.94
2019-02-20,2020,84.94
2019-02-21,2020,84.94
2019-02-22,2020,83.76
2019-02-25,2020,83.76
2019-02-26,2020,83.76
2019-02-27,2020,83.76
2019-02-28,2020,83.76
2019-03-01,2020,83.76
2019-03-06,2020,85.0
2019-03-07,2020,83.76
2019-03-08,2020,82.52
2019-03-11,2020,82.52
2019-03-12,2020,82.52
2019-03-13,2020,82.52
2019-03-14,2020,85.0
2019-03-15,2020,82.3
2019-03-18,2020,84.36
2019-03-19,2020,84.36
2019-03-20,2020,83.38
2019-03-21,2020,83.38
2019-03-22,2020,83.38
2019-03-25,2020,84.36
2019-03-26,2020,83.38
2019-03-27,2020,83.38
2019-03-28,2020,83.38
2019-03-29,2020,83.38
2019-04-01,2020,83.38
2019-04-02,2020,83.38
2019-04-03,2020,83.38
2019-04-04,2020,83.38
2019-04-05,2020,83.38
2019-04-08,2020,84.36
2019-04-09,2020,84.68
2019-04-10,2020,84.68
2019-04-11,2020,84.36
2019-04-12,2020,84.36
2019-04-15,2020,82.35
2019-04-16,2020,84.36
2019-04-17,2020,84.68
2019-04-18,2020,83.38
2019-04-22,2020,83.44
2019-04-23,2020,83.44
2019-04-24,2020,83.44
2019-04-25,2020,83.44
2019-04-26,2020,84.68
2019-04-29,2020,84.68
2019-04-30,2020,84.68
2019-05-02,2020,84.68
2019-05-03,2020,85.0
2019-05-06,2020,85.0
2019-05-07,2020,85.0
2019-05-08,2020,85.0
2019-05-09,2020,85.0
2019-05-10,2020,84.36
2019-05-13,2020,84.68
2019-05-14,2020,84.68
2019-05-15,2020,84.68
2019-05-16,2020,85.0
2019-05-17,2020,82.52
2019-05-20,2020,84.36
2019-05-21,2020,84.36
2019-05-22,2020,84.36
2019-05-23,2020,84.36
2019-05-24,2020,84.36
2019-05-27,2020,84.36
2019-05-28,2020,84.36
2019-05-29,2020,84.36
2019-05-30,2020,84.36
2019-05-31,2020,84.36
2019-06-03,2020,84.36
2019-06-04,2020,84.28
2019-06-05,2020,84.28
2019-06-06,2020,84.2
2019-06-07,2020,84.36
2019-06-10,2020,84.36
2019-06-11,2020,84.36
2019-06-12,2020,84.36
2019-06-13,2020,84.36
2019-06-14,2020,84.36
2019-06-17,2020,84.28
2019-06-18,2020,84.36
2019-06-19,2020,84.36
2019-06-21,2020,84.28
2019-06-24,2020,84.28
2019-06-25,2020,84.68
2019-06-26,2020,84.68
2019-06-27,2020,84.68
2019-06-28,2020,84.36
2019-07-01,2020,84.36
2019-07-02,2020,84.36
2019-07-03,2020,84.36
2019-07-04,2020,84.36
2019-07-05,2020,84.68
2019-07-08,2020,84.68
2019-07-09,2020,84.68
2019-07-10,2020,84.68
2019-07-11,2020,85.28
2019-07-12,2020,85.56
2019-07-15,2020,84.2
2019-07-16,2020,83.3
2019-07-17,2020,84.2
2019-07-18,2020,84.6
2019-07-19,2020,84.2
2019-07-22,2020,84.6
2019-07-23,2020,84.6
2019-07-24,2020,84.6
2019-07-25,2020,85.0
2019-07-26,2020,85.28
2019-07-29,2020,85.56
2019-07-30,2020,85.56
2019-07-31,2020,85.56
2019-08-01,2020,85.56
2019-08-02,2020,85.56
2019-08-05,2020,85.56
2019-08-06,2020,85.56
2019-08-07,2020,85.28
2019-08-08,2020,85.28
2019-08-09,2020,85.28
2019-08-12,2020,85.0
2019-08-13,2020,85.0
2019-08-14,2020,85.0
2019-08-15,2020,85.0
2019-08-16,2020,84.68
2019-08-19,2020,84.36
2019-08-20,2020,84.36
2019-08-21,2020,84.36
2019-08-22,2020,84.68
2019-08-23,2020,84.36
2019-08-26,2020,84.36
2019-08-27,2020,84.36
2019-08-28,2020,84.36
2019-08-29,2020,84.68
2019-08-30,2020,84.68
2019-09-02,2020,84.68
2019-09-03,2020,84.68
2019-09-04,2020,84.68
2019-09-05,2020,84.68
2019-09-06,2020,84.68
2019-09-09,2020,84.68
2019-09-10,2020,84.68
2019-09-11,2020,84.68
2019-09-12,2020,85.0
2019-09-13,2020,85.3
2019-09-16,2020,88.0
2019-09-17,2020,86.8
2019-09-18,2020,86.8
2019-09-19,2020,86.8
2019-09-20,2020,85.0
2019-09-23,2020,84.0
2019-09-24,2020,84.0
2019-09-25,2020,84.0
2019-09-26,2020,84.0
2019-09-27,2020,83.2
2019-09-30,2020,83.2
2019-10-01,2020,83.2
2019-10-02,2020,83.2
2019-10-03,2020,84.0
2019-10-04,2020,84.0
2019-10-07,2020,83.2
2019-10-08,2020,83.2
2019-10-09,2020,83.2
2019-10-10,2020,83.2
2019-10-11,2020,83.2
2019-10-14,2020,84.0
2019-10-15,2020,84.0
2019-10-16,2020,84.0
2019-10-17,2020,82.4
2019-10-18,2020,80.0
2019-10-21,2020,80.0
2019-10-22,2020,80.0
2019-10-23,2020,80.0
2019-10-24,2020,80.0
2019-10-25,2020,80.0
2019-10-28,2020,80.0
2019-10-29,2020,80.0
2019-10-30,2020,80.0
2019-10-31,2020,80.0
2019-11-01,2020,80.0
2019-11-04,2020,80.0
2019-11-05,2020,80.0
2019-11-06,2020,80.0
2019-11-07,2020,80.0
2019-11-08,2020,80.0
2019-11-11,2020,80.0
2019-11-12,2020,80.0
2019-11-13,2020,80.0
2019-11-14,2020,80.0
2019-11-18,2020,80.0
2019-11-19,2020,80.0
2019-11-20,2020,80.0
2019-11-21,2020,80.0
2019-11-22,2020,80.0
2019-11-25,2020,79.5
2019-11-26,2020,79.5
2019-11-27,2020,79.5
2019-11-28,2020,79.5
2019-11-29,2020,80.0
2019-12-02,2020,80.0
2019-12-03,2020,80.0
2019-12-04,2020,80.0
2019-12-05,2020,80.0
2019-12-06,2020,80.0
2019-12-09,2020,80.0
2019-12-10,2020,80.0
2019-12-11,2020,80.0
2019-12-12,2020,80.0
2019-12-13,2020,80.0
2019-12-16,2020,80.0
2019-12-17,2020,80.0
2019-12-18,2020,80.0
2019-12-19,2020,80.0
2019-12-20,2020,80.0
2019-12-23,2020,80.0
2019-12-24,2020,80.0
2019-12-26,2020,80.0
2019-12-27,2020,80.0
2019-12-30,2020,80.0
2019-12-31,2020,80.0
2020-01-02,2020,80.0
2020-01-03,2020,80.0
2020-01-06,2020,80.0
2020-01-07,2020,80.0
2020-01-08,2020,80.0
2020-01-09,2020,80.0
2020-01-10,2020,80.0
2020-01-13,2020,80.0
2020-01-14,2020,80.0
2020-01-15,2020,80.0
2020-01-16,2020,80.0
2020-01-17,2020,80.0
2020-01-20,2020,80.0
2020-01-21,2020,80.0
2020-01-22,2020,80.0
2020-01-23,2020,80.0
2020-01-24,2020,80.0
2020-01-27,2020,80.0
2020-01-28,2020,80.0
2020-01-29,2020,80.0
2020-01-30,2020,80.0
2020-01-31,2020,80.0
2020-02-03,2020,80.0
2020-02-04,2020,80.0
2020-02-05,2020,80.0
2020-02-06,2020,80.0
2020-02-07,2020,80.0
2020-02-10,2020,80.1
2020-02-11,2020,80.1
2020-02-12,2020,80.1
2020-02-13,2020,80.2
2020-02-14,2020,80.2
2020-02-17,2020,80.0
2020-02-18,2020,80.0
2020-02-19,2020,80.0
2020-02-20,2020,80.0
2020-02-21,2020,80.0
2020-02-26,2020,80.0
2020-02-27,2020,80.0
2020-02-28,2020,80.0
2020-03-02,2020,80.0
2020-03-03,2020,80.0
2020-03-04,2020,80.0
2020-03-05,2020,80.0
2020-03-06,2020,80.0
2020-03-09,2020,80.0
2020-03-10,2020,80.0
2020-03-11,2020,80.0
2020-03-12,2020,80.0
2020-03-13,2020,80.0
2020-03-16,2020,80.0
2020-03-17,2020,80.0
2020-03-18,2020,80.0
2020-03-19,2020,80.0
2020-03-20,2020,80.0
2020-03-23,2020,80.0
2020-03-24,2020,80.0
2020-03-25,2020,80.0
2020-03-26,2020,80.0
2020-03-27,2020,80.0
2020-03-30,2020,80.0
2020-03-31,2020,80.0
2020-04-01,2020,80.0
2020-04-02,2020,80.0
2020-04-03,2020,76.5
2020-04-06,2020,76.0
2020-04-07,2020,75.0
2020-04-08,2020,73.0
2020-04-09,2020,73.0
2020-04-13,2020,71.5
2020-04-14,2020,74.0
2020-04-15,2020,74.0
2020-04-16,2020,74.0
2020-04-17,2020,71.0
2020-04-20,2020,72.0
2020-04-22,2020,72.0
2020-04-23,2020,72.0
2020-04-24,2020,72.0
2020-04-27,2020,72.0
2020-04-28,2020,72.0
2020-04-29,2020,70.0
2020-04-30,2020,70.0
2020-05-04,2020,71.0
2020-05-05,2020,70.75
2020-05-06,2020,70.75
2020-05-07,2020,70.75
2020-05-08,2020,70.75
2020-05-11,2020,70.0
2020-05-12,2020,70.0
2020-05-13,2020,70.0
2020-05-14,2020,70.0
2020-05-15,2020,65.0
2020-05-18,2020,68.35
2020-05-19,2020,68.35
2020-05-20,2020,68.35
2020-05-21,2020,66.68
2020-05-22,2020,65.0
2020-05-25,2020,65.0
2020-05-26,2020,64.0
2020-05-27,2020,64.0
2020-05-28,2020,64.0
2020-05-29,2020,64.0
2020-06-01,2020,63.0
2020-06-02,2020,63.0
2020-06-03,2020,64.0
2020-06-04,2020,64.0
2020-06-05,2020,60.0
2020-06-08,2020,60.0
2020-06-09,2020,60.0
2020-06-10,2020,60.0
2020-06-12,2020,60.0
2020-06-15,2020,60.0
2020-06-16,2020,60.0
2020-06-17,2020,60.0
2020-06-18,2020,60.0
2020-06-19,2020,60.0
2020-06-22,2020,60.0
2020-06-23,2020,60.0
2020-06-24,2020,60.0
2020-06-25,2020,60.0
2020-06-26,2020,57.5
2020-06-29,2020,55.0
2020-06-30,2020,55.0
2020-07-01,2020,55.0
2020-07-02,2020,55.0
2020-07-03,2020,55.0
2020-07-06,2020,54.48
2020-07-07,2020,54.48
2020-07-08,2020,55.0
2020-07-09,2020,55.0
2020-07-10,2020,55.0
2020-07-13,2020,54.48
2020-07-14,2020,54.48
2020-07-15,2020,53.95
2020-07-16,2020,53.95
2020-07-17,2020,53.95
2020-07-20,2020,53.23
2020-07-21,2020,53.23
2020-07-22,2020,53.23
2020-07-23,2020,53.23
2020-07-24,2020,53.95
2020-07-27,2020,53.23
2020-07-28,2020,53.75
2020-07-29,2020,53.75
2020-07-30,2020,53.75
2020-07-31,2020,53.75
2020-08-03,2020,53.75
2020-08-04,2020,53.75
2020-08-05,2020,53.75
2020-08-06,2020,55.0
2020-08-07,2020,53.75
2020-08-10,2020,50.0
2020-08-11,2020,50.0
2020-08-12,2020,50.0
2020-08-13,2020,50.0
2020-08-14,2020,51.25
2020-08-17,2020,52.5
2020-08-18,2020,52.5
2020-08-19,2020,52.5
2020-08-20,2020,55.0
2020-08-21,2020,55.0
2020-08-24,2020,55.0
2020-08-25,2020,55.0
2020-08-26,2020,55.0
2020-08-27,2020,55.0
2020-08-28,2020,55.0
2020-08-31,2020,55.0
2020-09-01,2020,55.0
2020-09-02,2020,55.0
2020-09-03,2020,55.0
2020-09-04,2020,55.0
2020-09-08,2020,55.0
2020-09-09,2020,55.0
2020-09-10,2020,55.0
2020-09-11,2020,55.0
2020-09-14,2020,52.52
2020-09-15,2020,52.52
2020-09-16,2020,52.52
2020-09-17,2020,53.76
2020-09-18,2020,53.76
2020-09-21,2020,55.0
2020-09-22,2020,55.0
2020-09-23,2020,55.0
2020-09-24,2020,55.0
2020-09-25,2020,55.0
2020-09-28,2020,53.76
2020-09-29,2020,53.76
2020-09-30,2020,53.76
2020-10-01,2020,55.0
2020-10-02,2020,51.26
2020-10-05,2020,50.0
2020-10-06,2020,50.0
2020-10-07,2020,50.0
2020-10-08,2020,50.0
2020-10-09,2020,50.0
2020-10-13,2020,50.0
2020-10-14,2020,50.0
2020-10-15,2020,50.0
2020-10-16,2020,50.0
2020-10-19,2020,50.0
2020-10-20,2020,50.0
2020-10-21,2020,50.0
2020-10-22,2020,50.0
2020-10-23,2020,50.0
2020-10-26,2020,50.0
2020-10-27,2020,50.0
2020-10-28,2020,50.0
2020-10-29,2020,50.0
2020-10-30,2020,50.0
2020-11-03,2020,50.0
2020-11-04,2020,50.0
2020-11-05,2020,50.0
2020-11-06,2020,50.0
2020-11-09,2020,50.0
2020-11-10,2020,50.0
2020-11-11,2020,50.0
2020-11-12,2020,50.0
2020-11-13,2020,50.0
2020-11-16,2020,50.0
2020-11-17,2020,50.0
2020-11-18,2020,50.0
2020-11-19,2020,49.0
2020-11-20,2020,45.0
2020-11-23,2020,45.0
2020-11-24,2020,45.0
2020-11-25,2020,46.5
2020-11-26,2020,46.5
2020-11-27,2020,45.0
2020-11-30,2020,43.15
2020-12-01,2020,41.3
2020-12-02,2020,41.3
2020-12-03,2020,41.3
2020-12-04,2020,43.15
2020-12-07,2020,41.3
2020-12-08,2020,41.3
2020-12-09,2020,41.3
2020-12-10,2020,41.3
2020-12-11,2020,41.3
2020-12-14,2020,40.65
2020-12-15,2020,40.65
2020-12-16,2020,40.65
2020-12-17,2020,40.0
2020-12-18,2020,40.0
2020-12-21,2020,40.0
2020-12-22,2020,40.0
2020-12-23,2020,40.0
2020-12-24,2020,40.0
2020-12-28,2020,40.0
2020-12-29,2020,40.0
2020-12-30,2020,40.0
2020-12-31,2020,40.0
2021-01-04,2020,40.0
2021-01-05,2020,40.0
2021-01-06,2020,40.0
2021-01-07,2020,40.0
2021-01-08,2020,40.0
2021-01-11,2020,40.0
2021-01-12,2020,40.0
2021-01-13,2020,40.0
2021-01-14,2020,40.0
2021-01-15,2020,40.0
2021-01-18,2020,40.0
2021-01-19,2020,40.0
2021-01-20,2020,40.0
2021-01-21,2020,40.0
2021-01-22,2020,40.0
2021-01-25,2020,40.0
2021-01-26,2020,40.0
2017-01-25,2021,75.0
2017-01-26,2021,75.0
2017-01-27,2021,72.5
2017-01-30,2021,75.0
2017-01-31,2021,72.5
2017-02-01,2021,70.0
2017-02-02,2021,72.5
2017-02-03,2021,72.5
2017-02-06,2021,72.5
2017-02-07,2021,72.5
2017-02-08,2021,72.5
2017-02-09,2021,72.0
2017-02-10,2021,72.0
2017-02-13,2021,72.0
2017-02-14,2021,73.5
2017-02-15,2021,75.0
2017-02-16,2021,75.0
2017-02-17,2021,77.5
2017-02-20,2021,77.5
2017-02-21,2021,77.5
2017-02-22,2021,77.5
2017-02-23,2021,77.5
2017-02-24,2021,77.5
2017-03-01,2021,77.5
2017-03-02,2021,75.0
2017-03-03,2021,75.0
2017-03-06,2021,77.5
2017-03-07,2021,77.5
2017-03-08,2021,77.5
2017-03-09,2021,77.5
2017-03-10,2021,80.0
2017-03-13,2021,80.0
2017-03-14,2021,82.5
2017-03-15,2021,82.5
2017-03-16,2021,82.5
2017-03-17,2021,82.5
2017-03-20,2021,82.5
2017-03-21,2021,77.5
2017-03-22,2021,77.5
2017-03-23,2021,77.5
2017-03-24,2021,77.5
2017-03-27,2021,77.5
2017-03-28,2021,77.5
2017-03-29,2021,77.5
2017-03-30,2021,77.5
2017-03-31,2021,77.5
2017-04-03,2021,77.5
2017-04-04,2021,77.5
2017-04-05,2021,80.0
2017-04-06,2021,80.0
2017-04-07,2021,80.0
2017-04-10,2021,80.0
2017-04-11,2021,80.0
2017-04-12,2021,80.0
2017-04-13,2021,80.0
2017-04-17,2021,80.0
2017-04-18,2021,80.0
2017-04-19,2021,80.0
2017-04-20,2021,80.0
2017-04-24,2021,85.0
2017-04-25,2021,85.0
2017-04-26,2021,85.0
2017-04-27,2021,85.0
2017-04-28,2021,85.0
2017-05-02,2021,85.0
2017-05-03,2021,85.0
2017-05-04,2021,85.0
2017-05-05,2021,85.0
2017-05-08,2021,85.0
2017-05-09,2021,85.0
2017-05-10,2021,85.0
2017-05-11,2021,85.0
2017-05-12,2021,85.0
2017-05-15,2021,85.0
2017-05-16,2021,85.0
2017-05-17,2021,85.0
2017-05-18,2021,85.0
2017-05-19,2021,85.0
2017-05-22,2021,85.0
2017-05-23,2021,85.0
2017-05-24,2021,85.0
2017-05-25,2021,82.5
2017-05-26,2021,85.0
2017-05-29,2021,85.0
2017-05-30,2021,85.0
2017-05-31,2021,85.0
2017-06-01,2021,85.0
2017-06-02,2021,85.0
2017-06-05,2021,85.0
2017-06-06,2021,85.0
2017-06-07,2021,85.0
2017-06-08,2021,85.0
2017-06-09,2021,85.0
2017-06-12,2021,85.0
2017-06-13,2021,85.0
2017-06-14,2021,85.0
2017-06-16,2021,85.0
2017-06-19,2021,85.0
2017-06-20,2021,85.0
2017-06-21,2021,85.0
2017-06-22,2021,85.0
2017-06-23,2021,85.0
2017-06-26,2021,82.5
2017-06-27,2021,82.5
2017-06-28,2021,85.0
2017-06-29,2021,80.0
2017-06-30,2021,85.0
2017-07-03,2021,85.0
2017-07-04,2021,85.0
2017-07-05,2021,85.0
2017-07-06,2021,85.0
2017-07-07,2021,82.5
2017-07-10,2021,85.0
2017-07-11,2021,85.0
2017-07-12,2021,85.0
2017-07-13,2021,85.0
2017-07-14,2021,82.5
2017-07-17,2021,80.0
2017-07-18,2021,80.0
2017-07-19,2021,82.5
2017-07-20,2021,82.5
2017-07-21,2021,82.5
2017-07-24,2021,85.0
2017-07-25,2021,85.0
2017-07-26,2021,85.0
2017-07-27,2021,85.0
2017-07-28,2021,85.0
2017-07-31,2021,80.0
2017-08-01,2021,80.0
2017-08-02,2021,82.5
2017-08-03,2021,82.5
2017-08-04,2021,82.5
2017-08-07,2021,85.0
2017-08-08,2021,85.0
2017-08-09,2021,85.0
2017-08-10,2021,85.0
2017-08-11,2021,85.0
2017-08-14,2021,82.5
2017-08-15,2021,85.0
2017-08-16,2021,85.0
2017-08-17,2021,85.0
2017-08-18,2021,85.0
2017-08-21,2021,85.0
2017-08-22,2021,85.0
2017-08-23,2021,85.0
2017-08-24,2021,85.0
2017-08-25,2021,85.0
2017-08-28,2021,85.0
2017-08-29,2021,85.0
2017-08-30,2021,85.0
2017-08-31,2021,85.0
2017-09-01,2021,85.0
2017-09-04,2021,85.0
2017-09-05,2021,85.0
2017-09-06,2021,85.0
2017-09-08,2021,80.0
2017-09-11,2021,80.0
2017-09-12,2021,80.0
2017-09-13,2021,80.0
2017-09-14,2021,85.0
2017-09-15,2021,82.5
2017-09-18,2021,80.0
2017-09-19,2021,80.0
2017-09-20,2021,80.0
2017-09-21,2021,80.0
2017-09-22,2021,80.0
2017-09-25,2021,80.0
2017-09-26,2021,80.0
2017-09-27,2021,80.0
2017-09-28,2021,80.0
2017-09-29,2021,80.0
2017-10-02,2021,82.5
2017-10-03,2021,82.5
2017-10-04,2021,82.5
2017-10-05,2021,82.5
2017-10-06,2021,82.5
2017-10-09,2021,85.0
2017-10-10,2021,82.5
2017-10-11,2021,82.5
2017-10-13,2021,82.5
2017-10-16,2021,80.0
2017-10-17,2021,85.0
2017-10-18,2021,82.5
2017-10-19,2021,82.5
2017-10-20,2021,82.5
2017-10-23,2021,82.5
2017-10-24,2021,82.5
2017-10-25,2021,82.5
2017-10-26,2021,82.5
2017-10-27,2021,82.5
2017-10-30,2021,80.0
2017-10-31,2021,80.0
2017-11-01,2021,80.0
2017-11-03,2021,82.5
2017-11-06,2021,80.0
2017-11-07,2021,82.5
2017-11-08,2021,82.5
2017-11-09,2021,80.0
2017-11-10,2021,82.5
2017-11-13,2021,82.5
2017-11-14,2021,82.5
2017-11-16,2021,82.5
2017-11-17,2021,80.0
2017-11-20,2021,82.5
2017-11-21,2021,82.5
2017-11-22,2021,80.0
2017-11-23,2021,80.0
2017-11-24,2021,80.0
2017-11-27,2021,80.0
2017-11-28,2021,82.5
2017-11-29,2021,82.5
2017-11-30,2021,82.5
2017-12-01,2021,82.5
2017-12-04,2021,85.0
2017-12-05,2021,85.0
2017-12-06,2021,85.0
2017-12-07,2021,85.0
2017-12-08,2021,85.0
2017-12-11,2021,85.0
2017-12-12,2021,85.0
2017-12-13,2021,85.0
2017-12-14,2021,83.0
2017-12-15,2021,83.0
2017-12-18,2021,81.0
2017-12-19,2021,81.0
2017-12-20,2021,85.0
2017-12-21,2021,85.0
2017-12-22,2021,85.0
2017-12-26,2021,85.0
2017-12-27,2021,85.0
2017-12-28,2021,85.0
2017-12-29,2021,85.0
2018-01-02,2021,85.0
2018-01-03,2021,85.0
2018-01-04,2021,85.0
2018-01-05,2021,85.0
2018-01-08,2021,85.0
2018-01-09,2021,85.0
2018-01-10,2021,85.0
2018-01-11,2021,85.0
2018-01-12,2021,83.0
2018-01-15,2021,85.0
2018-01-16,2021,85.0
2018-01-17,2021,85.0
2018-01-18,2021,85.0
2018-01-19,2021,83.0
2018-01-22,2021,80.5
2018-01-23,2021,83.0
2018-01-24,2021,83.0
2018-01-25,2021,83.0
2018-01-26,2021,83.0
2018-01-29,2021,80.0
2018-01-30,2021,80.0
2018-01-31,2021,80.5
2018-02-01,2021,80.5
2018-02-02,2021,81.0
2018-02-05,2021,83.0
2018-02-06,2021,82.0
2018-02-07,2021,82.0
2018-02-08,2021,82.0
2018-02-09,2021,82.0
2018-02-14,2021,82.0
2018-02-15,2021,83.5
2018-02-16,2021,83.5
2018-02-19,2021,83.5
2018-02-20,2021,82.0
2018-02-21,2021,82.0
2018-02-22,2021,81.5
2018-02-23,2021,81.5
2018-02-26,2021,81.5
2018-02-27,2021,81.5
2018-02-28,2021,81.5
2018-03-01,2021,81.5
2018-03-02,2021,81.5
2018-03-05,2021,82.0
2018-03-06,2021,82.0
2018-03-07,2021,82.0
2018-03-08,2021,82.0
2018-03-09,2021,85.0
2018-03-12,2021,85.0
2018-03-13,2021,85.0
2018-03-14,2021,85.0
2018-03-15,2021,86.21
2018-03-16,2021,84.21
2018-03-19,2021,81.0
2018-03-20,2021,84.21
2018-03-21,2021,81.0
2018-03-22,2021,81.0
2018-03-23,2021,81.0
2018-03-26,2021,81.0
2018-03-27,2021,81.0
2018-03-28,2021,81.0
2018-03-29,2021,81.0
2018-04-02,2021,81.0
2018-04-03,2021,81.0
2018-04-04,2021,81.0
2018-04-05,2021,81.0
2018-04-06,2021,81.0
2018-04-09,2021,81.0
2018-04-10,2021,81.0
2018-04-11,2021,84.21
2018-04-12,2021,84.21
2018-04-13,2021,84.21
2018-04-16,2021,87.42
2018-04-17,2021,84.21
2018-04-18,2021,84.21
2018-04-19,2021,84.21
2018-04-20,2021,84.21
2018-04-23,2021,87.42
2018-04-24,2021,87.42
2018-04-25,2021,87.42
2018-04-26,2021,87.42
2018-04-27,2021,87.42
2018-04-30,2021,81.0
2018-05-02,2021,81.0
2018-05-03,2021,81.0
2018-05-04,2021,84.21
2018-05-07,2021,84.21
2018-05-08,2021,84.21
2018-05-09,2021,84.21
2018-05-10,2021,81.0
2018-05-11,2021,81.0
2018-05-14,2021,80.5
2018-05-15,2021,80.5
2018-05-16,2021,80.5
2018-05-17,2021,80.5
2018-05-18,2021,80.5
2018-05-21,2021,80.5
2018-05-22,2021,80.5
2018-05-23,2021,80.5
2018-05-24,2021,80.5
2018-05-25,2021,80.25
2018-05-28,2021,80.25
2018-05-29,2021,80.25
2018-05-30,2021,80.25
2018-06-01,2021,80.25
2018-06-04,2021,80.25
2018-06-05,2021,80.25
2018-06-06,2021,80.25
2018-06-07,2021,80.25
2018-06-08,2021,80.0
2018-06-11,2021,80.0
2018-06-12,2021,80.0
2018-06-13,2021,80.0
2018-06-14,2021,80.0
2018-06-15,2021,80.0
2018-06-18,2021,80.0
2018-06-19,2021,80.0
2018-06-20,2021,80.0
2018-06-21,2021,80.0
2018-06-22,2021,80.0
2018-06-25,2021,80.0
2018-06-26,2021,80.0
2018-06-27,2021,80.0
2018-06-28,2021,80.0
2018-06-29,2021,80.0
2018-07-02,2021,80.0
2018-07-03,2021,80.0
2018-07-04,2021,80.0
2018-07-05,2021,80.0
2018-07-06,2021,80.0
2018-07-09,2021,80.0
2018-07-10,2021,80.0
2018-07-11,2021,80.0
2018-07-12,2021,80.0
2018-07-13,2021,80.0
2018-07-16,2021,80.0
2018-07-17,2021,80.0
2018-07-18,2021,80.0
2018-07-19,2021,80.0
2018-07-20,2021,80.0
2018-07-23,2021,80.0
2018-07-24,2021,80.0
2018-07-25,2021,80.0
2018-07-26,2021,80.0
2018-07-27,2021,80.0
2018-07-30,2021,80.0
2018-07-31,2021,80.0
2018-08-01,2021,80.0
2018-08-02,2021,80.0
2018-08-03,2021,80.0
2018-08-06,2021,80.0
2018-08-07,2021,80.0
2018-08-08,2021,80.0
2018-08-09,2021,80.0
2018-08-10,2021,80.0
2018-08-13,2021,80.0
2018-08-14,2021,80.0
2018-08-15,2021,80.0
2018-08-16,2021,80.0
2018-08-17,2021,80.0
2018-08-20,2021,80.0
2018-08-21,2021,80.0
2018-08-22,2021,80.0
2018-08-23,2021,80.0
2018-08-24,2021,80.0
2018-08-27,2021,80.0
2018-08-28,2021,80.0
2018-08-29,2021,80.0
2018-08-30,2021,80.0
2018-08-31,2021,80.0
2018-09-03,2021,80.0
2018-09-04,2021,80.0
2018-09-05,2021,80.0
2018-09-06,2021,80.0
2018-09-10,2021,80.0
2018-09-11,2021,80.0
2018-09-12,2021,80.0
2018-09-13,2021,80.0
2018-09-14,2021,80.0
2018-09-17,2021,80.0
2018-09-18,2021,80.0
2018-09-19,2021,80.0
2018-09-20,2021,80.0
2018-09-21,2021,80.0
2018-09-24,2021,80.0
2018-09-25,2021,80.0
2018-09-26,2021,80.0
2018-09-27,2021,80.0
2018-09-28,2021,80.0
2018-10-01,2021,80.0
2018-10-02,2021,80.0
2018-10-03,2021,80.0
2018-10-04,2021,80.0
2018-10-05,2021,80.0
2018-10-08,2021,80.0
2018-10-09,2021,80.0
2018-10-10,2021,80.0
2018-10-11,2021,80.0
2018-10-15,2021,80.0
2018-10-16,2021,80.0
2018-10-17,2021,80.0
2018-10-18,2021,80.0
2018-10-19,2021,80.0
2018-10-22,2021,80.0
2018-10-23,2021,80.0
2018-10-24,2021,80.0
2018-10-25,2021,80.0
2018-10-26,2021,80.0
2018-10-29,2021,80.0
2018-10-30,2021,80.0
2018-10-31,2021,80.0
2018-11-01,2021,80.0
2018-11-05,2021,80.0
2018-11-06,2021,80.0
2018-11-07,2021,80.0
2018-11-08,2021,80.0
2018-11-09,2021,80.0
2018-11-12,2021,80.5
2018-11-13,2021,80.5
2018-11-14,2021,83.0
2018-11-16,2021,83.0
2018-11-19,2021,83.0
2018-11-20,2021,83.0
2018-11-21,2021,83.0
2018-11-22,2021,85.0
2018-11-23,2021,85.0
2018-11-26,2021,84.0
2018-11-27,2021,84.0
2018-11-28,2021,84.0
2018-11-29,2021,84.0
2018-11-30,2021,86.21
2018-12-03,2021,86.21
2018-12-04,2021,86.21
2018-12-05,2021,87.42
2018-12-06,2021,87.42
2018-12-07,2021,87.42
2018-12-10,2021,85.0
2018-12-11,2021,87.0
2018-12-12,2021,87.0
2018-12-13,2021,87.0
2018-12-14,2021,87.0
2018-12-17,2021,87.42
2018-12-18,2021,86.21
2018-12-19,2021,86.21
2018-12-20,2021,86.21
2018-12-21,2021,87.42
2018-12-24,2021,87.42
2018-12-26,2021,87.42
2018-12-27,2021,87.42
2018-12-28,2021,87.42
2018-12-31,2021,87.42
2019-01-02,2021,87.42
2019-01-03,2021,87.42
2019-01-04,2021,87.42
2019-01-07,2021,83.0
2019-01-08,2021,85.21
2019-01-09,2021,85.21
2019-01-10,2021,87.42
2019-01-11,2021,87.42
2019-01-14,2021,85.21
2019-01-15,2021,85.21
2019-01-16,2021,83.0
2019-01-17,2021,83.0
2019-01-18,2021,82.0
2019-01-21,2021,82.0
2019-01-22,2021,82.0
2019-01-23,2021,82.0
2019-01-24,2021,82.0
2019-01-25,2021,82.0
2019-01-28,2021,82.0
2019-01-29,2021,82.0
2019-01-30,2021,82.0
2019-01-31,2021,82.0
2019-02-01,2021,82.0
2019-02-04,2021,82.0
2019-02-05,2021,82.0
2019-02-06,2021,82.0
2019-02-07,2021,82.0
2019-02-08,2021,81.0
2019-02-11,2021,81.0
2019-02-12,2021,83.07
2019-02-13,2021,83.07
2019-02-14,2021,83.07
2019-02-15,2021,83.07
2019-02-18,2021,86.28
2019-02-19,2021,86.28
2019-02-20,2021,87.42
2019-02-21,2021,87.42
2019-02-22,2021,87.42
2019-02-25,2021,87.42
2019-02-26,2021,87.42
2019-02-27,2021,87.42
2019-02-28,2021,87.42
2019-03-01,2021,87.42
2019-03-06,2021,85.14
2019-03-07,2021,83.07
2019-03-08,2021,83.07
2019-03-11,2021,83.07
2019-03-12,2021,83.07
2019-03-13,2021,83.07
2019-03-14,2021,84.21
2019-03-15,2021,88.21
2019-03-18,2021,89.41
2019-03-19,2021,89.41
2019-03-20,2021,89.0
2019-03-21,2021,89.0
2019-03-22,2021,89.0
2019-03-25,2021,89.41
2019-03-26,2021,89.0
2019-03-27,2021,89.0
2019-03-28,2021,89.0
2019-03-29,2021,89.0
2019-04-01,2021,89.0
2019-04-02,2021,89.0
2019-04-03,2021,89.0
2019-04-04,2021,89.0
2019-04-05,2021,89.0
2019-04-08,2021,89.0
2019-04-09,2021,89.0
2019-04-10,2021,89.0
2019-04-11,2021,89.0
2019-04-12,2021,89.0
2019-04-15,2021,81.0
2019-04-16,2021,87.71
2019-04-17,2021,88.0
2019-04-18,2021,86.21
2019-04-22,2021,86.28
2019-04-23,2021,86.28
2019-04-24,2021,86.28
2019-04-25,2021,86.28
2019-04-26,2021,87.71
2019-04-29,2021,87.71
2019-04-30,2021,87.71
2019-05-02,2021,87.71
2019-05-03,2021,88.0
2019-05-06,2021,88.0
2019-05-07,2021,88.0
2019-05-08,2021,88.0
2019-05-09,2021,88.5
2019-05-10,2021,88.0
2019-05-13,2021,88.5
2019-05-14,2021,88.5
2019-05-15,2021,88.5
2019-05-16,2021,87.71
2019-05-17,2021,87.42
2019-05-20,2021,88.0
2019-05-21,2021,88.0
2019-05-22,2021,88.0
2019-05-23,2021,88.0
2019-05-24,2021,88.0
2019-05-27,2021,88.0
2019-05-28,2021,88.0
2019-05-29,2021,88.0
2019-05-30,2021,88.0
2019-05-31,2021,88.0
2019-06-03,2021,86.28
2019-06-04,2021,87.42
2019-06-05,2021,87.42
2019-06-06,2021,87.42
2019-06-07,2021,88.0
2019-06-10,2021,88.0
2019-06-11,2021,88.0
2019-06-12,2021,88.0
2019-06-13,2021,88.0
2019-06-14,2021,88.0
2019-06-17,2021,87.71
2019-06-18,2021,88.0
2019-06-19,2021,88.0
2019-06-21,2021,87.71
2019-06-24,2021,87.71
2019-06-25,2021,87.71
2019-06-26,2021,87.71
2019-06-27,2021,87.71
2019-06-28,2021,88.0
2019-07-01,2021,88.0
2019-07-02,2021,88.0
2019-07-03,2021,88.0
2019-07-04,2021,88.0
2019-07-05,2021,87.71
2019-07-08,2021,87.71
2019-07-09,2021,87.71
2019-07-10,2021,87.71
2019-07-11,2021,88.71
2019-07-12,2021,88.71
2019-07-15,2021,86.71
2019-07-16,2021,86.0
2019-07-17,2021,86.71
2019-07-18,2021,87.42
2019-07-19,2021,86.71
2019-07-22,2021,87.42
2019-07-23,2021,87.42
2019-07-24,2021,87.42
2019-07-25,2021,88.21
2019-07-26,2021,89.0
2019-07-29,2021,88.21
2019-07-30,2021,88.21
2019-07-31,2021,88.21
2019-08-01,2021,88.21
2019-08-02,2021,88.21
2019-08-05,2021,88.21
2019-08-06,2021,88.21
2019-08-07,2021,88.0
2019-08-08,2021,88.0
2019-08-09,2021,88.0
2019-08-12,2021,87.71
2019-08-13,2021,87.71
2019-08-14,2021,87.71
2019-08-15,2021,87.71
2019-08-16,2021,87.42
2019-08-19,2021,84.7
2019-08-20,2021,84.7
2019-08-21,2021,84.7
2019-08-22,2021,86.06
2019-08-23,2021,86.06
2019-08-26,2021,86.06
2019-08-27,2021,86.06
2019-08-28,2021,86.06
2019-08-29,2021,87.42
2019-08-30,2021,87.42
2019-09-02,2021,87.42
2019-09-03,2021,87.42
2019-09-04,2021,87.42
2019-09-05,2021,87.42
2019-09-06,2021,87.42
2019-09-09,2021,87.42
2019-09-10,2021,87.42
2019-09-11,2021,87.42
2019-09-12,2021,87.71
2019-09-13,2021,87.42
2019-09-16,2021,88.71
2019-09-17,2021,89.0
2019-09-18,2021,89.0
2019-09-19,2021,89.0
2019-09-20,2021,86.06
2019-09-23,2021,84.35
2019-09-24,2021,84.7
2019-09-25,2021,84.7
2019-09-26,2021,84.7
2019-09-27,2021,84.0
2019-09-30,2021,84.0
2019-10-01,2021,84.0
2019-10-02,2021,84.0
2019-10-03,2021,84.7
2019-10-04,2021,84.7
2019-10-07,2021,84.7
2019-10-08,2021,84.7
2019-10-09,2021,84.7
2019-10-10,2021,84.7
2019-10-11,2021,84.7
2019-10-14,2021,85.0
2019-10-15,2021,85.0
2019-10-16,2021,85.0
2019-10-17,2021,84.7
2019-10-18,2021,84.85
2019-10-21,2021,85.0
2019-10-22,2021,83.2
2019-10-23,2021,83.2
2019-10-24,2021,85.0
2019-10-25,2021,83.2
2019-10-28,2021,83.2
2019-10-29,2021,83.2
2019-10-30,2021,83.2
2019-10-31,2021,83.2
2019-11-01,2021,83.2
2019-11-04,2021,81.4
2019-11-05,2021,81.4
2019-11-06,2021,81.4
2019-11-07,2021,81.4
2019-11-08,2021,81.4
2019-11-11,2021,81.8
2019-11-12,2021,81.8
2019-11-13,2021,81.8
2019-11-14,2021,81.8
2019-11-18,2021,81.6
2019-11-19,2021,81.6
2019-11-20,2021,81.6
2019-11-21,2021,81.6
2019-11-22,2021,81.8
2019-11-25,2021,81.6
2019-11-26,2021,81.6
2019-11-27,2021,81.6
2019-11-28,2021,81.6
2019-11-29,2021,81.8
2019-12-02,2021,81.4
2019-12-03,2021,81.4
2019-12-04,2021,81.4
2019-12-05,2021,82.0
2019-12-06,2021,82.6
2019-12-09,2021,82.0
2019-12-10,2021,82.0
2019-12-11,2021,82.0
2019-12-12,2021,82.0
2019-12-13,2021,83.2
2019-12-16,2021,83.2
2019-12-17,2021,83.2
2019-12-18,2021,83.25
2019-12-19,2021,83.8
2019-12-20,2021,83.8
2019-12-23,2021,84.4
2019-12-24,2021,84.4
2019-12-26,2021,84.4
2019-12-27,2021,84.4
2019-12-30,2021,83.8
2019-12-31,2021,83.8
2020-01-02,2021,84.4
2020-01-03,2021,84.4
2020-01-06,2021,83.8
2020-01-07,2021,84.15
2020-01-08,2021,84.15
2020-01-09,2021,84.15
2020-01-10,2021,84.75
2020-01-13,2021,84.15
2020-01-14,2021,84.15
2020-01-15,2021,84.15
2020-01-16,2021,84.5
2020-01-17,2021,84.5
2020-01-20,2021,84.5
2020-01-21,2021,84.5
2020-01-22,2021,84.5
2020-01-23,2021,83.8
2020-01-24,2021,84.5
2020-01-27,2021,84.5
2020-01-28,2021,84.5
2020-01-29,2021,84.5
2020-01-30,2021,84.75
2020-01-31,2021,84.5
2020-02-03,2021,84.5
2020-02-04,2021,84.5
2020-02-05,2021,84.5
2020-02-06,2021,84.75
2020-02-07,2021,84.5
2020-02-10,2021,84.5
2020-02-11,2021,84.5
2020-02-12,2021,84.5
2020-02-13,2021,84.75
2020-02-14,2021,84.75
2020-02-17,2021,84.75
2020-02-18,2021,84.75
2020-02-19,2021,84.75
2020-02-20,2021,84.75
2020-02-21,2021,84.75
2020-02-26,2021,84.05
2020-02-27,2021,83.6
2020-02-28,2021,84.05
2020-03-02,2021,84.05
2020-03-03,2021,84.05
2020-03-04,2021,84.5
2020-03-05,2021,84.5
2020-03-06,2021,84.5
2020-03-09,2021,84.05
2020-03-10,2021,84.05
2020-03-11,2021,84.05
2020-03-12,2021,83.75
2020-03-13,2021,83.75
2020-03-16,2021,83.75
2020-03-17,2021,83.75
2020-03-18,2021,82.5
2020-03-19,2021,81.4
2020-03-20,2021,80.0
2020-03-23,2021,80.7
2020-03-24,2021,81.0
2020-03-25,2021,81.0
2020-03-26,2021,81.0
2020-03-27,2021,81.4
2020-03-30,2021,81.0
2020-03-31,2021,81.0
2020-04-01,2021,81.0
2020-04-02,2021,80.5
2020-04-03,2021,80.0
2020-04-06,2021,80.0
2020-04-07,2021,80.0
2020-04-08,2021,80.0
2020-04-09,2021,80.0
2020-04-13,2021,80.0
2020-04-14,2021,80.0
2020-04-15,2021,80.0
2020-04-16,2021,80.0
2020-04-17,2021,80.0
2020-04-20,2021,80.0
2020-04-22,2021,80.0
2020-04-23,2021,80.0
2020-04-24,2021,80.0
2020-04-27,2021,80.0
2020-04-28,2021,80.0
2020-04-29,2021,80.0
2020-04-30,2021,80.0
2020-05-04,2021,80.0
2020-05-05,2021,79.0
2020-05-06,2021,79.0
2020-05-07,2021,79.0
2020-05-08,2021,79.0
2020-05-11,2021,78.5
2020-05-12,2021,78.5
2020-05-13,2021,78.5
2020-05-14,2021,78.5
2020-05-15,2021,76.0
2020-05-18,2021,76.0
2020-05-19,2021,76.0
2020-05-20,2021,76.0
2020-05-21,2021,76.0
2020-05-22,2021,76.0
2020-05-25,2021,76.0
2020-05-26,2021,75.0
2020-05-27,2021,75.0
2020-05-28,2021,75.0
2020-05-29,2021,75.0
2020-06-01,2021,75.5
2020-06-02,2021,75.5
2020-06-03,2021,75.0
2020-06-04,2021,75.0
2020-06-05,2021,75.0
2020-06-08,2021,75.0
2020-06-09,2021,75.0
2020-06-10,2021,75.0
2020-06-12,2021,75.0
2020-06-15,2021,75.0
2020-06-16,2021,75.0
2020-06-17,2021,75.0
2020-06-18,2021,75.0
2020-06-19,2021,75.0
2020-06-22,2021,75.0
2020-06-23,2021,75.0
2020-06-24,2021,75.0
2020-06-25,2021,75.0
2020-06-26,2021,72.5
2020-06-29,2021,70.0
2020-06-30,2021,70.0
2020-07-01,2021,70.0
2020-07-02,2021,70.0
2020-07-03,2021,70.0
2020-07-06,2021,66.6
2020-07-07,2021,66.6
2020-07-08,2021,70.0
2020-07-09,2021,70.0
2020-07-10,2021,64.1
2020-07-13,2021,64.1
2020-07-14,2021,64.1
2020-07-15,2021,64.1
2020-07-16,2021,64.1
2020-07-17,2021,64.1
2020-07-20,2021,65.0
2020-07-21,2021,65.0
2020-07-22,2021,65.0
2020-07-23,2021,65.0
2020-07-24,2021,64.1
2020-07-27,2021,65.0
2020-07-28,2021,65.96
2020-07-29,2021,65.96
2020-07-30,2021,65.96
2020-07-31,2021,65.96
2020-08-03,2021,65.96
2020-08-04,2021,65.96
2020-08-05,2021,65.96
2020-08-06,2021,67.98
2020-08-07,2021,65.96
2020-08-10,2021,64.48
2020-08-11,2021,64.48
2020-08-12,2021,64.48
2020-08-13,2021,64.48
2020-08-14,2021,65.96
2020-08-17,2021,65.96
2020-08-18,2021,65.96
2020-08-19,2021,65.96
2020-08-20,2021,65.96
2020-08-21,2021,65.48
2020-08-24,2021,65.0
2020-08-25,2021,65.0
2020-08-26,2021,65.0
2020-08-27,2021,64.0
2020-08-28,2021,64.0
2020-08-31,2021,65.0
2020-09-01,2021,65.48
2020-09-02,2021,65.48
2020-09-03,2021,65.48
2020-09-04,2021,65.48
2020-09-08,2021,67.98
2020-09-09,2021,68.5
2020-09-10,2021,67.0
2020-09-11,2021,66.48
2020-09-14,2021,66.48
2020-09-15,2021,66.48
2020-09-16,2021,66.48
2020-09-17,2021,67.0
2020-09-18,2021,67.0
2020-09-21,2021,68.5
2020-09-22,2021,68.5
2020-09-23,2021,68.5
2020-09-24,2021,68.5
2020-09-25,2021,68.5
2020-09-28,2021,67.0
2020-09-29,2021,67.0
2020-09-30,2021,67.0
2020-10-01,2021,67.0
2020-10-02,2021,65.0
2020-10-05,2021,65.0
2020-10-06,2021,65.0
2020-10-07,2021,65.0
2020-10-08,2021,65.0
2020-10-09,2021,65.0
2020-10-13,2021,65.48
2020-10-14,2021,65.0
2020-10-15,2021,65.0
2020-10-16,2021,65.0
2020-10-19,2021,65.0
2020-10-20,2021,65.0
2020-10-21,2021,65.0
2020-10-22,2021,65.0
2020-10-23,2021,65.0
2020-10-26,2021,65.0
2020-10-27,2021,65.0
2020-10-28,2021,65.0
2020-10-29,2021,65.0
2020-10-30,2021,65.0
2020-11-03,2021,65.0
2020-11-04,2021,65.0
2020-11-05,2021,65.0
2020-11-06,2021,65.0
2020-11-09,2021,65.0
2020-11-10,2021,60.0
2020-11-11,2021,60.0
2020-11-12,2021,60.0
2020-11-13,2021,60.0
2020-11-16,2021,62.5
2020-11-17,2021,62.5
2020-11-18,2021,62.5
2020-11-19,2021,65.0
2020-11-20,2021,60.0
2020-11-23,2021,60.0
2020-11-24,2021,60.0
2020-11-25,2021,60.0
2020-11-26,2021,60.0
2020-11-27,2021,60.0
2020-11-30,2021,60.0
2020-12-01,2021,60.0
2020-12-02,2021,60.0
2020-12-03,2021,60.0
2020-12-04,2021,60.0
2020-12-07,2021,60.0
2020-12-08,2021,60.0
2020-12-09,2021,60.0
2020-12-10,2021,60.0
2020-12-11,2021,60.0
2020-12-14,2021,60.0
2020-12-15,2021,60.0
2020-12-16,2021,60.0
2020-12-17,2021,60.0
2020-12-18,2021,60.0
2020-12-21,2021,60.0
2020-12-22,2021,60.0
2020-12-23,2021,60.0
2020-12-24,2021,60.0
2020-12-28,2021,60.0
2020-12-29,2021,60.0
2020-12-30,2021,60.0
2020-12-31,2021,60.0
2021-01-04,2021,60.0
2021-01-05,2021,60.0
2021-01-06,2021,60.0
2021-01-07,2021,60.0
2021-01-08,2021,60.0
2021-01-11,2021,57.5
2021-01-12,2021,60.0
2021-01-13,2021,60.0
2021-01-14,2021,60.0
2021-01-15,2021,60.0
2021-01-18,2021,60.0
2021-01-19,2021,60.0
2021-01-20,2021,60.0
2021-01-21,2021,60.0
2021-01-22,2021,60.0
2021-01-25,2021,60.0
2021-01-26,2021,60.0
2021-01-27,2021,60.0
2021-01-28,2021,60.0
2021-01-29,2021,60.0
2021-02-01,2021,60.0
2021-02-02,2021,60.0
2021-02-03,2021,60.0
2021-02-04,2021,60.0
2021-02-05,2021,60.0
2021-02-08,2021,60.0
2021-02-09,2021,60.0
2021-02-10,2021,60.0
2021-02-11,2021,60.0
2021-02-12,2021,60.0
2021-02-17,2021,57.5
2021-02-18,2021,60.0
2021-02-19,2021,60.0
2021-02-22,2021,60.0
2021-02-23,2021,55.0
2021-02-24,2021,55.0
2021-02-25,2021,55.0
2021-02-26,2021,55.0
2021-03-01,2021,55.0
2021-03-02,2021,55.0
2021-03-03,2021,55.0
2021-03-04,2021,55.0
2021-03-05,2021,52.5
2021-03-08,2021,52.5
2021-03-09,2021,52.5
2021-03-10,2021,52.5
2021-03-11,2021,52.5
2021-03-12,2021,52.5
2021-03-15,2021,52.5
2021-03-16,2021,52.5
2021-03-17,2021,55.0
2021-03-18,2021,55.0
2021-03-19,2021,55.0
2021-03-22,2021,55.0
2021-03-23,2021,55.0
2021-03-24,2021,55.0
2021-03-25,2021,55.0
2021-03-26,2021,55.0
2021-03-29,2021,55.0
2021-03-30,2021,55.0
2021-03-31,2021,55.0
2021-04-01,2021,55.0
2021-04-05,2021,55.0
2021-04-06,2021,55.0
2021-04-07,2021,55.0
2021-04-08,2021,55.0
2021-04-09,2021,55.0
2021-04-12,2021,55.0
2021-04-13,2021,55.0
2021-04-14,2021,55.0
2021-04-15,2021,55.0
2021-04-16,2021,55.0
2021-04-19,2021,55.0
2021-04-20,2021,55.0
2021-04-22,2021,52.5
2021-04-23,2021,57.4
2021-04-26,2021,55.0
2021-04-27,2021,55.0
2021-04-28,2021,55.0
2021-04-29,2021,55.0
2021-04-30,2021,55.0
2021-05-03,2021,57.4
2021-05-04,2021,57.4
2021-05-05,2021,57.4
2021-05-06,2021,57.4
2021-05-07,2021,55.0109
2021-05-10,2021,55.0109
2021-05-11,2021,55.0109
2021-05-12,2021,55.0109
2021-05-13,2021,56.5055
2021-05-14,2021,55.0109
2021-05-17,2021,55.0109
2021-05-18,2021,55.0109
2021-05-19,2021,55.0109
2021-05-20,2021,55.0109
2021-05-21,2021,55.0109
2021-05-24,2021,58.0
2021-05-25,2021,58.0
2021-05-26,2021,56.5
2021-05-27,2021,58.0
2021-05-28,2021,58.0
2021-05-31,2021,58.15
2021-06-01,2021,57.65
2021-06-02,2021,57.65
2021-06-04,2021,57.65
2021-06-07,2021,57.65
2021-06-08,2021,59.15
2021-06-09,2021,59.5
2021-06-10,2021,58.3
2021-06-11,2021,58.9
2021-06-14,2021,58.3
2021-06-15,2021,58.3
2021-06-16,2021,57.4
2021-06-17,2021,57.4
2021-06-18,2021,58.15
2021-06-21,2021,58.15
2021-06-22,2021,58.15
2021-06-23,2021,58.15
2021-06-24,2021,58.15
2021-06-25,2021,58.0
2021-06-28,2021,57.0
2021-06-29,2021,57.0
2021-06-30,2021,57.0
2021-07-01,2021,56.0
2021-07-02,2021,55.5
2021-07-05,2021,55.0
2021-07-06,2021,55.0
2021-07-07,2021,55.0
2021-07-08,2021,55.0
2021-07-09,2021,55.0
2021-07-12,2021,55.0
2021-07-13,2021,55.0
2021-07-14,2021,55.0
2021-07-15,2021,54.5
2021-07-16,2021,54.0
2021-07-19,2021,54.0
2021-07-20,2021,54.0
2021-07-21,2021,54.5
2021-07-22,2021,54.0
2021-07-23,2021,53.5
2021-07-26,2021,53.0
2021-07-27,2021,53.0
2021-07-28,2021,53.0
2021-07-29,2021,53.5
2021-07-30,2021,53.75
2021-08-02,2021,53.75
2021-08-03,2021,53.75
2021-08-04,2021,54.0
2021-08-05,2021,54.0
2021-08-06,2021,53.75
2021-08-09,2021,54.0
2021-08-10,2021,54.0
2021-08-11,2021,54.0
2021-08-12,2021,54.0
2021-08-13,2021,54.0
2021-08-16,2021,54.0
2021-08-17,2021,54.0
2021-08-18,2021,54.0
2021-08-19,2021,54.0
2021-08-20,2021,54.0
2021-08-23,2021,54.0
2021-08-24,2021,54.0
2021-08-25,2021,54.0
2021-08-26,2021,54.0
2021-08-27,2021,54.0
2021-08-30,2021,54.0
2021-08-31,2021,54.0
2021-09-01,2021,54.0
2021-09-02,2021,54.0
2021-09-03,2021,54.0
2021-09-06,2021,54.0
2021-09-08,2021,54.0
2021-09-09,2021,54.0
2021-09-10,2021,51.15
2021-09-13,2021,50.0
2021-09-14,2021,50.0
2021-09-15,2021,50.0
2021-09-16,2021,50.0
2021-09-17,2021,50.0
2021-09-20,2021,50.0
2021-09-21,2021,50.0
2021-09-22,2021,50.0
2021-09-23,2021,50.0
2021-09-24,2021,50.0
2021-09-27,2021,50.0
2021-09-28,2021,50.0
2021-09-29,2021,50.0
2021-09-30,2021,50.0
2021-10-01,2021,50.5
2021-10-04,2021,51.0
2021-10-05,2021,51.0
2021-10-06,2021,51.0
2021-10-07,2021,51.0
2021-10-08,2021,51.0
2021-10-11,2021,50.0
2021-10-13,2021,50.5
2021-10-14,2021,51.0
2021-10-15,2021,50.0
2021-10-18,2021,50.0
2021-10-19,2021,50.0
2021-10-20,2021,50.0
2021-10-21,2021,50.5
2021-10-22,2021,50.0
2021-10-25,2021,50.0
2021-10-26,2021,50.0
2021-10-27,2021,50.0
2021-10-28,2021,50.0
2021-10-29,2021,50.0
2021-11-01,2021,50.0
2021-11-03,2021,50.0
2021-11-04,2021,50.0
2021-11-05,2021,50.0
2021-11-08,2021,50.0
2021-11-09,2021,50.0
2021-11-10,2021,50.0
2021-11-11,2021,50.0
2021-11-12,2021,50.0
2021-11-16,2021,50.0
2021-11-17,2021,50.0
2021-11-18,2021,50.0
2021-11-19,2021,50.0
2021-11-22,2021,50.0
2021-11-23,2021,50.0
2021-11-24,2021,50.0
2021-11-25,2021,50.0
2021-11-26,2021,50.0
2021-11-29,2021,50.0
2021-11-30,2021,50.0
2021-12-01,2021,50.0
2021-12-02,2021,50.0
2021-12-03,2021,50.0
2021-12-06,2021,50.0
2021-12-07,2021,50.2
2021-12-08,2021,50.2
2021-12-09,2021,52.0
2021-12-10,2021,52.0
2021-12-13,2021,52.0
2021-12-14,2021,51.0
2021-12-15,2021,51.0
2021-12-16,2021,51.0
2021-12-17,2021,51.25
2021-12-20,2021,51.25
2021-12-21,2021,51.0
2021-12-22,2021,51.0
2021-12-23,2021,52.0
2021-12-24,2021,52.0
2021-12-27,2021,52.0
2021-12-28,2021,52.0
2021-12-29,2021,52.0
2021-12-30,2021,52.0
2021-12-31,2021,52.0
2022-01-03,2021,52.0
2022-01-04,2021,52.0
2022-01-05,2021,52.0
2022-01-06,2021,52.0
2022-01-07,2021,52.0
2022-01-10,2021,52.0
2022-01-11,2021,52.0
2022-01-12,2021,52.0
2022-01-13,2021,52.0
2022-01-14,2021,52.0
2022-01-17,2021,52.0
2022-01-18,2021,52.0
2022-01-19,2021,52.0
2022-01-20,2021,52.0
2022-01-21,2021,52.0
2022-01-24,2021,52.0
2022-01-25,2021,52.0
2018-01-30,2022,70.0
2018-01-31,2022,80.72
2018-02-01,2022,80.72
2018-02-02,2022,90.0
2018-02-05,2022,85.0
2018-02-06,2022,81.56
2018-02-07,2022,80.78
2018-02-08,2022,80.78
2018-02-09,2022,80.78
2018-02-14,2022,80.78
2018-02-15,2022,83.28
2018-02-16,2022,85.0
2018-02-19,2022,85.0
2018-02-20,2022,85.0
2018-02-21,2022,85.0
2018-02-22,2022,85.0
2018-02-23,2022,85.0
2018-02-26,2022,85.0
2018-02-27,2022,85.0
2018-02-28,2022,85.0
2018-03-01,2022,85.0
2018-03-02,2022,85.0
2018-03-05,2022,85.0
2018-03-06,2022,85.0
2018-03-07,2022,85.0
2018-03-08,2022,85.0
2018-03-09,2022,85.0
2018-03-12,2022,87.5
2018-03-13,2022,87.5
2018-03-14,2022,87.5
2018-03-15,2022,87.5
2018-03-16,2022,87.5
2018-03-19,2022,85.0
2018-03-20,2022,87.5
2018-03-21,2022,87.5
2018-03-22,2022,87.5
2018-03-23,2022,85.0
2018-03-26,2022,85.0
2018-03-27,2022,85.0
2018-03-28,2022,87.5
2018-03-29,2022,87.5
2018-04-02,2022,85.0
2018-04-03,2022,85.0
2018-04-04,2022,85.0
2018-04-05,2022,85.0
2018-04-06,2022,85.0
2018-04-09,2022,85.0
2018-04-10,2022,85.0
2018-04-11,2022,87.5
2018-04-12,2022,87.5
2018-04-13,2022,87.5
2018-04-16,2022,90.0
2018-04-17,2022,87.5
2018-04-18,2022,87.5
2018-04-19,2022,87.5
2018-04-20,2022,87.5
2018-04-23,2022,87.5
2018-04-24,2022,87.5
2018-04-25,2022,87.5
2018-04-26,2022,87.5
2018-04-27,2022,87.5
2018-04-30,2022,82.5
2018-05-02,2022,82.5
2018-05-03,2022,82.5
2018-05-04,2022,85.0
2018-05-07,2022,85.0
2018-05-08,2022,85.0
2018-05-09,2022,85.0
2018-05-10,2022,85.0
2018-05-11,2022,85.0
2018-05-14,2022,82.5
2018-05-15,2022,82.5
2018-05-16,2022,85.0
2018-05-17,2022,85.0
2018-05-18,2022,85.0
2018-05-21,2022,82.5
2018-05-22,2022,82.5
2018-05-23,2022,82.5
2018-05-24,2022,82.5
2018-05-25,2022,82.5
2018-05-28,2022,82.5
2018-05-29,2022,82.5
2018-05-30,2022,82.5
2018-06-01,2022,86.25
2018-06-04,2022,86.25
2018-06-05,2022,86.25
2018-06-06,2022,86.25
2018-06-07,2022,86.25
2018-06-08,2022,81.13
2018-06-11,2022,80.0
2018-06-12,2022,80.0
2018-06-13,2022,81.13
2018-06-14,2022,81.13
2018-06-15,2022,81.13
2018-06-18,2022,81.13
2018-06-19,2022,81.13
2018-06-20,2022,81.13
2018-06-21,2022,81.13
2018-06-22,2022,81.13
2018-06-25,2022,81.13
2018-06-26,2022,81.13
2018-06-27,2022,81.13
2018-06-28,2022,81.13
2018-06-29,2022,80.57
2018-07-02,2022,80.57
2018-07-03,2022,80.57
2018-07-04,2022,80.57
2018-07-05,2022,80.57
2018-07-06,2022,80.57
2018-07-09,2022,85.57
2018-07-10,2022,80.57
2018-07-11,2022,80.57
2018-07-12,2022,80.57
2018-07-13,2022,80.29
2018-07-16,2022,80.29
2018-07-17,2022,80.0
2018-07-18,2022,80.0
2018-07-19,2022,80.0
2018-07-20,2022,80.0
2018-07-23,2022,80.0
2018-07-24,2022,80.0
2018-07-25,2022,80.0
2018-07-26,2022,80.0
2018-07-27,2022,80.0
2018-07-30,2022,78.0
2018-07-31,2022,80.0
2018-08-01,2022,80.0
2018-08-02,2022,80.0
2018-08-03,2022,80.57
2018-08-06,2022,80.79
2018-08-07,2022,80.57
2018-08-08,2022,80.57
2018-08-09,2022,80.57
2018-08-10,2022,80.79
2018-08-13,2022,80.79
2018-08-14,2022,80.79
2018-08-15,2022,80.79
2018-08-16,2022,80.79
2018-08-17,2022,80.9
2018-08-20,2022,81.0
2018-08-21,2022,81.0
2018-08-22,2022,80.79
2018-08-23,2022,80.79
2018-08-24,2022,80.4
2018-08-27,2022,80.4
2018-08-28,2022,80.4
2018-08-29,2022,80.4
2018-08-30,2022,80.4
2018-08-31,2022,80.4
2018-09-03,2022,80.4
2018-09-04,2022,80.4
2018-09-05,2022,80.4
2018-09-06,2022,80.4
2018-09-10,2022,80.79
2018-09-11,2022,80.79
2018-09-12,2022,80.79
2018-09-13,2022,80.79
2018-09-14,2022,80.9
2018-09-17,2022,81.0
2018-09-18,2022,81.0
2018-09-19,2022,81.0
2018-09-20,2022,81.0
2018-09-21,2022,80.95
2018-09-24,2022,81.0
2018-09-25,2022,81.0
2018-09-26,2022,81.0
2018-09-27,2022,81.0
2018-09-28,2022,80.98
2018-10-01,2022,80.98
2018-10-02,2022,80.98
2018-10-03,2022,80.95
2018-10-04,2022,80.95
2018-10-05,2022,80.95
2018-10-08,2022,80.98
2018-10-09,2022,80.98
2018-10-10,2022,80.98
2018-10-11,2022,80.98
2018-10-15,2022,80.95
2018-10-16,2022,80.95
2018-10-17,2022,80.95
2018-10-18,2022,80.95
2018-10-19,2022,80.95
2018-10-22,2022,78.68
2018-10-23,2022,78.68
2018-10-24,2022,78.68
2018-10-25,2022,78.68
2018-10-26,2022,78.68
2018-10-29,2022,78.68
2018-10-30,2022,78.68
2018-10-31,2022,78.68
2018-11-01,2022,78.68
2018-11-05,2022,78.68
2018-11-06,2022,78.68
2018-11-07,2022,78.68
2018-11-08,2022,80.95
2018-11-09,2022,80.95
2018-11-12,2022,83.0
2018-11-13,2022,83.0
2018-11-14,2022,86.5
2018-11-16,2022,86.5
2018-11-19,2022,86.5
2018-11-20,2022,86.5
2018-11-21,2022,86.5
2018-11-22,2022,90.0
2018-11-23,2022,90.0
2018-11-26,2022,88.25
2018-11-27,2022,88.25
2018-11-28,2022,88.25
2018-11-29,2022,88.25
2018-11-30,2022,90.0
2018-12-03,2022,90.0
2018-12-04,2022,90.0
2018-12-05,2022,90.0
2018-12-06,2022,90.0
2018-12-07,2022,90.0
2018-12-10,2022,88.25
2018-12-11,2022,88.25
2018-12-12,2022,88.25
2018-12-13,2022,88.25
2018-12-14,2022,88.25
2018-12-17,2022,90.0
2018-12-18,2022,86.5
2018-12-19,2022,86.5
2018-12-20,2022,86.5
2018-12-21,2022,85.65
2018-12-24,2022,86.5
2018-12-26,2022,86.5
2018-12-27,2022,86.5
2018-12-28,2022,86.5
2018-12-31,2022,86.5
2019-01-02,2022,86.5
2019-01-03,2022,86.5
2019-01-04,2022,86.5
2019-01-07,2022,85.65
2019-01-08,2022,86.5
2019-01-09,2022,86.5
2019-01-10,2022,88.25
2019-01-11,2022,88.25
2019-01-14,2022,86.5
2019-01-15,2022,86.5
2019-01-16,2022,85.65
2019-01-17,2022,85.65
2019-01-18,2022,84.8
2019-01-21,2022,84.8
2019-01-22,2022,84.8
2019-01-23,2022,84.8
2019-01-24,2022,84.8
2019-01-25,2022,84.8
2019-01-28,2022,84.8
2019-01-29,2022,84.8
2019-01-30,2022,84.8
2019-01-31,2022,84.8
2019-02-01,2022,84.8
2019-02-04,2022,84.8
2019-02-05,2022,84.8
2019-02-06,2022,84.8
2019-02-07,2022,84.8
2019-02-08,2022,83.4
2019-02-11,2022,84.45
2019-02-12,2022,84.63
2019-02-13,2022,84.63
2019-02-14,2022,84.63
2019-02-15,2022,84.63
2019-02-18,2022,87.4
2019-02-19,2022,87.4
2019-02-20,2022,87.4
2019-02-21,2022,87.4
2019-02-22,2022,87.4
2019-02-25,2022,87.4
2019-02-26,2022,87.4
2019-02-27,2022,87.4
2019-02-28,2022,87.4
2019-03-01,2022,87.4
2019-03-06,2022,84.63
2019-03-07,2022,84.45
2019-03-08,2022,84.45
2019-03-11,2022,84.45
2019-03-12,2022,84.45
2019-03-13,2022,84.45
2019-03-14,2022,85.0
2019-03-15,2022,90.0
2019-03-18,2022,90.0
2019-03-19,2022,90.0
2019-03-20,2022,90.0
2019-03-21,2022,90.0
2019-03-22,2022,90.0
2019-03-25,2022,87.5
2019-03-26,2022,90.0
2019-03-27,2022,90.0
2019-03-28,2022,90.0
2019-03-29,2022,90.0
2019-04-01,2022,90.0
2019-04-02,2022,90.0
2019-04-03,2022,90.0
2019-04-04,2022,90.0
2019-04-05,2022,90.0
2019-04-08,2022,90.0
2019-04-09,2022,90.0
2019-04-10,2022,90.0
2019-04-11,2022,87.5
2019-04-12,2022,87.5
2019-04-15,2022,80.0
2019-04-16,2022,83.5
2019-04-17,2022,85.0
2019-04-18,2022,83.5
2019-04-22,2022,84.73
2019-04-23,2022,84.73
2019-04-24,2022,84.73
2019-04-25,2022,84.73
2019-04-26,2022,85.0
2019-04-29,2022,85.0
2019-04-30,2022,85.0
2019-05-02,2022,85.0
2019-05-03,2022,85.0
2019-05-06,2022,85.0
2019-05-07,2022,85.0
2019-05-08,2022,85.0
2019-05-09,2022,87.5
2019-05-10,2022,85.0
2019-05-13,2022,87.55
2019-05-14,2022,87.55
2019-05-15,2022,87.55
2019-05-16,2022,87.55
2019-05-17,2022,85.1
2019-05-20,2022,85.1
2019-05-21,2022,85.1
2019-05-22,2022,85.1
2019-05-23,2022,85.1
2019-05-24,2022,85.1
2019-05-27,2022,85.1
2019-05-28,2022,85.1
2019-05-29,2022,85.1
2019-05-30,2022,85.1
2019-05-31,2022,85.1
2019-06-03,2022,85.1
2019-06-04,2022,85.1
2019-06-05,2022,85.1
2019-06-06,2022,85.1
2019-06-07,2022,90.0
2019-06-10,2022,90.0
2019-06-11,2022,90.0
2019-06-12,2022,90.0
2019-06-13,2022,90.0
2019-06-14,2022,90.0
2019-06-17,2022,84.95
2019-06-18,2022,85.1
2019-06-19,2022,85.1
2019-06-21,2022,84.95
2019-06-24,2022,84.95
2019-06-25,2022,84.95
2019-06-26,2022,84.95
2019-06-27,2022,84.95
2019-06-28,2022,85.1
2019-07-01,2022,85.1
2019-07-02,2022,85.1
2019-07-03,2022,85.1
2019-07-04,2022,85.1
2019-07-05,2022,85.1
2019-07-08,2022,85.1
2019-07-09,2022,85.1
2019-07-10,2022,85.1
2019-07-11,2022,90.0
2019-07-12,2022,90.0
2019-07-15,2022,90.0
2019-07-16,2022,87.4
2019-07-17,2022,84.8
2019-07-18,2022,87.4
2019-07-19,2022,84.8
2019-07-22,2022,87.4
2019-07-23,2022,87.4
2019-07-24,2022,87.4
2019-07-25,2022,90.0
2019-07-26,2022,90.0
2019-07-29,2022,90.0
2019-07-30,2022,90.0
2019-07-31,2022,90.0
2019-08-01,2022,90.0
2019-08-02,2022,90.0
2019-08-05,2022,90.0
2019-08-06,2022,90.0
2019-08-07,2022,87.55
2019-08-08,2022,87.55
2019-08-09,2022,90.0
2019-08-12,2022,87.55
2019-08-13,2022,87.55
2019-08-14,2022,88.1
2019-08-15,2022,88.1
2019-08-16,2022,86.2
2019-08-19,2022,86.2
2019-08-20,2022,86.2
2019-08-21,2022,86.2
2019-08-22,2022,85.65
2019-08-23,2022,85.65
2019-08-26,2022,85.65
2019-08-27,2022,85.65
2019-08-28,2022,85.65
2019-08-29,2022,86.2
2019-08-30,2022,86.2
2019-09-02,2022,86.2
2019-09-03,2022,86.2
2019-09-04,2022,86.2
2019-09-05,2022,86.2
2019-09-06,2022,86.2
2019-09-09,2022,86.2
2019-09-10,2022,86.5
2019-09-11,2022,86.5
2019-09-12,2022,88.25
2019-09-13,2022,90.0
2019-09-16,2022,90.0
2019-09-17,2022,90.0
2019-09-18,2022,90.0
2019-09-19,2022,90.0
2019-09-20,2022,88.25
2019-09-23,2022,88.25
2019-09-24,2022,86.5
2019-09-25,2022,86.5
2019-09-26,2022,86.5
2019-09-27,2022,82.0
2019-09-30,2022,82.0
2019-10-01,2022,82.0
2019-10-02,2022,82.0
2019-10-03,2022,86.0
2019-10-04,2022,86.0
2019-10-07,2022,86.0
2019-10-08,2022,86.0
2019-10-09,2022,86.0
2019-10-10,2022,86.0
2019-10-11,2022,86.0
2019-10-14,2022,86.0
2019-10-15,2022,86.0
2019-10-16,2022,86.0
2019-10-17,2022,82.0
2019-10-18,2022,82.0
2019-10-21,2022,85.0
2019-10-22,2022,82.0
2019-10-23,2022,82.0
2019-10-24,2022,82.0
2019-10-25,2022,81.4
2019-10-28,2022,81.4
2019-10-29,2022,81.4
2019-10-30,2022,81.4
2019-10-31,2022,81.4
2019-11-01,2022,81.4
2019-11-04,2022,80.79
2019-11-05,2022,80.79
2019-11-06,2022,80.79
2019-11-07,2022,80.79
2019-11-08,2022,80.79
2019-11-11,2022,80.79
2019-11-12,2022,80.79
2019-11-13,2022,80.79
2019-11-14,2022,80.79
2019-11-18,2022,81.4
2019-11-19,2022,81.4
2019-11-20,2022,81.4
2019-11-21,2022,81.4
2019-11-22,2022,81.4
2019-11-25,2022,83.5
2019-11-26,2022,83.5
2019-11-27,2022,83.5
2019-11-28,2022,83.5
2019-11-29,2022,82.0
2019-12-02,2022,80.79
2019-12-03,2022,80.79
2019-12-04,2022,80.79
2019-12-05,2022,81.4
2019-12-06,2022,80.79
2019-12-09,2022,80.4
2019-12-10,2022,80.4
2019-12-11,2022,80.4
2019-12-12,2022,80.4
2019-12-13,2022,81.4
2019-12-16,2022,81.4
2019-12-17,2022,81.4
2019-12-18,2022,81.4
2019-12-19,2022,81.4
2019-12-20,2022,81.4
2019-12-23,2022,81.3
2019-12-24,2022,81.3
2019-12-26,2022,81.3
2019-12-27,2022,81.3
2019-12-30,2022,83.3
2019-12-31,2022,83.3
2020-01-02,2022,85.3
2020-01-03,2022,85.3
2020-01-06,2022,83.3
2020-01-07,2022,85.0
2020-01-08,2022,85.0
2020-01-09,2022,85.0
2020-01-10,2022,85.0
2020-01-13,2022,81.3
2020-01-14,2022,81.3
2020-01-15,2022,81.3
2020-01-16,2022,83.15
2020-01-17,2022,83.15
2020-01-20,2022,83.15
2020-01-21,2022,83.15
2020-01-22,2022,83.15
2020-01-23,2022,81.31
2020-01-24,2022,85.0
2020-01-27,2022,85.0
2020-01-28,2022,85.0
2020-01-29,2022,85.0
2020-01-30,2022,85.0
2020-01-31,2022,85.0
2020-02-03,2022,85.0
2020-02-04,2022,85.0
2020-02-05,2022,85.0
2020-02-06,2022,85.15
2020-02-07,2022,85.0
2020-02-10,2022,85.0
2020-02-11,2022,85.0
2020-02-12,2022,85.0
2020-02-13,2022,85.15
2020-02-14,2022,85.15
2020-02-17,2022,85.1
2020-02-18,2022,85.1
2020-02-19,2022,85.1
2020-02-20,2022,85.1
2020-02-21,2022,85.1
2020-02-26,2022,85.1
2020-02-27,2022,85.05
2020-02-28,2022,85.05
2020-03-02,2022,85.1
2020-03-03,2022,85.1
2020-03-04,2022,85.2
2020-03-05,2022,85.2
2020-03-06,2022,85.2
2020-03-09,2022,85.0
2020-03-10,2022,85.0
2020-03-11,2022,85.0
2020-03-12,2022,85.0
2020-03-13,2022,85.0
2020-03-16,2022,85.0
2020-03-17,2022,85.0
2020-03-18,2022,85.0
2020-03-19,2022,85.0
2020-03-20,2022,85.0
2020-03-23,2022,85.0
2020-03-24,2022,85.0
2020-03-25,2022,85.0
2020-03-26,2022,85.0
2020-03-27,2022,85.0
2020-03-30,2022,85.0
2020-03-31,2022,85.0
2020-04-01,2022,85.0
2020-04-02,2022,85.0
2020-04-03,2022,82.5
2020-04-06,2022,80.0
2020-04-07,2022,80.0
2020-04-08,2022,80.0
2020-04-09,2022,80.0
2020-04-13,2022,80.0
2020-04-14,2022,80.0
2020-04-15,2022,80.0
2020-04-16,2022,80.0
2020-04-17,2022,80.0
2020-04-20,2022,80.0
2020-04-22,2022,80.0
2020-04-23,2022,80.0
2020-04-24,2022,80.0
2020-04-27,2022,80.0
2020-04-28,2022,80.0
2020-04-29,2022,80.0
2020-04-30,2022,80.0
2020-05-04,2022,80.0
2020-05-05,2022,80.0
2020-05-06,2022,80.0
2020-05-07,2022,80.0
2020-05-08,2022,80.0
2020-05-11,2022,80.0
2020-05-12,2022,80.0
2020-05-13,2022,80.0
2020-05-14,2022,80.0
2020-05-15,2022,80.0
2020-05-18,2022,80.0
2020-05-19,2022,80.0
2020-05-20,2022,80.0
2020-05-21,2022,80.0
2020-05-22,2022,80.0
2020-05-25,2022,80.0
2020-05-26,2022,80.0
2020-05-27,2022,80.0
2020-05-28,2022,80.0
2020-05-29,2022,80.0
2020-06-01,2022,80.0
2020-06-02,2022,80.0
2020-06-03,2022,80.0
2020-06-04,2022,80.0
2020-06-05,2022,80.0
2020-06-08,2022,80.0
2020-06-09,2022,80.0
2020-06-10,2022,80.0
2020-06-12,2022,80.0
2020-06-15,2022,80.0
2020-06-16,2022,80.0
2020-06-17,2022,80.0
2020-06-18,2022,80.0
2020-06-19,2022,80.0
2020-06-22,2022,80.0
2020-06-23,2022,80.0
2020-06-24,2022,80.0
2020-06-25,2022,80.0
2020-06-26,2022,80.0
2020-06-29,2022,80.0
2020-06-30,2022,80.0
2020-07-01,2022,80.0
2020-07-02,2022,80.0
2020-07-03,2022,80.0
2020-07-06,2022,80.0
2020-07-07,2022,80.0
2020-07-08,2022,80.0
2020-07-09,2022,80.0
2020-07-10,2022,75.0
2020-07-13,2022,75.0
2020-07-14,2022,75.0
2020-07-15,2022,75.0
2020-07-16,2022,80.0
2020-07-17,2022,80.0
2020-07-20,2022,80.0
2020-07-21,2022,80.0
2020-07-22,2022,80.0
2020-07-23,2022,80.0
2020-07-24,2022,80.0
2020-07-27,2022,78.5
2020-07-28,2022,78.5
2020-07-29,2022,78.5
2020-07-30,2022,78.5
2020-07-31,2022,78.5
2020-08-03,2022,78.5
2020-08-04,2022,78.5
2020-08-05,2022,78.5
2020-08-06,2022,80.0
2020-08-07,2022,78.5
2020-08-10,2022,78.5
2020-08-11,2022,78.5
2020-08-12,2022,78.5
2020-08-13,2022,78.5
2020-08-14,2022,78.5
2020-08-17,2022,78.5
2020-08-18,2022,78.5
2020-08-19,2022,78.5
2020-08-20,2022,78.5
2020-08-21,2022,77.0
2020-08-24,2022,70.73
2020-08-25,2022,70.73
2020-08-26,2022,70.73
2020-08-27,2022,70.36
2020-08-28,2022,70.73
2020-08-31,2022,75.36
2020-09-01,2022,80.0
2020-09-02,2022,80.0
2020-09-03,2022,80.0
2020-09-04,2022,80.0
2020-09-08,2022,80.0
2020-09-09,2022,80.0
2020-09-10,2022,80.0
2020-09-11,2022,80.0
2020-09-14,2022,77.0
2020-09-15,2022,77.0
2020-09-16,2022,77.0
2020-09-17,2022,78.5
2020-09-18,2022,78.5
2020-09-21,2022,80.0
2020-09-22,2022,80.0
2020-09-23,2022,80.0
2020-09-24,2022,80.0
2020-09-25,2022,80.0
2020-09-28,2022,78.5
2020-09-29,2022,78.5
2020-09-30,2022,78.5
2020-10-01,2022,78.5
2020-10-02,2022,74.5
2020-10-05,2022,74.5
2020-10-06,2022,74.5
2020-10-07,2022,74.5
2020-10-08,2022,74.5
2020-10-09,2022,74.5
2020-10-13,2022,77.0
2020-10-14,2022,74.5
2020-10-15,2022,72.0
2020-10-16,2022,72.0
2020-10-19,2022,72.0
2020-10-20,2022,70.73
2020-10-21,2022,70.73
2020-10-22,2022,70.73
2020-10-23,2022,70.0
2020-10-26,2022,70.0
2020-10-27,2022,70.0
2020-10-28,2022,70.0
2020-10-29,2022,70.0
2020-10-30,2022,71.0
2020-11-03,2022,72.0
2020-11-04,2022,72.0
2020-11-05,2022,71.0
2020-11-06,2022,70.0
2020-11-09,2022,70.0
2020-11-10,2022,70.0
2020-11-11,2022,70.0
2020-11-12,2022,70.0
2020-11-13,2022,70.0
2020-11-16,2022,70.0
2020-11-17,2022,70.0
2020-11-18,2022,70.0
2020-11-19,2022,70.0
2020-11-20,2022,70.0
2020-11-23,2022,70.0
2020-11-24,2022,70.0
2020-11-25,2022,70.0
2020-11-26,2022,70.0
2020-11-27,2022,70.0
2020-11-30,2022,70.0
2020-12-01,2022,70.0
2020-12-02,2022,70.0
2020-12-03,2022,70.0
2020-12-04,2022,70.0
2020-12-07,2022,70.0
2020-12-08,2022,70.0
2020-12-09,2022,70.0
2020-12-10,2022,70.0
2020-12-11,2022,70.0
2020-12-14,2022,70.0
2020-12-15,2022,70.0
2020-12-16,2022,70.0
2020-12-17,2022,70.0
2020-12-18,2022,70.0
2020-12-21,2022,70.0
2020-12-22,2022,70.0
2020-12-23,2022,70.0
2020-12-24,2022,70.0
2020-12-28,2022,70.0
2020-12-29,2022,70.0
2020-12-30,2022,70.0
2020-12-31,2022,70.0
2021-01-04,2022,70.0
2021-01-05,2022,70.0
2021-01-06,2022,70.0
2021-01-07,2022,70.0
2021-01-08,2022,70.0
2021-01-11,2022,67.5
2021-01-12,2022,70.0
2021-01-13,2022,70.0
2021-01-14,2022,70.0
2021-01-15,2022,70.0
2021-01-18,2022,70.0
2021-01-19,2022,70.0
2021-01-20,2022,70.0
2021-01-21,2022,70.0
2021-01-22,2022,70.0
2021-01-25,2022,70.0
2021-01-26,2022,70.0
2021-01-27,2022,70.0
2021-01-28,2022,70.0
2021-01-29,2022,70.0
2021-02-01,2022,70.0
2021-02-02,2022,70.0
2021-02-03,2022,70.0
2021-02-04,2022,70.0
2021-02-05,2022,70.0
2021-02-08,2022,70.0
2021-02-09,2022,70.0
2021-02-10,2022,70.0
2021-02-11,2022,70.0
2021-02-12,2022,70.0
2021-02-17,2022,70.0
2021-02-18,2022,70.0
2021-02-19,2022,70.0
2021-02-22,2022,67.5
2021-02-23,2022,64.4
2021-02-24,2022,64.4
2021-02-25,2022,64.4
2021-02-26,2022,64.4
2021-03-01,2022,64.4
2021-03-02,2022,64.4
2021-03-03,2022,64.4
2021-03-04,2022,64.4
2021-03-05,2022,61.9
2021-03-08,2022,61.9
2021-03-09,2022,61.9
2021-03-10,2022,61.9
2021-03-11,2022,61.9
2021-03-12,2022,60.0
2021-03-15,2022,60.0
2021-03-16,2022,60.0
2021-03-17,2022,60.0
2021-03-18,2022,60.0
2021-03-19,2022,60.0
2021-03-22,2022,62.2
2021-03-23,2022,62.2
2021-03-24,2022,62.2
2021-03-25,2022,62.2
2021-03-26,2022,64.4
2021-03-29,2022,64.4
2021-03-30,2022,64.4
2021-03-31,2022,62.2
2021-04-01,2022,62.2
2021-04-05,2022,64.4
2021-04-06,2022,64.4
2021-04-07,2022,64.4
2021-04-08,2022,64.4
2021-04-09,2022,64.4
2021-04-12,2022,64.7
2021-04-13,2022,64.7
2021-04-14,2022,64.7
2021-04-15,2022,65.0
2021-04-16,2022,65.0
2021-04-19,2022,65.0
2021-04-20,2022,65.0
2021-04-22,2022,62.5
2021-04-23,2022,65.0
2021-04-26,2022,61.0
2021-04-27,2022,61.0
2021-04-28,2022,61.0
2021-04-29,2022,61.0
2021-04-30,2022,61.0
2021-05-03,2022,62.0
2021-05-04,2022,62.0
2021-05-05,2022,62.0
2021-05-06,2022,62.0
2021-05-07,2022,63.5
2021-05-10,2022,63.5
2021-05-11,2022,63.5
2021-05-12,2022,63.5
2021-05-13,2022,65.0
2021-05-14,2022,63.5
2021-05-17,2022,63.5
2021-05-18,2022,63.5
2021-05-19,2022,63.5
2021-05-20,2022,63.5
2021-05-21,2022,63.0
2021-05-24,2022,63.0
2021-05-25,2022,63.0
2021-05-26,2022,64.0
2021-05-27,2022,65.995
2021-05-28,2022,65.0
2021-05-31,2022,65.35
2021-06-01,2022,65.35
2021-06-02,2022,65.35
2021-06-04,2022,65.7
2021-06-07,2022,65.7
2021-06-08,2022,65.7
2021-06-09,2022,66.345
2021-06-10,2022,66.345
2021-06-11,2022,66.99
2021-06-14,2022,67.445
2021-06-15,2022,67.445
2021-06-16,2022,66.99
2021-06-17,2022,66.99
2021-06-18,2022,66.99
2021-06-21,2022,68.0
2021-06-22,2022,68.0
2021-06-23,2022,68.0
2021-06-24,2022,68.0
2021-06-25,2022,67.95
2021-06-28,2022,67.95
2021-06-29,2022,67.95
2021-06-30,2022,67.95
2021-07-01,2022,69.0
2021-07-02,2022,69.0
2021-07-05,2022,67.9
2021-07-06,2022,67.445
2021-07-07,2022,67.445
2021-07-08,2022,67.445
2021-07-09,2022,67.445
2021-07-12,2022,66.99
2021-07-13,2022,66.99
2021-07-14,2022,66.99
2021-07-15,2022,66.495
2021-07-16,2022,66.99
2021-07-19,2022,67.0
2021-07-20,2022,67.0
2021-07-21,2022,67.5
2021-07-22,2022,67.0
2021-07-23,2022,67.5
2021-07-26,2022,68.0
2021-07-27,2022,68.0
2021-07-28,2022,68.0
2021-07-29,2022,67.5
2021-07-30,2022,67.5
2021-08-02,2022,67.5
2021-08-03,2022,67.5
2021-08-04,2022,67.5
2021-08-05,2022,67.0
2021-08-06,2022,66.995
2021-08-09,2022,67.0
2021-08-10,2022,66.995
2021-08-11,2022,66.995
2021-08-12,2022,66.99
2021-08-13,2022,66.99
2021-08-16,2022,65.0
2021-08-17,2022,65.0
2021-08-18,2022,65.995
2021-08-19,2022,65.995
2021-08-20,2022,65.995
2021-08-23,2022,65.0
2021-08-24,2022,65.0
2021-08-25,2022,65.0
2021-08-26,2022,65.0
2021-08-27,2022,65.0
2021-08-30,2022,65.0
2021-08-31,2022,65.0
2021-09-01,2022,65.0
2021-09-02,2022,65.0
2021-09-03,2022,65.0
2021-09-06,2022,65.0
2021-09-08,2022,65.0
2021-09-09,2022,65.0
2021-09-10,2022,65.0
2021-09-13,2022,65.0
2021-09-14,2022,65.0
2021-09-15,2022,65.0
2021-09-16,2022,63.5
2021-09-17,2022,65.0
2021-09-20,2022,65.0
2021-09-21,2022,65.0
2021-09-22,2022,65.0
2021-09-23,2022,65.0
2021-09-24,2022,62.0
2021-09-27,2022,62.0
2021-09-28,2022,62.0
2021-09-29,2022,62.0
2021-09-30,2022,62.0
2021-10-01,2022,62.0
2021-10-04,2022,62.0
2021-10-05,2022,62.0
2021-10-06,2022,60.5
2021-10-07,2022,60.5
2021-10-08,2022,60.5
2021-10-11,2022,60.25
2021-10-13,2022,60.0
2021-10-14,2022,60.25
2021-10-15,2022,60.25
2021-10-18,2022,60.0
2021-10-19,2022,60.0
2021-10-20,2022,60.0
2021-10-21,2022,60.0
2021-10-22,2022,60.0
2021-10-25,2022,60.0
2021-10-26,2022,60.0
2021-10-27,2022,60.0
2021-10-28,2022,60.0
2021-10-29,2022,60.0
2021-11-01,2022,60.0
2021-11-03,2022,60.0
2021-11-04,2022,60.0
2021-11-05,2022,60.0
2021-11-08,2022,60.0
2021-11-09,2022,60.0
2021-11-10,2022,60.0
2021-11-11,2022,60.0
2021-11-12,2022,60.0
2021-11-16,2022,57.05
2021-11-17,2022,57.05
2021-11-18,2022,59.05
2021-11-19,2022,59.05
2021-11-22,2022,57.05
2021-11-23,2022,57.05
2021-11-24,2022,57.05
2021-11-25,2022,58.1
2021-11-26,2022,56.8
2021-11-29,2022,58.1
2021-11-30,2022,58.1
2021-12-01,2022,58.1
2021-12-02,2022,58.55
2021-12-03,2022,56.8
2021-12-06,2022,56.8
2021-12-07,2022,58.1
2021-12-08,2022,58.1
2021-12-09,2022,59.0
2021-12-10,2022,58.1
2021-12-13,2022,58.1
2021-12-14,2022,57.55
2021-12-15,2022,57.55
2021-12-16,2022,57.55
2021-12-17,2022,57.55
2021-12-20,2022,57.55
2021-12-21,2022,58.0
2021-12-22,2022,58.0
2021-12-23,2022,58.0
2021-12-24,2022,58.0
2021-12-27,2022,58.05
2021-12-28,2022,58.05
2021-12-29,2022,58.05
2021-12-30,2022,58.05
2021-12-31,2022,58.05
2022-01-03,2022,58.0
2022-01-04,2022,58.0
2022-01-05,2022,58.0
2022-01-06,2022,58.0
2022-01-07,2022,58.0
2022-01-10,2022,58.0
2022-01-11,2022,58.0
2022-01-12,2022,58.0
2022-01-13,2022,58.0
2022-01-14,2022,58.0
2022-01-17,2022,58.0
2022-01-18,2022,58.0
2022-01-19,2022,58.0
2022-01-20,2022,58.0
2022-01-21,2022,58.0
2022-01-24,2022,58.0
2022-01-25,2022,58.0
2022-01-26,2022,58.0
2022-01-27,2022,58.0
2022-01-28,2022,60.0
2022-01-31,2022,60.0
2022-02-01,2022,60.0
2022-02-02,2022,60.0
2022-02-03,2022,60.0
2022-02-04,2022,60.0
2022-02-07,2022,60.0
2022-02-08,2022,60.0
2022-02-09,2022,60.0
2022-02-10,2022,60.0
2022-02-11,2022,60.0
2022-02-14,2022,60.0
2022-02-15,2022,60.0
2022-02-16,2022,60.0
2022-02-17,2022,60.0
2022-02-18,2022,60.0
2022-02-21,2022,60.0
2022-02-22,2022,60.0
2022-02-23,2022,60.0
2022-02-24,2022,60.0
2022-02-25,2022,60.0
2022-03-02,2022,60.0
2022-03-03,2022,60.0
2022-03-04,2022,60.0
2022-03-07,2022,60.0
2022-03-08,2022,60.0
2022-03-09,2022,59.9791
2022-03-10,2022,59.9791
2022-03-11,2022,59.0441
2022-03-14,2022,59.0441
2022-03-15,2022,59.0441
2022-03-16,2022,59.0441
2022-03-17,2022,58.13
2022-03-18,2022,59.065
2022-03-21,2022,59.065
2022-03-22,2022,59.065
2022-03-23,2022,59.065
2022-03-24,2022,58.565
2022-03-25,2022,59.0
2022-03-28,2022,59.0
2022-03-29,2022,59.0
2022-03-30,2022,59.0
2022-03-31,2022,59.0
2022-04-01,2022,59.0
2022-04-04,2022,58.5
2022-04-05,2022,58.0
2022-04-06,2022,58.0
2022-04-07,2022,58.5
2022-04-08,2022,58.5
2022-04-11,2022,59.0
2022-04-12,2022,59.0
2022-04-13,2022,59.0
2022-04-14,2022,59.0
2022-04-18,2022,59.0
2022-04-19,2022,59.0
2022-04-20,2022,59.0
2022-04-22,2022,59.0
2022-04-25,2022,59.0
2022-04-26,2022,59.0
2022-04-27,2022,59.0
2022-04-28,2022,59.5
2022-04-29,2022,60.0
2022-05-02,2022,60.0
2022-05-03,2022,59.5
2022-05-04,2022,59.5
2022-05-05,2022,60.0
2022-05-06,2022,60.0
2022-05-09,2022,60.0
2022-05-10,2022,60.0
2022-05-11,2022,60.0
2022-05-12,2022,60.0
2022-05-13,2022,60.0
2022-05-16,2022,60.0
2022-05-17,2022,60.0
2022-05-18,2022,60.0
2022-05-19,2022,60.0
2022-05-20,2022,58.5
2022-05-23,2022,58.5
2022-05-24,2022,58.5
2022-05-25,2022,58.5
2022-05-26,2022,59.5
2022-05-27,2022,59.5
2022-05-30,2022,59.0
2022-05-31,2022,59.0
2022-06-01,2022,59.0
2022-06-02,2022,59.0
2022-06-03,2022,59.0
2022-06-06,2022,59.5
2022-06-07,2022,60.0
2022-06-08,2022,58.45
2022-06-09,2022,56.9
2022-06-10,2022,58.45
2022-06-13,2022,60.0
2022-06-14,2022,60.0
2022-06-15,2022,58.45
2022-06-17,2022,58.4
2022-06-20,2022,60.0
2022-06-21,2022,60.0
2022-06-22,2022,60.0
2022-06-23,2022,60.0
2022-06-24,2022,60.0
2022-06-27,2022,60.0
2022-06-28,2022,60.0
2022-06-29,2022,60.0
2022-06-30,2022,60.0
2022-07-01,2022,60.0
2022-07-04,2022,60.0
2022-07-05,2022,60.0
2022-07-06,2022,60.0
2022-07-07,2022,60.0
2022-07-08,2022,58.4
2022-07-11,2022,60.0
2022-07-12,2022,58.4
2022-07-13,2022,58.4
2022-07-14,2022,56.8
2022-07-15,2022,57.2
2022-07-18,2022,58.5
2022-07-19,2022,58.5
2022-07-20,2022,57.85
2022-07-21,2022,57.85
2022-07-22,2022,57.85
2022-07-25,2022,57.1
2022-07-26,2022,57.1
2022-07-27,2022,57.1
2022-07-28,2022,57.0
2022-07-29,2022,56.25
2022-08-01,2022,57.0
2022-08-02,2022,57.1
2022-08-03,2022,57.1
2022-08-04,2022,57.2
2022-08-05,2022,57.2
2022-08-08,2022,57.6
2022-08-09,2022,57.6
2022-08-10,2022,58.0
2022-08-11,2022,58.0
2022-08-12,2022,58.0
2022-08-15,2022,58.0
2022-08-16,2022,58.0
2022-08-17,2022,58.0
2022-08-18,2022,58.0
2022-08-19,2022,58.0
2022-08-22,2022,58.0
2022-08-23,2022,58.0
2022-08-24,2022,58.0
2022-08-25,2022,58.0
2022-08-26,2022,58.0
2022-08-29,2022,59.0
2022-08-30,2022,59.0
2022-08-31,2022,60.0
2022-09-01,2022,60.0
2022-09-02,2022,60.0
2022-09-05,2022,60.0
2022-09-06,2022,60.0
2022-09-08,2022,60.0
2022-09-09,2022,60.0
2022-09-12,2022,60.0
2022-09-13,2022,60.0
2022-09-14,2022,60.0
2022-09-15,2022,60.0
2022-09-16,2022,60.0
2022-09-19,2022,60.5
2022-09-20,2022,60.5
2022-09-21,2022,60.5
2022-09-22,2022,60.5
2022-09-23,2022,61.0
2022-09-26,2022,61.0
2022-09-27,2022,61.0
2022-09-28,2022,61.0
2022-09-29,2022,65.0
2022-09-30,2022,65.0
2022-10-03,2022,65.0
2022-10-04,2022,65.0
2022-10-05,2022,65.0
2022-10-06,2022,65.0
2022-10-07,2022,65.0
2022-10-10,2022,65.5
2022-10-11,2022,65.5
2022-10-13,2022,65.5
2022-10-14,2022,66.0
2022-10-17,2022,67.0
2022-10-18,2022,67.0
2022-10-19,2022,69.0
2022-10-20,2022,66.0
2022-10-21,2022,68.0
2022-10-24,2022,70.0
2022-10-25,2022,70.0
2022-10-26,2022,70.0
2022-10-27,2022,70.0
2022-10-28,2022,74.207
2022-10-31,2022,75.0
2022-11-01,2022,75.0
2022-11-03,2022,73.8
2022-11-04,2022,75.0
2022-11-07,2022,75.05
2022-11-08,2022,76.05
2022-11-09,2022,76.05
2022-11-10,2022,77.0
2022-11-11,2022,80.0
2022-11-14,2022,79.605
2022-11-16,2022,79.605
2022-11-17,2022,79.605
2022-11-18,2022,80.0
2022-11-21,2022,80.0
2022-11-22,2022,80.0
2022-11-23,2022,80.0
2022-11-24,2022,80.0
2022-11-25,2022,80.0
2022-11-28,2022,79.5
2022-11-29,2022,79.5
2022-11-30,2022,79.5
2022-12-01,2022,79.5
2022-12-02,2022,78.0
2022-12-05,2022,79.0
2022-12-06,2022,79.0
2022-12-07,2022,79.0
2022-12-08,2022,79.0
2022-12-09,2022,80.0
2022-12-12,2022,80.0
2022-12-13,2022,80.0
2022-12-14,2022,80.0
2022-12-15,2022,80.0
2022-12-16,2022,80.0
2022-12-19,2022,80.0
2022-12-20,2022,80.0
2022-12-21,2022,80.0
2022-12-22,2022,80.0
2022-12-23,2022,81.6
2022-12-26,2022,83.6
2022-12-27,2022,83.6
2022-12-28,2022,83.6
2022-12-29,2022,83.6
2022-12-30,2022,81.6
2023-01-02,2022,84.0
2023-01-03,2022,84.0
2023-01-04,2022,84.5
2023-01-05,2022,85.0
2023-01-06,2022,84.5
2023-01-09,2022,84.5
2023-01-10,2022,84.5
2023-01-11,2022,84.5
2023-01-12,2022,85.425
2023-01-13,2022,85.425
2023-01-16,2022,85.85
2023-01-17,2022,85.85
2023-01-18,2022,85.85
2023-01-19,2022,85.85
2023-01-20,2022,85.85
2023-01-23,2022,85.85
2023-01-24,2022,85.85
2023-01-25,2022,85.85
2019-02-01,2023,110.0
2019-02-04,2023,110.0
2019-02-05,2023,110.0
2019-02-06,2023,110.0
2019-02-07,2023,110.0
2019-02-08,2023,110.0
2019-02-11,2023,105.67
2019-02-12,2023,105.67
2019-02-13,2023,105.67
2019-02-14,2023,105.67
2019-02-15,2023,101.33
2019-02-18,2023,101.33
2019-02-19,2023,101.33
2019-02-20,2023,101.33
2019-02-21,2023,101.33
2019-02-22,2023,95.67
2019-02-25,2023,95.67
2019-02-26,2023,95.67
2019-02-27,2023,95.67
2019-02-28,2023,95.67
2019-03-01,2023,95.67
2019-03-06,2023,90.0
2019-03-07,2023,89.65
2019-03-08,2023,89.65
2019-03-11,2023,89.65
2019-03-12,2023,89.7
2019-03-13,2023,89.7
2019-03-14,2023,89.7
2019-03-15,2023,90.0
2019-03-18,2023,89.7
2019-03-19,2023,89.7
2019-03-20,2023,89.7
2019-03-21,2023,89.7
2019-03-22,2023,89.7
2019-03-25,2023,89.7
2019-03-26,2023,89.7
2019-03-27,2023,89.4
2019-03-28,2023,89.4
2019-03-29,2023,89.4
2019-04-01,2023,89.4
2019-04-02,2023,89.4
2019-04-03,2023,89.4
2019-04-04,2023,89.4
2019-04-05,2023,89.4
2019-04-08,2023,89.4
2019-04-09,2023,89.4
2019-04-10,2023,89.4
2019-04-11,2023,86.2
2019-04-12,2023,86.2
2019-04-15,2023,82.58
2019-04-16,2023,83.0
2019-04-17,2023,86.2
2019-04-18,2023,83.0
2019-04-22,2023,85.0
2019-04-23,2023,85.0
2019-04-24,2023,85.0
2019-04-25,2023,85.0
2019-04-26,2023,85.0
2019-04-29,2023,85.0
2019-04-30,2023,85.0
2019-05-02,2023,85.0
2019-05-03,2023,87.2
2019-05-06,2023,87.2
2019-05-07,2023,87.2
2019-05-08,2023,87.2
2019-05-09,2023,89.4
2019-05-10,2023,87.2
2019-05-13,2023,89.6
2019-05-14,2023,89.6
2019-05-15,2023,89.6
2019-05-16,2023,89.6
2019-05-17,2023,89.6
2019-05-20,2023,89.6
2019-05-21,2023,89.6
2019-05-22,2023,89.6
2019-05-23,2023,89.6
2019-05-24,2023,89.6
2019-05-27,2023,89.6
2019-05-28,2023,89.6
2019-05-29,2023,89.6
2019-05-30,2023,89.6
2019-05-31,2023,89.6
2019-06-03,2023,87.3
2019-06-04,2023,87.3
2019-06-05,2023,87.3
2019-06-06,2023,87.3
2019-06-07,2023,89.45
2019-06-10,2023,89.25
2019-06-11,2023,89.25
2019-06-12,2023,89.25
2019-06-13,2023,89.25
2019-06-14,2023,89.25
2019-06-17,2023,83.18
2019-06-18,2023,83.18
2019-06-19,2023,83.18
2019-06-21,2023,83.09
2019-06-24,2023,83.09
2019-06-25,2023,83.09
2019-06-26,2023,83.09
2019-06-27,2023,83.09
2019-06-28,2023,83.18
2019-07-01,2023,83.18
2019-07-02,2023,83.18
2019-07-03,2023,83.18
2019-07-04,2023,83.18
2019-07-05,2023,83.18
2019-07-08,2023,83.0
2019-07-09,2023,83.0
2019-07-10,2023,83.0
2019-07-11,2023,83.0
2019-07-12,2023,83.09
2019-07-15,2023,83.0
2019-07-16,2023,82.5
2019-07-17,2023,83.0
2019-07-18,2023,82.59
2019-07-19,2023,82.59
2019-07-22,2023,83.18
2019-07-23,2023,83.18
2019-07-24,2023,83.18
2019-07-25,2023,86.04
2019-07-26,2023,86.04
2019-07-29,2023,83.18
2019-07-30,2023,83.18
2019-07-31,2023,83.18
2019-08-01,2023,83.18
2019-08-02,2023,83.18
2019-08-05,2023,83.18
2019-08-06,2023,83.18
2019-08-07,2023,86.04
2019-08-08,2023,86.04
2019-08-09,2023,86.04
2019-08-12,2023,83.18
2019-08-13,2023,83.18
2019-08-14,2023,83.18
2019-08-15,2023,83.18
2019-08-16,2023,83.09
2019-08-19,2023,82.5
2019-08-20,2023,82.5
2019-08-21,2023,82.5
2019-08-22,2023,83.0
2019-08-23,2023,83.0
2019-08-26,2023,83.0
2019-08-27,2023,83.0
2019-08-28,2023,83.0
2019-08-29,2023,83.1
2019-08-30,2023,83.2
2019-09-02,2023,83.2
2019-09-03,2023,83.2
2019-09-04,2023,83.2
2019-09-05,2023,83.2
2019-09-06,2023,83.2
2019-09-09,2023,83.2
2019-09-10,2023,83.2
2019-09-11,2023,83.2
2019-09-12,2023,86.4
2019-09-13,2023,83.2
2019-09-16,2023,90.0
2019-09-17,2023,90.0
2019-09-18,2023,90.0
2019-09-19,2023,86.6
2019-09-20,2023,83.1
2019-09-23,2023,83.0
2019-09-24,2023,83.09
2019-09-25,2023,83.09
2019-09-26,2023,83.09
2019-09-27,2023,82.5
2019-09-30,2023,82.5
2019-10-01,2023,82.5
2019-10-02,2023,82.5
2019-10-03,2023,83.09
2019-10-04,2023,83.09
2019-10-07,2023,83.09
2019-10-08,2023,83.09
2019-10-09,2023,83.09
2019-10-10,2023,83.09
2019-10-11,2023,83.09
2019-10-14,2023,83.09
2019-10-15,2023,83.09
2019-10-16,2023,83.09
2019-10-17,2023,83.0
2019-10-18,2023,83.18
2019-10-21,2023,85.0
2019-10-22,2023,83.18
2019-10-23,2023,83.18
2019-10-24,2023,83.18
2019-10-25,2023,83.09
2019-10-28,2023,83.09
2019-10-29,2023,83.09
2019-10-30,2023,83.09
2019-10-31,2023,83.09
2019-11-01,2023,82.5
2019-11-04,2023,82.0
2019-11-05,2023,82.0
2019-11-06,2023,82.0
2019-11-07,2023,82.0
2019-11-08,2023,83.0
2019-11-11,2023,83.0
2019-11-12,2023,83.0
2019-11-13,2023,83.0
2019-11-14,2023,83.0
2019-11-18,2023,82.5
2019-11-19,2023,82.5
2019-11-20,2023,82.5
2019-11-21,2023,82.5
2019-11-22,2023,82.5
2019-11-25,2023,82.5
2019-11-26,2023,82.5
2019-11-27,2023,82.5
2019-11-28,2023,82.5
2019-11-29,2023,83.0
2019-12-02,2023,83.0
2019-12-03,2023,83.0
2019-12-04,2023,83.0
2019-12-05,2023,82.5
2019-12-06,2023,83.0
2019-12-09,2023,82.5
2019-12-10,2023,82.5
2019-12-11,2023,82.5
2019-12-12,2023,82.5
2019-12-13,2023,83.09
2019-12-16,2023,83.09
2019-12-17,2023,83.09
2019-12-18,2023,83.09
2019-12-19,2023,83.09
2019-12-20,2023,83.09
2019-12-23,2023,85.0
2019-12-24,2023,85.0
2019-12-26,2023,85.0
2019-12-27,2023,85.0
2019-12-30,2023,86.0
2019-12-31,2023,86.0
2020-01-02,2023,87.0
2020-01-03,2023,87.0
2020-01-06,2023,87.45
2020-01-07,2023,87.0
2020-01-08,2023,87.0
2020-01-09,2023,87.0
2020-01-10,2023,87.0
2020-01-13,2023,87.0
2020-01-14,2023,87.0
2020-01-15,2023,87.0
2020-01-16,2023,87.0
2020-01-17,2023,87.0
2020-01-20,2023,87.0
2020-01-21,2023,87.0
2020-01-22,2023,87.0
2020-01-23,2023,87.0
2020-01-24,2023,87.0
2020-01-27,2023,87.0
2020-01-28,2023,87.0
2020-01-29,2023,87.0
2020-01-30,2023,87.0
2020-01-31,2023,87.0
2020-02-03,2023,87.0
2020-02-04,2023,87.0
2020-02-05,2023,87.0
2020-02-06,2023,87.0
2020-02-07,2023,87.0
2020-02-10,2023,87.0
2020-02-11,2023,87.0
2020-02-12,2023,87.0
2020-02-13,2023,87.0
2020-02-14,2023,87.0
2020-02-17,2023,87.0
2020-02-18,2023,87.0
2020-02-19,2023,87.0
2020-02-20,2023,87.0
2020-02-21,2023,87.0
2020-02-26,2023,87.0
2020-02-27,2023,86.0
2020-02-28,2023,86.0
2020-03-02,2023,87.0
2020-03-03,2023,87.0
2020-03-04,2023,87.0
2020-03-05,2023,87.0
2020-03-06,2023,87.0
2020-03-09,2023,86.0
2020-03-10,2023,86.0
2020-03-11,2023,86.0
2020-03-12,2023,86.0
2020-03-13,2023,86.0
2020-03-16,2023,86.0
2020-03-17,2023,86.0
2020-03-18,2023,86.0
2020-03-19,2023,85.0
2020-03-20,2023,85.0
2020-03-23,2023,86.0
2020-03-24,2023,86.0
2020-03-25,2023,86.0
2020-03-26,2023,86.0
2020-03-27,2023,86.0
2020-03-30,2023,85.0
2020-03-31,2023,85.0
2020-04-01,2023,85.0
2020-04-02,2023,82.5
2020-04-03,2023,85.0
2020-04-06,2023,85.0
2020-04-07,2023,85.0
2020-04-08,2023,85.0
2020-04-09,2023,85.0
2020-04-13,2023,82.5
2020-04-14,2023,82.5
2020-04-15,2023,82.5
2020-04-16,2023,82.5
2020-04-17,2023,80.0
2020-04-20,2023,80.0
2020-04-22,2023,80.0
2020-04-23,2023,80.0
2020-04-24,2023,80.0
2020-04-27,2023,80.0
2020-04-28,2023,80.0
2020-04-29,2023,80.0
2020-04-30,2023,80.0
2020-05-04,2023,80.0
2020-05-05,2023,80.0
2020-05-06,2023,80.0
2020-05-07,2023,80.0
2020-05-08,2023,80.0
2020-05-11,2023,80.0
2020-05-12,2023,80.0
2020-05-13,2023,80.0
2020-05-14,2023,80.0
2020-05-15,2023,80.0
2020-05-18,2023,80.0
2020-05-19,2023,80.0
2020-05-20,2023,80.0
2020-05-21,2023,80.0
2020-05-22,2023,80.0
2020-05-25,2023,80.0
2020-05-26,2023,80.0
2020-05-27,2023,80.0
2020-05-28,2023,80.0
2020-05-29,2023,80.0
2020-06-01,2023,80.0
2020-06-02,2023,80.0
2020-06-03,2023,80.0
2020-06-04,2023,80.0
2020-06-05,2023,80.0
2020-06-08,2023,80.0
2020-06-09,2023,80.0
2020-06-10,2023,80.0
2020-06-12,2023,80.0
2020-06-15,2023,80.0
2020-06-16,2023,80.0
2020-06-17,2023,80.0
2020-06-18,2023,80.0
2020-06-19,2023,80.0
2020-06-22,2023,80.0
2020-06-23,2023,80.0
2020-06-24,2023,80.0
2020-06-25,2023,80.0
2020-06-26,2023,75.0
2020-06-29,2023,75.0
2020-06-30,2023,75.0
2020-07-01,2023,75.0
2020-07-02,2023,75.0
2020-07-03,2023,75.0
2020-07-06,2023,75.0
2020-07-07,2023,75.0
2020-07-08,2023,75.0
2020-07-09,2023,75.0
2020-07-10,2023,75.0
2020-07-13,2023,75.0
2020-07-14,2023,75.0
2020-07-15,2023,75.0
2020-07-16,2023,75.0
2020-07-17,2023,75.0
2020-07-20,2023,75.0
2020-07-21,2023,75.0
2020-07-22,2023,75.0
2020-07-23,2023,75.0
2020-07-24,2023,75.0
2020-07-27,2023,75.0
2020-07-28,2023,75.0
2020-07-29,2023,75.0
2020-07-30,2023,75.0
2020-07-31,2023,75.0
2020-08-03,2023,75.0
2020-08-04,2023,75.0
2020-08-05,2023,75.0
2020-08-06,2023,77.5
2020-08-07,2023,75.0
2020-08-10,2023,75.0
2020-08-11,2023,75.0
2020-08-12,2023,75.0
2020-08-13,2023,75.0
2020-08-14,2023,75.0
2020-08-17,2023,75.0
2020-08-18,2023,75.0
2020-08-19,2023,75.0
2020-08-20,2023,75.0
2020-08-21,2023,75.0
2020-08-24,2023,75.0
2020-08-25,2023,75.0
2020-08-26,2023,75.0
2020-08-27,2023,75.0
2020-08-28,2023,75.0
2020-08-31,2023,75.0
2020-09-01,2023,75.0
2020-09-02,2023,75.0
2020-09-03,2023,75.0
2020-09-04,2023,75.0
2020-09-08,2023,75.0
2020-09-09,2023,80.0
2020-09-10,2023,77.5
2020-09-11,2023,75.0
2020-09-14,2023,75.0
2020-09-15,2023,75.0
2020-09-16,2023,75.0
2020-09-17,2023,77.5
2020-09-18,2023,77.5
2020-09-21,2023,80.0
2020-09-22,2023,80.0
2020-09-23,2023,80.0
2020-09-24,2023,80.0
2020-09-25,2023,80.0
2020-09-28,2023,77.5
2020-09-29,2023,77.5
2020-09-30,2023,77.5
2020-10-01,2023,77.5
2020-10-02,2023,75.0
2020-10-05,2023,75.0
2020-10-06,2023,75.0
2020-10-07,2023,75.0
2020-10-08,2023,75.0
2020-10-09,2023,75.0
2020-10-13,2023,77.5
2020-10-14,2023,75.0
2020-10-15,2023,75.0
2020-10-16,2023,75.0
2020-10-19,2023,75.0
2020-10-20,2023,75.0
2020-10-21,2023,75.0
2020-10-22,2023,75.0
2020-10-23,2023,75.0
2020-10-26,2023,75.0
2020-10-27,2023,75.0
2020-10-28,2023,75.0
2020-10-29,2023,75.0
2020-10-30,2023,75.0
2020-11-03,2023,77.5
2020-11-04,2023,77.5
2020-11-05,2023,75.0
2020-11-06,2023,77.5
2020-11-09,2023,77.5
2020-11-10,2023,77.5
2020-11-11,2023,77.5
2020-11-12,2023,77.5
2020-11-13,2023,75.0
2020-11-16,2023,77.5
2020-11-17,2023,77.5
2020-11-18,2023,77.5
2020-11-19,2023,80.0
2020-11-20,2023,77.5
2020-11-23,2023,80.0
2020-11-24,2023,80.0
2020-11-25,2023,77.5
2020-11-26,2023,77.5
2020-11-27,2023,77.5
2020-11-30,2023,75.0
2020-12-01,2023,75.0
2020-12-02,2023,75.0
2020-12-03,2023,75.0
2020-12-04,2023,75.0
2020-12-07,2023,75.0
2020-12-08,2023,75.0
2020-12-09,2023,75.0
2020-12-10,2023,75.0
2020-12-11,2023,75.0
2020-12-14,2023,75.0
2020-12-15,2023,75.0
2020-12-16,2023,75.0
2020-12-17,2023,75.0
2020-12-18,2023,75.0
2020-12-21,2023,75.0
2020-12-22,2023,75.0
2020-12-23,2023,75.0
2020-12-24,2023,75.0
2020-12-28,2023,77.5
2020-12-29,2023,77.5
2020-12-30,2023,77.5
2020-12-31,2023,77.5
2021-01-04,2023,80.0
2021-01-05,2023,80.0
2021-01-06,2023,80.0
2021-01-07,2023,77.5
2021-01-08,2023,77.5
2021-01-11,2023,75.0
2021-01-12,2023,72.5
2021-01-13,2023,72.5
2021-01-14,2023,72.5
2021-01-15,2023,75.0
2021-01-18,2023,77.5
2021-01-19,2023,77.5
2021-01-20,2023,80.0
2021-01-21,2023,80.0
2021-01-22,2023,80.0
2021-01-25,2023,80.0
2021-01-26,2023,80.0
2021-01-27,2023,80.0
2021-01-28,2023,80.0
2021-01-29,2023,80.0
2021-02-01,2023,80.0
2021-02-02,2023,80.0
2021-02-03,2023,80.0
2021-02-04,2023,80.0
2021-02-05,2023,80.0
2021-02-08,2023,80.0
2021-02-09,2023,80.0
2021-02-10,2023,80.0
2021-02-11,2023,80.0
2021-02-12,2023,80.0
2021-02-17,2023,80.0
2021-02-18,2023,80.0
2021-02-19,2023,80.0
2021-02-22,2023,73.7
2021-02-23,2023,70.0
2021-02-24,2023,70.0
2021-02-25,2023,70.0
2021-02-26,2023,70.0
2021-03-01,2023,70.0
2021-03-02,2023,70.0
2021-03-03,2023,70.0
2021-03-04,2023,70.0
2021-03-05,2023,70.0
2021-03-08,2023,70.0
2021-03-09,2023,70.0
2021-03-10,2023,70.0
2021-03-11,2023,70.0
2021-03-12,2023,70.0
2021-03-15,2023,67.4
2021-03-16,2023,67.4
2021-03-17,2023,67.4
2021-03-18,2023,67.4
2021-03-19,2023,67.4
2021-03-22,2023,70.0
2021-03-23,2023,70.0
2021-03-24,2023,70.0
2021-03-25,2023,70.0
2021-03-26,2023,68.7
2021-03-29,2023,68.7
2021-03-30,2023,68.7
2021-03-31,2023,67.4
2021-04-01,2023,67.4
2021-04-05,2023,66.2
2021-04-06,2023,66.2
2021-04-07,2023,66.2
2021-04-08,2023,66.2
2021-04-09,2023,66.2
2021-04-12,2023,67.4
2021-04-13,2023,67.4
2021-04-14,2023,67.4
2021-04-15,2023,69.5
2021-04-16,2023,66.0
2021-04-19,2023,66.0
2021-04-20,2023,66.0
2021-04-22,2023,65.5
2021-04-23,2023,66.0
2021-04-26,2023,65.0
2021-04-27,2023,65.0
2021-04-28,2023,65.0
2021-04-29,2023,65.0
2021-04-30,2023,65.0
2021-05-03,2023,65.5
2021-05-04,2023,65.5
2021-05-05,2023,65.5
2021-05-06,2023,65.5
2021-05-07,2023,66.0
2021-05-10,2023,66.0
2021-05-11,2023,66.0
2021-05-12,2023,66.0
2021-05-13,2023,65.5
2021-05-14,2023,66.0
2021-05-17,2023,66.0
2021-05-18,2023,66.0
2021-05-19,2023,66.0
2021-05-20,2023,66.0
2021-05-21,2023,66.0
2021-05-24,2023,66.0
2021-05-25,2023,66.0
2021-05-26,2023,66.0
2021-05-27,2023,70.18
2021-05-28,2023,70.09
2021-05-31,2023,70.0
2021-06-01,2023,70.0
2021-06-02,2023,70.0
2021-06-04,2023,70.0
2021-06-07,2023,70.0
2021-06-08,2023,70.0
2021-06-09,2023,70.0
2021-06-10,2023,70.0
2021-06-11,2023,70.0
2021-06-14,2023,70.09
2021-06-15,2023,70.09
2021-06-16,2023,70.0
2021-06-17,2023,70.0
2021-06-18,2023,70.0
2021-06-21,2023,72.15
2021-06-22,2023,72.15
2021-06-23,2023,72.15
2021-06-24,2023,72.15
2021-06-25,2023,72.0
2021-06-28,2023,72.0
2021-06-29,2023,72.0
2021-06-30,2023,72.0
2021-07-01,2023,72.3
2021-07-02,2023,72.3
2021-07-05,2023,74.0
2021-07-06,2023,74.0
2021-07-07,2023,74.0
2021-07-08,2023,74.0
2021-07-09,2023,74.0
2021-07-12,2023,73.0
2021-07-13,2023,73.0
2021-07-14,2023,73.0
2021-07-15,2023,72.0
2021-07-16,2023,72.0
2021-07-19,2023,72.0
2021-07-20,2023,72.0
2021-07-21,2023,72.0
2021-07-22,2023,72.0
2021-07-23,2023,72.0
2021-07-26,2023,73.0
2021-07-27,2023,73.0
2021-07-28,2023,73.0
2021-07-29,2023,72.0
2021-07-30,2023,72.0
2021-08-02,2023,72.0
2021-08-03,2023,72.0
2021-08-04,2023,72.0
2021-08-05,2023,72.0
2021-08-06,2023,72.0
2021-08-09,2023,71.09
2021-08-10,2023,70.18
2021-08-11,2023,70.18
2021-08-12,2023,71.09
2021-08-13,2023,71.09
2021-08-16,2023,71.09
2021-08-17,2023,71.09
2021-08-18,2023,71.09
2021-08-19,2023,70.59
2021-08-20,2023,70.59
2021-08-23,2023,70.59
2021-08-24,2023,70.59
2021-08-25,2023,70.59
2021-08-26,2023,70.59
2021-08-27,2023,70.59
2021-08-30,2023,70.59
2021-08-31,2023,70.18
2021-09-01,2023,70.18
2021-09-02,2023,70.18
2021-09-03,2023,70.09
2021-09-06,2023,70.09
2021-09-08,2023,70.09
2021-09-09,2023,70.09
2021-09-10,2023,70.18
2021-09-13,2023,70.18
2021-09-14,2023,70.18
2021-09-15,2023,70.18
2021-09-16,2023,70.18
2021-09-17,2023,70.0
2021-09-20,2023,70.0
2021-09-21,2023,70.0
2021-09-22,2023,70.0
2021-09-23,2023,70.0
2021-09-24,2023,70.0
2021-09-27,2023,70.0
2021-09-28,2023,70.0
2021-09-29,2023,70.0
2021-09-30,2023,70.0
2021-10-01,2023,69.5
2021-10-04,2023,69.5
2021-10-05,2023,69.5
2021-10-06,2023,69.5
2021-10-07,2023,69.5
2021-10-08,2023,69.5
2021-10-11,2023,69.5
2021-10-13,2023,70.0
2021-10-14,2023,69.5
2021-10-15,2023,70.0
2021-10-18,2023,70.0
2021-10-19,2023,70.0
2021-10-20,2023,70.0
2021-10-21,2023,70.0
2021-10-22,2023,70.0
2021-10-25,2023,70.0
2021-10-26,2023,70.0
2021-10-27,2023,70.0
2021-10-28,2023,70.0
2021-10-29,2023,70.0
2021-11-01,2023,70.0
2021-11-03,2023,70.0
2021-11-04,2023,70.0
2021-11-05,2023,70.0
2021-11-08,2023,70.0
2021-11-09,2023,70.0
2021-11-10,2023,70.0
2021-11-11,2023,70.0
2021-11-12,2023,70.0
2021-11-16,2023,67.5
2021-11-17,2023,67.5
2021-11-18,2023,70.0
2021-11-19,2023,70.0
2021-11-22,2023,65.25
2021-11-23,2023,65.25
2021-11-24,2023,65.25
2021-11-25,2023,70.0
2021-11-26,2023,70.0
2021-11-29,2023,70.0
2021-11-30,2023,70.0
2021-12-01,2023,70.0
2021-12-02,2023,70.0
2021-12-03,2023,70.0
2021-12-06,2023,70.0
2021-12-07,2023,70.0
2021-12-08,2023,70.0
2021-12-09,2023,70.09
2021-12-10,2023,70.09
2021-12-13,2023,70.09
2021-12-14,2023,70.09
2021-12-15,2023,70.09
2021-12-16,2023,70.09
2021-12-17,2023,70.0
2021-12-20,2023,70.0
2021-12-21,2023,70.0
2021-12-22,2023,70.0
2021-12-23,2023,70.0
2021-12-24,2023,70.0
2021-12-27,2023,70.0
2021-12-28,2023,70.0
2021-12-29,2023,70.0
2021-12-30,2023,70.0
2021-12-31,2023,70.0
2022-01-03,2023,70.0
2022-01-04,2023,70.0
2022-01-05,2023,70.0
2022-01-06,2023,70.0
2022-01-07,2023,70.0
2022-01-10,2023,70.0
2022-01-11,2023,70.0
2022-01-12,2023,70.0
2022-01-13,2023,70.0
2022-01-14,2023,70.0
2022-01-17,2023,70.0
2022-01-18,2023,70.0
2022-01-19,2023,70.0
2022-01-20,2023,70.0
2022-01-21,2023,70.0
2022-01-24,2023,70.0
2022-01-25,2023,70.0
2022-01-26,2023,70.0
2022-01-27,2023,70.0
2022-01-28,2023,70.0
2022-01-31,2023,70.0
2022-02-01,2023,70.0
2022-02-02,2023,70.0
2022-02-03,2023,70.0
2022-02-04,2023,70.0
2022-02-07,2023,70.0
2022-02-08,2023,70.0
2022-02-09,2023,70.0
2022-02-10,2023,70.0
2022-02-11,2023,70.0
2022-02-14,2023,70.0
2022-02-15,2023,70.0
2022-02-16,2023,70.0
2022-02-17,2023,70.0
2022-02-18,2023,70.0
2022-02-21,2023,70.0
2022-02-22,2023,69.6778
2022-02-23,2023,69.6778
2022-02-24,2023,69.6778
2022-02-25,2023,69.6778
2022-03-02,2023,69.1778
2022-03-03,2023,69.1778
2022-03-04,2023,69.3556
2022-03-07,2023,69.1778
2022-03-08,2023,69.1778
2022-03-09,2023,69.1778
2022-03-10,2023,69.1778
2022-03-11,2023,69.1778
2022-03-14,2023,69.1778
2022-03-15,2023,69.1778
2022-03-16,2023,69.1778
2022-03-17,2023,69.0
2022-03-18,2023,69.5
2022-03-21,2023,69.5
2022-03-22,2023,69.5
2022-03-23,2023,69.5
2022-03-24,2023,69.0
2022-03-25,2023,69.0
2022-03-28,2023,69.0
2022-03-29,2023,69.0
2022-03-30,2023,69.0
2022-03-31,2023,69.0
2022-04-01,2023,69.0
2022-04-04,2023,67.0
2022-04-05,2023,65.0
2022-04-06,2023,65.0
2022-04-07,2023,67.0
2022-04-08,2023,67.0
2022-04-11,2023,69.0
2022-04-12,2023,69.0
2022-04-13,2023,69.0
2022-04-14,2023,69.0
2022-04-18,2023,64.75
2022-04-19,2023,68.68
2022-04-20,2023,68.68
2022-04-22,2023,67.3
2022-04-25,2023,67.3
2022-04-26,2023,67.3
2022-04-27,2023,67.3
2022-04-28,2023,67.99
2022-04-29,2023,67.3
2022-05-02,2023,67.3
2022-05-03,2023,66.15
2022-05-04,2023,66.15
2022-05-05,2023,67.3
2022-05-06,2023,67.3
2022-05-09,2023,67.3
2022-05-10,2023,66.15
2022-05-11,2023,66.15
2022-05-12,2023,66.0
2022-05-13,2023,66.0
2022-05-16,2023,66.0
2022-05-17,2023,66.0
2022-05-18,2023,66.0
2022-05-19,2023,66.0
2022-05-20,2023,63.5
2022-05-23,2023,63.5
2022-05-24,2023,63.5
2022-05-25,2023,63.5
2022-05-26,2023,62.0
2022-05-27,2023,62.0
2022-05-30,2023,66.15
2022-05-31,2023,66.15
2022-06-01,2023,66.15
2022-06-02,2023,66.15
2022-06-03,2023,66.15
2022-06-06,2023,66.15
2022-06-07,2023,66.15
2022-06-08,2023,63.5
2022-06-09,2023,62.0
2022-06-10,2023,62.75
2022-06-13,2023,62.75
2022-06-14,2023,62.75
2022-06-15,2023,60.5
2022-06-17,2023,60.5
2022-06-20,2023,62.75
2022-06-21,2023,62.75
2022-06-22,2023,62.75
2022-06-23,2023,62.75
2022-06-24,2023,62.75
2022-06-27,2023,65.0
2022-06-28,2023,65.0
2022-06-29,2023,65.0
2022-06-30,2023,65.0
2022-07-01,2023,65.0
2022-07-04,2023,66.15
2022-07-05,2023,66.15
2022-07-06,2023,66.15
2022-07-07,2023,66.15
2022-07-08,2023,66.15
2022-07-11,2023,62.75
2022-07-12,2023,60.5
2022-07-13,2023,60.5
2022-07-14,2023,60.5
2022-07-15,2023,60.5
2022-07-18,2023,65.0
2022-07-19,2023,65.0
2022-07-20,2023,63.0
2022-07-21,2023,63.0
2022-07-22,2023,60.75
2022-07-25,2023,60.5
2022-07-26,2023,60.5
2022-07-27,2023,60.5
2022-07-28,2023,60.25
2022-07-29,2023,60.5
2022-08-01,2023,60.5
2022-08-02,2023,60.75
2022-08-03,2023,60.75
2022-08-04,2023,61.0
2022-08-05,2023,61.0
2022-08-08,2023,62.5
2022-08-09,2023,62.5
2022-08-10,2023,64.0
2022-08-11,2023,65.0
2022-08-12,2023,65.0
2022-08-15,2023,64.5
2022-08-16,2023,64.5
2022-08-17,2023,65.0
2022-08-18,2023,65.0
2022-08-19,2023,65.0
2022-08-22,2023,65.5
2022-08-23,2023,65.5
2022-08-24,2023,65.5
2022-08-25,2023,65.5
2022-08-26,2023,65.5
2022-08-29,2023,65.0
2022-08-30,2023,65.0
2022-08-31,2023,65.5
2022-09-01,2023,65.5
2022-09-02,2023,66.0
2022-09-05,2023,67.34
2022-09-06,2023,67.34
2022-09-08,2023,66.0
2022-09-09,2023,66.0
2022-09-12,2023,65.5
2022-09-13,2023,65.5
2022-09-14,2023,65.5
2022-09-15,2023,65.5
2022-09-16,2023,66.0
2022-09-19,2023,65.5
2022-09-20,2023,65.5
2022-09-21,2023,65.5
2022-09-22,2023,65.5
2022-09-23,2023,65.0
2022-09-26,2023,65.0
2022-09-27,2023,65.0
2022-09-28,2023,65.0
2022-09-29,2023,65.0
2022-09-30,2023,65.0
2022-10-03,2023,65.0
2022-10-04,2023,65.0
2022-10-05,2023,65.0
2022-10-06,2023,65.0
2022-10-07,2023,65.0
2022-10-10,2023,66.0
2022-10-11,2023,66.0
2022-10-13,2023,66.0
2022-10-14,2023,67.34
2022-10-17,2023,69.34
2022-10-18,2023,69.34
2022-10-19,2023,69.34
2022-10-20,2023,70.0
2022-10-21,2023,70.0
2022-10-24,2023,70.0
2022-10-25,2023,70.0
2022-10-26,2023,70.0
2022-10-27,2023,71.0
2022-10-28,2023,71.0
2022-10-31,2023,75.0
2022-11-01,2023,75.0
2022-11-03,2023,73.0
2022-11-04,2023,73.8
2022-11-07,2023,75.0
2022-11-08,2023,75.0
2022-11-09,2023,75.0
2022-11-10,2023,75.0
2022-11-11,2023,75.0
2022-11-14,2023,75.0
2022-11-16,2023,75.0
2022-11-17,2023,75.0
2022-11-18,2023,75.0
2022-11-21,2023,75.0
2022-11-22,2023,75.0
2022-11-23,2023,75.0
2022-11-24,2023,75.0
2022-11-25,2023,75.0
2022-11-28,2023,75.0
2022-11-29,2023,75.0
2022-11-30,2023,75.0
2022-12-01,2023,75.0
2022-12-02,2023,75.0
2022-12-05,2023,75.0
2022-12-06,2023,75.0
2022-12-07,2023,75.0
2022-12-08,2023,75.0
2022-12-09,2023,76.0
2022-12-12,2023,76.0
2022-12-13,2023,77.0
2022-12-14,2023,77.0
2022-12-15,2023,77.0
2022-12-16,2023,77.0
2022-12-19,2023,80.0
2022-12-20,2023,80.0
2022-12-21,2023,80.0
2022-12-22,2023,80.0
2022-12-23,2023,80.0
2022-12-26,2023,80.0
2022-12-27,2023,80.0
2022-12-28,2023,80.0
2022-12-29,2023,80.0
2022-12-30,2023,80.0
2023-01-02,2023,80.0
2023-01-03,2023,80.0
2023-01-04,2023,80.0
2023-01-05,2023,80.0
2023-01-06,2023,80.0
2023-01-09,2023,80.0
2023-01-10,2023,80.0
2023-01-11,2023,80.0
2023-01-12,2023,80.0
2023-01-13,2023,80.0
2023-01-16,2023,80.0
2023-01-17,2023,80.0
2023-01-18,2023,80.0
2023-01-19,2023,80.0
2023-01-20,2023,80.0
2023-01-23,2023,80.0
2023-01-24,2023,80.0
2023-01-25,2023,80.0
2023-01-26,2023,80.0
2023-01-27,2023,80.0
2023-01-30,2023,80.0
2023-01-31,2023,80.0
2023-02-01,2023,80.0
2023-02-02,2023,80.0
2023-02-03,2023,80.0
2023-02-06,2023,80.0
2023-02-07,2023,80.0
2023-02-08,2023,80.0
2023-02-09,2023,80.0
2023-02-10,2023,80.0
2023-02-13,2023,80.0
2023-02-14,2023,80.0
2023-02-15,2023,80.0
2023-02-16,2023,80.0
2023-02-17,2023,80.0
2023-02-22,2023,80.0
2023-02-23,2023,80.0
2023-02-24,2023,80.0
2023-02-27,2023,80.0
2023-02-28,2023,80.0
2023-03-01,2023,80.0
2023-03-02,2023,80.0
2023-03-03,2023,80.0
2023-03-06,2023,80.0
2023-03-07,2023,80.0
2023-03-08,2023,80.0
2023-03-09,2023,80.0
2023-03-10,2023,80.0
2023-03-13,2023,80.0
2023-03-14,2023,80.0
2023-03-15,2023,80.0
2023-03-16,2023,80.0
2023-03-17,2023,80.0
2023-03-20,2023,80.0
2023-03-21,2023,80.0
2023-03-22,2023,80.0
2023-03-23,2023,80.0
2023-03-24,2023,80.0
2023-03-27,2023,80.0
2023-03-28,2023,80.0
2023-03-29,2023,80.0
2023-03-30,2023,80.0
2023-03-31,2023,80.0
2023-04-03,2023,80.0
2023-04-04,2023,80.0
2023-04-05,2023,80.0
2023-04-06,2023,80.0
2023-04-10,2023,80.0
2023-04-11,2023,80.0
2023-04-12,2023,80.0
2023-04-13,2023,80.0
2023-04-14,2023,80.0
2023-04-17,2023,80.0
2023-04-18,2023,80.0
2023-04-19,2023,80.0
2023-04-20,2023,80.0
2023-04-24,2023,80.0
2023-04-25,2023,80.0
2023-04-26,2023,80.0
2023-04-27,2023,80.0
2023-04-28,2023,80.0
2023-05-02,2023,80.0
2023-05-03,2023,80.0
2023-05-04,2023,80.0
2023-05-05,2023,80.0
2023-05-08,2023,80.0
2023-05-09,2023,80.0
2023-05-10,2023,80.0
2023-05-11,2023,80.0
2023-05-12,2023,80.0
2023-05-15,2023,80.0
2023-05-16,2023,80.0
2023-05-17,2023,80.0
2023-05-18,2023,80.0
2023-05-19,2023,80.0
2023-05-22,2023,80.0
2023-05-23,2023,80.0
2023-05-24,2023,80.0
2023-05-25,2023,80.0
2023-05-26,2023,80.0
2023-05-29,2023,80.0
2023-05-30,2023,80.0
2023-05-31,2023,80.0
2023-06-01,2023,80.0
2023-06-02,2023,80.0
2023-06-05,2023,80.0
2023-06-06,2023,80.0
2023-06-07,2023,80.0
2023-06-09,2023,80.0
2023-06-12,2023,80.0
2023-06-13,2023,80.0
2023-06-14,2023,80.0
2023-06-15,2023,80.0
2023-06-16,2023,79.0
2023-06-19,2023,78.8
2023-06-20,2023,78.8
2023-06-21,2023,78.8
2023-06-22,2023,78.8
2023-06-23,2023,78.8
2023-06-26,2023,78.8
2023-06-27,2023,78.8
2023-06-28,2023,78.8
2023-06-29,2023,78.8
2023-06-30,2023,79.5
2023-07-03,2023,79.4
2023-07-04,2023,80.0
2023-07-05,2023,80.0
2023-07-06,2023,80.0
2023-07-07,2023,79.5
2023-07-10,2023,80.0
2023-07-11,2023,80.0
2023-07-12,2023,80.0
2023-07-13,2023,80.0
2023-07-14,2023,80.0
2023-07-17,2023,80.0
2023-07-18,2023,80.0
2023-07-19,2023,80.0
2023-07-20,2023,80.0
2023-07-21,2023,80.0
2023-07-24,2023,80.0
2023-07-25,2023,80.0
2023-07-26,2023,80.0
2023-07-27,2023,80.0
2023-07-28,2023,80.0
2023-07-31,2023,80.0
2023-08-01,2023,80.0
2023-08-02,2023,80.0
2023-08-03,2023,80.0
2023-08-04,2023,80.0
2023-08-07,2023,80.0
2023-08-08,2023,80.0
2023-08-09,2023,80.0
2023-08-10,2023,80.0
2023-08-11,2023,80.0
2023-08-14,2023,80.0
2023-08-15,2023,80.0
2023-08-16,2023,80.0
2023-08-17,2023,80.0
2023-08-18,2023,80.0
2023-08-21,2023,80.0
2023-08-22,2023,80.0
2023-08-23,2023,80.0
2023-08-24,2023,80.0
2023-08-25,2023,80.0
2023-08-28,2023,80.0
2023-08-29,2023,80.0
2023-08-30,2023,80.0
2023-08-31,2023,80.0
2023-09-01,2023,80.0
2023-09-04,2023,80.0
2023-09-05,2023,80.0
2023-09-06,2023,80.0
2023-09-08,2023,80.0
2023-09-11,2023,80.0
2023-09-12,2023,80.0
2023-09-13,2023,80.0
2023-09-14,2023,80.0
2023-09-15,2023,80.0
2023-09-18,2023,80.0
2023-09-19,2023,80.0
2023-09-20,2023,80.0
2023-09-21,2023,80.0
2023-09-22,2023,80.0
2023-09-25,2023,80.0
2023-09-26,2023,80.0
2023-09-27,2023,80.0
2023-09-28,2023,80.0
2023-09-29,2023,80.0
2023-10-02,2023,80.0
2023-10-03,2023,80.0
2023-10-04,2023,80.0
2023-10-05,2023,80.0
2023-10-06,2023,80.0
2023-10-09,2023,80.0
2023-10-10,2023,80.0
2023-10-11,2023,80.0
2023-10-13,2023,80.0
2023-10-16,2023,80.0
2023-10-17,2023,80.0
2023-10-18,2023,80.0
2023-10-19,2023,80.0
2023-10-20,2023,79.4
2023-10-23,2023,79.4
2023-10-24,2023,79.4
2023-10-25,2023,77.9
2023-10-26,2023,75.15
2023-10-27,2023,72.0
2023-10-30,2023,71.75
2023-10-31,2023,71.75
2023-11-01,2023,70.75
2023-11-03,2023,70.0
2023-11-06,2023,70.0
2023-11-07,2023,70.0
2023-11-08,2023,70.0
2023-11-09,2023,70.0
2023-11-10,2023,69.0
2023-11-13,2023,64.71
2023-11-14,2023,64.71
2023-11-16,2023,64.71
2023-11-17,2023,64.71
2023-11-20,2023,63.71
2023-11-21,2023,62.6
2023-11-22,2023,62.6
2023-11-23,2023,62.6
2023-11-24,2023,62.6
2023-11-27,2023,62.6
2023-11-28,2023,62.6
2023-11-29,2023,62.6
2023-11-30,2023,62.8
2023-12-01,2023,62.8
2023-12-04,2023,62.8
2023-12-05,2023,62.8
2023-12-06,2023,62.6
2023-12-07,2023,62.6
2023-12-08,2023,61.46
2023-12-11,2023,60.16
2023-12-12,2023,60.16
2023-12-13,2023,60.16
2023-12-14,2023,60.32
2023-12-15,2023,60.31
2023-12-18,2023,60.15
2023-12-19,2023,60.15
2023-12-20,2023,60.0
2023-12-21,2023,60.0
2023-12-22,2023,60.0
2023-12-26,2023,60.0
2023-12-27,2023,60.0
2023-12-28,2023,59.0
2023-12-29,2023,59.0
2024-01-02,2023,59.0
2024-01-03,2023,59.0
2024-01-04,2023,59.0
2024-01-05,2023,59.0
2024-01-08,2023,60.0
2024-01-09,2023,60.0
2024-01-10,2023,58.0
2024-01-11,2023,59.55
2024-01-12,2023,59.55
2024-01-15,2023,58.55
2024-01-16,2023,59.55
2024-01-17,2023,59.55
2024-01-18,2023,59.1
2024-01-19,2023,59.05
2024-01-22,2023,60.0
2024-01-23,2023,59.715
2024-01-24,2023,59.715
2024-01-25,2023,59.43
2024-01-26,2023,59.43
2024-01-29,2023,59.43
2024-01-30,2023,59.43
2024-01-31,2023,59.715
2024-02-01,2023,59.265
2024-02-02,2023,59.265
2020-01-31,2024,97.5
2020-02-03,2024,97.5
2020-02-04,2024,97.5
2020-02-05,2024,97.5
2020-02-06,2024,97.5
2020-02-07,2024,97.5
2020-02-10,2024,97.5
2020-02-11,2024,96.7
2020-02-12,2024,96.7
2020-02-13,2024,96.7
2020-02-14,2024,96.7
2020-02-17,2024,95.85
2020-02-18,2024,95.85
2020-02-19,2024,95.85
2020-02-20,2024,95.85
2020-02-21,2024,95.85
2020-02-26,2024,95.85
2020-02-27,2024,95.85
2020-02-28,2024,95.85
2020-03-02,2024,95.85
2020-03-03,2024,95.85
2020-03-04,2024,95.85
2020-03-05,2024,95.0
2020-03-06,2024,95.0
2020-03-09,2024,95.0
2020-03-10,2024,91.0
2020-03-11,2024,91.0
2020-03-12,2024,91.0
2020-03-13,2024,91.0
2020-03-16,2024,91.0
2020-03-17,2024,91.0
2020-03-18,2024,91.0
2020-03-19,2024,91.0
2020-03-20,2024,91.0
2020-03-23,2024,91.0
2020-03-24,2024,91.0
2020-03-25,2024,91.0
2020-03-26,2024,91.0
2020-03-27,2024,91.0
2020-03-30,2024,91.0
2020-03-31,2024,91.0
2020-04-01,2024,91.0
2020-04-02,2024,91.0
2020-04-03,2024,91.0
2020-04-06,2024,91.0
2020-04-07,2024,91.0
2020-04-08,2024,91.0
2020-04-09,2024,87.0
2020-04-13,2024,83.5
2020-04-14,2024,83.5
2020-04-15,2024,83.5
2020-04-16,2024,83.5
2020-04-17,2024,82.5
2020-04-20,2024,82.5
2020-04-22,2024,82.5
2020-04-23,2024,82.5
2020-04-24,2024,82.5
2020-04-27,2024,82.5
2020-04-28,2024,82.5
2020-04-29,2024,82.5
2020-04-30,2024,82.5
2020-05-04,2024,82.5
2020-05-05,2024,82.5
2020-05-06,2024,82.5
2020-05-07,2024,82.5
2020-05-08,2024,80.0
2020-05-11,2024,80.0
2020-05-12,2024,80.0
2020-05-13,2024,80.0
2020-05-14,2024,80.0
2020-05-15,2024,80.0
2020-05-18,2024,80.0
2020-05-19,2024,80.0
2020-05-20,2024,80.0
2020-05-21,2024,80.0
2020-05-22,2024,80.0
2020-05-25,2024,80.0
2020-05-26,2024,80.0
2020-05-27,2024,80.0
2020-05-28,2024,80.0
2020-05-29,2024,80.0
2020-06-01,2024,80.0
2020-06-02,2024,80.0
2020-06-03,2024,80.0
2020-06-04,2024,80.0
2020-06-05,2024,80.0
2020-06-08,2024,80.0
2020-06-09,2024,80.0
2020-06-10,2024,80.0
2020-06-12,2024,80.0
2020-06-15,2024,80.0
2020-06-16,2024,80.0
2020-06-17,2024,80.0
2020-06-18,2024,80.0
2020-06-19,2024,80.0
2020-06-22,2024,80.0
2020-06-23,2024,80.0
2020-06-24,2024,80.0
2020-06-25,2024,80.0
2020-06-26,2024,80.0
2020-06-29,2024,80.0
2020-06-30,2024,80.0
2020-07-01,2024,80.0
2020-07-02,2024,80.0
2020-07-03,2024,80.0
2020-07-06,2024,80.0
2020-07-07,2024,80.0
2020-07-08,2024,80.0
2020-07-09,2024,80.0
2020-07-10,2024,80.0
2020-07-13,2024,80.0
2020-07-14,2024,80.0
2020-07-15,2024,80.0
2020-07-16,2024,80.0
2020-07-17,2024,80.0
2020-07-20,2024,80.0
2020-07-21,2024,80.0
2020-07-22,2024,80.0
2020-07-23,2024,80.0
2020-07-24,2024,80.0
2020-07-27,2024,80.0
2020-07-28,2024,80.0
2020-07-29,2024,80.0
2020-07-30,2024,80.0
2020-07-31,2024,80.0
2020-08-03,2024,80.0
2020-08-04,2024,80.0
2020-08-05,2024,80.0
2020-08-06,2024,80.0
2020-08-07,2024,80.0
2020-08-10,2024,80.0
2020-08-11,2024,80.0
2020-08-12,2024,80.0
2020-08-13,2024,80.0
2020-08-14,2024,80.0
2020-08-17,2024,80.0
2020-08-18,2024,80.0
2020-08-19,2024,80.0
2020-08-20,2024,80.0
2020-08-21,2024,80.0
2020-08-24,2024,77.5
2020-08-25,2024,77.5
2020-08-26,2024,77.5
2020-08-27,2024,75.0
2020-08-28,2024,77.5
2020-08-31,2024,80.0
2020-09-01,2024,80.0
2020-09-02,2024,80.0
2020-09-03,2024,80.0
2020-09-04,2024,80.0
2020-09-08,2024,80.0
2020-09-09,2024,80.0
2020-09-10,2024,80.0
2020-09-11,2024,80.0
2020-09-14,2024,80.0
2020-09-15,2024,80.0
2020-09-16,2024,80.0
2020-09-17,2024,80.0
2020-09-18,2024,80.0
2020-09-21,2024,80.0
2020-09-22,2024,80.0
2020-09-23,2024,80.0
2020-09-24,2024,80.0
2020-09-25,2024,80.0
2020-09-28,2024,80.0
2020-09-29,2024,80.0
2020-09-30,2024,80.0
2020-10-01,2024,80.0
2020-10-02,2024,80.0
2020-10-05,2024,80.0
2020-10-06,2024,80.0
2020-10-07,2024,80.0
2020-10-08,2024,80.0
2020-10-09,2024,80.0
2020-10-13,2024,80.0
2020-10-14,2024,80.0
2020-10-15,2024,80.0
2020-10-16,2024,80.0
2020-10-19,2024,80.0
2020-10-20,2024,80.0
2020-10-21,2024,80.0
2020-10-22,2024,80.0
2020-10-23,2024,80.0
2020-10-26,2024,80.0
2020-10-27,2024,80.0
2020-10-28,2024,80.0
2020-10-29,2024,80.0
2020-10-30,2024,80.0
2020-11-03,2024,80.0
2020-11-04,2024,80.0
2020-11-05,2024,80.0
2020-11-06,2024,80.0
2020-11-09,2024,80.0
2020-11-10,2024,80.0
2020-11-11,2024,80.0
2020-11-12,2024,80.0
2020-11-13,2024,80.0
2020-11-16,2024,80.0
2020-11-17,2024,80.0
2020-11-18,2024,80.0
2020-11-19,2024,80.0
2020-11-20,2024,80.0
2020-11-23,2024,80.0
2020-11-24,2024,80.0
2020-11-25,2024,80.0
2020-11-26,2024,80.0
2020-11-27,2024,80.0
2020-11-30,2024,80.0
2020-12-01,2024,80.0
2020-12-02,2024,80.0
2020-12-03,2024,80.0
2020-12-04,2024,80.0
2020-12-07,2024,80.0
2020-12-08,2024,80.0
2020-12-09,2024,80.0
2020-12-10,2024,80.0
2020-12-11,2024,80.0
2020-12-14,2024,80.0
2020-12-15,2024,80.0
2020-12-16,2024,80.0
2020-12-17,2024,80.0
2020-12-18,2024,80.0
2020-12-21,2024,85.0
2020-12-22,2024,85.0
2020-12-23,2024,85.0
2020-12-24,2024,85.0
2020-12-28,2024,85.0
2020-12-29,2024,85.0
2020-12-30,2024,85.0
2020-12-31,2024,85.0
2021-01-04,2024,85.0
2021-01-05,2024,85.0
2021-01-06,2024,85.0
2021-01-07,2024,82.5
2021-01-08,2024,82.5
2021-01-11,2024,80.0
2021-01-12,2024,80.0
2021-01-13,2024,80.0
2021-01-14,2024,80.0
2021-01-15,2024,82.5
2021-01-18,2024,85.0
2021-01-19,2024,85.0
2021-01-20,2024,82.5
2021-01-21,2024,82.5
2021-01-22,2024,85.0
2021-01-25,2024,82.5
2021-01-26,2024,82.5
2021-01-27,2024,82.5
2021-01-28,2024,82.5
2021-01-29,2024,82.5
2021-02-01,2024,82.5
2021-02-02,2024,82.5
2021-02-03,2024,82.5
2021-02-04,2024,80.0
2021-02-05,2024,80.0
2021-02-08,2024,80.0
2021-02-09,2024,80.0
2021-02-10,2024,80.0
2021-02-11,2024,80.0
2021-02-12,2024,80.0
2021-02-17,2024,80.0
2021-02-18,2024,80.0
2021-02-19,2024,80.0
2021-02-22,2024,71.1
2021-02-23,2024,71.1
2021-02-24,2024,71.1
2021-02-25,2024,71.1
2021-02-26,2024,71.1
2021-03-01,2024,71.1
2021-03-02,2024,71.1
2021-03-03,2024,71.1
2021-03-04,2024,71.1
2021-03-05,2024,71.1
2021-03-08,2024,71.1
2021-03-09,2024,71.1
2021-03-10,2024,71.1
2021-03-11,2024,71.1
2021-03-12,2024,70.55
2021-03-15,2024,70.3
2021-03-16,2024,70.3
2021-03-17,2024,70.3
2021-03-18,2024,70.3
2021-03-19,2024,70.3
2021-03-22,2024,70.6
2021-03-23,2024,70.6
2021-03-24,2024,70.6
2021-03-25,2024,70.6
2021-03-26,2024,70.6
2021-03-29,2024,70.6
2021-03-30,2024,70.6
2021-03-31,2024,67.8
2021-04-01,2024,67.8
2021-04-05,2024,67.8
2021-04-06,2024,67.8
2021-04-07,2024,67.8
2021-04-08,2024,67.8
2021-04-09,2024,67.8
2021-04-12,2024,70.6
2021-04-13,2024,70.6
2021-04-14,2024,70.6
2021-04-15,2024,71.5
2021-04-16,2024,71.5
2021-04-19,2024,71.5
2021-04-20,2024,71.5
2021-04-22,2024,65.0
2021-04-23,2024,65.0
2021-04-26,2024,65.0
2021-04-27,2024,65.0
2021-04-28,2024,65.0
2021-04-29,2024,65.0
2021-04-30,2024,65.0
2021-05-03,2024,66.0
2021-05-04,2024,66.0
2021-05-05,2024,66.0
2021-05-06,2024,66.0
2021-05-07,2024,67.0
2021-05-10,2024,67.0
2021-05-11,2024,67.0
2021-05-12,2024,67.0
2021-05-13,2024,66.0
2021-05-14,2024,67.0
2021-05-17,2024,67.0
2021-05-18,2024,67.0
2021-05-19,2024,67.0
2021-05-20,2024,67.0
2021-05-21,2024,67.0
2021-05-24,2024,69.41
2021-05-25,2024,69.41
2021-05-26,2024,69.41
2021-05-27,2024,75.91
2021-05-28,2024,75.91
2021-05-31,2024,71.82
2021-06-01,2024,71.82
2021-06-02,2024,71.82
2021-06-04,2024,70.91
2021-06-07,2024,70.91
2021-06-08,2024,70.91
2021-06-09,2024,71.82
2021-06-10,2024,71.82
2021-06-11,2024,71.82
2021-06-14,2024,72.51
2021-06-15,2024,72.51
2021-06-16,2024,71.82
2021-06-17,2024,71.82
2021-06-18,2024,71.82
2021-06-21,2024,77.9
2021-06-22,2024,77.9
2021-06-23,2024,77.9
2021-06-24,2024,77.9
2021-06-25,2024,77.9
2021-06-28,2024,75.55
2021-06-29,2024,75.55
2021-06-30,2024,75.55
2021-07-01,2024,77.95
2021-07-02,2024,77.95
2021-07-05,2024,79.0
2021-07-06,2024,79.0
2021-07-07,2024,79.0
2021-07-08,2024,79.0
2021-07-09,2024,79.0
2021-07-12,2024,78.0
2021-07-13,2024,78.0
2021-07-14,2024,78.0
2021-07-15,2024,78.0
2021-07-16,2024,78.0
2021-07-19,2024,78.0
2021-07-20,2024,78.0
2021-07-21,2024,78.0
2021-07-22,2024,78.0
2021-07-23,2024,78.0
2021-07-26,2024,78.0
2021-07-27,2024,78.0
2021-07-28,2024,78.0
2021-07-29,2024,78.0
2021-07-30,2024,78.0
2021-08-02,2024,78.0
2021-08-03,2024,78.0
2021-08-04,2024,78.0
2021-08-05,2024,75.0
2021-08-06,2024,75.0
2021-08-09,2024,73.41
2021-08-10,2024,75.0
2021-08-11,2024,75.0
2021-08-12,2024,75.0
2021-08-13,2024,75.0
2021-08-16,2024,75.0
2021-08-17,2024,75.0
2021-08-18,2024,75.0
2021-08-19,2024,75.0
2021-08-20,2024,75.0
2021-08-23,2024,75.0
2021-08-24,2024,75.0
2021-08-25,2024,75.0
2021-08-26,2024,75.0
2021-08-27,2024,75.0
2021-08-30,2024,75.0
2021-08-31,2024,77.5
2021-09-01,2024,77.5
2021-09-02,2024,77.5
2021-09-03,2024,75.0
2021-09-06,2024,75.0
2021-09-08,2024,75.0
2021-09-09,2024,75.0
2021-09-10,2024,75.91
2021-09-13,2024,75.91
2021-09-14,2024,75.91
2021-09-15,2024,75.91
2021-09-16,2024,75.91
2021-09-17,2024,71.82
2021-09-20,2024,71.82
2021-09-21,2024,71.82
2021-09-22,2024,71.82
2021-09-23,2024,71.8202
2021-09-24,2024,71.8202
2021-09-27,2024,71.8202
2021-09-28,2024,71.8202
2021-09-29,2024,71.8202
2021-09-30,2024,75.9101
2021-10-01,2024,71.4101
2021-10-04,2024,71.4101
2021-10-05,2024,71.4101
2021-10-06,2024,71.4101
2021-10-07,2024,71.4101
2021-10-08,2024,71.4101
2021-10-11,2024,71.4101
2021-10-13,2024,71.4101
2021-10-14,2024,71.0
2021-10-15,2024,71.8202
2021-10-18,2024,72.4101
2021-10-19,2024,72.4101
2021-10-20,2024,72.4101
2021-10-21,2024,72.4101
2021-10-22,2024,72.4101
2021-10-25,2024,72.4101
2021-10-26,2024,72.4101
2021-10-27,2024,72.4101
2021-10-28,2024,72.4101
2021-10-29,2024,73.0
2021-11-01,2024,74.25
2021-11-03,2024,74.25
2021-11-04,2024,74.25
2021-11-05,2024,74.25
2021-11-08,2024,74.25
2021-11-09,2024,74.25
2021-11-10,2024,74.25
2021-11-11,2024,74.25
2021-11-12,2024,74.25
2021-11-16,2024,73.6601
2021-11-17,2024,73.6601
2021-11-18,2024,73.0
2021-11-19,2024,73.0
2021-11-22,2024,73.0
2021-11-23,2024,73.0
2021-11-24,2024,73.0
2021-11-25,2024,74.25
2021-11-26,2024,74.25
2021-11-29,2024,73.0
2021-11-30,2024,73.0
2021-12-01,2024,73.0
2021-12-02,2024,76.5
2021-12-03,2024,76.5
2021-12-06,2024,76.5
2021-12-07,2024,73.0
2021-12-08,2024,73.0
2021-12-09,2024,73.0
2021-12-10,2024,73.0
2021-12-13,2024,73.0
2021-12-14,2024,73.0
2021-12-15,2024,73.0
2021-12-16,2024,73.0
2021-12-17,2024,77.0
2021-12-20,2024,77.0
2021-12-21,2024,77.0
2021-12-22,2024,77.0
2021-12-23,2024,77.0
2021-12-24,2024,77.0
2021-12-27,2024,77.0
2021-12-28,2024,77.0
2021-12-29,2024,77.0
2021-12-30,2024,77.0
2021-12-31,2024,77.0
2022-01-03,2024,77.0
2022-01-04,2024,77.0
2022-01-05,2024,77.0
2022-01-06,2024,77.0
2022-01-07,2024,77.0
2022-01-10,2024,77.0
2022-01-11,2024,77.0
2022-01-12,2024,77.0
2022-01-13,2024,77.0
2022-01-14,2024,77.0
2022-01-17,2024,78.5
2022-01-18,2024,77.0
2022-01-19,2024,77.0
2022-01-20,2024,77.0
2022-01-21,2024,78.0
2022-01-24,2024,76.0
2022-01-25,2024,76.0
2022-01-26,2024,76.0
2022-01-27,2024,76.0
2022-01-28,2024,78.9
2022-01-31,2024,78.9
2022-02-01,2024,78.9
2022-02-02,2024,78.9
2022-02-03,2024,78.9
2022-02-04,2024,79.8
2022-02-07,2024,78.9
2022-02-08,2024,78.9
2022-02-09,2024,78.9
2022-02-10,2024,78.9
2022-02-11,2024,79.8
2022-02-14,2024,79.65
2022-02-15,2024,79.65
2022-02-16,2024,79.65
2022-02-17,2024,79.65
2022-02-18,2024,79.5
2022-02-21,2024,79.5
2022-02-22,2024,79.5
2022-02-23,2024,79.5
2022-02-24,2024,79.5
2022-02-25,2024,79.5
2022-03-02,2024,79.5
2022-03-03,2024,79.5
2022-03-04,2024,78.25
2022-03-07,2024,77.0
2022-03-08,2024,77.0
2022-03-09,2024,77.0
2022-03-10,2024,76.3331
2022-03-11,2024,77.5831
2022-03-14,2024,77.5831
2022-03-15,2024,77.5831
2022-03-16,2024,77.5831
2022-03-17,2024,79.5
2022-03-18,2024,79.75
2022-03-21,2024,79.5
2022-03-22,2024,79.5
2022-03-23,2024,79.5
2022-03-24,2024,79.5
2022-03-25,2024,79.5
2022-03-28,2024,79.5
2022-03-29,2024,79.5
2022-03-30,2024,79.5
2022-03-31,2024,79.5
2022-04-01,2024,79.5
2022-04-04,2024,79.5
2022-04-05,2024,74.75
2022-04-06,2024,74.75
2022-04-07,2024,79.5
2022-04-08,2024,79.5
2022-04-11,2024,79.75
2022-04-12,2024,79.75
2022-04-13,2024,79.75
2022-04-14,2024,79.75
2022-04-18,2024,79.5
2022-04-19,2024,74.91
2022-04-20,2024,74.91
2022-04-22,2024,70.16
2022-04-25,2024,70.16
2022-04-26,2024,70.16
2022-04-27,2024,70.16
2022-04-28,2024,70.32
2022-04-29,2024,74.91
2022-05-02,2024,74.91
2022-05-03,2024,74.91
2022-05-04,2024,74.91
2022-05-05,2024,79.5
2022-05-06,2024,79.5
2022-05-09,2024,79.5
2022-05-10,2024,74.91
2022-05-11,2024,74.91
2022-05-12,2024,72.66
2022-05-13,2024,72.66
2022-05-16,2024,72.66
2022-05-17,2024,70.32
2022-05-18,2024,70.32
2022-05-19,2024,70.32
2022-05-20,2024,72.5
2022-05-23,2024,72.5
2022-05-24,2024,72.5
2022-05-25,2024,72.5
2022-05-26,2024,75.0
2022-05-27,2024,75.0
2022-05-30,2024,72.5
2022-05-31,2024,72.5
2022-06-01,2024,72.5
2022-06-02,2024,72.5
2022-06-03,2024,72.5
2022-06-06,2024,69.1
2022-06-07,2024,69.1
2022-06-08,2024,67.05
2022-06-09,2024,67.05
2022-06-10,2024,70.0
2022-06-13,2024,70.0
2022-06-14,2024,70.0
2022-06-15,2024,67.95
2022-06-17,2024,67.95
2022-06-20,2024,70.0
2022-06-21,2024,70.0
2022-06-22,2024,70.0
2022-06-23,2024,70.0
2022-06-24,2024,70.0
2022-06-27,2024,70.0
2022-06-28,2024,70.0
2022-06-29,2024,70.0
2022-06-30,2024,70.0
2022-07-01,2024,70.0
2022-07-04,2024,70.16
2022-07-05,2024,70.16
2022-07-06,2024,70.16
2022-07-07,2024,70.16
2022-07-08,2024,70.16
2022-07-11,2024,70.0
2022-07-12,2024,70.0
2022-07-13,2024,70.0
2022-07-14,2024,70.0
2022-07-15,2024,70.0
2022-07-18,2024,70.08
2022-07-19,2024,70.08
2022-07-20,2024,70.0
2022-07-21,2024,70.0
2022-07-22,2024,70.0
2022-07-25,2024,70.0
2022-07-26,2024,70.0
2022-07-27,2024,70.0
2022-07-28,2024,70.0
2022-07-29,2024,70.0
2022-08-01,2024,70.0
2022-08-02,2024,70.0
2022-08-03,2024,70.0
2022-08-04,2024,70.0
2022-08-05,2024,70.0
2022-08-08,2024,70.0
2022-08-09,2024,70.0
2022-08-10,2024,70.0
2022-08-11,2024,70.0
2022-08-12,2024,70.0
2022-08-15,2024,70.0
2022-08-16,2024,70.0
2022-08-17,2024,70.0
2022-08-18,2024,70.0
2022-08-19,2024,70.0
2022-08-22,2024,70.0
2022-08-23,2024,70.0
2022-08-24,2024,70.0
2022-08-25,2024,70.0
2022-08-26,2024,70.0
2022-08-29,2024,70.0
2022-08-30,2024,70.0
2022-08-31,2024,70.0
2022-09-01,2024,70.0
2022-09-02,2024,70.0
2022-09-05,2024,72.66
2022-09-06,2024,72.66
2022-09-08,2024,70.32
2022-09-09,2024,70.32
2022-09-12,2024,72.66
2022-09-13,2024,72.66
2022-09-14,2024,72.66
2022-09-15,2024,72.66
2022-09-16,2024,70.0
2022-09-19,2024,70.0
2022-09-20,2024,70.0
2022-09-21,2024,70.0
2022-09-22,2024,70.0
2022-09-23,2024,70.0
2022-09-26,2024,70.0
2022-09-27,2024,70.0
2022-09-28,2024,70.0
2022-09-29,2024,70.0
2022-09-30,2024,70.0
2022-10-03,2024,70.0
2022-10-04,2024,70.0
2022-10-05,2024,70.0
2022-10-06,2024,70.0
2022-10-07,2024,70.0
2022-10-10,2024,70.0
2022-10-11,2024,70.0
2022-10-13,2024,70.0
2022-10-14,2024,70.0
2022-10-17,2024,70.16
2022-10-18,2024,70.16
2022-10-19,2024,70.16
2022-10-20,2024,70.0
2022-10-21,2024,70.0
2022-10-24,2024,70.32
2022-10-25,2024,70.32
2022-10-26,2024,70.32
2022-10-27,2024,70.32
2022-10-28,2024,70.32
2022-10-31,2024,75.0
2022-11-01,2024,75.0
2022-11-03,2024,75.0
2022-11-04,2024,75.0
2022-11-07,2024,75.0
2022-11-08,2024,75.0
2022-11-09,2024,75.0
2022-11-10,2024,75.0
2022-11-11,2024,80.0
2022-11-14,2024,80.0
2022-11-16,2024,80.0
2022-11-17,2024,80.0
2022-11-18,2024,80.0
2022-11-21,2024,80.0
2022-11-22,2024,80.0
2022-11-23,2024,80.0
2022-11-24,2024,80.0
2022-11-25,2024,80.0
2022-11-28,2024,80.0
2022-11-29,2024,80.0
2022-11-30,2024,80.0
2022-12-01,2024,80.0
2022-12-02,2024,80.0
2022-12-05,2024,80.0
2022-12-06,2024,80.0
2022-12-07,2024,80.0
2022-12-08,2024,80.0
2022-12-09,2024,80.0
2022-12-12,2024,80.0
2022-12-13,2024,80.0
2022-12-14,2024,80.0
2022-12-15,2024,80.0
2022-12-16,2024,80.0
2022-12-19,2024,80.0
2022-12-20,2024,80.0
2022-12-21,2024,80.0
2022-12-22,2024,80.0
2022-12-23,2024,80.0
2022-12-26,2024,80.0
2022-12-27,2024,80.0
2022-12-28,2024,80.0
2022-12-29,2024,80.0
2022-12-30,2024,80.0
2023-01-02,2024,80.0
2023-01-03,2024,80.0
2023-01-04,2024,80.0
2023-01-05,2024,80.0
2023-01-06,2024,80.0
2023-01-09,2024,80.0
2023-01-10,2024,80.0
2023-01-11,2024,80.0
2023-01-12,2024,80.0
2023-01-13,2024,77.5
2023-01-16,2024,75.0
2023-01-17,2024,75.0
2023-01-18,2024,75.0
2023-01-19,2024,75.0
2023-01-20,2024,77.5
2023-01-23,2024,77.5
2023-01-24,2024,77.5
2023-01-25,2024,77.5
2023-01-26,2024,77.5
2023-01-27,2024,80.0
2023-01-30,2024,80.0
2023-01-31,2024,80.0
2023-02-01,2024,80.0
2023-02-02,2024,80.0
2023-02-03,2024,80.0
2023-02-06,2024,80.0
2023-02-07,2024,80.0
2023-02-08,2024,80.0
2023-02-09,2024,80.0
2023-02-10,2024,80.0
2023-02-13,2024,80.0
2023-02-14,2024,80.0
2023-02-15,2024,80.0
2023-02-16,2024,80.0
2023-02-17,2024,80.0
2023-02-22,2024,80.0
2023-02-23,2024,80.0
2023-02-24,2024,80.0
2023-02-27,2024,80.0
2023-02-28,2024,80.0
2023-03-01,2024,80.0
2023-03-02,2024,80.0
2023-03-03,2024,80.0
2023-03-06,2024,80.0
2023-03-07,2024,80.0
2023-03-08,2024,80.0
2023-03-09,2024,80.0
2023-03-10,2024,80.0
2023-03-13,2024,80.0
2023-03-14,2024,80.0
2023-03-15,2024,80.0
2023-03-16,2024,80.0
2023-03-17,2024,80.0
2023-03-20,2024,80.0
2023-03-21,2024,80.0
2023-03-22,2024,80.0
2023-03-23,2024,80.0
2023-03-24,2024,80.0
2023-03-27,2024,80.0
2023-03-28,2024,80.0
2023-03-29,2024,80.0
2023-03-30,2024,80.0
2023-03-31,2024,80.0
2023-04-03,2024,80.0
2023-04-04,2024,80.0
2023-04-05,2024,80.0
2023-04-06,2024,80.0
2023-04-10,2024,80.0
2023-04-11,2024,80.0
2023-04-12,2024,80.0
2023-04-13,2024,80.0
2023-04-14,2024,80.0
2023-04-17,2024,80.0
2023-04-18,2024,80.0
2023-04-19,2024,80.0
2023-04-20,2024,80.0
2023-04-24,2024,80.0
2023-04-25,2024,80.0
2023-04-26,2024,80.0
2023-04-27,2024,80.0
2023-04-28,2024,80.0
2023-05-02,2024,80.0
2023-05-03,2024,80.0
2023-05-04,2024,80.0
2023-05-05,2024,80.0
2023-05-08,2024,80.0
2023-05-09,2024,80.0
2023-05-10,2024,80.0
2023-05-11,2024,80.0
2023-05-12,2024,80.0
2023-05-15,2024,80.0
2023-05-16,2024,80.0
2023-05-17,2024,80.0
2023-05-18,2024,80.0
2023-05-19,2024,80.0
2023-05-22,2024,80.0
2023-05-23,2024,80.0
2023-05-24,2024,80.0
2023-05-25,2024,80.0
2023-05-26,2024,80.0
2023-05-29,2024,80.0
2023-05-30,2024,80.0
2023-05-31,2024,80.0
2023-06-01,2024,80.0
2023-06-02,2024,80.0
2023-06-05,2024,80.0
2023-06-06,2024,80.0
2023-06-07,2024,80.0
2023-06-09,2024,80.0
2023-06-12,2024,80.0
2023-06-13,2024,80.0
2023-06-14,2024,80.0
2023-06-15,2024,80.0
2023-06-16,2024,80.0
2023-06-19,2024,80.0
2023-06-20,2024,80.0
2023-06-21,2024,80.0
2023-06-22,2024,80.0
2023-06-23,2024,80.0
2023-06-26,2024,80.0
2023-06-27,2024,80.0
2023-06-28,2024,80.0
2023-06-29,2024,80.0
2023-06-30,2024,80.0
2023-07-03,2024,80.0
2023-07-04,2024,80.0
2023-07-05,2024,80.0
2023-07-06,2024,80.0
2023-07-07,2024,80.0
2023-07-10,2024,80.0
2023-07-11,2024,80.0
2023-07-12,2024,80.0
2023-07-13,2024,80.0
2023-07-14,2024,80.0
2023-07-17,2024,80.0
2023-07-18,2024,80.0
2023-07-19,2024,80.0
2023-07-20,2024,80.0
2023-07-21,2024,80.0
2023-07-24,2024,80.0
2023-07-25,2024,80.0
2023-07-26,2024,80.0
2023-07-27,2024,80.0
2023-07-28,2024,80.0
2023-07-31,2024,80.0
2023-08-01,2024,80.0
2023-08-02,2024,80.0
2023-08-03,2024,80.0
2023-08-04,2024,80.0
2023-08-07,2024,80.0
2023-08-08,2024,80.0
2023-08-09,2024,80.0
2023-08-10,2024,80.0
2023-08-11,2024,80.0
2023-08-14,2024,80.15
2023-08-15,2024,80.15
2023-08-16,2024,80.3
2023-08-17,2024,80.3
2023-08-18,2024,80.0
2023-08-21,2024,80.0
2023-08-22,2024,80.0
2023-08-23,2024,80.0
2023-08-24,2024,80.0
2023-08-25,2024,80.0
2023-08-28,2024,80.0
2023-08-29,2024,80.0
2023-08-30,2024,80.0
2023-08-31,2024,80.0
2023-09-01,2024,80.0
2023-09-04,2024,80.0
2023-09-05,2024,80.0
2023-09-06,2024,80.0
2023-09-08,2024,80.0
2023-09-11,2024,80.0
2023-09-12,2024,80.0
2023-09-13,2024,80.0
2023-09-14,2024,80.0
2023-09-15,2024,80.0
2023-09-18,2024,80.0
2023-09-19,2024,80.0
2023-09-20,2024,80.0
2023-09-21,2024,80.0
2023-09-22,2024,80.0
2023-09-25,2024,80.0
2023-09-26,2024,80.0
2023-09-27,2024,80.0
2023-09-28,2024,80.0
2023-09-29,2024,80.0
2023-10-02,2024,80.0
2023-10-03,2024,80.0
2023-10-04,2024,80.0
2023-10-05,2024,80.0
2023-10-06,2024,80.0
2023-10-09,2024,80.0
2023-10-10,2024,80.0
2023-10-11,2024,80.0
2023-10-13,2024,80.0
2023-10-16,2024,80.0
2023-10-17,2024,80.0
2023-10-18,2024,80.0
2023-10-19,2024,80.0
2023-10-20,2024,80.0
2023-10-23,2024,80.0
2023-10-24,2024,80.0
2023-10-25,2024,80.0
2023-10-26,2024,80.0
2023-10-27,2024,80.0
2023-10-30,2024,80.0
2023-10-31,2024,80.0
2023-11-01,2024,74.645
2023-11-03,2024,74.6225
2023-11-06,2024,74.6
2023-11-07,2024,74.6
2023-11-08,2024,74.6
2023-11-09,2024,74.3
2023-11-10,2024,73.0
2023-11-13,2024,70.0
2023-11-14,2024,70.0
2023-11-16,2024,70.0
2023-11-17,2024,70.0
2023-11-20,2024,70.0
2023-11-21,2024,70.0
2023-11-22,2024,70.0
2023-11-23,2024,70.0
2023-11-24,2024,70.0
2023-11-27,2024,70.0
2023-11-28,2024,70.0
2023-11-29,2024,70.0
2023-11-30,2024,70.0
2023-12-01,2024,70.0
2023-12-04,2024,70.0
2023-12-05,2024,70.0
2023-12-06,2024,70.0
2023-12-07,2024,70.0
2023-12-08,2024,70.0
2023-12-11,2024,70.0
2023-12-12,2024,70.0
2023-12-13,2024,70.0
2023-12-14,2024,70.0
2023-12-15,2024,70.0
2023-12-18,2024,67.5
2023-12-19,2024,67.5
2023-12-20,2024,65.0
2023-12-21,2024,65.0
2023-12-22,2024,65.0
2023-12-26,2024,65.0
2023-12-27,2024,65.0
2023-12-28,2024,65.0
2023-12-29,2024,65.0
2024-01-02,2024,65.0
2024-01-03,2024,65.0
2024-01-04,2024,65.0
2024-01-05,2024,65.0
2024-01-08,2024,65.0
2024-01-09,2024,65.0
2024-01-10,2024,62.9
2024-01-11,2024,65.0
2024-01-12,2024,65.0
2024-01-15,2024,65.0
2024-01-16,2024,65.0
2024-01-17,2024,65.0
2024-01-18,2024,65.0
2024-01-19,2024,65.0
2024-01-22,2024,66.0
2024-01-23,2024,67.0
2024-01-24,2024,67.0
2024-01-25,2024,68.42
2024-01-26,2024,68.42
2024-01-29,2024,68.42
2024-01-30,2024,68.42
2024-01-31,2024,69.84
2024-02-01,2024,69.84
2024-02-02,2024,69.84
2024-02-05,2024,66.5
2024-02-06,2024,66.5
2024-02-07,2024,66.5
2024-02-08,2024,66.5
2024-02-09,2024,66.5
2024-02-14,2024,66.5
2024-02-15,2024,66.5
2024-02-16,2024,66.5
2024-02-19,2024,68.0
2024-02-20,2024,68.0
2024-02-21,2024,68.0
2024-02-22,2024,67.0
2024-02-23,2024,67.0
2024-02-26,2024,68.0
2024-02-27,2024,68.92
2024-02-28,2024,68.92
2024-02-29,2024,68.92
2024-03-01,2024,68.92
2024-03-04,2024,67.0
2024-03-05,2024,67.0
2024-03-06,2024,67.0
2024-03-07,2024,67.0
2024-03-08,2024,67.0
2024-03-11,2024,67.0
2024-03-12,2024,67.0
2024-03-13,2024,67.0
2024-03-14,2024,67.0
2024-03-15,2024,65.5
2024-03-18,2024,66.0
2024-03-19,2024,66.0
2024-03-20,2024,66.0
2024-03-21,2024,65.5
2024-03-22,2024,65.5
2024-03-25,2024,65.5
2024-03-26,2024,65.5
2024-03-27,2024,65.5
2024-03-28,2024,65.0
2024-04-01,2024,65.0
2024-04-02,2024,65.0
2024-04-03,2024,65.0
2024-04-04,2024,65.0
2024-04-05,2024,65.0
2024-04-08,2024,65.0
2024-04-09,2024,65.0
2024-04-10,2024,65.0
2024-04-11,2024,66.0
2024-04-12,2024,67.0
2024-04-15,2024,69.0
2024-04-16,2024,69.0
2024-04-17,2024,69.0
2024-04-18,2024,69.0
2024-04-19,2024,67.27
2024-04-22,2024,67.0
2024-04-23,2024,67.0
2024-04-24,2024,67.0
2024-04-25,2024,67.0
2024-04-26,2024,67.0
2024-04-29,2024,67.0
2024-04-30,2024,67.0
2024-05-02,2024,67.885
2024-05-03,2024,68.75
2024-05-06,2024,69.0
2024-05-07,2024,69.0
2024-05-08,2024,69.0
2024-05-09,2024,69.0
2024-05-10,2024,69.5
2024-05-13,2024,68.5
2024-05-14,2024,68.5
2024-05-15,2024,68.75
2024-05-16,2024,69.675
2024-05-17,2024,70.0
2024-05-20,2024,70.0
2024-05-21,2024,70.0
2024-05-22,2024,70.0
2024-05-23,2024,70.0
2024-05-24,2024,70.0
2024-05-27,2024,70.0
2024-05-28,2024,70.0
2024-05-29,2024,70.0
2024-05-31,2024,70.0
2024-06-03,2024,70.0
2024-06-04,2024,70.0
2024-06-05,2024,70.0
2024-06-06,2024,70.0
2024-06-07,2024,70.0
2024-06-10,2024,70.0
2024-06-11,2024,70.0
2024-06-12,2024,70.0
2024-06-13,2024,70.0
2024-06-14,2024,70.0
2024-06-17,2024,70.0
2024-06-18,2024,70.0
2024-06-19,2024,70.0
2024-06-20,2024,70.0
2024-06-21,2024,70.0
2024-06-24,2024,70.0
2024-06-25,2024,70.0
2024-06-26,2024,70.0
2024-06-27,2024,70.0
2024-06-28,2024,70.0
2024-07-01,2024,70.0
2024-07-02,2024,70.0
2024-07-03,2024,70.0
2024-07-04,2024,70.0
2024-07-05,2024,70.0
2024-07-08,2024,70.0
2024-07-09,2024,70.0
2024-07-10,2024,70.0
2024-07-11,2024,70.0
2024-07-12,2024,70.0
2024-07-15,2024,70.0
2024-07-16,2024,70.0
2024-07-17,2024,70.0
2024-07-18,2024,70.0
2024-07-19,2024,69.5921
2024-07-22,2024,69.5921
2024-07-23,2024,69.5921
2024-07-24,2024,69.5921
2024-07-25,2024,69.5921
2024-07-26,2024,69.5921
2024-07-29,2024,69.5921
2024-07-30,2024,69.5921
2024-07-31,2024,69.5921
2024-08-01,2024,69.5921
2024-08-02,2024,69.5921
2024-08-05,2024,69.7961
2024-08-06,2024,69.7961
2024-08-07,2024,69.7961
2024-08-08,2024,69.7961
2024-08-09,2024,69.7961
2024-08-12,2024,70.0
2024-08-13,2024,70.0
2024-08-14,2024,70.0
2024-08-15,2024,70.0
2024-08-16,2024,70.0
2024-08-19,2024,70.0
2024-08-20,2024,70.0
2024-08-21,2024,70.25
2024-08-22,2024,70.0
2024-08-23,2024,70.25
2024-08-26,2024,70.25
2024-08-27,2024,70.25
2024-08-28,2024,71.0
2024-08-29,2024,71.0
2024-08-30,2024,71.0
2024-09-02,2024,71.0
2024-09-03,2024,71.0
2024-09-04,2024,71.0
2024-09-05,2024,71.0
2024-09-06,2024,71.0
2024-09-09,2024,70.75
2024-09-10,2024,71.0
2024-09-11,2024,71.0
2024-09-12,2024,70.75
2024-09-13,2024,70.75
2024-09-16,2024,70.75
2024-09-17,2024,70.75
2024-09-18,2024,71.0
2024-09-19,2024,70.75
2024-09-20,2024,70.75
2024-09-23,2024,70.75
2024-09-24,2024,70.75
2024-09-25,2024,70.75
2024-09-26,2024,70.5
2024-09-27,2024,70.5
2024-09-30,2024,70.5
2024-10-01,2024,70.5
2024-10-02,2024,70.5
2024-10-03,2024,70.5
2024-10-04,2024,70.5
2024-10-07,2024,70.5
2024-10-08,2024,70.5
2024-10-09,2024,70.5
2024-10-10,2024,70.5
2024-10-11,2024,70.5
2024-10-14,2024,71.95
2024-10-15,2024,71.95
2024-10-16,2024,71.9
2024-10-17,2024,71.9
2024-10-18,2024,72.0
2024-10-21,2024,72.0
2024-10-22,2024,72.0
2024-10-23,2024,72.0
2024-10-24,2024,72.0
2024-10-25,2024,72.0
2024-10-28,2024,72.0
2024-10-29,2024,72.0
2024-10-30,2024,72.0
2024-10-31,2024,72.0
2024-11-01,2024,72.0
2024-11-04,2024,72.0
2024-11-05,2024,72.0
2024-11-06,2024,72.0
2024-11-07,2024,72.0
2024-11-08,2024,72.0
2024-11-11,2024,72.0
2024-11-12,2024,71.0
2024-11-13,2024,71.0
2024-11-14,2024,71.5
2024-11-18,2024,71.0
2024-11-19,2024,71.0
2024-11-21,2024,71.0
2024-11-22,2024,71.55
2024-11-25,2024,71.55
2024-11-26,2024,71.55
2024-11-27,2024,71.55
2024-11-28,2024,71.55
2024-11-29,2024,71.1
2024-12-02,2024,71.1
2024-12-03,2024,71.1
2024-12-04,2024,71.1
2024-12-05,2024,71.05
2024-12-06,2024,71.05
2024-12-09,2024,71.0
2024-12-10,2024,71.0
2024-12-11,2024,71.0
2024-12-12,2024,71.05
2024-12-13,2024,70.5
2024-12-16,2024,70.75
2024-12-17,2024,70.55
2024-12-18,2024,70.55
2024-12-19,2024,70.55
2024-12-20,2024,70.55
2024-12-23,2024,70.0
2024-12-24,2024,70.0
2024-12-26,2024,70.0
2024-12-27,2024,70.0
2024-12-30,2024,70.0
2024-12-31,2024,70.0
2025-01-02,2024,70.0
2025-01-03,2024,70.0
2025-01-06,2024,70.0
2025-01-07,2024,70.0
2025-01-08,2024,70.0
2025-01-09,2024,70.0
2025-01-10,2024,70.0
2025-01-13,2024,70.0
2025-01-14,2024,70.0
2025-01-15,2024,70.0
2025-01-16,2024,70.0
2025-01-17,2024,70.0
2025-01-20,2024,70.0
2025-01-21,2024,70.0
2025-01-22,2024,70.0
2025-01-23,2024,70.0
2021-01-29,2025,62.5
2021-02-01,2025,62.5
2021-02-02,2025,62.5
2021-02-03,2025,62.5
2021-02-04,2025,62.5
2021-02-05,2025,65.0
2021-02-08,2025,65.0
2021-02-09,2025,65.0
2021-02-10,2025,65.0
2021-02-11,2025,65.0
2021-02-12,2025,72.5
2021-02-17,2025,72.5
2021-02-18,2025,72.5
2021-02-19,2025,75.0
2021-02-22,2025,75.0
2021-02-23,2025,75.0
2021-02-24,2025,75.0
2021-02-25,2025,75.0
2021-02-26,2025,75.0
2021-03-01,2025,75.0
2021-03-02,2025,75.0
2021-03-03,2025,75.0
2021-03-04,2025,75.0
2021-03-05,2025,75.0
2021-03-08,2025,75.0
2021-03-09,2025,75.0
2021-03-10,2025,75.0
2021-03-11,2025,75.0
2021-03-12,2025,77.0
2021-03-15,2025,74.65
2021-03-16,2025,74.65
2021-03-17,2025,74.65
2021-03-18,2025,74.65
2021-03-19,2025,74.65
2021-03-22,2025,79.0
2021-03-23,2025,79.0
2021-03-24,2025,79.0
2021-03-25,2025,79.0
2021-03-26,2025,79.0
2021-03-29,2025,79.0
2021-03-30,2025,79.0
2021-03-31,2025,77.0
2021-04-01,2025,77.0
2021-04-05,2025,77.0
2021-04-06,2025,77.0
2021-04-07,2025,77.0
2021-04-08,2025,77.0
2021-04-09,2025,77.0
2021-04-12,2025,75.0
2021-04-13,2025,75.0
2021-04-14,2025,75.0
2021-04-15,2025,77.0
2021-04-16,2025,77.0
2021-04-19,2025,77.0
2021-04-20,2025,77.0
2021-04-22,2025,75.0
2021-04-23,2025,75.0
2021-04-26,2025,70.0
2021-04-27,2025,70.0
2021-04-28,2025,70.0
2021-04-29,2025,70.0
2021-04-30,2025,70.0
2021-05-03,2025,67.5
2021-05-04,2025,67.5
2021-05-05,2025,67.5
2021-05-06,2025,67.5
2021-05-07,2025,70.0
2021-05-10,2025,70.0
2021-05-11,2025,70.0
2021-05-12,2025,70.0
2021-05-13,2025,67.5
2021-05-14,2025,70.0
2021-05-17,2025,70.0
2021-05-18,2025,70.0
2021-05-19,2025,70.0
2021-05-20,2025,70.0
2021-05-21,2025,70.0
2021-05-24,2025,71.66
2021-05-25,2025,71.66
2021-05-26,2025,71.66
2021-05-27,2025,76.66
2021-05-28,2025,76.66
2021-05-31,2025,76.66
2021-06-01,2025,76.66
2021-06-02,2025,76.66
2021-06-04,2025,73.32
2021-06-07,2025,73.32
2021-06-08,2025,73.32
2021-06-09,2025,74.16
2021-06-10,2025,74.16
2021-06-11,2025,74.16
2021-06-14,2025,75.0
2021-06-15,2025,75.0
2021-06-16,2025,74.16
2021-06-17,2025,74.16
2021-06-18,2025,74.16
2021-06-21,2025,80.0
2021-06-22,2025,80.0
2021-06-23,2025,80.0
2021-06-24,2025,80.0
2021-06-25,2025,80.0
2021-06-28,2025,80.0
2021-06-29,2025,80.0
2021-06-30,2025,80.0
2021-07-01,2025,80.0
2021-07-02,2025,80.0
2021-07-05,2025,80.0
2021-07-06,2025,80.0
2021-07-07,2025,80.0
2021-07-08,2025,80.0
2021-07-09,2025,80.0
2021-07-12,2025,80.0
2021-07-13,2025,80.0
2021-07-14,2025,80.0
2021-07-15,2025,80.0
2021-07-16,2025,80.0
2021-07-19,2025,80.0
2021-07-20,2025,80.0
2021-07-21,2025,80.0
2021-07-22,2025,80.0
2021-07-23,2025,80.0
2021-07-26,2025,80.0
2021-07-27,2025,80.0
2021-07-28,2025,80.0
2021-07-29,2025,80.0
2021-07-30,2025,80.0
2021-08-02,2025,80.0
2021-08-03,2025,80.0
2021-08-04,2025,80.0
2021-08-05,2025,80.0
2021-08-06,2025,80.0
2021-08-09,2025,76.66
2021-08-10,2025,75.0
2021-08-11,2025,75.0
2021-08-12,2025,77.5
2021-08-13,2025,77.5
2021-08-16,2025,77.5
2021-08-17,2025,77.5
2021-08-18,2025,77.5
2021-08-19,2025,77.5
2021-08-20,2025,77.5
2021-08-23,2025,77.5
2021-08-24,2025,77.5
2021-08-25,2025,77.5
2021-08-26,2025,77.5
2021-08-27,2025,77.5
2021-08-30,2025,75.0
2021-08-31,2025,77.5
2021-09-01,2025,77.5
2021-09-02,2025,77.5
2021-09-03,2025,75.0
2021-09-06,2025,75.0
2021-09-08,2025,75.0
2021-09-09,2025,75.0
2021-09-10,2025,76.66
2021-09-13,2025,76.66
2021-09-14,2025,76.66
2021-09-15,2025,76.66
2021-09-16,2025,76.66
2021-09-17,2025,75.0
2021-09-20,2025,75.0
2021-09-21,2025,75.0
2021-09-22,2025,75.0
2021-09-23,2025,75.0
2021-09-24,2025,75.0
2021-09-27,2025,75.0
2021-09-28,2025,75.0
2021-09-29,2025,75.0
2021-09-30,2025,77.5
2021-10-01,2025,75.0
2021-10-04,2025,75.0
2021-10-05,2025,75.0
2021-10-06,2025,75.0
2021-10-07,2025,75.0
2021-10-08,2025,75.0
2021-10-11,2025,75.0
2021-10-13,2025,75.0
2021-10-14,2025,75.0
2021-10-15,2025,75.0
2021-10-18,2025,76.0
2021-10-19,2025,76.0
2021-10-20,2025,76.0
2021-10-21,2025,76.0
2021-10-22,2025,76.0
2021-10-25,2025,76.0
2021-10-26,2025,76.0
2021-10-27,2025,76.0
2021-10-28,2025,76.0
2021-10-29,2025,77.0
2021-11-01,2025,78.25
2021-11-03,2025,78.25
2021-11-04,2025,78.25
2021-11-05,2025,78.25
2021-11-08,2025,78.25
2021-11-09,2025,78.25
2021-11-10,2025,78.25
2021-11-11,2025,78.25
2021-11-12,2025,78.25
2021-11-16,2025,76.4101
2021-11-17,2025,76.4101
2021-11-18,2025,75.0
2021-11-19,2025,75.0
2021-11-22,2025,75.0
2021-11-23,2025,75.0
2021-11-24,2025,75.0
2021-11-25,2025,77.25
2021-11-26,2025,77.25
2021-11-29,2025,75.0
2021-11-30,2025,75.0
2021-12-01,2025,75.0
2021-12-02,2025,77.5
2021-12-03,2025,77.5
2021-12-06,2025,77.5
2021-12-07,2025,75.0
2021-12-08,2025,75.0
2021-12-09,2025,75.0
2021-12-10,2025,75.0
2021-12-13,2025,75.0
2021-12-14,2025,75.0
2021-12-15,2025,75.0
2021-12-16,2025,75.0
2021-12-17,2025,80.0
2021-12-20,2025,80.0
2021-12-21,2025,80.0
2021-12-22,2025,80.0
2021-12-23,2025,80.0
2021-12-24,2025,80.0
2021-12-27,2025,80.0
2021-12-28,2025,80.0
2021-12-29,2025,80.0
2021-12-30,2025,80.0
2021-12-31,2025,80.0
2022-01-03,2025,80.0
2022-01-04,2025,80.0
2022-01-05,2025,80.0
2022-01-06,2025,80.0
2022-01-07,2025,80.0
2022-01-10,2025,80.0
2022-01-11,2025,80.0
2022-01-12,2025,80.0
2022-01-13,2025,80.0
2022-01-14,2025,80.0
2022-01-17,2025,80.0
2022-01-18,2025,80.0
2022-01-19,2025,80.0
2022-01-20,2025,80.0
2022-01-21,2025,79.5
2022-01-24,2025,79.0
2022-01-25,2025,79.0
2022-01-26,2025,79.0
2022-01-27,2025,79.0
2022-01-28,2025,80.0
2022-01-31,2025,80.0
2022-02-01,2025,80.0
2022-02-02,2025,80.0
2022-02-03,2025,80.0
2022-02-04,2025,80.0
2022-02-07,2025,79.5
2022-02-08,2025,79.5
2022-02-09,2025,79.5
2022-02-10,2025,79.5
2022-02-11,2025,80.0
2022-02-14,2025,79.5
2022-02-15,2025,79.5
2022-02-16,2025,79.5
2022-02-17,2025,79.5
2022-02-18,2025,78.9059
2022-02-21,2025,78.9059
2022-02-22,2025,78.9059
2022-02-23,2025,78.9059
2022-02-24,2025,78.9059
2022-02-25,2025,78.9059
2022-03-02,2025,78.9059
2022-03-03,2025,78.9059
2022-03-04,2025,78.8118
2022-03-07,2025,78.8118
2022-03-08,2025,78.8118
2022-03-09,2025,78.8118
2022-03-10,2025,76.9059
2022-03-11,2025,76.9059
2022-03-14,2025,76.9059
2022-03-15,2025,76.9059
2022-03-16,2025,76.9059
2022-03-17,2025,75.0
2022-03-18,2025,77.5
2022-03-21,2025,77.5
2022-03-22,2025,77.5
2022-03-23,2025,77.5
2022-03-24,2025,77.5
2022-03-25,2025,77.5
2022-03-28,2025,77.5
2022-03-29,2025,77.5
2022-03-30,2025,77.5
2022-03-31,2025,77.5
2022-04-01,2025,77.5
2022-04-04,2025,77.5
2022-04-05,2025,80.0
2022-04-06,2025,80.0
2022-04-07,2025,80.0
2022-04-08,2025,80.0
2022-04-11,2025,80.0
2022-04-12,2025,80.0
2022-04-13,2025,80.0
2022-04-14,2025,80.0
2022-04-18,2025,80.0
2022-04-19,2025,80.0
2022-04-20,2025,80.0
2022-04-22,2025,71.82
2022-04-25,2025,75.0
2022-04-26,2025,75.0
2022-04-27,2025,75.0
2022-04-28,2025,77.5
2022-04-29,2025,80.0
2022-05-02,2025,80.0
2022-05-03,2025,80.0
2022-05-04,2025,80.0
2022-05-05,2025,80.0
2022-05-06,2025,75.0
2022-05-09,2025,75.0
2022-05-10,2025,75.0
2022-05-11,2025,75.0
2022-05-12,2025,75.0
2022-05-13,2025,75.0
2022-05-16,2025,75.0
2022-05-17,2025,75.0
2022-05-18,2025,75.0
2022-05-19,2025,75.0
2022-05-20,2025,77.5
2022-05-23,2025,77.5
2022-05-24,2025,77.5
2022-05-25,2025,77.5
2022-05-26,2025,80.0
2022-05-27,2025,80.0
2022-05-30,2025,77.5
2022-05-31,2025,77.5
2022-06-01,2025,77.5
2022-06-02,2025,77.5
2022-06-03,2025,77.5
2022-06-06,2025,75.0
2022-06-07,2025,75.0
2022-06-08,2025,72.5
2022-06-09,2025,72.5
2022-06-10,2025,75.0
2022-06-13,2025,75.0
2022-06-14,2025,75.0
2022-06-15,2025,72.5
2022-06-17,2025,72.5
2022-06-20,2025,75.0
2022-06-21,2025,75.0
2022-06-22,2025,75.0
2022-06-23,2025,75.0
2022-06-24,2025,75.0
2022-06-27,2025,73.41
2022-06-28,2025,73.41
2022-06-29,2025,73.41
2022-06-30,2025,73.41
2022-07-01,2025,73.41
2022-07-04,2025,75.0
2022-07-05,2025,75.0
2022-07-06,2025,75.0
2022-07-07,2025,75.0
2022-07-08,2025,75.0
2022-07-11,2025,71.82
2022-07-12,2025,70.91
2022-07-13,2025,70.91
2022-07-14,2025,70.91
2022-07-15,2025,70.91
2022-07-18,2025,73.41
2022-07-19,2025,73.41
2022-07-20,2025,71.82
2022-07-21,2025,71.82
2022-07-22,2025,71.82
2022-07-25,2025,71.82
2022-07-26,2025,71.82
2022-07-27,2025,71.82
2022-07-28,2025,73.0
2022-07-29,2025,73.0
2022-08-01,2025,73.0
2022-08-02,2025,71.82
2022-08-03,2025,71.82
2022-08-04,2025,73.41
2022-08-05,2025,73.41
2022-08-08,2025,71.82
2022-08-09,2025,71.82
2022-08-10,2025,71.41
2022-08-11,2025,71.82
2022-08-12,2025,75.0
2022-08-15,2025,73.41
2022-08-16,2025,73.41
2022-08-17,2025,73.41
2022-08-18,2025,73.41
2022-08-19,2025,73.41
2022-08-22,2025,75.0
2022-08-23,2025,75.0
2022-08-24,2025,75.0
2022-08-25,2025,75.0
2022-08-26,2025,75.0
2022-08-29,2025,73.41
2022-08-30,2025,73.41
2022-08-31,2025,73.41
2022-09-01,2025,73.41
2022-09-02,2025,75.0
2022-09-05,2025,80.0
2022-09-06,2025,80.0
2022-09-08,2025,77.5
2022-09-09,2025,77.5
2022-09-12,2025,80.0
2022-09-13,2025,80.0
2022-09-14,2025,80.0
2022-09-15,2025,80.0
2022-09-16,2025,75.0
2022-09-19,2025,73.41
2022-09-20,2025,73.41
2022-09-21,2025,73.41
2022-09-22,2025,73.41
2022-09-23,2025,71.82
2022-09-26,2025,71.82
2022-09-27,2025,71.82
2022-09-28,2025,71.82
2022-09-29,2025,71.82
2022-09-30,2025,73.6837
2022-10-03,2025,73.6837
2022-10-04,2025,73.6837
2022-10-05,2025,73.6837
2022-10-06,2025,73.6837
2022-10-07,2025,73.6837
2022-10-10,2025,74.3419
2022-10-11,2025,74.3419
2022-10-13,2025,74.3419
2022-10-14,2025,75.0
2022-10-17,2025,77.5
2022-10-18,2025,77.5
2022-10-19,2025,77.5
2022-10-20,2025,80.0
2022-10-21,2025,80.0
2022-10-24,2025,80.0
2022-10-25,2025,80.0
2022-10-26,2025,80.0
2022-10-27,2025,80.0
2022-10-28,2025,80.0
2022-10-31,2025,80.0
2022-11-01,2025,80.0
2022-11-03,2025,80.0
2022-11-04,2025,80.0
2022-11-07,2025,80.0
2022-11-08,2025,80.0
2022-11-09,2025,80.0
2022-11-10,2025,80.0
2022-11-11,2025,80.0
2022-11-14,2025,80.0
2022-11-16,2025,80.0
2022-11-17,2025,80.0
2022-11-18,2025,80.0
2022-11-21,2025,80.0
2022-11-22,2025,80.0
2022-11-23,2025,80.0
2022-11-24,2025,80.0
2022-11-25,2025,80.0
2022-11-28,2025,80.0
2022-11-29,2025,80.0
2022-11-30,2025,80.0
2022-12-01,2025,80.0
2022-12-02,2025,80.0
2022-12-05,2025,80.0
2022-12-06,2025,80.0
2022-12-07,2025,80.0
2022-12-08,2025,80.0
2022-12-09,2025,80.0
2022-12-12,2025,80.0
2022-12-13,2025,80.0
2022-12-14,2025,80.0
2022-12-15,2025,80.0
2022-12-16,2025,80.0
2022-12-19,2025,80.0
2022-12-20,2025,80.0
2022-12-21,2025,80.0
2022-12-22,2025,80.0
2022-12-23,2025,80.0
2022-12-26,2025,80.0
2022-12-27,2025,80.0
2022-12-28,2025,80.0
2022-12-29,2025,80.0
2022-12-30,2025,80.0
2023-01-02,2025,80.0
2023-01-03,2025,80.0
2023-01-04,2025,80.0
2023-01-05,2025,80.0
2023-01-06,2025,80.0
2023-01-09,2025,80.0
2023-01-10,2025,80.0
2023-01-11,2025,80.0
2023-01-12,2025,80.0
2023-01-13,2025,80.0
2023-01-16,2025,80.0
2023-01-17,2025,80.0
2023-01-18,2025,80.0
2023-01-19,2025,80.0
2023-01-20,2025,80.0
2023-01-23,2025,80.0
2023-01-24,2025,80.0
2023-01-25,2025,80.0
2023-01-26,2025,80.0
2023-01-27,2025,83.6
2023-01-30,2025,83.6
2023-01-31,2025,83.6
2023-02-01,2025,83.6
2023-02-02,2025,83.8
2023-02-03,2025,83.8
2023-02-06,2025,83.6
2023-02-07,2025,81.8
2023-02-08,2025,81.8
2023-02-09,2025,81.8
2023-02-10,2025,81.8
2023-02-13,2025,83.8
2023-02-14,2025,83.8
2023-02-15,2025,83.8
2023-02-16,2025,81.8
2023-02-17,2025,83.6
2023-02-22,2025,83.6
2023-02-23,2025,83.6
2023-02-24,2025,83.6
2023-02-27,2025,80.0
2023-02-28,2025,80.0
2023-03-01,2025,80.0
2023-03-02,2025,80.0
2023-03-03,2025,80.0
2023-03-06,2025,80.0
2023-03-07,2025,80.0
2023-03-08,2025,80.0
2023-03-09,2025,80.0
2023-03-10,2025,80.0
2023-03-13,2025,80.0
2023-03-14,2025,80.0
2023-03-15,2025,80.0
2023-03-16,2025,80.0
2023-03-17,2025,80.0
2023-03-20,2025,80.0
2023-03-21,2025,80.0
2023-03-22,2025,80.0
2023-03-23,2025,80.0
2023-03-24,2025,80.0
2023-03-27,2025,80.0
2023-03-28,2025,80.0
2023-03-29,2025,80.0
2023-03-30,2025,80.0
2023-03-31,2025,80.0
2023-04-03,2025,80.0
2023-04-04,2025,80.0
2023-04-05,2025,80.0
2023-04-06,2025,80.0
2023-04-10,2025,80.0
2023-04-11,2025,80.0
2023-04-12,2025,80.0
2023-04-13,2025,80.0
2023-04-14,2025,80.0
2023-04-17,2025,83.0
2023-04-18,2025,83.0
2023-04-19,2025,83.0
2023-04-20,2025,81.5
2023-04-24,2025,80.0
2023-04-25,2025,80.0
2023-04-26,2025,80.0
2023-04-27,2025,80.0
2023-04-28,2025,81.5
2023-05-02,2025,81.5
2023-05-03,2025,81.5
2023-05-04,2025,81.5
2023-05-05,2025,81.5
2023-05-08,2025,81.5
2023-05-09,2025,81.5
2023-05-10,2025,81.5
2023-05-11,2025,80.8
2023-05-12,2025,81.6
2023-05-15,2025,80.8
2023-05-16,2025,80.8
2023-05-17,2025,80.8
2023-05-18,2025,81.6
2023-05-19,2025,81.6
2023-05-22,2025,82.0
2023-05-23,2025,82.0
2023-05-24,2025,82.0
2023-05-25,2025,82.0
2023-05-26,2025,82.0
2023-05-29,2025,81.8
2023-05-30,2025,81.8
2023-05-31,2025,81.8
2023-06-01,2025,81.8
2023-06-02,2025,82.0
2023-06-05,2025,82.0
2023-06-06,2025,82.0
2023-06-07,2025,81.8
2023-06-09,2025,81.8
2023-06-12,2025,81.6
2023-06-13,2025,81.6
2023-06-14,2025,81.6
2023-06-15,2025,81.0
2023-06-16,2025,80.5
2023-06-19,2025,80.5
2023-06-20,2025,80.5
2023-06-21,2025,80.5
2023-06-22,2025,80.5
2023-06-23,2025,80.5
2023-06-26,2025,81.0
2023-06-27,2025,81.0
2023-06-28,2025,81.0
2023-06-29,2025,81.0
2023-06-30,2025,81.0
2023-07-03,2025,80.5
2023-07-04,2025,80.5
2023-07-05,2025,80.5
2023-07-06,2025,80.5
2023-07-07,2025,80.5
2023-07-10,2025,80.5
2023-07-11,2025,80.5
2023-07-12,2025,80.5
2023-07-13,2025,80.5
2023-07-14,2025,80.5
2023-07-17,2025,80.5
2023-07-18,2025,80.5
2023-07-19,2025,80.0
2023-07-20,2025,81.0
2023-07-21,2025,80.5
2023-07-24,2025,81.0
2023-07-25,2025,81.0
2023-07-26,2025,81.0
2023-07-27,2025,81.3
2023-07-28,2025,81.3
2023-07-31,2025,81.6
2023-08-01,2025,81.6
2023-08-02,2025,81.6
2023-08-03,2025,81.6
2023-08-04,2025,81.6
2023-08-07,2025,81.7
2023-08-08,2025,81.7
2023-08-09,2025,81.7
2023-08-10,2025,81.6
2023-08-11,2025,81.7
2023-08-14,2025,81.8
2023-08-15,2025,81.8
2023-08-16,2025,83.4
2023-08-17,2025,83.4
2023-08-18,2025,81.7
2023-08-21,2025,83.4
2023-08-22,2025,83.4
2023-08-23,2025,83.4
2023-08-24,2025,83.4
2023-08-25,2025,83.4
2023-08-28,2025,81.8
2023-08-29,2025,81.8
2023-08-30,2025,81.8
2023-08-31,2025,81.8
2023-09-01,2025,81.8
2023-09-04,2025,81.8
2023-09-05,2025,81.8
2023-09-06,2025,81.8
2023-09-08,2025,81.8
2023-09-11,2025,83.4
2023-09-12,2025,83.4
2023-09-13,2025,83.4
2023-09-14,2025,83.4
2023-09-15,2025,81.8
2023-09-18,2025,81.7
2023-09-19,2025,81.7
2023-09-20,2025,81.7
2023-09-21,2025,81.7
2023-09-22,2025,81.8
2023-09-25,2025,83.4
2023-09-26,2025,83.4
2023-09-27,2025,83.4
2023-09-28,2025,83.4
2023-09-29,2025,83.4
2023-10-02,2025,83.4
2023-10-03,2025,83.4
2023-10-04,2025,83.4
2023-10-05,2025,83.4
2023-10-06,2025,83.4
2023-10-09,2025,81.7
2023-10-10,2025,81.7
2023-10-11,2025,81.7
2023-10-13,2025,81.7
2023-10-16,2025,81.8
2023-10-17,2025,81.8
2023-10-18,2025,81.8
2023-10-19,2025,81.8
2023-10-20,2025,81.6
2023-10-23,2025,81.6
2023-10-24,2025,81.6
2023-10-25,2025,81.6
2023-10-26,2025,80.8
2023-10-27,2025,80.8
2023-10-30,2025,80.0
2023-10-31,2025,80.0
2023-11-01,2025,80.0
2023-11-03,2025,80.0
2023-11-06,2025,80.0
2023-11-07,2025,80.0
2023-11-08,2025,80.0
2023-11-09,2025,80.0
2023-11-10,2025,80.0
2023-11-13,2025,80.0
2023-11-14,2025,80.0
2023-11-16,2025,80.0
2023-11-17,2025,80.0
2023-11-20,2025,80.0
2023-11-21,2025,78.4
2023-11-22,2025,78.4
2023-11-23,2025,78.4
2023-11-24,2025,78.4
2023-11-27,2025,78.4
2023-11-28,2025,78.4
2023-11-29,2025,78.4
2023-11-30,2025,80.0
2023-12-01,2025,80.0
2023-12-04,2025,80.0
2023-12-05,2025,80.0
2023-12-06,2025,78.4
2023-12-07,2025,78.4
2023-12-08,2025,76.8
2023-12-11,2025,75.12
2023-12-12,2025,75.12
2023-12-13,2025,75.12
2023-12-14,2025,75.12
2023-12-15,2025,75.12
2023-12-18,2025,75.12
2023-12-19,2025,72.56
2023-12-20,2025,70.0
2023-12-21,2025,70.0
2023-12-22,2025,70.0
2023-12-26,2025,70.0
2023-12-27,2025,70.0
2023-12-28,2025,70.0
2023-12-29,2025,70.0
2024-01-02,2025,70.0
2024-01-03,2025,70.0
2024-01-04,2025,70.0
2024-01-05,2025,70.0
2024-01-08,2025,70.0
2024-01-09,2025,70.0
2024-01-10,2025,70.0
2024-01-11,2025,70.0
2024-01-12,2025,70.0
2024-01-15,2025,70.0
2024-01-16,2025,71.52
2024-01-17,2025,71.52
2024-01-18,2025,73.26
2024-01-19,2025,75.0
2024-01-22,2025,75.65
2024-01-23,2025,75.0
2024-01-24,2025,75.0
2024-01-25,2025,75.0
2024-01-26,2025,75.0
2024-01-29,2025,75.0
2024-01-30,2025,75.0
2024-01-31,2025,75.65
2024-02-01,2025,75.65
2024-02-02,2025,75.65
2024-02-05,2025,75.0
2024-02-06,2025,75.0
2024-02-07,2025,75.0
2024-02-08,2025,75.0
2024-02-09,2025,74.05
2024-02-14,2025,74.05
2024-02-15,2025,74.05
2024-02-16,2025,75.0
2024-02-19,2025,74.05
2024-02-20,2025,74.05
2024-02-21,2025,74.05
2024-02-22,2025,73.1
2024-02-23,2025,75.0
2024-02-26,2025,74.05
2024-02-27,2025,75.0
2024-02-28,2025,75.0
2024-02-29,2025,75.0
2024-03-01,2025,75.0
2024-03-04,2025,73.1
2024-03-05,2025,73.1
2024-03-06,2025,73.1
2024-03-07,2025,73.1
2024-03-08,2025,73.1
2024-03-11,2025,74.05
2024-03-12,2025,74.05
2024-03-13,2025,74.05
2024-03-14,2025,74.05
2024-03-15,2025,72.31
2024-03-18,2025,73.1
2024-03-19,2025,73.1
2024-03-20,2025,73.1
2024-03-21,2025,73.1
2024-03-22,2025,73.1
2024-03-25,2025,73.1
2024-03-26,2025,73.1
2024-03-27,2025,73.1
2024-03-28,2025,73.1
2024-04-01,2025,73.1
2024-04-02,2025,73.1
2024-04-03,2025,73.1
2024-04-04,2025,73.1
2024-04-05,2025,73.1
2024-04-08,2025,73.55
2024-04-09,2025,73.55
2024-04-10,2025,73.55
2024-04-11,2025,74.0
2024-04-12,2025,73.4
2024-04-15,2025,74.5
2024-04-16,2025,74.5
2024-04-17,2025,74.5
2024-04-18,2025,74.5
2024-04-19,2025,73.5
2024-04-22,2025,73.0
2024-04-23,2025,73.0
2024-04-24,2025,73.0
2024-04-25,2025,73.0
2024-04-26,2025,73.0
2024-04-29,2025,73.0
2024-04-30,2025,73.0
2024-05-02,2025,73.0
2024-05-03,2025,73.0
2024-05-06,2025,73.5
2024-05-07,2025,73.5
2024-05-08,2025,73.5
2024-05-09,2025,73.5
2024-05-10,2025,73.0
2024-05-13,2025,73.0
2024-05-14,2025,73.0
2024-05-15,2025,73.0
2024-05-16,2025,73.0
2024-05-17,2025,73.5
2024-05-20,2025,73.5
2024-05-21,2025,73.0
2024-05-22,2025,73.0
2024-05-23,2025,73.0
2024-05-24,2025,73.0
2024-05-27,2025,73.0
2024-05-28,2025,73.0
2024-05-29,2025,73.0
2024-05-31,2025,73.0
2024-06-03,2025,73.0
2024-06-04,2025,73.0
2024-06-05,2025,73.0
2024-06-06,2025,72.5
2024-06-07,2025,72.5
2024-06-10,2025,72.5
2024-06-11,2025,72.5
2024-06-12,2025,73.0
2024-06-13,2025,73.0
2024-06-14,2025,73.0
2024-06-17,2025,73.0
2024-06-18,2025,73.0
2024-06-19,2025,73.0
2024-06-20,2025,72.5
2024-06-21,2025,73.0
2024-06-24,2025,73.0
2024-06-25,2025,73.0
2024-06-26,2025,73.0
2024-06-27,2025,73.0
2024-06-28,2025,74.0
2024-07-01,2025,74.0
2024-07-02,2025,74.0
2024-07-03,2025,74.0
2024-07-04,2025,74.0
2024-07-05,2025,74.0
2024-07-08,2025,74.0
2024-07-09,2025,74.0
2024-07-10,2025,74.0
2024-07-11,2025,74.0
2024-07-12,2025,74.0
2024-07-15,2025,74.0
2024-07-16,2025,73.5
2024-07-17,2025,73.5
2024-07-18,2025,74.0
2024-07-19,2025,72.1
2024-07-22,2025,72.1
2024-07-23,2025,72.1
2024-07-24,2025,72.1
2024-07-25,2025,72.1
2024-07-26,2025,71.6
2024-07-29,2025,71.6
2024-07-30,2025,71.6
2024-07-31,2025,71.6
2024-08-01,2025,71.6
2024-08-02,2025,71.6
2024-08-05,2025,71.2
2024-08-06,2025,71.2
2024-08-07,2025,71.2
2024-08-08,2025,71.2
2024-08-09,2025,71.2
2024-08-12,2025,71.2
2024-08-13,2025,71.2
2024-08-14,2025,71.2
2024-08-15,2025,71.2
2024-08-16,2025,71.2
2024-08-19,2025,71.6
2024-08-20,2025,71.6
2024-08-21,2025,72.0
2024-08-22,2025,72.0
2024-08-23,2025,72.0
2024-08-26,2025,72.0
2024-08-27,2025,72.0
2024-08-28,2025,73.0
2024-08-29,2025,73.0
2024-08-30,2025,73.0
2024-09-02,2025,73.0
2024-09-03,2025,73.0
2024-09-04,2025,73.0
2024-09-05,2025,73.0
2024-09-06,2025,73.5
2024-09-09,2025,73.0
2024-09-10,2025,73.5
2024-09-11,2025,73.5
2024-09-12,2025,74.0
2024-09-13,2025,73.5626
2024-09-16,2025,73.5626
2024-09-17,2025,73.5626
2024-09-18,2025,73.2813
2024-09-19,2025,73.0
2024-09-20,2025,73.0
2024-09-23,2025,73.0
2024-09-24,2025,73.0
2024-09-25,2025,73.0
2024-09-26,2025,73.0
2024-09-27,2025,73.0
2024-09-30,2025,73.0
2024-10-01,2025,73.0
2024-10-02,2025,73.0
2024-10-03,2025,73.0
2024-10-04,2025,73.0
2024-10-07,2025,73.0
2024-10-08,2025,73.0
2024-10-09,2025,73.0
2024-10-10,2025,73.0
2024-10-11,2025,73.0
2024-10-14,2025,73.0
2024-10-15,2025,73.0
2024-10-16,2025,73.0
2024-10-17,2025,73.0
2024-10-18,2025,74.0
2024-10-21,2025,73.78
2024-10-22,2025,73.56
2024-10-23,2025,73.56
2024-10-24,2025,73.56
2024-10-25,2025,74.0
2024-10-28,2025,74.0
2024-10-29,2025,74.0
2024-10-30,2025,74.0
2024-10-31,2025,74.0
2024-11-01,2025,73.78
2024-11-04,2025,73.78
2024-11-05,2025,73.78
2024-11-06,2025,73.78
2024-11-07,2025,73.78
2024-11-08,2025,74.0
2024-11-11,2025,73.78
2024-11-12,2025,73.28
2024-11-13,2025,73.28
2024-11-14,2025,73.56
2024-11-18,2025,73.78
2024-11-19,2025,73.78
2024-11-21,2025,74.0
2024-11-22,2025,73.5625
2024-11-25,2025,73.5625
2024-11-26,2025,73.5625
2024-11-27,2025,73.5625
2024-11-28,2025,73.5625
2024-11-29,2025,73.25
2024-12-02,2025,73.5
2024-12-03,2025,73.5
2024-12-04,2025,73.5
2024-12-05,2025,73.25
2024-12-06,2025,70.8
2024-12-09,2025,70.0
2024-12-10,2025,70.0
2024-12-11,2025,70.0
2024-12-12,2025,70.0
2024-12-13,2025,70.0
2024-12-16,2025,70.0
2024-12-17,2025,70.0
2024-12-18,2025,70.0
2024-12-19,2025,70.0
2024-12-20,2025,70.0
2024-12-23,2025,70.0
2024-12-24,2025,70.0
2024-12-26,2025,70.0
2024-12-27,2025,70.0
2024-12-30,2025,70.0
2024-12-31,2025,70.0
2025-01-02,2025,70.0
2025-01-03,2025,70.0
2025-01-06,2025,70.0
2025-01-07,2025,70.0
2025-01-08,2025,70.0
2025-01-09,2025,70.0
2025-01-10,2025,70.0
2025-01-13,2025,70.0
2025-01-14,2025,70.0
2025-01-15,2025,70.0
2025-01-16,2025,70.0
2025-01-17,2025,70.0
2025-01-20,2025,70.0
2025-01-21,2025,70.0
2025-01-22,2025,70.0
2025-01-23,2025,70.0
2025-01-24,2025,70.0
2025-01-27,2025,70.0
2025-01-28,2025,70.0
2025-01-29,2025,70.0
2025-01-30,2025,70.0
2025-01-31,2025,70.0
2025-02-03,2025,70.0
2025-02-04,2025,70.0
2025-02-05,2025,70.0
2025-02-06,2025,70.0
2025-02-07,2025,70.0
2025-02-10,2025,70.0
2025-02-11,2025,70.0
2025-02-12,2025,70.0
2025-02-13,2025,70.0
2025-02-14,2025,70.0
2025-02-17,2025,70.0
2025-02-18,2025,70.0
2025-02-19,2025,70.0
2025-02-20,2025,70.0
2025-02-21,2025,70.0
2025-02-24,2025,70.0
2025-02-25,2025,70.0
2025-02-26,2025,70.0
2025-02-27,2025,70.0
2025-02-28,2025,70.0
2025-03-05,2025,70.0
2025-03-06,2025,70.0
2025-03-07,2025,70.0
2025-03-10,2025,70.0
2025-03-11,2025,70.0
2025-03-12,2025,70.0
2025-03-13,2025,70.0
2025-03-14,2025,70.0
2025-03-17,2025,70.0
2025-03-18,2025,70.0
2025-03-19,2025,70.0
2025-03-20,2025,70.0
2025-03-21,2025,70.0
2025-03-24,2025,70.0
2025-03-25,2025,70.0
2025-03-26,2025,70.0
2025-03-27,2025,70.0
2025-03-28,2025,70.0
2025-03-31,2025,70.0
2025-04-01,2025,70.0
2025-04-02,2025,70.0
2025-04-03,2025,70.0
2025-04-04,2025,70.0
2025-04-07,2025,70.0
2025-04-08,2025,70.0
2025-04-09,2025,70.0
2025-04-10,2025,70.0
2025-04-11,2025,70.0
2025-04-14,2025,70.0
2025-04-15,2025,70.0
2025-04-16,2025,70.0
2025-04-17,2025,70.0
2025-04-22,2025,70.0
2025-04-23,2025,70.0
2025-04-24,2025,70.0
2025-04-25,2025,70.0
2025-04-28,2025,70.0
2025-04-29,2025,70.0
2025-04-30,2025,70.0
2025-05-02,2025,70.0
2025-05-05,2025,70.0
2025-05-06,2025,70.0
2025-05-07,2025,70.0
2025-05-08,2025,70.0
2025-05-09,2025,70.0
2025-05-12,2025,70.0
2025-05-13,2025,70.0
2025-05-14,2025,70.0
2025-05-15,2025,70.0
2025-05-16,2025,70.0
2025-05-19,2025,70.0
2025-05-20,2025,70.0
2025-05-21,2025,70.0
2025-05-22,2025,70.0
2025-05-23,2025,70.0
2025-05-26,2025,70.0
2025-05-27,2025,70.0
2025-05-28,2025,70.0
2025-05-29,2025,70.0
2025-05-30,2025,70.0
2025-06-02,2025,70.0
2025-06-03,2025,70.0
2025-06-04,2025,70.0
2025-06-05,2025,70.0
2025-06-06,2025,70.0
2025-06-09,2025,70.0
2025-06-10,2025,70.0
2025-06-11,2025,70.0
2025-06-12,2025,70.0
2025-06-13,2025,70.0
2025-06-16,2025,70.0
2025-06-17,2025,70.0
2025-06-18,2025,70.0
2025-06-20,2025,70.0
2025-06-23,2025,70.0
2025-06-24,2025,70.0
2025-06-25,2025,70.0
2025-06-26,2025,70.0
2025-06-27,2025,70.0
2025-06-30,2025,70.0
2025-07-01,2025,70.0
2025-07-02,2025,70.0
2025-07-03,2025,70.0
2025-07-04,2025,70.0
2025-07-07,2025,70.0
2025-07-08,2025,70.0
2025-07-09,2025,70.0
2025-07-10,2025,70.0
2025-07-11,2025,70.0
2025-07-14,2025,70.0
2025-07-15,2025,70.0
2025-07-16,2025,70.0
2025-07-17,2025,70.0
2025-07-18,2025,70.0
2025-07-21,2025,70.0
2025-07-22,2025,70.0
2025-07-23,2025,70.0
2025-07-24,2025,70.0
2025-07-25,2025,70.0
2025-07-28,2025,70.0
2025-07-29,2025,70.0
2025-07-30,2025,70.0
2025-07-31,2025,70.0
2025-08-01,2025,70.0
2025-08-04,2025,70.0
2025-08-05,2025,70.0
2025-08-06,2025,70.0
2025-08-07,2025,70.0
2025-08-08,2025,70.0
2025-08-11,2025,70.0
2025-08-12,2025,70.0
2025-08-13,2025,70.0
2025-08-14,2025,70.0
2025-08-15,2025,70.0
2025-08-18,2025,70.0
2025-08-19,2025,70.0
2025-08-20,2025,70.0
2025-08-21,2025,70.0
2025-08-22,2025,70.0
2025-08-25,2025,70.0
2025-08-26,2025,70.0
2025-08-27,2025,70.0
2025-08-28,2025,70.0
2025-08-29,2025,70.0
2025-09-01,2025,70.0
2025-09-02,2025,70.0
2025-09-03,2025,70.0
2025-09-04,2025,70.0
2025-09-05,2025,70.0
2025-09-08,2025,70.0
2025-09-09,2025,70.0
2025-09-10,2025,70.0
2025-09-11,2025,70.0
2025-09-12,2025,70.0
2025-09-15,2025,70.0
2025-09-16,2025,70.0
2025-09-17,2025,70.0
2025-09-18,2025,70.0
2025-09-19,2025,70.0
2025-09-22,2025,70.0
2025-09-23,2025,70.0
2025-09-24,2025,70.0
2025-09-25,2025,70.0
2025-09-26,2025,70.0
2025-09-29,2025,70.0
2025-09-30,2025,70.0
2025-10-01,2025,70.0
2025-10-02,2025,70.0
2025-10-03,2025,70.0
2025-10-06,2025,70.0
2025-10-07,2025,70.0
2025-10-08,2025,70.0
2025-10-09,2025,70.0
2025-10-10,2025,70.0
2025-10-13,2025,70.0
2025-10-14,2025,70.0
2025-10-15,2025,70.0
2025-10-16,2025,70.0
2025-10-17,2025,70.0
2025-10-20,2025,70.0
2025-10-21,2025,70.0
2025-10-22,2025,70.0
2025-10-23,2025,70.0
2025-10-24,2025,70.0
2025-10-27,2025,70.0
2025-10-28,2025,70.0
2025-10-29,2025,70.0
2025-10-30,2025,70.0
2025-10-31,2025,70.0
2025-11-03,2025,70.0
2025-11-04,2025,70.0
2025-11-05,2025,70.0
2025-11-06,2025,70.0
2025-11-07,2025,70.0
2025-11-10,2025,70.0
2025-11-11,2025,70.0
2025-11-12,2025,70.0
2025-11-13,2025,70.25
2025-11-14,2025,70.25
2025-11-17,2025,70.5
2025-11-18,2025,70.5
2025-11-19,2025,70.5
2025-11-21,2025,72.35
2025-11-24,2025,72.5
2025-11-25,2025,72.35
2025-11-26,2025,72.35
2025-11-27,2025,72.5
2025-11-28,2025,73.0
2025-12-01,2025,73.0
2025-12-02,2025,73.0
2025-12-03,2025,73.5
2025-12-04,2025,74.5
2025-12-05,2025,75.0
2025-12-08,2025,75.0
2025-12-09,2025,75.0
2025-12-10,2025,75.0
2025-12-11,2025,75.0
2025-12-12,2025,75.0
2025-12-15,2025,75.0
2025-12-16,2025,75.0
2025-12-17,2025,75.0
2025-12-18,2025,75.0
2025-12-19,2025,79.25
2025-12-22,2025,79.5
2025-12-23,2025,79.5
2025-12-24,2025,79.5
2025-12-26,2025,79.7
2025-12-29,2025,79.7
2025-12-30,2025,79.7
2025-12-31,2025,79.7
2026-01-02,2025,79.7
2026-01-05,2025,79.7
2026-01-06,2025,79.85
2026-01-07,2025,79.85
2026-01-08,2025,79.85
2026-01-09,2025,79.85
2026-01-12,2025,80.0
2026-01-13,2025,80.0
2026-01-14,2025,80.0
2026-01-15,2025,80.0
2026-01-16,2025,80.0
2026-01-19,2025,79.85
2026-01-20,2025,80.0
2026-01-21,2025,80.0
2026-01-22,2025,80.0
2026-01-23,2025,80.0
2022-01-27,2026,112.0
2022-01-28,2026,87.8
2022-01-31,2026,87.8
2022-02-01,2026,87.8
2022-02-02,2026,87.8
2022-02-03,2026,87.8
2022-02-04,2026,87.8
2022-02-07,2026,87.8
2022-02-08,2026,83.9
2022-02-09,2026,83.9
2022-02-10,2026,83.9
2022-02-11,2026,83.9
2022-02-14,2026,82.0
2022-02-15,2026,82.0
2022-02-16,2026,82.0
2022-02-17,2026,82.0
2022-02-18,2026,80.0
2022-02-21,2026,80.0
2022-02-22,2026,80.0
2022-02-23,2026,80.0
2022-02-24,2026,80.0
2022-02-25,2026,80.0
2022-03-02,2026,80.0
2022-03-03,2026,80.0
2022-03-04,2026,80.0
2022-03-07,2026,80.0
2022-03-08,2026,80.0
2022-03-09,2026,80.0
2022-03-10,2026,80.0
2022-03-11,2026,80.0
2022-03-14,2026,80.0
2022-03-15,2026,80.0
2022-03-16,2026,80.0
2022-03-17,2026,79.485
2022-03-18,2026,80.0
2022-03-21,2026,80.0
2022-03-22,2026,80.0
2022-03-23,2026,80.0
2022-03-24,2026,80.0
2022-03-25,2026,80.0
2022-03-28,2026,80.0
2022-03-29,2026,80.0
2022-03-30,2026,80.0
2022-03-31,2026,80.0
2022-04-01,2026,80.0
2022-04-04,2026,80.0
2022-04-05,2026,80.0
2022-04-06,2026,80.0
2022-04-07,2026,80.0
2022-04-08,2026,80.0
2022-04-11,2026,80.0
2022-04-12,2026,80.0
2022-04-13,2026,80.0
2022-04-14,2026,80.0
2022-04-18,2026,80.0
2022-04-19,2026,80.0
2022-04-20,2026,80.0
2022-04-22,2026,72.8
2022-04-25,2026,80.0
2022-04-26,2026,80.0
2022-04-27,2026,80.0
2022-04-28,2026,80.0
2022-04-29,2026,80.0
2022-05-02,2026,80.0
2022-05-03,2026,80.0
2022-05-04,2026,80.0
2022-05-05,2026,80.0
2022-05-06,2026,80.0
2022-05-09,2026,80.0
2022-05-10,2026,80.0
2022-05-11,2026,80.0
2022-05-12,2026,80.0
2022-05-13,2026,80.0
2022-05-16,2026,80.0
2022-05-17,2026,80.0
2022-05-18,2026,80.0
2022-05-19,2026,80.0
2022-05-20,2026,80.0
2022-05-23,2026,80.0
2022-05-24,2026,80.0
2022-05-25,2026,80.0
2022-05-26,2026,80.0
2022-05-27,2026,80.0
2022-05-30,2026,80.0
2022-05-31,2026,80.0
2022-06-01,2026,80.0
2022-06-02,2026,80.0
2022-06-03,2026,80.0
2022-06-06,2026,80.0
2022-06-07,2026,80.0
2022-06-08,2026,77.5
2022-06-09,2026,77.5
2022-06-10,2026,75.0
2022-06-13,2026,75.0
2022-06-14,2026,75.0
2022-06-15,2026,75.0
2022-06-17,2026,75.0
2022-06-20,2026,75.0
2022-06-21,2026,75.0
2022-06-22,2026,75.0
2022-06-23,2026,75.0
2022-06-24,2026,75.0
2022-06-27,2026,75.0
2022-06-28,2026,75.0
2022-06-29,2026,75.0
2022-06-30,2026,75.0
2022-07-01,2026,75.0
2022-07-04,2026,75.0
2022-07-05,2026,75.0
2022-07-06,2026,75.0
2022-07-07,2026,75.0
2022-07-08,2026,75.0
2022-07-11,2026,72.8
2022-07-12,2026,71.4
2022-07-13,2026,71.4
2022-07-14,2026,71.4
2022-07-15,2026,71.4
2022-07-18,2026,76.4
2022-07-19,2026,76.4
2022-07-20,2026,72.8
2022-07-21,2026,72.8
2022-07-22,2026,72.8
2022-07-25,2026,72.8
2022-07-26,2026,72.8
2022-07-27,2026,72.8
2022-07-28,2026,75.0
2022-07-29,2026,75.0
2022-08-01,2026,75.0
2022-08-02,2026,72.8
2022-08-03,2026,72.8
2022-08-04,2026,76.4
2022-08-05,2026,76.4
2022-08-08,2026,72.8
2022-08-09,2026,72.8
2022-08-10,2026,71.4
2022-08-11,2026,72.8
2022-08-12,2026,80.0
2022-08-15,2026,76.4
2022-08-16,2026,76.4
2022-08-17,2026,76.4
2022-08-18,2026,76.4
2022-08-19,2026,76.4
2022-08-22,2026,80.0
2022-08-23,2026,80.0
2022-08-24,2026,80.0
2022-08-25,2026,80.0
2022-08-26,2026,80.0
2022-08-29,2026,76.4
2022-08-30,2026,76.4
2022-08-31,2026,76.4
2022-09-01,2026,76.4
2022-09-02,2026,80.0
2022-09-05,2026,80.0
2022-09-06,2026,80.0
2022-09-08,2026,80.0
2022-09-09,2026,80.0
2022-09-12,2026,80.0
2022-09-13,2026,80.0
2022-09-14,2026,80.0
2022-09-15,2026,80.0
2022-09-16,2026,80.0
2022-09-19,2026,80.0
2022-09-20,2026,80.0
2022-09-21,2026,80.0
2022-09-22,2026,80.0
2022-09-23,2026,77.1599
2022-09-26,2026,77.1599
2022-09-27,2026,77.1599
2022-09-28,2026,77.1599
2022-09-29,2026,77.1599
2022-09-30,2026,78.9825
2022-10-03,2026,78.9825
2022-10-04,2026,78.9825
2022-10-05,2026,78.9825
2022-10-06,2026,78.9825
2022-10-07,2026,78.9825
2022-10-10,2026,80.0
2022-10-11,2026,80.0
2022-10-13,2026,80.0
2022-10-14,2026,80.0
2022-10-17,2026,80.0
2022-10-18,2026,80.0
2022-10-19,2026,80.0
2022-10-20,2026,80.0
2022-10-21,2026,80.0
2022-10-24,2026,80.0
2022-10-25,2026,80.0
2022-10-26,2026,80.0
2022-10-27,2026,80.0
2022-10-28,2026,80.0
2022-10-31,2026,80.0
2022-11-01,2026,80.0
2022-11-03,2026,80.0
2022-11-04,2026,80.0
2022-11-07,2026,80.0
2022-11-08,2026,80.0
2022-11-09,2026,80.0
2022-11-10,2026,80.0
2022-11-11,2026,82.5
2022-11-14,2026,80.0
2022-11-16,2026,80.0
2022-11-17,2026,80.0
2022-11-18,2026,82.5
2022-11-21,2026,82.5
2022-11-22,2026,82.5
2022-11-23,2026,82.5
2022-11-24,2026,82.5
2022-11-25,2026,80.0
2022-11-28,2026,80.0
2022-11-29,2026,80.0
2022-11-30,2026,80.0
2022-12-01,2026,80.0
2022-12-02,2026,80.0
2022-12-05,2026,82.5
2022-12-06,2026,82.5
2022-12-07,2026,82.5
2022-12-08,2026,82.5
2022-12-09,2026,82.5
2022-12-12,2026,80.0
2022-12-13,2026,80.0
2022-12-14,2026,80.0
2022-12-15,2026,80.0
2022-12-16,2026,80.0
2022-12-19,2026,80.0
2022-12-20,2026,80.0
2022-12-21,2026,80.0
2022-12-22,2026,80.0
2022-12-23,2026,80.0
2022-12-26,2026,82.5
2022-12-27,2026,82.5
2022-12-28,2026,82.5
2022-12-29,2026,82.5
2022-12-30,2026,82.5
2023-01-02,2026,80.0
2023-01-03,2026,80.0
2023-01-04,2026,82.5
2023-01-05,2026,80.0
2023-01-06,2026,82.5
2023-01-09,2026,82.5
2023-01-10,2026,82.5
2023-01-11,2026,82.5
2023-01-12,2026,82.5
2023-01-13,2026,85.0
2023-01-16,2026,85.0
2023-01-17,2026,85.0
2023-01-18,2026,85.0
2023-01-19,2026,85.0
2023-01-20,2026,85.0
2023-01-23,2026,85.0
2023-01-24,2026,85.0
2023-01-25,2026,85.0
2023-01-26,2026,85.0
2023-01-27,2026,85.0
2023-01-30,2026,85.0
2023-01-31,2026,85.0
2023-02-01,2026,85.0
2023-02-02,2026,85.0
2023-02-03,2026,85.0
2023-02-06,2026,85.0
2023-02-07,2026,85.0
2023-02-08,2026,85.0
2023-02-09,2026,85.0
2023-02-10,2026,85.0
2023-02-13,2026,85.0
2023-02-14,2026,85.0
2023-02-15,2026,85.0
2023-02-16,2026,80.0
2023-02-17,2026,82.5
2023-02-22,2026,82.5
2023-02-23,2026,82.5
2023-02-24,2026,82.5
2023-02-27,2026,80.0
2023-02-28,2026,80.0
2023-03-01,2026,80.0
2023-03-02,2026,80.0
2023-03-03,2026,80.0
2023-03-06,2026,80.0
2023-03-07,2026,80.0
2023-03-08,2026,80.0
2023-03-09,2026,80.0
2023-03-10,2026,80.0
2023-03-13,2026,80.0
2023-03-14,2026,80.0
2023-03-15,2026,80.0
2023-03-16,2026,80.0
2023-03-17,2026,80.0
2023-03-20,2026,80.0
2023-03-21,2026,80.0
2023-03-22,2026,80.0
2023-03-23,2026,80.0
2023-03-24,2026,80.0
2023-03-27,2026,80.0
2023-03-28,2026,80.0
2023-03-29,2026,80.0
2023-03-30,2026,80.0
2023-03-31,2026,80.0
2023-04-03,2026,80.0
2023-04-04,2026,80.0
2023-04-05,2026,80.0
2023-04-06,2026,80.0
2023-04-10,2026,80.0
2023-04-11,2026,80.0
2023-04-12,2026,80.0
2023-04-13,2026,80.0
2023-04-14,2026,82.5
2023-04-17,2026,85.0
2023-04-18,2026,85.0
2023-04-19,2026,85.0
2023-04-20,2026,85.0
2023-04-24,2026,85.0
2023-04-25,2026,85.0
2023-04-26,2026,85.0
2023-04-27,2026,85.0
2023-04-28,2026,85.0
2023-05-02,2026,85.0
2023-05-03,2026,85.0
2023-05-04,2026,85.0
2023-05-05,2026,85.0
2023-05-08,2026,85.0
2023-05-09,2026,85.0
2023-05-10,2026,85.0
2023-05-11,2026,85.0
2023-05-12,2026,85.0
2023-05-15,2026,85.0
2023-05-16,2026,85.0
2023-05-17,2026,85.0
2023-05-18,2026,80.0
2023-05-19,2026,80.0
2023-05-22,2026,80.0
2023-05-23,2026,80.0
2023-05-24,2026,80.0
2023-05-25,2026,80.0
2023-05-26,2026,80.0
2023-05-29,2026,80.0
2023-05-30,2026,80.0
2023-05-31,2026,80.0
2023-06-01,2026,80.0
2023-06-02,2026,80.0
2023-06-05,2026,80.0
2023-06-06,2026,80.0
2023-06-07,2026,80.0
2023-06-09,2026,80.0
2023-06-12,2026,80.0
2023-06-13,2026,80.0
2023-06-14,2026,80.0
2023-06-15,2026,80.0
2023-06-16,2026,80.0
2023-06-19,2026,80.0
2023-06-20,2026,80.0
2023-06-21,2026,80.0
2023-06-22,2026,80.0
2023-06-23,2026,80.0
2023-06-26,2026,80.0
2023-06-27,2026,80.0
2023-06-28,2026,80.0
2023-06-29,2026,80.0
2023-06-30,2026,80.0
2023-07-03,2026,80.0
2023-07-04,2026,80.0
2023-07-05,2026,80.0
2023-07-06,2026,80.0
2023-07-07,2026,80.0
2023-07-10,2026,80.0
2023-07-11,2026,80.0
2023-07-12,2026,80.0
2023-07-13,2026,80.0
2023-07-14,2026,80.0
2023-07-17,2026,80.0
2023-07-18,2026,80.0
2023-07-19,2026,80.0
2023-07-20,2026,80.0
2023-07-21,2026,80.0
2023-07-24,2026,80.0
2023-07-25,2026,80.0
2023-07-26,2026,80.0
2023-07-27,2026,80.0
2023-07-28,2026,80.0
2023-07-31,2026,80.0
2023-08-01,2026,80.0
2023-08-02,2026,80.0
2023-08-03,2026,80.0
2023-08-04,2026,80.0
2023-08-07,2026,80.0
2023-08-08,2026,80.0
2023-08-09,2026,80.0
2023-08-10,2026,80.0
2023-08-11,2026,80.0
2023-08-14,2026,80.0
2023-08-15,2026,80.0
2023-08-16,2026,80.0
2023-08-17,2026,80.0
2023-08-18,2026,80.0
2023-08-21,2026,80.0
2023-08-22,2026,80.0
2023-08-23,2026,80.0
2023-08-24,2026,80.0
2023-08-25,2026,80.0
2023-08-28,2026,80.0
2023-08-29,2026,80.0
2023-08-30,2026,80.0
2023-08-31,2026,80.0
2023-09-01,2026,80.0
2023-09-04,2026,80.0
2023-09-05,2026,80.0
2023-09-06,2026,80.0
2023-09-08,2026,80.0
2023-09-11,2026,80.0
2023-09-12,2026,80.0
2023-09-13,2026,80.0
2023-09-14,2026,80.0
2023-09-15,2026,80.0
2023-09-18,2026,80.0
2023-09-19,2026,80.0
2023-09-20,2026,80.0
2023-09-21,2026,80.0
2023-09-22,2026,80.0
2023-09-25,2026,80.0
2023-09-26,2026,80.0
2023-09-27,2026,80.0
2023-09-28,2026,80.0
2023-09-29,2026,80.0
2023-10-02,2026,80.0
2023-10-03,2026,80.0
2023-10-04,2026,80.0
2023-10-05,2026,80.0
2023-10-06,2026,80.0
2023-10-09,2026,80.0
2023-10-10,2026,80.0
2023-10-11,2026,80.0
2023-10-13,2026,80.0
2023-10-16,2026,80.5
2023-10-17,2026,80.5
2023-10-18,2026,80.5
2023-10-19,2026,80.5
2023-10-20,2026,80.0
2023-10-23,2026,80.0
2023-10-24,2026,80.0
2023-10-25,2026,80.2
2023-10-26,2026,80.0
2023-10-27,2026,80.0
2023-10-30,2026,80.0
2023-10-31,2026,80.0
2023-11-01,2026,80.0
2023-11-03,2026,80.0
2023-11-06,2026,80.0
2023-11-07,2026,80.0
2023-11-08,2026,80.0
2023-11-09,2026,80.0
2023-11-10,2026,80.0
2023-11-13,2026,80.0
2023-11-14,2026,80.0
2023-11-16,2026,80.0
2023-11-17,2026,80.0
2023-11-20,2026,80.0
2023-11-21,2026,80.0
2023-11-22,2026,80.0
2023-11-23,2026,80.0
2023-11-24,2026,80.0
2023-11-27,2026,80.0
2023-11-28,2026,80.0
2023-11-29,2026,80.0
2023-11-30,2026,80.0
2023-12-01,2026,80.0
2023-12-04,2026,80.0
2023-12-05,2026,80.0
2023-12-06,2026,80.0
2023-12-07,2026,80.0
2023-12-08,2026,80.0
2023-12-11,2026,80.0
2023-12-12,2026,80.0
2023-12-13,2026,80.0
2023-12-14,2026,80.0
2023-12-15,2026,80.0
2023-12-18,2026,80.0
2023-12-19,2026,80.0
2023-12-20,2026,79.0
2023-12-21,2026,79.0
2023-12-22,2026,78.0
2023-12-26,2026,78.0
2023-12-27,2026,78.0
2023-12-28,2026,78.0
2023-12-29,2026,78.0
2024-01-02,2026,78.0
2024-01-03,2026,78.0
2024-01-04,2026,78.0
2024-01-05,2026,78.0
2024-01-08,2026,76.5
2024-01-09,2026,76.5
2024-01-10,2026,75.0
2024-01-11,2026,78.0
2024-01-12,2026,78.0
2024-01-15,2026,78.0
2024-01-16,2026,80.0
2024-01-17,2026,80.0
2024-01-18,2026,79.0
2024-01-19,2026,80.0
2024-01-22,2026,80.0
2024-01-23,2026,80.0
2024-01-24,2026,80.0
2024-01-25,2026,80.0
2024-01-26,2026,80.0
2024-01-29,2026,80.0
2024-01-30,2026,80.0
2024-01-31,2026,80.0
2024-02-01,2026,80.0
2024-02-02,2026,80.0
2024-02-05,2026,80.0
2024-02-06,2026,80.0
2024-02-07,2026,80.0
2024-02-08,2026,80.0
2024-02-09,2026,80.0
2024-02-14,2026,80.0
2024-02-15,2026,80.0
2024-02-16,2026,80.0
2024-02-19,2026,80.0
2024-02-20,2026,80.0
2024-02-21,2026,80.0
2024-02-22,2026,80.0
2024-02-23,2026,80.0
2024-02-26,2026,80.0
2024-02-27,2026,80.0
2024-02-28,2026,80.0
2024-02-29,2026,80.0
2024-03-01,2026,80.0
2024-03-04,2026,80.0
2024-03-05,2026,80.0
2024-03-06,2026,80.0
2024-03-07,2026,80.0
2024-03-08,2026,80.0
2024-03-11,2026,80.0
2024-03-12,2026,80.0
2024-03-13,2026,80.0
2024-03-14,2026,80.0
2024-03-15,2026,79.0
2024-03-18,2026,79.0
2024-03-19,2026,79.0
2024-03-20,2026,79.0
2024-03-21,2026,80.0
2024-03-22,2026,80.0
2024-03-25,2026,80.0
2024-03-26,2026,80.0
2024-03-27,2026,80.0
2024-03-28,2026,80.0
2024-04-01,2026,80.0
2024-04-02,2026,80.0
2024-04-03,2026,80.0
2024-04-04,2026,80.0
2024-04-05,2026,80.0
2024-04-08,2026,80.0
2024-04-09,2026,80.0
2024-04-10,2026,80.0
2024-04-11,2026,80.0
2024-04-12,2026,80.0
2024-04-15,2026,80.0
2024-04-16,2026,80.0
2024-04-17,2026,80.0
2024-04-18,2026,80.0
2024-04-19,2026,80.0
2024-04-22,2026,79.0
2024-04-23,2026,79.0
2024-04-24,2026,79.0
2024-04-25,2026,79.0
2024-04-26,2026,79.0
2024-04-29,2026,79.0
2024-04-30,2026,79.0
2024-05-02,2026,80.0
2024-05-03,2026,80.0
2024-05-06,2026,80.0
2024-05-07,2026,80.0
2024-05-08,2026,80.0
2024-05-09,2026,80.0
2024-05-10,2026,80.0
2024-05-13,2026,80.0
2024-05-14,2026,80.0
2024-05-15,2026,79.0
2024-05-16,2026,80.0
2024-05-17,2026,80.0
2024-05-20,2026,80.0
2024-05-21,2026,80.0
2024-05-22,2026,80.0
2024-05-23,2026,80.0
2024-05-24,2026,80.0
2024-05-27,2026,80.0
2024-05-28,2026,80.0
2024-05-29,2026,80.0
2024-05-31,2026,80.0
2024-06-03,2026,80.0
2024-06-04,2026,80.0
2024-06-05,2026,80.0
2024-06-06,2026,80.0
2024-06-07,2026,80.0
2024-06-10,2026,80.0
2024-06-11,2026,80.0
2024-06-12,2026,80.0
2024-06-13,2026,80.0
2024-06-14,2026,80.0
2024-06-17,2026,80.0
2024-06-18,2026,80.0
2024-06-19,2026,79.4115
2024-06-20,2026,79.4115
2024-06-21,2026,79.4115
2024-06-24,2026,79.4115
2024-06-25,2026,79.4115
2024-06-26,2026,79.4115
2024-06-27,2026,79.4115
2024-06-28,2026,80.0
2024-07-01,2026,80.0
2024-07-02,2026,80.0
2024-07-03,2026,80.0
2024-07-04,2026,80.0
2024-07-05,2026,80.0
2024-07-08,2026,80.0
2024-07-09,2026,80.0
2024-07-10,2026,80.0
2024-07-11,2026,80.0
2024-07-12,2026,80.0
2024-07-15,2026,80.0
2024-07-16,2026,80.0
2024-07-17,2026,80.0
2024-07-18,2026,80.0
2024-07-19,2026,79.4115
2024-07-22,2026,79.4115
2024-07-23,2026,79.4115
2024-07-24,2026,79.4115
2024-07-25,2026,79.4115
2024-07-26,2026,79.4115
2024-07-29,2026,79.4115
2024-07-30,2026,79.4115
2024-07-31,2026,79.4115
2024-08-01,2026,79.4115
2024-08-02,2026,79.4115
2024-08-05,2026,80.0
2024-08-06,2026,80.0
2024-08-07,2026,80.0
2024-08-08,2026,80.0
2024-08-09,2026,80.0
2024-08-12,2026,79.4115
2024-08-13,2026,79.4115
2024-08-14,2026,79.4115
2024-08-15,2026,79.4115
2024-08-16,2026,79.4115
2024-08-19,2026,80.0
2024-08-20,2026,80.0
2024-08-21,2026,80.0
2024-08-22,2026,80.0
2024-08-23,2026,80.0
2024-08-26,2026,80.0
2024-08-27,2026,80.0
2024-08-28,2026,80.0
2024-08-29,2026,80.0
2024-08-30,2026,80.0
2024-09-02,2026,80.0
2024-09-03,2026,80.0
2024-09-04,2026,80.0
2024-09-05,2026,80.0
2024-09-06,2026,80.0
2024-09-09,2026,80.0
2024-09-10,2026,80.0
2024-09-11,2026,80.0
2024-09-12,2026,80.0
2024-09-13,2026,80.0
2024-09-16,2026,80.0
2024-09-17,2026,80.0
2024-09-18,2026,79.5
2024-09-19,2026,79.0
2024-09-20,2026,79.0
2024-09-23,2026,79.0
2024-09-24,2026,79.0
2024-09-25,2026,79.0
2024-09-26,2026,78.4449
2024-09-27,2026,78.4449
2024-09-30,2026,78.4449
2024-10-01,2026,78.4449
2024-10-02,2026,78.4449
2024-10-03,2026,78.4449
2024-10-04,2026,78.4449
2024-10-07,2026,78.4449
2024-10-08,2026,78.4449
2024-10-09,2026,78.4449
2024-10-10,2026,77.9449
2024-10-11,2026,77.9449
2024-10-14,2026,76.9
2024-10-15,2026,76.9
2024-10-16,2026,77.45
2024-10-17,2026,77.45
2024-10-18,2026,77.0
2024-10-21,2026,77.1
2024-10-22,2026,77.1
2024-10-23,2026,77.1
2024-10-24,2026,77.1
2024-10-25,2026,77.0
2024-10-28,2026,77.05
2024-10-29,2026,77.05
2024-10-30,2026,77.05
2024-10-31,2026,77.05
2024-11-01,2026,77.0
2024-11-04,2026,77.0
2024-11-05,2026,77.0
2024-11-06,2026,77.0
2024-11-07,2026,77.0
2024-11-08,2026,77.15
2024-11-11,2026,77.0
2024-11-12,2026,77.0
2024-11-13,2026,77.0
2024-11-14,2026,77.3
2024-11-18,2026,77.3
2024-11-19,2026,77.3
2024-11-21,2026,77.3
2024-11-22,2026,77.3
2024-11-25,2026,77.3
2024-11-26,2026,77.3
2024-11-27,2026,77.3
2024-11-28,2026,77.3
2024-11-29,2026,77.3
2024-12-02,2026,77.4485
2024-12-03,2026,77.4485
2024-12-04,2026,77.4485
2024-12-05,2026,77.3
2024-12-06,2026,77.0
2024-12-09,2026,75.25
2024-12-10,2026,75.25
2024-12-11,2026,75.25
2024-12-12,2026,75.5
2024-12-13,2026,75.25
2024-12-16,2026,75.0
2024-12-17,2026,75.0
2024-12-18,2026,75.0
2024-12-19,2026,75.0
2024-12-20,2026,74.7
2024-12-23,2026,74.9
2024-12-24,2026,74.9
2024-12-26,2026,74.9
2024-12-27,2026,74.9
2024-12-30,2026,74.9
2024-12-31,2026,74.9
2025-01-02,2026,74.9
2025-01-03,2026,74.9
2025-01-06,2026,75.0
2025-01-07,2026,75.0
2025-01-08,2026,75.0
2025-01-09,2026,75.0
2025-01-10,2026,75.0
2025-01-13,2026,75.0
2025-01-14,2026,75.0
2025-01-15,2026,75.0
2025-01-16,2026,75.0
2025-01-17,2026,75.0
2025-01-20,2026,75.25
2025-01-21,2026,75.0
2025-01-22,2026,75.0
2025-01-23,2026,75.0
2025-01-24,2026,75.0
2025-01-27,2026,75.0
2025-01-28,2026,75.0
2025-01-29,2026,75.0
2025-01-30,2026,75.0
2025-01-31,2026,75.0
2025-02-03,2026,75.0
2025-02-04,2026,75.0
2025-02-05,2026,75.0
2025-02-06,2026,75.0
2025-02-07,2026,75.0
2025-02-10,2026,75.0
2025-02-11,2026,75.0
2025-02-12,2026,75.0
2025-02-13,2026,75.0
2025-02-14,2026,75.0
2025-02-17,2026,74.95
2025-02-18,2026,74.95
2025-02-19,2026,74.95
2025-02-20,2026,75.0
2025-02-21,2026,74.95
2025-02-24,2026,74.9
2025-02-25,2026,74.5
2025-02-26,2026,74.5
2025-02-27,2026,74.5
2025-02-28,2026,74.5
2025-03-05,2026,74.5
2025-03-06,2026,74.5
2025-03-07,2026,73.25
2025-03-10,2026,73.25
2025-03-11,2026,73.25
2025-03-12,2026,73.25
2025-03-13,2026,72.625
2025-03-14,2026,72.0
2025-03-17,2026,72.0
2025-03-18,2026,70.0
2025-03-19,2026,70.0
2025-03-20,2026,70.0
2025-03-21,2026,70.0
2025-03-24,2026,70.0
2025-03-25,2026,70.0
2025-03-26,2026,70.0
2025-03-27,2026,70.0
2025-03-28,2026,70.0
2025-03-31,2026,70.0
2025-04-01,2026,70.0
2025-04-02,2026,70.0
2025-04-03,2026,70.0
2025-04-04,2026,70.0
2025-04-07,2026,70.0
2025-04-08,2026,70.0
2025-04-09,2026,70.0
2025-04-10,2026,70.0
2025-04-11,2026,70.0
2025-04-14,2026,70.0
2025-04-15,2026,70.0
2025-04-16,2026,70.0
2025-04-17,2026,70.0
2025-04-22,2026,70.0
2025-04-23,2026,70.0
2025-04-24,2026,70.0
2025-04-25,2026,70.0
2025-04-28,2026,70.0
2025-04-29,2026,70.0
2025-04-30,2026,70.0
2025-05-02,2026,70.0
2025-05-05,2026,70.0
2025-05-06,2026,70.0
2025-05-07,2026,70.0
2025-05-08,2026,70.0
2025-05-09,2026,70.0
2025-05-12,2026,70.0
2025-05-13,2026,70.0
2025-05-14,2026,70.0
2025-05-15,2026,70.0
2025-05-16,2026,70.0
2025-05-19,2026,70.0
2025-05-20,2026,70.0
2025-05-21,2026,70.0
2025-05-22,2026,70.0
2025-05-23,2026,70.0
2025-05-26,2026,70.0
2025-05-27,2026,70.0
2025-05-28,2026,70.0
2025-05-29,2026,70.0
2025-05-30,2026,70.0
2025-06-02,2026,70.0
2025-06-03,2026,70.0
2025-06-04,2026,70.0
2025-06-05,2026,70.0
2025-06-06,2026,70.0
2025-06-09,2026,70.0
2025-06-10,2026,70.0
2025-06-11,2026,70.0
2025-06-12,2026,70.0
2025-06-13,2026,70.0
2025-06-16,2026,70.0
2025-06-17,2026,70.0
2025-06-18,2026,70.0
2025-06-20,2026,70.0
2025-06-23,2026,70.0
2025-06-24,2026,70.0
2025-06-25,2026,70.0
2025-06-26,2026,70.0
2025-06-27,2026,70.0
2025-06-30,2026,70.0
2025-07-01,2026,70.0
2025-07-02,2026,70.0
2025-07-03,2026,70.0
2025-07-04,2026,70.0
2025-07-07,2026,70.0
2025-07-08,2026,70.0
2025-07-09,2026,70.0
2025-07-10,2026,70.0
2025-07-11,2026,70.0
2025-07-14,2026,70.0
2025-07-15,2026,70.0
2025-07-16,2026,70.0
2025-07-17,2026,70.0
2025-07-18,2026,70.0
2025-07-21,2026,70.0
2025-07-22,2026,70.0
2025-07-23,2026,70.0
2025-07-24,2026,70.0
2025-07-25,2026,70.0
2025-07-28,2026,70.0
2025-07-29,2026,70.0
2025-07-30,2026,70.0
2025-07-31,2026,70.0
2025-08-01,2026,70.0
2025-08-04,2026,70.0
2025-08-05,2026,70.0
2025-08-06,2026,70.0
2025-08-07,2026,70.0
2025-08-08,2026,70.0
2025-08-11,2026,70.0
2025-08-12,2026,70.0
2025-08-13,2026,70.0
2025-08-14,2026,70.0
2025-08-15,2026,70.0
2025-08-18,2026,70.0
2025-08-19,2026,70.0
2025-08-20,2026,70.0
2025-08-21,2026,70.0
2025-08-22,2026,70.0
2025-08-25,2026,70.0
2025-08-26,2026,70.0
2025-08-27,2026,70.0
2025-08-28,2026,70.0
2025-08-29,2026,70.0
2025-09-01,2026,70.0
2025-09-02,2026,70.0
2025-09-03,2026,70.0
2025-09-04,2026,70.0
2025-09-05,2026,70.0
2025-09-08,2026,70.0
2025-09-09,2026,70.0
2025-09-10,2026,70.0
2025-09-11,2026,70.0
2025-09-12,2026,70.0
2025-09-15,2026,70.0
2025-09-16,2026,70.0
2025-09-17,2026,70.0
2025-09-18,2026,70.0
2025-09-19,2026,70.0
2025-09-22,2026,70.0
2025-09-23,2026,70.0
2025-09-24,2026,70.0
2025-09-25,2026,70.0
2025-09-26,2026,70.0
2025-09-29,2026,70.0
2025-09-30,2026,70.0
2025-10-01,2026,70.0
2025-10-02,2026,70.0
2025-10-03,2026,70.0
2025-10-06,2026,70.0
2025-10-07,2026,70.0
2025-10-08,2026,70.0
2025-10-09,2026,70.0
2025-10-10,2026,70.0
2025-10-13,2026,70.0
2025-10-14,2026,70.0
2025-10-15,2026,70.0
2025-10-16,2026,70.0
2025-10-17,2026,70.0
2025-10-20,2026,70.0
2025-10-21,2026,70.0
2025-10-22,2026,70.0
2025-10-23,2026,70.0
2025-10-24,2026,70.0
2025-10-27,2026,70.0
2025-10-28,2026,70.0
2025-10-29,2026,70.0
2025-10-30,2026,70.0
2025-10-31,2026,70.0
2025-11-03,2026,70.0
2025-11-04,2026,70.0
2025-11-05,2026,70.0
2025-11-06,2026,70.0
2025-11-07,2026,70.0
2025-11-10,2026,70.0
2025-11-11,2026,70.0
2025-11-12,2026,70.0
2025-11-13,2026,70.0
2025-11-14,2026,70.0
2025-11-17,2026,70.0
2025-11-18,2026,70.0
2025-11-19,2026,70.0
2025-11-21,2026,70.0
2025-11-24,2026,70.0
2025-11-25,2026,70.0
2025-11-26,2026,70.0
2025-11-27,2026,70.0
2025-11-28,2026,70.0
2025-12-01,2026,70.0
2025-12-02,2026,70.0
2025-12-03,2026,70.0
2025-12-04,2026,70.0
2025-12-05,2026,72.15
2025-12-08,2026,72.15
2025-12-09,2026,72.15
2025-12-10,2026,72.15
2025-12-11,2026,72.0
2025-12-12,2026,72.0
2025-12-15,2026,71.75
2025-12-16,2026,71.75
2025-12-17,2026,71.75
2025-12-18,2026,71.75
2025-12-19,2026,72.4
2025-12-22,2026,72.8
2025-12-23,2026,72.8
2025-12-24,2026,72.8
2025-12-26,2026,74.0
2025-12-29,2026,74.0
2025-12-30,2026,74.0
2025-12-31,2026,74.0
2026-01-02,2026,74.0
2026-01-05,2026,74.7
2026-01-06,2026,74.35
2026-01-07,2026,74.35
2026-01-08,2026,74.35
2026-01-09,2026,74.35
2026-01-12,2026,74.0
2026-01-13,2026,74.0
2026-01-14,2026,74.35
2026-01-15,2026,74.7
2026-01-16,2026,75.0
2026-01-19,2026,74.85
2026-01-20,2026,74.7
2026-01-21,2026,74.7
2026-01-22,2026,74.85
2026-01-23,2026,74.85
2026-01-26,2026,74.85
2026-01-27,2026,74.85
2026-01-28,2026,74.85
2026-01-29,2026,74.7
2026-01-30,2026,74.3501
2026-02-02,2026,74.3501
2026-02-03,2026,74.7
2026-02-04,2026,74.7
2026-02-05,2026,74.7
2026-02-06,2026,74.3501
2026-02-09,2026,74.85
2026-02-10,2026,74.85
2026-02-11,2026,74.85
2026-02-12,2026,75.0
2026-02-13,2026,75.0
2026-02-18,2026,74.5001
2026-02-19,2026,74.5001
2026-02-20,2026,75.0
2026-02-23,2026,75.0
2026-02-24,2026,75.0
2026-02-25,2026,75.0
2026-02-26,2026,75.0
2026-02-27,2026,75.0
2026-03-02,2026,75.0
2026-03-03,2026,75.0
2026-03-04,2026,75.0
2026-03-05,2026,75.0
2026-03-06,2026,75.0
2026-03-09,2026,75.0
2026-03-10,2026,75.0
2026-03-11,2026,75.0
2026-03-12,2026,75.0
2026-03-13,2026,75.0
2026-03-16,2026,75.0
2026-03-17,2026,75.0
2026-03-18,2026,75.0
2026-03-19,2026,75.0
2026-03-20,2026,75.0
2026-03-23,2026,75.0
2026-03-24,2026,75.0
2026-03-25,2026,75.0
2026-03-26,2026,75.0
2026-03-27,2026,75.0
2026-03-30,2026,75.0
2026-03-31,2026,75.0
2026-04-01,2026,75.0
2026-04-02,2026,75.0
2026-04-06,2026,75.0
2026-04-07,2026,75.0
2026-04-08,2026,75.0
2026-04-09,2026,75.0
2026-04-10,2026,75.0
2026-04-13,2026,75.0
2026-04-14,2026,75.0
2026-04-15,2026,75.0
2026-04-16,2026,75.0
2026-04-17,2026,75.0
2026-04-20,2026,75.0
2026-04-22,2026,75.0
2026-04-23,2026,75.0
2026-04-24,2026,75.0
2026-04-27,2026,75.0
2026-04-28,2026,75.0
2026-04-29,2026,75.0
2026-04-30,2026,75.0
2026-05-04,2026,75.0
2026-05-05,2026,75.0
2026-05-06,2026,75.0
2026-05-07,2026,75.0
2026-05-08,2026,75.0
2026-05-11,2026,75.0
2026-05-12,2026,75.0
2026-05-13,2026,75.0
2026-05-14,2026,75.0
2026-05-15,2026,75.0
2023-01-27,2027,87.7
2023-01-30,2027,87.7
2023-01-31,2027,87.7
2023-02-01,2027,87.7
2023-02-02,2027,83.85
2023-02-03,2027,83.85
2023-02-06,2027,80.0
2023-02-07,2027,80.0
2023-02-08,2027,80.0
2023-02-09,2027,80.0
2023-02-10,2027,80.0
2023-02-13,2027,80.0
2023-02-14,2027,80.0
2023-02-15,2027,80.0
2023-02-16,2027,80.0
2023-02-17,2027,80.0
2023-02-22,2027,80.0
2023-02-23,2027,80.0
2023-02-24,2027,80.0
2023-02-27,2027,80.0
2023-02-28,2027,80.0
2023-03-01,2027,80.0
2023-03-02,2027,80.0
2023-03-03,2027,80.0
2023-03-06,2027,80.0
2023-03-07,2027,80.0
2023-03-08,2027,80.0
2023-03-09,2027,80.0
2023-03-10,2027,80.0
2023-03-13,2027,80.0
2023-03-14,2027,80.0
2023-03-15,2027,80.0
2023-03-16,2027,80.0
2023-03-17,2027,80.0
2023-03-20,2027,80.0
2023-03-21,2027,80.0
2023-03-22,2027,80.0
2023-03-23,2027,80.0
2023-03-24,2027,80.0
2023-03-27,2027,80.0
2023-03-28,2027,80.0
2023-03-29,2027,80.0
2023-03-30,2027,80.0
2023-03-31,2027,80.0
2023-04-03,2027,80.0
2023-04-04,2027,80.0
2023-04-05,2027,80.0
2023-04-06,2027,80.0
2023-04-10,2027,80.0
2023-04-11,2027,80.0
2023-04-12,2027,80.0
2023-04-13,2027,80.0
2023-04-14,2027,80.0
2023-04-17,2027,82.5
2023-04-18,2027,82.5
2023-04-19,2027,82.5
2023-04-20,2027,82.5
2023-04-24,2027,82.5
2023-04-25,2027,82.5
2023-04-26,2027,82.5
2023-04-27,2027,82.5
2023-04-28,2027,82.5
2023-05-02,2027,82.5
2023-05-03,2027,82.5
2023-05-04,2027,82.5
2023-05-05,2027,82.5
2023-05-08,2027,82.5
2023-05-09,2027,82.5
2023-05-10,2027,82.5
2023-05-11,2027,80.0
2023-05-12,2027,82.5
2023-05-15,2027,80.0
2023-05-16,2027,80.0
2023-05-17,2027,80.0
2023-05-18,2027,80.0
2023-05-19,2027,80.0
2023-05-22,2027,80.0
2023-05-23,2027,80.0
2023-05-24,2027,80.0
2023-05-25,2027,80.0
2023-05-26,2027,80.0
2023-05-29,2027,80.0
2023-05-30,2027,80.0
2023-05-31,2027,80.0
2023-06-01,2027,80.0
2023-06-02,2027,80.0
2023-06-05,2027,80.0
2023-06-06,2027,80.0
2023-06-07,2027,80.0
2023-06-09,2027,80.0
2023-06-12,2027,80.0
2023-06-13,2027,80.0
2023-06-14,2027,80.0
2023-06-15,2027,80.0
2023-06-16,2027,80.0
2023-06-19,2027,80.0
2023-06-20,2027,80.0
2023-06-21,2027,80.0
2023-06-22,2027,80.0
2023-06-23,2027,80.0
2023-06-26,2027,80.0
2023-06-27,2027,80.0
2023-06-28,2027,80.0
2023-06-29,2027,80.0
2023-06-30,2027,80.0
2023-07-03,2027,80.0
2023-07-04,2027,80.0
2023-07-05,2027,80.0
2023-07-06,2027,80.0
2023-07-07,2027,80.0
2023-07-10,2027,80.0
2023-07-11,2027,80.0
2023-07-12,2027,80.0
2023-07-13,2027,80.0
2023-07-14,2027,80.0
2023-07-17,2027,80.0
2023-07-18,2027,80.0
2023-07-19,2027,80.0
2023-07-20,2027,80.0
2023-07-21,2027,80.0
2023-07-24,2027,80.0
2023-07-25,2027,80.0
2023-07-26,2027,80.0
2023-07-27,2027,80.0
2023-07-28,2027,80.0
2023-07-31,2027,80.0
2023-08-01,2027,80.0
2023-08-02,2027,80.0
2023-08-03,2027,80.0
2023-08-04,2027,80.0
2023-08-07,2027,80.0
2023-08-08,2027,80.0
2023-08-09,2027,80.0
2023-08-10,2027,80.0
2023-08-11,2027,80.0
2023-08-14,2027,80.0
2023-08-15,2027,80.0
2023-08-16,2027,80.0
2023-08-17,2027,80.0
2023-08-18,2027,80.0
2023-08-21,2027,80.5
2023-08-22,2027,80.0
2023-08-23,2027,80.0
2023-08-24,2027,80.0
2023-08-25,2027,80.0
2023-08-28,2027,80.0
2023-08-29,2027,80.0
2023-08-30,2027,80.0
2023-08-31,2027,80.0
2023-09-01,2027,80.0
2023-09-04,2027,80.0
2023-09-05,2027,80.0
2023-09-06,2027,80.0
2023-09-08,2027,80.0
2023-09-11,2027,80.0
2023-09-12,2027,80.0
2023-09-13,2027,80.0
2023-09-14,2027,80.0
2023-09-15,2027,80.0
2023-09-18,2027,80.0
2023-09-19,2027,80.0
2023-09-20,2027,80.0
2023-09-21,2027,80.0
2023-09-22,2027,80.0
2023-09-25,2027,80.5
2023-09-26,2027,80.5
2023-09-27,2027,80.5
2023-09-28,2027,80.5
2023-09-29,2027,80.5
2023-10-02,2027,80.5
2023-10-03,2027,80.5
2023-10-04,2027,80.5
2023-10-05,2027,80.5
2023-10-06,2027,80.5
2023-10-09,2027,80.5
2023-10-10,2027,80.5
2023-10-11,2027,80.5
2023-10-13,2027,80.5
2023-10-16,2027,81.0
2023-10-17,2027,81.0
2023-10-18,2027,81.0
2023-10-19,2027,81.0
2023-10-20,2027,80.4
2023-10-23,2027,80.4
2023-10-24,2027,80.4
2023-10-25,2027,80.4
2023-10-26,2027,80.0
2023-10-27,2027,80.0
2023-10-30,2027,80.0
2023-10-31,2027,80.0
2023-11-01,2027,80.0
2023-11-03,2027,80.0
2023-11-06,2027,80.0
2023-11-07,2027,80.0
2023-11-08,2027,80.0
2023-11-09,2027,80.0
2023-11-10,2027,80.0
2023-11-13,2027,80.0
2023-11-14,2027,80.0
2023-11-16,2027,80.0
2023-11-17,2027,80.0
2023-11-20,2027,80.0
2023-11-21,2027,80.0
2023-11-22,2027,80.0
2023-11-23,2027,80.0
2023-11-24,2027,80.0
2023-11-27,2027,80.0
2023-11-28,2027,80.0
2023-11-29,2027,80.0
2023-11-30,2027,80.0
2023-12-01,2027,80.0
2023-12-04,2027,80.0
2023-12-05,2027,80.0
2023-12-06,2027,80.0
2023-12-07,2027,80.0
2023-12-08,2027,80.0
2023-12-11,2027,80.0
2023-12-12,2027,80.0
2023-12-13,2027,80.0
2023-12-14,2027,80.0
2023-12-15,2027,80.0
2023-12-18,2027,80.0
2023-12-19,2027,80.0
2023-12-20,2027,78.0
2023-12-21,2027,78.0
2023-12-22,2027,76.5
2023-12-26,2027,76.5
2023-12-27,2027,76.5
2023-12-28,2027,76.5
2023-12-29,2027,76.5
2024-01-02,2027,76.5
2024-01-03,2027,76.5
2024-01-04,2027,76.5
2024-01-05,2027,76.5
2024-01-08,2027,75.0
2024-01-09,2027,75.0
2024-01-10,2027,75.0
2024-01-11,2027,76.5
2024-01-12,2027,76.5
2024-01-15,2027,76.5
2024-01-16,2027,79.0
2024-01-17,2027,79.0
2024-01-18,2027,78.0
2024-01-19,2027,79.0
2024-01-22,2027,80.0
2024-01-23,2027,80.0
2024-01-24,2027,80.0
2024-01-25,2027,80.0
2024-01-26,2027,80.0
2024-01-29,2027,80.0
2024-01-30,2027,80.0
2024-01-31,2027,80.0
2024-02-01,2027,80.0
2024-02-02,2027,80.0
2024-02-05,2027,80.0
2024-02-06,2027,80.0
2024-02-07,2027,80.0
2024-02-08,2027,80.0
2024-02-09,2027,80.0
2024-02-14,2027,80.0
2024-02-15,2027,80.0
2024-02-16,2027,80.0
2024-02-19,2027,80.0
2024-02-20,2027,80.0
2024-02-21,2027,80.0
2024-02-22,2027,80.0
2024-02-23,2027,80.0
2024-02-26,2027,80.0
2024-02-27,2027,80.0
2024-02-28,2027,80.0
2024-02-29,2027,80.0
2024-03-01,2027,80.0
2024-03-04,2027,77.5
2024-03-05,2027,77.5
2024-03-06,2027,77.5
2024-03-07,2027,77.5
2024-03-08,2027,77.5
2024-03-11,2027,80.0
2024-03-12,2027,80.0
2024-03-13,2027,80.0
2024-03-14,2027,80.0
2024-03-15,2027,76.5
2024-03-18,2027,76.5
2024-03-19,2027,76.5
2024-03-20,2027,76.5
2024-03-21,2027,78.0
2024-03-22,2027,78.0
2024-03-25,2027,78.0
2024-03-26,2027,78.0
2024-03-27,2027,78.0
2024-03-28,2027,79.0
2024-04-01,2027,78.0
2024-04-02,2027,78.0
2024-04-03,2027,78.0
2024-04-04,2027,78.0
2024-04-05,2027,78.0
2024-04-08,2027,79.0
2024-04-09,2027,79.0
2024-04-10,2027,79.0
2024-04-11,2027,80.0
2024-04-12,2027,79.0
2024-04-15,2027,79.0
2024-04-16,2027,79.0
2024-04-17,2027,79.0
2024-04-18,2027,79.0
2024-04-19,2027,78.0
2024-04-22,2027,78.0
2024-04-23,2027,78.0
2024-04-24,2027,78.0
2024-04-25,2027,78.0
2024-04-26,2027,78.0
2024-04-29,2027,78.0
2024-04-30,2027,78.0
2024-05-02,2027,79.0
2024-05-03,2027,79.0
2024-05-06,2027,80.0
2024-05-07,2027,80.0
2024-05-08,2027,80.0
2024-05-09,2027,80.0
2024-05-10,2027,80.0
2024-05-13,2027,79.0
2024-05-14,2027,79.0
2024-05-15,2027,78.0
2024-05-16,2027,78.0
2024-05-17,2027,78.0
2024-05-20,2027,78.0
2024-05-21,2027,78.0
2024-05-22,2027,78.0
2024-05-23,2027,78.0
2024-05-24,2027,78.0
2024-05-27,2027,78.0
2024-05-28,2027,78.0
2024-05-29,2027,78.0
2024-05-31,2027,78.0
2024-06-03,2027,79.0
2024-06-04,2027,79.0
2024-06-05,2027,79.0
2024-06-06,2027,78.0
2024-06-07,2027,78.0
2024-06-10,2027,78.0
2024-06-11,2027,78.0
2024-06-12,2027,79.0
2024-06-13,2027,80.0
2024-06-14,2027,80.0
2024-06-17,2027,80.0
2024-06-18,2027,80.0
2024-06-19,2027,79.0
2024-06-20,2027,79.0
2024-06-21,2027,79.0
2024-06-24,2027,79.0
2024-06-25,2027,79.0
2024-06-26,2027,79.0
2024-06-27,2027,79.0
2024-06-28,2027,80.0
2024-07-01,2027,80.0
2024-07-02,2027,80.0
2024-07-03,2027,80.0
2024-07-04,2027,80.0
2024-07-05,2027,80.0
2024-07-08,2027,80.0
2024-07-09,2027,80.0
2024-07-10,2027,80.0
2024-07-11,2027,80.0
2024-07-12,2027,80.0
2024-07-15,2027,80.0
2024-07-16,2027,80.0
2024-07-17,2027,80.0
2024-07-18,2027,80.0
2024-07-19,2027,80.0
2024-07-22,2027,80.0
2024-07-23,2027,80.0
2024-07-24,2027,80.0
2024-07-25,2027,80.0
2024-07-26,2027,80.0
2024-07-29,2027,80.0
2024-07-30,2027,80.0
2024-07-31,2027,80.0
2024-08-01,2027,80.0
2024-08-02,2027,80.0
2024-08-05,2027,80.0
2024-08-06,2027,80.0
2024-08-07,2027,80.0
2024-08-08,2027,80.0
2024-08-09,2027,80.0
2024-08-12,2027,80.0
2024-08-13,2027,80.0
2024-08-14,2027,80.0
2024-08-15,2027,80.0
2024-08-16,2027,80.0
2024-08-19,2027,80.0
2024-08-20,2027,80.0
2024-08-21,2027,80.0
2024-08-22,2027,80.0
2024-08-23,2027,80.0
2024-08-26,2027,80.0
2024-08-27,2027,80.0
2024-08-28,2027,80.0
2024-08-29,2027,80.0
2024-08-30,2027,80.0
2024-09-02,2027,80.0
2024-09-03,2027,80.0
2024-09-04,2027,80.0
2024-09-05,2027,80.0
2024-09-06,2027,80.0
2024-09-09,2027,80.0
2024-09-10,2027,80.0
2024-09-11,2027,80.0
2024-09-12,2027,80.0
2024-09-13,2027,80.0
2024-09-16,2027,80.0
2024-09-17,2027,80.0
2024-09-18,2027,80.0
2024-09-19,2027,80.0
2024-09-20,2027,80.0
2024-09-23,2027,80.0
2024-09-24,2027,80.0
2024-09-25,2027,80.0
2024-09-26,2027,80.0
2024-09-27,2027,80.0
2024-09-30,2027,80.0
2024-10-01,2027,80.0
2024-10-02,2027,80.0
2024-10-03,2027,80.0
2024-10-04,2027,80.0
2024-10-07,2027,80.0
2024-10-08,2027,80.0
2024-10-09,2027,80.0
2024-10-10,2027,80.0
2024-10-11,2027,80.0
2024-10-14,2027,78.4
2024-10-15,2027,78.4
2024-10-16,2027,78.4
2024-10-17,2027,78.4
2024-10-18,2027,78.4
2024-10-21,2027,78.95
2024-10-22,2027,78.95
2024-10-23,2027,78.95
2024-10-24,2027,78.95
2024-10-25,2027,78.95
2024-10-28,2027,79.5
2024-10-29,2027,79.5
2024-10-30,2027,79.5
2024-10-31,2027,79.5
2024-11-01,2027,79.6
2024-11-04,2027,79.6
2024-11-05,2027,79.6
2024-11-06,2027,79.6
2024-11-07,2027,79.6
2024-11-08,2027,79.8
2024-11-11,2027,79.6
2024-11-12,2027,79.6
2024-11-13,2027,79.6
2024-11-14,2027,79.8
2024-11-18,2027,80.0
2024-11-19,2027,80.0
2024-11-21,2027,80.0
2024-11-22,2027,79.8
2024-11-25,2027,79.8
2024-11-26,2027,79.8
2024-11-27,2027,79.8
2024-11-28,2027,79.8
2024-11-29,2027,79.8
2024-12-02,2027,80.0
2024-12-03,2027,80.0
2024-12-04,2027,80.0
2024-12-05,2027,80.0
2024-12-06,2027,79.0
2024-12-09,2027,77.7329
2024-12-10,2027,77.7329
2024-12-11,2027,77.7329
2024-12-12,2027,79.5
2024-12-13,2027,79.5
2024-12-16,2027,79.0
2024-12-17,2027,79.0
2024-12-18,2027,79.0
2024-12-19,2027,79.0
2024-12-20,2027,76.4657
2024-12-23,2027,76.6829
2024-12-24,2027,76.6829
2024-12-26,2027,76.6829
2024-12-27,2027,76.6829
2024-12-30,2027,76.6829
2024-12-31,2027,76.6829
2025-01-02,2027,76.6829
2025-01-03,2027,76.6829
2025-01-06,2027,78.45
2025-01-07,2027,78.45
2025-01-08,2027,78.45
2025-01-09,2027,78.45
2025-01-10,2027,80.0
2025-01-13,2027,80.0
2025-01-14,2027,80.0
2025-01-15,2027,80.0
2025-01-16,2027,80.0
2025-01-17,2027,80.0
2025-01-20,2027,80.0
2025-01-21,2027,80.0
2025-01-22,2027,80.0
2025-01-23,2027,80.0
2025-01-24,2027,80.0
2025-01-27,2027,80.0
2025-01-28,2027,80.0
2025-01-29,2027,80.0
2025-01-30,2027,80.0
2025-01-31,2027,80.0
2025-02-03,2027,80.0
2025-02-04,2027,80.0
2025-02-05,2027,80.0
2025-02-06,2027,80.0
2025-02-07,2027,80.0
2025-02-10,2027,80.0
2025-02-11,2027,80.0
2025-02-12,2027,80.0
2025-02-13,2027,80.0
2025-02-14,2027,80.0
2025-02-17,2027,80.0
2025-02-18,2027,80.0
2025-02-19,2027,80.0
2025-02-20,2027,80.0
2025-02-21,2027,80.0
2025-02-24,2027,80.0
2025-02-25,2027,80.0
2025-02-26,2027,80.0
2025-02-27,2027,80.0
2025-02-28,2027,80.0
2025-03-05,2027,80.0
2025-03-06,2027,80.0
2025-03-07,2027,80.0
2025-03-10,2027,80.0
2025-03-11,2027,80.0
2025-03-12,2027,80.0
2025-03-13,2027,80.0
2025-03-14,2027,80.0
2025-03-17,2027,80.0
2025-03-18,2027,80.0
2025-03-19,2027,80.0
2025-03-20,2027,80.0
2025-03-21,2027,80.0
2025-03-24,2027,80.0
2025-03-25,2027,80.0
2025-03-26,2027,80.0
2025-03-27,2027,80.0
2025-03-28,2027,80.0
2025-03-31,2027,80.0
2025-04-01,2027,80.0
2025-04-02,2027,80.0
2025-04-03,2027,80.0
2025-04-04,2027,80.0
2025-04-07,2027,80.0
2025-04-08,2027,80.0
2025-04-09,2027,80.0
2025-04-10,2027,80.0
2025-04-11,2027,80.0
2025-04-14,2027,80.0
2025-04-15,2027,80.0
2025-04-16,2027,80.0
2025-04-17,2027,80.0
2025-04-22,2027,80.0
2025-04-23,2027,80.0
2025-04-24,2027,80.0
2025-04-25,2027,80.0
2025-04-28,2027,80.0
2025-04-29,2027,78.45
2025-04-30,2027,78.45
2025-05-02,2027,76.9
2025-05-05,2027,80.0
2025-05-06,2027,80.0
2025-05-07,2027,80.0
2025-05-08,2027,80.0
2025-05-09,2027,80.0
2025-05-12,2027,80.0
2025-05-13,2027,80.0
2025-05-14,2027,80.0
2025-05-15,2027,80.0
2025-05-16,2027,80.0
2025-05-19,2027,80.0
2025-05-20,2027,80.0
2025-05-21,2027,80.0
2025-05-22,2027,76.9
2025-05-23,2027,78.45
2025-05-26,2027,76.95
2025-05-27,2027,75.95
2025-05-28,2027,75.95
2025-05-29,2027,75.95
2025-05-30,2027,75.95
2025-06-02,2027,76.95
2025-06-03,2027,76.95
2025-06-04,2027,76.95
2025-06-05,2027,76.95
2025-06-06,2027,77.0
2025-06-09,2027,77.0
2025-06-10,2027,77.0
2025-06-11,2027,77.0
2025-06-12,2027,77.0
2025-06-13,2027,76.9
2025-06-16,2027,75.0
2025-06-17,2027,75.0
2025-06-18,2027,75.0
2025-06-20,2027,75.0
2025-06-23,2027,75.0
2025-06-24,2027,75.0
2025-06-25,2027,75.0
2025-06-26,2027,75.0
2025-06-27,2027,75.0
2025-06-30,2027,75.0
2025-07-01,2027,75.0
2025-07-02,2027,75.0
2025-07-03,2027,75.0
2025-07-04,2027,75.0
2025-07-07,2027,73.5
2025-07-08,2027,73.5
2025-07-09,2027,73.5
2025-07-10,2027,73.5
2025-07-11,2027,73.5
2025-07-14,2027,73.5
2025-07-15,2027,73.5
2025-07-16,2027,72.0
2025-07-17,2027,72.0
2025-07-18,2027,72.75
2025-07-21,2027,73.5
2025-07-22,2027,73.5
2025-07-23,2027,73.5
2025-07-24,2027,73.0
2025-07-25,2027,73.0
2025-07-28,2027,73.0
2025-07-29,2027,73.0
2025-07-30,2027,73.0
2025-07-31,2027,73.0
2025-08-01,2027,73.0
2025-08-04,2027,72.5
2025-08-05,2027,72.5
2025-08-06,2027,72.5
2025-08-07,2027,72.0
2025-08-08,2027,72.0
2025-08-11,2027,72.0
2025-08-12,2027,72.0
2025-08-13,2027,72.0
2025-08-14,2027,72.0
2025-08-15,2027,72.0
2025-08-18,2027,72.0
2025-08-19,2027,72.0
2025-08-20,2027,72.0
2025-08-21,2027,71.65
2025-08-22,2027,71.65
2025-08-25,2027,73.5
2025-08-26,2027,73.5
2025-08-27,2027,73.5
2025-08-28,2027,73.5
2025-08-29,2027,73.5
2025-09-01,2027,73.5
2025-09-02,2027,73.5
2025-09-03,2027,73.5
2025-09-04,2027,75.0
2025-09-05,2027,72.75
2025-09-08,2027,72.0
2025-09-09,2027,72.0
2025-09-10,2027,72.0
2025-09-11,2027,72.0
2025-09-12,2027,71.6
2025-09-15,2027,71.6
2025-09-16,2027,71.6
2025-09-17,2027,71.6
2025-09-18,2027,71.6
2025-09-19,2027,71.4
2025-09-22,2027,71.4
2025-09-23,2027,71.4
2025-09-24,2027,71.4
2025-09-25,2027,71.4
2025-09-26,2027,71.4
2025-09-29,2027,71.4
2025-09-30,2027,71.2
2025-10-01,2027,71.2
2025-10-02,2027,71.2
2025-10-03,2027,71.2
2025-10-06,2027,71.2
2025-10-07,2027,71.2
2025-10-08,2027,71.2
2025-10-09,2027,71.3
2025-10-10,2027,71.3
2025-10-13,2027,71.0
2025-10-14,2027,71.0
2025-10-15,2027,71.0
2025-10-16,2027,71.0
2025-10-17,2027,71.0
2025-10-20,2027,71.65
2025-10-21,2027,71.65
2025-10-22,2027,71.65
2025-10-23,2027,71.65
2025-10-24,2027,71.2
2025-10-27,2027,71.4
2025-10-28,2027,71.4
2025-10-29,2027,71.4
2025-10-30,2027,71.4
2025-10-31,2027,71.4
2025-11-03,2027,71.4
2025-11-04,2027,71.4
2025-11-05,2027,71.4
2025-11-06,2027,71.4
2025-11-07,2027,71.4
2025-11-10,2027,71.4
2025-11-11,2027,71.4
2025-11-12,2027,71.7
2025-11-13,2027,71.7
2025-11-14,2027,72.0
2025-11-17,2027,71.7
2025-11-18,2027,71.7
2025-11-19,2027,71.7
2025-11-21,2027,73.7
2025-11-24,2027,74.35
2025-11-25,2027,73.7
2025-11-26,2027,73.7
2025-11-27,2027,72.85
2025-11-28,2027,73.5
2025-12-01,2027,75.0
2025-12-02,2027,75.0
2025-12-03,2027,75.0
2025-12-04,2027,75.0
2025-12-05,2027,75.0
2025-12-08,2027,75.0
2025-12-09,2027,75.0
2025-12-10,2027,75.0
2025-12-11,2027,75.0
2025-12-12,2027,75.0
2025-12-15,2027,75.0
2025-12-16,2027,75.0
2025-12-17,2027,75.0
2025-12-18,2027,75.0
2025-12-19,2027,76.6815
2025-12-22,2027,76.6815
2025-12-23,2027,76.6815
2025-12-24,2027,76.6815
2025-12-26,2027,77.9315
2025-12-29,2027,77.9315
2025-12-30,2027,77.9315
2025-12-31,2027,77.9315
2026-01-02,2027,77.9315
2026-01-05,2027,78.55
2026-01-06,2027,78.5
2026-01-07,2027,78.5
2026-01-08,2027,78.5
2026-01-09,2027,78.55
2026-01-12,2027,78.5
2026-01-13,2027,78.5
2026-01-14,2027,78.55
2026-01-15,2027,78.6
2026-01-16,2027,78.6
2026-01-19,2027,78.5
2026-01-20,2027,78.5
2026-01-21,2027,78.5
2026-01-22,2027,78.5
2026-01-23,2027,78.5001
2026-01-26,2027,78.5001
2026-01-27,2027,78.5001
2026-01-28,2027,78.5001
2026-01-29,2027,78.5
2026-01-30,2027,78.5
2026-02-02,2027,78.15
2026-02-03,2027,78.5
2026-02-04,2027,78.5
2026-02-05,2027,78.5
2026-02-06,2027,78.5
2026-02-09,2027,78.5
2026-02-10,2027,78.5
2026-02-11,2027,78.5
2026-02-12,2027,78.5
2026-02-13,2027,78.5
2026-02-18,2027,78.5
2026-02-19,2027,78.5
2026-02-20,2027,78.5
2026-02-23,2027,78.5
2026-02-24,2027,78.5
2026-02-25,2027,78.5
2026-02-26,2027,78.5
2026-02-27,2027,78.15
2026-03-02,2027,78.15
2026-03-03,2027,78.15
2026-03-04,2027,78.15
2026-03-05,2027,78.15
2026-03-06,2027,78.5
2026-03-09,2027,78.5
2026-03-10,2027,78.5
2026-03-11,2027,78.5
2026-03-12,2027,78.5
2026-03-13,2027,78.5
2026-03-16,2027,78.5
2026-03-17,2027,78.5
2026-03-18,2027,78.5
2026-03-19,2027,78.5
2026-03-20,2027,78.5
2026-03-23,2027,78.5
2026-03-24,2027,78.5
2026-03-25,2027,78.5
2026-03-26,2027,78.5
2026-03-27,2027,78.5
2026-03-30,2027,78.5
2026-03-31,2027,78.5
2026-04-01,2027,78.5
2026-04-02,2027,78.5
2026-04-06,2027,78.5
2026-04-07,2027,78.5
2026-04-08,2027,78.5
2026-04-09,2027,78.5
2026-04-10,2027,78.5
2026-04-13,2027,78.75
2026-04-14,2027,78.75
2026-04-15,2027,78.75
2026-04-16,2027,78.75
2026-04-17,2027,78.0
2026-04-20,2027,77.363
2026-04-22,2027,77.363
2026-04-23,2027,75.5
2026-04-24,2027,76.4315
2026-04-27,2027,77.5815
2026-04-28,2027,77.5815
2026-04-29,2027,77.5815
2026-04-30,2027,77.5815
2026-05-04,2027,77.363
2026-05-05,2027,77.363
2026-05-06,2027,77.363
2026-05-07,2027,77.8
2026-05-08,2027,77.8
2026-05-11,2027,77.8
2026-05-12,2027,77.5815
2026-05-13,2027,77.5815
2026-05-14,2027,77.8
2026-05-15,2027,77.8
2024-02-05,2028,80.0
2024-02-06,2028,80.0
2024-02-07,2028,80.0
2024-02-08,2028,80.0
2024-02-09,2028,80.0
2024-02-14,2028,80.0
2024-02-15,2028,80.0
2024-02-16,2028,80.0
2024-02-19,2028,80.0
2024-02-20,2028,80.0
2024-02-21,2028,80.0
2024-02-22,2028,80.0
2024-02-23,2028,80.0
2024-02-26,2028,80.0
2024-02-27,2028,80.0
2024-02-28,2028,80.0
2024-02-29,2028,80.0
2024-03-01,2028,80.0
2024-03-04,2028,80.0
2024-03-05,2028,80.0
2024-03-06,2028,80.0
2024-03-07,2028,80.0
2024-03-08,2028,80.0
2024-03-11,2028,80.0
2024-03-12,2028,80.0
2024-03-13,2028,80.0
2024-03-14,2028,80.0
2024-03-15,2028,80.0
2024-03-18,2028,80.0
2024-03-19,2028,80.0
2024-03-20,2028,80.0
2024-03-21,2028,80.0
2024-03-22,2028,80.0
2024-03-25,2028,80.0
2024-03-26,2028,80.0
2024-03-27,2028,80.0
2024-03-28,2028,80.0
2024-04-01,2028,80.0
2024-04-02,2028,80.0
2024-04-03,2028,80.0
2024-04-04,2028,80.0
2024-04-05,2028,80.0
2024-04-08,2028,80.0
2024-04-09,2028,80.0
2024-04-10,2028,80.0
2024-04-11,2028,80.0
2024-04-12,2028,80.0
2024-04-15,2028,80.0
2024-04-16,2028,80.0
2024-04-17,2028,80.0
2024-04-18,2028,80.0
2024-04-19,2028,80.0
2024-04-22,2028,80.0
2024-04-23,2028,80.0
2024-04-24,2028,80.0
2024-04-25,2028,80.0
2024-04-26,2028,80.0
2024-04-29,2028,80.0
2024-04-30,2028,80.0
2024-05-02,2028,80.0
2024-05-03,2028,80.0
2024-05-06,2028,80.0
2024-05-07,2028,80.0
2024-05-08,2028,80.0
2024-05-09,2028,80.0
2024-05-10,2028,80.0
2024-05-13,2028,80.0
2024-05-14,2028,80.0
2024-05-15,2028,80.0
2024-05-16,2028,80.0
2024-05-17,2028,80.0
2024-05-20,2028,80.0
2024-05-21,2028,80.0
2024-05-22,2028,80.0
2024-05-23,2028,80.0
2024-05-24,2028,80.0
2024-05-27,2028,80.0
2024-05-28,2028,80.0
2024-05-29,2028,80.0
2024-05-31,2028,80.0
2024-06-03,2028,80.0
2024-06-04,2028,80.0
2024-06-05,2028,80.0
2024-06-06,2028,80.0
2024-06-07,2028,80.0
2024-06-10,2028,80.0
2024-06-11,2028,80.0
2024-06-12,2028,80.0
2024-06-13,2028,80.0
2024-06-14,2028,80.0
2024-06-17,2028,80.0
2024-06-18,2028,80.0
2024-06-19,2028,80.0
2024-06-20,2028,80.0
2024-06-21,2028,80.0
2024-06-24,2028,80.0
2024-06-25,2028,80.0
2024-06-26,2028,80.0
2024-06-27,2028,80.0
2024-06-28,2028,80.0
2024-07-01,2028,80.0
2024-07-02,2028,80.0
2024-07-03,2028,80.0
2024-07-04,2028,80.0
2024-07-05,2028,80.0
2024-07-08,2028,80.0
2024-07-09,2028,80.0
2024-07-10,2028,80.0
2024-07-11,2028,80.0
2024-07-12,2028,80.0
2024-07-15,2028,80.0
2024-07-16,2028,80.0
2024-07-17,2028,80.0
2024-07-18,2028,80.0
2024-07-19,2028,80.0
2024-07-22,2028,80.0
2024-07-23,2028,80.0
2024-07-24,2028,80.0
2024-07-25,2028,80.0
2024-07-26,2028,80.0
2024-07-29,2028,80.0
2024-07-30,2028,80.0
2024-07-31,2028,80.0
2024-08-01,2028,80.0
2024-08-02,2028,80.0
2024-08-05,2028,80.0
2024-08-06,2028,80.0
2024-08-07,2028,80.0
2024-08-08,2028,80.0
2024-08-09,2028,80.0
2024-08-12,2028,80.0
2024-08-13,2028,80.0
2024-08-14,2028,80.0
2024-08-15,2028,80.0
2024-08-16,2028,80.0
2024-08-19,2028,80.0
2024-08-20,2028,80.0
2024-08-21,2028,80.0
2024-08-22,2028,80.0
2024-08-23,2028,80.0
2024-08-26,2028,80.0
2024-08-27,2028,80.0
2024-08-28,2028,80.0
2024-08-29,2028,80.0
2024-08-30,2028,80.0
2024-09-02,2028,80.0
2024-09-03,2028,80.0
2024-09-04,2028,80.0
2024-09-05,2028,80.0
2024-09-06,2028,80.0
2024-09-09,2028,80.0
2024-09-10,2028,80.0
2024-09-11,2028,80.0
2024-09-12,2028,80.0
2024-09-13,2028,80.0
2024-09-16,2028,80.0
2024-09-17,2028,80.0
2024-09-18,2028,80.0
2024-09-19,2028,80.0
2024-09-20,2028,80.0
2024-09-23,2028,80.0
2024-09-24,2028,80.0
2024-09-25,2028,80.0
2024-09-26,2028,80.0
2024-09-27,2028,80.0
2024-09-30,2028,80.0
2024-10-01,2028,80.0
2024-10-02,2028,80.0
2024-10-03,2028,80.0
2024-10-04,2028,80.0
2024-10-07,2028,80.0
2024-10-08,2028,80.0
2024-10-09,2028,80.0
2024-10-10,2028,80.0
2024-10-11,2028,80.0
2024-10-14,2028,80.0
2024-10-15,2028,80.0
2024-10-16,2028,80.0
2024-10-17,2028,80.0
2024-10-18,2028,80.0
2024-10-21,2028,80.0
2024-10-22,2028,80.0
2024-10-23,2028,80.0
2024-10-24,2028,80.0
2024-10-25,2028,80.0
2024-10-28,2028,80.0
2024-10-29,2028,80.0
2024-10-30,2028,80.0
2024-10-31,2028,80.0
2024-11-01,2028,80.0
2024-11-04,2028,80.0
2024-11-05,2028,80.0
2024-11-06,2028,80.0
2024-11-07,2028,80.0
2024-11-08,2028,80.0
2024-11-11,2028,80.0
2024-11-12,2028,80.0
2024-11-13,2028,80.0
2024-11-14,2028,80.0
2024-11-18,2028,80.0
2024-11-19,2028,80.0
2024-11-21,2028,80.0
2024-11-22,2028,80.0
2024-11-25,2028,80.0
2024-11-26,2028,80.0
2024-11-27,2028,80.0
2024-11-28,2028,80.0
2024-11-29,2028,80.0
2024-12-02,2028,80.0
2024-12-03,2028,80.0
2024-12-04,2028,80.0
2024-12-05,2028,80.0
2024-12-06,2028,80.0
2024-12-09,2028,80.0
2024-12-10,2028,80.0
2024-12-11,2028,80.0
2024-12-12,2028,80.0
2024-12-13,2028,80.0
2024-12-16,2028,80.0
2024-12-17,2028,80.0
2024-12-18,2028,80.0
2024-12-19,2028,80.0
2024-12-20,2028,80.0
2024-12-23,2028,80.0
2024-12-24,2028,80.0
2024-12-26,2028,80.0
2024-12-27,2028,80.0
2024-12-30,2028,80.0
2024-12-31,2028,80.0
2025-01-02,2028,80.0
2025-01-03,2028,80.0
2025-01-06,2028,80.0
2025-01-07,2028,80.0
2025-01-08,2028,80.0
2025-01-09,2028,80.0
2025-01-10,2028,80.0
2025-01-13,2028,80.0
2025-01-14,2028,80.0
2025-01-15,2028,80.0
2025-01-16,2028,80.0
2025-01-17,2028,80.0
2025-01-20,2028,80.0
2025-01-21,2028,80.0
2025-01-22,2028,80.0
2025-01-23,2028,80.0
2025-01-24,2028,80.0
2025-01-27,2028,80.0
2025-01-28,2028,80.0
2025-01-29,2028,80.0
2025-01-30,2028,80.0
2025-01-31,2028,80.0
2025-02-03,2028,80.0
2025-02-04,2028,80.0
2025-02-05,2028,80.0
2025-02-06,2028,80.0
2025-02-07,2028,80.0
2025-02-10,2028,80.0
2025-02-11,2028,80.0
2025-02-12,2028,80.0
2025-02-13,2028,80.0
2025-02-14,2028,80.0
2025-02-17,2028,80.0
2025-02-18,2028,80.0
2025-02-19,2028,80.0
2025-02-20,2028,80.0
2025-02-21,2028,80.0
2025-02-24,2028,80.0
2025-02-25,2028,80.0
2025-02-26,2028,80.0
2025-02-27,2028,80.0
2025-02-28,2028,80.0
2025-03-05,2028,80.0
2025-03-06,2028,80.0
2025-03-07,2028,80.0
2025-03-10,2028,80.0
2025-03-11,2028,80.0
2025-03-12,2028,80.0
2025-03-13,2028,80.0
2025-03-14,2028,80.0
2025-03-17,2028,80.0
2025-03-18,2028,80.0
2025-03-19,2028,80.0
2025-03-20,2028,80.0
2025-03-21,2028,80.0
2025-03-24,2028,80.0
2025-03-25,2028,80.0
2025-03-26,2028,80.0
2025-03-27,2028,80.0
2025-03-28,2028,80.0
2025-03-31,2028,80.0
2025-04-01,2028,80.0
2025-04-02,2028,80.0
2025-04-03,2028,80.0
2025-04-04,2028,80.0
2025-04-07,2028,80.0
2025-04-08,2028,80.0
2025-04-09,2028,80.0
2025-04-10,2028,80.0
2025-04-11,2028,80.0
2025-04-14,2028,78.9
2025-04-15,2028,78.9
2025-04-16,2028,80.0
2025-04-17,2028,80.0
2025-04-22,2028,80.0
2025-04-23,2028,80.0
2025-04-24,2028,80.0
2025-04-25,2028,80.0
2025-04-28,2028,78.9
2025-04-29,2028,77.8
2025-04-30,2028,77.8
2025-05-02,2028,76.4
2025-05-05,2028,78.9
2025-05-06,2028,78.9
2025-05-07,2028,78.9
2025-05-08,2028,78.9
2025-05-09,2028,78.9
2025-05-12,2028,80.0
2025-05-13,2028,78.9
2025-05-14,2028,78.9
2025-05-15,2028,80.0
2025-05-16,2028,80.0
2025-05-19,2028,78.9
2025-05-20,2028,78.9
2025-05-21,2028,78.9
2025-05-22,2028,76.9
2025-05-23,2028,77.8
2025-05-26,2028,77.8
2025-05-27,2028,76.0
2025-05-28,2028,76.0
2025-05-29,2028,76.0
2025-05-30,2028,76.0
2025-06-02,2028,77.8
2025-06-03,2028,77.8
2025-06-04,2028,77.8
2025-06-05,2028,77.8
2025-06-06,2028,77.8
2025-06-09,2028,77.8
2025-06-10,2028,77.8
2025-06-11,2028,77.8
2025-06-12,2028,77.8
2025-06-13,2028,75.0
2025-06-16,2028,75.0
2025-06-17,2028,75.0
2025-06-18,2028,75.0
2025-06-20,2028,75.0
2025-06-23,2028,75.0
2025-06-24,2028,75.0
2025-06-25,2028,75.0
2025-06-26,2028,75.0
2025-06-27,2028,75.0
2025-06-30,2028,75.0
2025-07-01,2028,75.0
2025-07-02,2028,75.0
2025-07-03,2028,75.0
2025-07-04,2028,75.0
2025-07-07,2028,75.0
2025-07-08,2028,75.0
2025-07-09,2028,75.0
2025-07-10,2028,75.0
2025-07-11,2028,75.0
2025-07-14,2028,75.0
2025-07-15,2028,75.0
2025-07-16,2028,75.0
2025-07-17,2028,75.0
2025-07-18,2028,75.0
2025-07-21,2028,75.0
2025-07-22,2028,75.0
2025-07-23,2028,75.0
2025-07-24,2028,75.0
2025-07-25,2028,75.0
2025-07-28,2028,75.0
2025-07-29,2028,75.0
2025-07-30,2028,75.0
2025-07-31,2028,75.0
2025-08-01,2028,75.0
2025-08-04,2028,75.0
2025-08-05,2028,75.0
2025-08-06,2028,75.0
2025-08-07,2028,74.5
2025-08-08,2028,74.5
2025-08-11,2028,74.5
2025-08-12,2028,74.5
2025-08-13,2028,74.5
2025-08-14,2028,74.5
2025-08-15,2028,74.5
2025-08-18,2028,74.5
2025-08-19,2028,74.5
2025-08-20,2028,74.5
2025-08-21,2028,74.0
2025-08-22,2028,74.5
2025-08-25,2028,75.0
2025-08-26,2028,75.0
2025-08-27,2028,75.0
2025-08-28,2028,75.0
2025-08-29,2028,75.0
2025-09-01,2028,75.0
2025-09-02,2028,75.0
2025-09-03,2028,75.0
2025-09-04,2028,75.0
2025-09-05,2028,75.0
2025-09-08,2028,75.0
2025-09-09,2028,75.0
2025-09-10,2028,75.0
2025-09-11,2028,75.0
2025-09-12,2028,75.0
2025-09-15,2028,75.0
2025-09-16,2028,75.0
2025-09-17,2028,75.0
2025-09-18,2028,75.0
2025-09-19,2028,75.0
2025-09-22,2028,75.0
2025-09-23,2028,75.0
2025-09-24,2028,75.0
2025-09-25,2028,75.0
2025-09-26,2028,75.0
2025-09-29,2028,75.0
2025-09-30,2028,75.0
2025-10-01,2028,75.0
2025-10-02,2028,75.0
2025-10-03,2028,75.0
2025-10-06,2028,75.0
2025-10-07,2028,75.0
2025-10-08,2028,75.0
2025-10-09,2028,75.0
2025-10-10,2028,75.0
2025-10-13,2028,75.0
2025-10-14,2028,75.0
2025-10-15,2028,75.0
2025-10-16,2028,75.0
2025-10-17,2028,75.0
2025-10-20,2028,75.0
2025-10-21,2028,75.0
2025-10-22,2028,75.0
2025-10-23,2028,75.0
2025-10-24,2028,75.0
2025-10-27,2028,75.0
2025-10-28,2028,75.0
2025-10-29,2028,75.0
2025-10-30,2028,75.0
2025-10-31,2028,75.0
2025-11-03,2028,75.0
2025-11-04,2028,75.0
2025-11-05,2028,75.0
2025-11-06,2028,75.0
2025-11-07,2028,75.0
2025-11-10,2028,75.0
2025-11-11,2028,75.0
2025-11-12,2028,75.0
2025-11-13,2028,75.0
2025-11-14,2028,75.0
2025-11-17,2028,75.0
2025-11-18,2028,75.0
2025-11-19,2028,75.0
2025-11-21,2028,75.0
2025-11-24,2028,75.0
2025-11-25,2028,75.0
2025-11-26,2028,75.0
2025-11-27,2028,75.0
2025-11-28,2028,75.0
2025-12-01,2028,75.0
2025-12-02,2028,75.0
2025-12-03,2028,75.0
2025-12-04,2028,75.0
2025-12-05,2028,75.0
2025-12-08,2028,75.0
2025-12-09,2028,75.0
2025-12-10,2028,75.0
2025-12-11,2028,75.0
2025-12-12,2028,75.0
2025-12-15,2028,75.0
2025-12-16,2028,75.0
2025-12-17,2028,75.0
2025-12-18,2028,75.0
2025-12-19,2028,78.7
2025-12-22,2028,78.7
2025-12-23,2028,78.7
2025-12-24,2028,78.7
2025-12-26,2028,79.0
2025-12-29,2028,79.0
2025-12-30,2028,79.0
2025-12-31,2028,79.0
2026-01-02,2028,79.0
2026-01-05,2028,80.0
2026-01-06,2028,79.5
2026-01-07,2028,79.5
2026-01-08,2028,79.5
2026-01-09,2028,80.0
2026-01-12,2028,79.5
2026-01-13,2028,79.5
2026-01-14,2028,79.5
2026-01-15,2028,80.0
2026-01-16,2028,80.0
2026-01-19,2028,80.0
2026-01-20,2028,80.0
2026-01-21,2028,80.0
2026-01-22,2028,80.0
2026-01-23,2028,80.0
2026-01-26,2028,80.0
2026-01-27,2028,80.0
2026-01-28,2028,80.0
2026-01-29,2028,79.5001
2026-01-30,2028,79.0001
2026-02-02,2028,79.0001
2026-02-03,2028,79.5001
2026-02-04,2028,79.5001
2026-02-05,2028,79.5001
2026-02-06,2028,80.0
2026-02-09,2028,80.0
2026-02-10,2028,80.0
2026-02-11,2028,80.0
2026-02-12,2028,80.0
2026-02-13,2028,80.0
2026-02-18,2028,80.0
2026-02-19,2028,80.0
2026-02-20,2028,80.0
2026-02-23,2028,80.0
2026-02-24,2028,80.0
2026-02-25,2028,80.0
2026-02-26,2028,80.0
2026-02-27,2028,80.0
2026-03-02,2028,80.0
2026-03-03,2028,80.0
2026-03-04,2028,80.0
2026-03-05,2028,80.0
2026-03-06,2028,80.0
2026-03-09,2028,80.0
2026-03-10,2028,80.0
2026-03-11,2028,80.0
2026-03-12,2028,80.0
2026-03-13,2028,80.0
2026-03-16,2028,80.0
2026-03-17,2028,80.0
2026-03-18,2028,80.0
2026-03-19,2028,80.0
2026-03-20,2028,80.0
2026-03-23,2028,80.0
2026-03-24,2028,80.0
2026-03-25,2028,80.0
2026-03-26,2028,80.0
2026-03-27,2028,80.0
2026-03-30,2028,80.0
2026-03-31,2028,80.0
2026-04-01,2028,80.0
2026-04-02,2028,80.0
2026-04-06,2028,80.0
2026-04-07,2028,80.0
2026-04-08,2028,80.0
2026-04-09,2028,80.0
2026-04-10,2028,80.0
2026-04-13,2028,80.0
2026-04-14,2028,80.0
2026-04-15,2028,80.0
2026-04-16,2028,80.0
2026-04-17,2028,80.0
2026-04-20,2028,80.0
2026-04-22,2028,80.0
2026-04-23,2028,80.0
2026-04-24,2028,80.0
2026-04-27,2028,80.0
2026-04-28,2028,80.0
2026-04-29,2028,80.0
2026-04-30,2028,80.0
2026-05-04,2028,80.0
2026-05-05,2028,80.0
2026-05-06,2028,80.0
2026-05-07,2028,80.0
2026-05-08,2028,80.0
2026-05-11,2028,80.0
2026-05-12,2028,80.0
2026-05-13,2028,80.0
2026-05-14,2028,80.0
2026-05-15,2028,80.0
2025-01-24,2029,79.0
2025-01-27,2029,79.0
2025-01-28,2029,79.0
2025-01-29,2029,79.0
2025-01-30,2029,80.0
2025-01-31,2029,80.0
2025-02-03,2029,78.0
2025-02-04,2029,79.0
2025-02-05,2029,79.0
2025-02-06,2029,79.0
2025-02-07,2029,78.0
2025-02-10,2029,78.0
2025-02-11,2029,80.0
2025-02-12,2029,80.0
2025-02-13,2029,80.0
2025-02-14,2029,80.0
2025-02-17,2029,80.0
2025-02-18,2029,80.0
2025-02-19,2029,80.0
2025-02-20,2029,80.0
2025-02-21,2029,80.0
2025-02-24,2029,80.0
2025-02-25,2029,80.0
2025-02-26,2029,80.0
2025-02-27,2029,80.0
2025-02-28,2029,80.0
2025-03-05,2029,80.0
2025-03-06,2029,80.0
2025-03-07,2029,80.0
2025-03-10,2029,80.0
2025-03-11,2029,80.0
2025-03-12,2029,80.0
2025-03-13,2029,80.0
2025-03-14,2029,80.0
2025-03-17,2029,80.0
2025-03-18,2029,80.0
2025-03-19,2029,80.0
2025-03-20,2029,80.0
2025-03-21,2029,80.0
2025-03-24,2029,80.0
2025-03-25,2029,80.0
2025-03-26,2029,80.0
2025-03-27,2029,80.0
2025-03-28,2029,80.0
2025-03-31,2029,80.0
2025-04-01,2029,80.0
2025-04-02,2029,80.0
2025-04-03,2029,80.0
2025-04-04,2029,80.0
2025-04-07,2029,80.0
2025-04-08,2029,80.0
2025-04-09,2029,80.0
2025-04-10,2029,80.0
2025-04-11,2029,80.0
2025-04-14,2029,79.0
2025-04-15,2029,79.0
2025-04-16,2029,80.0
2025-04-17,2029,80.0
2025-04-22,2029,80.0
2025-04-23,2029,80.0
2025-04-24,2029,80.0
2025-04-25,2029,80.0
2025-04-28,2029,79.0
2025-04-29,2029,78.0
2025-04-30,2029,78.0
2025-05-02,2029,77.25
2025-05-05,2029,79.0
2025-05-06,2029,79.0
2025-05-07,2029,79.0
2025-05-08,2029,79.0
2025-05-09,2029,79.0
2025-05-12,2029,80.0
2025-05-13,2029,79.75
2025-05-14,2029,79.75
2025-05-15,2029,80.0
2025-05-16,2029,80.0
2025-05-19,2029,79.75
2025-05-20,2029,79.75
2025-05-21,2029,79.75
2025-05-22,2029,78.75
2025-05-23,2029,79.5
2025-05-26,2029,79.5
2025-05-27,2029,79.5
2025-05-28,2029,79.5
2025-05-29,2029,79.5
2025-05-30,2029,79.5
2025-06-02,2029,80.0
2025-06-03,2029,80.0
2025-06-04,2029,80.0
2025-06-05,2029,80.0
2025-06-06,2029,80.0
2025-06-09,2029,80.0
2025-06-10,2029,80.0
2025-06-11,2029,80.0
2025-06-12,2029,80.0
2025-06-13,2029,78.0
2025-06-16,2029,75.0
2025-06-17,2029,75.0
2025-06-18,2029,75.0
2025-06-20,2029,75.0
2025-06-23,2029,75.0
2025-06-24,2029,75.0
2025-06-25,2029,75.0
2025-06-26,2029,75.0
2025-06-27,2029,75.0
2025-06-30,2029,75.0
2025-07-01,2029,75.0
2025-07-02,2029,75.0
2025-07-03,2029,75.0
2025-07-04,2029,75.0
2025-07-07,2029,75.0
2025-07-08,2029,75.0
2025-07-09,2029,75.0
2025-07-10,2029,75.0
2025-07-11,2029,75.0
2025-07-14,2029,75.0
2025-07-15,2029,75.0
2025-07-16,2029,75.0
2025-07-17,2029,75.0
2025-07-18,2029,75.0
2025-07-21,2029,75.0
2025-07-22,2029,75.0
2025-07-23,2029,75.0
2025-07-24,2029,75.0
2025-07-25,2029,75.0
2025-07-28,2029,75.0
2025-07-29,2029,75.0
2025-07-30,2029,75.0
2025-07-31,2029,75.0
2025-08-01,2029,75.0
2025-08-04,2029,75.0
2025-08-05,2029,75.0
2025-08-06,2029,75.0
2025-08-07,2029,75.0
2025-08-08,2029,75.0
2025-08-11,2029,75.0
2025-08-12,2029,75.0
2025-08-13,2029,75.0
2025-08-14,2029,75.0
2025-08-15,2029,75.0
2025-08-18,2029,75.0
2025-08-19,2029,75.0
2025-08-20,2029,75.0
2025-08-21,2029,75.0
2025-08-22,2029,75.0
2025-08-25,2029,75.5
2025-08-26,2029,75.5
2025-08-27,2029,75.5
2025-08-28,2029,75.5
2025-08-29,2029,75.5
2025-09-01,2029,75.5
2025-09-02,2029,75.5
2025-09-03,2029,75.5
2025-09-04,2029,76.0
2025-09-05,2029,75.5
2025-09-08,2029,75.5
2025-09-09,2029,75.5
2025-09-10,2029,75.5
2025-09-11,2029,75.5
2025-09-12,2029,76.5
2025-09-15,2029,76.5
2025-09-16,2029,76.5
2025-09-17,2029,76.5
2025-09-18,2029,76.5
2025-09-19,2029,76.5
2025-09-22,2029,76.5
2025-09-23,2029,76.5
2025-09-24,2029,76.5
2025-09-25,2029,76.5
2025-09-26,2029,76.5
2025-09-29,2029,76.5
2025-09-30,2029,75.75
2025-10-01,2029,75.75
2025-10-02,2029,75.0
2025-10-03,2029,75.0
2025-10-06,2029,75.0
2025-10-07,2029,75.0
2025-10-08,2029,75.0
2025-10-09,2029,76.5
2025-10-10,2029,76.5
2025-10-13,2029,76.5
2025-10-14,2029,76.5
2025-10-15,2029,76.5
2025-10-16,2029,76.5
2025-10-17,2029,76.5
2025-10-20,2029,79.0
2025-10-21,2029,79.0
2025-10-22,2029,79.0
2025-10-23,2029,78.0
2025-10-24,2029,75.75
2025-10-27,2029,76.5
2025-10-28,2029,76.5
2025-10-29,2029,76.5
2025-10-30,2029,76.5
2025-10-31,2029,77.25
2025-11-03,2029,77.25
2025-11-04,2029,77.25
2025-11-05,2029,77.25
2025-11-06,2029,77.25
2025-11-07,2029,77.25
2025-11-10,2029,77.25
2025-11-11,2029,77.25
2025-11-12,2029,78.0
2025-11-13,2029,78.0
2025-11-14,2029,78.0
2025-11-17,2029,76.5
2025-11-18,2029,76.5
2025-11-19,2029,76.5
2025-11-21,2029,76.5
2025-11-24,2029,78.25
2025-11-25,2029,76.5
2025-11-26,2029,76.5
2025-11-27,2029,75.8
2025-11-28,2029,76.3
2025-12-01,2029,76.5
2025-12-02,2029,76.5
2025-12-03,2029,76.5
2025-12-04,2029,78.25
2025-12-05,2029,78.25
2025-12-08,2029,78.25
2025-12-09,2029,78.25
2025-12-10,2029,78.25
2025-12-11,2029,76.5
2025-12-12,2029,77.7
2025-12-15,2029,78.85
2025-12-16,2029,78.85
2025-12-17,2029,78.85
2025-12-18,2029,78.85
2025-12-19,2029,80.0
2025-12-22,2029,80.0
2025-12-23,2029,80.0
2025-12-24,2029,80.0
2025-12-26,2029,80.0
2025-12-29,2029,80.0
2025-12-30,2029,80.0
2025-12-31,2029,80.0
2026-01-02,2029,80.0
2026-01-05,2029,80.0
2026-01-06,2029,80.0
2026-01-07,2029,80.0
2026-01-08,2029,80.0
2026-01-09,2029,80.0
2026-01-12,2029,80.0
2026-01-13,2029,80.0
2026-01-14,2029,80.0
2026-01-15,2029,80.0
2026-01-16,2029,80.0
2026-01-19,2029,80.0
2026-01-20,2029,80.0
2026-01-21,2029,80.0
2026-01-22,2029,80.0
2026-01-23,2029,80.0
2026-01-26,2029,80.0
2026-01-27,2029,80.0
2026-01-28,2029,80.0
2026-01-29,2029,80.0
2026-01-30,2029,79.55
2026-02-02,2029,79.1
2026-02-03,2029,80.0
2026-02-04,2029,80.0
2026-02-05,2029,80.0
2026-02-06,2029,80.0
2026-02-09,2029,80.0
2026-02-10,2029,80.0
2026-02-11,2029,80.0
2026-02-12,2029,80.0
2026-02-13,2029,80.0
2026-02-18,2029,80.0
2026-02-19,2029,80.0
2026-02-20,2029,80.0
2026-02-23,2029,80.0
2026-02-24,2029,80.0
2026-02-25,2029,80.0
2026-02-26,2029,80.0
2026-02-27,2029,80.0
2026-03-02,2029,80.0
2026-03-03,2029,80.0
2026-03-04,2029,80.0
2026-03-05,2029,80.0
2026-03-06,2029,80.0
2026-03-09,2029,80.0
2026-03-10,2029,80.0
2026-03-11,2029,80.0
2026-03-12,2029,80.0
2026-03-13,2029,80.0
2026-03-16,2029,80.0
2026-03-17,2029,80.0
2026-03-18,2029,80.0
2026-03-19,2029,80.0
2026-03-20,2029,80.0
2026-03-23,2029,80.0
2026-03-24,2029,80.0
2026-03-25,2029,80.0
2026-03-26,2029,80.0
2026-03-27,2029,80.0
2026-03-30,2029,80.0
2026-03-31,2029,80.0
2026-04-01,2029,80.0
2026-04-02,2029,80.0
2026-04-06,2029,80.0
2026-04-07,2029,80.0
2026-04-08,2029,80.0
2026-04-09,2029,80.0
2026-04-10,2029,80.0
2026-04-13,2029,80.0
2026-04-14,2029,80.0
2026-04-15,2029,80.0
2026-04-16,2029,80.0
2026-04-17,2029,80.0
2026-04-20,2029,80.0
2026-04-22,2029,80.0
2026-04-23,2029,79.0
2026-04-24,2029,79.0
2026-04-27,2029,79.5
2026-04-28,2029,79.5
2026-04-29,2029,79.5
2026-04-30,2029,79.5
2026-05-04,2029,79.5
2026-05-05,2029,79.5
2026-05-06,2029,79.5
2026-05-07,2029,80.0
2026-05-08,2029,80.0
2026-05-11,2029,80.0
2026-05-12,2029,79.5
2026-05-13,2029,79.5
2026-05-14,2029,80.0
2026-05-15,2029,80.0
2026-01-30,2030,75.0
2026-02-02,2030,78.8
2026-02-03,2030,78.8
2026-02-04,2030,78.8
2026-02-05,2030,78.8
2026-02-06,2030,80.0
2026-02-09,2030,79.4
2026-02-10,2030,80.0
2026-02-11,2030,80.0
2026-02-12,2030,80.0
2026-02-13,2030,80.0
2026-02-18,2030,80.0
2026-02-19,2030,80.0
2026-02-20,2030,80.0
2026-02-23,2030,80.0
2026-02-24,2030,80.0
2026-02-25,2030,80.0
2026-02-26,2030,80.0
2026-02-27,2030,80.0
2026-03-02,2030,80.0
2026-03-03,2030,80.0
2026-03-04,2030,80.0
2026-03-05,2030,80.0
2026-03-06,2030,80.0
2026-03-09,2030,80.0
2026-03-10,2030,80.0
2026-03-11,2030,80.0
2026-03-12,2030,80.0
2026-03-13,2030,79.4
2026-03-16,2030,80.0
2026-03-17,2030,80.0
2026-03-18,2030,80.0
2026-03-19,2030,80.0
2026-03-20,2030,79.7
2026-03-23,2030,79.7
2026-03-24,2030,79.7
2026-03-25,2030,79.7
2026-03-26,2030,79.7
2026-03-27,2030,80.0
2026-03-30,2030,80.0
2026-03-31,2030,80.0
2026-04-01,2030,80.0
2026-04-02,2030,80.0
2026-04-06,2030,80.0
2026-04-07,2030,80.0
2026-04-08,2030,80.0
2026-04-09,2030,80.0
2026-04-10,2030,80.0
2026-04-13,2030,80.0
2026-04-14,2030,80.0
2026-04-15,2030,80.0
2026-04-16,2030,80.0
2026-04-17,2030,79.7
2026-04-20,2030,80.0
2026-04-22,2030,80.0
2026-04-23,2030,80.0
2026-04-24,2030,80.0
2026-04-27,2030,80.0
2026-04-28,2030,80.0
2026-04-29,2030,80.0
2026-04-30,2030,80.0
2026-05-04,2030,80.0
2026-05-05,2030,80.0
2026-05-06,2030,80.0
2026-05-07,2030,80.0
2026-05-08,2030,80.0
2026-05-11,2030,80.0
2026-05-12,2030,80.0
2026-05-13,2030,80.0
2026-05-14,2030,80.0
2026-05-15,2030,80.0
