date,ref_year,median
2003-05-27,2003,16.01
2003-05-28,2003,15.0
2003-05-29,2003,15.0
2003-05-30,2003,15.38
2003-06-02,2003,15.38
2003-06-03,2003,15.38
2003-06-04,2003,15.38
2003-06-05,2003,15.58
2003-06-06,2003,15.4
2003-06-09,2003,15.4
2003-06-10,2003,15.4
2003-06-11,2003,15.2
2003-06-12,2003,15.2
2003-06-13,2003,15.2
2003-06-16,2003,15.2
2003-06-17,2003,15.2
2003-06-18,2003,15.2
2003-06-20,2003,15.05
2003-06-23,2003,15.05
2003-06-24,2003,15.0
2003-06-25,2003,15.0
2003-06-26,2003,15.0
2003-06-27,2003,14.7
2003-06-30,2003,14.6
2003-07-01,2003,14.7
2003-07-02,2003,14.7
2003-07-03,2003,14.7
2003-07-04,2003,14.85
2003-07-07,2003,14.6
2003-07-08,2003,14.5
2003-07-09,2003,14.5
2003-07-10,2003,14.6
2003-07-11,2003,14.6
2003-07-14,2003,14.5
2003-07-15,2003,14.0
2003-07-16,2003,14.1
2003-07-17,2003,14.04
2003-07-18,2003,14.07
2003-07-21,2003,14.07
2003-07-22,2003,14.07
2003-07-23,2003,13.9
2003-07-24,2003,13.9
2003-07-25,2003,13.9
2003-07-28,2003,13.9
2003-07-29,2003,13.84
2003-07-30,2003,13.84
2003-07-31,2003,13.84
2003-08-01,2003,13.84
2003-08-04,2003,13.77
2003-08-05,2003,13.77
2003-08-06,2003,13.77
2003-08-07,2003,13.77
2003-08-08,2003,13.6
2003-08-11,2003,13.5
2003-08-12,2003,13.5
2003-08-13,2003,13.5
2003-08-14,2003,13.5
2003-08-15,2003,13.52
2003-08-18,2003,13.52
2003-08-19,2003,13.55
2003-08-20,2003,13.58
2003-08-21,2003,13.53
2003-08-22,2003,13.3
2003-08-25,2003,13.13
2003-08-26,2003,13.13
2003-08-27,2003,13.13
2003-08-28,2003,13.13
2003-08-29,2003,13.0
2003-09-01,2003,13.13
2003-09-02,2003,13.13
2003-09-03,2003,13.13
2003-09-04,2003,13.13
2003-09-05,2003,13.28
2003-09-08,2003,13.33
2003-09-09,2003,13.33
2003-09-10,2003,13.33
2003-09-11,2003,13.33
2003-09-12,2003,13.5
2003-09-15,2003,13.5
2003-09-16,2003,13.55
2003-09-17,2003,13.55
2003-09-18,2003,13.6
2003-09-19,2003,13.7
2003-09-22,2003,13.75
2003-09-23,2003,13.75
2003-09-24,2003,13.75
2003-09-25,2003,13.75
2003-09-26,2003,13.8
2003-09-29,2003,13.9
2003-09-30,2003,13.9
2003-10-01,2003,13.9
2003-10-02,2003,13.93
2003-10-03,2003,13.9
2003-10-06,2003,13.9
2003-10-07,2003,13.8
2003-10-08,2003,13.8
2003-10-09,2003,13.67
2003-10-10,2003,13.67
2003-10-13,2003,13.75
2003-10-14,2003,13.75
2003-10-15,2003,13.75
2003-10-16,2003,13.75
2003-10-17,2003,13.8
2003-10-20,2003,13.8
2003-10-21,2003,13.8
2003-10-22,2003,13.6
2003-10-23,2003,13.6
2003-10-24,2003,13.6
2003-10-28,2003,13.75
2003-10-29,2003,13.75
2003-10-30,2003,13.85
2003-10-31,2003,13.85
2003-11-03,2003,13.85
2003-11-04,2003,13.85
2003-11-05,2003,13.85
2003-11-06,2003,13.7
2003-11-07,2003,13.6
2003-11-10,2003,13.6
2003-11-11,2003,13.6
2003-11-12,2003,13.6
2003-11-13,2003,13.53
2003-11-14,2003,13.56
2003-11-17,2003,13.44
2003-11-18,2003,13.5
2003-11-19,2003,13.5
2003-11-20,2003,13.49
2003-11-21,2003,13.47
2003-11-24,2003,13.34
2003-11-25,2003,13.34
2003-11-26,2003,13.15
2003-11-27,2003,13.0
2003-11-28,2003,13.0
2003-12-01,2003,13.0
2003-12-02,2003,13.0
2003-12-03,2003,13.0
2003-12-04,2003,13.0
2003-12-05,2003,13.0
2003-12-08,2003,13.0
2003-12-09,2003,13.0
2003-12-10,2003,13.0
2003-12-11,2003,13.0
2003-12-12,2003,13.0
2003-12-15,2003,13.0
2003-12-16,2003,13.0
2003-12-17,2003,13.0
2003-12-18,2003,13.0
2003-12-19,2003,13.0
2003-12-22,2003,13.02
2003-12-23,2003,13.04
2003-12-26,2003,13.02
2003-12-29,2003,13.04
2003-12-30,2003,13.04
2004-01-02,2003,13.02
2004-01-05,2003,13.04
2004-01-06,2003,13.04
2004-01-07,2003,13.04
2003-05-27,2004,8.0
2003-05-28,2004,8.0
2003-05-29,2004,8.0
2003-05-30,2004,8.0
2003-06-02,2004,8.0
2003-06-03,2004,8.15
2003-06-04,2004,8.15
2003-06-05,2004,9.0
2003-06-06,2004,9.0
2003-06-09,2004,9.0
2003-06-10,2004,9.0
2003-06-11,2004,9.0
2003-06-12,2004,9.03
2003-06-13,2004,9.0
2003-06-16,2004,9.0
2003-06-17,2004,9.0
2003-06-18,2004,9.0
2003-06-20,2004,9.0
2003-06-23,2004,9.0
2003-06-24,2004,9.0
2003-06-25,2004,9.0
2003-06-26,2004,9.0
2003-06-27,2004,9.05
2003-06-30,2004,9.11
2003-07-01,2004,9.08
2003-07-02,2004,9.08
2003-07-03,2004,9.08
2003-07-04,2004,9.16
2003-07-07,2004,9.16
2003-07-08,2004,9.08
2003-07-09,2004,9.08
2003-07-10,2004,9.0
2003-07-11,2004,9.0
2003-07-14,2004,9.0
2003-07-15,2004,9.0
2003-07-16,2004,8.3
2003-07-17,2004,8.3
2003-07-18,2004,8.65
2003-07-21,2004,8.65
2003-07-22,2004,8.23
2003-07-23,2004,8.08
2003-07-24,2004,8.08
2003-07-25,2004,8.0
2003-07-28,2004,8.0
2003-07-29,2004,7.95
2003-07-30,2004,7.95
2003-07-31,2004,8.0
2003-08-01,2004,8.0
2003-08-04,2004,8.0
2003-08-05,2004,8.0
2003-08-06,2004,8.0
2003-08-07,2004,8.0
2003-08-08,2004,8.0
2003-08-11,2004,7.95
2003-08-12,2004,7.95
2003-08-13,2004,8.0
2003-08-14,2004,8.0
2003-08-15,2004,8.0
2003-08-18,2004,8.0
2003-08-19,2004,8.0
2003-08-20,2004,8.0
2003-08-21,2004,8.0
2003-08-22,2004,8.0
2003-08-25,2004,8.0
2003-08-26,2004,8.0
2003-08-27,2004,8.0
2003-08-28,2004,8.0
2003-08-29,2004,8.0
2003-09-01,2004,8.0
2003-09-02,2004,8.0
2003-09-03,2004,8.0
2003-09-04,2004,8.0
2003-09-05,2004,8.0
2003-09-08,2004,8.0
2003-09-09,2004,8.0
2003-09-10,2004,8.0
2003-09-11,2004,8.0
2003-09-12,2004,8.0
2003-09-15,2004,8.0
2003-09-16,2004,8.0
2003-09-17,2004,8.0
2003-09-18,2004,8.0
2003-09-19,2004,8.0
2003-09-22,2004,8.0
2003-09-23,2004,8.0
2003-09-24,2004,8.0
2003-09-25,2004,8.0
2003-09-26,2004,8.0
2003-09-29,2004,8.0
2003-09-30,2004,8.0
2003-10-01,2004,8.0
2003-10-02,2004,8.0
2003-10-03,2004,8.0
2003-10-06,2004,8.0
2003-10-07,2004,8.0
2003-10-08,2004,8.0
2003-10-09,2004,8.0
2003-10-10,2004,8.0
2003-10-13,2004,8.0
2003-10-14,2004,8.0
2003-10-15,2004,8.0
2003-10-16,2004,8.0
2003-10-17,2004,8.0
2003-10-20,2004,8.0
2003-10-21,2004,8.0
2003-10-22,2004,8.0
2003-10-23,2004,8.0
2003-10-24,2004,8.0
2003-10-28,2004,8.0
2003-10-29,2004,8.0
2003-10-30,2004,8.0
2003-10-31,2004,8.0
2003-11-03,2004,8.0
2003-11-04,2004,8.0
2003-11-05,2004,8.0
2003-11-06,2004,8.0
2003-11-07,2004,8.0
2003-11-10,2004,8.0
2003-11-11,2004,8.0
2003-11-12,2004,8.0
2003-11-13,2004,8.0
2003-11-14,2004,8.0
2003-11-17,2004,8.0
2003-11-18,2004,8.0
2003-11-19,2004,8.0
2003-11-20,2004,7.9
2003-11-21,2004,7.8
2003-11-24,2004,7.7
2003-11-25,2004,7.7
2003-11-26,2004,7.7
2003-11-27,2004,7.7
2003-11-28,2004,7.34
2003-12-01,2004,7.32
2003-12-02,2004,7.3
2003-12-03,2004,7.3
2003-12-04,2004,7.3
2003-12-05,2004,7.15
2003-12-08,2004,7.15
2003-12-09,2004,7.15
2003-12-10,2004,7.15
2003-12-11,2004,7.15
2003-12-12,2004,7.0
2003-12-15,2004,7.0
2003-12-16,2004,7.0
2003-12-17,2004,7.0
2003-12-18,2004,7.0
2003-12-19,2004,7.0
2003-12-22,2004,7.0
2003-12-23,2004,7.0
2003-12-26,2004,7.0
2003-12-29,2004,7.0
2003-12-30,2004,7.0
2004-01-02,2004,7.0
2004-01-05,2004,7.0
2004-01-06,2004,7.0
2004-01-07,2004,7.0
2004-01-08,2004,7.0
2004-01-09,2004,7.0
2004-01-12,2004,7.0
2004-01-14,2004,7.0
2004-01-15,2004,7.0
2004-01-16,2004,7.0
2004-01-19,2004,7.0
2004-01-20,2004,7.0
2004-01-21,2004,7.0
2004-01-22,2004,7.0
2004-01-23,2004,7.0
2004-01-26,2004,7.0
2004-01-27,2004,7.0
2004-01-28,2004,7.0
2004-01-29,2004,7.0
2004-01-30,2004,7.0
2004-02-02,2004,7.0
2004-02-03,2004,7.0
2004-02-04,2004,7.0
2004-02-05,2004,7.0
2004-02-06,2004,7.0
2004-02-09,2004,7.0
2004-02-10,2004,7.0
2004-02-11,2004,7.0
2004-02-12,2004,7.0
2004-02-13,2004,7.0
2004-02-16,2004,7.0
2004-02-17,2004,7.0
2004-02-18,2004,7.0
2004-02-19,2004,7.0
2004-02-20,2004,7.0
2004-02-25,2004,7.0
2004-02-26,2004,7.0
2004-02-27,2004,7.0
2004-03-01,2004,7.0
2004-03-02,2004,7.0
2004-03-03,2004,7.0
2004-03-04,2004,7.0
2004-03-05,2004,7.0
2004-03-08,2004,7.0
2004-03-09,2004,7.0
2004-03-10,2004,7.0
2004-03-11,2004,7.0
2004-03-12,2004,7.1
2004-03-15,2004,7.2
2004-03-16,2004,7.2
2004-03-17,2004,7.1
2004-03-18,2004,7.0
2004-03-19,2004,7.0
2004-03-22,2004,7.1
2004-03-23,2004,7.2
2004-03-24,2004,7.2
2004-03-25,2004,7.2
2004-03-26,2004,7.2
2004-03-29,2004,7.2
2004-03-30,2004,7.2
2004-03-31,2004,7.2
2004-04-01,2004,7.2
2004-04-02,2004,7.2
2004-04-05,2004,7.2
2004-04-06,2004,7.2
2004-04-07,2004,7.2
2004-04-08,2004,7.17
2004-04-12,2004,7.2
2004-04-13,2004,7.2
2004-04-14,2004,7.2
2004-04-15,2004,7.2
2004-04-16,2004,7.2
2004-04-19,2004,7.2
2004-04-20,2004,7.2
2004-04-22,2004,7.2
2004-04-23,2004,7.2
2004-04-26,2004,7.2
2004-04-27,2004,7.2
2004-04-28,2004,7.2
2004-04-29,2004,7.2
2004-04-30,2004,7.2
2004-05-03,2004,7.2
2004-05-04,2004,7.2
2004-05-05,2004,7.2
2004-05-06,2004,7.2
2004-05-07,2004,7.15
2004-05-10,2004,7.1
2004-05-11,2004,7.1
2004-05-12,2004,7.15
2004-05-13,2004,7.15
2004-05-14,2004,7.2
2004-05-17,2004,7.2
2004-05-18,2004,7.2
2004-05-19,2004,7.2
2004-05-20,2004,7.35
2004-05-21,2004,7.5
2004-05-24,2004,7.5
2004-05-25,2004,7.69
2004-05-26,2004,7.6
2004-05-27,2004,7.6
2004-05-28,2004,7.6
2004-05-31,2004,7.6
2004-06-01,2004,7.6
2004-06-02,2004,7.69
2004-06-03,2004,7.69
2004-06-04,2004,7.75
2004-06-07,2004,7.8
2004-06-08,2004,7.69
2004-06-09,2004,7.6
2004-06-11,2004,7.5
2004-06-14,2004,7.5
2004-06-15,2004,7.5
2004-06-16,2004,7.5
2004-06-17,2004,7.55
2004-06-18,2004,7.55
2004-06-21,2004,7.6
2004-06-22,2004,7.76
2004-06-23,2004,7.76
2004-06-24,2004,7.8
2004-06-25,2004,7.8
2004-06-28,2004,7.79
2004-06-29,2004,7.79
2004-06-30,2004,7.81
2004-07-01,2004,7.81
2004-07-02,2004,7.91
2004-07-05,2004,8.0
2004-07-06,2004,8.0
2004-07-07,2004,7.96
2004-07-08,2004,8.0
2004-07-09,2004,8.0
2004-07-12,2004,8.0
2004-07-13,2004,8.0
2004-07-14,2004,8.0
2004-07-15,2004,8.0
2004-07-16,2004,8.0
2004-07-19,2004,8.13
2004-07-20,2004,8.2
2004-07-21,2004,8.2
2004-07-22,2004,8.13
2004-07-23,2004,8.13
2004-07-26,2004,8.25
2004-07-27,2004,8.28
2004-07-28,2004,8.28
2004-07-29,2004,8.28
2004-07-30,2004,8.27
2004-08-02,2004,8.29
2004-08-03,2004,8.28
2004-08-04,2004,8.28
2004-08-05,2004,8.27
2004-08-06,2004,8.27
2004-08-09,2004,8.3
2004-08-10,2004,8.3
2004-08-11,2004,8.29
2004-08-12,2004,8.25
2004-08-13,2004,8.28
2004-08-16,2004,8.25
2004-08-17,2004,8.3
2004-08-18,2004,8.32
2004-08-19,2004,8.32
2004-08-20,2004,8.39
2004-08-23,2004,8.4
2004-08-24,2004,8.4
2004-08-25,2004,8.4
2004-08-26,2004,8.4
2004-08-27,2004,8.4
2004-08-30,2004,8.4
2004-08-31,2004,8.4
2004-09-01,2004,8.4
2004-09-02,2004,8.4
2004-09-03,2004,8.45
2004-09-06,2004,8.5
2004-09-08,2004,8.45
2004-09-09,2004,8.48
2004-09-10,2004,8.45
2004-09-13,2004,8.5
2004-09-14,2004,8.5
2004-09-15,2004,8.5
2004-09-16,2004,8.5
2004-09-17,2004,8.45
2004-09-20,2004,8.42
2004-09-21,2004,8.42
2004-09-22,2004,8.42
2004-09-23,2004,8.45
2004-09-24,2004,8.47
2004-09-27,2004,8.5
2004-09-28,2004,8.5
2004-09-29,2004,8.5
2004-09-30,2004,8.5
2004-10-01,2004,8.5
2004-10-04,2004,8.5
2004-10-05,2004,8.5
2004-10-06,2004,8.53
2004-10-07,2004,8.5
2004-10-08,2004,8.58
2004-10-11,2004,8.6
2004-10-13,2004,8.6
2004-10-14,2004,8.6
2004-10-15,2004,8.6
2004-10-18,2004,8.65
2004-10-19,2004,8.65
2004-10-20,2004,8.65
2004-10-21,2004,8.7
2004-10-22,2004,8.7
2004-10-25,2004,8.7
2004-10-26,2004,8.7
2004-10-27,2004,8.7
2004-10-28,2004,8.7
2004-10-29,2004,8.7
2004-11-03,2004,8.7
2004-11-04,2004,8.7
2004-11-05,2004,8.7
2004-11-08,2004,8.75
2004-11-09,2004,8.75
2004-11-10,2004,8.75
2004-11-11,2004,8.75
2004-11-12,2004,8.76
2004-11-16,2004,8.76
2004-11-17,2004,8.78
2004-11-18,2004,8.78
2004-11-19,2004,8.8
2004-11-22,2004,8.87
2004-11-23,2004,8.9
2004-11-24,2004,8.9
2004-11-25,2004,9.0
2004-11-26,2004,9.0
2004-11-29,2004,9.1
2004-11-30,2004,9.15
2004-12-01,2004,9.15
2004-12-02,2004,9.2
2004-12-03,2004,9.2
2004-12-06,2004,9.3
2004-12-07,2004,9.3
2004-12-08,2004,9.3
2004-12-09,2004,9.5
2004-12-10,2004,9.5
2004-12-13,2004,9.5
2004-12-14,2004,9.5
2004-12-15,2004,9.53
2004-12-16,2004,9.53
2004-12-17,2004,9.53
2004-12-20,2004,9.53
2004-12-21,2004,9.53
2004-12-22,2004,9.7
2004-12-23,2004,9.77
2004-12-27,2004,9.86
2004-12-28,2004,9.86
2004-12-29,2004,9.86
2004-12-30,2004,9.86
2005-01-03,2004,9.95
2005-01-04,2004,10.0
2005-01-05,2004,10.0
2005-01-06,2004,9.95
2005-01-07,2004,9.95
2005-01-10,2004,10.0
2005-01-11,2004,10.0
2005-01-12,2004,10.0
2005-01-13,2004,10.0
2003-05-28,2005,6.5
2003-05-29,2005,6.5
2003-05-30,2005,6.0
2003-06-02,2005,6.0
2003-06-03,2005,6.0
2003-06-04,2005,6.0
2003-06-05,2005,7.0
2003-06-06,2005,7.0
2003-06-09,2005,7.0
2003-06-10,2005,7.0
2003-06-11,2005,7.0
2003-06-12,2005,7.25
2003-06-13,2005,6.75
2003-06-16,2005,6.75
2003-06-17,2005,6.75
2003-06-18,2005,7.0
2003-06-20,2005,7.0
2003-06-23,2005,7.0
2003-06-24,2005,7.0
2003-06-25,2005,7.0
2003-06-26,2005,7.0
2003-06-27,2005,7.0
2003-06-30,2005,6.75
2003-07-01,2005,6.75
2003-07-02,2005,6.75
2003-07-03,2005,6.75
2003-07-04,2005,7.0
2003-07-07,2005,7.0
2003-07-08,2005,7.0
2003-07-09,2005,7.0
2003-07-10,2005,7.0
2003-07-11,2005,7.0
2003-07-14,2005,7.1
2003-07-15,2005,7.1
2003-07-16,2005,7.1
2003-07-17,2005,7.1
2003-07-18,2005,7.0
2003-07-21,2005,6.75
2003-07-22,2005,6.5
2003-07-23,2005,6.5
2003-07-24,2005,6.5
2003-07-25,2005,6.5
2003-07-28,2005,6.25
2003-07-29,2005,6.25
2003-07-30,2005,6.25
2003-07-31,2005,6.25
2003-08-01,2005,6.25
2003-08-04,2005,6.0
2003-08-05,2005,6.0
2003-08-06,2005,6.0
2003-08-07,2005,6.0
2003-08-08,2005,6.0
2003-08-11,2005,6.0
2003-08-12,2005,6.0
2003-08-13,2005,6.0
2003-08-14,2005,6.0
2003-08-15,2005,6.0
2003-08-18,2005,6.0
2003-08-19,2005,6.0
2003-08-20,2005,6.0
2003-08-21,2005,6.0
2003-08-22,2005,6.0
2003-08-25,2005,6.0
2003-08-26,2005,6.0
2003-08-27,2005,6.0
2003-08-28,2005,6.0
2003-08-29,2005,6.0
2003-09-01,2005,6.25
2003-09-02,2005,6.25
2003-09-03,2005,6.25
2003-09-04,2005,6.25
2003-09-05,2005,6.25
2003-09-08,2005,6.0
2003-09-09,2005,6.0
2003-09-10,2005,6.0
2003-09-11,2005,6.0
2003-09-12,2005,6.0
2003-09-15,2005,6.0
2003-09-16,2005,6.0
2003-09-17,2005,6.0
2003-09-18,2005,6.0
2003-09-19,2005,6.0
2003-09-22,2005,6.0
2003-09-23,2005,6.0
2003-09-24,2005,6.0
2003-09-25,2005,6.0
2003-09-26,2005,6.0
2003-09-29,2005,6.0
2003-09-30,2005,6.0
2003-10-01,2005,6.0
2003-10-02,2005,6.0
2003-10-03,2005,6.0
2003-10-06,2005,6.0
2003-10-07,2005,6.0
2003-10-08,2005,6.0
2003-10-09,2005,6.0
2003-10-10,2005,6.0
2003-10-13,2005,6.0
2003-10-14,2005,6.0
2003-10-15,2005,6.0
2003-10-16,2005,6.0
2003-10-17,2005,6.0
2003-10-20,2005,6.0
2003-10-21,2005,6.0
2003-10-22,2005,6.0
2003-10-23,2005,6.0
2003-10-24,2005,6.0
2003-10-28,2005,6.25
2003-10-29,2005,6.25
2003-10-30,2005,6.25
2003-10-31,2005,6.25
2003-11-03,2005,6.25
2003-11-04,2005,6.25
2003-11-05,2005,6.25
2003-11-06,2005,6.25
2003-11-07,2005,6.25
2003-11-10,2005,6.25
2003-11-11,2005,6.25
2003-11-12,2005,6.25
2003-11-13,2005,6.25
2003-11-14,2005,6.25
2003-11-17,2005,6.5
2003-11-18,2005,6.25
2003-11-19,2005,6.25
2003-11-20,2005,6.25
2003-11-21,2005,6.5
2003-11-24,2005,6.5
2003-11-25,2005,6.5
2003-11-26,2005,6.5
2003-11-27,2005,6.25
2003-11-28,2005,6.25
2003-12-01,2005,6.0
2003-12-02,2005,6.0
2003-12-03,2005,6.0
2003-12-04,2005,6.0
2003-12-05,2005,6.0
2003-12-08,2005,6.0
2003-12-09,2005,6.0
2003-12-10,2005,6.0
2003-12-11,2005,6.0
2003-12-12,2005,6.0
2003-12-15,2005,6.0
2003-12-16,2005,6.0
2003-12-17,2005,6.0
2003-12-18,2005,6.0
2003-12-19,2005,6.0
2003-12-22,2005,6.0
2003-12-23,2005,6.0
2003-12-26,2005,6.0
2003-12-29,2005,6.0
2003-12-30,2005,6.0
2004-01-02,2005,6.0
2004-01-05,2005,6.0
2004-01-06,2005,6.0
2004-01-07,2005,6.15
2004-01-08,2005,6.15
2004-01-09,2005,6.3
2004-01-12,2005,6.4
2004-01-14,2005,6.15
2004-01-15,2005,6.0
2004-01-16,2005,6.0
2004-01-19,2005,6.0
2004-01-20,2005,6.0
2004-01-21,2005,6.0
2004-01-22,2005,6.0
2004-01-23,2005,6.0
2004-01-26,2005,6.0
2004-01-27,2005,6.0
2004-01-28,2005,6.0
2004-01-29,2005,6.0
2004-01-30,2005,6.0
2004-02-02,2005,6.0
2004-02-03,2005,6.0
2004-02-04,2005,6.0
2004-02-05,2005,6.0
2004-02-06,2005,6.0
2004-02-09,2005,6.0
2004-02-10,2005,6.0
2004-02-11,2005,6.0
2004-02-12,2005,6.0
2004-02-13,2005,6.0
2004-02-16,2005,6.0
2004-02-17,2005,6.0
2004-02-18,2005,6.0
2004-02-19,2005,6.0
2004-02-20,2005,6.0
2004-02-25,2005,6.0
2004-02-26,2005,6.0
2004-02-27,2005,6.0
2004-03-01,2005,6.0
2004-03-02,2005,6.0
2004-03-03,2005,6.0
2004-03-04,2005,6.0
2004-03-05,2005,6.0
2004-03-08,2005,6.0
2004-03-09,2005,6.0
2004-03-10,2005,6.0
2004-03-11,2005,6.0
2004-03-12,2005,6.0
2004-03-15,2005,6.0
2004-03-16,2005,6.0
2004-03-17,2005,6.0
2004-03-18,2005,6.0
2004-03-19,2005,6.0
2004-03-22,2005,6.0
2004-03-23,2005,6.0
2004-03-24,2005,6.0
2004-03-25,2005,6.0
2004-03-26,2005,6.0
2004-03-29,2005,6.0
2004-03-30,2005,6.0
2004-03-31,2005,6.0
2004-04-01,2005,6.0
2004-04-02,2005,6.0
2004-04-05,2005,6.0
2004-04-06,2005,6.0
2004-04-07,2005,6.0
2004-04-08,2005,6.0
2004-04-12,2005,6.0
2004-04-13,2005,6.0
2004-04-14,2005,6.0
2004-04-15,2005,6.0
2004-04-16,2005,6.0
2004-04-19,2005,6.0
2004-04-20,2005,6.0
2004-04-22,2005,6.0
2004-04-23,2005,6.0
2004-04-26,2005,6.0
2004-04-27,2005,6.0
2004-04-28,2005,6.0
2004-04-29,2005,6.0
2004-04-30,2005,6.0
2004-05-03,2005,6.0
2004-05-04,2005,6.0
2004-05-05,2005,6.0
2004-05-06,2005,6.0
2004-05-07,2005,6.0
2004-05-10,2005,6.0
2004-05-11,2005,6.0
2004-05-12,2005,6.0
2004-05-13,2005,6.0
2004-05-14,2005,6.0
2004-05-17,2005,6.0
2004-05-18,2005,6.0
2004-05-19,2005,6.0
2004-05-20,2005,6.0
2004-05-21,2005,6.25
2004-05-24,2005,6.25
2004-05-25,2005,6.25
2004-05-26,2005,6.0
2004-05-27,2005,6.0
2004-05-28,2005,6.0
2004-05-31,2005,6.0
2004-06-01,2005,6.0
2004-06-02,2005,6.0
2004-06-03,2005,6.0
2004-06-04,2005,6.0
2004-06-07,2005,6.0
2004-06-08,2005,6.0
2004-06-09,2005,6.0
2004-06-11,2005,6.0
2004-06-14,2005,6.0
2004-06-15,2005,6.0
2004-06-16,2005,6.0
2004-06-17,2005,6.0
2004-06-18,2005,6.0
2004-06-21,2005,6.0
2004-06-22,2005,6.0
2004-06-23,2005,6.0
2004-06-24,2005,6.0
2004-06-25,2005,6.5
2004-06-28,2005,6.5
2004-06-29,2005,6.5
2004-06-30,2005,6.5
2004-07-01,2005,6.5
2004-07-02,2005,6.52
2004-07-05,2005,6.5
2004-07-06,2005,6.5
2004-07-07,2005,6.5
2004-07-08,2005,6.52
2004-07-09,2005,6.57
2004-07-12,2005,6.57
2004-07-13,2005,6.6
2004-07-14,2005,6.57
2004-07-15,2005,6.57
2004-07-16,2005,6.57
2004-07-19,2005,6.57
2004-07-20,2005,6.59
2004-07-21,2005,6.59
2004-07-22,2005,6.57
2004-07-23,2005,6.57
2004-07-26,2005,6.6
2004-07-27,2005,6.6
2004-07-28,2005,6.6
2004-07-29,2005,6.6
2004-07-30,2005,6.6
2004-08-02,2005,6.59
2004-08-03,2005,6.59
2004-08-04,2005,6.59
2004-08-05,2005,6.55
2004-08-06,2005,6.55
2004-08-09,2005,6.55
2004-08-10,2005,6.55
2004-08-11,2005,6.5
2004-08-12,2005,6.5
2004-08-13,2005,6.5
2004-08-16,2005,6.5
2004-08-17,2005,6.5
2004-08-18,2005,6.5
2004-08-19,2005,6.5
2004-08-20,2005,6.65
2004-08-23,2005,6.75
2004-08-24,2005,6.75
2004-08-25,2005,6.75
2004-08-26,2005,6.75
2004-08-27,2005,6.75
2004-08-30,2005,6.75
2004-08-31,2005,6.75
2004-09-01,2005,6.8
2004-09-02,2005,6.8
2004-09-03,2005,6.8
2004-09-06,2005,6.8
2004-09-08,2005,6.8
2004-09-09,2005,6.8
2004-09-10,2005,6.75
2004-09-13,2005,6.86
2004-09-14,2005,6.86
2004-09-15,2005,6.86
2004-09-16,2005,6.92
2004-09-17,2005,7.0
2004-09-20,2005,7.0
2004-09-21,2005,7.0
2004-09-22,2005,7.0
2004-09-23,2005,7.1
2004-09-24,2005,7.1
2004-09-27,2005,7.1
2004-09-28,2005,7.1
2004-09-29,2005,7.1
2004-09-30,2005,7.0
2004-10-01,2005,7.0
2004-10-04,2005,7.1
2004-10-05,2005,7.1
2004-10-06,2005,7.1
2004-10-07,2005,7.0
2004-10-08,2005,7.2
2004-10-11,2005,7.2
2004-10-13,2005,7.2
2004-10-14,2005,7.2
2004-10-15,2005,7.2
2004-10-18,2005,7.23
2004-10-19,2005,7.23
2004-10-20,2005,7.23
2004-10-21,2005,7.2
2004-10-22,2005,7.2
2004-10-25,2005,7.2
2004-10-26,2005,7.2
2004-10-27,2005,7.2
2004-10-28,2005,7.2
2004-10-29,2005,7.15
2004-11-03,2005,7.15
2004-11-04,2005,7.15
2004-11-05,2005,7.2
2004-11-08,2005,7.2
2004-11-09,2005,7.2
2004-11-10,2005,7.2
2004-11-11,2005,7.2
2004-11-12,2005,7.2
2004-11-16,2005,7.23
2004-11-17,2005,7.23
2004-11-18,2005,7.23
2004-11-19,2005,7.25
2004-11-22,2005,7.3
2004-11-23,2005,7.3
2004-11-24,2005,7.3
2004-11-25,2005,7.4
2004-11-26,2005,7.32
2004-11-29,2005,7.3
2004-11-30,2005,7.31
2004-12-01,2005,7.28
2004-12-02,2005,7.3
2004-12-03,2005,7.3
2004-12-06,2005,7.3
2004-12-07,2005,7.3
2004-12-08,2005,7.3
2004-12-09,2005,7.3
2004-12-10,2005,7.3
2004-12-13,2005,7.28
2004-12-14,2005,7.23
2004-12-15,2005,7.15
2004-12-16,2005,7.15
2004-12-17,2005,7.28
2004-12-20,2005,7.3
2004-12-21,2005,7.3
2004-12-22,2005,7.3
2004-12-23,2005,7.2
2004-12-27,2005,7.14
2004-12-28,2005,7.14
2004-12-29,2005,7.14
2004-12-30,2005,7.09
2005-01-03,2005,7.04
2005-01-04,2005,7.0
2005-01-05,2005,7.0
2005-01-06,2005,7.04
2005-01-07,2005,7.0
2005-01-10,2005,7.0
2005-01-11,2005,7.0
2005-01-12,2005,7.0
2005-01-13,2005,7.0
2005-01-14,2005,7.0
2005-01-17,2005,7.0
2005-01-18,2005,7.0
2005-01-19,2005,7.0
2005-01-20,2005,7.0
2005-01-21,2005,7.0
2005-01-24,2005,7.0
2005-01-25,2005,7.0
2005-01-26,2005,7.0
2005-01-27,2005,7.0
2005-01-28,2005,7.02
2005-01-31,2005,7.0
2005-02-01,2005,7.0
2005-02-02,2005,7.0
2005-02-03,2005,7.0
2005-02-04,2005,7.0
2005-02-09,2005,7.0
2005-02-10,2005,7.02
2005-02-11,2005,7.0
2005-02-14,2005,7.0
2005-02-15,2005,7.0
2005-02-16,2005,7.0
2005-02-17,2005,7.0
2005-02-18,2005,7.03
2005-02-21,2005,7.03
2005-02-22,2005,7.0
2005-02-23,2005,7.0
2005-02-24,2005,7.0
2005-02-25,2005,7.0
2005-02-28,2005,7.0
2005-03-01,2005,7.0
2005-03-02,2005,7.0
2005-03-03,2005,7.02
2005-03-04,2005,7.0
2005-03-07,2005,7.0
2005-03-08,2005,7.0
2005-03-09,2005,7.0
2005-03-10,2005,7.0
2005-03-11,2005,7.0
2005-03-14,2005,7.0
2005-03-15,2005,7.0
2005-03-16,2005,7.0
2005-03-17,2005,7.04
2005-03-18,2005,7.06
2005-03-21,2005,7.1
2005-03-22,2005,7.1
2005-03-23,2005,7.1
2005-03-24,2005,7.1
2005-03-28,2005,7.12
2005-03-29,2005,7.12
2005-03-30,2005,7.12
2005-03-31,2005,7.12
2005-04-01,2005,7.16
2005-04-04,2005,7.12
2005-04-05,2005,7.16
2005-04-06,2005,7.16
2005-04-07,2005,7.2
2005-04-08,2005,7.2
2005-04-11,2005,7.3
2005-04-12,2005,7.3
2005-04-13,2005,7.2
2005-04-14,2005,7.2
2005-04-15,2005,7.3
2005-04-18,2005,7.3
2005-04-19,2005,7.4
2005-04-20,2005,7.4
2005-04-22,2005,7.4
2005-04-25,2005,7.5
2005-04-26,2005,7.65
2005-04-27,2005,7.65
2005-04-28,2005,7.65
2005-04-29,2005,7.65
2005-05-02,2005,7.65
2005-05-03,2005,7.68
2005-05-04,2005,7.65
2005-05-05,2005,7.7
2005-05-06,2005,7.7
2005-05-09,2005,7.8
2005-05-10,2005,7.8
2005-05-11,2005,7.75
2005-05-12,2005,7.74
2005-05-13,2005,7.74
2005-05-16,2005,7.77
2005-05-17,2005,7.8
2005-05-18,2005,7.83
2005-05-19,2005,7.8
2005-05-20,2005,7.84
2005-05-23,2005,7.81
2005-05-24,2005,7.81
2005-05-25,2005,7.81
2005-05-27,2005,7.8
2005-05-30,2005,7.8
2005-05-31,2005,7.8
2005-06-01,2005,7.8
2005-06-02,2005,7.8
2005-06-03,2005,7.8
2005-06-06,2005,7.8
2005-06-07,2005,7.74
2005-06-08,2005,7.7
2005-06-09,2005,7.7
2005-06-10,2005,7.6
2005-06-13,2005,7.6
2005-06-14,2005,7.6
2005-06-15,2005,7.6
2005-06-16,2005,7.6
2005-06-17,2005,7.6
2005-06-20,2005,7.5
2005-06-21,2005,7.5
2005-06-22,2005,7.5
2005-06-23,2005,7.5
2005-06-24,2005,7.5
2005-06-27,2005,7.5
2005-06-28,2005,7.5
2005-06-29,2005,7.5
2005-06-30,2005,7.49
2005-07-01,2005,7.43
2005-07-04,2005,7.4
2005-07-05,2005,7.4
2005-07-06,2005,7.2
2005-07-07,2005,7.2
2005-07-08,2005,7.2
2005-07-11,2005,7.2
2005-07-12,2005,7.2
2005-07-13,2005,7.15
2005-07-14,2005,7.12
2005-07-15,2005,7.1
2005-07-18,2005,7.1
2005-07-19,2005,7.05
2005-07-20,2005,7.01
2005-07-21,2005,7.0
2005-07-22,2005,7.0
2005-07-25,2005,7.0
2005-07-26,2005,7.0
2005-07-27,2005,7.0
2005-07-28,2005,7.0
2005-07-29,2005,7.0
2005-08-01,2005,7.0
2005-08-02,2005,7.0
2005-08-03,2005,7.0
2005-08-04,2005,6.91
2005-08-05,2005,6.91
2005-08-08,2005,6.9
2005-08-09,2005,6.8
2005-08-10,2005,6.8
2005-08-11,2005,6.8
2005-08-12,2005,6.8
2005-08-15,2005,6.8
2005-08-16,2005,6.7
2005-08-17,2005,6.9
2005-08-18,2005,6.88
2005-08-19,2005,6.8
2005-08-22,2005,6.8
2005-08-23,2005,6.75
2005-08-24,2005,6.8
2005-08-25,2005,6.8
2005-08-26,2005,6.8
2005-08-29,2005,6.8
2005-08-30,2005,6.8
2005-08-31,2005,6.75
2005-09-01,2005,6.75
2005-09-02,2005,6.75
2005-09-05,2005,6.73
2005-09-06,2005,6.75
2005-09-08,2005,6.8
2005-09-09,2005,6.8
2005-09-12,2005,6.8
2005-09-13,2005,6.9
2005-09-14,2005,7.0
2005-09-15,2005,7.0
2005-09-16,2005,7.0
2005-09-19,2005,7.0
2005-09-20,2005,7.1
2005-09-21,2005,7.2
2005-09-22,2005,7.3
2005-09-23,2005,7.3
2005-09-26,2005,7.3
2005-09-27,2005,7.3
2005-09-28,2005,7.3
2005-09-29,2005,7.48
2005-09-30,2005,7.38
2005-10-03,2005,7.38
2005-10-04,2005,7.5
2005-10-05,2005,7.5
2005-10-06,2005,7.5
2005-10-07,2005,7.5
2005-10-10,2005,7.5
2005-10-11,2005,7.5
2005-10-13,2005,7.5
2005-10-14,2005,7.5
2005-10-17,2005,7.5
2005-10-18,2005,7.5
2005-10-19,2005,7.5
2005-10-20,2005,7.5
2005-10-21,2005,7.5
2005-10-24,2005,7.6
2005-10-25,2005,7.6
2005-10-26,2005,7.6
2005-10-27,2005,7.62
2005-10-28,2005,7.64
2005-10-31,2005,7.62
2005-11-01,2005,7.62
2005-11-03,2005,7.62
2005-11-04,2005,7.63
2005-11-07,2005,7.73
2005-11-08,2005,7.7
2005-11-09,2005,7.73
2005-11-10,2005,7.9
2005-11-11,2005,7.9
2005-11-14,2005,7.95
2005-11-16,2005,7.95
2005-11-17,2005,8.0
2005-11-18,2005,8.0
2005-11-21,2005,8.05
2005-11-22,2005,8.0
2005-11-23,2005,8.0
2005-11-24,2005,8.1
2005-11-25,2005,8.1
2005-11-28,2005,8.1
2005-11-29,2005,8.1
2005-11-30,2005,8.08
2005-12-01,2005,8.08
2005-12-02,2005,8.1
2005-12-05,2005,8.29
2005-12-06,2005,8.29
2005-12-07,2005,8.3
2005-12-08,2005,8.3
2005-12-09,2005,8.45
2005-12-12,2005,8.45
2005-12-13,2005,8.5
2005-12-14,2005,8.6
2005-12-15,2005,8.68
2005-12-16,2005,8.68
2005-12-19,2005,8.65
2005-12-20,2005,8.63
2005-12-21,2005,8.68
2005-12-22,2005,8.68
2005-12-23,2005,8.8
2005-12-26,2005,8.8
2005-12-27,2005,8.8
2005-12-28,2005,8.8
2005-12-29,2005,8.8
2005-12-30,2005,8.8
2006-01-02,2005,8.8
2006-01-03,2005,8.8
2006-01-04,2005,8.8
2006-01-05,2005,8.8
2006-01-06,2005,8.8
2006-01-09,2005,8.8
2006-01-10,2005,8.8
2006-01-11,2005,8.8
2003-05-28,2006,6.5
2003-05-29,2006,6.5
2003-05-30,2006,6.25
2003-06-02,2006,6.25
2003-06-03,2006,6.25
2003-06-04,2006,6.25
2003-06-05,2006,7.1
2003-06-06,2006,7.1
2003-06-09,2006,7.1
2003-06-10,2006,7.1
2003-06-11,2006,6.5
2003-06-12,2006,6.5
2003-06-13,2006,6.5
2003-06-16,2006,6.5
2003-06-17,2006,6.5
2003-06-18,2006,6.5
2003-06-20,2006,6.5
2003-06-23,2006,6.5
2003-06-24,2006,6.5
2003-06-25,2006,6.5
2003-06-26,2006,6.5
2003-06-27,2006,6.5
2003-06-30,2006,6.5
2003-07-01,2006,6.5
2003-07-02,2006,6.5
2003-07-03,2006,6.5
2003-07-04,2006,6.5
2003-07-07,2006,6.5
2003-07-08,2006,6.5
2003-07-09,2006,6.5
2003-07-10,2006,6.5
2003-07-11,2006,6.5
2003-07-14,2006,7.0
2003-07-15,2006,6.5
2003-07-16,2006,6.5
2003-07-17,2006,6.5
2003-07-18,2006,6.5
2003-07-21,2006,6.5
2003-07-22,2006,6.5
2003-07-23,2006,6.5
2003-07-24,2006,6.5
2003-07-25,2006,6.5
2003-07-28,2006,6.5
2003-07-29,2006,6.5
2003-07-30,2006,6.5
2003-07-31,2006,6.5
2003-08-01,2006,6.5
2003-08-04,2006,6.25
2003-08-05,2006,6.25
2003-08-06,2006,6.25
2003-08-07,2006,6.25
2003-08-08,2006,6.25
2003-08-11,2006,6.25
2003-08-12,2006,6.25
2003-08-13,2006,6.25
2003-08-14,2006,6.0
2003-08-15,2006,6.25
2003-08-18,2006,6.25
2003-08-19,2006,6.25
2003-08-20,2006,6.25
2003-08-21,2006,6.25
2003-08-22,2006,6.25
2003-08-25,2006,6.25
2003-08-26,2006,6.25
2003-08-27,2006,6.25
2003-08-28,2006,6.25
2003-08-29,2006,6.25
2003-09-01,2006,6.25
2003-09-02,2006,6.25
2003-09-03,2006,6.25
2003-09-04,2006,6.25
2003-09-05,2006,6.25
2003-09-08,2006,6.0
2003-09-09,2006,6.0
2003-09-10,2006,6.0
2003-09-11,2006,6.0
2003-09-12,2006,6.0
2003-09-15,2006,6.0
2003-09-16,2006,6.0
2003-09-17,2006,6.0
2003-09-18,2006,6.25
2003-09-19,2006,6.25
2003-09-22,2006,6.0
2003-09-23,2006,6.0
2003-09-24,2006,6.0
2003-09-25,2006,6.0
2003-09-26,2006,6.25
2003-09-29,2006,6.25
2003-09-30,2006,6.25
2003-10-01,2006,6.25
2003-10-02,2006,6.0
2003-10-03,2006,6.25
2003-10-06,2006,6.25
2003-10-07,2006,6.25
2003-10-08,2006,6.25
2003-10-09,2006,6.5
2003-10-10,2006,6.5
2003-10-13,2006,6.5
2003-10-14,2006,6.25
2003-10-15,2006,6.25
2003-10-16,2006,6.5
2003-10-17,2006,6.5
2003-10-20,2006,6.5
2003-10-21,2006,6.5
2003-10-22,2006,6.5
2003-10-23,2006,6.5
2003-10-24,2006,6.5
2003-10-28,2006,6.5
2003-10-29,2006,6.5
2003-10-30,2006,6.5
2003-10-31,2006,6.5
2003-11-03,2006,6.5
2003-11-04,2006,6.5
2003-11-05,2006,6.5
2003-11-06,2006,6.5
2003-11-07,2006,6.5
2003-11-10,2006,6.5
2003-11-11,2006,6.5
2003-11-12,2006,6.5
2003-11-13,2006,6.5
2003-11-14,2006,6.5
2003-11-17,2006,6.5
2003-11-18,2006,6.5
2003-11-19,2006,6.5
2003-11-20,2006,6.5
2003-11-21,2006,6.5
2003-11-24,2006,6.5
2003-11-25,2006,6.5
2003-11-26,2006,6.5
2003-11-27,2006,6.5
2003-11-28,2006,6.5
2003-12-01,2006,6.5
2003-12-02,2006,6.5
2003-12-03,2006,6.5
2003-12-04,2006,6.5
2003-12-05,2006,6.5
2003-12-08,2006,6.5
2003-12-09,2006,6.5
2003-12-10,2006,6.5
2003-12-11,2006,6.5
2003-12-12,2006,6.5
2003-12-15,2006,6.25
2003-12-16,2006,6.25
2003-12-17,2006,6.25
2003-12-18,2006,6.25
2003-12-19,2006,6.25
2003-12-22,2006,6.0
2003-12-23,2006,6.0
2003-12-26,2006,6.25
2003-12-29,2006,6.5
2003-12-30,2006,6.5
2004-01-02,2006,6.25
2004-01-05,2006,6.25
2004-01-06,2006,6.25
2004-01-07,2006,6.0
2004-01-08,2006,6.0
2004-01-09,2006,6.25
2004-01-12,2006,6.25
2004-01-14,2006,6.0
2004-01-15,2006,5.75
2004-01-16,2006,5.5
2004-01-19,2006,5.5
2004-01-20,2006,5.5
2004-01-21,2006,5.5
2004-01-22,2006,5.5
2004-01-23,2006,5.5
2004-01-26,2006,5.5
2004-01-27,2006,5.5
2004-01-28,2006,5.5
2004-01-29,2006,5.5
2004-01-30,2006,5.5
2004-02-02,2006,5.5
2004-02-03,2006,5.5
2004-02-04,2006,5.5
2004-02-05,2006,5.5
2004-02-06,2006,5.5
2004-02-09,2006,5.5
2004-02-10,2006,5.5
2004-02-11,2006,5.5
2004-02-12,2006,5.5
2004-02-13,2006,5.5
2004-02-16,2006,5.5
2004-02-17,2006,5.5
2004-02-18,2006,5.5
2004-02-19,2006,5.5
2004-02-20,2006,5.5
2004-02-25,2006,5.5
2004-02-26,2006,5.5
2004-02-27,2006,5.5
2004-03-01,2006,5.5
2004-03-02,2006,5.5
2004-03-03,2006,5.5
2004-03-04,2006,5.5
2004-03-05,2006,5.5
2004-03-08,2006,5.5
2004-03-09,2006,5.5
2004-03-10,2006,5.5
2004-03-11,2006,5.5
2004-03-12,2006,5.5
2004-03-15,2006,5.5
2004-03-16,2006,5.5
2004-03-17,2006,5.5
2004-03-18,2006,5.5
2004-03-19,2006,5.5
2004-03-22,2006,5.5
2004-03-23,2006,5.5
2004-03-24,2006,5.5
2004-03-25,2006,5.5
2004-03-26,2006,5.5
2004-03-29,2006,5.5
2004-03-30,2006,5.5
2004-03-31,2006,5.5
2004-04-01,2006,5.5
2004-04-02,2006,5.5
2004-04-05,2006,5.5
2004-04-06,2006,5.5
2004-04-07,2006,5.5
2004-04-08,2006,5.5
2004-04-12,2006,5.5
2004-04-13,2006,5.5
2004-04-14,2006,5.5
2004-04-15,2006,5.5
2004-04-16,2006,5.5
2004-04-19,2006,5.5
2004-04-20,2006,5.5
2004-04-22,2006,5.5
2004-04-23,2006,5.5
2004-04-26,2006,5.5
2004-04-27,2006,5.5
2004-04-28,2006,5.5
2004-04-29,2006,5.5
2004-04-30,2006,5.5
2004-05-03,2006,5.5
2004-05-04,2006,5.5
2004-05-05,2006,5.5
2004-05-06,2006,5.5
2004-05-07,2006,5.5
2004-05-10,2006,5.5
2004-05-11,2006,5.5
2004-05-12,2006,5.5
2004-05-13,2006,5.5
2004-05-14,2006,5.5
2004-05-17,2006,5.5
2004-05-18,2006,5.5
2004-05-19,2006,5.5
2004-05-20,2006,5.5
2004-05-21,2006,5.65
2004-05-24,2006,5.65
2004-05-25,2006,5.65
2004-05-26,2006,5.5
2004-05-27,2006,5.5
2004-05-28,2006,5.5
2004-05-31,2006,5.5
2004-06-01,2006,5.5
2004-06-02,2006,5.5
2004-06-03,2006,5.5
2004-06-04,2006,5.5
2004-06-07,2006,5.63
2004-06-08,2006,5.63
2004-06-09,2006,5.63
2004-06-11,2006,5.5
2004-06-14,2006,5.5
2004-06-15,2006,5.5
2004-06-16,2006,5.5
2004-06-17,2006,5.5
2004-06-18,2006,5.5
2004-06-21,2006,5.5
2004-06-22,2006,5.5
2004-06-23,2006,5.5
2004-06-24,2006,5.5
2004-06-25,2006,5.5
2004-06-28,2006,5.5
2004-06-29,2006,5.5
2004-06-30,2006,5.5
2004-07-01,2006,5.5
2004-07-02,2006,5.63
2004-07-05,2006,5.63
2004-07-06,2006,5.63
2004-07-07,2006,5.78
2004-07-08,2006,5.8
2004-07-09,2006,5.8
2004-07-12,2006,5.8
2004-07-13,2006,5.78
2004-07-14,2006,5.75
2004-07-15,2006,5.75
2004-07-16,2006,5.75
2004-07-19,2006,5.75
2004-07-20,2006,5.75
2004-07-21,2006,5.75
2004-07-22,2006,5.72
2004-07-23,2006,5.72
2004-07-26,2006,5.72
2004-07-27,2006,5.68
2004-07-28,2006,5.68
2004-07-29,2006,5.68
2004-07-30,2006,5.68
2004-08-02,2006,5.59
2004-08-03,2006,5.59
2004-08-04,2006,5.59
2004-08-05,2006,5.5
2004-08-06,2006,5.5
2004-08-09,2006,5.5
2004-08-10,2006,5.5
2004-08-11,2006,5.5
2004-08-12,2006,5.5
2004-08-13,2006,5.5
2004-08-16,2006,5.63
2004-08-17,2006,5.75
2004-08-18,2006,5.88
2004-08-19,2006,5.88
2004-08-20,2006,5.88
2004-08-23,2006,5.88
2004-08-24,2006,5.88
2004-08-25,2006,5.88
2004-08-26,2006,5.88
2004-08-27,2006,5.88
2004-08-30,2006,5.88
2004-08-31,2006,5.88
2004-09-01,2006,5.88
2004-09-02,2006,5.88
2004-09-03,2006,5.88
2004-09-06,2006,5.88
2004-09-08,2006,5.88
2004-09-09,2006,5.88
2004-09-10,2006,5.75
2004-09-13,2006,6.0
2004-09-14,2006,6.0
2004-09-15,2006,6.0
2004-09-16,2006,6.0
2004-09-17,2006,6.0
2004-09-20,2006,6.0
2004-09-21,2006,6.0
2004-09-22,2006,6.0
2004-09-23,2006,6.0
2004-09-24,2006,6.0
2004-09-27,2006,6.0
2004-09-28,2006,6.0
2004-09-29,2006,6.0
2004-09-30,2006,5.9
2004-10-01,2006,5.8
2004-10-04,2006,5.8
2004-10-05,2006,5.8
2004-10-06,2006,5.8
2004-10-07,2006,5.78
2004-10-08,2006,5.78
2004-10-11,2006,5.9
2004-10-13,2006,5.9
2004-10-14,2006,5.8
2004-10-15,2006,5.8
2004-10-18,2006,5.8
2004-10-19,2006,5.8
2004-10-20,2006,5.8
2004-10-21,2006,5.9
2004-10-22,2006,5.9
2004-10-25,2006,5.9
2004-10-26,2006,5.9
2004-10-27,2006,5.9
2004-10-28,2006,5.9
2004-10-29,2006,6.0
2004-11-03,2006,5.8
2004-11-04,2006,6.0
2004-11-05,2006,6.0
2004-11-08,2006,6.0
2004-11-09,2006,6.0
2004-11-10,2006,6.0
2004-11-11,2006,6.0
2004-11-12,2006,6.0
2004-11-16,2006,6.0
2004-11-17,2006,6.0
2004-11-18,2006,6.0
2004-11-19,2006,6.0
2004-11-22,2006,6.0
2004-11-23,2006,6.0
2004-11-24,2006,6.0
2004-11-25,2006,6.0
2004-11-26,2006,6.0
2004-11-29,2006,5.9
2004-11-30,2006,6.0
2004-12-01,2006,6.0
2004-12-02,2006,6.0
2004-12-03,2006,6.0
2004-12-06,2006,6.0
2004-12-07,2006,6.0
2004-12-08,2006,6.0
2004-12-09,2006,6.0
2004-12-10,2006,6.0
2004-12-13,2006,6.0
2004-12-14,2006,6.0
2004-12-15,2006,6.0
2004-12-16,2006,6.0
2004-12-17,2006,6.0
2004-12-20,2006,6.0
2004-12-21,2006,6.0
2004-12-22,2006,6.0
2004-12-23,2006,6.0
2004-12-27,2006,6.0
2004-12-28,2006,6.0
2004-12-29,2006,6.0
2004-12-30,2006,6.0
2005-01-03,2006,6.0
2005-01-04,2006,6.0
2005-01-05,2006,6.0
2005-01-06,2006,6.0
2005-01-07,2006,6.0
2005-01-10,2006,6.0
2005-01-11,2006,6.0
2005-01-12,2006,6.0
2005-01-13,2006,6.0
2005-01-14,2006,6.0
2005-01-17,2006,6.0
2005-01-18,2006,6.0
2005-01-19,2006,6.0
2005-01-20,2006,6.0
2005-01-21,2006,6.0
2005-01-24,2006,6.0
2005-01-25,2006,6.0
2005-01-26,2006,6.0
2005-01-27,2006,6.0
2005-01-28,2006,6.0
2005-01-31,2006,6.0
2005-02-01,2006,6.0
2005-02-02,2006,6.0
2005-02-03,2006,6.0
2005-02-04,2006,6.0
2005-02-09,2006,6.0
2005-02-10,2006,6.0
2005-02-11,2006,6.0
2005-02-14,2006,6.0
2005-02-15,2006,6.0
2005-02-16,2006,6.0
2005-02-17,2006,6.0
2005-02-18,2006,6.0
2005-02-21,2006,6.0
2005-02-22,2006,6.0
2005-02-23,2006,6.0
2005-02-24,2006,6.0
2005-02-25,2006,5.9
2005-02-28,2006,5.8
2005-03-01,2006,5.8
2005-03-02,2006,5.8
2005-03-03,2006,5.8
2005-03-04,2006,5.8
2005-03-07,2006,5.8
2005-03-08,2006,5.8
2005-03-09,2006,5.8
2005-03-10,2006,5.8
2005-03-11,2006,5.8
2005-03-14,2006,5.8
2005-03-15,2006,5.8
2005-03-16,2006,5.8
2005-03-17,2006,5.8
2005-03-18,2006,5.8
2005-03-21,2006,5.72
2005-03-22,2006,5.72
2005-03-23,2006,5.8
2005-03-24,2006,5.8
2005-03-28,2006,5.8
2005-03-29,2006,5.8
2005-03-30,2006,5.8
2005-03-31,2006,5.8
2005-04-01,2006,5.8
2005-04-04,2006,5.7
2005-04-05,2006,5.7
2005-04-06,2006,5.7
2005-04-07,2006,5.9
2005-04-08,2006,6.0
2005-04-11,2006,6.0
2005-04-12,2006,6.0
2005-04-13,2006,6.0
2005-04-14,2006,6.0
2005-04-15,2006,6.0
2005-04-18,2006,6.0
2005-04-19,2006,6.0
2005-04-20,2006,6.0
2005-04-22,2006,6.0
2005-04-25,2006,6.0
2005-04-26,2006,6.0
2005-04-27,2006,6.0
2005-04-28,2006,6.0
2005-04-29,2006,6.0
2005-05-02,2006,6.0
2005-05-03,2006,6.0
2005-05-04,2006,6.0
2005-05-05,2006,6.0
2005-05-06,2006,6.0
2005-05-09,2006,6.0
2005-05-10,2006,6.0
2005-05-11,2006,6.0
2005-05-12,2006,6.0
2005-05-13,2006,6.0
2005-05-16,2006,6.0
2005-05-17,2006,6.0
2005-05-18,2006,6.0
2005-05-19,2006,6.0
2005-05-20,2006,6.0
2005-05-23,2006,6.0
2005-05-24,2006,6.0
2005-05-25,2006,6.0
2005-05-27,2006,6.0
2005-05-30,2006,6.0
2005-05-31,2006,6.0
2005-06-01,2006,6.0
2005-06-02,2006,6.0
2005-06-03,2006,6.0
2005-06-06,2006,6.0
2005-06-07,2006,6.0
2005-06-08,2006,6.0
2005-06-09,2006,6.0
2005-06-10,2006,6.0
2005-06-13,2006,6.0
2005-06-14,2006,6.0
2005-06-15,2006,6.0
2005-06-16,2006,6.0
2005-06-17,2006,6.0
2005-06-20,2006,5.95
2005-06-21,2006,5.98
2005-06-22,2006,5.75
2005-06-23,2006,5.7
2005-06-24,2006,5.7
2005-06-27,2006,5.7
2005-06-28,2006,5.7
2005-06-29,2006,5.7
2005-06-30,2006,5.7
2005-07-01,2006,5.8
2005-07-04,2006,5.75
2005-07-05,2006,5.75
2005-07-06,2006,5.75
2005-07-07,2006,5.8
2005-07-08,2006,5.75
2005-07-11,2006,5.6
2005-07-12,2006,5.6
2005-07-13,2006,5.6
2005-07-14,2006,5.6
2005-07-15,2006,5.6
2005-07-18,2006,5.5
2005-07-19,2006,5.5
2005-07-20,2006,5.5
2005-07-21,2006,5.5
2005-07-22,2006,5.5
2005-07-25,2006,5.5
2005-07-26,2006,5.5
2005-07-27,2006,5.5
2005-07-28,2006,5.5
2005-07-29,2006,5.5
2005-08-01,2006,5.5
2005-08-02,2006,5.5
2005-08-03,2006,5.5
2005-08-04,2006,5.5
2005-08-05,2006,5.5
2005-08-08,2006,5.4
2005-08-09,2006,5.45
2005-08-10,2006,5.2
2005-08-11,2006,5.3
2005-08-12,2006,5.4
2005-08-15,2006,5.3
2005-08-16,2006,5.3
2005-08-17,2006,5.0
2005-08-18,2006,5.0
2005-08-19,2006,5.0
2005-08-22,2006,5.0
2005-08-23,2006,4.93
2005-08-24,2006,5.0
2005-08-25,2006,5.0
2005-08-26,2006,5.0
2005-08-29,2006,5.0
2005-08-30,2006,5.1
2005-08-31,2006,5.0
2005-09-01,2006,5.0
2005-09-02,2006,5.0
2005-09-05,2006,4.95
2005-09-06,2006,5.0
2005-09-08,2006,5.0
2005-09-09,2006,5.0
2005-09-12,2006,5.0
2005-09-13,2006,5.0
2005-09-14,2006,5.0
2005-09-15,2006,4.95
2005-09-16,2006,4.85
2005-09-19,2006,4.93
2005-09-20,2006,4.93
2005-09-21,2006,4.83
2005-09-22,2006,5.0
2005-09-23,2006,4.85
2005-09-26,2006,4.8
2005-09-27,2006,4.8
2005-09-28,2006,4.8
2005-09-29,2006,4.83
2005-09-30,2006,4.83
2005-10-03,2006,4.8
2005-10-04,2006,4.8
2005-10-05,2006,4.8
2005-10-06,2006,4.8
2005-10-07,2006,4.8
2005-10-10,2006,4.85
2005-10-11,2006,4.85
2005-10-13,2006,4.86
2005-10-14,2006,4.85
2005-10-17,2006,4.85
2005-10-18,2006,4.85
2005-10-19,2006,4.85
2005-10-20,2006,4.85
2005-10-21,2006,4.85
2005-10-24,2006,4.85
2005-10-25,2006,4.8
2005-10-26,2006,4.8
2005-10-27,2006,4.8
2005-10-28,2006,4.8
2005-10-31,2006,4.8
2005-11-01,2006,4.8
2005-11-03,2006,4.8
2005-11-04,2006,4.84
2005-11-07,2006,4.87
2005-11-08,2006,4.9
2005-11-09,2006,4.87
2005-11-10,2006,4.87
2005-11-11,2006,4.9
2005-11-14,2006,4.87
2005-11-16,2006,4.8
2005-11-17,2006,4.7
2005-11-18,2006,4.7
2005-11-21,2006,4.7
2005-11-22,2006,4.55
2005-11-23,2006,4.55
2005-11-24,2006,4.6
2005-11-25,2006,4.6
2005-11-28,2006,4.6
2005-11-29,2006,4.6
2005-11-30,2006,4.6
2005-12-01,2006,4.6
2005-12-02,2006,4.5
2005-12-05,2006,4.5
2005-12-06,2006,4.5
2005-12-07,2006,4.5
2005-12-08,2006,4.5
2005-12-09,2006,4.5
2005-12-12,2006,4.55
2005-12-13,2006,4.5
2005-12-14,2006,4.54
2005-12-15,2006,4.5
2005-12-16,2006,4.5
2005-12-19,2006,4.5
2005-12-20,2006,4.5
2005-12-21,2006,4.5
2005-12-22,2006,4.5
2005-12-23,2006,4.5
2005-12-26,2006,4.5
2005-12-27,2006,4.5
2005-12-28,2006,4.5
2005-12-29,2006,4.5
2005-12-30,2006,4.5
2006-01-02,2006,4.5
2006-01-03,2006,4.5
2006-01-04,2006,4.55
2006-01-05,2006,4.6
2006-01-06,2006,4.6
2006-01-09,2006,4.5
2006-01-10,2006,4.5
2006-01-11,2006,4.5
2006-01-12,2006,4.5
2006-01-13,2006,4.5
2006-01-16,2006,4.5
2006-01-17,2006,4.5
2006-01-18,2006,4.5
2006-01-19,2006,4.5
2006-01-20,2006,4.5
2006-01-23,2006,4.5
2006-01-24,2006,4.5
2006-01-25,2006,4.5
2006-01-26,2006,4.5
2006-01-27,2006,4.5
2006-01-30,2006,4.5
2006-01-31,2006,4.5
2006-02-01,2006,4.5
2006-02-02,2006,4.43
2006-02-03,2006,4.5
2006-02-06,2006,4.5
2006-02-07,2006,4.5
2006-02-08,2006,4.5
2006-02-09,2006,4.5
2006-02-10,2006,4.5
2006-02-13,2006,4.5
2006-02-14,2006,4.5
2006-02-15,2006,4.5
2006-02-16,2006,4.5
2006-02-17,2006,4.5
2006-02-20,2006,4.5
2006-02-21,2006,4.5
2006-02-22,2006,4.5
2006-02-23,2006,4.46
2006-02-24,2006,4.5
2006-03-01,2006,4.5
2006-03-02,2006,4.5
2006-03-03,2006,4.5
2006-03-06,2006,4.43
2006-03-07,2006,4.35
2006-03-08,2006,4.35
2006-03-09,2006,4.33
2006-03-10,2006,4.35
2006-03-13,2006,4.5
2006-03-14,2006,4.5
2006-03-15,2006,4.5
2006-03-16,2006,4.5
2006-03-17,2006,4.5
2006-03-20,2006,4.5
2006-03-21,2006,4.5
2006-03-22,2006,4.5
2006-03-23,2006,4.5
2006-03-24,2006,4.5
2006-03-27,2006,4.5
2006-03-28,2006,4.5
2006-03-29,2006,4.5
2006-03-30,2006,4.5
2006-03-31,2006,4.5
2006-04-03,2006,4.5
2006-04-04,2006,4.5
2006-04-05,2006,4.5
2006-04-06,2006,4.5
2006-04-07,2006,4.5
2006-04-10,2006,4.6
2006-04-11,2006,4.5
2006-04-12,2006,4.5
2006-04-13,2006,4.5
2006-04-17,2006,4.55
2006-04-18,2006,4.55
2006-04-19,2006,4.6
2006-04-20,2006,4.5
2006-04-24,2006,4.5
2006-04-25,2006,4.5
2006-04-26,2006,4.5
2006-04-27,2006,4.55
2006-04-28,2006,4.5
2006-05-02,2006,4.5
2006-05-03,2006,4.5
2006-05-04,2006,4.5
2006-05-05,2006,4.5
2006-05-08,2006,4.5
2006-05-09,2006,4.5
2006-05-10,2006,4.5
2006-05-11,2006,4.5
2006-05-12,2006,4.5
2006-05-15,2006,4.5
2006-05-16,2006,4.5
2006-05-17,2006,4.5
2006-05-18,2006,4.5
2006-05-19,2006,4.5
2006-05-22,2006,4.5
2006-05-23,2006,4.5
2006-05-24,2006,4.5
2006-05-25,2006,4.5
2006-05-26,2006,4.5
2006-05-29,2006,4.5
2006-05-30,2006,4.5
2006-05-31,2006,4.5
2006-06-01,2006,4.5
2006-06-02,2006,4.5
2006-06-05,2006,4.5
2006-06-06,2006,4.5
2006-06-07,2006,4.5
2006-06-08,2006,4.5
2006-06-09,2006,4.5
2006-06-12,2006,4.5
2006-06-13,2006,4.5
2006-06-14,2006,4.5
2006-06-16,2006,4.5
2006-06-19,2006,4.5
2006-06-20,2006,4.5
2006-06-21,2006,4.5
2006-06-22,2006,4.5
2006-06-23,2006,4.5
2006-06-26,2006,4.5
2006-06-27,2006,4.5
2006-06-28,2006,4.5
2006-06-29,2006,4.5
2006-06-30,2006,4.5
2006-07-03,2006,4.5
2006-07-04,2006,4.5
2006-07-05,2006,4.5
2006-07-06,2006,4.5
2006-07-07,2006,4.5
2006-07-10,2006,4.45
2006-07-11,2006,4.5
2006-07-12,2006,4.5
2006-07-13,2006,4.4
2006-07-14,2006,4.4
2006-07-17,2006,4.5
2006-07-18,2006,4.5
2006-07-19,2006,4.5
2006-07-20,2006,4.5
2006-07-21,2006,4.5
2006-07-24,2006,4.45
2006-07-25,2006,4.45
2006-07-26,2006,4.45
2006-07-27,2006,4.4
2006-07-28,2006,4.4
2006-07-31,2006,4.4
2006-08-01,2006,4.4
2006-08-02,2006,4.4
2006-08-03,2006,4.4
2006-08-04,2006,4.4
2006-08-07,2006,4.4
2006-08-08,2006,4.4
2006-08-09,2006,4.45
2006-08-10,2006,4.5
2006-08-11,2006,4.5
2006-08-14,2006,4.5
2006-08-15,2006,4.5
2006-08-16,2006,4.5
2006-08-17,2006,4.5
2006-08-18,2006,4.5
2006-08-21,2006,4.5
2006-08-22,2006,4.5
2006-08-23,2006,4.5
2006-08-24,2006,4.5
2006-08-25,2006,4.5
2006-08-28,2006,4.55
2006-08-29,2006,4.5
2006-08-30,2006,4.5
2006-08-31,2006,4.5
2006-09-01,2006,4.5
2006-09-04,2006,4.5
2006-09-05,2006,4.5
2006-09-06,2006,4.5
2006-09-08,2006,4.4
2006-09-11,2006,4.4
2006-09-12,2006,4.4
2006-09-13,2006,4.4
2006-09-14,2006,4.4
2006-09-15,2006,4.4
2006-09-18,2006,4.4
2006-09-19,2006,4.4
2006-09-20,2006,4.4
2006-09-21,2006,4.4
2006-09-22,2006,4.4
2006-09-25,2006,4.4
2006-09-26,2006,4.4
2006-09-27,2006,4.4
2006-09-28,2006,4.3
2006-09-29,2006,4.4
2006-10-02,2006,4.4
2006-10-03,2006,4.4
2006-10-04,2006,4.3
2006-10-05,2006,4.3
2006-10-06,2006,4.3
2006-10-09,2006,4.25
2006-10-10,2006,4.2
2006-10-11,2006,4.2
2006-10-13,2006,4.2
2006-10-16,2006,4.15
2006-10-17,2006,4.2
2006-10-18,2006,4.2
2006-10-19,2006,4.1
2006-10-20,2006,4.1
2006-10-23,2006,4.05
2006-10-24,2006,4.05
2006-10-25,2006,4.06
2006-10-26,2006,4.02
2006-10-27,2006,4.06
2006-10-30,2006,4.02
2006-10-31,2006,4.0
2006-11-01,2006,4.02
2006-11-03,2006,4.01
2006-11-06,2006,4.0
2006-11-07,2006,4.0
2006-11-08,2006,4.0
2006-11-09,2006,4.0
2006-11-10,2006,4.0
2006-11-13,2006,4.0
2006-11-14,2006,4.0
2006-11-16,2006,4.0
2006-11-17,2006,4.06
2006-11-20,2006,4.1
2006-11-21,2006,4.1
2006-11-22,2006,4.1
2006-11-23,2006,4.1
2006-11-24,2006,4.13
2006-11-27,2006,4.1
2006-11-28,2006,4.1
2006-11-29,2006,4.1
2006-11-30,2006,4.1
2006-12-01,2006,4.1
2006-12-04,2006,4.1
2006-12-05,2006,4.15
2006-12-06,2006,4.2
2006-12-07,2006,4.2
2006-12-08,2006,4.2
2006-12-11,2006,4.2
2006-12-12,2006,4.2
2006-12-13,2006,4.2
2006-12-14,2006,4.2
2006-12-15,2006,4.2
2006-12-18,2006,4.2
2006-12-19,2006,4.2
2006-12-20,2006,4.2
2006-12-21,2006,4.2
2006-12-22,2006,4.2
2006-12-26,2006,4.2
2006-12-27,2006,4.2
2006-12-28,2006,4.2
2006-12-29,2006,4.22
2007-01-02,2006,4.22
2007-01-03,2006,4.21
2007-01-04,2006,4.21
2007-01-05,2006,4.2
2007-01-08,2006,4.2
2007-01-09,2006,4.2
2007-01-10,2006,4.2
2007-01-11,2006,4.2
2003-05-28,2007,6.0
2003-05-29,2007,6.0
2003-05-30,2007,6.0
2003-06-02,2007,6.0
2003-06-03,2007,6.0
2003-06-04,2007,6.0
2003-06-05,2007,6.15
2003-06-06,2007,6.15
2003-06-09,2007,6.15
2003-06-10,2007,6.15
2003-06-11,2007,6.0
2003-06-12,2007,6.0
2003-06-13,2007,6.0
2003-06-16,2007,6.0
2003-06-17,2007,6.0
2003-06-18,2007,6.0
2003-06-20,2007,6.0
2003-06-23,2007,6.0
2003-06-24,2007,6.0
2003-06-25,2007,6.0
2003-06-26,2007,6.0
2003-06-27,2007,6.0
2003-06-30,2007,6.0
2003-07-01,2007,6.0
2003-07-02,2007,6.0
2003-07-03,2007,6.0
2003-07-04,2007,6.0
2003-07-07,2007,6.0
2003-07-08,2007,6.0
2003-07-09,2007,6.0
2003-07-10,2007,6.0
2003-07-11,2007,6.0
2003-07-14,2007,6.0
2003-07-15,2007,6.0
2003-07-16,2007,6.0
2003-07-17,2007,6.0
2003-07-18,2007,6.0
2003-07-21,2007,6.0
2003-07-22,2007,6.0
2003-07-23,2007,6.0
2003-07-24,2007,6.0
2003-07-25,2007,6.0
2003-07-28,2007,6.0
2003-07-29,2007,6.0
2003-07-30,2007,6.0
2003-07-31,2007,6.0
2003-08-01,2007,6.0
2003-08-04,2007,6.0
2003-08-05,2007,6.0
2003-08-06,2007,6.0
2003-08-07,2007,6.0
2003-08-08,2007,6.0
2003-08-11,2007,6.0
2003-08-12,2007,6.0
2003-08-13,2007,6.0
2003-08-14,2007,6.0
2003-08-15,2007,6.0
2003-08-18,2007,6.0
2003-08-19,2007,6.0
2003-08-20,2007,6.0
2003-08-21,2007,6.0
2003-08-22,2007,6.0
2003-08-25,2007,6.0
2003-08-26,2007,6.0
2003-08-27,2007,6.0
2003-08-28,2007,6.0
2003-08-29,2007,6.0
2003-09-01,2007,6.0
2003-09-02,2007,6.0
2003-09-03,2007,6.0
2003-09-04,2007,6.0
2003-09-05,2007,6.0
2003-09-08,2007,6.0
2003-09-09,2007,6.0
2003-09-10,2007,6.0
2003-09-11,2007,6.0
2003-09-12,2007,6.0
2003-09-15,2007,6.0
2003-09-16,2007,6.0
2003-09-17,2007,6.0
2003-09-18,2007,6.0
2003-09-19,2007,6.0
2003-09-22,2007,6.0
2003-09-23,2007,6.0
2003-09-24,2007,6.0
2003-09-25,2007,6.0
2003-09-26,2007,6.0
2003-09-29,2007,6.0
2003-09-30,2007,6.0
2003-10-01,2007,6.0
2003-10-02,2007,6.0
2003-10-03,2007,6.0
2003-10-06,2007,6.0
2003-10-07,2007,6.0
2003-10-08,2007,6.0
2003-10-09,2007,6.0
2003-10-10,2007,6.0
2003-10-13,2007,6.0
2003-10-14,2007,6.0
2003-10-15,2007,6.0
2003-10-16,2007,6.0
2003-10-17,2007,6.0
2003-10-20,2007,6.0
2003-10-21,2007,6.0
2003-10-22,2007,6.0
2003-10-23,2007,6.0
2003-10-24,2007,6.0
2003-10-28,2007,6.0
2003-10-29,2007,6.0
2003-10-30,2007,6.0
2003-10-31,2007,6.0
2003-11-03,2007,6.0
2003-11-04,2007,6.0
2003-11-05,2007,6.0
2003-11-06,2007,6.0
2003-11-07,2007,6.0
2003-11-10,2007,6.0
2003-11-11,2007,6.0
2003-11-12,2007,6.0
2003-11-13,2007,6.0
2003-11-14,2007,6.0
2003-11-17,2007,6.0
2003-11-18,2007,6.0
2003-11-19,2007,6.0
2003-11-20,2007,6.0
2003-11-21,2007,6.0
2003-11-24,2007,6.0
2003-11-25,2007,6.0
2003-11-26,2007,6.0
2003-11-27,2007,6.0
2003-11-28,2007,6.0
2003-12-01,2007,6.0
2003-12-02,2007,6.0
2003-12-03,2007,6.0
2003-12-04,2007,6.0
2003-12-05,2007,6.0
2003-12-08,2007,6.0
2003-12-09,2007,6.0
2003-12-10,2007,6.0
2003-12-11,2007,6.0
2003-12-12,2007,6.0
2003-12-15,2007,6.0
2003-12-16,2007,6.0
2003-12-17,2007,6.0
2003-12-18,2007,6.0
2003-12-19,2007,6.0
2003-12-22,2007,6.0
2003-12-23,2007,6.0
2003-12-26,2007,6.0
2003-12-29,2007,6.0
2003-12-30,2007,6.0
2004-01-02,2007,6.0
2004-01-05,2007,6.0
2004-01-06,2007,6.0
2004-01-07,2007,6.0
2004-01-08,2007,6.0
2004-01-09,2007,6.0
2004-01-12,2007,6.0
2004-01-14,2007,6.0
2004-01-15,2007,6.0
2004-01-16,2007,5.5
2004-01-19,2007,5.5
2004-01-20,2007,5.5
2004-01-21,2007,5.5
2004-01-22,2007,5.25
2004-01-23,2007,5.0
2004-01-26,2007,5.0
2004-01-27,2007,5.0
2004-01-28,2007,5.0
2004-01-29,2007,5.0
2004-01-30,2007,5.0
2004-02-02,2007,5.0
2004-02-03,2007,5.0
2004-02-04,2007,5.0
2004-02-05,2007,5.0
2004-02-06,2007,5.0
2004-02-09,2007,6.0
2004-02-10,2007,6.0
2004-02-11,2007,5.75
2004-02-12,2007,5.75
2004-02-13,2007,5.75
2004-02-16,2007,6.0
2004-02-17,2007,6.0
2004-02-18,2007,6.0
2004-02-19,2007,6.0
2004-02-20,2007,5.75
2004-02-25,2007,5.75
2004-02-26,2007,5.75
2004-02-27,2007,5.75
2004-03-01,2007,6.0
2004-03-02,2007,6.0
2004-03-03,2007,5.75
2004-03-04,2007,5.75
2004-03-05,2007,5.75
2004-03-08,2007,5.75
2004-03-09,2007,5.75
2004-03-10,2007,5.75
2004-03-11,2007,5.25
2004-03-12,2007,5.0
2004-03-15,2007,5.0
2004-03-16,2007,5.0
2004-03-17,2007,5.0
2004-03-18,2007,5.0
2004-03-19,2007,5.0
2004-03-22,2007,5.25
2004-03-23,2007,5.0
2004-03-24,2007,5.0
2004-03-25,2007,5.0
2004-03-26,2007,5.0
2004-03-29,2007,5.0
2004-03-30,2007,5.0
2004-03-31,2007,5.0
2004-04-01,2007,5.0
2004-04-02,2007,5.0
2004-04-05,2007,5.0
2004-04-06,2007,5.0
2004-04-07,2007,5.0
2004-04-08,2007,5.0
2004-04-12,2007,5.0
2004-04-13,2007,5.0
2004-04-14,2007,5.0
2004-04-15,2007,5.0
2004-04-16,2007,5.0
2004-04-19,2007,5.0
2004-04-20,2007,5.0
2004-04-22,2007,5.0
2004-04-23,2007,5.0
2004-04-26,2007,5.0
2004-04-27,2007,5.0
2004-04-28,2007,5.0
2004-04-29,2007,5.0
2004-04-30,2007,5.0
2004-05-03,2007,5.0
2004-05-04,2007,5.0
2004-05-05,2007,5.0
2004-05-06,2007,5.25
2004-05-07,2007,5.0
2004-05-10,2007,5.0
2004-05-11,2007,5.0
2004-05-12,2007,5.0
2004-05-13,2007,5.0
2004-05-14,2007,5.0
2004-05-17,2007,5.0
2004-05-18,2007,5.0
2004-05-19,2007,5.0
2004-05-20,2007,5.25
2004-05-21,2007,5.5
2004-05-24,2007,5.5
2004-05-25,2007,5.5
2004-05-26,2007,5.5
2004-05-27,2007,5.5
2004-05-28,2007,5.5
2004-05-31,2007,5.5
2004-06-01,2007,5.5
2004-06-02,2007,5.5
2004-06-03,2007,5.5
2004-06-04,2007,5.5
2004-06-07,2007,5.5
2004-06-08,2007,5.5
2004-06-09,2007,5.5
2004-06-11,2007,5.25
2004-06-14,2007,5.0
2004-06-15,2007,5.0
2004-06-16,2007,5.0
2004-06-17,2007,5.0
2004-06-18,2007,5.0
2004-06-21,2007,5.0
2004-06-22,2007,5.0
2004-06-23,2007,5.0
2004-06-24,2007,5.0
2004-06-25,2007,5.0
2004-06-28,2007,5.0
2004-06-29,2007,5.0
2004-06-30,2007,5.0
2004-07-01,2007,5.0
2004-07-02,2007,5.0
2004-07-05,2007,5.0
2004-07-06,2007,5.0
2004-07-07,2007,5.5
2004-07-08,2007,5.5
2004-07-09,2007,5.5
2004-07-12,2007,5.5
2004-07-13,2007,5.5
2004-07-14,2007,5.25
2004-07-15,2007,5.25
2004-07-16,2007,5.25
2004-07-19,2007,5.5
2004-07-20,2007,5.5
2004-07-21,2007,5.5
2004-07-22,2007,5.25
2004-07-23,2007,5.25
2004-07-26,2007,5.25
2004-07-27,2007,5.25
2004-07-28,2007,5.25
2004-07-29,2007,5.25
2004-07-30,2007,5.25
2004-08-02,2007,5.0
2004-08-03,2007,5.0
2004-08-04,2007,5.0
2004-08-05,2007,5.0
2004-08-06,2007,5.0
2004-08-09,2007,5.0
2004-08-10,2007,5.0
2004-08-11,2007,5.0
2004-08-12,2007,5.0
2004-08-13,2007,5.0
2004-08-16,2007,5.25
2004-08-17,2007,5.5
2004-08-18,2007,5.5
2004-08-19,2007,5.5
2004-08-20,2007,5.5
2004-08-23,2007,5.5
2004-08-24,2007,5.5
2004-08-25,2007,5.5
2004-08-26,2007,5.5
2004-08-27,2007,5.5
2004-08-30,2007,5.5
2004-08-31,2007,5.5
2004-09-01,2007,5.5
2004-09-02,2007,5.5
2004-09-03,2007,5.5
2004-09-06,2007,5.5
2004-09-08,2007,5.5
2004-09-09,2007,5.5
2004-09-10,2007,5.25
2004-09-13,2007,5.5
2004-09-14,2007,5.5
2004-09-15,2007,5.5
2004-09-16,2007,5.5
2004-09-17,2007,5.5
2004-09-20,2007,5.5
2004-09-21,2007,5.5
2004-09-22,2007,5.5
2004-09-23,2007,5.5
2004-09-24,2007,5.5
2004-09-27,2007,5.5
2004-09-28,2007,5.5
2004-09-29,2007,5.5
2004-09-30,2007,5.5
2004-10-01,2007,5.4
2004-10-04,2007,5.4
2004-10-05,2007,5.4
2004-10-06,2007,5.4
2004-10-07,2007,5.3
2004-10-08,2007,5.3
2004-10-11,2007,5.3
2004-10-13,2007,5.3
2004-10-14,2007,5.4
2004-10-15,2007,5.4
2004-10-18,2007,5.4
2004-10-19,2007,5.4
2004-10-20,2007,5.4
2004-10-21,2007,5.5
2004-10-22,2007,5.5
2004-10-25,2007,5.5
2004-10-26,2007,5.5
2004-10-27,2007,5.5
2004-10-28,2007,5.5
2004-10-29,2007,5.5
2004-11-03,2007,5.5
2004-11-04,2007,5.5
2004-11-05,2007,5.5
2004-11-08,2007,5.5
2004-11-09,2007,5.5
2004-11-10,2007,5.5
2004-11-11,2007,5.5
2004-11-12,2007,5.5
2004-11-16,2007,5.5
2004-11-17,2007,5.5
2004-11-18,2007,5.5
2004-11-19,2007,5.5
2004-11-22,2007,5.5
2004-11-23,2007,5.5
2004-11-24,2007,5.5
2004-11-25,2007,5.5
2004-11-26,2007,5.5
2004-11-29,2007,5.3
2004-11-30,2007,5.4
2004-12-01,2007,5.4
2004-12-02,2007,5.5
2004-12-03,2007,5.5
2004-12-06,2007,5.5
2004-12-07,2007,5.5
2004-12-08,2007,5.5
2004-12-09,2007,5.5
2004-12-10,2007,5.5
2004-12-13,2007,5.5
2004-12-14,2007,5.5
2004-12-15,2007,5.5
2004-12-16,2007,5.5
2004-12-17,2007,5.6
2004-12-20,2007,5.6
2004-12-21,2007,5.6
2004-12-22,2007,5.5
2004-12-23,2007,5.5
2004-12-27,2007,5.5
2004-12-28,2007,5.5
2004-12-29,2007,5.5
2004-12-30,2007,5.5
2005-01-03,2007,5.5
2005-01-04,2007,5.5
2005-01-05,2007,5.5
2005-01-06,2007,5.4
2005-01-07,2007,5.4
2005-01-10,2007,5.4
2005-01-11,2007,5.5
2005-01-12,2007,5.5
2005-01-13,2007,5.5
2005-01-14,2007,5.5
2005-01-17,2007,5.6
2005-01-18,2007,5.7
2005-01-19,2007,5.7
2005-01-20,2007,5.7
2005-01-21,2007,5.6
2005-01-24,2007,5.6
2005-01-25,2007,5.6
2005-01-26,2007,5.6
2005-01-27,2007,5.5
2005-01-28,2007,5.4
2005-01-31,2007,5.3
2005-02-01,2007,5.3
2005-02-02,2007,5.3
2005-02-03,2007,5.3
2005-02-04,2007,5.3
2005-02-09,2007,5.15
2005-02-10,2007,5.15
2005-02-11,2007,5.15
2005-02-14,2007,5.15
2005-02-15,2007,5.15
2005-02-16,2007,5.3
2005-02-17,2007,5.4
2005-02-18,2007,5.4
2005-02-21,2007,5.45
2005-02-22,2007,5.4
2005-02-23,2007,5.4
2005-02-24,2007,5.4
2005-02-25,2007,5.35
2005-02-28,2007,5.3
2005-03-01,2007,5.3
2005-03-02,2007,5.3
2005-03-03,2007,5.35
2005-03-04,2007,5.35
2005-03-07,2007,5.35
2005-03-08,2007,5.35
2005-03-09,2007,5.3
2005-03-10,2007,5.3
2005-03-11,2007,5.3
2005-03-14,2007,5.3
2005-03-15,2007,5.3
2005-03-16,2007,5.3
2005-03-17,2007,5.3
2005-03-18,2007,5.15
2005-03-21,2007,5.0
2005-03-22,2007,5.0
2005-03-23,2007,5.0
2005-03-24,2007,5.0
2005-03-28,2007,5.0
2005-03-29,2007,5.0
2005-03-30,2007,5.0
2005-03-31,2007,5.0
2005-04-01,2007,5.0
2005-04-04,2007,5.0
2005-04-05,2007,5.0
2005-04-06,2007,5.0
2005-04-07,2007,5.0
2005-04-08,2007,5.0
2005-04-11,2007,5.0
2005-04-12,2007,5.0
2005-04-13,2007,5.0
2005-04-14,2007,5.0
2005-04-15,2007,5.0
2005-04-18,2007,5.2
2005-04-19,2007,5.2
2005-04-20,2007,5.2
2005-04-22,2007,5.2
2005-04-25,2007,5.0
2005-04-26,2007,5.2
2005-04-27,2007,5.2
2005-04-28,2007,5.45
2005-04-29,2007,5.45
2005-05-02,2007,5.4
2005-05-03,2007,5.4
2005-05-04,2007,5.45
2005-05-05,2007,5.45
2005-05-06,2007,5.5
2005-05-09,2007,5.55
2005-05-10,2007,5.55
2005-05-11,2007,5.5
2005-05-12,2007,5.5
2005-05-13,2007,5.5
2005-05-16,2007,5.5
2005-05-17,2007,5.5
2005-05-18,2007,5.5
2005-05-19,2007,5.5
2005-05-20,2007,5.5
2005-05-23,2007,5.5
2005-05-24,2007,5.5
2005-05-25,2007,5.5
2005-05-27,2007,5.5
2005-05-30,2007,5.5
2005-05-31,2007,5.5
2005-06-01,2007,5.5
2005-06-02,2007,5.5
2005-06-03,2007,5.5
2005-06-06,2007,5.5
2005-06-07,2007,5.5
2005-06-08,2007,5.5
2005-06-09,2007,5.5
2005-06-10,2007,5.5
2005-06-13,2007,5.5
2005-06-14,2007,5.5
2005-06-15,2007,5.5
2005-06-16,2007,5.5
2005-06-17,2007,5.5
2005-06-20,2007,5.5
2005-06-21,2007,5.45
2005-06-22,2007,5.3
2005-06-23,2007,5.2
2005-06-24,2007,5.1
2005-06-27,2007,5.1
2005-06-28,2007,5.1
2005-06-29,2007,5.0
2005-06-30,2007,5.0
2005-07-01,2007,5.1
2005-07-04,2007,5.0
2005-07-05,2007,5.0
2005-07-06,2007,5.0
2005-07-07,2007,5.0
2005-07-08,2007,5.0
2005-07-11,2007,5.0
2005-07-12,2007,5.0
2005-07-13,2007,5.0
2005-07-14,2007,5.0
2005-07-15,2007,5.1
2005-07-18,2007,5.0
2005-07-19,2007,5.0
2005-07-20,2007,5.0
2005-07-21,2007,5.0
2005-07-22,2007,5.0
2005-07-25,2007,5.0
2005-07-26,2007,5.0
2005-07-27,2007,5.0
2005-07-28,2007,5.0
2005-07-29,2007,5.0
2005-08-01,2007,5.0
2005-08-02,2007,5.0
2005-08-03,2007,5.0
2005-08-04,2007,5.0
2005-08-05,2007,5.0
2005-08-08,2007,5.0
2005-08-09,2007,5.0
2005-08-10,2007,5.0
2005-08-11,2007,5.0
2005-08-12,2007,5.0
2005-08-15,2007,5.0
2005-08-16,2007,5.0
2005-08-17,2007,5.0
2005-08-18,2007,5.0
2005-08-19,2007,5.0
2005-08-22,2007,5.0
2005-08-23,2007,5.0
2005-08-24,2007,5.0
2005-08-25,2007,5.0
2005-08-26,2007,5.0
2005-08-29,2007,5.0
2005-08-30,2007,5.0
2005-08-31,2007,5.0
2005-09-01,2007,5.0
2005-09-02,2007,5.0
2005-09-05,2007,5.0
2005-09-06,2007,5.0
2005-09-08,2007,5.0
2005-09-09,2007,5.0
2005-09-12,2007,5.0
2005-09-13,2007,5.0
2005-09-14,2007,5.0
2005-09-15,2007,5.0
2005-09-16,2007,5.0
2005-09-19,2007,5.0
2005-09-20,2007,5.0
2005-09-21,2007,5.0
2005-09-22,2007,5.0
2005-09-23,2007,5.0
2005-09-26,2007,5.0
2005-09-27,2007,5.0
2005-09-28,2007,5.0
2005-09-29,2007,5.0
2005-09-30,2007,5.0
2005-10-03,2007,4.8
2005-10-04,2007,4.8
2005-10-05,2007,4.8
2005-10-06,2007,4.8
2005-10-07,2007,4.8
2005-10-10,2007,4.75
2005-10-11,2007,4.75
2005-10-13,2007,4.8
2005-10-14,2007,4.8
2005-10-17,2007,4.8
2005-10-18,2007,4.8
2005-10-19,2007,4.8
2005-10-20,2007,4.8
2005-10-21,2007,4.8
2005-10-24,2007,4.85
2005-10-25,2007,4.8
2005-10-26,2007,4.8
2005-10-27,2007,4.8
2005-10-28,2007,4.8
2005-10-31,2007,4.75
2005-11-01,2007,4.75
2005-11-03,2007,4.75
2005-11-04,2007,4.7
2005-11-07,2007,4.7
2005-11-08,2007,4.75
2005-11-09,2007,4.8
2005-11-10,2007,4.75
2005-11-11,2007,4.8
2005-11-14,2007,4.75
2005-11-16,2007,4.75
2005-11-17,2007,4.7
2005-11-18,2007,4.6
2005-11-21,2007,4.6
2005-11-22,2007,4.6
2005-11-23,2007,4.6
2005-11-24,2007,4.6
2005-11-25,2007,4.6
2005-11-28,2007,4.6
2005-11-29,2007,4.6
2005-11-30,2007,4.6
2005-12-01,2007,4.6
2005-12-02,2007,4.6
2005-12-05,2007,4.6
2005-12-06,2007,4.6
2005-12-07,2007,4.5
2005-12-08,2007,4.5
2005-12-09,2007,4.5
2005-12-12,2007,4.5
2005-12-13,2007,4.5
2005-12-14,2007,4.5
2005-12-15,2007,4.4
2005-12-16,2007,4.4
2005-12-19,2007,4.5
2005-12-20,2007,4.5
2005-12-21,2007,4.5
2005-12-22,2007,4.28
2005-12-23,2007,4.3
2005-12-26,2007,4.3
2005-12-27,2007,4.3
2005-12-28,2007,4.3
2005-12-29,2007,4.3
2005-12-30,2007,4.3
2006-01-02,2007,4.3
2006-01-03,2007,4.3
2006-01-04,2007,4.3
2006-01-05,2007,4.3
2006-01-06,2007,4.3
2006-01-09,2007,4.23
2006-01-10,2007,4.23
2006-01-11,2007,4.23
2006-01-12,2007,4.38
2006-01-13,2007,4.2
2006-01-16,2007,4.2
2006-01-17,2007,4.1
2006-01-18,2007,4.0
2006-01-19,2007,4.0
2006-01-20,2007,4.0
2006-01-23,2007,4.1
2006-01-24,2007,4.1
2006-01-25,2007,4.1
2006-01-26,2007,4.1
2006-01-27,2007,4.1
2006-01-30,2007,4.1
2006-01-31,2007,4.0
2006-02-01,2007,4.0
2006-02-02,2007,4.0
2006-02-03,2007,4.05
2006-02-06,2007,4.05
2006-02-07,2007,4.05
2006-02-08,2007,4.1
2006-02-09,2007,4.15
2006-02-10,2007,4.2
2006-02-13,2007,4.2
2006-02-14,2007,4.2
2006-02-15,2007,4.15
2006-02-16,2007,4.1
2006-02-17,2007,4.2
2006-02-20,2007,4.0
2006-02-21,2007,4.0
2006-02-22,2007,4.0
2006-02-23,2007,4.0
2006-02-24,2007,4.0
2006-03-01,2007,4.1
2006-03-02,2007,4.1
2006-03-03,2007,4.2
2006-03-06,2007,4.2
2006-03-07,2007,4.2
2006-03-08,2007,4.2
2006-03-09,2007,4.2
2006-03-10,2007,4.1
2006-03-13,2007,4.0
2006-03-14,2007,4.0
2006-03-15,2007,4.0
2006-03-16,2007,4.0
2006-03-17,2007,4.1
2006-03-20,2007,4.2
2006-03-21,2007,4.2
2006-03-22,2007,4.2
2006-03-23,2007,4.2
2006-03-24,2007,4.2
2006-03-27,2007,4.1
2006-03-28,2007,4.1
2006-03-29,2007,4.1
2006-03-30,2007,4.1
2006-03-31,2007,4.1
2006-04-03,2007,4.0
2006-04-04,2007,4.0
2006-04-05,2007,4.0
2006-04-06,2007,4.0
2006-04-07,2007,4.1
2006-04-10,2007,4.25
2006-04-11,2007,4.2
2006-04-12,2007,4.2
2006-04-13,2007,4.2
2006-04-17,2007,4.25
2006-04-18,2007,4.25
2006-04-19,2007,4.3
2006-04-20,2007,4.25
2006-04-24,2007,4.3
2006-04-25,2007,4.4
2006-04-26,2007,4.4
2006-04-27,2007,4.5
2006-04-28,2007,4.45
2006-05-02,2007,4.45
2006-05-03,2007,4.45
2006-05-04,2007,4.45
2006-05-05,2007,4.4
2006-05-08,2007,4.45
2006-05-09,2007,4.5
2006-05-10,2007,4.5
2006-05-11,2007,4.5
2006-05-12,2007,4.5
2006-05-15,2007,4.5
2006-05-16,2007,4.5
2006-05-17,2007,4.5
2006-05-18,2007,4.5
2006-05-19,2007,4.5
2006-05-22,2007,4.5
2006-05-23,2007,4.5
2006-05-24,2007,4.5
2006-05-25,2007,4.5
2006-05-26,2007,4.5
2006-05-29,2007,4.5
2006-05-30,2007,4.5
2006-05-31,2007,4.5
2006-06-01,2007,4.5
2006-06-02,2007,4.5
2006-06-05,2007,4.5
2006-06-06,2007,4.5
2006-06-07,2007,4.5
2006-06-08,2007,4.5
2006-06-09,2007,4.5
2006-06-12,2007,4.5
2006-06-13,2007,4.5
2006-06-14,2007,4.5
2006-06-16,2007,4.5
2006-06-19,2007,4.5
2006-06-20,2007,4.5
2006-06-21,2007,4.5
2006-06-22,2007,4.5
2006-06-23,2007,4.5
2006-06-26,2007,4.5
2006-06-27,2007,4.5
2006-06-28,2007,4.5
2006-06-29,2007,4.5
2006-06-30,2007,4.5
2006-07-03,2007,4.5
2006-07-04,2007,4.5
2006-07-05,2007,4.5
2006-07-06,2007,4.5
2006-07-07,2007,4.5
2006-07-10,2007,4.5
2006-07-11,2007,4.5
2006-07-12,2007,4.5
2006-07-13,2007,4.5
2006-07-14,2007,4.5
2006-07-17,2007,4.5
2006-07-18,2007,4.5
2006-07-19,2007,4.5
2006-07-20,2007,4.5
2006-07-21,2007,4.5
2006-07-24,2007,4.5
2006-07-25,2007,4.5
2006-07-26,2007,4.5
2006-07-27,2007,4.5
2006-07-28,2007,4.5
2006-07-31,2007,4.5
2006-08-01,2007,4.5
2006-08-02,2007,4.5
2006-08-03,2007,4.5
2006-08-04,2007,4.5
2006-08-07,2007,4.5
2006-08-08,2007,4.5
2006-08-09,2007,4.5
2006-08-10,2007,4.5
2006-08-11,2007,4.5
2006-08-14,2007,4.5
2006-08-15,2007,4.5
2006-08-16,2007,4.5
2006-08-17,2007,4.5
2006-08-18,2007,4.5
2006-08-21,2007,4.5
2006-08-22,2007,4.5
2006-08-23,2007,4.5
2006-08-24,2007,4.5
2006-08-25,2007,4.5
2006-08-28,2007,4.5
2006-08-29,2007,4.5
2006-08-30,2007,4.5
2006-08-31,2007,4.5
2006-09-01,2007,4.5
2006-09-04,2007,4.5
2006-09-05,2007,4.5
2006-09-06,2007,4.5
2006-09-08,2007,4.5
2006-09-11,2007,4.5
2006-09-12,2007,4.5
2006-09-13,2007,4.5
2006-09-14,2007,4.5
2006-09-15,2007,4.5
2006-09-18,2007,4.5
2006-09-19,2007,4.5
2006-09-20,2007,4.5
2006-09-21,2007,4.5
2006-09-22,2007,4.5
2006-09-25,2007,4.5
2006-09-26,2007,4.5
2006-09-27,2007,4.5
2006-09-28,2007,4.5
2006-09-29,2007,4.5
2006-10-02,2007,4.5
2006-10-03,2007,4.5
2006-10-04,2007,4.5
2006-10-05,2007,4.5
2006-10-06,2007,4.4
2006-10-09,2007,4.5
2006-10-10,2007,4.5
2006-10-11,2007,4.3
2006-10-13,2007,4.3
2006-10-16,2007,4.3
2006-10-17,2007,4.4
2006-10-18,2007,4.35
2006-10-19,2007,4.45
2006-10-20,2007,4.4
2006-10-23,2007,4.3
2006-10-24,2007,4.3
2006-10-25,2007,4.3
2006-10-26,2007,4.4
2006-10-27,2007,4.5
2006-10-30,2007,4.5
2006-10-31,2007,4.5
2006-11-01,2007,4.5
2006-11-03,2007,4.5
2006-11-06,2007,4.5
2006-11-07,2007,4.5
2006-11-08,2007,4.5
2006-11-09,2007,4.5
2006-11-10,2007,4.5
2006-11-13,2007,4.4
2006-11-14,2007,4.4
2006-11-16,2007,4.5
2006-11-17,2007,4.3
2006-11-20,2007,4.3
2006-11-21,2007,4.3
2006-11-22,2007,4.3
2006-11-23,2007,4.3
2006-11-24,2007,4.2
2006-11-27,2007,4.2
2006-11-28,2007,4.15
2006-11-29,2007,4.2
2006-11-30,2007,4.15
2006-12-01,2007,4.08
2006-12-04,2007,4.03
2006-12-05,2007,4.03
2006-12-06,2007,4.03
2006-12-07,2007,4.0
2006-12-08,2007,4.0
2006-12-11,2007,4.0
2006-12-12,2007,4.0
2006-12-13,2007,4.0
2006-12-14,2007,4.0
2006-12-15,2007,4.0
2006-12-18,2007,4.0
2006-12-19,2007,4.0
2006-12-20,2007,4.0
2006-12-21,2007,4.0
2006-12-22,2007,4.0
2006-12-26,2007,4.0
2006-12-27,2007,4.0
2006-12-28,2007,3.98
2006-12-29,2007,4.0
2007-01-02,2007,4.0
2007-01-03,2007,4.0
2007-01-04,2007,4.0
2007-01-05,2007,4.0
2007-01-08,2007,4.0
2007-01-09,2007,4.0
2007-01-10,2007,4.0
2007-01-11,2007,4.0
2007-01-12,2007,3.95
2007-01-15,2007,4.0
2007-01-16,2007,4.0
2007-01-17,2007,4.0
2007-01-18,2007,4.0
2007-01-19,2007,4.0
2007-01-22,2007,4.0
2007-01-23,2007,4.0
2007-01-24,2007,4.0
2007-01-25,2007,4.0
2007-01-26,2007,4.0
2007-01-29,2007,4.0
2007-01-30,2007,4.0
2007-01-31,2007,4.0
2007-02-01,2007,4.0
2007-02-02,2007,4.0
2007-02-05,2007,4.0
2007-02-06,2007,4.0
2007-02-07,2007,3.95
2007-02-08,2007,3.9
2007-02-09,2007,3.8
2007-02-12,2007,3.8
2007-02-13,2007,3.8
2007-02-14,2007,3.8
2007-02-15,2007,3.8
2007-02-16,2007,3.8
2007-02-21,2007,3.8
2007-02-22,2007,3.8
2007-02-23,2007,3.8
2007-02-26,2007,3.8
2007-02-27,2007,3.8
2007-02-28,2007,3.8
2007-03-01,2007,3.8
2007-03-02,2007,3.8
2007-03-05,2007,3.8
2007-03-06,2007,3.8
2007-03-07,2007,3.8
2007-03-08,2007,3.8
2007-03-09,2007,3.8
2007-03-12,2007,3.8
2007-03-13,2007,3.8
2007-03-14,2007,3.8
2007-03-15,2007,3.8
2007-03-16,2007,3.8
2007-03-19,2007,3.8
2007-03-20,2007,3.8
2007-03-21,2007,3.8
2007-03-22,2007,3.75
2007-03-23,2007,3.7
2007-03-26,2007,3.7
2007-03-27,2007,3.7
2007-03-28,2007,3.7
2007-03-29,2007,3.65
2007-03-30,2007,3.65
2007-04-02,2007,3.65
2007-04-03,2007,3.65
2007-04-04,2007,3.65
2007-04-05,2007,3.55
2007-04-09,2007,3.55
2007-04-10,2007,3.5
2007-04-11,2007,3.5
2007-04-12,2007,3.5
2007-04-13,2007,3.5
2007-04-16,2007,3.5
2007-04-17,2007,3.5
2007-04-18,2007,3.5
2007-04-19,2007,3.5
2007-04-20,2007,3.5
2007-04-23,2007,3.5
2007-04-24,2007,3.5
2007-04-25,2007,3.5
2007-04-26,2007,3.5
2007-04-27,2007,3.5
2007-04-30,2007,3.5
2007-05-02,2007,3.5
2007-05-03,2007,3.5
2007-05-04,2007,3.45
2007-05-07,2007,3.4
2007-05-08,2007,3.4
2007-05-09,2007,3.4
2007-05-10,2007,3.4
2007-05-11,2007,3.4
2007-05-14,2007,3.4
2007-05-15,2007,3.4
2007-05-16,2007,3.4
2007-05-17,2007,3.36
2007-05-18,2007,3.3
2007-05-21,2007,3.32
2007-05-22,2007,3.32
2007-05-23,2007,3.3
2007-05-24,2007,3.3
2007-05-25,2007,3.3
2007-05-28,2007,3.3
2007-05-29,2007,3.3
2007-05-30,2007,3.3
2007-05-31,2007,3.3
2007-06-01,2007,3.3
2007-06-04,2007,3.3
2007-06-05,2007,3.2
2007-06-06,2007,3.2
2007-06-08,2007,3.2
2007-06-11,2007,3.2
2007-06-12,2007,3.2
2007-06-13,2007,3.2
2007-06-14,2007,3.2
2007-06-15,2007,3.2
2007-06-18,2007,3.2
2007-06-19,2007,3.2
2007-06-20,2007,3.1
2007-06-21,2007,3.1
2007-06-22,2007,3.1
2007-06-25,2007,3.1
2007-06-26,2007,3.1
2007-06-27,2007,3.1
2007-06-28,2007,3.1
2007-06-29,2007,3.1
2007-07-02,2007,3.1
2007-07-03,2007,3.1
2007-07-04,2007,3.1
2007-07-05,2007,3.1
2007-07-06,2007,3.1
2007-07-09,2007,3.1
2007-07-10,2007,3.1
2007-07-11,2007,3.1
2007-07-12,2007,3.0
2007-07-13,2007,3.0
2007-07-16,2007,3.0
2007-07-17,2007,3.0
2007-07-18,2007,3.0
2007-07-19,2007,3.0
2007-07-20,2007,3.0
2007-07-23,2007,3.0
2007-07-24,2007,3.0
2007-07-25,2007,3.0
2007-07-26,2007,3.0
2007-07-27,2007,3.0
2007-07-30,2007,2.97
2007-07-31,2007,2.8
2007-08-01,2007,2.8
2007-08-02,2007,2.8
2007-08-03,2007,2.8
2007-08-06,2007,2.8
2007-08-07,2007,2.8
2007-08-08,2007,2.8
2007-08-09,2007,2.8
2007-08-10,2007,2.75
2007-08-13,2007,2.8
2007-08-14,2007,2.8
2007-08-15,2007,2.7
2007-08-16,2007,2.7
2007-08-17,2007,2.6
2007-08-20,2007,2.6
2007-08-21,2007,2.6
2007-08-22,2007,2.5
2007-08-23,2007,2.5
2007-08-24,2007,2.5
2007-08-27,2007,2.5
2007-08-28,2007,2.5
2007-08-29,2007,2.5
2007-08-30,2007,2.5
2007-08-31,2007,2.5
2007-09-03,2007,2.5
2007-09-04,2007,2.5
2007-09-05,2007,2.5
2007-09-06,2007,2.5
2007-09-10,2007,2.5
2007-09-11,2007,2.5
2007-09-12,2007,2.5
2007-09-13,2007,2.5
2007-09-14,2007,2.5
2007-09-17,2007,2.5
2007-09-18,2007,2.5
2007-09-19,2007,2.5
2007-09-20,2007,2.5
2007-09-21,2007,2.4
2007-09-24,2007,2.45
2007-09-25,2007,2.45
2007-09-26,2007,2.45
2007-09-27,2007,2.4
2007-09-28,2007,2.45
2007-10-01,2007,2.45
2007-10-02,2007,2.45
2007-10-03,2007,2.5
2007-10-04,2007,2.45
2007-10-05,2007,2.4
2007-10-08,2007,2.5
2007-10-09,2007,2.45
2007-10-10,2007,2.45
2007-10-11,2007,2.4
2007-10-15,2007,2.33
2007-10-16,2007,2.3
2007-10-17,2007,2.3
2007-10-18,2007,2.3
2007-10-19,2007,2.3
2007-10-22,2007,2.3
2007-10-23,2007,2.3
2007-10-24,2007,2.3
2007-10-25,2007,2.3
2007-10-26,2007,2.3
2007-10-29,2007,2.3
2007-10-30,2007,2.25
2007-10-31,2007,2.3
2007-11-01,2007,2.3
2007-11-05,2007,2.25
2007-11-06,2007,2.25
2007-11-07,2007,2.3
2007-11-08,2007,2.3
2007-11-09,2007,2.3
2007-11-12,2007,2.3
2007-11-13,2007,2.3
2007-11-14,2007,2.3
2007-11-16,2007,2.3
2007-11-19,2007,2.3
2007-11-20,2007,2.3
2007-11-21,2007,2.3
2007-11-22,2007,2.3
2007-11-23,2007,2.3
2007-11-26,2007,2.3
2007-11-27,2007,2.3
2007-11-28,2007,2.3
2007-11-29,2007,2.2
2007-11-30,2007,2.25
2007-12-03,2007,2.2
2007-12-04,2007,2.2
2007-12-05,2007,2.2
2007-12-06,2007,2.2
2007-12-07,2007,2.2
2007-12-10,2007,2.2
2007-12-11,2007,2.15
2007-12-12,2007,2.15
2007-12-13,2007,2.1
2007-12-14,2007,2.0
2007-12-17,2007,2.0
2007-12-18,2007,2.0
2007-12-19,2007,2.0
2007-12-20,2007,2.0
2007-12-21,2007,2.0
2007-12-24,2007,2.0
2007-12-26,2007,2.0
2007-12-27,2007,2.0
2007-12-28,2007,2.0
2007-12-31,2007,2.0
2008-01-02,2007,2.0
2008-01-03,2007,2.0
2008-01-04,2007,2.0
2008-01-07,2007,2.0
2008-01-08,2007,2.0
2008-01-09,2007,2.0
2008-01-10,2007,2.0
2004-01-09,2008,5.0
2004-01-12,2008,5.0
2004-01-14,2008,5.5
2004-01-15,2008,5.5
2004-01-16,2008,5.25
2004-01-19,2008,5.25
2004-01-20,2008,5.25
2004-01-21,2008,5.25
2004-01-22,2008,5.25
2004-01-23,2008,5.25
2004-01-26,2008,5.25
2004-01-27,2008,5.25
2004-01-28,2008,5.25
2004-01-29,2008,5.25
2004-01-30,2008,5.25
2004-02-02,2008,5.25
2004-02-03,2008,5.25
2004-02-04,2008,5.25
2004-02-05,2008,5.25
2004-02-06,2008,5.25
2004-02-09,2008,5.25
2004-02-10,2008,5.25
2004-02-11,2008,5.0
2004-02-12,2008,5.0
2004-02-13,2008,5.0
2004-02-16,2008,5.25
2004-02-17,2008,5.25
2004-02-18,2008,5.25
2004-02-19,2008,5.25
2004-02-20,2008,5.0
2004-02-25,2008,5.0
2004-02-26,2008,5.0
2004-02-27,2008,5.0
2004-03-01,2008,5.25
2004-03-02,2008,5.25
2004-03-03,2008,5.0
2004-03-04,2008,5.0
2004-03-05,2008,5.0
2004-03-08,2008,5.0
2004-03-09,2008,5.0
2004-03-10,2008,5.0
2004-03-11,2008,5.25
2004-03-12,2008,5.0
2004-03-15,2008,5.0
2004-03-16,2008,5.0
2004-03-17,2008,5.0
2004-03-18,2008,5.0
2004-03-19,2008,5.0
2004-03-22,2008,5.25
2004-03-23,2008,5.0
2004-03-24,2008,5.0
2004-03-25,2008,5.0
2004-03-26,2008,5.0
2004-03-29,2008,5.0
2004-03-30,2008,5.0
2004-03-31,2008,5.0
2004-04-01,2008,5.0
2004-04-02,2008,5.0
2004-04-05,2008,5.0
2004-04-06,2008,5.0
2004-04-07,2008,5.0
2004-04-08,2008,5.0
2004-04-12,2008,5.0
2004-04-13,2008,5.0
2004-04-14,2008,5.0
2004-04-15,2008,5.0
2004-04-16,2008,5.0
2004-04-19,2008,5.0
2004-04-20,2008,5.0
2004-04-22,2008,5.0
2004-04-23,2008,5.0
2004-04-26,2008,5.0
2004-04-27,2008,5.0
2004-04-28,2008,5.0
2004-04-29,2008,5.0
2004-04-30,2008,5.0
2004-05-03,2008,5.0
2004-05-04,2008,5.0
2004-05-05,2008,5.0
2004-05-06,2008,5.0
2004-05-07,2008,5.0
2004-05-10,2008,5.0
2004-05-11,2008,5.0
2004-05-12,2008,5.0
2004-05-13,2008,5.0
2004-05-14,2008,5.0
2004-05-17,2008,5.0
2004-05-18,2008,5.0
2004-05-19,2008,5.0
2004-05-20,2008,5.0
2004-05-21,2008,5.25
2004-05-24,2008,5.25
2004-05-25,2008,5.25
2004-05-26,2008,5.25
2004-05-27,2008,5.25
2004-05-28,2008,5.25
2004-05-31,2008,5.25
2004-06-01,2008,5.25
2004-06-02,2008,5.25
2004-06-03,2008,5.25
2004-06-04,2008,5.25
2004-06-07,2008,5.5
2004-06-08,2008,5.5
2004-06-09,2008,5.25
2004-06-11,2008,5.0
2004-06-14,2008,5.0
2004-06-15,2008,5.0
2004-06-16,2008,5.0
2004-06-17,2008,5.0
2004-06-18,2008,5.0
2004-06-21,2008,5.0
2004-06-22,2008,5.0
2004-06-23,2008,5.0
2004-06-24,2008,5.0
2004-06-25,2008,4.75
2004-06-28,2008,4.75
2004-06-29,2008,4.75
2004-06-30,2008,5.0
2004-07-01,2008,5.0
2004-07-02,2008,5.0
2004-07-05,2008,5.0
2004-07-06,2008,5.0
2004-07-07,2008,5.0
2004-07-08,2008,5.25
2004-07-09,2008,5.25
2004-07-12,2008,5.25
2004-07-13,2008,5.0
2004-07-14,2008,5.0
2004-07-15,2008,5.0
2004-07-16,2008,5.0
2004-07-19,2008,5.0
2004-07-20,2008,5.0
2004-07-21,2008,5.0
2004-07-22,2008,5.0
2004-07-23,2008,5.0
2004-07-26,2008,5.0
2004-07-27,2008,5.0
2004-07-28,2008,5.0
2004-07-29,2008,5.0
2004-07-30,2008,5.0
2004-08-02,2008,5.0
2004-08-03,2008,5.0
2004-08-04,2008,5.0
2004-08-05,2008,5.0
2004-08-06,2008,5.0
2004-08-09,2008,5.0
2004-08-10,2008,5.0
2004-08-11,2008,5.0
2004-08-12,2008,5.0
2004-08-13,2008,5.0
2004-08-16,2008,5.0
2004-08-17,2008,5.0
2004-08-18,2008,5.0
2004-08-19,2008,5.0
2004-08-20,2008,5.0
2004-08-23,2008,5.0
2004-08-24,2008,5.0
2004-08-25,2008,5.0
2004-08-26,2008,5.0
2004-08-27,2008,5.0
2004-08-30,2008,5.0
2004-08-31,2008,5.0
2004-09-01,2008,5.0
2004-09-02,2008,5.0
2004-09-03,2008,5.0
2004-09-06,2008,5.0
2004-09-08,2008,5.0
2004-09-09,2008,5.0
2004-09-10,2008,5.0
2004-09-13,2008,5.25
2004-09-14,2008,5.5
2004-09-15,2008,5.5
2004-09-16,2008,5.25
2004-09-17,2008,5.25
2004-09-20,2008,5.25
2004-09-21,2008,5.25
2004-09-22,2008,5.25
2004-09-23,2008,5.25
2004-09-24,2008,5.25
2004-09-27,2008,5.25
2004-09-28,2008,5.25
2004-09-29,2008,5.25
2004-09-30,2008,5.0
2004-10-01,2008,5.0
2004-10-04,2008,5.0
2004-10-05,2008,5.0
2004-10-06,2008,5.0
2004-10-07,2008,5.0
2004-10-08,2008,5.0
2004-10-11,2008,5.0
2004-10-13,2008,5.0
2004-10-14,2008,5.0
2004-10-15,2008,5.0
2004-10-18,2008,5.0
2004-10-19,2008,5.0
2004-10-20,2008,5.0
2004-10-21,2008,5.0
2004-10-22,2008,5.0
2004-10-25,2008,5.0
2004-10-26,2008,5.0
2004-10-27,2008,5.0
2004-10-28,2008,5.0
2004-10-29,2008,5.25
2004-11-03,2008,5.0
2004-11-04,2008,5.0
2004-11-05,2008,5.0
2004-11-08,2008,5.0
2004-11-09,2008,5.0
2004-11-10,2008,5.0
2004-11-11,2008,5.0
2004-11-12,2008,5.0
2004-11-16,2008,5.0
2004-11-17,2008,5.0
2004-11-18,2008,5.0
2004-11-19,2008,5.0
2004-11-22,2008,5.0
2004-11-23,2008,5.0
2004-11-24,2008,5.0
2004-11-25,2008,5.0
2004-11-26,2008,5.0
2004-11-29,2008,5.0
2004-11-30,2008,5.0
2004-12-01,2008,5.0
2004-12-02,2008,5.0
2004-12-03,2008,5.0
2004-12-06,2008,5.0
2004-12-07,2008,5.0
2004-12-08,2008,5.0
2004-12-09,2008,5.0
2004-12-10,2008,5.0
2004-12-13,2008,5.0
2004-12-14,2008,5.0
2004-12-15,2008,5.0
2004-12-16,2008,5.0
2004-12-17,2008,5.25
2004-12-20,2008,5.25
2004-12-21,2008,5.25
2004-12-22,2008,5.0
2004-12-23,2008,5.0
2004-12-27,2008,5.0
2004-12-28,2008,5.0
2004-12-29,2008,5.0
2004-12-30,2008,5.0
2005-01-03,2008,5.0
2005-01-04,2008,5.0
2005-01-05,2008,5.0
2005-01-06,2008,5.0
2005-01-07,2008,5.0
2005-01-10,2008,5.0
2005-01-11,2008,5.0
2005-01-12,2008,5.0
2005-01-13,2008,5.0
2005-01-14,2008,5.0
2005-01-17,2008,5.25
2005-01-18,2008,5.5
2005-01-19,2008,5.5
2005-01-20,2008,5.5
2005-01-21,2008,5.25
2005-01-24,2008,5.25
2005-01-25,2008,5.25
2005-01-26,2008,5.25
2005-01-27,2008,5.0
2005-01-28,2008,5.0
2005-01-31,2008,5.0
2005-02-01,2008,5.0
2005-02-02,2008,5.0
2005-02-03,2008,5.0
2005-02-04,2008,5.0
2005-02-09,2008,5.0
2005-02-10,2008,5.0
2005-02-11,2008,5.0
2005-02-14,2008,5.0
2005-02-15,2008,5.0
2005-02-16,2008,5.0
2005-02-17,2008,5.0
2005-02-18,2008,5.2
2005-02-21,2008,5.4
2005-02-22,2008,5.2
2005-02-23,2008,5.2
2005-02-24,2008,5.2
2005-02-25,2008,5.0
2005-02-28,2008,5.0
2005-03-01,2008,5.0
2005-03-02,2008,5.0
2005-03-03,2008,5.0
2005-03-04,2008,5.0
2005-03-07,2008,5.0
2005-03-08,2008,5.0
2005-03-09,2008,5.0
2005-03-10,2008,5.0
2005-03-11,2008,5.0
2005-03-14,2008,5.0
2005-03-15,2008,5.0
2005-03-16,2008,5.0
2005-03-17,2008,5.0
2005-03-18,2008,5.0
2005-03-21,2008,5.0
2005-03-22,2008,5.0
2005-03-23,2008,5.0
2005-03-24,2008,5.0
2005-03-28,2008,5.0
2005-03-29,2008,5.0
2005-03-30,2008,5.0
2005-03-31,2008,5.0
2005-04-01,2008,5.0
2005-04-04,2008,5.0
2005-04-05,2008,5.0
2005-04-06,2008,5.0
2005-04-07,2008,5.0
2005-04-08,2008,5.0
2005-04-11,2008,5.0
2005-04-12,2008,5.0
2005-04-13,2008,5.0
2005-04-14,2008,5.0
2005-04-15,2008,5.0
2005-04-18,2008,5.0
2005-04-19,2008,5.0
2005-04-20,2008,5.0
2005-04-22,2008,5.0
2005-04-25,2008,5.0
2005-04-26,2008,5.0
2005-04-27,2008,5.0
2005-04-28,2008,5.0
2005-04-29,2008,5.0
2005-05-02,2008,5.0
2005-05-03,2008,5.0
2005-05-04,2008,5.0
2005-05-05,2008,5.0
2005-05-06,2008,5.2
2005-05-09,2008,5.2
2005-05-10,2008,5.2
2005-05-11,2008,5.0
2005-05-12,2008,5.0
2005-05-13,2008,5.0
2005-05-16,2008,5.0
2005-05-17,2008,5.0
2005-05-18,2008,5.0
2005-05-19,2008,5.0
2005-05-20,2008,5.0
2005-05-23,2008,5.0
2005-05-24,2008,5.0
2005-05-25,2008,5.0
2005-05-27,2008,5.0
2005-05-30,2008,5.0
2005-05-31,2008,5.0
2005-06-01,2008,5.0
2005-06-02,2008,5.0
2005-06-03,2008,5.0
2005-06-06,2008,5.0
2005-06-07,2008,5.0
2005-06-08,2008,5.0
2005-06-09,2008,5.0
2005-06-10,2008,5.0
2005-06-13,2008,5.0
2005-06-14,2008,5.0
2005-06-15,2008,5.0
2005-06-16,2008,5.0
2005-06-17,2008,5.0
2005-06-20,2008,5.0
2005-06-21,2008,5.0
2005-06-22,2008,5.0
2005-06-23,2008,5.0
2005-06-24,2008,5.0
2005-06-27,2008,5.0
2005-06-28,2008,5.0
2005-06-29,2008,5.0
2005-06-30,2008,5.0
2005-07-01,2008,5.0
2005-07-04,2008,5.0
2005-07-05,2008,5.0
2005-07-06,2008,5.0
2005-07-07,2008,5.0
2005-07-08,2008,5.0
2005-07-11,2008,5.0
2005-07-12,2008,5.0
2005-07-13,2008,5.0
2005-07-14,2008,5.0
2005-07-15,2008,5.0
2005-07-18,2008,5.0
2005-07-19,2008,5.0
2005-07-20,2008,5.0
2005-07-21,2008,5.0
2005-07-22,2008,5.0
2005-07-25,2008,5.0
2005-07-26,2008,5.0
2005-07-27,2008,5.0
2005-07-28,2008,5.0
2005-07-29,2008,5.0
2005-08-01,2008,5.0
2005-08-02,2008,5.0
2005-08-03,2008,5.0
2005-08-04,2008,5.0
2005-08-05,2008,5.0
2005-08-08,2008,5.0
2005-08-09,2008,5.0
2005-08-10,2008,5.0
2005-08-11,2008,5.0
2005-08-12,2008,5.0
2005-08-15,2008,5.0
2005-08-16,2008,5.0
2005-08-17,2008,5.0
2005-08-18,2008,5.0
2005-08-19,2008,5.0
2005-08-22,2008,5.0
2005-08-23,2008,5.0
2005-08-24,2008,5.0
2005-08-25,2008,5.0
2005-08-26,2008,5.0
2005-08-29,2008,5.0
2005-08-30,2008,5.0
2005-08-31,2008,5.0
2005-09-01,2008,5.0
2005-09-02,2008,5.0
2005-09-05,2008,5.0
2005-09-06,2008,5.0
2005-09-08,2008,5.0
2005-09-09,2008,5.0
2005-09-12,2008,5.0
2005-09-13,2008,5.0
2005-09-14,2008,5.0
2005-09-15,2008,5.0
2005-09-16,2008,5.0
2005-09-19,2008,5.0
2005-09-20,2008,5.0
2005-09-21,2008,5.0
2005-09-22,2008,5.0
2005-09-23,2008,5.0
2005-09-26,2008,5.0
2005-09-27,2008,5.0
2005-09-28,2008,5.0
2005-09-29,2008,5.0
2005-09-30,2008,5.0
2005-10-03,2008,4.7
2005-10-04,2008,4.7
2005-10-05,2008,4.7
2005-10-06,2008,4.7
2005-10-07,2008,4.7
2005-10-10,2008,4.6
2005-10-11,2008,4.6
2005-10-13,2008,4.7
2005-10-14,2008,4.7
2005-10-17,2008,4.7
2005-10-18,2008,4.7
2005-10-19,2008,4.7
2005-10-20,2008,4.7
2005-10-21,2008,4.7
2005-10-24,2008,4.85
2005-10-25,2008,4.7
2005-10-26,2008,4.7
2005-10-27,2008,4.7
2005-10-28,2008,4.7
2005-10-31,2008,4.6
2005-11-01,2008,4.6
2005-11-03,2008,4.6
2005-11-04,2008,4.5
2005-11-07,2008,4.5
2005-11-08,2008,4.6
2005-11-09,2008,4.7
2005-11-10,2008,4.6
2005-11-11,2008,4.7
2005-11-14,2008,4.6
2005-11-16,2008,4.6
2005-11-17,2008,4.7
2005-11-18,2008,4.6
2005-11-21,2008,4.6
2005-11-22,2008,4.6
2005-11-23,2008,4.6
2005-11-24,2008,4.6
2005-11-25,2008,4.6
2005-11-28,2008,4.6
2005-11-29,2008,4.6
2005-11-30,2008,4.6
2005-12-01,2008,4.6
2005-12-02,2008,4.6
2005-12-05,2008,4.6
2005-12-06,2008,4.6
2005-12-07,2008,4.5
2005-12-08,2008,4.5
2005-12-09,2008,4.5
2005-12-12,2008,4.5
2005-12-13,2008,4.5
2005-12-14,2008,4.5
2005-12-15,2008,4.5
2005-12-16,2008,4.5
2005-12-19,2008,4.5
2005-12-20,2008,4.5
2005-12-21,2008,4.5
2005-12-22,2008,4.5
2005-12-23,2008,4.5
2005-12-26,2008,4.5
2005-12-27,2008,4.5
2005-12-28,2008,4.5
2005-12-29,2008,4.5
2005-12-30,2008,4.5
2006-01-02,2008,4.5
2006-01-03,2008,4.5
2006-01-04,2008,4.5
2006-01-05,2008,4.5
2006-01-06,2008,4.5
2006-01-09,2008,4.5
2006-01-10,2008,4.5
2006-01-11,2008,4.5
2006-01-12,2008,4.5
2006-01-13,2008,4.5
2006-01-16,2008,4.5
2006-01-17,2008,4.5
2006-01-18,2008,4.5
2006-01-19,2008,4.5
2006-01-20,2008,4.5
2006-01-23,2008,4.5
2006-01-24,2008,4.5
2006-01-25,2008,4.5
2006-01-26,2008,4.5
2006-01-27,2008,4.5
2006-01-30,2008,4.5
2006-01-31,2008,4.5
2006-02-01,2008,4.5
2006-02-02,2008,4.5
2006-02-03,2008,4.5
2006-02-06,2008,4.5
2006-02-07,2008,4.5
2006-02-08,2008,4.5
2006-02-09,2008,4.5
2006-02-10,2008,4.5
2006-02-13,2008,4.5
2006-02-14,2008,4.5
2006-02-15,2008,4.5
2006-02-16,2008,4.5
2006-02-17,2008,4.5
2006-02-20,2008,4.5
2006-02-21,2008,4.5
2006-02-22,2008,4.5
2006-02-23,2008,4.5
2006-02-24,2008,4.5
2006-03-01,2008,4.5
2006-03-02,2008,4.5
2006-03-03,2008,4.5
2006-03-06,2008,4.5
2006-03-07,2008,4.5
2006-03-08,2008,4.5
2006-03-09,2008,4.5
2006-03-10,2008,4.5
2006-03-13,2008,4.5
2006-03-14,2008,4.5
2006-03-15,2008,4.5
2006-03-16,2008,4.5
2006-03-17,2008,4.5
2006-03-20,2008,4.5
2006-03-21,2008,4.5
2006-03-22,2008,4.5
2006-03-23,2008,4.5
2006-03-24,2008,4.5
2006-03-27,2008,4.35
2006-03-28,2008,4.35
2006-03-29,2008,4.35
2006-03-30,2008,4.35
2006-03-31,2008,4.35
2006-04-03,2008,4.2
2006-04-04,2008,4.2
2006-04-05,2008,4.2
2006-04-06,2008,4.2
2006-04-07,2008,4.3
2006-04-10,2008,4.5
2006-04-11,2008,4.45
2006-04-12,2008,4.45
2006-04-13,2008,4.45
2006-04-17,2008,4.45
2006-04-18,2008,4.45
2006-04-19,2008,4.45
2006-04-20,2008,4.4
2006-04-24,2008,4.4
2006-04-25,2008,4.4
2006-04-26,2008,4.5
2006-04-27,2008,4.5
2006-04-28,2008,4.5
2006-05-02,2008,4.5
2006-05-03,2008,4.5
2006-05-04,2008,4.5
2006-05-05,2008,4.45
2006-05-08,2008,4.4
2006-05-09,2008,4.45
2006-05-10,2008,4.5
2006-05-11,2008,4.5
2006-05-12,2008,4.5
2006-05-15,2008,4.5
2006-05-16,2008,4.5
2006-05-17,2008,4.5
2006-05-18,2008,4.5
2006-05-19,2008,4.5
2006-05-22,2008,4.5
2006-05-23,2008,4.5
2006-05-24,2008,4.5
2006-05-25,2008,4.5
2006-05-26,2008,4.5
2006-05-29,2008,4.5
2006-05-30,2008,4.45
2006-05-31,2008,4.45
2006-06-01,2008,4.45
2006-06-02,2008,4.45
2006-06-05,2008,4.45
2006-06-06,2008,4.45
2006-06-07,2008,4.45
2006-06-08,2008,4.4
2006-06-09,2008,4.3
2006-06-12,2008,4.45
2006-06-13,2008,4.45
2006-06-14,2008,4.4
2006-06-16,2008,4.4
2006-06-19,2008,4.4
2006-06-20,2008,4.4
2006-06-21,2008,4.4
2006-06-22,2008,4.4
2006-06-23,2008,4.4
2006-06-26,2008,4.4
2006-06-27,2008,4.4
2006-06-28,2008,4.4
2006-06-29,2008,4.4
2006-06-30,2008,4.4
2006-07-03,2008,4.4
2006-07-04,2008,4.4
2006-07-05,2008,4.4
2006-07-06,2008,4.4
2006-07-07,2008,4.4
2006-07-10,2008,4.4
2006-07-11,2008,4.45
2006-07-12,2008,4.45
2006-07-13,2008,4.5
2006-07-14,2008,4.4
2006-07-17,2008,4.4
2006-07-18,2008,4.4
2006-07-19,2008,4.4
2006-07-20,2008,4.45
2006-07-21,2008,4.45
2006-07-24,2008,4.4
2006-07-25,2008,4.4
2006-07-26,2008,4.4
2006-07-27,2008,4.4
2006-07-28,2008,4.4
2006-07-31,2008,4.4
2006-08-01,2008,4.4
2006-08-02,2008,4.4
2006-08-03,2008,4.4
2006-08-04,2008,4.4
2006-08-07,2008,4.4
2006-08-08,2008,4.4
2006-08-09,2008,4.4
2006-08-10,2008,4.4
2006-08-11,2008,4.4
2006-08-14,2008,4.4
2006-08-15,2008,4.4
2006-08-16,2008,4.4
2006-08-17,2008,4.4
2006-08-18,2008,4.35
2006-08-21,2008,4.35
2006-08-22,2008,4.35
2006-08-23,2008,4.4
2006-08-24,2008,4.4
2006-08-25,2008,4.45
2006-08-28,2008,4.5
2006-08-29,2008,4.5
2006-08-30,2008,4.45
2006-08-31,2008,4.4
2006-09-01,2008,4.4
2006-09-04,2008,4.4
2006-09-05,2008,4.4
2006-09-06,2008,4.4
2006-09-08,2008,4.4
2006-09-11,2008,4.4
2006-09-12,2008,4.4
2006-09-13,2008,4.4
2006-09-14,2008,4.4
2006-09-15,2008,4.4
2006-09-18,2008,4.4
2006-09-19,2008,4.4
2006-09-20,2008,4.4
2006-09-21,2008,4.4
2006-09-22,2008,4.4
2006-09-25,2008,4.3
2006-09-26,2008,4.3
2006-09-27,2008,4.3
2006-09-28,2008,4.25
2006-09-29,2008,4.2
2006-10-02,2008,4.2
2006-10-03,2008,4.2
2006-10-04,2008,4.1
2006-10-05,2008,4.1
2006-10-06,2008,4.25
2006-10-09,2008,4.3
2006-10-10,2008,4.3
2006-10-11,2008,4.3
2006-10-13,2008,4.25
2006-10-16,2008,4.2
2006-10-17,2008,4.25
2006-10-18,2008,4.25
2006-10-19,2008,4.2
2006-10-20,2008,4.2
2006-10-23,2008,4.2
2006-10-24,2008,4.2
2006-10-25,2008,4.2
2006-10-26,2008,4.2
2006-10-27,2008,4.2
2006-10-30,2008,4.25
2006-10-31,2008,4.2
2006-11-01,2008,4.2
2006-11-03,2008,4.2
2006-11-06,2008,4.0
2006-11-07,2008,4.0
2006-11-08,2008,4.1
2006-11-09,2008,4.1
2006-11-10,2008,4.0
2006-11-13,2008,4.0
2006-11-14,2008,4.0
2006-11-16,2008,4.0
2006-11-17,2008,4.0
2006-11-20,2008,4.0
2006-11-21,2008,4.0
2006-11-22,2008,4.0
2006-11-23,2008,4.0
2006-11-24,2008,4.0
2006-11-27,2008,4.0
2006-11-28,2008,4.0
2006-11-29,2008,4.0
2006-11-30,2008,4.0
2006-12-01,2008,4.0
2006-12-04,2008,4.0
2006-12-05,2008,4.0
2006-12-06,2008,4.0
2006-12-07,2008,4.0
2006-12-08,2008,4.0
2006-12-11,2008,4.0
2006-12-12,2008,4.0
2006-12-13,2008,4.0
2006-12-14,2008,4.0
2006-12-15,2008,4.0
2006-12-18,2008,4.0
2006-12-19,2008,4.0
2006-12-20,2008,4.0
2006-12-21,2008,4.0
2006-12-22,2008,4.0
2006-12-26,2008,4.0
2006-12-27,2008,4.0
2006-12-28,2008,4.0
2006-12-29,2008,4.0
2007-01-02,2008,4.0
2007-01-03,2008,4.0
2007-01-04,2008,4.0
2007-01-05,2008,4.0
2007-01-08,2008,4.0
2007-01-09,2008,4.0
2007-01-10,2008,4.0
2007-01-11,2008,4.0
2007-01-12,2008,4.0
2007-01-15,2008,4.0
2007-01-16,2008,4.0
2007-01-17,2008,4.0
2007-01-18,2008,4.0
2007-01-19,2008,4.0
2007-01-22,2008,4.0
2007-01-23,2008,4.0
2007-01-24,2008,4.0
2007-01-25,2008,4.0
2007-01-26,2008,4.0
2007-01-29,2008,4.0
2007-01-30,2008,4.0
2007-01-31,2008,4.0
2007-02-01,2008,4.0
2007-02-02,2008,4.0
2007-02-05,2008,4.0
2007-02-06,2008,4.0
2007-02-07,2008,4.0
2007-02-08,2008,4.0
2007-02-09,2008,4.0
2007-02-12,2008,4.0
2007-02-13,2008,4.0
2007-02-14,2008,4.0
2007-02-15,2008,4.0
2007-02-16,2008,4.0
2007-02-21,2008,4.0
2007-02-22,2008,4.0
2007-02-23,2008,4.0
2007-02-26,2008,4.0
2007-02-27,2008,4.0
2007-02-28,2008,4.0
2007-03-01,2008,4.0
2007-03-02,2008,4.0
2007-03-05,2008,4.0
2007-03-06,2008,4.0
2007-03-07,2008,4.0
2007-03-08,2008,4.0
2007-03-09,2008,4.0
2007-03-12,2008,4.0
2007-03-13,2008,4.0
2007-03-14,2008,4.0
2007-03-15,2008,4.0
2007-03-16,2008,4.0
2007-03-19,2008,4.0
2007-03-20,2008,4.0
2007-03-21,2008,4.0
2007-03-22,2008,4.0
2007-03-23,2008,4.0
2007-03-26,2008,4.0
2007-03-27,2008,4.0
2007-03-28,2008,4.0
2007-03-29,2008,4.0
2007-03-30,2008,4.0
2007-04-02,2008,4.0
2007-04-03,2008,4.0
2007-04-04,2008,4.0
2007-04-05,2008,4.0
2007-04-09,2008,4.0
2007-04-10,2008,4.0
2007-04-11,2008,4.0
2007-04-12,2008,4.0
2007-04-13,2008,4.0
2007-04-16,2008,4.0
2007-04-17,2008,4.0
2007-04-18,2008,4.0
2007-04-19,2008,4.0
2007-04-20,2008,4.0
2007-04-23,2008,4.0
2007-04-24,2008,4.0
2007-04-25,2008,4.0
2007-04-26,2008,4.0
2007-04-27,2008,4.0
2007-04-30,2008,4.0
2007-05-02,2008,4.0
2007-05-03,2008,4.0
2007-05-04,2008,4.0
2007-05-07,2008,4.0
2007-05-08,2008,4.0
2007-05-09,2008,4.0
2007-05-10,2008,4.0
2007-05-11,2008,4.0
2007-05-14,2008,3.8
2007-05-15,2008,3.8
2007-05-16,2008,3.8
2007-05-17,2008,3.8
2007-05-18,2008,3.8
2007-05-21,2008,3.95
2007-05-22,2008,3.95
2007-05-23,2008,3.88
2007-05-24,2008,3.88
2007-05-25,2008,3.8
2007-05-28,2008,3.8
2007-05-29,2008,3.8
2007-05-30,2008,3.8
2007-05-31,2008,3.8
2007-06-01,2008,3.8
2007-06-04,2008,3.8
2007-06-05,2008,3.8
2007-06-06,2008,3.8
2007-06-08,2008,3.8
2007-06-11,2008,3.8
2007-06-12,2008,3.8
2007-06-13,2008,3.8
2007-06-14,2008,3.8
2007-06-15,2008,3.8
2007-06-18,2008,3.8
2007-06-19,2008,3.8
2007-06-20,2008,3.8
2007-06-21,2008,3.8
2007-06-22,2008,3.8
2007-06-25,2008,3.8
2007-06-26,2008,3.8
2007-06-27,2008,3.8
2007-06-28,2008,3.8
2007-06-29,2008,3.8
2007-07-02,2008,3.8
2007-07-03,2008,3.8
2007-07-04,2008,3.8
2007-07-05,2008,3.8
2007-07-06,2008,3.8
2007-07-09,2008,3.8
2007-07-10,2008,3.8
2007-07-11,2008,3.8
2007-07-12,2008,3.8
2007-07-13,2008,3.8
2007-07-16,2008,3.8
2007-07-17,2008,3.8
2007-07-18,2008,3.8
2007-07-19,2008,3.75
2007-07-20,2008,3.8
2007-07-23,2008,3.7
2007-07-24,2008,3.7
2007-07-25,2008,3.7
2007-07-26,2008,3.7
2007-07-27,2008,3.75
2007-07-30,2008,3.7
2007-07-31,2008,3.7
2007-08-01,2008,3.7
2007-08-02,2008,3.7
2007-08-03,2008,3.7
2007-08-06,2008,3.7
2007-08-07,2008,3.7
2007-08-08,2008,3.7
2007-08-09,2008,3.7
2007-08-10,2008,3.7
2007-08-13,2008,3.7
2007-08-14,2008,3.7
2007-08-15,2008,3.65
2007-08-16,2008,3.65
2007-08-17,2008,3.65
2007-08-20,2008,3.55
2007-08-21,2008,3.5
2007-08-22,2008,3.5
2007-08-23,2008,3.55
2007-08-24,2008,3.5
2007-08-27,2008,3.5
2007-08-28,2008,3.55
2007-08-29,2008,3.55
2007-08-30,2008,3.6
2007-08-31,2008,3.55
2007-09-03,2008,3.55
2007-09-04,2008,3.5
2007-09-05,2008,3.5
2007-09-06,2008,3.5
2007-09-10,2008,3.5
2007-09-11,2008,3.55
2007-09-12,2008,3.55
2007-09-13,2008,3.5
2007-09-14,2008,3.6
2007-09-17,2008,3.7
2007-09-18,2008,3.7
2007-09-19,2008,3.65
2007-09-20,2008,3.75
2007-09-21,2008,3.75
2007-09-24,2008,3.8
2007-09-25,2008,3.8
2007-09-26,2008,3.8
2007-09-27,2008,3.8
2007-09-28,2008,3.8
2007-10-01,2008,3.8
2007-10-02,2008,3.7
2007-10-03,2008,3.65
2007-10-04,2008,3.7
2007-10-05,2008,3.75
2007-10-08,2008,3.8
2007-10-09,2008,3.7
2007-10-10,2008,3.7
2007-10-11,2008,3.7
2007-10-15,2008,3.6
2007-10-16,2008,3.65
2007-10-17,2008,3.7
2007-10-18,2008,3.7
2007-10-19,2008,3.8
2007-10-22,2008,3.8
2007-10-23,2008,3.75
2007-10-24,2008,3.7
2007-10-25,2008,3.7
2007-10-26,2008,3.7
2007-10-29,2008,3.8
2007-10-30,2008,3.8
2007-10-31,2008,3.8
2007-11-01,2008,3.8
2007-11-05,2008,3.8
2007-11-06,2008,3.8
2007-11-07,2008,3.8
2007-11-08,2008,3.8
2007-11-09,2008,3.6
2007-11-12,2008,3.6
2007-11-13,2008,3.65
2007-11-14,2008,3.65
2007-11-16,2008,3.6
2007-11-19,2008,3.6
2007-11-20,2008,3.65
2007-11-21,2008,3.65
2007-11-22,2008,3.6
2007-11-23,2008,3.6
2007-11-26,2008,3.6
2007-11-27,2008,3.6
2007-11-28,2008,3.6
2007-11-29,2008,3.6
2007-11-30,2008,3.65
2007-12-03,2008,3.65
2007-12-04,2008,3.6
2007-12-05,2008,3.65
2007-12-06,2008,3.65
2007-12-07,2008,3.65
2007-12-10,2008,3.7
2007-12-11,2008,3.7
2007-12-12,2008,3.7
2007-12-13,2008,3.7
2007-12-14,2008,3.7
2007-12-17,2008,3.65
2007-12-18,2008,3.7
2007-12-19,2008,3.7
2007-12-20,2008,3.7
2007-12-21,2008,3.7
2007-12-24,2008,3.7
2007-12-26,2008,3.7
2007-12-27,2008,3.75
2007-12-28,2008,3.8
2007-12-31,2008,3.7
2008-01-02,2008,3.7
2008-01-03,2008,3.7
2008-01-04,2008,3.7
2008-01-07,2008,3.7
2008-01-08,2008,3.7
2008-01-09,2008,3.7
2008-01-10,2008,3.7
2008-01-11,2008,3.7
2008-01-14,2008,3.7
2008-01-15,2008,3.7
2008-01-16,2008,3.7
2008-01-17,2008,3.7
2008-01-18,2008,3.7
2008-01-21,2008,3.7
2008-01-22,2008,3.7
2008-01-23,2008,3.7
2008-01-24,2008,3.7
2008-01-25,2008,3.7
2008-01-28,2008,3.7
2008-01-29,2008,3.7
2008-01-30,2008,3.7
2008-01-31,2008,3.7
2008-02-01,2008,3.7
2008-02-06,2008,3.7
2008-02-07,2008,3.7
2008-02-08,2008,3.7
2008-02-11,2008,3.7
2008-02-12,2008,3.7
2008-02-13,2008,3.7
2008-02-14,2008,3.7
2008-02-15,2008,3.7
2008-02-18,2008,3.6
2008-02-19,2008,3.7
2008-02-20,2008,3.7
2008-02-21,2008,3.7
2008-02-22,2008,3.6
2008-02-25,2008,3.6
2008-02-26,2008,3.6
2008-02-27,2008,3.6
2008-02-28,2008,3.6
2008-02-29,2008,3.6
2008-03-03,2008,3.6
2008-03-04,2008,3.6
2008-03-05,2008,3.6
2008-03-06,2008,3.6
2008-03-07,2008,3.65
2008-03-10,2008,3.6
2008-03-11,2008,3.6
2008-03-12,2008,3.55
2008-03-13,2008,3.53
2008-03-14,2008,3.5
2008-03-17,2008,3.5
2008-03-18,2008,3.5
2008-03-19,2008,3.55
2008-03-20,2008,3.53
2008-03-24,2008,3.5
2008-03-25,2008,3.53
2008-03-26,2008,3.55
2008-03-27,2008,3.62
2008-03-28,2008,3.53
2008-03-31,2008,3.53
2008-04-01,2008,3.53
2008-04-02,2008,3.53
2008-04-03,2008,3.55
2008-04-04,2008,3.55
2008-04-07,2008,3.57
2008-04-08,2008,3.56
2008-04-09,2008,3.55
2008-04-10,2008,3.53
2008-04-11,2008,3.53
2008-04-14,2008,3.53
2008-04-15,2008,3.53
2008-04-16,2008,3.51
2008-04-17,2008,3.55
2008-04-18,2008,3.53
2008-04-22,2008,3.52
2008-04-23,2008,3.55
2008-04-24,2008,3.55
2008-04-25,2008,3.55
2008-04-28,2008,3.55
2008-04-29,2008,3.55
2008-04-30,2008,3.7
2008-05-02,2008,3.7
2008-05-05,2008,3.65
2008-05-06,2008,3.65
2008-05-07,2008,3.58
2008-05-08,2008,3.6
2008-05-09,2008,3.65
2008-05-12,2008,3.65
2008-05-13,2008,3.65
2008-05-14,2008,3.7
2008-05-15,2008,3.69
2008-05-16,2008,3.7
2008-05-19,2008,3.7
2008-05-20,2008,3.7
2008-05-21,2008,3.7
2008-05-23,2008,3.7
2008-05-26,2008,3.7
2008-05-27,2008,3.7
2008-05-28,2008,3.7
2008-05-29,2008,3.7
2008-05-30,2008,3.7
2008-06-02,2008,3.7
2008-06-03,2008,3.7
2008-06-04,2008,3.7
2008-06-05,2008,3.7
2008-06-06,2008,3.7
2008-06-09,2008,3.7
2008-06-10,2008,3.7
2008-06-11,2008,3.7
2008-06-12,2008,3.7
2008-06-13,2008,3.7
2008-06-16,2008,3.73
2008-06-17,2008,3.73
2008-06-18,2008,3.73
2008-06-19,2008,3.75
2008-06-20,2008,3.75
2008-06-23,2008,3.75
2008-06-24,2008,3.74
2008-06-25,2008,3.75
2008-06-26,2008,3.75
2008-06-27,2008,3.78
2008-06-30,2008,3.8
2008-07-01,2008,3.8
2008-07-02,2008,3.8
2008-07-03,2008,3.8
2008-07-04,2008,3.8
2008-07-07,2008,3.8
2008-07-08,2008,3.8
2008-07-09,2008,3.8
2008-07-10,2008,3.8
2008-07-11,2008,3.8
2008-07-14,2008,3.8
2008-07-15,2008,3.8
2008-07-16,2008,3.8
2008-07-17,2008,3.81
2008-07-18,2008,3.81
2008-07-21,2008,3.86
2008-07-22,2008,3.86
2008-07-23,2008,3.81
2008-07-24,2008,3.81
2008-07-25,2008,3.81
2008-07-28,2008,3.81
2008-07-29,2008,3.8
2008-07-30,2008,3.8
2008-07-31,2008,3.8
2008-08-01,2008,3.8
2008-08-04,2008,3.8
2008-08-05,2008,3.8
2008-08-06,2008,3.8
2008-08-07,2008,3.8
2008-08-08,2008,3.8
2008-08-11,2008,3.8
2008-08-12,2008,3.8
2008-08-13,2008,3.8
2008-08-14,2008,3.8
2008-08-15,2008,3.8
2008-08-18,2008,3.8
2008-08-19,2008,3.8
2008-08-20,2008,3.8
2008-08-21,2008,3.8
2008-08-22,2008,3.8
2008-08-25,2008,3.8
2008-08-26,2008,3.8
2008-08-27,2008,3.8
2008-08-28,2008,3.8
2008-08-29,2008,3.82
2008-09-01,2008,3.87
2008-09-02,2008,3.84
2008-09-03,2008,3.82
2008-09-04,2008,3.85
2008-09-05,2008,3.79
2008-09-08,2008,3.79
2008-09-09,2008,3.79
2008-09-10,2008,3.79
2008-09-11,2008,3.75
2008-09-12,2008,3.72
2008-09-15,2008,3.72
2008-09-16,2008,3.74
2008-09-17,2008,3.72
2008-09-18,2008,3.74
2008-09-19,2008,3.71
2008-09-22,2008,3.72
2008-09-23,2008,3.7
2008-09-24,2008,3.7
2008-09-25,2008,3.7
2008-09-26,2008,3.7
2008-09-29,2008,3.7
2008-09-30,2008,3.7
2008-10-01,2008,3.7
2008-10-02,2008,3.7
2008-10-03,2008,3.7
2008-10-06,2008,3.7
2008-10-07,2008,3.7
2008-10-08,2008,3.7
2008-10-09,2008,3.7
2008-10-10,2008,3.7
2008-10-13,2008,3.7
2008-10-14,2008,3.7
2008-10-15,2008,3.7
2008-10-16,2008,3.7
2008-10-17,2008,3.7
2008-10-20,2008,3.7
2008-10-21,2008,3.65
2008-10-22,2008,3.7
2008-10-23,2008,3.7
2008-10-24,2008,3.7
2008-10-27,2008,3.7
2008-10-28,2008,3.7
2008-10-29,2008,3.7
2008-10-30,2008,3.7
2008-10-31,2008,3.7
2008-11-03,2008,3.7
2008-11-04,2008,3.7
2008-11-05,2008,3.7
2008-11-06,2008,3.7
2008-11-07,2008,3.7
2008-11-10,2008,3.7
2008-11-11,2008,3.7
2008-11-12,2008,3.7
2008-11-13,2008,3.7
2008-11-14,2008,3.7
2008-11-17,2008,3.7
2008-11-18,2008,3.7
2008-11-19,2008,3.7
2008-11-20,2008,3.7
2008-11-21,2008,3.7
2008-11-24,2008,3.7
2008-11-25,2008,3.63
2008-11-26,2008,3.65
2008-11-27,2008,3.68
2008-11-28,2008,3.61
2008-12-01,2008,3.61
2008-12-02,2008,3.61
2008-12-03,2008,3.61
2008-12-04,2008,3.61
2008-12-05,2008,3.61
2008-12-08,2008,3.55
2008-12-09,2008,3.5
2008-12-10,2008,3.5
2008-12-11,2008,3.5
2008-12-12,2008,3.5
2008-12-15,2008,3.49
2008-12-16,2008,3.49
2008-12-17,2008,3.49
2008-12-18,2008,3.49
2008-12-19,2008,3.48
2008-12-22,2008,3.5
2008-12-23,2008,3.5
2008-12-24,2008,3.5
2008-12-26,2008,3.5
2008-12-29,2008,3.49
2008-12-30,2008,3.49
2008-12-31,2008,3.49
2009-01-02,2008,3.48
2009-01-05,2008,3.49
2009-01-06,2008,3.49
2009-01-07,2008,3.49
2009-01-08,2008,3.45
2005-01-14,2009,7.5
2005-01-17,2009,6.75
2005-01-18,2009,7.0
2005-01-19,2009,7.0
2005-01-20,2009,7.0
2005-01-21,2009,7.0
2005-01-24,2009,6.5
2005-01-25,2009,6.5
2005-01-26,2009,6.5
2005-01-27,2009,6.5
2005-01-28,2009,6.0
2005-01-31,2009,5.5
2005-02-01,2009,5.5
2005-02-02,2009,5.5
2005-02-03,2009,5.5
2005-02-04,2009,5.5
2005-02-09,2009,5.5
2005-02-10,2009,5.0
2005-02-11,2009,5.0
2005-02-14,2009,5.0
2005-02-15,2009,5.0
2005-02-16,2009,5.0
2005-02-17,2009,5.0
2005-02-18,2009,5.0
2005-02-21,2009,5.0
2005-02-22,2009,5.0
2005-02-23,2009,5.0
2005-02-24,2009,5.0
2005-02-25,2009,5.0
2005-02-28,2009,5.0
2005-03-01,2009,5.0
2005-03-02,2009,5.0
2005-03-03,2009,5.0
2005-03-04,2009,5.0
2005-03-07,2009,5.0
2005-03-08,2009,5.0
2005-03-09,2009,5.0
2005-03-10,2009,5.0
2005-03-11,2009,5.0
2005-03-14,2009,5.0
2005-03-15,2009,5.0
2005-03-16,2009,5.0
2005-03-17,2009,5.0
2005-03-18,2009,5.0
2005-03-21,2009,5.0
2005-03-22,2009,5.0
2005-03-23,2009,5.0
2005-03-24,2009,5.0
2005-03-28,2009,5.0
2005-03-29,2009,5.0
2005-03-30,2009,5.0
2005-03-31,2009,5.0
2005-04-01,2009,5.0
2005-04-04,2009,5.0
2005-04-05,2009,5.0
2005-04-06,2009,5.0
2005-04-07,2009,5.0
2005-04-08,2009,5.0
2005-04-11,2009,5.0
2005-04-12,2009,5.0
2005-04-13,2009,5.0
2005-04-14,2009,5.0
2005-04-15,2009,5.0
2005-04-18,2009,5.0
2005-04-19,2009,5.0
2005-04-20,2009,5.0
2005-04-22,2009,5.0
2005-04-25,2009,5.0
2005-04-26,2009,5.0
2005-04-27,2009,5.0
2005-04-28,2009,5.0
2005-04-29,2009,5.0
2005-05-02,2009,5.0
2005-05-03,2009,5.0
2005-05-04,2009,5.0
2005-05-05,2009,5.0
2005-05-06,2009,5.0
2005-05-09,2009,5.0
2005-05-10,2009,5.0
2005-05-11,2009,5.0
2005-05-12,2009,5.0
2005-05-13,2009,5.0
2005-05-16,2009,5.0
2005-05-17,2009,5.0
2005-05-18,2009,5.0
2005-05-19,2009,5.0
2005-05-20,2009,5.0
2005-05-23,2009,5.0
2005-05-24,2009,5.0
2005-05-25,2009,5.0
2005-05-27,2009,5.0
2005-05-30,2009,5.0
2005-05-31,2009,5.0
2005-06-01,2009,5.0
2005-06-02,2009,5.0
2005-06-03,2009,5.0
2005-06-06,2009,5.0
2005-06-07,2009,5.0
2005-06-08,2009,5.0
2005-06-09,2009,5.0
2005-06-10,2009,5.0
2005-06-13,2009,5.0
2005-06-14,2009,5.0
2005-06-15,2009,5.0
2005-06-16,2009,5.0
2005-06-17,2009,5.0
2005-06-20,2009,5.0
2005-06-21,2009,5.0
2005-06-22,2009,5.0
2005-06-23,2009,5.0
2005-06-24,2009,5.0
2005-06-27,2009,5.0
2005-06-28,2009,5.0
2005-06-29,2009,5.0
2005-06-30,2009,5.0
2005-07-01,2009,5.0
2005-07-04,2009,5.0
2005-07-05,2009,5.0
2005-07-06,2009,5.0
2005-07-07,2009,5.0
2005-07-08,2009,5.0
2005-07-11,2009,5.0
2005-07-12,2009,5.0
2005-07-13,2009,5.0
2005-07-14,2009,5.0
2005-07-15,2009,5.0
2005-07-18,2009,5.0
2005-07-19,2009,5.0
2005-07-20,2009,5.0
2005-07-21,2009,5.0
2005-07-22,2009,5.0
2005-07-25,2009,5.0
2005-07-26,2009,5.0
2005-07-27,2009,5.0
2005-07-28,2009,5.0
2005-07-29,2009,5.0
2005-08-01,2009,5.0
2005-08-02,2009,5.0
2005-08-03,2009,5.0
2005-08-04,2009,5.0
2005-08-05,2009,5.0
2005-08-08,2009,5.0
2005-08-09,2009,5.0
2005-08-10,2009,4.82
2005-08-11,2009,4.63
2005-08-12,2009,4.63
2005-08-15,2009,4.82
2005-08-16,2009,4.82
2005-08-17,2009,4.82
2005-08-18,2009,4.82
2005-08-19,2009,5.0
2005-08-22,2009,4.82
2005-08-23,2009,5.0
2005-08-24,2009,4.82
2005-08-25,2009,4.82
2005-08-26,2009,4.57
2005-08-29,2009,4.5
2005-08-30,2009,4.57
2005-08-31,2009,4.57
2005-09-01,2009,4.63
2005-09-02,2009,4.5
2005-09-05,2009,4.57
2005-09-06,2009,4.5
2005-09-08,2009,4.5
2005-09-09,2009,4.5
2005-09-12,2009,4.57
2005-09-13,2009,4.63
2005-09-14,2009,4.63
2005-09-15,2009,4.63
2005-09-16,2009,4.63
2005-09-19,2009,4.82
2005-09-20,2009,4.82
2005-09-21,2009,4.63
2005-09-22,2009,5.0
2005-09-23,2009,4.63
2005-09-26,2009,4.82
2005-09-27,2009,4.63
2005-09-28,2009,4.63
2005-09-29,2009,4.63
2005-09-30,2009,4.57
2005-10-03,2009,4.5
2005-10-04,2009,4.5
2005-10-05,2009,4.5
2005-10-06,2009,4.5
2005-10-07,2009,4.5
2005-10-10,2009,4.5
2005-10-11,2009,4.5
2005-10-13,2009,4.5
2005-10-14,2009,4.5
2005-10-17,2009,4.5
2005-10-18,2009,4.5
2005-10-19,2009,4.5
2005-10-20,2009,4.5
2005-10-21,2009,4.5
2005-10-24,2009,4.5
2005-10-25,2009,4.5
2005-10-26,2009,4.5
2005-10-27,2009,4.5
2005-10-28,2009,4.5
2005-10-31,2009,4.5
2005-11-01,2009,4.5
2005-11-03,2009,4.5
2005-11-04,2009,4.5
2005-11-07,2009,4.5
2005-11-08,2009,4.5
2005-11-09,2009,4.5
2005-11-10,2009,4.5
2005-11-11,2009,4.5
2005-11-14,2009,4.5
2005-11-16,2009,4.5
2005-11-17,2009,4.5
2005-11-18,2009,4.5
2005-11-21,2009,4.5
2005-11-22,2009,4.5
2005-11-23,2009,4.5
2005-11-24,2009,4.5
2005-11-25,2009,4.5
2005-11-28,2009,4.5
2005-11-29,2009,4.5
2005-11-30,2009,4.5
2005-12-01,2009,4.5
2005-12-02,2009,4.5
2005-12-05,2009,4.5
2005-12-06,2009,4.5
2005-12-07,2009,4.5
2005-12-08,2009,4.5
2005-12-09,2009,4.5
2005-12-12,2009,4.4
2005-12-13,2009,4.4
2005-12-14,2009,4.4
2005-12-15,2009,4.4
2005-12-16,2009,4.4
2005-12-19,2009,4.3
2005-12-20,2009,4.3
2005-12-21,2009,4.5
2005-12-22,2009,4.4
2005-12-23,2009,4.5
2005-12-26,2009,4.5
2005-12-27,2009,4.5
2005-12-28,2009,4.5
2005-12-29,2009,4.5
2005-12-30,2009,4.5
2006-01-02,2009,4.5
2006-01-03,2009,4.5
2006-01-04,2009,4.5
2006-01-05,2009,4.5
2006-01-06,2009,4.5
2006-01-09,2009,4.38
2006-01-10,2009,4.38
2006-01-11,2009,4.38
2006-01-12,2009,4.5
2006-01-13,2009,4.38
2006-01-16,2009,4.5
2006-01-17,2009,4.5
2006-01-18,2009,4.5
2006-01-19,2009,4.5
2006-01-20,2009,4.5
2006-01-23,2009,4.5
2006-01-24,2009,4.5
2006-01-25,2009,4.5
2006-01-26,2009,4.5
2006-01-27,2009,4.5
2006-01-30,2009,4.5
2006-01-31,2009,4.25
2006-02-01,2009,4.25
2006-02-02,2009,4.0
2006-02-03,2009,4.25
2006-02-06,2009,4.25
2006-02-07,2009,4.25
2006-02-08,2009,4.5
2006-02-09,2009,4.5
2006-02-10,2009,4.5
2006-02-13,2009,4.5
2006-02-14,2009,4.5
2006-02-15,2009,4.5
2006-02-16,2009,4.5
2006-02-17,2009,4.5
2006-02-20,2009,4.5
2006-02-21,2009,4.5
2006-02-22,2009,4.5
2006-02-23,2009,4.5
2006-02-24,2009,4.5
2006-03-01,2009,4.5
2006-03-02,2009,4.5
2006-03-03,2009,4.5
2006-03-06,2009,4.5
2006-03-07,2009,4.5
2006-03-08,2009,4.5
2006-03-09,2009,4.5
2006-03-10,2009,4.5
2006-03-13,2009,4.25
2006-03-14,2009,4.25
2006-03-15,2009,4.25
2006-03-16,2009,4.25
2006-03-17,2009,4.25
2006-03-20,2009,4.5
2006-03-21,2009,4.5
2006-03-22,2009,4.5
2006-03-23,2009,4.5
2006-03-24,2009,4.5
2006-03-27,2009,4.0
2006-03-28,2009,4.0
2006-03-29,2009,4.0
2006-03-30,2009,4.0
2006-03-31,2009,4.0
2006-04-03,2009,4.0
2006-04-04,2009,4.0
2006-04-05,2009,4.0
2006-04-06,2009,4.0
2006-04-07,2009,4.0
2006-04-10,2009,4.5
2006-04-11,2009,4.5
2006-04-12,2009,4.5
2006-04-13,2009,4.5
2006-04-17,2009,4.5
2006-04-18,2009,4.5
2006-04-19,2009,4.5
2006-04-20,2009,4.4
2006-04-24,2009,4.45
2006-04-25,2009,4.45
2006-04-26,2009,4.5
2006-04-27,2009,4.5
2006-04-28,2009,4.5
2006-05-02,2009,4.5
2006-05-03,2009,4.5
2006-05-04,2009,4.5
2006-05-05,2009,4.5
2006-05-08,2009,4.5
2006-05-09,2009,4.5
2006-05-10,2009,4.5
2006-05-11,2009,4.5
2006-05-12,2009,4.5
2006-05-15,2009,4.5
2006-05-16,2009,4.5
2006-05-17,2009,4.5
2006-05-18,2009,4.5
2006-05-19,2009,4.5
2006-05-22,2009,4.5
2006-05-23,2009,4.5
2006-05-24,2009,4.5
2006-05-25,2009,4.5
2006-05-26,2009,4.45
2006-05-29,2009,4.45
2006-05-30,2009,4.4
2006-05-31,2009,4.4
2006-06-01,2009,4.4
2006-06-02,2009,4.4
2006-06-05,2009,4.4
2006-06-06,2009,4.4
2006-06-07,2009,4.4
2006-06-08,2009,4.2
2006-06-09,2009,4.0
2006-06-12,2009,4.4
2006-06-13,2009,4.4
2006-06-14,2009,4.2
2006-06-16,2009,4.2
2006-06-19,2009,4.1
2006-06-20,2009,4.1
2006-06-21,2009,4.2
2006-06-22,2009,4.2
2006-06-23,2009,4.2
2006-06-26,2009,4.2
2006-06-27,2009,4.2
2006-06-28,2009,4.2
2006-06-29,2009,4.2
2006-06-30,2009,4.2
2006-07-03,2009,4.35
2006-07-04,2009,4.35
2006-07-05,2009,4.35
2006-07-06,2009,4.35
2006-07-07,2009,4.35
2006-07-10,2009,4.35
2006-07-11,2009,4.5
2006-07-12,2009,4.5
2006-07-13,2009,4.5
2006-07-14,2009,4.35
2006-07-17,2009,4.35
2006-07-18,2009,4.35
2006-07-19,2009,4.2
2006-07-20,2009,4.2
2006-07-21,2009,4.2
2006-07-24,2009,4.1
2006-07-25,2009,4.1
2006-07-26,2009,4.1
2006-07-27,2009,4.1
2006-07-28,2009,4.1
2006-07-31,2009,4.0
2006-08-01,2009,4.0
2006-08-02,2009,4.0
2006-08-03,2009,4.0
2006-08-04,2009,4.0
2006-08-07,2009,4.0
2006-08-08,2009,4.0
2006-08-09,2009,4.1
2006-08-10,2009,4.1
2006-08-11,2009,4.1
2006-08-14,2009,4.1
2006-08-15,2009,4.0
2006-08-16,2009,4.0
2006-08-17,2009,4.0
2006-08-18,2009,4.0
2006-08-21,2009,4.0
2006-08-22,2009,4.0
2006-08-23,2009,4.0
2006-08-24,2009,4.0
2006-08-25,2009,4.0
2006-08-28,2009,4.2
2006-08-29,2009,4.1
2006-08-30,2009,4.2
2006-08-31,2009,4.1
2006-09-01,2009,4.1
2006-09-04,2009,4.1
2006-09-05,2009,4.1
2006-09-06,2009,4.1
2006-09-08,2009,4.0
2006-09-11,2009,4.0
2006-09-12,2009,4.0
2006-09-13,2009,4.0
2006-09-14,2009,4.0
2006-09-15,2009,4.0
2006-09-18,2009,4.0
2006-09-19,2009,4.0
2006-09-20,2009,4.0
2006-09-21,2009,4.0
2006-09-22,2009,4.0
2006-09-25,2009,4.0
2006-09-26,2009,4.0
2006-09-27,2009,4.0
2006-09-28,2009,4.0
2006-09-29,2009,4.0
2006-10-02,2009,4.0
2006-10-03,2009,4.0
2006-10-04,2009,4.0
2006-10-05,2009,4.0
2006-10-06,2009,4.0
2006-10-09,2009,4.0
2006-10-10,2009,4.0
2006-10-11,2009,4.0
2006-10-13,2009,4.0
2006-10-16,2009,4.0
2006-10-17,2009,4.0
2006-10-18,2009,4.0
2006-10-19,2009,4.0
2006-10-20,2009,4.0
2006-10-23,2009,4.0
2006-10-24,2009,4.0
2006-10-25,2009,4.0
2006-10-26,2009,4.0
2006-10-27,2009,4.0
2006-10-30,2009,4.0
2006-10-31,2009,4.0
2006-11-01,2009,4.0
2006-11-03,2009,4.0
2006-11-06,2009,4.0
2006-11-07,2009,4.0
2006-11-08,2009,4.0
2006-11-09,2009,4.0
2006-11-10,2009,4.0
2006-11-13,2009,4.0
2006-11-14,2009,4.0
2006-11-16,2009,4.0
2006-11-17,2009,4.0
2006-11-20,2009,4.0
2006-11-21,2009,4.0
2006-11-22,2009,4.0
2006-11-23,2009,4.0
2006-11-24,2009,4.0
2006-11-27,2009,4.0
2006-11-28,2009,4.0
2006-11-29,2009,4.0
2006-11-30,2009,4.0
2006-12-01,2009,4.0
2006-12-04,2009,4.0
2006-12-05,2009,4.0
2006-12-06,2009,4.0
2006-12-07,2009,4.0
2006-12-08,2009,4.0
2006-12-11,2009,4.0
2006-12-12,2009,4.0
2006-12-13,2009,4.0
2006-12-14,2009,4.0
2006-12-15,2009,4.0
2006-12-18,2009,4.0
2006-12-19,2009,4.0
2006-12-20,2009,4.0
2006-12-21,2009,4.0
2006-12-22,2009,4.0
2006-12-26,2009,4.0
2006-12-27,2009,4.0
2006-12-28,2009,4.0
2006-12-29,2009,4.0
2007-01-02,2009,4.0
2007-01-03,2009,4.0
2007-01-04,2009,4.0
2007-01-05,2009,4.0
2007-01-08,2009,4.0
2007-01-09,2009,4.0
2007-01-10,2009,4.0
2007-01-11,2009,4.0
2007-01-12,2009,4.0
2007-01-15,2009,4.0
2007-01-16,2009,4.0
2007-01-17,2009,4.0
2007-01-18,2009,4.0
2007-01-19,2009,4.0
2007-01-22,2009,4.0
2007-01-23,2009,4.0
2007-01-24,2009,4.0
2007-01-25,2009,4.0
2007-01-26,2009,4.0
2007-01-29,2009,4.0
2007-01-30,2009,4.0
2007-01-31,2009,4.0
2007-02-01,2009,4.0
2007-02-02,2009,4.0
2007-02-05,2009,4.0
2007-02-06,2009,4.0
2007-02-07,2009,4.0
2007-02-08,2009,4.0
2007-02-09,2009,4.0
2007-02-12,2009,4.0
2007-02-13,2009,4.0
2007-02-14,2009,4.0
2007-02-15,2009,4.0
2007-02-16,2009,4.0
2007-02-21,2009,4.0
2007-02-22,2009,4.0
2007-02-23,2009,4.0
2007-02-26,2009,4.0
2007-02-27,2009,4.0
2007-02-28,2009,4.0
2007-03-01,2009,4.0
2007-03-02,2009,4.0
2007-03-05,2009,4.0
2007-03-06,2009,4.0
2007-03-07,2009,4.0
2007-03-08,2009,4.0
2007-03-09,2009,4.0
2007-03-12,2009,4.0
2007-03-13,2009,4.0
2007-03-14,2009,4.0
2007-03-15,2009,4.0
2007-03-16,2009,4.0
2007-03-19,2009,4.0
2007-03-20,2009,4.0
2007-03-21,2009,4.0
2007-03-22,2009,4.0
2007-03-23,2009,4.0
2007-03-26,2009,4.0
2007-03-27,2009,4.0
2007-03-28,2009,4.0
2007-03-29,2009,4.0
2007-03-30,2009,4.0
2007-04-02,2009,4.0
2007-04-03,2009,4.0
2007-04-04,2009,4.0
2007-04-05,2009,4.0
2007-04-09,2009,4.0
2007-04-10,2009,4.0
2007-04-11,2009,4.0
2007-04-12,2009,4.0
2007-04-13,2009,4.0
2007-04-16,2009,4.0
2007-04-17,2009,4.0
2007-04-18,2009,4.0
2007-04-19,2009,4.0
2007-04-20,2009,4.0
2007-04-23,2009,4.0
2007-04-24,2009,4.0
2007-04-25,2009,4.0
2007-04-26,2009,4.0
2007-04-27,2009,4.0
2007-04-30,2009,4.0
2007-05-02,2009,4.0
2007-05-03,2009,4.0
2007-05-04,2009,4.0
2007-05-07,2009,4.0
2007-05-08,2009,4.0
2007-05-09,2009,4.0
2007-05-10,2009,4.0
2007-05-11,2009,4.0
2007-05-14,2009,4.0
2007-05-15,2009,4.0
2007-05-16,2009,4.0
2007-05-17,2009,4.0
2007-05-18,2009,4.0
2007-05-21,2009,4.0
2007-05-22,2009,4.0
2007-05-23,2009,4.0
2007-05-24,2009,4.0
2007-05-25,2009,4.0
2007-05-28,2009,4.0
2007-05-29,2009,4.0
2007-05-30,2009,4.0
2007-05-31,2009,4.0
2007-06-01,2009,4.0
2007-06-04,2009,4.0
2007-06-05,2009,4.0
2007-06-06,2009,4.0
2007-06-08,2009,4.0
2007-06-11,2009,4.0
2007-06-12,2009,4.0
2007-06-13,2009,4.0
2007-06-14,2009,4.0
2007-06-15,2009,4.0
2007-06-18,2009,4.0
2007-06-19,2009,4.0
2007-06-20,2009,4.0
2007-06-21,2009,4.0
2007-06-22,2009,4.0
2007-06-25,2009,4.0
2007-06-26,2009,4.0
2007-06-27,2009,4.0
2007-06-28,2009,4.0
2007-06-29,2009,4.0
2007-07-02,2009,4.0
2007-07-03,2009,4.0
2007-07-04,2009,4.0
2007-07-05,2009,4.0
2007-07-06,2009,4.0
2007-07-09,2009,4.0
2007-07-10,2009,4.0
2007-07-11,2009,4.0
2007-07-12,2009,4.0
2007-07-13,2009,4.0
2007-07-16,2009,4.0
2007-07-17,2009,4.0
2007-07-18,2009,4.0
2007-07-19,2009,4.0
2007-07-20,2009,4.0
2007-07-23,2009,4.0
2007-07-24,2009,4.0
2007-07-25,2009,4.0
2007-07-26,2009,4.0
2007-07-27,2009,4.0
2007-07-30,2009,4.0
2007-07-31,2009,4.0
2007-08-01,2009,4.0
2007-08-02,2009,4.0
2007-08-03,2009,4.0
2007-08-06,2009,4.0
2007-08-07,2009,4.0
2007-08-08,2009,4.0
2007-08-09,2009,4.0
2007-08-10,2009,4.0
2007-08-13,2009,4.0
2007-08-14,2009,4.0
2007-08-15,2009,4.0
2007-08-16,2009,4.0
2007-08-17,2009,4.0
2007-08-20,2009,4.0
2007-08-21,2009,4.0
2007-08-22,2009,4.0
2007-08-23,2009,4.0
2007-08-24,2009,4.0
2007-08-27,2009,4.0
2007-08-28,2009,4.0
2007-08-29,2009,4.0
2007-08-30,2009,4.0
2007-08-31,2009,4.0
2007-09-03,2009,4.0
2007-09-04,2009,4.0
2007-09-05,2009,4.0
2007-09-06,2009,4.0
2007-09-10,2009,4.0
2007-09-11,2009,4.0
2007-09-12,2009,4.0
2007-09-13,2009,4.0
2007-09-14,2009,4.0
2007-09-17,2009,4.0
2007-09-18,2009,4.0
2007-09-19,2009,4.0
2007-09-20,2009,4.0
2007-09-21,2009,4.0
2007-09-24,2009,4.0
2007-09-25,2009,4.0
2007-09-26,2009,4.0
2007-09-27,2009,4.0
2007-09-28,2009,4.0
2007-10-01,2009,4.0
2007-10-02,2009,4.0
2007-10-03,2009,4.0
2007-10-04,2009,4.0
2007-10-05,2009,4.0
2007-10-08,2009,4.0
2007-10-09,2009,4.0
2007-10-10,2009,4.0
2007-10-11,2009,4.0
2007-10-15,2009,4.0
2007-10-16,2009,4.0
2007-10-17,2009,4.0
2007-10-18,2009,4.0
2007-10-19,2009,4.0
2007-10-22,2009,4.0
2007-10-23,2009,4.0
2007-10-24,2009,4.0
2007-10-25,2009,4.0
2007-10-26,2009,4.0
2007-10-29,2009,4.0
2007-10-30,2009,4.0
2007-10-31,2009,4.0
2007-11-01,2009,4.0
2007-11-05,2009,4.0
2007-11-06,2009,4.0
2007-11-07,2009,4.0
2007-11-08,2009,4.0
2007-11-09,2009,4.0
2007-11-12,2009,4.0
2007-11-13,2009,4.0
2007-11-14,2009,4.0
2007-11-16,2009,4.0
2007-11-19,2009,4.0
2007-11-20,2009,4.0
2007-11-21,2009,4.0
2007-11-22,2009,4.0
2007-11-23,2009,4.0
2007-11-26,2009,4.0
2007-11-27,2009,4.0
2007-11-28,2009,4.0
2007-11-29,2009,4.0
2007-11-30,2009,4.0
2007-12-03,2009,4.0
2007-12-04,2009,4.0
2007-12-05,2009,4.0
2007-12-06,2009,4.0
2007-12-07,2009,4.0
2007-12-10,2009,4.0
2007-12-11,2009,4.0
2007-12-12,2009,4.0
2007-12-13,2009,4.0
2007-12-14,2009,4.0
2007-12-17,2009,4.0
2007-12-18,2009,4.0
2007-12-19,2009,4.0
2007-12-20,2009,4.0
2007-12-21,2009,4.0
2007-12-24,2009,4.0
2007-12-26,2009,4.0
2007-12-27,2009,4.0
2007-12-28,2009,4.0
2007-12-31,2009,4.0
2008-01-02,2009,4.0
2008-01-03,2009,4.0
2008-01-04,2009,4.0
2008-01-07,2009,4.0
2008-01-08,2009,4.0
2008-01-09,2009,4.0
2008-01-10,2009,4.0
2008-01-11,2009,4.0
2008-01-14,2009,4.0
2008-01-15,2009,4.0
2008-01-16,2009,4.0
2008-01-17,2009,4.0
2008-01-18,2009,4.0
2008-01-21,2009,4.0
2008-01-22,2009,4.0
2008-01-23,2009,4.0
2008-01-24,2009,4.0
2008-01-25,2009,4.0
2008-01-28,2009,4.0
2008-01-29,2009,4.0
2008-01-30,2009,4.0
2008-01-31,2009,4.0
2008-02-01,2009,4.0
2008-02-06,2009,4.0
2008-02-07,2009,4.0
2008-02-08,2009,4.0
2008-02-11,2009,4.0
2008-02-12,2009,4.0
2008-02-13,2009,4.0
2008-02-14,2009,4.0
2008-02-15,2009,4.0
2008-02-18,2009,4.0
2008-02-19,2009,4.0
2008-02-20,2009,4.0
2008-02-21,2009,4.0
2008-02-22,2009,4.0
2008-02-25,2009,4.0
2008-02-26,2009,4.0
2008-02-27,2009,4.0
2008-02-28,2009,4.0
2008-02-29,2009,4.0
2008-03-03,2009,4.0
2008-03-04,2009,4.0
2008-03-05,2009,4.0
2008-03-06,2009,4.0
2008-03-07,2009,4.0
2008-03-10,2009,4.0
2008-03-11,2009,4.0
2008-03-12,2009,4.0
2008-03-13,2009,4.0
2008-03-14,2009,4.0
2008-03-17,2009,4.0
2008-03-18,2009,4.0
2008-03-19,2009,4.0
2008-03-20,2009,4.0
2008-03-24,2009,4.0
2008-03-25,2009,4.0
2008-03-26,2009,4.0
2008-03-27,2009,4.0
2008-03-28,2009,4.0
2008-03-31,2009,4.0
2008-04-01,2009,4.0
2008-04-02,2009,4.0
2008-04-03,2009,4.0
2008-04-04,2009,4.0
2008-04-07,2009,4.0
2008-04-08,2009,4.0
2008-04-09,2009,4.0
2008-04-10,2009,4.0
2008-04-11,2009,4.0
2008-04-14,2009,4.0
2008-04-15,2009,4.0
2008-04-16,2009,4.0
2008-04-17,2009,4.0
2008-04-18,2009,4.0
2008-04-22,2009,4.0
2008-04-23,2009,4.0
2008-04-24,2009,4.0
2008-04-25,2009,4.0
2008-04-28,2009,4.0
2008-04-29,2009,4.05
2008-04-30,2009,4.0
2008-05-02,2009,4.2
2008-05-05,2009,4.15
2008-05-06,2009,4.15
2008-05-07,2009,4.15
2008-05-08,2009,4.2
2008-05-09,2009,4.31
2008-05-12,2009,4.3
2008-05-13,2009,4.3
2008-05-14,2009,4.31
2008-05-15,2009,4.31
2008-05-16,2009,4.4
2008-05-19,2009,4.32
2008-05-20,2009,4.41
2008-05-21,2009,4.41
2008-05-23,2009,4.41
2008-05-26,2009,4.41
2008-05-27,2009,4.5
2008-05-28,2009,4.5
2008-05-29,2009,4.5
2008-05-30,2009,4.5
2008-06-02,2009,4.5
2008-06-03,2009,4.5
2008-06-04,2009,4.5
2008-06-05,2009,4.5
2008-06-06,2009,4.5
2008-06-09,2009,4.5
2008-06-10,2009,4.5
2008-06-11,2009,4.5
2008-06-12,2009,4.5
2008-06-13,2009,4.68
2008-06-16,2009,4.7
2008-06-17,2009,4.75
2008-06-18,2009,4.75
2008-06-19,2009,4.8
2008-06-20,2009,4.8
2008-06-23,2009,4.8
2008-06-24,2009,4.8
2008-06-25,2009,4.8
2008-06-26,2009,4.8
2008-06-27,2009,4.8
2008-06-30,2009,4.85
2008-07-01,2009,4.9
2008-07-02,2009,4.9
2008-07-03,2009,4.9
2008-07-04,2009,5.0
2008-07-07,2009,5.0
2008-07-08,2009,5.0
2008-07-09,2009,5.0
2008-07-10,2009,5.0
2008-07-11,2009,5.0
2008-07-14,2009,5.0
2008-07-15,2009,5.0
2008-07-16,2009,5.0
2008-07-17,2009,5.0
2008-07-18,2009,5.07
2008-07-21,2009,5.0
2008-07-22,2009,5.0
2008-07-23,2009,5.0
2008-07-24,2009,5.04
2008-07-25,2009,5.04
2008-07-28,2009,5.04
2008-07-29,2009,5.07
2008-07-30,2009,5.07
2008-07-31,2009,5.1
2008-08-01,2009,5.09
2008-08-04,2009,5.11
2008-08-05,2009,5.1
2008-08-06,2009,5.1
2008-08-07,2009,5.1
2008-08-08,2009,5.13
2008-08-11,2009,5.13
2008-08-12,2009,5.13
2008-08-13,2009,5.15
2008-08-14,2009,5.13
2008-08-15,2009,5.13
2008-08-18,2009,5.13
2008-08-19,2009,5.13
2008-08-20,2009,5.13
2008-08-21,2009,5.13
2008-08-22,2009,5.13
2008-08-25,2009,5.13
2008-08-26,2009,5.13
2008-08-27,2009,5.13
2008-08-28,2009,5.1
2008-08-29,2009,5.1
2008-09-01,2009,5.1
2008-09-02,2009,5.1
2008-09-03,2009,5.1
2008-09-04,2009,5.1
2008-09-05,2009,5.1
2008-09-08,2009,5.1
2008-09-09,2009,5.1
2008-09-10,2009,5.1
2008-09-11,2009,5.14
2008-09-12,2009,5.13
2008-09-15,2009,5.2
2008-09-16,2009,5.2
2008-09-17,2009,5.2
2008-09-18,2009,5.15
2008-09-19,2009,5.15
2008-09-22,2009,5.13
2008-09-23,2009,5.13
2008-09-24,2009,5.13
2008-09-25,2009,5.13
2008-09-26,2009,5.1
2008-09-29,2009,5.1
2008-09-30,2009,5.1
2008-10-01,2009,5.1
2008-10-02,2009,5.1
2008-10-03,2009,5.1
2008-10-06,2009,5.1
2008-10-07,2009,5.1
2008-10-08,2009,5.07
2008-10-09,2009,5.07
2008-10-10,2009,5.1
2008-10-13,2009,5.1
2008-10-14,2009,5.1
2008-10-15,2009,5.1
2008-10-16,2009,5.07
2008-10-17,2009,5.1
2008-10-20,2009,5.1
2008-10-21,2009,5.1
2008-10-22,2009,5.1
2008-10-23,2009,5.12
2008-10-24,2009,5.1
2008-10-27,2009,5.12
2008-10-28,2009,5.12
2008-10-29,2009,5.12
2008-10-30,2009,5.13
2008-10-31,2009,5.17
2008-11-03,2009,5.2
2008-11-04,2009,5.2
2008-11-05,2009,5.2
2008-11-06,2009,5.21
2008-11-07,2009,5.3
2008-11-10,2009,5.3
2008-11-11,2009,5.3
2008-11-12,2009,5.33
2008-11-13,2009,5.35
2008-11-14,2009,5.38
2008-11-17,2009,5.33
2008-11-18,2009,5.33
2008-11-19,2009,5.33
2008-11-20,2009,5.3
2008-11-21,2009,5.33
2008-11-24,2009,5.3
2008-11-25,2009,5.39
2008-11-26,2009,5.4
2008-11-27,2009,5.39
2008-11-28,2009,5.39
2008-12-01,2009,5.38
2008-12-02,2009,5.37
2008-12-03,2009,5.37
2008-12-04,2009,5.38
2008-12-05,2009,5.4
2008-12-08,2009,5.37
2008-12-09,2009,5.35
2008-12-10,2009,5.33
2008-12-11,2009,5.3
2008-12-12,2009,5.3
2008-12-15,2009,5.3
2008-12-16,2009,5.3
2008-12-17,2009,5.29
2008-12-18,2009,5.3
2008-12-19,2009,5.2
2008-12-22,2009,5.15
2008-12-23,2009,5.15
2008-12-24,2009,5.15
2008-12-26,2009,5.04
2008-12-29,2009,5.08
2008-12-30,2009,5.08
2008-12-31,2009,5.09
2009-01-02,2009,5.1
2009-01-05,2009,5.15
2009-01-06,2009,5.15
2009-01-07,2009,5.15
2009-01-08,2009,5.15
2009-01-09,2009,5.09
2009-01-12,2009,5.1
2009-01-13,2009,5.1
2009-01-14,2009,5.1
2009-01-15,2009,5.1
2009-01-16,2009,5.1
2009-01-19,2009,5.0
2009-01-20,2009,5.0
2009-01-21,2009,5.0
2009-01-22,2009,4.95
2009-01-23,2009,5.0
2009-01-26,2009,5.0
2009-01-27,2009,5.0
2009-01-28,2009,5.0
2009-01-29,2009,5.0
2009-01-30,2009,5.0
2009-02-02,2009,5.0
2009-02-03,2009,5.0
2009-02-04,2009,5.0
2009-02-05,2009,5.0
2009-02-06,2009,5.0
2009-02-09,2009,5.0
2009-02-10,2009,5.0
2009-02-11,2009,5.0
2009-02-12,2009,5.0
2009-02-13,2009,4.9
2009-02-16,2009,4.95
2009-02-17,2009,4.9
2009-02-18,2009,4.95
2009-02-19,2009,4.9
2009-02-20,2009,4.9
2009-02-25,2009,4.9
2009-02-26,2009,4.85
2009-02-27,2009,4.85
2009-03-02,2009,4.7
2009-03-03,2009,4.7
2009-03-04,2009,4.75
2009-03-05,2009,4.7
2009-03-06,2009,4.7
2009-03-09,2009,4.7
2009-03-10,2009,4.7
2009-03-11,2009,4.7
2009-03-12,2009,4.69
2009-03-13,2009,4.68
2009-03-16,2009,4.68
2009-03-17,2009,4.68
2009-03-18,2009,4.6
2009-03-19,2009,4.5
2009-03-20,2009,4.6
2009-03-23,2009,4.5
2009-03-24,2009,4.5
2009-03-25,2009,4.5
2009-03-26,2009,4.5
2009-03-27,2009,4.5
2009-03-30,2009,4.5
2009-03-31,2009,4.5
2009-04-01,2009,4.5
2009-04-02,2009,4.5
2009-04-03,2009,4.5
2009-04-06,2009,4.5
2009-04-07,2009,4.5
2009-04-08,2009,4.5
2009-04-09,2009,4.5
2009-04-13,2009,4.5
2009-04-14,2009,4.5
2009-04-15,2009,4.5
2009-04-16,2009,4.5
2009-04-17,2009,4.5
2009-04-20,2009,4.47
2009-04-22,2009,4.5
2009-04-23,2009,4.45
2009-04-24,2009,4.45
2009-04-27,2009,4.4
2009-04-28,2009,4.4
2009-04-29,2009,4.4
2009-04-30,2009,4.4
2009-05-04,2009,4.38
2009-05-05,2009,4.34
2009-05-06,2009,4.3
2009-05-07,2009,4.4
2009-05-08,2009,4.4
2009-05-11,2009,4.4
2009-05-12,2009,4.4
2009-05-13,2009,4.38
2009-05-14,2009,4.38
2009-05-15,2009,4.38
2009-05-18,2009,4.3
2009-05-19,2009,4.35
2009-05-20,2009,4.35
2009-05-21,2009,4.35
2009-05-22,2009,4.35
2009-05-25,2009,4.3
2009-05-26,2009,4.3
2009-05-27,2009,4.35
2009-05-28,2009,4.35
2009-05-29,2009,4.35
2009-06-01,2009,4.35
2009-06-02,2009,4.35
2009-06-03,2009,4.3
2009-06-04,2009,4.3
2009-06-05,2009,4.3
2009-06-08,2009,4.3
2009-06-09,2009,4.3
2009-06-10,2009,4.3
2009-06-12,2009,4.3
2009-06-15,2009,4.3
2009-06-16,2009,4.3
2009-06-17,2009,4.3
2009-06-18,2009,4.3
2009-06-19,2009,4.3
2009-06-22,2009,4.3
2009-06-23,2009,4.3
2009-06-24,2009,4.3
2009-06-25,2009,4.3
2009-06-26,2009,4.3
2009-06-29,2009,4.3
2009-06-30,2009,4.3
2009-07-01,2009,4.33
2009-07-02,2009,4.33
2009-07-03,2009,4.33
2009-07-06,2009,4.33
2009-07-07,2009,4.33
2009-07-08,2009,4.33
2009-07-09,2009,4.33
2009-07-10,2009,4.3
2009-07-13,2009,4.3
2009-07-14,2009,4.3
2009-07-15,2009,4.3
2009-07-16,2009,4.3
2009-07-17,2009,4.3
2009-07-20,2009,4.3
2009-07-21,2009,4.3
2009-07-22,2009,4.3
2009-07-23,2009,4.3
2009-07-24,2009,4.3
2009-07-27,2009,4.3
2009-07-28,2009,4.3
2009-07-29,2009,4.3
2009-07-30,2009,4.3
2009-07-31,2009,4.3
2009-08-03,2009,4.3
2009-08-04,2009,4.3
2009-08-05,2009,4.3
2009-08-06,2009,4.3
2009-08-07,2009,4.3
2009-08-10,2009,4.28
2009-08-11,2009,4.28
2009-08-12,2009,4.25
2009-08-13,2009,4.25
2009-08-14,2009,4.25
2009-08-17,2009,4.2
2009-08-18,2009,4.2
2009-08-19,2009,4.2
2009-08-20,2009,4.2
2009-08-21,2009,4.2
2009-08-24,2009,4.19
2009-08-25,2009,4.19
2009-08-26,2009,4.19
2009-08-27,2009,4.19
2009-08-28,2009,4.2
2009-08-31,2009,4.19
2009-09-01,2009,4.2
2009-09-02,2009,4.2
2009-09-03,2009,4.2
2009-09-04,2009,4.2
2009-09-08,2009,4.2
2009-09-09,2009,4.2
2009-09-10,2009,4.2
2009-09-11,2009,4.2
2009-09-14,2009,4.2
2009-09-15,2009,4.19
2009-09-16,2009,4.19
2009-09-17,2009,4.17
2009-09-18,2009,4.14
2009-09-21,2009,4.1
2009-09-22,2009,4.11
2009-09-23,2009,4.1
2009-09-24,2009,4.1
2009-09-25,2009,4.1
2009-09-28,2009,4.1
2009-09-29,2009,4.1
2009-09-30,2009,4.1
2009-10-01,2009,4.1
2009-10-02,2009,4.1
2009-10-05,2009,4.1
2009-10-06,2009,4.1
2009-10-07,2009,4.1
2009-10-08,2009,4.1
2009-10-09,2009,4.1
2009-10-13,2009,4.1
2009-10-14,2009,4.1
2009-10-15,2009,4.1
2009-10-16,2009,4.12
2009-10-19,2009,4.1
2009-10-20,2009,4.1
2009-10-21,2009,4.1
2009-10-22,2009,4.1
2009-10-23,2009,4.1
2009-10-26,2009,4.1
2009-10-27,2009,4.1
2009-10-28,2009,4.1
2009-10-29,2009,4.1
2009-10-30,2009,4.1
2009-11-03,2009,4.1
2009-11-04,2009,4.1
2009-11-05,2009,4.1
2009-11-06,2009,4.1
2009-11-09,2009,4.1
2009-11-10,2009,4.1
2009-11-11,2009,4.1
2009-11-12,2009,4.14
2009-11-13,2009,4.18
2009-11-16,2009,4.17
2009-11-17,2009,4.15
2009-11-18,2009,4.19
2009-11-19,2009,4.2
2009-11-20,2009,4.2
2009-11-23,2009,4.2
2009-11-24,2009,4.2
2009-11-25,2009,4.2
2009-11-26,2009,4.2
2009-11-27,2009,4.2
2009-11-30,2009,4.2
2009-12-01,2009,4.2
2009-12-02,2009,4.2
2009-12-03,2009,4.2
2009-12-04,2009,4.2
2009-12-07,2009,4.2
2009-12-08,2009,4.23
2009-12-09,2009,4.29
2009-12-10,2009,4.27
2009-12-11,2009,4.29
2009-12-14,2009,4.3
2009-12-15,2009,4.3
2009-12-16,2009,4.3
2009-12-17,2009,4.3
2009-12-18,2009,4.31
2009-12-21,2009,4.31
2009-12-22,2009,4.4
2009-12-23,2009,4.4
2009-12-24,2009,4.4
2009-12-28,2009,4.36
2009-12-29,2009,4.36
2009-12-30,2009,4.36
2009-12-31,2009,4.36
2010-01-04,2009,4.32
2010-01-05,2009,4.36
2010-01-06,2009,4.36
2010-01-07,2009,4.36
2010-01-08,2009,4.37
2010-01-11,2009,4.38
2010-01-12,2009,4.4
2006-01-12,2010,5.5
2006-01-13,2010,4.75
2006-01-16,2010,4.75
2006-01-17,2010,4.5
2006-01-18,2010,4.5
2006-01-19,2010,4.5
2006-01-20,2010,4.5
2006-01-23,2010,4.5
2006-01-24,2010,4.5
2006-01-25,2010,4.5
2006-01-26,2010,4.5
2006-01-27,2010,4.5
2006-01-30,2010,4.5
2006-01-31,2010,4.5
2006-02-01,2010,4.5
2006-02-02,2010,4.5
2006-02-03,2010,4.5
2006-02-06,2010,4.5
2006-02-07,2010,4.5
2006-02-08,2010,4.5
2006-02-09,2010,4.5
2006-02-10,2010,4.5
2006-02-13,2010,4.5
2006-02-14,2010,4.5
2006-02-15,2010,4.5
2006-02-16,2010,4.25
2006-02-17,2010,4.25
2006-02-20,2010,4.0
2006-02-21,2010,4.0
2006-02-22,2010,4.0
2006-02-23,2010,4.0
2006-02-24,2010,4.0
2006-03-01,2010,4.0
2006-03-02,2010,4.0
2006-03-03,2010,4.0
2006-03-06,2010,4.0
2006-03-07,2010,4.0
2006-03-08,2010,4.0
2006-03-09,2010,4.0
2006-03-10,2010,4.0
2006-03-13,2010,4.0
2006-03-14,2010,4.0
2006-03-15,2010,4.0
2006-03-16,2010,4.0
2006-03-17,2010,4.0
2006-03-20,2010,4.25
2006-03-21,2010,4.25
2006-03-22,2010,4.0
2006-03-23,2010,4.0
2006-03-24,2010,4.0
2006-03-27,2010,4.0
2006-03-28,2010,4.0
2006-03-29,2010,4.0
2006-03-30,2010,4.0
2006-03-31,2010,4.0
2006-04-03,2010,4.0
2006-04-04,2010,4.0
2006-04-05,2010,4.0
2006-04-06,2010,4.0
2006-04-07,2010,4.0
2006-04-10,2010,4.4
2006-04-11,2010,4.4
2006-04-12,2010,4.4
2006-04-13,2010,4.4
2006-04-17,2010,4.4
2006-04-18,2010,4.4
2006-04-19,2010,4.4
2006-04-20,2010,4.0
2006-04-24,2010,4.2
2006-04-25,2010,4.2
2006-04-26,2010,4.25
2006-04-27,2010,4.5
2006-04-28,2010,4.5
2006-05-02,2010,4.5
2006-05-03,2010,4.5
2006-05-04,2010,4.5
2006-05-05,2010,4.25
2006-05-08,2010,4.25
2006-05-09,2010,4.25
2006-05-10,2010,4.2
2006-05-11,2010,4.35
2006-05-12,2010,4.35
2006-05-15,2010,4.35
2006-05-16,2010,4.35
2006-05-17,2010,4.35
2006-05-18,2010,4.35
2006-05-19,2010,4.5
2006-05-22,2010,4.5
2006-05-23,2010,4.5
2006-05-24,2010,4.5
2006-05-25,2010,4.5
2006-05-26,2010,4.3
2006-05-29,2010,4.3
2006-05-30,2010,4.1
2006-05-31,2010,4.3
2006-06-01,2010,4.3
2006-06-02,2010,4.3
2006-06-05,2010,4.3
2006-06-06,2010,4.3
2006-06-07,2010,4.3
2006-06-08,2010,4.1
2006-06-09,2010,4.1
2006-06-12,2010,4.3
2006-06-13,2010,4.3
2006-06-14,2010,4.3
2006-06-16,2010,4.3
2006-06-19,2010,4.1
2006-06-20,2010,4.1
2006-06-21,2010,4.3
2006-06-22,2010,4.3
2006-06-23,2010,4.3
2006-06-26,2010,4.3
2006-06-27,2010,4.3
2006-06-28,2010,4.3
2006-06-29,2010,4.3
2006-06-30,2010,4.3
2006-07-03,2010,4.3
2006-07-04,2010,4.3
2006-07-05,2010,4.3
2006-07-06,2010,4.3
2006-07-07,2010,4.3
2006-07-10,2010,4.3
2006-07-11,2010,4.5
2006-07-12,2010,4.5
2006-07-13,2010,4.5
2006-07-14,2010,4.5
2006-07-17,2010,4.5
2006-07-18,2010,4.5
2006-07-19,2010,4.5
2006-07-20,2010,4.5
2006-07-21,2010,4.5
2006-07-24,2010,4.5
2006-07-25,2010,4.5
2006-07-26,2010,4.5
2006-07-27,2010,4.5
2006-07-28,2010,4.5
2006-07-31,2010,4.3
2006-08-01,2010,4.3
2006-08-02,2010,4.3
2006-08-03,2010,4.3
2006-08-04,2010,4.3
2006-08-07,2010,4.3
2006-08-08,2010,4.3
2006-08-09,2010,4.3
2006-08-10,2010,4.3
2006-08-11,2010,4.3
2006-08-14,2010,4.3
2006-08-15,2010,4.1
2006-08-16,2010,4.1
2006-08-17,2010,4.05
2006-08-18,2010,4.05
2006-08-21,2010,4.0
2006-08-22,2010,4.0
2006-08-23,2010,4.0
2006-08-24,2010,4.0
2006-08-25,2010,4.05
2006-08-28,2010,4.3
2006-08-29,2010,4.1
2006-08-30,2010,4.3
2006-08-31,2010,4.1
2006-09-01,2010,4.1
2006-09-04,2010,4.1
2006-09-05,2010,4.1
2006-09-06,2010,4.05
2006-09-08,2010,4.05
2006-09-11,2010,4.05
2006-09-12,2010,4.05
2006-09-13,2010,4.05
2006-09-14,2010,4.05
2006-09-15,2010,4.05
2006-09-18,2010,4.05
2006-09-19,2010,4.05
2006-09-20,2010,4.05
2006-09-21,2010,4.1
2006-09-22,2010,4.0
2006-09-25,2010,4.0
2006-09-26,2010,4.0
2006-09-27,2010,4.0
2006-09-28,2010,4.0
2006-09-29,2010,4.0
2006-10-02,2010,4.0
2006-10-03,2010,4.0
2006-10-04,2010,4.0
2006-10-05,2010,4.0
2006-10-06,2010,4.0
2006-10-09,2010,4.05
2006-10-10,2010,4.05
2006-10-11,2010,4.05
2006-10-13,2010,4.0
2006-10-16,2010,4.0
2006-10-17,2010,4.0
2006-10-18,2010,4.0
2006-10-19,2010,4.0
2006-10-20,2010,4.0
2006-10-23,2010,4.0
2006-10-24,2010,4.0
2006-10-25,2010,4.0
2006-10-26,2010,4.0
2006-10-27,2010,4.0
2006-10-30,2010,4.0
2006-10-31,2010,4.0
2006-11-01,2010,4.0
2006-11-03,2010,4.0
2006-11-06,2010,4.0
2006-11-07,2010,4.0
2006-11-08,2010,4.0
2006-11-09,2010,4.0
2006-11-10,2010,4.0
2006-11-13,2010,4.0
2006-11-14,2010,4.0
2006-11-16,2010,4.0
2006-11-17,2010,4.0
2006-11-20,2010,4.0
2006-11-21,2010,4.0
2006-11-22,2010,4.0
2006-11-23,2010,4.0
2006-11-24,2010,4.0
2006-11-27,2010,4.0
2006-11-28,2010,4.0
2006-11-29,2010,4.0
2006-11-30,2010,4.0
2006-12-01,2010,4.0
2006-12-04,2010,4.0
2006-12-05,2010,4.0
2006-12-06,2010,4.0
2006-12-07,2010,4.0
2006-12-08,2010,4.0
2006-12-11,2010,4.0
2006-12-12,2010,4.0
2006-12-13,2010,4.0
2006-12-14,2010,4.0
2006-12-15,2010,4.0
2006-12-18,2010,4.0
2006-12-19,2010,4.0
2006-12-20,2010,4.0
2006-12-21,2010,4.0
2006-12-22,2010,4.0
2006-12-26,2010,4.0
2006-12-27,2010,4.0
2006-12-28,2010,4.0
2006-12-29,2010,4.0
2007-01-02,2010,4.0
2007-01-03,2010,4.0
2007-01-04,2010,4.0
2007-01-05,2010,4.0
2007-01-08,2010,4.0
2007-01-09,2010,4.0
2007-01-10,2010,4.0
2007-01-11,2010,4.0
2007-01-12,2010,4.0
2007-01-15,2010,4.0
2007-01-16,2010,4.0
2007-01-17,2010,4.0
2007-01-18,2010,4.0
2007-01-19,2010,4.0
2007-01-22,2010,4.0
2007-01-23,2010,4.0
2007-01-24,2010,4.0
2007-01-25,2010,4.0
2007-01-26,2010,4.0
2007-01-29,2010,4.0
2007-01-30,2010,4.0
2007-01-31,2010,4.0
2007-02-01,2010,4.0
2007-02-02,2010,4.0
2007-02-05,2010,4.0
2007-02-06,2010,4.0
2007-02-07,2010,4.0
2007-02-08,2010,4.0
2007-02-09,2010,4.0
2007-02-12,2010,4.0
2007-02-13,2010,4.0
2007-02-14,2010,4.0
2007-02-15,2010,4.0
2007-02-16,2010,4.0
2007-02-21,2010,4.0
2007-02-22,2010,4.0
2007-02-23,2010,4.0
2007-02-26,2010,4.0
2007-02-27,2010,4.0
2007-02-28,2010,4.0
2007-03-01,2010,4.0
2007-03-02,2010,4.0
2007-03-05,2010,4.0
2007-03-06,2010,4.0
2007-03-07,2010,4.0
2007-03-08,2010,4.0
2007-03-09,2010,4.0
2007-03-12,2010,4.0
2007-03-13,2010,4.0
2007-03-14,2010,4.0
2007-03-15,2010,4.0
2007-03-16,2010,4.0
2007-03-19,2010,4.0
2007-03-20,2010,4.0
2007-03-21,2010,4.0
2007-03-22,2010,4.0
2007-03-23,2010,4.0
2007-03-26,2010,4.0
2007-03-27,2010,4.0
2007-03-28,2010,4.0
2007-03-29,2010,4.0
2007-03-30,2010,4.0
2007-04-02,2010,4.0
2007-04-03,2010,4.0
2007-04-04,2010,4.0
2007-04-05,2010,4.0
2007-04-09,2010,4.0
2007-04-10,2010,4.0
2007-04-11,2010,4.0
2007-04-12,2010,4.0
2007-04-13,2010,4.0
2007-04-16,2010,4.0
2007-04-17,2010,4.0
2007-04-18,2010,4.0
2007-04-19,2010,4.0
2007-04-20,2010,4.0
2007-04-23,2010,4.0
2007-04-24,2010,4.0
2007-04-25,2010,4.0
2007-04-26,2010,4.0
2007-04-27,2010,4.0
2007-04-30,2010,4.0
2007-05-02,2010,4.0
2007-05-03,2010,4.0
2007-05-04,2010,4.0
2007-05-07,2010,4.0
2007-05-08,2010,4.0
2007-05-09,2010,4.0
2007-05-10,2010,4.0
2007-05-11,2010,4.0
2007-05-14,2010,4.0
2007-05-15,2010,4.0
2007-05-16,2010,4.0
2007-05-17,2010,4.0
2007-05-18,2010,4.0
2007-05-21,2010,4.0
2007-05-22,2010,4.0
2007-05-23,2010,4.0
2007-05-24,2010,4.0
2007-05-25,2010,4.0
2007-05-28,2010,4.0
2007-05-29,2010,4.0
2007-05-30,2010,4.0
2007-05-31,2010,4.0
2007-06-01,2010,4.0
2007-06-04,2010,4.0
2007-06-05,2010,4.0
2007-06-06,2010,4.0
2007-06-08,2010,4.0
2007-06-11,2010,4.0
2007-06-12,2010,4.0
2007-06-13,2010,4.0
2007-06-14,2010,4.0
2007-06-15,2010,4.0
2007-06-18,2010,4.0
2007-06-19,2010,4.0
2007-06-20,2010,4.0
2007-06-21,2010,4.0
2007-06-22,2010,4.0
2007-06-25,2010,4.0
2007-06-26,2010,4.0
2007-06-27,2010,4.0
2007-06-28,2010,4.0
2007-06-29,2010,4.0
2007-07-02,2010,4.0
2007-07-03,2010,4.0
2007-07-04,2010,4.0
2007-07-05,2010,4.0
2007-07-06,2010,4.0
2007-07-09,2010,4.0
2007-07-10,2010,4.0
2007-07-11,2010,4.0
2007-07-12,2010,4.0
2007-07-13,2010,4.0
2007-07-16,2010,4.0
2007-07-17,2010,4.0
2007-07-18,2010,4.0
2007-07-19,2010,4.0
2007-07-20,2010,4.0
2007-07-23,2010,4.0
2007-07-24,2010,4.0
2007-07-25,2010,4.0
2007-07-26,2010,4.0
2007-07-27,2010,4.0
2007-07-30,2010,4.0
2007-07-31,2010,4.0
2007-08-01,2010,4.0
2007-08-02,2010,4.0
2007-08-03,2010,4.0
2007-08-06,2010,4.0
2007-08-07,2010,4.0
2007-08-08,2010,4.0
2007-08-09,2010,4.0
2007-08-10,2010,4.0
2007-08-13,2010,4.0
2007-08-14,2010,4.0
2007-08-15,2010,4.0
2007-08-16,2010,4.0
2007-08-17,2010,4.0
2007-08-20,2010,4.0
2007-08-21,2010,4.0
2007-08-22,2010,4.0
2007-08-23,2010,4.0
2007-08-24,2010,4.0
2007-08-27,2010,4.0
2007-08-28,2010,4.0
2007-08-29,2010,4.0
2007-08-30,2010,4.0
2007-08-31,2010,4.0
2007-09-03,2010,4.0
2007-09-04,2010,4.0
2007-09-05,2010,4.0
2007-09-06,2010,4.0
2007-09-10,2010,4.0
2007-09-11,2010,4.0
2007-09-12,2010,4.0
2007-09-13,2010,4.0
2007-09-14,2010,4.0
2007-09-17,2010,4.0
2007-09-18,2010,4.0
2007-09-19,2010,4.0
2007-09-20,2010,4.0
2007-09-21,2010,4.0
2007-09-24,2010,4.0
2007-09-25,2010,4.0
2007-09-26,2010,4.0
2007-09-27,2010,4.0
2007-09-28,2010,4.0
2007-10-01,2010,4.0
2007-10-02,2010,4.0
2007-10-03,2010,4.0
2007-10-04,2010,4.0
2007-10-05,2010,4.0
2007-10-08,2010,4.0
2007-10-09,2010,4.0
2007-10-10,2010,4.0
2007-10-11,2010,4.0
2007-10-15,2010,4.0
2007-10-16,2010,4.0
2007-10-17,2010,4.0
2007-10-18,2010,4.0
2007-10-19,2010,4.0
2007-10-22,2010,4.0
2007-10-23,2010,4.0
2007-10-24,2010,4.0
2007-10-25,2010,4.0
2007-10-26,2010,4.0
2007-10-29,2010,4.0
2007-10-30,2010,4.0
2007-10-31,2010,4.0
2007-11-01,2010,4.0
2007-11-05,2010,4.0
2007-11-06,2010,4.0
2007-11-07,2010,4.0
2007-11-08,2010,4.0
2007-11-09,2010,4.0
2007-11-12,2010,4.0
2007-11-13,2010,4.0
2007-11-14,2010,4.0
2007-11-16,2010,4.0
2007-11-19,2010,4.0
2007-11-20,2010,4.0
2007-11-21,2010,4.0
2007-11-22,2010,4.0
2007-11-23,2010,4.0
2007-11-26,2010,4.0
2007-11-27,2010,4.0
2007-11-28,2010,4.0
2007-11-29,2010,4.0
2007-11-30,2010,4.0
2007-12-03,2010,4.0
2007-12-04,2010,4.0
2007-12-05,2010,4.0
2007-12-06,2010,4.0
2007-12-07,2010,4.0
2007-12-10,2010,4.0
2007-12-11,2010,4.0
2007-12-12,2010,4.0
2007-12-13,2010,4.0
2007-12-14,2010,4.0
2007-12-17,2010,4.0
2007-12-18,2010,4.0
2007-12-19,2010,4.0
2007-12-20,2010,4.0
2007-12-21,2010,4.0
2007-12-24,2010,4.0
2007-12-26,2010,4.0
2007-12-27,2010,4.0
2007-12-28,2010,4.0
2007-12-31,2010,4.0
2008-01-02,2010,4.0
2008-01-03,2010,4.0
2008-01-04,2010,4.0
2008-01-07,2010,4.0
2008-01-08,2010,4.0
2008-01-09,2010,4.0
2008-01-10,2010,4.0
2008-01-11,2010,4.0
2008-01-14,2010,4.0
2008-01-15,2010,4.0
2008-01-16,2010,4.0
2008-01-17,2010,4.0
2008-01-18,2010,4.0
2008-01-21,2010,4.0
2008-01-22,2010,4.0
2008-01-23,2010,4.0
2008-01-24,2010,4.0
2008-01-25,2010,4.0
2008-01-28,2010,4.0
2008-01-29,2010,4.0
2008-01-30,2010,4.0
2008-01-31,2010,4.0
2008-02-01,2010,4.0
2008-02-06,2010,4.0
2008-02-07,2010,4.0
2008-02-08,2010,4.0
2008-02-11,2010,4.05
2008-02-12,2010,4.05
2008-02-13,2010,4.05
2008-02-14,2010,4.0
2008-02-15,2010,4.0
2008-02-18,2010,4.15
2008-02-19,2010,4.08
2008-02-20,2010,4.08
2008-02-21,2010,4.08
2008-02-22,2010,4.08
2008-02-25,2010,4.17
2008-02-26,2010,4.17
2008-02-27,2010,4.17
2008-02-28,2010,4.17
2008-02-29,2010,4.17
2008-03-03,2010,4.08
2008-03-04,2010,4.08
2008-03-05,2010,4.15
2008-03-06,2010,4.15
2008-03-07,2010,4.15
2008-03-10,2010,4.15
2008-03-11,2010,4.15
2008-03-12,2010,4.15
2008-03-13,2010,4.0
2008-03-14,2010,4.0
2008-03-17,2010,4.1
2008-03-18,2010,4.1
2008-03-19,2010,4.1
2008-03-20,2010,4.11
2008-03-24,2010,4.11
2008-03-25,2010,4.11
2008-03-26,2010,4.1
2008-03-27,2010,4.0
2008-03-28,2010,4.0
2008-03-31,2010,4.0
2008-04-01,2010,4.0
2008-04-02,2010,4.0
2008-04-03,2010,4.0
2008-04-04,2010,4.0
2008-04-07,2010,4.0
2008-04-08,2010,4.0
2008-04-09,2010,4.05
2008-04-10,2010,4.05
2008-04-11,2010,4.05
2008-04-14,2010,4.0
2008-04-15,2010,4.0
2008-04-16,2010,4.0
2008-04-17,2010,4.0
2008-04-18,2010,4.0
2008-04-22,2010,4.0
2008-04-23,2010,4.05
2008-04-24,2010,4.18
2008-04-25,2010,4.25
2008-04-28,2010,4.25
2008-04-29,2010,4.38
2008-04-30,2010,4.18
2008-05-02,2010,4.25
2008-05-05,2010,4.18
2008-05-06,2010,4.18
2008-05-07,2010,4.18
2008-05-08,2010,4.25
2008-05-09,2010,4.38
2008-05-12,2010,4.5
2008-05-13,2010,4.5
2008-05-14,2010,4.5
2008-05-15,2010,4.5
2008-05-16,2010,4.5
2008-05-19,2010,4.4
2008-05-20,2010,4.45
2008-05-21,2010,4.45
2008-05-23,2010,4.45
2008-05-26,2010,4.45
2008-05-27,2010,4.5
2008-05-28,2010,4.5
2008-05-29,2010,4.5
2008-05-30,2010,4.5
2008-06-02,2010,4.5
2008-06-03,2010,4.5
2008-06-04,2010,4.5
2008-06-05,2010,4.5
2008-06-06,2010,4.5
2008-06-09,2010,4.5
2008-06-10,2010,4.5
2008-06-11,2010,4.5
2008-06-12,2010,4.5
2008-06-13,2010,4.5
2008-06-16,2010,4.5
2008-06-17,2010,4.5
2008-06-18,2010,4.5
2008-06-19,2010,4.5
2008-06-20,2010,4.5
2008-06-23,2010,4.5
2008-06-24,2010,4.5
2008-06-25,2010,4.5
2008-06-26,2010,4.5
2008-06-27,2010,4.5
2008-06-30,2010,4.5
2008-07-01,2010,4.5
2008-07-02,2010,4.5
2008-07-03,2010,4.5
2008-07-04,2010,4.5
2008-07-07,2010,4.5
2008-07-08,2010,4.5
2008-07-09,2010,4.5
2008-07-10,2010,4.5
2008-07-11,2010,4.5
2008-07-14,2010,4.5
2008-07-15,2010,4.5
2008-07-16,2010,4.5
2008-07-17,2010,4.5
2008-07-18,2010,4.5
2008-07-21,2010,4.5
2008-07-22,2010,4.5
2008-07-23,2010,4.5
2008-07-24,2010,4.5
2008-07-25,2010,4.5
2008-07-28,2010,4.5
2008-07-29,2010,4.5
2008-07-30,2010,4.5
2008-07-31,2010,4.5
2008-08-01,2010,4.5
2008-08-04,2010,4.5
2008-08-05,2010,4.5
2008-08-06,2010,4.5
2008-08-07,2010,4.5
2008-08-08,2010,4.5
2008-08-11,2010,4.5
2008-08-12,2010,4.5
2008-08-13,2010,4.5
2008-08-14,2010,4.5
2008-08-15,2010,4.5
2008-08-18,2010,4.5
2008-08-19,2010,4.5
2008-08-20,2010,4.5
2008-08-21,2010,4.5
2008-08-22,2010,4.5
2008-08-25,2010,4.5
2008-08-26,2010,4.5
2008-08-27,2010,4.5
2008-08-28,2010,4.5
2008-08-29,2010,4.5
2008-09-01,2010,4.5
2008-09-02,2010,4.5
2008-09-03,2010,4.5
2008-09-04,2010,4.5
2008-09-05,2010,4.5
2008-09-08,2010,4.5
2008-09-09,2010,4.5
2008-09-10,2010,4.5
2008-09-11,2010,4.5
2008-09-12,2010,4.5
2008-09-15,2010,4.5
2008-09-16,2010,4.5
2008-09-17,2010,4.5
2008-09-18,2010,4.5
2008-09-19,2010,4.5
2008-09-22,2010,4.5
2008-09-23,2010,4.5
2008-09-24,2010,4.5
2008-09-25,2010,4.5
2008-09-26,2010,4.5
2008-09-29,2010,4.5
2008-09-30,2010,4.5
2008-10-01,2010,4.5
2008-10-02,2010,4.5
2008-10-03,2010,4.5
2008-10-06,2010,4.5
2008-10-07,2010,4.5
2008-10-08,2010,4.5
2008-10-09,2010,4.5
2008-10-10,2010,4.5
2008-10-13,2010,4.5
2008-10-14,2010,4.5
2008-10-15,2010,4.5
2008-10-16,2010,4.5
2008-10-17,2010,4.5
2008-10-20,2010,4.5
2008-10-21,2010,4.5
2008-10-22,2010,4.5
2008-10-23,2010,4.5
2008-10-24,2010,4.5
2008-10-27,2010,4.5
2008-10-28,2010,4.5
2008-10-29,2010,4.5
2008-10-30,2010,4.5
2008-10-31,2010,4.5
2008-11-03,2010,4.5
2008-11-04,2010,4.5
2008-11-05,2010,4.5
2008-11-06,2010,4.5
2008-11-07,2010,4.5
2008-11-10,2010,4.5
2008-11-11,2010,4.5
2008-11-12,2010,4.5
2008-11-13,2010,4.5
2008-11-14,2010,4.5
2008-11-17,2010,4.5
2008-11-18,2010,4.5
2008-11-19,2010,4.5
2008-11-20,2010,4.5
2008-11-21,2010,4.5
2008-11-24,2010,4.5
2008-11-25,2010,4.5
2008-11-26,2010,4.5
2008-11-27,2010,4.5
2008-11-28,2010,4.5
2008-12-01,2010,4.5
2008-12-02,2010,4.5
2008-12-03,2010,4.5
2008-12-04,2010,4.5
2008-12-05,2010,4.5
2008-12-08,2010,4.5
2008-12-09,2010,4.5
2008-12-10,2010,4.5
2008-12-11,2010,4.5
2008-12-12,2010,4.5
2008-12-15,2010,4.5
2008-12-16,2010,4.5
2008-12-17,2010,4.5
2008-12-18,2010,4.5
2008-12-19,2010,4.5
2008-12-22,2010,4.5
2008-12-23,2010,4.5
2008-12-24,2010,4.5
2008-12-26,2010,4.5
2008-12-29,2010,4.5
2008-12-30,2010,4.5
2008-12-31,2010,4.5
2009-01-02,2010,4.5
2009-01-05,2010,4.5
2009-01-06,2010,4.5
2009-01-07,2010,4.5
2009-01-08,2010,4.5
2009-01-09,2010,4.5
2009-01-12,2010,4.5
2009-01-13,2010,4.5
2009-01-14,2010,4.5
2009-01-15,2010,4.5
2009-01-16,2010,4.5
2009-01-19,2010,4.5
2009-01-20,2010,4.5
2009-01-21,2010,4.5
2009-01-22,2010,4.5
2009-01-23,2010,4.5
2009-01-26,2010,4.5
2009-01-27,2010,4.5
2009-01-28,2010,4.5
2009-01-29,2010,4.5
2009-01-30,2010,4.5
2009-02-02,2010,4.5
2009-02-03,2010,4.5
2009-02-04,2010,4.5
2009-02-05,2010,4.5
2009-02-06,2010,4.5
2009-02-09,2010,4.5
2009-02-10,2010,4.5
2009-02-11,2010,4.5
2009-02-12,2010,4.5
2009-02-13,2010,4.5
2009-02-16,2010,4.5
2009-02-17,2010,4.5
2009-02-18,2010,4.5
2009-02-19,2010,4.5
2009-02-20,2010,4.5
2009-02-25,2010,4.5
2009-02-26,2010,4.5
2009-02-27,2010,4.5
2009-03-02,2010,4.5
2009-03-03,2010,4.5
2009-03-04,2010,4.5
2009-03-05,2010,4.5
2009-03-06,2010,4.5
2009-03-09,2010,4.5
2009-03-10,2010,4.5
2009-03-11,2010,4.5
2009-03-12,2010,4.5
2009-03-13,2010,4.5
2009-03-16,2010,4.5
2009-03-17,2010,4.5
2009-03-18,2010,4.5
2009-03-19,2010,4.5
2009-03-20,2010,4.5
2009-03-23,2010,4.5
2009-03-24,2010,4.5
2009-03-25,2010,4.5
2009-03-26,2010,4.5
2009-03-27,2010,4.5
2009-03-30,2010,4.5
2009-03-31,2010,4.5
2009-04-01,2010,4.5
2009-04-02,2010,4.5
2009-04-03,2010,4.5
2009-04-06,2010,4.3
2009-04-07,2010,4.3
2009-04-08,2010,4.3
2009-04-09,2010,4.3
2009-04-13,2010,4.26
2009-04-14,2010,4.26
2009-04-15,2010,4.23
2009-04-16,2010,4.26
2009-04-17,2010,4.2
2009-04-20,2010,4.2
2009-04-22,2010,4.2
2009-04-23,2010,4.1
2009-04-24,2010,4.0
2009-04-27,2010,4.0
2009-04-28,2010,4.0
2009-04-29,2010,4.0
2009-04-30,2010,4.0
2009-05-04,2010,4.0
2009-05-05,2010,4.0
2009-05-06,2010,4.0
2009-05-07,2010,4.0
2009-05-08,2010,4.0
2009-05-11,2010,4.0
2009-05-12,2010,4.0
2009-05-13,2010,4.0
2009-05-14,2010,4.0
2009-05-15,2010,4.0
2009-05-18,2010,4.0
2009-05-19,2010,4.0
2009-05-20,2010,4.0
2009-05-21,2010,4.0
2009-05-22,2010,4.0
2009-05-25,2010,4.0
2009-05-26,2010,4.0
2009-05-27,2010,4.0
2009-05-28,2010,4.0
2009-05-29,2010,4.0
2009-06-01,2010,4.0
2009-06-02,2010,4.0
2009-06-03,2010,4.0
2009-06-04,2010,4.0
2009-06-05,2010,4.0
2009-06-08,2010,4.0
2009-06-09,2010,3.9
2009-06-10,2010,3.9
2009-06-12,2010,3.95
2009-06-15,2010,3.9
2009-06-16,2010,3.9
2009-06-17,2010,3.9
2009-06-18,2010,3.9
2009-06-19,2010,3.9
2009-06-22,2010,3.8
2009-06-23,2010,3.85
2009-06-24,2010,3.85
2009-06-25,2010,3.85
2009-06-26,2010,3.9
2009-06-29,2010,3.92
2009-06-30,2010,3.9
2009-07-01,2010,3.9
2009-07-02,2010,3.9
2009-07-03,2010,3.9
2009-07-06,2010,3.8
2009-07-07,2010,3.8
2009-07-08,2010,3.8
2009-07-09,2010,3.8
2009-07-10,2010,3.8
2009-07-13,2010,3.8
2009-07-14,2010,3.8
2009-07-15,2010,3.8
2009-07-16,2010,3.8
2009-07-17,2010,3.8
2009-07-20,2010,3.76
2009-07-21,2010,3.76
2009-07-22,2010,3.76
2009-07-23,2010,3.8
2009-07-24,2010,3.72
2009-07-27,2010,3.72
2009-07-28,2010,3.72
2009-07-29,2010,3.72
2009-07-30,2010,3.72
2009-07-31,2010,3.7
2009-08-03,2010,3.67
2009-08-04,2010,3.67
2009-08-05,2010,3.67
2009-08-06,2010,3.7
2009-08-07,2010,3.5
2009-08-10,2010,3.5
2009-08-11,2010,3.5
2009-08-12,2010,3.5
2009-08-13,2010,3.5
2009-08-14,2010,3.5
2009-08-17,2010,3.45
2009-08-18,2010,3.45
2009-08-19,2010,3.45
2009-08-20,2010,3.45
2009-08-21,2010,3.5
2009-08-24,2010,3.5
2009-08-25,2010,3.5
2009-08-26,2010,3.5
2009-08-27,2010,3.5
2009-08-28,2010,3.5
2009-08-31,2010,3.5
2009-09-01,2010,3.5
2009-09-02,2010,3.5
2009-09-03,2010,3.5
2009-09-04,2010,3.5
2009-09-08,2010,3.5
2009-09-09,2010,3.5
2009-09-10,2010,3.5
2009-09-11,2010,3.5
2009-09-14,2010,3.5
2009-09-15,2010,3.5
2009-09-16,2010,3.5
2009-09-17,2010,3.5
2009-09-18,2010,3.5
2009-09-21,2010,3.5
2009-09-22,2010,3.5
2009-09-23,2010,3.5
2009-09-24,2010,3.5
2009-09-25,2010,3.5
2009-09-28,2010,3.5
2009-09-29,2010,3.5
2009-09-30,2010,3.5
2009-10-01,2010,3.5
2009-10-02,2010,3.5
2009-10-05,2010,3.5
2009-10-06,2010,3.5
2009-10-07,2010,3.5
2009-10-08,2010,3.5
2009-10-09,2010,3.5
2009-10-13,2010,3.5
2009-10-14,2010,3.5
2009-10-15,2010,3.5
2009-10-16,2010,3.5
2009-10-19,2010,3.5
2009-10-20,2010,3.5
2009-10-21,2010,3.5
2009-10-22,2010,3.5
2009-10-23,2010,3.5
2009-10-26,2010,3.5
2009-10-27,2010,3.5
2009-10-28,2010,3.5
2009-10-29,2010,3.5
2009-10-30,2010,3.5
2009-11-03,2010,3.5
2009-11-04,2010,3.5
2009-11-05,2010,3.5
2009-11-06,2010,3.5
2009-11-09,2010,3.5
2009-11-10,2010,3.5
2009-11-11,2010,3.5
2009-11-12,2010,3.5
2009-11-13,2010,3.5
2009-11-16,2010,3.5
2009-11-17,2010,3.5
2009-11-18,2010,3.5
2009-11-19,2010,3.5
2009-11-20,2010,3.5
2009-11-23,2010,3.5
2009-11-24,2010,3.5
2009-11-25,2010,3.5
2009-11-26,2010,3.5
2009-11-27,2010,3.5
2009-11-30,2010,3.5
2009-12-01,2010,3.5
2009-12-02,2010,3.5
2009-12-03,2010,3.5
2009-12-04,2010,3.5
2009-12-07,2010,3.5
2009-12-08,2010,3.5
2009-12-09,2010,3.5
2009-12-10,2010,3.5
2009-12-11,2010,3.5
2009-12-14,2010,3.5
2009-12-15,2010,3.5
2009-12-16,2010,3.5
2009-12-17,2010,3.5
2009-12-18,2010,3.5
2009-12-21,2010,3.5
2009-12-22,2010,3.5
2009-12-23,2010,3.5
2009-12-24,2010,3.5
2009-12-28,2010,3.5
2009-12-29,2010,3.5
2009-12-30,2010,3.5
2009-12-31,2010,3.5
2010-01-04,2010,3.5
2010-01-05,2010,3.5
2010-01-06,2010,3.5
2010-01-07,2010,3.5
2010-01-08,2010,3.5
2010-01-11,2010,3.5
2010-01-12,2010,3.5
2010-01-13,2010,3.5
2010-01-14,2010,3.5
2010-01-15,2010,3.5
2010-01-18,2010,3.5
2010-01-19,2010,3.5
2010-01-20,2010,3.5
2010-01-21,2010,3.5
2010-01-22,2010,3.5
2010-01-25,2010,3.5
2010-01-26,2010,3.5
2010-01-27,2010,3.5
2010-01-28,2010,3.5
2010-01-29,2010,3.5
2010-02-01,2010,3.5
2010-02-02,2010,3.5
2010-02-03,2010,3.5
2010-02-04,2010,3.5
2010-02-05,2010,3.5
2010-02-08,2010,3.5
2010-02-09,2010,3.5
2010-02-10,2010,3.5
2010-02-11,2010,3.6
2010-02-12,2010,3.55
2010-02-17,2010,3.5
2010-02-18,2010,3.5
2010-02-19,2010,3.6
2010-02-22,2010,3.6
2010-02-23,2010,3.6
2010-02-24,2010,3.6
2010-02-25,2010,3.6
2010-02-26,2010,3.6
2010-03-01,2010,3.6
2010-03-02,2010,3.6
2010-03-03,2010,3.6
2010-03-04,2010,3.6
2010-03-05,2010,3.6
2010-03-08,2010,3.65
2010-03-09,2010,3.7
2010-03-10,2010,3.7
2010-03-11,2010,3.7
2010-03-12,2010,3.6
2010-03-15,2010,3.7
2010-03-16,2010,3.7
2010-03-17,2010,3.7
2010-03-18,2010,3.7
2010-03-19,2010,3.67
2010-03-22,2010,3.7
2010-03-23,2010,3.7
2010-03-24,2010,3.7
2010-03-25,2010,3.7
2010-03-26,2010,3.7
2010-03-29,2010,3.7
2010-03-30,2010,3.7
2010-03-31,2010,3.7
2010-04-01,2010,3.65
2010-04-05,2010,3.65
2010-04-06,2010,3.65
2010-04-07,2010,3.65
2010-04-08,2010,3.7
2010-04-09,2010,3.7
2010-04-12,2010,3.6
2010-04-13,2010,3.6
2010-04-14,2010,3.6
2010-04-15,2010,3.6
2010-04-16,2010,3.6
2010-04-19,2010,3.6
2010-04-20,2010,3.6
2010-04-22,2010,3.6
2010-04-23,2010,3.6
2010-04-26,2010,3.7
2010-04-27,2010,3.7
2010-04-28,2010,3.7
2010-04-29,2010,3.7
2010-04-30,2010,3.65
2010-05-03,2010,3.6
2010-05-04,2010,3.6
2010-05-05,2010,3.6
2010-05-06,2010,3.6
2010-05-07,2010,3.6
2010-05-10,2010,3.6
2010-05-11,2010,3.6
2010-05-12,2010,3.6
2010-05-13,2010,3.6
2010-05-14,2010,3.6
2010-05-17,2010,3.6
2010-05-18,2010,3.6
2010-05-19,2010,3.6
2010-05-20,2010,3.6
2010-05-21,2010,3.5
2010-05-24,2010,3.6
2010-05-25,2010,3.6
2010-05-26,2010,3.6
2010-05-27,2010,3.6
2010-05-28,2010,3.6
2010-05-31,2010,3.6
2010-06-01,2010,3.6
2010-06-02,2010,3.6
2010-06-04,2010,3.6
2010-06-07,2010,3.55
2010-06-08,2010,3.55
2010-06-09,2010,3.55
2010-06-10,2010,3.6
2010-06-11,2010,3.6
2010-06-14,2010,3.6
2010-06-15,2010,3.6
2010-06-16,2010,3.6
2010-06-17,2010,3.6
2010-06-18,2010,3.6
2010-06-21,2010,3.6
2010-06-22,2010,3.6
2010-06-23,2010,3.6
2010-06-24,2010,3.6
2010-06-25,2010,3.6
2010-06-28,2010,3.6
2010-06-29,2010,3.6
2010-06-30,2010,3.6
2010-07-01,2010,3.6
2010-07-02,2010,3.6
2010-07-05,2010,3.6
2010-07-06,2010,3.6
2010-07-07,2010,3.6
2010-07-08,2010,3.6
2010-07-09,2010,3.6
2010-07-12,2010,3.6
2010-07-13,2010,3.6
2010-07-14,2010,3.6
2010-07-15,2010,3.56
2010-07-16,2010,3.5
2010-07-19,2010,3.51
2010-07-20,2010,3.51
2010-07-21,2010,3.51
2010-07-22,2010,3.56
2010-07-23,2010,3.56
2010-07-26,2010,3.6
2010-07-27,2010,3.6
2010-07-28,2010,3.6
2010-07-29,2010,3.6
2010-07-30,2010,3.6
2010-08-02,2010,3.6
2010-08-03,2010,3.6
2010-08-04,2010,3.6
2010-08-05,2010,3.6
2010-08-06,2010,3.6
2010-08-09,2010,3.6
2010-08-10,2010,3.6
2010-08-11,2010,3.6
2010-08-12,2010,3.6
2010-08-13,2010,3.6
2010-08-16,2010,3.6
2010-08-17,2010,3.6
2010-08-18,2010,3.6
2010-08-19,2010,3.6
2010-08-20,2010,3.6
2010-08-23,2010,3.58
2010-08-24,2010,3.58
2010-08-25,2010,3.58
2010-08-26,2010,3.58
2010-08-27,2010,3.55
2010-08-30,2010,3.55
2010-08-31,2010,3.55
2010-09-01,2010,3.58
2010-09-02,2010,3.55
2010-09-03,2010,3.55
2010-09-06,2010,3.58
2010-09-08,2010,3.6
2010-09-09,2010,3.6
2010-09-10,2010,3.55
2010-09-13,2010,3.5
2010-09-14,2010,3.5
2010-09-15,2010,3.5
2010-09-16,2010,3.5
2010-09-17,2010,3.5
2010-09-20,2010,3.5
2010-09-21,2010,3.5
2010-09-22,2010,3.5
2010-09-23,2010,3.5
2010-09-24,2010,3.5
2010-09-27,2010,3.5
2010-09-28,2010,3.5
2010-09-29,2010,3.5
2010-09-30,2010,3.5
2010-10-01,2010,3.5
2010-10-04,2010,3.5
2010-10-05,2010,3.5
2010-10-06,2010,3.53
2010-10-07,2010,3.53
2010-10-08,2010,3.53
2010-10-11,2010,3.53
2010-10-13,2010,3.5
2010-10-14,2010,3.5
2010-10-15,2010,3.5
2010-10-18,2010,3.5
2010-10-19,2010,3.5
2010-10-20,2010,3.5
2010-10-21,2010,3.5
2010-10-22,2010,3.5
2010-10-25,2010,3.5
2010-10-26,2010,3.5
2010-10-27,2010,3.5
2010-10-28,2010,3.5
2010-10-29,2010,3.5
2010-11-01,2010,3.5
2010-11-03,2010,3.5
2010-11-04,2010,3.5
2010-11-05,2010,3.5
2010-11-08,2010,3.5
2010-11-09,2010,3.5
2010-11-10,2010,3.5
2010-11-11,2010,3.5
2010-11-12,2010,3.5
2010-11-16,2010,3.5
2010-11-17,2010,3.5
2010-11-18,2010,3.5
2010-11-19,2010,3.5
2010-11-22,2010,3.5
2010-11-23,2010,3.5
2010-11-24,2010,3.5
2010-11-25,2010,3.5
2010-11-26,2010,3.5
2010-11-29,2010,3.5
2010-11-30,2010,3.5
2010-12-01,2010,3.5
2010-12-02,2010,3.5
2010-12-03,2010,3.5
2010-12-06,2010,3.5
2010-12-07,2010,3.5
2010-12-08,2010,3.5
2010-12-09,2010,3.5
2010-12-10,2010,3.5
2010-12-13,2010,3.5
2010-12-14,2010,3.5
2010-12-15,2010,3.5
2010-12-16,2010,3.5
2010-12-17,2010,3.5
2010-12-20,2010,3.5
2010-12-21,2010,3.5
2010-12-22,2010,3.5
2010-12-23,2010,3.5
2010-12-24,2010,3.5
2010-12-27,2010,3.5
2010-12-28,2010,3.5
2010-12-29,2010,3.5
2010-12-30,2010,3.5
2010-12-31,2010,3.5
2011-01-03,2010,3.5
2011-01-04,2010,3.5
2011-01-05,2010,3.5
2011-01-06,2010,3.5
2007-01-15,2011,3.5
2007-01-16,2011,3.5
2007-01-17,2011,3.5
2007-01-18,2011,4.3
2007-01-19,2011,4.5
2007-01-22,2011,4.4
2007-01-23,2011,4.5
2007-01-24,2011,4.5
2007-01-25,2011,4.5
2007-01-26,2011,4.5
2007-01-29,2011,4.5
2007-01-30,2011,4.5
2007-01-31,2011,4.5
2007-02-01,2011,4.4
2007-02-02,2011,4.35
2007-02-05,2011,4.35
2007-02-06,2011,4.35
2007-02-07,2011,4.3
2007-02-08,2011,4.3
2007-02-09,2011,4.3
2007-02-12,2011,4.3
2007-02-13,2011,4.0
2007-02-14,2011,4.0
2007-02-15,2011,4.0
2007-02-16,2011,4.0
2007-02-21,2011,4.0
2007-02-22,2011,4.0
2007-02-23,2011,4.0
2007-02-26,2011,4.0
2007-02-27,2011,4.0
2007-02-28,2011,4.0
2007-03-01,2011,4.0
2007-03-02,2011,4.0
2007-03-05,2011,4.0
2007-03-06,2011,4.0
2007-03-07,2011,4.0
2007-03-08,2011,4.0
2007-03-09,2011,4.0
2007-03-12,2011,4.0
2007-03-13,2011,4.0
2007-03-14,2011,4.0
2007-03-15,2011,4.0
2007-03-16,2011,4.0
2007-03-19,2011,4.0
2007-03-20,2011,4.0
2007-03-21,2011,4.0
2007-03-22,2011,4.0
2007-03-23,2011,4.0
2007-03-26,2011,4.0
2007-03-27,2011,4.0
2007-03-28,2011,4.0
2007-03-29,2011,4.0
2007-03-30,2011,4.0
2007-04-02,2011,4.0
2007-04-03,2011,4.0
2007-04-04,2011,4.0
2007-04-05,2011,4.0
2007-04-09,2011,4.0
2007-04-10,2011,4.0
2007-04-11,2011,4.0
2007-04-12,2011,4.0
2007-04-13,2011,4.0
2007-04-16,2011,4.0
2007-04-17,2011,4.0
2007-04-18,2011,4.0
2007-04-19,2011,4.0
2007-04-20,2011,4.0
2007-04-23,2011,4.0
2007-04-24,2011,4.0
2007-04-25,2011,4.0
2007-04-26,2011,4.0
2007-04-27,2011,4.0
2007-04-30,2011,4.0
2007-05-02,2011,4.0
2007-05-03,2011,4.0
2007-05-04,2011,4.0
2007-05-07,2011,4.0
2007-05-08,2011,4.0
2007-05-09,2011,4.0
2007-05-10,2011,4.0
2007-05-11,2011,4.0
2007-05-14,2011,4.0
2007-05-15,2011,4.0
2007-05-16,2011,4.0
2007-05-17,2011,4.0
2007-05-18,2011,4.0
2007-05-21,2011,4.0
2007-05-22,2011,4.0
2007-05-23,2011,4.0
2007-05-24,2011,4.0
2007-05-25,2011,4.0
2007-05-28,2011,4.0
2007-05-29,2011,4.0
2007-05-30,2011,4.0
2007-05-31,2011,4.0
2007-06-01,2011,4.0
2007-06-04,2011,4.0
2007-06-05,2011,4.0
2007-06-06,2011,4.0
2007-06-08,2011,4.0
2007-06-11,2011,4.0
2007-06-12,2011,4.0
2007-06-13,2011,4.0
2007-06-14,2011,4.0
2007-06-15,2011,4.0
2007-06-18,2011,4.0
2007-06-19,2011,4.0
2007-06-20,2011,4.0
2007-06-21,2011,4.0
2007-06-22,2011,4.0
2007-06-25,2011,4.0
2007-06-26,2011,4.0
2007-06-27,2011,4.0
2007-06-28,2011,4.0
2007-06-29,2011,4.0
2007-07-02,2011,4.0
2007-07-03,2011,4.0
2007-07-04,2011,4.0
2007-07-05,2011,4.0
2007-07-06,2011,4.0
2007-07-09,2011,4.0
2007-07-10,2011,4.0
2007-07-11,2011,4.0
2007-07-12,2011,4.0
2007-07-13,2011,4.0
2007-07-16,2011,4.0
2007-07-17,2011,4.0
2007-07-18,2011,4.0
2007-07-19,2011,4.0
2007-07-20,2011,4.0
2007-07-23,2011,4.0
2007-07-24,2011,4.0
2007-07-25,2011,4.0
2007-07-26,2011,4.0
2007-07-27,2011,4.0
2007-07-30,2011,4.0
2007-07-31,2011,4.0
2007-08-01,2011,4.0
2007-08-02,2011,4.0
2007-08-03,2011,4.0
2007-08-06,2011,4.0
2007-08-07,2011,4.0
2007-08-08,2011,4.0
2007-08-09,2011,4.0
2007-08-10,2011,4.0
2007-08-13,2011,4.0
2007-08-14,2011,4.0
2007-08-15,2011,4.0
2007-08-16,2011,4.0
2007-08-17,2011,4.0
2007-08-20,2011,4.0
2007-08-21,2011,4.0
2007-08-22,2011,4.0
2007-08-23,2011,4.0
2007-08-24,2011,4.0
2007-08-27,2011,4.0
2007-08-28,2011,4.0
2007-08-29,2011,4.0
2007-08-30,2011,4.0
2007-08-31,2011,4.0
2007-09-03,2011,4.0
2007-09-04,2011,4.0
2007-09-05,2011,4.0
2007-09-06,2011,4.0
2007-09-10,2011,4.0
2007-09-11,2011,4.0
2007-09-12,2011,4.0
2007-09-13,2011,4.0
2007-09-14,2011,4.0
2007-09-17,2011,4.0
2007-09-18,2011,4.0
2007-09-19,2011,4.0
2007-09-20,2011,4.0
2007-09-21,2011,4.0
2007-09-24,2011,4.0
2007-09-25,2011,4.0
2007-09-26,2011,4.0
2007-09-27,2011,4.0
2007-09-28,2011,4.0
2007-10-01,2011,4.0
2007-10-02,2011,4.0
2007-10-03,2011,4.0
2007-10-04,2011,4.0
2007-10-05,2011,4.0
2007-10-08,2011,4.0
2007-10-09,2011,4.0
2007-10-10,2011,4.0
2007-10-11,2011,4.0
2007-10-15,2011,4.0
2007-10-16,2011,4.0
2007-10-17,2011,4.0
2007-10-18,2011,4.0
2007-10-19,2011,4.0
2007-10-22,2011,4.0
2007-10-23,2011,4.0
2007-10-24,2011,4.0
2007-10-25,2011,4.0
2007-10-26,2011,4.0
2007-10-29,2011,4.0
2007-10-30,2011,4.0
2007-10-31,2011,4.0
2007-11-01,2011,4.0
2007-11-05,2011,4.0
2007-11-06,2011,4.0
2007-11-07,2011,4.0
2007-11-08,2011,4.0
2007-11-09,2011,4.0
2007-11-12,2011,4.0
2007-11-13,2011,4.0
2007-11-14,2011,4.0
2007-11-16,2011,4.0
2007-11-19,2011,4.0
2007-11-20,2011,4.0
2007-11-21,2011,4.0
2007-11-22,2011,4.0
2007-11-23,2011,4.0
2007-11-26,2011,4.0
2007-11-27,2011,4.0
2007-11-28,2011,4.0
2007-11-29,2011,4.0
2007-11-30,2011,4.0
2007-12-03,2011,4.0
2007-12-04,2011,4.0
2007-12-05,2011,4.0
2007-12-06,2011,4.0
2007-12-07,2011,4.0
2007-12-10,2011,4.0
2007-12-11,2011,4.0
2007-12-12,2011,4.0
2007-12-13,2011,4.0
2007-12-14,2011,4.0
2007-12-17,2011,4.0
2007-12-18,2011,4.0
2007-12-19,2011,4.0
2007-12-20,2011,4.0
2007-12-21,2011,4.0
2007-12-24,2011,4.0
2007-12-26,2011,4.0
2007-12-27,2011,4.0
2007-12-28,2011,4.0
2007-12-31,2011,4.0
2008-01-02,2011,4.0
2008-01-03,2011,4.0
2008-01-04,2011,4.0
2008-01-07,2011,4.0
2008-01-08,2011,4.0
2008-01-09,2011,4.0
2008-01-10,2011,4.0
2008-01-11,2011,4.0
2008-01-14,2011,4.0
2008-01-15,2011,4.0
2008-01-16,2011,4.0
2008-01-17,2011,4.0
2008-01-18,2011,4.0
2008-01-21,2011,4.0
2008-01-22,2011,4.0
2008-01-23,2011,4.0
2008-01-24,2011,4.0
2008-01-25,2011,4.0
2008-01-28,2011,4.0
2008-01-29,2011,4.0
2008-01-30,2011,4.0
2008-01-31,2011,4.0
2008-02-01,2011,4.0
2008-02-06,2011,4.0
2008-02-07,2011,4.0
2008-02-08,2011,4.0
2008-02-11,2011,4.0
2008-02-12,2011,4.0
2008-02-13,2011,4.0
2008-02-14,2011,4.0
2008-02-15,2011,4.0
2008-02-18,2011,4.0
2008-02-19,2011,4.0
2008-02-20,2011,4.0
2008-02-21,2011,4.0
2008-02-22,2011,4.0
2008-02-25,2011,4.0
2008-02-26,2011,4.0
2008-02-27,2011,4.0
2008-02-28,2011,4.0
2008-02-29,2011,4.0
2008-03-03,2011,4.0
2008-03-04,2011,4.0
2008-03-05,2011,4.0
2008-03-06,2011,4.0
2008-03-07,2011,4.0
2008-03-10,2011,4.0
2008-03-11,2011,4.0
2008-03-12,2011,4.0
2008-03-13,2011,4.0
2008-03-14,2011,4.0
2008-03-17,2011,4.0
2008-03-18,2011,4.0
2008-03-19,2011,4.0
2008-03-20,2011,4.0
2008-03-24,2011,4.0
2008-03-25,2011,4.0
2008-03-26,2011,4.0
2008-03-27,2011,4.0
2008-03-28,2011,4.0
2008-03-31,2011,4.0
2008-04-01,2011,4.0
2008-04-02,2011,4.0
2008-04-03,2011,4.0
2008-04-04,2011,4.0
2008-04-07,2011,4.0
2008-04-08,2011,4.0
2008-04-09,2011,4.0
2008-04-10,2011,4.0
2008-04-11,2011,4.0
2008-04-14,2011,4.0
2008-04-15,2011,4.0
2008-04-16,2011,4.0
2008-04-17,2011,4.0
2008-04-18,2011,4.0
2008-04-22,2011,4.0
2008-04-23,2011,4.0
2008-04-24,2011,4.0
2008-04-25,2011,4.0
2008-04-28,2011,4.0
2008-04-29,2011,4.05
2008-04-30,2011,4.0
2008-05-02,2011,4.0
2008-05-05,2011,4.0
2008-05-06,2011,4.0
2008-05-07,2011,4.0
2008-05-08,2011,4.0
2008-05-09,2011,4.05
2008-05-12,2011,4.1
2008-05-13,2011,4.1
2008-05-14,2011,4.15
2008-05-15,2011,4.19
2008-05-16,2011,4.19
2008-05-19,2011,4.19
2008-05-20,2011,4.25
2008-05-21,2011,4.25
2008-05-23,2011,4.25
2008-05-26,2011,4.25
2008-05-27,2011,4.3
2008-05-28,2011,4.3
2008-05-29,2011,4.3
2008-05-30,2011,4.3
2008-06-02,2011,4.5
2008-06-03,2011,4.5
2008-06-04,2011,4.5
2008-06-05,2011,4.5
2008-06-06,2011,4.4
2008-06-09,2011,4.3
2008-06-10,2011,4.28
2008-06-11,2011,4.28
2008-06-12,2011,4.19
2008-06-13,2011,4.24
2008-06-16,2011,4.24
2008-06-17,2011,4.24
2008-06-18,2011,4.24
2008-06-19,2011,4.24
2008-06-20,2011,4.24
2008-06-23,2011,4.29
2008-06-24,2011,4.29
2008-06-25,2011,4.29
2008-06-26,2011,4.29
2008-06-27,2011,4.29
2008-06-30,2011,4.28
2008-07-01,2011,4.28
2008-07-02,2011,4.28
2008-07-03,2011,4.3
2008-07-04,2011,4.4
2008-07-07,2011,4.4
2008-07-08,2011,4.4
2008-07-09,2011,4.4
2008-07-10,2011,4.4
2008-07-11,2011,4.3
2008-07-14,2011,4.5
2008-07-15,2011,4.5
2008-07-16,2011,4.5
2008-07-17,2011,4.5
2008-07-18,2011,4.5
2008-07-21,2011,4.5
2008-07-22,2011,4.5
2008-07-23,2011,4.5
2008-07-24,2011,4.5
2008-07-25,2011,4.5
2008-07-28,2011,4.5
2008-07-29,2011,4.5
2008-07-30,2011,4.5
2008-07-31,2011,4.5
2008-08-01,2011,4.5
2008-08-04,2011,4.5
2008-08-05,2011,4.5
2008-08-06,2011,4.5
2008-08-07,2011,4.5
2008-08-08,2011,4.5
2008-08-11,2011,4.5
2008-08-12,2011,4.5
2008-08-13,2011,4.5
2008-08-14,2011,4.5
2008-08-15,2011,4.5
2008-08-18,2011,4.5
2008-08-19,2011,4.5
2008-08-20,2011,4.5
2008-08-21,2011,4.5
2008-08-22,2011,4.5
2008-08-25,2011,4.5
2008-08-26,2011,4.5
2008-08-27,2011,4.5
2008-08-28,2011,4.5
2008-08-29,2011,4.5
2008-09-01,2011,4.5
2008-09-02,2011,4.5
2008-09-03,2011,4.5
2008-09-04,2011,4.5
2008-09-05,2011,4.5
2008-09-08,2011,4.5
2008-09-09,2011,4.5
2008-09-10,2011,4.5
2008-09-11,2011,4.5
2008-09-12,2011,4.5
2008-09-15,2011,4.5
2008-09-16,2011,4.5
2008-09-17,2011,4.5
2008-09-18,2011,4.5
2008-09-19,2011,4.5
2008-09-22,2011,4.5
2008-09-23,2011,4.5
2008-09-24,2011,4.5
2008-09-25,2011,4.5
2008-09-26,2011,4.5
2008-09-29,2011,4.5
2008-09-30,2011,4.5
2008-10-01,2011,4.5
2008-10-02,2011,4.5
2008-10-03,2011,4.5
2008-10-06,2011,4.5
2008-10-07,2011,4.5
2008-10-08,2011,4.5
2008-10-09,2011,4.5
2008-10-10,2011,4.5
2008-10-13,2011,4.5
2008-10-14,2011,4.5
2008-10-15,2011,4.5
2008-10-16,2011,4.5
2008-10-17,2011,4.5
2008-10-20,2011,4.5
2008-10-21,2011,4.5
2008-10-22,2011,4.5
2008-10-23,2011,4.5
2008-10-24,2011,4.5
2008-10-27,2011,4.5
2008-10-28,2011,4.5
2008-10-29,2011,4.5
2008-10-30,2011,4.5
2008-10-31,2011,4.5
2008-11-03,2011,4.5
2008-11-04,2011,4.5
2008-11-05,2011,4.5
2008-11-06,2011,4.5
2008-11-07,2011,4.5
2008-11-10,2011,4.5
2008-11-11,2011,4.5
2008-11-12,2011,4.5
2008-11-13,2011,4.5
2008-11-14,2011,4.5
2008-11-17,2011,4.5
2008-11-18,2011,4.5
2008-11-19,2011,4.5
2008-11-20,2011,4.5
2008-11-21,2011,4.5
2008-11-24,2011,4.5
2008-11-25,2011,4.5
2008-11-26,2011,4.5
2008-11-27,2011,4.5
2008-11-28,2011,4.5
2008-12-01,2011,4.5
2008-12-02,2011,4.5
2008-12-03,2011,4.5
2008-12-04,2011,4.5
2008-12-05,2011,4.5
2008-12-08,2011,4.5
2008-12-09,2011,4.5
2008-12-10,2011,4.5
2008-12-11,2011,4.5
2008-12-12,2011,4.5
2008-12-15,2011,4.5
2008-12-16,2011,4.5
2008-12-17,2011,4.5
2008-12-18,2011,4.5
2008-12-19,2011,4.5
2008-12-22,2011,4.5
2008-12-23,2011,4.5
2008-12-24,2011,4.5
2008-12-26,2011,4.5
2008-12-29,2011,4.5
2008-12-30,2011,4.5
2008-12-31,2011,4.5
2009-01-02,2011,4.5
2009-01-05,2011,4.5
2009-01-06,2011,4.5
2009-01-07,2011,4.5
2009-01-08,2011,4.5
2009-01-09,2011,4.5
2009-01-12,2011,4.5
2009-01-13,2011,4.5
2009-01-14,2011,4.5
2009-01-15,2011,4.5
2009-01-16,2011,4.5
2009-01-19,2011,4.5
2009-01-20,2011,4.5
2009-01-21,2011,4.5
2009-01-22,2011,4.5
2009-01-23,2011,4.5
2009-01-26,2011,4.5
2009-01-27,2011,4.5
2009-01-28,2011,4.5
2009-01-29,2011,4.5
2009-01-30,2011,4.5
2009-02-02,2011,4.5
2009-02-03,2011,4.5
2009-02-04,2011,4.5
2009-02-05,2011,4.5
2009-02-06,2011,4.5
2009-02-09,2011,4.5
2009-02-10,2011,4.5
2009-02-11,2011,4.5
2009-02-12,2011,4.5
2009-02-13,2011,4.5
2009-02-16,2011,4.5
2009-02-17,2011,4.5
2009-02-18,2011,4.5
2009-02-19,2011,4.5
2009-02-20,2011,4.5
2009-02-25,2011,4.5
2009-02-26,2011,4.5
2009-02-27,2011,4.5
2009-03-02,2011,4.5
2009-03-03,2011,4.5
2009-03-04,2011,4.5
2009-03-05,2011,4.5
2009-03-06,2011,4.5
2009-03-09,2011,4.5
2009-03-10,2011,4.5
2009-03-11,2011,4.5
2009-03-12,2011,4.5
2009-03-13,2011,4.5
2009-03-16,2011,4.5
2009-03-17,2011,4.5
2009-03-18,2011,4.5
2009-03-19,2011,4.5
2009-03-20,2011,4.5
2009-03-23,2011,4.5
2009-03-24,2011,4.5
2009-03-25,2011,4.5
2009-03-26,2011,4.5
2009-03-27,2011,4.5
2009-03-30,2011,4.5
2009-03-31,2011,4.5
2009-04-01,2011,4.5
2009-04-02,2011,4.5
2009-04-03,2011,4.5
2009-04-06,2011,4.5
2009-04-07,2011,4.5
2009-04-08,2011,4.5
2009-04-09,2011,4.5
2009-04-13,2011,4.5
2009-04-14,2011,4.5
2009-04-15,2011,4.5
2009-04-16,2011,4.5
2009-04-17,2011,4.5
2009-04-20,2011,4.5
2009-04-22,2011,4.5
2009-04-23,2011,4.5
2009-04-24,2011,4.5
2009-04-27,2011,4.5
2009-04-28,2011,4.5
2009-04-29,2011,4.5
2009-04-30,2011,4.5
2009-05-04,2011,4.5
2009-05-05,2011,4.5
2009-05-06,2011,4.5
2009-05-07,2011,4.5
2009-05-08,2011,4.5
2009-05-11,2011,4.5
2009-05-12,2011,4.5
2009-05-13,2011,4.5
2009-05-14,2011,4.5
2009-05-15,2011,4.5
2009-05-18,2011,4.5
2009-05-19,2011,4.5
2009-05-20,2011,4.5
2009-05-21,2011,4.5
2009-05-22,2011,4.5
2009-05-25,2011,4.5
2009-05-26,2011,4.5
2009-05-27,2011,4.5
2009-05-28,2011,4.5
2009-05-29,2011,4.5
2009-06-01,2011,4.5
2009-06-02,2011,4.5
2009-06-03,2011,4.5
2009-06-04,2011,4.5
2009-06-05,2011,4.5
2009-06-08,2011,4.5
2009-06-09,2011,4.5
2009-06-10,2011,4.5
2009-06-12,2011,4.5
2009-06-15,2011,4.5
2009-06-16,2011,4.5
2009-06-17,2011,4.5
2009-06-18,2011,4.5
2009-06-19,2011,4.5
2009-06-22,2011,4.49
2009-06-23,2011,4.5
2009-06-24,2011,4.5
2009-06-25,2011,4.5
2009-06-26,2011,4.5
2009-06-29,2011,4.5
2009-06-30,2011,4.5
2009-07-01,2011,4.5
2009-07-02,2011,4.5
2009-07-03,2011,4.5
2009-07-06,2011,4.48
2009-07-07,2011,4.48
2009-07-08,2011,4.48
2009-07-09,2011,4.48
2009-07-10,2011,4.49
2009-07-13,2011,4.49
2009-07-14,2011,4.48
2009-07-15,2011,4.48
2009-07-16,2011,4.49
2009-07-17,2011,4.48
2009-07-20,2011,4.49
2009-07-21,2011,4.49
2009-07-22,2011,4.49
2009-07-23,2011,4.5
2009-07-24,2011,4.5
2009-07-27,2011,4.48
2009-07-28,2011,4.48
2009-07-29,2011,4.48
2009-07-30,2011,4.48
2009-07-31,2011,4.49
2009-08-03,2011,4.5
2009-08-04,2011,4.5
2009-08-05,2011,4.5
2009-08-06,2011,4.5
2009-08-07,2011,4.5
2009-08-10,2011,4.49
2009-08-11,2011,4.49
2009-08-12,2011,4.49
2009-08-13,2011,4.49
2009-08-14,2011,4.49
2009-08-17,2011,4.5
2009-08-18,2011,4.5
2009-08-19,2011,4.5
2009-08-20,2011,4.5
2009-08-21,2011,4.5
2009-08-24,2011,4.5
2009-08-25,2011,4.5
2009-08-26,2011,4.5
2009-08-27,2011,4.5
2009-08-28,2011,4.5
2009-08-31,2011,4.5
2009-09-01,2011,4.5
2009-09-02,2011,4.49
2009-09-03,2011,4.49
2009-09-04,2011,4.49
2009-09-08,2011,4.5
2009-09-09,2011,4.5
2009-09-10,2011,4.5
2009-09-11,2011,4.5
2009-09-14,2011,4.5
2009-09-15,2011,4.5
2009-09-16,2011,4.5
2009-09-17,2011,4.5
2009-09-18,2011,4.5
2009-09-21,2011,4.5
2009-09-22,2011,4.5
2009-09-23,2011,4.5
2009-09-24,2011,4.4
2009-09-25,2011,4.4
2009-09-28,2011,4.3
2009-09-29,2011,4.4
2009-09-30,2011,4.5
2009-10-01,2011,4.5
2009-10-02,2011,4.5
2009-10-05,2011,4.5
2009-10-06,2011,4.5
2009-10-07,2011,4.5
2009-10-08,2011,4.5
2009-10-09,2011,4.5
2009-10-13,2011,4.2
2009-10-14,2011,4.25
2009-10-15,2011,4.3
2009-10-16,2011,4.25
2009-10-19,2011,4.25
2009-10-20,2011,4.25
2009-10-21,2011,4.25
2009-10-22,2011,4.3
2009-10-23,2011,4.25
2009-10-26,2011,4.5
2009-10-27,2011,4.5
2009-10-28,2011,4.5
2009-10-29,2011,4.5
2009-10-30,2011,4.5
2009-11-03,2011,4.4
2009-11-04,2011,4.4
2009-11-05,2011,4.4
2009-11-06,2011,4.4
2009-11-09,2011,4.4
2009-11-10,2011,4.25
2009-11-11,2011,4.25
2009-11-12,2011,4.4
2009-11-13,2011,4.5
2009-11-16,2011,4.2
2009-11-17,2011,4.3
2009-11-18,2011,4.45
2009-11-19,2011,4.4
2009-11-20,2011,4.4
2009-11-23,2011,4.5
2009-11-24,2011,4.5
2009-11-25,2011,4.5
2009-11-26,2011,4.5
2009-11-27,2011,4.5
2009-11-30,2011,4.5
2009-12-01,2011,4.5
2009-12-02,2011,4.5
2009-12-03,2011,4.5
2009-12-04,2011,4.5
2009-12-07,2011,4.5
2009-12-08,2011,4.5
2009-12-09,2011,4.5
2009-12-10,2011,4.5
2009-12-11,2011,4.5
2009-12-14,2011,4.5
2009-12-15,2011,4.5
2009-12-16,2011,4.5
2009-12-17,2011,4.5
2009-12-18,2011,4.5
2009-12-21,2011,4.5
2009-12-22,2011,4.5
2009-12-23,2011,4.5
2009-12-24,2011,4.35
2009-12-28,2011,4.35
2009-12-29,2011,4.35
2009-12-30,2011,4.35
2009-12-31,2011,4.5
2010-01-04,2011,4.5
2010-01-05,2011,4.5
2010-01-06,2011,4.5
2010-01-07,2011,4.5
2010-01-08,2011,4.5
2010-01-11,2011,4.5
2010-01-12,2011,4.4
2010-01-13,2011,4.35
2010-01-14,2011,4.5
2010-01-15,2011,4.35
2010-01-18,2011,4.35
2010-01-19,2011,4.35
2010-01-20,2011,4.35
2010-01-21,2011,4.35
2010-01-22,2011,4.5
2010-01-25,2011,4.5
2010-01-26,2011,4.5
2010-01-27,2011,4.5
2010-01-28,2011,4.5
2010-01-29,2011,4.3
2010-02-01,2011,4.4
2010-02-02,2011,4.3
2010-02-03,2011,4.4
2010-02-04,2011,4.4
2010-02-05,2011,4.3
2010-02-08,2011,4.5
2010-02-09,2011,4.5
2010-02-10,2011,4.5
2010-02-11,2011,4.5
2010-02-12,2011,4.5
2010-02-17,2011,4.5
2010-02-18,2011,4.5
2010-02-19,2011,4.5
2010-02-22,2011,4.5
2010-02-23,2011,4.5
2010-02-24,2011,4.5
2010-02-25,2011,4.5
2010-02-26,2011,4.5
2010-03-01,2011,4.5
2010-03-02,2011,4.5
2010-03-03,2011,4.5
2010-03-04,2011,4.5
2010-03-05,2011,4.5
2010-03-08,2011,4.5
2010-03-09,2011,4.5
2010-03-10,2011,4.5
2010-03-11,2011,4.5
2010-03-12,2011,4.5
2010-03-15,2011,4.5
2010-03-16,2011,4.5
2010-03-17,2011,4.5
2010-03-18,2011,4.5
2010-03-19,2011,4.5
2010-03-22,2011,4.5
2010-03-23,2011,4.5
2010-03-24,2011,4.5
2010-03-25,2011,4.5
2010-03-26,2011,4.5
2010-03-29,2011,4.5
2010-03-30,2011,4.5
2010-03-31,2011,4.5
2010-04-01,2011,4.5
2010-04-05,2011,4.5
2010-04-06,2011,4.5
2010-04-07,2011,4.5
2010-04-08,2011,4.5
2010-04-09,2011,4.5
2010-04-12,2011,4.5
2010-04-13,2011,4.5
2010-04-14,2011,4.5
2010-04-15,2011,4.5
2010-04-16,2011,4.5
2010-04-19,2011,4.5
2010-04-20,2011,4.5
2010-04-22,2011,4.5
2010-04-23,2011,4.5
2010-04-26,2011,4.5
2010-04-27,2011,4.5
2010-04-28,2011,4.5
2010-04-29,2011,4.5
2010-04-30,2011,4.5
2010-05-03,2011,4.52
2010-05-04,2011,4.53
2010-05-05,2011,4.53
2010-05-06,2011,4.53
2010-05-07,2011,4.53
2010-05-10,2011,4.53
2010-05-11,2011,4.53
2010-05-12,2011,4.53
2010-05-13,2011,4.53
2010-05-14,2011,4.53
2010-05-17,2011,4.53
2010-05-18,2011,4.57
2010-05-19,2011,4.6
2010-05-20,2011,4.7
2010-05-21,2011,4.6
2010-05-24,2011,4.65
2010-05-25,2011,4.65
2010-05-26,2011,4.65
2010-05-27,2011,4.7
2010-05-28,2011,4.7
2010-05-31,2011,4.7
2010-06-01,2011,4.7
2010-06-02,2011,4.7
2010-06-04,2011,4.7
2010-06-07,2011,4.7
2010-06-08,2011,4.7
2010-06-09,2011,4.7
2010-06-10,2011,4.7
2010-06-11,2011,4.7
2010-06-14,2011,4.7
2010-06-15,2011,4.7
2010-06-16,2011,4.73
2010-06-17,2011,4.76
2010-06-18,2011,4.8
2010-06-21,2011,4.78
2010-06-22,2011,4.78
2010-06-23,2011,4.8
2010-06-24,2011,4.8
2010-06-25,2011,4.8
2010-06-28,2011,4.8
2010-06-29,2011,4.8
2010-06-30,2011,4.8
2010-07-01,2011,4.8
2010-07-02,2011,4.8
2010-07-05,2011,4.8
2010-07-06,2011,4.8
2010-07-07,2011,4.76
2010-07-08,2011,4.8
2010-07-09,2011,4.78
2010-07-12,2011,4.76
2010-07-13,2011,4.76
2010-07-14,2011,4.78
2010-07-15,2011,4.78
2010-07-16,2011,4.76
2010-07-19,2011,4.75
2010-07-20,2011,4.76
2010-07-21,2011,4.76
2010-07-22,2011,4.76
2010-07-23,2011,4.76
2010-07-26,2011,4.8
2010-07-27,2011,4.8
2010-07-28,2011,4.78
2010-07-29,2011,4.78
2010-07-30,2011,4.73
2010-08-02,2011,4.73
2010-08-03,2011,4.7
2010-08-04,2011,4.7
2010-08-05,2011,4.7
2010-08-06,2011,4.73
2010-08-09,2011,4.76
2010-08-10,2011,4.76
2010-08-11,2011,4.76
2010-08-12,2011,4.76
2010-08-13,2011,4.76
2010-08-16,2011,4.78
2010-08-17,2011,4.78
2010-08-18,2011,4.8
2010-08-19,2011,4.8
2010-08-20,2011,4.8
2010-08-23,2011,4.78
2010-08-24,2011,4.78
2010-08-25,2011,4.78
2010-08-26,2011,4.78
2010-08-27,2011,4.8
2010-08-30,2011,4.8
2010-08-31,2011,4.8
2010-09-01,2011,4.78
2010-09-02,2011,4.8
2010-09-03,2011,4.8
2010-09-06,2011,4.8
2010-09-08,2011,4.78
2010-09-09,2011,4.78
2010-09-10,2011,4.78
2010-09-13,2011,4.73
2010-09-14,2011,4.76
2010-09-15,2011,4.76
2010-09-16,2011,4.78
2010-09-17,2011,4.76
2010-09-20,2011,4.75
2010-09-21,2011,4.75
2010-09-22,2011,4.7
2010-09-23,2011,4.7
2010-09-24,2011,4.7
2010-09-27,2011,4.7
2010-09-28,2011,4.7
2010-09-29,2011,4.7
2010-09-30,2011,4.7
2010-10-01,2011,4.75
2010-10-04,2011,4.75
2010-10-05,2011,4.7
2010-10-06,2011,4.75
2010-10-07,2011,4.75
2010-10-08,2011,4.75
2010-10-11,2011,4.75
2010-10-13,2011,4.75
2010-10-14,2011,4.7
2010-10-15,2011,4.7
2010-10-18,2011,4.7
2010-10-19,2011,4.7
2010-10-20,2011,4.7
2010-10-21,2011,4.7
2010-10-22,2011,4.7
2010-10-25,2011,4.7
2010-10-26,2011,4.7
2010-10-27,2011,4.7
2010-10-28,2011,4.7
2010-10-29,2011,4.7
2010-11-01,2011,4.6
2010-11-03,2011,4.7
2010-11-04,2011,4.6
2010-11-05,2011,4.6
2010-11-08,2011,4.6
2010-11-09,2011,4.6
2010-11-10,2011,4.7
2010-11-11,2011,4.6
2010-11-12,2011,4.6
2010-11-16,2011,4.5
2010-11-17,2011,4.5
2010-11-18,2011,4.5
2010-11-19,2011,4.5
2010-11-22,2011,4.5
2010-11-23,2011,4.5
2010-11-24,2011,4.5
2010-11-25,2011,4.5
2010-11-26,2011,4.5
2010-11-29,2011,4.5
2010-11-30,2011,4.5
2010-12-01,2011,4.5
2010-12-02,2011,4.5
2010-12-03,2011,4.5
2010-12-06,2011,4.5
2010-12-07,2011,4.5
2010-12-08,2011,4.5
2010-12-09,2011,4.5
2010-12-10,2011,4.5
2010-12-13,2011,4.5
2010-12-14,2011,4.5
2010-12-15,2011,4.5
2010-12-16,2011,4.5
2010-12-17,2011,4.5
2010-12-20,2011,4.5
2010-12-21,2011,4.5
2010-12-22,2011,4.5
2010-12-23,2011,4.5
2010-12-24,2011,4.5
2010-12-27,2011,4.5
2010-12-28,2011,4.5
2010-12-29,2011,4.5
2010-12-30,2011,4.5
2010-12-31,2011,4.5
2011-01-03,2011,4.5
2011-01-04,2011,4.5
2011-01-05,2011,4.5
2011-01-06,2011,4.5
2011-01-07,2011,4.5
2011-01-10,2011,4.5
2011-01-11,2011,4.5
2011-01-12,2011,4.45
2011-01-13,2011,4.45
2011-01-14,2011,4.4
2011-01-17,2011,4.4
2011-01-18,2011,4.4
2011-01-19,2011,4.4
2011-01-20,2011,4.4
2011-01-21,2011,4.4
2011-01-24,2011,4.4
2011-01-25,2011,4.4
2011-01-26,2011,4.4
2011-01-27,2011,4.4
2011-01-28,2011,4.4
2011-01-31,2011,4.4
2011-02-01,2011,4.4
2011-02-02,2011,4.4
2011-02-03,2011,4.4
2011-02-04,2011,4.4
2011-02-07,2011,4.4
2011-02-08,2011,4.4
2011-02-09,2011,4.4
2011-02-10,2011,4.4
2011-02-11,2011,4.4
2011-02-14,2011,4.4
2011-02-15,2011,4.4
2011-02-16,2011,4.4
2011-02-17,2011,4.4
2011-02-18,2011,4.45
2011-02-21,2011,4.5
2011-02-22,2011,4.5
2011-02-23,2011,4.5
2011-02-24,2011,4.5
2011-02-25,2011,4.5
2011-02-28,2011,4.5
2011-03-01,2011,4.5
2011-03-02,2011,4.5
2011-03-03,2011,4.5
2011-03-04,2011,4.5
2011-03-09,2011,4.5
2011-03-10,2011,4.5
2011-03-11,2011,4.5
2011-03-14,2011,4.5
2011-03-15,2011,4.5
2011-03-16,2011,4.5
2011-03-17,2011,4.5
2011-03-18,2011,4.5
2011-03-21,2011,4.5
2011-03-22,2011,4.5
2011-03-23,2011,4.5
2011-03-24,2011,4.5
2011-03-25,2011,4.5
2011-03-28,2011,4.5
2011-03-29,2011,4.5
2011-03-30,2011,4.55
2011-03-31,2011,4.6
2011-04-01,2011,4.6
2011-04-04,2011,4.55
2011-04-05,2011,4.55
2011-04-06,2011,4.55
2011-04-07,2011,4.55
2011-04-08,2011,4.7
2011-04-11,2011,4.7
2011-04-12,2011,4.7
2011-04-13,2011,4.7
2011-04-14,2011,4.75
2011-04-15,2011,4.8
2011-04-18,2011,4.8
2011-04-19,2011,4.8
2011-04-20,2011,4.8
2011-04-25,2011,4.85
2011-04-26,2011,4.8
2011-04-27,2011,4.8
2011-04-28,2011,4.85
2011-04-29,2011,4.8
2011-05-02,2011,4.8
2011-05-03,2011,4.8
2011-05-04,2011,4.8
2011-05-05,2011,4.8
2011-05-06,2011,4.8
2011-05-09,2011,4.8
2011-05-10,2011,4.85
2011-05-11,2011,4.88
2011-05-12,2011,4.88
2011-05-13,2011,4.95
2011-05-16,2011,5.0
2011-05-17,2011,4.95
2011-05-18,2011,4.95
2011-05-19,2011,4.95
2011-05-20,2011,4.95
2011-05-23,2011,4.95
2011-05-24,2011,5.0
2011-05-25,2011,5.0
2011-05-26,2011,5.0
2011-05-27,2011,5.0
2011-05-30,2011,5.0
2011-05-31,2011,5.0
2011-06-01,2011,5.0
2011-06-02,2011,5.0
2011-06-03,2011,5.0
2011-06-06,2011,5.0
2011-06-07,2011,5.0
2011-06-08,2011,5.0
2011-06-09,2011,5.0
2011-06-10,2011,5.0
2011-06-13,2011,5.0
2011-06-14,2011,5.0
2011-06-15,2011,5.0
2011-06-16,2011,5.0
2011-06-17,2011,5.0
2011-06-20,2011,5.0
2011-06-21,2011,5.0
2011-06-22,2011,5.0
2011-06-24,2011,5.1
2011-06-27,2011,5.1
2011-06-28,2011,5.1
2011-06-29,2011,5.1
2011-06-30,2011,5.1
2011-07-01,2011,5.1
2011-07-04,2011,5.15
2011-07-05,2011,5.2
2011-07-06,2011,5.2
2011-07-07,2011,5.15
2011-07-08,2011,5.2
2011-07-11,2011,5.2
2011-07-12,2011,5.2
2011-07-13,2011,5.2
2011-07-14,2011,5.2
2011-07-15,2011,5.2
2011-07-18,2011,5.2
2011-07-19,2011,5.2
2011-07-20,2011,5.2
2011-07-21,2011,5.2
2011-07-22,2011,5.2
2011-07-25,2011,5.3
2011-07-26,2011,5.25
2011-07-27,2011,5.25
2011-07-28,2011,5.3
2011-07-29,2011,5.3
2011-08-01,2011,5.3
2011-08-02,2011,5.3
2011-08-03,2011,5.3
2011-08-04,2011,5.3
2011-08-05,2011,5.3
2011-08-08,2011,5.3
2011-08-09,2011,5.3
2011-08-10,2011,5.3
2011-08-11,2011,5.3
2011-08-12,2011,5.3
2011-08-15,2011,5.35
2011-08-16,2011,5.4
2011-08-17,2011,5.35
2011-08-18,2011,5.35
2011-08-19,2011,5.3
2011-08-22,2011,5.4
2011-08-23,2011,5.35
2011-08-24,2011,5.35
2011-08-25,2011,5.35
2011-08-26,2011,5.35
2011-08-29,2011,5.3
2011-08-30,2011,5.3
2011-08-31,2011,5.3
2011-09-01,2011,5.3
2011-09-02,2011,5.35
2011-09-05,2011,5.5
2011-09-06,2011,5.5
2011-09-08,2011,5.6
2011-09-09,2011,5.55
2011-09-12,2011,5.7
2011-09-13,2011,5.7
2011-09-14,2011,5.6
2011-09-15,2011,5.6
2011-09-16,2011,5.6
2011-09-19,2011,5.6
2011-09-20,2011,5.65
2011-09-21,2011,5.65
2011-09-22,2011,5.6
2011-09-23,2011,5.6
2011-09-26,2011,5.7
2011-09-27,2011,5.7
2011-09-28,2011,5.7
2011-09-29,2011,5.7
2011-09-30,2011,5.8
2011-10-03,2011,5.85
2011-10-04,2011,5.8
2011-10-05,2011,5.8
2011-10-06,2011,5.8
2011-10-07,2011,5.8
2011-10-10,2011,5.8
2011-10-11,2011,5.8
2011-10-13,2011,5.8
2011-10-14,2011,5.8
2011-10-17,2011,5.85
2011-10-18,2011,5.9
2011-10-19,2011,5.9
2011-10-20,2011,5.9
2011-10-21,2011,5.9
2011-10-24,2011,5.9
2011-10-25,2011,5.9
2011-10-26,2011,5.9
2011-10-27,2011,5.85
2011-10-28,2011,5.9
2011-10-31,2011,5.9
2011-11-01,2011,5.85
2011-11-03,2011,5.9
2011-11-04,2011,5.9
2011-11-07,2011,5.9
2011-11-08,2011,5.9
2011-11-09,2011,5.9
2011-11-10,2011,6.0
2011-11-11,2011,6.0
2011-11-14,2011,6.0
2011-11-16,2011,6.0
2011-11-17,2011,6.0
2011-11-18,2011,6.0
2011-11-21,2011,6.0
2011-11-22,2011,6.0
2011-11-23,2011,6.0
2011-11-24,2011,6.0
2011-11-25,2011,6.0
2011-11-28,2011,6.0
2011-11-29,2011,6.0
2011-11-30,2011,6.0
2011-12-01,2011,6.0
2011-12-02,2011,6.0
2011-12-05,2011,6.0
2011-12-06,2011,6.0
2011-12-07,2011,6.0
2011-12-08,2011,6.0
2011-12-09,2011,6.0
2011-12-12,2011,6.0
2011-12-13,2011,6.0
2011-12-14,2011,6.0
2011-12-15,2011,6.0
2011-12-16,2011,6.0
2011-12-19,2011,6.0
2011-12-20,2011,6.0
2011-12-21,2011,6.0
2011-12-22,2011,6.1
2011-12-23,2011,6.1
2011-12-26,2011,6.1
2011-12-27,2011,6.1
2011-12-28,2011,6.1
2011-12-29,2011,6.1
2011-12-30,2011,6.1
2012-01-02,2011,6.1
2012-01-03,2011,6.1
2012-01-04,2011,6.1
2012-01-05,2011,6.15
2008-01-11,2012,5.0
2008-01-14,2012,3.5
2008-01-15,2012,4.25
2008-01-16,2012,4.0
2008-01-17,2012,4.0
2008-01-18,2012,4.0
2008-01-21,2012,4.0
2008-01-22,2012,4.0
2008-01-23,2012,4.0
2008-01-24,2012,4.0
2008-01-25,2012,4.0
2008-01-28,2012,4.0
2008-01-29,2012,4.0
2008-01-30,2012,4.0
2008-01-31,2012,4.0
2008-02-01,2012,4.0
2008-02-06,2012,4.0
2008-02-07,2012,4.0
2008-02-08,2012,4.0
2008-02-11,2012,4.0
2008-02-12,2012,4.0
2008-02-13,2012,4.0
2008-02-14,2012,4.0
2008-02-15,2012,4.0
2008-02-18,2012,4.0
2008-02-19,2012,4.0
2008-02-20,2012,4.0
2008-02-21,2012,4.0
2008-02-22,2012,4.0
2008-02-25,2012,4.0
2008-02-26,2012,4.0
2008-02-27,2012,4.0
2008-02-28,2012,4.0
2008-02-29,2012,4.0
2008-03-03,2012,4.0
2008-03-04,2012,4.0
2008-03-05,2012,4.0
2008-03-06,2012,4.0
2008-03-07,2012,4.0
2008-03-10,2012,4.0
2008-03-11,2012,4.0
2008-03-12,2012,4.0
2008-03-13,2012,4.0
2008-03-14,2012,4.0
2008-03-17,2012,4.0
2008-03-18,2012,4.0
2008-03-19,2012,4.0
2008-03-20,2012,4.0
2008-03-24,2012,4.0
2008-03-25,2012,4.0
2008-03-26,2012,4.0
2008-03-27,2012,4.0
2008-03-28,2012,4.0
2008-03-31,2012,4.0
2008-04-01,2012,4.0
2008-04-02,2012,4.0
2008-04-03,2012,4.0
2008-04-04,2012,4.0
2008-04-07,2012,4.0
2008-04-08,2012,4.0
2008-04-09,2012,4.0
2008-04-10,2012,4.0
2008-04-11,2012,4.0
2008-04-14,2012,4.0
2008-04-15,2012,4.0
2008-04-16,2012,4.0
2008-04-17,2012,4.0
2008-04-18,2012,4.0
2008-04-22,2012,4.0
2008-04-23,2012,4.0
2008-04-24,2012,4.0
2008-04-25,2012,4.0
2008-04-28,2012,4.0
2008-04-29,2012,4.0
2008-04-30,2012,4.0
2008-05-02,2012,4.0
2008-05-05,2012,4.0
2008-05-06,2012,4.0
2008-05-07,2012,4.0
2008-05-08,2012,4.0
2008-05-09,2012,4.0
2008-05-12,2012,4.05
2008-05-13,2012,4.1
2008-05-14,2012,4.15
2008-05-15,2012,4.2
2008-05-16,2012,4.2
2008-05-19,2012,4.2
2008-05-20,2012,4.2
2008-05-21,2012,4.2
2008-05-23,2012,4.2
2008-05-26,2012,4.2
2008-05-27,2012,4.2
2008-05-28,2012,4.2
2008-05-29,2012,4.2
2008-05-30,2012,4.35
2008-06-02,2012,4.5
2008-06-03,2012,4.5
2008-06-04,2012,4.5
2008-06-05,2012,4.5
2008-06-06,2012,4.35
2008-06-09,2012,4.24
2008-06-10,2012,4.22
2008-06-11,2012,4.22
2008-06-12,2012,4.22
2008-06-13,2012,4.22
2008-06-16,2012,4.22
2008-06-17,2012,4.22
2008-06-18,2012,4.22
2008-06-19,2012,4.22
2008-06-20,2012,4.22
2008-06-23,2012,4.37
2008-06-24,2012,4.37
2008-06-25,2012,4.37
2008-06-26,2012,4.37
2008-06-27,2012,4.37
2008-06-30,2012,4.24
2008-07-01,2012,4.24
2008-07-02,2012,4.24
2008-07-03,2012,4.5
2008-07-04,2012,4.37
2008-07-07,2012,4.37
2008-07-08,2012,4.24
2008-07-09,2012,4.24
2008-07-10,2012,4.24
2008-07-11,2012,4.22
2008-07-14,2012,4.37
2008-07-15,2012,4.37
2008-07-16,2012,4.5
2008-07-17,2012,4.5
2008-07-18,2012,4.5
2008-07-21,2012,4.37
2008-07-22,2012,4.37
2008-07-23,2012,4.5
2008-07-24,2012,4.37
2008-07-25,2012,4.37
2008-07-28,2012,4.37
2008-07-29,2012,4.5
2008-07-30,2012,4.5
2008-07-31,2012,4.5
2008-08-01,2012,4.5
2008-08-04,2012,4.5
2008-08-05,2012,4.5
2008-08-06,2012,4.5
2008-08-07,2012,4.5
2008-08-08,2012,4.5
2008-08-11,2012,4.5
2008-08-12,2012,4.5
2008-08-13,2012,4.5
2008-08-14,2012,4.5
2008-08-15,2012,4.5
2008-08-18,2012,4.5
2008-08-19,2012,4.5
2008-08-20,2012,4.5
2008-08-21,2012,4.5
2008-08-22,2012,4.5
2008-08-25,2012,4.5
2008-08-26,2012,4.5
2008-08-27,2012,4.5
2008-08-28,2012,4.5
2008-08-29,2012,4.5
2008-09-01,2012,4.5
2008-09-02,2012,4.5
2008-09-03,2012,4.5
2008-09-04,2012,4.5
2008-09-05,2012,4.5
2008-09-08,2012,4.5
2008-09-09,2012,4.5
2008-09-10,2012,4.5
2008-09-11,2012,4.5
2008-09-12,2012,4.5
2008-09-15,2012,4.5
2008-09-16,2012,4.5
2008-09-17,2012,4.5
2008-09-18,2012,4.5
2008-09-19,2012,4.5
2008-09-22,2012,4.5
2008-09-23,2012,4.5
2008-09-24,2012,4.5
2008-09-25,2012,4.5
2008-09-26,2012,4.5
2008-09-29,2012,4.5
2008-09-30,2012,4.5
2008-10-01,2012,4.5
2008-10-02,2012,4.5
2008-10-03,2012,4.5
2008-10-06,2012,4.5
2008-10-07,2012,4.5
2008-10-08,2012,4.5
2008-10-09,2012,4.5
2008-10-10,2012,4.5
2008-10-13,2012,4.5
2008-10-14,2012,4.5
2008-10-15,2012,4.5
2008-10-16,2012,4.5
2008-10-17,2012,4.5
2008-10-20,2012,4.5
2008-10-21,2012,4.5
2008-10-22,2012,4.5
2008-10-23,2012,4.5
2008-10-24,2012,4.5
2008-10-27,2012,4.5
2008-10-28,2012,4.5
2008-10-29,2012,4.5
2008-10-30,2012,4.5
2008-10-31,2012,4.5
2008-11-03,2012,4.5
2008-11-04,2012,4.5
2008-11-05,2012,4.5
2008-11-06,2012,4.5
2008-11-07,2012,4.5
2008-11-10,2012,4.5
2008-11-11,2012,4.5
2008-11-12,2012,4.5
2008-11-13,2012,4.5
2008-11-14,2012,4.5
2008-11-17,2012,4.5
2008-11-18,2012,4.5
2008-11-19,2012,4.5
2008-11-20,2012,4.5
2008-11-21,2012,4.5
2008-11-24,2012,4.5
2008-11-25,2012,4.5
2008-11-26,2012,4.5
2008-11-27,2012,4.5
2008-11-28,2012,4.5
2008-12-01,2012,4.5
2008-12-02,2012,4.5
2008-12-03,2012,4.5
2008-12-04,2012,4.5
2008-12-05,2012,4.5
2008-12-08,2012,4.5
2008-12-09,2012,4.5
2008-12-10,2012,4.5
2008-12-11,2012,4.5
2008-12-12,2012,4.5
2008-12-15,2012,4.5
2008-12-16,2012,4.5
2008-12-17,2012,4.5
2008-12-18,2012,4.5
2008-12-19,2012,4.5
2008-12-22,2012,4.5
2008-12-23,2012,4.5
2008-12-24,2012,4.5
2008-12-26,2012,4.5
2008-12-29,2012,4.5
2008-12-30,2012,4.5
2008-12-31,2012,4.5
2009-01-02,2012,4.5
2009-01-05,2012,4.5
2009-01-06,2012,4.5
2009-01-07,2012,4.5
2009-01-08,2012,4.5
2009-01-09,2012,4.5
2009-01-12,2012,4.5
2009-01-13,2012,4.5
2009-01-14,2012,4.5
2009-01-15,2012,4.5
2009-01-16,2012,4.5
2009-01-19,2012,4.5
2009-01-20,2012,4.5
2009-01-21,2012,4.5
2009-01-22,2012,4.5
2009-01-23,2012,4.5
2009-01-26,2012,4.5
2009-01-27,2012,4.5
2009-01-28,2012,4.5
2009-01-29,2012,4.5
2009-01-30,2012,4.5
2009-02-02,2012,4.5
2009-02-03,2012,4.5
2009-02-04,2012,4.5
2009-02-05,2012,4.5
2009-02-06,2012,4.5
2009-02-09,2012,4.5
2009-02-10,2012,4.5
2009-02-11,2012,4.5
2009-02-12,2012,4.5
2009-02-13,2012,4.5
2009-02-16,2012,4.5
2009-02-17,2012,4.5
2009-02-18,2012,4.5
2009-02-19,2012,4.5
2009-02-20,2012,4.5
2009-02-25,2012,4.5
2009-02-26,2012,4.5
2009-02-27,2012,4.5
2009-03-02,2012,4.5
2009-03-03,2012,4.5
2009-03-04,2012,4.5
2009-03-05,2012,4.5
2009-03-06,2012,4.5
2009-03-09,2012,4.5
2009-03-10,2012,4.5
2009-03-11,2012,4.5
2009-03-12,2012,4.5
2009-03-13,2012,4.5
2009-03-16,2012,4.5
2009-03-17,2012,4.5
2009-03-18,2012,4.5
2009-03-19,2012,4.5
2009-03-20,2012,4.5
2009-03-23,2012,4.5
2009-03-24,2012,4.5
2009-03-25,2012,4.5
2009-03-26,2012,4.5
2009-03-27,2012,4.5
2009-03-30,2012,4.5
2009-03-31,2012,4.5
2009-04-01,2012,4.5
2009-04-02,2012,4.5
2009-04-03,2012,4.5
2009-04-06,2012,4.5
2009-04-07,2012,4.5
2009-04-08,2012,4.5
2009-04-09,2012,4.5
2009-04-13,2012,4.5
2009-04-14,2012,4.5
2009-04-15,2012,4.5
2009-04-16,2012,4.5
2009-04-17,2012,4.5
2009-04-20,2012,4.5
2009-04-22,2012,4.5
2009-04-23,2012,4.5
2009-04-24,2012,4.5
2009-04-27,2012,4.5
2009-04-28,2012,4.5
2009-04-29,2012,4.5
2009-04-30,2012,4.5
2009-05-04,2012,4.5
2009-05-05,2012,4.5
2009-05-06,2012,4.5
2009-05-07,2012,4.5
2009-05-08,2012,4.5
2009-05-11,2012,4.5
2009-05-12,2012,4.5
2009-05-13,2012,4.5
2009-05-14,2012,4.5
2009-05-15,2012,4.5
2009-05-18,2012,4.5
2009-05-19,2012,4.5
2009-05-20,2012,4.5
2009-05-21,2012,4.5
2009-05-22,2012,4.5
2009-05-25,2012,4.5
2009-05-26,2012,4.5
2009-05-27,2012,4.5
2009-05-28,2012,4.5
2009-05-29,2012,4.5
2009-06-01,2012,4.5
2009-06-02,2012,4.5
2009-06-03,2012,4.5
2009-06-04,2012,4.5
2009-06-05,2012,4.5
2009-06-08,2012,4.5
2009-06-09,2012,4.5
2009-06-10,2012,4.5
2009-06-12,2012,4.5
2009-06-15,2012,4.5
2009-06-16,2012,4.5
2009-06-17,2012,4.5
2009-06-18,2012,4.5
2009-06-19,2012,4.5
2009-06-22,2012,4.5
2009-06-23,2012,4.5
2009-06-24,2012,4.5
2009-06-25,2012,4.5
2009-06-26,2012,4.5
2009-06-29,2012,4.5
2009-06-30,2012,4.5
2009-07-01,2012,4.5
2009-07-02,2012,4.5
2009-07-03,2012,4.5
2009-07-06,2012,4.5
2009-07-07,2012,4.5
2009-07-08,2012,4.5
2009-07-09,2012,4.5
2009-07-10,2012,4.5
2009-07-13,2012,4.5
2009-07-14,2012,4.5
2009-07-15,2012,4.5
2009-07-16,2012,4.5
2009-07-17,2012,4.5
2009-07-20,2012,4.5
2009-07-21,2012,4.5
2009-07-22,2012,4.5
2009-07-23,2012,4.5
2009-07-24,2012,4.5
2009-07-27,2012,4.5
2009-07-28,2012,4.5
2009-07-29,2012,4.5
2009-07-30,2012,4.5
2009-07-31,2012,4.5
2009-08-03,2012,4.5
2009-08-04,2012,4.5
2009-08-05,2012,4.5
2009-08-06,2012,4.5
2009-08-07,2012,4.5
2009-08-10,2012,4.5
2009-08-11,2012,4.5
2009-08-12,2012,4.5
2009-08-13,2012,4.5
2009-08-14,2012,4.5
2009-08-17,2012,4.5
2009-08-18,2012,4.5
2009-08-19,2012,4.5
2009-08-20,2012,4.5
2009-08-21,2012,4.5
2009-08-24,2012,4.5
2009-08-25,2012,4.5
2009-08-26,2012,4.5
2009-08-27,2012,4.5
2009-08-28,2012,4.5
2009-08-31,2012,4.5
2009-09-01,2012,4.5
2009-09-02,2012,4.5
2009-09-03,2012,4.5
2009-09-04,2012,4.5
2009-09-08,2012,4.5
2009-09-09,2012,4.5
2009-09-10,2012,4.5
2009-09-11,2012,4.5
2009-09-14,2012,4.5
2009-09-15,2012,4.5
2009-09-16,2012,4.5
2009-09-17,2012,4.5
2009-09-18,2012,4.5
2009-09-21,2012,4.5
2009-09-22,2012,4.5
2009-09-23,2012,4.5
2009-09-24,2012,4.5
2009-09-25,2012,4.5
2009-09-28,2012,4.5
2009-09-29,2012,4.5
2009-09-30,2012,4.5
2009-10-01,2012,4.5
2009-10-02,2012,4.5
2009-10-05,2012,4.5
2009-10-06,2012,4.5
2009-10-07,2012,4.5
2009-10-08,2012,4.5
2009-10-09,2012,4.5
2009-10-13,2012,4.4
2009-10-14,2012,4.45
2009-10-15,2012,4.5
2009-10-16,2012,4.5
2009-10-19,2012,4.5
2009-10-20,2012,4.5
2009-10-21,2012,4.5
2009-10-22,2012,4.5
2009-10-23,2012,4.5
2009-10-26,2012,4.5
2009-10-27,2012,4.5
2009-10-28,2012,4.5
2009-10-29,2012,4.5
2009-10-30,2012,4.5
2009-11-03,2012,4.5
2009-11-04,2012,4.5
2009-11-05,2012,4.5
2009-11-06,2012,4.5
2009-11-09,2012,4.5
2009-11-10,2012,4.5
2009-11-11,2012,4.5
2009-11-12,2012,4.5
2009-11-13,2012,4.5
2009-11-16,2012,4.5
2009-11-17,2012,4.5
2009-11-18,2012,4.5
2009-11-19,2012,4.5
2009-11-20,2012,4.5
2009-11-23,2012,4.5
2009-11-24,2012,4.5
2009-11-25,2012,4.5
2009-11-26,2012,4.5
2009-11-27,2012,4.5
2009-11-30,2012,4.5
2009-12-01,2012,4.5
2009-12-02,2012,4.5
2009-12-03,2012,4.5
2009-12-04,2012,4.5
2009-12-07,2012,4.5
2009-12-08,2012,4.5
2009-12-09,2012,4.5
2009-12-10,2012,4.5
2009-12-11,2012,4.5
2009-12-14,2012,4.5
2009-12-15,2012,4.5
2009-12-16,2012,4.5
2009-12-17,2012,4.5
2009-12-18,2012,4.5
2009-12-21,2012,4.5
2009-12-22,2012,4.5
2009-12-23,2012,4.5
2009-12-24,2012,4.5
2009-12-28,2012,4.5
2009-12-29,2012,4.5
2009-12-30,2012,4.5
2009-12-31,2012,4.5
2010-01-04,2012,4.5
2010-01-05,2012,4.5
2010-01-06,2012,4.5
2010-01-07,2012,4.5
2010-01-08,2012,4.5
2010-01-11,2012,4.5
2010-01-12,2012,4.5
2010-01-13,2012,4.5
2010-01-14,2012,4.5
2010-01-15,2012,4.5
2010-01-18,2012,4.5
2010-01-19,2012,4.5
2010-01-20,2012,4.5
2010-01-21,2012,4.5
2010-01-22,2012,4.5
2010-01-25,2012,4.5
2010-01-26,2012,4.5
2010-01-27,2012,4.5
2010-01-28,2012,4.5
2010-01-29,2012,4.5
2010-02-01,2012,4.5
2010-02-02,2012,4.5
2010-02-03,2012,4.5
2010-02-04,2012,4.5
2010-02-05,2012,4.5
2010-02-08,2012,4.5
2010-02-09,2012,4.5
2010-02-10,2012,4.5
2010-02-11,2012,4.5
2010-02-12,2012,4.5
2010-02-17,2012,4.5
2010-02-18,2012,4.5
2010-02-19,2012,4.5
2010-02-22,2012,4.5
2010-02-23,2012,4.5
2010-02-24,2012,4.5
2010-02-25,2012,4.5
2010-02-26,2012,4.5
2010-03-01,2012,4.5
2010-03-02,2012,4.5
2010-03-03,2012,4.5
2010-03-04,2012,4.5
2010-03-05,2012,4.5
2010-03-08,2012,4.5
2010-03-09,2012,4.5
2010-03-10,2012,4.5
2010-03-11,2012,4.5
2010-03-12,2012,4.5
2010-03-15,2012,4.5
2010-03-16,2012,4.5
2010-03-17,2012,4.5
2010-03-18,2012,4.5
2010-03-19,2012,4.5
2010-03-22,2012,4.5
2010-03-23,2012,4.5
2010-03-24,2012,4.5
2010-03-25,2012,4.5
2010-03-26,2012,4.5
2010-03-29,2012,4.5
2010-03-30,2012,4.5
2010-03-31,2012,4.5
2010-04-01,2012,4.5
2010-04-05,2012,4.5
2010-04-06,2012,4.5
2010-04-07,2012,4.5
2010-04-08,2012,4.5
2010-04-09,2012,4.5
2010-04-12,2012,4.5
2010-04-13,2012,4.5
2010-04-14,2012,4.5
2010-04-15,2012,4.5
2010-04-16,2012,4.5
2010-04-19,2012,4.5
2010-04-20,2012,4.5
2010-04-22,2012,4.5
2010-04-23,2012,4.5
2010-04-26,2012,4.5
2010-04-27,2012,4.5
2010-04-28,2012,4.5
2010-04-29,2012,4.5
2010-04-30,2012,4.5
2010-05-03,2012,4.5
2010-05-04,2012,4.5
2010-05-05,2012,4.5
2010-05-06,2012,4.5
2010-05-07,2012,4.5
2010-05-10,2012,4.5
2010-05-11,2012,4.5
2010-05-12,2012,4.5
2010-05-13,2012,4.5
2010-05-14,2012,4.5
2010-05-17,2012,4.5
2010-05-18,2012,4.5
2010-05-19,2012,4.5
2010-05-20,2012,4.5
2010-05-21,2012,4.5
2010-05-24,2012,4.5
2010-05-25,2012,4.5
2010-05-26,2012,4.5
2010-05-27,2012,4.5
2010-05-28,2012,4.5
2010-05-31,2012,4.5
2010-06-01,2012,4.5
2010-06-02,2012,4.5
2010-06-04,2012,4.5
2010-06-07,2012,4.5
2010-06-08,2012,4.5
2010-06-09,2012,4.5
2010-06-10,2012,4.5
2010-06-11,2012,4.5
2010-06-14,2012,4.5
2010-06-15,2012,4.5
2010-06-16,2012,4.5
2010-06-17,2012,4.5
2010-06-18,2012,4.5
2010-06-21,2012,4.5
2010-06-22,2012,4.5
2010-06-23,2012,4.5
2010-06-24,2012,4.5
2010-06-25,2012,4.5
2010-06-28,2012,4.5
2010-06-29,2012,4.5
2010-06-30,2012,4.5
2010-07-01,2012,4.5
2010-07-02,2012,4.5
2010-07-05,2012,4.5
2010-07-06,2012,4.5
2010-07-07,2012,4.5
2010-07-08,2012,4.5
2010-07-09,2012,4.5
2010-07-12,2012,4.5
2010-07-13,2012,4.5
2010-07-14,2012,4.5
2010-07-15,2012,4.5
2010-07-16,2012,4.5
2010-07-19,2012,4.5
2010-07-20,2012,4.5
2010-07-21,2012,4.5
2010-07-22,2012,4.5
2010-07-23,2012,4.5
2010-07-26,2012,4.5
2010-07-27,2012,4.5
2010-07-28,2012,4.5
2010-07-29,2012,4.5
2010-07-30,2012,4.5
2010-08-02,2012,4.5
2010-08-03,2012,4.5
2010-08-04,2012,4.5
2010-08-05,2012,4.5
2010-08-06,2012,4.5
2010-08-09,2012,4.5
2010-08-10,2012,4.5
2010-08-11,2012,4.5
2010-08-12,2012,4.5
2010-08-13,2012,4.5
2010-08-16,2012,4.5
2010-08-17,2012,4.5
2010-08-18,2012,4.5
2010-08-19,2012,4.5
2010-08-20,2012,4.5
2010-08-23,2012,4.5
2010-08-24,2012,4.5
2010-08-25,2012,4.5
2010-08-26,2012,4.5
2010-08-27,2012,4.5
2010-08-30,2012,4.5
2010-08-31,2012,4.5
2010-09-01,2012,4.5
2010-09-02,2012,4.5
2010-09-03,2012,4.5
2010-09-06,2012,4.5
2010-09-08,2012,4.5
2010-09-09,2012,4.5
2010-09-10,2012,4.5
2010-09-13,2012,4.5
2010-09-14,2012,4.5
2010-09-15,2012,4.5
2010-09-16,2012,4.5
2010-09-17,2012,4.5
2010-09-20,2012,4.5
2010-09-21,2012,4.5
2010-09-22,2012,4.5
2010-09-23,2012,4.5
2010-09-24,2012,4.5
2010-09-27,2012,4.5
2010-09-28,2012,4.5
2010-09-29,2012,4.5
2010-09-30,2012,4.5
2010-10-01,2012,4.5
2010-10-04,2012,4.5
2010-10-05,2012,4.5
2010-10-06,2012,4.5
2010-10-07,2012,4.5
2010-10-08,2012,4.5
2010-10-11,2012,4.5
2010-10-13,2012,4.5
2010-10-14,2012,4.5
2010-10-15,2012,4.5
2010-10-18,2012,4.5
2010-10-19,2012,4.5
2010-10-20,2012,4.5
2010-10-21,2012,4.5
2010-10-22,2012,4.5
2010-10-25,2012,4.5
2010-10-26,2012,4.5
2010-10-27,2012,4.5
2010-10-28,2012,4.5
2010-10-29,2012,4.5
2010-11-01,2012,4.5
2010-11-03,2012,4.5
2010-11-04,2012,4.5
2010-11-05,2012,4.5
2010-11-08,2012,4.5
2010-11-09,2012,4.5
2010-11-10,2012,4.5
2010-11-11,2012,4.5
2010-11-12,2012,4.5
2010-11-16,2012,4.5
2010-11-17,2012,4.5
2010-11-18,2012,4.5
2010-11-19,2012,4.5
2010-11-22,2012,4.5
2010-11-23,2012,4.5
2010-11-24,2012,4.5
2010-11-25,2012,4.5
2010-11-26,2012,4.5
2010-11-29,2012,4.5
2010-11-30,2012,4.5
2010-12-01,2012,4.5
2010-12-02,2012,4.5
2010-12-03,2012,4.5
2010-12-06,2012,4.5
2010-12-07,2012,4.5
2010-12-08,2012,4.5
2010-12-09,2012,4.5
2010-12-10,2012,4.5
2010-12-13,2012,4.5
2010-12-14,2012,4.5
2010-12-15,2012,4.5
2010-12-16,2012,4.5
2010-12-17,2012,4.5
2010-12-20,2012,4.5
2010-12-21,2012,4.5
2010-12-22,2012,4.5
2010-12-23,2012,4.5
2010-12-24,2012,4.5
2010-12-27,2012,4.5
2010-12-28,2012,4.5
2010-12-29,2012,4.5
2010-12-30,2012,4.5
2010-12-31,2012,4.5
2011-01-03,2012,4.5
2011-01-04,2012,4.5
2011-01-05,2012,4.5
2011-01-06,2012,4.5
2011-01-07,2012,4.5
2011-01-10,2012,4.5
2011-01-11,2012,4.5
2011-01-12,2012,4.5
2011-01-13,2012,4.5
2011-01-14,2012,4.5
2011-01-17,2012,4.5
2011-01-18,2012,4.5
2011-01-19,2012,4.5
2011-01-20,2012,4.5
2011-01-21,2012,4.5
2011-01-24,2012,4.5
2011-01-25,2012,4.5
2011-01-26,2012,4.5
2011-01-27,2012,4.5
2011-01-28,2012,4.5
2011-01-31,2012,4.5
2011-02-01,2012,4.5
2011-02-02,2012,4.5
2011-02-03,2012,4.5
2011-02-04,2012,4.5
2011-02-07,2012,4.5
2011-02-08,2012,4.5
2011-02-09,2012,4.5
2011-02-10,2012,4.5
2011-02-11,2012,4.5
2011-02-14,2012,4.5
2011-02-15,2012,4.5
2011-02-16,2012,4.5
2011-02-17,2012,4.5
2011-02-18,2012,4.5
2011-02-21,2012,4.5
2011-02-22,2012,4.5
2011-02-23,2012,4.5
2011-02-24,2012,4.5
2011-02-25,2012,4.5
2011-02-28,2012,4.5
2011-03-01,2012,4.5
2011-03-02,2012,4.5
2011-03-03,2012,4.5
2011-03-04,2012,4.5
2011-03-09,2012,4.5
2011-03-10,2012,4.5
2011-03-11,2012,4.5
2011-03-14,2012,4.5
2011-03-15,2012,4.5
2011-03-16,2012,4.5
2011-03-17,2012,4.5
2011-03-18,2012,4.5
2011-03-21,2012,4.5
2011-03-22,2012,4.5
2011-03-23,2012,4.5
2011-03-24,2012,4.5
2011-03-25,2012,4.5
2011-03-28,2012,4.5
2011-03-29,2012,4.5
2011-03-30,2012,4.5
2011-03-31,2012,4.5
2011-04-01,2012,4.5
2011-04-04,2012,4.5
2011-04-05,2012,4.5
2011-04-06,2012,4.5
2011-04-07,2012,4.5
2011-04-08,2012,4.5
2011-04-11,2012,4.5
2011-04-12,2012,4.5
2011-04-13,2012,4.5
2011-04-14,2012,4.5
2011-04-15,2012,4.5
2011-04-18,2012,4.5
2011-04-19,2012,4.5
2011-04-20,2012,4.5
2011-04-25,2012,4.5
2011-04-26,2012,4.5
2011-04-27,2012,4.5
2011-04-28,2012,4.5
2011-04-29,2012,4.5
2011-05-02,2012,4.5
2011-05-03,2012,4.5
2011-05-04,2012,4.5
2011-05-05,2012,4.5
2011-05-06,2012,4.5
2011-05-09,2012,4.5
2011-05-10,2012,4.5
2011-05-11,2012,4.5
2011-05-12,2012,4.5
2011-05-13,2012,4.5
2011-05-16,2012,4.5
2011-05-17,2012,4.5
2011-05-18,2012,4.5
2011-05-19,2012,4.5
2011-05-20,2012,4.5
2011-05-23,2012,4.5
2011-05-24,2012,4.5
2011-05-25,2012,4.5
2011-05-26,2012,4.5
2011-05-27,2012,4.5
2011-05-30,2012,4.5
2011-05-31,2012,4.5
2011-06-01,2012,4.5
2011-06-02,2012,4.5
2011-06-03,2012,4.5
2011-06-06,2012,4.5
2011-06-07,2012,4.5
2011-06-08,2012,4.5
2011-06-09,2012,4.5
2011-06-10,2012,4.5
2011-06-13,2012,4.5
2011-06-14,2012,4.5
2011-06-15,2012,4.5
2011-06-16,2012,4.5
2011-06-17,2012,4.5
2011-06-20,2012,4.5
2011-06-21,2012,4.5
2011-06-22,2012,4.5
2011-06-24,2012,4.5
2011-06-27,2012,4.5
2011-06-28,2012,4.5
2011-06-29,2012,4.5
2011-06-30,2012,4.5
2011-07-01,2012,4.5
2011-07-04,2012,4.5
2011-07-05,2012,4.5
2011-07-06,2012,4.5
2011-07-07,2012,4.5
2011-07-08,2012,4.5
2011-07-11,2012,4.5
2011-07-12,2012,4.5
2011-07-13,2012,4.5
2011-07-14,2012,4.5
2011-07-15,2012,4.5
2011-07-18,2012,4.5
2011-07-19,2012,4.5
2011-07-20,2012,4.5
2011-07-21,2012,4.5
2011-07-22,2012,4.5
2011-07-25,2012,4.5
2011-07-26,2012,4.5
2011-07-27,2012,4.55
2011-07-28,2012,4.55
2011-07-29,2012,4.58
2011-08-01,2012,4.53
2011-08-02,2012,4.53
2011-08-03,2012,4.5
2011-08-04,2012,4.5
2011-08-05,2012,4.5
2011-08-08,2012,4.53
2011-08-09,2012,4.55
2011-08-10,2012,4.55
2011-08-11,2012,4.5
2011-08-12,2012,4.5
2011-08-15,2012,4.5
2011-08-16,2012,4.5
2011-08-17,2012,4.5
2011-08-18,2012,4.5
2011-08-19,2012,4.5
2011-08-22,2012,4.5
2011-08-23,2012,4.5
2011-08-24,2012,4.5
2011-08-25,2012,4.5
2011-08-26,2012,4.5
2011-08-29,2012,4.5
2011-08-30,2012,4.5
2011-08-31,2012,4.5
2011-09-01,2012,4.5
2011-09-02,2012,4.5
2011-09-05,2012,4.5
2011-09-06,2012,4.5
2011-09-08,2012,4.5
2011-09-09,2012,4.5
2011-09-12,2012,4.55
2011-09-13,2012,4.55
2011-09-14,2012,4.5
2011-09-15,2012,4.5
2011-09-16,2012,4.55
2011-09-19,2012,4.55
2011-09-20,2012,4.56
2011-09-21,2012,4.56
2011-09-22,2012,4.57
2011-09-23,2012,4.57
2011-09-26,2012,4.57
2011-09-27,2012,4.57
2011-09-28,2012,4.57
2011-09-29,2012,4.57
2011-09-30,2012,4.57
2011-10-03,2012,4.56
2011-10-04,2012,4.55
2011-10-05,2012,4.55
2011-10-06,2012,4.55
2011-10-07,2012,4.55
2011-10-10,2012,4.57
2011-10-11,2012,4.56
2011-10-13,2012,4.56
2011-10-14,2012,4.55
2011-10-17,2012,4.56
2011-10-18,2012,4.55
2011-10-19,2012,4.56
2011-10-20,2012,4.56
2011-10-21,2012,4.55
2011-10-24,2012,4.53
2011-10-25,2012,4.53
2011-10-26,2012,4.53
2011-10-27,2012,4.56
2011-10-28,2012,4.55
2011-10-31,2012,4.55
2011-11-01,2012,4.56
2011-11-03,2012,4.55
2011-11-04,2012,4.55
2011-11-07,2012,4.53
2011-11-08,2012,4.55
2011-11-09,2012,4.55
2011-11-10,2012,4.5
2011-11-11,2012,4.5
2011-11-14,2012,4.55
2011-11-16,2012,4.53
2011-11-17,2012,4.5
2011-11-18,2012,4.5
2011-11-21,2012,4.53
2011-11-22,2012,4.5
2011-11-23,2012,4.5
2011-11-24,2012,4.5
2011-11-25,2012,4.5
2011-11-28,2012,4.53
2011-11-29,2012,4.5
2011-11-30,2012,4.5
2011-12-01,2012,4.5
2011-12-02,2012,4.5
2011-12-05,2012,4.5
2011-12-06,2012,4.5
2011-12-07,2012,4.5
2011-12-08,2012,4.5
2011-12-09,2012,4.5
2011-12-12,2012,4.5
2011-12-13,2012,4.5
2011-12-14,2012,4.5
2011-12-15,2012,4.5
2011-12-16,2012,4.5
2011-12-19,2012,4.5
2011-12-20,2012,4.5
2011-12-21,2012,4.5
2011-12-22,2012,4.5
2011-12-23,2012,4.5
2011-12-26,2012,4.5
2011-12-27,2012,4.5
2011-12-28,2012,4.5
2011-12-29,2012,4.5
2011-12-30,2012,4.5
2012-01-02,2012,4.5
2012-01-03,2012,4.5
2012-01-04,2012,4.5
2012-01-05,2012,4.5
2012-01-06,2012,4.5
2012-01-09,2012,4.4
2012-01-10,2012,4.2
2012-01-11,2012,4.2
2012-01-12,2012,4.2
2012-01-13,2012,4.2
2012-01-16,2012,4.2
2012-01-17,2012,4.19
2012-01-18,2012,4.05
2012-01-19,2012,4.0
2012-01-20,2012,4.0
2012-01-23,2012,4.0
2012-01-24,2012,4.0
2012-01-25,2012,4.0
2012-01-26,2012,4.0
2012-01-27,2012,4.0
2012-01-30,2012,4.0
2012-01-31,2012,4.0
2012-02-01,2012,4.0
2012-02-02,2012,4.0
2012-02-03,2012,4.0
2012-02-06,2012,4.0
2012-02-07,2012,4.0
2012-02-08,2012,4.0
2012-02-09,2012,4.0
2012-02-10,2012,4.0
2012-02-13,2012,4.0
2012-02-14,2012,4.0
2012-02-15,2012,4.0
2012-02-16,2012,4.0
2012-02-17,2012,4.0
2012-02-22,2012,4.0
2012-02-23,2012,4.0
2012-02-24,2012,4.0
2012-02-27,2012,4.0
2012-02-28,2012,4.0
2012-02-29,2012,4.0
2012-03-01,2012,4.0
2012-03-02,2012,4.0
2012-03-05,2012,4.0
2012-03-06,2012,4.0
2012-03-07,2012,4.0
2012-03-08,2012,4.0
2012-03-09,2012,4.0
2012-03-12,2012,4.0
2012-03-13,2012,4.0
2012-03-14,2012,4.0
2012-03-15,2012,4.0
2012-03-16,2012,4.0
2012-03-19,2012,4.0
2012-03-20,2012,4.0
2012-03-21,2012,4.0
2012-03-22,2012,4.0
2012-03-23,2012,4.0
2012-03-26,2012,4.0
2012-03-27,2012,4.0
2012-03-28,2012,3.95
2012-03-29,2012,3.9
2012-03-30,2012,3.95
2012-04-02,2012,3.95
2012-04-03,2012,3.95
2012-04-04,2012,3.95
2012-04-05,2012,3.95
2012-04-09,2012,3.85
2012-04-10,2012,3.85
2012-04-11,2012,3.8
2012-04-12,2012,3.8
2012-04-13,2012,3.8
2012-04-16,2012,3.8
2012-04-17,2012,3.78
2012-04-18,2012,3.8
2012-04-19,2012,3.82
2012-04-20,2012,3.8
2012-04-23,2012,3.75
2012-04-24,2012,3.75
2012-04-25,2012,3.75
2012-04-26,2012,3.8
2012-04-27,2012,3.8
2012-04-30,2012,3.8
2012-05-02,2012,3.8
2012-05-03,2012,3.7
2012-05-04,2012,3.7
2012-05-07,2012,3.7
2012-05-08,2012,3.7
2012-05-09,2012,3.75
2012-05-10,2012,3.75
2012-05-11,2012,3.7
2012-05-14,2012,3.75
2012-05-15,2012,3.7
2012-05-16,2012,3.7
2012-05-17,2012,3.7
2012-05-18,2012,3.75
2012-05-21,2012,3.65
2012-05-22,2012,3.65
2012-05-23,2012,3.65
2012-05-24,2012,3.7
2012-05-25,2012,3.75
2012-05-28,2012,3.8
2012-05-29,2012,3.75
2012-05-30,2012,3.75
2012-05-31,2012,3.6
2012-06-01,2012,3.6
2012-06-04,2012,3.6
2012-06-05,2012,3.6
2012-06-06,2012,3.6
2012-06-08,2012,3.6
2012-06-11,2012,3.6
2012-06-12,2012,3.6
2012-06-13,2012,3.6
2012-06-14,2012,3.6
2012-06-15,2012,3.6
2012-06-18,2012,3.6
2012-06-19,2012,3.6
2012-06-20,2012,3.55
2012-06-21,2012,3.5
2012-06-22,2012,3.5
2012-06-25,2012,3.5
2012-06-26,2012,3.5
2012-06-27,2012,3.5
2012-06-28,2012,3.5
2012-06-29,2012,3.5
2012-07-02,2012,3.5
2012-07-03,2012,3.5
2012-07-04,2012,3.5
2012-07-05,2012,3.5
2012-07-06,2012,3.5
2012-07-09,2012,3.5
2012-07-10,2012,3.5
2012-07-11,2012,3.5
2012-07-12,2012,3.5
2012-07-13,2012,3.6
2012-07-16,2012,3.5
2012-07-17,2012,3.5
2012-07-18,2012,3.5
2012-07-19,2012,3.5
2012-07-20,2012,3.5
2012-07-23,2012,3.5
2012-07-24,2012,3.5
2012-07-25,2012,3.5
2012-07-26,2012,3.5
2012-07-27,2012,3.5
2012-07-30,2012,3.5
2012-07-31,2012,3.5
2012-08-01,2012,3.5
2012-08-02,2012,3.5
2012-08-03,2012,3.5
2012-08-06,2012,3.5
2012-08-07,2012,3.5
2012-08-08,2012,3.5
2012-08-09,2012,3.5
2012-08-10,2012,3.5
2012-08-13,2012,3.5
2012-08-14,2012,3.5
2012-08-15,2012,3.5
2012-08-16,2012,3.5
2012-08-17,2012,3.5
2012-08-20,2012,3.5
2012-08-21,2012,3.5
2012-08-22,2012,3.5
2012-08-23,2012,3.5
2012-08-24,2012,3.5
2012-08-27,2012,3.5
2012-08-28,2012,3.5
2012-08-29,2012,3.5
2012-08-30,2012,3.5
2012-08-31,2012,3.5
2012-09-03,2012,3.5
2012-09-04,2012,3.5
2012-09-05,2012,3.5
2012-09-06,2012,3.5
2012-09-10,2012,3.5
2012-09-11,2012,3.5
2012-09-12,2012,3.5
2012-09-13,2012,3.5
2012-09-14,2012,3.5
2012-09-17,2012,3.5
2012-09-18,2012,3.5
2012-09-19,2012,3.5
2012-09-20,2012,3.5
2012-09-21,2012,3.4
2012-09-24,2012,3.4
2012-09-25,2012,3.4
2012-09-26,2012,3.4
2012-09-27,2012,3.4
2012-09-28,2012,3.45
2012-10-01,2012,3.5
2012-10-02,2012,3.5
2012-10-03,2012,3.5
2012-10-04,2012,3.5
2012-10-05,2012,3.5
2012-10-08,2012,3.5
2012-10-09,2012,3.5
2012-10-10,2012,3.5
2012-10-11,2012,3.45
2012-10-15,2012,3.5
2012-10-16,2012,3.5
2012-10-17,2012,3.5
2012-10-18,2012,3.5
2012-10-19,2012,3.5
2012-10-22,2012,3.5
2012-10-23,2012,3.5
2012-10-24,2012,3.5
2012-10-25,2012,3.5
2012-10-26,2012,3.5
2012-10-29,2012,3.45
2012-10-30,2012,3.5
2012-10-31,2012,3.5
2012-11-01,2012,3.5
2012-11-05,2012,3.5
2012-11-06,2012,3.5
2012-11-07,2012,3.5
2012-11-08,2012,3.5
2012-11-09,2012,3.5
2012-11-12,2012,3.5
2012-11-13,2012,3.5
2012-11-14,2012,3.5
2012-11-16,2012,3.5
2012-11-19,2012,3.5
2012-11-20,2012,3.5
2012-11-21,2012,3.5
2012-11-22,2012,3.5
2012-11-23,2012,3.5
2012-11-26,2012,3.5
2012-11-27,2012,3.5
2012-11-28,2012,3.5
2012-11-29,2012,3.5
2012-11-30,2012,3.5
2012-12-03,2012,3.5
2012-12-04,2012,3.5
2012-12-05,2012,3.5
2012-12-06,2012,3.5
2012-12-07,2012,3.5
2012-12-10,2012,3.5
2012-12-11,2012,3.5
2012-12-12,2012,3.5
2012-12-13,2012,3.5
2012-12-14,2012,3.5
2012-12-17,2012,3.5
2012-12-18,2012,3.5
2012-12-19,2012,3.5
2012-12-20,2012,3.5
2012-12-21,2012,3.5
2012-12-24,2012,3.5
2012-12-26,2012,3.5
2012-12-27,2012,3.5
2012-12-28,2012,3.5
2012-12-31,2012,3.5
2013-01-02,2012,3.5
2013-01-03,2012,3.5
2013-01-04,2012,3.5
2013-01-07,2012,3.6
2013-01-08,2012,3.55
2013-01-09,2012,3.55
2009-01-12,2013,4.0
2009-01-13,2013,4.0
2009-01-14,2013,4.0
2009-01-15,2013,4.0
2009-01-16,2013,4.0
2009-01-19,2013,4.0
2009-01-20,2013,4.0
2009-01-21,2013,4.0
2009-01-22,2013,4.0
2009-01-23,2013,4.0
2009-01-26,2013,4.0
2009-01-27,2013,4.0
2009-01-28,2013,4.0
2009-01-29,2013,4.25
2009-01-30,2013,4.5
2009-02-02,2013,4.5
2009-02-03,2013,4.5
2009-02-04,2013,4.5
2009-02-05,2013,4.5
2009-02-06,2013,4.5
2009-02-09,2013,4.5
2009-02-10,2013,4.5
2009-02-11,2013,4.5
2009-02-12,2013,4.5
2009-02-13,2013,4.5
2009-02-16,2013,4.5
2009-02-17,2013,4.5
2009-02-18,2013,4.5
2009-02-19,2013,4.5
2009-02-20,2013,4.5
2009-02-25,2013,4.5
2009-02-26,2013,4.5
2009-02-27,2013,4.5
2009-03-02,2013,4.5
2009-03-03,2013,4.5
2009-03-04,2013,4.5
2009-03-05,2013,4.5
2009-03-06,2013,4.5
2009-03-09,2013,4.5
2009-03-10,2013,4.5
2009-03-11,2013,4.5
2009-03-12,2013,4.5
2009-03-13,2013,4.5
2009-03-16,2013,4.5
2009-03-17,2013,4.5
2009-03-18,2013,4.5
2009-03-19,2013,4.5
2009-03-20,2013,4.5
2009-03-23,2013,4.5
2009-03-24,2013,4.5
2009-03-25,2013,4.5
2009-03-26,2013,4.5
2009-03-27,2013,4.5
2009-03-30,2013,4.5
2009-03-31,2013,4.5
2009-04-01,2013,4.5
2009-04-02,2013,4.5
2009-04-03,2013,4.5
2009-04-06,2013,4.5
2009-04-07,2013,4.5
2009-04-08,2013,4.5
2009-04-09,2013,4.5
2009-04-13,2013,4.5
2009-04-14,2013,4.5
2009-04-15,2013,4.5
2009-04-16,2013,4.5
2009-04-17,2013,4.5
2009-04-20,2013,4.5
2009-04-22,2013,4.5
2009-04-23,2013,4.5
2009-04-24,2013,4.5
2009-04-27,2013,4.5
2009-04-28,2013,4.5
2009-04-29,2013,4.5
2009-04-30,2013,4.5
2009-05-04,2013,4.5
2009-05-05,2013,4.5
2009-05-06,2013,4.5
2009-05-07,2013,4.5
2009-05-08,2013,4.5
2009-05-11,2013,4.5
2009-05-12,2013,4.5
2009-05-13,2013,4.5
2009-05-14,2013,4.5
2009-05-15,2013,4.5
2009-05-18,2013,4.5
2009-05-19,2013,4.5
2009-05-20,2013,4.5
2009-05-21,2013,4.5
2009-05-22,2013,4.5
2009-05-25,2013,4.5
2009-05-26,2013,4.5
2009-05-27,2013,4.5
2009-05-28,2013,4.5
2009-05-29,2013,4.5
2009-06-01,2013,4.5
2009-06-02,2013,4.5
2009-06-03,2013,4.5
2009-06-04,2013,4.5
2009-06-05,2013,4.5
2009-06-08,2013,4.5
2009-06-09,2013,4.5
2009-06-10,2013,4.5
2009-06-12,2013,4.5
2009-06-15,2013,4.5
2009-06-16,2013,4.5
2009-06-17,2013,4.5
2009-06-18,2013,4.5
2009-06-19,2013,4.5
2009-06-22,2013,4.5
2009-06-23,2013,4.5
2009-06-24,2013,4.5
2009-06-25,2013,4.5
2009-06-26,2013,4.5
2009-06-29,2013,4.5
2009-06-30,2013,4.5
2009-07-01,2013,4.5
2009-07-02,2013,4.5
2009-07-03,2013,4.5
2009-07-06,2013,4.5
2009-07-07,2013,4.5
2009-07-08,2013,4.5
2009-07-09,2013,4.5
2009-07-10,2013,4.5
2009-07-13,2013,4.5
2009-07-14,2013,4.5
2009-07-15,2013,4.5
2009-07-16,2013,4.5
2009-07-17,2013,4.5
2009-07-20,2013,4.5
2009-07-21,2013,4.5
2009-07-22,2013,4.5
2009-07-23,2013,4.5
2009-07-24,2013,4.5
2009-07-27,2013,4.5
2009-07-28,2013,4.5
2009-07-29,2013,4.5
2009-07-30,2013,4.5
2009-07-31,2013,4.5
2009-08-03,2013,4.5
2009-08-04,2013,4.5
2009-08-05,2013,4.5
2009-08-06,2013,4.5
2009-08-07,2013,4.5
2009-08-10,2013,4.5
2009-08-11,2013,4.5
2009-08-12,2013,4.5
2009-08-13,2013,4.5
2009-08-14,2013,4.5
2009-08-17,2013,4.5
2009-08-18,2013,4.5
2009-08-19,2013,4.5
2009-08-20,2013,4.5
2009-08-21,2013,4.5
2009-08-24,2013,4.5
2009-08-25,2013,4.5
2009-08-26,2013,4.5
2009-08-27,2013,4.5
2009-08-28,2013,4.5
2009-08-31,2013,4.5
2009-09-01,2013,4.5
2009-09-02,2013,4.5
2009-09-03,2013,4.5
2009-09-04,2013,4.5
2009-09-08,2013,4.5
2009-09-09,2013,4.5
2009-09-10,2013,4.5
2009-09-11,2013,4.5
2009-09-14,2013,4.5
2009-09-15,2013,4.5
2009-09-16,2013,4.5
2009-09-17,2013,4.5
2009-09-18,2013,4.5
2009-09-21,2013,4.5
2009-09-22,2013,4.5
2009-09-23,2013,4.5
2009-09-24,2013,4.5
2009-09-25,2013,4.5
2009-09-28,2013,4.5
2009-09-29,2013,4.5
2009-09-30,2013,4.5
2009-10-01,2013,4.5
2009-10-02,2013,4.5
2009-10-05,2013,4.5
2009-10-06,2013,4.5
2009-10-07,2013,4.5
2009-10-08,2013,4.45
2009-10-09,2013,4.45
2009-10-13,2013,4.35
2009-10-14,2013,4.4
2009-10-15,2013,4.45
2009-10-16,2013,4.45
2009-10-19,2013,4.4
2009-10-20,2013,4.4
2009-10-21,2013,4.4
2009-10-22,2013,4.45
2009-10-23,2013,4.4
2009-10-26,2013,4.45
2009-10-27,2013,4.45
2009-10-28,2013,4.45
2009-10-29,2013,4.45
2009-10-30,2013,4.45
2009-11-03,2013,4.4
2009-11-04,2013,4.4
2009-11-05,2013,4.4
2009-11-06,2013,4.4
2009-11-09,2013,4.5
2009-11-10,2013,4.45
2009-11-11,2013,4.45
2009-11-12,2013,4.45
2009-11-13,2013,4.4
2009-11-16,2013,4.2
2009-11-17,2013,4.3
2009-11-18,2013,4.5
2009-11-19,2013,4.5
2009-11-20,2013,4.5
2009-11-23,2013,4.5
2009-11-24,2013,4.5
2009-11-25,2013,4.5
2009-11-26,2013,4.5
2009-11-27,2013,4.5
2009-11-30,2013,4.5
2009-12-01,2013,4.5
2009-12-02,2013,4.5
2009-12-03,2013,4.5
2009-12-04,2013,4.5
2009-12-07,2013,4.5
2009-12-08,2013,4.5
2009-12-09,2013,4.5
2009-12-10,2013,4.5
2009-12-11,2013,4.5
2009-12-14,2013,4.5
2009-12-15,2013,4.5
2009-12-16,2013,4.5
2009-12-17,2013,4.5
2009-12-18,2013,4.5
2009-12-21,2013,4.5
2009-12-22,2013,4.5
2009-12-23,2013,4.5
2009-12-24,2013,4.5
2009-12-28,2013,4.5
2009-12-29,2013,4.5
2009-12-30,2013,4.5
2009-12-31,2013,4.5
2010-01-04,2013,4.5
2010-01-05,2013,4.5
2010-01-06,2013,4.5
2010-01-07,2013,4.5
2010-01-08,2013,4.5
2010-01-11,2013,4.5
2010-01-12,2013,4.5
2010-01-13,2013,4.5
2010-01-14,2013,4.5
2010-01-15,2013,4.5
2010-01-18,2013,4.5
2010-01-19,2013,4.5
2010-01-20,2013,4.5
2010-01-21,2013,4.5
2010-01-22,2013,4.5
2010-01-25,2013,4.5
2010-01-26,2013,4.5
2010-01-27,2013,4.5
2010-01-28,2013,4.5
2010-01-29,2013,4.45
2010-02-01,2013,4.5
2010-02-02,2013,4.5
2010-02-03,2013,4.5
2010-02-04,2013,4.5
2010-02-05,2013,4.5
2010-02-08,2013,4.5
2010-02-09,2013,4.5
2010-02-10,2013,4.5
2010-02-11,2013,4.5
2010-02-12,2013,4.5
2010-02-17,2013,4.5
2010-02-18,2013,4.5
2010-02-19,2013,4.5
2010-02-22,2013,4.5
2010-02-23,2013,4.5
2010-02-24,2013,4.5
2010-02-25,2013,4.5
2010-02-26,2013,4.5
2010-03-01,2013,4.5
2010-03-02,2013,4.5
2010-03-03,2013,4.5
2010-03-04,2013,4.5
2010-03-05,2013,4.5
2010-03-08,2013,4.5
2010-03-09,2013,4.5
2010-03-10,2013,4.5
2010-03-11,2013,4.5
2010-03-12,2013,4.5
2010-03-15,2013,4.5
2010-03-16,2013,4.5
2010-03-17,2013,4.5
2010-03-18,2013,4.5
2010-03-19,2013,4.5
2010-03-22,2013,4.5
2010-03-23,2013,4.5
2010-03-24,2013,4.5
2010-03-25,2013,4.5
2010-03-26,2013,4.5
2010-03-29,2013,4.5
2010-03-30,2013,4.5
2010-03-31,2013,4.5
2010-04-01,2013,4.5
2010-04-05,2013,4.5
2010-04-06,2013,4.5
2010-04-07,2013,4.5
2010-04-08,2013,4.5
2010-04-09,2013,4.5
2010-04-12,2013,4.5
2010-04-13,2013,4.5
2010-04-14,2013,4.5
2010-04-15,2013,4.5
2010-04-16,2013,4.5
2010-04-19,2013,4.5
2010-04-20,2013,4.5
2010-04-22,2013,4.5
2010-04-23,2013,4.5
2010-04-26,2013,4.5
2010-04-27,2013,4.5
2010-04-28,2013,4.5
2010-04-29,2013,4.5
2010-04-30,2013,4.5
2010-05-03,2013,4.5
2010-05-04,2013,4.5
2010-05-05,2013,4.5
2010-05-06,2013,4.5
2010-05-07,2013,4.5
2010-05-10,2013,4.5
2010-05-11,2013,4.5
2010-05-12,2013,4.5
2010-05-13,2013,4.5
2010-05-14,2013,4.5
2010-05-17,2013,4.5
2010-05-18,2013,4.5
2010-05-19,2013,4.5
2010-05-20,2013,4.5
2010-05-21,2013,4.5
2010-05-24,2013,4.5
2010-05-25,2013,4.5
2010-05-26,2013,4.5
2010-05-27,2013,4.5
2010-05-28,2013,4.5
2010-05-31,2013,4.5
2010-06-01,2013,4.5
2010-06-02,2013,4.5
2010-06-04,2013,4.5
2010-06-07,2013,4.5
2010-06-08,2013,4.5
2010-06-09,2013,4.5
2010-06-10,2013,4.5
2010-06-11,2013,4.5
2010-06-14,2013,4.5
2010-06-15,2013,4.5
2010-06-16,2013,4.5
2010-06-17,2013,4.5
2010-06-18,2013,4.5
2010-06-21,2013,4.5
2010-06-22,2013,4.5
2010-06-23,2013,4.5
2010-06-24,2013,4.5
2010-06-25,2013,4.5
2010-06-28,2013,4.5
2010-06-29,2013,4.5
2010-06-30,2013,4.5
2010-07-01,2013,4.5
2010-07-02,2013,4.5
2010-07-05,2013,4.5
2010-07-06,2013,4.5
2010-07-07,2013,4.5
2010-07-08,2013,4.5
2010-07-09,2013,4.5
2010-07-12,2013,4.5
2010-07-13,2013,4.5
2010-07-14,2013,4.5
2010-07-15,2013,4.5
2010-07-16,2013,4.5
2010-07-19,2013,4.5
2010-07-20,2013,4.5
2010-07-21,2013,4.5
2010-07-22,2013,4.5
2010-07-23,2013,4.5
2010-07-26,2013,4.5
2010-07-27,2013,4.5
2010-07-28,2013,4.5
2010-07-29,2013,4.5
2010-07-30,2013,4.5
2010-08-02,2013,4.5
2010-08-03,2013,4.5
2010-08-04,2013,4.5
2010-08-05,2013,4.5
2010-08-06,2013,4.5
2010-08-09,2013,4.5
2010-08-10,2013,4.5
2010-08-11,2013,4.5
2010-08-12,2013,4.5
2010-08-13,2013,4.5
2010-08-16,2013,4.5
2010-08-17,2013,4.5
2010-08-18,2013,4.5
2010-08-19,2013,4.5
2010-08-20,2013,4.5
2010-08-23,2013,4.5
2010-08-24,2013,4.5
2010-08-25,2013,4.5
2010-08-26,2013,4.5
2010-08-27,2013,4.5
2010-08-30,2013,4.5
2010-08-31,2013,4.5
2010-09-01,2013,4.5
2010-09-02,2013,4.5
2010-09-03,2013,4.5
2010-09-06,2013,4.5
2010-09-08,2013,4.5
2010-09-09,2013,4.5
2010-09-10,2013,4.5
2010-09-13,2013,4.5
2010-09-14,2013,4.5
2010-09-15,2013,4.5
2010-09-16,2013,4.5
2010-09-17,2013,4.5
2010-09-20,2013,4.5
2010-09-21,2013,4.5
2010-09-22,2013,4.5
2010-09-23,2013,4.5
2010-09-24,2013,4.5
2010-09-27,2013,4.5
2010-09-28,2013,4.5
2010-09-29,2013,4.5
2010-09-30,2013,4.5
2010-10-01,2013,4.5
2010-10-04,2013,4.5
2010-10-05,2013,4.5
2010-10-06,2013,4.5
2010-10-07,2013,4.5
2010-10-08,2013,4.5
2010-10-11,2013,4.5
2010-10-13,2013,4.5
2010-10-14,2013,4.5
2010-10-15,2013,4.5
2010-10-18,2013,4.5
2010-10-19,2013,4.5
2010-10-20,2013,4.5
2010-10-21,2013,4.5
2010-10-22,2013,4.5
2010-10-25,2013,4.5
2010-10-26,2013,4.5
2010-10-27,2013,4.5
2010-10-28,2013,4.5
2010-10-29,2013,4.5
2010-11-01,2013,4.5
2010-11-03,2013,4.5
2010-11-04,2013,4.5
2010-11-05,2013,4.5
2010-11-08,2013,4.5
2010-11-09,2013,4.5
2010-11-10,2013,4.5
2010-11-11,2013,4.5
2010-11-12,2013,4.5
2010-11-16,2013,4.5
2010-11-17,2013,4.5
2010-11-18,2013,4.5
2010-11-19,2013,4.5
2010-11-22,2013,4.5
2010-11-23,2013,4.5
2010-11-24,2013,4.5
2010-11-25,2013,4.5
2010-11-26,2013,4.5
2010-11-29,2013,4.5
2010-11-30,2013,4.5
2010-12-01,2013,4.5
2010-12-02,2013,4.5
2010-12-03,2013,4.5
2010-12-06,2013,4.5
2010-12-07,2013,4.5
2010-12-08,2013,4.5
2010-12-09,2013,4.5
2010-12-10,2013,4.5
2010-12-13,2013,4.5
2010-12-14,2013,4.5
2010-12-15,2013,4.5
2010-12-16,2013,4.5
2010-12-17,2013,4.5
2010-12-20,2013,4.5
2010-12-21,2013,4.5
2010-12-22,2013,4.5
2010-12-23,2013,4.5
2010-12-24,2013,4.5
2010-12-27,2013,4.5
2010-12-28,2013,4.5
2010-12-29,2013,4.5
2010-12-30,2013,4.5
2010-12-31,2013,4.5
2011-01-03,2013,4.5
2011-01-04,2013,4.5
2011-01-05,2013,4.5
2011-01-06,2013,4.5
2011-01-07,2013,4.5
2011-01-10,2013,4.5
2011-01-11,2013,4.5
2011-01-12,2013,4.5
2011-01-13,2013,4.5
2011-01-14,2013,4.5
2011-01-17,2013,4.5
2011-01-18,2013,4.5
2011-01-19,2013,4.5
2011-01-20,2013,4.5
2011-01-21,2013,4.5
2011-01-24,2013,4.5
2011-01-25,2013,4.5
2011-01-26,2013,4.5
2011-01-27,2013,4.5
2011-01-28,2013,4.5
2011-01-31,2013,4.5
2011-02-01,2013,4.5
2011-02-02,2013,4.5
2011-02-03,2013,4.5
2011-02-04,2013,4.5
2011-02-07,2013,4.5
2011-02-08,2013,4.5
2011-02-09,2013,4.5
2011-02-10,2013,4.5
2011-02-11,2013,4.5
2011-02-14,2013,4.5
2011-02-15,2013,4.5
2011-02-16,2013,4.5
2011-02-17,2013,4.5
2011-02-18,2013,4.5
2011-02-21,2013,4.5
2011-02-22,2013,4.5
2011-02-23,2013,4.5
2011-02-24,2013,4.5
2011-02-25,2013,4.5
2011-02-28,2013,4.5
2011-03-01,2013,4.5
2011-03-02,2013,4.5
2011-03-03,2013,4.5
2011-03-04,2013,4.5
2011-03-09,2013,4.5
2011-03-10,2013,4.5
2011-03-11,2013,4.5
2011-03-14,2013,4.5
2011-03-15,2013,4.5
2011-03-16,2013,4.5
2011-03-17,2013,4.5
2011-03-18,2013,4.5
2011-03-21,2013,4.5
2011-03-22,2013,4.5
2011-03-23,2013,4.5
2011-03-24,2013,4.5
2011-03-25,2013,4.5
2011-03-28,2013,4.5
2011-03-29,2013,4.5
2011-03-30,2013,4.5
2011-03-31,2013,4.5
2011-04-01,2013,4.5
2011-04-04,2013,4.5
2011-04-05,2013,4.5
2011-04-06,2013,4.5
2011-04-07,2013,4.5
2011-04-08,2013,4.5
2011-04-11,2013,4.5
2011-04-12,2013,4.5
2011-04-13,2013,4.5
2011-04-14,2013,4.5
2011-04-15,2013,4.5
2011-04-18,2013,4.5
2011-04-19,2013,4.5
2011-04-20,2013,4.5
2011-04-25,2013,4.5
2011-04-26,2013,4.5
2011-04-27,2013,4.5
2011-04-28,2013,4.5
2011-04-29,2013,4.5
2011-05-02,2013,4.5
2011-05-03,2013,4.5
2011-05-04,2013,4.5
2011-05-05,2013,4.5
2011-05-06,2013,4.5
2011-05-09,2013,4.5
2011-05-10,2013,4.5
2011-05-11,2013,4.5
2011-05-12,2013,4.5
2011-05-13,2013,4.5
2011-05-16,2013,4.5
2011-05-17,2013,4.5
2011-05-18,2013,4.5
2011-05-19,2013,4.5
2011-05-20,2013,4.5
2011-05-23,2013,4.5
2011-05-24,2013,4.5
2011-05-25,2013,4.5
2011-05-26,2013,4.5
2011-05-27,2013,4.5
2011-05-30,2013,4.5
2011-05-31,2013,4.5
2011-06-01,2013,4.5
2011-06-02,2013,4.5
2011-06-03,2013,4.5
2011-06-06,2013,4.5
2011-06-07,2013,4.5
2011-06-08,2013,4.5
2011-06-09,2013,4.5
2011-06-10,2013,4.5
2011-06-13,2013,4.5
2011-06-14,2013,4.5
2011-06-15,2013,4.5
2011-06-16,2013,4.5
2011-06-17,2013,4.5
2011-06-20,2013,4.5
2011-06-21,2013,4.5
2011-06-22,2013,4.5
2011-06-24,2013,4.5
2011-06-27,2013,4.5
2011-06-28,2013,4.5
2011-06-29,2013,4.5
2011-06-30,2013,4.5
2011-07-01,2013,4.5
2011-07-04,2013,4.5
2011-07-05,2013,4.5
2011-07-06,2013,4.5
2011-07-07,2013,4.5
2011-07-08,2013,4.5
2011-07-11,2013,4.5
2011-07-12,2013,4.5
2011-07-13,2013,4.5
2011-07-14,2013,4.5
2011-07-15,2013,4.5
2011-07-18,2013,4.5
2011-07-19,2013,4.5
2011-07-20,2013,4.5
2011-07-21,2013,4.5
2011-07-22,2013,4.5
2011-07-25,2013,4.5
2011-07-26,2013,4.5
2011-07-27,2013,4.5
2011-07-28,2013,4.5
2011-07-29,2013,4.5
2011-08-01,2013,4.5
2011-08-02,2013,4.5
2011-08-03,2013,4.5
2011-08-04,2013,4.5
2011-08-05,2013,4.5
2011-08-08,2013,4.5
2011-08-09,2013,4.5
2011-08-10,2013,4.5
2011-08-11,2013,4.5
2011-08-12,2013,4.5
2011-08-15,2013,4.5
2011-08-16,2013,4.5
2011-08-17,2013,4.5
2011-08-18,2013,4.5
2011-08-19,2013,4.5
2011-08-22,2013,4.5
2011-08-23,2013,4.5
2011-08-24,2013,4.5
2011-08-25,2013,4.5
2011-08-26,2013,4.5
2011-08-29,2013,4.5
2011-08-30,2013,4.5
2011-08-31,2013,4.5
2011-09-01,2013,4.5
2011-09-02,2013,4.5
2011-09-05,2013,4.5
2011-09-06,2013,4.5
2011-09-08,2013,4.5
2011-09-09,2013,4.5
2011-09-12,2013,4.5
2011-09-13,2013,4.5
2011-09-14,2013,4.5
2011-09-15,2013,4.5
2011-09-16,2013,4.5
2011-09-19,2013,4.5
2011-09-20,2013,4.5
2011-09-21,2013,4.5
2011-09-22,2013,4.5
2011-09-23,2013,4.5
2011-09-26,2013,4.5
2011-09-27,2013,4.5
2011-09-28,2013,4.5
2011-09-29,2013,4.5
2011-09-30,2013,4.5
2011-10-03,2013,4.5
2011-10-04,2013,4.5
2011-10-05,2013,4.5
2011-10-06,2013,4.5
2011-10-07,2013,4.5
2011-10-10,2013,4.5
2011-10-11,2013,4.5
2011-10-13,2013,4.5
2011-10-14,2013,4.5
2011-10-17,2013,4.5
2011-10-18,2013,4.5
2011-10-19,2013,4.5
2011-10-20,2013,4.5
2011-10-21,2013,4.5
2011-10-24,2013,4.5
2011-10-25,2013,4.5
2011-10-26,2013,4.5
2011-10-27,2013,4.5
2011-10-28,2013,4.5
2011-10-31,2013,4.5
2011-11-01,2013,4.5
2011-11-03,2013,4.5
2011-11-04,2013,4.5
2011-11-07,2013,4.5
2011-11-08,2013,4.5
2011-11-09,2013,4.5
2011-11-10,2013,4.5
2011-11-11,2013,4.5
2011-11-14,2013,4.5
2011-11-16,2013,4.5
2011-11-17,2013,4.5
2011-11-18,2013,4.5
2011-11-21,2013,4.5
2011-11-22,2013,4.5
2011-11-23,2013,4.5
2011-11-24,2013,4.5
2011-11-25,2013,4.5
2011-11-28,2013,4.5
2011-11-29,2013,4.5
2011-11-30,2013,4.5
2011-12-01,2013,4.5
2011-12-02,2013,4.5
2011-12-05,2013,4.5
2011-12-06,2013,4.5
2011-12-07,2013,4.5
2011-12-08,2013,4.5
2011-12-09,2013,4.5
2011-12-12,2013,4.5
2011-12-13,2013,4.5
2011-12-14,2013,4.5
2011-12-15,2013,4.5
2011-12-16,2013,4.5
2011-12-19,2013,4.5
2011-12-20,2013,4.5
2011-12-21,2013,4.5
2011-12-22,2013,4.5
2011-12-23,2013,4.5
2011-12-26,2013,4.5
2011-12-27,2013,4.5
2011-12-28,2013,4.5
2011-12-29,2013,4.5
2011-12-30,2013,4.5
2012-01-02,2013,4.5
2012-01-03,2013,4.5
2012-01-04,2013,4.5
2012-01-05,2013,4.5
2012-01-06,2013,4.5
2012-01-09,2013,4.5
2012-01-10,2013,4.5
2012-01-11,2013,4.5
2012-01-12,2013,4.5
2012-01-13,2013,4.5
2012-01-16,2013,4.5
2012-01-17,2013,4.5
2012-01-18,2013,4.5
2012-01-19,2013,4.5
2012-01-20,2013,4.5
2012-01-23,2013,4.5
2012-01-24,2013,4.5
2012-01-25,2013,4.5
2012-01-26,2013,4.5
2012-01-27,2013,4.5
2012-01-30,2013,4.5
2012-01-31,2013,4.5
2012-02-01,2013,4.5
2012-02-02,2013,4.5
2012-02-03,2013,4.5
2012-02-06,2013,4.5
2012-02-07,2013,4.5
2012-02-08,2013,4.5
2012-02-09,2013,4.5
2012-02-10,2013,4.5
2012-02-13,2013,4.5
2012-02-14,2013,4.5
2012-02-15,2013,4.5
2012-02-16,2013,4.5
2012-02-17,2013,4.5
2012-02-22,2013,4.5
2012-02-23,2013,4.5
2012-02-24,2013,4.5
2012-02-27,2013,4.5
2012-02-28,2013,4.5
2012-02-29,2013,4.5
2012-03-01,2013,4.5
2012-03-02,2013,4.5
2012-03-05,2013,4.5
2012-03-06,2013,4.5
2012-03-07,2013,4.5
2012-03-08,2013,4.5
2012-03-09,2013,4.5
2012-03-12,2013,4.5
2012-03-13,2013,4.5
2012-03-14,2013,4.5
2012-03-15,2013,4.5
2012-03-16,2013,4.5
2012-03-19,2013,4.5
2012-03-20,2013,4.5
2012-03-21,2013,4.5
2012-03-22,2013,4.5
2012-03-23,2013,4.5
2012-03-26,2013,4.5
2012-03-27,2013,4.5
2012-03-28,2013,4.5
2012-03-29,2013,4.5
2012-03-30,2013,4.5
2012-04-02,2013,4.5
2012-04-03,2013,4.5
2012-04-04,2013,4.5
2012-04-05,2013,4.5
2012-04-09,2013,4.5
2012-04-10,2013,4.5
2012-04-11,2013,4.5
2012-04-12,2013,4.5
2012-04-13,2013,4.5
2012-04-16,2013,4.5
2012-04-17,2013,4.5
2012-04-18,2013,4.5
2012-04-19,2013,4.5
2012-04-20,2013,4.5
2012-04-23,2013,4.5
2012-04-24,2013,4.5
2012-04-25,2013,4.5
2012-04-26,2013,4.5
2012-04-27,2013,4.5
2012-04-30,2013,4.5
2012-05-02,2013,4.5
2012-05-03,2013,4.5
2012-05-04,2013,4.5
2012-05-07,2013,4.5
2012-05-08,2013,4.5
2012-05-09,2013,4.5
2012-05-10,2013,4.5
2012-05-11,2013,4.5
2012-05-14,2013,4.5
2012-05-15,2013,4.5
2012-05-16,2013,4.5
2012-05-17,2013,4.5
2012-05-18,2013,4.5
2012-05-21,2013,4.5
2012-05-22,2013,4.5
2012-05-23,2013,4.5
2012-05-24,2013,4.5
2012-05-25,2013,4.5
2012-05-28,2013,4.5
2012-05-29,2013,4.5
2012-05-30,2013,4.5
2012-05-31,2013,4.5
2012-06-01,2013,4.5
2012-06-04,2013,4.5
2012-06-05,2013,4.5
2012-06-06,2013,4.5
2012-06-08,2013,4.5
2012-06-11,2013,4.5
2012-06-12,2013,4.5
2012-06-13,2013,4.5
2012-06-14,2013,4.5
2012-06-15,2013,4.5
2012-06-18,2013,4.5
2012-06-19,2013,4.5
2012-06-20,2013,4.5
2012-06-21,2013,4.5
2012-06-22,2013,4.5
2012-06-25,2013,4.5
2012-06-26,2013,4.5
2012-06-27,2013,4.5
2012-06-28,2013,4.5
2012-06-29,2013,4.5
2012-07-02,2013,4.45
2012-07-03,2013,4.45
2012-07-04,2013,4.4
2012-07-05,2013,4.45
2012-07-06,2013,4.5
2012-07-09,2013,4.4
2012-07-10,2013,4.4
2012-07-11,2013,4.4
2012-07-12,2013,4.45
2012-07-13,2013,4.5
2012-07-16,2013,4.4
2012-07-17,2013,4.45
2012-07-18,2013,4.35
2012-07-19,2013,4.35
2012-07-20,2013,4.45
2012-07-23,2013,4.45
2012-07-24,2013,4.45
2012-07-25,2013,4.45
2012-07-26,2013,4.45
2012-07-27,2013,4.45
2012-07-30,2013,4.48
2012-07-31,2013,4.48
2012-08-01,2013,4.48
2012-08-02,2013,4.5
2012-08-03,2013,4.5
2012-08-06,2013,4.48
2012-08-07,2013,4.45
2012-08-08,2013,4.45
2012-08-09,2013,4.38
2012-08-10,2013,4.38
2012-08-13,2013,4.38
2012-08-14,2013,4.38
2012-08-15,2013,4.38
2012-08-16,2013,4.45
2012-08-17,2013,4.38
2012-08-20,2013,4.3
2012-08-21,2013,4.3
2012-08-22,2013,4.3
2012-08-23,2013,4.3
2012-08-24,2013,4.3
2012-08-27,2013,4.25
2012-08-28,2013,4.25
2012-08-29,2013,4.3
2012-08-30,2013,4.3
2012-08-31,2013,4.3
2012-09-03,2013,4.3
2012-09-04,2013,4.3
2012-09-05,2013,4.3
2012-09-06,2013,4.3
2012-09-10,2013,4.3
2012-09-11,2013,4.3
2012-09-12,2013,4.3
2012-09-13,2013,4.2
2012-09-14,2013,4.2
2012-09-17,2013,4.2
2012-09-18,2013,4.15
2012-09-19,2013,4.1
2012-09-20,2013,4.1
2012-09-21,2013,4.0
2012-09-24,2013,4.0
2012-09-25,2013,4.1
2012-09-26,2013,4.1
2012-09-27,2013,4.0
2012-09-28,2013,4.0
2012-10-01,2013,4.0
2012-10-02,2013,4.0
2012-10-03,2013,4.0
2012-10-04,2013,4.0
2012-10-05,2013,4.0
2012-10-08,2013,3.78
2012-10-09,2013,3.78
2012-10-10,2013,3.75
2012-10-11,2013,3.5
2012-10-15,2013,3.5
2012-10-16,2013,3.5
2012-10-17,2013,3.5
2012-10-18,2013,3.5
2012-10-19,2013,3.25
2012-10-22,2013,3.0
2012-10-23,2013,3.0
2012-10-24,2013,3.0
2012-10-25,2013,3.0
2012-10-26,2013,3.0
2012-10-29,2013,3.0
2012-10-30,2013,3.0
2012-10-31,2013,3.0
2012-11-01,2013,3.0
2012-11-05,2013,3.0
2012-11-06,2013,3.0
2012-11-07,2013,3.15
2012-11-08,2013,3.3
2012-11-09,2013,3.4
2012-11-12,2013,3.4
2012-11-13,2013,3.4
2012-11-14,2013,3.4
2012-11-16,2013,3.3
2012-11-19,2013,3.5
2012-11-20,2013,3.5
2012-11-21,2013,3.25
2012-11-22,2013,3.25
2012-11-23,2013,3.3
2012-11-26,2013,3.5
2012-11-27,2013,3.5
2012-11-28,2013,3.5
2012-11-29,2013,3.5
2012-11-30,2013,3.4
2012-12-03,2013,3.5
2012-12-04,2013,3.5
2012-12-05,2013,3.5
2012-12-06,2013,3.5
2012-12-07,2013,3.5
2012-12-10,2013,3.5
2012-12-11,2013,3.5
2012-12-12,2013,3.5
2012-12-13,2013,3.5
2012-12-14,2013,3.5
2012-12-17,2013,3.5
2012-12-18,2013,3.5
2012-12-19,2013,3.5
2012-12-20,2013,3.5
2012-12-21,2013,3.5
2012-12-24,2013,3.5
2012-12-26,2013,3.5
2012-12-27,2013,3.45
2012-12-28,2013,3.35
2012-12-31,2013,3.45
2013-01-02,2013,3.45
2013-01-03,2013,3.3
2013-01-04,2013,3.3
2013-01-07,2013,3.5
2013-01-08,2013,3.37
2013-01-09,2013,3.37
2013-01-10,2013,3.34
2013-01-11,2013,3.34
2013-01-14,2013,3.2
2013-01-15,2013,3.2
2013-01-16,2013,3.2
2013-01-17,2013,3.2
2013-01-18,2013,3.2
2013-01-21,2013,3.27
2013-01-22,2013,3.2
2013-01-23,2013,3.2
2013-01-24,2013,3.2
2013-01-25,2013,3.2
2013-01-28,2013,3.37
2013-01-29,2013,3.34
2013-01-30,2013,3.34
2013-01-31,2013,3.3
2013-02-01,2013,3.25
2013-02-04,2013,3.25
2013-02-05,2013,3.23
2013-02-06,2013,3.23
2013-02-07,2013,3.23
2013-02-08,2013,3.33
2013-02-13,2013,3.33
2013-02-14,2013,3.4
2013-02-15,2013,3.4
2013-02-18,2013,3.33
2013-02-19,2013,3.25
2013-02-20,2013,3.33
2013-02-21,2013,3.23
2013-02-22,2013,3.25
2013-02-25,2013,3.33
2013-02-26,2013,3.33
2013-02-27,2013,3.33
2013-02-28,2013,3.25
2013-03-01,2013,3.33
2013-03-04,2013,3.4
2013-03-05,2013,3.5
2013-03-06,2013,3.45
2013-03-07,2013,3.4
2013-03-08,2013,3.3
2013-03-11,2013,3.3
2013-03-12,2013,3.3
2013-03-13,2013,3.3
2013-03-14,2013,3.3
2013-03-15,2013,3.2
2013-03-18,2013,3.2
2013-03-19,2013,3.2
2013-03-20,2013,3.2
2013-03-21,2013,3.0
2013-03-22,2013,3.0
2013-03-25,2013,3.0
2013-03-26,2013,3.0
2013-03-27,2013,3.0
2013-03-28,2013,3.0
2013-04-01,2013,3.0
2013-04-02,2013,3.0
2013-04-03,2013,2.95
2013-04-04,2013,2.9
2013-04-05,2013,2.9
2013-04-08,2013,2.9
2013-04-09,2013,2.95
2013-04-10,2013,2.95
2013-04-11,2013,2.9
2013-04-12,2013,2.95
2013-04-15,2013,3.0
2013-04-16,2013,3.0
2013-04-17,2013,3.0
2013-04-18,2013,2.85
2013-04-19,2013,2.85
2013-04-22,2013,2.85
2013-04-23,2013,2.8
2013-04-24,2013,2.85
2013-04-25,2013,2.85
2013-04-26,2013,2.85
2013-04-29,2013,2.8
2013-04-30,2013,2.8
2013-05-02,2013,2.8
2013-05-03,2013,2.8
2013-05-06,2013,2.8
2013-05-07,2013,2.8
2013-05-08,2013,2.75
2013-05-09,2013,2.8
2013-05-10,2013,2.8
2013-05-13,2013,2.7
2013-05-14,2013,2.7
2013-05-15,2013,2.7
2013-05-16,2013,2.7
2013-05-17,2013,2.7
2013-05-20,2013,2.7
2013-05-21,2013,2.7
2013-05-22,2013,2.7
2013-05-23,2013,2.7
2013-05-24,2013,2.7
2013-05-27,2013,2.7
2013-05-28,2013,2.7
2013-05-29,2013,2.7
2013-05-31,2013,2.7
2013-06-03,2013,2.7
2013-06-04,2013,2.7
2013-06-05,2013,2.7
2013-06-06,2013,2.7
2013-06-07,2013,2.7
2013-06-10,2013,2.7
2013-06-11,2013,2.7
2013-06-12,2013,2.7
2013-06-13,2013,2.7
2013-06-14,2013,2.75
2013-06-17,2013,2.7
2013-06-18,2013,2.7
2013-06-19,2013,2.7
2013-06-20,2013,2.65
2013-06-21,2013,2.65
2013-06-24,2013,2.6
2013-06-25,2013,2.6
2013-06-26,2013,2.6
2013-06-27,2013,2.5
2013-06-28,2013,2.5
2013-07-01,2013,2.4
2013-07-02,2013,2.38
2013-07-03,2013,2.38
2013-07-04,2013,2.38
2013-07-05,2013,2.23
2013-07-08,2013,2.0
2013-07-09,2013,2.0
2013-07-10,2013,2.0
2013-07-11,2013,2.0
2013-07-12,2013,2.0
2013-07-15,2013,2.0
2013-07-16,2013,2.0
2013-07-17,2013,2.0
2013-07-18,2013,2.0
2013-07-19,2013,2.0
2013-07-22,2013,1.93
2013-07-23,2013,1.93
2013-07-24,2013,1.93
2013-07-25,2013,1.93
2013-07-26,2013,1.93
2013-07-29,2013,2.0
2013-07-30,2013,1.93
2013-07-31,2013,1.93
2013-08-01,2013,1.9
2013-08-02,2013,1.8
2013-08-05,2013,1.78
2013-08-06,2013,1.78
2013-08-07,2013,1.78
2013-08-08,2013,1.8
2013-08-09,2013,1.78
2013-08-12,2013,1.73
2013-08-13,2013,1.75
2013-08-14,2013,1.75
2013-08-15,2013,1.78
2013-08-16,2013,1.75
2013-08-19,2013,1.7
2013-08-20,2013,1.8
2013-08-21,2013,1.8
2013-08-22,2013,1.8
2013-08-23,2013,1.8
2013-08-26,2013,1.8
2013-08-27,2013,1.8
2013-08-28,2013,1.8
2013-08-29,2013,1.8
2013-08-30,2013,1.8
2013-09-02,2013,1.8
2013-09-03,2013,1.8
2013-09-04,2013,1.8
2013-09-05,2013,1.8
2013-09-06,2013,1.8
2013-09-09,2013,1.8
2013-09-10,2013,1.8
2013-09-11,2013,1.8
2013-09-12,2013,1.8
2013-09-13,2013,1.8
2013-09-16,2013,1.85
2013-09-17,2013,1.9
2013-09-18,2013,1.85
2013-09-19,2013,1.8
2013-09-20,2013,1.8
2013-09-23,2013,1.8
2013-09-24,2013,1.8
2013-09-25,2013,1.8
2013-09-26,2013,1.8
2013-09-27,2013,1.8
2013-09-30,2013,1.8
2013-10-01,2013,1.8
2013-10-02,2013,1.8
2013-10-03,2013,1.8
2013-10-04,2013,1.8
2013-10-07,2013,1.8
2013-10-08,2013,1.8
2013-10-09,2013,1.8
2013-10-10,2013,1.8
2013-10-11,2013,1.8
2013-10-14,2013,1.8
2013-10-15,2013,1.78
2013-10-16,2013,1.75
2013-10-17,2013,1.7
2013-10-18,2013,1.7
2013-10-21,2013,1.7
2013-10-22,2013,1.7
2013-10-23,2013,1.7
2013-10-24,2013,1.7
2013-10-25,2013,1.7
2013-10-28,2013,1.7
2013-10-29,2013,1.7
2013-10-30,2013,1.65
2013-10-31,2013,1.6
2013-11-01,2013,1.6
2013-11-04,2013,1.6
2013-11-05,2013,1.6
2013-11-06,2013,1.6
2013-11-07,2013,1.6
2013-11-08,2013,1.6
2013-11-11,2013,1.6
2013-11-12,2013,1.6
2013-11-13,2013,1.6
2013-11-14,2013,1.6
2013-11-18,2013,1.6
2013-11-19,2013,1.6
2013-11-20,2013,1.6
2013-11-21,2013,1.55
2013-11-22,2013,1.5
2013-11-25,2013,1.5
2013-11-26,2013,1.5
2013-11-27,2013,1.5
2013-11-28,2013,1.5
2013-11-29,2013,1.5
2013-12-02,2013,1.5
2013-12-03,2013,1.5
2013-12-04,2013,1.5
2013-12-05,2013,1.5
2013-12-06,2013,1.5
2013-12-09,2013,1.5
2013-12-10,2013,1.5
2013-12-11,2013,1.5
2013-12-12,2013,1.5
2013-12-13,2013,1.5
2013-12-16,2013,1.5
2013-12-17,2013,1.48
2013-12-18,2013,1.47
2013-12-19,2013,1.35
2013-12-20,2013,1.35
2013-12-23,2013,1.35
2013-12-24,2013,1.35
2013-12-26,2013,1.34
2013-12-27,2013,1.33
2013-12-30,2013,1.33
2013-12-31,2013,1.33
2014-01-02,2013,1.4
2014-01-03,2013,1.4
2014-01-06,2013,1.45
2014-01-07,2013,1.45
2014-01-08,2013,1.45
2014-01-09,2013,1.45
2010-01-13,2014,4.4
2010-01-14,2014,3.95
2010-01-15,2014,4.4
2010-01-18,2014,4.5
2010-01-19,2014,4.5
2010-01-20,2014,4.5
2010-01-21,2014,4.5
2010-01-22,2014,4.5
2010-01-25,2014,4.5
2010-01-26,2014,4.5
2010-01-27,2014,4.5
2010-01-28,2014,4.45
2010-01-29,2014,4.5
2010-02-01,2014,4.5
2010-02-02,2014,4.5
2010-02-03,2014,4.5
2010-02-04,2014,4.5
2010-02-05,2014,4.5
2010-02-08,2014,4.5
2010-02-09,2014,4.5
2010-02-10,2014,4.5
2010-02-11,2014,4.5
2010-02-12,2014,4.5
2010-02-17,2014,4.5
2010-02-18,2014,4.5
2010-02-19,2014,4.5
2010-02-22,2014,4.5
2010-02-23,2014,4.5
2010-02-24,2014,4.5
2010-02-25,2014,4.5
2010-02-26,2014,4.5
2010-03-01,2014,4.5
2010-03-02,2014,4.5
2010-03-03,2014,4.5
2010-03-04,2014,4.5
2010-03-05,2014,4.5
2010-03-08,2014,4.5
2010-03-09,2014,4.5
2010-03-10,2014,4.5
2010-03-11,2014,4.5
2010-03-12,2014,4.5
2010-03-15,2014,4.5
2010-03-16,2014,4.5
2010-03-17,2014,4.5
2010-03-18,2014,4.5
2010-03-19,2014,4.5
2010-03-22,2014,4.5
2010-03-23,2014,4.5
2010-03-24,2014,4.5
2010-03-25,2014,4.5
2010-03-26,2014,4.5
2010-03-29,2014,4.5
2010-03-30,2014,4.5
2010-03-31,2014,4.5
2010-04-01,2014,4.5
2010-04-05,2014,4.5
2010-04-06,2014,4.5
2010-04-07,2014,4.5
2010-04-08,2014,4.5
2010-04-09,2014,4.5
2010-04-12,2014,4.5
2010-04-13,2014,4.5
2010-04-14,2014,4.5
2010-04-15,2014,4.5
2010-04-16,2014,4.5
2010-04-19,2014,4.5
2010-04-20,2014,4.5
2010-04-22,2014,4.5
2010-04-23,2014,4.5
2010-04-26,2014,4.5
2010-04-27,2014,4.5
2010-04-28,2014,4.5
2010-04-29,2014,4.5
2010-04-30,2014,4.5
2010-05-03,2014,4.5
2010-05-04,2014,4.5
2010-05-05,2014,4.5
2010-05-06,2014,4.5
2010-05-07,2014,4.5
2010-05-10,2014,4.5
2010-05-11,2014,4.5
2010-05-12,2014,4.5
2010-05-13,2014,4.5
2010-05-14,2014,4.5
2010-05-17,2014,4.5
2010-05-18,2014,4.5
2010-05-19,2014,4.5
2010-05-20,2014,4.5
2010-05-21,2014,4.5
2010-05-24,2014,4.5
2010-05-25,2014,4.5
2010-05-26,2014,4.5
2010-05-27,2014,4.5
2010-05-28,2014,4.5
2010-05-31,2014,4.5
2010-06-01,2014,4.5
2010-06-02,2014,4.5
2010-06-04,2014,4.5
2010-06-07,2014,4.5
2010-06-08,2014,4.5
2010-06-09,2014,4.5
2010-06-10,2014,4.5
2010-06-11,2014,4.5
2010-06-14,2014,4.5
2010-06-15,2014,4.5
2010-06-16,2014,4.5
2010-06-17,2014,4.5
2010-06-18,2014,4.5
2010-06-21,2014,4.5
2010-06-22,2014,4.5
2010-06-23,2014,4.5
2010-06-24,2014,4.5
2010-06-25,2014,4.5
2010-06-28,2014,4.5
2010-06-29,2014,4.5
2010-06-30,2014,4.5
2010-07-01,2014,4.5
2010-07-02,2014,4.5
2010-07-05,2014,4.5
2010-07-06,2014,4.5
2010-07-07,2014,4.5
2010-07-08,2014,4.5
2010-07-09,2014,4.5
2010-07-12,2014,4.5
2010-07-13,2014,4.5
2010-07-14,2014,4.5
2010-07-15,2014,4.5
2010-07-16,2014,4.5
2010-07-19,2014,4.5
2010-07-20,2014,4.5
2010-07-21,2014,4.5
2010-07-22,2014,4.5
2010-07-23,2014,4.5
2010-07-26,2014,4.5
2010-07-27,2014,4.5
2010-07-28,2014,4.5
2010-07-29,2014,4.5
2010-07-30,2014,4.5
2010-08-02,2014,4.5
2010-08-03,2014,4.5
2010-08-04,2014,4.5
2010-08-05,2014,4.5
2010-08-06,2014,4.5
2010-08-09,2014,4.5
2010-08-10,2014,4.5
2010-08-11,2014,4.5
2010-08-12,2014,4.5
2010-08-13,2014,4.5
2010-08-16,2014,4.5
2010-08-17,2014,4.5
2010-08-18,2014,4.5
2010-08-19,2014,4.5
2010-08-20,2014,4.5
2010-08-23,2014,4.5
2010-08-24,2014,4.5
2010-08-25,2014,4.5
2010-08-26,2014,4.5
2010-08-27,2014,4.5
2010-08-30,2014,4.5
2010-08-31,2014,4.5
2010-09-01,2014,4.5
2010-09-02,2014,4.5
2010-09-03,2014,4.5
2010-09-06,2014,4.5
2010-09-08,2014,4.5
2010-09-09,2014,4.5
2010-09-10,2014,4.5
2010-09-13,2014,4.5
2010-09-14,2014,4.5
2010-09-15,2014,4.5
2010-09-16,2014,4.5
2010-09-17,2014,4.5
2010-09-20,2014,4.5
2010-09-21,2014,4.5
2010-09-22,2014,4.5
2010-09-23,2014,4.5
2010-09-24,2014,4.5
2010-09-27,2014,4.5
2010-09-28,2014,4.5
2010-09-29,2014,4.5
2010-09-30,2014,4.5
2010-10-01,2014,4.5
2010-10-04,2014,4.5
2010-10-05,2014,4.5
2010-10-06,2014,4.5
2010-10-07,2014,4.5
2010-10-08,2014,4.5
2010-10-11,2014,4.5
2010-10-13,2014,4.5
2010-10-14,2014,4.5
2010-10-15,2014,4.5
2010-10-18,2014,4.5
2010-10-19,2014,4.5
2010-10-20,2014,4.5
2010-10-21,2014,4.5
2010-10-22,2014,4.5
2010-10-25,2014,4.5
2010-10-26,2014,4.5
2010-10-27,2014,4.5
2010-10-28,2014,4.5
2010-10-29,2014,4.5
2010-11-01,2014,4.5
2010-11-03,2014,4.5
2010-11-04,2014,4.5
2010-11-05,2014,4.5
2010-11-08,2014,4.5
2010-11-09,2014,4.5
2010-11-10,2014,4.5
2010-11-11,2014,4.5
2010-11-12,2014,4.5
2010-11-16,2014,4.5
2010-11-17,2014,4.5
2010-11-18,2014,4.5
2010-11-19,2014,4.5
2010-11-22,2014,4.5
2010-11-23,2014,4.5
2010-11-24,2014,4.5
2010-11-25,2014,4.5
2010-11-26,2014,4.5
2010-11-29,2014,4.5
2010-11-30,2014,4.5
2010-12-01,2014,4.5
2010-12-02,2014,4.5
2010-12-03,2014,4.5
2010-12-06,2014,4.5
2010-12-07,2014,4.5
2010-12-08,2014,4.5
2010-12-09,2014,4.5
2010-12-10,2014,4.5
2010-12-13,2014,4.5
2010-12-14,2014,4.5
2010-12-15,2014,4.5
2010-12-16,2014,4.5
2010-12-17,2014,4.5
2010-12-20,2014,4.5
2010-12-21,2014,4.5
2010-12-22,2014,4.5
2010-12-23,2014,4.5
2010-12-24,2014,4.5
2010-12-27,2014,4.5
2010-12-28,2014,4.5
2010-12-29,2014,4.5
2010-12-30,2014,4.5
2010-12-31,2014,4.5
2011-01-03,2014,4.5
2011-01-04,2014,4.5
2011-01-05,2014,4.5
2011-01-06,2014,4.5
2011-01-07,2014,4.5
2011-01-10,2014,4.5
2011-01-11,2014,4.5
2011-01-12,2014,4.5
2011-01-13,2014,4.5
2011-01-14,2014,4.5
2011-01-17,2014,4.5
2011-01-18,2014,4.5
2011-01-19,2014,4.5
2011-01-20,2014,4.5
2011-01-21,2014,4.5
2011-01-24,2014,4.5
2011-01-25,2014,4.5
2011-01-26,2014,4.5
2011-01-27,2014,4.5
2011-01-28,2014,4.5
2011-01-31,2014,4.5
2011-02-01,2014,4.5
2011-02-02,2014,4.5
2011-02-03,2014,4.5
2011-02-04,2014,4.5
2011-02-07,2014,4.5
2011-02-08,2014,4.5
2011-02-09,2014,4.5
2011-02-10,2014,4.5
2011-02-11,2014,4.5
2011-02-14,2014,4.5
2011-02-15,2014,4.5
2011-02-16,2014,4.5
2011-02-17,2014,4.5
2011-02-18,2014,4.5
2011-02-21,2014,4.5
2011-02-22,2014,4.5
2011-02-23,2014,4.5
2011-02-24,2014,4.5
2011-02-25,2014,4.5
2011-02-28,2014,4.5
2011-03-01,2014,4.5
2011-03-02,2014,4.5
2011-03-03,2014,4.5
2011-03-04,2014,4.5
2011-03-09,2014,4.5
2011-03-10,2014,4.5
2011-03-11,2014,4.5
2011-03-14,2014,4.5
2011-03-15,2014,4.5
2011-03-16,2014,4.5
2011-03-17,2014,4.5
2011-03-18,2014,4.5
2011-03-21,2014,4.5
2011-03-22,2014,4.5
2011-03-23,2014,4.5
2011-03-24,2014,4.5
2011-03-25,2014,4.5
2011-03-28,2014,4.5
2011-03-29,2014,4.5
2011-03-30,2014,4.5
2011-03-31,2014,4.5
2011-04-01,2014,4.5
2011-04-04,2014,4.5
2011-04-05,2014,4.5
2011-04-06,2014,4.5
2011-04-07,2014,4.5
2011-04-08,2014,4.5
2011-04-11,2014,4.5
2011-04-12,2014,4.5
2011-04-13,2014,4.5
2011-04-14,2014,4.5
2011-04-15,2014,4.5
2011-04-18,2014,4.5
2011-04-19,2014,4.5
2011-04-20,2014,4.5
2011-04-25,2014,4.5
2011-04-26,2014,4.5
2011-04-27,2014,4.5
2011-04-28,2014,4.5
2011-04-29,2014,4.5
2011-05-02,2014,4.5
2011-05-03,2014,4.5
2011-05-04,2014,4.5
2011-05-05,2014,4.5
2011-05-06,2014,4.5
2011-05-09,2014,4.5
2011-05-10,2014,4.5
2011-05-11,2014,4.5
2011-05-12,2014,4.5
2011-05-13,2014,4.5
2011-05-16,2014,4.5
2011-05-17,2014,4.5
2011-05-18,2014,4.5
2011-05-19,2014,4.5
2011-05-20,2014,4.5
2011-05-23,2014,4.5
2011-05-24,2014,4.5
2011-05-25,2014,4.5
2011-05-26,2014,4.5
2011-05-27,2014,4.5
2011-05-30,2014,4.5
2011-05-31,2014,4.5
2011-06-01,2014,4.5
2011-06-02,2014,4.5
2011-06-03,2014,4.5
2011-06-06,2014,4.5
2011-06-07,2014,4.5
2011-06-08,2014,4.5
2011-06-09,2014,4.5
2011-06-10,2014,4.5
2011-06-13,2014,4.5
2011-06-14,2014,4.5
2011-06-15,2014,4.5
2011-06-16,2014,4.5
2011-06-17,2014,4.5
2011-06-20,2014,4.5
2011-06-21,2014,4.5
2011-06-22,2014,4.5
2011-06-24,2014,4.5
2011-06-27,2014,4.5
2011-06-28,2014,4.5
2011-06-29,2014,4.5
2011-06-30,2014,4.5
2011-07-01,2014,4.5
2011-07-04,2014,4.5
2011-07-05,2014,4.5
2011-07-06,2014,4.5
2011-07-07,2014,4.5
2011-07-08,2014,4.5
2011-07-11,2014,4.5
2011-07-12,2014,4.5
2011-07-13,2014,4.5
2011-07-14,2014,4.5
2011-07-15,2014,4.5
2011-07-18,2014,4.5
2011-07-19,2014,4.5
2011-07-20,2014,4.5
2011-07-21,2014,4.5
2011-07-22,2014,4.5
2011-07-25,2014,4.5
2011-07-26,2014,4.5
2011-07-27,2014,4.5
2011-07-28,2014,4.5
2011-07-29,2014,4.5
2011-08-01,2014,4.5
2011-08-02,2014,4.5
2011-08-03,2014,4.5
2011-08-04,2014,4.5
2011-08-05,2014,4.5
2011-08-08,2014,4.5
2011-08-09,2014,4.5
2011-08-10,2014,4.5
2011-08-11,2014,4.5
2011-08-12,2014,4.5
2011-08-15,2014,4.5
2011-08-16,2014,4.5
2011-08-17,2014,4.5
2011-08-18,2014,4.5
2011-08-19,2014,4.5
2011-08-22,2014,4.5
2011-08-23,2014,4.5
2011-08-24,2014,4.5
2011-08-25,2014,4.5
2011-08-26,2014,4.5
2011-08-29,2014,4.5
2011-08-30,2014,4.5
2011-08-31,2014,4.5
2011-09-01,2014,4.5
2011-09-02,2014,4.5
2011-09-05,2014,4.5
2011-09-06,2014,4.5
2011-09-08,2014,4.5
2011-09-09,2014,4.5
2011-09-12,2014,4.5
2011-09-13,2014,4.5
2011-09-14,2014,4.5
2011-09-15,2014,4.5
2011-09-16,2014,4.5
2011-09-19,2014,4.5
2011-09-20,2014,4.5
2011-09-21,2014,4.5
2011-09-22,2014,4.5
2011-09-23,2014,4.5
2011-09-26,2014,4.5
2011-09-27,2014,4.5
2011-09-28,2014,4.5
2011-09-29,2014,4.5
2011-09-30,2014,4.5
2011-10-03,2014,4.5
2011-10-04,2014,4.5
2011-10-05,2014,4.5
2011-10-06,2014,4.5
2011-10-07,2014,4.5
2011-10-10,2014,4.5
2011-10-11,2014,4.5
2011-10-13,2014,4.5
2011-10-14,2014,4.5
2011-10-17,2014,4.5
2011-10-18,2014,4.5
2011-10-19,2014,4.5
2011-10-20,2014,4.5
2011-10-21,2014,4.5
2011-10-24,2014,4.5
2011-10-25,2014,4.5
2011-10-26,2014,4.5
2011-10-27,2014,4.5
2011-10-28,2014,4.5
2011-10-31,2014,4.5
2011-11-01,2014,4.5
2011-11-03,2014,4.5
2011-11-04,2014,4.5
2011-11-07,2014,4.5
2011-11-08,2014,4.5
2011-11-09,2014,4.5
2011-11-10,2014,4.5
2011-11-11,2014,4.5
2011-11-14,2014,4.5
2011-11-16,2014,4.5
2011-11-17,2014,4.5
2011-11-18,2014,4.5
2011-11-21,2014,4.5
2011-11-22,2014,4.5
2011-11-23,2014,4.5
2011-11-24,2014,4.5
2011-11-25,2014,4.5
2011-11-28,2014,4.5
2011-11-29,2014,4.5
2011-11-30,2014,4.5
2011-12-01,2014,4.5
2011-12-02,2014,4.5
2011-12-05,2014,4.5
2011-12-06,2014,4.5
2011-12-07,2014,4.5
2011-12-08,2014,4.5
2011-12-09,2014,4.5
2011-12-12,2014,4.5
2011-12-13,2014,4.5
2011-12-14,2014,4.5
2011-12-15,2014,4.5
2011-12-16,2014,4.5
2011-12-19,2014,4.5
2011-12-20,2014,4.5
2011-12-21,2014,4.5
2011-12-22,2014,4.5
2011-12-23,2014,4.5
2011-12-26,2014,4.5
2011-12-27,2014,4.5
2011-12-28,2014,4.5
2011-12-29,2014,4.5
2011-12-30,2014,4.5
2012-01-02,2014,4.5
2012-01-03,2014,4.5
2012-01-04,2014,4.5
2012-01-05,2014,4.5
2012-01-06,2014,4.5
2012-01-09,2014,4.5
2012-01-10,2014,4.5
2012-01-11,2014,4.5
2012-01-12,2014,4.5
2012-01-13,2014,4.5
2012-01-16,2014,4.5
2012-01-17,2014,4.5
2012-01-18,2014,4.5
2012-01-19,2014,4.5
2012-01-20,2014,4.5
2012-01-23,2014,4.5
2012-01-24,2014,4.5
2012-01-25,2014,4.5
2012-01-26,2014,4.5
2012-01-27,2014,4.5
2012-01-30,2014,4.5
2012-01-31,2014,4.5
2012-02-01,2014,4.5
2012-02-02,2014,4.5
2012-02-03,2014,4.5
2012-02-06,2014,4.5
2012-02-07,2014,4.5
2012-02-08,2014,4.5
2012-02-09,2014,4.5
2012-02-10,2014,4.5
2012-02-13,2014,4.5
2012-02-14,2014,4.5
2012-02-15,2014,4.5
2012-02-16,2014,4.5
2012-02-17,2014,4.5
2012-02-22,2014,4.5
2012-02-23,2014,4.5
2012-02-24,2014,4.5
2012-02-27,2014,4.5
2012-02-28,2014,4.5
2012-02-29,2014,4.5
2012-03-01,2014,4.5
2012-03-02,2014,4.5
2012-03-05,2014,4.5
2012-03-06,2014,4.5
2012-03-07,2014,4.5
2012-03-08,2014,4.5
2012-03-09,2014,4.5
2012-03-12,2014,4.5
2012-03-13,2014,4.5
2012-03-14,2014,4.5
2012-03-15,2014,4.5
2012-03-16,2014,4.5
2012-03-19,2014,4.5
2012-03-20,2014,4.5
2012-03-21,2014,4.5
2012-03-22,2014,4.5
2012-03-23,2014,4.5
2012-03-26,2014,4.5
2012-03-27,2014,4.5
2012-03-28,2014,4.5
2012-03-29,2014,4.5
2012-03-30,2014,4.5
2012-04-02,2014,4.5
2012-04-03,2014,4.5
2012-04-04,2014,4.5
2012-04-05,2014,4.5
2012-04-09,2014,4.5
2012-04-10,2014,4.5
2012-04-11,2014,4.5
2012-04-12,2014,4.5
2012-04-13,2014,4.5
2012-04-16,2014,4.5
2012-04-17,2014,4.5
2012-04-18,2014,4.5
2012-04-19,2014,4.5
2012-04-20,2014,4.5
2012-04-23,2014,4.5
2012-04-24,2014,4.5
2012-04-25,2014,4.5
2012-04-26,2014,4.5
2012-04-27,2014,4.5
2012-04-30,2014,4.5
2012-05-02,2014,4.5
2012-05-03,2014,4.5
2012-05-04,2014,4.5
2012-05-07,2014,4.5
2012-05-08,2014,4.5
2012-05-09,2014,4.5
2012-05-10,2014,4.5
2012-05-11,2014,4.5
2012-05-14,2014,4.5
2012-05-15,2014,4.5
2012-05-16,2014,4.5
2012-05-17,2014,4.5
2012-05-18,2014,4.5
2012-05-21,2014,4.5
2012-05-22,2014,4.5
2012-05-23,2014,4.5
2012-05-24,2014,4.5
2012-05-25,2014,4.5
2012-05-28,2014,4.5
2012-05-29,2014,4.5
2012-05-30,2014,4.5
2012-05-31,2014,4.5
2012-06-01,2014,4.5
2012-06-04,2014,4.5
2012-06-05,2014,4.5
2012-06-06,2014,4.5
2012-06-08,2014,4.5
2012-06-11,2014,4.5
2012-06-12,2014,4.5
2012-06-13,2014,4.5
2012-06-14,2014,4.5
2012-06-15,2014,4.5
2012-06-18,2014,4.5
2012-06-19,2014,4.5
2012-06-20,2014,4.5
2012-06-21,2014,4.5
2012-06-22,2014,4.5
2012-06-25,2014,4.5
2012-06-26,2014,4.5
2012-06-27,2014,4.5
2012-06-28,2014,4.5
2012-06-29,2014,4.5
2012-07-02,2014,4.5
2012-07-03,2014,4.5
2012-07-04,2014,4.5
2012-07-05,2014,4.5
2012-07-06,2014,4.5
2012-07-09,2014,4.5
2012-07-10,2014,4.5
2012-07-11,2014,4.5
2012-07-12,2014,4.5
2012-07-13,2014,4.5
2012-07-16,2014,4.5
2012-07-17,2014,4.5
2012-07-18,2014,4.5
2012-07-19,2014,4.5
2012-07-20,2014,4.5
2012-07-23,2014,4.5
2012-07-24,2014,4.5
2012-07-25,2014,4.5
2012-07-26,2014,4.5
2012-07-27,2014,4.5
2012-07-30,2014,4.5
2012-07-31,2014,4.5
2012-08-01,2014,4.5
2012-08-02,2014,4.5
2012-08-03,2014,4.5
2012-08-06,2014,4.5
2012-08-07,2014,4.5
2012-08-08,2014,4.5
2012-08-09,2014,4.5
2012-08-10,2014,4.5
2012-08-13,2014,4.5
2012-08-14,2014,4.5
2012-08-15,2014,4.5
2012-08-16,2014,4.5
2012-08-17,2014,4.5
2012-08-20,2014,4.5
2012-08-21,2014,4.5
2012-08-22,2014,4.5
2012-08-23,2014,4.5
2012-08-24,2014,4.5
2012-08-27,2014,4.5
2012-08-28,2014,4.5
2012-08-29,2014,4.5
2012-08-30,2014,4.5
2012-08-31,2014,4.5
2012-09-03,2014,4.5
2012-09-04,2014,4.5
2012-09-05,2014,4.5
2012-09-06,2014,4.5
2012-09-10,2014,4.5
2012-09-11,2014,4.5
2012-09-12,2014,4.5
2012-09-13,2014,4.5
2012-09-14,2014,4.5
2012-09-17,2014,4.5
2012-09-18,2014,4.5
2012-09-19,2014,4.5
2012-09-20,2014,4.5
2012-09-21,2014,4.5
2012-09-24,2014,4.5
2012-09-25,2014,4.5
2012-09-26,2014,4.5
2012-09-27,2014,4.5
2012-09-28,2014,4.5
2012-10-01,2014,4.5
2012-10-02,2014,4.5
2012-10-03,2014,4.5
2012-10-04,2014,4.5
2012-10-05,2014,4.5
2012-10-08,2014,4.5
2012-10-09,2014,4.5
2012-10-10,2014,4.5
2012-10-11,2014,4.5
2012-10-15,2014,4.5
2012-10-16,2014,4.5
2012-10-17,2014,4.5
2012-10-18,2014,4.5
2012-10-19,2014,4.5
2012-10-22,2014,4.5
2012-10-23,2014,4.5
2012-10-24,2014,4.5
2012-10-25,2014,4.5
2012-10-26,2014,4.5
2012-10-29,2014,4.5
2012-10-30,2014,4.5
2012-10-31,2014,4.5
2012-11-01,2014,4.5
2012-11-05,2014,4.5
2012-11-06,2014,4.5
2012-11-07,2014,4.5
2012-11-08,2014,4.5
2012-11-09,2014,4.5
2012-11-12,2014,4.5
2012-11-13,2014,4.5
2012-11-14,2014,4.5
2012-11-16,2014,4.5
2012-11-19,2014,4.2
2012-11-20,2014,4.35
2012-11-21,2014,4.5
2012-11-22,2014,4.5
2012-11-23,2014,4.5
2012-11-26,2014,4.5
2012-11-27,2014,4.5
2012-11-28,2014,4.5
2012-11-29,2014,4.5
2012-11-30,2014,4.5
2012-12-03,2014,4.5
2012-12-04,2014,4.5
2012-12-05,2014,4.5
2012-12-06,2014,4.5
2012-12-07,2014,4.5
2012-12-10,2014,4.5
2012-12-11,2014,4.5
2012-12-12,2014,4.5
2012-12-13,2014,4.5
2012-12-14,2014,4.5
2012-12-17,2014,4.5
2012-12-18,2014,4.5
2012-12-19,2014,4.5
2012-12-20,2014,4.5
2012-12-21,2014,4.5
2012-12-24,2014,4.5
2012-12-26,2014,4.5
2012-12-27,2014,4.5
2012-12-28,2014,4.5
2012-12-31,2014,4.5
2013-01-02,2014,4.5
2013-01-03,2014,4.5
2013-01-04,2014,4.5
2013-01-07,2014,4.5
2013-01-08,2014,4.5
2013-01-09,2014,4.5
2013-01-10,2014,4.35
2013-01-11,2014,4.35
2013-01-14,2014,4.5
2013-01-15,2014,4.5
2013-01-16,2014,4.25
2013-01-17,2014,4.5
2013-01-18,2014,4.5
2013-01-21,2014,4.25
2013-01-22,2014,4.5
2013-01-23,2014,4.5
2013-01-24,2014,4.5
2013-01-25,2014,4.5
2013-01-28,2014,4.5
2013-01-29,2014,4.5
2013-01-30,2014,4.5
2013-01-31,2014,4.5
2013-02-01,2014,4.5
2013-02-04,2014,4.5
2013-02-05,2014,4.5
2013-02-06,2014,4.5
2013-02-07,2014,4.2
2013-02-08,2014,4.35
2013-02-13,2014,4.35
2013-02-14,2014,4.35
2013-02-15,2014,4.35
2013-02-18,2014,4.1
2013-02-19,2014,4.2
2013-02-20,2014,4.35
2013-02-21,2014,4.35
2013-02-22,2014,4.35
2013-02-25,2014,4.5
2013-02-26,2014,4.5
2013-02-27,2014,4.5
2013-02-28,2014,4.35
2013-03-01,2014,4.2
2013-03-04,2014,4.35
2013-03-05,2014,4.35
2013-03-06,2014,4.2
2013-03-07,2014,4.2
2013-03-08,2014,4.35
2013-03-11,2014,4.2
2013-03-12,2014,4.2
2013-03-13,2014,4.2
2013-03-14,2014,4.2
2013-03-15,2014,4.2
2013-03-18,2014,4.5
2013-03-19,2014,4.5
2013-03-20,2014,4.5
2013-03-21,2014,4.5
2013-03-22,2014,4.5
2013-03-25,2014,4.5
2013-03-26,2014,4.5
2013-03-27,2014,4.5
2013-03-28,2014,4.5
2013-04-01,2014,4.35
2013-04-02,2014,4.35
2013-04-03,2014,4.35
2013-04-04,2014,4.0
2013-04-05,2014,4.0
2013-04-08,2014,4.0
2013-04-09,2014,4.1
2013-04-10,2014,4.1
2013-04-11,2014,4.2
2013-04-12,2014,4.1
2013-04-15,2014,4.0
2013-04-16,2014,4.0
2013-04-17,2014,4.0
2013-04-18,2014,4.0
2013-04-19,2014,4.0
2013-04-22,2014,4.0
2013-04-23,2014,4.0
2013-04-24,2014,4.1
2013-04-25,2014,4.1
2013-04-26,2014,4.1
2013-04-29,2014,4.2
2013-04-30,2014,4.2
2013-05-02,2014,4.2
2013-05-03,2014,4.35
2013-05-06,2014,4.2
2013-05-07,2014,4.2
2013-05-08,2014,4.35
2013-05-09,2014,4.5
2013-05-10,2014,4.2
2013-05-13,2014,4.4
2013-05-14,2014,4.5
2013-05-15,2014,4.5
2013-05-16,2014,4.5
2013-05-17,2014,4.5
2013-05-20,2014,4.5
2013-05-21,2014,4.5
2013-05-22,2014,4.5
2013-05-23,2014,4.5
2013-05-24,2014,4.5
2013-05-27,2014,4.5
2013-05-28,2014,4.5
2013-05-29,2014,4.5
2013-05-31,2014,4.5
2013-06-03,2014,4.5
2013-06-04,2014,4.5
2013-06-05,2014,4.5
2013-06-06,2014,4.5
2013-06-07,2014,4.5
2013-06-10,2014,4.5
2013-06-11,2014,4.4
2013-06-12,2014,4.4
2013-06-13,2014,4.35
2013-06-14,2014,4.2
2013-06-17,2014,4.35
2013-06-18,2014,4.35
2013-06-19,2014,4.35
2013-06-20,2014,4.2
2013-06-21,2014,4.2
2013-06-24,2014,4.35
2013-06-25,2014,4.35
2013-06-26,2014,4.35
2013-06-27,2014,4.5
2013-06-28,2014,4.35
2013-07-01,2014,4.5
2013-07-02,2014,4.2
2013-07-03,2014,4.2
2013-07-04,2014,4.2
2013-07-05,2014,4.2
2013-07-08,2014,4.1
2013-07-09,2014,4.2
2013-07-10,2014,4.2
2013-07-11,2014,4.2
2013-07-12,2014,4.2
2013-07-15,2014,4.2
2013-07-16,2014,4.2
2013-07-17,2014,4.2
2013-07-18,2014,4.2
2013-07-19,2014,4.2
2013-07-22,2014,4.0
2013-07-23,2014,4.0
2013-07-24,2014,4.0
2013-07-25,2014,4.0
2013-07-26,2014,4.0
2013-07-29,2014,4.1
2013-07-30,2014,4.2
2013-07-31,2014,4.2
2013-08-01,2014,4.2
2013-08-02,2014,4.15
2013-08-05,2014,4.2
2013-08-06,2014,4.2
2013-08-07,2014,4.2
2013-08-08,2014,4.2
2013-08-09,2014,4.5
2013-08-12,2014,4.5
2013-08-13,2014,4.5
2013-08-14,2014,4.5
2013-08-15,2014,4.5
2013-08-16,2014,4.5
2013-08-19,2014,4.5
2013-08-20,2014,4.5
2013-08-21,2014,4.5
2013-08-22,2014,4.5
2013-08-23,2014,4.5
2013-08-26,2014,4.5
2013-08-27,2014,4.5
2013-08-28,2014,4.5
2013-08-29,2014,4.5
2013-08-30,2014,4.5
2013-09-02,2014,4.5
2013-09-03,2014,4.35
2013-09-04,2014,4.35
2013-09-05,2014,4.2
2013-09-06,2014,4.35
2013-09-09,2014,4.35
2013-09-10,2014,4.35
2013-09-11,2014,4.2
2013-09-12,2014,4.35
2013-09-13,2014,4.2
2013-09-16,2014,4.2
2013-09-17,2014,4.2
2013-09-18,2014,4.2
2013-09-19,2014,4.2
2013-09-20,2014,4.2
2013-09-23,2014,4.2
2013-09-24,2014,4.2
2013-09-25,2014,4.2
2013-09-26,2014,4.2
2013-09-27,2014,4.2
2013-09-30,2014,4.2
2013-10-01,2014,4.2
2013-10-02,2014,4.2
2013-10-03,2014,4.2
2013-10-04,2014,4.1
2013-10-07,2014,4.0
2013-10-08,2014,4.0
2013-10-09,2014,4.0
2013-10-10,2014,4.0
2013-10-11,2014,4.0
2013-10-14,2014,4.0
2013-10-15,2014,4.0
2013-10-16,2014,4.0
2013-10-17,2014,4.0
2013-10-18,2014,4.0
2013-10-21,2014,4.0
2013-10-22,2014,4.0
2013-10-23,2014,4.0
2013-10-24,2014,3.85
2013-10-25,2014,3.85
2013-10-28,2014,3.7
2013-10-29,2014,3.7
2013-10-30,2014,3.7
2013-10-31,2014,3.75
2013-11-01,2014,3.75
2013-11-04,2014,3.7
2013-11-05,2014,3.7
2013-11-06,2014,3.7
2013-11-07,2014,3.7
2013-11-08,2014,3.7
2013-11-11,2014,3.75
2013-11-12,2014,3.75
2013-11-13,2014,3.75
2013-11-14,2014,3.8
2013-11-18,2014,3.8
2013-11-19,2014,3.8
2013-11-20,2014,3.8
2013-11-21,2014,3.8
2013-11-22,2014,3.8
2013-11-25,2014,3.8
2013-11-26,2014,3.8
2013-11-27,2014,3.8
2013-11-28,2014,3.8
2013-11-29,2014,3.8
2013-12-02,2014,3.8
2013-12-03,2014,3.8
2013-12-04,2014,3.8
2013-12-05,2014,3.85
2013-12-06,2014,3.8
2013-12-09,2014,3.8
2013-12-10,2014,3.85
2013-12-11,2014,3.85
2013-12-12,2014,3.85
2013-12-13,2014,3.85
2013-12-16,2014,3.8
2013-12-17,2014,4.0
2013-12-18,2014,4.0
2013-12-19,2014,4.0
2013-12-20,2014,4.0
2013-12-23,2014,4.0
2013-12-24,2014,4.0
2013-12-26,2014,4.0
2013-12-27,2014,4.0
2013-12-30,2014,4.0
2013-12-31,2014,4.0
2014-01-02,2014,4.0
2014-01-03,2014,4.0
2014-01-06,2014,4.0
2014-01-07,2014,4.0
2014-01-08,2014,4.0
2014-01-09,2014,4.0
2014-01-10,2014,4.0
2014-01-13,2014,4.0
2014-01-14,2014,4.0
2014-01-15,2014,4.0
2014-01-16,2014,4.0
2014-01-17,2014,4.0
2014-01-20,2014,4.0
2014-01-21,2014,4.0
2014-01-22,2014,4.0
2014-01-23,2014,4.0
2014-01-24,2014,4.0
2014-01-27,2014,4.0
2014-01-28,2014,4.0
2014-01-29,2014,4.0
2014-01-30,2014,4.0
2014-01-31,2014,4.0
2014-02-03,2014,4.0
2014-02-04,2014,4.0
2014-02-05,2014,4.0
2014-02-06,2014,4.0
2014-02-07,2014,4.03
2014-02-10,2014,4.0
2014-02-11,2014,4.0
2014-02-12,2014,4.0
2014-02-13,2014,4.0
2014-02-14,2014,4.06
2014-02-17,2014,4.1
2014-02-18,2014,4.1
2014-02-19,2014,4.1
2014-02-20,2014,4.11
2014-02-21,2014,4.1
2014-02-24,2014,4.11
2014-02-25,2014,4.11
2014-02-26,2014,4.1
2014-02-27,2014,4.1
2014-02-28,2014,4.1
2014-03-05,2014,4.12
2014-03-06,2014,4.11
2014-03-07,2014,4.12
2014-03-10,2014,4.21
2014-03-11,2014,4.3
2014-03-12,2014,4.3
2014-03-13,2014,4.4
2014-03-14,2014,4.5
2014-03-17,2014,4.3
2014-03-18,2014,4.35
2014-03-19,2014,4.35
2014-03-20,2014,4.3
2014-03-21,2014,4.3
2014-03-24,2014,4.35
2014-03-25,2014,4.35
2014-03-26,2014,4.35
2014-03-27,2014,4.35
2014-03-28,2014,4.3
2014-03-31,2014,4.4
2014-04-01,2014,4.45
2014-04-02,2014,4.45
2014-04-03,2014,4.45
2014-04-04,2014,4.45
2014-04-07,2014,4.5
2014-04-08,2014,4.6
2014-04-09,2014,4.6
2014-04-10,2014,4.6
2014-04-11,2014,4.6
2014-04-14,2014,4.65
2014-04-15,2014,4.65
2014-04-16,2014,4.7
2014-04-17,2014,4.7
2014-04-22,2014,4.75
2014-04-23,2014,4.75
2014-04-24,2014,4.75
2014-04-25,2014,4.75
2014-04-28,2014,4.9
2014-04-29,2014,4.8
2014-04-30,2014,4.9
2014-05-02,2014,5.0
2014-05-05,2014,4.9
2014-05-06,2014,4.9
2014-05-07,2014,4.8
2014-05-08,2014,5.0
2014-05-09,2014,5.0
2014-05-12,2014,4.9
2014-05-13,2014,5.0
2014-05-14,2014,5.0
2014-05-15,2014,5.0
2014-05-16,2014,4.95
2014-05-19,2014,4.9
2014-05-20,2014,4.95
2014-05-21,2014,5.0
2014-05-22,2014,5.0
2014-05-23,2014,5.0
2014-05-26,2014,5.0
2014-05-27,2014,5.0
2014-05-28,2014,5.0
2014-05-29,2014,5.0
2014-05-30,2014,5.0
2014-06-02,2014,5.0
2014-06-03,2014,5.0
2014-06-04,2014,5.0
2014-06-05,2014,5.0
2014-06-06,2014,5.0
2014-06-09,2014,5.0
2014-06-10,2014,5.0
2014-06-11,2014,5.0
2014-06-12,2014,5.0
2014-06-13,2014,5.0
2014-06-16,2014,5.0
2014-06-17,2014,5.0
2014-06-18,2014,5.0
2014-06-20,2014,5.0
2014-06-23,2014,5.0
2014-06-24,2014,5.0
2014-06-25,2014,5.0
2014-06-26,2014,5.0
2014-06-27,2014,5.0
2014-06-30,2014,5.0
2014-07-01,2014,5.0
2014-07-02,2014,5.0
2014-07-03,2014,5.0
2014-07-04,2014,5.1
2014-07-07,2014,5.1
2014-07-08,2014,5.0
2014-07-09,2014,5.0
2014-07-10,2014,5.0
2014-07-11,2014,5.0
2014-07-14,2014,5.0
2014-07-15,2014,5.0
2014-07-16,2014,5.0
2014-07-17,2014,5.0
2014-07-18,2014,5.0
2014-07-21,2014,5.0
2014-07-22,2014,5.0
2014-07-23,2014,5.0
2014-07-24,2014,5.0
2014-07-25,2014,5.0
2014-07-28,2014,5.0
2014-07-29,2014,5.0
2014-07-30,2014,5.0
2014-07-31,2014,5.0
2014-08-01,2014,5.0
2014-08-04,2014,5.05
2014-08-05,2014,5.05
2014-08-06,2014,5.05
2014-08-07,2014,5.05
2014-08-08,2014,5.1
2014-08-11,2014,5.05
2014-08-12,2014,5.05
2014-08-13,2014,5.05
2014-08-14,2014,5.0
2014-08-15,2014,5.05
2014-08-18,2014,5.05
2014-08-19,2014,5.0
2014-08-20,2014,5.0
2014-08-21,2014,5.05
2014-08-22,2014,5.1
2014-08-25,2014,5.1
2014-08-26,2014,5.1
2014-08-27,2014,5.1
2014-08-28,2014,5.05
2014-08-29,2014,5.05
2014-09-01,2014,5.0
2014-09-02,2014,5.05
2014-09-03,2014,5.1
2014-09-04,2014,5.1
2014-09-05,2014,5.1
2014-09-08,2014,5.1
2014-09-09,2014,5.1
2014-09-10,2014,5.1
2014-09-11,2014,5.15
2014-09-12,2014,5.1
2014-09-15,2014,5.1
2014-09-16,2014,5.1
2014-09-17,2014,5.1
2014-09-18,2014,5.1
2014-09-19,2014,5.1
2014-09-22,2014,5.1
2014-09-23,2014,5.1
2014-09-24,2014,5.1
2014-09-25,2014,5.1
2014-09-26,2014,5.1
2014-09-29,2014,5.2
2014-09-30,2014,5.2
2014-10-01,2014,5.2
2014-10-02,2014,5.2
2014-10-03,2014,5.2
2014-10-06,2014,5.15
2014-10-07,2014,5.2
2014-10-08,2014,5.15
2014-10-09,2014,5.1
2014-10-10,2014,5.1
2014-10-13,2014,5.1
2014-10-14,2014,5.1
2014-10-15,2014,5.1
2014-10-16,2014,5.1
2014-10-17,2014,5.15
2014-10-20,2014,5.12
2014-10-21,2014,5.15
2014-10-22,2014,5.15
2014-10-23,2014,5.15
2014-10-24,2014,5.15
2014-10-27,2014,5.12
2014-10-28,2014,5.12
2014-10-29,2014,5.12
2014-10-30,2014,5.14
2014-10-31,2014,5.15
2014-11-03,2014,5.15
2014-11-04,2014,5.2
2014-11-05,2014,5.3
2014-11-06,2014,5.3
2014-11-07,2014,5.3
2014-11-10,2014,5.3
2014-11-11,2014,5.3
2014-11-12,2014,5.3
2014-11-13,2014,5.3
2014-11-14,2014,5.3
2014-11-17,2014,5.3
2014-11-18,2014,5.3
2014-11-19,2014,5.3
2014-11-20,2014,5.3
2014-11-21,2014,5.3
2014-11-24,2014,5.3
2014-11-25,2014,5.3
2014-11-26,2014,5.3
2014-11-27,2014,5.3
2014-11-28,2014,5.3
2014-12-01,2014,5.3
2014-12-02,2014,5.3
2014-12-03,2014,5.35
2014-12-04,2014,5.3
2014-12-05,2014,5.3
2014-12-08,2014,5.3
2014-12-09,2014,5.3
2014-12-10,2014,5.3
2014-12-11,2014,5.4
2014-12-12,2014,5.4
2014-12-15,2014,5.47
2014-12-16,2014,5.44
2014-12-17,2014,5.44
2014-12-18,2014,5.42
2014-12-19,2014,5.42
2014-12-22,2014,5.43
2014-12-23,2014,5.5
2014-12-24,2014,5.5
2014-12-26,2014,5.5
2014-12-29,2014,5.5
2014-12-30,2014,5.5
2014-12-31,2014,5.5
2015-01-02,2014,5.5
2015-01-05,2014,5.5
2015-01-06,2014,5.5
2015-01-07,2014,5.5
2015-01-08,2014,5.5
2011-01-07,2015,4.0
2011-01-10,2015,4.25
2011-01-11,2015,4.5
2011-01-12,2015,4.5
2011-01-13,2015,4.5
2011-01-14,2015,4.3
2011-01-17,2015,4.5
2011-01-18,2015,4.5
2011-01-19,2015,4.5
2011-01-20,2015,4.5
2011-01-21,2015,4.5
2011-01-24,2015,4.5
2011-01-25,2015,4.5
2011-01-26,2015,4.5
2011-01-27,2015,4.5
2011-01-28,2015,4.5
2011-01-31,2015,4.5
2011-02-01,2015,4.5
2011-02-02,2015,4.5
2011-02-03,2015,4.5
2011-02-04,2015,4.5
2011-02-07,2015,4.5
2011-02-08,2015,4.5
2011-02-09,2015,4.5
2011-02-10,2015,4.5
2011-02-11,2015,4.5
2011-02-14,2015,4.5
2011-02-15,2015,4.5
2011-02-16,2015,4.5
2011-02-17,2015,4.5
2011-02-18,2015,4.5
2011-02-21,2015,4.5
2011-02-22,2015,4.5
2011-02-23,2015,4.5
2011-02-24,2015,4.5
2011-02-25,2015,4.5
2011-02-28,2015,4.5
2011-03-01,2015,4.5
2011-03-02,2015,4.5
2011-03-03,2015,4.5
2011-03-04,2015,4.5
2011-03-09,2015,4.5
2011-03-10,2015,4.5
2011-03-11,2015,4.5
2011-03-14,2015,4.5
2011-03-15,2015,4.5
2011-03-16,2015,4.5
2011-03-17,2015,4.5
2011-03-18,2015,4.5
2011-03-21,2015,4.5
2011-03-22,2015,4.5
2011-03-23,2015,4.5
2011-03-24,2015,4.5
2011-03-25,2015,4.5
2011-03-28,2015,4.5
2011-03-29,2015,4.5
2011-03-30,2015,4.5
2011-03-31,2015,4.5
2011-04-01,2015,4.5
2011-04-04,2015,4.5
2011-04-05,2015,4.5
2011-04-06,2015,4.5
2011-04-07,2015,4.5
2011-04-08,2015,4.5
2011-04-11,2015,4.5
2011-04-12,2015,4.5
2011-04-13,2015,4.5
2011-04-14,2015,4.5
2011-04-15,2015,4.5
2011-04-18,2015,4.5
2011-04-19,2015,4.5
2011-04-20,2015,4.5
2011-04-25,2015,4.5
2011-04-26,2015,4.5
2011-04-27,2015,4.5
2011-04-28,2015,4.5
2011-04-29,2015,4.5
2011-05-02,2015,4.5
2011-05-03,2015,4.5
2011-05-04,2015,4.5
2011-05-05,2015,4.5
2011-05-06,2015,4.5
2011-05-09,2015,4.5
2011-05-10,2015,4.5
2011-05-11,2015,4.5
2011-05-12,2015,4.5
2011-05-13,2015,4.5
2011-05-16,2015,4.5
2011-05-17,2015,4.5
2011-05-18,2015,4.5
2011-05-19,2015,4.5
2011-05-20,2015,4.5
2011-05-23,2015,4.5
2011-05-24,2015,4.5
2011-05-25,2015,4.5
2011-05-26,2015,4.5
2011-05-27,2015,4.5
2011-05-30,2015,4.5
2011-05-31,2015,4.5
2011-06-01,2015,4.5
2011-06-02,2015,4.5
2011-06-03,2015,4.5
2011-06-06,2015,4.5
2011-06-07,2015,4.5
2011-06-08,2015,4.5
2011-06-09,2015,4.5
2011-06-10,2015,4.5
2011-06-13,2015,4.5
2011-06-14,2015,4.5
2011-06-15,2015,4.5
2011-06-16,2015,4.5
2011-06-17,2015,4.5
2011-06-20,2015,4.5
2011-06-21,2015,4.5
2011-06-22,2015,4.5
2011-06-24,2015,4.5
2011-06-27,2015,4.5
2011-06-28,2015,4.5
2011-06-29,2015,4.5
2011-06-30,2015,4.5
2011-07-01,2015,4.5
2011-07-04,2015,4.5
2011-07-05,2015,4.5
2011-07-06,2015,4.5
2011-07-07,2015,4.5
2011-07-08,2015,4.5
2011-07-11,2015,4.5
2011-07-12,2015,4.5
2011-07-13,2015,4.5
2011-07-14,2015,4.5
2011-07-15,2015,4.5
2011-07-18,2015,4.5
2011-07-19,2015,4.5
2011-07-20,2015,4.5
2011-07-21,2015,4.5
2011-07-22,2015,4.5
2011-07-25,2015,4.5
2011-07-26,2015,4.5
2011-07-27,2015,4.5
2011-07-28,2015,4.5
2011-07-29,2015,4.5
2011-08-01,2015,4.5
2011-08-02,2015,4.5
2011-08-03,2015,4.5
2011-08-04,2015,4.5
2011-08-05,2015,4.5
2011-08-08,2015,4.5
2011-08-09,2015,4.5
2011-08-10,2015,4.5
2011-08-11,2015,4.5
2011-08-12,2015,4.5
2011-08-15,2015,4.5
2011-08-16,2015,4.5
2011-08-17,2015,4.5
2011-08-18,2015,4.5
2011-08-19,2015,4.5
2011-08-22,2015,4.5
2011-08-23,2015,4.5
2011-08-24,2015,4.5
2011-08-25,2015,4.5
2011-08-26,2015,4.5
2011-08-29,2015,4.5
2011-08-30,2015,4.5
2011-08-31,2015,4.5
2011-09-01,2015,4.5
2011-09-02,2015,4.5
2011-09-05,2015,4.5
2011-09-06,2015,4.5
2011-09-08,2015,4.5
2011-09-09,2015,4.5
2011-09-12,2015,4.5
2011-09-13,2015,4.5
2011-09-14,2015,4.5
2011-09-15,2015,4.5
2011-09-16,2015,4.5
2011-09-19,2015,4.5
2011-09-20,2015,4.5
2011-09-21,2015,4.5
2011-09-22,2015,4.5
2011-09-23,2015,4.5
2011-09-26,2015,4.5
2011-09-27,2015,4.5
2011-09-28,2015,4.5
2011-09-29,2015,4.5
2011-09-30,2015,4.5
2011-10-03,2015,4.5
2011-10-04,2015,4.5
2011-10-05,2015,4.5
2011-10-06,2015,4.5
2011-10-07,2015,4.5
2011-10-10,2015,4.5
2011-10-11,2015,4.5
2011-10-13,2015,4.5
2011-10-14,2015,4.5
2011-10-17,2015,4.5
2011-10-18,2015,4.5
2011-10-19,2015,4.5
2011-10-20,2015,4.5
2011-10-21,2015,4.5
2011-10-24,2015,4.5
2011-10-25,2015,4.5
2011-10-26,2015,4.5
2011-10-27,2015,4.5
2011-10-28,2015,4.5
2011-10-31,2015,4.5
2011-11-01,2015,4.5
2011-11-03,2015,4.5
2011-11-04,2015,4.5
2011-11-07,2015,4.5
2011-11-08,2015,4.5
2011-11-09,2015,4.5
2011-11-10,2015,4.5
2011-11-11,2015,4.5
2011-11-14,2015,4.5
2011-11-16,2015,4.5
2011-11-17,2015,4.5
2011-11-18,2015,4.5
2011-11-21,2015,4.5
2011-11-22,2015,4.5
2011-11-23,2015,4.5
2011-11-24,2015,4.5
2011-11-25,2015,4.5
2011-11-28,2015,4.5
2011-11-29,2015,4.5
2011-11-30,2015,4.5
2011-12-01,2015,4.5
2011-12-02,2015,4.5
2011-12-05,2015,4.5
2011-12-06,2015,4.5
2011-12-07,2015,4.5
2011-12-08,2015,4.5
2011-12-09,2015,4.5
2011-12-12,2015,4.5
2011-12-13,2015,4.5
2011-12-14,2015,4.5
2011-12-15,2015,4.5
2011-12-16,2015,4.5
2011-12-19,2015,4.5
2011-12-20,2015,4.5
2011-12-21,2015,4.5
2011-12-22,2015,4.5
2011-12-23,2015,4.5
2011-12-26,2015,4.5
2011-12-27,2015,4.5
2011-12-28,2015,4.5
2011-12-29,2015,4.5
2011-12-30,2015,4.5
2012-01-02,2015,4.5
2012-01-03,2015,4.5
2012-01-04,2015,4.5
2012-01-05,2015,4.5
2012-01-06,2015,4.5
2012-01-09,2015,4.5
2012-01-10,2015,4.5
2012-01-11,2015,4.5
2012-01-12,2015,4.5
2012-01-13,2015,4.5
2012-01-16,2015,4.5
2012-01-17,2015,4.5
2012-01-18,2015,4.5
2012-01-19,2015,4.5
2012-01-20,2015,4.5
2012-01-23,2015,4.5
2012-01-24,2015,4.5
2012-01-25,2015,4.5
2012-01-26,2015,4.5
2012-01-27,2015,4.5
2012-01-30,2015,4.5
2012-01-31,2015,4.5
2012-02-01,2015,4.5
2012-02-02,2015,4.5
2012-02-03,2015,4.5
2012-02-06,2015,4.5
2012-02-07,2015,4.5
2012-02-08,2015,4.5
2012-02-09,2015,4.5
2012-02-10,2015,4.5
2012-02-13,2015,4.5
2012-02-14,2015,4.5
2012-02-15,2015,4.5
2012-02-16,2015,4.5
2012-02-17,2015,4.5
2012-02-22,2015,4.5
2012-02-23,2015,4.5
2012-02-24,2015,4.5
2012-02-27,2015,4.5
2012-02-28,2015,4.5
2012-02-29,2015,4.5
2012-03-01,2015,4.5
2012-03-02,2015,4.5
2012-03-05,2015,4.5
2012-03-06,2015,4.5
2012-03-07,2015,4.5
2012-03-08,2015,4.5
2012-03-09,2015,4.5
2012-03-12,2015,4.5
2012-03-13,2015,4.5
2012-03-14,2015,4.5
2012-03-15,2015,4.5
2012-03-16,2015,4.5
2012-03-19,2015,4.5
2012-03-20,2015,4.5
2012-03-21,2015,4.5
2012-03-22,2015,4.5
2012-03-23,2015,4.5
2012-03-26,2015,4.5
2012-03-27,2015,4.5
2012-03-28,2015,4.5
2012-03-29,2015,4.5
2012-03-30,2015,4.5
2012-04-02,2015,4.5
2012-04-03,2015,4.5
2012-04-04,2015,4.5
2012-04-05,2015,4.5
2012-04-09,2015,4.5
2012-04-10,2015,4.5
2012-04-11,2015,4.5
2012-04-12,2015,4.5
2012-04-13,2015,4.5
2012-04-16,2015,4.5
2012-04-17,2015,4.5
2012-04-18,2015,4.5
2012-04-19,2015,4.5
2012-04-20,2015,4.5
2012-04-23,2015,4.5
2012-04-24,2015,4.5
2012-04-25,2015,4.5
2012-04-26,2015,4.5
2012-04-27,2015,4.5
2012-04-30,2015,4.5
2012-05-02,2015,4.5
2012-05-03,2015,4.5
2012-05-04,2015,4.5
2012-05-07,2015,4.5
2012-05-08,2015,4.5
2012-05-09,2015,4.5
2012-05-10,2015,4.5
2012-05-11,2015,4.5
2012-05-14,2015,4.5
2012-05-15,2015,4.5
2012-05-16,2015,4.5
2012-05-17,2015,4.5
2012-05-18,2015,4.5
2012-05-21,2015,4.5
2012-05-22,2015,4.5
2012-05-23,2015,4.5
2012-05-24,2015,4.5
2012-05-25,2015,4.5
2012-05-28,2015,4.5
2012-05-29,2015,4.5
2012-05-30,2015,4.5
2012-05-31,2015,4.5
2012-06-01,2015,4.5
2012-06-04,2015,4.5
2012-06-05,2015,4.5
2012-06-06,2015,4.5
2012-06-08,2015,4.5
2012-06-11,2015,4.5
2012-06-12,2015,4.5
2012-06-13,2015,4.5
2012-06-14,2015,4.5
2012-06-15,2015,4.5
2012-06-18,2015,4.5
2012-06-19,2015,4.5
2012-06-20,2015,4.5
2012-06-21,2015,4.5
2012-06-22,2015,4.5
2012-06-25,2015,4.5
2012-06-26,2015,4.5
2012-06-27,2015,4.5
2012-06-28,2015,4.5
2012-06-29,2015,4.5
2012-07-02,2015,4.5
2012-07-03,2015,4.5
2012-07-04,2015,4.5
2012-07-05,2015,4.5
2012-07-06,2015,4.5
2012-07-09,2015,4.5
2012-07-10,2015,4.5
2012-07-11,2015,4.5
2012-07-12,2015,4.5
2012-07-13,2015,4.5
2012-07-16,2015,4.5
2012-07-17,2015,4.5
2012-07-18,2015,4.5
2012-07-19,2015,4.5
2012-07-20,2015,4.5
2012-07-23,2015,4.5
2012-07-24,2015,4.5
2012-07-25,2015,4.5
2012-07-26,2015,4.5
2012-07-27,2015,4.5
2012-07-30,2015,4.5
2012-07-31,2015,4.5
2012-08-01,2015,4.5
2012-08-02,2015,4.5
2012-08-03,2015,4.5
2012-08-06,2015,4.5
2012-08-07,2015,4.5
2012-08-08,2015,4.5
2012-08-09,2015,4.5
2012-08-10,2015,4.5
2012-08-13,2015,4.5
2012-08-14,2015,4.5
2012-08-15,2015,4.5
2012-08-16,2015,4.5
2012-08-17,2015,4.5
2012-08-20,2015,4.5
2012-08-21,2015,4.5
2012-08-22,2015,4.5
2012-08-23,2015,4.5
2012-08-24,2015,4.5
2012-08-27,2015,4.5
2012-08-28,2015,4.5
2012-08-29,2015,4.5
2012-08-30,2015,4.5
2012-08-31,2015,4.5
2012-09-03,2015,4.5
2012-09-04,2015,4.5
2012-09-05,2015,4.5
2012-09-06,2015,4.5
2012-09-10,2015,4.5
2012-09-11,2015,4.5
2012-09-12,2015,4.5
2012-09-13,2015,4.5
2012-09-14,2015,4.5
2012-09-17,2015,4.5
2012-09-18,2015,4.5
2012-09-19,2015,4.5
2012-09-20,2015,4.5
2012-09-21,2015,4.5
2012-09-24,2015,4.5
2012-09-25,2015,4.5
2012-09-26,2015,4.5
2012-09-27,2015,4.5
2012-09-28,2015,4.5
2012-10-01,2015,4.5
2012-10-02,2015,4.5
2012-10-03,2015,4.5
2012-10-04,2015,4.5
2012-10-05,2015,4.5
2012-10-08,2015,4.5
2012-10-09,2015,4.5
2012-10-10,2015,4.5
2012-10-11,2015,4.5
2012-10-15,2015,4.5
2012-10-16,2015,4.5
2012-10-17,2015,4.5
2012-10-18,2015,4.5
2012-10-19,2015,4.5
2012-10-22,2015,4.5
2012-10-23,2015,4.5
2012-10-24,2015,4.5
2012-10-25,2015,4.5
2012-10-26,2015,4.5
2012-10-29,2015,4.5
2012-10-30,2015,4.5
2012-10-31,2015,4.5
2012-11-01,2015,4.5
2012-11-05,2015,4.5
2012-11-06,2015,4.5
2012-11-07,2015,4.5
2012-11-08,2015,4.5
2012-11-09,2015,4.5
2012-11-12,2015,4.5
2012-11-13,2015,4.5
2012-11-14,2015,4.5
2012-11-16,2015,4.5
2012-11-19,2015,4.5
2012-11-20,2015,4.5
2012-11-21,2015,4.5
2012-11-22,2015,4.5
2012-11-23,2015,4.5
2012-11-26,2015,4.5
2012-11-27,2015,4.5
2012-11-28,2015,4.5
2012-11-29,2015,4.5
2012-11-30,2015,4.5
2012-12-03,2015,4.5
2012-12-04,2015,4.5
2012-12-05,2015,4.5
2012-12-06,2015,4.5
2012-12-07,2015,4.5
2012-12-10,2015,4.5
2012-12-11,2015,4.5
2012-12-12,2015,4.5
2012-12-13,2015,4.5
2012-12-14,2015,4.5
2012-12-17,2015,4.5
2012-12-18,2015,4.5
2012-12-19,2015,4.5
2012-12-20,2015,4.5
2012-12-21,2015,4.5
2012-12-24,2015,4.5
2012-12-26,2015,4.5
2012-12-27,2015,4.5
2012-12-28,2015,4.5
2012-12-31,2015,4.5
2013-01-02,2015,4.5
2013-01-03,2015,4.5
2013-01-04,2015,4.5
2013-01-07,2015,4.5
2013-01-08,2015,4.5
2013-01-09,2015,4.5
2013-01-10,2015,4.5
2013-01-11,2015,4.5
2013-01-14,2015,4.5
2013-01-15,2015,4.5
2013-01-16,2015,4.5
2013-01-17,2015,4.5
2013-01-18,2015,4.5
2013-01-21,2015,4.5
2013-01-22,2015,4.5
2013-01-23,2015,4.5
2013-01-24,2015,4.5
2013-01-25,2015,4.5
2013-01-28,2015,4.5
2013-01-29,2015,4.5
2013-01-30,2015,4.5
2013-01-31,2015,4.5
2013-02-01,2015,4.5
2013-02-04,2015,4.5
2013-02-05,2015,4.5
2013-02-06,2015,4.5
2013-02-07,2015,4.5
2013-02-08,2015,4.5
2013-02-13,2015,4.5
2013-02-14,2015,4.5
2013-02-15,2015,4.5
2013-02-18,2015,4.5
2013-02-19,2015,4.5
2013-02-20,2015,4.5
2013-02-21,2015,4.5
2013-02-22,2015,4.5
2013-02-25,2015,4.5
2013-02-26,2015,4.5
2013-02-27,2015,4.5
2013-02-28,2015,4.5
2013-03-01,2015,4.5
2013-03-04,2015,4.5
2013-03-05,2015,4.5
2013-03-06,2015,4.5
2013-03-07,2015,4.5
2013-03-08,2015,4.5
2013-03-11,2015,4.5
2013-03-12,2015,4.5
2013-03-13,2015,4.5
2013-03-14,2015,4.5
2013-03-15,2015,4.5
2013-03-18,2015,4.5
2013-03-19,2015,4.5
2013-03-20,2015,4.5
2013-03-21,2015,4.5
2013-03-22,2015,4.5
2013-03-25,2015,4.5
2013-03-26,2015,4.5
2013-03-27,2015,4.5
2013-03-28,2015,4.5
2013-04-01,2015,4.5
2013-04-02,2015,4.5
2013-04-03,2015,4.5
2013-04-04,2015,4.5
2013-04-05,2015,4.5
2013-04-08,2015,4.5
2013-04-09,2015,4.5
2013-04-10,2015,4.5
2013-04-11,2015,4.5
2013-04-12,2015,4.5
2013-04-15,2015,4.5
2013-04-16,2015,4.5
2013-04-17,2015,4.5
2013-04-18,2015,4.5
2013-04-19,2015,4.5
2013-04-22,2015,4.5
2013-04-23,2015,4.5
2013-04-24,2015,4.5
2013-04-25,2015,4.5
2013-04-26,2015,4.5
2013-04-29,2015,4.5
2013-04-30,2015,4.5
2013-05-02,2015,4.5
2013-05-03,2015,4.5
2013-05-06,2015,4.5
2013-05-07,2015,4.5
2013-05-08,2015,4.5
2013-05-09,2015,4.5
2013-05-10,2015,4.5
2013-05-13,2015,4.5
2013-05-14,2015,4.5
2013-05-15,2015,4.5
2013-05-16,2015,4.5
2013-05-17,2015,4.5
2013-05-20,2015,4.5
2013-05-21,2015,4.5
2013-05-22,2015,4.5
2013-05-23,2015,4.5
2013-05-24,2015,4.5
2013-05-27,2015,4.5
2013-05-28,2015,4.5
2013-05-29,2015,4.5
2013-05-31,2015,4.5
2013-06-03,2015,4.5
2013-06-04,2015,4.5
2013-06-05,2015,4.5
2013-06-06,2015,4.5
2013-06-07,2015,4.5
2013-06-10,2015,4.5
2013-06-11,2015,4.5
2013-06-12,2015,4.5
2013-06-13,2015,4.5
2013-06-14,2015,4.5
2013-06-17,2015,4.5
2013-06-18,2015,4.5
2013-06-19,2015,4.5
2013-06-20,2015,4.5
2013-06-21,2015,4.5
2013-06-24,2015,4.5
2013-06-25,2015,4.5
2013-06-26,2015,4.5
2013-06-27,2015,4.5
2013-06-28,2015,4.5
2013-07-01,2015,4.5
2013-07-02,2015,4.5
2013-07-03,2015,4.5
2013-07-04,2015,4.5
2013-07-05,2015,4.5
2013-07-08,2015,4.5
2013-07-09,2015,4.5
2013-07-10,2015,4.5
2013-07-11,2015,4.5
2013-07-12,2015,4.5
2013-07-15,2015,4.5
2013-07-16,2015,4.5
2013-07-17,2015,4.5
2013-07-18,2015,4.5
2013-07-19,2015,4.5
2013-07-22,2015,4.5
2013-07-23,2015,4.5
2013-07-24,2015,4.5
2013-07-25,2015,4.5
2013-07-26,2015,4.5
2013-07-29,2015,4.5
2013-07-30,2015,4.5
2013-07-31,2015,4.5
2013-08-01,2015,4.5
2013-08-02,2015,4.5
2013-08-05,2015,4.5
2013-08-06,2015,4.5
2013-08-07,2015,4.5
2013-08-08,2015,4.5
2013-08-09,2015,4.5
2013-08-12,2015,4.5
2013-08-13,2015,4.5
2013-08-14,2015,4.5
2013-08-15,2015,4.5
2013-08-16,2015,4.5
2013-08-19,2015,4.5
2013-08-20,2015,4.5
2013-08-21,2015,4.5
2013-08-22,2015,4.5
2013-08-23,2015,4.5
2013-08-26,2015,4.5
2013-08-27,2015,4.5
2013-08-28,2015,4.5
2013-08-29,2015,4.5
2013-08-30,2015,4.5
2013-09-02,2015,4.5
2013-09-03,2015,4.5
2013-09-04,2015,4.5
2013-09-05,2015,4.5
2013-09-06,2015,4.5
2013-09-09,2015,4.5
2013-09-10,2015,4.5
2013-09-11,2015,4.5
2013-09-12,2015,4.5
2013-09-13,2015,4.5
2013-09-16,2015,4.5
2013-09-17,2015,4.5
2013-09-18,2015,4.5
2013-09-19,2015,4.5
2013-09-20,2015,4.6
2013-09-23,2015,4.6
2013-09-24,2015,4.6
2013-09-25,2015,4.6
2013-09-26,2015,4.7
2013-09-27,2015,4.7
2013-09-30,2015,4.7
2013-10-01,2015,4.7
2013-10-02,2015,4.7
2013-10-03,2015,4.7
2013-10-04,2015,4.7
2013-10-07,2015,4.7
2013-10-08,2015,4.7
2013-10-09,2015,4.7
2013-10-10,2015,4.7
2013-10-11,2015,4.7
2013-10-14,2015,4.5
2013-10-15,2015,4.5
2013-10-16,2015,4.6
2013-10-17,2015,4.8
2013-10-18,2015,4.75
2013-10-21,2015,4.8
2013-10-22,2015,4.75
2013-10-23,2015,4.8
2013-10-24,2015,4.8
2013-10-25,2015,4.8
2013-10-28,2015,4.8
2013-10-29,2015,4.8
2013-10-30,2015,4.85
2013-10-31,2015,4.9
2013-11-01,2015,4.9
2013-11-04,2015,4.9
2013-11-05,2015,4.85
2013-11-06,2015,4.85
2013-11-07,2015,4.85
2013-11-08,2015,4.85
2013-11-11,2015,4.8
2013-11-12,2015,4.8
2013-11-13,2015,4.8
2013-11-14,2015,4.85
2013-11-18,2015,4.75
2013-11-19,2015,4.75
2013-11-20,2015,4.75
2013-11-21,2015,4.9
2013-11-22,2015,5.0
2013-11-25,2015,4.9
2013-11-26,2015,5.0
2013-11-27,2015,5.0
2013-11-28,2015,5.0
2013-11-29,2015,4.9
2013-12-02,2015,4.65
2013-12-03,2015,4.65
2013-12-04,2015,4.8
2013-12-05,2015,4.8
2013-12-06,2015,4.8
2013-12-09,2015,4.9
2013-12-10,2015,4.8
2013-12-11,2015,4.8
2013-12-12,2015,4.8
2013-12-13,2015,4.75
2013-12-16,2015,4.9
2013-12-17,2015,4.9
2013-12-18,2015,4.9
2013-12-19,2015,5.0
2013-12-20,2015,5.0
2013-12-23,2015,4.9
2013-12-24,2015,4.9
2013-12-26,2015,4.8
2013-12-27,2015,4.8
2013-12-30,2015,5.0
2013-12-31,2015,5.0
2014-01-02,2015,5.0
2014-01-03,2015,5.0
2014-01-06,2015,5.0
2014-01-07,2015,5.0
2014-01-08,2015,5.0
2014-01-09,2015,5.0
2014-01-10,2015,5.0
2014-01-13,2015,5.0
2014-01-14,2015,5.0
2014-01-15,2015,5.0
2014-01-16,2015,5.0
2014-01-17,2015,5.0
2014-01-20,2015,5.0
2014-01-21,2015,5.0
2014-01-22,2015,5.0
2014-01-23,2015,5.0
2014-01-24,2015,5.0
2014-01-27,2015,5.0
2014-01-28,2015,5.0
2014-01-29,2015,5.0
2014-01-30,2015,5.0
2014-01-31,2015,5.0
2014-02-03,2015,5.0
2014-02-04,2015,5.0
2014-02-05,2015,5.0
2014-02-06,2015,5.0
2014-02-07,2015,4.9
2014-02-10,2015,5.0
2014-02-11,2015,4.9
2014-02-12,2015,4.9
2014-02-13,2015,4.9
2014-02-14,2015,5.0
2014-02-17,2015,5.0
2014-02-18,2015,5.0
2014-02-19,2015,5.0
2014-02-20,2015,5.0
2014-02-21,2015,5.0
2014-02-24,2015,5.0
2014-02-25,2015,5.0
2014-02-26,2015,5.0
2014-02-27,2015,5.0
2014-02-28,2015,5.0
2014-03-05,2015,5.0
2014-03-06,2015,5.0
2014-03-07,2015,5.0
2014-03-10,2015,5.0
2014-03-11,2015,5.0
2014-03-12,2015,5.0
2014-03-13,2015,5.1
2014-03-14,2015,5.35
2014-03-17,2015,5.5
2014-03-18,2015,5.5
2014-03-19,2015,5.5
2014-03-20,2015,5.5
2014-03-21,2015,5.5
2014-03-24,2015,5.5
2014-03-25,2015,5.5
2014-03-26,2015,5.5
2014-03-27,2015,5.5
2014-03-28,2015,5.5
2014-03-31,2015,5.5
2014-04-01,2015,5.5
2014-04-02,2015,5.5
2014-04-03,2015,5.5
2014-04-04,2015,5.5
2014-04-07,2015,5.5
2014-04-08,2015,5.5
2014-04-09,2015,5.5
2014-04-10,2015,5.65
2014-04-11,2015,5.9
2014-04-14,2015,6.0
2014-04-15,2015,6.0
2014-04-16,2015,6.0
2014-04-17,2015,6.0
2014-04-22,2015,6.03
2014-04-23,2015,6.03
2014-04-24,2015,6.03
2014-04-25,2015,6.03
2014-04-28,2015,6.28
2014-04-29,2015,6.06
2014-04-30,2015,6.5
2014-05-02,2015,6.5
2014-05-05,2015,6.28
2014-05-06,2015,6.28
2014-05-07,2015,6.28
2014-05-08,2015,6.03
2014-05-09,2015,6.03
2014-05-12,2015,6.0
2014-05-13,2015,6.03
2014-05-14,2015,6.06
2014-05-15,2015,6.28
2014-05-16,2015,6.28
2014-05-19,2015,6.06
2014-05-20,2015,6.28
2014-05-21,2015,6.5
2014-05-22,2015,6.5
2014-05-23,2015,6.5
2014-05-26,2015,6.5
2014-05-27,2015,6.5
2014-05-28,2015,6.5
2014-05-29,2015,6.55
2014-05-30,2015,6.6
2014-06-02,2015,6.39
2014-06-03,2015,6.5
2014-06-04,2015,6.5
2014-06-05,2015,6.5
2014-06-06,2015,6.5
2014-06-09,2015,6.65
2014-06-10,2015,6.8
2014-06-11,2015,6.8
2014-06-12,2015,6.8
2014-06-13,2015,6.85
2014-06-16,2015,7.0
2014-06-17,2015,7.0
2014-06-18,2015,7.0
2014-06-20,2015,7.0
2014-06-23,2015,6.75
2014-06-24,2015,7.0
2014-06-25,2015,7.0
2014-06-26,2015,6.75
2014-06-27,2015,6.75
2014-06-30,2015,7.0
2014-07-01,2015,7.0
2014-07-02,2015,7.0
2014-07-03,2015,7.0
2014-07-04,2015,7.0
2014-07-07,2015,6.5
2014-07-08,2015,6.5
2014-07-09,2015,6.5
2014-07-10,2015,6.5
2014-07-11,2015,6.5
2014-07-14,2015,6.5
2014-07-15,2015,6.5
2014-07-16,2015,6.5
2014-07-17,2015,6.5
2014-07-18,2015,6.5
2014-07-21,2015,6.75
2014-07-22,2015,6.75
2014-07-23,2015,6.75
2014-07-24,2015,6.75
2014-07-25,2015,6.75
2014-07-28,2015,7.0
2014-07-29,2015,6.9
2014-07-30,2015,6.9
2014-07-31,2015,6.9
2014-08-01,2015,6.9
2014-08-04,2015,7.0
2014-08-05,2015,7.0
2014-08-06,2015,7.0
2014-08-07,2015,7.0
2014-08-08,2015,7.0
2014-08-11,2015,7.0
2014-08-12,2015,7.0
2014-08-13,2015,7.0
2014-08-14,2015,7.0
2014-08-15,2015,7.0
2014-08-18,2015,7.0
2014-08-19,2015,7.0
2014-08-20,2015,7.0
2014-08-21,2015,7.0
2014-08-22,2015,7.0
2014-08-25,2015,7.0
2014-08-26,2015,7.0
2014-08-27,2015,7.0
2014-08-28,2015,7.0
2014-08-29,2015,7.0
2014-09-01,2015,7.0
2014-09-02,2015,7.0
2014-09-03,2015,7.0
2014-09-04,2015,7.0
2014-09-05,2015,7.0
2014-09-08,2015,7.0
2014-09-09,2015,7.0
2014-09-10,2015,7.0
2014-09-11,2015,7.0
2014-09-12,2015,7.0
2014-09-15,2015,7.0
2014-09-16,2015,7.0
2014-09-17,2015,7.0
2014-09-18,2015,7.0
2014-09-19,2015,7.0
2014-09-22,2015,7.0
2014-09-23,2015,7.0
2014-09-24,2015,7.0
2014-09-25,2015,7.0
2014-09-26,2015,7.0
2014-09-29,2015,7.0
2014-09-30,2015,7.0
2014-10-01,2015,7.0
2014-10-02,2015,7.0
2014-10-03,2015,7.0
2014-10-06,2015,7.1
2014-10-07,2015,7.0
2014-10-08,2015,7.1
2014-10-09,2015,7.0
2014-10-10,2015,7.0
2014-10-13,2015,7.0
2014-10-14,2015,7.0
2014-10-15,2015,7.0
2014-10-16,2015,7.0
2014-10-17,2015,7.0
2014-10-20,2015,7.0
2014-10-21,2015,7.0
2014-10-22,2015,7.0
2014-10-23,2015,7.0
2014-10-24,2015,7.0
2014-10-27,2015,7.0
2014-10-28,2015,7.0
2014-10-29,2015,7.0
2014-10-30,2015,7.0
2014-10-31,2015,7.0
2014-11-03,2015,7.0
2014-11-04,2015,7.0
2014-11-05,2015,7.0
2014-11-06,2015,7.0
2014-11-07,2015,7.0
2014-11-10,2015,7.0
2014-11-11,2015,7.0
2014-11-12,2015,7.0
2014-11-13,2015,7.0
2014-11-14,2015,7.0
2014-11-17,2015,7.0
2014-11-18,2015,7.1
2014-11-19,2015,7.05
2014-11-20,2015,7.1
2014-11-21,2015,7.1
2014-11-24,2015,7.1
2014-11-25,2015,7.1
2014-11-26,2015,7.2
2014-11-27,2015,7.2
2014-11-28,2015,7.2
2014-12-01,2015,7.2
2014-12-02,2015,7.2
2014-12-03,2015,7.2
2014-12-04,2015,7.2
2014-12-05,2015,7.2
2014-12-08,2015,7.2
2014-12-09,2015,7.2
2014-12-10,2015,7.2
2014-12-11,2015,7.46
2014-12-12,2015,7.48
2014-12-15,2015,7.48
2014-12-16,2015,7.5
2014-12-17,2015,7.5
2014-12-18,2015,7.6
2014-12-19,2015,7.6
2014-12-22,2015,7.6
2014-12-23,2015,7.7
2014-12-24,2015,7.8
2014-12-26,2015,7.8
2014-12-29,2015,7.85
2014-12-30,2015,7.85
2014-12-31,2015,7.85
2015-01-02,2015,7.85
2015-01-05,2015,7.95
2015-01-06,2015,7.95
2015-01-07,2015,8.0
2015-01-08,2015,8.0
2015-01-09,2015,8.0
2015-01-12,2015,8.0
2015-01-13,2015,8.0
2015-01-14,2015,8.0
2015-01-15,2015,8.0
2015-01-16,2015,8.2
2015-01-19,2015,8.2
2015-01-20,2015,8.3
2015-01-21,2015,8.32
2015-01-22,2015,8.5
2015-01-23,2015,8.7
2015-01-26,2015,9.0
2015-01-27,2015,9.0
2015-01-28,2015,9.0
2015-01-29,2015,9.0
2015-01-30,2015,9.0
2015-02-02,2015,9.0
2015-02-03,2015,9.15
2015-02-04,2015,9.33
2015-02-05,2015,9.45
2015-02-06,2015,9.48
2015-02-09,2015,9.7
2015-02-10,2015,9.7
2015-02-11,2015,9.6
2015-02-12,2015,10.0
2015-02-13,2015,10.0
2015-02-18,2015,10.0
2015-02-19,2015,10.5
2015-02-20,2015,10.4
2015-02-23,2015,11.0
2015-02-24,2015,11.0
2015-02-25,2015,11.0
2015-02-26,2015,11.0
2015-02-27,2015,11.0
2015-03-02,2015,11.15
2015-03-03,2015,11.15
2015-03-04,2015,11.15
2015-03-05,2015,11.15
2015-03-06,2015,11.18
2015-03-09,2015,11.55
2015-03-10,2015,11.8
2015-03-11,2015,11.8
2015-03-12,2015,11.98
2015-03-13,2015,12.0
2015-03-16,2015,12.0
2015-03-17,2015,12.0
2015-03-18,2015,12.46
2015-03-19,2015,12.6
2015-03-20,2015,12.6
2015-03-23,2015,12.8
2015-03-24,2015,12.9
2015-03-25,2015,12.9
2015-03-26,2015,13.0
2015-03-27,2015,13.0
2015-03-30,2015,13.0
2015-03-31,2015,13.0
2015-04-01,2015,13.0
2015-04-02,2015,13.0
2015-04-06,2015,13.0
2015-04-07,2015,13.0
2015-04-08,2015,13.0
2015-04-09,2015,13.0
2015-04-10,2015,13.0
2015-04-13,2015,13.0
2015-04-14,2015,13.0
2015-04-15,2015,13.0
2015-04-16,2015,13.0
2015-04-17,2015,13.0
2015-04-20,2015,13.05
2015-04-22,2015,13.05
2015-04-23,2015,13.1
2015-04-24,2015,13.1
2015-04-27,2015,13.1
2015-04-28,2015,13.1
2015-04-29,2015,13.1
2015-04-30,2015,13.05
2015-05-04,2015,13.1
2015-05-05,2015,13.1
2015-05-06,2015,13.1
2015-05-07,2015,13.1
2015-05-08,2015,13.2
2015-05-11,2015,13.35
2015-05-12,2015,13.4
2015-05-13,2015,13.5
2015-05-14,2015,13.5
2015-05-15,2015,13.5
2015-05-18,2015,13.6
2015-05-19,2015,13.51
2015-05-20,2015,13.7
2015-05-21,2015,13.7
2015-05-22,2015,13.7
2015-05-25,2015,13.8
2015-05-26,2015,13.83
2015-05-27,2015,13.83
2015-05-28,2015,13.85
2015-05-29,2015,13.9
2015-06-01,2015,13.9
2015-06-02,2015,13.85
2015-06-03,2015,13.85
2015-06-05,2015,13.94
2015-06-08,2015,13.97
2015-06-09,2015,13.97
2015-06-10,2015,14.0
2015-06-11,2015,14.0
2015-06-12,2015,14.0
2015-06-15,2015,14.0
2015-06-16,2015,14.0
2015-06-17,2015,14.0
2015-06-18,2015,14.4
2015-06-19,2015,14.5
2015-06-22,2015,14.55
2015-06-23,2015,14.6
2015-06-24,2015,14.7
2015-06-25,2015,14.65
2015-06-26,2015,14.6
2015-06-29,2015,14.7
2015-06-30,2015,14.7
2015-07-01,2015,14.7
2015-07-02,2015,14.89
2015-07-03,2015,14.9
2015-07-06,2015,14.9
2015-07-07,2015,14.9
2015-07-08,2015,14.9
2015-07-09,2015,14.9
2015-07-10,2015,14.9
2015-07-13,2015,14.9
2015-07-14,2015,14.98
2015-07-15,2015,15.0
2015-07-16,2015,15.0
2015-07-17,2015,15.0
2015-07-20,2015,15.17
2015-07-21,2015,15.1
2015-07-22,2015,15.1
2015-07-23,2015,15.1
2015-07-24,2015,15.1
2015-07-27,2015,15.1
2015-07-28,2015,15.1
2015-07-29,2015,15.1
2015-07-30,2015,15.1
2015-07-31,2015,15.12
2015-08-03,2015,15.1
2015-08-04,2015,15.1
2015-08-05,2015,15.12
2015-08-06,2015,15.12
2015-08-07,2015,15.14
2015-08-10,2015,15.1
2015-08-11,2015,15.15
2015-08-12,2015,15.2
2015-08-13,2015,15.2
2015-08-14,2015,15.2
2015-08-17,2015,15.2
2015-08-18,2015,15.2
2015-08-19,2015,15.2
2015-08-20,2015,15.1
2015-08-21,2015,15.15
2015-08-24,2015,15.1
2015-08-25,2015,15.1
2015-08-26,2015,15.2
2015-08-27,2015,15.2
2015-08-28,2015,15.2
2015-08-31,2015,15.2
2015-09-01,2015,15.2
2015-09-02,2015,15.2
2015-09-03,2015,15.2
2015-09-04,2015,15.2
2015-09-08,2015,15.2
2015-09-09,2015,15.2
2015-09-10,2015,15.2
2015-09-11,2015,15.2
2015-09-14,2015,15.2
2015-09-15,2015,15.2
2015-09-16,2015,15.2
2015-09-17,2015,15.2
2015-09-18,2015,15.2
2015-09-21,2015,15.3
2015-09-22,2015,15.35
2015-09-23,2015,15.35
2015-09-24,2015,15.35
2015-09-25,2015,15.5
2015-09-28,2015,15.45
2015-09-29,2015,15.45
2015-09-30,2015,15.55
2015-10-01,2015,15.55
2015-10-02,2015,15.55
2015-10-05,2015,15.59
2015-10-06,2015,15.83
2015-10-07,2015,15.83
2015-10-08,2015,15.88
2015-10-09,2015,16.0
2015-10-13,2015,16.0
2015-10-14,2015,16.0
2015-10-15,2015,16.0
2015-10-16,2015,16.0
2015-10-19,2015,16.0
2015-10-20,2015,16.06
2015-10-21,2015,16.0
2015-10-22,2015,16.06
2015-10-23,2015,16.11
2015-10-26,2015,16.5
2015-10-27,2015,16.5
2015-10-28,2015,16.5
2015-10-29,2015,16.5
2015-10-30,2015,16.5
2015-11-03,2015,16.5
2015-11-04,2015,16.8
2015-11-05,2015,16.98
2015-11-06,2015,17.0
2015-11-09,2015,17.0
2015-11-10,2015,17.0
2015-11-11,2015,17.0
2015-11-12,2015,17.0
2015-11-13,2015,17.0
2015-11-16,2015,17.0
2015-11-17,2015,17.0
2015-11-18,2015,17.36
2015-11-19,2015,17.42
2015-11-20,2015,17.43
2015-11-23,2015,17.5
2015-11-24,2015,17.47
2015-11-25,2015,17.47
2015-11-26,2015,17.5
2015-11-27,2015,17.5
2015-11-30,2015,17.5
2015-12-01,2015,17.5
2015-12-02,2015,17.5
2015-12-03,2015,17.5
2015-12-04,2015,17.65
2015-12-07,2015,17.8
2015-12-08,2015,17.89
2015-12-09,2015,17.88
2015-12-10,2015,17.9
2015-12-11,2015,18.0
2015-12-14,2015,18.0
2015-12-15,2015,18.0
2015-12-16,2015,18.0
2015-12-17,2015,18.0
2015-12-18,2015,18.0
2015-12-21,2015,18.0
2015-12-22,2015,18.0
2015-12-23,2015,18.0
2015-12-24,2015,18.0
2015-12-28,2015,18.0
2015-12-29,2015,18.0
2015-12-30,2015,18.0
2015-12-31,2015,18.0
2016-01-04,2015,18.0
2016-01-05,2015,18.0
2016-01-06,2015,18.0
2016-01-07,2015,18.0
2012-01-09,2016,4.5
2012-01-10,2016,4.5
2012-01-11,2016,4.5
2012-01-12,2016,4.5
2012-01-13,2016,4.5
2012-01-16,2016,4.5
2012-01-17,2016,4.5
2012-01-18,2016,4.5
2012-01-19,2016,4.5
2012-01-20,2016,4.5
2012-01-23,2016,4.5
2012-01-24,2016,4.5
2012-01-25,2016,4.5
2012-01-26,2016,4.5
2012-01-27,2016,4.5
2012-01-30,2016,4.5
2012-01-31,2016,4.5
2012-02-01,2016,4.5
2012-02-02,2016,4.5
2012-02-03,2016,4.5
2012-02-06,2016,4.5
2012-02-07,2016,4.5
2012-02-08,2016,4.5
2012-02-09,2016,4.5
2012-02-10,2016,4.5
2012-02-13,2016,4.5
2012-02-14,2016,4.5
2012-02-15,2016,4.5
2012-02-16,2016,4.5
2012-02-17,2016,4.5
2012-02-22,2016,4.5
2012-02-23,2016,4.5
2012-02-24,2016,4.5
2012-02-27,2016,4.5
2012-02-28,2016,4.5
2012-02-29,2016,4.5
2012-03-01,2016,4.5
2012-03-02,2016,4.5
2012-03-05,2016,4.5
2012-03-06,2016,4.5
2012-03-07,2016,4.5
2012-03-08,2016,4.5
2012-03-09,2016,4.5
2012-03-12,2016,4.5
2012-03-13,2016,4.5
2012-03-14,2016,4.5
2012-03-15,2016,4.5
2012-03-16,2016,4.5
2012-03-19,2016,4.5
2012-03-20,2016,4.5
2012-03-21,2016,4.5
2012-03-22,2016,4.5
2012-03-23,2016,4.5
2012-03-26,2016,4.5
2012-03-27,2016,4.5
2012-03-28,2016,4.5
2012-03-29,2016,4.5
2012-03-30,2016,4.5
2012-04-02,2016,4.5
2012-04-03,2016,4.5
2012-04-04,2016,4.5
2012-04-05,2016,4.5
2012-04-09,2016,4.5
2012-04-10,2016,4.5
2012-04-11,2016,4.5
2012-04-12,2016,4.5
2012-04-13,2016,4.5
2012-04-16,2016,4.5
2012-04-17,2016,4.5
2012-04-18,2016,4.5
2012-04-19,2016,4.5
2012-04-20,2016,4.5
2012-04-23,2016,4.5
2012-04-24,2016,4.5
2012-04-25,2016,4.5
2012-04-26,2016,4.5
2012-04-27,2016,4.5
2012-04-30,2016,4.5
2012-05-02,2016,4.5
2012-05-03,2016,4.5
2012-05-04,2016,4.5
2012-05-07,2016,4.5
2012-05-08,2016,4.5
2012-05-09,2016,4.5
2012-05-10,2016,4.5
2012-05-11,2016,4.5
2012-05-14,2016,4.5
2012-05-15,2016,4.5
2012-05-16,2016,4.5
2012-05-17,2016,4.5
2012-05-18,2016,4.5
2012-05-21,2016,4.5
2012-05-22,2016,4.5
2012-05-23,2016,4.5
2012-05-24,2016,4.5
2012-05-25,2016,4.5
2012-05-28,2016,4.5
2012-05-29,2016,4.5
2012-05-30,2016,4.5
2012-05-31,2016,4.5
2012-06-01,2016,4.5
2012-06-04,2016,4.5
2012-06-05,2016,4.5
2012-06-06,2016,4.5
2012-06-08,2016,4.5
2012-06-11,2016,4.5
2012-06-12,2016,4.5
2012-06-13,2016,4.5
2012-06-14,2016,4.5
2012-06-15,2016,4.5
2012-06-18,2016,4.5
2012-06-19,2016,4.5
2012-06-20,2016,4.5
2012-06-21,2016,4.5
2012-06-22,2016,4.5
2012-06-25,2016,4.5
2012-06-26,2016,4.5
2012-06-27,2016,4.5
2012-06-28,2016,4.5
2012-06-29,2016,4.5
2012-07-02,2016,4.5
2012-07-03,2016,4.5
2012-07-04,2016,4.5
2012-07-05,2016,4.5
2012-07-06,2016,4.5
2012-07-09,2016,4.5
2012-07-10,2016,4.5
2012-07-11,2016,4.5
2012-07-12,2016,4.5
2012-07-13,2016,4.5
2012-07-16,2016,4.5
2012-07-17,2016,4.5
2012-07-18,2016,4.5
2012-07-19,2016,4.5
2012-07-20,2016,4.5
2012-07-23,2016,4.5
2012-07-24,2016,4.5
2012-07-25,2016,4.5
2012-07-26,2016,4.5
2012-07-27,2016,4.5
2012-07-30,2016,4.5
2012-07-31,2016,4.5
2012-08-01,2016,4.5
2012-08-02,2016,4.5
2012-08-03,2016,4.5
2012-08-06,2016,4.5
2012-08-07,2016,4.5
2012-08-08,2016,4.5
2012-08-09,2016,4.5
2012-08-10,2016,4.5
2012-08-13,2016,4.5
2012-08-14,2016,4.5
2012-08-15,2016,4.5
2012-08-16,2016,4.5
2012-08-17,2016,4.5
2012-08-20,2016,4.5
2012-08-21,2016,4.5
2012-08-22,2016,4.5
2012-08-23,2016,4.5
2012-08-24,2016,4.5
2012-08-27,2016,4.5
2012-08-28,2016,4.5
2012-08-29,2016,4.5
2012-08-30,2016,4.5
2012-08-31,2016,4.5
2012-09-03,2016,4.5
2012-09-04,2016,4.5
2012-09-05,2016,4.5
2012-09-06,2016,4.5
2012-09-10,2016,4.5
2012-09-11,2016,4.5
2012-09-12,2016,4.5
2012-09-13,2016,4.5
2012-09-14,2016,4.5
2012-09-17,2016,4.5
2012-09-18,2016,4.5
2012-09-19,2016,4.5
2012-09-20,2016,4.5
2012-09-21,2016,4.5
2012-09-24,2016,4.5
2012-09-25,2016,4.5
2012-09-26,2016,4.5
2012-09-27,2016,4.5
2012-09-28,2016,4.5
2012-10-01,2016,4.5
2012-10-02,2016,4.5
2012-10-03,2016,4.5
2012-10-04,2016,4.5
2012-10-05,2016,4.5
2012-10-08,2016,4.5
2012-10-09,2016,4.5
2012-10-10,2016,4.5
2012-10-11,2016,4.5
2012-10-15,2016,4.5
2012-10-16,2016,4.5
2012-10-17,2016,4.5
2012-10-18,2016,4.5
2012-10-19,2016,4.5
2012-10-22,2016,4.5
2012-10-23,2016,4.5
2012-10-24,2016,4.5
2012-10-25,2016,4.5
2012-10-26,2016,4.5
2012-10-29,2016,4.5
2012-10-30,2016,4.5
2012-10-31,2016,4.5
2012-11-01,2016,4.5
2012-11-05,2016,4.5
2012-11-06,2016,4.5
2012-11-07,2016,4.5
2012-11-08,2016,4.5
2012-11-09,2016,4.5
2012-11-12,2016,4.5
2012-11-13,2016,4.5
2012-11-14,2016,4.5
2012-11-16,2016,4.5
2012-11-19,2016,4.5
2012-11-20,2016,4.5
2012-11-21,2016,4.5
2012-11-22,2016,4.5
2012-11-23,2016,4.5
2012-11-26,2016,4.5
2012-11-27,2016,4.5
2012-11-28,2016,4.5
2012-11-29,2016,4.5
2012-11-30,2016,4.5
2012-12-03,2016,4.5
2012-12-04,2016,4.5
2012-12-05,2016,4.5
2012-12-06,2016,4.5
2012-12-07,2016,4.5
2012-12-10,2016,4.5
2012-12-11,2016,4.5
2012-12-12,2016,4.5
2012-12-13,2016,4.5
2012-12-14,2016,4.5
2012-12-17,2016,4.5
2012-12-18,2016,4.5
2012-12-19,2016,4.5
2012-12-20,2016,4.5
2012-12-21,2016,4.5
2012-12-24,2016,4.5
2012-12-26,2016,4.5
2012-12-27,2016,4.5
2012-12-28,2016,4.5
2012-12-31,2016,4.5
2013-01-02,2016,4.5
2013-01-03,2016,4.5
2013-01-04,2016,4.5
2013-01-07,2016,4.5
2013-01-08,2016,4.5
2013-01-09,2016,4.5
2013-01-10,2016,4.5
2013-01-11,2016,4.5
2013-01-14,2016,4.5
2013-01-15,2016,4.5
2013-01-16,2016,4.5
2013-01-17,2016,4.5
2013-01-18,2016,4.5
2013-01-21,2016,4.5
2013-01-22,2016,4.5
2013-01-23,2016,4.5
2013-01-24,2016,4.5
2013-01-25,2016,4.5
2013-01-28,2016,4.5
2013-01-29,2016,4.5
2013-01-30,2016,4.5
2013-01-31,2016,4.5
2013-02-01,2016,4.5
2013-02-04,2016,4.5
2013-02-05,2016,4.5
2013-02-06,2016,4.5
2013-02-07,2016,4.5
2013-02-08,2016,4.5
2013-02-13,2016,4.5
2013-02-14,2016,4.5
2013-02-15,2016,4.5
2013-02-18,2016,4.5
2013-02-19,2016,4.5
2013-02-20,2016,4.5
2013-02-21,2016,4.5
2013-02-22,2016,4.5
2013-02-25,2016,4.5
2013-02-26,2016,4.5
2013-02-27,2016,4.5
2013-02-28,2016,4.5
2013-03-01,2016,4.5
2013-03-04,2016,4.5
2013-03-05,2016,4.5
2013-03-06,2016,4.5
2013-03-07,2016,4.5
2013-03-08,2016,4.5
2013-03-11,2016,4.5
2013-03-12,2016,4.5
2013-03-13,2016,4.5
2013-03-14,2016,4.5
2013-03-15,2016,4.5
2013-03-18,2016,4.5
2013-03-19,2016,4.5
2013-03-20,2016,4.5
2013-03-21,2016,4.5
2013-03-22,2016,4.5
2013-03-25,2016,4.5
2013-03-26,2016,4.5
2013-03-27,2016,4.5
2013-03-28,2016,4.5
2013-04-01,2016,4.5
2013-04-02,2016,4.5
2013-04-03,2016,4.5
2013-04-04,2016,4.5
2013-04-05,2016,4.5
2013-04-08,2016,4.5
2013-04-09,2016,4.5
2013-04-10,2016,4.5
2013-04-11,2016,4.5
2013-04-12,2016,4.5
2013-04-15,2016,4.5
2013-04-16,2016,4.5
2013-04-17,2016,4.5
2013-04-18,2016,4.5
2013-04-19,2016,4.5
2013-04-22,2016,4.5
2013-04-23,2016,4.5
2013-04-24,2016,4.5
2013-04-25,2016,4.5
2013-04-26,2016,4.5
2013-04-29,2016,4.5
2013-04-30,2016,4.5
2013-05-02,2016,4.5
2013-05-03,2016,4.5
2013-05-06,2016,4.5
2013-05-07,2016,4.5
2013-05-08,2016,4.5
2013-05-09,2016,4.5
2013-05-10,2016,4.5
2013-05-13,2016,4.5
2013-05-14,2016,4.5
2013-05-15,2016,4.5
2013-05-16,2016,4.5
2013-05-17,2016,4.5
2013-05-20,2016,4.5
2013-05-21,2016,4.5
2013-05-22,2016,4.5
2013-05-23,2016,4.5
2013-05-24,2016,4.5
2013-05-27,2016,4.5
2013-05-28,2016,4.5
2013-05-29,2016,4.5
2013-05-31,2016,4.5
2013-06-03,2016,4.5
2013-06-04,2016,4.5
2013-06-05,2016,4.5
2013-06-06,2016,4.5
2013-06-07,2016,4.5
2013-06-10,2016,4.5
2013-06-11,2016,4.5
2013-06-12,2016,4.5
2013-06-13,2016,4.5
2013-06-14,2016,4.5
2013-06-17,2016,4.5
2013-06-18,2016,4.5
2013-06-19,2016,4.5
2013-06-20,2016,4.5
2013-06-21,2016,4.5
2013-06-24,2016,4.5
2013-06-25,2016,4.5
2013-06-26,2016,4.5
2013-06-27,2016,4.5
2013-06-28,2016,4.5
2013-07-01,2016,4.5
2013-07-02,2016,4.5
2013-07-03,2016,4.5
2013-07-04,2016,4.5
2013-07-05,2016,4.5
2013-07-08,2016,4.5
2013-07-09,2016,4.5
2013-07-10,2016,4.5
2013-07-11,2016,4.5
2013-07-12,2016,4.5
2013-07-15,2016,4.5
2013-07-16,2016,4.5
2013-07-17,2016,4.5
2013-07-18,2016,4.5
2013-07-19,2016,4.5
2013-07-22,2016,4.5
2013-07-23,2016,4.5
2013-07-24,2016,4.5
2013-07-25,2016,4.5
2013-07-26,2016,4.5
2013-07-29,2016,4.5
2013-07-30,2016,4.5
2013-07-31,2016,4.5
2013-08-01,2016,4.5
2013-08-02,2016,4.5
2013-08-05,2016,4.5
2013-08-06,2016,4.5
2013-08-07,2016,4.5
2013-08-08,2016,4.5
2013-08-09,2016,4.5
2013-08-12,2016,4.5
2013-08-13,2016,4.5
2013-08-14,2016,4.5
2013-08-15,2016,4.5
2013-08-16,2016,4.5
2013-08-19,2016,4.5
2013-08-20,2016,4.5
2013-08-21,2016,4.5
2013-08-22,2016,4.5
2013-08-23,2016,4.5
2013-08-26,2016,4.5
2013-08-27,2016,4.5
2013-08-28,2016,4.5
2013-08-29,2016,4.5
2013-08-30,2016,4.5
2013-09-02,2016,4.5
2013-09-03,2016,4.5
2013-09-04,2016,4.5
2013-09-05,2016,4.5
2013-09-06,2016,4.5
2013-09-09,2016,4.5
2013-09-10,2016,4.5
2013-09-11,2016,4.5
2013-09-12,2016,4.5
2013-09-13,2016,4.5
2013-09-16,2016,4.5
2013-09-17,2016,4.5
2013-09-18,2016,4.5
2013-09-19,2016,4.5
2013-09-20,2016,4.5
2013-09-23,2016,4.5
2013-09-24,2016,4.5
2013-09-25,2016,4.5
2013-09-26,2016,4.5
2013-09-27,2016,4.5
2013-09-30,2016,4.5
2013-10-01,2016,4.5
2013-10-02,2016,4.5
2013-10-03,2016,4.5
2013-10-04,2016,4.5
2013-10-07,2016,4.5
2013-10-08,2016,4.5
2013-10-09,2016,4.5
2013-10-10,2016,4.5
2013-10-11,2016,4.5
2013-10-14,2016,4.5
2013-10-15,2016,4.5
2013-10-16,2016,4.5
2013-10-17,2016,4.5
2013-10-18,2016,4.5
2013-10-21,2016,4.5
2013-10-22,2016,4.5
2013-10-23,2016,4.5
2013-10-24,2016,4.5
2013-10-25,2016,4.5
2013-10-28,2016,4.5
2013-10-29,2016,4.5
2013-10-30,2016,4.5
2013-10-31,2016,4.5
2013-11-01,2016,4.5
2013-11-04,2016,4.5
2013-11-05,2016,4.5
2013-11-06,2016,4.5
2013-11-07,2016,4.5
2013-11-08,2016,4.5
2013-11-11,2016,4.5
2013-11-12,2016,4.5
2013-11-13,2016,4.5
2013-11-14,2016,4.5
2013-11-18,2016,4.5
2013-11-19,2016,4.5
2013-11-20,2016,4.5
2013-11-21,2016,4.5
2013-11-22,2016,4.5
2013-11-25,2016,4.5
2013-11-26,2016,4.5
2013-11-27,2016,4.5
2013-11-28,2016,4.5
2013-11-29,2016,4.5
2013-12-02,2016,4.5
2013-12-03,2016,4.5
2013-12-04,2016,4.5
2013-12-05,2016,4.5
2013-12-06,2016,4.5
2013-12-09,2016,4.5
2013-12-10,2016,4.5
2013-12-11,2016,4.5
2013-12-12,2016,4.5
2013-12-13,2016,4.5
2013-12-16,2016,4.5
2013-12-17,2016,4.5
2013-12-18,2016,4.5
2013-12-19,2016,4.5
2013-12-20,2016,4.5
2013-12-23,2016,4.5
2013-12-24,2016,4.5
2013-12-26,2016,4.5
2013-12-27,2016,4.5
2013-12-30,2016,4.5
2013-12-31,2016,4.5
2014-01-02,2016,4.5
2014-01-03,2016,4.5
2014-01-06,2016,4.5
2014-01-07,2016,4.5
2014-01-08,2016,4.5
2014-01-09,2016,4.5
2014-01-10,2016,4.5
2014-01-13,2016,4.5
2014-01-14,2016,4.5
2014-01-15,2016,4.5
2014-01-16,2016,4.5
2014-01-17,2016,4.5
2014-01-20,2016,4.5
2014-01-21,2016,4.5
2014-01-22,2016,4.5
2014-01-23,2016,4.5
2014-01-24,2016,4.5
2014-01-27,2016,4.5
2014-01-28,2016,4.5
2014-01-29,2016,4.5
2014-01-30,2016,4.5
2014-01-31,2016,4.5
2014-02-03,2016,4.5
2014-02-04,2016,4.5
2014-02-05,2016,4.5
2014-02-06,2016,4.5
2014-02-07,2016,4.5
2014-02-10,2016,4.5
2014-02-11,2016,4.5
2014-02-12,2016,4.5
2014-02-13,2016,4.5
2014-02-14,2016,4.5
2014-02-17,2016,4.5
2014-02-18,2016,4.5
2014-02-19,2016,4.5
2014-02-20,2016,4.5
2014-02-21,2016,4.5
2014-02-24,2016,4.5
2014-02-25,2016,4.5
2014-02-26,2016,4.5
2014-02-27,2016,4.5
2014-02-28,2016,4.5
2014-03-05,2016,4.5
2014-03-06,2016,4.5
2014-03-07,2016,4.5
2014-03-10,2016,4.5
2014-03-11,2016,4.5
2014-03-12,2016,4.5
2014-03-13,2016,4.5
2014-03-14,2016,4.5
2014-03-17,2016,4.5
2014-03-18,2016,4.5
2014-03-19,2016,4.5
2014-03-20,2016,4.5
2014-03-21,2016,4.5
2014-03-24,2016,4.5
2014-03-25,2016,4.5
2014-03-26,2016,4.5
2014-03-27,2016,4.5
2014-03-28,2016,4.75
2014-03-31,2016,4.5
2014-04-01,2016,4.5
2014-04-02,2016,5.0
2014-04-03,2016,5.0
2014-04-04,2016,5.0
2014-04-07,2016,5.0
2014-04-08,2016,5.0
2014-04-09,2016,5.0
2014-04-10,2016,5.0
2014-04-11,2016,5.0
2014-04-14,2016,5.0
2014-04-15,2016,5.0
2014-04-16,2016,5.0
2014-04-17,2016,5.0
2014-04-22,2016,5.0
2014-04-23,2016,5.0
2014-04-24,2016,5.0
2014-04-25,2016,5.0
2014-04-28,2016,5.0
2014-04-29,2016,5.0
2014-04-30,2016,5.0
2014-05-02,2016,5.0
2014-05-05,2016,5.0
2014-05-06,2016,5.0
2014-05-07,2016,5.0
2014-05-08,2016,5.0
2014-05-09,2016,5.0
2014-05-12,2016,5.0
2014-05-13,2016,5.0
2014-05-14,2016,5.0
2014-05-15,2016,5.0
2014-05-16,2016,5.2
2014-05-19,2016,5.0
2014-05-20,2016,5.4
2014-05-21,2016,5.45
2014-05-22,2016,5.45
2014-05-23,2016,5.45
2014-05-26,2016,5.45
2014-05-27,2016,5.45
2014-05-28,2016,5.45
2014-05-29,2016,5.5
2014-05-30,2016,5.45
2014-06-02,2016,5.45
2014-06-03,2016,5.5
2014-06-04,2016,5.5
2014-06-05,2016,5.5
2014-06-06,2016,5.5
2014-06-09,2016,5.5
2014-06-10,2016,5.5
2014-06-11,2016,5.5
2014-06-12,2016,5.5
2014-06-13,2016,5.5
2014-06-16,2016,5.5
2014-06-17,2016,5.5
2014-06-18,2016,5.5
2014-06-20,2016,5.5
2014-06-23,2016,5.5
2014-06-24,2016,5.5
2014-06-25,2016,5.5
2014-06-26,2016,5.5
2014-06-27,2016,5.5
2014-06-30,2016,5.5
2014-07-01,2016,5.5
2014-07-02,2016,5.5
2014-07-03,2016,5.5
2014-07-04,2016,5.5
2014-07-07,2016,5.5
2014-07-08,2016,5.5
2014-07-09,2016,5.5
2014-07-10,2016,5.5
2014-07-11,2016,5.5
2014-07-14,2016,5.5
2014-07-15,2016,5.5
2014-07-16,2016,5.5
2014-07-17,2016,5.5
2014-07-18,2016,5.5
2014-07-21,2016,5.5
2014-07-22,2016,5.5
2014-07-23,2016,5.5
2014-07-24,2016,5.5
2014-07-25,2016,5.5
2014-07-28,2016,5.5
2014-07-29,2016,5.5
2014-07-30,2016,5.5
2014-07-31,2016,5.5
2014-08-01,2016,5.5
2014-08-04,2016,5.5
2014-08-05,2016,5.5
2014-08-06,2016,5.5
2014-08-07,2016,5.5
2014-08-08,2016,5.5
2014-08-11,2016,5.5
2014-08-12,2016,5.5
2014-08-13,2016,5.5
2014-08-14,2016,5.5
2014-08-15,2016,5.5
2014-08-18,2016,5.5
2014-08-19,2016,5.5
2014-08-20,2016,5.5
2014-08-21,2016,5.5
2014-08-22,2016,5.5
2014-08-25,2016,6.0
2014-08-26,2016,5.5
2014-08-27,2016,5.5
2014-08-28,2016,5.5
2014-08-29,2016,5.75
2014-09-01,2016,6.0
2014-09-02,2016,6.0
2014-09-03,2016,6.0
2014-09-04,2016,5.75
2014-09-05,2016,5.75
2014-09-08,2016,5.5
2014-09-09,2016,5.65
2014-09-10,2016,5.65
2014-09-11,2016,5.5
2014-09-12,2016,5.5
2014-09-15,2016,5.5
2014-09-16,2016,5.5
2014-09-17,2016,5.65
2014-09-18,2016,5.8
2014-09-19,2016,5.5
2014-09-22,2016,5.5
2014-09-23,2016,5.5
2014-09-24,2016,5.5
2014-09-25,2016,5.5
2014-09-26,2016,5.5
2014-09-29,2016,5.65
2014-09-30,2016,5.8
2014-10-01,2016,6.0
2014-10-02,2016,6.0
2014-10-03,2016,6.0
2014-10-06,2016,6.0
2014-10-07,2016,6.0
2014-10-08,2016,6.0
2014-10-09,2016,6.0
2014-10-10,2016,6.0
2014-10-13,2016,6.0
2014-10-14,2016,6.0
2014-10-15,2016,5.5
2014-10-16,2016,5.5
2014-10-17,2016,5.5
2014-10-20,2016,5.5
2014-10-21,2016,5.5
2014-10-22,2016,5.5
2014-10-23,2016,5.5
2014-10-24,2016,5.5
2014-10-27,2016,5.5
2014-10-28,2016,5.5
2014-10-29,2016,5.5
2014-10-30,2016,5.5
2014-10-31,2016,5.5
2014-11-03,2016,5.5
2014-11-04,2016,5.5
2014-11-05,2016,5.5
2014-11-06,2016,5.5
2014-11-07,2016,5.55
2014-11-10,2016,5.7
2014-11-11,2016,5.6
2014-11-12,2016,5.55
2014-11-13,2016,5.5
2014-11-14,2016,5.5
2014-11-17,2016,5.5
2014-11-18,2016,5.5
2014-11-19,2016,5.5
2014-11-20,2016,5.5
2014-11-21,2016,5.5
2014-11-24,2016,5.5
2014-11-25,2016,5.5
2014-11-26,2016,5.5
2014-11-27,2016,5.55
2014-11-28,2016,5.55
2014-12-01,2016,5.5
2014-12-02,2016,5.55
2014-12-03,2016,5.5
2014-12-04,2016,5.6
2014-12-05,2016,5.6
2014-12-08,2016,5.5
2014-12-09,2016,5.55
2014-12-10,2016,5.55
2014-12-11,2016,5.8
2014-12-12,2016,5.8
2014-12-15,2016,5.55
2014-12-16,2016,5.6
2014-12-17,2016,5.6
2014-12-18,2016,6.0
2014-12-19,2016,6.0
2014-12-22,2016,6.0
2014-12-23,2016,5.9
2014-12-24,2016,5.8
2014-12-26,2016,5.8
2014-12-29,2016,5.8
2014-12-30,2016,5.8
2014-12-31,2016,5.8
2015-01-02,2016,5.8
2015-01-05,2016,5.8
2015-01-06,2016,5.8
2015-01-07,2016,5.8
2015-01-08,2016,6.0
2015-01-09,2016,6.0
2015-01-12,2016,6.0
2015-01-13,2016,6.0
2015-01-14,2016,6.0
2015-01-15,2016,6.0
2015-01-16,2016,5.9
2015-01-19,2016,5.8
2015-01-20,2016,5.7
2015-01-21,2016,5.8
2015-01-22,2016,5.8
2015-01-23,2016,5.8
2015-01-26,2016,5.8
2015-01-27,2016,5.8
2015-01-28,2016,5.8
2015-01-29,2016,5.8
2015-01-30,2016,5.8
2015-02-02,2016,5.65
2015-02-03,2016,5.5
2015-02-04,2016,5.5
2015-02-05,2016,5.5
2015-02-06,2016,5.5
2015-02-09,2016,5.5
2015-02-10,2016,5.5
2015-02-11,2016,5.5
2015-02-12,2016,5.5
2015-02-13,2016,5.5
2015-02-18,2016,5.5
2015-02-19,2016,5.5
2015-02-20,2016,5.5
2015-02-23,2016,5.5
2015-02-24,2016,5.5
2015-02-25,2016,5.5
2015-02-26,2016,5.5
2015-02-27,2016,5.5
2015-03-02,2016,5.5
2015-03-03,2016,5.5
2015-03-04,2016,5.5
2015-03-05,2016,5.5
2015-03-06,2016,5.5
2015-03-09,2016,5.5
2015-03-10,2016,5.5
2015-03-11,2016,5.5
2015-03-12,2016,5.5
2015-03-13,2016,5.5
2015-03-16,2016,5.5
2015-03-17,2016,5.5
2015-03-18,2016,5.5
2015-03-19,2016,5.5
2015-03-20,2016,5.5
2015-03-23,2016,5.5
2015-03-24,2016,5.5
2015-03-25,2016,5.5
2015-03-26,2016,5.5
2015-03-27,2016,5.5
2015-03-30,2016,5.5
2015-03-31,2016,5.5
2015-04-01,2016,5.5
2015-04-02,2016,5.5
2015-04-06,2016,5.5
2015-04-07,2016,5.5
2015-04-08,2016,5.5
2015-04-09,2016,5.5
2015-04-10,2016,5.5
2015-04-13,2016,5.5
2015-04-14,2016,5.5
2015-04-15,2016,5.5
2015-04-16,2016,5.6
2015-04-17,2016,5.6
2015-04-20,2016,5.71
2015-04-22,2016,5.71
2015-04-23,2016,5.71
2015-04-24,2016,5.71
2015-04-27,2016,5.76
2015-04-28,2016,5.8
2015-04-29,2016,5.76
2015-04-30,2016,5.76
2015-05-04,2016,5.71
2015-05-05,2016,5.71
2015-05-06,2016,5.71
2015-05-07,2016,5.71
2015-05-08,2016,5.71
2015-05-11,2016,5.8
2015-05-12,2016,5.8
2015-05-13,2016,5.8
2015-05-14,2016,5.8
2015-05-15,2016,5.71
2015-05-18,2016,5.8
2015-05-19,2016,5.8
2015-05-20,2016,5.8
2015-05-21,2016,5.84
2015-05-22,2016,5.84
2015-05-25,2016,5.88
2015-05-26,2016,5.84
2015-05-27,2016,5.8
2015-05-28,2016,5.8
2015-05-29,2016,5.8
2015-06-01,2016,5.8
2015-06-02,2016,5.8
2015-06-03,2016,5.8
2015-06-05,2016,5.8
2015-06-08,2016,5.88
2015-06-09,2016,5.88
2015-06-10,2016,5.89
2015-06-11,2016,5.88
2015-06-12,2016,5.84
2015-06-15,2016,5.9
2015-06-16,2016,5.9
2015-06-17,2016,5.9
2015-06-18,2016,5.85
2015-06-19,2016,5.9
2015-06-22,2016,5.9
2015-06-23,2016,5.91
2015-06-24,2016,5.91
2015-06-25,2016,5.9
2015-06-26,2016,5.91
2015-06-29,2016,6.0
2015-06-30,2016,5.96
2015-07-01,2016,5.96
2015-07-02,2016,5.96
2015-07-03,2016,5.96
2015-07-06,2016,6.0
2015-07-07,2016,6.0
2015-07-08,2016,6.0
2015-07-09,2016,6.0
2015-07-10,2016,5.96
2015-07-13,2016,5.91
2015-07-14,2016,5.9
2015-07-15,2016,5.9
2015-07-16,2016,5.91
2015-07-17,2016,5.96
2015-07-20,2016,5.92
2015-07-21,2016,5.9
2015-07-22,2016,5.91
2015-07-23,2016,6.0
2015-07-24,2016,5.92
2015-07-27,2016,5.92
2015-07-28,2016,5.92
2015-07-29,2016,5.92
2015-07-30,2016,5.92
2015-07-31,2016,6.0
2015-08-03,2016,5.92
2015-08-04,2016,5.92
2015-08-05,2016,5.85
2015-08-06,2016,5.85
2015-08-07,2016,5.9
2015-08-10,2016,5.9
2015-08-11,2016,5.85
2015-08-12,2016,5.91
2015-08-13,2016,5.92
2015-08-14,2016,5.92
2015-08-17,2016,5.92
2015-08-18,2016,5.92
2015-08-19,2016,5.91
2015-08-20,2016,5.91
2015-08-21,2016,5.92
2015-08-24,2016,5.92
2015-08-25,2016,5.92
2015-08-26,2016,5.92
2015-08-27,2016,5.92
2015-08-28,2016,5.92
2015-08-31,2016,5.9
2015-09-01,2016,5.9
2015-09-02,2016,5.9
2015-09-03,2016,5.91
2015-09-04,2016,5.88
2015-09-08,2016,5.88
2015-09-09,2016,5.85
2015-09-10,2016,5.91
2015-09-11,2016,5.88
2015-09-14,2016,5.88
2015-09-15,2016,5.88
2015-09-16,2016,5.9
2015-09-17,2016,5.88
2015-09-18,2016,5.91
2015-09-21,2016,5.96
2015-09-22,2016,5.96
2015-09-23,2016,5.96
2015-09-24,2016,5.96
2015-09-25,2016,5.92
2015-09-28,2016,6.0
2015-09-29,2016,6.0
2015-09-30,2016,6.0
2015-10-01,2016,6.0
2015-10-02,2016,6.0
2015-10-05,2016,6.0
2015-10-06,2016,6.0
2015-10-07,2016,6.0
2015-10-08,2016,6.0
2015-10-09,2016,6.27
2015-10-13,2016,6.27
2015-10-14,2016,6.29
2015-10-15,2016,6.29
2015-10-16,2016,6.35
2015-10-19,2016,6.5
2015-10-20,2016,6.5
2015-10-21,2016,6.5
2015-10-22,2016,6.5
2015-10-23,2016,6.6
2015-10-26,2016,6.6
2015-10-27,2016,6.5
2015-10-28,2016,6.74
2015-10-29,2016,6.75
2015-10-30,2016,6.75
2015-11-03,2016,6.85
2015-11-04,2016,6.9
2015-11-05,2016,6.9
2015-11-06,2016,6.95
2015-11-09,2016,6.9
2015-11-10,2016,6.9
2015-11-11,2016,6.9
2015-11-12,2016,6.9
2015-11-13,2016,7.0
2015-11-16,2016,6.9
2015-11-17,2016,6.95
2015-11-18,2016,7.0
2015-11-19,2016,7.0
2015-11-20,2016,7.0
2015-11-23,2016,7.0
2015-11-24,2016,7.0
2015-11-25,2016,7.0
2015-11-26,2016,7.0
2015-11-27,2016,7.08
2015-11-30,2016,7.2
2015-12-01,2016,7.2
2015-12-02,2016,7.2
2015-12-03,2016,7.2
2015-12-04,2016,7.35
2015-12-07,2016,7.45
2015-12-08,2016,7.5
2015-12-09,2016,7.5
2015-12-10,2016,7.5
2015-12-11,2016,7.5
2015-12-14,2016,7.5
2015-12-15,2016,7.5
2015-12-16,2016,7.5
2015-12-17,2016,7.5
2015-12-18,2016,7.5
2015-12-21,2016,7.5
2015-12-22,2016,7.5
2015-12-23,2016,7.5
2015-12-24,2016,7.5
2015-12-28,2016,7.5
2015-12-29,2016,7.5
2015-12-30,2016,7.5
2015-12-31,2016,7.5
2016-01-04,2016,7.5
2016-01-05,2016,7.5
2016-01-06,2016,7.5
2016-01-07,2016,7.5
2016-01-08,2016,7.5
2016-01-11,2016,7.55
2016-01-12,2016,7.55
2016-01-13,2016,7.55
2016-01-14,2016,7.55
2016-01-15,2016,7.55
2016-01-18,2016,7.62
2016-01-19,2016,7.66
2016-01-20,2016,7.61
2016-01-21,2016,7.62
2016-01-22,2016,7.62
2016-01-25,2016,7.66
2016-01-26,2016,7.66
2016-01-27,2016,7.66
2016-01-28,2016,7.7
2016-01-29,2016,7.7
2016-02-01,2016,7.65
2016-02-02,2016,7.65
2016-02-03,2016,7.65
2016-02-04,2016,7.6
2016-02-05,2016,7.7
2016-02-10,2016,7.7
2016-02-11,2016,7.7
2016-02-12,2016,7.7
2016-02-15,2016,7.7
2016-02-16,2016,7.7
2016-02-17,2016,7.6
2016-02-18,2016,7.53
2016-02-19,2016,7.5
2016-02-22,2016,7.5
2016-02-23,2016,7.5
2016-02-24,2016,7.5
2016-02-25,2016,7.5
2016-02-26,2016,7.5
2016-02-29,2016,7.4
2016-03-01,2016,7.4
2016-03-02,2016,7.4
2016-03-03,2016,7.4
2016-03-04,2016,7.4
2016-03-07,2016,7.4
2016-03-08,2016,7.4
2016-03-09,2016,7.4
2016-03-10,2016,7.4
2016-03-11,2016,7.4
2016-03-14,2016,7.4
2016-03-15,2016,7.4
2016-03-16,2016,7.4
2016-03-17,2016,7.2
2016-03-18,2016,7.2
2016-03-21,2016,7.4
2016-03-22,2016,7.35
2016-03-23,2016,7.35
2016-03-24,2016,7.3
2016-03-28,2016,7.3
2016-03-29,2016,7.3
2016-03-30,2016,7.3
2016-03-31,2016,7.4
2016-04-01,2016,7.4
2016-04-04,2016,7.35
2016-04-05,2016,7.35
2016-04-06,2016,7.25
2016-04-07,2016,7.25
2016-04-08,2016,7.2
2016-04-11,2016,7.2
2016-04-12,2016,7.2
2016-04-13,2016,7.2
2016-04-14,2016,7.2
2016-04-15,2016,7.2
2016-04-18,2016,7.19
2016-04-19,2016,7.18
2016-04-20,2016,7.1
2016-04-22,2016,7.0
2016-04-25,2016,7.0
2016-04-26,2016,7.0
2016-04-27,2016,7.0
2016-04-28,2016,7.0
2016-04-29,2016,6.95
2016-05-02,2016,6.9
2016-05-03,2016,6.9
2016-05-04,2016,6.95
2016-05-05,2016,7.0
2016-05-06,2016,7.0
2016-05-09,2016,7.0
2016-05-10,2016,7.0
2016-05-11,2016,7.0
2016-05-12,2016,7.0
2016-05-13,2016,7.0
2016-05-16,2016,7.0
2016-05-17,2016,7.0
2016-05-18,2016,7.0
2016-05-19,2016,7.0
2016-05-20,2016,7.0
2016-05-23,2016,7.0
2016-05-24,2016,7.0
2016-05-25,2016,7.0
2016-05-27,2016,7.0
2016-05-30,2016,7.0
2016-05-31,2016,7.0
2016-06-01,2016,7.0
2016-06-02,2016,6.98
2016-06-03,2016,6.98
2016-06-06,2016,6.9
2016-06-07,2016,6.9
2016-06-08,2016,6.9
2016-06-09,2016,6.94
2016-06-10,2016,6.94
2016-06-13,2016,6.9
2016-06-14,2016,6.9
2016-06-15,2016,6.98
2016-06-16,2016,7.0
2016-06-17,2016,6.99
2016-06-20,2016,6.99
2016-06-21,2016,7.0
2016-06-22,2016,7.0
2016-06-23,2016,7.0
2016-06-24,2016,7.0
2016-06-27,2016,7.0
2016-06-28,2016,6.99
2016-06-29,2016,6.98
2016-06-30,2016,6.99
2016-07-01,2016,6.94
2016-07-04,2016,6.98
2016-07-05,2016,6.96
2016-07-06,2016,6.83
2016-07-07,2016,6.8
2016-07-08,2016,6.7
2016-07-11,2016,6.7
2016-07-12,2016,6.7
2016-07-13,2016,6.7
2016-07-14,2016,6.7
2016-07-15,2016,6.7
2016-07-18,2016,6.54
2016-07-19,2016,6.62
2016-07-20,2016,6.51
2016-07-21,2016,6.46
2016-07-22,2016,6.38
2016-07-25,2016,6.3
2016-07-26,2016,6.3
2016-07-27,2016,6.3
2016-07-28,2016,6.28
2016-07-29,2016,6.25
2016-08-01,2016,6.2
2016-08-02,2016,6.2
2016-08-03,2016,6.2
2016-08-04,2016,6.2
2016-08-05,2016,6.2
2016-08-08,2016,6.2
2016-08-09,2016,6.15
2016-08-10,2016,6.15
2016-08-11,2016,6.18
2016-08-12,2016,6.18
2016-08-15,2016,6.13
2016-08-16,2016,6.1
2016-08-17,2016,6.13
2016-08-18,2016,6.1
2016-08-19,2016,6.1
2016-08-22,2016,6.2
2016-08-23,2016,6.2
2016-08-24,2016,6.2
2016-08-25,2016,6.2
2016-08-26,2016,6.2
2016-08-29,2016,6.2
2016-08-30,2016,6.2
2016-08-31,2016,6.2
2016-09-01,2016,6.2
2016-09-02,2016,6.2
2016-09-05,2016,6.2
2016-09-06,2016,6.2
2016-09-08,2016,6.2
2016-09-09,2016,6.2
2016-09-12,2016,6.27
2016-09-13,2016,6.27
2016-09-14,2016,6.27
2016-09-15,2016,6.27
2016-09-16,2016,6.3
2016-09-19,2016,6.25
2016-09-20,2016,6.2
2016-09-21,2016,6.2
2016-09-22,2016,6.2
2016-09-23,2016,6.2
2016-09-26,2016,6.2
2016-09-27,2016,6.2
2016-09-28,2016,6.2
2016-09-29,2016,6.2
2016-09-30,2016,6.2
2016-10-03,2016,6.16
2016-10-04,2016,6.12
2016-10-05,2016,6.12
2016-10-06,2016,6.12
2016-10-07,2016,6.11
2016-10-10,2016,6.15
2016-10-11,2016,6.1
2016-10-13,2016,6.1
2016-10-14,2016,6.03
2016-10-17,2016,6.0
2016-10-18,2016,6.0
2016-10-19,2016,6.0
2016-10-20,2016,6.0
2016-10-21,2016,6.0
2016-10-24,2016,6.0
2016-10-25,2016,6.0
2016-10-26,2016,6.0
2016-10-27,2016,6.0
2016-10-28,2016,6.0
2016-10-31,2016,6.0
2016-11-01,2016,6.0
2016-11-03,2016,6.0
2016-11-04,2016,6.0
2016-11-07,2016,6.0
2016-11-08,2016,6.0
2016-11-09,2016,6.0
2016-11-10,2016,6.0
2016-11-11,2016,6.0
2016-11-14,2016,6.0
2016-11-16,2016,6.0
2016-11-17,2016,6.03
2016-11-18,2016,6.07
2016-11-21,2016,6.07
2016-11-22,2016,6.02
2016-11-23,2016,6.02
2016-11-24,2016,6.02
2016-11-25,2016,6.02
2016-11-28,2016,6.0
2016-11-29,2016,6.0
2016-11-30,2016,6.0
2016-12-01,2016,6.0
2016-12-02,2016,6.0
2016-12-05,2016,6.0
2016-12-06,2016,6.0
2016-12-07,2016,6.0
2016-12-08,2016,6.0
2016-12-09,2016,6.0
2016-12-12,2016,6.0
2016-12-13,2016,6.0
2016-12-14,2016,6.0
2016-12-15,2016,6.0
2016-12-16,2016,5.95
2016-12-19,2016,5.87
2016-12-20,2016,5.76
2016-12-21,2016,5.76
2016-12-22,2016,5.76
2016-12-23,2016,5.71
2016-12-26,2016,5.67
2016-12-27,2016,5.67
2016-12-28,2016,5.67
2016-12-29,2016,5.67
2016-12-30,2016,5.71
2017-01-02,2016,5.87
2017-01-03,2016,5.87
2017-01-04,2016,5.87
2017-01-05,2016,5.79
2017-01-06,2016,5.76
2017-01-09,2016,5.67
2017-01-10,2016,5.67
2013-01-10,2017,4.5
2013-01-11,2017,4.5
2013-01-14,2017,4.5
2013-01-15,2017,4.5
2013-01-16,2017,4.5
2013-01-17,2017,4.75
2013-01-18,2017,4.5
2013-01-21,2017,4.5
2013-01-22,2017,4.5
2013-01-23,2017,4.5
2013-01-24,2017,4.5
2013-01-25,2017,4.5
2013-01-28,2017,4.5
2013-01-29,2017,4.5
2013-01-30,2017,4.5
2013-01-31,2017,4.5
2013-02-01,2017,4.5
2013-02-04,2017,4.5
2013-02-05,2017,4.5
2013-02-06,2017,4.5
2013-02-07,2017,4.5
2013-02-08,2017,4.5
2013-02-13,2017,4.5
2013-02-14,2017,4.5
2013-02-15,2017,4.5
2013-02-18,2017,4.5
2013-02-19,2017,4.5
2013-02-20,2017,4.5
2013-02-21,2017,4.5
2013-02-22,2017,4.5
2013-02-25,2017,4.5
2013-02-26,2017,4.5
2013-02-27,2017,4.5
2013-02-28,2017,4.5
2013-03-01,2017,4.5
2013-03-04,2017,4.5
2013-03-05,2017,4.5
2013-03-06,2017,4.5
2013-03-07,2017,4.5
2013-03-08,2017,4.5
2013-03-11,2017,4.5
2013-03-12,2017,4.5
2013-03-13,2017,4.5
2013-03-14,2017,4.5
2013-03-15,2017,4.5
2013-03-18,2017,4.5
2013-03-19,2017,4.5
2013-03-20,2017,4.5
2013-03-21,2017,4.5
2013-03-22,2017,4.5
2013-03-25,2017,4.5
2013-03-26,2017,4.5
2013-03-27,2017,4.5
2013-03-28,2017,4.5
2013-04-01,2017,4.5
2013-04-02,2017,4.5
2013-04-03,2017,4.5
2013-04-04,2017,4.5
2013-04-05,2017,4.5
2013-04-08,2017,4.5
2013-04-09,2017,4.5
2013-04-10,2017,4.5
2013-04-11,2017,4.5
2013-04-12,2017,4.5
2013-04-15,2017,4.5
2013-04-16,2017,4.5
2013-04-17,2017,4.5
2013-04-18,2017,4.5
2013-04-19,2017,4.5
2013-04-22,2017,4.5
2013-04-23,2017,4.5
2013-04-24,2017,4.5
2013-04-25,2017,4.5
2013-04-26,2017,4.5
2013-04-29,2017,4.5
2013-04-30,2017,4.5
2013-05-02,2017,4.5
2013-05-03,2017,4.5
2013-05-06,2017,4.5
2013-05-07,2017,4.5
2013-05-08,2017,4.5
2013-05-09,2017,4.5
2013-05-10,2017,4.5
2013-05-13,2017,4.5
2013-05-14,2017,4.5
2013-05-15,2017,4.5
2013-05-16,2017,4.5
2013-05-17,2017,4.5
2013-05-20,2017,4.5
2013-05-21,2017,4.5
2013-05-22,2017,4.5
2013-05-23,2017,4.5
2013-05-24,2017,4.5
2013-05-27,2017,4.5
2013-05-28,2017,4.5
2013-05-29,2017,4.5
2013-05-31,2017,4.5
2013-06-03,2017,4.5
2013-06-04,2017,4.5
2013-06-05,2017,4.5
2013-06-06,2017,4.5
2013-06-07,2017,4.5
2013-06-10,2017,4.5
2013-06-11,2017,4.5
2013-06-12,2017,4.5
2013-06-13,2017,4.5
2013-06-14,2017,4.5
2013-06-17,2017,4.5
2013-06-18,2017,4.5
2013-06-19,2017,4.5
2013-06-20,2017,4.5
2013-06-21,2017,4.5
2013-06-24,2017,4.5
2013-06-25,2017,4.5
2013-06-26,2017,4.5
2013-06-27,2017,4.5
2013-06-28,2017,4.5
2013-07-01,2017,4.5
2013-07-02,2017,4.5
2013-07-03,2017,4.5
2013-07-04,2017,4.5
2013-07-05,2017,4.5
2013-07-08,2017,4.5
2013-07-09,2017,4.5
2013-07-10,2017,4.5
2013-07-11,2017,4.5
2013-07-12,2017,4.5
2013-07-15,2017,4.5
2013-07-16,2017,4.5
2013-07-17,2017,4.5
2013-07-18,2017,4.5
2013-07-19,2017,4.5
2013-07-22,2017,4.5
2013-07-23,2017,4.5
2013-07-24,2017,4.5
2013-07-25,2017,4.5
2013-07-26,2017,4.5
2013-07-29,2017,4.5
2013-07-30,2017,4.5
2013-07-31,2017,4.5
2013-08-01,2017,4.5
2013-08-02,2017,4.5
2013-08-05,2017,4.5
2013-08-06,2017,4.5
2013-08-07,2017,4.5
2013-08-08,2017,4.5
2013-08-09,2017,4.5
2013-08-12,2017,4.5
2013-08-13,2017,4.5
2013-08-14,2017,4.5
2013-08-15,2017,4.5
2013-08-16,2017,4.5
2013-08-19,2017,4.5
2013-08-20,2017,4.5
2013-08-21,2017,4.5
2013-08-22,2017,4.5
2013-08-23,2017,4.5
2013-08-26,2017,4.5
2013-08-27,2017,4.5
2013-08-28,2017,4.5
2013-08-29,2017,4.5
2013-08-30,2017,4.5
2013-09-02,2017,4.5
2013-09-03,2017,4.5
2013-09-04,2017,4.5
2013-09-05,2017,4.5
2013-09-06,2017,4.5
2013-09-09,2017,4.5
2013-09-10,2017,4.5
2013-09-11,2017,4.5
2013-09-12,2017,4.5
2013-09-13,2017,4.5
2013-09-16,2017,4.5
2013-09-17,2017,4.5
2013-09-18,2017,4.5
2013-09-19,2017,4.5
2013-09-20,2017,4.5
2013-09-23,2017,4.5
2013-09-24,2017,4.5
2013-09-25,2017,4.5
2013-09-26,2017,4.5
2013-09-27,2017,4.5
2013-09-30,2017,4.5
2013-10-01,2017,4.5
2013-10-02,2017,4.5
2013-10-03,2017,4.5
2013-10-04,2017,4.5
2013-10-07,2017,4.5
2013-10-08,2017,4.5
2013-10-09,2017,4.5
2013-10-10,2017,4.5
2013-10-11,2017,4.5
2013-10-14,2017,4.5
2013-10-15,2017,4.5
2013-10-16,2017,4.5
2013-10-17,2017,4.5
2013-10-18,2017,4.5
2013-10-21,2017,4.5
2013-10-22,2017,4.5
2013-10-23,2017,4.5
2013-10-24,2017,4.5
2013-10-25,2017,4.5
2013-10-28,2017,4.5
2013-10-29,2017,4.5
2013-10-30,2017,4.5
2013-10-31,2017,4.5
2013-11-01,2017,4.5
2013-11-04,2017,4.5
2013-11-05,2017,4.5
2013-11-06,2017,4.5
2013-11-07,2017,4.5
2013-11-08,2017,4.5
2013-11-11,2017,4.5
2013-11-12,2017,4.5
2013-11-13,2017,4.5
2013-11-14,2017,4.5
2013-11-18,2017,4.5
2013-11-19,2017,4.5
2013-11-20,2017,4.5
2013-11-21,2017,4.5
2013-11-22,2017,4.5
2013-11-25,2017,4.5
2013-11-26,2017,4.5
2013-11-27,2017,4.5
2013-11-28,2017,4.5
2013-11-29,2017,4.5
2013-12-02,2017,4.5
2013-12-03,2017,4.5
2013-12-04,2017,4.5
2013-12-05,2017,4.5
2013-12-06,2017,4.5
2013-12-09,2017,4.5
2013-12-10,2017,4.5
2013-12-11,2017,4.5
2013-12-12,2017,4.5
2013-12-13,2017,4.5
2013-12-16,2017,4.5
2013-12-17,2017,4.5
2013-12-18,2017,4.5
2013-12-19,2017,4.5
2013-12-20,2017,4.5
2013-12-23,2017,4.5
2013-12-24,2017,4.5
2013-12-26,2017,4.5
2013-12-27,2017,4.5
2013-12-30,2017,4.5
2013-12-31,2017,4.5
2014-01-02,2017,4.5
2014-01-03,2017,4.5
2014-01-06,2017,4.5
2014-01-07,2017,4.5
2014-01-08,2017,4.5
2014-01-09,2017,4.5
2014-01-10,2017,4.5
2014-01-13,2017,4.5
2014-01-14,2017,4.5
2014-01-15,2017,4.5
2014-01-16,2017,4.5
2014-01-17,2017,4.5
2014-01-20,2017,4.5
2014-01-21,2017,4.5
2014-01-22,2017,4.5
2014-01-23,2017,4.5
2014-01-24,2017,4.5
2014-01-27,2017,4.5
2014-01-28,2017,4.5
2014-01-29,2017,4.5
2014-01-30,2017,4.5
2014-01-31,2017,4.5
2014-02-03,2017,4.5
2014-02-04,2017,4.5
2014-02-05,2017,4.5
2014-02-06,2017,4.5
2014-02-07,2017,4.5
2014-02-10,2017,4.5
2014-02-11,2017,4.5
2014-02-12,2017,4.5
2014-02-13,2017,4.5
2014-02-14,2017,4.5
2014-02-17,2017,4.5
2014-02-18,2017,4.5
2014-02-19,2017,4.5
2014-02-20,2017,4.5
2014-02-21,2017,4.5
2014-02-24,2017,4.5
2014-02-25,2017,4.5
2014-02-26,2017,4.5
2014-02-27,2017,4.5
2014-02-28,2017,4.5
2014-03-05,2017,4.5
2014-03-06,2017,4.5
2014-03-07,2017,4.5
2014-03-10,2017,4.5
2014-03-11,2017,4.5
2014-03-12,2017,4.5
2014-03-13,2017,4.5
2014-03-14,2017,4.5
2014-03-17,2017,4.5
2014-03-18,2017,4.5
2014-03-19,2017,4.5
2014-03-20,2017,4.5
2014-03-21,2017,4.5
2014-03-24,2017,4.5
2014-03-25,2017,4.5
2014-03-26,2017,4.5
2014-03-27,2017,4.5
2014-03-28,2017,4.5
2014-03-31,2017,4.5
2014-04-01,2017,4.5
2014-04-02,2017,4.5
2014-04-03,2017,4.5
2014-04-04,2017,4.5
2014-04-07,2017,4.5
2014-04-08,2017,4.5
2014-04-09,2017,4.5
2014-04-10,2017,4.5
2014-04-11,2017,4.5
2014-04-14,2017,4.5
2014-04-15,2017,4.5
2014-04-16,2017,4.5
2014-04-17,2017,4.5
2014-04-22,2017,4.5
2014-04-23,2017,4.5
2014-04-24,2017,4.5
2014-04-25,2017,4.5
2014-04-28,2017,4.5
2014-04-29,2017,4.5
2014-04-30,2017,4.5
2014-05-02,2017,4.5
2014-05-05,2017,4.5
2014-05-06,2017,4.5
2014-05-07,2017,4.5
2014-05-08,2017,4.5
2014-05-09,2017,4.5
2014-05-12,2017,4.5
2014-05-13,2017,4.5
2014-05-14,2017,4.5
2014-05-15,2017,4.5
2014-05-16,2017,4.5
2014-05-19,2017,4.5
2014-05-20,2017,4.5
2014-05-21,2017,4.5
2014-05-22,2017,4.5
2014-05-23,2017,4.5
2014-05-26,2017,4.5
2014-05-27,2017,4.5
2014-05-28,2017,4.5
2014-05-29,2017,4.5
2014-05-30,2017,4.5
2014-06-02,2017,4.5
2014-06-03,2017,4.5
2014-06-04,2017,4.5
2014-06-05,2017,4.5
2014-06-06,2017,4.5
2014-06-09,2017,4.5
2014-06-10,2017,4.5
2014-06-11,2017,4.5
2014-06-12,2017,4.5
2014-06-13,2017,4.5
2014-06-16,2017,4.5
2014-06-17,2017,4.5
2014-06-18,2017,4.5
2014-06-20,2017,4.5
2014-06-23,2017,4.5
2014-06-24,2017,4.5
2014-06-25,2017,4.5
2014-06-26,2017,4.5
2014-06-27,2017,4.5
2014-06-30,2017,4.5
2014-07-01,2017,4.5
2014-07-02,2017,4.5
2014-07-03,2017,4.5
2014-07-04,2017,4.5
2014-07-07,2017,4.5
2014-07-08,2017,4.5
2014-07-09,2017,4.5
2014-07-10,2017,4.5
2014-07-11,2017,4.5
2014-07-14,2017,4.5
2014-07-15,2017,4.5
2014-07-16,2017,4.5
2014-07-17,2017,4.5
2014-07-18,2017,4.5
2014-07-21,2017,4.5
2014-07-22,2017,4.5
2014-07-23,2017,4.5
2014-07-24,2017,4.5
2014-07-25,2017,4.5
2014-07-28,2017,4.5
2014-07-29,2017,4.5
2014-07-30,2017,4.5
2014-07-31,2017,4.5
2014-08-01,2017,4.5
2014-08-04,2017,4.5
2014-08-05,2017,4.5
2014-08-06,2017,4.5
2014-08-07,2017,4.5
2014-08-08,2017,4.5
2014-08-11,2017,4.5
2014-08-12,2017,4.5
2014-08-13,2017,4.5
2014-08-14,2017,4.5
2014-08-15,2017,4.5
2014-08-18,2017,4.5
2014-08-19,2017,4.5
2014-08-20,2017,4.5
2014-08-21,2017,4.5
2014-08-22,2017,4.5
2014-08-25,2017,4.5
2014-08-26,2017,4.5
2014-08-27,2017,4.5
2014-08-28,2017,4.5
2014-08-29,2017,4.5
2014-09-01,2017,4.5
2014-09-02,2017,4.5
2014-09-03,2017,4.5
2014-09-04,2017,4.5
2014-09-05,2017,4.5
2014-09-08,2017,4.5
2014-09-09,2017,4.5
2014-09-10,2017,4.5
2014-09-11,2017,4.5
2014-09-12,2017,4.5
2014-09-15,2017,4.5
2014-09-16,2017,4.5
2014-09-17,2017,4.5
2014-09-18,2017,4.5
2014-09-19,2017,4.5
2014-09-22,2017,4.5
2014-09-23,2017,4.5
2014-09-24,2017,4.5
2014-09-25,2017,4.5
2014-09-26,2017,4.5
2014-09-29,2017,4.5
2014-09-30,2017,4.5
2014-10-01,2017,4.5
2014-10-02,2017,4.5
2014-10-03,2017,4.5
2014-10-06,2017,5.0
2014-10-07,2017,4.75
2014-10-08,2017,4.5
2014-10-09,2017,4.5
2014-10-10,2017,4.5
2014-10-13,2017,4.5
2014-10-14,2017,4.5
2014-10-15,2017,4.5
2014-10-16,2017,4.5
2014-10-17,2017,4.5
2014-10-20,2017,4.5
2014-10-21,2017,4.5
2014-10-22,2017,4.5
2014-10-23,2017,4.5
2014-10-24,2017,4.5
2014-10-27,2017,4.5
2014-10-28,2017,4.5
2014-10-29,2017,4.5
2014-10-30,2017,4.5
2014-10-31,2017,4.5
2014-11-03,2017,4.5
2014-11-04,2017,4.5
2014-11-05,2017,4.5
2014-11-06,2017,4.5
2014-11-07,2017,4.5
2014-11-10,2017,4.5
2014-11-11,2017,4.5
2014-11-12,2017,4.5
2014-11-13,2017,4.5
2014-11-14,2017,4.5
2014-11-17,2017,4.5
2014-11-18,2017,4.5
2014-11-19,2017,4.5
2014-11-20,2017,4.5
2014-11-21,2017,4.5
2014-11-24,2017,4.5
2014-11-25,2017,4.5
2014-11-26,2017,4.5
2014-11-27,2017,4.55
2014-11-28,2017,4.55
2014-12-01,2017,4.5
2014-12-02,2017,4.55
2014-12-03,2017,4.6
2014-12-04,2017,4.6
2014-12-05,2017,4.6
2014-12-08,2017,4.6
2014-12-09,2017,4.6
2014-12-10,2017,4.6
2014-12-11,2017,5.0
2014-12-12,2017,4.8
2014-12-15,2017,5.0
2014-12-16,2017,5.0
2014-12-17,2017,5.0
2014-12-18,2017,5.0
2014-12-19,2017,5.0
2014-12-22,2017,5.0
2014-12-23,2017,5.0
2014-12-24,2017,5.0
2014-12-26,2017,5.0
2014-12-29,2017,5.0
2014-12-30,2017,5.0
2014-12-31,2017,5.0
2015-01-02,2017,5.0
2015-01-05,2017,5.0
2015-01-06,2017,5.0
2015-01-07,2017,5.0
2015-01-08,2017,5.0
2015-01-09,2017,5.0
2015-01-12,2017,5.0
2015-01-13,2017,5.0
2015-01-14,2017,5.0
2015-01-15,2017,5.0
2015-01-16,2017,5.0
2015-01-19,2017,5.0
2015-01-20,2017,5.0
2015-01-21,2017,5.0
2015-01-22,2017,5.0
2015-01-23,2017,5.0
2015-01-26,2017,5.0
2015-01-27,2017,5.0
2015-01-28,2017,5.0
2015-01-29,2017,5.0
2015-01-30,2017,5.0
2015-02-02,2017,5.0
2015-02-03,2017,5.0
2015-02-04,2017,5.0
2015-02-05,2017,5.0
2015-02-06,2017,5.0
2015-02-09,2017,5.0
2015-02-10,2017,5.0
2015-02-11,2017,5.0
2015-02-12,2017,5.0
2015-02-13,2017,5.0
2015-02-18,2017,5.0
2015-02-19,2017,5.0
2015-02-20,2017,5.0
2015-02-23,2017,5.0
2015-02-24,2017,5.0
2015-02-25,2017,5.0
2015-02-26,2017,5.0
2015-02-27,2017,5.0
2015-03-02,2017,5.0
2015-03-03,2017,5.0
2015-03-04,2017,5.0
2015-03-05,2017,5.0
2015-03-06,2017,5.0
2015-03-09,2017,5.0
2015-03-10,2017,5.0
2015-03-11,2017,5.0
2015-03-12,2017,5.0
2015-03-13,2017,5.0
2015-03-16,2017,5.0
2015-03-17,2017,5.0
2015-03-18,2017,5.0
2015-03-19,2017,5.0
2015-03-20,2017,5.0
2015-03-23,2017,5.0
2015-03-24,2017,5.0
2015-03-25,2017,5.0
2015-03-26,2017,5.0
2015-03-27,2017,5.0
2015-03-30,2017,5.0
2015-03-31,2017,5.0
2015-04-01,2017,5.0
2015-04-02,2017,5.0
2015-04-06,2017,5.0
2015-04-07,2017,5.0
2015-04-08,2017,4.8
2015-04-09,2017,5.0
2015-04-10,2017,5.0
2015-04-13,2017,5.0
2015-04-14,2017,5.0
2015-04-15,2017,5.0
2015-04-16,2017,5.0
2015-04-17,2017,5.0
2015-04-20,2017,5.0
2015-04-22,2017,5.0
2015-04-23,2017,5.0
2015-04-24,2017,5.0
2015-04-27,2017,5.0
2015-04-28,2017,5.0
2015-04-29,2017,5.0
2015-04-30,2017,5.0
2015-05-04,2017,5.0
2015-05-05,2017,5.0
2015-05-06,2017,5.0
2015-05-07,2017,5.0
2015-05-08,2017,5.0
2015-05-11,2017,5.0
2015-05-12,2017,5.0
2015-05-13,2017,5.0
2015-05-14,2017,5.0
2015-05-15,2017,5.0
2015-05-18,2017,5.0
2015-05-19,2017,5.0
2015-05-20,2017,5.0
2015-05-21,2017,5.0
2015-05-22,2017,5.0
2015-05-25,2017,5.0
2015-05-26,2017,5.0
2015-05-27,2017,5.0
2015-05-28,2017,5.0
2015-05-29,2017,4.85
2015-06-01,2017,4.65
2015-06-02,2017,4.65
2015-06-03,2017,4.65
2015-06-05,2017,4.6
2015-06-08,2017,4.65
2015-06-09,2017,4.65
2015-06-10,2017,4.7
2015-06-11,2017,4.65
2015-06-12,2017,4.65
2015-06-15,2017,4.85
2015-06-16,2017,4.7
2015-06-17,2017,4.85
2015-06-18,2017,5.0
2015-06-19,2017,5.0
2015-06-22,2017,5.0
2015-06-23,2017,5.0
2015-06-24,2017,5.0
2015-06-25,2017,5.0
2015-06-26,2017,5.0
2015-06-29,2017,5.0
2015-06-30,2017,5.0
2015-07-01,2017,5.0
2015-07-02,2017,5.0
2015-07-03,2017,5.0
2015-07-06,2017,5.0
2015-07-07,2017,5.0
2015-07-08,2017,5.0
2015-07-09,2017,5.0
2015-07-10,2017,5.0
2015-07-13,2017,5.0
2015-07-14,2017,5.0
2015-07-15,2017,5.0
2015-07-16,2017,5.0
2015-07-17,2017,5.0
2015-07-20,2017,5.0
2015-07-21,2017,5.0
2015-07-22,2017,5.0
2015-07-23,2017,5.0
2015-07-24,2017,5.0
2015-07-27,2017,5.0
2015-07-28,2017,5.0
2015-07-29,2017,5.0
2015-07-30,2017,5.0
2015-07-31,2017,4.8
2015-08-03,2017,5.0
2015-08-04,2017,5.0
2015-08-05,2017,5.0
2015-08-06,2017,5.0
2015-08-07,2017,5.0
2015-08-10,2017,5.0
2015-08-11,2017,5.0
2015-08-12,2017,5.0
2015-08-13,2017,5.0
2015-08-14,2017,5.0
2015-08-17,2017,5.0
2015-08-18,2017,5.0
2015-08-19,2017,5.0
2015-08-20,2017,5.0
2015-08-21,2017,5.0
2015-08-24,2017,5.0
2015-08-25,2017,5.0
2015-08-26,2017,5.0
2015-08-27,2017,5.0
2015-08-28,2017,5.0
2015-08-31,2017,5.0
2015-09-01,2017,5.0
2015-09-02,2017,5.0
2015-09-03,2017,5.0
2015-09-04,2017,5.0
2015-09-08,2017,5.0
2015-09-09,2017,5.0
2015-09-10,2017,5.0
2015-09-11,2017,5.0
2015-09-14,2017,5.0
2015-09-15,2017,5.0
2015-09-16,2017,5.0
2015-09-17,2017,5.0
2015-09-18,2017,5.0
2015-09-21,2017,5.0
2015-09-22,2017,5.0
2015-09-23,2017,5.0
2015-09-24,2017,5.0
2015-09-25,2017,5.0
2015-09-28,2017,5.0
2015-09-29,2017,5.0
2015-09-30,2017,5.0
2015-10-01,2017,5.0
2015-10-02,2017,5.0
2015-10-05,2017,5.0
2015-10-06,2017,5.0
2015-10-07,2017,5.0
2015-10-08,2017,5.0
2015-10-09,2017,5.0
2015-10-13,2017,5.0
2015-10-14,2017,5.0
2015-10-15,2017,5.0
2015-10-16,2017,5.0
2015-10-19,2017,5.0
2015-10-20,2017,5.0
2015-10-21,2017,5.0
2015-10-22,2017,5.0
2015-10-23,2017,5.0
2015-10-26,2017,5.0
2015-10-27,2017,5.0
2015-10-28,2017,5.0
2015-10-29,2017,5.0
2015-10-30,2017,5.0
2015-11-03,2017,5.0
2015-11-04,2017,5.0
2015-11-05,2017,5.0
2015-11-06,2017,5.0
2015-11-09,2017,5.0
2015-11-10,2017,5.0
2015-11-11,2017,5.0
2015-11-12,2017,5.0
2015-11-13,2017,5.0
2015-11-16,2017,5.0
2015-11-17,2017,5.0
2015-11-18,2017,5.0
2015-11-19,2017,5.0
2015-11-20,2017,5.0
2015-11-23,2017,5.0
2015-11-24,2017,5.0
2015-11-25,2017,5.0
2015-11-26,2017,5.0
2015-11-27,2017,5.25
2015-11-30,2017,5.25
2015-12-01,2017,5.25
2015-12-02,2017,5.25
2015-12-03,2017,5.25
2015-12-04,2017,5.5
2015-12-07,2017,5.5
2015-12-08,2017,5.5
2015-12-09,2017,5.5
2015-12-10,2017,5.5
2015-12-11,2017,5.5
2015-12-14,2017,5.5
2015-12-15,2017,5.5
2015-12-16,2017,5.5
2015-12-17,2017,5.5
2015-12-18,2017,5.5
2015-12-21,2017,5.5
2015-12-22,2017,5.5
2015-12-23,2017,5.5
2015-12-24,2017,5.5
2015-12-28,2017,5.5
2015-12-29,2017,5.5
2015-12-30,2017,5.5
2015-12-31,2017,5.5
2016-01-04,2017,5.25
2016-01-05,2017,5.25
2016-01-06,2017,5.25
2016-01-07,2017,5.0
2016-01-08,2017,5.5
2016-01-11,2017,5.5
2016-01-12,2017,5.5
2016-01-13,2017,5.5
2016-01-14,2017,5.5
2016-01-15,2017,5.5
2016-01-18,2017,5.5
2016-01-19,2017,5.5
2016-01-20,2017,5.5
2016-01-21,2017,5.5
2016-01-22,2017,5.5
2016-01-25,2017,5.5
2016-01-26,2017,5.5
2016-01-27,2017,5.5
2016-01-28,2017,5.5
2016-01-29,2017,5.5
2016-02-01,2017,5.5
2016-02-02,2017,5.5
2016-02-03,2017,5.5
2016-02-04,2017,5.5
2016-02-05,2017,5.5
2016-02-10,2017,5.5
2016-02-11,2017,5.5
2016-02-12,2017,5.5
2016-02-15,2017,5.5
2016-02-16,2017,5.5
2016-02-17,2017,5.5
2016-02-18,2017,5.5
2016-02-19,2017,5.5
2016-02-22,2017,5.5
2016-02-23,2017,5.5
2016-02-24,2017,5.5
2016-02-25,2017,5.5
2016-02-26,2017,5.5
2016-02-29,2017,5.5
2016-03-01,2017,5.5
2016-03-02,2017,5.5
2016-03-03,2017,5.5
2016-03-04,2017,5.5
2016-03-07,2017,5.5
2016-03-08,2017,5.5
2016-03-09,2017,5.5
2016-03-10,2017,5.5
2016-03-11,2017,5.5
2016-03-14,2017,5.6
2016-03-15,2017,5.6
2016-03-16,2017,5.6
2016-03-17,2017,5.58
2016-03-18,2017,5.58
2016-03-21,2017,5.65
2016-03-22,2017,5.58
2016-03-23,2017,5.58
2016-03-24,2017,5.5
2016-03-28,2017,5.5
2016-03-29,2017,5.5
2016-03-30,2017,5.5
2016-03-31,2017,5.5
2016-04-01,2017,5.5
2016-04-04,2017,5.5
2016-04-05,2017,5.5
2016-04-06,2017,5.5
2016-04-07,2017,5.5
2016-04-08,2017,5.7
2016-04-11,2017,5.7
2016-04-12,2017,5.7
2016-04-13,2017,5.75
2016-04-14,2017,5.75
2016-04-15,2017,5.7
2016-04-18,2017,5.65
2016-04-19,2017,5.64
2016-04-20,2017,5.64
2016-04-22,2017,5.8
2016-04-25,2017,5.73
2016-04-26,2017,5.9
2016-04-27,2017,5.9
2016-04-28,2017,5.73
2016-04-29,2017,5.73
2016-05-02,2017,5.63
2016-05-03,2017,5.63
2016-05-04,2017,5.57
2016-05-05,2017,5.63
2016-05-06,2017,5.5
2016-05-09,2017,5.5
2016-05-10,2017,5.5
2016-05-11,2017,5.5
2016-05-12,2017,5.5
2016-05-13,2017,5.5
2016-05-16,2017,5.5
2016-05-17,2017,5.5
2016-05-18,2017,5.5
2016-05-19,2017,5.5
2016-05-20,2017,5.5
2016-05-23,2017,5.5
2016-05-24,2017,5.5
2016-05-25,2017,5.5
2016-05-27,2017,5.5
2016-05-30,2017,5.5
2016-05-31,2017,5.5
2016-06-01,2017,5.5
2016-06-02,2017,5.5
2016-06-03,2017,5.5
2016-06-06,2017,5.5
2016-06-07,2017,5.5
2016-06-08,2017,5.5
2016-06-09,2017,5.5
2016-06-10,2017,5.5
2016-06-13,2017,5.5
2016-06-14,2017,5.5
2016-06-15,2017,5.5
2016-06-16,2017,5.5
2016-06-17,2017,5.5
2016-06-20,2017,5.5
2016-06-21,2017,5.5
2016-06-22,2017,5.5
2016-06-23,2017,5.5
2016-06-24,2017,5.5
2016-06-27,2017,5.5
2016-06-28,2017,5.5
2016-06-29,2017,5.5
2016-06-30,2017,5.5
2016-07-01,2017,5.5
2016-07-04,2017,5.5
2016-07-05,2017,5.5
2016-07-06,2017,5.5
2016-07-07,2017,5.5
2016-07-08,2017,5.5
2016-07-11,2017,5.5
2016-07-12,2017,5.5
2016-07-13,2017,5.5
2016-07-14,2017,5.5
2016-07-15,2017,5.5
2016-07-18,2017,5.5
2016-07-19,2017,5.5
2016-07-20,2017,5.5
2016-07-21,2017,5.5
2016-07-22,2017,5.5
2016-07-25,2017,5.46
2016-07-26,2017,5.46
2016-07-27,2017,5.46
2016-07-28,2017,5.42
2016-07-29,2017,5.42
2016-08-01,2017,5.46
2016-08-02,2017,5.46
2016-08-03,2017,5.46
2016-08-04,2017,5.5
2016-08-05,2017,5.5
2016-08-08,2017,5.39
2016-08-09,2017,5.33
2016-08-10,2017,5.33
2016-08-11,2017,5.35
2016-08-12,2017,5.35
2016-08-15,2017,5.42
2016-08-16,2017,5.39
2016-08-17,2017,5.35
2016-08-18,2017,5.3
2016-08-19,2017,5.3
2016-08-22,2017,5.33
2016-08-23,2017,5.3
2016-08-24,2017,5.3
2016-08-25,2017,5.3
2016-08-26,2017,5.3
2016-08-29,2017,5.3
2016-08-30,2017,5.3
2016-08-31,2017,5.3
2016-09-01,2017,5.3
2016-09-02,2017,5.3
2016-09-05,2017,5.3
2016-09-06,2017,5.3
2016-09-08,2017,5.3
2016-09-09,2017,5.3
2016-09-12,2017,5.35
2016-09-13,2017,5.35
2016-09-14,2017,5.35
2016-09-15,2017,5.35
2016-09-16,2017,5.4
2016-09-19,2017,5.5
2016-09-20,2017,5.45
2016-09-21,2017,5.45
2016-09-22,2017,5.35
2016-09-23,2017,5.45
2016-09-26,2017,5.5
2016-09-27,2017,5.5
2016-09-28,2017,5.5
2016-09-29,2017,5.5
2016-09-30,2017,5.5
2016-10-03,2017,5.3
2016-10-04,2017,5.3
2016-10-05,2017,5.3
2016-10-06,2017,5.3
2016-10-07,2017,5.3
2016-10-10,2017,5.3
2016-10-11,2017,5.3
2016-10-13,2017,5.3
2016-10-14,2017,5.3
2016-10-17,2017,5.3
2016-10-18,2017,5.3
2016-10-19,2017,5.3
2016-10-20,2017,5.28
2016-10-21,2017,5.28
2016-10-24,2017,5.24
2016-10-25,2017,5.24
2016-10-26,2017,5.28
2016-10-27,2017,5.24
2016-10-28,2017,5.2
2016-10-31,2017,5.28
2016-11-01,2017,5.28
2016-11-03,2017,5.28
2016-11-04,2017,5.29
2016-11-07,2017,5.29
2016-11-08,2017,5.29
2016-11-09,2017,5.29
2016-11-10,2017,5.3
2016-11-11,2017,5.27
2016-11-14,2017,5.3
2016-11-16,2017,5.3
2016-11-17,2017,5.3
2016-11-18,2017,5.3
2016-11-21,2017,5.25
2016-11-22,2017,5.28
2016-11-23,2017,5.28
2016-11-24,2017,5.28
2016-11-25,2017,5.28
2016-11-28,2017,5.3
2016-11-29,2017,5.3
2016-11-30,2017,5.3
2016-12-01,2017,5.3
2016-12-02,2017,5.3
2016-12-05,2017,5.3
2016-12-06,2017,5.4
2016-12-07,2017,5.4
2016-12-08,2017,5.4
2016-12-09,2017,5.41
2016-12-12,2017,5.5
2016-12-13,2017,5.5
2016-12-14,2017,5.5
2016-12-15,2017,5.5
2016-12-16,2017,5.5
2016-12-19,2017,5.5
2016-12-20,2017,5.5
2016-12-21,2017,5.5
2016-12-22,2017,5.5
2016-12-23,2017,5.52
2016-12-26,2017,5.52
2016-12-27,2017,5.52
2016-12-28,2017,5.52
2016-12-29,2017,5.52
2016-12-30,2017,5.54
2017-01-02,2017,5.57
2017-01-03,2017,5.57
2017-01-04,2017,5.57
2017-01-05,2017,5.6
2017-01-06,2017,5.5
2017-01-09,2017,5.5
2017-01-10,2017,5.5
2017-01-11,2017,5.5
2017-01-12,2017,5.5
2017-01-13,2017,5.5
2017-01-16,2017,5.5
2017-01-17,2017,5.5
2017-01-18,2017,5.5
2017-01-19,2017,5.5
2017-01-20,2017,5.5
2017-01-23,2017,5.5
2017-01-24,2017,5.5
2017-01-25,2017,5.5
2017-01-26,2017,5.5
2017-01-27,2017,5.55
2017-01-30,2017,5.5
2017-01-31,2017,5.55
2017-02-01,2017,5.55
2017-02-02,2017,5.55
2017-02-03,2017,5.55
2017-02-06,2017,5.6
2017-02-07,2017,5.6
2017-02-08,2017,5.55
2017-02-09,2017,5.6
2017-02-10,2017,5.55
2017-02-13,2017,5.64
2017-02-14,2017,5.64
2017-02-15,2017,5.64
2017-02-16,2017,5.64
2017-02-17,2017,5.64
2017-02-20,2017,5.64
2017-02-21,2017,5.63
2017-02-22,2017,5.62
2017-02-23,2017,5.63
2017-02-24,2017,5.61
2017-03-01,2017,5.6
2017-03-02,2017,5.6
2017-03-03,2017,5.5
2017-03-06,2017,5.5
2017-03-07,2017,5.5
2017-03-08,2017,5.5
2017-03-09,2017,5.5
2017-03-10,2017,5.5
2017-03-13,2017,5.5
2017-03-14,2017,5.5
2017-03-15,2017,5.5
2017-03-16,2017,5.5
2017-03-17,2017,5.5
2017-03-20,2017,5.5
2017-03-21,2017,5.5
2017-03-22,2017,5.5
2017-03-23,2017,5.5
2017-03-24,2017,5.5
2017-03-27,2017,5.5
2017-03-28,2017,5.5
2017-03-29,2017,5.5
2017-03-30,2017,5.5
2017-03-31,2017,5.5
2017-04-03,2017,5.5
2017-04-04,2017,5.5
2017-04-05,2017,5.5
2017-04-06,2017,5.5
2017-04-07,2017,5.5
2017-04-10,2017,5.5
2017-04-11,2017,5.5
2017-04-12,2017,5.5
2017-04-13,2017,5.5
2017-04-17,2017,5.5
2017-04-18,2017,5.5
2017-04-19,2017,5.5
2017-04-20,2017,5.5
2017-04-24,2017,5.5
2017-04-25,2017,5.5
2017-04-26,2017,5.5
2017-04-27,2017,5.5
2017-04-28,2017,5.5
2017-05-02,2017,5.5
2017-05-03,2017,5.5
2017-05-04,2017,5.5
2017-05-05,2017,5.5
2017-05-08,2017,5.5
2017-05-09,2017,5.5
2017-05-10,2017,5.45
2017-05-11,2017,5.45
2017-05-12,2017,5.45
2017-05-15,2017,5.4
2017-05-16,2017,5.45
2017-05-17,2017,5.4
2017-05-18,2017,5.4
2017-05-19,2017,5.5
2017-05-22,2017,5.51
2017-05-23,2017,5.51
2017-05-24,2017,5.51
2017-05-25,2017,5.51
2017-05-26,2017,5.51
2017-05-29,2017,5.51
2017-05-30,2017,5.51
2017-05-31,2017,5.51
2017-06-01,2017,5.51
2017-06-02,2017,5.5
2017-06-05,2017,5.5
2017-06-06,2017,5.5
2017-06-07,2017,5.5
2017-06-08,2017,5.5
2017-06-09,2017,5.5
2017-06-12,2017,5.5
2017-06-13,2017,5.5
2017-06-14,2017,5.5
2017-06-16,2017,5.4
2017-06-19,2017,5.5
2017-06-20,2017,5.3
2017-06-21,2017,5.3
2017-06-22,2017,5.1
2017-06-23,2017,5.15
2017-06-26,2017,5.2
2017-06-27,2017,5.2
2017-06-28,2017,5.2
2017-06-29,2017,5.15
2017-06-30,2017,5.1
2017-07-03,2017,5.08
2017-07-04,2017,5.08
2017-07-05,2017,5.1
2017-07-06,2017,5.06
2017-07-07,2017,5.08
2017-07-10,2017,5.03
2017-07-11,2017,5.0
2017-07-12,2017,5.0
2017-07-13,2017,5.0
2017-07-14,2017,5.0
2017-07-17,2017,5.0
2017-07-18,2017,5.0
2017-07-19,2017,5.0
2017-07-20,2017,5.0
2017-07-21,2017,5.0
2017-07-24,2017,5.05
2017-07-25,2017,5.05
2017-07-26,2017,5.05
2017-07-27,2017,5.05
2017-07-28,2017,5.1
2017-07-31,2017,5.2
2017-08-01,2017,5.2
2017-08-02,2017,5.25
2017-08-03,2017,5.23
2017-08-04,2017,5.28
2017-08-07,2017,5.2
2017-08-08,2017,5.3
2017-08-09,2017,5.3
2017-08-10,2017,5.8
2017-08-11,2017,5.8
2017-08-14,2017,6.0
2017-08-15,2017,6.0
2017-08-16,2017,6.0
2017-08-17,2017,6.0
2017-08-18,2017,6.0
2017-08-21,2017,6.2
2017-08-22,2017,6.3
2017-08-23,2017,6.3
2017-08-24,2017,6.3
2017-08-25,2017,6.3
2017-08-28,2017,6.3
2017-08-29,2017,6.3
2017-08-30,2017,6.3
2017-08-31,2017,6.3
2017-09-01,2017,6.3
2017-09-04,2017,6.3
2017-09-05,2017,6.3
2017-09-06,2017,6.35
2017-09-08,2017,6.43
2017-09-11,2017,6.4
2017-09-12,2017,6.4
2017-09-13,2017,6.3
2017-09-14,2017,6.43
2017-09-15,2017,6.43
2017-09-18,2017,6.45
2017-09-19,2017,6.43
2017-09-20,2017,6.5
2017-09-21,2017,6.5
2017-09-22,2017,6.5
2017-09-25,2017,6.5
2017-09-26,2017,6.5
2017-09-27,2017,6.5
2017-09-28,2017,6.5
2017-09-29,2017,6.5
2017-10-02,2017,6.55
2017-10-03,2017,6.5
2017-10-04,2017,6.5
2017-10-05,2017,6.6
2017-10-06,2017,6.6
2017-10-09,2017,6.6
2017-10-10,2017,6.6
2017-10-11,2017,6.63
2017-10-13,2017,6.66
2017-10-16,2017,6.66
2017-10-17,2017,6.7
2017-10-18,2017,6.7
2017-10-19,2017,6.75
2017-10-20,2017,6.82
2017-10-23,2017,6.83
2017-10-24,2017,6.83
2017-10-25,2017,6.83
2017-10-26,2017,6.83
2017-10-27,2017,6.83
2017-10-30,2017,6.9
2017-10-31,2017,7.0
2017-11-01,2017,7.0
2017-11-03,2017,7.0
2017-11-06,2017,7.01
2017-11-07,2017,7.02
2017-11-08,2017,7.11
2017-11-09,2017,7.3
2017-11-10,2017,7.5
2017-11-13,2017,7.5
2017-11-14,2017,7.5
2017-11-16,2017,7.5
2017-11-17,2017,7.55
2017-11-20,2017,7.8
2017-11-21,2017,7.8
2017-11-22,2017,7.85
2017-11-23,2017,7.9
2017-11-24,2017,7.9
2017-11-27,2017,7.9
2017-11-28,2017,7.9
2017-11-29,2017,7.85
2017-11-30,2017,7.85
2017-12-01,2017,7.85
2017-12-04,2017,7.85
2017-12-05,2017,7.9
2017-12-06,2017,7.9
2017-12-07,2017,7.9
2017-12-08,2017,7.85
2017-12-11,2017,7.9
2017-12-12,2017,7.85
2017-12-13,2017,7.9
2017-12-14,2017,7.88
2017-12-15,2017,7.9
2017-12-18,2017,7.88
2017-12-19,2017,7.86
2017-12-20,2017,7.86
2017-12-21,2017,7.86
2017-12-22,2017,7.86
2017-12-26,2017,7.86
2017-12-27,2017,7.86
2017-12-28,2017,7.85
2017-12-29,2017,7.88
2018-01-02,2017,7.9
2018-01-03,2017,7.9
2018-01-04,2017,7.89
2018-01-05,2017,7.9
2018-01-08,2017,7.9
2018-01-09,2017,7.9
2014-01-16,2018,4.75
2014-01-17,2018,4.75
2014-01-20,2018,4.5
2014-01-21,2018,4.75
2014-01-22,2018,4.5
2014-01-23,2018,4.5
2014-01-24,2018,4.5
2014-01-27,2018,4.5
2014-01-28,2018,4.5
2014-01-29,2018,4.5
2014-01-30,2018,4.5
2014-01-31,2018,4.5
2014-02-03,2018,4.5
2014-02-04,2018,4.5
2014-02-05,2018,4.5
2014-02-06,2018,4.5
2014-02-07,2018,4.5
2014-02-10,2018,4.5
2014-02-11,2018,4.5
2014-02-12,2018,4.5
2014-02-13,2018,4.5
2014-02-14,2018,4.5
2014-02-17,2018,4.5
2014-02-18,2018,4.5
2014-02-19,2018,4.5
2014-02-20,2018,4.5
2014-02-21,2018,4.5
2014-02-24,2018,4.5
2014-02-25,2018,4.5
2014-02-26,2018,4.5
2014-02-27,2018,4.5
2014-02-28,2018,4.5
2014-03-05,2018,4.5
2014-03-06,2018,4.5
2014-03-07,2018,4.5
2014-03-10,2018,4.5
2014-03-11,2018,4.5
2014-03-12,2018,4.5
2014-03-13,2018,4.5
2014-03-14,2018,4.5
2014-03-17,2018,4.5
2014-03-18,2018,4.5
2014-03-19,2018,4.5
2014-03-20,2018,4.5
2014-03-21,2018,4.5
2014-03-24,2018,4.5
2014-03-25,2018,4.5
2014-03-26,2018,4.5
2014-03-27,2018,4.5
2014-03-28,2018,4.5
2014-03-31,2018,4.5
2014-04-01,2018,4.5
2014-04-02,2018,4.5
2014-04-03,2018,4.5
2014-04-04,2018,4.5
2014-04-07,2018,4.5
2014-04-08,2018,4.5
2014-04-09,2018,4.5
2014-04-10,2018,4.5
2014-04-11,2018,4.5
2014-04-14,2018,4.5
2014-04-15,2018,4.5
2014-04-16,2018,4.5
2014-04-17,2018,4.5
2014-04-22,2018,4.5
2014-04-23,2018,4.5
2014-04-24,2018,4.5
2014-04-25,2018,4.5
2014-04-28,2018,4.5
2014-04-29,2018,4.5
2014-04-30,2018,4.5
2014-05-02,2018,4.5
2014-05-05,2018,4.5
2014-05-06,2018,4.5
2014-05-07,2018,4.5
2014-05-08,2018,4.5
2014-05-09,2018,4.5
2014-05-12,2018,4.5
2014-05-13,2018,4.5
2014-05-14,2018,4.5
2014-05-15,2018,4.5
2014-05-16,2018,4.5
2014-05-19,2018,4.5
2014-05-20,2018,4.5
2014-05-21,2018,4.5
2014-05-22,2018,4.5
2014-05-23,2018,4.5
2014-05-26,2018,4.5
2014-05-27,2018,4.5
2014-05-28,2018,4.5
2014-05-29,2018,4.5
2014-05-30,2018,4.5
2014-06-02,2018,4.5
2014-06-03,2018,4.5
2014-06-04,2018,4.5
2014-06-05,2018,4.5
2014-06-06,2018,4.5
2014-06-09,2018,4.5
2014-06-10,2018,4.5
2014-06-11,2018,4.5
2014-06-12,2018,4.5
2014-06-13,2018,4.5
2014-06-16,2018,4.5
2014-06-17,2018,4.5
2014-06-18,2018,4.5
2014-06-20,2018,4.5
2014-06-23,2018,4.5
2014-06-24,2018,4.5
2014-06-25,2018,4.5
2014-06-26,2018,4.5
2014-06-27,2018,4.5
2014-06-30,2018,4.5
2014-07-01,2018,4.5
2014-07-02,2018,4.5
2014-07-03,2018,4.5
2014-07-04,2018,4.5
2014-07-07,2018,4.75
2014-07-08,2018,4.75
2014-07-09,2018,4.75
2014-07-10,2018,4.5
2014-07-11,2018,4.5
2014-07-14,2018,4.5
2014-07-15,2018,4.5
2014-07-16,2018,4.5
2014-07-17,2018,4.5
2014-07-18,2018,4.5
2014-07-21,2018,4.5
2014-07-22,2018,4.5
2014-07-23,2018,4.5
2014-07-24,2018,4.5
2014-07-25,2018,4.5
2014-07-28,2018,4.5
2014-07-29,2018,4.5
2014-07-30,2018,4.5
2014-07-31,2018,4.5
2014-08-01,2018,4.5
2014-08-04,2018,4.5
2014-08-05,2018,4.5
2014-08-06,2018,4.5
2014-08-07,2018,4.5
2014-08-08,2018,4.5
2014-08-11,2018,4.5
2014-08-12,2018,4.5
2014-08-13,2018,4.5
2014-08-14,2018,4.5
2014-08-15,2018,4.5
2014-08-18,2018,4.5
2014-08-19,2018,4.5
2014-08-20,2018,4.5
2014-08-21,2018,4.5
2014-08-22,2018,4.5
2014-08-25,2018,4.5
2014-08-26,2018,4.5
2014-08-27,2018,4.5
2014-08-28,2018,4.5
2014-08-29,2018,4.5
2014-09-01,2018,4.5
2014-09-02,2018,4.5
2014-09-03,2018,4.5
2014-09-04,2018,4.5
2014-09-05,2018,4.5
2014-09-08,2018,4.5
2014-09-09,2018,4.5
2014-09-10,2018,4.5
2014-09-11,2018,4.5
2014-09-12,2018,4.5
2014-09-15,2018,4.5
2014-09-16,2018,4.5
2014-09-17,2018,4.5
2014-09-18,2018,4.5
2014-09-19,2018,4.5
2014-09-22,2018,4.5
2014-09-23,2018,4.5
2014-09-24,2018,4.5
2014-09-25,2018,4.5
2014-09-26,2018,4.5
2014-09-29,2018,4.5
2014-09-30,2018,4.5
2014-10-01,2018,4.5
2014-10-02,2018,4.5
2014-10-03,2018,4.5
2014-10-06,2018,5.0
2014-10-07,2018,4.75
2014-10-08,2018,4.5
2014-10-09,2018,4.5
2014-10-10,2018,4.75
2014-10-13,2018,4.5
2014-10-14,2018,4.5
2014-10-15,2018,4.5
2014-10-16,2018,4.5
2014-10-17,2018,4.75
2014-10-20,2018,4.5
2014-10-21,2018,4.5
2014-10-22,2018,4.5
2014-10-23,2018,4.5
2014-10-24,2018,4.5
2014-10-27,2018,4.5
2014-10-28,2018,4.5
2014-10-29,2018,4.5
2014-10-30,2018,4.5
2014-10-31,2018,4.5
2014-11-03,2018,4.5
2014-11-04,2018,4.5
2014-11-05,2018,4.5
2014-11-06,2018,4.5
2014-11-07,2018,4.5
2014-11-10,2018,4.5
2014-11-11,2018,4.5
2014-11-12,2018,4.5
2014-11-13,2018,4.5
2014-11-14,2018,4.5
2014-11-17,2018,4.5
2014-11-18,2018,4.5
2014-11-19,2018,4.5
2014-11-20,2018,4.5
2014-11-21,2018,4.5
2014-11-24,2018,4.5
2014-11-25,2018,4.5
2014-11-26,2018,4.5
2014-11-27,2018,4.5
2014-11-28,2018,4.5
2014-12-01,2018,4.5
2014-12-02,2018,4.5
2014-12-03,2018,4.6
2014-12-04,2018,4.6
2014-12-05,2018,4.85
2014-12-08,2018,4.85
2014-12-09,2018,4.85
2014-12-10,2018,4.85
2014-12-11,2018,5.0
2014-12-12,2018,4.85
2014-12-15,2018,4.85
2014-12-16,2018,5.0
2014-12-17,2018,5.0
2014-12-18,2018,5.0
2014-12-19,2018,5.0
2014-12-22,2018,5.0
2014-12-23,2018,5.0
2014-12-24,2018,4.85
2014-12-26,2018,4.85
2014-12-29,2018,4.7
2014-12-30,2018,4.7
2014-12-31,2018,4.7
2015-01-02,2018,4.7
2015-01-05,2018,4.7
2015-01-06,2018,4.7
2015-01-07,2018,4.85
2015-01-08,2018,4.7
2015-01-09,2018,4.7
2015-01-12,2018,4.85
2015-01-13,2018,5.0
2015-01-14,2018,5.0
2015-01-15,2018,5.0
2015-01-16,2018,4.85
2015-01-19,2018,4.85
2015-01-20,2018,4.7
2015-01-21,2018,4.85
2015-01-22,2018,4.6
2015-01-23,2018,4.6
2015-01-26,2018,4.7
2015-01-27,2018,4.7
2015-01-28,2018,4.7
2015-01-29,2018,5.0
2015-01-30,2018,5.0
2015-02-02,2018,4.85
2015-02-03,2018,5.0
2015-02-04,2018,5.0
2015-02-05,2018,5.0
2015-02-06,2018,5.0
2015-02-09,2018,5.0
2015-02-10,2018,5.0
2015-02-11,2018,5.0
2015-02-12,2018,5.0
2015-02-13,2018,5.0
2015-02-18,2018,5.0
2015-02-19,2018,5.0
2015-02-20,2018,5.0
2015-02-23,2018,5.0
2015-02-24,2018,5.0
2015-02-25,2018,5.0
2015-02-26,2018,5.0
2015-02-27,2018,5.0
2015-03-02,2018,5.0
2015-03-03,2018,5.0
2015-03-04,2018,5.0
2015-03-05,2018,5.0
2015-03-06,2018,5.0
2015-03-09,2018,5.0
2015-03-10,2018,5.0
2015-03-11,2018,5.0
2015-03-12,2018,5.0
2015-03-13,2018,5.0
2015-03-16,2018,5.0
2015-03-17,2018,5.0
2015-03-18,2018,5.0
2015-03-19,2018,5.0
2015-03-20,2018,5.0
2015-03-23,2018,5.0
2015-03-24,2018,5.0
2015-03-25,2018,5.0
2015-03-26,2018,5.0
2015-03-27,2018,5.0
2015-03-30,2018,5.0
2015-03-31,2018,5.0
2015-04-01,2018,5.0
2015-04-02,2018,5.0
2015-04-06,2018,5.0
2015-04-07,2018,5.0
2015-04-08,2018,4.85
2015-04-09,2018,5.0
2015-04-10,2018,4.85
2015-04-13,2018,5.0
2015-04-14,2018,5.0
2015-04-15,2018,5.0
2015-04-16,2018,5.0
2015-04-17,2018,5.0
2015-04-20,2018,5.0
2015-04-22,2018,5.0
2015-04-23,2018,4.85
2015-04-24,2018,4.85
2015-04-27,2018,5.0
2015-04-28,2018,5.0
2015-04-29,2018,5.0
2015-04-30,2018,5.0
2015-05-04,2018,4.85
2015-05-05,2018,4.85
2015-05-06,2018,4.85
2015-05-07,2018,4.85
2015-05-08,2018,4.85
2015-05-11,2018,4.85
2015-05-12,2018,4.85
2015-05-13,2018,4.7
2015-05-14,2018,5.0
2015-05-15,2018,4.7
2015-05-18,2018,4.7
2015-05-19,2018,4.6
2015-05-20,2018,4.6
2015-05-21,2018,4.6
2015-05-22,2018,4.6
2015-05-25,2018,4.7
2015-05-26,2018,4.6
2015-05-27,2018,4.5
2015-05-28,2018,4.5
2015-05-29,2018,4.6
2015-06-01,2018,4.6
2015-06-02,2018,4.6
2015-06-03,2018,4.6
2015-06-05,2018,4.5
2015-06-08,2018,4.5
2015-06-09,2018,4.5
2015-06-10,2018,4.6
2015-06-11,2018,4.5
2015-06-12,2018,4.5
2015-06-15,2018,4.6
2015-06-16,2018,4.5
2015-06-17,2018,4.5
2015-06-18,2018,4.75
2015-06-19,2018,4.7
2015-06-22,2018,4.6
2015-06-23,2018,4.6
2015-06-24,2018,4.6
2015-06-25,2018,4.7
2015-06-26,2018,4.7
2015-06-29,2018,4.7
2015-06-30,2018,4.75
2015-07-01,2018,4.75
2015-07-02,2018,4.6
2015-07-03,2018,4.6
2015-07-06,2018,4.5
2015-07-07,2018,4.5
2015-07-08,2018,4.5
2015-07-09,2018,4.5
2015-07-10,2018,4.6
2015-07-13,2018,4.75
2015-07-14,2018,4.7
2015-07-15,2018,4.6
2015-07-16,2018,4.5
2015-07-17,2018,4.5
2015-07-20,2018,4.5
2015-07-21,2018,4.5
2015-07-22,2018,4.5
2015-07-23,2018,4.5
2015-07-24,2018,4.5
2015-07-27,2018,4.5
2015-07-28,2018,4.5
2015-07-29,2018,4.5
2015-07-30,2018,4.5
2015-07-31,2018,4.5
2015-08-03,2018,4.5
2015-08-04,2018,4.5
2015-08-05,2018,4.5
2015-08-06,2018,4.5
2015-08-07,2018,4.5
2015-08-10,2018,4.5
2015-08-11,2018,4.5
2015-08-12,2018,4.5
2015-08-13,2018,4.5
2015-08-14,2018,4.5
2015-08-17,2018,4.5
2015-08-18,2018,4.5
2015-08-19,2018,4.5
2015-08-20,2018,4.5
2015-08-21,2018,4.6
2015-08-24,2018,4.7
2015-08-25,2018,4.7
2015-08-26,2018,4.7
2015-08-27,2018,4.75
2015-08-28,2018,4.75
2015-08-31,2018,4.7
2015-09-01,2018,4.7
2015-09-02,2018,4.7
2015-09-03,2018,4.7
2015-09-04,2018,4.5
2015-09-08,2018,4.5
2015-09-09,2018,4.5
2015-09-10,2018,4.5
2015-09-11,2018,4.7
2015-09-14,2018,4.75
2015-09-15,2018,4.75
2015-09-16,2018,4.8
2015-09-17,2018,4.9
2015-09-18,2018,4.8
2015-09-21,2018,4.75
2015-09-22,2018,4.75
2015-09-23,2018,4.75
2015-09-24,2018,4.75
2015-09-25,2018,4.7
2015-09-28,2018,4.5
2015-09-29,2018,4.5
2015-09-30,2018,4.5
2015-10-01,2018,4.5
2015-10-02,2018,4.5
2015-10-05,2018,4.5
2015-10-06,2018,4.5
2015-10-07,2018,4.5
2015-10-08,2018,4.5
2015-10-09,2018,4.5
2015-10-13,2018,4.5
2015-10-14,2018,4.5
2015-10-15,2018,4.5
2015-10-16,2018,4.5
2015-10-19,2018,4.5
2015-10-20,2018,4.5
2015-10-21,2018,4.5
2015-10-22,2018,4.5
2015-10-23,2018,4.5
2015-10-26,2018,4.5
2015-10-27,2018,4.5
2015-10-28,2018,4.5
2015-10-29,2018,4.5
2015-10-30,2018,4.6
2015-11-03,2018,4.7
2015-11-04,2018,4.7
2015-11-05,2018,4.7
2015-11-06,2018,4.7
2015-11-09,2018,4.7
2015-11-10,2018,4.7
2015-11-11,2018,4.7
2015-11-12,2018,4.7
2015-11-13,2018,4.6
2015-11-16,2018,4.6
2015-11-17,2018,4.7
2015-11-18,2018,4.75
2015-11-19,2018,4.8
2015-11-20,2018,4.75
2015-11-23,2018,4.75
2015-11-24,2018,4.7
2015-11-25,2018,4.7
2015-11-26,2018,4.75
2015-11-27,2018,4.7
2015-11-30,2018,4.7
2015-12-01,2018,4.7
2015-12-02,2018,4.7
2015-12-03,2018,4.7
2015-12-04,2018,4.75
2015-12-07,2018,4.7
2015-12-08,2018,4.6
2015-12-09,2018,4.75
2015-12-10,2018,4.75
2015-12-11,2018,4.75
2015-12-14,2018,4.75
2015-12-15,2018,4.7
2015-12-16,2018,4.7
2015-12-17,2018,4.7
2015-12-18,2018,4.7
2015-12-21,2018,4.7
2015-12-22,2018,4.7
2015-12-23,2018,4.7
2015-12-24,2018,4.7
2015-12-28,2018,4.7
2015-12-29,2018,4.7
2015-12-30,2018,4.7
2015-12-31,2018,4.7
2016-01-04,2018,4.6
2016-01-05,2018,4.6
2016-01-06,2018,4.6
2016-01-07,2018,4.5
2016-01-08,2018,4.6
2016-01-11,2018,4.8
2016-01-12,2018,4.8
2016-01-13,2018,4.8
2016-01-14,2018,4.8
2016-01-15,2018,4.9
2016-01-18,2018,4.8
2016-01-19,2018,4.9
2016-01-20,2018,5.0
2016-01-21,2018,5.0
2016-01-22,2018,5.0
2016-01-25,2018,5.0
2016-01-26,2018,5.0
2016-01-27,2018,5.0
2016-01-28,2018,5.0
2016-01-29,2018,5.0
2016-02-01,2018,5.0
2016-02-02,2018,5.0
2016-02-03,2018,5.0
2016-02-04,2018,5.0
2016-02-05,2018,5.0
2016-02-10,2018,5.0
2016-02-11,2018,5.0
2016-02-12,2018,5.0
2016-02-15,2018,5.0
2016-02-16,2018,5.0
2016-02-17,2018,5.0
2016-02-18,2018,5.0
2016-02-19,2018,5.0
2016-02-22,2018,5.0
2016-02-23,2018,5.0
2016-02-24,2018,5.0
2016-02-25,2018,5.0
2016-02-26,2018,5.0
2016-02-29,2018,5.0
2016-03-01,2018,5.0
2016-03-02,2018,5.0
2016-03-03,2018,5.0
2016-03-04,2018,5.0
2016-03-07,2018,5.0
2016-03-08,2018,5.0
2016-03-09,2018,5.0
2016-03-10,2018,5.0
2016-03-11,2018,5.0
2016-03-14,2018,5.0
2016-03-15,2018,5.0
2016-03-16,2018,5.0
2016-03-17,2018,5.0
2016-03-18,2018,5.0
2016-03-21,2018,4.8
2016-03-22,2018,5.0
2016-03-23,2018,5.0
2016-03-24,2018,5.0
2016-03-28,2018,4.9
2016-03-29,2018,4.9
2016-03-30,2018,4.9
2016-03-31,2018,5.0
2016-04-01,2018,5.0
2016-04-04,2018,5.0
2016-04-05,2018,5.0
2016-04-06,2018,5.0
2016-04-07,2018,5.0
2016-04-08,2018,5.0
2016-04-11,2018,5.0
2016-04-12,2018,5.0
2016-04-13,2018,5.0
2016-04-14,2018,5.0
2016-04-15,2018,5.0
2016-04-18,2018,5.0
2016-04-19,2018,5.0
2016-04-20,2018,5.0
2016-04-22,2018,5.0
2016-04-25,2018,5.0
2016-04-26,2018,5.0
2016-04-27,2018,5.0
2016-04-28,2018,5.0
2016-04-29,2018,5.0
2016-05-02,2018,5.0
2016-05-03,2018,5.0
2016-05-04,2018,5.0
2016-05-05,2018,5.0
2016-05-06,2018,5.0
2016-05-09,2018,5.0
2016-05-10,2018,5.0
2016-05-11,2018,5.0
2016-05-12,2018,5.0
2016-05-13,2018,5.0
2016-05-16,2018,4.95
2016-05-17,2018,4.95
2016-05-18,2018,5.0
2016-05-19,2018,5.0
2016-05-20,2018,5.0
2016-05-23,2018,5.0
2016-05-24,2018,5.0
2016-05-25,2018,5.0
2016-05-27,2018,5.0
2016-05-30,2018,4.78
2016-05-31,2018,4.89
2016-06-01,2018,4.89
2016-06-02,2018,5.0
2016-06-03,2018,5.0
2016-06-06,2018,5.0
2016-06-07,2018,5.0
2016-06-08,2018,5.0
2016-06-09,2018,5.0
2016-06-10,2018,5.0
2016-06-13,2018,5.0
2016-06-14,2018,5.0
2016-06-15,2018,5.0
2016-06-16,2018,4.89
2016-06-17,2018,4.89
2016-06-20,2018,4.69
2016-06-21,2018,4.69
2016-06-22,2018,4.69
2016-06-23,2018,4.69
2016-06-24,2018,4.69
2016-06-27,2018,4.69
2016-06-28,2018,4.69
2016-06-29,2018,4.7
2016-06-30,2018,4.7
2016-07-01,2018,4.65
2016-07-04,2018,4.6
2016-07-05,2018,4.65
2016-07-06,2018,4.65
2016-07-07,2018,4.65
2016-07-08,2018,4.65
2016-07-11,2018,4.89
2016-07-12,2018,4.89
2016-07-13,2018,4.89
2016-07-14,2018,4.89
2016-07-15,2018,4.89
2016-07-18,2018,4.78
2016-07-19,2018,4.74
2016-07-20,2018,4.65
2016-07-21,2018,4.65
2016-07-22,2018,4.65
2016-07-25,2018,4.65
2016-07-26,2018,4.65
2016-07-27,2018,4.65
2016-07-28,2018,4.55
2016-07-29,2018,4.5
2016-08-01,2018,4.5
2016-08-02,2018,4.5
2016-08-03,2018,4.5
2016-08-04,2018,4.5
2016-08-05,2018,4.5
2016-08-08,2018,4.5
2016-08-09,2018,4.5
2016-08-10,2018,4.5
2016-08-11,2018,4.5
2016-08-12,2018,4.5
2016-08-15,2018,4.5
2016-08-16,2018,4.5
2016-08-17,2018,4.5
2016-08-18,2018,4.5
2016-08-19,2018,4.5
2016-08-22,2018,4.5
2016-08-23,2018,4.5
2016-08-24,2018,4.5
2016-08-25,2018,4.5
2016-08-26,2018,4.5
2016-08-29,2018,4.5
2016-08-30,2018,4.5
2016-08-31,2018,4.5
2016-09-01,2018,4.5
2016-09-02,2018,4.5
2016-09-05,2018,4.5
2016-09-06,2018,4.5
2016-09-08,2018,4.55
2016-09-09,2018,4.5
2016-09-12,2018,4.5
2016-09-13,2018,4.5
2016-09-14,2018,4.5
2016-09-15,2018,4.55
2016-09-16,2018,4.6
2016-09-19,2018,4.6
2016-09-20,2018,4.5
2016-09-21,2018,4.55
2016-09-22,2018,4.5
2016-09-23,2018,4.6
2016-09-26,2018,4.65
2016-09-27,2018,4.65
2016-09-28,2018,4.65
2016-09-29,2018,4.65
2016-09-30,2018,4.6
2016-10-03,2018,4.5
2016-10-04,2018,4.5
2016-10-05,2018,4.5
2016-10-06,2018,4.5
2016-10-07,2018,4.55
2016-10-10,2018,4.6
2016-10-11,2018,4.6
2016-10-13,2018,4.6
2016-10-14,2018,4.6
2016-10-17,2018,4.5
2016-10-18,2018,4.55
2016-10-19,2018,4.6
2016-10-20,2018,4.6
2016-10-21,2018,4.6
2016-10-24,2018,4.5
2016-10-25,2018,4.5
2016-10-26,2018,4.55
2016-10-27,2018,4.55
2016-10-28,2018,4.5
2016-10-31,2018,4.6
2016-11-01,2018,4.6
2016-11-03,2018,4.6
2016-11-04,2018,4.6
2016-11-07,2018,4.6
2016-11-08,2018,4.55
2016-11-09,2018,4.55
2016-11-10,2018,4.6
2016-11-11,2018,4.55
2016-11-14,2018,4.55
2016-11-16,2018,4.55
2016-11-17,2018,4.6
2016-11-18,2018,4.6
2016-11-21,2018,4.55
2016-11-22,2018,4.5
2016-11-23,2018,4.5
2016-11-24,2018,4.5
2016-11-25,2018,4.5
2016-11-28,2018,4.5
2016-11-29,2018,4.5
2016-11-30,2018,4.5
2016-12-01,2018,4.5
2016-12-02,2018,4.5
2016-12-05,2018,4.5
2016-12-06,2018,4.5
2016-12-07,2018,4.5
2016-12-08,2018,4.5
2016-12-09,2018,4.5
2016-12-12,2018,4.55
2016-12-13,2018,4.6
2016-12-14,2018,4.6
2016-12-15,2018,4.55
2016-12-16,2018,4.6
2016-12-19,2018,4.7
2016-12-20,2018,4.75
2016-12-21,2018,4.75
2016-12-22,2018,4.75
2016-12-23,2018,4.8
2016-12-26,2018,4.8
2016-12-27,2018,4.8
2016-12-28,2018,4.8
2016-12-29,2018,4.8
2016-12-30,2018,4.8
2017-01-02,2018,4.9
2017-01-03,2018,4.9
2017-01-04,2018,4.9
2017-01-05,2018,4.85
2017-01-06,2018,4.9
2017-01-09,2018,5.0
2017-01-10,2018,5.0
2017-01-11,2018,4.95
2017-01-12,2018,4.9
2017-01-13,2018,4.85
2017-01-16,2018,4.85
2017-01-17,2018,4.9
2017-01-18,2018,4.9
2017-01-19,2018,4.9
2017-01-20,2018,4.85
2017-01-23,2018,4.8
2017-01-24,2018,4.8
2017-01-25,2018,4.8
2017-01-26,2018,4.8
2017-01-27,2018,4.8
2017-01-30,2018,4.7
2017-01-31,2018,4.8
2017-02-01,2018,4.8
2017-02-02,2018,4.75
2017-02-03,2018,4.7
2017-02-06,2018,4.7
2017-02-07,2018,4.7
2017-02-08,2018,4.7
2017-02-09,2018,4.7
2017-02-10,2018,4.7
2017-02-13,2018,4.7
2017-02-14,2018,4.7
2017-02-15,2018,4.6
2017-02-16,2018,4.6
2017-02-17,2018,4.6
2017-02-20,2018,4.5
2017-02-21,2018,4.55
2017-02-22,2018,4.6
2017-02-23,2018,4.65
2017-02-24,2018,4.65
2017-03-01,2018,4.7
2017-03-02,2018,4.7
2017-03-03,2018,4.6
2017-03-06,2018,4.7
2017-03-07,2018,4.7
2017-03-08,2018,4.7
2017-03-09,2018,4.7
2017-03-10,2018,4.7
2017-03-13,2018,4.6
2017-03-14,2018,4.6
2017-03-15,2018,4.7
2017-03-16,2018,4.6
2017-03-17,2018,4.65
2017-03-20,2018,4.6
2017-03-21,2018,4.6
2017-03-22,2018,4.6
2017-03-23,2018,4.6
2017-03-24,2018,4.55
2017-03-27,2018,4.5
2017-03-28,2018,4.5
2017-03-29,2018,4.5
2017-03-30,2018,4.55
2017-03-31,2018,4.6
2017-04-03,2018,4.6
2017-04-04,2018,4.6
2017-04-05,2018,4.6
2017-04-06,2018,4.6
2017-04-07,2018,4.6
2017-04-10,2018,4.65
2017-04-11,2018,4.6
2017-04-12,2018,4.65
2017-04-13,2018,4.7
2017-04-17,2018,4.7
2017-04-18,2018,4.7
2017-04-19,2018,4.7
2017-04-20,2018,4.7
2017-04-24,2018,4.71
2017-04-25,2018,4.71
2017-04-26,2018,4.71
2017-04-27,2018,4.71
2017-04-28,2018,4.71
2017-05-02,2018,4.71
2017-05-03,2018,4.7
2017-05-04,2018,4.7
2017-05-05,2018,4.7
2017-05-08,2018,4.7
2017-05-09,2018,4.7
2017-05-10,2018,4.7
2017-05-11,2018,4.7
2017-05-12,2018,4.7
2017-05-15,2018,4.7
2017-05-16,2018,4.7
2017-05-17,2018,4.7
2017-05-18,2018,4.7
2017-05-19,2018,4.7
2017-05-22,2018,4.7
2017-05-23,2018,4.65
2017-05-24,2018,4.65
2017-05-25,2018,4.7
2017-05-26,2018,4.7
2017-05-29,2018,4.7
2017-05-30,2018,4.7
2017-05-31,2018,4.7
2017-06-01,2018,4.7
2017-06-02,2018,4.7
2017-06-05,2018,4.7
2017-06-06,2018,4.7
2017-06-07,2018,4.7
2017-06-08,2018,4.7
2017-06-09,2018,4.7
2017-06-12,2018,4.77
2017-06-13,2018,4.77
2017-06-14,2018,4.74
2017-06-16,2018,4.74
2017-06-19,2018,4.72
2017-06-20,2018,4.7
2017-06-21,2018,4.7
2017-06-22,2018,4.7
2017-06-23,2018,4.7
2017-06-26,2018,4.7
2017-06-27,2018,4.7
2017-06-28,2018,4.7
2017-06-29,2018,4.7
2017-06-30,2018,4.7
2017-07-03,2018,4.71
2017-07-04,2018,4.71
2017-07-05,2018,4.7
2017-07-06,2018,4.7
2017-07-07,2018,4.7
2017-07-10,2018,4.7
2017-07-11,2018,4.7
2017-07-12,2018,4.7
2017-07-13,2018,4.7
2017-07-14,2018,4.7
2017-07-17,2018,4.7
2017-07-18,2018,4.7
2017-07-19,2018,4.7
2017-07-20,2018,4.7
2017-07-21,2018,4.7
2017-07-24,2018,4.7
2017-07-25,2018,4.7
2017-07-26,2018,4.7
2017-07-27,2018,4.7
2017-07-28,2018,4.7
2017-07-31,2018,4.68
2017-08-01,2018,4.68
2017-08-02,2018,4.68
2017-08-03,2018,4.66
2017-08-04,2018,4.66
2017-08-07,2018,4.7
2017-08-08,2018,4.7
2017-08-09,2018,4.7
2017-08-10,2018,4.7
2017-08-11,2018,4.7
2017-08-14,2018,4.7
2017-08-15,2018,4.7
2017-08-16,2018,4.7
2017-08-17,2018,4.7
2017-08-18,2018,4.7
2017-08-21,2018,4.7
2017-08-22,2018,4.7
2017-08-23,2018,4.7
2017-08-24,2018,4.7
2017-08-25,2018,4.7
2017-08-28,2018,4.7
2017-08-29,2018,4.7
2017-08-30,2018,4.7
2017-08-31,2018,4.7
2017-09-01,2018,4.7
2017-09-04,2018,4.7
2017-09-05,2018,4.7
2017-09-06,2018,4.7
2017-09-08,2018,4.7
2017-09-11,2018,4.7
2017-09-12,2018,4.7
2017-09-13,2018,4.7
2017-09-14,2018,4.7
2017-09-15,2018,4.7
2017-09-18,2018,4.7
2017-09-19,2018,4.7
2017-09-20,2018,4.7
2017-09-21,2018,4.7
2017-09-22,2018,4.7
2017-09-25,2018,4.7
2017-09-26,2018,4.7
2017-09-27,2018,4.7
2017-09-28,2018,4.7
2017-09-29,2018,4.7
2017-10-02,2018,4.7
2017-10-03,2018,4.7
2017-10-04,2018,4.7
2017-10-05,2018,4.7
2017-10-06,2018,4.7
2017-10-09,2018,4.7
2017-10-10,2018,4.75
2017-10-11,2018,4.75
2017-10-13,2018,4.8
2017-10-16,2018,4.8
2017-10-17,2018,4.75
2017-10-18,2018,4.8
2017-10-19,2018,4.8
2017-10-20,2018,4.8
2017-10-23,2018,4.8
2017-10-24,2018,4.8
2017-10-25,2018,4.8
2017-10-26,2018,4.8
2017-10-27,2018,4.8
2017-10-30,2018,4.8
2017-10-31,2018,4.88
2017-11-01,2018,4.88
2017-11-03,2018,4.88
2017-11-06,2018,4.8
2017-11-07,2018,4.8
2017-11-08,2018,4.84
2017-11-09,2018,4.8
2017-11-10,2018,4.8
2017-11-13,2018,4.8
2017-11-14,2018,4.8
2017-11-16,2018,4.8
2017-11-17,2018,4.8
2017-11-20,2018,4.8
2017-11-21,2018,4.84
2017-11-22,2018,4.88
2017-11-23,2018,4.89
2017-11-24,2018,4.9
2017-11-27,2018,4.9
2017-11-28,2018,4.88
2017-11-29,2018,4.9
2017-11-30,2018,4.9
2017-12-01,2018,4.88
2017-12-04,2018,4.88
2017-12-05,2018,4.89
2017-12-06,2018,4.89
2017-12-07,2018,4.89
2017-12-08,2018,4.9
2017-12-11,2018,4.9
2017-12-12,2018,4.9
2017-12-13,2018,4.9
2017-12-14,2018,4.9
2017-12-15,2018,4.9
2017-12-18,2018,4.9
2017-12-19,2018,4.9
2017-12-20,2018,4.9
2017-12-21,2018,4.9
2017-12-22,2018,4.9
2017-12-26,2018,4.9
2017-12-27,2018,4.9
2017-12-28,2018,5.0
2017-12-29,2018,5.0
2018-01-02,2018,5.0
2018-01-03,2018,5.0
2018-01-04,2018,5.0
2018-01-05,2018,4.95
2018-01-08,2018,5.0
2018-01-09,2018,5.0
2018-01-10,2018,5.0
2018-01-11,2018,4.95
2018-01-12,2018,4.9
2018-01-15,2018,4.9
2018-01-16,2018,4.9
2018-01-17,2018,4.88
2018-01-18,2018,4.9
2018-01-19,2018,4.8
2018-01-22,2018,4.75
2018-01-23,2018,4.8
2018-01-24,2018,4.8
2018-01-25,2018,4.75
2018-01-26,2018,4.75
2018-01-29,2018,4.7
2018-01-30,2018,4.75
2018-01-31,2018,4.7
2018-02-01,2018,4.7
2018-02-02,2018,4.75
2018-02-05,2018,4.75
2018-02-06,2018,4.8
2018-02-07,2018,4.8
2018-02-08,2018,4.8
2018-02-09,2018,4.8
2018-02-14,2018,4.8
2018-02-15,2018,4.8
2018-02-16,2018,4.8
2018-02-19,2018,4.8
2018-02-20,2018,4.81
2018-02-21,2018,4.8
2018-02-22,2018,4.8
2018-02-23,2018,4.8
2018-02-26,2018,4.84
2018-02-27,2018,4.84
2018-02-28,2018,4.84
2018-03-01,2018,4.89
2018-03-02,2018,4.94
2018-03-05,2018,4.95
2018-03-06,2018,4.95
2018-03-07,2018,4.94
2018-03-08,2018,4.94
2018-03-09,2018,4.95
2018-03-12,2018,4.94
2018-03-13,2018,4.95
2018-03-14,2018,4.95
2018-03-15,2018,4.93
2018-03-16,2018,4.93
2018-03-19,2018,4.9
2018-03-20,2018,4.9
2018-03-21,2018,4.93
2018-03-22,2018,4.93
2018-03-23,2018,4.9
2018-03-26,2018,4.93
2018-03-27,2018,4.93
2018-03-28,2018,4.93
2018-03-29,2018,4.8
2018-04-02,2018,4.8
2018-04-03,2018,4.85
2018-04-04,2018,4.85
2018-04-05,2018,4.9
2018-04-06,2018,4.9
2018-04-09,2018,4.95
2018-04-10,2018,5.0
2018-04-11,2018,5.0
2018-04-12,2018,5.0
2018-04-13,2018,5.0
2018-04-16,2018,5.0
2018-04-17,2018,5.0
2018-04-18,2018,5.0
2018-04-19,2018,5.0
2018-04-20,2018,5.0
2018-04-23,2018,5.0
2018-04-24,2018,5.0
2018-04-25,2018,5.0
2018-04-26,2018,5.0
2018-04-27,2018,5.0
2018-04-30,2018,5.0
2018-05-02,2018,5.0
2018-05-03,2018,5.0
2018-05-04,2018,5.0
2018-05-07,2018,5.0
2018-05-08,2018,5.1
2018-05-09,2018,5.2
2018-05-10,2018,5.2
2018-05-11,2018,5.2
2018-05-14,2018,5.3
2018-05-15,2018,5.3
2018-05-16,2018,5.3
2018-05-17,2018,5.4
2018-05-18,2018,5.4
2018-05-21,2018,5.45
2018-05-22,2018,5.5
2018-05-23,2018,5.5
2018-05-24,2018,5.5
2018-05-25,2018,5.5
2018-05-28,2018,5.5
2018-05-29,2018,5.5
2018-05-30,2018,5.5
2018-06-01,2018,5.6
2018-06-04,2018,5.6
2018-06-05,2018,5.6
2018-06-06,2018,5.75
2018-06-07,2018,5.75
2018-06-08,2018,6.0
2018-06-11,2018,6.05
2018-06-12,2018,6.1
2018-06-13,2018,6.13
2018-06-14,2018,6.13
2018-06-15,2018,6.16
2018-06-18,2018,6.18
2018-06-19,2018,6.18
2018-06-20,2018,6.2
2018-06-21,2018,6.2
2018-06-22,2018,6.3
2018-06-25,2018,6.3
2018-06-26,2018,6.3
2018-06-27,2018,6.3
2018-06-28,2018,6.3
2018-06-29,2018,6.3
2018-07-02,2018,6.3
2018-07-03,2018,6.3
2018-07-04,2018,6.3
2018-07-05,2018,6.3
2018-07-06,2018,6.4
2018-07-09,2018,6.5
2018-07-10,2018,6.45
2018-07-11,2018,6.45
2018-07-12,2018,6.45
2018-07-13,2018,6.45
2018-07-16,2018,6.45
2018-07-17,2018,6.4
2018-07-18,2018,6.55
2018-07-19,2018,6.71
2018-07-20,2018,6.71
2018-07-23,2018,6.71
2018-07-24,2018,6.76
2018-07-25,2018,6.81
2018-07-26,2018,6.81
2018-07-27,2018,6.81
2018-07-30,2018,6.91
2018-07-31,2018,7.0
2018-08-01,2018,7.0
2018-08-02,2018,7.0
2018-08-03,2018,7.0
2018-08-06,2018,7.0
2018-08-07,2018,7.0
2018-08-08,2018,7.0
2018-08-09,2018,7.0
2018-08-10,2018,7.0
2018-08-13,2018,7.0
2018-08-14,2018,7.0
2018-08-15,2018,7.0
2018-08-16,2018,7.0
2018-08-17,2018,7.1
2018-08-20,2018,7.1
2018-08-21,2018,7.15
2018-08-22,2018,7.25
2018-08-23,2018,7.25
2018-08-24,2018,7.2
2018-08-27,2018,7.2
2018-08-28,2018,7.2
2018-08-29,2018,7.2
2018-08-30,2018,7.2
2018-08-31,2018,7.2
2018-09-03,2018,7.2
2018-09-04,2018,7.2
2018-09-05,2018,7.2
2018-09-06,2018,7.2
2018-09-10,2018,7.2
2018-09-11,2018,7.2
2018-09-12,2018,7.2
2018-09-13,2018,7.25
2018-09-14,2018,7.3
2018-09-17,2018,7.42
2018-09-18,2018,7.5
2018-09-19,2018,7.5
2018-09-20,2018,7.5
2018-09-21,2018,7.5
2018-09-24,2018,7.5
2018-09-25,2018,7.55
2018-09-26,2018,7.55
2018-09-27,2018,7.55
2018-09-28,2018,7.6
2018-10-01,2018,7.58
2018-10-02,2018,7.58
2018-10-03,2018,7.58
2018-10-04,2018,7.73
2018-10-05,2018,7.73
2018-10-08,2018,7.56
2018-10-09,2018,7.84
2018-10-10,2018,7.84
2018-10-11,2018,7.84
2018-10-15,2018,7.9
2018-10-16,2018,7.9
2018-10-17,2018,7.9
2018-10-18,2018,7.9
2018-10-19,2018,7.9
2018-10-22,2018,7.84
2018-10-23,2018,7.84
2018-10-24,2018,7.68
2018-10-25,2018,7.82
2018-10-26,2018,7.68
2018-10-29,2018,7.68
2018-10-30,2018,7.6
2018-10-31,2018,7.55
2018-11-01,2018,7.55
2018-11-05,2018,7.6
2018-11-06,2018,7.5
2018-11-07,2018,7.5
2018-11-08,2018,7.48
2018-11-09,2018,7.48
2018-11-12,2018,7.48
2018-11-13,2018,7.4
2018-11-14,2018,7.4
2018-11-16,2018,7.4
2018-11-19,2018,7.2
2018-11-20,2018,7.2
2018-11-21,2018,7.2
2018-11-22,2018,7.15
2018-11-23,2018,7.15
2018-11-26,2018,7.15
2018-11-27,2018,7.15
2018-11-28,2018,7.15
2018-11-29,2018,7.15
2018-11-30,2018,7.1
2018-12-03,2018,7.1
2018-12-04,2018,7.1
2018-12-05,2018,7.0
2018-12-06,2018,6.95
2018-12-07,2018,6.95
2018-12-10,2018,6.85
2018-12-11,2018,6.8
2018-12-12,2018,6.8
2018-12-13,2018,6.8
2018-12-14,2018,6.69
2018-12-17,2018,6.63
2018-12-18,2018,6.63
2018-12-19,2018,6.6
2018-12-20,2018,6.5
2018-12-21,2018,6.5
2018-12-24,2018,6.5
2018-12-26,2018,6.5
2018-12-27,2018,6.5
2018-12-28,2018,6.5
2018-12-31,2018,6.5
2019-01-02,2018,6.5
2019-01-03,2018,6.5
2019-01-04,2018,6.5
2019-01-07,2018,6.5
2019-01-08,2018,6.5
2019-01-09,2018,6.5
2019-01-10,2018,6.5
2015-01-09,2019,4.5
2015-01-12,2019,4.5
2015-01-13,2019,4.5
2015-01-14,2019,4.5
2015-01-15,2019,4.5
2015-01-16,2019,4.5
2015-01-19,2019,4.5
2015-01-20,2019,4.5
2015-01-21,2019,4.5
2015-01-22,2019,4.5
2015-01-23,2019,4.5
2015-01-26,2019,4.5
2015-01-27,2019,4.5
2015-01-28,2019,4.5
2015-01-29,2019,4.5
2015-01-30,2019,4.5
2015-02-02,2019,4.5
2015-02-03,2019,4.5
2015-02-04,2019,4.5
2015-02-05,2019,4.5
2015-02-06,2019,4.5
2015-02-09,2019,4.5
2015-02-10,2019,4.5
2015-02-11,2019,4.5
2015-02-12,2019,4.5
2015-02-13,2019,4.5
2015-02-18,2019,4.5
2015-02-19,2019,4.5
2015-02-20,2019,4.5
2015-02-23,2019,4.5
2015-02-24,2019,4.5
2015-02-25,2019,4.5
2015-02-26,2019,4.5
2015-02-27,2019,4.5
2015-03-02,2019,4.5
2015-03-03,2019,4.5
2015-03-04,2019,4.5
2015-03-05,2019,4.5
2015-03-06,2019,4.5
2015-03-09,2019,4.5
2015-03-10,2019,4.5
2015-03-11,2019,4.5
2015-03-12,2019,4.5
2015-03-13,2019,4.5
2015-03-16,2019,4.5
2015-03-17,2019,4.5
2015-03-18,2019,4.5
2015-03-19,2019,4.5
2015-03-20,2019,4.5
2015-03-23,2019,4.5
2015-03-24,2019,4.5
2015-03-25,2019,4.5
2015-03-26,2019,4.75
2015-03-27,2019,4.75
2015-03-30,2019,4.75
2015-03-31,2019,4.75
2015-04-01,2019,4.75
2015-04-02,2019,4.75
2015-04-06,2019,4.5
2015-04-07,2019,4.5
2015-04-08,2019,4.5
2015-04-09,2019,4.5
2015-04-10,2019,4.5
2015-04-13,2019,4.5
2015-04-14,2019,4.5
2015-04-15,2019,4.5
2015-04-16,2019,4.5
2015-04-17,2019,4.5
2015-04-20,2019,4.5
2015-04-22,2019,4.5
2015-04-23,2019,4.5
2015-04-24,2019,4.5
2015-04-27,2019,4.5
2015-04-28,2019,4.5
2015-04-29,2019,4.5
2015-04-30,2019,4.5
2015-05-04,2019,4.5
2015-05-05,2019,4.5
2015-05-06,2019,4.5
2015-05-07,2019,4.5
2015-05-08,2019,4.5
2015-05-11,2019,4.5
2015-05-12,2019,4.5
2015-05-13,2019,4.5
2015-05-14,2019,4.5
2015-05-15,2019,4.5
2015-05-18,2019,4.5
2015-05-19,2019,4.5
2015-05-20,2019,4.5
2015-05-21,2019,4.5
2015-05-22,2019,4.5
2015-05-25,2019,4.5
2015-05-26,2019,4.5
2015-05-27,2019,4.5
2015-05-28,2019,4.5
2015-05-29,2019,4.5
2015-06-01,2019,4.5
2015-06-02,2019,4.5
2015-06-03,2019,4.5
2015-06-05,2019,4.5
2015-06-08,2019,4.5
2015-06-09,2019,4.5
2015-06-10,2019,4.5
2015-06-11,2019,4.5
2015-06-12,2019,4.5
2015-06-15,2019,4.5
2015-06-16,2019,4.5
2015-06-17,2019,4.5
2015-06-18,2019,4.5
2015-06-19,2019,4.5
2015-06-22,2019,4.5
2015-06-23,2019,4.5
2015-06-24,2019,4.5
2015-06-25,2019,4.5
2015-06-26,2019,4.5
2015-06-29,2019,4.5
2015-06-30,2019,4.5
2015-07-01,2019,4.5
2015-07-02,2019,4.5
2015-07-03,2019,4.5
2015-07-06,2019,4.5
2015-07-07,2019,4.5
2015-07-08,2019,4.5
2015-07-09,2019,4.5
2015-07-10,2019,4.5
2015-07-13,2019,4.5
2015-07-14,2019,4.5
2015-07-15,2019,4.5
2015-07-16,2019,4.5
2015-07-17,2019,4.5
2015-07-20,2019,4.5
2015-07-21,2019,4.5
2015-07-22,2019,4.5
2015-07-23,2019,4.5
2015-07-24,2019,4.5
2015-07-27,2019,4.5
2015-07-28,2019,4.5
2015-07-29,2019,4.5
2015-07-30,2019,4.5
2015-07-31,2019,4.5
2015-08-03,2019,4.5
2015-08-04,2019,4.5
2015-08-05,2019,4.5
2015-08-06,2019,4.5
2015-08-07,2019,4.5
2015-08-10,2019,4.5
2015-08-11,2019,4.5
2015-08-12,2019,4.5
2015-08-13,2019,4.5
2015-08-14,2019,4.5
2015-08-17,2019,4.5
2015-08-18,2019,4.5
2015-08-19,2019,4.5
2015-08-20,2019,4.5
2015-08-21,2019,4.5
2015-08-24,2019,4.5
2015-08-25,2019,4.5
2015-08-26,2019,4.5
2015-08-27,2019,4.5
2015-08-28,2019,4.5
2015-08-31,2019,4.5
2015-09-01,2019,4.5
2015-09-02,2019,4.5
2015-09-03,2019,4.5
2015-09-04,2019,4.5
2015-09-08,2019,4.5
2015-09-09,2019,4.5
2015-09-10,2019,4.5
2015-09-11,2019,4.5
2015-09-14,2019,4.5
2015-09-15,2019,4.5
2015-09-16,2019,4.5
2015-09-17,2019,4.5
2015-09-18,2019,4.5
2015-09-21,2019,4.5
2015-09-22,2019,4.5
2015-09-23,2019,4.5
2015-09-24,2019,4.5
2015-09-25,2019,4.5
2015-09-28,2019,4.5
2015-09-29,2019,4.5
2015-09-30,2019,4.5
2015-10-01,2019,4.5
2015-10-02,2019,4.5
2015-10-05,2019,4.5
2015-10-06,2019,4.5
2015-10-07,2019,4.5
2015-10-08,2019,4.5
2015-10-09,2019,4.5
2015-10-13,2019,4.5
2015-10-14,2019,4.5
2015-10-15,2019,4.5
2015-10-16,2019,4.5
2015-10-19,2019,4.5
2015-10-20,2019,4.5
2015-10-21,2019,4.5
2015-10-22,2019,4.5
2015-10-23,2019,4.5
2015-10-26,2019,4.5
2015-10-27,2019,4.5
2015-10-28,2019,4.5
2015-10-29,2019,4.5
2015-10-30,2019,4.5
2015-11-03,2019,4.5
2015-11-04,2019,4.5
2015-11-05,2019,4.5
2015-11-06,2019,4.5
2015-11-09,2019,4.5
2015-11-10,2019,4.5
2015-11-11,2019,4.5
2015-11-12,2019,4.5
2015-11-13,2019,4.5
2015-11-16,2019,4.5
2015-11-17,2019,4.5
2015-11-18,2019,4.5
2015-11-19,2019,4.5
2015-11-20,2019,4.5
2015-11-23,2019,4.5
2015-11-24,2019,4.5
2015-11-25,2019,4.5
2015-11-26,2019,4.5
2015-11-27,2019,4.5
2015-11-30,2019,4.5
2015-12-01,2019,4.5
2015-12-02,2019,4.5
2015-12-03,2019,4.5
2015-12-04,2019,4.5
2015-12-07,2019,4.5
2015-12-08,2019,4.5
2015-12-09,2019,4.5
2015-12-10,2019,4.5
2015-12-11,2019,4.5
2015-12-14,2019,4.5
2015-12-15,2019,4.5
2015-12-16,2019,4.5
2015-12-17,2019,4.5
2015-12-18,2019,4.5
2015-12-21,2019,4.5
2015-12-22,2019,4.5
2015-12-23,2019,4.5
2015-12-24,2019,4.5
2015-12-28,2019,4.5
2015-12-29,2019,4.5
2015-12-30,2019,4.5
2015-12-31,2019,4.5
2016-01-04,2019,4.5
2016-01-05,2019,4.5
2016-01-06,2019,4.5
2016-01-07,2019,4.5
2016-01-08,2019,4.5
2016-01-11,2019,4.5
2016-01-12,2019,4.5
2016-01-13,2019,4.5
2016-01-14,2019,4.5
2016-01-15,2019,4.5
2016-01-18,2019,4.5
2016-01-19,2019,4.5
2016-01-20,2019,4.5
2016-01-21,2019,4.5
2016-01-22,2019,4.5
2016-01-25,2019,4.5
2016-01-26,2019,4.5
2016-01-27,2019,4.5
2016-01-28,2019,4.5
2016-01-29,2019,4.5
2016-02-01,2019,4.5
2016-02-02,2019,4.5
2016-02-03,2019,4.5
2016-02-04,2019,4.5
2016-02-05,2019,4.5
2016-02-10,2019,4.5
2016-02-11,2019,4.5
2016-02-12,2019,4.5
2016-02-15,2019,4.5
2016-02-16,2019,4.5
2016-02-17,2019,4.5
2016-02-18,2019,4.5
2016-02-19,2019,4.5
2016-02-22,2019,4.5
2016-02-23,2019,4.5
2016-02-24,2019,4.5
2016-02-25,2019,4.5
2016-02-26,2019,4.5
2016-02-29,2019,4.5
2016-03-01,2019,4.5
2016-03-02,2019,4.5
2016-03-03,2019,4.5
2016-03-04,2019,4.5
2016-03-07,2019,4.5
2016-03-08,2019,4.5
2016-03-09,2019,4.5
2016-03-10,2019,4.5
2016-03-11,2019,4.5
2016-03-14,2019,4.5
2016-03-15,2019,4.5
2016-03-16,2019,4.5
2016-03-17,2019,4.5
2016-03-18,2019,4.5
2016-03-21,2019,4.5
2016-03-22,2019,4.5
2016-03-23,2019,4.5
2016-03-24,2019,4.5
2016-03-28,2019,4.5
2016-03-29,2019,4.5
2016-03-30,2019,4.5
2016-03-31,2019,4.5
2016-04-01,2019,4.5
2016-04-04,2019,4.5
2016-04-05,2019,4.5
2016-04-06,2019,4.5
2016-04-07,2019,4.5
2016-04-08,2019,4.5
2016-04-11,2019,4.5
2016-04-12,2019,4.5
2016-04-13,2019,4.5
2016-04-14,2019,4.5
2016-04-15,2019,4.5
2016-04-18,2019,4.5
2016-04-19,2019,4.5
2016-04-20,2019,4.5
2016-04-22,2019,4.5
2016-04-25,2019,4.5
2016-04-26,2019,4.5
2016-04-27,2019,4.5
2016-04-28,2019,4.5
2016-04-29,2019,4.5
2016-05-02,2019,4.5
2016-05-03,2019,4.5
2016-05-04,2019,4.65
2016-05-05,2019,4.65
2016-05-06,2019,4.5
2016-05-09,2019,4.5
2016-05-10,2019,4.5
2016-05-11,2019,4.5
2016-05-12,2019,4.5
2016-05-13,2019,4.5
2016-05-16,2019,4.53
2016-05-17,2019,4.53
2016-05-18,2019,4.68
2016-05-19,2019,4.5
2016-05-20,2019,4.5
2016-05-23,2019,4.5
2016-05-24,2019,4.5
2016-05-25,2019,4.5
2016-05-27,2019,4.5
2016-05-30,2019,4.5
2016-05-31,2019,4.5
2016-06-01,2019,4.5
2016-06-02,2019,4.5
2016-06-03,2019,4.5
2016-06-06,2019,4.53
2016-06-07,2019,4.53
2016-06-08,2019,4.5
2016-06-09,2019,4.53
2016-06-10,2019,4.53
2016-06-13,2019,4.5
2016-06-14,2019,4.5
2016-06-15,2019,4.5
2016-06-16,2019,4.5
2016-06-17,2019,4.5
2016-06-20,2019,4.5
2016-06-21,2019,4.5
2016-06-22,2019,4.5
2016-06-23,2019,4.5
2016-06-24,2019,4.5
2016-06-27,2019,4.5
2016-06-28,2019,4.5
2016-06-29,2019,4.5
2016-06-30,2019,4.5
2016-07-01,2019,4.5
2016-07-04,2019,4.5
2016-07-05,2019,4.5
2016-07-06,2019,4.5
2016-07-07,2019,4.5
2016-07-08,2019,4.5
2016-07-11,2019,4.5
2016-07-12,2019,4.5
2016-07-13,2019,4.5
2016-07-14,2019,4.5
2016-07-15,2019,4.5
2016-07-18,2019,4.5
2016-07-19,2019,4.5
2016-07-20,2019,4.5
2016-07-21,2019,4.5
2016-07-22,2019,4.5
2016-07-25,2019,4.5
2016-07-26,2019,4.5
2016-07-27,2019,4.5
2016-07-28,2019,4.5
2016-07-29,2019,4.5
2016-08-01,2019,4.5
2016-08-02,2019,4.5
2016-08-03,2019,4.5
2016-08-04,2019,4.5
2016-08-05,2019,4.5
2016-08-08,2019,4.5
2016-08-09,2019,4.5
2016-08-10,2019,4.5
2016-08-11,2019,4.5
2016-08-12,2019,4.5
2016-08-15,2019,4.5
2016-08-16,2019,4.5
2016-08-17,2019,4.5
2016-08-18,2019,4.5
2016-08-19,2019,4.5
2016-08-22,2019,4.5
2016-08-23,2019,4.5
2016-08-24,2019,4.5
2016-08-25,2019,4.5
2016-08-26,2019,4.5
2016-08-29,2019,4.5
2016-08-30,2019,4.5
2016-08-31,2019,4.5
2016-09-01,2019,4.5
2016-09-02,2019,4.5
2016-09-05,2019,4.5
2016-09-06,2019,4.5
2016-09-08,2019,4.5
2016-09-09,2019,4.5
2016-09-12,2019,4.5
2016-09-13,2019,4.5
2016-09-14,2019,4.5
2016-09-15,2019,4.5
2016-09-16,2019,4.5
2016-09-19,2019,4.5
2016-09-20,2019,4.5
2016-09-21,2019,4.5
2016-09-22,2019,4.5
2016-09-23,2019,4.5
2016-09-26,2019,4.5
2016-09-27,2019,4.5
2016-09-28,2019,4.5
2016-09-29,2019,4.5
2016-09-30,2019,4.5
2016-10-03,2019,4.5
2016-10-04,2019,4.5
2016-10-05,2019,4.5
2016-10-06,2019,4.5
2016-10-07,2019,4.5
2016-10-10,2019,4.5
2016-10-11,2019,4.5
2016-10-13,2019,4.5
2016-10-14,2019,4.5
2016-10-17,2019,4.5
2016-10-18,2019,4.5
2016-10-19,2019,4.5
2016-10-20,2019,4.5
2016-10-21,2019,4.5
2016-10-24,2019,4.5
2016-10-25,2019,4.5
2016-10-26,2019,4.5
2016-10-27,2019,4.5
2016-10-28,2019,4.5
2016-10-31,2019,4.5
2016-11-01,2019,4.5
2016-11-03,2019,4.5
2016-11-04,2019,4.5
2016-11-07,2019,4.5
2016-11-08,2019,4.5
2016-11-09,2019,4.5
2016-11-10,2019,4.5
2016-11-11,2019,4.5
2016-11-14,2019,4.5
2016-11-16,2019,4.5
2016-11-17,2019,4.5
2016-11-18,2019,4.5
2016-11-21,2019,4.5
2016-11-22,2019,4.5
2016-11-23,2019,4.5
2016-11-24,2019,4.5
2016-11-25,2019,4.5
2016-11-28,2019,4.5
2016-11-29,2019,4.5
2016-11-30,2019,4.5
2016-12-01,2019,4.5
2016-12-02,2019,4.5
2016-12-05,2019,4.5
2016-12-06,2019,4.5
2016-12-07,2019,4.5
2016-12-08,2019,4.5
2016-12-09,2019,4.5
2016-12-12,2019,4.5
2016-12-13,2019,4.5
2016-12-14,2019,4.5
2016-12-15,2019,4.5
2016-12-16,2019,4.5
2016-12-19,2019,4.5
2016-12-20,2019,4.5
2016-12-21,2019,4.5
2016-12-22,2019,4.5
2016-12-23,2019,4.5
2016-12-26,2019,4.5
2016-12-27,2019,4.5
2016-12-28,2019,4.5
2016-12-29,2019,4.5
2016-12-30,2019,4.5
2017-01-02,2019,4.5
2017-01-03,2019,4.5
2017-01-04,2019,4.5
2017-01-05,2019,4.5
2017-01-06,2019,4.5
2017-01-09,2019,4.5
2017-01-10,2019,4.5
2017-01-11,2019,4.5
2017-01-12,2019,4.5
2017-01-13,2019,4.5
2017-01-16,2019,4.5
2017-01-17,2019,4.5
2017-01-18,2019,4.5
2017-01-19,2019,4.5
2017-01-20,2019,4.5
2017-01-23,2019,4.5
2017-01-24,2019,4.5
2017-01-25,2019,4.5
2017-01-26,2019,4.5
2017-01-27,2019,4.5
2017-01-30,2019,4.5
2017-01-31,2019,4.5
2017-02-01,2019,4.5
2017-02-02,2019,4.5
2017-02-03,2019,4.5
2017-02-06,2019,4.5
2017-02-07,2019,4.5
2017-02-08,2019,4.5
2017-02-09,2019,4.5
2017-02-10,2019,4.5
2017-02-13,2019,4.5
2017-02-14,2019,4.5
2017-02-15,2019,4.5
2017-02-16,2019,4.5
2017-02-17,2019,4.5
2017-02-20,2019,4.5
2017-02-21,2019,4.5
2017-02-22,2019,4.5
2017-02-23,2019,4.5
2017-02-24,2019,4.5
2017-03-01,2019,4.5
2017-03-02,2019,4.5
2017-03-03,2019,4.5
2017-03-06,2019,4.5
2017-03-07,2019,4.5
2017-03-08,2019,4.5
2017-03-09,2019,4.5
2017-03-10,2019,4.5
2017-03-13,2019,4.5
2017-03-14,2019,4.5
2017-03-15,2019,4.5
2017-03-16,2019,4.5
2017-03-17,2019,4.5
2017-03-20,2019,4.5
2017-03-21,2019,4.5
2017-03-22,2019,4.5
2017-03-23,2019,4.5
2017-03-24,2019,4.5
2017-03-27,2019,4.5
2017-03-28,2019,4.5
2017-03-29,2019,4.5
2017-03-30,2019,4.5
2017-03-31,2019,4.5
2017-04-03,2019,4.5
2017-04-04,2019,4.5
2017-04-05,2019,4.5
2017-04-06,2019,4.5
2017-04-07,2019,4.5
2017-04-10,2019,4.5
2017-04-11,2019,4.5
2017-04-12,2019,4.5
2017-04-13,2019,4.5
2017-04-17,2019,4.5
2017-04-18,2019,4.5
2017-04-19,2019,4.5
2017-04-20,2019,4.5
2017-04-24,2019,4.5
2017-04-25,2019,4.5
2017-04-26,2019,4.5
2017-04-27,2019,4.5
2017-04-28,2019,4.5
2017-05-02,2019,4.5
2017-05-03,2019,4.5
2017-05-04,2019,4.5
2017-05-05,2019,4.5
2017-05-08,2019,4.5
2017-05-09,2019,4.5
2017-05-10,2019,4.5
2017-05-11,2019,4.5
2017-05-12,2019,4.5
2017-05-15,2019,4.5
2017-05-16,2019,4.5
2017-05-17,2019,4.5
2017-05-18,2019,4.5
2017-05-19,2019,4.5
2017-05-22,2019,4.5
2017-05-23,2019,4.5
2017-05-24,2019,4.5
2017-05-25,2019,4.5
2017-05-26,2019,4.5
2017-05-29,2019,4.5
2017-05-30,2019,4.5
2017-05-31,2019,4.5
2017-06-01,2019,4.5
2017-06-02,2019,4.5
2017-06-05,2019,4.5
2017-06-06,2019,4.5
2017-06-07,2019,4.5
2017-06-08,2019,4.5
2017-06-09,2019,4.5
2017-06-12,2019,4.5
2017-06-13,2019,4.5
2017-06-14,2019,4.5
2017-06-16,2019,4.5
2017-06-19,2019,4.5
2017-06-20,2019,4.5
2017-06-21,2019,4.5
2017-06-22,2019,4.5
2017-06-23,2019,4.5
2017-06-26,2019,4.5
2017-06-27,2019,4.5
2017-06-28,2019,4.5
2017-06-29,2019,4.5
2017-06-30,2019,4.5
2017-07-03,2019,4.5
2017-07-04,2019,4.5
2017-07-05,2019,4.5
2017-07-06,2019,4.5
2017-07-07,2019,4.5
2017-07-10,2019,4.5
2017-07-11,2019,4.5
2017-07-12,2019,4.5
2017-07-13,2019,4.5
2017-07-14,2019,4.5
2017-07-17,2019,4.5
2017-07-18,2019,4.5
2017-07-19,2019,4.5
2017-07-20,2019,4.5
2017-07-21,2019,4.5
2017-07-24,2019,4.5
2017-07-25,2019,4.5
2017-07-26,2019,4.5
2017-07-27,2019,4.5
2017-07-28,2019,4.5
2017-07-31,2019,4.5
2017-08-01,2019,4.5
2017-08-02,2019,4.5
2017-08-03,2019,4.45
2017-08-04,2019,4.45
2017-08-07,2019,4.45
2017-08-08,2019,4.4
2017-08-09,2019,4.4
2017-08-10,2019,4.4
2017-08-11,2019,4.45
2017-08-14,2019,4.45
2017-08-15,2019,4.45
2017-08-16,2019,4.45
2017-08-17,2019,4.5
2017-08-18,2019,4.5
2017-08-21,2019,4.5
2017-08-22,2019,4.28
2017-08-23,2019,4.28
2017-08-24,2019,4.28
2017-08-25,2019,4.28
2017-08-28,2019,4.25
2017-08-29,2019,4.25
2017-08-30,2019,4.25
2017-08-31,2019,4.28
2017-09-01,2019,4.28
2017-09-04,2019,4.25
2017-09-05,2019,4.25
2017-09-06,2019,4.25
2017-09-08,2019,4.25
2017-09-11,2019,4.25
2017-09-12,2019,4.25
2017-09-13,2019,4.25
2017-09-14,2019,4.25
2017-09-15,2019,4.25
2017-09-18,2019,4.25
2017-09-19,2019,4.25
2017-09-20,2019,4.25
2017-09-21,2019,4.25
2017-09-22,2019,4.25
2017-09-25,2019,4.25
2017-09-26,2019,4.25
2017-09-27,2019,4.25
2017-09-28,2019,4.25
2017-09-29,2019,4.25
2017-10-02,2019,4.25
2017-10-03,2019,4.25
2017-10-04,2019,4.25
2017-10-05,2019,4.25
2017-10-06,2019,4.25
2017-10-09,2019,4.25
2017-10-10,2019,4.25
2017-10-11,2019,4.25
2017-10-13,2019,4.25
2017-10-16,2019,4.5
2017-10-17,2019,4.4
2017-10-18,2019,4.4
2017-10-19,2019,4.4
2017-10-20,2019,4.45
2017-10-23,2019,4.5
2017-10-24,2019,4.5
2017-10-25,2019,4.5
2017-10-26,2019,4.5
2017-10-27,2019,4.5
2017-10-30,2019,4.5
2017-10-31,2019,4.4
2017-11-01,2019,4.4
2017-11-03,2019,4.45
2017-11-06,2019,4.5
2017-11-07,2019,4.5
2017-11-08,2019,4.5
2017-11-09,2019,4.5
2017-11-10,2019,4.5
2017-11-13,2019,4.5
2017-11-14,2019,4.45
2017-11-16,2019,4.35
2017-11-17,2019,4.35
2017-11-20,2019,4.35
2017-11-21,2019,4.35
2017-11-22,2019,4.4
2017-11-23,2019,4.35
2017-11-24,2019,4.35
2017-11-27,2019,4.35
2017-11-28,2019,4.28
2017-11-29,2019,4.28
2017-11-30,2019,4.3
2017-12-01,2019,4.43
2017-12-04,2019,4.43
2017-12-05,2019,4.4
2017-12-06,2019,4.4
2017-12-07,2019,4.43
2017-12-08,2019,4.3
2017-12-11,2019,4.3
2017-12-12,2019,4.38
2017-12-13,2019,4.38
2017-12-14,2019,4.3
2017-12-15,2019,4.25
2017-12-18,2019,4.3
2017-12-19,2019,4.3
2017-12-20,2019,4.25
2017-12-21,2019,4.25
2017-12-22,2019,4.25
2017-12-26,2019,4.25
2017-12-27,2019,4.25
2017-12-28,2019,4.25
2017-12-29,2019,4.25
2018-01-02,2019,4.28
2018-01-03,2019,4.28
2018-01-04,2019,4.28
2018-01-05,2019,4.3
2018-01-08,2019,4.3
2018-01-09,2019,4.3
2018-01-10,2019,4.3
2018-01-11,2019,4.3
2018-01-12,2019,4.25
2018-01-15,2019,4.3
2018-01-16,2019,4.38
2018-01-17,2019,4.38
2018-01-18,2019,4.48
2018-01-19,2019,4.45
2018-01-22,2019,4.45
2018-01-23,2019,4.38
2018-01-24,2019,4.38
2018-01-25,2019,4.45
2018-01-26,2019,4.45
2018-01-29,2019,4.38
2018-01-30,2019,4.45
2018-01-31,2019,4.5
2018-02-01,2019,4.5
2018-02-02,2019,4.45
2018-02-05,2019,4.45
2018-02-06,2019,4.48
2018-02-07,2019,4.48
2018-02-08,2019,4.38
2018-02-09,2019,4.45
2018-02-14,2019,4.45
2018-02-15,2019,4.45
2018-02-16,2019,4.45
2018-02-19,2019,4.45
2018-02-20,2019,4.43
2018-02-21,2019,4.5
2018-02-22,2019,4.5
2018-02-23,2019,4.5
2018-02-26,2019,4.5
2018-02-27,2019,4.5
2018-02-28,2019,4.5
2018-03-01,2019,4.5
2018-03-02,2019,4.48
2018-03-05,2019,4.5
2018-03-06,2019,4.5
2018-03-07,2019,4.5
2018-03-08,2019,4.5
2018-03-09,2019,4.43
2018-03-12,2019,4.45
2018-03-13,2019,4.45
2018-03-14,2019,4.5
2018-03-15,2019,4.45
2018-03-16,2019,4.45
2018-03-19,2019,4.5
2018-03-20,2019,4.5
2018-03-21,2019,4.45
2018-03-22,2019,4.45
2018-03-23,2019,4.5
2018-03-26,2019,4.5
2018-03-27,2019,4.5
2018-03-28,2019,4.5
2018-03-29,2019,4.5
2018-04-02,2019,4.5
2018-04-03,2019,4.48
2018-04-04,2019,4.48
2018-04-05,2019,4.5
2018-04-06,2019,4.5
2018-04-09,2019,4.5
2018-04-10,2019,4.5
2018-04-11,2019,4.5
2018-04-12,2019,4.5
2018-04-13,2019,4.5
2018-04-16,2019,4.48
2018-04-17,2019,4.48
2018-04-18,2019,4.5
2018-04-19,2019,4.48
2018-04-20,2019,4.48
2018-04-23,2019,4.48
2018-04-24,2019,4.48
2018-04-25,2019,4.48
2018-04-26,2019,4.48
2018-04-27,2019,4.44
2018-04-30,2019,4.4
2018-05-02,2019,4.4
2018-05-03,2019,4.44
2018-05-04,2019,4.44
2018-05-07,2019,4.44
2018-05-08,2019,4.44
2018-05-09,2019,4.4
2018-05-10,2019,4.4
2018-05-11,2019,4.44
2018-05-14,2019,4.5
2018-05-15,2019,4.47
2018-05-16,2019,4.5
2018-05-17,2019,4.5
2018-05-18,2019,4.5
2018-05-21,2019,4.5
2018-05-22,2019,4.5
2018-05-23,2019,4.47
2018-05-24,2019,4.47
2018-05-25,2019,4.5
2018-05-28,2019,4.5
2018-05-29,2019,4.5
2018-05-30,2019,4.5
2018-06-01,2019,4.5
2018-06-04,2019,4.5
2018-06-05,2019,4.5
2018-06-06,2019,4.5
2018-06-07,2019,4.5
2018-06-08,2019,4.5
2018-06-11,2019,4.5
2018-06-12,2019,4.5
2018-06-13,2019,4.5
2018-06-14,2019,4.5
2018-06-15,2019,4.5
2018-06-18,2019,4.5
2018-06-19,2019,4.5
2018-06-20,2019,4.5
2018-06-21,2019,4.5
2018-06-22,2019,4.5
2018-06-25,2019,4.5
2018-06-26,2019,4.5
2018-06-27,2019,4.5
2018-06-28,2019,4.5
2018-06-29,2019,4.5
2018-07-02,2019,4.5
2018-07-03,2019,4.5
2018-07-04,2019,4.44
2018-07-05,2019,4.44
2018-07-06,2019,4.44
2018-07-09,2019,4.44
2018-07-10,2019,4.42
2018-07-11,2019,4.42
2018-07-12,2019,4.42
2018-07-13,2019,4.4
2018-07-16,2019,4.4
2018-07-17,2019,4.4
2018-07-18,2019,4.47
2018-07-19,2019,4.5
2018-07-20,2019,4.5
2018-07-23,2019,4.5
2018-07-24,2019,4.5
2018-07-25,2019,4.5
2018-07-26,2019,4.5
2018-07-27,2019,4.5
2018-07-30,2019,4.5
2018-07-31,2019,4.5
2018-08-01,2019,4.5
2018-08-02,2019,4.5
2018-08-03,2019,4.5
2018-08-06,2019,4.6
2018-08-07,2019,4.7
2018-08-08,2019,4.7
2018-08-09,2019,4.7
2018-08-10,2019,4.72
2018-08-13,2019,4.72
2018-08-14,2019,4.72
2018-08-15,2019,4.72
2018-08-16,2019,4.7
2018-08-17,2019,4.73
2018-08-20,2019,4.73
2018-08-21,2019,4.73
2018-08-22,2019,4.8
2018-08-23,2019,4.8
2018-08-24,2019,4.8
2018-08-27,2019,4.77
2018-08-28,2019,4.77
2018-08-29,2019,4.8
2018-08-30,2019,4.8
2018-08-31,2019,4.77
2018-09-03,2019,4.77
2018-09-04,2019,4.77
2018-09-05,2019,4.73
2018-09-06,2019,4.8
2018-09-10,2019,4.77
2018-09-11,2019,4.77
2018-09-12,2019,4.77
2018-09-13,2019,4.8
2018-09-14,2019,4.8
2018-09-17,2019,4.8
2018-09-18,2019,4.8
2018-09-19,2019,4.8
2018-09-20,2019,4.8
2018-09-21,2019,4.8
2018-09-24,2019,4.8
2018-09-25,2019,4.8
2018-09-26,2019,4.8
2018-09-27,2019,4.8
2018-09-28,2019,4.8
2018-10-01,2019,4.8
2018-10-02,2019,4.8
2018-10-03,2019,4.8
2018-10-04,2019,4.8
2018-10-05,2019,4.8
2018-10-08,2019,4.8
2018-10-09,2019,4.8
2018-10-10,2019,4.8
2018-10-11,2019,4.8
2018-10-15,2019,4.8
2018-10-16,2019,4.8
2018-10-17,2019,4.8
2018-10-18,2019,4.8
2018-10-19,2019,4.8
2018-10-22,2019,4.8
2018-10-23,2019,4.8
2018-10-24,2019,4.8
2018-10-25,2019,4.8
2018-10-26,2019,4.8
2018-10-29,2019,4.8
2018-10-30,2019,4.8
2018-10-31,2019,4.8
2018-11-01,2019,4.8
2018-11-05,2019,4.8
2018-11-06,2019,4.8
2018-11-07,2019,4.8
2018-11-08,2019,4.8
2018-11-09,2019,4.8
2018-11-12,2019,4.8
2018-11-13,2019,4.8
2018-11-14,2019,4.8
2018-11-16,2019,4.8
2018-11-19,2019,4.8
2018-11-20,2019,4.8
2018-11-21,2019,4.8
2018-11-22,2019,4.8
2018-11-23,2019,4.8
2018-11-26,2019,4.8
2018-11-27,2019,4.8
2018-11-28,2019,4.8
2018-11-29,2019,4.8
2018-11-30,2019,4.8
2018-12-03,2019,4.8
2018-12-04,2019,4.8
2018-12-05,2019,4.8
2018-12-06,2019,4.8
2018-12-07,2019,4.8
2018-12-10,2019,4.8
2018-12-11,2019,4.8
2018-12-12,2019,4.8
2018-12-13,2019,4.8
2018-12-14,2019,4.75
2018-12-17,2019,4.8
2018-12-18,2019,4.8
2018-12-19,2019,4.79
2018-12-20,2019,4.8
2018-12-21,2019,4.8
2018-12-24,2019,4.8
2018-12-26,2019,4.8
2018-12-27,2019,4.8
2018-12-28,2019,4.8
2018-12-31,2019,4.79
2019-01-02,2019,4.79
2019-01-03,2019,4.79
2019-01-04,2019,4.79
2019-01-07,2019,4.79
2019-01-08,2019,4.79
2019-01-09,2019,4.79
2019-01-10,2019,4.8
2019-01-11,2019,4.8
2019-01-14,2019,4.8
2019-01-15,2019,4.8
2019-01-16,2019,4.8
2019-01-17,2019,4.8
2019-01-18,2019,4.8
2019-01-21,2019,4.75
2019-01-22,2019,4.75
2019-01-23,2019,4.75
2019-01-24,2019,4.75
2019-01-25,2019,4.8
2019-01-28,2019,4.8
2019-01-29,2019,4.87
2019-01-30,2019,4.8
2019-01-31,2019,4.93
2019-02-01,2019,4.89
2019-02-04,2019,4.89
2019-02-05,2019,4.89
2019-02-06,2019,4.89
2019-02-07,2019,4.89
2019-02-08,2019,4.89
2019-02-11,2019,4.89
2019-02-12,2019,4.85
2019-02-13,2019,4.85
2019-02-14,2019,4.8
2019-02-15,2019,4.89
2019-02-18,2019,4.9
2019-02-19,2019,4.9
2019-02-20,2019,4.9
2019-02-21,2019,4.9
2019-02-22,2019,4.9
2019-02-25,2019,4.9
2019-02-26,2019,4.9
2019-02-27,2019,4.9
2019-02-28,2019,4.9
2019-03-01,2019,4.89
2019-03-06,2019,4.89
2019-03-07,2019,4.9
2019-03-08,2019,4.92
2019-03-11,2019,4.93
2019-03-12,2019,4.92
2019-03-13,2019,4.92
2019-03-14,2019,4.93
2019-03-15,2019,4.94
2019-03-18,2019,4.95
2019-03-19,2019,4.95
2019-03-20,2019,4.95
2019-03-21,2019,4.94
2019-03-22,2019,4.95
2019-03-25,2019,4.98
2019-03-26,2019,4.98
2019-03-27,2019,5.0
2019-03-28,2019,5.0
2019-03-29,2019,5.0
2019-04-01,2019,5.0
2019-04-02,2019,5.0
2019-04-03,2019,5.0
2019-04-04,2019,5.0
2019-04-05,2019,5.05
2019-04-08,2019,5.1
2019-04-09,2019,5.05
2019-04-10,2019,5.05
2019-04-11,2019,5.1
2019-04-12,2019,5.1
2019-04-15,2019,5.12
2019-04-16,2019,5.14
2019-04-17,2019,5.14
2019-04-18,2019,5.17
2019-04-22,2019,5.14
2019-04-23,2019,5.14
2019-04-24,2019,5.14
2019-04-25,2019,5.17
2019-04-26,2019,5.2
2019-04-29,2019,5.2
2019-04-30,2019,5.2
2019-05-02,2019,5.2
2019-05-03,2019,5.2
2019-05-06,2019,5.2
2019-05-07,2019,5.2
2019-05-08,2019,5.2
2019-05-09,2019,5.2
2019-05-10,2019,5.25
2019-05-13,2019,5.2
2019-05-14,2019,5.2
2019-05-15,2019,5.2
2019-05-16,2019,5.25
2019-05-17,2019,5.25
2019-05-20,2019,5.25
2019-05-21,2019,5.25
2019-05-22,2019,5.25
2019-05-23,2019,5.28
2019-05-24,2019,5.28
2019-05-27,2019,5.28
2019-05-28,2019,5.28
2019-05-29,2019,5.28
2019-05-30,2019,5.25
2019-05-31,2019,5.25
2019-06-03,2019,5.2
2019-06-04,2019,5.2
2019-06-05,2019,5.2
2019-06-06,2019,5.2
2019-06-07,2019,5.2
2019-06-10,2019,5.2
2019-06-11,2019,5.2
2019-06-12,2019,5.2
2019-06-13,2019,5.2
2019-06-14,2019,5.2
2019-06-17,2019,5.2
2019-06-18,2019,5.2
2019-06-19,2019,5.2
2019-06-21,2019,5.2
2019-06-24,2019,5.1
2019-06-25,2019,5.0
2019-06-26,2019,5.0
2019-06-27,2019,5.0
2019-06-28,2019,5.1
2019-07-01,2019,5.0
2019-07-02,2019,5.0
2019-07-03,2019,5.0
2019-07-04,2019,5.0
2019-07-05,2019,5.0
2019-07-08,2019,5.0
2019-07-09,2019,5.0
2019-07-10,2019,5.0
2019-07-11,2019,5.0
2019-07-12,2019,5.0
2019-07-15,2019,5.0
2019-07-16,2019,5.0
2019-07-17,2019,5.0
2019-07-18,2019,5.0
2019-07-19,2019,4.94
2019-07-22,2019,4.95
2019-07-23,2019,4.95
2019-07-24,2019,4.95
2019-07-25,2019,4.94
2019-07-26,2019,4.9
2019-07-29,2019,4.9
2019-07-30,2019,4.91
2019-07-31,2019,4.91
2019-08-01,2019,4.91
2019-08-02,2019,4.91
2019-08-05,2019,4.92
2019-08-06,2019,4.94
2019-08-07,2019,4.92
2019-08-08,2019,4.94
2019-08-09,2019,4.92
2019-08-12,2019,4.93
2019-08-13,2019,4.93
2019-08-14,2019,4.88
2019-08-15,2019,4.82
2019-08-16,2019,4.8
2019-08-19,2019,4.8
2019-08-20,2019,4.8
2019-08-21,2019,4.76
2019-08-22,2019,4.63
2019-08-23,2019,4.6
2019-08-26,2019,4.59
2019-08-27,2019,4.59
2019-08-28,2019,4.6
2019-08-29,2019,4.6
2019-08-30,2019,4.6
2019-09-02,2019,4.62
2019-09-03,2019,4.62
2019-09-04,2019,4.62
2019-09-05,2019,4.62
2019-09-06,2019,4.6
2019-09-09,2019,4.58
2019-09-10,2019,4.58
2019-09-11,2019,4.58
2019-09-12,2019,4.57
2019-09-13,2019,4.5
2019-09-16,2019,4.45
2019-09-17,2019,4.45
2019-09-18,2019,4.45
2019-09-19,2019,4.49
2019-09-20,2019,4.5
2019-09-23,2019,4.5
2019-09-24,2019,4.49
2019-09-25,2019,4.49
2019-09-26,2019,4.45
2019-09-27,2019,4.4
2019-09-30,2019,4.37
2019-10-01,2019,4.37
2019-10-02,2019,4.37
2019-10-03,2019,4.32
2019-10-04,2019,4.32
2019-10-07,2019,4.31
2019-10-08,2019,4.31
2019-10-09,2019,4.31
2019-10-10,2019,4.3
2019-10-11,2019,4.3
2019-10-14,2019,4.31
2019-10-15,2019,4.31
2019-10-16,2019,4.33
2019-10-17,2019,4.33
2019-10-18,2019,4.33
2019-10-21,2019,4.29
2019-10-22,2019,4.31
2019-10-23,2019,4.31
2019-10-24,2019,4.31
2019-10-25,2019,4.5
2019-10-28,2019,4.5
2019-10-29,2019,4.5
2019-10-30,2019,4.54
2019-10-31,2019,4.64
2019-11-01,2019,4.69
2019-11-04,2019,4.7
2019-11-05,2019,4.7
2019-11-06,2019,4.7
2019-11-07,2019,4.75
2019-11-08,2019,4.7
2019-11-11,2019,4.75
2019-11-12,2019,4.75
2019-11-13,2019,4.75
2019-11-14,2019,4.75
2019-11-18,2019,4.75
2019-11-19,2019,4.8
2019-11-20,2019,4.8
2019-11-21,2019,4.8
2019-11-22,2019,5.05
2019-11-25,2019,5.05
2019-11-26,2019,5.05
2019-11-27,2019,5.05
2019-11-28,2019,5.05
2019-11-29,2019,5.07
2019-12-02,2019,5.09
2019-12-03,2019,5.09
2019-12-04,2019,5.1
2019-12-05,2019,5.1
2019-12-06,2019,5.1
2019-12-09,2019,5.11
2019-12-10,2019,5.11
2019-12-11,2019,5.11
2019-12-12,2019,5.11
2019-12-13,2019,5.11
2019-12-16,2019,5.16
2019-12-17,2019,5.16
2019-12-18,2019,5.18
2019-12-19,2019,5.18
2019-12-20,2019,5.18
2019-12-23,2019,5.14
2019-12-24,2019,5.16
2019-12-26,2019,5.16
2019-12-27,2019,5.16
2019-12-30,2019,5.18
2019-12-31,2019,5.18
2020-01-02,2019,5.23
2020-01-03,2019,5.2
2020-01-06,2019,5.31
2020-01-07,2019,5.3
2020-01-08,2019,5.3
2020-01-09,2019,5.3
2016-01-08,2020,4.0
2016-01-11,2020,4.5
2016-01-12,2020,4.5
2016-01-13,2020,4.5
2016-01-14,2020,4.5
2016-01-15,2020,4.5
2016-01-18,2020,4.5
2016-01-19,2020,4.5
2016-01-20,2020,4.5
2016-01-21,2020,4.5
2016-01-22,2020,4.5
2016-01-25,2020,4.5
2016-01-26,2020,4.5
2016-01-27,2020,4.5
2016-01-28,2020,4.5
2016-01-29,2020,4.5
2016-02-01,2020,4.5
2016-02-02,2020,4.5
2016-02-03,2020,4.5
2016-02-04,2020,4.5
2016-02-05,2020,4.5
2016-02-10,2020,4.5
2016-02-11,2020,4.5
2016-02-12,2020,4.5
2016-02-15,2020,4.5
2016-02-16,2020,4.5
2016-02-17,2020,4.5
2016-02-18,2020,4.5
2016-02-19,2020,4.5
2016-02-22,2020,4.5
2016-02-23,2020,4.5
2016-02-24,2020,4.5
2016-02-25,2020,4.5
2016-02-26,2020,4.5
2016-02-29,2020,4.5
2016-03-01,2020,4.5
2016-03-02,2020,4.5
2016-03-03,2020,4.5
2016-03-04,2020,4.5
2016-03-07,2020,4.5
2016-03-08,2020,4.5
2016-03-09,2020,4.5
2016-03-10,2020,4.5
2016-03-11,2020,4.5
2016-03-14,2020,4.5
2016-03-15,2020,4.5
2016-03-16,2020,4.5
2016-03-17,2020,4.5
2016-03-18,2020,4.5
2016-03-21,2020,4.5
2016-03-22,2020,4.5
2016-03-23,2020,4.5
2016-03-24,2020,4.5
2016-03-28,2020,4.5
2016-03-29,2020,4.5
2016-03-30,2020,4.5
2016-03-31,2020,4.5
2016-04-01,2020,4.5
2016-04-04,2020,4.5
2016-04-05,2020,4.5
2016-04-06,2020,4.5
2016-04-07,2020,4.5
2016-04-08,2020,4.5
2016-04-11,2020,4.5
2016-04-12,2020,4.5
2016-04-13,2020,4.5
2016-04-14,2020,4.5
2016-04-15,2020,4.5
2016-04-18,2020,4.5
2016-04-19,2020,4.5
2016-04-20,2020,4.5
2016-04-22,2020,4.5
2016-04-25,2020,4.5
2016-04-26,2020,4.5
2016-04-27,2020,4.5
2016-04-28,2020,4.5
2016-04-29,2020,4.5
2016-05-02,2020,4.5
2016-05-03,2020,4.5
2016-05-04,2020,4.5
2016-05-05,2020,4.5
2016-05-06,2020,4.5
2016-05-09,2020,4.5
2016-05-10,2020,4.5
2016-05-11,2020,4.5
2016-05-12,2020,4.5
2016-05-13,2020,4.5
2016-05-16,2020,4.5
2016-05-17,2020,4.5
2016-05-18,2020,4.5
2016-05-19,2020,4.5
2016-05-20,2020,4.5
2016-05-23,2020,4.5
2016-05-24,2020,4.5
2016-05-25,2020,4.5
2016-05-27,2020,4.5
2016-05-30,2020,4.5
2016-05-31,2020,4.5
2016-06-01,2020,4.5
2016-06-02,2020,4.5
2016-06-03,2020,4.5
2016-06-06,2020,4.5
2016-06-07,2020,4.5
2016-06-08,2020,4.5
2016-06-09,2020,4.5
2016-06-10,2020,4.5
2016-06-13,2020,4.5
2016-06-14,2020,4.5
2016-06-15,2020,4.5
2016-06-16,2020,4.5
2016-06-17,2020,4.5
2016-06-20,2020,4.5
2016-06-21,2020,4.5
2016-06-22,2020,4.5
2016-06-23,2020,4.5
2016-06-24,2020,4.5
2016-06-27,2020,4.5
2016-06-28,2020,4.5
2016-06-29,2020,4.5
2016-06-30,2020,4.5
2016-07-01,2020,4.5
2016-07-04,2020,4.5
2016-07-05,2020,4.5
2016-07-06,2020,4.5
2016-07-07,2020,4.5
2016-07-08,2020,4.5
2016-07-11,2020,4.5
2016-07-12,2020,4.5
2016-07-13,2020,4.5
2016-07-14,2020,4.5
2016-07-15,2020,4.5
2016-07-18,2020,4.5
2016-07-19,2020,4.5
2016-07-20,2020,4.5
2016-07-21,2020,4.5
2016-07-22,2020,4.5
2016-07-25,2020,4.5
2016-07-26,2020,4.5
2016-07-27,2020,4.5
2016-07-28,2020,4.5
2016-07-29,2020,4.5
2016-08-01,2020,4.5
2016-08-02,2020,4.5
2016-08-03,2020,4.5
2016-08-04,2020,4.5
2016-08-05,2020,4.5
2016-08-08,2020,4.5
2016-08-09,2020,4.5
2016-08-10,2020,4.5
2016-08-11,2020,4.5
2016-08-12,2020,4.5
2016-08-15,2020,4.5
2016-08-16,2020,4.5
2016-08-17,2020,4.5
2016-08-18,2020,4.5
2016-08-19,2020,4.5
2016-08-22,2020,4.5
2016-08-23,2020,4.5
2016-08-24,2020,4.5
2016-08-25,2020,4.5
2016-08-26,2020,4.5
2016-08-29,2020,4.5
2016-08-30,2020,4.5
2016-08-31,2020,4.5
2016-09-01,2020,4.5
2016-09-02,2020,4.5
2016-09-05,2020,4.5
2016-09-06,2020,4.5
2016-09-08,2020,4.5
2016-09-09,2020,4.5
2016-09-12,2020,4.5
2016-09-13,2020,4.5
2016-09-14,2020,4.5
2016-09-15,2020,4.5
2016-09-16,2020,4.5
2016-09-19,2020,4.5
2016-09-20,2020,4.5
2016-09-21,2020,4.5
2016-09-22,2020,4.5
2016-09-23,2020,4.5
2016-09-26,2020,4.5
2016-09-27,2020,4.5
2016-09-28,2020,4.5
2016-09-29,2020,4.5
2016-09-30,2020,4.5
2016-10-03,2020,4.5
2016-10-04,2020,4.5
2016-10-05,2020,4.5
2016-10-06,2020,4.5
2016-10-07,2020,4.5
2016-10-10,2020,4.5
2016-10-11,2020,4.5
2016-10-13,2020,4.5
2016-10-14,2020,4.5
2016-10-17,2020,4.5
2016-10-18,2020,4.5
2016-10-19,2020,4.5
2016-10-20,2020,4.5
2016-10-21,2020,4.5
2016-10-24,2020,4.5
2016-10-25,2020,4.5
2016-10-26,2020,4.5
2016-10-27,2020,4.5
2016-10-28,2020,4.5
2016-10-31,2020,4.5
2016-11-01,2020,4.5
2016-11-03,2020,4.5
2016-11-04,2020,4.5
2016-11-07,2020,4.5
2016-11-08,2020,4.5
2016-11-09,2020,4.5
2016-11-10,2020,4.5
2016-11-11,2020,4.5
2016-11-14,2020,4.5
2016-11-16,2020,4.5
2016-11-17,2020,4.5
2016-11-18,2020,4.5
2016-11-21,2020,4.5
2016-11-22,2020,4.5
2016-11-23,2020,4.5
2016-11-24,2020,4.5
2016-11-25,2020,4.5
2016-11-28,2020,4.5
2016-11-29,2020,4.5
2016-11-30,2020,4.5
2016-12-01,2020,4.5
2016-12-02,2020,4.5
2016-12-05,2020,4.5
2016-12-06,2020,4.5
2016-12-07,2020,4.5
2016-12-08,2020,4.5
2016-12-09,2020,4.5
2016-12-12,2020,4.5
2016-12-13,2020,4.5
2016-12-14,2020,4.5
2016-12-15,2020,4.5
2016-12-16,2020,4.5
2016-12-19,2020,4.5
2016-12-20,2020,4.5
2016-12-21,2020,4.5
2016-12-22,2020,4.5
2016-12-23,2020,4.5
2016-12-26,2020,4.5
2016-12-27,2020,4.5
2016-12-28,2020,4.5
2016-12-29,2020,4.5
2016-12-30,2020,4.5
2017-01-02,2020,4.5
2017-01-03,2020,4.5
2017-01-04,2020,4.5
2017-01-05,2020,4.5
2017-01-06,2020,4.5
2017-01-09,2020,4.5
2017-01-10,2020,4.5
2017-01-11,2020,4.5
2017-01-12,2020,4.5
2017-01-13,2020,4.5
2017-01-16,2020,4.5
2017-01-17,2020,4.5
2017-01-18,2020,4.5
2017-01-19,2020,4.5
2017-01-20,2020,4.5
2017-01-23,2020,4.5
2017-01-24,2020,4.5
2017-01-25,2020,4.5
2017-01-26,2020,4.5
2017-01-27,2020,4.5
2017-01-30,2020,4.5
2017-01-31,2020,4.5
2017-02-01,2020,4.5
2017-02-02,2020,4.5
2017-02-03,2020,4.5
2017-02-06,2020,4.5
2017-02-07,2020,4.5
2017-02-08,2020,4.5
2017-02-09,2020,4.5
2017-02-10,2020,4.5
2017-02-13,2020,4.5
2017-02-14,2020,4.5
2017-02-15,2020,4.5
2017-02-16,2020,4.5
2017-02-17,2020,4.5
2017-02-20,2020,4.5
2017-02-21,2020,4.5
2017-02-22,2020,4.5
2017-02-23,2020,4.5
2017-02-24,2020,4.5
2017-03-01,2020,4.5
2017-03-02,2020,4.5
2017-03-03,2020,4.5
2017-03-06,2020,4.5
2017-03-07,2020,4.5
2017-03-08,2020,4.5
2017-03-09,2020,4.5
2017-03-10,2020,4.5
2017-03-13,2020,4.5
2017-03-14,2020,4.5
2017-03-15,2020,4.5
2017-03-16,2020,4.5
2017-03-17,2020,4.5
2017-03-20,2020,4.5
2017-03-21,2020,4.5
2017-03-22,2020,4.5
2017-03-23,2020,4.5
2017-03-24,2020,4.5
2017-03-27,2020,4.5
2017-03-28,2020,4.5
2017-03-29,2020,4.5
2017-03-30,2020,4.5
2017-03-31,2020,4.5
2017-04-03,2020,4.5
2017-04-04,2020,4.5
2017-04-05,2020,4.5
2017-04-06,2020,4.5
2017-04-07,2020,4.5
2017-04-10,2020,4.5
2017-04-11,2020,4.5
2017-04-12,2020,4.5
2017-04-13,2020,4.5
2017-04-17,2020,4.5
2017-04-18,2020,4.5
2017-04-19,2020,4.5
2017-04-20,2020,4.5
2017-04-24,2020,4.33
2017-04-25,2020,4.33
2017-04-26,2020,4.33
2017-04-27,2020,4.33
2017-04-28,2020,4.33
2017-05-02,2020,4.25
2017-05-03,2020,4.25
2017-05-04,2020,4.38
2017-05-05,2020,4.45
2017-05-08,2020,4.4
2017-05-09,2020,4.45
2017-05-10,2020,4.45
2017-05-11,2020,4.45
2017-05-12,2020,4.45
2017-05-15,2020,4.5
2017-05-16,2020,4.45
2017-05-17,2020,4.5
2017-05-18,2020,4.5
2017-05-19,2020,4.45
2017-05-22,2020,4.5
2017-05-23,2020,4.4
2017-05-24,2020,4.4
2017-05-25,2020,4.45
2017-05-26,2020,4.45
2017-05-29,2020,4.45
2017-05-30,2020,4.45
2017-05-31,2020,4.45
2017-06-01,2020,4.45
2017-06-02,2020,4.45
2017-06-05,2020,4.25
2017-06-06,2020,4.25
2017-06-07,2020,4.25
2017-06-08,2020,4.38
2017-06-09,2020,4.38
2017-06-12,2020,4.25
2017-06-13,2020,4.25
2017-06-14,2020,4.25
2017-06-16,2020,4.25
2017-06-19,2020,4.25
2017-06-20,2020,4.25
2017-06-21,2020,4.25
2017-06-22,2020,4.25
2017-06-23,2020,4.28
2017-06-26,2020,4.28
2017-06-27,2020,4.28
2017-06-28,2020,4.28
2017-06-29,2020,4.25
2017-06-30,2020,4.25
2017-07-03,2020,4.3
2017-07-04,2020,4.3
2017-07-05,2020,4.28
2017-07-06,2020,4.28
2017-07-07,2020,4.3
2017-07-10,2020,4.25
2017-07-11,2020,4.25
2017-07-12,2020,4.25
2017-07-13,2020,4.25
2017-07-14,2020,4.25
2017-07-17,2020,4.25
2017-07-18,2020,4.25
2017-07-19,2020,4.25
2017-07-20,2020,4.25
2017-07-21,2020,4.25
2017-07-24,2020,4.25
2017-07-25,2020,4.25
2017-07-26,2020,4.25
2017-07-27,2020,4.25
2017-07-28,2020,4.25
2017-07-31,2020,4.25
2017-08-01,2020,4.25
2017-08-02,2020,4.25
2017-08-03,2020,4.25
2017-08-04,2020,4.25
2017-08-07,2020,4.25
2017-08-08,2020,4.25
2017-08-09,2020,4.25
2017-08-10,2020,4.25
2017-08-11,2020,4.25
2017-08-14,2020,4.25
2017-08-15,2020,4.13
2017-08-16,2020,4.13
2017-08-17,2020,4.0
2017-08-18,2020,4.0
2017-08-21,2020,4.13
2017-08-22,2020,4.0
2017-08-23,2020,4.0
2017-08-24,2020,4.0
2017-08-25,2020,4.0
2017-08-28,2020,4.0
2017-08-29,2020,4.0
2017-08-30,2020,4.0
2017-08-31,2020,4.0
2017-09-01,2020,4.0
2017-09-04,2020,4.0
2017-09-05,2020,4.0
2017-09-06,2020,4.0
2017-09-08,2020,4.0
2017-09-11,2020,4.0
2017-09-12,2020,4.0
2017-09-13,2020,4.0
2017-09-14,2020,4.0
2017-09-15,2020,4.0
2017-09-18,2020,4.0
2017-09-19,2020,4.0
2017-09-20,2020,4.0
2017-09-21,2020,4.0
2017-09-22,2020,4.0
2017-09-25,2020,4.0
2017-09-26,2020,4.0
2017-09-27,2020,4.0
2017-09-28,2020,4.0
2017-09-29,2020,4.0
2017-10-02,2020,4.0
2017-10-03,2020,4.0
2017-10-04,2020,4.0
2017-10-05,2020,4.0
2017-10-06,2020,4.0
2017-10-09,2020,4.0
2017-10-10,2020,4.0
2017-10-11,2020,4.0
2017-10-13,2020,4.0
2017-10-16,2020,4.13
2017-10-17,2020,4.0
2017-10-18,2020,4.0
2017-10-19,2020,4.0
2017-10-20,2020,4.0
2017-10-23,2020,4.0
2017-10-24,2020,4.0
2017-10-25,2020,4.0
2017-10-26,2020,4.0
2017-10-27,2020,4.0
2017-10-30,2020,4.0
2017-10-31,2020,4.0
2017-11-01,2020,4.0
2017-11-03,2020,4.0
2017-11-06,2020,4.0
2017-11-07,2020,4.0
2017-11-08,2020,4.0
2017-11-09,2020,4.0
2017-11-10,2020,4.0
2017-11-13,2020,4.0
2017-11-14,2020,4.0
2017-11-16,2020,4.0
2017-11-17,2020,4.0
2017-11-20,2020,4.0
2017-11-21,2020,4.0
2017-11-22,2020,4.0
2017-11-23,2020,4.0
2017-11-24,2020,4.0
2017-11-27,2020,4.0
2017-11-28,2020,4.0
2017-11-29,2020,4.0
2017-11-30,2020,4.0
2017-12-01,2020,4.0
2017-12-04,2020,4.0
2017-12-05,2020,4.0
2017-12-06,2020,4.0
2017-12-07,2020,4.0
2017-12-08,2020,4.0
2017-12-11,2020,4.0
2017-12-12,2020,4.0
2017-12-13,2020,4.0
2017-12-14,2020,4.0
2017-12-15,2020,4.0
2017-12-18,2020,4.0
2017-12-19,2020,4.0
2017-12-20,2020,4.0
2017-12-21,2020,4.0
2017-12-22,2020,4.0
2017-12-26,2020,4.0
2017-12-27,2020,4.0
2017-12-28,2020,4.0
2017-12-29,2020,4.0
2018-01-02,2020,4.0
2018-01-03,2020,4.0
2018-01-04,2020,4.0
2018-01-05,2020,4.0
2018-01-08,2020,4.0
2018-01-09,2020,4.0
2018-01-10,2020,4.0
2018-01-11,2020,4.0
2018-01-12,2020,4.0
2018-01-15,2020,4.12
2018-01-16,2020,4.12
2018-01-17,2020,4.12
2018-01-18,2020,4.12
2018-01-19,2020,4.06
2018-01-22,2020,4.2
2018-01-23,2020,4.16
2018-01-24,2020,4.16
2018-01-25,2020,4.2
2018-01-26,2020,4.2
2018-01-29,2020,4.25
2018-01-30,2020,4.25
2018-01-31,2020,4.25
2018-02-01,2020,4.25
2018-02-02,2020,4.25
2018-02-05,2020,4.25
2018-02-06,2020,4.25
2018-02-07,2020,4.25
2018-02-08,2020,4.25
2018-02-09,2020,4.25
2018-02-14,2020,4.25
2018-02-15,2020,4.23
2018-02-16,2020,4.25
2018-02-19,2020,4.25
2018-02-20,2020,4.25
2018-02-21,2020,4.25
2018-02-22,2020,4.23
2018-02-23,2020,4.25
2018-02-26,2020,4.23
2018-02-27,2020,4.23
2018-02-28,2020,4.23
2018-03-01,2020,4.23
2018-03-02,2020,4.2
2018-03-05,2020,4.1
2018-03-06,2020,4.1
2018-03-07,2020,4.2
2018-03-08,2020,4.2
2018-03-09,2020,4.0
2018-03-12,2020,4.0
2018-03-13,2020,4.0
2018-03-14,2020,4.0
2018-03-15,2020,4.0
2018-03-16,2020,4.0
2018-03-19,2020,4.0
2018-03-20,2020,4.0
2018-03-21,2020,4.0
2018-03-22,2020,4.0
2018-03-23,2020,4.0
2018-03-26,2020,4.0
2018-03-27,2020,4.0
2018-03-28,2020,4.0
2018-03-29,2020,4.0
2018-04-02,2020,4.0
2018-04-03,2020,4.0
2018-04-04,2020,4.0
2018-04-05,2020,4.0
2018-04-06,2020,4.0
2018-04-09,2020,4.0
2018-04-10,2020,4.0
2018-04-11,2020,4.0
2018-04-12,2020,4.0
2018-04-13,2020,4.0
2018-04-16,2020,4.0
2018-04-17,2020,4.0
2018-04-18,2020,4.0
2018-04-19,2020,4.0
2018-04-20,2020,4.0
2018-04-23,2020,4.0
2018-04-24,2020,4.0
2018-04-25,2020,4.0
2018-04-26,2020,4.0
2018-04-27,2020,4.0
2018-04-30,2020,4.0
2018-05-02,2020,4.0
2018-05-03,2020,4.0
2018-05-04,2020,4.0
2018-05-07,2020,4.0
2018-05-08,2020,4.0
2018-05-09,2020,4.0
2018-05-10,2020,4.0
2018-05-11,2020,4.0
2018-05-14,2020,4.0
2018-05-15,2020,4.0
2018-05-16,2020,4.0
2018-05-17,2020,4.0
2018-05-18,2020,4.0
2018-05-21,2020,4.0
2018-05-22,2020,4.0
2018-05-23,2020,4.0
2018-05-24,2020,4.0
2018-05-25,2020,4.0
2018-05-28,2020,4.0
2018-05-29,2020,4.0
2018-05-30,2020,4.0
2018-06-01,2020,4.0
2018-06-04,2020,4.0
2018-06-05,2020,4.0
2018-06-06,2020,4.0
2018-06-07,2020,4.0
2018-06-08,2020,4.0
2018-06-11,2020,4.0
2018-06-12,2020,4.0
2018-06-13,2020,4.0
2018-06-14,2020,4.0
2018-06-15,2020,4.0
2018-06-18,2020,4.0
2018-06-19,2020,4.0
2018-06-20,2020,4.0
2018-06-21,2020,4.0
2018-06-22,2020,4.0
2018-06-25,2020,4.0
2018-06-26,2020,4.0
2018-06-27,2020,4.0
2018-06-28,2020,4.0
2018-06-29,2020,4.0
2018-07-02,2020,4.0
2018-07-03,2020,4.0
2018-07-04,2020,4.0
2018-07-05,2020,4.0
2018-07-06,2020,4.0
2018-07-09,2020,4.0
2018-07-10,2020,4.0
2018-07-11,2020,4.0
2018-07-12,2020,4.0
2018-07-13,2020,4.0
2018-07-16,2020,4.0
2018-07-17,2020,4.0
2018-07-18,2020,4.0
2018-07-19,2020,4.0
2018-07-20,2020,4.0
2018-07-23,2020,4.0
2018-07-24,2020,4.0
2018-07-25,2020,4.0
2018-07-26,2020,4.0
2018-07-27,2020,4.0
2018-07-30,2020,4.0
2018-07-31,2020,4.0
2018-08-01,2020,4.0
2018-08-02,2020,4.0
2018-08-03,2020,4.0
2018-08-06,2020,4.0
2018-08-07,2020,4.0
2018-08-08,2020,4.0
2018-08-09,2020,4.0
2018-08-10,2020,4.0
2018-08-13,2020,4.0
2018-08-14,2020,4.0
2018-08-15,2020,4.0
2018-08-16,2020,4.0
2018-08-17,2020,4.0
2018-08-20,2020,4.0
2018-08-21,2020,4.0
2018-08-22,2020,4.0
2018-08-23,2020,4.0
2018-08-24,2020,4.0
2018-08-27,2020,4.0
2018-08-28,2020,4.0
2018-08-29,2020,4.0
2018-08-30,2020,4.0
2018-08-31,2020,4.0
2018-09-03,2020,4.0
2018-09-04,2020,4.0
2018-09-05,2020,4.0
2018-09-06,2020,4.0
2018-09-10,2020,4.0
2018-09-11,2020,4.0
2018-09-12,2020,4.0
2018-09-13,2020,4.1
2018-09-14,2020,4.2
2018-09-17,2020,4.25
2018-09-18,2020,4.25
2018-09-19,2020,4.25
2018-09-20,2020,4.25
2018-09-21,2020,4.2
2018-09-24,2020,4.2
2018-09-25,2020,4.2
2018-09-26,2020,4.2
2018-09-27,2020,4.2
2018-09-28,2020,4.2
2018-10-01,2020,4.2
2018-10-02,2020,4.2
2018-10-03,2020,4.2
2018-10-04,2020,4.2
2018-10-05,2020,4.2
2018-10-08,2020,4.2
2018-10-09,2020,4.2
2018-10-10,2020,4.2
2018-10-11,2020,4.2
2018-10-15,2020,4.1
2018-10-16,2020,4.1
2018-10-17,2020,4.1
2018-10-18,2020,4.0
2018-10-19,2020,4.1
2018-10-22,2020,4.1
2018-10-23,2020,4.1
2018-10-24,2020,4.1
2018-10-25,2020,4.1
2018-10-26,2020,4.2
2018-10-29,2020,4.2
2018-10-30,2020,4.2
2018-10-31,2020,4.2
2018-11-01,2020,4.2
2018-11-05,2020,4.2
2018-11-06,2020,4.2
2018-11-07,2020,4.2
2018-11-08,2020,4.2
2018-11-09,2020,4.2
2018-11-12,2020,4.2
2018-11-13,2020,4.2
2018-11-14,2020,4.2
2018-11-16,2020,4.2
2018-11-19,2020,4.2
2018-11-20,2020,4.2
2018-11-21,2020,4.2
2018-11-22,2020,4.1
2018-11-23,2020,4.1
2018-11-26,2020,4.1
2018-11-27,2020,4.1
2018-11-28,2020,4.1
2018-11-29,2020,4.1
2018-11-30,2020,4.2
2018-12-03,2020,4.2
2018-12-04,2020,4.2
2018-12-05,2020,4.2
2018-12-06,2020,4.2
2018-12-07,2020,4.2
2018-12-10,2020,4.2
2018-12-11,2020,4.2
2018-12-12,2020,4.1
2018-12-13,2020,4.1
2018-12-14,2020,4.0
2018-12-17,2020,4.1
2018-12-18,2020,4.0
2018-12-19,2020,4.0
2018-12-20,2020,4.0
2018-12-21,2020,4.0
2018-12-24,2020,4.1
2018-12-26,2020,4.1
2018-12-27,2020,4.1
2018-12-28,2020,4.0
2018-12-31,2020,4.0
2019-01-02,2020,4.0
2019-01-03,2020,4.0
2019-01-04,2020,4.0
2019-01-07,2020,4.0
2019-01-08,2020,4.0
2019-01-09,2020,4.0
2019-01-10,2020,4.0
2019-01-11,2020,4.0
2019-01-14,2020,4.0
2019-01-15,2020,4.0
2019-01-16,2020,4.0
2019-01-17,2020,4.0
2019-01-18,2020,4.2
2019-01-21,2020,4.2
2019-01-22,2020,4.2
2019-01-23,2020,4.2
2019-01-24,2020,4.2
2019-01-25,2020,4.2
2019-01-28,2020,4.23
2019-01-29,2020,4.25
2019-01-30,2020,4.25
2019-01-31,2020,4.25
2019-02-01,2020,4.3
2019-02-04,2020,4.3
2019-02-05,2020,4.3
2019-02-06,2020,4.3
2019-02-07,2020,4.3
2019-02-08,2020,4.3
2019-02-11,2020,4.3
2019-02-12,2020,4.3
2019-02-13,2020,4.3
2019-02-14,2020,4.3
2019-02-15,2020,4.3
2019-02-18,2020,4.35
2019-02-19,2020,4.35
2019-02-20,2020,4.35
2019-02-21,2020,4.35
2019-02-22,2020,4.35
2019-02-25,2020,4.3
2019-02-26,2020,4.3
2019-02-27,2020,4.3
2019-02-28,2020,4.3
2019-03-01,2020,4.35
2019-03-06,2020,4.3
2019-03-07,2020,4.3
2019-03-08,2020,4.3
2019-03-11,2020,4.3
2019-03-12,2020,4.3
2019-03-13,2020,4.3
2019-03-14,2020,4.3
2019-03-15,2020,4.3
2019-03-18,2020,4.3
2019-03-19,2020,4.3
2019-03-20,2020,4.3
2019-03-21,2020,4.3
2019-03-22,2020,4.3
2019-03-25,2020,4.3
2019-03-26,2020,4.3
2019-03-27,2020,4.3
2019-03-28,2020,4.3
2019-03-29,2020,4.3
2019-04-01,2020,4.4
2019-04-02,2020,4.4
2019-04-03,2020,4.4
2019-04-04,2020,4.4
2019-04-05,2020,4.35
2019-04-08,2020,4.35
2019-04-09,2020,4.3
2019-04-10,2020,4.3
2019-04-11,2020,4.3
2019-04-12,2020,4.35
2019-04-15,2020,4.48
2019-04-16,2020,4.4
2019-04-17,2020,4.4
2019-04-18,2020,4.35
2019-04-22,2020,4.3
2019-04-23,2020,4.3
2019-04-24,2020,4.3
2019-04-25,2020,4.28
2019-04-26,2020,4.25
2019-04-29,2020,4.3
2019-04-30,2020,4.25
2019-05-02,2020,4.25
2019-05-03,2020,4.28
2019-05-06,2020,4.28
2019-05-07,2020,4.28
2019-05-08,2020,4.28
2019-05-09,2020,4.25
2019-05-10,2020,4.3
2019-05-13,2020,4.3
2019-05-14,2020,4.3
2019-05-15,2020,4.3
2019-05-16,2020,4.3
2019-05-17,2020,4.4
2019-05-20,2020,4.4
2019-05-21,2020,4.4
2019-05-22,2020,4.4
2019-05-23,2020,4.4
2019-05-24,2020,4.4
2019-05-27,2020,4.4
2019-05-28,2020,4.4
2019-05-29,2020,4.4
2019-05-30,2020,4.35
2019-05-31,2020,4.4
2019-06-03,2020,4.43
2019-06-04,2020,4.43
2019-06-05,2020,4.43
2019-06-06,2020,4.46
2019-06-07,2020,4.46
2019-06-10,2020,4.4
2019-06-11,2020,4.4
2019-06-12,2020,4.4
2019-06-13,2020,4.4
2019-06-14,2020,4.4
2019-06-17,2020,4.4
2019-06-18,2020,4.4
2019-06-19,2020,4.4
2019-06-21,2020,4.4
2019-06-24,2020,4.43
2019-06-25,2020,4.4
2019-06-26,2020,4.4
2019-06-27,2020,4.4
2019-06-28,2020,4.43
2019-07-01,2020,4.4
2019-07-02,2020,4.4
2019-07-03,2020,4.4
2019-07-04,2020,4.4
2019-07-05,2020,4.4
2019-07-08,2020,4.45
2019-07-09,2020,4.45
2019-07-10,2020,4.45
2019-07-11,2020,4.46
2019-07-12,2020,4.46
2019-07-15,2020,4.46
2019-07-16,2020,4.46
2019-07-17,2020,4.46
2019-07-18,2020,4.46
2019-07-19,2020,4.43
2019-07-22,2020,4.45
2019-07-23,2020,4.45
2019-07-24,2020,4.45
2019-07-25,2020,4.43
2019-07-26,2020,4.42
2019-07-29,2020,4.43
2019-07-30,2020,4.4
2019-07-31,2020,4.4
2019-08-01,2020,4.4
2019-08-02,2020,4.4
2019-08-05,2020,4.42
2019-08-06,2020,4.43
2019-08-07,2020,4.42
2019-08-08,2020,4.4
2019-08-09,2020,4.4
2019-08-12,2020,4.4
2019-08-13,2020,4.4
2019-08-14,2020,4.4
2019-08-15,2020,4.4
2019-08-16,2020,4.4
2019-08-19,2020,4.35
2019-08-20,2020,4.35
2019-08-21,2020,4.35
2019-08-22,2020,4.3
2019-08-23,2020,4.3
2019-08-26,2020,4.3
2019-08-27,2020,4.3
2019-08-28,2020,4.35
2019-08-29,2020,4.35
2019-08-30,2020,4.3
2019-09-02,2020,4.3
2019-09-03,2020,4.3
2019-09-04,2020,4.3
2019-09-05,2020,4.3
2019-09-06,2020,4.3
2019-09-09,2020,4.28
2019-09-10,2020,4.28
2019-09-11,2020,4.28
2019-09-12,2020,4.26
2019-09-13,2020,4.2
2019-09-16,2020,4.2
2019-09-17,2020,4.2
2019-09-18,2020,4.2
2019-09-19,2020,4.19
2019-09-20,2020,4.22
2019-09-23,2020,4.24
2019-09-24,2020,4.22
2019-09-25,2020,4.22
2019-09-26,2020,4.2
2019-09-27,2020,4.17
2019-09-30,2020,4.1
2019-10-01,2020,4.1
2019-10-02,2020,4.1
2019-10-03,2020,4.1
2019-10-04,2020,4.1
2019-10-07,2020,4.1
2019-10-08,2020,4.1
2019-10-09,2020,4.1
2019-10-10,2020,4.1
2019-10-11,2020,4.1
2019-10-14,2020,4.1
2019-10-15,2020,4.1
2019-10-16,2020,4.1
2019-10-17,2020,4.1
2019-10-18,2020,4.11
2019-10-21,2020,4.1
2019-10-22,2020,4.1
2019-10-23,2020,4.1
2019-10-24,2020,4.1
2019-10-25,2020,4.1
2019-10-28,2020,4.1
2019-10-29,2020,4.1
2019-10-30,2020,4.1
2019-10-31,2020,4.1
2019-11-01,2020,4.1
2019-11-04,2020,4.11
2019-11-05,2020,4.11
2019-11-06,2020,4.11
2019-11-07,2020,4.11
2019-11-08,2020,4.1
2019-11-11,2020,4.1
2019-11-12,2020,4.1
2019-11-13,2020,4.1
2019-11-14,2020,4.05
2019-11-18,2020,4.05
2019-11-19,2020,4.0
2019-11-20,2020,4.0
2019-11-21,2020,4.0
2019-11-22,2020,4.0
2019-11-25,2020,4.0
2019-11-26,2020,4.0
2019-11-27,2020,4.0
2019-11-28,2020,4.0
2019-11-29,2020,4.0
2019-12-02,2020,4.0
2019-12-03,2020,4.0
2019-12-04,2020,4.0
2019-12-05,2020,4.0
2019-12-06,2020,4.0
2019-12-09,2020,4.0
2019-12-10,2020,4.0
2019-12-11,2020,4.0
2019-12-12,2020,4.0
2019-12-13,2020,4.0
2019-12-16,2020,4.0
2019-12-17,2020,4.0
2019-12-18,2020,4.0
2019-12-19,2020,4.0
2019-12-20,2020,3.94
2019-12-23,2020,3.84
2019-12-24,2020,3.88
2019-12-26,2020,3.88
2019-12-27,2020,3.88
2019-12-30,2020,3.85
2019-12-31,2020,3.85
2020-01-02,2020,3.91
2020-01-03,2020,4.0
2020-01-06,2020,3.8
2020-01-07,2020,3.8
2020-01-08,2020,3.8
2020-01-09,2020,3.8
2020-01-10,2020,3.81
2020-01-13,2020,3.8
2020-01-14,2020,3.8
2020-01-15,2020,3.8
2020-01-16,2020,3.8
2020-01-17,2020,3.77
2020-01-20,2020,3.8
2020-01-21,2020,3.8
2020-01-22,2020,3.8
2020-01-23,2020,3.8
2020-01-24,2020,3.81
2020-01-27,2020,3.8
2020-01-28,2020,3.8
2020-01-29,2020,3.8
2020-01-30,2020,3.8
2020-01-31,2020,3.79
2020-02-03,2020,3.75
2020-02-04,2020,3.75
2020-02-05,2020,3.75
2020-02-06,2020,3.75
2020-02-07,2020,3.75
2020-02-10,2020,3.76
2020-02-11,2020,3.76
2020-02-12,2020,3.76
2020-02-13,2020,3.76
2020-02-14,2020,3.74
2020-02-17,2020,3.68
2020-02-18,2020,3.63
2020-02-19,2020,3.63
2020-02-20,2020,3.63
2020-02-21,2020,3.68
2020-02-26,2020,3.59
2020-02-27,2020,3.59
2020-02-28,2020,3.6
2020-03-02,2020,3.6
2020-03-03,2020,3.59
2020-03-04,2020,3.6
2020-03-05,2020,3.57
2020-03-06,2020,3.54
2020-03-09,2020,3.5
2020-03-10,2020,3.5
2020-03-11,2020,3.5
2020-03-12,2020,3.5
2020-03-13,2020,3.3
2020-03-16,2020,3.3
2020-03-17,2020,3.3
2020-03-18,2020,3.3
2020-03-19,2020,3.29
2020-03-20,2020,3.24
2020-03-23,2020,3.2
2020-03-24,2020,3.2
2020-03-25,2020,3.2
2020-03-26,2020,3.2
2020-03-27,2020,3.0
2020-03-30,2020,2.5
2020-03-31,2020,2.5
2020-04-01,2020,2.5
2020-04-02,2020,2.5
2020-04-03,2020,2.4
2020-04-06,2020,2.3
2020-04-07,2020,2.2
2020-04-08,2020,2.1
2020-04-09,2020,2.1
2020-04-13,2020,1.88
2020-04-14,2020,1.8
2020-04-15,2020,1.8
2020-04-16,2020,1.76
2020-04-17,2020,1.55
2020-04-20,2020,1.55
2020-04-22,2020,1.54
2020-04-23,2020,1.4
2020-04-24,2020,1.4
2020-04-27,2020,1.4
2020-04-28,2020,1.3
2020-04-29,2020,1.35
2020-04-30,2020,1.15
2020-05-04,2020,1.05
2020-05-05,2020,1.05
2020-05-06,2020,1.05
2020-05-07,2020,1.05
2020-05-08,2020,1.1
2020-05-11,2020,1.04
2020-05-12,2020,1.04
2020-05-13,2020,1.02
2020-05-14,2020,1.0
2020-05-15,2020,1.0
2020-05-18,2020,0.99
2020-05-19,2020,0.99
2020-05-20,2020,1.0
2020-05-21,2020,1.0
2020-05-22,2020,1.0
2020-05-25,2020,1.0
2020-05-26,2020,1.0
2020-05-27,2020,1.0
2020-05-28,2020,1.0
2020-05-29,2020,1.0
2020-06-01,2020,1.0
2020-06-02,2020,1.0
2020-06-03,2020,1.0
2020-06-04,2020,1.0
2020-06-05,2020,1.0
2020-06-08,2020,1.05
2020-06-09,2020,1.0
2020-06-10,2020,1.0
2020-06-12,2020,1.0
2020-06-15,2020,1.0
2020-06-16,2020,1.0
2020-06-17,2020,1.0
2020-06-18,2020,1.05
2020-06-19,2020,1.05
2020-06-22,2020,1.05
2020-06-23,2020,1.05
2020-06-24,2020,1.05
2020-06-25,2020,1.0
2020-06-26,2020,1.0
2020-06-29,2020,1.05
2020-06-30,2020,1.05
2020-07-01,2020,1.05
2020-07-02,2020,1.05
2020-07-03,2020,1.0
2020-07-06,2020,1.0
2020-07-07,2020,1.0
2020-07-08,2020,1.0
2020-07-09,2020,1.0
2020-07-10,2020,1.09
2020-07-13,2020,1.09
2020-07-14,2020,1.09
2020-07-15,2020,1.14
2020-07-16,2020,1.19
2020-07-17,2020,1.19
2020-07-20,2020,1.2
2020-07-21,2020,1.2
2020-07-22,2020,1.2
2020-07-23,2020,1.2
2020-07-24,2020,1.2
2020-07-27,2020,1.24
2020-07-28,2020,1.24
2020-07-29,2020,1.24
2020-07-30,2020,1.24
2020-07-31,2020,1.26
2020-08-03,2020,1.26
2020-08-04,2020,1.26
2020-08-05,2020,1.26
2020-08-06,2020,1.26
2020-08-07,2020,1.16
2020-08-10,2020,1.12
2020-08-11,2020,1.12
2020-08-12,2020,1.11
2020-08-13,2020,1.11
2020-08-14,2020,1.13
2020-08-17,2020,1.12
2020-08-18,2020,1.13
2020-08-19,2020,1.13
2020-08-20,2020,1.11
2020-08-21,2020,1.13
2020-08-24,2020,1.13
2020-08-25,2020,1.13
2020-08-26,2020,1.1
2020-08-27,2020,1.1
2020-08-28,2020,1.04
2020-08-31,2020,1.0
2020-09-01,2020,1.0
2020-09-02,2020,1.0
2020-09-03,2020,1.0
2020-09-04,2020,1.0
2020-09-08,2020,1.0
2020-09-09,2020,1.0
2020-09-10,2020,0.98
2020-09-11,2020,0.9
2020-09-14,2020,0.9
2020-09-15,2020,0.9
2020-09-16,2020,0.9
2020-09-17,2020,0.9
2020-09-18,2020,0.9
2020-09-21,2020,0.85
2020-09-22,2020,0.85
2020-09-23,2020,0.93
2020-09-24,2020,0.93
2020-09-25,2020,0.96
2020-09-28,2020,0.96
2020-09-29,2020,0.96
2020-09-30,2020,0.96
2020-10-01,2020,0.98
2020-10-02,2020,0.98
2020-10-05,2020,0.98
2020-10-06,2020,0.98
2020-10-07,2020,0.98
2020-10-08,2020,0.98
2020-10-09,2020,0.92
2020-10-13,2020,0.91
2020-10-14,2020,0.9
2020-10-15,2020,0.94
2020-10-16,2020,0.96
2020-10-19,2020,0.96
2020-10-20,2020,0.86
2020-10-21,2020,0.8
2020-10-22,2020,0.8
2020-10-23,2020,0.8
2020-10-26,2020,0.8
2020-10-27,2020,0.8
2020-10-28,2020,0.8
2020-10-29,2020,0.8
2020-10-30,2020,0.8
2020-11-03,2020,0.8
2020-11-04,2020,0.8
2020-11-05,2020,0.8
2020-11-06,2020,0.8
2020-11-09,2020,0.8
2020-11-10,2020,0.8
2020-11-11,2020,0.8
2020-11-12,2020,0.8
2020-11-13,2020,0.8
2020-11-16,2020,0.8
2020-11-17,2020,0.8
2020-11-18,2020,0.8
2020-11-19,2020,0.8
2020-11-20,2020,0.8
2020-11-23,2020,0.8
2020-11-24,2020,0.8
2020-11-25,2020,0.8
2020-11-26,2020,0.8
2020-11-27,2020,0.81
2020-11-30,2020,0.83
2020-12-01,2020,0.95
2020-12-02,2020,1.0
2020-12-03,2020,1.02
2020-12-04,2020,2.33
2020-12-07,2020,2.17
2020-12-08,2020,2.17
2020-12-09,2020,2.37
2020-12-10,2020,2.37
2020-12-11,2020,2.37
2020-12-14,2020,2.37
2020-12-15,2020,2.37
2020-12-16,2020,2.37
2020-12-17,2020,2.5
2020-12-18,2020,2.5
2020-12-21,2020,2.57
2020-12-22,2020,2.57
2020-12-23,2020,2.57
2020-12-24,2020,2.57
2020-12-28,2020,2.6
2020-12-29,2020,2.65
2020-12-30,2020,2.7
2020-12-31,2020,2.7
2021-01-04,2020,2.73
2021-01-05,2020,2.73
2021-01-06,2020,2.73
2021-01-07,2020,2.73
2021-01-08,2020,2.7
2021-01-11,2020,2.71
2017-01-11,2021,4.5
2017-01-12,2021,4.5
2017-01-13,2021,4.5
2017-01-16,2021,4.5
2017-01-17,2021,4.5
2017-01-18,2021,4.5
2017-01-19,2021,4.5
2017-01-20,2021,4.5
2017-01-23,2021,4.5
2017-01-24,2021,4.5
2017-01-25,2021,4.5
2017-01-26,2021,4.5
2017-01-27,2021,4.5
2017-01-30,2021,4.5
2017-01-31,2021,4.5
2017-02-01,2021,4.5
2017-02-02,2021,4.5
2017-02-03,2021,4.5
2017-02-06,2021,4.5
2017-02-07,2021,4.5
2017-02-08,2021,4.5
2017-02-09,2021,4.5
2017-02-10,2021,4.5
2017-02-13,2021,4.5
2017-02-14,2021,4.5
2017-02-15,2021,4.5
2017-02-16,2021,4.5
2017-02-17,2021,4.5
2017-02-20,2021,4.5
2017-02-21,2021,4.5
2017-02-22,2021,4.5
2017-02-23,2021,4.5
2017-02-24,2021,4.5
2017-03-01,2021,4.5
2017-03-02,2021,4.5
2017-03-03,2021,4.5
2017-03-06,2021,4.5
2017-03-07,2021,4.5
2017-03-08,2021,4.5
2017-03-09,2021,4.5
2017-03-10,2021,4.5
2017-03-13,2021,4.5
2017-03-14,2021,4.5
2017-03-15,2021,4.5
2017-03-16,2021,4.5
2017-03-17,2021,4.5
2017-03-20,2021,4.5
2017-03-21,2021,4.5
2017-03-22,2021,4.5
2017-03-23,2021,4.5
2017-03-24,2021,4.5
2017-03-27,2021,4.5
2017-03-28,2021,4.5
2017-03-29,2021,4.5
2017-03-30,2021,4.5
2017-03-31,2021,4.5
2017-04-03,2021,4.5
2017-04-04,2021,4.38
2017-04-05,2021,4.25
2017-04-06,2021,4.38
2017-04-07,2021,4.38
2017-04-10,2021,4.25
2017-04-11,2021,4.33
2017-04-12,2021,4.25
2017-04-13,2021,4.33
2017-04-17,2021,4.4
2017-04-18,2021,4.33
2017-04-19,2021,4.33
2017-04-20,2021,4.33
2017-04-24,2021,4.25
2017-04-25,2021,4.25
2017-04-26,2021,4.25
2017-04-27,2021,4.25
2017-04-28,2021,4.25
2017-05-02,2021,4.25
2017-05-03,2021,4.25
2017-05-04,2021,4.25
2017-05-05,2021,4.25
2017-05-08,2021,4.25
2017-05-09,2021,4.25
2017-05-10,2021,4.25
2017-05-11,2021,4.25
2017-05-12,2021,4.25
2017-05-15,2021,4.25
2017-05-16,2021,4.25
2017-05-17,2021,4.25
2017-05-18,2021,4.25
2017-05-19,2021,4.25
2017-05-22,2021,4.25
2017-05-23,2021,4.25
2017-05-24,2021,4.25
2017-05-25,2021,4.25
2017-05-26,2021,4.25
2017-05-29,2021,4.25
2017-05-30,2021,4.25
2017-05-31,2021,4.25
2017-06-01,2021,4.25
2017-06-02,2021,4.25
2017-06-05,2021,4.25
2017-06-06,2021,4.25
2017-06-07,2021,4.25
2017-06-08,2021,4.25
2017-06-09,2021,4.25
2017-06-12,2021,4.25
2017-06-13,2021,4.25
2017-06-14,2021,4.25
2017-06-16,2021,4.25
2017-06-19,2021,4.25
2017-06-20,2021,4.25
2017-06-21,2021,4.25
2017-06-22,2021,4.25
2017-06-23,2021,4.25
2017-06-26,2021,4.25
2017-06-27,2021,4.25
2017-06-28,2021,4.25
2017-06-29,2021,4.25
2017-06-30,2021,4.25
2017-07-03,2021,4.25
2017-07-04,2021,4.25
2017-07-05,2021,4.25
2017-07-06,2021,4.25
2017-07-07,2021,4.25
2017-07-10,2021,4.25
2017-07-11,2021,4.25
2017-07-12,2021,4.25
2017-07-13,2021,4.25
2017-07-14,2021,4.25
2017-07-17,2021,4.25
2017-07-18,2021,4.25
2017-07-19,2021,4.25
2017-07-20,2021,4.25
2017-07-21,2021,4.25
2017-07-24,2021,4.13
2017-07-25,2021,4.13
2017-07-26,2021,4.13
2017-07-27,2021,4.13
2017-07-28,2021,4.0
2017-07-31,2021,4.0
2017-08-01,2021,4.0
2017-08-02,2021,4.0
2017-08-03,2021,4.0
2017-08-04,2021,4.0
2017-08-07,2021,4.0
2017-08-08,2021,4.0
2017-08-09,2021,4.0
2017-08-10,2021,4.0
2017-08-11,2021,4.0
2017-08-14,2021,4.0
2017-08-15,2021,4.0
2017-08-16,2021,4.0
2017-08-17,2021,4.0
2017-08-18,2021,4.0
2017-08-21,2021,4.0
2017-08-22,2021,4.0
2017-08-23,2021,4.0
2017-08-24,2021,4.0
2017-08-25,2021,4.0
2017-08-28,2021,4.0
2017-08-29,2021,4.0
2017-08-30,2021,4.0
2017-08-31,2021,4.0
2017-09-01,2021,4.0
2017-09-04,2021,4.0
2017-09-05,2021,4.0
2017-09-06,2021,4.0
2017-09-08,2021,4.0
2017-09-11,2021,4.0
2017-09-12,2021,4.0
2017-09-13,2021,4.0
2017-09-14,2021,4.0
2017-09-15,2021,4.0
2017-09-18,2021,4.0
2017-09-19,2021,4.0
2017-09-20,2021,4.0
2017-09-21,2021,4.0
2017-09-22,2021,4.0
2017-09-25,2021,4.0
2017-09-26,2021,4.0
2017-09-27,2021,4.0
2017-09-28,2021,4.0
2017-09-29,2021,4.0
2017-10-02,2021,4.0
2017-10-03,2021,4.0
2017-10-04,2021,4.0
2017-10-05,2021,4.0
2017-10-06,2021,4.0
2017-10-09,2021,4.0
2017-10-10,2021,4.0
2017-10-11,2021,4.0
2017-10-13,2021,4.0
2017-10-16,2021,4.0
2017-10-17,2021,4.0
2017-10-18,2021,4.0
2017-10-19,2021,4.0
2017-10-20,2021,4.0
2017-10-23,2021,4.0
2017-10-24,2021,4.0
2017-10-25,2021,4.0
2017-10-26,2021,4.0
2017-10-27,2021,4.0
2017-10-30,2021,4.0
2017-10-31,2021,4.0
2017-11-01,2021,4.0
2017-11-03,2021,4.0
2017-11-06,2021,4.0
2017-11-07,2021,4.0
2017-11-08,2021,4.0
2017-11-09,2021,4.0
2017-11-10,2021,4.0
2017-11-13,2021,4.0
2017-11-14,2021,4.0
2017-11-16,2021,4.0
2017-11-17,2021,4.0
2017-11-20,2021,4.0
2017-11-21,2021,4.0
2017-11-22,2021,4.0
2017-11-23,2021,4.0
2017-11-24,2021,4.0
2017-11-27,2021,4.0
2017-11-28,2021,4.0
2017-11-29,2021,4.0
2017-11-30,2021,4.0
2017-12-01,2021,4.0
2017-12-04,2021,4.0
2017-12-05,2021,4.0
2017-12-06,2021,4.0
2017-12-07,2021,4.0
2017-12-08,2021,4.0
2017-12-11,2021,4.0
2017-12-12,2021,4.0
2017-12-13,2021,4.0
2017-12-14,2021,4.0
2017-12-15,2021,4.0
2017-12-18,2021,4.0
2017-12-19,2021,4.0
2017-12-20,2021,4.0
2017-12-21,2021,4.0
2017-12-22,2021,4.0
2017-12-26,2021,4.0
2017-12-27,2021,4.0
2017-12-28,2021,4.0
2017-12-29,2021,4.0
2018-01-02,2021,4.0
2018-01-03,2021,4.0
2018-01-04,2021,4.0
2018-01-05,2021,4.0
2018-01-08,2021,4.0
2018-01-09,2021,4.0
2018-01-10,2021,4.0
2018-01-11,2021,4.0
2018-01-12,2021,4.0
2018-01-15,2021,4.0
2018-01-16,2021,4.0
2018-01-17,2021,4.0
2018-01-18,2021,4.0
2018-01-19,2021,4.0
2018-01-22,2021,4.0
2018-01-23,2021,4.0
2018-01-24,2021,4.0
2018-01-25,2021,4.0
2018-01-26,2021,4.0
2018-01-29,2021,4.0
2018-01-30,2021,4.0
2018-01-31,2021,4.0
2018-02-01,2021,4.0
2018-02-02,2021,4.0
2018-02-05,2021,4.0
2018-02-06,2021,4.0
2018-02-07,2021,4.0
2018-02-08,2021,4.0
2018-02-09,2021,4.0
2018-02-14,2021,4.0
2018-02-15,2021,4.0
2018-02-16,2021,4.0
2018-02-19,2021,4.0
2018-02-20,2021,4.0
2018-02-21,2021,4.0
2018-02-22,2021,4.0
2018-02-23,2021,4.0
2018-02-26,2021,4.0
2018-02-27,2021,4.0
2018-02-28,2021,4.0
2018-03-01,2021,4.0
2018-03-02,2021,4.0
2018-03-05,2021,4.0
2018-03-06,2021,4.0
2018-03-07,2021,4.0
2018-03-08,2021,4.0
2018-03-09,2021,4.0
2018-03-12,2021,4.0
2018-03-13,2021,4.0
2018-03-14,2021,4.0
2018-03-15,2021,4.0
2018-03-16,2021,4.0
2018-03-19,2021,4.0
2018-03-20,2021,4.0
2018-03-21,2021,4.0
2018-03-22,2021,4.0
2018-03-23,2021,4.0
2018-03-26,2021,4.0
2018-03-27,2021,4.0
2018-03-28,2021,4.0
2018-03-29,2021,4.0
2018-04-02,2021,4.0
2018-04-03,2021,4.0
2018-04-04,2021,4.0
2018-04-05,2021,4.0
2018-04-06,2021,4.0
2018-04-09,2021,4.0
2018-04-10,2021,4.0
2018-04-11,2021,4.0
2018-04-12,2021,4.0
2018-04-13,2021,4.0
2018-04-16,2021,4.0
2018-04-17,2021,4.0
2018-04-18,2021,4.0
2018-04-19,2021,4.0
2018-04-20,2021,4.0
2018-04-23,2021,4.0
2018-04-24,2021,4.0
2018-04-25,2021,4.0
2018-04-26,2021,4.0
2018-04-27,2021,4.0
2018-04-30,2021,4.0
2018-05-02,2021,4.0
2018-05-03,2021,4.0
2018-05-04,2021,4.0
2018-05-07,2021,4.0
2018-05-08,2021,4.0
2018-05-09,2021,4.0
2018-05-10,2021,4.0
2018-05-11,2021,4.0
2018-05-14,2021,4.0
2018-05-15,2021,4.0
2018-05-16,2021,4.0
2018-05-17,2021,4.0
2018-05-18,2021,4.0
2018-05-21,2021,4.0
2018-05-22,2021,4.0
2018-05-23,2021,4.0
2018-05-24,2021,4.0
2018-05-25,2021,4.0
2018-05-28,2021,4.0
2018-05-29,2021,4.0
2018-05-30,2021,4.0
2018-06-01,2021,4.0
2018-06-04,2021,4.0
2018-06-05,2021,4.0
2018-06-06,2021,4.0
2018-06-07,2021,4.0
2018-06-08,2021,4.0
2018-06-11,2021,4.0
2018-06-12,2021,4.0
2018-06-13,2021,4.0
2018-06-14,2021,4.0
2018-06-15,2021,4.0
2018-06-18,2021,4.0
2018-06-19,2021,4.0
2018-06-20,2021,4.0
2018-06-21,2021,4.0
2018-06-22,2021,4.0
2018-06-25,2021,4.0
2018-06-26,2021,4.0
2018-06-27,2021,4.0
2018-06-28,2021,4.0
2018-06-29,2021,4.0
2018-07-02,2021,4.0
2018-07-03,2021,4.0
2018-07-04,2021,4.0
2018-07-05,2021,4.0
2018-07-06,2021,4.0
2018-07-09,2021,4.0
2018-07-10,2021,4.0
2018-07-11,2021,4.0
2018-07-12,2021,4.0
2018-07-13,2021,4.0
2018-07-16,2021,4.0
2018-07-17,2021,4.0
2018-07-18,2021,4.0
2018-07-19,2021,4.0
2018-07-20,2021,4.0
2018-07-23,2021,4.0
2018-07-24,2021,4.0
2018-07-25,2021,4.0
2018-07-26,2021,4.0
2018-07-27,2021,4.0
2018-07-30,2021,4.0
2018-07-31,2021,4.0
2018-08-01,2021,4.0
2018-08-02,2021,4.0
2018-08-03,2021,4.0
2018-08-06,2021,4.0
2018-08-07,2021,4.0
2018-08-08,2021,4.0
2018-08-09,2021,4.0
2018-08-10,2021,4.0
2018-08-13,2021,4.0
2018-08-14,2021,4.0
2018-08-15,2021,4.0
2018-08-16,2021,4.0
2018-08-17,2021,4.0
2018-08-20,2021,4.0
2018-08-21,2021,4.0
2018-08-22,2021,4.0
2018-08-23,2021,4.0
2018-08-24,2021,4.0
2018-08-27,2021,4.0
2018-08-28,2021,4.0
2018-08-29,2021,4.0
2018-08-30,2021,4.0
2018-08-31,2021,4.0
2018-09-03,2021,4.0
2018-09-04,2021,4.0
2018-09-05,2021,4.0
2018-09-06,2021,4.0
2018-09-10,2021,4.0
2018-09-11,2021,4.0
2018-09-12,2021,4.0
2018-09-13,2021,4.0
2018-09-14,2021,4.0
2018-09-17,2021,4.0
2018-09-18,2021,4.0
2018-09-19,2021,4.0
2018-09-20,2021,4.0
2018-09-21,2021,4.0
2018-09-24,2021,4.0
2018-09-25,2021,4.0
2018-09-26,2021,4.0
2018-09-27,2021,4.0
2018-09-28,2021,4.0
2018-10-01,2021,4.0
2018-10-02,2021,4.0
2018-10-03,2021,4.0
2018-10-04,2021,4.0
2018-10-05,2021,4.0
2018-10-08,2021,4.0
2018-10-09,2021,4.0
2018-10-10,2021,4.0
2018-10-11,2021,4.0
2018-10-15,2021,4.0
2018-10-16,2021,4.0
2018-10-17,2021,4.0
2018-10-18,2021,4.0
2018-10-19,2021,4.0
2018-10-22,2021,4.0
2018-10-23,2021,4.0
2018-10-24,2021,4.0
2018-10-25,2021,4.0
2018-10-26,2021,4.0
2018-10-29,2021,4.0
2018-10-30,2021,4.0
2018-10-31,2021,4.0
2018-11-01,2021,4.0
2018-11-05,2021,4.0
2018-11-06,2021,4.0
2018-11-07,2021,4.0
2018-11-08,2021,4.0
2018-11-09,2021,4.0
2018-11-12,2021,4.0
2018-11-13,2021,4.0
2018-11-14,2021,4.0
2018-11-16,2021,4.0
2018-11-19,2021,4.0
2018-11-20,2021,4.0
2018-11-21,2021,4.0
2018-11-22,2021,4.0
2018-11-23,2021,4.0
2018-11-26,2021,4.0
2018-11-27,2021,4.0
2018-11-28,2021,4.0
2018-11-29,2021,4.0
2018-11-30,2021,4.0
2018-12-03,2021,4.0
2018-12-04,2021,4.0
2018-12-05,2021,4.0
2018-12-06,2021,4.0
2018-12-07,2021,4.0
2018-12-10,2021,4.0
2018-12-11,2021,4.0
2018-12-12,2021,4.0
2018-12-13,2021,4.0
2018-12-14,2021,4.0
2018-12-17,2021,4.0
2018-12-18,2021,4.0
2018-12-19,2021,4.0
2018-12-20,2021,4.0
2018-12-21,2021,4.0
2018-12-24,2021,4.0
2018-12-26,2021,4.0
2018-12-27,2021,4.0
2018-12-28,2021,4.0
2018-12-31,2021,4.0
2019-01-02,2021,4.0
2019-01-03,2021,4.0
2019-01-04,2021,4.0
2019-01-07,2021,4.0
2019-01-08,2021,4.0
2019-01-09,2021,4.0
2019-01-10,2021,4.0
2019-01-11,2021,4.0
2019-01-14,2021,4.0
2019-01-15,2021,4.0
2019-01-16,2021,4.0
2019-01-17,2021,4.0
2019-01-18,2021,4.0
2019-01-21,2021,4.0
2019-01-22,2021,4.0
2019-01-23,2021,4.0
2019-01-24,2021,4.0
2019-01-25,2021,4.0
2019-01-28,2021,4.0
2019-01-29,2021,4.0
2019-01-30,2021,4.0
2019-01-31,2021,4.0
2019-02-01,2021,4.0
2019-02-04,2021,4.0
2019-02-05,2021,4.0
2019-02-06,2021,4.0
2019-02-07,2021,4.0
2019-02-08,2021,4.0
2019-02-11,2021,4.0
2019-02-12,2021,4.0
2019-02-13,2021,4.0
2019-02-14,2021,4.0
2019-02-15,2021,4.0
2019-02-18,2021,4.0
2019-02-19,2021,4.0
2019-02-20,2021,4.0
2019-02-21,2021,4.0
2019-02-22,2021,4.0
2019-02-25,2021,4.0
2019-02-26,2021,4.0
2019-02-27,2021,4.0
2019-02-28,2021,4.0
2019-03-01,2021,4.0
2019-03-06,2021,4.0
2019-03-07,2021,4.0
2019-03-08,2021,4.0
2019-03-11,2021,4.0
2019-03-12,2021,4.0
2019-03-13,2021,4.0
2019-03-14,2021,4.0
2019-03-15,2021,4.0
2019-03-18,2021,4.0
2019-03-19,2021,4.0
2019-03-20,2021,4.0
2019-03-21,2021,4.0
2019-03-22,2021,4.0
2019-03-25,2021,4.0
2019-03-26,2021,4.0
2019-03-27,2021,4.0
2019-03-28,2021,4.0
2019-03-29,2021,4.0
2019-04-01,2021,4.0
2019-04-02,2021,4.0
2019-04-03,2021,4.0
2019-04-04,2021,4.0
2019-04-05,2021,4.0
2019-04-08,2021,4.0
2019-04-09,2021,4.0
2019-04-10,2021,4.0
2019-04-11,2021,4.0
2019-04-12,2021,4.0
2019-04-15,2021,4.0
2019-04-16,2021,4.0
2019-04-17,2021,4.0
2019-04-18,2021,4.0
2019-04-22,2021,4.0
2019-04-23,2021,4.0
2019-04-24,2021,4.0
2019-04-25,2021,4.0
2019-04-26,2021,4.0
2019-04-29,2021,4.0
2019-04-30,2021,4.0
2019-05-02,2021,4.0
2019-05-03,2021,4.0
2019-05-06,2021,4.0
2019-05-07,2021,4.0
2019-05-08,2021,4.0
2019-05-09,2021,4.0
2019-05-10,2021,4.0
2019-05-13,2021,4.0
2019-05-14,2021,4.0
2019-05-15,2021,4.0
2019-05-16,2021,4.0
2019-05-17,2021,4.0
2019-05-20,2021,4.0
2019-05-21,2021,4.0
2019-05-22,2021,4.0
2019-05-23,2021,4.0
2019-05-24,2021,4.0
2019-05-27,2021,4.0
2019-05-28,2021,4.0
2019-05-29,2021,4.0
2019-05-30,2021,4.0
2019-05-31,2021,4.0
2019-06-03,2021,4.0
2019-06-04,2021,4.0
2019-06-05,2021,4.0
2019-06-06,2021,4.0
2019-06-07,2021,4.0
2019-06-10,2021,4.0
2019-06-11,2021,4.0
2019-06-12,2021,4.0
2019-06-13,2021,4.0
2019-06-14,2021,4.0
2019-06-17,2021,4.0
2019-06-18,2021,4.0
2019-06-19,2021,4.0
2019-06-21,2021,4.0
2019-06-24,2021,4.0
2019-06-25,2021,4.0
2019-06-26,2021,4.0
2019-06-27,2021,4.0
2019-06-28,2021,4.0
2019-07-01,2021,4.0
2019-07-02,2021,4.0
2019-07-03,2021,4.0
2019-07-04,2021,4.0
2019-07-05,2021,4.0
2019-07-08,2021,4.0
2019-07-09,2021,4.0
2019-07-10,2021,4.0
2019-07-11,2021,4.0
2019-07-12,2021,4.0
2019-07-15,2021,4.0
2019-07-16,2021,4.0
2019-07-17,2021,4.0
2019-07-18,2021,4.0
2019-07-19,2021,4.0
2019-07-22,2021,4.0
2019-07-23,2021,4.0
2019-07-24,2021,4.0
2019-07-25,2021,4.0
2019-07-26,2021,4.0
2019-07-29,2021,4.0
2019-07-30,2021,4.0
2019-07-31,2021,4.0
2019-08-01,2021,4.0
2019-08-02,2021,4.0
2019-08-05,2021,4.0
2019-08-06,2021,4.0
2019-08-07,2021,4.0
2019-08-08,2021,4.0
2019-08-09,2021,4.0
2019-08-12,2021,4.0
2019-08-13,2021,4.0
2019-08-14,2021,4.0
2019-08-15,2021,4.0
2019-08-16,2021,4.0
2019-08-19,2021,4.0
2019-08-20,2021,4.0
2019-08-21,2021,4.0
2019-08-22,2021,4.0
2019-08-23,2021,4.0
2019-08-26,2021,4.0
2019-08-27,2021,4.0
2019-08-28,2021,4.0
2019-08-29,2021,4.0
2019-08-30,2021,4.0
2019-09-02,2021,4.0
2019-09-03,2021,4.0
2019-09-04,2021,4.0
2019-09-05,2021,4.0
2019-09-06,2021,4.0
2019-09-09,2021,4.0
2019-09-10,2021,4.0
2019-09-11,2021,4.0
2019-09-12,2021,4.0
2019-09-13,2021,4.0
2019-09-16,2021,4.0
2019-09-17,2021,4.0
2019-09-18,2021,4.0
2019-09-19,2021,4.0
2019-09-20,2021,4.0
2019-09-23,2021,4.0
2019-09-24,2021,4.0
2019-09-25,2021,4.0
2019-09-26,2021,4.0
2019-09-27,2021,4.0
2019-09-30,2021,4.0
2019-10-01,2021,4.0
2019-10-02,2021,4.0
2019-10-03,2021,4.0
2019-10-04,2021,4.0
2019-10-07,2021,4.0
2019-10-08,2021,4.0
2019-10-09,2021,4.0
2019-10-10,2021,4.0
2019-10-11,2021,4.0
2019-10-14,2021,3.9
2019-10-15,2021,3.9
2019-10-16,2021,3.95
2019-10-17,2021,3.95
2019-10-18,2021,4.0
2019-10-21,2021,4.0
2019-10-22,2021,4.0
2019-10-23,2021,4.0
2019-10-24,2021,4.0
2019-10-25,2021,4.0
2019-10-28,2021,4.0
2019-10-29,2021,4.0
2019-10-30,2021,4.0
2019-10-31,2021,4.0
2019-11-01,2021,4.0
2019-11-04,2021,4.0
2019-11-05,2021,4.0
2019-11-06,2021,4.0
2019-11-07,2021,4.0
2019-11-08,2021,4.0
2019-11-11,2021,4.0
2019-11-12,2021,4.0
2019-11-13,2021,4.0
2019-11-14,2021,4.0
2019-11-18,2021,4.0
2019-11-19,2021,4.0
2019-11-20,2021,4.0
2019-11-21,2021,4.0
2019-11-22,2021,4.0
2019-11-25,2021,4.0
2019-11-26,2021,4.0
2019-11-27,2021,4.0
2019-11-28,2021,4.0
2019-11-29,2021,4.0
2019-12-02,2021,4.0
2019-12-03,2021,4.0
2019-12-04,2021,4.0
2019-12-05,2021,4.0
2019-12-06,2021,4.0
2019-12-09,2021,4.0
2019-12-10,2021,4.0
2019-12-11,2021,4.0
2019-12-12,2021,4.0
2019-12-13,2021,4.0
2019-12-16,2021,4.0
2019-12-17,2021,4.0
2019-12-18,2021,4.0
2019-12-19,2021,4.0
2019-12-20,2021,4.0
2019-12-23,2021,4.0
2019-12-24,2021,4.0
2019-12-26,2021,4.0
2019-12-27,2021,4.0
2019-12-30,2021,4.0
2019-12-31,2021,4.0
2020-01-02,2021,4.0
2020-01-03,2021,4.0
2020-01-06,2021,4.0
2020-01-07,2021,4.0
2020-01-08,2021,4.0
2020-01-09,2021,4.0
2020-01-10,2021,4.0
2020-01-13,2021,3.9
2020-01-14,2021,3.9
2020-01-15,2021,3.9
2020-01-16,2021,3.95
2020-01-17,2021,4.0
2020-01-20,2021,4.0
2020-01-21,2021,4.0
2020-01-22,2021,4.0
2020-01-23,2021,4.0
2020-01-24,2021,3.9
2020-01-27,2021,3.85
2020-01-28,2021,3.85
2020-01-29,2021,3.85
2020-01-30,2021,3.9
2020-01-31,2021,3.8
2020-02-03,2021,3.8
2020-02-04,2021,3.78
2020-02-05,2021,3.78
2020-02-06,2021,3.78
2020-02-07,2021,3.78
2020-02-10,2021,3.8
2020-02-11,2021,3.8
2020-02-12,2021,3.8
2020-02-13,2021,3.8
2020-02-14,2021,3.8
2020-02-17,2021,3.8
2020-02-18,2021,3.8
2020-02-19,2021,3.8
2020-02-20,2021,3.8
2020-02-21,2021,3.8
2020-02-26,2021,3.78
2020-02-27,2021,3.78
2020-02-28,2021,3.8
2020-03-02,2021,3.75
2020-03-03,2021,3.75
2020-03-04,2021,3.75
2020-03-05,2021,3.75
2020-03-06,2021,3.75
2020-03-09,2021,3.78
2020-03-10,2021,3.78
2020-03-11,2021,3.78
2020-03-12,2021,3.75
2020-03-13,2021,3.8
2020-03-16,2021,3.75
2020-03-17,2021,3.75
2020-03-18,2021,3.75
2020-03-19,2021,3.75
2020-03-20,2021,3.75
2020-03-23,2021,3.78
2020-03-24,2021,3.78
2020-03-25,2021,3.78
2020-03-26,2021,3.78
2020-03-27,2021,3.78
2020-03-30,2021,3.8
2020-03-31,2021,3.8
2020-04-01,2021,3.8
2020-04-02,2021,3.8
2020-04-03,2021,3.8
2020-04-06,2021,3.8
2020-04-07,2021,3.8
2020-04-08,2021,3.8
2020-04-09,2021,3.8
2020-04-13,2021,3.75
2020-04-14,2021,3.75
2020-04-15,2021,3.75
2020-04-16,2021,3.75
2020-04-17,2021,3.75
2020-04-20,2021,3.75
2020-04-22,2021,3.68
2020-04-23,2021,3.8
2020-04-24,2021,3.8
2020-04-27,2021,3.84
2020-04-28,2021,3.84
2020-04-29,2021,3.8
2020-04-30,2021,3.8
2020-05-04,2021,3.8
2020-05-05,2021,3.8
2020-05-06,2021,3.8
2020-05-07,2021,3.8
2020-05-08,2021,3.8
2020-05-11,2021,3.8
2020-05-12,2021,3.8
2020-05-13,2021,3.8
2020-05-14,2021,3.8
2020-05-15,2021,3.8
2020-05-18,2021,3.8
2020-05-19,2021,3.8
2020-05-20,2021,3.8
2020-05-21,2021,3.8
2020-05-22,2021,3.8
2020-05-25,2021,3.8
2020-05-26,2021,3.8
2020-05-27,2021,3.8
2020-05-28,2021,3.8
2020-05-29,2021,3.8
2020-06-01,2021,3.65
2020-06-02,2021,3.65
2020-06-03,2021,3.73
2020-06-04,2021,3.73
2020-06-05,2021,3.63
2020-06-08,2021,3.8
2020-06-09,2021,3.7
2020-06-10,2021,3.6
2020-06-12,2021,3.78
2020-06-15,2021,3.78
2020-06-16,2021,3.78
2020-06-17,2021,3.78
2020-06-18,2021,3.8
2020-06-19,2021,3.8
2020-06-22,2021,3.8
2020-06-23,2021,3.8
2020-06-24,2021,3.8
2020-06-25,2021,3.85
2020-06-26,2021,3.85
2020-06-29,2021,3.8
2020-06-30,2021,3.8
2020-07-01,2021,3.8
2020-07-02,2021,3.8
2020-07-03,2021,3.8
2020-07-06,2021,3.8
2020-07-07,2021,3.8
2020-07-08,2021,3.78
2020-07-09,2021,3.78
2020-07-10,2021,3.78
2020-07-13,2021,3.85
2020-07-14,2021,3.85
2020-07-15,2021,3.8
2020-07-16,2021,3.85
2020-07-17,2021,3.85
2020-07-20,2021,3.8
2020-07-21,2021,3.8
2020-07-22,2021,3.8
2020-07-23,2021,3.8
2020-07-24,2021,3.9
2020-07-27,2021,3.8
2020-07-28,2021,3.8
2020-07-29,2021,3.8
2020-07-30,2021,3.8
2020-07-31,2021,4.0
2020-08-03,2021,4.0
2020-08-04,2021,4.0
2020-08-05,2021,4.0
2020-08-06,2021,4.0
2020-08-07,2021,4.0
2020-08-10,2021,3.99
2020-08-11,2021,3.99
2020-08-12,2021,4.0
2020-08-13,2021,4.0
2020-08-14,2021,4.0
2020-08-17,2021,3.99
2020-08-18,2021,4.0
2020-08-19,2021,4.0
2020-08-20,2021,4.0
2020-08-21,2021,4.0
2020-08-24,2021,3.95
2020-08-25,2021,3.88
2020-08-26,2021,3.88
2020-08-27,2021,3.84
2020-08-28,2021,3.92
2020-08-31,2021,3.77
2020-09-01,2021,3.84
2020-09-02,2021,3.84
2020-09-03,2021,3.84
2020-09-04,2021,3.71
2020-09-08,2021,3.77
2020-09-09,2021,3.8
2020-09-10,2021,3.8
2020-09-11,2021,3.84
2020-09-14,2021,3.84
2020-09-15,2021,3.84
2020-09-16,2021,3.84
2020-09-17,2021,3.92
2020-09-18,2021,3.84
2020-09-21,2021,3.84
2020-09-22,2021,3.84
2020-09-23,2021,3.84
2020-09-24,2021,3.84
2020-09-25,2021,3.96
2020-09-28,2021,3.96
2020-09-29,2021,3.96
2020-09-30,2021,3.96
2020-10-01,2021,4.0
2020-10-02,2021,3.91
2020-10-05,2021,3.91
2020-10-06,2021,3.91
2020-10-07,2021,3.91
2020-10-08,2021,3.91
2020-10-09,2021,3.91
2020-10-13,2021,3.85
2020-10-14,2021,3.77
2020-10-15,2021,3.9
2020-10-16,2021,3.9
2020-10-19,2021,3.9
2020-10-20,2021,3.73
2020-10-21,2021,3.89
2020-10-22,2021,3.9
2020-10-23,2021,4.0
2020-10-26,2021,4.0
2020-10-27,2021,4.0
2020-10-28,2021,4.0
2020-10-29,2021,4.0
2020-10-30,2021,4.0
2020-11-03,2021,4.04
2020-11-04,2021,4.04
2020-11-05,2021,4.04
2020-11-06,2021,4.07
2020-11-09,2021,4.07
2020-11-10,2021,4.07
2020-11-11,2021,4.07
2020-11-12,2021,4.07
2020-11-13,2021,4.04
2020-11-16,2021,4.1
2020-11-17,2021,4.2
2020-11-18,2021,4.2
2020-11-19,2021,4.29
2020-11-20,2021,4.5
2020-11-23,2021,4.76
2020-11-24,2021,4.76
2020-11-25,2021,4.73
2020-11-26,2021,4.76
2020-11-27,2021,4.8
2020-11-30,2021,4.8
2020-12-01,2021,4.7
2020-12-02,2021,4.6
2020-12-03,2021,4.53
2020-12-04,2021,4.27
2020-12-07,2021,4.24
2020-12-08,2021,4.24
2020-12-09,2021,4.24
2020-12-10,2021,4.24
2020-12-11,2021,4.24
2020-12-14,2021,4.29
2020-12-15,2021,4.29
2020-12-16,2021,4.29
2020-12-17,2021,4.3
2020-12-18,2021,4.36
2020-12-21,2021,4.27
2020-12-22,2021,4.2
2020-12-23,2021,4.2
2020-12-24,2021,4.2
2020-12-28,2021,4.19
2020-12-29,2021,4.14
2020-12-30,2021,4.11
2020-12-31,2021,4.11
2021-01-04,2021,4.02
2021-01-05,2021,4.02
2021-01-06,2021,4.02
2021-01-07,2021,4.02
2021-01-08,2021,4.02
2021-01-11,2021,4.05
2021-01-12,2021,4.05
2021-01-13,2021,4.07
2021-01-14,2021,4.05
2021-01-15,2021,4.2
2021-01-18,2021,4.32
2021-01-19,2021,4.32
2021-01-20,2021,4.3
2021-01-21,2021,4.2
2021-01-22,2021,4.39
2021-01-25,2021,4.33
2021-01-26,2021,4.39
2021-01-27,2021,4.39
2021-01-28,2021,4.39
2021-01-29,2021,4.44
2021-02-01,2021,4.44
2021-02-02,2021,4.39
2021-02-03,2021,4.39
2021-02-04,2021,4.39
2021-02-05,2021,4.44
2021-02-08,2021,4.44
2021-02-09,2021,4.44
2021-02-10,2021,4.45
2021-02-11,2021,4.5
2021-02-12,2021,4.6
2021-02-17,2021,4.65
2021-02-18,2021,4.7
2021-02-19,2021,5.1
2021-02-22,2021,5.17
2021-02-23,2021,5.15
2021-02-24,2021,5.15
2021-02-25,2021,5.17
2021-02-26,2021,5.15
2021-03-01,2021,5.15
2021-03-02,2021,5.15
2021-03-03,2021,5.15
2021-03-04,2021,5.17
2021-03-05,2021,5.17
2021-03-08,2021,5.29
2021-03-09,2021,5.4
2021-03-10,2021,5.4
2021-03-11,2021,5.4
2021-03-12,2021,6.15
2021-03-15,2021,6.66
2021-03-16,2021,6.8
2021-03-17,2021,6.8
2021-03-18,2021,6.8
2021-03-19,2021,7.26
2021-03-22,2021,7.33
2021-03-23,2021,7.33
2021-03-24,2021,7.4
2021-03-25,2021,7.5
2021-03-26,2021,7.64
2021-03-29,2021,7.71
2021-03-30,2021,7.68
2021-03-31,2021,7.62
2021-04-01,2021,7.64
2021-04-05,2021,7.55
2021-04-06,2021,7.5943
2021-04-07,2021,7.5885
2021-04-08,2021,7.5885
2021-04-09,2021,7.6293
2021-04-12,2021,7.7
2021-04-13,2021,7.685
2021-04-14,2021,7.685
2021-04-15,2021,7.7
2021-04-16,2021,7.89
2021-04-19,2021,7.7
2021-04-20,2021,7.995
2021-04-22,2021,8.0
2021-04-23,2021,8.17
2021-04-26,2021,8.105
2021-04-27,2021,8.07
2021-04-28,2021,8.105
2021-04-29,2021,8.0
2021-04-30,2021,8.16
2021-05-03,2021,8.115
2021-05-04,2021,8.2
2021-05-05,2021,8.16
2021-05-06,2021,8.11
2021-05-07,2021,8.15
2021-05-10,2021,8.1
2021-05-11,2021,8.1
2021-05-12,2021,8.15
2021-05-13,2021,8.05
2021-05-14,2021,8.0
2021-05-17,2021,8.0
2021-05-18,2021,8.0
2021-05-19,2021,8.0
2021-05-20,2021,8.0
2021-05-21,2021,8.2
2021-05-24,2021,8.21
2021-05-25,2021,8.22
2021-05-26,2021,8.52
2021-05-27,2021,8.475
2021-05-28,2021,8.6
2021-05-31,2021,8.615
2021-06-01,2021,8.505
2021-06-02,2021,8.49
2021-06-04,2021,8.35
2021-06-07,2021,8.35
2021-06-08,2021,8.4
2021-06-09,2021,8.88
2021-06-10,2021,8.94
2021-06-11,2021,9.155
2021-06-14,2021,9.19
2021-06-15,2021,9.155
2021-06-16,2021,9.155
2021-06-17,2021,9.1
2021-06-18,2021,9.385
2021-06-21,2021,9.45
2021-06-22,2021,9.525
2021-06-23,2021,9.6
2021-06-24,2021,9.6
2021-06-25,2021,9.7
2021-06-28,2021,9.85
2021-06-29,2021,9.85
2021-06-30,2021,9.78
2021-07-01,2021,9.78
2021-07-02,2021,9.91
2021-07-05,2021,10.655
2021-07-06,2021,10.255
2021-07-07,2021,10.655
2021-07-08,2021,10.9
2021-07-09,2021,10.85
2021-07-12,2021,10.96
2021-07-13,2021,11.0
2021-07-14,2021,11.0
2021-07-15,2021,10.91
2021-07-16,2021,10.8
2021-07-19,2021,10.65
2021-07-20,2021,10.5
2021-07-21,2021,10.5
2021-07-22,2021,10.65
2021-07-23,2021,10.5
2021-07-26,2021,10.55
2021-07-27,2021,10.7
2021-07-28,2021,10.91
2021-07-29,2021,10.89
2021-07-30,2021,11.1668
2021-08-02,2021,11.1
2021-08-03,2021,11.1
2021-08-04,2021,11.08
2021-08-05,2021,11.06
2021-08-06,2021,11.2334
2021-08-09,2021,11.5
2021-08-10,2021,11.3
2021-08-11,2021,11.3
2021-08-12,2021,11.3
2021-08-13,2021,11.3
2021-08-16,2021,11.35
2021-08-17,2021,11.43
2021-08-18,2021,11.5813
2021-08-19,2021,11.5907
2021-08-20,2021,11.5907
2021-08-23,2021,11.6
2021-08-24,2021,11.6
2021-08-25,2021,11.555
2021-08-26,2021,11.56
2021-08-27,2021,11.9933
2021-08-30,2021,12.25
2021-08-31,2021,12.3
2021-09-01,2021,12.4
2021-09-02,2021,12.555
2021-09-03,2021,12.405
2021-09-06,2021,12.6
2021-09-08,2021,12.6
2021-09-09,2021,12.72
2021-09-10,2021,12.89
2021-09-13,2021,13.1
2021-09-14,2021,13.1
2021-09-15,2021,13.11
2021-09-16,2021,13.28
2021-09-17,2021,13.5352
2021-09-20,2021,13.5
2021-09-21,2021,13.5352
2021-09-22,2021,13.57
2021-09-23,2021,13.5751
2021-09-24,2021,13.67
2021-09-27,2021,13.67
2021-09-28,2021,13.67
2021-09-29,2021,13.6382
2021-09-30,2021,13.6463
2021-10-01,2021,13.6254
2021-10-04,2021,13.5
2021-10-05,2021,13.5
2021-10-06,2021,13.6299
2021-10-07,2021,13.6599
2021-10-08,2021,13.86
2021-10-11,2021,14.1004
2021-10-13,2021,14.1
2021-10-14,2021,14.1007
2021-10-15,2021,14.3955
2021-10-18,2021,14.1007
2021-10-19,2021,14.1007
2021-10-20,2021,14.4249
2021-10-21,2021,14.4866
2021-10-22,2021,14.9429
2021-10-25,2021,15.0346
2021-10-26,2021,15.0692
2021-10-27,2021,15.0804
2021-10-28,2021,15.1489
2021-10-29,2021,15.3478
2021-11-01,2021,15.6051
2021-11-03,2021,15.6051
2021-11-04,2021,15.5942
2021-11-05,2021,15.996
2021-11-08,2021,16.2588
2021-11-09,2021,16.303
2021-11-10,2021,16.4439
2021-11-11,2021,16.547
2021-11-12,2021,16.7507
2021-11-16,2021,16.8489
2021-11-17,2021,16.9409
2021-11-18,2021,16.947
2021-11-19,2021,17.0657
2021-11-22,2021,17.0657
2021-11-23,2021,17.0657
2021-11-24,2021,17.07
2021-11-25,2021,17.1311
2021-11-26,2021,17.0683
2021-11-29,2021,17.11
2021-11-30,2021,17.11
2021-12-01,2021,17.11
2021-12-02,2021,17.11
2021-12-03,2021,17.0842
2021-12-06,2021,17.0609
2021-12-07,2021,17.0726
2021-12-08,2021,17.0281
2021-12-09,2021,17.028
2021-12-10,2021,17.1733
2021-12-13,2021,17.2084
2021-12-14,2021,17.2084
2021-12-15,2021,17.1909
2021-12-16,2021,17.1909
2021-12-17,2021,17.2551
2021-12-20,2021,17.1867
2021-12-21,2021,17.1733
2021-12-22,2021,17.2
2021-12-23,2021,17.1266
2021-12-24,2021,17.1
2021-12-27,2021,17.09
2021-12-28,2021,17.1383
2021-12-29,2021,17.1
2021-12-30,2021,17.1208
2021-12-31,2021,17.0787
2022-01-03,2021,17.0787
2022-01-04,2021,17.0657
2022-01-05,2021,17.0565
2022-01-06,2021,17.0611
2022-01-07,2021,17.0565
2022-01-10,2021,17.0507
2018-01-15,2022,5.0
2018-01-16,2022,5.0
2018-01-17,2022,4.5
2018-01-18,2022,4.5
2018-01-19,2022,4.25
2018-01-22,2022,4.25
2018-01-23,2022,4.13
2018-01-24,2022,4.13
2018-01-25,2022,4.13
2018-01-26,2022,4.13
2018-01-29,2022,4.13
2018-01-30,2022,4.13
2018-01-31,2022,4.13
2018-02-01,2022,4.13
2018-02-02,2022,4.0
2018-02-05,2022,4.13
2018-02-06,2022,4.2
2018-02-07,2022,4.1
2018-02-08,2022,4.1
2018-02-09,2022,4.0
2018-02-14,2022,4.0
2018-02-15,2022,4.0
2018-02-16,2022,4.0
2018-02-19,2022,4.0
2018-02-20,2022,4.0
2018-02-21,2022,4.0
2018-02-22,2022,4.0
2018-02-23,2022,4.0
2018-02-26,2022,4.0
2018-02-27,2022,4.0
2018-02-28,2022,4.0
2018-03-01,2022,4.0
2018-03-02,2022,4.0
2018-03-05,2022,4.0
2018-03-06,2022,4.0
2018-03-07,2022,4.0
2018-03-08,2022,4.0
2018-03-09,2022,4.0
2018-03-12,2022,4.0
2018-03-13,2022,4.0
2018-03-14,2022,4.0
2018-03-15,2022,4.0
2018-03-16,2022,4.0
2018-03-19,2022,4.0
2018-03-20,2022,4.0
2018-03-21,2022,4.0
2018-03-22,2022,4.0
2018-03-23,2022,4.0
2018-03-26,2022,4.0
2018-03-27,2022,4.0
2018-03-28,2022,4.0
2018-03-29,2022,4.0
2018-04-02,2022,4.0
2018-04-03,2022,4.0
2018-04-04,2022,4.0
2018-04-05,2022,4.0
2018-04-06,2022,4.0
2018-04-09,2022,4.0
2018-04-10,2022,4.0
2018-04-11,2022,4.0
2018-04-12,2022,4.0
2018-04-13,2022,4.0
2018-04-16,2022,4.0
2018-04-17,2022,4.0
2018-04-18,2022,4.0
2018-04-19,2022,4.0
2018-04-20,2022,4.0
2018-04-23,2022,4.0
2018-04-24,2022,4.0
2018-04-25,2022,4.0
2018-04-26,2022,4.0
2018-04-27,2022,4.0
2018-04-30,2022,4.0
2018-05-02,2022,4.0
2018-05-03,2022,4.0
2018-05-04,2022,4.0
2018-05-07,2022,4.0
2018-05-08,2022,4.0
2018-05-09,2022,4.0
2018-05-10,2022,4.0
2018-05-11,2022,4.0
2018-05-14,2022,4.0
2018-05-15,2022,4.0
2018-05-16,2022,4.0
2018-05-17,2022,4.0
2018-05-18,2022,4.0
2018-05-21,2022,4.0
2018-05-22,2022,4.0
2018-05-23,2022,4.0
2018-05-24,2022,4.0
2018-05-25,2022,4.0
2018-05-28,2022,4.0
2018-05-29,2022,4.0
2018-05-30,2022,4.0
2018-06-01,2022,4.0
2018-06-04,2022,4.0
2018-06-05,2022,4.0
2018-06-06,2022,4.0
2018-06-07,2022,4.0
2018-06-08,2022,4.0
2018-06-11,2022,4.0
2018-06-12,2022,4.0
2018-06-13,2022,4.0
2018-06-14,2022,4.0
2018-06-15,2022,4.0
2018-06-18,2022,4.0
2018-06-19,2022,4.0
2018-06-20,2022,4.0
2018-06-21,2022,4.0
2018-06-22,2022,4.0
2018-06-25,2022,4.0
2018-06-26,2022,4.0
2018-06-27,2022,4.0
2018-06-28,2022,4.0
2018-06-29,2022,4.0
2018-07-02,2022,4.0
2018-07-03,2022,4.0
2018-07-04,2022,4.0
2018-07-05,2022,4.0
2018-07-06,2022,4.0
2018-07-09,2022,4.0
2018-07-10,2022,4.0
2018-07-11,2022,4.0
2018-07-12,2022,4.0
2018-07-13,2022,4.0
2018-07-16,2022,4.0
2018-07-17,2022,4.0
2018-07-18,2022,4.0
2018-07-19,2022,4.0
2018-07-20,2022,4.0
2018-07-23,2022,4.0
2018-07-24,2022,4.0
2018-07-25,2022,4.0
2018-07-26,2022,4.0
2018-07-27,2022,4.0
2018-07-30,2022,4.0
2018-07-31,2022,4.0
2018-08-01,2022,4.0
2018-08-02,2022,4.0
2018-08-03,2022,4.0
2018-08-06,2022,4.0
2018-08-07,2022,4.0
2018-08-08,2022,4.0
2018-08-09,2022,4.0
2018-08-10,2022,4.0
2018-08-13,2022,4.0
2018-08-14,2022,4.0
2018-08-15,2022,4.0
2018-08-16,2022,4.0
2018-08-17,2022,4.0
2018-08-20,2022,4.0
2018-08-21,2022,4.0
2018-08-22,2022,4.0
2018-08-23,2022,4.0
2018-08-24,2022,4.0
2018-08-27,2022,4.0
2018-08-28,2022,4.0
2018-08-29,2022,4.0
2018-08-30,2022,4.0
2018-08-31,2022,4.0
2018-09-03,2022,4.0
2018-09-04,2022,4.0
2018-09-05,2022,4.0
2018-09-06,2022,4.0
2018-09-10,2022,4.0
2018-09-11,2022,4.0
2018-09-12,2022,4.0
2018-09-13,2022,4.0
2018-09-14,2022,4.0
2018-09-17,2022,4.0
2018-09-18,2022,4.0
2018-09-19,2022,4.0
2018-09-20,2022,4.0
2018-09-21,2022,4.0
2018-09-24,2022,4.0
2018-09-25,2022,4.0
2018-09-26,2022,4.0
2018-09-27,2022,4.0
2018-09-28,2022,4.0
2018-10-01,2022,4.0
2018-10-02,2022,4.0
2018-10-03,2022,4.0
2018-10-04,2022,4.0
2018-10-05,2022,4.0
2018-10-08,2022,4.0
2018-10-09,2022,4.0
2018-10-10,2022,4.0
2018-10-11,2022,4.0
2018-10-15,2022,4.0
2018-10-16,2022,4.0
2018-10-17,2022,4.0
2018-10-18,2022,4.0
2018-10-19,2022,4.0
2018-10-22,2022,4.0
2018-10-23,2022,4.0
2018-10-24,2022,4.0
2018-10-25,2022,4.0
2018-10-26,2022,4.0
2018-10-29,2022,4.0
2018-10-30,2022,4.0
2018-10-31,2022,4.0
2018-11-01,2022,4.0
2018-11-05,2022,4.0
2018-11-06,2022,4.0
2018-11-07,2022,4.0
2018-11-08,2022,4.0
2018-11-09,2022,4.0
2018-11-12,2022,4.0
2018-11-13,2022,4.0
2018-11-14,2022,4.0
2018-11-16,2022,4.0
2018-11-19,2022,4.0
2018-11-20,2022,4.0
2018-11-21,2022,4.0
2018-11-22,2022,4.0
2018-11-23,2022,4.0
2018-11-26,2022,4.0
2018-11-27,2022,4.0
2018-11-28,2022,4.0
2018-11-29,2022,4.0
2018-11-30,2022,4.0
2018-12-03,2022,4.0
2018-12-04,2022,4.0
2018-12-05,2022,4.0
2018-12-06,2022,4.0
2018-12-07,2022,4.0
2018-12-10,2022,4.0
2018-12-11,2022,4.0
2018-12-12,2022,4.0
2018-12-13,2022,4.0
2018-12-14,2022,4.0
2018-12-17,2022,4.0
2018-12-18,2022,4.0
2018-12-19,2022,4.0
2018-12-20,2022,4.0
2018-12-21,2022,4.0
2018-12-24,2022,4.0
2018-12-26,2022,4.0
2018-12-27,2022,4.0
2018-12-28,2022,4.0
2018-12-31,2022,4.0
2019-01-02,2022,4.0
2019-01-03,2022,4.0
2019-01-04,2022,4.0
2019-01-07,2022,4.0
2019-01-08,2022,4.0
2019-01-09,2022,4.0
2019-01-10,2022,4.0
2019-01-11,2022,3.88
2019-01-14,2022,3.75
2019-01-15,2022,3.75
2019-01-16,2022,3.88
2019-01-17,2022,3.88
2019-01-18,2022,3.75
2019-01-21,2022,3.75
2019-01-22,2022,3.75
2019-01-23,2022,3.75
2019-01-24,2022,3.75
2019-01-25,2022,3.75
2019-01-28,2022,3.75
2019-01-29,2022,3.75
2019-01-30,2022,3.75
2019-01-31,2022,4.0
2019-02-01,2022,4.0
2019-02-04,2022,4.0
2019-02-05,2022,4.0
2019-02-06,2022,4.0
2019-02-07,2022,4.0
2019-02-08,2022,3.88
2019-02-11,2022,4.0
2019-02-12,2022,4.0
2019-02-13,2022,4.0
2019-02-14,2022,4.0
2019-02-15,2022,4.0
2019-02-18,2022,4.0
2019-02-19,2022,4.0
2019-02-20,2022,4.0
2019-02-21,2022,4.0
2019-02-22,2022,4.0
2019-02-25,2022,4.0
2019-02-26,2022,4.0
2019-02-27,2022,4.0
2019-02-28,2022,4.0
2019-03-01,2022,3.88
2019-03-06,2022,3.75
2019-03-07,2022,3.75
2019-03-08,2022,3.75
2019-03-11,2022,3.75
2019-03-12,2022,3.75
2019-03-13,2022,3.75
2019-03-14,2022,3.75
2019-03-15,2022,3.75
2019-03-18,2022,3.75
2019-03-19,2022,3.75
2019-03-20,2022,3.75
2019-03-21,2022,3.75
2019-03-22,2022,3.75
2019-03-25,2022,3.75
2019-03-26,2022,3.75
2019-03-27,2022,3.88
2019-03-28,2022,3.88
2019-03-29,2022,3.88
2019-04-01,2022,3.88
2019-04-02,2022,3.88
2019-04-03,2022,3.88
2019-04-04,2022,3.88
2019-04-05,2022,3.75
2019-04-08,2022,3.75
2019-04-09,2022,3.75
2019-04-10,2022,3.75
2019-04-11,2022,3.75
2019-04-12,2022,3.75
2019-04-15,2022,3.75
2019-04-16,2022,3.75
2019-04-17,2022,3.75
2019-04-18,2022,3.75
2019-04-22,2022,3.75
2019-04-23,2022,3.75
2019-04-24,2022,3.75
2019-04-25,2022,3.75
2019-04-26,2022,3.75
2019-04-29,2022,3.75
2019-04-30,2022,3.75
2019-05-02,2022,3.75
2019-05-03,2022,3.75
2019-05-06,2022,3.75
2019-05-07,2022,3.75
2019-05-08,2022,3.75
2019-05-09,2022,3.75
2019-05-10,2022,3.75
2019-05-13,2022,3.75
2019-05-14,2022,3.75
2019-05-15,2022,3.75
2019-05-16,2022,3.75
2019-05-17,2022,3.75
2019-05-20,2022,3.75
2019-05-21,2022,3.75
2019-05-22,2022,3.75
2019-05-23,2022,3.75
2019-05-24,2022,3.75
2019-05-27,2022,3.75
2019-05-28,2022,3.75
2019-05-29,2022,3.75
2019-05-30,2022,3.75
2019-05-31,2022,3.75
2019-06-03,2022,3.75
2019-06-04,2022,3.75
2019-06-05,2022,3.75
2019-06-06,2022,3.75
2019-06-07,2022,3.75
2019-06-10,2022,3.75
2019-06-11,2022,3.75
2019-06-12,2022,3.75
2019-06-13,2022,3.75
2019-06-14,2022,3.75
2019-06-17,2022,3.75
2019-06-18,2022,3.75
2019-06-19,2022,3.75
2019-06-21,2022,3.75
2019-06-24,2022,3.75
2019-06-25,2022,3.75
2019-06-26,2022,3.75
2019-06-27,2022,3.75
2019-06-28,2022,3.75
2019-07-01,2022,3.75
2019-07-02,2022,3.75
2019-07-03,2022,3.75
2019-07-04,2022,3.75
2019-07-05,2022,3.75
2019-07-08,2022,3.75
2019-07-09,2022,3.75
2019-07-10,2022,3.75
2019-07-11,2022,3.75
2019-07-12,2022,3.75
2019-07-15,2022,3.75
2019-07-16,2022,3.88
2019-07-17,2022,3.88
2019-07-18,2022,3.75
2019-07-19,2022,3.75
2019-07-22,2022,3.75
2019-07-23,2022,3.75
2019-07-24,2022,3.75
2019-07-25,2022,3.75
2019-07-26,2022,3.75
2019-07-29,2022,3.75
2019-07-30,2022,3.75
2019-07-31,2022,3.75
2019-08-01,2022,3.75
2019-08-02,2022,3.75
2019-08-05,2022,3.75
2019-08-06,2022,3.75
2019-08-07,2022,3.75
2019-08-08,2022,3.75
2019-08-09,2022,3.75
2019-08-12,2022,3.75
2019-08-13,2022,3.75
2019-08-14,2022,3.75
2019-08-15,2022,3.75
2019-08-16,2022,3.75
2019-08-19,2022,3.75
2019-08-20,2022,3.75
2019-08-21,2022,3.75
2019-08-22,2022,3.75
2019-08-23,2022,3.75
2019-08-26,2022,3.75
2019-08-27,2022,3.75
2019-08-28,2022,3.75
2019-08-29,2022,3.75
2019-08-30,2022,3.75
2019-09-02,2022,3.75
2019-09-03,2022,3.75
2019-09-04,2022,3.75
2019-09-05,2022,3.75
2019-09-06,2022,3.75
2019-09-09,2022,3.75
2019-09-10,2022,3.75
2019-09-11,2022,3.75
2019-09-12,2022,3.75
2019-09-13,2022,3.75
2019-09-16,2022,3.75
2019-09-17,2022,3.75
2019-09-18,2022,3.75
2019-09-19,2022,3.75
2019-09-20,2022,3.75
2019-09-23,2022,3.75
2019-09-24,2022,3.75
2019-09-25,2022,3.75
2019-09-26,2022,3.75
2019-09-27,2022,3.75
2019-09-30,2022,3.75
2019-10-01,2022,3.75
2019-10-02,2022,3.75
2019-10-03,2022,3.75
2019-10-04,2022,3.75
2019-10-07,2022,3.75
2019-10-08,2022,3.75
2019-10-09,2022,3.75
2019-10-10,2022,3.75
2019-10-11,2022,3.75
2019-10-14,2022,3.75
2019-10-15,2022,3.75
2019-10-16,2022,3.75
2019-10-17,2022,3.75
2019-10-18,2022,3.75
2019-10-21,2022,3.75
2019-10-22,2022,3.75
2019-10-23,2022,3.75
2019-10-24,2022,3.75
2019-10-25,2022,3.75
2019-10-28,2022,3.75
2019-10-29,2022,3.75
2019-10-30,2022,3.75
2019-10-31,2022,3.75
2019-11-01,2022,3.75
2019-11-04,2022,3.78
2019-11-05,2022,3.78
2019-11-06,2022,3.78
2019-11-07,2022,3.78
2019-11-08,2022,3.75
2019-11-11,2022,3.78
2019-11-12,2022,3.78
2019-11-13,2022,3.78
2019-11-14,2022,3.75
2019-11-18,2022,3.75
2019-11-19,2022,3.75
2019-11-20,2022,3.75
2019-11-21,2022,3.75
2019-11-22,2022,3.75
2019-11-25,2022,3.75
2019-11-26,2022,3.75
2019-11-27,2022,3.75
2019-11-28,2022,3.75
2019-11-29,2022,3.75
2019-12-02,2022,3.75
2019-12-03,2022,3.75
2019-12-04,2022,3.75
2019-12-05,2022,3.75
2019-12-06,2022,3.75
2019-12-09,2022,3.75
2019-12-10,2022,3.75
2019-12-11,2022,3.75
2019-12-12,2022,3.75
2019-12-13,2022,3.75
2019-12-16,2022,3.75
2019-12-17,2022,3.75
2019-12-18,2022,3.75
2019-12-19,2022,3.75
2019-12-20,2022,3.75
2019-12-23,2022,3.75
2019-12-24,2022,3.75
2019-12-26,2022,3.75
2019-12-27,2022,3.75
2019-12-30,2022,3.75
2019-12-31,2022,3.75
2020-01-02,2022,3.75
2020-01-03,2022,3.75
2020-01-06,2022,3.75
2020-01-07,2022,3.75
2020-01-08,2022,3.75
2020-01-09,2022,3.75
2020-01-10,2022,3.75
2020-01-13,2022,3.75
2020-01-14,2022,3.75
2020-01-15,2022,3.75
2020-01-16,2022,3.75
2020-01-17,2022,3.75
2020-01-20,2022,3.75
2020-01-21,2022,3.75
2020-01-22,2022,3.75
2020-01-23,2022,3.75
2020-01-24,2022,3.75
2020-01-27,2022,3.75
2020-01-28,2022,3.75
2020-01-29,2022,3.75
2020-01-30,2022,3.75
2020-01-31,2022,3.75
2020-02-03,2022,3.75
2020-02-04,2022,3.75
2020-02-05,2022,3.75
2020-02-06,2022,3.75
2020-02-07,2022,3.75
2020-02-10,2022,3.75
2020-02-11,2022,3.75
2020-02-12,2022,3.75
2020-02-13,2022,3.75
2020-02-14,2022,3.75
2020-02-17,2022,3.75
2020-02-18,2022,3.75
2020-02-19,2022,3.75
2020-02-20,2022,3.75
2020-02-21,2022,3.75
2020-02-26,2022,3.73
2020-02-27,2022,3.73
2020-02-28,2022,3.75
2020-03-02,2022,3.73
2020-03-03,2022,3.73
2020-03-04,2022,3.75
2020-03-05,2022,3.75
2020-03-06,2022,3.75
2020-03-09,2022,3.73
2020-03-10,2022,3.73
2020-03-11,2022,3.73
2020-03-12,2022,3.7
2020-03-13,2022,3.75
2020-03-16,2022,3.7
2020-03-17,2022,3.7
2020-03-18,2022,3.7
2020-03-19,2022,3.75
2020-03-20,2022,3.75
2020-03-23,2022,3.75
2020-03-24,2022,3.75
2020-03-25,2022,3.75
2020-03-26,2022,3.75
2020-03-27,2022,3.75
2020-03-30,2022,3.75
2020-03-31,2022,3.75
2020-04-01,2022,3.75
2020-04-02,2022,3.73
2020-04-03,2022,3.73
2020-04-06,2022,3.7
2020-04-07,2022,3.61
2020-04-08,2022,3.61
2020-04-09,2022,3.7
2020-04-13,2022,3.6
2020-04-14,2022,3.6
2020-04-15,2022,3.6
2020-04-16,2022,3.6
2020-04-17,2022,3.6
2020-04-20,2022,3.6
2020-04-22,2022,3.6
2020-04-23,2022,3.6
2020-04-24,2022,3.6
2020-04-27,2022,3.6
2020-04-28,2022,3.6
2020-04-29,2022,3.5
2020-04-30,2022,3.6
2020-05-04,2022,3.6
2020-05-05,2022,3.6
2020-05-06,2022,3.6
2020-05-07,2022,3.6
2020-05-08,2022,3.7
2020-05-11,2022,3.7
2020-05-12,2022,3.7
2020-05-13,2022,3.7
2020-05-14,2022,3.7
2020-05-15,2022,3.7
2020-05-18,2022,3.7
2020-05-19,2022,3.7
2020-05-20,2022,3.7
2020-05-21,2022,3.7
2020-05-22,2022,3.7
2020-05-25,2022,3.7
2020-05-26,2022,3.7
2020-05-27,2022,3.7
2020-05-28,2022,3.7
2020-05-29,2022,3.6
2020-06-01,2022,3.6
2020-06-02,2022,3.6
2020-06-03,2022,3.5
2020-06-04,2022,3.5
2020-06-05,2022,3.5
2020-06-08,2022,3.5
2020-06-09,2022,3.5
2020-06-10,2022,3.5
2020-06-12,2022,3.5
2020-06-15,2022,3.5
2020-06-16,2022,3.5
2020-06-17,2022,3.5
2020-06-18,2022,3.5
2020-06-19,2022,3.5
2020-06-22,2022,3.5
2020-06-23,2022,3.5
2020-06-24,2022,3.5
2020-06-25,2022,3.5
2020-06-26,2022,3.5
2020-06-29,2022,3.5
2020-06-30,2022,3.5
2020-07-01,2022,3.5
2020-07-02,2022,3.5
2020-07-03,2022,3.5
2020-07-06,2022,3.5
2020-07-07,2022,3.5
2020-07-08,2022,3.5
2020-07-09,2022,3.5
2020-07-10,2022,3.5
2020-07-13,2022,3.5
2020-07-14,2022,3.5
2020-07-15,2022,3.5
2020-07-16,2022,3.5
2020-07-17,2022,3.5
2020-07-20,2022,3.5
2020-07-21,2022,3.5
2020-07-22,2022,3.5
2020-07-23,2022,3.5
2020-07-24,2022,3.5
2020-07-27,2022,3.5
2020-07-28,2022,3.5
2020-07-29,2022,3.5
2020-07-30,2022,3.5
2020-07-31,2022,3.51
2020-08-03,2022,3.51
2020-08-04,2022,3.51
2020-08-05,2022,3.51
2020-08-06,2022,3.51
2020-08-07,2022,3.5
2020-08-10,2022,3.5
2020-08-11,2022,3.5
2020-08-12,2022,3.51
2020-08-13,2022,3.51
2020-08-14,2022,3.51
2020-08-17,2022,3.5
2020-08-18,2022,3.5
2020-08-19,2022,3.5
2020-08-20,2022,3.5
2020-08-21,2022,3.51
2020-08-24,2022,3.5
2020-08-25,2022,3.5
2020-08-26,2022,3.5
2020-08-27,2022,3.5
2020-08-28,2022,3.5
2020-08-31,2022,3.5
2020-09-01,2022,3.5
2020-09-02,2022,3.5
2020-09-03,2022,3.5
2020-09-04,2022,3.5
2020-09-08,2022,3.5
2020-09-09,2022,3.5
2020-09-10,2022,3.5
2020-09-11,2022,3.5
2020-09-14,2022,3.5
2020-09-15,2022,3.5
2020-09-16,2022,3.5
2020-09-17,2022,3.5
2020-09-18,2022,3.5
2020-09-21,2022,3.57
2020-09-22,2022,3.57
2020-09-23,2022,3.57
2020-09-24,2022,3.57
2020-09-25,2022,3.5
2020-09-28,2022,3.5
2020-09-29,2022,3.5
2020-09-30,2022,3.5
2020-10-01,2022,3.5
2020-10-02,2022,3.59
2020-10-05,2022,3.59
2020-10-06,2022,3.59
2020-10-07,2022,3.59
2020-10-08,2022,3.59
2020-10-09,2022,3.59
2020-10-13,2022,3.5
2020-10-14,2022,3.5
2020-10-15,2022,3.63
2020-10-16,2022,3.63
2020-10-19,2022,3.63
2020-10-20,2022,3.63
2020-10-21,2022,3.5
2020-10-22,2022,3.5
2020-10-23,2022,3.5
2020-10-26,2022,3.67
2020-10-27,2022,3.67
2020-10-28,2022,3.67
2020-10-29,2022,3.67
2020-10-30,2022,3.59
2020-11-03,2022,3.5
2020-11-04,2022,3.5
2020-11-05,2022,3.5
2020-11-06,2022,3.5
2020-11-09,2022,3.5
2020-11-10,2022,3.5
2020-11-11,2022,3.5
2020-11-12,2022,3.5
2020-11-13,2022,3.5
2020-11-16,2022,3.5
2020-11-17,2022,3.54
2020-11-18,2022,3.54
2020-11-19,2022,3.67
2020-11-20,2022,3.7
2020-11-23,2022,3.75
2020-11-24,2022,3.75
2020-11-25,2022,3.73
2020-11-26,2022,3.75
2020-11-27,2022,3.75
2020-11-30,2022,3.75
2020-12-01,2022,3.75
2020-12-02,2022,3.75
2020-12-03,2022,3.75
2020-12-04,2022,3.73
2020-12-07,2022,3.7
2020-12-08,2022,3.7
2020-12-09,2022,3.7
2020-12-10,2022,3.7
2020-12-11,2022,3.71
2020-12-14,2022,3.71
2020-12-15,2022,3.71
2020-12-16,2022,3.71
2020-12-17,2022,3.73
2020-12-18,2022,3.73
2020-12-21,2022,3.73
2020-12-22,2022,3.73
2020-12-23,2022,3.73
2020-12-24,2022,3.73
2020-12-28,2022,3.75
2020-12-29,2022,3.7
2020-12-30,2022,3.69
2020-12-31,2022,3.69
2021-01-04,2022,3.69
2021-01-05,2022,3.69
2021-01-06,2022,3.69
2021-01-07,2022,3.69
2021-01-08,2022,3.69
2021-01-11,2022,3.67
2021-01-12,2022,3.67
2021-01-13,2022,3.69
2021-01-14,2022,3.7
2021-01-15,2022,3.7
2021-01-18,2022,3.69
2021-01-19,2022,3.69
2021-01-20,2022,3.7
2021-01-21,2022,3.69
2021-01-22,2022,3.75
2021-01-25,2022,3.73
2021-01-26,2022,3.75
2021-01-27,2022,3.75
2021-01-28,2022,3.75
2021-01-29,2022,3.78
2021-02-01,2022,3.78
2021-02-02,2022,3.8
2021-02-03,2022,3.8
2021-02-04,2022,3.8
2021-02-05,2022,3.8
2021-02-08,2022,3.8
2021-02-09,2022,3.8
2021-02-10,2022,3.8
2021-02-11,2022,3.8
2021-02-12,2022,3.94
2021-02-17,2022,3.94
2021-02-18,2022,3.9
2021-02-19,2022,3.86
2021-02-22,2022,3.86
2021-02-23,2022,3.82
2021-02-24,2022,3.82
2021-02-25,2022,3.86
2021-02-26,2022,3.85
2021-03-01,2022,3.8
2021-03-02,2022,3.8
2021-03-03,2022,3.8
2021-03-04,2022,3.8
2021-03-05,2022,3.87
2021-03-08,2022,3.87
2021-03-09,2022,3.87
2021-03-10,2022,3.87
2021-03-11,2022,3.87
2021-03-12,2022,3.97
2021-03-15,2022,3.94
2021-03-16,2022,3.97
2021-03-17,2022,3.97
2021-03-18,2022,3.97
2021-03-19,2022,4.0
2021-03-22,2022,4.0
2021-03-23,2022,4.0
2021-03-24,2022,4.0
2021-03-25,2022,4.0
2021-03-26,2022,4.0
2021-03-29,2022,4.0
2021-03-30,2022,4.0
2021-03-31,2022,3.985
2021-04-01,2022,4.17
2021-04-05,2022,4.2
2021-04-06,2022,4.2
2021-04-07,2022,4.01
2021-04-08,2022,4.2
2021-04-09,2022,4.01
2021-04-12,2022,4.02
2021-04-13,2022,4.285
2021-04-14,2022,4.285
2021-04-15,2022,4.37
2021-04-16,2022,4.465
2021-04-19,2022,4.365
2021-04-20,2022,4.24
2021-04-22,2022,4.25
2021-04-23,2022,4.39
2021-04-26,2022,4.29
2021-04-27,2022,4.29
2021-04-28,2022,4.345
2021-04-29,2022,4.5
2021-04-30,2022,4.39
2021-05-03,2022,4.345
2021-05-04,2022,4.345
2021-05-05,2022,4.39
2021-05-06,2022,4.39
2021-05-07,2022,3.8
2021-05-10,2022,3.6
2021-05-11,2022,3.6
2021-05-12,2022,3.8
2021-05-13,2022,4.1
2021-05-14,2022,4.25
2021-05-17,2022,4.25
2021-05-18,2022,4.25
2021-05-19,2022,4.25
2021-05-20,2022,4.25
2021-05-21,2022,4.115
2021-05-24,2022,4.16
2021-05-25,2022,4.25
2021-05-26,2022,4.28
2021-05-27,2022,4.265
2021-05-28,2022,4.3055
2021-05-31,2022,4.2762
2021-06-01,2022,4.3212
2021-06-02,2022,4.3212
2021-06-04,2022,4.2
2021-06-07,2022,4.2
2021-06-08,2022,4.2
2021-06-09,2022,4.2
2021-06-10,2022,4.2
2021-06-11,2022,4.295
2021-06-14,2022,4.29
2021-06-15,2022,4.295
2021-06-16,2022,4.27
2021-06-17,2022,4.295
2021-06-18,2022,4.4891
2021-06-21,2022,4.6
2021-06-22,2022,4.6
2021-06-23,2022,4.6115
2021-06-24,2022,4.5229
2021-06-25,2022,4.35
2021-06-28,2022,4.35
2021-06-29,2022,4.35
2021-06-30,2022,4.4
2021-07-01,2022,4.4
2021-07-02,2022,4.47
2021-07-05,2022,4.405
2021-07-06,2022,4.485
2021-07-07,2022,4.42
2021-07-08,2022,4.31
2021-07-09,2022,4.25
2021-07-12,2022,4.37
2021-07-13,2022,4.09
2021-07-14,2022,4.23
2021-07-15,2022,4.6337
2021-07-16,2022,4.5
2021-07-19,2022,4.55
2021-07-20,2022,4.6
2021-07-21,2022,4.6
2021-07-22,2022,4.63
2021-07-23,2022,4.38
2021-07-26,2022,4.35
2021-07-27,2022,4.35
2021-07-28,2022,4.32
2021-07-29,2022,4.0
2021-07-30,2022,4.3
2021-08-02,2022,4.38
2021-08-03,2022,4.38
2021-08-04,2022,4.47
2021-08-05,2022,4.5
2021-08-06,2022,4.525
2021-08-09,2022,4.5
2021-08-10,2022,4.5
2021-08-11,2022,4.5
2021-08-12,2022,4.39
2021-08-13,2022,4.1
2021-08-16,2022,4.0
2021-08-17,2022,3.9
2021-08-18,2022,4.0
2021-08-19,2022,3.9
2021-08-20,2022,4.495
2021-08-23,2022,4.495
2021-08-24,2022,4.495
2021-08-25,2022,4.49
2021-08-26,2022,4.445
2021-08-27,2022,4.4
2021-08-30,2022,4.155
2021-08-31,2022,4.0764
2021-09-01,2022,4.0882
2021-09-02,2022,4.0882
2021-09-03,2022,4.13
2021-09-06,2022,4.16
2021-09-08,2022,4.16
2021-09-09,2022,4.28
2021-09-10,2022,4.28
2021-09-13,2022,4.2345
2021-09-14,2022,4.1
2021-09-15,2022,4.1
2021-09-16,2022,4.12
2021-09-17,2022,4.1712
2021-09-20,2022,4.11
2021-09-21,2022,4.11
2021-09-22,2022,4.065
2021-09-23,2022,4.03
2021-09-24,2022,4.065
2021-09-27,2022,3.9
2021-09-28,2022,3.89
2021-09-29,2022,3.995
2021-09-30,2022,4.1
2021-10-01,2022,4.11
2021-10-04,2022,4.11
2021-10-05,2022,4.1653
2021-10-06,2022,4.12
2021-10-07,2022,4.2106
2021-10-08,2022,4.11
2021-10-11,2022,4.1558
2021-10-13,2022,4.12
2021-10-14,2022,4.12
2021-10-15,2022,4.0883
2021-10-18,2022,4.1
2021-10-19,2022,4.1
2021-10-20,2022,4.1
2021-10-21,2022,4.1
2021-10-22,2022,4.2697
2021-10-25,2022,4.2806
2021-10-26,2022,4.2697
2021-10-27,2022,4.2588
2021-10-28,2022,4.1615
2021-10-29,2022,4.0
2021-11-01,2022,4.08
2021-11-03,2022,4.14
2021-11-04,2022,4.17
2021-11-05,2022,4.411
2021-11-08,2022,4.4663
2021-11-09,2022,4.4204
2021-11-10,2022,4.2397
2021-11-11,2022,4.2793
2021-11-12,2022,4.0
2021-11-16,2022,3.9
2021-11-17,2022,3.9
2021-11-18,2022,3.9391
2021-11-19,2022,4.2
2021-11-22,2022,4.2001
2021-11-23,2022,4.2029
2021-11-24,2022,4.2769
2021-11-25,2022,4.2769
2021-11-26,2022,4.1028
2021-11-29,2022,4.1161
2021-11-30,2022,4.1161
2021-12-01,2022,4.0895
2021-12-02,2022,4.0895
2021-12-03,2022,4.3806
2021-12-06,2022,4.471
2021-12-07,2022,4.4597
2021-12-08,2022,4.5794
2021-12-09,2022,4.5588
2021-12-10,2022,4.408
2021-12-13,2022,4.408
2021-12-14,2022,4.4596
2021-12-15,2022,4.3562
2021-12-16,2022,4.3562
2021-12-17,2022,4.5583
2021-12-20,2022,4.4741
2021-12-21,2022,4.4
2021-12-22,2022,4.4
2021-12-23,2022,4.5534
2021-12-24,2022,4.6162
2021-12-27,2022,4.8359
2021-12-28,2022,4.907
2021-12-29,2022,4.8359
2021-12-30,2022,4.9138
2021-12-31,2022,4.5388
2022-01-03,2022,4.5
2022-01-04,2022,4.5
2022-01-05,2022,4.5
2022-01-06,2022,4.45
2022-01-07,2022,4.6
2022-01-10,2022,4.8715
2022-01-11,2022,4.9241
2022-01-12,2022,4.907
2022-01-13,2022,4.8016
2022-01-14,2022,4.887
2022-01-17,2022,4.7366
2022-01-18,2022,4.7887
2022-01-19,2022,4.8408
2022-01-20,2022,4.8639
2022-01-21,2022,4.6778
2022-01-24,2022,4.778
2022-01-25,2022,4.6729
2022-01-26,2022,4.6729
2022-01-27,2022,4.9848
2022-01-28,2022,5.2283
2022-01-31,2022,5.2283
2022-02-01,2022,5.2283
2022-02-02,2022,5.2283
2022-02-03,2022,5.2283
2022-02-04,2022,4.6407
2022-02-07,2022,4.6704
2022-02-08,2022,4.8709
2022-02-09,2022,4.7
2022-02-10,2022,4.75
2022-02-11,2022,4.9367
2022-02-14,2022,4.8232
2022-02-15,2022,4.852
2022-02-16,2022,4.8232
2022-02-17,2022,4.9927
2022-02-18,2022,4.8287
2022-02-21,2022,4.8287
2022-02-22,2022,4.7184
2022-02-23,2022,4.7184
2022-02-24,2022,4.7066
2022-02-25,2022,4.8
2022-03-02,2022,4.8
2022-03-03,2022,4.7735
2022-03-04,2022,4.904
2022-03-07,2022,4.904
2022-03-08,2022,4.9254
2022-03-09,2022,4.904
2022-03-10,2022,5.0
2022-03-11,2022,5.9918
2022-03-14,2022,6.0332
2022-03-15,2022,6.0332
2022-03-16,2022,6.0377
2022-03-17,2022,6.0234
2022-03-18,2022,5.8395
2022-03-21,2022,5.9514
2022-03-22,2022,5.9514
2022-03-23,2022,5.9514
2022-03-24,2022,5.9576
2022-03-25,2022,6.5536
2022-03-28,2022,6.4147
2022-03-29,2022,6.4147
2022-03-30,2022,6.4147
2022-03-31,2022,6.3169
2022-04-01,2022,6.3482
2022-04-04,2022,6.4241
2022-04-05,2022,6.3482
2022-04-06,2022,6.3015
2022-04-07,2022,6.2882
2022-04-08,2022,6.9414
2022-04-11,2022,6.764
2022-04-12,2022,6.8537
2022-04-13,2022,6.8537
2022-04-14,2022,6.8405
2022-04-18,2022,6.9039
2022-04-19,2022,7.0868
2022-04-20,2022,7.0807
2022-04-22,2022,7.0967
2022-04-25,2022,7.1118
2022-04-26,2022,7.1154
2022-04-27,2022,7.1154
2022-04-28,2022,7.1546
2022-04-29,2022,7.3794
2022-05-02,2022,7.3832
2022-05-03,2022,7.3835
2022-05-04,2022,7.4695
2022-05-05,2022,7.4681
2022-05-06,2022,7.921
2022-05-09,2022,8.3197
2022-05-10,2022,8.1048
2022-05-11,2022,8.0277
2022-05-12,2022,8.0277
2022-05-13,2022,7.9275
2022-05-16,2022,8.0506
2022-05-17,2022,8.0277
2022-05-18,2022,8.0227
2022-05-19,2022,8.0177
2022-05-20,2022,8.1775
2022-05-23,2022,8.1003
2022-05-24,2022,8.1
2022-05-25,2022,7.9772
2022-05-26,2022,8.0672
2022-05-27,2022,8.0025
2022-05-30,2022,7.9201
2022-05-31,2022,7.6714
2022-06-01,2022,7.6554
2022-06-02,2022,7.6714
2022-06-03,2022,7.7868
2022-06-06,2022,7.6714
2022-06-07,2022,7.6857
2022-06-08,2022,7.0549
2022-06-09,2022,6.4847
2022-06-10,2022,4.5414
2022-06-13,2022,4.5414
2022-06-14,2022,4.4047
2022-06-15,2022,4.672
2022-06-17,2022,3.7773
2022-06-20,2022,3.2087
2022-06-21,2022,3.062
2022-06-22,2022,2.9908
2022-06-23,2022,2.7629
2022-06-24,2022,3.3
2022-06-27,2022,3.4
2022-06-28,2022,3.7424
2022-06-29,2022,3.7424
2022-06-30,2022,3.8
2022-07-01,2022,2.8161
2022-07-04,2022,2.3803
2022-07-05,2022,2.7112
2022-07-06,2022,2.4858
2022-07-07,2022,2.2302
2022-07-08,2022,1.6295
2022-07-11,2022,1.3564
2022-07-12,2022,1.1457
2022-07-13,2022,1.1298
2022-07-14,2022,1.0064
2022-07-15,2022,1.0643
2022-07-18,2022,1.2283
2022-07-19,2022,1.1997
2022-07-20,2022,1.1625
2022-07-21,2022,1.1252
2022-07-22,2022,-0.5549
2022-07-25,2022,-0.5523
2022-07-26,2022,-0.5523
2022-07-27,2022,-0.5536
2022-07-28,2022,-0.5306
2022-07-29,2022,-0.9354
2022-08-01,2022,-0.966
2022-08-02,2022,-1.0396
2022-08-03,2022,-1.0773
2022-08-04,2022,-1.0773
2022-08-05,2022,-1.0628
2022-08-08,2022,-0.9478
2022-08-09,2022,-1.064
2022-08-10,2022,-1.176
2022-08-11,2022,-0.975
2022-08-12,2022,-0.9801
2022-08-15,2022,-1.0836
2022-08-16,2022,-0.975
2022-08-17,2022,-1.1739
2022-08-18,2022,-1.6248
2022-08-19,2022,-1.9413
2022-08-22,2022,-1.9265
2022-08-23,2022,-1.9413
2022-08-24,2022,-1.9458
2022-08-25,2022,-1.9634
2022-08-26,2022,-2.259
2022-08-29,2022,-2.2528
2022-08-30,2022,-2.278
2022-08-31,2022,-2.278
2022-09-01,2022,-2.6108
2022-09-02,2022,-3.26
2022-09-05,2022,-3.4657
2022-09-06,2022,-3.7879
2022-09-08,2022,-3.7879
2022-09-09,2022,-4.0454
2022-09-12,2022,-3.9962
2022-09-13,2022,-4.0583
2022-09-14,2022,-4.0631
2022-09-15,2022,-4.112
2022-09-16,2022,-4.3009
2022-09-19,2022,-4.301
2022-09-20,2022,-4.3225
2022-09-21,2022,-4.3439
2022-09-22,2022,-4.3439
2022-09-23,2022,-4.7694
2022-09-26,2022,-4.705
2022-09-27,2022,-4.6647
2022-09-28,2022,-4.6506
2022-09-29,2022,-4.6573
2022-09-30,2022,-4.4292
2022-10-03,2022,-4.3776
2022-10-04,2022,-4.3776
2022-10-05,2022,-4.4721
2022-10-06,2022,-4.4205
2022-10-07,2022,-4.2698
2022-10-10,2022,-4.4204
2022-10-11,2022,-4.2006
2022-10-13,2022,-4.2761
2022-10-14,2022,-4.3196
2022-10-17,2022,-4.3531
2022-10-18,2022,-4.2761
2022-10-19,2022,-4.3047
2022-10-20,2022,-4.2759
2022-10-21,2022,-4.2856
2022-10-24,2022,-4.2856
2022-10-25,2022,-4.2856
2022-10-26,2022,-4.2532
2022-10-27,2022,-4.239
2022-10-28,2022,-4.2043
2022-10-31,2022,-4.1801
2022-11-01,2022,-4.228
2022-11-03,2022,-4.1327
2022-11-04,2022,-4.1187
2022-11-07,2022,-4.1226
2022-11-08,2022,-4.1226
2022-11-09,2022,-4.1226
2022-11-10,2022,-3.977
2022-11-11,2022,-3.8647
2022-11-14,2022,-3.8109
2022-11-16,2022,-3.7322
2022-11-17,2022,-3.7978
2022-11-18,2022,-3.53
2022-11-21,2022,-3.5114
2022-11-22,2022,-3.5113
2022-11-23,2022,-3.5007
2022-11-24,2022,-3.49
2022-11-25,2022,-3.7887
2022-11-28,2022,-3.5491
2022-11-29,2022,-3.5591
2022-11-30,2022,-3.5595
2022-12-01,2022,-3.5587
2022-12-02,2022,-3.5785
2022-12-05,2022,-3.5881
2022-12-06,2022,-3.5832
2022-12-07,2022,-3.5785
2022-12-08,2022,-3.5973
2022-12-09,2022,-4.09
2022-12-12,2022,-4.0739
2022-12-13,2022,-4.0577
2022-12-14,2022,-3.9
2022-12-15,2022,-3.8658
2022-12-16,2022,-3.8083
2022-12-19,2022,-3.7652
2022-12-20,2022,-3.7652
2022-12-21,2022,-3.8083
2022-12-22,2022,-3.8946
2022-12-23,2022,-3.8973
2022-12-26,2022,-3.8946
2022-12-27,2022,-3.8946
2022-12-28,2022,-3.9021
2022-12-29,2022,-3.9
2022-12-30,2022,-3.9
2023-01-02,2022,-3.9205
2023-01-03,2022,-3.9103
2023-01-04,2022,-3.8802
2023-01-05,2022,-3.837
2023-01-06,2022,-3.837
2023-01-09,2022,-3.8323
2019-01-11,2023,3.5
2019-01-14,2023,3.5
2019-01-15,2023,3.5
2019-01-16,2023,3.63
2019-01-17,2023,3.63
2019-01-18,2023,3.63
2019-01-21,2023,3.7
2019-01-22,2023,3.7
2019-01-23,2023,3.7
2019-01-24,2023,3.7
2019-01-25,2023,3.7
2019-01-28,2023,3.7
2019-01-29,2023,3.73
2019-01-30,2023,3.73
2019-01-31,2023,3.73
2019-02-01,2023,3.7
2019-02-04,2023,3.7
2019-02-05,2023,3.7
2019-02-06,2023,3.7
2019-02-07,2023,3.7
2019-02-08,2023,3.7
2019-02-11,2023,3.7
2019-02-12,2023,3.6
2019-02-13,2023,3.6
2019-02-14,2023,3.6
2019-02-15,2023,3.6
2019-02-18,2023,3.7
2019-02-19,2023,3.7
2019-02-20,2023,3.7
2019-02-21,2023,3.7
2019-02-22,2023,3.7
2019-02-25,2023,3.7
2019-02-26,2023,3.7
2019-02-27,2023,3.7
2019-02-28,2023,3.7
2019-03-01,2023,3.6
2019-03-06,2023,3.6
2019-03-07,2023,3.6
2019-03-08,2023,3.6
2019-03-11,2023,3.6
2019-03-12,2023,3.6
2019-03-13,2023,3.6
2019-03-14,2023,3.6
2019-03-15,2023,3.7
2019-03-18,2023,3.73
2019-03-19,2023,3.73
2019-03-20,2023,3.73
2019-03-21,2023,3.7
2019-03-22,2023,3.6
2019-03-25,2023,3.7
2019-03-26,2023,3.73
2019-03-27,2023,3.75
2019-03-28,2023,3.75
2019-03-29,2023,3.75
2019-04-01,2023,3.75
2019-04-02,2023,3.75
2019-04-03,2023,3.75
2019-04-04,2023,3.75
2019-04-05,2023,3.75
2019-04-08,2023,3.75
2019-04-09,2023,3.75
2019-04-10,2023,3.75
2019-04-11,2023,3.75
2019-04-12,2023,3.75
2019-04-15,2023,3.75
2019-04-16,2023,3.75
2019-04-17,2023,3.75
2019-04-18,2023,3.75
2019-04-22,2023,3.75
2019-04-23,2023,3.75
2019-04-24,2023,3.75
2019-04-25,2023,3.73
2019-04-26,2023,3.7
2019-04-29,2023,3.6
2019-04-30,2023,3.6
2019-05-02,2023,3.6
2019-05-03,2023,3.6
2019-05-06,2023,3.6
2019-05-07,2023,3.6
2019-05-08,2023,3.6
2019-05-09,2023,3.6
2019-05-10,2023,3.6
2019-05-13,2023,3.6
2019-05-14,2023,3.6
2019-05-15,2023,3.6
2019-05-16,2023,3.6
2019-05-17,2023,3.6
2019-05-20,2023,3.6
2019-05-21,2023,3.6
2019-05-22,2023,3.6
2019-05-23,2023,3.6
2019-05-24,2023,3.6
2019-05-27,2023,3.6
2019-05-28,2023,3.6
2019-05-29,2023,3.6
2019-05-30,2023,3.7
2019-05-31,2023,3.73
2019-06-03,2023,3.7
2019-06-04,2023,3.7
2019-06-05,2023,3.7
2019-06-06,2023,3.6
2019-06-07,2023,3.6
2019-06-10,2023,3.73
2019-06-11,2023,3.73
2019-06-12,2023,3.73
2019-06-13,2023,3.73
2019-06-14,2023,3.7
2019-06-17,2023,3.7
2019-06-18,2023,3.7
2019-06-19,2023,3.7
2019-06-21,2023,3.7
2019-06-24,2023,3.7
2019-06-25,2023,3.7
2019-06-26,2023,3.7
2019-06-27,2023,3.6
2019-06-28,2023,3.6
2019-07-01,2023,3.6
2019-07-02,2023,3.6
2019-07-03,2023,3.6
2019-07-04,2023,3.6
2019-07-05,2023,3.7
2019-07-08,2023,3.75
2019-07-09,2023,3.75
2019-07-10,2023,3.75
2019-07-11,2023,3.75
2019-07-12,2023,3.75
2019-07-15,2023,3.75
2019-07-16,2023,3.75
2019-07-17,2023,3.75
2019-07-18,2023,3.75
2019-07-19,2023,3.73
2019-07-22,2023,3.6
2019-07-23,2023,3.6
2019-07-24,2023,3.6
2019-07-25,2023,3.5
2019-07-26,2023,3.5
2019-07-29,2023,3.5
2019-07-30,2023,3.5
2019-07-31,2023,3.5
2019-08-01,2023,3.5
2019-08-02,2023,3.5
2019-08-05,2023,3.5
2019-08-06,2023,3.5
2019-08-07,2023,3.5
2019-08-08,2023,3.5
2019-08-09,2023,3.5
2019-08-12,2023,3.5
2019-08-13,2023,3.5
2019-08-14,2023,3.5
2019-08-15,2023,3.5
2019-08-16,2023,3.5
2019-08-19,2023,3.5
2019-08-20,2023,3.5
2019-08-21,2023,3.5
2019-08-22,2023,3.5
2019-08-23,2023,3.5
2019-08-26,2023,3.5
2019-08-27,2023,3.5
2019-08-28,2023,3.5
2019-08-29,2023,3.5
2019-08-30,2023,3.5
2019-09-02,2023,3.5
2019-09-03,2023,3.5
2019-09-04,2023,3.5
2019-09-05,2023,3.5
2019-09-06,2023,3.5
2019-09-09,2023,3.5
2019-09-10,2023,3.5
2019-09-11,2023,3.5
2019-09-12,2023,3.5
2019-09-13,2023,3.7
2019-09-16,2023,3.7
2019-09-17,2023,3.7
2019-09-18,2023,3.7
2019-09-19,2023,3.7
2019-09-20,2023,3.7
2019-09-23,2023,3.73
2019-09-24,2023,3.73
2019-09-25,2023,3.73
2019-09-26,2023,3.73
2019-09-27,2023,3.7
2019-09-30,2023,3.7
2019-10-01,2023,3.7
2019-10-02,2023,3.7
2019-10-03,2023,3.7
2019-10-04,2023,3.7
2019-10-07,2023,3.7
2019-10-08,2023,3.7
2019-10-09,2023,3.7
2019-10-10,2023,3.7
2019-10-11,2023,3.6
2019-10-14,2023,3.5
2019-10-15,2023,3.5
2019-10-16,2023,3.5
2019-10-17,2023,3.5
2019-10-18,2023,3.7
2019-10-21,2023,3.7
2019-10-22,2023,3.7
2019-10-23,2023,3.7
2019-10-24,2023,3.7
2019-10-25,2023,3.7
2019-10-28,2023,3.7
2019-10-29,2023,3.7
2019-10-30,2023,3.7
2019-10-31,2023,3.7
2019-11-01,2023,3.7
2019-11-04,2023,3.7
2019-11-05,2023,3.7
2019-11-06,2023,3.7
2019-11-07,2023,3.7
2019-11-08,2023,3.7
2019-11-11,2023,3.7
2019-11-12,2023,3.7
2019-11-13,2023,3.7
2019-11-14,2023,3.7
2019-11-18,2023,3.5
2019-11-19,2023,3.5
2019-11-20,2023,3.5
2019-11-21,2023,3.5
2019-11-22,2023,3.5
2019-11-25,2023,3.5
2019-11-26,2023,3.5
2019-11-27,2023,3.5
2019-11-28,2023,3.5
2019-11-29,2023,3.5
2019-12-02,2023,3.5
2019-12-03,2023,3.5
2019-12-04,2023,3.5
2019-12-05,2023,3.5
2019-12-06,2023,3.5
2019-12-09,2023,3.6
2019-12-10,2023,3.6
2019-12-11,2023,3.6
2019-12-12,2023,3.6
2019-12-13,2023,3.6
2019-12-16,2023,3.7
2019-12-17,2023,3.7
2019-12-18,2023,3.6
2019-12-19,2023,3.6
2019-12-20,2023,3.6
2019-12-23,2023,3.5
2019-12-24,2023,3.5
2019-12-26,2023,3.5
2019-12-27,2023,3.5
2019-12-30,2023,3.5
2019-12-31,2023,3.5
2020-01-02,2023,3.5
2020-01-03,2023,3.5
2020-01-06,2023,3.5
2020-01-07,2023,3.5
2020-01-08,2023,3.5
2020-01-09,2023,3.5
2020-01-10,2023,3.5
2020-01-13,2023,3.5
2020-01-14,2023,3.5
2020-01-15,2023,3.5
2020-01-16,2023,3.5
2020-01-17,2023,3.5
2020-01-20,2023,3.5
2020-01-21,2023,3.5
2020-01-22,2023,3.5
2020-01-23,2023,3.5
2020-01-24,2023,3.5
2020-01-27,2023,3.5
2020-01-28,2023,3.5
2020-01-29,2023,3.5
2020-01-30,2023,3.5
2020-01-31,2023,3.5
2020-02-03,2023,3.5
2020-02-04,2023,3.5
2020-02-05,2023,3.5
2020-02-06,2023,3.5
2020-02-07,2023,3.5
2020-02-10,2023,3.5
2020-02-11,2023,3.5
2020-02-12,2023,3.5
2020-02-13,2023,3.5
2020-02-14,2023,3.5
2020-02-17,2023,3.5
2020-02-18,2023,3.5
2020-02-19,2023,3.5
2020-02-20,2023,3.5
2020-02-21,2023,3.5
2020-02-26,2023,3.5
2020-02-27,2023,3.5
2020-02-28,2023,3.5
2020-03-02,2023,3.5
2020-03-03,2023,3.5
2020-03-04,2023,3.5
2020-03-05,2023,3.5
2020-03-06,2023,3.5
2020-03-09,2023,3.5
2020-03-10,2023,3.5
2020-03-11,2023,3.5
2020-03-12,2023,3.5
2020-03-13,2023,3.5
2020-03-16,2023,3.5
2020-03-17,2023,3.5
2020-03-18,2023,3.5
2020-03-19,2023,3.5
2020-03-20,2023,3.5
2020-03-23,2023,3.5
2020-03-24,2023,3.5
2020-03-25,2023,3.5
2020-03-26,2023,3.5
2020-03-27,2023,3.5
2020-03-30,2023,3.5
2020-03-31,2023,3.5
2020-04-01,2023,3.5
2020-04-02,2023,3.5
2020-04-03,2023,3.5
2020-04-06,2023,3.5
2020-04-07,2023,3.5
2020-04-08,2023,3.5
2020-04-09,2023,3.5
2020-04-13,2023,3.5
2020-04-14,2023,3.5
2020-04-15,2023,3.5
2020-04-16,2023,3.5
2020-04-17,2023,3.5
2020-04-20,2023,3.5
2020-04-22,2023,3.5
2020-04-23,2023,3.5
2020-04-24,2023,3.5
2020-04-27,2023,3.5
2020-04-28,2023,3.5
2020-04-29,2023,3.5
2020-04-30,2023,3.5
2020-05-04,2023,3.5
2020-05-05,2023,3.5
2020-05-06,2023,3.5
2020-05-07,2023,3.5
2020-05-08,2023,3.5
2020-05-11,2023,3.5
2020-05-12,2023,3.5
2020-05-13,2023,3.5
2020-05-14,2023,3.5
2020-05-15,2023,3.5
2020-05-18,2023,3.5
2020-05-19,2023,3.5
2020-05-20,2023,3.5
2020-05-21,2023,3.5
2020-05-22,2023,3.5
2020-05-25,2023,3.5
2020-05-26,2023,3.5
2020-05-27,2023,3.5
2020-05-28,2023,3.5
2020-05-29,2023,3.5
2020-06-01,2023,3.5
2020-06-02,2023,3.5
2020-06-03,2023,3.5
2020-06-04,2023,3.5
2020-06-05,2023,3.5
2020-06-08,2023,3.5
2020-06-09,2023,3.5
2020-06-10,2023,3.5
2020-06-12,2023,3.5
2020-06-15,2023,3.5
2020-06-16,2023,3.5
2020-06-17,2023,3.5
2020-06-18,2023,3.5
2020-06-19,2023,3.5
2020-06-22,2023,3.5
2020-06-23,2023,3.5
2020-06-24,2023,3.5
2020-06-25,2023,3.5
2020-06-26,2023,3.5
2020-06-29,2023,3.5
2020-06-30,2023,3.5
2020-07-01,2023,3.5
2020-07-02,2023,3.5
2020-07-03,2023,3.5
2020-07-06,2023,3.5
2020-07-07,2023,3.5
2020-07-08,2023,3.5
2020-07-09,2023,3.5
2020-07-10,2023,3.5
2020-07-13,2023,3.5
2020-07-14,2023,3.5
2020-07-15,2023,3.5
2020-07-16,2023,3.5
2020-07-17,2023,3.5
2020-07-20,2023,3.5
2020-07-21,2023,3.5
2020-07-22,2023,3.5
2020-07-23,2023,3.5
2020-07-24,2023,3.5
2020-07-27,2023,3.5
2020-07-28,2023,3.5
2020-07-29,2023,3.5
2020-07-30,2023,3.5
2020-07-31,2023,3.5
2020-08-03,2023,3.5
2020-08-04,2023,3.5
2020-08-05,2023,3.5
2020-08-06,2023,3.5
2020-08-07,2023,3.5
2020-08-10,2023,3.5
2020-08-11,2023,3.5
2020-08-12,2023,3.5
2020-08-13,2023,3.5
2020-08-14,2023,3.5
2020-08-17,2023,3.5
2020-08-18,2023,3.5
2020-08-19,2023,3.5
2020-08-20,2023,3.5
2020-08-21,2023,3.5
2020-08-24,2023,3.5
2020-08-25,2023,3.5
2020-08-26,2023,3.5
2020-08-27,2023,3.5
2020-08-28,2023,3.5
2020-08-31,2023,3.5
2020-09-01,2023,3.5
2020-09-02,2023,3.5
2020-09-03,2023,3.5
2020-09-04,2023,3.5
2020-09-08,2023,3.5
2020-09-09,2023,3.5
2020-09-10,2023,3.5
2020-09-11,2023,3.5
2020-09-14,2023,3.5
2020-09-15,2023,3.5
2020-09-16,2023,3.5
2020-09-17,2023,3.5
2020-09-18,2023,3.5
2020-09-21,2023,3.5
2020-09-22,2023,3.5
2020-09-23,2023,3.5
2020-09-24,2023,3.5
2020-09-25,2023,3.5
2020-09-28,2023,3.5
2020-09-29,2023,3.5
2020-09-30,2023,3.5
2020-10-01,2023,3.5
2020-10-02,2023,3.5
2020-10-05,2023,3.5
2020-10-06,2023,3.5
2020-10-07,2023,3.5
2020-10-08,2023,3.5
2020-10-09,2023,3.5
2020-10-13,2023,3.5
2020-10-14,2023,3.5
2020-10-15,2023,3.5
2020-10-16,2023,3.5
2020-10-19,2023,3.5
2020-10-20,2023,3.5
2020-10-21,2023,3.5
2020-10-22,2023,3.5
2020-10-23,2023,3.5
2020-10-26,2023,3.5
2020-10-27,2023,3.5
2020-10-28,2023,3.5
2020-10-29,2023,3.5
2020-10-30,2023,3.5
2020-11-03,2023,3.5
2020-11-04,2023,3.5
2020-11-05,2023,3.5
2020-11-06,2023,3.5
2020-11-09,2023,3.5
2020-11-10,2023,3.5
2020-11-11,2023,3.5
2020-11-12,2023,3.5
2020-11-13,2023,3.5
2020-11-16,2023,3.5
2020-11-17,2023,3.5
2020-11-18,2023,3.5
2020-11-19,2023,3.5
2020-11-20,2023,3.5
2020-11-23,2023,3.5
2020-11-24,2023,3.5
2020-11-25,2023,3.5
2020-11-26,2023,3.5
2020-11-27,2023,3.5
2020-11-30,2023,3.5
2020-12-01,2023,3.5
2020-12-02,2023,3.5
2020-12-03,2023,3.5
2020-12-04,2023,3.5
2020-12-07,2023,3.5
2020-12-08,2023,3.5
2020-12-09,2023,3.5
2020-12-10,2023,3.5
2020-12-11,2023,3.5
2020-12-14,2023,3.5
2020-12-15,2023,3.5
2020-12-16,2023,3.5
2020-12-17,2023,3.5
2020-12-18,2023,3.5
2020-12-21,2023,3.5
2020-12-22,2023,3.5
2020-12-23,2023,3.5
2020-12-24,2023,3.5
2020-12-28,2023,3.5
2020-12-29,2023,3.5
2020-12-30,2023,3.5
2020-12-31,2023,3.5
2021-01-04,2023,3.5
2021-01-05,2023,3.5
2021-01-06,2023,3.5
2021-01-07,2023,3.5
2021-01-08,2023,3.5
2021-01-11,2023,3.5
2021-01-12,2023,3.5
2021-01-13,2023,3.5
2021-01-14,2023,3.5
2021-01-15,2023,3.5
2021-01-18,2023,3.5
2021-01-19,2023,3.5
2021-01-20,2023,3.5
2021-01-21,2023,3.5
2021-01-22,2023,3.5
2021-01-25,2023,3.5
2021-01-26,2023,3.5
2021-01-27,2023,3.5
2021-01-28,2023,3.5
2021-01-29,2023,3.5
2021-02-01,2023,3.5
2021-02-02,2023,3.5
2021-02-03,2023,3.5
2021-02-04,2023,3.5
2021-02-05,2023,3.5
2021-02-08,2023,3.5
2021-02-09,2023,3.5
2021-02-10,2023,3.5
2021-02-11,2023,3.5
2021-02-12,2023,3.5
2021-02-17,2023,3.52
2021-02-18,2023,3.5
2021-02-19,2023,3.5
2021-02-22,2023,3.5
2021-02-23,2023,3.5
2021-02-24,2023,3.5
2021-02-25,2023,3.5
2021-02-26,2023,3.5
2021-03-01,2023,3.5
2021-03-02,2023,3.5
2021-03-03,2023,3.5
2021-03-04,2023,3.5
2021-03-05,2023,3.5
2021-03-08,2023,3.5
2021-03-09,2023,3.5
2021-03-10,2023,3.5
2021-03-11,2023,3.5
2021-03-12,2023,3.5
2021-03-15,2023,3.5
2021-03-16,2023,3.5
2021-03-17,2023,3.5
2021-03-18,2023,3.5
2021-03-19,2023,3.5
2021-03-22,2023,3.5
2021-03-23,2023,3.5
2021-03-24,2023,3.5
2021-03-25,2023,3.5
2021-03-26,2023,3.5
2021-03-29,2023,3.6
2021-03-30,2023,3.7
2021-03-31,2023,3.775
2021-04-01,2023,3.8
2021-04-05,2023,3.9
2021-04-06,2023,3.9
2021-04-07,2023,4.0
2021-04-08,2023,3.9
2021-04-09,2023,3.8
2021-04-12,2023,3.775
2021-04-13,2023,3.5
2021-04-14,2023,3.55
2021-04-15,2023,3.7
2021-04-16,2023,3.7
2021-04-19,2023,3.6
2021-04-20,2023,3.65
2021-04-22,2023,3.69
2021-04-23,2023,3.55
2021-04-26,2023,3.5
2021-04-27,2023,3.5
2021-04-28,2023,3.5
2021-04-29,2023,3.55
2021-04-30,2023,3.55
2021-05-03,2023,3.55
2021-05-04,2023,3.55
2021-05-05,2023,3.55
2021-05-06,2023,3.5
2021-05-07,2023,3.5
2021-05-10,2023,3.5
2021-05-11,2023,3.5
2021-05-12,2023,3.6
2021-05-13,2023,3.8
2021-05-14,2023,3.5
2021-05-17,2023,3.7
2021-05-18,2023,3.7
2021-05-19,2023,3.64
2021-05-20,2023,3.5
2021-05-21,2023,3.8
2021-05-24,2023,3.6
2021-05-25,2023,4.0
2021-05-26,2023,3.97
2021-05-27,2023,3.94
2021-05-28,2023,3.9
2021-05-31,2023,3.92
2021-06-01,2023,3.8
2021-06-02,2023,3.75
2021-06-04,2023,3.75
2021-06-07,2023,3.6
2021-06-08,2023,3.6
2021-06-09,2023,3.8
2021-06-10,2023,3.6
2021-06-11,2023,3.7
2021-06-14,2023,3.725
2021-06-15,2023,3.725
2021-06-16,2023,3.725
2021-06-17,2023,3.765
2021-06-18,2023,4.0
2021-06-21,2023,3.8
2021-06-22,2023,3.8
2021-06-23,2023,4.0
2021-06-24,2023,3.8
2021-06-25,2023,3.91
2021-06-28,2023,3.91
2021-06-29,2023,3.91
2021-06-30,2023,3.91
2021-07-01,2023,3.99
2021-07-02,2023,3.85
2021-07-05,2023,3.8
2021-07-06,2023,3.75
2021-07-07,2023,3.7
2021-07-08,2023,3.7
2021-07-09,2023,3.7
2021-07-12,2023,3.7
2021-07-13,2023,3.64
2021-07-14,2023,3.7
2021-07-15,2023,4.0
2021-07-16,2023,3.85
2021-07-19,2023,4.0
2021-07-20,2023,4.0
2021-07-21,2023,3.7
2021-07-22,2023,3.65
2021-07-23,2023,3.815
2021-07-26,2023,3.83
2021-07-27,2023,3.915
2021-07-28,2023,3.915
2021-07-29,2023,4.0
2021-07-30,2023,4.0
2021-08-02,2023,4.0
2021-08-03,2023,4.0
2021-08-04,2023,4.0
2021-08-05,2023,4.0
2021-08-06,2023,3.8001
2021-08-09,2023,3.8001
2021-08-10,2023,3.8001
2021-08-11,2023,3.9001
2021-08-12,2023,3.8
2021-08-13,2023,4.0
2021-08-16,2023,4.0
2021-08-17,2023,4.0
2021-08-18,2023,4.0
2021-08-19,2023,4.0
2021-08-20,2023,3.99
2021-08-23,2023,3.99
2021-08-24,2023,4.0
2021-08-25,2023,3.98
2021-08-26,2023,3.84
2021-08-27,2023,4.2
2021-08-30,2023,4.1
2021-08-31,2023,4.0
2021-09-01,2023,3.99
2021-09-02,2023,4.0
2021-09-03,2023,3.78
2021-09-06,2023,4.0
2021-09-08,2023,4.0
2021-09-09,2023,4.0
2021-09-10,2023,4.0
2021-09-13,2023,4.0
2021-09-14,2023,4.0
2021-09-15,2023,4.0
2021-09-16,2023,3.965
2021-09-17,2023,4.0
2021-09-20,2023,4.0
2021-09-21,2023,4.0
2021-09-22,2023,4.0
2021-09-23,2023,4.0
2021-09-24,2023,4.0
2021-09-27,2023,4.0
2021-09-28,2023,4.0
2021-09-29,2023,4.0
2021-09-30,2023,4.0
2021-10-01,2023,4.0
2021-10-04,2023,4.0
2021-10-05,2023,4.0
2021-10-06,2023,3.932
2021-10-07,2023,3.882
2021-10-08,2023,3.6
2021-10-11,2023,3.65
2021-10-13,2023,3.65
2021-10-14,2023,3.625
2021-10-15,2023,3.5
2021-10-18,2023,3.25
2021-10-19,2023,3.25
2021-10-20,2023,3.375
2021-10-21,2023,3.575
2021-10-22,2023,3.95
2021-10-25,2023,4.0
2021-10-26,2023,4.0
2021-10-27,2023,4.0
2021-10-28,2023,4.0
2021-10-29,2023,3.8
2021-11-01,2023,3.675
2021-11-03,2023,3.65
2021-11-04,2023,3.5
2021-11-05,2023,3.9
2021-11-08,2023,3.9
2021-11-09,2023,3.9
2021-11-10,2023,3.9
2021-11-11,2023,3.9
2021-11-12,2023,3.8
2021-11-16,2023,3.9281
2021-11-17,2023,3.8
2021-11-18,2023,3.9
2021-11-19,2023,3.9562
2021-11-22,2023,3.8531
2021-11-23,2023,3.9562
2021-11-24,2023,3.9562
2021-11-25,2023,4.0
2021-11-26,2023,3.66
2021-11-29,2023,3.66
2021-11-30,2023,3.66
2021-12-01,2023,3.575
2021-12-02,2023,3.67
2021-12-03,2023,4.0
2021-12-06,2023,4.0
2021-12-07,2023,3.9731
2021-12-08,2023,4.0
2021-12-09,2023,4.0
2021-12-10,2023,3.5
2021-12-13,2023,3.5
2021-12-14,2023,3.5
2021-12-15,2023,3.5
2021-12-16,2023,3.5
2021-12-17,2023,4.0
2021-12-20,2023,4.0
2021-12-21,2023,3.95
2021-12-22,2023,3.95
2021-12-23,2023,3.9601
2021-12-24,2023,3.92
2021-12-27,2023,3.8294
2021-12-28,2023,3.9
2021-12-29,2023,3.92
2021-12-30,2023,3.8
2021-12-31,2023,3.5147
2022-01-03,2023,3.77
2022-01-04,2023,3.6
2022-01-05,2023,3.9702
2022-01-06,2023,3.7851
2022-01-07,2023,3.9699
2022-01-10,2023,3.9596
2022-01-11,2023,3.9495
2022-01-12,2023,3.8
2022-01-13,2023,3.66
2022-01-14,2023,3.526
2022-01-17,2023,3.582
2022-01-18,2023,3.66
2022-01-19,2023,3.66
2022-01-20,2023,3.7632
2022-01-21,2023,4.0
2022-01-24,2023,4.0
2022-01-25,2023,4.0
2022-01-26,2023,4.0
2022-01-27,2023,4.0
2022-01-28,2023,4.0
2022-01-31,2023,4.0
2022-02-01,2023,4.0
2022-02-02,2023,4.0
2022-02-03,2023,4.0
2022-02-04,2023,4.0
2022-02-07,2023,4.2424
2022-02-08,2023,4.1131
2022-02-09,2023,4.1131
2022-02-10,2023,4.06
2022-02-11,2023,4.0
2022-02-14,2023,4.0462
2022-02-15,2023,4.0
2022-02-16,2023,3.9495
2022-02-17,2023,4.0
2022-02-18,2023,4.3745
2022-02-21,2023,4.3745
2022-02-22,2023,4.3273
2022-02-23,2023,4.4557
2022-02-24,2023,4.5
2022-02-25,2023,4.245
2022-03-02,2023,4.5
2022-03-03,2023,4.6403
2022-03-04,2023,4.5
2022-03-07,2023,4.4995
2022-03-08,2023,4.4442
2022-03-09,2023,4.3222
2022-03-10,2023,4.4106
2022-03-11,2023,4.4833
2022-03-14,2023,4.5
2022-03-15,2023,4.5098
2022-03-16,2023,4.5195
2022-03-17,2023,4.5098
2022-03-18,2023,4.5476
2022-03-21,2023,4.5336
2022-03-22,2023,4.5336
2022-03-23,2023,4.5336
2022-03-24,2023,4.5336
2022-03-25,2023,4.7575
2022-03-28,2023,4.7594
2022-03-29,2023,4.7555
2022-03-30,2023,4.7555
2022-03-31,2023,4.7555
2022-04-01,2023,4.4786
2022-04-04,2023,4.4215
2022-04-05,2023,4.4867
2022-04-06,2023,4.4947
2022-04-07,2023,4.5489
2022-04-08,2023,4.7207
2022-04-11,2023,4.8012
2022-04-12,2023,4.8747
2022-04-13,2023,4.9055
2022-04-14,2023,4.9682
2022-04-18,2023,5.0361
2022-04-19,2023,4.9013
2022-04-20,2023,4.4232
2022-04-22,2023,4.5192
2022-04-25,2023,4.5195
2022-04-26,2023,4.608
2022-04-27,2023,4.7
2022-04-28,2023,4.7284
2022-04-29,2023,4.5188
2022-05-02,2023,4.4894
2022-05-03,2023,4.4785
2022-05-04,2023,4.4676
2022-05-05,2023,4.4676
2022-05-06,2023,4.4673
2022-05-09,2023,4.5689
2022-05-10,2023,4.5195
2022-05-11,2023,4.5192
2022-05-12,2023,4.5188
2022-05-13,2023,4.6354
2022-05-16,2023,4.8149
2022-05-17,2023,4.9841
2022-05-18,2023,5.0829
2022-05-19,2023,5.0829
2022-05-20,2023,4.907
2022-05-23,2023,4.891
2022-05-24,2023,4.907
2022-05-25,2023,4.891
2022-05-26,2023,4.907
2022-05-27,2023,5.2928
2022-05-30,2023,5.2928
2022-05-31,2023,5.1789
2022-06-01,2023,5.0743
2022-06-02,2023,4.998
2022-06-03,2023,5.0
2022-06-06,2023,5.1338
2022-06-07,2023,5.1933
2022-06-08,2023,5.2651
2022-06-09,2023,5.2426
2022-06-10,2023,5.5355
2022-06-13,2023,5.5355
2022-06-14,2023,5.5355
2022-06-15,2023,5.5298
2022-06-17,2023,5.9811
2022-06-20,2023,6.1743
2022-06-21,2023,6.1866
2022-06-22,2023,6.1866
2022-06-23,2023,6.3316
2022-06-24,2023,6.0203
2022-06-27,2023,6.0286
2022-06-28,2023,6.0166
2022-06-29,2023,6.0166
2022-06-30,2023,6.0166
2022-07-01,2023,5.63
2022-07-04,2023,5.63
2022-07-05,2023,5.753
2022-07-06,2023,6.2387
2022-07-07,2023,6.3313
2022-07-08,2023,6.7945
2022-07-11,2023,6.789
2022-07-12,2023,6.789
2022-07-13,2023,6.65
2022-07-14,2023,6.8267
2022-07-15,2023,6.8097
2022-07-18,2023,6.3994
2022-07-19,2023,6.8411
2022-07-20,2023,6.8411
2022-07-21,2023,6.6759
2022-07-22,2023,7.07
2022-07-25,2023,7.1194
2022-07-26,2023,7.1194
2022-07-27,2023,7.0947
2022-07-28,2023,7.1194
2022-07-29,2023,7.0788
2022-08-01,2023,7.0788
2022-08-02,2023,7.1149
2022-08-03,2023,7.0969
2022-08-04,2023,7.0737
2022-08-05,2023,7.015
2022-08-08,2023,6.8972
2022-08-09,2023,7.0
2022-08-10,2023,6.8972
2022-08-11,2023,6.8972
2022-08-12,2023,7.0459
2022-08-15,2023,7.0459
2022-08-16,2023,7.0
2022-08-17,2023,7.0
2022-08-18,2023,6.955
2022-08-19,2023,6.727
2022-08-22,2023,6.7
2022-08-23,2023,6.7
2022-08-24,2023,6.727
2022-08-25,2023,6.7
2022-08-26,2023,6.5459
2022-08-29,2023,6.3366
2022-08-30,2023,6.4623
2022-08-31,2023,6.3142
2022-09-01,2023,6.727
2022-09-02,2023,6.2767
2022-09-05,2023,6.255
2022-09-06,2023,6.191
2022-09-08,2023,6.0344
2022-09-09,2023,6.1127
2022-09-12,2023,6.2043
2022-09-13,2023,6.0472
2022-09-14,2023,6.06
2022-09-15,2023,6.1405
2022-09-16,2023,5.6475
2022-09-19,2023,5.6987
2022-09-20,2023,5.75
2022-09-21,2023,5.6987
2022-09-22,2023,5.6987
2022-09-23,2023,5.4911
2022-09-26,2023,5.4911
2022-09-27,2023,5.4911
2022-09-28,2023,5.4911
2022-09-29,2023,5.4794
2022-09-30,2023,5.6305
2022-10-03,2023,5.6179
2022-10-04,2023,5.6027
2022-10-05,2023,5.6027
2022-10-06,2023,5.5411
2022-10-07,2023,5.75
2022-10-10,2023,5.5943
2022-10-11,2023,5.75
2022-10-13,2023,5.4386
2022-10-14,2023,5.7395
2022-10-17,2023,5.6381
2022-10-18,2023,5.6381
2022-10-19,2023,5.7395
2022-10-20,2023,5.7397
2022-10-21,2023,5.521
2022-10-24,2023,5.5499
2022-10-25,2023,5.5822
2022-10-26,2023,5.5617
2022-10-27,2023,5.5105
2022-10-28,2023,5.7397
2022-10-31,2023,5.6199
2022-11-01,2023,5.5
2022-11-03,2023,5.6199
2022-11-04,2023,5.6712
2022-11-07,2023,5.5392
2022-11-08,2023,5.5392
2022-11-09,2023,5.6027
2022-11-10,2023,5.4415
2022-11-11,2023,5.4826
2022-11-14,2023,5.5
2022-11-16,2023,5.7341
2022-11-17,2023,5.5
2022-11-18,2023,6.2139
2022-11-21,2023,6.2542
2022-11-22,2023,6.2594
2022-11-23,2023,6.2542
2022-11-24,2023,6.249
2022-11-25,2023,5.1994
2022-11-28,2023,5.3986
2022-11-29,2023,5.5138
2022-11-30,2023,5.8471
2022-12-01,2023,5.7355
2022-12-02,2023,6.249
2022-12-05,2023,6.2659
2022-12-06,2023,6.2828
2022-12-07,2023,6.2659
2022-12-08,2023,6.2278
2022-12-09,2023,5.4355
2022-12-12,2023,5.4678
2022-12-13,2023,5.4
2022-12-14,2023,5.5
2022-12-15,2023,5.4
2022-12-16,2023,5.6501
2022-12-19,2023,6.0307
2022-12-20,2023,6.2553
2022-12-21,2023,6.2278
2022-12-22,2023,6.2604
2022-12-23,2023,6.7245
2022-12-26,2023,6.5886
2022-12-27,2023,6.7143
2022-12-28,2023,6.7245
2022-12-29,2023,6.8438
2022-12-30,2023,7.4259
2023-01-02,2023,7.6325
2023-01-03,2023,7.6838
2023-01-04,2023,7.6838
2023-01-05,2023,7.5522
2023-01-06,2023,7.489
2023-01-09,2023,7.2445
2023-01-10,2023,8.0781
2023-01-11,2023,7.2669
2023-01-12,2023,7.2052
2023-01-13,2023,7.0409
2023-01-16,2023,7.1138
2023-01-17,2023,6.8996
2023-01-18,2023,7.1673
2023-01-19,2023,6.9528
2023-01-20,2023,7.2465
2023-01-23,2023,7.2392
2023-01-24,2023,7.2465
2023-01-25,2023,7.2903
2023-01-26,2023,7.5222
2023-01-27,2023,8.7783
2023-01-30,2023,8.7868
2023-01-31,2023,8.7868
2023-02-01,2023,8.6784
2023-02-02,2023,8.7697
2023-02-03,2023,8.0
2023-02-06,2023,8.4955
2023-02-07,2023,8.0
2023-02-08,2023,7.878
2023-02-09,2023,9.0004
2023-02-10,2023,8.9708
2023-02-13,2023,8.7779
2023-02-14,2023,8.8868
2023-02-15,2023,8.9708
2023-02-16,2023,8.7658
2023-02-17,2023,9.1933
2023-02-22,2023,9.2039
2023-02-23,2023,9.2039
2023-02-24,2023,9.2039
2023-02-27,2023,9.3724
2023-02-28,2023,8.9104
2023-03-01,2023,8.9104
2023-03-02,2023,8.9104
2023-03-03,2023,9.2039
2023-03-06,2023,9.1326
2023-03-07,2023,9.1274
2023-03-08,2023,8.9684
2023-03-09,2023,9.1222
2023-03-10,2023,8.9037
2023-03-13,2023,8.8762
2023-03-14,2023,9.004
2023-03-15,2023,9.1
2023-03-16,2023,9.004
2023-03-17,2023,9.4317
2023-03-20,2023,9.4407
2023-03-21,2023,9.4667
2023-03-22,2023,9.4792
2023-03-23,2023,9.4865
2023-03-24,2023,9.6402
2023-03-27,2023,9.6912
2023-03-28,2023,9.6402
2023-03-29,2023,9.5891
2023-03-30,2023,9.6402
2023-03-31,2023,9.9511
2023-04-03,2023,10.1639
2023-04-04,2023,10.1639
2023-04-05,2023,10.2564
2023-04-06,2023,10.19
2023-04-10,2023,10.19
2023-04-11,2023,10.3478
2023-04-12,2023,10.3375
2023-04-13,2023,10.5242
2023-04-14,2023,10.7839
2023-04-17,2023,10.6777
2023-04-18,2023,10.4937
2023-04-19,2023,10.6651
2023-04-20,2023,10.8079
2023-04-24,2023,10.8249
2023-04-25,2023,10.8334
2023-04-26,2023,10.8338
2023-04-27,2023,10.8249
2023-04-28,2023,10.8209
2023-05-02,2023,10.7998
2023-05-03,2023,10.7998
2023-05-04,2023,10.7895
2023-05-05,2023,10.7998
2023-05-08,2023,10.65
2023-05-09,2023,10.675
2023-05-10,2023,10.675
2023-05-11,2023,10.675
2023-05-12,2023,10.3626
2023-05-15,2023,10.3
2023-05-16,2023,10.2183
2023-05-17,2023,10.1747
2023-05-18,2023,9.9507
2023-05-19,2023,9.44
2023-05-22,2023,9.44
2023-05-23,2023,9.44
2023-05-24,2023,9.4489
2023-05-25,2023,9.4554
2023-05-26,2023,9.158
2023-05-29,2023,9.16
2023-05-30,2023,9.16
2023-05-31,2023,9.16
2023-06-01,2023,9.18
2023-06-02,2023,9.2011
2023-06-05,2023,9.2361
2023-06-06,2023,9.3232
2023-06-07,2023,9.1691
2023-06-09,2023,9.1535
2023-06-12,2023,9.1328
2023-06-13,2023,9.0759
2023-06-14,2023,9.113
2023-06-15,2023,9.2148
2023-06-16,2023,9.0798
2023-06-19,2023,9.05
2023-06-20,2023,9.0648
2023-06-21,2023,9.0487
2023-06-22,2023,9.0201
2023-06-23,2023,9.0211
2023-06-26,2023,9.0264
2023-06-27,2023,9.0264
2023-06-28,2023,9.0159
2023-06-29,2023,8.9574
2023-06-30,2023,8.8261
2023-07-03,2023,8.9187
2023-07-04,2023,8.8662
2023-07-05,2023,8.89
2023-07-06,2023,8.8093
2023-07-07,2023,8.8729
2023-07-10,2023,8.7148
2023-07-11,2023,8.7295
2023-07-12,2023,8.9604
2023-07-13,2023,8.974
2023-07-14,2023,8.9915
2023-07-17,2023,9.0129
2023-07-18,2023,9.0129
2023-07-19,2023,9.0243
2023-07-20,2023,9.0357
2023-07-21,2023,8.842
2023-07-24,2023,8.8512
2023-07-25,2023,8.8359
2023-07-26,2023,8.8512
2023-07-27,2023,8.8301
2023-07-28,2023,9.0022
2023-07-31,2023,8.97
2023-08-01,2023,8.97
2023-08-02,2023,8.9876
2023-08-03,2023,9.0366
2023-08-04,2023,8.97
2023-08-07,2023,8.97
2023-08-08,2023,9.0561
2023-08-09,2023,9.0022
2023-08-10,2023,9.11
2023-08-11,2023,9.1172
2023-08-14,2023,9.1343
2023-08-15,2023,9.1472
2023-08-16,2023,9.18
2023-08-17,2023,9.18
2023-08-18,2023,10.1066
2023-08-21,2023,10.1066
2023-08-22,2023,10.1166
2023-08-23,2023,10.1282
2023-08-24,2023,10.1166
2023-08-25,2023,10.1
2023-08-28,2023,10.1
2023-08-29,2023,10.09
2023-08-30,2023,10.0799
2023-08-31,2023,10.0799
2023-09-01,2023,10.0583
2023-09-04,2023,10.2596
2023-09-05,2023,10.2872
2023-09-06,2023,10.1881
2023-09-08,2023,10.1869
2023-09-11,2023,10.1888
2023-09-12,2023,10.2432
2023-09-13,2023,10.1714
2023-09-14,2023,10.1993
2023-09-15,2023,10.2314
2023-09-18,2023,10.2594
2023-09-19,2023,10.2314
2023-09-20,2023,10.2971
2023-09-21,2023,10.3205
2023-09-22,2023,10.239
2023-09-25,2023,10.239
2023-09-26,2023,10.2635
2023-09-27,2023,10.2668
2023-09-28,2023,10.2668
2023-09-29,2023,10.2156
2023-10-02,2023,10.2992
2023-10-03,2023,10.2992
2023-10-04,2023,10.2992
2023-10-05,2023,10.2992
2023-10-06,2023,10.1679
2023-10-09,2023,10.1505
2023-10-10,2023,10.1505
2023-10-11,2023,10.1558
2023-10-13,2023,10.1
2023-10-16,2023,10.0352
2023-10-17,2023,9.9915
2023-10-18,2023,9.9915
2023-10-19,2023,10.0243
2023-10-20,2023,9.6027
2023-10-23,2023,9.6082
2023-10-24,2023,9.6082
2023-10-25,2023,9.6027
2023-10-26,2023,9.5865
2023-10-27,2023,9.57
2023-10-30,2023,9.5645
2023-10-31,2023,9.5617
2023-11-01,2023,9.5617
2023-11-03,2023,9.5643
2023-11-06,2023,9.581
2023-11-07,2023,9.57
2023-11-08,2023,9.57
2023-11-09,2023,9.562
2023-11-10,2023,9.2695
2023-11-13,2023,9.2476
2023-11-14,2023,9.2476
2023-11-16,2023,9.2076
2023-11-17,2023,9.079
2023-11-20,2023,9.041
2023-11-21,2023,9.0026
2023-11-22,2023,9.0134
2023-11-23,2023,8.9809
2023-11-24,2023,9.1062
2023-11-27,2023,9.0628
2023-11-28,2023,9.0947
2023-11-29,2023,9.1278
2023-11-30,2023,9.1278
2023-12-01,2023,9.0947
2023-12-04,2023,9.0952
2023-12-05,2023,9.0952
2023-12-06,2023,9.0837
2023-12-07,2023,9.0894
2023-12-08,2023,9.0831
2023-12-11,2023,9.0824
2023-12-12,2023,9.2151
2023-12-13,2023,9.2151
2023-12-14,2023,9.2151
2023-12-15,2023,9.2042
2023-12-18,2023,9.1649
2023-12-19,2023,9.2042
2023-12-20,2023,9.2042
2023-12-21,2023,9.2097
2023-12-22,2023,9.1498
2023-12-26,2023,9.1553
2023-12-27,2023,9.1498
2023-12-28,2023,9.1444
2023-12-29,2023,9.1498
2024-01-02,2023,9.1988
2024-01-03,2023,9.1716
2024-01-04,2023,9.2146
2024-01-05,2023,9.2067
2024-01-08,2023,9.188
2024-01-09,2023,9.1825
2024-01-10,2023,9.1825
2020-01-13,2024,3.5
2020-01-14,2024,3.5
2020-01-15,2024,3.5
2020-01-16,2024,3.5
2020-01-17,2024,3.5
2020-01-20,2024,3.5
2020-01-21,2024,3.5
2020-01-22,2024,3.5
2020-01-23,2024,3.5
2020-01-24,2024,3.5
2020-01-27,2024,3.5
2020-01-28,2024,3.5
2020-01-29,2024,3.5
2020-01-30,2024,3.5
2020-01-31,2024,3.5
2020-02-03,2024,3.5
2020-02-04,2024,3.5
2020-02-05,2024,3.5
2020-02-06,2024,3.5
2020-02-07,2024,3.5
2020-02-10,2024,3.5
2020-02-11,2024,3.5
2020-02-12,2024,3.5
2020-02-13,2024,3.5
2020-02-14,2024,3.5
2020-02-17,2024,3.5
2020-02-18,2024,3.5
2020-02-19,2024,3.5
2020-02-20,2024,3.5
2020-02-21,2024,3.5
2020-02-26,2024,3.5
2020-02-27,2024,3.5
2020-02-28,2024,3.5
2020-03-02,2024,3.5
2020-03-03,2024,3.5
2020-03-04,2024,3.5
2020-03-05,2024,3.5
2020-03-06,2024,3.5
2020-03-09,2024,3.5
2020-03-10,2024,3.5
2020-03-11,2024,3.5
2020-03-12,2024,3.5
2020-03-13,2024,3.5
2020-03-16,2024,3.5
2020-03-17,2024,3.5
2020-03-18,2024,3.5
2020-03-19,2024,3.5
2020-03-20,2024,3.5
2020-03-23,2024,3.5
2020-03-24,2024,3.5
2020-03-25,2024,3.5
2020-03-26,2024,3.5
2020-03-27,2024,3.5
2020-03-30,2024,3.5
2020-03-31,2024,3.5
2020-04-01,2024,3.5
2020-04-02,2024,3.5
2020-04-03,2024,3.5
2020-04-06,2024,3.5
2020-04-07,2024,3.5
2020-04-08,2024,3.5
2020-04-09,2024,3.5
2020-04-13,2024,3.4
2020-04-14,2024,3.4
2020-04-15,2024,3.4
2020-04-16,2024,3.4
2020-04-17,2024,3.45
2020-04-20,2024,3.45
2020-04-22,2024,3.45
2020-04-23,2024,3.45
2020-04-24,2024,3.45
2020-04-27,2024,3.5
2020-04-28,2024,3.5
2020-04-29,2024,3.5
2020-04-30,2024,3.45
2020-05-04,2024,3.45
2020-05-05,2024,3.45
2020-05-06,2024,3.45
2020-05-07,2024,3.45
2020-05-08,2024,3.45
2020-05-11,2024,3.45
2020-05-12,2024,3.45
2020-05-13,2024,3.45
2020-05-14,2024,3.5
2020-05-15,2024,3.5
2020-05-18,2024,3.5
2020-05-19,2024,3.5
2020-05-20,2024,3.5
2020-05-21,2024,3.5
2020-05-22,2024,3.5
2020-05-25,2024,3.5
2020-05-26,2024,3.5
2020-05-27,2024,3.5
2020-05-28,2024,3.5
2020-05-29,2024,3.45
2020-06-01,2024,3.5
2020-06-02,2024,3.5
2020-06-03,2024,3.45
2020-06-04,2024,3.45
2020-06-05,2024,3.38
2020-06-08,2024,3.38
2020-06-09,2024,3.38
2020-06-10,2024,3.25
2020-06-12,2024,3.25
2020-06-15,2024,3.25
2020-06-16,2024,3.25
2020-06-17,2024,3.25
2020-06-18,2024,3.25
2020-06-19,2024,3.25
2020-06-22,2024,3.25
2020-06-23,2024,3.25
2020-06-24,2024,3.25
2020-06-25,2024,3.25
2020-06-26,2024,3.25
2020-06-29,2024,3.25
2020-06-30,2024,3.25
2020-07-01,2024,3.25
2020-07-02,2024,3.25
2020-07-03,2024,3.5
2020-07-06,2024,3.5
2020-07-07,2024,3.5
2020-07-08,2024,3.5
2020-07-09,2024,3.5
2020-07-10,2024,3.38
2020-07-13,2024,3.5
2020-07-14,2024,3.5
2020-07-15,2024,3.5
2020-07-16,2024,3.5
2020-07-17,2024,3.5
2020-07-20,2024,3.38
2020-07-21,2024,3.38
2020-07-22,2024,3.38
2020-07-23,2024,3.38
2020-07-24,2024,3.5
2020-07-27,2024,3.5
2020-07-28,2024,3.5
2020-07-29,2024,3.5
2020-07-30,2024,3.5
2020-07-31,2024,3.5
2020-08-03,2024,3.5
2020-08-04,2024,3.5
2020-08-05,2024,3.5
2020-08-06,2024,3.5
2020-08-07,2024,3.5
2020-08-10,2024,3.5
2020-08-11,2024,3.5
2020-08-12,2024,3.5
2020-08-13,2024,3.5
2020-08-14,2024,3.5
2020-08-17,2024,3.5
2020-08-18,2024,3.5
2020-08-19,2024,3.5
2020-08-20,2024,3.5
2020-08-21,2024,3.5
2020-08-24,2024,3.5
2020-08-25,2024,3.5
2020-08-26,2024,3.5
2020-08-27,2024,3.5
2020-08-28,2024,3.5
2020-08-31,2024,3.5
2020-09-01,2024,3.5
2020-09-02,2024,3.5
2020-09-03,2024,3.5
2020-09-04,2024,3.5
2020-09-08,2024,3.5
2020-09-09,2024,3.5
2020-09-10,2024,3.38
2020-09-11,2024,3.38
2020-09-14,2024,3.38
2020-09-15,2024,3.38
2020-09-16,2024,3.38
2020-09-17,2024,3.5
2020-09-18,2024,3.5
2020-09-21,2024,3.5
2020-09-22,2024,3.5
2020-09-23,2024,3.5
2020-09-24,2024,3.5
2020-09-25,2024,3.5
2020-09-28,2024,3.5
2020-09-29,2024,3.5
2020-09-30,2024,3.5
2020-10-01,2024,3.5
2020-10-02,2024,3.5
2020-10-05,2024,3.5
2020-10-06,2024,3.5
2020-10-07,2024,3.5
2020-10-08,2024,3.5
2020-10-09,2024,3.5
2020-10-13,2024,3.5
2020-10-14,2024,3.38
2020-10-15,2024,3.5
2020-10-16,2024,3.5
2020-10-19,2024,3.5
2020-10-20,2024,3.5
2020-10-21,2024,3.5
2020-10-22,2024,3.5
2020-10-23,2024,3.5
2020-10-26,2024,3.5
2020-10-27,2024,3.5
2020-10-28,2024,3.5
2020-10-29,2024,3.5
2020-10-30,2024,3.5
2020-11-03,2024,3.5
2020-11-04,2024,3.5
2020-11-05,2024,3.5
2020-11-06,2024,3.5
2020-11-09,2024,3.5
2020-11-10,2024,3.5
2020-11-11,2024,3.5
2020-11-12,2024,3.5
2020-11-13,2024,3.5
2020-11-16,2024,3.5
2020-11-17,2024,3.5
2020-11-18,2024,3.5
2020-11-19,2024,3.5
2020-11-20,2024,3.5
2020-11-23,2024,3.5
2020-11-24,2024,3.5
2020-11-25,2024,3.45
2020-11-26,2024,3.4
2020-11-27,2024,3.45
2020-11-30,2024,3.5
2020-12-01,2024,3.5
2020-12-02,2024,3.5
2020-12-03,2024,3.45
2020-12-04,2024,3.5
2020-12-07,2024,3.5
2020-12-08,2024,3.5
2020-12-09,2024,3.5
2020-12-10,2024,3.5
2020-12-11,2024,3.5
2020-12-14,2024,3.5
2020-12-15,2024,3.5
2020-12-16,2024,3.5
2020-12-17,2024,3.5
2020-12-18,2024,3.5
2020-12-21,2024,3.5
2020-12-22,2024,3.5
2020-12-23,2024,3.5
2020-12-24,2024,3.5
2020-12-28,2024,3.38
2020-12-29,2024,3.38
2020-12-30,2024,3.5
2020-12-31,2024,3.5
2021-01-04,2024,3.5
2021-01-05,2024,3.5
2021-01-06,2024,3.5
2021-01-07,2024,3.5
2021-01-08,2024,3.5
2021-01-11,2024,3.5
2021-01-12,2024,3.5
2021-01-13,2024,3.5
2021-01-14,2024,3.5
2021-01-15,2024,3.5
2021-01-18,2024,3.25
2021-01-19,2024,3.25
2021-01-20,2024,3.25
2021-01-21,2024,3.25
2021-01-22,2024,3.5
2021-01-25,2024,3.5
2021-01-26,2024,3.5
2021-01-27,2024,3.5
2021-01-28,2024,3.5
2021-01-29,2024,3.5
2021-02-01,2024,3.5
2021-02-02,2024,3.5
2021-02-03,2024,3.5
2021-02-04,2024,3.5
2021-02-05,2024,3.5
2021-02-08,2024,3.5
2021-02-09,2024,3.5
2021-02-10,2024,3.5
2021-02-11,2024,3.5
2021-02-12,2024,3.5
2021-02-17,2024,3.5
2021-02-18,2024,3.5
2021-02-19,2024,3.5
2021-02-22,2024,3.5
2021-02-23,2024,3.5
2021-02-24,2024,3.5
2021-02-25,2024,3.5
2021-02-26,2024,3.5
2021-03-01,2024,3.5
2021-03-02,2024,3.5
2021-03-03,2024,3.5
2021-03-04,2024,3.5
2021-03-05,2024,3.5
2021-03-08,2024,3.5
2021-03-09,2024,3.5
2021-03-10,2024,3.5
2021-03-11,2024,3.5
2021-03-12,2024,3.5
2021-03-15,2024,3.5
2021-03-16,2024,3.5
2021-03-17,2024,3.5
2021-03-18,2024,3.5
2021-03-19,2024,3.5
2021-03-22,2024,3.5
2021-03-23,2024,3.5
2021-03-24,2024,3.5
2021-03-25,2024,3.5
2021-03-26,2024,3.5
2021-03-29,2024,3.5
2021-03-30,2024,3.5
2021-03-31,2024,3.55
2021-04-01,2024,3.6
2021-04-05,2024,3.6
2021-04-06,2024,3.875
2021-04-07,2024,4.0
2021-04-08,2024,3.75
2021-04-09,2024,3.75
2021-04-12,2024,3.625
2021-04-13,2024,3.5
2021-04-14,2024,3.5
2021-04-15,2024,3.625
2021-04-16,2024,3.75
2021-04-19,2024,3.5
2021-04-20,2024,3.5
2021-04-22,2024,3.5
2021-04-23,2024,3.5
2021-04-26,2024,3.5
2021-04-27,2024,3.5
2021-04-28,2024,3.5
2021-04-29,2024,3.5
2021-04-30,2024,3.5
2021-05-03,2024,3.5
2021-05-04,2024,3.5
2021-05-05,2024,3.5
2021-05-06,2024,3.5
2021-05-07,2024,3.5
2021-05-10,2024,3.375
2021-05-11,2024,3.375
2021-05-12,2024,3.5
2021-05-13,2024,3.5
2021-05-14,2024,3.25
2021-05-17,2024,3.375
2021-05-18,2024,3.375
2021-05-19,2024,3.25
2021-05-20,2024,3.5
2021-05-21,2024,3.7
2021-05-24,2024,3.6
2021-05-25,2024,3.6
2021-05-26,2024,3.5
2021-05-27,2024,3.5
2021-05-28,2024,3.5
2021-05-31,2024,3.5
2021-06-01,2024,3.58
2021-06-02,2024,3.6
2021-06-04,2024,3.6
2021-06-07,2024,3.5
2021-06-08,2024,3.5
2021-06-09,2024,3.6
2021-06-10,2024,3.5
2021-06-11,2024,3.5
2021-06-14,2024,3.5
2021-06-15,2024,3.5
2021-06-16,2024,3.5
2021-06-17,2024,3.5
2021-06-18,2024,3.725
2021-06-21,2024,3.7
2021-06-22,2024,3.6
2021-06-23,2024,3.5
2021-06-24,2024,3.5
2021-06-25,2024,3.505
2021-06-28,2024,3.605
2021-06-29,2024,3.7
2021-06-30,2024,3.7
2021-07-01,2024,3.7
2021-07-02,2024,3.7
2021-07-05,2024,3.5
2021-07-06,2024,3.5
2021-07-07,2024,3.5
2021-07-08,2024,3.5
2021-07-09,2024,3.5
2021-07-12,2024,3.5
2021-07-13,2024,3.25
2021-07-14,2024,3.25
2021-07-15,2024,3.0
2021-07-16,2024,3.5
2021-07-19,2024,3.5
2021-07-20,2024,3.5
2021-07-21,2024,3.5
2021-07-22,2024,3.25
2021-07-23,2024,3.5
2021-07-26,2024,3.5
2021-07-27,2024,3.5
2021-07-28,2024,3.5
2021-07-29,2024,3.5
2021-07-30,2024,3.48
2021-08-02,2024,3.49
2021-08-03,2024,3.49
2021-08-04,2024,3.49
2021-08-05,2024,3.5
2021-08-06,2024,3.5
2021-08-09,2024,3.5
2021-08-10,2024,3.5
2021-08-11,2024,3.5
2021-08-12,2024,3.4
2021-08-13,2024,3.5
2021-08-16,2024,3.5
2021-08-17,2024,3.5
2021-08-18,2024,3.5
2021-08-19,2024,3.55
2021-08-20,2024,3.5
2021-08-23,2024,3.5
2021-08-24,2024,3.5
2021-08-25,2024,3.5
2021-08-26,2024,3.5
2021-08-27,2024,3.65
2021-08-30,2024,3.6
2021-08-31,2024,3.5
2021-09-01,2024,3.5
2021-09-02,2024,3.5
2021-09-03,2024,3.48
2021-09-06,2024,3.5
2021-09-08,2024,3.5
2021-09-09,2024,3.5
2021-09-10,2024,3.5
2021-09-13,2024,3.5
2021-09-14,2024,3.5
2021-09-15,2024,3.5
2021-09-16,2024,3.5
2021-09-17,2024,3.5
2021-09-20,2024,3.5
2021-09-21,2024,3.5
2021-09-22,2024,3.5
2021-09-23,2024,3.5
2021-09-24,2024,3.5
2021-09-27,2024,3.5
2021-09-28,2024,3.5
2021-09-29,2024,3.5
2021-09-30,2024,3.5
2021-10-01,2024,3.605
2021-10-04,2024,3.605
2021-10-05,2024,3.625
2021-10-06,2024,3.25
2021-10-07,2024,3.375
2021-10-08,2024,3.375
2021-10-11,2024,3.5
2021-10-13,2024,3.5
2021-10-14,2024,3.5
2021-10-15,2024,3.25
2021-10-18,2024,3.425
2021-10-19,2024,3.125
2021-10-20,2024,3.25
2021-10-21,2024,3.25
2021-10-22,2024,3.5
2021-10-25,2024,3.5
2021-10-26,2024,3.5
2021-10-27,2024,3.5
2021-10-28,2024,3.5
2021-10-29,2024,3.5
2021-11-01,2024,3.5
2021-11-03,2024,3.5
2021-11-04,2024,3.25
2021-11-05,2024,3.5
2021-11-08,2024,3.5
2021-11-09,2024,3.5
2021-11-10,2024,3.5
2021-11-11,2024,3.5
2021-11-12,2024,3.5
2021-11-16,2024,3.5
2021-11-17,2024,3.5
2021-11-18,2024,3.5
2021-11-19,2024,3.5
2021-11-22,2024,3.5
2021-11-23,2024,3.5
2021-11-24,2024,3.5
2021-11-25,2024,3.5
2021-11-26,2024,3.25
2021-11-29,2024,3.25
2021-11-30,2024,3.25
2021-12-01,2024,3.25
2021-12-02,2024,3.5
2021-12-03,2024,3.5
2021-12-06,2024,3.5
2021-12-07,2024,3.5
2021-12-08,2024,3.5
2021-12-09,2024,3.5
2021-12-10,2024,3.5
2021-12-13,2024,3.5
2021-12-14,2024,3.5
2021-12-15,2024,3.5
2021-12-16,2024,3.5
2021-12-17,2024,3.93
2021-12-20,2024,3.93
2021-12-21,2024,3.5
2021-12-22,2024,3.5
2021-12-23,2024,3.5
2021-12-24,2024,3.5
2021-12-27,2024,3.5
2021-12-28,2024,3.375
2021-12-29,2024,3.5
2021-12-30,2024,3.5
2021-12-31,2024,3.5
2022-01-03,2024,3.5
2022-01-04,2024,3.25
2022-01-05,2024,3.0
2022-01-06,2024,3.0
2022-01-07,2024,3.5
2022-01-10,2024,3.5
2022-01-11,2024,3.5
2022-01-12,2024,3.5
2022-01-13,2024,3.5
2022-01-14,2024,3.25
2022-01-17,2024,3.125
2022-01-18,2024,3.0
2022-01-19,2024,3.0
2022-01-20,2024,3.125
2022-01-21,2024,3.5
2022-01-24,2024,3.5
2022-01-25,2024,3.5
2022-01-26,2024,3.5
2022-01-27,2024,3.5
2022-01-28,2024,3.5
2022-01-31,2024,3.5
2022-02-01,2024,3.5
2022-02-02,2024,3.5
2022-02-03,2024,3.5
2022-02-04,2024,3.25
2022-02-07,2024,3.15
2022-02-08,2024,3.25
2022-02-09,2024,3.25
2022-02-10,2024,3.325
2022-02-11,2024,3.5
2022-02-14,2024,3.5
2022-02-15,2024,3.5
2022-02-16,2024,3.5
2022-02-17,2024,3.5
2022-02-18,2024,3.5
2022-02-21,2024,3.5
2022-02-22,2024,3.5
2022-02-23,2024,3.5
2022-02-24,2024,3.5
2022-02-25,2024,3.45
2022-03-02,2024,3.4
2022-03-03,2024,3.25
2022-03-04,2024,3.05
2022-03-07,2024,3.025
2022-03-08,2024,3.15
2022-03-09,2024,3.05
2022-03-10,2024,3.15
2022-03-11,2024,3.5
2022-03-14,2024,3.5
2022-03-15,2024,3.5
2022-03-16,2024,3.5
2022-03-17,2024,3.5
2022-03-18,2024,3.5
2022-03-21,2024,3.5
2022-03-22,2024,3.5
2022-03-23,2024,3.5
2022-03-24,2024,3.5
2022-03-25,2024,3.2
2022-03-28,2024,3.225
2022-03-29,2024,3.225
2022-03-30,2024,3.225
2022-03-31,2024,3.25
2022-04-01,2024,3.4
2022-04-04,2024,3.85
2022-04-05,2024,4.0
2022-04-06,2024,3.85
2022-04-07,2024,3.7
2022-04-08,2024,3.5
2022-04-11,2024,3.5
2022-04-12,2024,3.5
2022-04-13,2024,3.375
2022-04-14,2024,3.5
2022-04-18,2024,3.5
2022-04-19,2024,3.375
2022-04-20,2024,3.5
2022-04-22,2024,3.41
2022-04-25,2024,3.41
2022-04-26,2024,3.455
2022-04-27,2024,3.5
2022-04-28,2024,3.405
2022-04-29,2024,3.455
2022-05-02,2024,3.5
2022-05-03,2024,3.5
2022-05-04,2024,3.455
2022-05-05,2024,3.455
2022-05-06,2024,3.275
2022-05-09,2024,3.275
2022-05-10,2024,3.275
2022-05-11,2024,3.275
2022-05-12,2024,3.25
2022-05-13,2024,3.3251
2022-05-16,2024,3.3251
2022-05-17,2024,3.4
2022-05-18,2024,3.4
2022-05-19,2024,3.45
2022-05-20,2024,3.5
2022-05-23,2024,3.5
2022-05-24,2024,3.5
2022-05-25,2024,3.5
2022-05-26,2024,3.5
2022-05-27,2024,3.25
2022-05-30,2024,3.4
2022-05-31,2024,3.325
2022-06-01,2024,3.325
2022-06-02,2024,3.4
2022-06-03,2024,3.225
2022-06-06,2024,3.325
2022-06-07,2024,3.325
2022-06-08,2024,3.325
2022-06-09,2024,3.225
2022-06-10,2024,3.5
2022-06-13,2024,3.5
2022-06-14,2024,3.5
2022-06-15,2024,3.5
2022-06-17,2024,3.5
2022-06-20,2024,3.3
2022-06-21,2024,3.3
2022-06-22,2024,3.3
2022-06-23,2024,3.3
2022-06-24,2024,3.325
2022-06-27,2024,3.4
2022-06-28,2024,3.4
2022-06-29,2024,3.4
2022-06-30,2024,3.4
2022-07-01,2024,3.4
2022-07-04,2024,4.0
2022-07-05,2024,3.97
2022-07-06,2024,4.06
2022-07-07,2024,3.515
2022-07-08,2024,3.515
2022-07-11,2024,3.5
2022-07-12,2024,3.4
2022-07-13,2024,3.3
2022-07-14,2024,3.4
2022-07-15,2024,3.2
2022-07-18,2024,3.2
2022-07-19,2024,3.35
2022-07-20,2024,3.5
2022-07-21,2024,3.5
2022-07-22,2024,4.0
2022-07-25,2024,4.0
2022-07-26,2024,3.9
2022-07-27,2024,3.9
2022-07-28,2024,3.95
2022-07-29,2024,3.95
2022-08-01,2024,4.0
2022-08-02,2024,4.0
2022-08-03,2024,4.0
2022-08-04,2024,4.0
2022-08-05,2024,3.3
2022-08-08,2024,3.4
2022-08-09,2024,3.45
2022-08-10,2024,3.5
2022-08-11,2024,3.5
2022-08-12,2024,3.5
2022-08-15,2024,3.5
2022-08-16,2024,3.4
2022-08-17,2024,3.3
2022-08-18,2024,3.415
2022-08-19,2024,3.605
2022-08-22,2024,3.605
2022-08-23,2024,3.68
2022-08-24,2024,3.605
2022-08-25,2024,3.53
2022-08-26,2024,3.5
2022-08-29,2024,3.45
2022-08-30,2024,3.45
2022-08-31,2024,3.7
2022-09-01,2024,3.7
2022-09-02,2024,3.5305
2022-09-05,2024,3.361
2022-09-06,2024,3.5305
2022-09-08,2024,3.7
2022-09-09,2024,3.5
2022-09-12,2024,3.7
2022-09-13,2024,3.7
2022-09-14,2024,3.7
2022-09-15,2024,3.7
2022-09-16,2024,3.715
2022-09-19,2024,3.9
2022-09-20,2024,3.9
2022-09-21,2024,4.0
2022-09-22,2024,4.0
2022-09-23,2024,3.75
2022-09-26,2024,3.7
2022-09-27,2024,3.7
2022-09-28,2024,3.7
2022-09-29,2024,3.7
2022-09-30,2024,3.55
2022-10-03,2024,3.4
2022-10-04,2024,3.7
2022-10-05,2024,3.7
2022-10-06,2024,3.55
2022-10-07,2024,3.4
2022-10-10,2024,3.4
2022-10-11,2024,3.4
2022-10-13,2024,3.4
2022-10-14,2024,3.55
2022-10-17,2024,3.3
2022-10-18,2024,3.3
2022-10-19,2024,3.715
2022-10-20,2024,3.7
2022-10-21,2024,3.765
2022-10-24,2024,3.85
2022-10-25,2024,3.9
2022-10-26,2024,3.9
2022-10-27,2024,3.91
2022-10-28,2024,3.9
2022-10-31,2024,3.7
2022-11-01,2024,3.7
2022-11-03,2024,3.8
2022-11-04,2024,3.92
2022-11-07,2024,3.955
2022-11-08,2024,3.955
2022-11-09,2024,4.0
2022-11-10,2024,4.0
2022-11-11,2024,3.6
2022-11-14,2024,3.45
2022-11-16,2024,3.3
2022-11-17,2024,3.3
2022-11-18,2024,4.0
2022-11-21,2024,4.0
2022-11-22,2024,4.0
2022-11-23,2024,4.0
2022-11-24,2024,4.0
2022-11-25,2024,3.5
2022-11-28,2024,3.56
2022-11-29,2024,3.5
2022-11-30,2024,3.5
2022-12-01,2024,3.5
2022-12-02,2024,4.0
2022-12-05,2024,4.0
2022-12-06,2024,4.0
2022-12-07,2024,4.0
2022-12-08,2024,4.0
2022-12-09,2024,3.6
2022-12-12,2024,3.651
2022-12-13,2024,3.93
2022-12-14,2024,3.7001
2022-12-15,2024,3.6501
2022-12-16,2024,3.7001
2022-12-19,2024,3.9499
2022-12-20,2024,4.079
2022-12-21,2024,4.158
2022-12-22,2024,4.158
2022-12-23,2024,4.0
2022-12-26,2024,4.0
2022-12-27,2024,4.0
2022-12-28,2024,4.0
2022-12-29,2024,4.0
2022-12-30,2024,4.01
2023-01-02,2024,4.01
2023-01-03,2024,4.0
2023-01-04,2024,4.051
2023-01-05,2024,4.041
2023-01-06,2024,4.0716
2023-01-09,2024,4.0716
2023-01-10,2024,4.1
2023-01-11,2024,4.05
2023-01-12,2024,4.0
2023-01-13,2024,4.0565
2023-01-16,2024,4.0
2023-01-17,2024,4.0
2023-01-18,2024,4.0565
2023-01-19,2024,4.1355
2023-01-20,2024,4.2138
2023-01-23,2024,4.25
2023-01-24,2024,4.2396
2023-01-25,2024,4.1775
2023-01-26,2024,4.2034
2023-01-27,2024,4.2292
2023-01-30,2024,4.1975
2023-01-31,2024,4.25
2023-02-01,2024,4.5
2023-02-02,2024,4.3
2023-02-03,2024,4.1678
2023-02-06,2024,4.1775
2023-02-07,2024,4.1775
2023-02-08,2024,4.1775
2023-02-09,2024,4.199
2023-02-10,2024,4.1013
2023-02-13,2024,4.1013
2023-02-14,2024,4.1013
2023-02-15,2024,4.1026
2023-02-16,2024,4.1013
2023-02-17,2024,4.7
2023-02-22,2024,4.6409
2023-02-23,2024,4.5875
2023-02-24,2024,4.5409
2023-02-27,2024,4.494
2023-02-28,2024,4.0
2023-03-01,2024,4.1
2023-03-02,2024,4.1065
2023-03-03,2024,4.1296
2023-03-06,2024,4.1244
2023-03-07,2024,4.1462
2023-03-08,2024,4.1026
2023-03-09,2024,4.1
2023-03-10,2024,4.1026
2023-03-13,2024,4.1731
2023-03-14,2024,4.1356
2023-03-15,2024,4.2
2023-03-16,2024,4.2
2023-03-17,2024,4.5931
2023-03-20,2024,4.5932
2023-03-21,2024,4.5931
2023-03-22,2024,4.5932
2023-03-23,2024,4.5931
2023-03-24,2024,4.494
2023-03-27,2024,4.444
2023-03-28,2024,4.488
2023-03-29,2024,4.444
2023-03-30,2024,4.4
2023-03-31,2024,4.3116
2023-04-03,2024,4.3227
2023-04-04,2024,4.3614
2023-04-05,2024,4.3614
2023-04-06,2024,4.45
2023-04-10,2024,4.2815
2023-04-11,2024,4.3258
2023-04-12,2024,4.335
2023-04-13,2024,4.4
2023-04-14,2024,4.5
2023-04-17,2024,4.4
2023-04-18,2024,4.4
2023-04-19,2024,4.6
2023-04-20,2024,4.639
2023-04-24,2024,4.639
2023-04-25,2024,4.639
2023-04-26,2024,4.6
2023-04-27,2024,4.5966
2023-04-28,2024,4.5826
2023-05-02,2024,4.5376
2023-05-03,2024,4.5519
2023-05-04,2024,4.5673
2023-05-05,2024,4.5
2023-05-08,2024,4.3
2023-05-09,2024,4.3118
2023-05-10,2024,4.3118
2023-05-11,2024,4.3118
2023-05-12,2024,4.2692
2023-05-15,2024,4.27
2023-05-16,2024,4.3849
2023-05-17,2024,4.3425
2023-05-18,2024,4.4
2023-05-19,2024,4.6
2023-05-22,2024,4.6
2023-05-23,2024,4.6
2023-05-24,2024,4.65
2023-05-25,2024,4.6
2023-05-26,2024,4.6797
2023-05-29,2024,4.55
2023-05-30,2024,4.576
2023-05-31,2024,4.576
2023-06-01,2024,4.576
2023-06-02,2024,4.5
2023-06-05,2024,4.3942
2023-06-06,2024,4.3843
2023-06-07,2024,4.4025
2023-06-09,2024,4.4785
2023-06-12,2024,4.4785
2023-06-13,2024,4.5
2023-06-14,2024,4.5247
2023-06-15,2024,4.525
2023-06-16,2024,4.5
2023-06-19,2024,4.4631
2023-06-20,2024,4.4575
2023-06-21,2024,4.4338
2023-06-22,2024,4.4575
2023-06-23,2024,4.5
2023-06-26,2024,4.5061
2023-06-27,2024,4.5022
2023-06-28,2024,4.5
2023-06-29,2024,4.5
2023-06-30,2024,4.505
2023-07-03,2024,4.51
2023-07-04,2024,4.505
2023-07-05,2024,4.5458
2023-07-06,2024,4.51
2023-07-07,2024,4.5815
2023-07-10,2024,4.5546
2023-07-11,2024,4.5815
2023-07-12,2024,4.5276
2023-07-13,2024,4.5546
2023-07-14,2024,4.3918
2023-07-17,2024,4.3835
2023-07-18,2024,4.3835
2023-07-19,2024,4.4
2023-07-20,2024,4.4
2023-07-21,2024,4.51
2023-07-24,2024,4.5302
2023-07-25,2024,4.5302
2023-07-26,2024,4.4996
2023-07-27,2024,4.4991
2023-07-28,2024,4.3958
2023-07-31,2024,4.4
2023-08-01,2024,4.4
2023-08-02,2024,4.4341
2023-08-03,2024,4.4
2023-08-04,2024,4.4
2023-08-07,2024,4.3
2023-08-08,2024,4.3
2023-08-09,2024,4.3
2023-08-10,2024,4.3
2023-08-11,2024,4.27
2023-08-14,2024,4.3545
2023-08-15,2024,4.3089
2023-08-16,2024,4.3045
2023-08-17,2024,4.3545
2023-08-18,2024,4.4
2023-08-21,2024,4.3
2023-08-22,2024,4.3
2023-08-23,2024,4.4
2023-08-24,2024,4.4
2023-08-25,2024,4.1949
2023-08-28,2024,4.15
2023-08-29,2024,4.1794
2023-08-30,2024,4.15
2023-08-31,2024,4.15
2023-09-01,2024,4.2244
2023-09-04,2024,4.34
2023-09-05,2024,4.28
2023-09-06,2024,4.29
2023-09-08,2024,4.2703
2023-09-11,2024,4.2606
2023-09-12,2024,4.3
2023-09-13,2024,4.2033
2023-09-14,2024,4.1075
2023-09-15,2024,4.3
2023-09-18,2024,4.3361
2023-09-19,2024,4.3061
2023-09-20,2024,4.3641
2023-09-21,2024,4.3709
2023-09-22,2024,4.3737
2023-09-25,2024,4.37
2023-09-26,2024,4.385
2023-09-27,2024,4.37
2023-09-28,2024,4.385
2023-09-29,2024,4.3
2023-10-02,2024,4.3564
2023-10-03,2024,4.3564
2023-10-04,2024,4.2564
2023-10-05,2024,4.1833
2023-10-06,2024,4.4
2023-10-09,2024,4.4895
2023-10-10,2024,4.4
2023-10-11,2024,4.4
2023-10-13,2024,4.4
2023-10-16,2024,4.3559
2023-10-17,2024,4.3128
2023-10-18,2024,4.2
2023-10-19,2024,4.13
2023-10-20,2024,4.2
2023-10-23,2024,4.2303
2023-10-24,2024,4.2
2023-10-25,2024,4.2606
2023-10-26,2024,4.28
2023-10-27,2024,4.4844
2023-10-30,2024,4.5179
2023-10-31,2024,4.559
2023-11-01,2024,4.509
2023-11-03,2024,4.4766
2023-11-06,2024,4.29
2023-11-07,2024,4.15
2023-11-08,2024,4.1349
2023-11-09,2024,4.1425
2023-11-10,2024,4.23
2023-11-13,2024,4.2722
2023-11-14,2024,4.2838
2023-11-16,2024,4.2838
2023-11-17,2024,4.4633
2023-11-20,2024,4.4778
2023-11-21,2024,4.4665
2023-11-22,2024,4.4665
2023-11-23,2024,4.4945
2023-11-24,2024,4.4161
2023-11-27,2024,4.4161
2023-11-28,2024,4.4127
2023-11-29,2024,4.53
2023-11-30,2024,4.4127
2023-12-01,2024,4.3658
2023-12-04,2024,4.3309
2023-12-05,2024,4.3155
2023-12-06,2024,4.3155
2023-12-07,2024,4.3
2023-12-08,2024,4.4048
2023-12-11,2024,4.4166
2023-12-12,2024,4.426
2023-12-13,2024,4.42
2023-12-14,2024,4.42
2023-12-15,2024,4.418
2023-12-18,2024,4.418
2023-12-19,2024,4.3208
2023-12-20,2024,4.3284
2023-12-21,2024,4.6064
2023-12-22,2024,4.3496
2023-12-26,2024,4.3451
2023-12-27,2024,4.3481
2023-12-28,2024,4.3159
2023-12-29,2024,4.3
2024-01-02,2024,4.15
2024-01-03,2024,3.935
2024-01-04,2024,4.0
2024-01-05,2024,4.1155
2024-01-08,2024,4.1902
2024-01-09,2024,4.1664
2024-01-10,2024,4.214
2024-01-11,2024,4.1902
2024-01-12,2024,4.275
2024-01-15,2024,4.2339
2024-01-16,2024,4.275
2024-01-17,2024,4.25
2024-01-18,2024,4.2354
2024-01-19,2024,4.1416
2024-01-22,2024,4.1451
2024-01-23,2024,4.1416
2024-01-24,2024,4.1159
2024-01-25,2024,4.0937
2024-01-26,2024,3.97
2024-01-29,2024,3.9569
2024-01-30,2024,3.97
2024-01-31,2024,3.9792
2024-02-01,2024,3.9746
2024-02-02,2024,3.9266
2024-02-05,2024,3.8304
2024-02-06,2024,3.9
2024-02-07,2024,3.9
2024-02-08,2024,3.9461
2024-02-09,2024,4.0298
2024-02-14,2024,4.0932
2024-02-15,2024,4.0298
2024-02-16,2024,4.0779
2024-02-19,2024,4.062
2024-02-20,2024,4.0615
2024-02-21,2024,4.0626
2024-02-22,2024,4.0626
2024-02-23,2024,4.0813
2024-02-26,2024,4.0626
2024-02-27,2024,4.1
2024-02-28,2024,4.05
2024-02-29,2024,4.2079
2024-03-01,2024,4.2079
2024-03-04,2024,4.219
2024-03-05,2024,4.2079
2024-03-06,2024,4.23
2024-03-07,2024,4.1244
2024-03-08,2024,4.0366
2024-03-11,2024,4.0532
2024-03-12,2024,4.1723
2024-03-13,2024,4.1887
2024-03-14,2024,4.2795
2024-03-15,2024,4.2
2024-03-18,2024,4.1647
2024-03-19,2024,4.1647
2024-03-20,2024,4.1647
2024-03-21,2024,4.1545
2024-03-22,2024,4.1543
2024-03-25,2024,4.1754
2024-03-26,2024,4.1856
2024-03-27,2024,4.1827
2024-03-28,2024,4.1491
2024-04-01,2024,4.005
2024-04-02,2024,4.005
2024-04-03,2024,4.0294
2024-04-04,2024,4.01
2024-04-05,2024,4.0
2024-04-08,2024,4.0396
2024-04-09,2024,4.0608
2024-04-10,2024,3.9569
2024-04-11,2024,3.9894
2024-04-12,2024,4.0051
2024-04-15,2024,4.0402
2024-04-16,2024,4.0504
2024-04-17,2024,4.08
2024-04-18,2024,4.08
2024-04-19,2024,4.0393
2024-04-22,2024,4.0337
2024-04-23,2024,4.028
2024-04-24,2024,4.0393
2024-04-25,2024,4.0337
2024-04-26,2024,3.9965
2024-04-29,2024,4.0148
2024-04-30,2024,4.0148
2024-05-02,2024,4.01
2024-05-03,2024,3.9885
2024-05-06,2024,3.95
2024-05-07,2024,3.95
2024-05-08,2024,3.95
2024-05-09,2024,3.9925
2024-05-10,2024,4.0625
2024-05-13,2024,3.9327
2024-05-14,2024,3.9327
2024-05-15,2024,3.9248
2024-05-16,2024,3.873
2024-05-17,2024,3.8865
2024-05-20,2024,3.9833
2024-05-21,2024,4.01
2024-05-22,2024,4.0195
2024-05-23,2024,3.9833
2024-05-24,2024,4.015
2024-05-27,2024,4.02
2024-05-28,2024,4.0
2024-05-29,2024,3.9836
2024-05-31,2024,4.0
2024-06-03,2024,3.79
2024-06-04,2024,3.8107
2024-06-05,2024,3.8313
2024-06-06,2024,3.8313
2024-06-07,2024,3.89
2024-06-10,2024,4.0
2024-06-11,2024,4.0
2024-06-12,2024,4.0
2024-06-13,2024,3.9179
2024-06-14,2024,3.9459
2024-06-17,2024,3.9526
2024-06-18,2024,3.9459
2024-06-19,2024,3.9403
2024-06-20,2024,3.9493
2024-06-21,2024,3.94
2024-06-24,2024,3.94
2024-06-25,2024,3.94
2024-06-26,2024,3.9622
2024-06-27,2024,3.9759
2024-06-28,2024,4.0289
2024-07-01,2024,3.9655
2024-07-02,2024,3.978
2024-07-03,2024,3.9953
2024-07-04,2024,3.9345
2024-07-05,2024,3.9414
2024-07-08,2024,3.9571
2024-07-09,2024,3.9414
2024-07-10,2024,3.9742
2024-07-11,2024,4.0446
2024-07-12,2024,4.5473
2024-07-15,2024,4.6
2024-07-16,2024,4.5664
2024-07-17,2024,4.6
2024-07-18,2024,4.5931
2024-07-19,2024,4.5948
2024-07-22,2024,4.59
2024-07-23,2024,4.5966
2024-07-24,2024,4.5983
2024-07-25,2024,4.628
2024-07-26,2024,4.6102
2024-07-29,2024,4.6376
2024-07-30,2024,4.6303
2024-07-31,2024,4.6303
2024-08-01,2024,4.6376
2024-08-02,2024,4.56
2024-08-05,2024,4.5875
2024-08-06,2024,4.5875
2024-08-07,2024,4.5889
2024-08-08,2024,4.5875
2024-08-09,2024,4.7572
2024-08-12,2024,4.7542
2024-08-13,2024,4.7542
2024-08-14,2024,4.7542
2024-08-15,2024,4.7562
2024-08-16,2024,4.7937
2024-08-19,2024,4.7601
2024-08-20,2024,4.8484
2024-08-21,2024,4.8043
2024-08-22,2024,4.7601
2024-08-23,2024,4.7818
2024-08-26,2024,4.7818
2024-08-27,2024,4.7618
2024-08-28,2024,4.7618
2024-08-29,2024,4.7608
2024-08-30,2024,4.7919
2024-09-02,2024,4.7919
2024-09-03,2024,4.8486
2024-09-04,2024,4.8587
2024-09-05,2024,4.9298
2024-09-06,2024,5.0133
2024-09-09,2024,4.8931
2024-09-10,2024,4.805
2024-09-11,2024,4.83
2024-09-12,2024,4.77
2024-09-13,2024,4.8007
2024-09-16,2024,4.7967
2024-09-17,2024,4.7867
2024-09-18,2024,4.7788
2024-09-19,2024,4.7934
2024-09-20,2024,4.7363
2024-09-23,2024,4.733
2024-09-24,2024,4.733
2024-09-25,2024,4.733
2024-09-26,2024,4.7363
2024-09-27,2024,4.76
2024-09-30,2024,4.8217
2024-10-01,2024,4.8283
2024-10-02,2024,4.8349
2024-10-03,2024,4.8217
2024-10-04,2024,4.8115
2024-10-07,2024,4.8115
2024-10-08,2024,4.8115
2024-10-09,2024,4.9176
2024-10-10,2024,5.0111
2024-10-11,2024,5.1781
2024-10-14,2024,5.1781
2024-10-15,2024,5.0486
2024-10-16,2024,5.0111
2024-10-17,2024,4.9856
2024-10-18,2024,5.1139
2024-10-21,2024,5.1044
2024-10-22,2024,5.096
2024-10-23,2024,5.1044
2024-10-24,2024,5.096
2024-10-25,2024,5.0395
2024-10-28,2024,5.0691
2024-10-29,2024,5.0781
2024-10-30,2024,5.039
2024-10-31,2024,5.0652
2024-11-01,2024,5.0592
2024-11-04,2024,5.0571
2024-11-05,2024,5.0592
2024-11-06,2024,5.06
2024-11-07,2024,5.0592
2024-11-08,2024,4.8574
2024-11-11,2024,4.8893
2024-11-12,2024,4.8728
2024-11-13,2024,4.8563
2024-11-14,2024,4.7521
2024-11-18,2024,4.789
2024-11-19,2024,4.7322
2024-11-21,2024,4.6908
2024-11-22,2024,4.6115
2024-11-25,2024,4.6163
2024-11-26,2024,4.6162
2024-11-27,2024,4.6166
2024-11-28,2024,4.6262
2024-11-29,2024,4.6588
2024-12-02,2024,4.6584
2024-12-03,2024,4.6485
2024-12-04,2024,4.6584
2024-12-05,2024,4.6584
2024-12-06,2024,4.6806
2024-12-09,2024,4.6805
2024-12-10,2024,4.6273
2024-12-11,2024,4.6273
2024-12-12,2024,4.6273
2024-12-13,2024,4.6483
2024-12-16,2024,4.6483
2024-12-17,2024,4.6378
2024-12-18,2024,4.6483
2024-12-19,2024,4.6603
2024-12-20,2024,4.6902
2024-12-23,2024,4.685
2024-12-24,2024,4.6902
2024-12-26,2024,4.6902
2024-12-27,2024,4.6797
2024-12-30,2024,4.6378
2024-12-31,2024,4.6378
2025-01-02,2024,4.6378
2025-01-03,2024,4.6273
2025-01-06,2024,4.6288
2025-01-07,2024,4.6378
2025-01-08,2024,4.6378
2025-01-09,2024,4.6378
2021-01-13,2025,3.08
2021-01-14,2025,3.0
2021-01-15,2025,3.0
2021-01-18,2025,3.0
2021-01-19,2025,3.0
2021-01-20,2025,3.0
2021-01-21,2025,3.0
2021-01-22,2025,3.25
2021-01-25,2025,3.25
2021-01-26,2025,3.25
2021-01-27,2025,3.25
2021-01-28,2025,3.25
2021-01-29,2025,3.25
2021-02-01,2025,3.25
2021-02-02,2025,3.25
2021-02-03,2025,3.25
2021-02-04,2025,3.25
2021-02-05,2025,3.25
2021-02-08,2025,3.25
2021-02-09,2025,3.25
2021-02-10,2025,3.25
2021-02-11,2025,3.25
2021-02-12,2025,3.25
2021-02-17,2025,3.25
2021-02-18,2025,3.25
2021-02-19,2025,3.38
2021-02-22,2025,3.38
2021-02-23,2025,3.25
2021-02-24,2025,3.25
2021-02-25,2025,3.38
2021-02-26,2025,3.38
2021-03-01,2025,3.5
2021-03-02,2025,3.5
2021-03-03,2025,3.5
2021-03-04,2025,3.38
2021-03-05,2025,3.38
2021-03-08,2025,3.5
2021-03-09,2025,3.5
2021-03-10,2025,3.5
2021-03-11,2025,3.5
2021-03-12,2025,3.5
2021-03-15,2025,3.5
2021-03-16,2025,3.5
2021-03-17,2025,3.5
2021-03-18,2025,3.5
2021-03-19,2025,3.5
2021-03-22,2025,3.5
2021-03-23,2025,3.5
2021-03-24,2025,3.5
2021-03-25,2025,3.25
2021-03-26,2025,3.5
2021-03-29,2025,3.5
2021-03-30,2025,3.5
2021-03-31,2025,3.55
2021-04-01,2025,3.6
2021-04-05,2025,3.875
2021-04-06,2025,3.875
2021-04-07,2025,4.0
2021-04-08,2025,3.75
2021-04-09,2025,3.6
2021-04-12,2025,3.375
2021-04-13,2025,3.25
2021-04-14,2025,3.25
2021-04-15,2025,3.5
2021-04-16,2025,3.5
2021-04-19,2025,3.35
2021-04-20,2025,3.2
2021-04-22,2025,3.35
2021-04-23,2025,3.25
2021-04-26,2025,3.25
2021-04-27,2025,3.5
2021-04-28,2025,3.5
2021-04-29,2025,3.375
2021-04-30,2025,3.5
2021-05-03,2025,3.5
2021-05-04,2025,3.5
2021-05-05,2025,3.5
2021-05-06,2025,3.5
2021-05-07,2025,3.5
2021-05-10,2025,3.25
2021-05-11,2025,3.25
2021-05-12,2025,3.5
2021-05-13,2025,3.5
2021-05-14,2025,3.225
2021-05-17,2025,3.25
2021-05-18,2025,3.25
2021-05-19,2025,3.25
2021-05-20,2025,3.2
2021-05-21,2025,3.5
2021-05-24,2025,3.5
2021-05-25,2025,3.5
2021-05-26,2025,3.5
2021-05-27,2025,3.5
2021-05-28,2025,3.5
2021-05-31,2025,3.5
2021-06-01,2025,3.5
2021-06-02,2025,3.5
2021-06-04,2025,3.5
2021-06-07,2025,3.5
2021-06-08,2025,3.5
2021-06-09,2025,3.5
2021-06-10,2025,3.5
2021-06-11,2025,3.5
2021-06-14,2025,3.5
2021-06-15,2025,3.5
2021-06-16,2025,3.5
2021-06-17,2025,3.5
2021-06-18,2025,3.5
2021-06-21,2025,3.5
2021-06-22,2025,3.5
2021-06-23,2025,3.5
2021-06-24,2025,3.5
2021-06-25,2025,3.5
2021-06-28,2025,3.5
2021-06-29,2025,3.5
2021-06-30,2025,3.5
2021-07-01,2025,3.5
2021-07-02,2025,3.6
2021-07-05,2025,3.5
2021-07-06,2025,3.5
2021-07-07,2025,3.5
2021-07-08,2025,3.5
2021-07-09,2025,3.5
2021-07-12,2025,3.5
2021-07-13,2025,3.0
2021-07-14,2025,3.0
2021-07-15,2025,3.0
2021-07-16,2025,3.5
2021-07-19,2025,3.5
2021-07-20,2025,3.5
2021-07-21,2025,3.5
2021-07-22,2025,3.1
2021-07-23,2025,3.21
2021-07-26,2025,3.355
2021-07-27,2025,3.21
2021-07-28,2025,3.5
2021-07-29,2025,3.5
2021-07-30,2025,3.2
2021-08-02,2025,3.205
2021-08-03,2025,3.205
2021-08-04,2025,3.205
2021-08-05,2025,3.21
2021-08-06,2025,3.5
2021-08-09,2025,3.5
2021-08-10,2025,3.4
2021-08-11,2025,3.5
2021-08-12,2025,3.25
2021-08-13,2025,3.3
2021-08-16,2025,3.3
2021-08-17,2025,3.5
2021-08-18,2025,3.5
2021-08-19,2025,3.5
2021-08-20,2025,3.5
2021-08-23,2025,3.5
2021-08-24,2025,3.5
2021-08-25,2025,3.5
2021-08-26,2025,3.5
2021-08-27,2025,3.5
2021-08-30,2025,3.5
2021-08-31,2025,3.5
2021-09-01,2025,3.5
2021-09-02,2025,3.5
2021-09-03,2025,3.0
2021-09-06,2025,3.0
2021-09-08,2025,3.0
2021-09-09,2025,3.105
2021-09-10,2025,3.25
2021-09-13,2025,3.5
2021-09-14,2025,3.5
2021-09-15,2025,3.5
2021-09-16,2025,3.5
2021-09-17,2025,3.125
2021-09-20,2025,3.25
2021-09-21,2025,3.125
2021-09-22,2025,3.25
2021-09-23,2025,3.25
2021-09-24,2025,3.25
2021-09-27,2025,3.5
2021-09-28,2025,3.5
2021-09-29,2025,3.5
2021-09-30,2025,3.5
2021-10-01,2025,3.455
2021-10-04,2025,3.455
2021-10-05,2025,3.25
2021-10-06,2025,3.0
2021-10-07,2025,3.25
2021-10-08,2025,3.0
2021-10-11,2025,3.25
2021-10-13,2025,3.25
2021-10-14,2025,3.0
2021-10-15,2025,3.0
2021-10-18,2025,3.0
2021-10-19,2025,3.0
2021-10-20,2025,3.0
2021-10-21,2025,3.0
2021-10-22,2025,3.5
2021-10-25,2025,3.5
2021-10-26,2025,3.5
2021-10-27,2025,3.5
2021-10-28,2025,3.5
2021-10-29,2025,3.5
2021-11-01,2025,3.5
2021-11-03,2025,3.5
2021-11-04,2025,3.0
2021-11-05,2025,3.375
2021-11-08,2025,3.375
2021-11-09,2025,3.5
2021-11-10,2025,3.5
2021-11-11,2025,3.5
2021-11-12,2025,3.5
2021-11-16,2025,3.5
2021-11-17,2025,3.5
2021-11-18,2025,3.5
2021-11-19,2025,3.5
2021-11-22,2025,3.5
2021-11-23,2025,3.5
2021-11-24,2025,3.5
2021-11-25,2025,3.5
2021-11-26,2025,3.0
2021-11-29,2025,3.0
2021-11-30,2025,3.0
2021-12-01,2025,3.0
2021-12-02,2025,3.5
2021-12-03,2025,3.5
2021-12-06,2025,3.5
2021-12-07,2025,3.5
2021-12-08,2025,3.5
2021-12-09,2025,3.5
2021-12-10,2025,3.25
2021-12-13,2025,3.375
2021-12-14,2025,3.375
2021-12-15,2025,3.25
2021-12-16,2025,3.25
2021-12-17,2025,3.62
2021-12-20,2025,3.62
2021-12-21,2025,3.5
2021-12-22,2025,3.5
2021-12-23,2025,3.5
2021-12-24,2025,3.25
2021-12-27,2025,3.25
2021-12-28,2025,3.25
2021-12-29,2025,3.5
2021-12-30,2025,3.5
2021-12-31,2025,3.5
2022-01-03,2025,3.5
2022-01-04,2025,3.25
2022-01-05,2025,3.0
2022-01-06,2025,3.0
2022-01-07,2025,3.5
2022-01-10,2025,3.5
2022-01-11,2025,3.5
2022-01-12,2025,3.5
2022-01-13,2025,3.5
2022-01-14,2025,3.0
2022-01-17,2025,3.0
2022-01-18,2025,3.0
2022-01-19,2025,3.0
2022-01-20,2025,3.0
2022-01-21,2025,3.475
2022-01-24,2025,3.5
2022-01-25,2025,3.5
2022-01-26,2025,3.5
2022-01-27,2025,3.45
2022-01-28,2025,3.125
2022-01-31,2025,3.0
2022-02-01,2025,3.0
2022-02-02,2025,3.0
2022-02-03,2025,3.0
2022-02-04,2025,3.0
2022-02-07,2025,3.0
2022-02-08,2025,3.0
2022-02-09,2025,3.0
2022-02-10,2025,3.0
2022-02-11,2025,3.45
2022-02-14,2025,3.5
2022-02-15,2025,3.45
2022-02-16,2025,3.4
2022-02-17,2025,3.4
2022-02-18,2025,3.14
2022-02-21,2025,3.14
2022-02-22,2025,3.03
2022-02-23,2025,3.25
2022-02-24,2025,3.03
2022-02-25,2025,3.2
2022-03-02,2025,3.0
2022-03-03,2025,3.0
2022-03-04,2025,3.0
2022-03-07,2025,3.0
2022-03-08,2025,3.0
2022-03-09,2025,3.0
2022-03-10,2025,3.0
2022-03-11,2025,3.0001
2022-03-14,2025,3.0151
2022-03-15,2025,3.0001
2022-03-16,2025,3.0001
2022-03-17,2025,3.0001
2022-03-18,2025,3.03
2022-03-21,2025,3.03
2022-03-22,2025,3.03
2022-03-23,2025,3.03
2022-03-24,2025,3.015
2022-03-25,2025,3.0
2022-03-28,2025,3.0
2022-03-29,2025,3.0
2022-03-30,2025,3.0
2022-03-31,2025,3.0
2022-04-01,2025,3.25
2022-04-04,2025,3.7
2022-04-05,2025,4.0
2022-04-06,2025,3.7
2022-04-07,2025,3.4
2022-04-08,2025,3.25
2022-04-11,2025,3.25
2022-04-12,2025,3.0
2022-04-13,2025,3.0
2022-04-14,2025,3.125
2022-04-18,2025,3.125
2022-04-19,2025,3.0
2022-04-20,2025,3.25
2022-04-22,2025,3.0
2022-04-25,2025,3.0
2022-04-26,2025,3.015
2022-04-27,2025,3.015
2022-04-28,2025,3.0
2022-04-29,2025,3.03
2022-05-02,2025,3.065
2022-05-03,2025,3.1
2022-05-04,2025,3.065
2022-05-05,2025,3.065
2022-05-06,2025,3.0
2022-05-09,2025,3.0
2022-05-10,2025,3.0
2022-05-11,2025,3.0
2022-05-12,2025,3.0
2022-05-13,2025,3.03
2022-05-16,2025,3.0151
2022-05-17,2025,3.0001
2022-05-18,2025,3.0001
2022-05-19,2025,3.03
2022-05-20,2025,3.1
2022-05-23,2025,3.03
2022-05-24,2025,3.03
2022-05-25,2025,3.065
2022-05-26,2025,3.03
2022-05-27,2025,3.0
2022-05-30,2025,3.0
2022-05-31,2025,3.0
2022-06-01,2025,3.0
2022-06-02,2025,3.015
2022-06-03,2025,3.0
2022-06-06,2025,3.0
2022-06-07,2025,3.0
2022-06-08,2025,3.0
2022-06-09,2025,3.0
2022-06-10,2025,3.175
2022-06-13,2025,3.1
2022-06-14,2025,3.1
2022-06-15,2025,3.1
2022-06-17,2025,3.175
2022-06-20,2025,3.0
2022-06-21,2025,3.0
2022-06-22,2025,3.0
2022-06-23,2025,3.0
2022-06-24,2025,3.0
2022-06-27,2025,3.2
2022-06-28,2025,3.2
2022-06-29,2025,3.2
2022-06-30,2025,3.2
2022-07-01,2025,3.4
2022-07-04,2025,4.0
2022-07-05,2025,3.7
2022-07-06,2025,3.515
2022-07-07,2025,3.0151
2022-07-08,2025,3.03
2022-07-11,2025,3.001
2022-07-12,2025,3.0001
2022-07-13,2025,3.0001
2022-07-14,2025,3.001
2022-07-15,2025,3.3
2022-07-18,2025,3.1
2022-07-19,2025,3.3
2022-07-20,2025,3.5
2022-07-21,2025,3.1
2022-07-22,2025,3.5
2022-07-25,2025,3.5
2022-07-26,2025,3.5
2022-07-27,2025,3.5
2022-07-28,2025,3.5
2022-07-29,2025,3.5
2022-08-01,2025,3.5
2022-08-02,2025,3.5
2022-08-03,2025,3.5
2022-08-04,2025,3.5
2022-08-05,2025,3.0
2022-08-08,2025,3.03
2022-08-09,2025,3.03
2022-08-10,2025,3.015
2022-08-11,2025,3.03
2022-08-12,2025,3.235
2022-08-15,2025,3.0
2022-08-16,2025,3.0
2022-08-17,2025,3.0
2022-08-18,2025,3.0
2022-08-19,2025,3.325
2022-08-22,2025,3.325
2022-08-23,2025,3.4
2022-08-24,2025,3.4
2022-08-25,2025,3.31
2022-08-26,2025,3.385
2022-08-29,2025,3.37
2022-08-30,2025,3.37
2022-08-31,2025,3.185
2022-09-01,2025,3.2
2022-09-02,2025,3.0
2022-09-05,2025,3.0
2022-09-06,2025,3.0
2022-09-08,2025,3.0
2022-09-09,2025,3.31
2022-09-12,2025,3.4
2022-09-13,2025,3.5
2022-09-14,2025,3.4
2022-09-15,2025,3.4
2022-09-16,2025,3.37
2022-09-19,2025,3.435
2022-09-20,2025,3.435
2022-09-21,2025,3.5
2022-09-22,2025,3.5
2022-09-23,2025,3.175
2022-09-26,2025,3.1
2022-09-27,2025,3.1
2022-09-28,2025,3.1
2022-09-29,2025,3.065
2022-09-30,2025,3.0
2022-10-03,2025,3.0
2022-10-04,2025,3.0
2022-10-05,2025,3.0
2022-10-06,2025,3.0
2022-10-07,2025,3.0
2022-10-10,2025,3.31
2022-10-11,2025,3.31
2022-10-13,2025,3.31
2022-10-14,2025,3.0
2022-10-17,2025,3.0
2022-10-18,2025,3.0
2022-10-19,2025,3.0
2022-10-20,2025,3.0
2022-10-21,2025,3.25
2022-10-24,2025,3.28
2022-10-25,2025,3.31
2022-10-26,2025,3.1
2022-10-27,2025,3.175
2022-10-28,2025,3.0
2022-10-31,2025,3.0
2022-11-01,2025,3.0
2022-11-03,2025,3.015
2022-11-04,2025,3.14
2022-11-07,2025,3.03
2022-11-08,2025,3.31
2022-11-09,2025,3.31
2022-11-10,2025,3.31
2022-11-11,2025,3.17
2022-11-14,2025,3.03
2022-11-16,2025,3.0001
2022-11-17,2025,3.0
2022-11-18,2025,3.1
2022-11-21,2025,3.065
2022-11-22,2025,3.1
2022-11-23,2025,3.175
2022-11-24,2025,3.25
2022-11-25,2025,3.0
2022-11-28,2025,3.0
2022-11-29,2025,3.0
2022-11-30,2025,3.0
2022-12-01,2025,3.0
2022-12-02,2025,3.175
2022-12-05,2025,3.325
2022-12-06,2025,3.25
2022-12-07,2025,3.1
2022-12-08,2025,3.175
2022-12-09,2025,3.0
2022-12-12,2025,3.0
2022-12-13,2025,3.0
2022-12-14,2025,3.24
2022-12-15,2025,3.4
2022-12-16,2025,3.4
2022-12-19,2025,3.4
2022-12-20,2025,3.5
2022-12-21,2025,3.5
2022-12-22,2025,3.5
2022-12-23,2025,3.5
2022-12-26,2025,3.35
2022-12-27,2025,3.4
2022-12-28,2025,3.4
2022-12-29,2025,3.35
2022-12-30,2025,3.45
2023-01-02,2025,3.5
2023-01-03,2025,3.45
2023-01-04,2025,3.25
2023-01-05,2025,3.5
2023-01-06,2025,3.5
2023-01-09,2025,3.5
2023-01-10,2025,3.5
2023-01-11,2025,3.5
2023-01-12,2025,3.4
2023-01-13,2025,3.4
2023-01-16,2025,3.2001
2023-01-17,2025,3.2001
2023-01-18,2025,3.65
2023-01-19,2025,3.67
2023-01-20,2025,3.585
2023-01-23,2025,3.67
2023-01-24,2025,3.585
2023-01-25,2025,3.5
2023-01-26,2025,3.5
2023-01-27,2025,3.5
2023-01-30,2025,3.575
2023-01-31,2025,3.65
2023-02-01,2025,3.75
2023-02-02,2025,3.625
2023-02-03,2025,3.65
2023-02-06,2025,3.65
2023-02-07,2025,3.8
2023-02-08,2025,3.5
2023-02-09,2025,3.5
2023-02-10,2025,3.65
2023-02-13,2025,3.65
2023-02-14,2025,3.625
2023-02-15,2025,3.625
2023-02-16,2025,4.0
2023-02-17,2025,4.0
2023-02-22,2025,3.9445
2023-02-23,2025,4.0
2023-02-24,2025,3.9445
2023-02-27,2025,3.8445
2023-02-28,2025,3.55
2023-03-01,2025,3.6
2023-03-02,2025,3.6
2023-03-03,2025,3.5
2023-03-06,2025,3.5
2023-03-07,2025,3.5
2023-03-08,2025,3.5
2023-03-09,2025,3.5
2023-03-10,2025,3.6
2023-03-13,2025,3.6
2023-03-14,2025,3.55
2023-03-15,2025,3.6
2023-03-16,2025,3.675
2023-03-17,2025,4.0
2023-03-20,2025,4.0
2023-03-21,2025,4.0
2023-03-22,2025,4.0
2023-03-23,2025,4.0
2023-03-24,2025,4.0
2023-03-27,2025,4.0
2023-03-28,2025,4.0
2023-03-29,2025,4.0
2023-03-30,2025,4.0
2023-03-31,2025,3.5
2023-04-03,2025,3.5
2023-04-04,2025,3.5
2023-04-05,2025,3.65
2023-04-06,2025,3.65
2023-04-10,2025,3.8745
2023-04-11,2025,3.949
2023-04-12,2025,4.0
2023-04-13,2025,4.0
2023-04-14,2025,4.0
2023-04-17,2025,4.0
2023-04-18,2025,3.875
2023-04-19,2025,4.0
2023-04-20,2025,4.0
2023-04-24,2025,4.0
2023-04-25,2025,4.0
2023-04-26,2025,4.0
2023-04-27,2025,4.0
2023-04-28,2025,4.0
2023-05-02,2025,4.0
2023-05-03,2025,4.0
2023-05-04,2025,4.0
2023-05-05,2025,4.0
2023-05-08,2025,3.74
2023-05-09,2025,4.0
2023-05-10,2025,4.0
2023-05-11,2025,3.65
2023-05-12,2025,3.9745
2023-05-15,2025,3.75
2023-05-16,2025,3.8495
2023-05-17,2025,3.8495
2023-05-18,2025,3.949
2023-05-19,2025,4.0
2023-05-22,2025,4.0
2023-05-23,2025,4.0
2023-05-24,2025,4.0
2023-05-25,2025,4.0
2023-05-26,2025,4.0
2023-05-29,2025,4.0
2023-05-30,2025,3.99
2023-05-31,2025,3.99
2023-06-01,2025,3.99
2023-06-02,2025,3.98
2023-06-05,2025,3.575
2023-06-06,2025,3.575
2023-06-07,2025,4.0
2023-06-09,2025,4.0
2023-06-12,2025,4.0
2023-06-13,2025,4.0
2023-06-14,2025,4.0
2023-06-15,2025,4.0
2023-06-16,2025,4.0
2023-06-19,2025,4.0
2023-06-20,2025,4.0
2023-06-21,2025,4.0
2023-06-22,2025,4.0
2023-06-23,2025,4.0
2023-06-26,2025,4.0
2023-06-27,2025,4.0
2023-06-28,2025,4.0
2023-06-29,2025,4.0
2023-06-30,2025,3.7
2023-07-03,2025,3.7
2023-07-04,2025,3.7
2023-07-05,2025,3.7
2023-07-06,2025,3.7
2023-07-07,2025,3.9
2023-07-10,2025,3.7
2023-07-11,2025,4.0
2023-07-12,2025,4.0
2023-07-13,2025,3.85
2023-07-14,2025,3.547
2023-07-17,2025,3.5
2023-07-18,2025,3.5
2023-07-19,2025,3.5
2023-07-20,2025,3.5
2023-07-21,2025,3.8
2023-07-24,2025,3.8
2023-07-25,2025,3.8
2023-07-26,2025,3.8
2023-07-27,2025,3.8
2023-07-28,2025,3.75
2023-07-31,2025,3.725
2023-08-01,2025,3.7
2023-08-02,2025,3.725
2023-08-03,2025,3.75
2023-08-04,2025,3.7
2023-08-07,2025,3.6
2023-08-08,2025,3.8
2023-08-09,2025,3.7
2023-08-10,2025,3.425
2023-08-11,2025,3.7
2023-08-14,2025,3.65
2023-08-15,2025,3.6
2023-08-16,2025,3.5005
2023-08-17,2025,3.5505
2023-08-18,2025,3.805
2023-08-21,2025,3.81
2023-08-22,2025,3.81
2023-08-23,2025,3.95
2023-08-24,2025,3.95
2023-08-25,2025,3.5
2023-08-28,2025,3.5
2023-08-29,2025,3.725
2023-08-30,2025,3.725
2023-08-31,2025,3.725
2023-09-01,2025,4.0
2023-09-04,2025,4.0
2023-09-05,2025,4.0
2023-09-06,2025,4.0
2023-09-08,2025,3.9701
2023-09-11,2025,3.9401
2023-09-12,2025,3.9451
2023-09-13,2025,3.75
2023-09-14,2025,3.5
2023-09-15,2025,3.995
2023-09-18,2025,3.99
2023-09-19,2025,3.99
2023-09-20,2025,4.0
2023-09-21,2025,4.0
2023-09-22,2025,3.94
2023-09-25,2025,3.9701
2023-09-26,2025,3.9701
2023-09-27,2025,3.9701
2023-09-28,2025,3.9701
2023-09-29,2025,3.75
2023-10-02,2025,3.745
2023-10-03,2025,3.745
2023-10-04,2025,3.99
2023-10-05,2025,3.8
2023-10-06,2025,3.6904
2023-10-09,2025,3.6
2023-10-10,2025,3.55
2023-10-11,2025,3.55
2023-10-13,2025,3.7808
2023-10-16,2025,3.97
2023-10-17,2025,3.94
2023-10-18,2025,3.91
2023-10-19,2025,3.925
2023-10-20,2025,3.9551
2023-10-23,2025,3.9701
2023-10-24,2025,3.9551
2023-10-25,2025,3.9851
2023-10-26,2025,3.9851
2023-10-27,2025,3.9701
2023-10-30,2025,3.9851
2023-10-31,2025,3.9701
2023-11-01,2025,3.94
2023-11-03,2025,3.9701
2023-11-06,2025,3.7
2023-11-07,2025,3.65
2023-11-08,2025,3.65
2023-11-09,2025,3.75
2023-11-10,2025,3.65
2023-11-13,2025,3.5
2023-11-14,2025,3.55
2023-11-16,2025,3.55
2023-11-17,2025,3.9851
2023-11-20,2025,3.9851
2023-11-21,2025,4.0
2023-11-22,2025,4.0
2023-11-23,2025,4.0
2023-11-24,2025,3.7
2023-11-27,2025,3.97
2023-11-28,2025,3.94
2023-11-29,2025,3.7
2023-11-30,2025,3.7
2023-12-01,2025,3.6
2023-12-04,2025,3.555
2023-12-05,2025,3.51
2023-12-06,2025,3.51
2023-12-07,2025,3.51
2023-12-08,2025,3.9851
2023-12-11,2025,4.0
2023-12-12,2025,4.0
2023-12-13,2025,4.0
2023-12-14,2025,4.0
2023-12-15,2025,3.8
2023-12-18,2025,3.755
2023-12-19,2025,3.81
2023-12-20,2025,3.8949
2023-12-21,2025,4.0
2023-12-22,2025,4.0
2023-12-26,2025,4.0
2023-12-27,2025,4.0
2023-12-28,2025,4.0
2023-12-29,2025,3.988
2024-01-02,2025,3.5
2024-01-03,2025,3.5
2024-01-04,2025,3.6
2024-01-05,2025,3.6778
2024-01-08,2025,4.0
2024-01-09,2025,3.9
2024-01-10,2025,3.8
2024-01-11,2025,3.6378
2024-01-12,2025,3.5555
2024-01-15,2025,3.5278
2024-01-16,2025,3.6069
2024-01-17,2025,3.6069
2024-01-18,2025,3.8908
2024-01-19,2025,4.0
2024-01-22,2025,4.0
2024-01-23,2025,4.0
2024-01-24,2025,4.0
2024-01-25,2025,4.0
2024-01-26,2025,4.0
2024-01-29,2025,3.9851
2024-01-30,2025,4.0
2024-01-31,2025,3.9851
2024-02-01,2025,3.9701
2024-02-02,2025,3.5658
2024-02-05,2025,3.6291
2024-02-06,2025,3.6582
2024-02-07,2025,3.6582
2024-02-08,2025,3.8816
2024-02-09,2025,3.9751
2024-02-14,2025,3.9626
2024-02-15,2025,3.936
2024-02-16,2025,3.9476
2024-02-19,2025,3.9168
2024-02-20,2025,3.9283
2024-02-21,2025,3.94
2024-02-22,2025,3.9701
2024-02-23,2025,3.9165
2024-02-26,2025,3.9
2024-02-27,2025,3.9287
2024-02-28,2025,3.86
2024-02-29,2025,3.86
2024-03-01,2025,3.9592
2024-03-04,2025,3.9184
2024-03-05,2025,3.9084
2024-03-06,2025,3.9584
2024-03-07,2025,3.9084
2024-03-08,2025,3.76
2024-03-11,2025,3.76
2024-03-12,2025,4.0
2024-03-13,2025,3.9433
2024-03-14,2025,4.0
2024-03-15,2025,3.9184
2024-03-18,2025,3.9092
2024-03-19,2025,3.9092
2024-03-20,2025,3.9092
2024-03-21,2025,3.9
2024-03-22,2025,3.9346
2024-03-25,2025,3.9491
2024-03-26,2025,3.9596
2024-03-27,2025,3.9596
2024-03-28,2025,3.92
2024-04-01,2025,3.9
2024-04-02,2025,3.784
2024-04-03,2025,3.784
2024-04-04,2025,3.9
2024-04-05,2025,3.9382
2024-04-08,2025,3.92
2024-04-09,2025,3.92
2024-04-10,2025,3.9184
2024-04-11,2025,3.87
2024-04-12,2025,3.885
2024-04-15,2025,3.87
2024-04-16,2025,3.9
2024-04-17,2025,3.87
2024-04-18,2025,3.9
2024-04-19,2025,3.9344
2024-04-22,2025,3.93
2024-04-23,2025,3.9264
2024-04-24,2025,3.9543
2024-04-25,2025,3.9701
2024-04-26,2025,3.9184
2024-04-29,2025,3.9092
2024-04-30,2025,3.9092
2024-05-02,2025,3.9184
2024-05-03,2025,3.9243
2024-05-06,2025,3.9243
2024-05-07,2025,3.91
2024-05-08,2025,3.91
2024-05-09,2025,3.9335
2024-05-10,2025,3.8
2024-05-13,2025,3.741
2024-05-14,2025,3.752
2024-05-15,2025,3.776
2024-05-16,2025,3.665
2024-05-17,2025,3.771
2024-05-20,2025,3.8347
2024-05-21,2025,3.8378
2024-05-22,2025,3.8408
2024-05-23,2025,3.9
2024-05-24,2025,3.9
2024-05-27,2025,3.9
2024-05-28,2025,3.9
2024-05-29,2025,3.9
2024-05-31,2025,3.9
2024-06-03,2025,3.9
2024-06-04,2025,3.815
2024-06-05,2025,3.85
2024-06-06,2025,3.9
2024-06-07,2025,3.9
2024-06-10,2025,3.7945
2024-06-11,2025,3.7945
2024-06-12,2025,3.7945
2024-06-13,2025,3.7571
2024-06-14,2025,3.9
2024-06-17,2025,3.9
2024-06-18,2025,3.9
2024-06-19,2025,3.9
2024-06-20,2025,3.9175
2024-06-21,2025,3.8777
2024-06-24,2025,3.9
2024-06-25,2025,3.8554
2024-06-26,2025,3.8554
2024-06-27,2025,3.9
2024-06-28,2025,3.825
2024-07-01,2025,3.85
2024-07-02,2025,3.8777
2024-07-03,2025,3.9
2024-07-04,2025,3.8777
2024-07-05,2025,3.8146
2024-07-08,2025,3.8
2024-07-09,2025,3.7617
2024-07-10,2025,3.7632
2024-07-11,2025,3.7632
2024-07-12,2025,3.77
2024-07-15,2025,3.77
2024-07-16,2025,3.8
2024-07-17,2025,3.823
2024-07-18,2025,3.8178
2024-07-19,2025,3.9177
2024-07-22,2025,3.9177
2024-07-23,2025,3.9177
2024-07-24,2025,3.9588
2024-07-25,2025,3.9477
2024-07-26,2025,3.9
2024-07-29,2025,3.9042
2024-07-30,2025,3.9042
2024-07-31,2025,3.9042
2024-08-01,2025,3.9042
2024-08-02,2025,3.9399
2024-08-05,2025,3.9
2024-08-06,2025,3.9
2024-08-07,2025,3.9
2024-08-08,2025,3.9
2024-08-09,2025,3.9
2024-08-12,2025,3.9
2024-08-13,2025,3.87
2024-08-14,2025,3.9
2024-08-15,2025,3.8631
2024-08-16,2025,3.846
2024-08-19,2025,3.8531
2024-08-20,2025,3.8634
2024-08-21,2025,3.846
2024-08-22,2025,3.8458
2024-08-23,2025,3.848
2024-08-26,2025,3.8561
2024-08-27,2025,3.865
2024-08-28,2025,3.865
2024-08-29,2025,3.8675
2024-08-30,2025,3.87
2024-09-02,2025,3.865
2024-09-03,2025,3.8575
2024-09-04,2025,3.8664
2024-09-05,2025,3.8687
2024-09-06,2025,3.8
2024-09-09,2025,3.7809
2024-09-10,2025,3.7809
2024-09-11,2025,3.7617
2024-09-12,2025,3.75
2024-09-13,2025,3.78
2024-09-16,2025,3.8
2024-09-17,2025,3.8
2024-09-18,2025,3.8
2024-09-19,2025,3.8
2024-09-20,2025,3.8
2024-09-23,2025,3.7617
2024-09-24,2025,3.7617
2024-09-25,2025,3.7617
2024-09-26,2025,3.7563
2024-09-27,2025,3.7572
2024-09-30,2025,3.7659
2024-10-01,2025,3.77
2024-10-02,2025,3.78
2024-10-03,2025,3.795
2024-10-04,2025,3.785
2024-10-07,2025,3.7763
2024-10-08,2025,3.7763
2024-10-09,2025,3.7526
2024-10-10,2025,3.7163
2024-10-11,2025,3.8
2024-10-14,2025,3.85
2024-10-15,2025,3.85
2024-10-16,2025,3.8343
2024-10-17,2025,3.8148
2024-10-18,2025,3.701
2024-10-21,2025,3.701
2024-10-22,2025,3.6902
2024-10-23,2025,3.6907
2024-10-24,2025,3.6959
2024-10-25,2025,3.68
2024-10-28,2025,3.6594
2024-10-29,2025,3.6596
2024-10-30,2025,3.6905
2024-10-31,2025,3.6698
2024-11-01,2025,3.835
2024-11-04,2025,3.86
2024-11-05,2025,3.835
2024-11-06,2025,3.835
2024-11-07,2025,3.86
2024-11-08,2025,3.9247
2024-11-11,2025,3.82
2024-11-12,2025,3.8417
2024-11-13,2025,3.8833
2024-11-14,2025,3.925
2024-11-18,2025,3.8996
2024-11-19,2025,3.9123
2024-11-21,2025,3.925
2024-11-22,2025,4.265
2024-11-25,2025,4.26
2024-11-26,2025,4.2292
2024-11-27,2025,4.1892
2024-11-28,2025,4.26
2024-11-29,2025,4.1087
2024-12-02,2025,4.0736
2024-12-03,2025,4.0736
2024-12-04,2025,4.12
2024-12-05,2025,4.13
2024-12-06,2025,4.16
2024-12-09,2025,4.1643
2024-12-10,2025,4.1685
2024-12-11,2025,4.1685
2024-12-12,2025,4.153
2024-12-13,2025,4.2
2024-12-16,2025,4.2
2024-12-17,2025,4.1765
2024-12-18,2025,4.2
2024-12-19,2025,4.2653
2024-12-20,2025,4.4212
2024-12-23,2025,4.4248
2024-12-24,2025,4.4212
2024-12-26,2025,4.4447
2024-12-27,2025,4.4408
2024-12-30,2025,4.2347
2024-12-31,2025,4.136
2025-01-02,2025,4.136
2025-01-03,2025,4.1869
2025-01-06,2025,4.2103
2025-01-07,2025,4.3349
2025-01-08,2025,4.3349
2025-01-09,2025,4.3349
2025-01-10,2025,4.5071
2025-01-13,2025,4.5136
2025-01-14,2025,4.7065
2025-01-15,2025,4.7065
2025-01-16,2025,4.7133
2025-01-17,2025,4.66
2025-01-20,2025,4.5495
2025-01-21,2025,4.5495
2025-01-22,2025,4.7
2025-01-23,2025,4.7149
2025-01-24,2025,4.9184
2025-01-27,2025,4.9184
2025-01-28,2025,4.9201
2025-01-29,2025,4.9104
2025-01-30,2025,4.9393
2025-01-31,2025,4.8148
2025-02-03,2025,4.7756
2025-02-04,2025,4.7756
2025-02-05,2025,4.7996
2025-02-06,2025,4.7996
2025-02-07,2025,4.885
2025-02-10,2025,4.8229
2025-02-11,2025,5.0
2025-02-12,2025,4.95
2025-02-13,2025,4.8992
2025-02-14,2025,4.8297
2025-02-17,2025,4.82
2025-02-18,2025,4.8199
2025-02-19,2025,4.82
2025-02-20,2025,4.82
2025-02-21,2025,4.9662
2025-02-24,2025,4.9099
2025-02-25,2025,4.9099
2025-02-26,2025,4.96
2025-02-27,2025,4.935
2025-02-28,2025,4.96
2025-03-05,2025,5.0
2025-03-06,2025,5.0
2025-03-07,2025,4.9398
2025-03-10,2025,5.0
2025-03-11,2025,4.9659
2025-03-12,2025,5.0124
2025-03-13,2025,5.0916
2025-03-14,2025,5.0618
2025-03-17,2025,5.0618
2025-03-18,2025,5.0668
2025-03-19,2025,5.0668
2025-03-20,2025,5.0618
2025-03-21,2025,5.0268
2025-03-24,2025,5.0133
2025-03-25,2025,5.0268
2025-03-26,2025,5.0416
2025-03-27,2025,5.0268
2025-03-28,2025,5.06
2025-03-31,2025,5.08
2025-04-01,2025,5.06
2025-04-02,2025,5.02
2025-04-03,2025,5.1
2025-04-04,2025,5.0005
2025-04-07,2025,5.04
2025-04-08,2025,5.056
2025-04-09,2025,5.048
2025-04-10,2025,5.048
2025-04-11,2025,4.8239
2025-04-14,2025,4.8239
2025-04-15,2025,4.7979
2025-04-16,2025,4.7641
2025-04-17,2025,4.7223
2025-04-22,2025,4.7223
2025-04-23,2025,4.7212
2025-04-24,2025,4.69
2025-04-25,2025,4.7212
2025-04-28,2025,4.5326
2025-04-29,2025,4.5562
2025-04-30,2025,4.7
2025-05-02,2025,4.5202
2025-05-05,2025,4.5202
2025-05-06,2025,4.5304
2025-05-07,2025,4.51
2025-05-08,2025,4.5006
2025-05-09,2025,4.5079
2025-05-12,2025,4.4591
2025-05-13,2025,4.5557
2025-05-14,2025,4.5405
2025-05-15,2025,4.5644
2025-05-16,2025,4.5715
2025-05-19,2025,4.57
2025-05-20,2025,4.5608
2025-05-21,2025,4.5608
2025-05-22,2025,4.57
2025-05-23,2025,4.5306
2025-05-26,2025,4.58
2025-05-27,2025,4.5766
2025-05-28,2025,4.5814
2025-05-29,2025,4.57
2025-05-30,2025,4.59
2025-06-02,2025,4.5388
2025-06-03,2025,4.6
2025-06-04,2025,4.56
2025-06-05,2025,4.5652
2025-06-06,2025,4.4044
2025-06-09,2025,4.4295
2025-06-10,2025,4.3941
2025-06-11,2025,4.3941
2025-06-12,2025,4.3849
2025-06-13,2025,4.2757
2025-06-16,2025,4.27
2025-06-17,2025,4.2667
2025-06-18,2025,4.2359
2025-06-20,2025,4.2634
2025-06-23,2025,4.2715
2025-06-24,2025,4.2715
2025-06-25,2025,4.2634
2025-06-26,2025,4.2634
2025-06-27,2025,4.2775
2025-06-30,2025,4.33
2025-07-01,2025,4.345
2025-07-02,2025,4.3725
2025-07-03,2025,4.4014
2025-07-04,2025,4.5
2025-07-07,2025,4.4972
2025-07-08,2025,4.474
2025-07-09,2025,4.4819
2025-07-10,2025,4.5237
2025-07-11,2025,4.5268
2025-07-14,2025,4.59
2025-07-15,2025,4.5962
2025-07-16,2025,4.6031
2025-07-17,2025,4.6211
2025-07-18,2025,4.6928
2025-07-21,2025,4.6914
2025-07-22,2025,4.6928
2025-07-23,2025,4.6928
2025-07-24,2025,4.7
2025-07-25,2025,4.6957
2025-07-28,2025,4.7112
2025-07-29,2025,4.7056
2025-07-30,2025,4.7056
2025-07-31,2025,4.72
2025-08-01,2025,4.6952
2025-08-04,2025,4.6699
2025-08-05,2025,4.6699
2025-08-06,2025,4.6704
2025-08-07,2025,4.7105
2025-08-08,2025,4.6857
2025-08-11,2025,4.6857
2025-08-12,2025,4.7103
2025-08-13,2025,4.705
2025-08-14,2025,4.7103
2025-08-15,2025,4.7182
2025-08-18,2025,4.7182
2025-08-19,2025,4.7164
2025-08-20,2025,4.7309
2025-08-21,2025,4.67
2025-08-22,2025,4.6612
2025-08-25,2025,4.6593
2025-08-26,2025,4.6612
2025-08-27,2025,4.6612
2025-08-28,2025,4.6537
2025-08-29,2025,4.645
2025-09-01,2025,4.6
2025-09-02,2025,4.6212
2025-09-03,2025,4.6106
2025-09-04,2025,4.6125
2025-09-05,2025,4.6939
2025-09-08,2025,4.68
2025-09-09,2025,4.6887
2025-09-10,2025,4.682
2025-09-11,2025,4.6697
2025-09-12,2025,4.6145
2025-09-15,2025,4.6333
2025-09-16,2025,4.6213
2025-09-17,2025,4.6161
2025-09-18,2025,4.6153
2025-09-19,2025,4.765
2025-09-22,2025,4.7542
2025-09-23,2025,4.7542
2025-09-24,2025,4.7503
2025-09-25,2025,4.7596
2025-09-26,2025,4.7746
2025-09-29,2025,4.8334
2025-09-30,2025,4.84
2025-10-01,2025,4.84
2025-10-02,2025,4.8225
2025-10-03,2025,4.8519
2025-10-06,2025,4.8782
2025-10-07,2025,4.8741
2025-10-08,2025,4.8741
2025-10-09,2025,4.877
2025-10-10,2025,4.9091
2025-10-13,2025,4.9076
2025-10-14,2025,4.9392
2025-10-15,2025,4.9392
2025-10-16,2025,4.9076
2025-10-17,2025,4.9655
2025-10-20,2025,4.94
2025-10-21,2025,4.9241
2025-10-22,2025,4.9082
2025-10-23,2025,4.9001
2025-10-24,2025,4.8879
2025-10-27,2025,4.8874
2025-10-28,2025,4.8874
2025-10-29,2025,4.894
2025-10-30,2025,4.8983
2025-10-31,2025,4.9189
2025-11-03,2025,4.9448
2025-11-04,2025,4.92
2025-11-05,2025,4.92
2025-11-06,2025,4.92
2025-11-07,2025,4.9298
2025-11-10,2025,4.8
2025-11-11,2025,5.0571
2025-11-12,2025,5.0242
2025-11-13,2025,5.0571
2025-11-14,2025,5.11
2025-11-17,2025,5.11
2025-11-18,2025,5.1
2025-11-19,2025,5.1
2025-11-21,2025,5.1493
2025-11-24,2025,5.1502
2025-11-25,2025,5.1666
2025-11-26,2025,5.1822
2025-11-27,2025,5.1926
2025-11-28,2025,5.2765
2025-12-01,2025,5.3297
2025-12-02,2025,5.3031
2025-12-03,2025,5.2765
2025-12-04,2025,5.2665
2025-12-05,2025,5.2876
2025-12-08,2025,5.2877
2025-12-09,2025,5.2877
2025-12-10,2025,5.3403
2025-12-11,2025,5.3403
2025-12-12,2025,5.3086
2025-12-15,2025,5.3043
2025-12-16,2025,5.3043
2025-12-17,2025,5.3086
2025-12-18,2025,5.3
2025-12-19,2025,5.3
2025-12-22,2025,5.3043
2025-12-23,2025,5.3
2025-12-24,2025,5.2991
2025-12-26,2025,5.3192
2025-12-29,2025,5.3401
2025-12-30,2025,5.33
2025-12-31,2025,5.3403
2026-01-02,2025,5.335
2026-01-05,2025,5.3086
2026-01-06,2025,5.2928
2026-01-07,2025,5.2981
2026-01-08,2025,5.2981
2022-01-11,2026,3.0
2022-01-12,2026,3.0
2022-01-13,2026,3.0
2022-01-14,2026,3.0
2022-01-17,2026,3.0
2022-01-18,2026,3.0
2022-01-19,2026,3.0
2022-01-20,2026,3.0
2022-01-21,2026,3.5
2022-01-24,2026,3.5
2022-01-25,2026,3.5
2022-01-26,2026,3.5
2022-01-27,2026,3.4
2022-01-28,2026,3.125
2022-01-31,2026,3.0
2022-02-01,2026,3.0
2022-02-02,2026,3.0
2022-02-03,2026,3.125
2022-02-04,2026,3.0
2022-02-07,2026,3.0
2022-02-08,2026,3.0
2022-02-09,2026,3.0
2022-02-10,2026,3.0
2022-02-11,2026,3.5
2022-02-14,2026,3.5
2022-02-15,2026,3.45
2022-02-16,2026,3.4
2022-02-17,2026,3.45
2022-02-18,2026,3.125
2022-02-21,2026,3.125
2022-02-22,2026,3.0
2022-02-23,2026,3.25
2022-02-24,2026,3.0
2022-02-25,2026,3.4
2022-03-02,2026,3.2
2022-03-03,2026,3.0
2022-03-04,2026,3.0
2022-03-07,2026,3.0
2022-03-08,2026,3.0
2022-03-09,2026,3.0
2022-03-10,2026,3.0
2022-03-11,2026,3.0001
2022-03-14,2026,3.0001
2022-03-15,2026,3.0001
2022-03-16,2026,3.0001
2022-03-17,2026,3.0
2022-03-18,2026,3.0
2022-03-21,2026,3.0
2022-03-22,2026,3.0
2022-03-23,2026,3.0
2022-03-24,2026,3.0
2022-03-25,2026,3.0
2022-03-28,2026,3.0
2022-03-29,2026,3.0
2022-03-30,2026,3.0
2022-03-31,2026,3.0
2022-04-01,2026,3.25
2022-04-04,2026,3.5
2022-04-05,2026,3.625
2022-04-06,2026,3.5
2022-04-07,2026,3.45
2022-04-08,2026,3.125
2022-04-11,2026,3.125
2022-04-12,2026,3.0
2022-04-13,2026,3.0
2022-04-14,2026,3.125
2022-04-18,2026,3.125
2022-04-19,2026,3.0
2022-04-20,2026,3.1875
2022-04-22,2026,3.0
2022-04-25,2026,3.0
2022-04-26,2026,3.0
2022-04-27,2026,3.0
2022-04-28,2026,3.0
2022-04-29,2026,3.05
2022-05-02,2026,3.1
2022-05-03,2026,3.1125
2022-05-04,2026,3.1
2022-05-05,2026,3.1
2022-05-06,2026,3.0
2022-05-09,2026,3.0
2022-05-10,2026,3.05
2022-05-11,2026,3.0
2022-05-12,2026,3.0
2022-05-13,2026,3.0501
2022-05-16,2026,3.0001
2022-05-17,2026,3.0
2022-05-18,2026,3.0
2022-05-19,2026,3.0001
2022-05-20,2026,3.175
2022-05-23,2026,3.05
2022-05-24,2026,3.05
2022-05-25,2026,3.1
2022-05-26,2026,3.05
2022-05-27,2026,3.0
2022-05-30,2026,3.0
2022-05-31,2026,3.0
2022-06-01,2026,3.0
2022-06-02,2026,3.0
2022-06-03,2026,3.0
2022-06-06,2026,3.0
2022-06-07,2026,3.0
2022-06-08,2026,3.2
2022-06-09,2026,3.0
2022-06-10,2026,3.325
2022-06-13,2026,3.25
2022-06-14,2026,3.25
2022-06-15,2026,3.1
2022-06-17,2026,3.175
2022-06-20,2026,3.0
2022-06-21,2026,3.0
2022-06-22,2026,3.0
2022-06-23,2026,3.0
2022-06-24,2026,3.0
2022-06-27,2026,3.2
2022-06-28,2026,3.2
2022-06-29,2026,3.2
2022-06-30,2026,3.2
2022-07-01,2026,3.4
2022-07-04,2026,3.4
2022-07-05,2026,3.2
2022-07-06,2026,3.0
2022-07-07,2026,3.0
2022-07-08,2026,3.0
2022-07-11,2026,3.0001
2022-07-12,2026,3.0
2022-07-13,2026,3.0001
2022-07-14,2026,3.0005
2022-07-15,2026,3.3
2022-07-18,2026,3.1
2022-07-19,2026,3.3
2022-07-20,2026,3.5
2022-07-21,2026,3.1
2022-07-22,2026,3.175
2022-07-25,2026,3.1
2022-07-26,2026,3.175
2022-07-27,2026,3.25
2022-07-28,2026,3.325
2022-07-29,2026,3.45
2022-08-01,2026,3.5
2022-08-02,2026,3.5
2022-08-03,2026,3.5
2022-08-04,2026,3.5
2022-08-05,2026,3.0
2022-08-08,2026,3.2
2022-08-09,2026,3.2
2022-08-10,2026,3.0
2022-08-11,2026,3.185
2022-08-12,2026,3.37
2022-08-15,2026,3.0
2022-08-16,2026,3.0
2022-08-17,2026,3.0
2022-08-18,2026,3.0
2022-08-19,2026,3.1
2022-08-22,2026,3.1
2022-08-23,2026,3.175
2022-08-24,2026,3.175
2022-08-25,2026,3.1
2022-08-26,2026,3.385
2022-08-29,2026,3.37
2022-08-30,2026,3.37
2022-08-31,2026,3.185
2022-09-01,2026,3.2
2022-09-02,2026,3.0
2022-09-05,2026,3.0
2022-09-06,2026,3.0
2022-09-08,2026,3.0
2022-09-09,2026,3.37
2022-09-12,2026,3.385
2022-09-13,2026,3.2
2022-09-14,2026,3.1851
2022-09-15,2026,3.1851
2022-09-16,2026,3.0505
2022-09-19,2026,3.25
2022-09-20,2026,3.25
2022-09-21,2026,3.25
2022-09-22,2026,3.375
2022-09-23,2026,3.0
2022-09-26,2026,3.0
2022-09-27,2026,3.0
2022-09-28,2026,3.0
2022-09-29,2026,3.0
2022-09-30,2026,3.0
2022-10-03,2026,3.0
2022-10-04,2026,3.0
2022-10-05,2026,3.0
2022-10-06,2026,3.0
2022-10-07,2026,3.0
2022-10-10,2026,3.0
2022-10-11,2026,3.0
2022-10-13,2026,3.0
2022-10-14,2026,3.0
2022-10-17,2026,3.0
2022-10-18,2026,3.0
2022-10-19,2026,3.0
2022-10-20,2026,3.0
2022-10-21,2026,3.0
2022-10-24,2026,3.05
2022-10-25,2026,3.1
2022-10-26,2026,3.0
2022-10-27,2026,3.05
2022-10-28,2026,3.0
2022-10-31,2026,3.0
2022-11-01,2026,3.0
2022-11-03,2026,3.015
2022-11-04,2026,3.25
2022-11-07,2026,3.215
2022-11-08,2026,3.215
2022-11-09,2026,3.215
2022-11-10,2026,3.25
2022-11-11,2026,3.0
2022-11-14,2026,3.0
2022-11-16,2026,3.0
2022-11-17,2026,3.0
2022-11-18,2026,3.1
2022-11-21,2026,3.1
2022-11-22,2026,3.175
2022-11-23,2026,3.25
2022-11-24,2026,3.25
2022-11-25,2026,3.0
2022-11-28,2026,3.0
2022-11-29,2026,3.0
2022-11-30,2026,3.0
2022-12-01,2026,3.0
2022-12-02,2026,3.25
2022-12-05,2026,3.25
2022-12-06,2026,3.25
2022-12-07,2026,3.25
2022-12-08,2026,3.25
2022-12-09,2026,3.0
2022-12-12,2026,3.0
2022-12-13,2026,3.0
2022-12-14,2026,3.0
2022-12-15,2026,3.125
2022-12-16,2026,3.125
2022-12-19,2026,3.325
2022-12-20,2026,3.45
2022-12-21,2026,3.5
2022-12-22,2026,3.5
2022-12-23,2026,3.5
2022-12-26,2026,3.285
2022-12-27,2026,3.32
2022-12-28,2026,3.32
2022-12-29,2026,3.285
2022-12-30,2026,3.45
2023-01-02,2026,3.45
2023-01-03,2026,3.4
2023-01-04,2026,3.25
2023-01-05,2026,3.5
2023-01-06,2026,3.5
2023-01-09,2026,4.0
2023-01-10,2026,3.5
2023-01-11,2026,3.375
2023-01-12,2026,3.125
2023-01-13,2026,3.1251
2023-01-16,2026,3.0001
2023-01-17,2026,3.0001
2023-01-18,2026,3.25
2023-01-19,2026,3.68
2023-01-20,2026,3.5
2023-01-23,2026,3.5
2023-01-24,2026,3.5
2023-01-25,2026,3.5
2023-01-26,2026,3.5
2023-01-27,2026,3.5
2023-01-30,2026,3.5
2023-01-31,2026,3.5
2023-02-01,2026,3.5
2023-02-02,2026,3.5
2023-02-03,2026,3.8
2023-02-06,2026,3.8
2023-02-07,2026,3.9
2023-02-08,2026,3.65
2023-02-09,2026,3.465
2023-02-10,2026,3.84
2023-02-13,2026,3.84
2023-02-14,2026,3.68
2023-02-15,2026,3.68
2023-02-16,2026,4.0
2023-02-17,2026,4.0
2023-02-22,2026,3.98
2023-02-23,2026,4.0
2023-02-24,2026,3.98
2023-02-27,2026,3.88
2023-02-28,2026,3.515
2023-03-01,2026,3.53
2023-03-02,2026,3.53
2023-03-03,2026,3.5
2023-03-06,2026,3.5
2023-03-07,2026,3.5
2023-03-08,2026,3.5
2023-03-09,2026,3.5
2023-03-10,2026,3.54
2023-03-13,2026,3.68
2023-03-14,2026,3.53
2023-03-15,2026,3.515
2023-03-16,2026,3.68
2023-03-17,2026,4.0
2023-03-20,2026,4.0
2023-03-21,2026,4.0
2023-03-22,2026,4.0
2023-03-23,2026,4.0
2023-03-24,2026,4.0
2023-03-27,2026,4.0
2023-03-28,2026,4.1
2023-03-29,2026,4.0
2023-03-30,2026,4.0
2023-03-31,2026,3.45
2023-04-03,2026,3.45
2023-04-04,2026,3.5
2023-04-05,2026,3.5
2023-04-06,2026,3.53
2023-04-10,2026,3.74
2023-04-11,2026,3.9
2023-04-12,2026,4.0
2023-04-13,2026,4.0
2023-04-14,2026,4.0
2023-04-17,2026,4.0
2023-04-18,2026,3.765
2023-04-19,2026,4.0
2023-04-20,2026,4.0
2023-04-24,2026,4.0
2023-04-25,2026,4.0
2023-04-26,2026,4.0
2023-04-27,2026,4.0
2023-04-28,2026,4.0
2023-05-02,2026,4.0
2023-05-03,2026,4.0
2023-05-04,2026,4.0
2023-05-05,2026,4.0
2023-05-08,2026,3.5
2023-05-09,2026,3.75
2023-05-10,2026,3.75
2023-05-11,2026,3.68
2023-05-12,2026,3.84
2023-05-15,2026,3.6115
2023-05-16,2026,3.68
2023-05-17,2026,3.68
2023-05-18,2026,4.0
2023-05-19,2026,4.0
2023-05-22,2026,4.0
2023-05-23,2026,4.0
2023-05-24,2026,4.0
2023-05-25,2026,4.0
2023-05-26,2026,3.53
2023-05-29,2026,3.53
2023-05-30,2026,3.5
2023-05-31,2026,3.5
2023-06-01,2026,3.5
2023-06-02,2026,3.68
2023-06-05,2026,3.515
2023-06-06,2026,3.53
2023-06-07,2026,3.84
2023-06-09,2026,4.0
2023-06-12,2026,4.0
2023-06-13,2026,4.0
2023-06-14,2026,4.0
2023-06-15,2026,4.0
2023-06-16,2026,4.0
2023-06-19,2026,4.0
2023-06-20,2026,4.0
2023-06-21,2026,4.0
2023-06-22,2026,4.0
2023-06-23,2026,4.0
2023-06-26,2026,4.0
2023-06-27,2026,4.0
2023-06-28,2026,3.875
2023-06-29,2026,3.75
2023-06-30,2026,3.5
2023-07-03,2026,3.5
2023-07-04,2026,3.5
2023-07-05,2026,3.6
2023-07-06,2026,3.5
2023-07-07,2026,3.5
2023-07-10,2026,3.5
2023-07-11,2026,3.5
2023-07-12,2026,3.5
2023-07-13,2026,3.5
2023-07-14,2026,3.5
2023-07-17,2026,3.375
2023-07-18,2026,3.25
2023-07-19,2026,3.125
2023-07-20,2026,3.25
2023-07-21,2026,3.5
2023-07-24,2026,3.515
2023-07-25,2026,3.515
2023-07-26,2026,3.5
2023-07-27,2026,3.5
2023-07-28,2026,3.5
2023-07-31,2026,3.5
2023-08-01,2026,3.5
2023-08-02,2026,3.5
2023-08-03,2026,3.5
2023-08-04,2026,3.725
2023-08-07,2026,3.5
2023-08-08,2026,3.5
2023-08-09,2026,3.375
2023-08-10,2026,3.125
2023-08-11,2026,3.25
2023-08-14,2026,3.5
2023-08-15,2026,3.5
2023-08-16,2026,3.5
2023-08-17,2026,3.5
2023-08-18,2026,3.61
2023-08-21,2026,3.53
2023-08-22,2026,3.53
2023-08-23,2026,3.61
2023-08-24,2026,3.61
2023-08-25,2026,3.5
2023-08-28,2026,3.5
2023-08-29,2026,3.265
2023-08-30,2026,3.265
2023-08-31,2026,3.265
2023-09-01,2026,3.5
2023-09-04,2026,3.5
2023-09-05,2026,3.5
2023-09-06,2026,3.515
2023-09-08,2026,3.5
2023-09-11,2026,3.5
2023-09-12,2026,3.5
2023-09-13,2026,3.5
2023-09-14,2026,3.45
2023-09-15,2026,3.66
2023-09-18,2026,3.53
2023-09-19,2026,3.62
2023-09-20,2026,3.66
2023-09-21,2026,3.66
2023-09-22,2026,3.5
2023-09-25,2026,3.5
2023-09-26,2026,3.5
2023-09-27,2026,3.5
2023-09-28,2026,3.515
2023-09-29,2026,3.53
2023-10-02,2026,3.53
2023-10-03,2026,3.53
2023-10-04,2026,3.51
2023-10-05,2026,3.66
2023-10-06,2026,3.515
2023-10-09,2026,3.5
2023-10-10,2026,3.5
2023-10-11,2026,3.5
2023-10-13,2026,3.5
2023-10-16,2026,3.665
2023-10-17,2026,3.8
2023-10-18,2026,3.53
2023-10-19,2026,3.65
2023-10-20,2026,3.5
2023-10-23,2026,3.5
2023-10-24,2026,3.5
2023-10-25,2026,3.5
2023-10-26,2026,3.53
2023-10-27,2026,3.7
2023-10-30,2026,3.615
2023-10-31,2026,3.53
2023-11-01,2026,3.5
2023-11-03,2026,3.5
2023-11-06,2026,3.4
2023-11-07,2026,3.4
2023-11-08,2026,3.45
2023-11-09,2026,3.6
2023-11-10,2026,3.5
2023-11-13,2026,3.4
2023-11-14,2026,3.5
2023-11-16,2026,3.5
2023-11-17,2026,3.5
2023-11-20,2026,3.5
2023-11-21,2026,3.53
2023-11-22,2026,3.53
2023-11-23,2026,3.59
2023-11-24,2026,3.515
2023-11-27,2026,3.7
2023-11-28,2026,3.615
2023-11-29,2026,3.515
2023-11-30,2026,3.515
2023-12-01,2026,3.515
2023-12-04,2026,3.5
2023-12-05,2026,3.5
2023-12-06,2026,3.5
2023-12-07,2026,3.5
2023-12-08,2026,3.53
2023-12-11,2026,3.555
2023-12-12,2026,3.64
2023-12-13,2026,3.555
2023-12-14,2026,3.555
2023-12-15,2026,3.515
2023-12-18,2026,3.5
2023-12-19,2026,3.5
2023-12-20,2026,3.515
2023-12-21,2026,3.53
2023-12-22,2026,3.7
2023-12-26,2026,3.555
2023-12-27,2026,3.58
2023-12-28,2026,3.53
2023-12-29,2026,3.515
2024-01-02,2026,3.5
2024-01-03,2026,3.5
2024-01-04,2026,3.5
2024-01-05,2026,3.615
2024-01-08,2026,4.0
2024-01-09,2026,3.85
2024-01-10,2026,3.7
2024-01-11,2026,3.53
2024-01-12,2026,3.5
2024-01-15,2026,3.5
2024-01-16,2026,3.515
2024-01-17,2026,3.53
2024-01-18,2026,3.75
2024-01-19,2026,3.53
2024-01-22,2026,3.53
2024-01-23,2026,3.515
2024-01-24,2026,3.53
2024-01-25,2026,3.515
2024-01-26,2026,3.53
2024-01-29,2026,3.5
2024-01-30,2026,3.5
2024-01-31,2026,3.5
2024-02-01,2026,3.5
2024-02-02,2026,3.48
2024-02-05,2026,3.4
2024-02-06,2026,3.4
2024-02-07,2026,3.4
2024-02-08,2026,3.44
2024-02-09,2026,3.515
2024-02-14,2026,3.515
2024-02-15,2026,3.5075
2024-02-16,2026,3.5
2024-02-19,2026,3.5
2024-02-20,2026,3.5
2024-02-21,2026,3.5
2024-02-22,2026,3.5
2024-02-23,2026,3.5
2024-02-26,2026,3.36
2024-02-27,2026,3.4
2024-02-28,2026,3.44
2024-02-29,2026,3.4
2024-03-01,2026,3.44
2024-03-04,2026,3.48
2024-03-05,2026,3.48
2024-03-06,2026,3.5
2024-03-07,2026,3.5
2024-03-08,2026,3.5
2024-03-11,2026,3.45
2024-03-12,2026,3.4
2024-03-13,2026,3.49
2024-03-14,2026,3.48
2024-03-15,2026,3.5
2024-03-18,2026,3.5
2024-03-19,2026,3.5
2024-03-20,2026,3.5
2024-03-21,2026,3.5
2024-03-22,2026,3.5
2024-03-25,2026,3.5
2024-03-26,2026,3.5
2024-03-27,2026,3.5
2024-03-28,2026,3.5
2024-04-01,2026,3.49
2024-04-02,2026,3.49
2024-04-03,2026,3.49
2024-04-04,2026,3.49
2024-04-05,2026,3.4
2024-04-08,2026,3.48
2024-04-09,2026,3.44
2024-04-10,2026,3.4
2024-04-11,2026,3.31
2024-04-12,2026,3.4
2024-04-15,2026,3.4
2024-04-16,2026,3.4
2024-04-17,2026,3.5
2024-04-18,2026,3.5
2024-04-19,2026,3.5
2024-04-22,2026,3.5
2024-04-23,2026,3.5
2024-04-24,2026,3.5
2024-04-25,2026,3.5
2024-04-26,2026,3.5
2024-04-29,2026,3.4
2024-04-30,2026,3.4
2024-05-02,2026,3.5
2024-05-03,2026,3.5
2024-05-06,2026,3.5
2024-05-07,2026,3.5
2024-05-08,2026,3.5
2024-05-09,2026,3.5
2024-05-10,2026,3.35
2024-05-13,2026,3.202
2024-05-14,2026,3.3
2024-05-15,2026,3.3
2024-05-16,2026,3.45
2024-05-17,2026,3.5
2024-05-20,2026,3.5
2024-05-21,2026,3.5
2024-05-22,2026,3.5
2024-05-23,2026,3.5
2024-05-24,2026,3.5
2024-05-27,2026,3.505
2024-05-28,2026,3.505
2024-05-29,2026,3.5
2024-05-31,2026,3.5
2024-06-03,2026,3.5
2024-06-04,2026,3.5
2024-06-05,2026,3.5
2024-06-06,2026,3.5
2024-06-07,2026,3.54
2024-06-10,2026,3.5
2024-06-11,2026,3.5
2024-06-12,2026,3.5
2024-06-13,2026,3.5
2024-06-14,2026,3.5
2024-06-17,2026,3.5
2024-06-18,2026,3.53
2024-06-19,2026,3.515
2024-06-20,2026,3.615
2024-06-21,2026,3.515
2024-06-24,2026,3.515
2024-06-25,2026,3.5
2024-06-26,2026,3.515
2024-06-27,2026,3.53
2024-06-28,2026,3.45
2024-07-01,2026,3.5
2024-07-02,2026,3.5
2024-07-03,2026,3.5
2024-07-04,2026,3.4
2024-07-05,2026,3.45
2024-07-08,2026,3.5
2024-07-09,2026,3.49
2024-07-10,2026,3.54
2024-07-11,2026,3.5
2024-07-12,2026,3.5
2024-07-15,2026,3.5
2024-07-16,2026,3.5
2024-07-17,2026,3.5
2024-07-18,2026,3.5
2024-07-19,2026,3.53
2024-07-22,2026,3.515
2024-07-23,2026,3.515
2024-07-24,2026,3.53
2024-07-25,2026,3.5
2024-07-26,2026,3.69
2024-07-29,2026,3.695
2024-07-30,2026,3.695
2024-07-31,2026,3.69
2024-08-01,2026,3.69
2024-08-02,2026,3.5
2024-08-05,2026,3.5
2024-08-06,2026,3.5
2024-08-07,2026,3.5
2024-08-08,2026,3.5
2024-08-09,2026,3.5
2024-08-12,2026,3.54
2024-08-13,2026,3.58
2024-08-14,2026,3.665
2024-08-15,2026,3.58
2024-08-16,2026,3.5
2024-08-19,2026,3.5
2024-08-20,2026,3.375
2024-08-21,2026,3.375
2024-08-22,2026,3.65
2024-08-23,2026,3.7
2024-08-26,2026,3.7
2024-08-27,2026,3.7
2024-08-28,2026,3.7
2024-08-29,2026,3.7
2024-08-30,2026,3.7
2024-09-02,2026,3.6
2024-09-03,2026,3.7
2024-09-04,2026,3.7
2024-09-05,2026,3.7
2024-09-06,2026,3.7
2024-09-09,2026,3.7
2024-09-10,2026,3.5
2024-09-11,2026,3.5
2024-09-12,2026,3.7
2024-09-13,2026,3.7
2024-09-16,2026,3.7
2024-09-17,2026,3.7
2024-09-18,2026,3.7
2024-09-19,2026,3.7
2024-09-20,2026,3.7
2024-09-23,2026,3.7
2024-09-24,2026,3.7
2024-09-25,2026,3.7
2024-09-26,2026,3.7
2024-09-27,2026,3.5
2024-09-30,2026,3.5
2024-10-01,2026,3.5
2024-10-02,2026,3.55
2024-10-03,2026,3.6
2024-10-04,2026,3.7
2024-10-07,2026,3.7
2024-10-08,2026,3.7
2024-10-09,2026,3.5
2024-10-10,2026,3.65
2024-10-11,2026,3.55
2024-10-14,2026,3.5
2024-10-15,2026,3.5
2024-10-16,2026,3.55
2024-10-17,2026,3.5
2024-10-18,2026,3.7
2024-10-21,2026,3.7
2024-10-22,2026,3.7
2024-10-23,2026,3.7
2024-10-24,2026,3.7
2024-10-25,2026,3.5
2024-10-28,2026,3.5
2024-10-29,2026,3.5
2024-10-30,2026,3.5
2024-10-31,2026,3.5
2024-11-01,2026,3.7
2024-11-04,2026,3.7
2024-11-05,2026,3.7
2024-11-06,2026,3.7
2024-11-07,2026,3.7
2024-11-08,2026,3.7
2024-11-11,2026,3.7
2024-11-12,2026,3.7
2024-11-13,2026,3.7
2024-11-14,2026,3.7
2024-11-18,2026,3.72
2024-11-19,2026,3.71
2024-11-21,2026,3.71
2024-11-22,2026,3.76
2024-11-25,2026,3.76
2024-11-26,2026,3.8
2024-11-27,2026,3.7957
2024-11-28,2026,3.92
2024-11-29,2026,3.96
2024-12-02,2026,3.975
2024-12-03,2026,3.975
2024-12-04,2026,4.0
2024-12-05,2026,4.0
2024-12-06,2026,4.0
2024-12-09,2026,4.0
2024-12-10,2026,4.0
2024-12-11,2026,3.99
2024-12-12,2026,3.98
2024-12-13,2026,3.8927
2024-12-16,2026,3.8927
2024-12-17,2026,3.95
2024-12-18,2026,3.98
2024-12-19,2026,3.98
2024-12-20,2026,4.0
2024-12-23,2026,4.05
2024-12-24,2026,4.0
2024-12-26,2026,4.0
2024-12-27,2026,4.0
2024-12-30,2026,3.985
2024-12-31,2026,3.97
2025-01-02,2026,3.97
2025-01-03,2026,3.87
2025-01-06,2026,3.785
2025-01-07,2026,3.8889
2025-01-08,2026,3.8889
2025-01-09,2026,3.8889
2025-01-10,2026,4.05
2025-01-13,2026,4.0
2025-01-14,2026,4.1
2025-01-15,2026,4.1
2025-01-16,2026,4.1
2025-01-17,2026,4.0942
2025-01-20,2026,4.1276
2025-01-21,2026,4.087
2025-01-22,2026,4.0683
2025-01-23,2026,4.0642
2025-01-24,2026,4.2645
2025-01-27,2026,4.26
2025-01-28,2026,4.23
2025-01-29,2026,4.2645
2025-01-30,2026,4.269
2025-01-31,2026,4.1713
2025-02-03,2026,4.1552
2025-02-04,2026,4.1552
2025-02-05,2026,4.1552
2025-02-06,2026,4.1552
2025-02-07,2026,4.1018
2025-02-10,2026,4.1258
2025-02-11,2026,4.1358
2025-02-12,2026,4.1457
2025-02-13,2026,4.1774
2025-02-14,2026,4.1679
2025-02-17,2026,4.1471
2025-02-18,2026,4.1021
2025-02-19,2026,4.1
2025-02-20,2026,4.1435
2025-02-21,2026,4.2559
2025-02-24,2026,4.23
2025-02-25,2026,4.1982
2025-02-26,2026,4.1982
2025-02-27,2026,4.193
2025-02-28,2026,4.1254
2025-03-05,2026,4.1016
2025-03-06,2026,4.1327
2025-03-07,2026,4.1
2025-03-10,2026,4.0705
2025-03-11,2026,4.1032
2025-03-12,2026,4.188
2025-03-13,2026,4.19
2025-03-14,2026,4.2971
2025-03-17,2026,4.3
2025-03-18,2026,4.3165
2025-03-19,2026,4.3
2025-03-20,2026,4.2839
2025-03-21,2026,4.2941
2025-03-24,2026,4.2813
2025-03-25,2026,4.28
2025-03-26,2026,4.2769
2025-03-27,2026,4.2737
2025-03-28,2026,4.1963
2025-03-31,2026,4.2076
2025-04-01,2026,4.2565
2025-04-02,2026,4.2941
2025-04-03,2026,4.2941
2025-04-04,2026,3.9492
2025-04-07,2026,3.985
2025-04-08,2026,4.0982
2025-04-09,2026,4.0921
2025-04-10,2026,4.0921
2025-04-11,2026,4.28
2025-04-14,2026,4.255
2025-04-15,2026,4.1963
2025-04-16,2026,4.23
2025-04-17,2026,4.3
2025-04-22,2026,4.2941
2025-04-23,2026,4.2971
2025-04-24,2026,4.3
2025-04-25,2026,4.3
2025-04-28,2026,4.395
2025-04-29,2026,4.1963
2025-04-30,2026,4.2532
2025-05-02,2026,4.2845
2025-05-05,2026,4.2234
2025-05-06,2026,4.1963
2025-05-07,2026,4.2505
2025-05-08,2026,4.2505
2025-05-09,2026,4.2403
2025-05-12,2026,4.141
2025-05-13,2026,4.1855
2025-05-14,2026,4.141
2025-05-15,2026,4.141
2025-05-16,2026,4.29
2025-05-19,2026,4.31
2025-05-20,2026,4.3264
2025-05-21,2026,4.3544
2025-05-22,2026,4.3912
2025-05-23,2026,4.305
2025-05-26,2026,4.31
2025-05-27,2026,4.31
2025-05-28,2026,4.305
2025-05-29,2026,4.31
2025-05-30,2026,4.2902
2025-06-02,2026,4.3001
2025-06-03,2026,4.4501
2025-06-04,2026,4.4188
2025-06-05,2026,4.4188
2025-06-06,2026,4.37
2025-06-09,2026,4.395
2025-06-10,2026,4.37
2025-06-11,2026,4.3171
2025-06-12,2026,4.3121
2025-06-13,2026,4.31
2025-06-16,2026,4.31
2025-06-17,2026,4.305
2025-06-18,2026,4.31
2025-06-20,2026,4.2997
2025-06-23,2026,4.2701
2025-06-24,2026,4.25
2025-06-25,2026,4.2701
2025-06-26,2026,4.2125
2025-06-27,2026,4.2902
2025-06-30,2026,4.2919
2025-07-01,2026,4.2936
2025-07-02,2026,4.2919
2025-07-03,2026,4.2976
2025-07-04,2026,4.3468
2025-07-07,2026,4.3468
2025-07-08,2026,4.2936
2025-07-09,2026,4.2936
2025-07-10,2026,4.4
2025-07-11,2026,4.297
2025-07-14,2026,4.3221
2025-07-15,2026,4.3221
2025-07-16,2026,4.3611
2025-07-17,2026,4.4
2025-07-18,2026,4.204
2025-07-21,2026,4.208
2025-07-22,2026,4.204
2025-07-23,2026,4.175
2025-07-24,2026,4.0627
2025-07-25,2026,4.1748
2025-07-28,2026,4.1748
2025-07-29,2026,4.1658
2025-07-30,2026,4.1748
2025-07-31,2026,4.1658
2025-08-01,2026,3.9965
2025-08-04,2026,4.19
2025-08-05,2026,4.195
2025-08-06,2026,4.19
2025-08-07,2026,4.195
2025-08-08,2026,4.1569
2025-08-11,2026,4.1347
2025-08-12,2026,4.1462
2025-08-13,2026,4.1347
2025-08-14,2026,4.0627
2025-08-15,2026,4.1854
2025-08-18,2026,4.22
2025-08-19,2026,4.24
2025-08-20,2026,4.2708
2025-08-21,2026,4.2607
2025-08-22,2026,3.9487
2025-08-25,2026,3.9488
2025-08-26,2026,3.9487
2025-08-27,2026,3.9487
2025-08-28,2026,3.9038
2025-08-29,2026,3.97
2025-09-01,2026,3.94
2025-09-02,2026,3.97
2025-09-03,2026,3.955
2025-09-04,2026,3.9833
2025-09-05,2026,4.0
2025-09-08,2026,4.0
2025-09-09,2026,3.9985
2025-09-10,2026,4.0
2025-09-11,2026,4.0
2025-09-12,2026,3.9771
2025-09-15,2026,3.9686
2025-09-16,2026,3.9686
2025-09-17,2026,3.96
2025-09-18,2026,3.9686
2025-09-19,2026,3.9092
2025-09-22,2026,3.9092
2025-09-23,2026,3.9065
2025-09-24,2026,3.9038
2025-09-25,2026,3.9092
2025-09-26,2026,3.96
2025-09-29,2026,3.93
2025-09-30,2026,3.9908
2025-10-01,2026,3.96
2025-10-02,2026,3.9754
2025-10-03,2026,4.0896
2025-10-06,2026,4.0734
2025-10-07,2026,4.0763
2025-10-08,2026,4.0896
2025-10-09,2026,4.0763
2025-10-10,2026,4.0
2025-10-13,2026,4.02
2025-10-14,2026,4.01
2025-10-15,2026,4.01
2025-10-16,2026,4.02
2025-10-17,2026,4.0146
2025-10-20,2026,3.9699
2025-10-21,2026,3.98
2025-10-22,2026,3.9699
2025-10-23,2026,3.967
2025-10-24,2026,3.8502
2025-10-27,2026,3.8337
2025-10-28,2026,3.8337
2025-10-29,2026,3.8337
2025-10-30,2026,3.8357
2025-10-31,2026,3.8226
2025-11-03,2026,3.8246
2025-11-04,2026,3.8266
2025-11-05,2026,3.8226
2025-11-06,2026,3.8034
2025-11-07,2026,3.8
2025-11-10,2026,3.8034
2025-11-11,2026,3.8978
2025-11-12,2026,3.8849
2025-11-13,2026,3.8978
2025-11-14,2026,3.9489
2025-11-17,2026,3.9546
2025-11-18,2026,3.9543
2025-11-19,2026,3.9472
2025-11-21,2026,3.7865
2025-11-24,2026,3.7815
2025-11-25,2026,3.7815
2025-11-26,2026,3.7628
2025-11-27,2026,3.7664
2025-11-28,2026,3.7628
2025-12-01,2026,3.7
2025-12-02,2026,3.6907
2025-12-03,2026,3.6814
2025-12-04,2026,3.7102
2025-12-05,2026,3.7
2025-12-08,2026,3.7307
2025-12-09,2026,3.7205
2025-12-10,2026,3.7057
2025-12-11,2026,3.7202
2025-12-12,2026,3.7519
2025-12-15,2026,3.7296
2025-12-16,2026,3.7408
2025-12-17,2026,3.7519
2025-12-18,2026,3.7519
2025-12-19,2026,3.7061
2025-12-22,2026,3.7102
2025-12-23,2026,3.7102
2025-12-24,2026,3.7019
2025-12-26,2026,3.7061
2025-12-29,2026,3.745
2025-12-30,2026,3.745
2025-12-31,2026,3.8044
2026-01-02,2026,3.725
2026-01-05,2026,3.7125
2026-01-06,2026,3.725
2026-01-07,2026,3.7125
2026-01-08,2026,3.7125
2026-01-09,2026,3.686
2026-01-12,2026,3.6774
2026-01-13,2026,3.6624
2026-01-14,2026,3.6624
2026-01-15,2026,3.6719
2026-01-16,2026,3.8176
2026-01-19,2026,3.8414
2026-01-20,2026,3.8677
2026-01-21,2026,3.8677
2026-01-22,2026,3.8
2026-01-23,2026,3.7481
2026-01-26,2026,3.7491
2026-01-27,2026,3.7481
2026-01-28,2026,3.747
2026-01-29,2026,3.7324
2026-01-30,2026,3.55
2026-02-02,2026,3.5381
2026-02-03,2026,3.55
2026-02-04,2026,3.5518
2026-02-05,2026,3.5518
2026-02-06,2026,3.6437
2026-02-09,2026,3.6244
2026-02-10,2026,3.7169
2026-02-11,2026,3.684
2026-02-12,2026,3.684
2026-02-13,2026,3.685
2026-02-18,2026,3.8038
2026-02-19,2026,3.685
2026-02-20,2026,3.6674
2026-02-23,2026,3.6588
2026-02-24,2026,3.6501
2026-02-25,2026,3.6433
2026-02-26,2026,3.6433
2026-02-27,2026,3.7655
2026-03-02,2026,3.7673
2026-03-03,2026,3.7828
2026-03-04,2026,3.7503
2026-03-05,2026,3.7655
2026-03-06,2026,3.8886
2026-03-09,2026,3.8207
2026-03-10,2026,3.8207
2026-03-11,2026,3.8265
2026-03-12,2026,3.834
2026-03-13,2026,3.8552
2026-03-16,2026,3.8515
2026-03-17,2026,3.8515
2026-03-18,2026,3.8552
2026-03-19,2026,3.8654
2026-03-20,2026,4.1893
2026-03-23,2026,4.2016
2026-03-24,2026,4.2043
2026-03-25,2026,4.227
2026-03-26,2026,4.227
2026-03-27,2026,4.3791
2026-03-30,2026,4.27
2026-03-31,2026,4.3246
2026-04-01,2026,4.27
2026-04-02,2026,4.3681
2023-01-11,2027,3.5
2023-01-12,2027,3.5
2023-01-13,2027,3.0001
2023-01-16,2027,3.0001
2023-01-17,2027,3.0001
2023-01-18,2027,3.0001
2023-01-19,2027,3.0001
2023-01-20,2027,3.5
2023-01-23,2027,3.5
2023-01-24,2027,3.5
2023-01-25,2027,3.5
2023-01-26,2027,3.5
2023-01-27,2027,3.5
2023-01-30,2027,3.5
2023-01-31,2027,3.5
2023-02-01,2027,3.5
2023-02-02,2027,3.5
2023-02-03,2027,3.95
2023-02-06,2027,3.95
2023-02-07,2027,4.0
2023-02-08,2027,3.8
2023-02-09,2027,3.45
2023-02-10,2027,4.0
2023-02-13,2027,4.0
2023-02-14,2027,3.775
2023-02-15,2027,3.775
2023-02-16,2027,4.0
2023-02-17,2027,3.89
2023-02-22,2027,3.8
2023-02-23,2027,3.8
2023-02-24,2027,3.8
2023-02-27,2027,3.75
2023-02-28,2027,3.5
2023-03-01,2027,3.5
2023-03-02,2027,3.5
2023-03-03,2027,3.45
2023-03-06,2027,3.45
2023-03-07,2027,3.5
2023-03-08,2027,3.5
2023-03-09,2027,3.45
2023-03-10,2027,3.475
2023-03-13,2027,3.55
2023-03-14,2027,3.5
2023-03-15,2027,3.5
2023-03-16,2027,3.55
2023-03-17,2027,4.0
2023-03-20,2027,4.0
2023-03-21,2027,4.0
2023-03-22,2027,4.0
2023-03-23,2027,4.0
2023-03-24,2027,4.0
2023-03-27,2027,4.05
2023-03-28,2027,4.1
2023-03-29,2027,4.05
2023-03-30,2027,4.0
2023-03-31,2027,3.45
2023-04-03,2027,3.45
2023-04-04,2027,3.5
2023-04-05,2027,3.5
2023-04-06,2027,3.5
2023-04-10,2027,3.6
2023-04-11,2027,3.8
2023-04-12,2027,3.8
2023-04-13,2027,3.8
2023-04-14,2027,3.8
2023-04-17,2027,3.66
2023-04-18,2027,3.52
2023-04-19,2027,3.76
2023-04-20,2027,4.0
2023-04-24,2027,4.0
2023-04-25,2027,4.0
2023-04-26,2027,4.0
2023-04-27,2027,4.0
2023-04-28,2027,4.0
2023-05-02,2027,4.0
2023-05-03,2027,4.0
2023-05-04,2027,4.0
2023-05-05,2027,4.0
2023-05-08,2027,3.5
2023-05-09,2027,3.75
2023-05-10,2027,3.75
2023-05-11,2027,3.55
2023-05-12,2027,3.8
2023-05-15,2027,3.575
2023-05-16,2027,3.6
2023-05-17,2027,3.6
2023-05-18,2027,3.75
2023-05-19,2027,4.0
2023-05-22,2027,4.0
2023-05-23,2027,4.0
2023-05-24,2027,4.0
2023-05-25,2027,4.0
2023-05-26,2027,3.52
2023-05-29,2027,3.52
2023-05-30,2027,3.5
2023-05-31,2027,3.5
2023-06-01,2027,3.5
2023-06-02,2027,3.55
2023-06-05,2027,3.5
2023-06-06,2027,3.5
2023-06-07,2027,3.775
2023-06-09,2027,4.0
2023-06-12,2027,4.0
2023-06-13,2027,4.0
2023-06-14,2027,4.0
2023-06-15,2027,4.0
2023-06-16,2027,4.0
2023-06-19,2027,4.0
2023-06-20,2027,4.0
2023-06-21,2027,4.0
2023-06-22,2027,4.0
2023-06-23,2027,4.0
2023-06-26,2027,4.0
2023-06-27,2027,4.0
2023-06-28,2027,4.0
2023-06-29,2027,3.875
2023-06-30,2027,3.5
2023-07-03,2027,3.5
2023-07-04,2027,3.5
2023-07-05,2027,3.5
2023-07-06,2027,3.5
2023-07-07,2027,3.5
2023-07-10,2027,3.5
2023-07-11,2027,3.5
2023-07-12,2027,3.5
2023-07-13,2027,3.5
2023-07-14,2027,3.5
2023-07-17,2027,3.4
2023-07-18,2027,3.3
2023-07-19,2027,3.275
2023-07-20,2027,3.3
2023-07-21,2027,3.5
2023-07-24,2027,3.5
2023-07-25,2027,3.5
2023-07-26,2027,3.5
2023-07-27,2027,3.5
2023-07-28,2027,3.5
2023-07-31,2027,3.5
2023-08-01,2027,3.5
2023-08-02,2027,3.5
2023-08-03,2027,3.5
2023-08-04,2027,3.7
2023-08-07,2027,3.375
2023-08-08,2027,3.375
2023-08-09,2027,3.25
2023-08-10,2027,3.0
2023-08-11,2027,3.275
2023-08-14,2027,3.5
2023-08-15,2027,3.5
2023-08-16,2027,3.5
2023-08-17,2027,3.5
2023-08-18,2027,3.52
2023-08-21,2027,3.5
2023-08-22,2027,3.5
2023-08-23,2027,3.52
2023-08-24,2027,3.52
2023-08-25,2027,3.45
2023-08-28,2027,3.5
2023-08-29,2027,3.5
2023-08-30,2027,3.5
2023-08-31,2027,3.5
2023-09-01,2027,3.5
2023-09-04,2027,3.5
2023-09-05,2027,3.5
2023-09-06,2027,3.5
2023-09-08,2027,3.5
2023-09-11,2027,3.5
2023-09-12,2027,3.5
2023-09-13,2027,3.5
2023-09-14,2027,3.5
2023-09-15,2027,3.56
2023-09-18,2027,3.52
2023-09-19,2027,3.54
2023-09-20,2027,3.62
2023-09-21,2027,3.62
2023-09-22,2027,3.5
2023-09-25,2027,3.5
2023-09-26,2027,3.5
2023-09-27,2027,3.5
2023-09-28,2027,3.5
2023-09-29,2027,3.375
2023-10-02,2027,3.275
2023-10-03,2027,3.275
2023-10-04,2027,3.25
2023-10-05,2027,3.4
2023-10-06,2027,3.5
2023-10-09,2027,3.5
2023-10-10,2027,3.5
2023-10-11,2027,3.5
2023-10-13,2027,3.5
2023-10-16,2027,3.5
2023-10-17,2027,3.51
2023-10-18,2027,3.5
2023-10-19,2027,3.5
2023-10-20,2027,3.5
2023-10-23,2027,3.5
2023-10-24,2027,3.5
2023-10-25,2027,3.5
2023-10-26,2027,3.5
2023-10-27,2027,3.56
2023-10-30,2027,3.52
2023-10-31,2027,3.51
2023-11-01,2027,3.5
2023-11-03,2027,3.5
2023-11-06,2027,3.1504
2023-11-07,2027,3.0
2023-11-08,2027,3.4
2023-11-09,2027,3.25
2023-11-10,2027,3.3
2023-11-13,2027,3.0849
2023-11-14,2027,3.25
2023-11-16,2027,3.3
2023-11-17,2027,3.5
2023-11-20,2027,3.5
2023-11-21,2027,3.5
2023-11-22,2027,3.5
2023-11-23,2027,3.5
2023-11-24,2027,3.5
2023-11-27,2027,3.5
2023-11-28,2027,3.5
2023-11-29,2027,3.5
2023-11-30,2027,3.5
2023-12-01,2027,3.5
2023-12-04,2027,3.5
2023-12-05,2027,3.5
2023-12-06,2027,3.5
2023-12-07,2027,3.5
2023-12-08,2027,3.5
2023-12-11,2027,3.5
2023-12-12,2027,3.5
2023-12-13,2027,3.5
2023-12-14,2027,3.5
2023-12-15,2027,3.5
2023-12-18,2027,3.5
2023-12-19,2027,3.5
2023-12-20,2027,3.5
2023-12-21,2027,3.5
2023-12-22,2027,3.5
2023-12-26,2027,3.5
2023-12-27,2027,3.5
2023-12-28,2027,3.5
2023-12-29,2027,3.5
2024-01-02,2027,3.45
2024-01-03,2027,3.5
2024-01-04,2027,3.5
2024-01-05,2027,3.375
2024-01-08,2027,3.6
2024-01-09,2027,3.55
2024-01-10,2027,3.5
2024-01-11,2027,3.5
2024-01-12,2027,3.465
2024-01-15,2027,3.43
2024-01-16,2027,3.43
2024-01-17,2027,3.465
2024-01-18,2027,3.5
2024-01-19,2027,3.5
2024-01-22,2027,3.5
2024-01-23,2027,3.51
2024-01-24,2027,3.5
2024-01-25,2027,3.5
2024-01-26,2027,3.5
2024-01-29,2027,3.5
2024-01-30,2027,3.5
2024-01-31,2027,3.5
2024-02-01,2027,3.5
2024-02-02,2027,3.455
2024-02-05,2027,3.235
2024-02-06,2027,3.22
2024-02-07,2027,3.22
2024-02-08,2027,3.25
2024-02-09,2027,3.5
2024-02-14,2027,3.5
2024-02-15,2027,3.5
2024-02-16,2027,3.5
2024-02-19,2027,3.5
2024-02-20,2027,3.5
2024-02-21,2027,3.5
2024-02-22,2027,3.5
2024-02-23,2027,3.5
2024-02-26,2027,3.22
2024-02-27,2027,3.35
2024-02-28,2027,3.48
2024-02-29,2027,3.24
2024-03-01,2027,3.365
2024-03-04,2027,3.48
2024-03-05,2027,3.48
2024-03-06,2027,3.375
2024-03-07,2027,3.5
2024-03-08,2027,3.36
2024-03-11,2027,3.25
2024-03-12,2027,3.235
2024-03-13,2027,3.48
2024-03-14,2027,3.365
2024-03-15,2027,3.5
2024-03-18,2027,3.5
2024-03-19,2027,3.5
2024-03-20,2027,3.5
2024-03-21,2027,3.5
2024-03-22,2027,3.5
2024-03-25,2027,3.5
2024-03-26,2027,3.5
2024-03-27,2027,3.5
2024-03-28,2027,3.5
2024-04-01,2027,3.365
2024-04-02,2027,3.365
2024-04-03,2027,3.365
2024-04-04,2027,3.365
2024-04-05,2027,3.395
2024-04-08,2027,3.49
2024-04-09,2027,3.48
2024-04-10,2027,3.31
2024-04-11,2027,3.25
2024-04-12,2027,3.31
2024-04-15,2027,3.265
2024-04-16,2027,3.31
2024-04-17,2027,3.5
2024-04-18,2027,3.5
2024-04-19,2027,3.5
2024-04-22,2027,3.5
2024-04-23,2027,3.5
2024-04-24,2027,3.5
2024-04-25,2027,3.5
2024-04-26,2027,3.4
2024-04-29,2027,3.31
2024-04-30,2027,3.31
2024-05-02,2027,3.5
2024-05-03,2027,3.5
2024-05-06,2027,3.5
2024-05-07,2027,3.5
2024-05-08,2027,3.5
2024-05-09,2027,3.5
2024-05-10,2027,3.355
2024-05-13,2027,3.0001
2024-05-14,2027,3.31
2024-05-15,2027,3.31
2024-05-16,2027,3.45
2024-05-17,2027,3.5
2024-05-20,2027,3.5
2024-05-21,2027,3.5
2024-05-22,2027,3.5
2024-05-23,2027,3.5
2024-05-24,2027,3.5
2024-05-27,2027,3.5
2024-05-28,2027,3.5
2024-05-29,2027,3.5
2024-05-31,2027,3.5
2024-06-03,2027,3.5
2024-06-04,2027,3.5
2024-06-05,2027,3.5
2024-06-06,2027,3.6
2024-06-07,2027,3.58
2024-06-10,2027,3.54
2024-06-11,2027,3.5
2024-06-12,2027,3.5
2024-06-13,2027,3.5
2024-06-14,2027,3.5
2024-06-17,2027,3.5
2024-06-18,2027,3.55
2024-06-19,2027,3.525
2024-06-20,2027,3.625
2024-06-21,2027,3.565
2024-06-24,2027,3.565
2024-06-25,2027,3.55
2024-06-26,2027,3.525
2024-06-27,2027,3.525
2024-06-28,2027,3.5
2024-07-01,2027,3.525
2024-07-02,2027,3.5
2024-07-03,2027,3.5
2024-07-04,2027,3.5
2024-07-05,2027,3.54
2024-07-08,2027,3.595
2024-07-09,2027,3.655
2024-07-10,2027,3.605
2024-07-11,2027,3.58
2024-07-12,2027,3.5
2024-07-15,2027,3.51
2024-07-16,2027,3.55
2024-07-17,2027,3.5
2024-07-18,2027,3.58
2024-07-19,2027,3.51
2024-07-22,2027,3.5
2024-07-23,2027,3.5
2024-07-24,2027,3.5
2024-07-25,2027,3.5
2024-07-26,2027,3.605
2024-07-29,2027,3.655
2024-07-30,2027,3.655
2024-07-31,2027,3.61
2024-08-01,2027,3.61
2024-08-02,2027,3.61
2024-08-05,2027,3.6
2024-08-06,2027,3.6
2024-08-07,2027,3.5
2024-08-08,2027,3.55
2024-08-09,2027,3.5
2024-08-12,2027,3.51
2024-08-13,2027,3.52
2024-08-14,2027,3.55
2024-08-15,2027,3.52
2024-08-16,2027,3.5
2024-08-19,2027,3.5
2024-08-20,2027,3.5
2024-08-21,2027,3.5
2024-08-22,2027,3.625
2024-08-23,2027,3.5
2024-08-26,2027,3.5
2024-08-27,2027,3.5
2024-08-28,2027,3.5
2024-08-29,2027,3.5
2024-08-30,2027,3.5
2024-09-02,2027,3.5
2024-09-03,2027,3.5
2024-09-04,2027,3.5
2024-09-05,2027,3.5
2024-09-06,2027,3.6
2024-09-09,2027,3.6
2024-09-10,2027,3.5
2024-09-11,2027,3.5
2024-09-12,2027,3.6
2024-09-13,2027,3.6
2024-09-16,2027,3.6
2024-09-17,2027,3.6
2024-09-18,2027,3.6
2024-09-19,2027,3.59
2024-09-20,2027,3.5
2024-09-23,2027,3.5
2024-09-24,2027,3.5
2024-09-25,2027,3.5
2024-09-26,2027,3.5
2024-09-27,2027,3.5
2024-09-30,2027,3.5
2024-10-01,2027,3.5
2024-10-02,2027,3.5
2024-10-03,2027,3.5
2024-10-04,2027,3.5
2024-10-07,2027,3.5
2024-10-08,2027,3.5
2024-10-09,2027,3.5
2024-10-10,2027,3.5
2024-10-11,2027,3.5
2024-10-14,2027,3.5
2024-10-15,2027,3.5
2024-10-16,2027,3.5
2024-10-17,2027,3.5
2024-10-18,2027,3.5
2024-10-21,2027,3.535
2024-10-22,2027,3.5
2024-10-23,2027,3.5
2024-10-24,2027,3.5
2024-10-25,2027,3.5
2024-10-28,2027,3.5
2024-10-29,2027,3.5
2024-10-30,2027,3.4
2024-10-31,2027,3.4
2024-11-01,2027,3.5
2024-11-04,2027,3.5
2024-11-05,2027,3.5
2024-11-06,2027,3.5
2024-11-07,2027,3.5
2024-11-08,2027,3.6
2024-11-11,2027,3.6
2024-11-12,2027,3.65
2024-11-13,2027,3.65
2024-11-14,2027,3.6
2024-11-18,2027,3.65
2024-11-19,2027,3.6
2024-11-21,2027,3.52
2024-11-22,2027,3.54
2024-11-25,2027,3.565
2024-11-26,2027,3.59
2024-11-27,2027,3.595
2024-11-28,2027,3.6
2024-11-29,2027,3.6
2024-12-02,2027,3.6
2024-12-03,2027,3.6
2024-12-04,2027,3.8
2024-12-05,2027,4.0
2024-12-06,2027,3.695
2024-12-09,2027,3.7
2024-12-10,2027,3.695
2024-12-11,2027,3.695
2024-12-12,2027,3.64
2024-12-13,2027,3.55
2024-12-16,2027,3.6
2024-12-17,2027,3.67
2024-12-18,2027,3.6
2024-12-19,2027,3.6
2024-12-20,2027,3.85
2024-12-23,2027,3.85
2024-12-24,2027,3.92
2024-12-26,2027,3.85
2024-12-27,2027,3.99
2024-12-30,2027,4.0
2024-12-31,2027,4.0
2025-01-02,2027,4.0
2025-01-03,2027,3.55
2025-01-06,2027,3.5
2025-01-07,2027,3.5
2025-01-08,2027,3.5
2025-01-09,2027,3.5
2025-01-10,2027,3.85
2025-01-13,2027,3.75
2025-01-14,2027,3.75
2025-01-15,2027,3.75
2025-01-16,2027,3.75
2025-01-17,2027,3.75
2025-01-20,2027,3.99
2025-01-21,2027,3.99
2025-01-22,2027,3.98
2025-01-23,2027,3.865
2025-01-24,2027,4.0
2025-01-27,2027,4.0
2025-01-28,2027,4.0
2025-01-29,2027,4.0
2025-01-30,2027,4.0
2025-01-31,2027,4.0
2025-02-03,2027,4.0
2025-02-04,2027,4.0
2025-02-05,2027,4.0
2025-02-06,2027,4.0
2025-02-07,2027,4.0
2025-02-10,2027,4.0
2025-02-11,2027,4.0
2025-02-12,2027,4.0
2025-02-13,2027,4.0
2025-02-14,2027,4.0
2025-02-17,2027,4.0
2025-02-18,2027,4.0
2025-02-19,2027,4.0
2025-02-20,2027,4.17
2025-02-21,2027,4.0
2025-02-24,2027,4.0
2025-02-25,2027,4.0
2025-02-26,2027,4.0
2025-02-27,2027,4.0
2025-02-28,2027,3.75
2025-03-05,2027,3.625
2025-03-06,2027,3.8
2025-03-07,2027,3.85
2025-03-10,2027,3.99
2025-03-11,2027,4.0
2025-03-12,2027,4.0
2025-03-13,2027,4.0
2025-03-14,2027,4.0
2025-03-17,2027,4.0
2025-03-18,2027,4.0
2025-03-19,2027,4.0
2025-03-20,2027,4.0
2025-03-21,2027,4.0
2025-03-24,2027,4.0
2025-03-25,2027,4.0
2025-03-26,2027,4.0
2025-03-27,2027,4.0
2025-03-28,2027,4.0
2025-03-31,2027,4.0
2025-04-01,2027,4.0
2025-04-02,2027,4.0
2025-04-03,2027,4.0
2025-04-04,2027,3.75
2025-04-07,2027,3.725
2025-04-08,2027,3.8
2025-04-09,2027,3.85
2025-04-10,2027,3.85
2025-04-11,2027,4.0
2025-04-14,2027,4.045
2025-04-15,2027,4.12
2025-04-16,2027,4.175
2025-04-17,2027,4.0
2025-04-22,2027,4.0
2025-04-23,2027,4.0
2025-04-24,2027,4.0
2025-04-25,2027,4.0
2025-04-28,2027,3.8
2025-04-29,2027,3.675
2025-04-30,2027,3.625
2025-05-02,2027,4.0
2025-05-05,2027,4.0
2025-05-06,2027,4.0
2025-05-07,2027,4.0
2025-05-08,2027,4.0
2025-05-09,2027,4.0
2025-05-12,2027,4.0
2025-05-13,2027,4.0
2025-05-14,2027,4.0
2025-05-15,2027,4.0
2025-05-16,2027,4.0
2025-05-19,2027,4.0
2025-05-20,2027,4.0
2025-05-21,2027,4.0
2025-05-22,2027,4.0
2025-05-23,2027,4.0
2025-05-26,2027,4.0
2025-05-27,2027,4.0
2025-05-28,2027,4.0
2025-05-29,2027,4.0
2025-05-30,2027,3.86
2025-06-02,2027,3.86
2025-06-03,2027,3.86
2025-06-04,2027,4.0
2025-06-05,2027,4.0
2025-06-06,2027,3.88
2025-06-09,2027,4.0
2025-06-10,2027,4.0
2025-06-11,2027,4.0
2025-06-12,2027,4.0
2025-06-13,2027,4.0
2025-06-16,2027,4.0
2025-06-17,2027,4.0
2025-06-18,2027,3.91
2025-06-20,2027,4.0
2025-06-23,2027,4.0
2025-06-24,2027,4.0
2025-06-25,2027,4.0
2025-06-26,2027,3.93
2025-06-27,2027,3.9
2025-06-30,2027,3.9
2025-07-01,2027,3.855
2025-07-02,2027,3.81
2025-07-03,2027,3.9
2025-07-04,2027,3.55
2025-07-07,2027,3.6443
2025-07-08,2027,3.92
2025-07-09,2027,4.0
2025-07-10,2027,4.0
2025-07-11,2027,4.0
2025-07-14,2027,4.0
2025-07-15,2027,4.0
2025-07-16,2027,4.0
2025-07-17,2027,4.0
2025-07-18,2027,4.0
2025-07-21,2027,4.0
2025-07-22,2027,4.0
2025-07-23,2027,4.0
2025-07-24,2027,4.0
2025-07-25,2027,3.86
2025-07-28,2027,3.86
2025-07-29,2027,3.93
2025-07-30,2027,4.0
2025-07-31,2027,4.0
2025-08-01,2027,3.5
2025-08-04,2027,3.575
2025-08-05,2027,3.575
2025-08-06,2027,3.7
2025-08-07,2027,3.785
2025-08-08,2027,3.82
2025-08-11,2027,3.725
2025-08-12,2027,3.725
2025-08-13,2027,3.725
2025-08-14,2027,3.66
2025-08-15,2027,3.75
2025-08-18,2027,3.75
2025-08-19,2027,3.845
2025-08-20,2027,3.99
2025-08-21,2027,3.995
2025-08-22,2027,3.94
2025-08-25,2027,4.0
2025-08-26,2027,4.0
2025-08-27,2027,4.0
2025-08-28,2027,4.0
2025-08-29,2027,4.0
2025-09-01,2027,3.45
2025-09-02,2027,3.725
2025-09-03,2027,3.725
2025-09-04,2027,4.0
2025-09-05,2027,4.0
2025-09-08,2027,4.0
2025-09-09,2027,4.0
2025-09-10,2027,4.0
2025-09-11,2027,4.0
2025-09-12,2027,4.0
2025-09-15,2027,3.86
2025-09-16,2027,3.86
2025-09-17,2027,3.93
2025-09-18,2027,4.0
2025-09-19,2027,3.93
2025-09-22,2027,4.0
2025-09-23,2027,4.0
2025-09-24,2027,4.0
2025-09-25,2027,4.0
2025-09-26,2027,4.0
2025-09-29,2027,4.0
2025-09-30,2027,4.0
2025-10-01,2027,4.0
2025-10-02,2027,3.91
2025-10-03,2027,4.0
2025-10-06,2027,4.035
2025-10-07,2027,4.035
2025-10-08,2027,4.035
2025-10-09,2027,4.15
2025-10-10,2027,3.5
2025-10-13,2027,3.5
2025-10-14,2027,3.5
2025-10-15,2027,3.5
2025-10-16,2027,3.5
2025-10-17,2027,3.5
2025-10-20,2027,3.785
2025-10-21,2027,3.785
2025-10-22,2027,3.7
2025-10-23,2027,3.87
2025-10-24,2027,3.7
2025-10-27,2027,3.7
2025-10-28,2027,3.7
2025-10-29,2027,3.85
2025-10-30,2027,3.85
2025-10-31,2027,3.775
2025-11-03,2027,3.75
2025-11-04,2027,3.75
2025-11-05,2027,3.7
2025-11-06,2027,3.825
2025-11-07,2027,3.825
2025-11-10,2027,4.0
2025-11-11,2027,4.0
2025-11-12,2027,4.0
2025-11-13,2027,4.0
2025-11-14,2027,4.0
2025-11-17,2027,3.675
2025-11-18,2027,3.7
2025-11-19,2027,3.625
2025-11-21,2027,3.6
2025-11-24,2027,3.65
2025-11-25,2027,3.66
2025-11-26,2027,3.66
2025-11-27,2027,3.7
2025-11-28,2027,3.7
2025-12-01,2027,3.7
2025-12-02,2027,3.7
2025-12-03,2027,3.475
2025-12-04,2027,3.775
2025-12-05,2027,3.625
2025-12-08,2027,3.6
2025-12-09,2027,3.6
2025-12-10,2027,3.6
2025-12-11,2027,3.6
2025-12-12,2027,3.625
2025-12-15,2027,3.6
2025-12-16,2027,3.7631
2025-12-17,2027,3.8374
2025-12-18,2027,3.9513
2025-12-19,2027,3.75
2025-12-22,2027,3.7566
2025-12-23,2027,3.7566
2025-12-24,2027,3.75
2025-12-26,2027,3.7095
2025-12-29,2027,3.9499
2025-12-30,2027,3.8315
2025-12-31,2027,3.7631
2026-01-02,2027,3.7011
2026-01-05,2027,3.7933
2026-01-06,2027,3.7402
2026-01-07,2027,3.6568
2026-01-08,2027,3.6568
2026-01-09,2027,3.5453
2026-01-12,2027,3.7679
2026-01-13,2027,3.879
2026-01-14,2027,3.8894
2026-01-15,2027,3.8894
2026-01-16,2027,3.96
2026-01-19,2027,3.7707
2026-01-20,2027,3.7707
2026-01-21,2027,3.8354
2026-01-22,2027,3.7707
2026-01-23,2027,3.71
2026-01-26,2027,3.71
2026-01-27,2027,3.7095
2026-01-28,2027,3.7023
2026-01-29,2027,3.6951
2026-01-30,2027,3.8855
2026-02-02,2027,3.8539
2026-02-03,2027,3.9171
2026-02-04,2027,3.8539
2026-02-05,2027,3.8122
2026-02-06,2027,3.8099
2026-02-09,2027,3.8293
2026-02-10,2027,3.8452
2026-02-11,2027,3.9
2026-02-12,2027,3.9017
2026-02-13,2027,3.9
2026-02-18,2027,3.8647
2026-02-19,2027,3.7739
2026-02-20,2027,3.7095
2026-02-23,2027,3.7095
2026-02-24,2027,3.7216
2026-02-25,2027,3.7229
2026-02-26,2027,3.7148
2026-02-27,2027,3.7704
2026-03-02,2027,3.7701
2026-03-03,2027,3.7701
2026-03-04,2027,3.74
2026-03-05,2027,3.7552
2026-03-06,2027,3.74
2026-03-09,2027,3.74
2026-03-10,2027,3.74
2026-03-11,2027,3.7496
2026-03-12,2027,3.6071
2026-03-13,2027,3.7216
2026-03-16,2027,3.7308
2026-03-17,2027,3.7411
2026-03-18,2027,3.7421
2026-03-19,2027,3.7411
2026-03-20,2027,3.74
2026-03-23,2027,3.7627
2026-03-24,2027,3.74
2026-03-25,2027,3.74
2026-03-26,2027,3.74
2026-03-27,2027,3.8189
2026-03-30,2027,3.8115
2026-03-31,2027,3.823
2026-04-01,2027,3.8115
2026-04-02,2027,3.823
2024-01-11,2028,3.5
2024-01-12,2028,3.575
2024-01-15,2028,3.5
2024-01-16,2028,3.5
2024-01-17,2028,3.5
2024-01-18,2028,3.575
2024-01-19,2028,3.5
2024-01-22,2028,3.5
2024-01-23,2028,3.5
2024-01-24,2028,3.5
2024-01-25,2028,3.5
2024-01-26,2028,3.5
2024-01-29,2028,3.5
2024-01-30,2028,3.5
2024-01-31,2028,3.5
2024-02-01,2028,3.5
2024-02-02,2028,3.5
2024-02-05,2028,3.22
2024-02-06,2028,3.12
2024-02-07,2028,3.12
2024-02-08,2028,3.48
2024-02-09,2028,3.5
2024-02-14,2028,3.5
2024-02-15,2028,3.5
2024-02-16,2028,3.5
2024-02-19,2028,3.5
2024-02-20,2028,3.5
2024-02-21,2028,3.5
2024-02-22,2028,3.5
2024-02-23,2028,3.5
2024-02-26,2028,3.12
2024-02-27,2028,3.3
2024-02-28,2028,3.48
2024-02-29,2028,3.48
2024-03-01,2028,3.32
2024-03-04,2028,3.32
2024-03-05,2028,3.32
2024-03-06,2028,3.16
2024-03-07,2028,3.16
2024-03-08,2028,3.12
2024-03-11,2028,3.14
2024-03-12,2028,3.12
2024-03-13,2028,3.32
2024-03-14,2028,3.32
2024-03-15,2028,3.5
2024-03-18,2028,3.5
2024-03-19,2028,3.5
2024-03-20,2028,3.5
2024-03-21,2028,3.5
2024-03-22,2028,3.5
2024-03-25,2028,3.5
2024-03-26,2028,3.5
2024-03-27,2028,3.5
2024-03-28,2028,3.5
2024-04-01,2028,3.32
2024-04-02,2028,3.32
2024-04-03,2028,3.32
2024-04-04,2028,3.48
2024-04-05,2028,3.48
2024-04-08,2028,3.49
2024-04-09,2028,3.49
2024-04-10,2028,3.31
2024-04-11,2028,3.13
2024-04-12,2028,3.14
2024-04-15,2028,3.14
2024-04-16,2028,3.13
2024-04-17,2028,3.45
2024-04-18,2028,3.45
2024-04-19,2028,3.5
2024-04-22,2028,3.5
2024-04-23,2028,3.5
2024-04-24,2028,3.5
2024-04-25,2028,3.5
2024-04-26,2028,3.4
2024-04-29,2028,3.14
2024-04-30,2028,3.14
2024-05-02,2028,3.45
2024-05-03,2028,3.5
2024-05-06,2028,3.5
2024-05-07,2028,3.5
2024-05-08,2028,3.5
2024-05-09,2028,3.5
2024-05-10,2028,3.27
2024-05-13,2028,3.0701
2024-05-14,2028,3.14
2024-05-15,2028,3.14
2024-05-16,2028,3.4
2024-05-17,2028,3.5
2024-05-20,2028,3.5
2024-05-21,2028,3.5
2024-05-22,2028,3.5
2024-05-23,2028,3.5
2024-05-24,2028,3.5
2024-05-27,2028,3.5
2024-05-28,2028,3.5
2024-05-29,2028,3.5
2024-05-31,2028,3.5
2024-06-03,2028,3.5
2024-06-04,2028,3.5
2024-06-05,2028,3.5
2024-06-06,2028,3.5
2024-06-07,2028,3.5
2024-06-10,2028,3.5
2024-06-11,2028,3.5
2024-06-12,2028,3.5
2024-06-13,2028,3.5
2024-06-14,2028,3.5
2024-06-17,2028,3.5
2024-06-18,2028,3.5
2024-06-19,2028,3.5
2024-06-20,2028,3.5
2024-06-21,2028,3.5
2024-06-24,2028,3.5
2024-06-25,2028,3.5
2024-06-26,2028,3.5
2024-06-27,2028,3.5
2024-06-28,2028,3.45
2024-07-01,2028,3.45
2024-07-02,2028,3.45
2024-07-03,2028,3.45
2024-07-04,2028,3.5
2024-07-05,2028,3.5
2024-07-08,2028,3.5
2024-07-09,2028,3.5
2024-07-10,2028,3.5
2024-07-11,2028,3.5
2024-07-12,2028,3.5
2024-07-15,2028,3.475
2024-07-16,2028,3.5
2024-07-17,2028,3.475
2024-07-18,2028,3.5
2024-07-19,2028,3.5
2024-07-22,2028,3.5
2024-07-23,2028,3.5
2024-07-24,2028,3.5
2024-07-25,2028,3.5
2024-07-26,2028,3.5
2024-07-29,2028,3.5
2024-07-30,2028,3.5
2024-07-31,2028,3.5
2024-08-01,2028,3.5
2024-08-02,2028,3.5
2024-08-05,2028,3.5
2024-08-06,2028,3.5
2024-08-07,2028,3.5
2024-08-08,2028,3.5
2024-08-09,2028,3.5
2024-08-12,2028,3.45
2024-08-13,2028,3.475
2024-08-14,2028,3.5
2024-08-15,2028,3.5
2024-08-16,2028,3.5
2024-08-19,2028,3.5
2024-08-20,2028,3.5
2024-08-21,2028,3.5
2024-08-22,2028,3.5
2024-08-23,2028,3.5
2024-08-26,2028,3.5
2024-08-27,2028,3.5
2024-08-28,2028,3.5
2024-08-29,2028,3.5
2024-08-30,2028,3.5
2024-09-02,2028,3.485
2024-09-03,2028,3.5
2024-09-04,2028,3.5
2024-09-05,2028,3.5
2024-09-06,2028,3.5
2024-09-09,2028,3.5
2024-09-10,2028,3.5
2024-09-11,2028,3.5
2024-09-12,2028,3.5
2024-09-13,2028,3.5
2024-09-16,2028,3.5
2024-09-17,2028,3.5
2024-09-18,2028,3.5
2024-09-19,2028,3.5
2024-09-20,2028,3.5
2024-09-23,2028,3.5
2024-09-24,2028,3.5
2024-09-25,2028,3.5
2024-09-26,2028,3.5
2024-09-27,2028,3.5
2024-09-30,2028,3.5
2024-10-01,2028,3.5
2024-10-02,2028,3.5
2024-10-03,2028,3.5
2024-10-04,2028,3.5
2024-10-07,2028,3.5
2024-10-08,2028,3.5
2024-10-09,2028,3.485
2024-10-10,2028,3.5
2024-10-11,2028,3.5
2024-10-14,2028,3.5
2024-10-15,2028,3.5
2024-10-16,2028,3.5
2024-10-17,2028,3.45
2024-10-18,2028,3.5
2024-10-21,2028,3.5
2024-10-22,2028,3.5
2024-10-23,2028,3.5
2024-10-24,2028,3.5
2024-10-25,2028,3.5
2024-10-28,2028,3.5
2024-10-29,2028,3.5
2024-10-30,2028,3.5
2024-10-31,2028,3.5
2024-11-01,2028,3.5
2024-11-04,2028,3.5
2024-11-05,2028,3.5
2024-11-06,2028,3.5
2024-11-07,2028,3.5
2024-11-08,2028,3.6
2024-11-11,2028,3.6
2024-11-12,2028,3.6
2024-11-13,2028,3.6
2024-11-14,2028,3.5
2024-11-18,2028,3.5
2024-11-19,2028,3.5
2024-11-21,2028,3.5
2024-11-22,2028,3.5
2024-11-25,2028,3.5
2024-11-26,2028,3.5
2024-11-27,2028,3.5
2024-11-28,2028,3.53
2024-11-29,2028,3.6
2024-12-02,2028,3.6
2024-12-03,2028,3.6
2024-12-04,2028,3.8
2024-12-05,2028,4.0
2024-12-06,2028,3.57
2024-12-09,2028,3.585
2024-12-10,2028,3.57
2024-12-11,2028,3.57
2024-12-12,2028,3.525
2024-12-13,2028,3.5
2024-12-16,2028,3.5
2024-12-17,2028,3.5
2024-12-18,2028,3.5
2024-12-19,2028,3.5
2024-12-20,2028,3.62
2024-12-23,2028,3.62
2024-12-24,2028,3.62
2024-12-26,2028,3.61
2024-12-27,2028,3.695
2024-12-30,2028,4.0
2024-12-31,2028,4.0
2025-01-02,2028,4.0
2025-01-03,2028,3.55
2025-01-06,2028,3.3
2025-01-07,2028,3.3
2025-01-08,2028,3.3
2025-01-09,2028,3.3
2025-01-10,2028,4.0
2025-01-13,2028,3.6
2025-01-14,2028,3.77
2025-01-15,2028,3.77
2025-01-16,2028,3.77
2025-01-17,2028,3.6
2025-01-20,2028,3.5789
2025-01-21,2028,3.575
2025-01-22,2028,3.6
2025-01-23,2028,3.6
2025-01-24,2028,4.0
2025-01-27,2028,4.0
2025-01-28,2028,4.0
2025-01-29,2028,4.0
2025-01-30,2028,4.0
2025-01-31,2028,4.0
2025-02-03,2028,3.97
2025-02-04,2028,4.0
2025-02-05,2028,3.94
2025-02-06,2028,3.94
2025-02-07,2028,3.94
2025-02-10,2028,3.94
2025-02-11,2028,3.7
2025-02-12,2028,3.6539
2025-02-13,2028,3.85
2025-02-14,2028,4.0
2025-02-17,2028,4.0
2025-02-18,2028,4.0
2025-02-19,2028,4.0
2025-02-20,2028,4.0
2025-02-21,2028,4.0
2025-02-24,2028,4.0
2025-02-25,2028,4.0
2025-02-26,2028,4.0
2025-02-27,2028,3.97
2025-02-28,2028,3.8011
2025-03-05,2028,3.6021
2025-03-06,2028,3.85
2025-03-07,2028,3.895
2025-03-10,2028,3.85
2025-03-11,2028,3.7261
2025-03-12,2028,3.7711
2025-03-13,2028,3.6011
2025-03-14,2028,4.0
2025-03-17,2028,4.0
2025-03-18,2028,4.0
2025-03-19,2028,4.0
2025-03-20,2028,4.0
2025-03-21,2028,4.0
2025-03-24,2028,3.85
2025-03-25,2028,3.825
2025-03-26,2028,3.8
2025-03-27,2028,3.6511
2025-03-28,2028,3.7
2025-03-31,2028,3.95
2025-04-01,2028,4.0
2025-04-02,2028,4.0
2025-04-03,2028,4.0
2025-04-04,2028,3.6011
2025-04-07,2028,3.6
2025-04-08,2028,3.6021
2025-04-09,2028,3.6011
2025-04-10,2028,3.6011
2025-04-11,2028,3.945
2025-04-14,2028,3.95
2025-04-15,2028,4.0
2025-04-16,2028,4.0
2025-04-17,2028,4.0
2025-04-22,2028,4.0
2025-04-23,2028,4.0
2025-04-24,2028,4.0
2025-04-25,2028,4.0
2025-04-28,2028,3.5
2025-04-29,2028,3.525
2025-04-30,2028,3.575
2025-05-02,2028,4.0
2025-05-05,2028,4.0
2025-05-06,2028,3.95
2025-05-07,2028,4.0
2025-05-08,2028,3.975
2025-05-09,2028,3.6272
2025-05-12,2028,3.6272
2025-05-13,2028,3.6272
2025-05-14,2028,3.5372
2025-05-15,2028,3.5872
2025-05-16,2028,3.6011
2025-05-19,2028,3.69
2025-05-20,2028,3.69
2025-05-21,2028,3.795
2025-05-22,2028,3.8
2025-05-23,2028,4.0
2025-05-26,2028,3.9
2025-05-27,2028,3.95
2025-05-28,2028,3.8
2025-05-29,2028,3.9
2025-05-30,2028,3.5883
2025-06-02,2028,3.6011
2025-06-03,2028,3.8011
2025-06-04,2028,3.8
2025-06-05,2028,3.9
2025-06-06,2028,3.67
2025-06-09,2028,3.795
2025-06-10,2028,3.73
2025-06-11,2028,3.8
2025-06-12,2028,3.8
2025-06-13,2028,3.8
2025-06-16,2028,3.8
2025-06-17,2028,3.8
2025-06-18,2028,3.7
2025-06-20,2028,3.9
2025-06-23,2028,3.8
2025-06-24,2028,3.75
2025-06-25,2028,3.8
2025-06-26,2028,3.75
2025-06-27,2028,3.6021
2025-06-30,2028,3.8
2025-07-01,2028,3.7011
2025-07-02,2028,3.6021
2025-07-03,2028,3.6021
2025-07-04,2028,3.525
2025-07-07,2028,3.55
2025-07-08,2028,3.5883
2025-07-09,2028,3.6021
2025-07-10,2028,3.6021
2025-07-11,2028,3.715
2025-07-14,2028,3.79
2025-07-15,2028,3.715
2025-07-16,2028,3.64
2025-07-17,2028,3.79
2025-07-18,2028,3.96
2025-07-21,2028,3.98
2025-07-22,2028,4.0
2025-07-23,2028,3.8
2025-07-24,2028,3.75
2025-07-25,2028,3.6
2025-07-28,2028,3.6
2025-07-29,2028,3.65
2025-07-30,2028,3.7
2025-07-31,2028,3.75
2025-08-01,2028,3.5744
2025-08-04,2028,3.6
2025-08-05,2028,3.6
2025-08-06,2028,3.6011
2025-08-07,2028,3.6021
2025-08-08,2028,3.5872
2025-08-11,2028,3.5372
2025-08-12,2028,3.5372
2025-08-13,2028,3.5
2025-08-14,2028,3.5
2025-08-15,2028,3.6011
2025-08-18,2028,3.6011
2025-08-19,2028,3.6011
2025-08-20,2028,3.78
2025-08-21,2028,3.6021
2025-08-22,2028,3.6
2025-08-25,2028,3.65
2025-08-26,2028,3.7
2025-08-27,2028,3.7
2025-08-28,2028,3.765
2025-08-29,2028,3.6361
2025-09-01,2028,3.5883
2025-09-02,2028,3.6021
2025-09-03,2028,3.6021
2025-09-04,2028,3.6021
2025-09-05,2028,3.725
2025-09-08,2028,3.725
2025-09-09,2028,3.6475
2025-09-10,2028,3.695
2025-09-11,2028,3.6
2025-09-12,2028,3.6021
2025-09-15,2028,3.6021
2025-09-16,2028,3.6021
2025-09-17,2028,3.6511
2025-09-18,2028,3.7
2025-09-19,2028,3.65
2025-09-22,2028,3.7
2025-09-23,2028,3.7
2025-09-24,2028,3.65
2025-09-25,2028,3.745
2025-09-26,2028,3.5883
2025-09-29,2028,3.5744
2025-09-30,2028,3.5744
2025-10-01,2028,3.6
2025-10-02,2028,3.5744
2025-10-03,2028,3.6011
2025-10-06,2028,3.6911
2025-10-07,2028,3.6486
2025-10-08,2028,3.6486
2025-10-09,2028,3.78
2025-10-10,2028,3.6021
2025-10-13,2028,3.5372
2025-10-14,2028,3.5372
2025-10-15,2028,3.5372
2025-10-16,2028,3.5
2025-10-17,2028,3.5
2025-10-20,2028,3.5372
2025-10-21,2028,3.5372
2025-10-22,2028,3.5
2025-10-23,2028,3.5
2025-10-24,2028,3.6261
2025-10-27,2028,3.7
2025-10-28,2028,3.7
2025-10-29,2028,3.7
2025-10-30,2028,3.7
2025-10-31,2028,3.675
2025-11-03,2028,3.625
2025-11-04,2028,3.625
2025-11-05,2028,3.6
2025-11-06,2028,3.626
2025-11-07,2028,3.5872
2025-11-10,2028,3.728
2025-11-11,2028,3.626
2025-11-12,2028,3.626
2025-11-13,2028,3.5744
2025-11-14,2028,3.5872
2025-11-17,2028,3.5
2025-11-18,2028,3.5744
2025-11-19,2028,3.5
2025-11-21,2028,3.5
2025-11-24,2028,3.5744
2025-11-25,2028,3.6
2025-11-26,2028,3.6
2025-11-27,2028,3.6
2025-11-28,2028,3.6
2025-12-01,2028,3.5744
2025-12-02,2028,3.5372
2025-12-03,2028,3.5
2025-12-04,2028,3.5372
2025-12-05,2028,3.5
2025-12-08,2028,3.5
2025-12-09,2028,3.5
2025-12-10,2028,3.5
2025-12-11,2028,3.5
2025-12-12,2028,3.5
2025-12-15,2028,3.5
2025-12-16,2028,3.5372
2025-12-17,2028,3.5872
2025-12-18,2028,3.5872
2025-12-19,2028,3.6
2025-12-22,2028,3.5872
2025-12-23,2028,3.5872
2025-12-24,2028,3.6
2025-12-26,2028,3.55
2025-12-29,2028,3.5
2025-12-30,2028,3.5
2025-12-31,2028,3.5
2026-01-02,2028,3.5
2026-01-05,2028,3.5
2026-01-06,2028,3.4
2026-01-07,2028,3.3
2026-01-08,2028,3.3
2026-01-09,2028,3.5
2026-01-12,2028,3.5
2026-01-13,2028,3.5
2026-01-14,2028,3.5
2026-01-15,2028,3.5
2026-01-16,2028,3.5
2026-01-19,2028,3.5
2026-01-20,2028,3.685
2026-01-21,2028,3.5
2026-01-22,2028,3.5
2026-01-23,2028,3.5
2026-01-26,2028,3.5
2026-01-27,2028,3.5
2026-01-28,2028,3.5
2026-01-29,2028,3.5
2026-01-30,2028,3.7
2026-02-02,2028,3.6
2026-02-03,2028,3.6
2026-02-04,2028,3.5
2026-02-05,2028,3.5
2026-02-06,2028,3.55
2026-02-09,2028,3.6
2026-02-10,2028,3.685
2026-02-11,2028,3.77
2026-02-12,2028,3.87
2026-02-13,2028,3.5
2026-02-18,2028,3.5
2026-02-19,2028,3.97
2026-02-20,2028,3.5
2026-02-23,2028,3.5
2026-02-24,2028,3.5
2026-02-25,2028,3.5
2026-02-26,2028,3.5
2026-02-27,2028,3.42
2026-03-02,2028,3.46
2026-03-03,2028,3.46
2026-03-04,2028,3.46
2026-03-05,2028,3.42
2026-03-06,2028,3.5
2026-03-09,2028,3.5
2026-03-10,2028,3.5
2026-03-11,2028,3.5
2026-03-12,2028,3.5
2026-03-13,2028,3.5
2026-03-16,2028,3.5
2026-03-17,2028,3.5
2026-03-18,2028,3.5
2026-03-19,2028,3.5
2026-03-20,2028,3.5
2026-03-23,2028,3.5
2026-03-24,2028,3.5
2026-03-25,2028,3.5
2026-03-26,2028,3.5
2026-03-27,2028,3.5
2026-03-30,2028,3.5
2026-03-31,2028,3.5
2026-04-01,2028,3.5
2026-04-02,2028,3.5
2025-01-10,2029,4.235
2025-01-13,2029,4.235
2025-01-14,2029,4.235
2025-01-15,2029,4.235
2025-01-16,2029,4.235
2025-01-17,2029,3.58
2025-01-20,2029,3.66
2025-01-21,2029,3.6
2025-01-22,2029,3.6
2025-01-23,2029,3.6
2025-01-24,2029,4.0
2025-01-27,2029,4.0
2025-01-28,2029,4.0
2025-01-29,2029,4.0
2025-01-30,2029,4.0
2025-01-31,2029,4.0
2025-02-03,2029,4.025
2025-02-04,2029,4.025
2025-02-05,2029,4.025
2025-02-06,2029,4.0
2025-02-07,2029,4.0
2025-02-10,2029,3.8683
2025-02-11,2029,3.6
2025-02-12,2029,3.55
2025-02-13,2029,3.55
2025-02-14,2029,3.5
2025-02-17,2029,3.5
2025-02-18,2029,3.6
2025-02-19,2029,3.8
2025-02-20,2029,4.0
2025-02-21,2029,3.965
2025-02-24,2029,3.965
2025-02-25,2029,3.865
2025-02-26,2029,3.8
2025-02-27,2029,3.69
2025-02-28,2029,3.4
2025-03-05,2029,3.5
2025-03-06,2029,3.5
2025-03-07,2029,3.5
2025-03-10,2029,3.5
2025-03-11,2029,3.55
2025-03-12,2029,3.55
2025-03-13,2029,3.5
2025-03-14,2029,3.95
2025-03-17,2029,3.97
2025-03-18,2029,3.985
2025-03-19,2029,4.0
2025-03-20,2029,4.0
2025-03-21,2029,3.85
2025-03-24,2029,3.58
2025-03-25,2029,3.5
2025-03-26,2029,3.5
2025-03-27,2029,3.5
2025-03-28,2029,3.5
2025-03-31,2029,3.6
2025-04-01,2029,4.0
2025-04-02,2029,4.0
2025-04-03,2029,4.0
2025-04-04,2029,3.5
2025-04-07,2029,3.5
2025-04-08,2029,3.5
2025-04-09,2029,3.5
2025-04-10,2029,3.5
2025-04-11,2029,3.5
2025-04-14,2029,3.645
2025-04-15,2029,3.5
2025-04-16,2029,3.79
2025-04-17,2029,3.97
2025-04-22,2029,3.885
2025-04-23,2029,3.885
2025-04-24,2029,3.885
2025-04-25,2029,3.6
2025-04-28,2029,3.29
2025-04-29,2029,3.3
2025-04-30,2029,3.3
2025-05-02,2029,3.885
2025-05-05,2029,3.75
2025-05-06,2029,3.75
2025-05-07,2029,3.885
2025-05-08,2029,3.8
2025-05-09,2029,3.5
2025-05-12,2029,3.5
2025-05-13,2029,3.5
2025-05-14,2029,3.5
2025-05-15,2029,3.5
2025-05-16,2029,3.5
2025-05-19,2029,3.5
2025-05-20,2029,3.5
2025-05-21,2029,3.6
2025-05-22,2029,3.5
2025-05-23,2029,3.8
2025-05-26,2029,3.75
2025-05-27,2029,3.8
2025-05-28,2029,3.58
2025-05-29,2029,3.8
2025-05-30,2029,3.45
2025-06-02,2029,3.525
2025-06-03,2029,3.775
2025-06-04,2029,3.75
2025-06-05,2029,3.75
2025-06-06,2029,3.5
2025-06-09,2029,3.745
2025-06-10,2029,3.6
2025-06-11,2029,3.745
2025-06-12,2029,3.745
2025-06-13,2029,3.7
2025-06-16,2029,3.58
2025-06-17,2029,3.58
2025-06-18,2029,3.525
2025-06-20,2029,3.58
2025-06-23,2029,3.58
2025-06-24,2029,3.5
2025-06-25,2029,3.54
2025-06-26,2029,3.5
2025-06-27,2029,3.3
2025-06-30,2029,3.3
2025-07-01,2029,3.3
2025-07-02,2029,3.25
2025-07-03,2029,3.4
2025-07-04,2029,3.4
2025-07-07,2029,3.5
2025-07-08,2029,3.5125
2025-07-09,2029,3.525
2025-07-10,2029,3.5
2025-07-11,2029,3.5
2025-07-14,2029,3.5
2025-07-15,2029,3.4
2025-07-16,2029,3.5
2025-07-17,2029,3.5
2025-07-18,2029,3.79
2025-07-21,2029,3.69
2025-07-22,2029,3.69
2025-07-23,2029,3.565
2025-07-24,2029,3.55
2025-07-25,2029,3.525
2025-07-28,2029,3.525
2025-07-29,2029,3.5
2025-07-30,2029,3.5
2025-07-31,2029,3.5
2025-08-01,2029,3.013
2025-08-04,2029,3.0065
2025-08-05,2029,3.1565
2025-08-06,2029,3.31
2025-08-07,2029,3.405
2025-08-08,2029,3.5
2025-08-11,2029,3.5
2025-08-12,2029,3.5
2025-08-13,2029,3.5
2025-08-14,2029,3.31
2025-08-15,2029,3.405
2025-08-18,2029,3.305
2025-08-19,2029,3.31
2025-08-20,2029,3.175
2025-08-21,2029,3.305
2025-08-22,2029,3.5
2025-08-25,2029,3.5
2025-08-26,2029,3.5
2025-08-27,2029,3.5
2025-08-28,2029,3.5
2025-08-29,2029,3.31
2025-09-01,2029,3.3
2025-09-02,2029,3.3
2025-09-03,2029,3.3
2025-09-04,2029,3.3
2025-09-05,2029,3.4
2025-09-08,2029,3.5
2025-09-09,2029,3.5
2025-09-10,2029,3.5
2025-09-11,2029,3.5
2025-09-12,2029,3.5
2025-09-15,2029,3.5
2025-09-16,2029,3.5
2025-09-17,2029,3.5
2025-09-18,2029,3.5
2025-09-19,2029,3.5
2025-09-22,2029,3.5
2025-09-23,2029,3.5
2025-09-24,2029,3.5
2025-09-25,2029,3.5
2025-09-26,2029,3.5
2025-09-29,2029,3.4
2025-09-30,2029,3.4
2025-10-01,2029,3.4
2025-10-02,2029,3.5
2025-10-03,2029,3.5
2025-10-06,2029,3.5
2025-10-07,2029,3.5
2025-10-08,2029,3.5
2025-10-09,2029,3.61
2025-10-10,2029,3.4
2025-10-13,2029,3.3
2025-10-14,2029,3.3
2025-10-15,2029,3.3
2025-10-16,2029,3.4
2025-10-17,2029,3.5
2025-10-20,2029,3.5
2025-10-21,2029,3.5
2025-10-22,2029,3.5
2025-10-23,2029,3.5
2025-10-24,2029,3.5
2025-10-27,2029,3.5
2025-10-28,2029,3.5
2025-10-29,2029,3.6
2025-10-30,2029,3.6
2025-10-31,2029,3.5
2025-11-03,2029,3.5
2025-11-04,2029,3.5
2025-11-05,2029,3.5
2025-11-06,2029,3.5
2025-11-07,2029,3.5
2025-11-10,2029,3.59
2025-11-11,2029,3.5
2025-11-12,2029,3.5
2025-11-13,2029,3.5
2025-11-14,2029,3.5
2025-11-17,2029,3.5
2025-11-18,2029,3.5
2025-11-19,2029,3.5
2025-11-21,2029,3.5
2025-11-24,2029,3.5
2025-11-25,2029,3.5
2025-11-26,2029,3.5
2025-11-27,2029,3.5
2025-11-28,2029,3.5
2025-12-01,2029,3.5
2025-12-02,2029,3.5
2025-12-03,2029,3.5
2025-12-04,2029,3.5
2025-12-05,2029,3.5
2025-12-08,2029,3.5
2025-12-09,2029,3.5
2025-12-10,2029,3.5
2025-12-11,2029,3.5
2025-12-12,2029,3.5
2025-12-15,2029,3.5
2025-12-16,2029,3.5
2025-12-17,2029,3.5
2025-12-18,2029,3.5
2025-12-19,2029,3.5
2025-12-22,2029,3.5
2025-12-23,2029,3.5
2025-12-24,2029,3.5
2025-12-26,2029,3.5
2025-12-29,2029,3.5
2025-12-30,2029,3.5
2025-12-31,2029,3.5
2026-01-02,2029,3.5
2026-01-05,2029,3.5
2026-01-06,2029,3.3
2026-01-07,2029,3.3
2026-01-08,2029,3.3
2026-01-09,2029,3.3
2026-01-12,2029,3.5
2026-01-13,2029,3.5
2026-01-14,2029,3.5
2026-01-15,2029,3.5
2026-01-16,2029,3.5
2026-01-19,2029,3.5
2026-01-20,2029,3.685
2026-01-21,2029,3.5
2026-01-22,2029,3.5
2026-01-23,2029,3.5
2026-01-26,2029,3.5
2026-01-27,2029,3.5
2026-01-28,2029,3.5
2026-01-29,2029,3.5
2026-01-30,2029,3.65
2026-02-02,2029,3.8
2026-02-03,2029,3.8
2026-02-04,2029,3.5
2026-02-05,2029,3.5
2026-02-06,2029,3.5
2026-02-09,2029,3.635
2026-02-10,2029,3.77
2026-02-11,2029,3.785
2026-02-12,2029,3.785
2026-02-13,2029,3.5
2026-02-18,2029,3.5
2026-02-19,2029,4.0
2026-02-20,2029,3.5
2026-02-23,2029,3.5
2026-02-24,2029,3.5
2026-02-25,2029,3.5
2026-02-26,2029,3.5
2026-02-27,2029,3.4
2026-03-02,2029,3.5
2026-03-03,2029,3.5
2026-03-04,2029,3.5
2026-03-05,2029,3.4
2026-03-06,2029,3.5
2026-03-09,2029,3.5
2026-03-10,2029,3.5
2026-03-11,2029,3.5
2026-03-12,2029,3.5
2026-03-13,2029,3.5
2026-03-16,2029,3.5
2026-03-17,2029,3.5
2026-03-18,2029,3.5
2026-03-19,2029,3.5
2026-03-20,2029,3.5
2026-03-23,2029,3.5
2026-03-24,2029,3.5
2026-03-25,2029,3.5
2026-03-26,2029,3.5
2026-03-27,2029,3.5
2026-03-30,2029,3.5
2026-03-31,2029,3.5
2026-04-01,2029,3.5
2026-04-02,2029,3.5
2026-01-09,2030,3.5
2026-01-12,2030,3.5
2026-01-13,2030,3.5
2026-01-14,2030,3.5
2026-01-15,2030,3.5
2026-01-16,2030,3.56
2026-01-19,2030,3.56
2026-01-20,2030,3.71
2026-01-21,2030,3.66
2026-01-22,2030,3.66
2026-01-23,2030,3.55
2026-01-26,2030,3.55
2026-01-27,2030,3.5
2026-01-28,2030,3.5
2026-01-29,2030,3.5
2026-01-30,2030,3.67
2026-02-02,2030,3.735
2026-02-03,2030,3.735
2026-02-04,2030,3.8
2026-02-05,2030,3.8
2026-02-06,2030,3.675
2026-02-09,2030,3.68
2026-02-10,2030,3.72
2026-02-11,2030,3.675
2026-02-12,2030,3.68
2026-02-13,2030,3.63
2026-02-18,2030,3.63
2026-02-19,2030,3.84
2026-02-20,2030,3.5
2026-02-23,2030,3.5
2026-02-24,2030,3.5
2026-02-25,2030,3.5
2026-02-26,2030,3.5
2026-02-27,2030,3.5
2026-03-02,2030,3.5
2026-03-03,2030,3.5
2026-03-04,2030,3.5
2026-03-05,2030,3.5
2026-03-06,2030,3.5
2026-03-09,2030,3.5
2026-03-10,2030,3.5
2026-03-11,2030,3.575
2026-03-12,2030,3.5
2026-03-13,2030,3.5
2026-03-16,2030,3.5
2026-03-17,2030,3.55
2026-03-18,2030,3.5
2026-03-19,2030,3.5
2026-03-20,2030,3.5
2026-03-23,2030,3.5
2026-03-24,2030,3.5
2026-03-25,2030,3.5
2026-03-26,2030,3.5
2026-03-27,2030,3.5
2026-03-30,2030,3.5
2026-03-31,2030,3.5
2026-04-01,2030,3.5
2026-04-02,2030,3.5
