date,ref_year,median
2001-01-02,2001,4.3
2001-01-03,2001,4.26
2001-01-04,2001,4.21
2001-01-05,2001,4.21
2001-01-08,2001,4.21
2001-01-09,2001,4.21
2001-01-10,2001,4.2
2001-01-11,2001,4.2
2001-01-12,2001,4.2
2001-01-15,2001,4.2
2001-01-16,2001,4.2
2001-01-17,2001,4.2
2001-01-18,2001,4.2
2001-01-19,2001,4.2
2001-01-22,2001,4.2
2001-01-23,2001,4.2
2001-01-24,2001,4.2
2001-01-25,2001,4.2
2001-01-26,2001,4.2
2001-01-29,2001,4.2
2001-01-30,2001,4.2
2001-01-31,2001,4.2
2001-02-01,2001,4.2
2001-02-02,2001,4.2
2001-02-05,2001,4.2
2001-02-06,2001,4.2
2001-02-07,2001,4.2
2001-02-08,2001,4.2
2001-02-09,2001,4.2
2001-02-12,2001,4.2
2001-02-13,2001,4.2
2001-02-14,2001,4.2
2001-02-15,2001,4.2
2001-02-16,2001,4.2
2001-02-19,2001,4.2
2001-02-20,2001,4.2
2001-02-21,2001,4.2
2001-02-22,2001,4.2
2001-02-23,2001,4.2
2001-02-28,2001,4.2
2001-03-01,2001,4.2
2001-03-02,2001,4.2
2001-03-05,2001,4.2
2001-03-06,2001,4.2
2001-03-07,2001,4.2
2001-03-08,2001,4.2
2001-03-09,2001,4.2
2001-03-12,2001,4.2
2001-03-13,2001,4.2
2001-03-14,2001,4.2
2001-03-15,2001,4.2
2001-03-16,2001,4.2
2001-03-19,2001,4.2
2001-03-20,2001,4.24
2001-03-21,2001,4.29
2001-03-22,2001,4.29
2001-03-23,2001,4.3
2001-03-26,2001,4.3
2001-03-27,2001,4.3
2001-03-28,2001,4.3
2001-03-29,2001,4.3
2001-03-30,2001,4.3
2001-04-02,2001,4.35
2001-04-03,2001,4.4
2001-04-04,2001,4.4
2001-04-05,2001,4.4
2001-04-06,2001,4.44
2001-04-09,2001,4.5
2001-04-10,2001,4.5
2001-04-11,2001,4.5
2001-04-12,2001,4.5
2001-04-16,2001,4.5
2001-04-17,2001,4.5
2001-04-18,2001,4.5
2001-04-19,2001,4.54
2001-04-20,2001,4.54
2001-04-23,2001,4.54
2001-04-24,2001,4.54
2001-04-25,2001,4.54
2001-04-26,2001,4.55
2001-04-27,2001,4.55
2001-04-30,2001,4.55
2001-05-02,2001,4.6
2001-05-03,2001,4.6
2001-05-04,2001,4.6
2001-05-07,2001,4.62
2001-05-08,2001,4.62
2001-05-09,2001,4.62
2001-05-10,2001,4.62
2001-05-11,2001,4.67
2001-05-14,2001,4.7
2001-05-15,2001,4.8
2001-05-16,2001,4.8
2001-05-17,2001,4.9
2001-05-18,2001,5.0
2001-05-21,2001,5.0
2001-05-22,2001,5.0
2001-05-23,2001,5.0
2001-05-24,2001,5.0
2001-05-25,2001,5.02
2001-05-28,2001,5.02
2001-05-29,2001,5.04
2001-05-30,2001,5.2
2001-05-31,2001,5.2
2001-06-01,2001,5.27
2001-06-04,2001,5.27
2001-06-05,2001,5.3
2001-06-06,2001,5.3
2001-06-07,2001,5.36
2001-06-08,2001,5.36
2001-06-11,2001,5.5
2001-06-12,2001,5.5
2001-06-13,2001,5.5
2001-06-18,2001,5.5
2001-06-19,2001,5.51
2001-06-20,2001,5.6
2001-06-21,2001,5.6
2001-06-22,2001,5.6
2001-06-25,2001,5.6
2001-06-26,2001,5.6
2001-06-27,2001,5.6
2001-06-28,2001,5.6
2001-06-29,2001,5.6
2001-07-02,2001,5.6
2001-07-03,2001,5.65
2001-07-04,2001,5.65
2001-07-05,2001,5.7
2001-07-06,2001,5.8
2001-07-09,2001,5.8
2001-07-10,2001,5.88
2001-07-11,2001,5.88
2001-07-12,2001,5.89
2001-07-13,2001,6.0
2001-07-16,2001,6.0
2001-07-17,2001,6.0
2001-07-18,2001,6.0
2001-07-19,2001,6.0
2001-07-20,2001,6.0
2001-07-23,2001,6.0
2001-07-24,2001,6.02
2001-07-25,2001,6.03
2001-07-26,2001,6.08
2001-07-27,2001,6.08
2001-07-30,2001,6.1
2001-07-31,2001,6.1
2001-08-01,2001,6.1
2001-08-02,2001,6.14
2001-08-03,2001,6.2
2001-08-06,2001,6.2
2001-08-07,2001,6.2
2001-08-08,2001,6.22
2001-08-09,2001,6.25
2001-08-10,2001,6.3
2001-08-13,2001,6.3
2001-08-14,2001,6.3
2001-08-15,2001,6.3
2001-08-16,2001,6.3
2001-08-17,2001,6.3
2001-08-20,2001,6.3
2001-08-21,2001,6.3
2001-08-22,2001,6.3
2001-08-23,2001,6.3
2001-08-24,2001,6.32
2001-08-27,2001,6.4
2001-08-28,2001,6.4
2001-08-29,2001,6.4
2001-08-30,2001,6.4
2001-08-31,2001,6.43
2001-09-03,2001,6.43
2001-09-04,2001,6.43
2001-09-05,2001,6.43
2001-09-06,2001,6.5
2001-09-10,2001,6.5
2001-09-11,2001,6.5
2001-09-12,2001,6.48
2001-09-13,2001,6.48
2001-09-14,2001,6.48
2001-09-17,2001,6.5
2001-09-18,2001,6.5
2001-09-19,2001,6.5
2001-09-20,2001,6.5
2001-09-21,2001,6.5
2001-09-24,2001,6.57
2001-09-25,2001,6.57
2001-09-26,2001,6.6
2001-09-27,2001,6.6
2001-09-28,2001,6.6
2001-10-01,2001,6.6
2001-10-02,2001,6.6
2001-10-03,2001,6.6
2001-10-04,2001,6.6
2001-10-05,2001,6.6
2001-10-08,2001,6.6
2001-10-09,2001,6.6
2001-10-10,2001,6.6
2001-10-11,2001,6.6
2001-10-15,2001,6.6
2001-10-16,2001,6.6
2001-10-17,2001,6.6
2001-10-18,2001,6.62
2001-10-19,2001,6.65
2001-10-22,2001,6.66
2001-10-23,2001,6.67
2001-10-24,2001,6.65
2001-10-25,2001,6.67
2001-10-26,2001,6.65
2001-10-29,2001,6.66
2001-10-30,2001,6.67
2001-10-31,2001,6.67
2001-11-01,2001,6.67
2001-11-06,2001,6.67
2001-11-07,2001,6.68
2001-11-08,2001,6.71
2001-11-09,2001,6.8
2001-11-12,2001,6.92
2001-11-13,2001,7.0
2001-11-14,2001,7.04
2001-11-16,2001,7.14
2001-11-19,2001,7.18
2001-11-20,2001,7.18
2001-11-21,2001,7.18
2001-11-22,2001,7.18
2001-11-23,2001,7.18
2001-11-26,2001,7.22
2001-11-27,2001,7.23
2001-11-28,2001,7.25
2001-11-29,2001,7.26
2001-11-30,2001,7.29
2001-12-03,2001,7.29
2001-12-04,2001,7.29
2001-12-05,2001,7.29
2001-12-06,2001,7.29
2001-12-07,2001,7.34
2001-12-10,2001,7.37
2001-12-11,2001,7.39
2001-12-12,2001,7.38
2001-12-13,2001,7.39
2001-12-14,2001,7.35
2001-12-17,2001,7.39
2001-12-18,2001,7.39
2001-12-19,2001,7.4
2001-12-20,2001,7.4
2001-12-21,2001,7.4
2001-12-24,2001,7.4
2001-12-26,2001,7.4
2001-12-27,2001,7.4
2001-12-28,2001,7.4
2001-12-31,2001,7.4
2002-01-02,2001,7.41
2002-01-03,2001,7.4
2002-01-04,2001,7.4
2002-01-07,2001,7.4
2002-01-08,2001,7.39
2002-01-09,2001,7.4
2002-01-10,2001,7.4
2001-01-02,2002,3.81
2001-01-03,2002,3.81
2001-01-04,2002,3.81
2001-01-05,2002,3.81
2001-01-08,2002,3.81
2001-01-09,2002,3.81
2001-01-10,2002,3.82
2001-01-11,2002,3.81
2001-01-12,2002,3.82
2001-01-15,2002,3.82
2001-01-16,2002,3.82
2001-01-17,2002,3.82
2001-01-18,2002,3.82
2001-01-19,2002,3.82
2001-01-22,2002,3.82
2001-01-23,2002,3.81
2001-01-24,2002,3.81
2001-01-25,2002,3.8
2001-01-26,2002,3.8
2001-01-29,2002,3.8
2001-01-30,2002,3.8
2001-01-31,2002,3.8
2001-02-01,2002,3.8
2001-02-02,2002,3.8
2001-02-05,2002,3.8
2001-02-06,2002,3.8
2001-02-07,2002,3.8
2001-02-08,2002,3.75
2001-02-09,2002,3.75
2001-02-12,2002,3.75
2001-02-13,2002,3.7
2001-02-14,2002,3.7
2001-02-15,2002,3.7
2001-02-16,2002,3.7
2001-02-19,2002,3.7
2001-02-20,2002,3.7
2001-02-21,2002,3.7
2001-02-22,2002,3.7
2001-02-23,2002,3.7
2001-02-28,2002,3.7
2001-03-01,2002,3.7
2001-03-02,2002,3.7
2001-03-05,2002,3.7
2001-03-06,2002,3.7
2001-03-07,2002,3.7
2001-03-08,2002,3.7
2001-03-09,2002,3.7
2001-03-12,2002,3.7
2001-03-13,2002,3.7
2001-03-14,2002,3.7
2001-03-15,2002,3.7
2001-03-16,2002,3.7
2001-03-19,2002,3.7
2001-03-20,2002,3.66
2001-03-21,2002,3.64
2001-03-22,2002,3.64
2001-03-23,2002,3.64
2001-03-26,2002,3.65
2001-03-27,2002,3.66
2001-03-28,2002,3.66
2001-03-29,2002,3.65
2001-03-30,2002,3.65
2001-04-02,2002,3.62
2001-04-03,2002,3.65
2001-04-04,2002,3.65
2001-04-05,2002,3.66
2001-04-06,2002,3.66
2001-04-09,2002,3.66
2001-04-10,2002,3.66
2001-04-11,2002,3.66
2001-04-12,2002,3.66
2001-04-16,2002,3.68
2001-04-17,2002,3.68
2001-04-18,2002,3.7
2001-04-19,2002,3.7
2001-04-20,2002,3.7
2001-04-23,2002,3.7
2001-04-24,2002,3.7
2001-04-25,2002,3.7
2001-04-26,2002,3.7
2001-04-27,2002,3.7
2001-04-30,2002,3.7
2001-05-02,2002,3.7
2001-05-03,2002,3.7
2001-05-04,2002,3.7
2001-05-07,2002,3.8
2001-05-08,2002,3.7
2001-05-09,2002,3.7
2001-05-10,2002,3.7
2001-05-11,2002,3.7
2001-05-14,2002,3.75
2001-05-15,2002,3.8
2001-05-16,2002,3.8
2001-05-17,2002,3.8
2001-05-18,2002,3.8
2001-05-21,2002,3.8
2001-05-22,2002,3.8
2001-05-23,2002,3.8
2001-05-24,2002,3.8
2001-05-25,2002,3.8
2001-05-28,2002,3.8
2001-05-29,2002,3.8
2001-05-30,2002,3.8
2001-05-31,2002,3.8
2001-06-01,2002,3.8
2001-06-04,2002,3.8
2001-06-05,2002,3.81
2001-06-06,2002,3.81
2001-06-07,2002,3.8
2001-06-08,2002,3.8
2001-06-11,2002,3.82
2001-06-12,2002,3.82
2001-06-13,2002,3.82
2001-06-18,2002,3.82
2001-06-19,2002,3.91
2001-06-20,2002,4.0
2001-06-21,2002,4.0
2001-06-22,2002,4.0
2001-06-25,2002,4.0
2001-06-26,2002,4.0
2001-06-27,2002,4.0
2001-06-28,2002,4.0
2001-06-29,2002,4.0
2001-07-02,2002,4.0
2001-07-03,2002,4.0
2001-07-04,2002,4.0
2001-07-05,2002,4.0
2001-07-06,2002,4.0
2001-07-09,2002,4.0
2001-07-10,2002,4.0
2001-07-11,2002,4.0
2001-07-12,2002,4.0
2001-07-13,2002,4.0
2001-07-16,2002,4.0
2001-07-17,2002,4.0
2001-07-18,2002,4.0
2001-07-19,2002,4.0
2001-07-20,2002,4.0
2001-07-23,2002,4.0
2001-07-24,2002,4.0
2001-07-25,2002,4.25
2001-07-26,2002,4.1
2001-07-27,2002,4.02
2001-07-30,2002,4.0
2001-07-31,2002,4.03
2001-08-01,2002,4.03
2001-08-02,2002,4.2
2001-08-03,2002,4.25
2001-08-06,2002,4.25
2001-08-07,2002,4.25
2001-08-08,2002,4.2
2001-08-09,2002,4.25
2001-08-10,2002,4.35
2001-08-13,2002,4.35
2001-08-14,2002,4.35
2001-08-15,2002,4.43
2001-08-16,2002,4.5
2001-08-17,2002,4.5
2001-08-20,2002,4.5
2001-08-21,2002,4.5
2001-08-22,2002,4.5
2001-08-23,2002,4.5
2001-08-24,2002,4.5
2001-08-27,2002,4.5
2001-08-28,2002,4.5
2001-08-29,2002,4.5
2001-08-30,2002,4.5
2001-08-31,2002,4.5
2001-09-03,2002,4.5
2001-09-04,2002,4.5
2001-09-05,2002,4.5
2001-09-06,2002,4.5
2001-09-10,2002,4.5
2001-09-11,2002,4.5
2001-09-12,2002,4.5
2001-09-13,2002,4.5
2001-09-14,2002,4.5
2001-09-17,2002,4.5
2001-09-18,2002,4.5
2001-09-19,2002,4.5
2001-09-20,2002,4.6
2001-09-21,2002,4.65
2001-09-24,2002,4.7
2001-09-25,2002,4.7
2001-09-26,2002,4.8
2001-09-27,2002,4.8
2001-09-28,2002,4.8
2001-10-01,2002,4.8
2001-10-02,2002,4.8
2001-10-03,2002,4.85
2001-10-04,2002,4.89
2001-10-05,2002,4.89
2001-10-08,2002,4.9
2001-10-09,2002,4.9
2001-10-10,2002,4.9
2001-10-11,2002,5.0
2001-10-15,2002,5.0
2001-10-16,2002,5.0
2001-10-17,2002,5.0
2001-10-18,2002,5.0
2001-10-19,2002,5.0
2001-10-22,2002,5.0
2001-10-23,2002,5.0
2001-10-24,2002,5.0
2001-10-25,2002,5.04
2001-10-26,2002,5.0
2001-10-29,2002,5.0
2001-10-30,2002,5.07
2001-10-31,2002,5.07
2001-11-01,2002,5.04
2001-11-06,2002,5.1
2001-11-07,2002,5.1
2001-11-08,2002,5.11
2001-11-09,2002,5.11
2001-11-12,2002,5.11
2001-11-13,2002,5.11
2001-11-14,2002,5.11
2001-11-16,2002,5.11
2001-11-19,2002,5.1
2001-11-20,2002,5.1
2001-11-21,2002,5.1
2001-11-22,2002,5.1
2001-11-23,2002,5.1
2001-11-26,2002,5.1
2001-11-27,2002,5.08
2001-11-28,2002,5.08
2001-11-29,2002,5.08
2001-11-30,2002,5.09
2001-12-03,2002,5.09
2001-12-04,2002,5.09
2001-12-05,2002,5.09
2001-12-06,2002,5.09
2001-12-07,2002,5.2
2001-12-10,2002,5.2
2001-12-11,2002,5.1
2001-12-12,2002,5.1
2001-12-13,2002,5.09
2001-12-14,2002,5.03
2001-12-17,2002,5.03
2001-12-18,2002,5.01
2001-12-19,2002,5.0
2001-12-20,2002,5.0
2001-12-21,2002,5.0
2001-12-24,2002,5.0
2001-12-26,2002,5.0
2001-12-27,2002,4.94
2001-12-28,2002,4.8
2001-12-31,2002,4.8
2002-01-02,2002,4.75
2002-01-03,2002,4.75
2002-01-04,2002,4.7
2002-01-07,2002,4.7
2002-01-08,2002,4.7
2002-01-09,2002,4.68
2002-01-10,2002,4.7
2002-01-11,2002,4.7
2002-01-14,2002,4.7
2002-01-15,2002,4.71
2002-01-16,2002,4.71
2002-01-17,2002,4.7
2002-01-18,2002,4.75
2002-01-21,2002,4.8
2002-01-22,2002,4.82
2002-01-23,2002,4.82
2002-01-24,2002,4.82
2002-01-25,2002,4.8
2002-01-28,2002,4.8
2002-01-29,2002,4.8
2002-01-30,2002,4.8
2002-01-31,2002,4.8
2002-02-01,2002,4.8
2002-02-04,2002,4.8
2002-02-05,2002,4.8
2002-02-06,2002,4.8
2002-02-07,2002,4.8
2002-02-08,2002,4.8
2002-02-11,2002,4.8
2002-02-13,2002,4.8
2002-02-14,2002,4.8
2002-02-15,2002,4.8
2002-02-18,2002,4.8
2002-02-19,2002,4.8
2002-02-20,2002,4.8
2002-02-21,2002,4.82
2002-02-22,2002,4.85
2002-02-25,2002,4.86
2002-02-26,2002,4.82
2002-02-27,2002,4.85
2002-02-28,2002,4.87
2002-03-01,2002,4.89
2002-03-04,2002,4.88
2002-03-05,2002,4.85
2002-03-06,2002,4.89
2002-03-07,2002,4.9
2002-03-08,2002,4.9
2002-03-11,2002,4.92
2002-03-12,2002,4.92
2002-03-13,2002,4.96
2002-03-14,2002,4.99
2002-03-15,2002,4.98
2002-03-18,2002,4.99
2002-03-19,2002,5.0
2002-03-20,2002,5.0
2002-03-21,2002,5.0
2002-03-22,2002,5.0
2002-03-25,2002,5.01
2002-03-26,2002,5.03
2002-03-27,2002,5.04
2002-03-28,2002,5.04
2002-04-01,2002,5.08
2002-04-02,2002,5.1
2002-04-03,2002,5.13
2002-04-04,2002,5.21
2002-04-05,2002,5.26
2002-04-08,2002,5.28
2002-04-09,2002,5.29
2002-04-10,2002,5.3
2002-04-11,2002,5.3
2002-04-12,2002,5.32
2002-04-15,2002,5.41
2002-04-16,2002,5.44
2002-04-17,2002,5.44
2002-04-18,2002,5.45
2002-04-19,2002,5.46
2002-04-22,2002,5.45
2002-04-23,2002,5.46
2002-04-24,2002,5.46
2002-04-25,2002,5.46
2002-04-26,2002,5.46
2002-04-29,2002,5.46
2002-04-30,2002,5.46
2002-05-02,2002,5.46
2002-05-03,2002,5.46
2002-05-06,2002,5.46
2002-05-07,2002,5.46
2002-05-08,2002,5.46
2002-05-09,2002,5.48
2002-05-10,2002,5.5
2002-05-13,2002,5.5
2002-05-14,2002,5.46
2002-05-15,2002,5.46
2002-05-16,2002,5.46
2002-05-17,2002,5.46
2002-05-20,2002,5.46
2002-05-21,2002,5.46
2002-05-22,2002,5.46
2002-05-23,2002,5.46
2002-05-24,2002,5.46
2002-05-27,2002,5.46
2002-05-28,2002,5.46
2002-05-29,2002,5.46
2002-05-31,2002,5.46
2002-06-03,2002,5.46
2002-06-04,2002,5.46
2002-06-05,2002,5.46
2002-06-06,2002,5.46
2002-06-07,2002,5.49
2002-06-10,2002,5.46
2002-06-11,2002,5.46
2002-06-12,2002,5.46
2002-06-13,2002,5.46
2002-06-14,2002,5.46
2002-06-17,2002,5.46
2002-06-18,2002,5.5
2002-06-19,2002,5.5
2002-06-20,2002,5.5
2002-06-21,2002,5.5
2002-06-24,2002,5.52
2002-06-25,2002,5.52
2002-06-26,2002,5.52
2002-06-27,2002,5.52
2002-06-28,2002,5.53
2002-07-01,2002,5.6
2002-07-02,2002,5.6
2002-07-03,2002,5.66
2002-07-04,2002,5.68
2002-07-05,2002,5.72
2002-07-08,2002,5.73
2002-07-09,2002,5.74
2002-07-10,2002,5.76
2002-07-11,2002,5.79
2002-07-12,2002,5.81
2002-07-15,2002,5.81
2002-07-16,2002,5.8
2002-07-17,2002,5.8
2002-07-18,2002,5.81
2002-07-19,2002,5.84
2002-07-22,2002,5.84
2002-07-23,2002,5.87
2002-07-24,2002,5.91
2002-07-25,2002,5.96
2002-07-26,2002,5.96
2002-07-29,2002,5.97
2002-07-30,2002,5.98
2002-07-31,2002,5.99
2002-08-01,2002,6.0
2002-08-02,2002,6.0
2002-08-05,2002,6.02
2002-08-06,2002,6.02
2002-08-07,2002,6.02
2002-08-08,2002,6.07
2002-08-09,2002,6.07
2002-08-12,2002,6.11
2002-08-13,2002,6.15
2002-08-14,2002,6.2
2002-08-15,2002,6.27
2002-08-16,2002,6.27
2002-08-19,2002,6.38
2002-08-20,2002,6.38
2002-08-21,2002,6.38
2002-08-22,2002,6.4
2002-08-23,2002,6.43
2002-08-26,2002,6.43
2002-08-27,2002,6.43
2002-08-28,2002,6.43
2002-08-29,2002,6.43
2002-08-30,2002,6.43
2002-09-02,2002,6.48
2002-09-03,2002,6.48
2002-09-04,2002,6.48
2002-09-05,2002,6.5
2002-09-06,2002,6.51
2002-09-09,2002,6.53
2002-09-10,2002,6.53
2002-09-11,2002,6.53
2002-09-12,2002,6.53
2002-09-13,2002,6.6
2002-09-16,2002,6.59
2002-09-17,2002,6.58
2002-09-18,2002,6.59
2002-09-19,2002,6.64
2002-09-20,2002,6.64
2002-09-23,2002,6.64
2002-09-24,2002,6.65
2002-09-25,2002,6.69
2002-09-26,2002,6.73
2002-09-27,2002,6.76
2002-09-30,2002,6.82
2002-10-01,2002,6.82
2002-10-02,2002,6.88
2002-10-03,2002,6.91
2002-10-04,2002,6.91
2002-10-07,2002,6.99
2002-10-08,2002,7.01
2002-10-09,2002,7.01
2002-10-10,2002,7.07
2002-10-11,2002,7.14
2002-10-14,2002,7.35
2002-10-15,2002,7.45
2002-10-16,2002,7.46
2002-10-17,2002,7.51
2002-10-18,2002,7.61
2002-10-21,2002,7.74
2002-10-22,2002,8.0
2002-10-23,2002,8.0
2002-10-24,2002,8.02
2002-10-25,2002,8.07
2002-10-28,2002,8.29
2002-10-29,2002,8.32
2002-10-30,2002,8.32
2002-10-31,2002,8.37
2002-11-01,2002,8.42
2002-11-04,2002,8.53
2002-11-05,2002,8.55
2002-11-06,2002,8.59
2002-11-07,2002,8.59
2002-11-08,2002,8.77
2002-11-11,2002,8.8
2002-11-12,2002,8.92
2002-11-13,2002,9.12
2002-11-14,2002,9.39
2002-11-18,2002,9.51
2002-11-19,2002,9.58
2002-11-20,2002,9.7
2002-11-21,2002,9.78
2002-11-22,2002,10.0
2002-11-25,2002,10.45
2002-11-26,2002,10.65
2002-11-27,2002,10.7
2002-11-28,2002,10.76
2002-11-29,2002,11.0
2002-12-02,2002,11.03
2002-12-03,2002,11.13
2002-12-04,2002,11.2
2002-12-05,2002,11.36
2002-12-06,2002,11.63
2002-12-09,2002,11.63
2002-12-10,2002,11.74
2002-12-11,2002,11.76
2002-12-12,2002,11.87
2002-12-13,2002,12.12
2002-12-16,2002,12.2
2002-12-17,2002,12.2
2002-12-18,2002,12.3
2002-12-19,2002,12.31
2002-12-20,2002,12.46
2002-12-23,2002,12.49
2002-12-24,2002,12.49
2002-12-26,2002,12.49
2002-12-27,2002,12.53
2002-12-30,2002,12.53
2002-12-31,2002,12.56
2003-01-02,2002,12.59
2003-01-03,2002,12.64
2003-01-06,2002,12.64
2003-01-07,2002,12.64
2003-01-08,2002,12.64
2003-01-09,2002,12.64
2001-01-02,2003,3.47
2001-01-03,2003,3.47
2001-01-04,2003,3.47
2001-01-05,2003,3.47
2001-01-08,2003,3.24
2001-01-09,2003,3.24
2001-01-10,2003,3.24
2001-01-11,2003,3.24
2001-01-12,2003,3.47
2001-01-15,2003,3.47
2001-01-16,2003,3.47
2001-01-17,2003,3.47
2001-01-18,2003,3.47
2001-01-19,2003,3.47
2001-01-22,2003,3.46
2001-01-23,2003,3.46
2001-01-24,2003,3.46
2001-01-25,2003,3.46
2001-01-26,2003,3.46
2001-01-29,2003,3.46
2001-01-30,2003,3.46
2001-01-31,2003,3.46
2001-02-01,2003,3.46
2001-02-02,2003,3.46
2001-02-05,2003,3.46
2001-02-06,2003,3.46
2001-02-07,2003,3.46
2001-02-08,2003,3.46
2001-02-09,2003,3.46
2001-02-12,2003,3.46
2001-02-13,2003,3.46
2001-02-14,2003,3.46
2001-02-15,2003,3.46
2001-02-16,2003,3.46
2001-02-19,2003,3.46
2001-02-20,2003,3.46
2001-02-21,2003,3.46
2001-02-22,2003,3.46
2001-02-23,2003,3.46
2001-02-28,2003,3.46
2001-03-01,2003,3.46
2001-03-02,2003,3.46
2001-03-05,2003,3.46
2001-03-06,2003,3.46
2001-03-07,2003,3.46
2001-03-08,2003,3.46
2001-03-09,2003,3.46
2001-03-12,2003,3.46
2001-03-13,2003,3.46
2001-03-14,2003,3.47
2001-03-15,2003,3.47
2001-03-16,2003,3.47
2001-03-19,2003,3.05
2001-03-20,2003,3.0
2001-03-21,2003,3.0
2001-03-22,2003,3.0
2001-03-23,2003,3.0
2001-03-26,2003,3.0
2001-03-27,2003,3.0
2001-03-28,2003,3.0
2001-03-29,2003,3.0
2001-03-30,2003,3.0
2001-04-02,2003,3.0
2001-04-03,2003,3.0
2001-04-04,2003,3.0
2001-04-05,2003,3.0
2001-04-06,2003,3.0
2001-04-09,2003,3.0
2001-04-10,2003,3.0
2001-04-11,2003,3.0
2001-04-12,2003,3.0
2001-04-16,2003,3.0
2001-04-17,2003,3.0
2001-04-18,2003,3.0
2001-04-19,2003,3.0
2001-04-20,2003,3.0
2001-04-23,2003,3.0
2001-04-24,2003,3.0
2001-04-25,2003,3.0
2001-04-26,2003,3.0
2001-04-27,2003,3.0
2001-04-30,2003,3.0
2001-05-02,2003,3.0
2001-05-03,2003,3.0
2001-05-04,2003,3.0
2001-05-07,2003,3.0
2001-05-08,2003,3.0
2001-05-09,2003,3.0
2001-05-10,2003,3.0
2001-05-11,2003,3.0
2001-05-14,2003,3.0
2001-05-15,2003,3.0
2001-05-16,2003,3.42
2001-05-17,2003,3.21
2001-05-18,2003,3.0
2001-05-21,2003,3.21
2001-05-22,2003,3.21
2001-05-23,2003,3.21
2001-05-24,2003,3.21
2001-05-25,2003,3.21
2001-05-28,2003,3.21
2001-05-29,2003,3.46
2001-05-30,2003,3.46
2001-05-31,2003,3.42
2001-06-01,2003,3.5
2001-06-04,2003,3.5
2001-06-05,2003,3.5
2001-06-06,2003,3.5
2001-06-07,2003,3.5
2001-06-08,2003,3.5
2001-06-11,2003,3.5
2001-06-12,2003,3.5
2001-06-13,2003,3.5
2001-06-18,2003,3.5
2001-06-19,2003,3.5
2001-06-20,2003,3.5
2001-06-21,2003,3.5
2001-06-22,2003,3.5
2001-06-25,2003,3.5
2001-06-26,2003,3.5
2001-06-27,2003,3.5
2001-06-28,2003,3.5
2001-06-29,2003,3.5
2001-07-02,2003,3.5
2001-07-03,2003,3.5
2001-07-04,2003,3.5
2001-07-05,2003,3.5
2001-07-06,2003,3.5
2001-07-09,2003,3.5
2001-07-10,2003,3.5
2001-07-11,2003,3.5
2001-07-12,2003,3.5
2001-07-13,2003,3.5
2001-07-16,2003,3.5
2001-07-17,2003,3.5
2001-07-18,2003,3.5
2001-07-19,2003,3.5
2001-07-20,2003,3.5
2001-07-23,2003,3.5
2001-07-24,2003,3.5
2001-07-25,2003,3.5
2001-07-26,2003,3.5
2001-07-27,2003,3.54
2001-07-30,2003,3.54
2001-07-31,2003,3.8
2001-08-01,2003,3.69
2001-08-02,2003,3.57
2001-08-03,2003,3.75
2001-08-06,2003,3.75
2001-08-07,2003,3.75
2001-08-08,2003,3.7
2001-08-09,2003,3.75
2001-08-10,2003,3.8
2001-08-13,2003,3.8
2001-08-14,2003,3.8
2001-08-15,2003,3.8
2001-08-16,2003,3.75
2001-08-17,2003,3.7
2001-08-20,2003,3.7
2001-08-21,2003,3.7
2001-08-22,2003,3.7
2001-08-23,2003,3.7
2001-08-24,2003,3.57
2001-08-27,2003,3.7
2001-08-28,2003,3.7
2001-08-29,2003,3.7
2001-08-30,2003,3.7
2001-08-31,2003,3.7
2001-09-03,2003,3.7
2001-09-04,2003,3.7
2001-09-05,2003,3.7
2001-09-06,2003,3.6
2001-09-10,2003,3.7
2001-09-11,2003,3.7
2001-09-12,2003,3.7
2001-09-13,2003,3.7
2001-09-14,2003,3.7
2001-09-17,2003,3.76
2001-09-18,2003,4.0
2001-09-19,2003,4.0
2001-09-20,2003,4.0
2001-09-21,2003,4.0
2001-09-24,2003,4.0
2001-09-25,2003,4.0
2001-09-26,2003,4.0
2001-09-27,2003,4.0
2001-09-28,2003,4.0
2001-10-01,2003,4.0
2001-10-02,2003,4.0
2001-10-03,2003,4.0
2001-10-04,2003,4.0
2001-10-05,2003,4.0
2001-10-08,2003,4.0
2001-10-09,2003,4.0
2001-10-10,2003,4.0
2001-10-11,2003,4.0
2001-10-15,2003,4.0
2001-10-16,2003,4.0
2001-10-17,2003,4.0
2001-10-18,2003,4.0
2001-10-19,2003,4.0
2001-10-22,2003,4.0
2001-10-23,2003,4.0
2001-10-24,2003,4.0
2001-10-25,2003,4.0
2001-10-26,2003,4.0
2001-10-29,2003,4.0
2001-10-30,2003,4.0
2001-10-31,2003,4.0
2001-11-01,2003,4.0
2001-11-06,2003,3.96
2001-11-07,2003,4.0
2001-11-08,2003,4.0
2001-11-09,2003,4.0
2001-11-12,2003,4.0
2001-11-13,2003,4.0
2001-11-14,2003,4.0
2001-11-16,2003,4.0
2001-11-19,2003,4.0
2001-11-20,2003,4.0
2001-11-21,2003,4.0
2001-11-22,2003,4.0
2001-11-23,2003,4.0
2001-11-26,2003,4.0
2001-11-27,2003,4.0
2001-11-28,2003,4.0
2001-11-29,2003,4.0
2001-11-30,2003,4.0
2001-12-03,2003,4.0
2001-12-04,2003,4.0
2001-12-05,2003,4.0
2001-12-06,2003,4.0
2001-12-07,2003,4.0
2001-12-10,2003,4.0
2001-12-11,2003,4.0
2001-12-12,2003,4.0
2001-12-13,2003,4.0
2001-12-14,2003,4.0
2001-12-17,2003,4.0
2001-12-18,2003,4.0
2001-12-19,2003,4.0
2001-12-20,2003,4.0
2001-12-21,2003,4.0
2001-12-24,2003,4.0
2001-12-26,2003,4.0
2001-12-27,2003,4.0
2001-12-28,2003,4.0
2001-12-31,2003,4.0
2002-01-02,2003,4.0
2002-01-03,2003,4.0
2002-01-04,2003,4.0
2002-01-07,2003,4.0
2002-01-08,2003,4.0
2002-01-09,2003,4.0
2002-01-10,2003,4.0
2002-01-11,2003,4.0
2002-01-14,2003,4.0
2002-01-15,2003,4.0
2002-01-16,2003,4.0
2002-01-17,2003,4.0
2002-01-18,2003,4.0
2002-01-21,2003,4.0
2002-01-22,2003,4.0
2002-01-23,2003,4.0
2002-01-24,2003,4.0
2002-01-25,2003,4.0
2002-01-28,2003,4.0
2002-01-29,2003,4.0
2002-01-30,2003,4.0
2002-01-31,2003,4.0
2002-02-01,2003,4.0
2002-02-04,2003,4.0
2002-02-05,2003,4.0
2002-02-06,2003,4.0
2002-02-07,2003,4.0
2002-02-08,2003,4.0
2002-02-11,2003,4.0
2002-02-13,2003,4.0
2002-02-14,2003,4.0
2002-02-15,2003,4.0
2002-02-18,2003,4.0
2002-02-19,2003,4.0
2002-02-20,2003,4.0
2002-02-21,2003,4.0
2002-02-22,2003,4.0
2002-02-25,2003,4.0
2002-02-26,2003,4.0
2002-02-27,2003,4.0
2002-02-28,2003,4.0
2002-03-01,2003,4.0
2002-03-04,2003,4.0
2002-03-05,2003,4.0
2002-03-06,2003,4.0
2002-03-07,2003,4.0
2002-03-08,2003,4.0
2002-03-11,2003,4.0
2002-03-12,2003,4.0
2002-03-13,2003,4.0
2002-03-14,2003,4.0
2002-03-15,2003,4.0
2002-03-18,2003,4.0
2002-03-19,2003,4.0
2002-03-20,2003,4.0
2002-03-21,2003,4.0
2002-03-22,2003,4.0
2002-03-25,2003,4.0
2002-03-26,2003,4.0
2002-03-27,2003,4.0
2002-03-28,2003,4.0
2002-04-01,2003,4.0
2002-04-02,2003,4.0
2002-04-03,2003,4.0
2002-04-04,2003,4.0
2002-04-05,2003,4.0
2002-04-08,2003,4.0
2002-04-09,2003,4.0
2002-04-10,2003,4.0
2002-04-11,2003,4.0
2002-04-12,2003,4.0
2002-04-15,2003,4.0
2002-04-16,2003,4.0
2002-04-17,2003,4.0
2002-04-18,2003,4.0
2002-04-19,2003,4.0
2002-04-22,2003,4.0
2002-04-23,2003,4.0
2002-04-24,2003,4.0
2002-04-25,2003,4.0
2002-04-26,2003,4.0
2002-04-29,2003,4.0
2002-04-30,2003,4.0
2002-05-02,2003,4.0
2002-05-03,2003,4.0
2002-05-06,2003,4.0
2002-05-07,2003,4.0
2002-05-08,2003,4.0
2002-05-09,2003,4.0
2002-05-10,2003,4.0
2002-05-13,2003,4.0
2002-05-14,2003,4.0
2002-05-15,2003,4.0
2002-05-16,2003,4.0
2002-05-17,2003,4.0
2002-05-20,2003,4.0
2002-05-21,2003,4.0
2002-05-22,2003,4.0
2002-05-23,2003,4.0
2002-05-24,2003,4.0
2002-05-27,2003,4.0
2002-05-28,2003,4.0
2002-05-29,2003,4.0
2002-05-31,2003,4.0
2002-06-03,2003,4.0
2002-06-04,2003,4.0
2002-06-05,2003,4.0
2002-06-06,2003,4.0
2002-06-07,2003,4.0
2002-06-10,2003,4.0
2002-06-11,2003,4.0
2002-06-12,2003,4.0
2002-06-13,2003,4.0
2002-06-14,2003,4.0
2002-06-17,2003,4.0
2002-06-18,2003,4.0
2002-06-19,2003,4.0
2002-06-20,2003,4.0
2002-06-21,2003,4.0
2002-06-24,2003,4.0
2002-06-25,2003,4.0
2002-06-26,2003,4.0
2002-06-27,2003,4.0
2002-06-28,2003,4.0
2002-07-01,2003,4.0
2002-07-02,2003,4.0
2002-07-03,2003,4.0
2002-07-04,2003,4.0
2002-07-05,2003,4.0
2002-07-08,2003,4.05
2002-07-09,2003,4.05
2002-07-10,2003,4.05
2002-07-11,2003,4.2
2002-07-12,2003,4.2
2002-07-15,2003,4.23
2002-07-16,2003,4.3
2002-07-17,2003,4.33
2002-07-18,2003,4.33
2002-07-19,2003,4.38
2002-07-22,2003,4.38
2002-07-23,2003,4.38
2002-07-24,2003,4.38
2002-07-25,2003,4.38
2002-07-26,2003,4.35
2002-07-29,2003,4.35
2002-07-30,2003,4.35
2002-07-31,2003,4.35
2002-08-01,2003,4.38
2002-08-02,2003,4.4
2002-08-05,2003,4.35
2002-08-06,2003,4.4
2002-08-07,2003,4.38
2002-08-08,2003,4.4
2002-08-09,2003,4.4
2002-08-12,2003,4.45
2002-08-13,2003,4.5
2002-08-14,2003,4.5
2002-08-15,2003,4.5
2002-08-16,2003,4.5
2002-08-19,2003,4.64
2002-08-20,2003,4.75
2002-08-21,2003,4.8
2002-08-22,2003,4.8
2002-08-23,2003,4.8
2002-08-26,2003,4.81
2002-08-27,2003,4.81
2002-08-28,2003,4.81
2002-08-29,2003,4.81
2002-08-30,2003,4.95
2002-09-02,2003,5.0
2002-09-03,2003,5.0
2002-09-04,2003,5.0
2002-09-05,2003,5.0
2002-09-06,2003,5.0
2002-09-09,2003,5.0
2002-09-10,2003,5.0
2002-09-11,2003,5.0
2002-09-12,2003,5.05
2002-09-13,2003,5.2
2002-09-16,2003,5.2
2002-09-17,2003,5.35
2002-09-18,2003,5.35
2002-09-19,2003,5.5
2002-09-20,2003,5.5
2002-09-23,2003,5.5
2002-09-24,2003,5.5
2002-09-25,2003,5.5
2002-09-26,2003,5.5
2002-09-27,2003,5.5
2002-09-30,2003,5.5
2002-10-01,2003,5.5
2002-10-02,2003,5.53
2002-10-03,2003,5.53
2002-10-04,2003,5.53
2002-10-07,2003,5.53
2002-10-08,2003,5.53
2002-10-09,2003,5.53
2002-10-10,2003,5.83
2002-10-11,2003,5.85
2002-10-14,2003,5.9
2002-10-15,2003,6.0
2002-10-16,2003,6.0
2002-10-17,2003,6.27
2002-10-18,2003,6.62
2002-10-21,2003,7.0
2002-10-22,2003,7.0
2002-10-23,2003,7.0
2002-10-24,2003,7.0
2002-10-25,2003,7.1
2002-10-28,2003,7.44
2002-10-29,2003,7.5
2002-10-30,2003,7.5
2002-10-31,2003,8.0
2002-11-01,2003,8.2
2002-11-04,2003,8.5
2002-11-05,2003,8.9
2002-11-06,2003,9.0
2002-11-07,2003,9.0
2002-11-08,2003,9.0
2002-11-11,2003,9.0
2002-11-12,2003,9.0
2002-11-13,2003,9.5
2002-11-14,2003,9.81
2002-11-18,2003,9.81
2002-11-19,2003,9.81
2002-11-20,2003,9.81
2002-11-21,2003,9.81
2002-11-22,2003,9.96
2002-11-25,2003,10.0
2002-11-26,2003,10.4
2002-11-27,2003,10.4
2002-11-28,2003,10.44
2002-11-29,2003,10.68
2002-12-02,2003,10.68
2002-12-03,2003,10.5
2002-12-04,2003,10.5
2002-12-05,2003,10.86
2002-12-06,2003,10.83
2002-12-09,2003,10.83
2002-12-10,2003,10.8
2002-12-11,2003,10.8
2002-12-12,2003,10.99
2002-12-13,2003,11.0
2002-12-16,2003,11.0
2002-12-17,2003,11.0
2002-12-18,2003,11.0
2002-12-19,2003,11.0
2002-12-20,2003,11.0
2002-12-23,2003,11.0
2002-12-24,2003,11.0
2002-12-26,2003,11.0
2002-12-27,2003,11.0
2002-12-30,2003,11.0
2002-12-31,2003,11.0
2003-01-02,2003,11.0
2003-01-03,2003,11.0
2003-01-06,2003,11.09
2003-01-07,2003,11.19
2003-01-08,2003,11.24
2003-01-09,2003,11.24
2003-01-10,2003,11.23
2003-01-13,2003,11.23
2003-01-14,2003,11.23
2003-01-15,2003,11.18
2003-01-16,2003,11.25
2003-01-17,2003,11.19
2003-01-20,2003,11.31
2003-01-21,2003,11.35
2003-01-22,2003,11.35
2003-01-23,2003,11.35
2003-01-24,2003,11.34
2003-01-27,2003,11.45
2003-01-28,2003,11.45
2003-01-29,2003,11.45
2003-01-30,2003,11.41
2003-01-31,2003,11.44
2003-02-03,2003,11.42
2003-02-04,2003,11.42
2003-02-05,2003,11.45
2003-02-06,2003,11.72
2003-02-07,2003,11.84
2003-02-10,2003,11.9
2003-02-11,2003,11.9
2003-02-12,2003,11.9
2003-02-13,2003,11.9
2003-02-14,2003,11.99
2003-02-17,2003,12.03
2003-02-18,2003,12.1
2003-02-19,2003,12.1
2003-02-20,2003,12.05
2003-02-21,2003,12.06
2003-02-24,2003,12.06
2003-02-25,2003,12.2
2003-02-26,2003,12.3
2003-02-27,2003,12.3
2003-02-28,2003,12.33
2003-03-05,2003,12.38
2003-03-06,2003,12.43
2003-03-07,2003,12.52
2003-03-10,2003,12.52
2003-03-11,2003,12.48
2003-03-12,2003,12.56
2003-03-13,2003,12.48
2003-03-14,2003,12.43
2003-03-17,2003,12.33
2003-03-18,2003,12.25
2003-03-19,2003,12.23
2003-03-20,2003,12.25
2003-03-21,2003,12.19
2003-03-24,2003,12.09
2003-03-25,2003,12.24
2003-03-26,2003,12.24
2003-03-27,2003,12.19
2003-03-28,2003,12.26
2003-03-31,2003,12.26
2003-04-01,2003,12.26
2003-04-02,2003,12.28
2003-04-03,2003,12.28
2003-04-04,2003,12.22
2003-04-07,2003,12.16
2003-04-08,2003,12.13
2003-04-09,2003,12.13
2003-04-10,2003,12.13
2003-04-11,2003,12.3
2003-04-14,2003,12.41
2003-04-15,2003,12.4
2003-04-16,2003,12.44
2003-04-17,2003,12.44
2003-04-22,2003,12.47
2003-04-23,2003,12.5
2003-04-24,2003,12.44
2003-04-25,2003,12.47
2003-04-28,2003,12.47
2003-04-29,2003,12.47
2003-04-30,2003,12.39
2003-05-02,2003,12.39
2003-05-05,2003,12.38
2003-05-06,2003,12.36
2003-05-07,2003,12.32
2003-05-08,2003,12.34
2003-05-09,2003,12.28
2003-05-12,2003,12.33
2003-05-13,2003,12.27
2003-05-14,2003,12.26
2003-05-15,2003,12.24
2003-05-16,2003,12.19
2003-05-19,2003,12.19
2003-05-20,2003,12.19
2003-05-21,2003,12.17
2003-05-22,2003,12.17
2003-05-23,2003,12.13
2003-05-26,2003,12.19
2003-05-27,2003,12.18
2003-05-28,2003,12.19
2003-05-29,2003,12.19
2003-05-30,2003,12.17
2003-06-02,2003,12.12
2003-06-03,2003,12.09
2003-06-04,2003,12.09
2003-06-05,2003,12.09
2003-06-06,2003,12.06
2003-06-09,2003,12.06
2003-06-10,2003,12.04
2003-06-11,2003,11.92
2003-06-12,2003,11.84
2003-06-13,2003,11.84
2003-06-16,2003,11.74
2003-06-17,2003,11.74
2003-06-18,2003,11.67
2003-06-20,2003,11.59
2003-06-23,2003,11.53
2003-06-24,2003,11.53
2003-06-25,2003,11.5
2003-06-26,2003,11.43
2003-06-27,2003,11.35
2003-06-30,2003,11.16
2003-07-01,2003,11.11
2003-07-02,2003,11.07
2003-07-03,2003,11.03
2003-07-04,2003,11.02
2003-07-07,2003,11.0
2003-07-08,2003,10.98
2003-07-09,2003,10.98
2003-07-10,2003,10.81
2003-07-11,2003,10.81
2003-07-14,2003,10.78
2003-07-15,2003,10.69
2003-07-16,2003,10.69
2003-07-17,2003,10.69
2003-07-18,2003,10.62
2003-07-21,2003,10.46
2003-07-22,2003,10.4
2003-07-23,2003,10.37
2003-07-24,2003,10.26
2003-07-25,2003,10.13
2003-07-28,2003,10.04
2003-07-29,2003,10.04
2003-07-30,2003,10.04
2003-07-31,2003,10.04
2003-08-01,2003,10.02
2003-08-04,2003,9.95
2003-08-05,2003,9.99
2003-08-06,2003,9.95
2003-08-07,2003,9.95
2003-08-08,2003,9.93
2003-08-11,2003,9.83
2003-08-12,2003,9.83
2003-08-13,2003,9.77
2003-08-14,2003,9.74
2003-08-15,2003,9.74
2003-08-18,2003,9.66
2003-08-19,2003,9.66
2003-08-20,2003,9.66
2003-08-21,2003,9.65
2003-08-22,2003,9.63
2003-08-25,2003,9.63
2003-08-26,2003,9.63
2003-08-27,2003,9.6
2003-08-28,2003,9.6
2003-08-29,2003,9.57
2003-09-01,2003,9.55
2003-09-02,2003,9.57
2003-09-03,2003,9.57
2003-09-04,2003,9.55
2003-09-05,2003,9.55
2003-09-08,2003,9.55
2003-09-09,2003,9.55
2003-09-10,2003,9.6
2003-09-11,2003,9.6
2003-09-12,2003,9.61
2003-09-15,2003,9.6
2003-09-16,2003,9.59
2003-09-17,2003,9.6
2003-09-18,2003,9.59
2003-09-19,2003,9.59
2003-09-22,2003,9.59
2003-09-23,2003,9.6
2003-09-24,2003,9.6
2003-09-25,2003,9.62
2003-09-26,2003,9.65
2003-09-29,2003,9.67
2003-09-30,2003,9.68
2003-10-01,2003,9.68
2003-10-02,2003,9.68
2003-10-03,2003,9.68
2003-10-06,2003,9.68
2003-10-07,2003,9.68
2003-10-08,2003,9.68
2003-10-09,2003,9.68
2003-10-10,2003,9.68
2003-10-13,2003,9.68
2003-10-14,2003,9.69
2003-10-15,2003,9.69
2003-10-16,2003,9.71
2003-10-17,2003,9.71
2003-10-20,2003,9.76
2003-10-21,2003,9.74
2003-10-22,2003,9.74
2003-10-23,2003,9.74
2003-10-24,2003,9.74
2003-10-28,2003,9.74
2003-10-29,2003,9.74
2003-10-30,2003,9.71
2003-10-31,2003,9.69
2003-11-03,2003,9.68
2003-11-04,2003,9.68
2003-11-05,2003,9.68
2003-11-06,2003,9.68
2003-11-07,2003,9.57
2003-11-10,2003,9.44
2003-11-11,2003,9.51
2003-11-12,2003,9.51
2003-11-13,2003,9.4
2003-11-14,2003,9.4
2003-11-17,2003,9.39
2003-11-18,2003,9.36
2003-11-19,2003,9.35
2003-11-20,2003,9.33
2003-11-21,2003,9.23
2003-11-24,2003,9.23
2003-11-25,2003,9.23
2003-11-26,2003,9.23
2003-11-27,2003,9.22
2003-11-28,2003,9.19
2003-12-01,2003,9.18
2003-12-02,2003,9.18
2003-12-03,2003,9.18
2003-12-04,2003,9.18
2003-12-05,2003,9.18
2003-12-08,2003,9.17
2003-12-09,2003,9.17
2003-12-10,2003,9.17
2003-12-11,2003,9.17
2003-12-12,2003,9.17
2003-12-15,2003,9.17
2003-12-16,2003,9.17
2003-12-17,2003,9.17
2003-12-18,2003,9.17
2003-12-19,2003,9.17
2003-12-22,2003,9.19
2003-12-23,2003,9.19
2003-12-26,2003,9.2
2003-12-29,2003,9.2
2003-12-30,2003,9.22
2004-01-02,2003,9.22
2004-01-05,2003,9.22
2004-01-06,2003,9.22
2004-01-07,2003,9.22
2004-01-08,2003,9.22
2004-01-09,2003,9.23
2004-01-12,2003,9.23
2001-11-06,2004,3.0
2001-11-07,2004,3.5
2001-11-08,2004,3.5
2001-11-09,2004,3.5
2001-11-12,2004,3.5
2001-11-13,2004,3.5
2001-11-14,2004,3.5
2001-11-16,2004,3.5
2001-11-19,2004,3.5
2001-11-20,2004,3.5
2001-11-21,2004,3.5
2001-11-22,2004,3.5
2001-11-23,2004,3.5
2001-11-26,2004,3.58
2001-11-27,2004,3.58
2001-11-28,2004,3.58
2001-11-29,2004,3.58
2001-11-30,2004,3.58
2001-12-03,2004,3.58
2001-12-04,2004,3.58
2001-12-05,2004,3.58
2001-12-06,2004,3.58
2001-12-07,2004,3.58
2001-12-10,2004,3.58
2001-12-11,2004,3.5
2001-12-12,2004,3.71
2001-12-13,2004,3.71
2001-12-14,2004,3.71
2001-12-17,2004,3.75
2001-12-18,2004,3.75
2001-12-19,2004,3.71
2001-12-20,2004,3.71
2001-12-21,2004,3.71
2001-12-24,2004,3.71
2001-12-26,2004,3.71
2001-12-27,2004,3.71
2001-12-28,2004,3.5
2001-12-31,2004,3.5
2002-01-02,2004,3.5
2002-01-03,2004,3.5
2002-01-04,2004,3.5
2002-01-07,2004,3.5
2002-01-08,2004,3.5
2002-01-09,2004,3.5
2002-01-10,2004,3.5
2002-01-11,2004,3.5
2002-01-14,2004,3.5
2002-01-15,2004,3.58
2002-01-16,2004,3.58
2002-01-17,2004,3.5
2002-01-18,2004,3.66
2002-01-21,2004,3.63
2002-01-22,2004,3.63
2002-01-23,2004,3.63
2002-01-24,2004,3.63
2002-01-25,2004,3.5
2002-01-28,2004,3.63
2002-01-29,2004,3.63
2002-01-30,2004,3.63
2002-01-31,2004,3.63
2002-02-01,2004,3.5
2002-02-04,2004,3.63
2002-02-05,2004,3.5
2002-02-06,2004,3.5
2002-02-07,2004,3.5
2002-02-08,2004,3.5
2002-02-11,2004,3.5
2002-02-13,2004,3.5
2002-02-14,2004,3.5
2002-02-15,2004,3.5
2002-02-18,2004,3.5
2002-02-19,2004,3.5
2002-02-20,2004,3.5
2002-02-21,2004,3.5
2002-02-22,2004,3.5
2002-02-25,2004,3.5
2002-02-26,2004,3.5
2002-02-27,2004,3.5
2002-02-28,2004,3.5
2002-03-01,2004,3.5
2002-03-04,2004,3.5
2002-03-05,2004,3.5
2002-03-06,2004,3.5
2002-03-07,2004,3.5
2002-03-08,2004,3.5
2002-03-11,2004,3.63
2002-03-12,2004,3.75
2002-03-13,2004,3.75
2002-03-14,2004,3.63
2002-03-15,2004,3.63
2002-03-18,2004,3.65
2002-03-19,2004,3.65
2002-03-20,2004,3.65
2002-03-21,2004,3.65
2002-03-22,2004,3.65
2002-03-25,2004,3.5
2002-03-26,2004,3.5
2002-03-27,2004,3.5
2002-03-28,2004,3.5
2002-04-01,2004,3.5
2002-04-02,2004,3.5
2002-04-03,2004,3.5
2002-04-04,2004,3.5
2002-04-05,2004,3.5
2002-04-08,2004,3.5
2002-04-09,2004,3.65
2002-04-10,2004,3.65
2002-04-11,2004,3.8
2002-04-12,2004,3.5
2002-04-15,2004,3.8
2002-04-16,2004,3.8
2002-04-17,2004,3.8
2002-04-18,2004,3.8
2002-04-19,2004,3.8
2002-04-22,2004,3.8
2002-04-23,2004,3.5
2002-04-24,2004,3.5
2002-04-25,2004,3.5
2002-04-26,2004,3.5
2002-04-29,2004,3.65
2002-04-30,2004,3.65
2002-05-02,2004,3.65
2002-05-03,2004,3.65
2002-05-06,2004,3.65
2002-05-07,2004,3.65
2002-05-08,2004,3.65
2002-05-09,2004,3.65
2002-05-10,2004,3.65
2002-05-13,2004,3.65
2002-05-14,2004,3.5
2002-05-15,2004,3.5
2002-05-16,2004,3.5
2002-05-17,2004,3.5
2002-05-20,2004,3.5
2002-05-21,2004,3.5
2002-05-22,2004,3.5
2002-05-23,2004,3.5
2002-05-24,2004,3.65
2002-05-27,2004,3.5
2002-05-28,2004,3.5
2002-05-29,2004,3.5
2002-05-31,2004,3.5
2002-06-03,2004,3.5
2002-06-04,2004,3.5
2002-06-05,2004,3.5
2002-06-06,2004,3.5
2002-06-07,2004,3.5
2002-06-10,2004,3.5
2002-06-11,2004,3.5
2002-06-12,2004,3.5
2002-06-13,2004,3.5
2002-06-14,2004,3.5
2002-06-17,2004,3.5
2002-06-18,2004,3.5
2002-06-19,2004,3.5
2002-06-20,2004,3.5
2002-06-21,2004,3.5
2002-06-24,2004,3.5
2002-06-25,2004,3.5
2002-06-26,2004,3.5
2002-06-27,2004,3.5
2002-06-28,2004,3.5
2002-07-01,2004,3.5
2002-07-02,2004,3.5
2002-07-03,2004,3.5
2002-07-04,2004,3.5
2002-07-05,2004,3.5
2002-07-08,2004,3.5
2002-07-09,2004,3.5
2002-07-10,2004,3.5
2002-07-11,2004,3.7
2002-07-12,2004,3.5
2002-07-15,2004,3.75
2002-07-16,2004,3.7
2002-07-17,2004,3.7
2002-07-18,2004,3.9
2002-07-19,2004,3.9
2002-07-22,2004,3.9
2002-07-23,2004,3.9
2002-07-24,2004,3.9
2002-07-25,2004,3.9
2002-07-26,2004,3.9
2002-07-29,2004,3.9
2002-07-30,2004,3.9
2002-07-31,2004,3.9
2002-08-01,2004,3.95
2002-08-02,2004,3.95
2002-08-05,2004,3.8
2002-08-06,2004,3.8
2002-08-07,2004,3.8
2002-08-08,2004,3.8
2002-08-09,2004,3.8
2002-08-12,2004,3.9
2002-08-13,2004,3.9
2002-08-14,2004,3.9
2002-08-15,2004,3.95
2002-08-16,2004,3.95
2002-08-19,2004,4.0
2002-08-20,2004,3.95
2002-08-21,2004,3.95
2002-08-22,2004,4.0
2002-08-23,2004,4.0
2002-08-26,2004,4.0
2002-08-27,2004,4.0
2002-08-28,2004,4.0
2002-08-29,2004,4.0
2002-08-30,2004,4.0
2002-09-02,2004,4.0
2002-09-03,2004,4.0
2002-09-04,2004,4.0
2002-09-05,2004,4.0
2002-09-06,2004,4.0
2002-09-09,2004,4.0
2002-09-10,2004,4.0
2002-09-11,2004,4.0
2002-09-12,2004,4.0
2002-09-13,2004,4.0
2002-09-16,2004,4.0
2002-09-17,2004,4.0
2002-09-18,2004,4.0
2002-09-19,2004,4.0
2002-09-20,2004,4.0
2002-09-23,2004,4.0
2002-09-24,2004,4.0
2002-09-25,2004,4.0
2002-09-26,2004,4.0
2002-09-27,2004,4.0
2002-09-30,2004,4.0
2002-10-01,2004,4.0
2002-10-02,2004,4.0
2002-10-03,2004,4.0
2002-10-04,2004,4.0
2002-10-07,2004,4.47
2002-10-08,2004,4.5
2002-10-09,2004,4.5
2002-10-10,2004,4.5
2002-10-11,2004,4.5
2002-10-14,2004,4.5
2002-10-15,2004,4.5
2002-10-16,2004,4.5
2002-10-17,2004,4.58
2002-10-18,2004,4.95
2002-10-21,2004,5.0
2002-10-22,2004,5.0
2002-10-23,2004,5.0
2002-10-24,2004,5.0
2002-10-25,2004,5.0
2002-10-28,2004,5.0
2002-10-29,2004,5.0
2002-10-30,2004,5.0
2002-10-31,2004,5.0
2002-11-01,2004,5.5
2002-11-04,2004,6.0
2002-11-05,2004,6.0
2002-11-06,2004,6.0
2002-11-07,2004,6.0
2002-11-08,2004,6.0
2002-11-11,2004,6.0
2002-11-12,2004,6.0
2002-11-13,2004,6.41
2002-11-14,2004,6.5
2002-11-18,2004,6.5
2002-11-19,2004,6.41
2002-11-20,2004,6.41
2002-11-21,2004,6.41
2002-11-22,2004,6.5
2002-11-25,2004,7.0
2002-11-26,2004,7.0
2002-11-27,2004,7.0
2002-11-28,2004,7.0
2002-11-29,2004,7.0
2002-12-02,2004,7.0
2002-12-03,2004,7.0
2002-12-04,2004,7.0
2002-12-05,2004,7.0
2002-12-06,2004,7.0
2002-12-09,2004,7.3
2002-12-10,2004,7.3
2002-12-11,2004,7.5
2002-12-12,2004,7.5
2002-12-13,2004,7.5
2002-12-16,2004,7.8
2002-12-17,2004,7.8
2002-12-18,2004,7.8
2002-12-19,2004,7.9
2002-12-20,2004,7.9
2002-12-23,2004,7.9
2002-12-24,2004,7.9
2002-12-26,2004,7.9
2002-12-27,2004,7.9
2002-12-30,2004,7.8
2002-12-31,2004,8.0
2003-01-02,2004,8.0
2003-01-03,2004,8.0
2003-01-06,2004,8.0
2003-01-07,2004,8.0
2003-01-08,2004,8.0
2003-01-09,2004,8.0
2003-01-10,2004,8.0
2003-01-13,2004,8.0
2003-01-14,2004,8.0
2003-01-15,2004,8.0
2003-01-16,2004,8.0
2003-01-17,2004,8.0
2003-01-20,2004,8.0
2003-01-21,2004,8.0
2003-01-22,2004,8.0
2003-01-23,2004,8.0
2003-01-24,2004,8.0
2003-01-27,2004,8.0
2003-01-28,2004,8.0
2003-01-29,2004,8.0
2003-01-30,2004,8.0
2003-01-31,2004,8.0
2003-02-03,2004,8.0
2003-02-04,2004,8.0
2003-02-05,2004,8.0
2003-02-06,2004,8.0
2003-02-07,2004,8.0
2003-02-10,2004,8.0
2003-02-11,2004,8.0
2003-02-12,2004,8.0
2003-02-13,2004,8.0
2003-02-14,2004,8.0
2003-02-17,2004,8.0
2003-02-18,2004,8.0
2003-02-19,2004,8.0
2003-02-20,2004,8.0
2003-02-21,2004,8.0
2003-02-24,2004,8.0
2003-02-25,2004,8.0
2003-02-26,2004,8.0
2003-02-27,2004,8.0
2003-02-28,2004,8.0
2003-03-05,2004,8.0
2003-03-06,2004,8.0
2003-03-07,2004,8.0
2003-03-10,2004,8.0
2003-03-11,2004,8.0
2003-03-12,2004,8.0
2003-03-13,2004,8.0
2003-03-14,2004,8.0
2003-03-17,2004,8.0
2003-03-18,2004,8.0
2003-03-19,2004,8.0
2003-03-20,2004,8.0
2003-03-21,2004,8.0
2003-03-24,2004,8.0
2003-03-25,2004,8.0
2003-03-26,2004,8.0
2003-03-27,2004,8.0
2003-03-28,2004,8.0
2003-03-31,2004,8.0
2003-04-01,2004,8.0
2003-04-02,2004,8.0
2003-04-03,2004,8.0
2003-04-04,2004,8.0
2003-04-07,2004,8.0
2003-04-08,2004,8.0
2003-04-09,2004,8.0
2003-04-10,2004,8.0
2003-04-11,2004,8.0
2003-04-14,2004,8.0
2003-04-15,2004,8.0
2003-04-16,2004,8.0
2003-04-17,2004,8.0
2003-04-22,2004,8.0
2003-04-23,2004,7.95
2003-04-24,2004,7.95
2003-04-25,2004,7.95
2003-04-28,2004,8.0
2003-04-29,2004,8.0
2003-04-30,2004,7.9
2003-05-02,2004,7.89
2003-05-05,2004,7.9
2003-05-06,2004,7.89
2003-05-07,2004,7.89
2003-05-08,2004,7.8
2003-05-09,2004,7.8
2003-05-12,2004,7.8
2003-05-13,2004,7.78
2003-05-14,2004,7.68
2003-05-15,2004,7.68
2003-05-16,2004,7.6
2003-05-19,2004,7.6
2003-05-20,2004,7.6
2003-05-21,2004,7.6
2003-05-22,2004,7.6
2003-05-23,2004,7.6
2003-05-26,2004,7.58
2003-05-27,2004,7.58
2003-05-28,2004,7.58
2003-05-29,2004,7.58
2003-05-30,2004,7.58
2003-06-02,2004,7.54
2003-06-03,2004,7.54
2003-06-04,2004,7.53
2003-06-05,2004,7.53
2003-06-06,2004,7.5
2003-06-09,2004,7.5
2003-06-10,2004,7.5
2003-06-11,2004,7.4
2003-06-12,2004,7.43
2003-06-13,2004,7.43
2003-06-16,2004,7.4
2003-06-17,2004,7.4
2003-06-18,2004,7.4
2003-06-20,2004,7.39
2003-06-23,2004,7.3
2003-06-24,2004,7.37
2003-06-25,2004,7.1
2003-06-26,2004,7.01
2003-06-27,2004,7.0
2003-06-30,2004,7.0
2003-07-01,2004,7.0
2003-07-02,2004,7.0
2003-07-03,2004,7.0
2003-07-04,2004,7.0
2003-07-07,2004,7.0
2003-07-08,2004,7.0
2003-07-09,2004,7.0
2003-07-10,2004,7.0
2003-07-11,2004,6.98
2003-07-14,2004,6.7
2003-07-15,2004,6.7
2003-07-16,2004,6.7
2003-07-17,2004,6.55
2003-07-18,2004,6.55
2003-07-21,2004,6.5
2003-07-22,2004,6.5
2003-07-23,2004,6.5
2003-07-24,2004,6.5
2003-07-25,2004,6.5
2003-07-28,2004,6.5
2003-07-29,2004,6.5
2003-07-30,2004,6.5
2003-07-31,2004,6.5
2003-08-01,2004,6.5
2003-08-04,2004,6.5
2003-08-05,2004,6.5
2003-08-06,2004,6.5
2003-08-07,2004,6.5
2003-08-08,2004,6.5
2003-08-11,2004,6.5
2003-08-12,2004,6.5
2003-08-13,2004,6.5
2003-08-14,2004,6.5
2003-08-15,2004,6.5
2003-08-18,2004,6.22
2003-08-19,2004,6.26
2003-08-20,2004,6.22
2003-08-21,2004,6.2
2003-08-22,2004,6.2
2003-08-25,2004,6.2
2003-08-26,2004,6.2
2003-08-27,2004,6.2
2003-08-28,2004,6.2
2003-08-29,2004,6.2
2003-09-01,2004,6.2
2003-09-02,2004,6.2
2003-09-03,2004,6.2
2003-09-04,2004,6.2
2003-09-05,2004,6.2
2003-09-08,2004,6.2
2003-09-09,2004,6.2
2003-09-10,2004,6.2
2003-09-11,2004,6.2
2003-09-12,2004,6.2
2003-09-15,2004,6.2
2003-09-16,2004,6.2
2003-09-17,2004,6.2
2003-09-18,2004,6.1
2003-09-19,2004,6.1
2003-09-22,2004,6.1
2003-09-23,2004,6.1
2003-09-24,2004,6.15
2003-09-25,2004,6.15
2003-09-26,2004,6.2
2003-09-29,2004,6.2
2003-09-30,2004,6.2
2003-10-01,2004,6.16
2003-10-02,2004,6.2
2003-10-03,2004,6.2
2003-10-06,2004,6.2
2003-10-07,2004,6.2
2003-10-08,2004,6.16
2003-10-09,2004,6.11
2003-10-10,2004,6.1
2003-10-13,2004,6.06
2003-10-14,2004,6.01
2003-10-15,2004,6.01
2003-10-16,2004,6.01
2003-10-17,2004,6.01
2003-10-20,2004,6.01
2003-10-21,2004,6.01
2003-10-22,2004,6.01
2003-10-23,2004,6.0
2003-10-24,2004,6.0
2003-10-28,2004,6.01
2003-10-29,2004,6.0
2003-10-30,2004,6.0
2003-10-31,2004,6.0
2003-11-03,2004,6.0
2003-11-04,2004,6.0
2003-11-05,2004,6.0
2003-11-06,2004,6.0
2003-11-07,2004,6.0
2003-11-10,2004,6.0
2003-11-11,2004,6.0
2003-11-12,2004,6.0
2003-11-13,2004,6.0
2003-11-14,2004,6.0
2003-11-17,2004,6.0
2003-11-18,2004,6.0
2003-11-19,2004,6.0
2003-11-20,2004,6.0
2003-11-21,2004,6.0
2003-11-24,2004,6.0
2003-11-25,2004,6.0
2003-11-26,2004,6.0
2003-11-27,2004,6.0
2003-11-28,2004,6.0
2003-12-01,2004,6.0
2003-12-02,2004,6.0
2003-12-03,2004,6.0
2003-12-04,2004,6.0
2003-12-05,2004,6.0
2003-12-08,2004,6.0
2003-12-09,2004,6.0
2003-12-10,2004,6.0
2003-12-11,2004,6.0
2003-12-12,2004,6.0
2003-12-15,2004,6.0
2003-12-16,2004,6.0
2003-12-17,2004,5.96
2003-12-18,2004,5.96
2003-12-19,2004,5.91
2003-12-22,2004,5.96
2003-12-23,2004,5.96
2003-12-26,2004,6.0
2003-12-29,2004,6.0
2003-12-30,2004,6.0
2004-01-02,2004,6.0
2004-01-05,2004,6.0
2004-01-06,2004,6.0
2004-01-07,2004,6.0
2004-01-08,2004,6.0
2004-01-09,2004,6.0
2004-01-12,2004,6.0
2004-01-14,2004,6.0
2004-01-15,2004,6.0
2004-01-16,2004,5.99
2004-01-19,2004,6.0
2004-01-20,2004,6.0
2004-01-21,2004,5.99
2004-01-22,2004,5.99
2004-01-23,2004,5.99
2004-01-26,2004,6.01
2004-01-27,2004,6.01
2004-01-28,2004,6.01
2004-01-29,2004,6.01
2004-01-30,2004,6.01
2004-02-02,2004,6.01
2004-02-03,2004,6.03
2004-02-04,2004,6.02
2004-02-05,2004,6.01
2004-02-06,2004,6.02
2004-02-09,2004,6.02
2004-02-10,2004,6.01
2004-02-11,2004,6.01
2004-02-12,2004,6.01
2004-02-13,2004,6.02
2004-02-16,2004,6.02
2004-02-17,2004,6.02
2004-02-18,2004,6.02
2004-02-19,2004,6.02
2004-02-20,2004,6.0
2004-02-25,2004,6.0
2004-02-26,2004,6.0
2004-02-27,2004,6.01
2004-03-01,2004,6.01
2004-03-02,2004,6.01
2004-03-03,2004,6.01
2004-03-04,2004,6.0
2004-03-05,2004,6.0
2004-03-08,2004,6.0
2004-03-09,2004,6.0
2004-03-10,2004,6.0
2004-03-11,2004,5.94
2004-03-12,2004,5.95
2004-03-15,2004,5.95
2004-03-16,2004,5.95
2004-03-17,2004,6.0
2004-03-18,2004,6.0
2004-03-19,2004,6.0
2004-03-22,2004,6.0
2004-03-23,2004,6.0
2004-03-24,2004,6.0
2004-03-25,2004,6.0
2004-03-26,2004,6.0
2004-03-29,2004,6.0
2004-03-30,2004,6.0
2004-03-31,2004,6.0
2004-04-01,2004,6.0
2004-04-02,2004,6.0
2004-04-05,2004,6.0
2004-04-06,2004,6.0
2004-04-07,2004,6.06
2004-04-08,2004,6.06
2004-04-12,2004,6.1
2004-04-13,2004,6.07
2004-04-14,2004,6.1
2004-04-15,2004,6.1
2004-04-16,2004,6.14
2004-04-19,2004,6.14
2004-04-20,2004,6.15
2004-04-22,2004,6.16
2004-04-23,2004,6.17
2004-04-26,2004,6.2
2004-04-27,2004,6.18
2004-04-28,2004,6.18
2004-04-29,2004,6.17
2004-04-30,2004,6.17
2004-05-03,2004,6.16
2004-05-04,2004,6.16
2004-05-05,2004,6.16
2004-05-06,2004,6.16
2004-05-07,2004,6.12
2004-05-10,2004,6.14
2004-05-11,2004,6.14
2004-05-12,2004,6.15
2004-05-13,2004,6.16
2004-05-14,2004,6.17
2004-05-17,2004,6.22
2004-05-18,2004,6.22
2004-05-19,2004,6.24
2004-05-20,2004,6.28
2004-05-21,2004,6.36
2004-05-24,2004,6.39
2004-05-25,2004,6.41
2004-05-26,2004,6.42
2004-05-27,2004,6.5
2004-05-28,2004,6.5
2004-05-31,2004,6.52
2004-06-01,2004,6.52
2004-06-02,2004,6.53
2004-06-03,2004,6.59
2004-06-04,2004,6.59
2004-06-07,2004,6.6
2004-06-08,2004,6.61
2004-06-09,2004,6.61
2004-06-11,2004,6.61
2004-06-14,2004,6.71
2004-06-15,2004,6.76
2004-06-16,2004,6.77
2004-06-17,2004,6.77
2004-06-18,2004,6.79
2004-06-21,2004,6.83
2004-06-22,2004,6.88
2004-06-23,2004,6.88
2004-06-24,2004,6.9
2004-06-25,2004,6.96
2004-06-28,2004,6.97
2004-06-29,2004,6.97
2004-06-30,2004,6.98
2004-07-01,2004,6.98
2004-07-02,2004,7.0
2004-07-05,2004,7.0
2004-07-06,2004,7.01
2004-07-07,2004,7.01
2004-07-08,2004,7.03
2004-07-09,2004,7.05
2004-07-12,2004,7.05
2004-07-13,2004,7.07
2004-07-14,2004,7.07
2004-07-15,2004,7.06
2004-07-16,2004,7.08
2004-07-19,2004,7.1
2004-07-20,2004,7.1
2004-07-21,2004,7.1
2004-07-22,2004,7.13
2004-07-23,2004,7.13
2004-07-26,2004,7.14
2004-07-27,2004,7.15
2004-07-28,2004,7.15
2004-07-29,2004,7.15
2004-07-30,2004,7.15
2004-08-02,2004,7.15
2004-08-03,2004,7.15
2004-08-04,2004,7.15
2004-08-05,2004,7.18
2004-08-06,2004,7.2
2004-08-09,2004,7.21
2004-08-10,2004,7.21
2004-08-11,2004,7.16
2004-08-12,2004,7.16
2004-08-13,2004,7.16
2004-08-16,2004,7.18
2004-08-17,2004,7.18
2004-08-18,2004,7.19
2004-08-19,2004,7.19
2004-08-20,2004,7.19
2004-08-23,2004,7.22
2004-08-24,2004,7.22
2004-08-25,2004,7.23
2004-08-26,2004,7.25
2004-08-27,2004,7.25
2004-08-30,2004,7.25
2004-08-31,2004,7.25
2004-09-01,2004,7.26
2004-09-02,2004,7.27
2004-09-03,2004,7.29
2004-09-06,2004,7.31
2004-09-08,2004,7.3
2004-09-09,2004,7.3
2004-09-10,2004,7.37
2004-09-13,2004,7.37
2004-09-14,2004,7.37
2004-09-15,2004,7.37
2004-09-16,2004,7.37
2004-09-17,2004,7.37
2004-09-20,2004,7.37
2004-09-21,2004,7.37
2004-09-22,2004,7.37
2004-09-23,2004,7.35
2004-09-24,2004,7.34
2004-09-27,2004,7.31
2004-09-28,2004,7.31
2004-09-29,2004,7.31
2004-09-30,2004,7.31
2004-10-01,2004,7.31
2004-10-04,2004,7.31
2004-10-05,2004,7.31
2004-10-06,2004,7.31
2004-10-07,2004,7.31
2004-10-08,2004,7.13
2004-10-11,2004,7.14
2004-10-13,2004,7.13
2004-10-14,2004,7.13
2004-10-15,2004,7.16
2004-10-18,2004,7.18
2004-10-19,2004,7.18
2004-10-20,2004,7.18
2004-10-21,2004,7.17
2004-10-22,2004,7.18
2004-10-25,2004,7.2
2004-10-26,2004,7.2
2004-10-27,2004,7.21
2004-10-28,2004,7.2
2004-10-29,2004,7.2
2004-11-03,2004,7.2
2004-11-04,2004,7.2
2004-11-05,2004,7.18
2004-11-08,2004,7.17
2004-11-09,2004,7.18
2004-11-10,2004,7.19
2004-11-11,2004,7.18
2004-11-12,2004,7.19
2004-11-16,2004,7.19
2004-11-17,2004,7.18
2004-11-18,2004,7.19
2004-11-19,2004,7.18
2004-11-22,2004,7.2
2004-11-23,2004,7.22
2004-11-24,2004,7.22
2004-11-25,2004,7.21
2004-11-26,2004,7.26
2004-11-29,2004,7.28
2004-11-30,2004,7.28
2004-12-01,2004,7.28
2004-12-02,2004,7.3
2004-12-03,2004,7.31
2004-12-06,2004,7.31
2004-12-07,2004,7.32
2004-12-08,2004,7.38
2004-12-09,2004,7.38
2004-12-10,2004,7.38
2004-12-13,2004,7.38
2004-12-14,2004,7.38
2004-12-15,2004,7.38
2004-12-16,2004,7.4
2004-12-17,2004,7.41
2004-12-20,2004,7.43
2004-12-21,2004,7.43
2004-12-22,2004,7.43
2004-12-23,2004,7.47
2004-12-27,2004,7.47
2004-12-28,2004,7.47
2004-12-29,2004,7.47
2004-12-30,2004,7.47
2005-01-03,2004,7.48
2005-01-04,2004,7.48
2005-01-05,2004,7.48
2005-01-06,2004,7.48
2005-01-07,2004,7.48
2005-01-10,2004,7.48
2005-01-11,2004,7.49
2005-01-12,2004,7.49
2005-01-13,2004,7.49
2001-11-06,2005,3.0
2001-11-07,2005,3.0
2001-11-08,2005,3.5
2001-11-09,2005,3.5
2001-11-12,2005,3.5
2001-11-13,2005,3.5
2001-11-14,2005,3.5
2001-11-16,2005,3.5
2001-11-19,2005,3.5
2001-11-20,2005,3.5
2001-11-21,2005,3.5
2001-11-22,2005,3.5
2001-11-23,2005,3.5
2001-11-26,2005,3.5
2001-11-27,2005,3.5
2001-11-28,2005,3.5
2001-11-29,2005,3.5
2001-11-30,2005,3.5
2001-12-03,2005,3.5
2001-12-04,2005,3.5
2001-12-05,2005,3.5
2001-12-06,2005,3.5
2001-12-07,2005,3.5
2001-12-10,2005,3.5
2001-12-11,2005,3.5
2001-12-12,2005,3.5
2001-12-13,2005,3.5
2001-12-14,2005,3.5
2001-12-17,2005,3.5
2001-12-18,2005,3.5
2001-12-19,2005,3.5
2001-12-20,2005,3.5
2001-12-21,2005,3.5
2001-12-24,2005,3.5
2001-12-26,2005,3.5
2001-12-27,2005,3.5
2001-12-28,2005,3.25
2001-12-31,2005,3.25
2002-01-02,2005,3.25
2002-01-03,2005,3.25
2002-01-04,2005,3.25
2002-01-07,2005,3.25
2002-01-08,2005,3.25
2002-01-09,2005,3.25
2002-01-10,2005,3.25
2002-01-11,2005,3.25
2002-01-14,2005,3.38
2002-01-15,2005,3.5
2002-01-16,2005,3.5
2002-01-17,2005,3.5
2002-01-18,2005,3.5
2002-01-21,2005,3.5
2002-01-22,2005,3.5
2002-01-23,2005,3.5
2002-01-24,2005,3.5
2002-01-25,2005,3.5
2002-01-28,2005,3.5
2002-01-29,2005,3.5
2002-01-30,2005,3.5
2002-01-31,2005,3.5
2002-02-01,2005,3.5
2002-02-04,2005,3.5
2002-02-05,2005,3.5
2002-02-06,2005,3.5
2002-02-07,2005,3.5
2002-02-08,2005,3.5
2002-02-11,2005,3.5
2002-02-13,2005,3.5
2002-02-14,2005,3.5
2002-02-15,2005,3.5
2002-02-18,2005,3.5
2002-02-19,2005,3.5
2002-02-20,2005,3.5
2002-02-21,2005,3.5
2002-02-22,2005,3.5
2002-02-25,2005,3.5
2002-02-26,2005,3.5
2002-02-27,2005,3.5
2002-02-28,2005,3.5
2002-03-01,2005,3.5
2002-03-04,2005,3.5
2002-03-05,2005,3.5
2002-03-06,2005,3.5
2002-03-07,2005,3.5
2002-03-08,2005,3.5
2002-03-11,2005,3.5
2002-03-12,2005,3.5
2002-03-13,2005,3.5
2002-03-14,2005,3.5
2002-03-15,2005,3.5
2002-03-18,2005,3.5
2002-03-19,2005,3.5
2002-03-20,2005,3.5
2002-03-21,2005,3.5
2002-03-22,2005,3.5
2002-03-25,2005,3.5
2002-03-26,2005,3.5
2002-03-27,2005,3.5
2002-03-28,2005,3.5
2002-04-01,2005,3.5
2002-04-02,2005,3.5
2002-04-03,2005,3.5
2002-04-04,2005,3.5
2002-04-05,2005,3.5
2002-04-08,2005,3.5
2002-04-09,2005,3.5
2002-04-10,2005,3.5
2002-04-11,2005,3.5
2002-04-12,2005,3.5
2002-04-15,2005,3.5
2002-04-16,2005,3.5
2002-04-17,2005,3.5
2002-04-18,2005,3.5
2002-04-19,2005,3.5
2002-04-22,2005,3.5
2002-04-23,2005,3.5
2002-04-24,2005,3.5
2002-04-25,2005,3.5
2002-04-26,2005,3.5
2002-04-29,2005,3.5
2002-04-30,2005,3.5
2002-05-02,2005,3.5
2002-05-03,2005,3.5
2002-05-06,2005,3.5
2002-05-07,2005,3.5
2002-05-08,2005,3.5
2002-05-09,2005,3.5
2002-05-10,2005,3.5
2002-05-13,2005,3.5
2002-05-14,2005,3.5
2002-05-15,2005,3.5
2002-05-16,2005,3.5
2002-05-17,2005,3.5
2002-05-20,2005,3.5
2002-05-21,2005,3.5
2002-05-22,2005,3.5
2002-05-23,2005,3.5
2002-05-24,2005,3.5
2002-05-27,2005,3.5
2002-05-28,2005,3.5
2002-05-29,2005,3.5
2002-05-31,2005,3.5
2002-06-03,2005,3.5
2002-06-04,2005,3.5
2002-06-05,2005,3.5
2002-06-06,2005,3.5
2002-06-07,2005,3.5
2002-06-10,2005,3.5
2002-06-11,2005,3.5
2002-06-12,2005,3.5
2002-06-13,2005,3.5
2002-06-14,2005,3.5
2002-06-17,2005,3.5
2002-06-18,2005,3.5
2002-06-19,2005,3.5
2002-06-20,2005,3.5
2002-06-21,2005,3.5
2002-06-24,2005,3.5
2002-06-25,2005,3.5
2002-06-26,2005,3.5
2002-06-27,2005,3.5
2002-06-28,2005,3.5
2002-07-01,2005,3.5
2002-07-02,2005,3.5
2002-07-03,2005,3.5
2002-07-04,2005,3.5
2002-07-05,2005,3.5
2002-07-08,2005,3.5
2002-07-09,2005,3.5
2002-07-10,2005,3.5
2002-07-11,2005,3.5
2002-07-12,2005,3.5
2002-07-15,2005,3.5
2002-07-16,2005,3.5
2002-07-17,2005,3.5
2002-07-18,2005,3.5
2002-07-19,2005,3.5
2002-07-22,2005,3.5
2002-07-23,2005,3.5
2002-07-24,2005,3.5
2002-07-25,2005,3.5
2002-07-26,2005,3.5
2002-07-29,2005,3.5
2002-07-30,2005,3.5
2002-07-31,2005,3.5
2002-08-01,2005,3.5
2002-08-02,2005,3.5
2002-08-05,2005,3.5
2002-08-06,2005,3.5
2002-08-07,2005,3.5
2002-08-08,2005,3.5
2002-08-09,2005,3.5
2002-08-12,2005,3.5
2002-08-13,2005,3.5
2002-08-14,2005,3.5
2002-08-15,2005,3.5
2002-08-16,2005,3.5
2002-08-19,2005,3.5
2002-08-20,2005,3.5
2002-08-21,2005,3.5
2002-08-22,2005,3.5
2002-08-23,2005,3.5
2002-08-26,2005,3.5
2002-08-27,2005,3.5
2002-08-28,2005,3.5
2002-08-29,2005,3.5
2002-08-30,2005,3.5
2002-09-02,2005,3.5
2002-09-03,2005,3.5
2002-09-04,2005,3.5
2002-09-05,2005,3.5
2002-09-06,2005,3.6
2002-09-09,2005,3.6
2002-09-10,2005,3.75
2002-09-11,2005,3.75
2002-09-12,2005,3.75
2002-09-13,2005,3.8
2002-09-16,2005,3.8
2002-09-17,2005,3.8
2002-09-18,2005,3.85
2002-09-19,2005,3.85
2002-09-20,2005,3.85
2002-09-23,2005,3.9
2002-09-24,2005,3.9
2002-09-25,2005,3.9
2002-09-26,2005,4.0
2002-09-27,2005,3.95
2002-09-30,2005,3.95
2002-10-01,2005,3.95
2002-10-02,2005,3.9
2002-10-03,2005,3.9
2002-10-04,2005,3.9
2002-10-07,2005,4.0
2002-10-08,2005,4.0
2002-10-09,2005,4.0
2002-10-10,2005,4.0
2002-10-11,2005,4.0
2002-10-14,2005,4.0
2002-10-15,2005,4.0
2002-10-16,2005,4.0
2002-10-17,2005,4.11
2002-10-18,2005,4.22
2002-10-21,2005,4.5
2002-10-22,2005,4.5
2002-10-23,2005,4.5
2002-10-24,2005,4.5
2002-10-25,2005,4.5
2002-10-28,2005,4.5
2002-10-29,2005,4.5
2002-10-30,2005,4.5
2002-10-31,2005,4.75
2002-11-01,2005,5.0
2002-11-04,2005,5.04
2002-11-05,2005,5.04
2002-11-06,2005,5.5
2002-11-07,2005,5.5
2002-11-08,2005,5.25
2002-11-11,2005,5.25
2002-11-12,2005,5.25
2002-11-13,2005,5.5
2002-11-14,2005,5.5
2002-11-18,2005,5.5
2002-11-19,2005,5.5
2002-11-20,2005,5.5
2002-11-21,2005,5.5
2002-11-22,2005,5.5
2002-11-25,2005,5.5
2002-11-26,2005,5.5
2002-11-27,2005,5.5
2002-11-28,2005,5.5
2002-11-29,2005,5.75
2002-12-02,2005,5.75
2002-12-03,2005,5.75
2002-12-04,2005,5.75
2002-12-05,2005,5.75
2002-12-06,2005,5.75
2002-12-09,2005,6.0
2002-12-10,2005,6.0
2002-12-11,2005,6.0
2002-12-12,2005,6.0
2002-12-13,2005,6.0
2002-12-16,2005,6.0
2002-12-17,2005,6.0
2002-12-18,2005,6.0
2002-12-19,2005,6.0
2002-12-20,2005,6.0
2002-12-23,2005,6.0
2002-12-24,2005,6.0
2002-12-26,2005,6.0
2002-12-27,2005,6.0
2002-12-30,2005,6.0
2002-12-31,2005,6.0
2003-01-02,2005,6.0
2003-01-03,2005,6.0
2003-01-06,2005,6.0
2003-01-07,2005,6.0
2003-01-08,2005,6.0
2003-01-09,2005,6.0
2003-01-10,2005,6.0
2003-01-13,2005,6.0
2003-01-14,2005,6.0
2003-01-15,2005,6.0
2003-01-16,2005,6.0
2003-01-17,2005,6.0
2003-01-20,2005,6.0
2003-01-21,2005,6.0
2003-01-22,2005,6.0
2003-01-23,2005,6.0
2003-01-24,2005,6.0
2003-01-27,2005,6.0
2003-01-28,2005,6.0
2003-01-29,2005,6.0
2003-01-30,2005,6.0
2003-01-31,2005,6.0
2003-02-03,2005,6.0
2003-02-04,2005,6.0
2003-02-05,2005,6.0
2003-02-06,2005,6.0
2003-02-07,2005,6.0
2003-02-10,2005,6.0
2003-02-11,2005,6.0
2003-02-12,2005,6.0
2003-02-13,2005,6.0
2003-02-14,2005,6.0
2003-02-17,2005,6.0
2003-02-18,2005,6.0
2003-02-19,2005,6.0
2003-02-20,2005,6.0
2003-02-21,2005,6.0
2003-02-24,2005,6.0
2003-02-25,2005,6.0
2003-02-26,2005,6.0
2003-02-27,2005,6.0
2003-02-28,2005,6.0
2003-03-05,2005,6.0
2003-03-06,2005,6.0
2003-03-07,2005,6.0
2003-03-10,2005,6.0
2003-03-11,2005,6.0
2003-03-12,2005,6.0
2003-03-13,2005,6.0
2003-03-14,2005,6.0
2003-03-17,2005,6.0
2003-03-18,2005,6.0
2003-03-19,2005,6.0
2003-03-20,2005,6.0
2003-03-21,2005,6.0
2003-03-24,2005,6.0
2003-03-25,2005,6.0
2003-03-26,2005,6.0
2003-03-27,2005,6.0
2003-03-28,2005,6.0
2003-03-31,2005,6.0
2003-04-01,2005,6.0
2003-04-02,2005,6.0
2003-04-03,2005,6.0
2003-04-04,2005,6.0
2003-04-07,2005,6.0
2003-04-08,2005,6.0
2003-04-09,2005,6.0
2003-04-10,2005,6.0
2003-04-11,2005,6.0
2003-04-14,2005,6.0
2003-04-15,2005,6.0
2003-04-16,2005,6.0
2003-04-17,2005,6.0
2003-04-22,2005,6.0
2003-04-23,2005,6.0
2003-04-24,2005,6.0
2003-04-25,2005,6.0
2003-04-28,2005,6.0
2003-04-29,2005,6.0
2003-04-30,2005,6.0
2003-05-02,2005,6.0
2003-05-05,2005,6.0
2003-05-06,2005,6.0
2003-05-07,2005,6.0
2003-05-08,2005,6.0
2003-05-09,2005,6.0
2003-05-12,2005,6.0
2003-05-13,2005,6.0
2003-05-14,2005,6.0
2003-05-15,2005,6.0
2003-05-16,2005,6.0
2003-05-19,2005,6.0
2003-05-20,2005,6.0
2003-05-21,2005,6.0
2003-05-22,2005,6.0
2003-05-23,2005,6.0
2003-05-26,2005,6.0
2003-05-27,2005,6.0
2003-05-28,2005,6.0
2003-05-29,2005,6.0
2003-05-30,2005,6.0
2003-06-02,2005,6.0
2003-06-03,2005,6.0
2003-06-04,2005,6.0
2003-06-05,2005,6.0
2003-06-06,2005,6.0
2003-06-09,2005,6.0
2003-06-10,2005,6.0
2003-06-11,2005,5.6
2003-06-12,2005,5.67
2003-06-13,2005,5.67
2003-06-16,2005,5.67
2003-06-17,2005,5.67
2003-06-18,2005,5.67
2003-06-20,2005,5.69
2003-06-23,2005,5.5
2003-06-24,2005,5.5
2003-06-25,2005,5.5
2003-06-26,2005,5.5
2003-06-27,2005,5.5
2003-06-30,2005,5.5
2003-07-01,2005,5.0
2003-07-02,2005,5.0
2003-07-03,2005,5.0
2003-07-04,2005,5.0
2003-07-07,2005,5.0
2003-07-08,2005,5.0
2003-07-09,2005,5.0
2003-07-10,2005,5.0
2003-07-11,2005,5.0
2003-07-14,2005,5.0
2003-07-15,2005,5.0
2003-07-16,2005,5.0
2003-07-17,2005,5.0
2003-07-18,2005,5.0
2003-07-21,2005,5.0
2003-07-22,2005,5.0
2003-07-23,2005,5.0
2003-07-24,2005,5.0
2003-07-25,2005,5.0
2003-07-28,2005,5.0
2003-07-29,2005,5.0
2003-07-30,2005,5.0
2003-07-31,2005,5.0
2003-08-01,2005,5.0
2003-08-04,2005,5.11
2003-08-05,2005,5.0
2003-08-06,2005,5.0
2003-08-07,2005,5.0
2003-08-08,2005,5.0
2003-08-11,2005,5.0
2003-08-12,2005,5.0
2003-08-13,2005,5.0
2003-08-14,2005,5.0
2003-08-15,2005,5.0
2003-08-18,2005,5.0
2003-08-19,2005,5.0
2003-08-20,2005,5.0
2003-08-21,2005,5.0
2003-08-22,2005,5.0
2003-08-25,2005,5.0
2003-08-26,2005,5.0
2003-08-27,2005,5.0
2003-08-28,2005,5.0
2003-08-29,2005,5.0
2003-09-01,2005,5.0
2003-09-02,2005,5.0
2003-09-03,2005,5.0
2003-09-04,2005,5.0
2003-09-05,2005,5.0
2003-09-08,2005,5.0
2003-09-09,2005,5.0
2003-09-10,2005,5.0
2003-09-11,2005,5.0
2003-09-12,2005,5.0
2003-09-15,2005,5.0
2003-09-16,2005,5.0
2003-09-17,2005,5.0
2003-09-18,2005,5.0
2003-09-19,2005,5.0
2003-09-22,2005,5.0
2003-09-23,2005,5.0
2003-09-24,2005,5.0
2003-09-25,2005,5.0
2003-09-26,2005,5.0
2003-09-29,2005,5.0
2003-09-30,2005,5.0
2003-10-01,2005,5.0
2003-10-02,2005,5.0
2003-10-03,2005,5.0
2003-10-06,2005,5.0
2003-10-07,2005,5.0
2003-10-08,2005,5.0
2003-10-09,2005,5.0
2003-10-10,2005,5.0
2003-10-13,2005,5.0
2003-10-14,2005,5.0
2003-10-15,2005,5.0
2003-10-16,2005,5.0
2003-10-17,2005,5.0
2003-10-20,2005,5.0
2003-10-21,2005,5.0
2003-10-22,2005,5.0
2003-10-23,2005,5.0
2003-10-24,2005,5.0
2003-10-28,2005,5.0
2003-10-29,2005,5.0
2003-10-30,2005,5.0
2003-10-31,2005,5.0
2003-11-03,2005,5.0
2003-11-04,2005,5.0
2003-11-05,2005,5.0
2003-11-06,2005,5.0
2003-11-07,2005,5.0
2003-11-10,2005,5.0
2003-11-11,2005,5.0
2003-11-12,2005,5.0
2003-11-13,2005,5.0
2003-11-14,2005,5.0
2003-11-17,2005,5.0
2003-11-18,2005,5.0
2003-11-19,2005,5.0
2003-11-20,2005,5.0
2003-11-21,2005,5.0
2003-11-24,2005,5.0
2003-11-25,2005,5.0
2003-11-26,2005,5.0
2003-11-27,2005,5.0
2003-11-28,2005,5.0
2003-12-01,2005,5.0
2003-12-02,2005,5.0
2003-12-03,2005,5.0
2003-12-04,2005,5.0
2003-12-05,2005,5.0
2003-12-08,2005,5.0
2003-12-09,2005,5.0
2003-12-10,2005,5.0
2003-12-11,2005,5.0
2003-12-12,2005,5.0
2003-12-15,2005,5.0
2003-12-16,2005,5.0
2003-12-17,2005,5.0
2003-12-18,2005,5.0
2003-12-19,2005,5.0
2003-12-22,2005,5.0
2003-12-23,2005,5.0
2003-12-26,2005,5.0
2003-12-29,2005,5.0
2003-12-30,2005,5.0
2004-01-02,2005,5.0
2004-01-05,2005,5.0
2004-01-06,2005,5.0
2004-01-07,2005,5.0
2004-01-08,2005,5.0
2004-01-09,2005,5.0
2004-01-12,2005,5.0
2004-01-14,2005,5.0
2004-01-15,2005,5.0
2004-01-16,2005,5.0
2004-01-19,2005,5.0
2004-01-20,2005,5.0
2004-01-21,2005,5.0
2004-01-22,2005,5.0
2004-01-23,2005,5.0
2004-01-26,2005,5.0
2004-01-27,2005,5.0
2004-01-28,2005,5.0
2004-01-29,2005,5.0
2004-01-30,2005,5.0
2004-02-02,2005,5.0
2004-02-03,2005,5.0
2004-02-04,2005,5.0
2004-02-05,2005,5.0
2004-02-06,2005,5.0
2004-02-09,2005,5.0
2004-02-10,2005,5.0
2004-02-11,2005,5.0
2004-02-12,2005,5.0
2004-02-13,2005,5.0
2004-02-16,2005,5.0
2004-02-17,2005,5.0
2004-02-18,2005,5.0
2004-02-19,2005,5.0
2004-02-20,2005,5.0
2004-02-25,2005,5.0
2004-02-26,2005,5.0
2004-02-27,2005,5.0
2004-03-01,2005,5.0
2004-03-02,2005,5.0
2004-03-03,2005,5.0
2004-03-04,2005,5.0
2004-03-05,2005,5.0
2004-03-08,2005,5.0
2004-03-09,2005,5.0
2004-03-10,2005,5.0
2004-03-11,2005,5.0
2004-03-12,2005,5.0
2004-03-15,2005,5.0
2004-03-16,2005,5.0
2004-03-17,2005,5.0
2004-03-18,2005,5.0
2004-03-19,2005,5.0
2004-03-22,2005,5.0
2004-03-23,2005,5.0
2004-03-24,2005,5.0
2004-03-25,2005,5.0
2004-03-26,2005,5.0
2004-03-29,2005,5.0
2004-03-30,2005,5.0
2004-03-31,2005,5.0
2004-04-01,2005,5.0
2004-04-02,2005,5.0
2004-04-05,2005,5.0
2004-04-06,2005,5.0
2004-04-07,2005,5.0
2004-04-08,2005,5.0
2004-04-12,2005,5.0
2004-04-13,2005,5.0
2004-04-14,2005,5.0
2004-04-15,2005,5.0
2004-04-16,2005,5.0
2004-04-19,2005,5.0
2004-04-20,2005,5.0
2004-04-22,2005,5.0
2004-04-23,2005,5.0
2004-04-26,2005,5.0
2004-04-27,2005,5.0
2004-04-28,2005,5.0
2004-04-29,2005,5.0
2004-04-30,2005,5.0
2004-05-03,2005,5.0
2004-05-04,2005,5.0
2004-05-05,2005,5.0
2004-05-06,2005,5.0
2004-05-07,2005,5.0
2004-05-10,2005,5.01
2004-05-11,2005,5.01
2004-05-12,2005,5.06
2004-05-13,2005,5.06
2004-05-14,2005,5.1
2004-05-17,2005,5.06
2004-05-18,2005,5.06
2004-05-19,2005,5.06
2004-05-20,2005,5.1
2004-05-21,2005,5.15
2004-05-24,2005,5.17
2004-05-25,2005,5.28
2004-05-26,2005,5.25
2004-05-27,2005,5.25
2004-05-28,2005,5.3
2004-05-31,2005,5.28
2004-06-01,2005,5.3
2004-06-02,2005,5.32
2004-06-03,2005,5.32
2004-06-04,2005,5.37
2004-06-07,2005,5.37
2004-06-08,2005,5.4
2004-06-09,2005,5.4
2004-06-11,2005,5.46
2004-06-14,2005,5.44
2004-06-15,2005,5.44
2004-06-16,2005,5.44
2004-06-17,2005,5.48
2004-06-18,2005,5.5
2004-06-21,2005,5.5
2004-06-22,2005,5.5
2004-06-23,2005,5.5
2004-06-24,2005,5.5
2004-06-25,2005,5.5
2004-06-28,2005,5.5
2004-06-29,2005,5.5
2004-06-30,2005,5.5
2004-07-01,2005,5.5
2004-07-02,2005,5.5
2004-07-05,2005,5.5
2004-07-06,2005,5.5
2004-07-07,2005,5.5
2004-07-08,2005,5.5
2004-07-09,2005,5.5
2004-07-12,2005,5.5
2004-07-13,2005,5.5
2004-07-14,2005,5.5
2004-07-15,2005,5.5
2004-07-16,2005,5.5
2004-07-19,2005,5.5
2004-07-20,2005,5.5
2004-07-21,2005,5.5
2004-07-22,2005,5.5
2004-07-23,2005,5.5
2004-07-26,2005,5.5
2004-07-27,2005,5.5
2004-07-28,2005,5.5
2004-07-29,2005,5.5
2004-07-30,2005,5.5
2004-08-02,2005,5.5
2004-08-03,2005,5.5
2004-08-04,2005,5.5
2004-08-05,2005,5.5
2004-08-06,2005,5.5
2004-08-09,2005,5.5
2004-08-10,2005,5.5
2004-08-11,2005,5.54
2004-08-12,2005,5.53
2004-08-13,2005,5.5
2004-08-16,2005,5.5
2004-08-17,2005,5.5
2004-08-18,2005,5.5
2004-08-19,2005,5.5
2004-08-20,2005,5.5
2004-08-23,2005,5.52
2004-08-24,2005,5.5
2004-08-25,2005,5.53
2004-08-26,2005,5.52
2004-08-27,2005,5.52
2004-08-30,2005,5.5
2004-08-31,2005,5.52
2004-09-01,2005,5.57
2004-09-02,2005,5.6
2004-09-03,2005,5.6
2004-09-06,2005,5.6
2004-09-08,2005,5.6
2004-09-09,2005,5.6
2004-09-10,2005,5.7
2004-09-13,2005,5.7
2004-09-14,2005,5.73
2004-09-15,2005,5.73
2004-09-16,2005,5.8
2004-09-17,2005,5.8
2004-09-20,2005,5.8
2004-09-21,2005,5.8
2004-09-22,2005,5.8
2004-09-23,2005,5.8
2004-09-24,2005,5.8
2004-09-27,2005,5.8
2004-09-28,2005,5.8
2004-09-29,2005,5.8
2004-09-30,2005,5.8
2004-10-01,2005,5.8
2004-10-04,2005,5.81
2004-10-05,2005,5.8
2004-10-06,2005,5.8
2004-10-07,2005,5.8
2004-10-08,2005,5.81
2004-10-11,2005,5.82
2004-10-13,2005,5.82
2004-10-14,2005,5.8
2004-10-15,2005,5.81
2004-10-18,2005,5.82
2004-10-19,2005,5.82
2004-10-20,2005,5.82
2004-10-21,2005,5.82
2004-10-22,2005,5.89
2004-10-25,2005,5.89
2004-10-26,2005,5.89
2004-10-27,2005,5.89
2004-10-28,2005,5.87
2004-10-29,2005,5.9
2004-11-03,2005,5.9
2004-11-04,2005,5.9
2004-11-05,2005,5.9
2004-11-08,2005,5.9
2004-11-09,2005,5.9
2004-11-10,2005,5.9
2004-11-11,2005,5.9
2004-11-12,2005,5.9
2004-11-16,2005,5.9
2004-11-17,2005,5.9
2004-11-18,2005,5.9
2004-11-19,2005,5.9
2004-11-22,2005,5.9
2004-11-23,2005,5.9
2004-11-24,2005,5.87
2004-11-25,2005,5.85
2004-11-26,2005,5.8
2004-11-29,2005,5.8
2004-11-30,2005,5.8
2004-12-01,2005,5.8
2004-12-02,2005,5.8
2004-12-03,2005,5.8
2004-12-06,2005,5.8
2004-12-07,2005,5.8
2004-12-08,2005,5.8
2004-12-09,2005,5.8
2004-12-10,2005,5.78
2004-12-13,2005,5.79
2004-12-14,2005,5.79
2004-12-15,2005,5.79
2004-12-16,2005,5.78
2004-12-17,2005,5.76
2004-12-20,2005,5.75
2004-12-21,2005,5.75
2004-12-22,2005,5.75
2004-12-23,2005,5.7
2004-12-27,2005,5.7
2004-12-28,2005,5.7
2004-12-29,2005,5.7
2004-12-30,2005,5.7
2005-01-03,2005,5.7
2005-01-04,2005,5.7
2005-01-05,2005,5.7
2005-01-06,2005,5.67
2005-01-07,2005,5.67
2005-01-10,2005,5.67
2005-01-11,2005,5.66
2005-01-12,2005,5.65
2005-01-13,2005,5.64
2005-01-14,2005,5.7
2005-01-17,2005,5.7
2005-01-18,2005,5.69
2005-01-19,2005,5.69
2005-01-20,2005,5.69
2005-01-21,2005,5.7
2005-01-24,2005,5.7
2005-01-25,2005,5.7
2005-01-26,2005,5.7
2005-01-27,2005,5.7
2005-01-28,2005,5.74
2005-01-31,2005,5.75
2005-02-01,2005,5.73
2005-02-02,2005,5.75
2005-02-03,2005,5.75
2005-02-04,2005,5.75
2005-02-09,2005,5.75
2005-02-10,2005,5.75
2005-02-11,2005,5.74
2005-02-14,2005,5.72
2005-02-15,2005,5.72
2005-02-16,2005,5.72
2005-02-17,2005,5.72
2005-02-18,2005,5.7
2005-02-21,2005,5.7
2005-02-22,2005,5.7
2005-02-23,2005,5.7
2005-02-24,2005,5.68
2005-02-25,2005,5.68
2005-02-28,2005,5.68
2005-03-01,2005,5.7
2005-03-02,2005,5.7
2005-03-03,2005,5.72
2005-03-04,2005,5.72
2005-03-07,2005,5.72
2005-03-08,2005,5.75
2005-03-09,2005,5.77
2005-03-10,2005,5.78
2005-03-11,2005,5.77
2005-03-14,2005,5.78
2005-03-15,2005,5.78
2005-03-16,2005,5.78
2005-03-17,2005,5.79
2005-03-18,2005,5.8
2005-03-21,2005,5.8
2005-03-22,2005,5.8
2005-03-23,2005,5.85
2005-03-24,2005,5.83
2005-03-28,2005,5.85
2005-03-29,2005,5.87
2005-03-30,2005,5.88
2005-03-31,2005,5.88
2005-04-01,2005,5.88
2005-04-04,2005,5.89
2005-04-05,2005,5.89
2005-04-06,2005,5.91
2005-04-07,2005,5.92
2005-04-08,2005,6.04
2005-04-11,2005,6.04
2005-04-12,2005,6.04
2005-04-13,2005,6.04
2005-04-14,2005,6.04
2005-04-15,2005,6.1
2005-04-18,2005,6.12
2005-04-19,2005,6.15
2005-04-20,2005,6.15
2005-04-22,2005,6.15
2005-04-25,2005,6.18
2005-04-26,2005,6.2
2005-04-27,2005,6.2
2005-04-28,2005,6.21
2005-04-29,2005,6.28
2005-05-02,2005,6.29
2005-05-03,2005,6.29
2005-05-04,2005,6.3
2005-05-05,2005,6.3
2005-05-06,2005,6.3
2005-05-09,2005,6.3
2005-05-10,2005,6.3
2005-05-11,2005,6.39
2005-05-12,2005,6.38
2005-05-13,2005,6.39
2005-05-16,2005,6.38
2005-05-17,2005,6.38
2005-05-18,2005,6.38
2005-05-19,2005,6.38
2005-05-20,2005,6.38
2005-05-23,2005,6.38
2005-05-24,2005,6.37
2005-05-25,2005,6.35
2005-05-27,2005,6.35
2005-05-30,2005,6.35
2005-05-31,2005,6.33
2005-06-01,2005,6.33
2005-06-02,2005,6.35
2005-06-03,2005,6.32
2005-06-06,2005,6.3
2005-06-07,2005,6.3
2005-06-08,2005,6.3
2005-06-09,2005,6.3
2005-06-10,2005,6.21
2005-06-13,2005,6.21
2005-06-14,2005,6.21
2005-06-15,2005,6.21
2005-06-16,2005,6.21
2005-06-17,2005,6.16
2005-06-20,2005,6.12
2005-06-21,2005,6.1
2005-06-22,2005,6.1
2005-06-23,2005,6.09
2005-06-24,2005,6.05
2005-06-27,2005,6.0
2005-06-28,2005,6.0
2005-06-29,2005,5.99
2005-06-30,2005,5.97
2005-07-01,2005,5.94
2005-07-04,2005,5.9
2005-07-05,2005,5.89
2005-07-06,2005,5.89
2005-07-07,2005,5.86
2005-07-08,2005,5.72
2005-07-11,2005,5.73
2005-07-12,2005,5.73
2005-07-13,2005,5.73
2005-07-14,2005,5.71
2005-07-15,2005,5.67
2005-07-18,2005,5.66
2005-07-19,2005,5.64
2005-07-20,2005,5.64
2005-07-21,2005,5.59
2005-07-22,2005,5.55
2005-07-25,2005,5.55
2005-07-26,2005,5.55
2005-07-27,2005,5.55
2005-07-28,2005,5.55
2005-07-29,2005,5.54
2005-08-01,2005,5.53
2005-08-02,2005,5.53
2005-08-03,2005,5.53
2005-08-04,2005,5.52
2005-08-05,2005,5.5
2005-08-08,2005,5.5
2005-08-09,2005,5.5
2005-08-10,2005,5.44
2005-08-11,2005,5.42
2005-08-12,2005,5.4
2005-08-15,2005,5.4
2005-08-16,2005,5.4
2005-08-17,2005,5.39
2005-08-18,2005,5.35
2005-08-19,2005,5.34
2005-08-22,2005,5.3
2005-08-23,2005,5.3
2005-08-24,2005,5.26
2005-08-25,2005,5.26
2005-08-26,2005,5.26
2005-08-29,2005,5.26
2005-08-30,2005,5.26
2005-08-31,2005,5.25
2005-09-01,2005,5.25
2005-09-02,2005,5.23
2005-09-05,2005,5.22
2005-09-06,2005,5.24
2005-09-08,2005,5.21
2005-09-09,2005,5.2
2005-09-12,2005,5.19
2005-09-13,2005,5.21
2005-09-14,2005,5.21
2005-09-15,2005,5.21
2005-09-16,2005,5.21
2005-09-19,2005,5.21
2005-09-20,2005,5.21
2005-09-21,2005,5.21
2005-09-22,2005,5.21
2005-09-23,2005,5.21
2005-09-26,2005,5.21
2005-09-27,2005,5.21
2005-09-28,2005,5.21
2005-09-29,2005,5.21
2005-09-30,2005,5.21
2005-10-03,2005,5.21
2005-10-04,2005,5.21
2005-10-05,2005,5.21
2005-10-06,2005,5.21
2005-10-07,2005,5.22
2005-10-10,2005,5.23
2005-10-11,2005,5.23
2005-10-13,2005,5.22
2005-10-14,2005,5.22
2005-10-17,2005,5.24
2005-10-18,2005,5.25
2005-10-19,2005,5.26
2005-10-20,2005,5.3
2005-10-21,2005,5.31
2005-10-24,2005,5.3
2005-10-25,2005,5.3
2005-10-26,2005,5.3
2005-10-27,2005,5.31
2005-10-28,2005,5.31
2005-10-31,2005,5.31
2005-11-01,2005,5.31
2005-11-03,2005,5.31
2005-11-04,2005,5.33
2005-11-07,2005,5.33
2005-11-08,2005,5.33
2005-11-09,2005,5.34
2005-11-10,2005,5.52
2005-11-11,2005,5.52
2005-11-14,2005,5.52
2005-11-16,2005,5.53
2005-11-17,2005,5.53
2005-11-18,2005,5.53
2005-11-21,2005,5.52
2005-11-22,2005,5.52
2005-11-23,2005,5.55
2005-11-24,2005,5.57
2005-11-25,2005,5.59
2005-11-28,2005,5.61
2005-11-29,2005,5.62
2005-11-30,2005,5.63
2005-12-01,2005,5.63
2005-12-02,2005,5.63
2005-12-05,2005,5.63
2005-12-06,2005,5.63
2005-12-07,2005,5.64
2005-12-08,2005,5.64
2005-12-09,2005,5.68
2005-12-12,2005,5.68
2005-12-13,2005,5.68
2005-12-14,2005,5.68
2005-12-15,2005,5.68
2005-12-16,2005,5.68
2005-12-19,2005,5.68
2005-12-20,2005,5.68
2005-12-21,2005,5.68
2005-12-22,2005,5.68
2005-12-23,2005,5.68
2005-12-26,2005,5.68
2005-12-27,2005,5.68
2005-12-28,2005,5.68
2005-12-29,2005,5.68
2005-12-30,2005,5.68
2006-01-02,2005,5.68
2006-01-03,2005,5.68
2006-01-04,2005,5.68
2006-01-05,2005,5.68
2006-01-06,2005,5.68
2006-01-09,2005,5.68
2006-01-10,2005,5.68
2006-01-11,2005,5.68
2002-01-11,2006,4.28
2002-01-14,2006,3.56
2002-01-15,2006,3.41
2002-01-16,2006,3.41
2002-01-17,2006,3.56
2002-01-18,2006,3.56
2002-01-21,2006,3.56
2002-01-22,2006,3.56
2002-01-23,2006,3.56
2002-01-24,2006,3.38
2002-01-25,2006,3.5
2002-01-28,2006,3.5
2002-01-29,2006,3.5
2002-01-30,2006,3.5
2002-01-31,2006,3.5
2002-02-01,2006,3.5
2002-02-04,2006,3.5
2002-02-05,2006,3.5
2002-02-06,2006,3.5
2002-02-07,2006,3.5
2002-02-08,2006,3.5
2002-02-11,2006,3.5
2002-02-13,2006,3.5
2002-02-14,2006,3.5
2002-02-15,2006,3.5
2002-02-18,2006,3.5
2002-02-19,2006,3.5
2002-02-20,2006,3.5
2002-02-21,2006,3.5
2002-02-22,2006,3.5
2002-02-25,2006,3.5
2002-02-26,2006,3.5
2002-02-27,2006,3.5
2002-02-28,2006,3.5
2002-03-01,2006,3.5
2002-03-04,2006,3.5
2002-03-05,2006,3.5
2002-03-06,2006,3.5
2002-03-07,2006,3.5
2002-03-08,2006,3.5
2002-03-11,2006,3.5
2002-03-12,2006,3.5
2002-03-13,2006,3.5
2002-03-14,2006,3.5
2002-03-15,2006,3.5
2002-03-18,2006,3.5
2002-03-19,2006,3.5
2002-03-20,2006,3.5
2002-03-21,2006,3.5
2002-03-22,2006,3.5
2002-03-25,2006,3.5
2002-03-26,2006,3.5
2002-03-27,2006,3.5
2002-03-28,2006,3.5
2002-04-01,2006,3.5
2002-04-02,2006,3.5
2002-04-03,2006,3.5
2002-04-04,2006,3.5
2002-04-05,2006,3.5
2002-04-08,2006,3.5
2002-04-09,2006,3.5
2002-04-10,2006,3.5
2002-04-11,2006,3.5
2002-04-12,2006,3.5
2002-04-15,2006,3.5
2002-04-16,2006,3.5
2002-04-17,2006,3.5
2002-04-18,2006,3.5
2002-04-19,2006,3.5
2002-04-22,2006,3.5
2002-04-23,2006,3.5
2002-04-24,2006,3.5
2002-04-25,2006,3.5
2002-04-26,2006,3.5
2002-04-29,2006,3.5
2002-04-30,2006,3.5
2002-05-02,2006,3.5
2002-05-03,2006,3.5
2002-05-06,2006,3.5
2002-05-07,2006,3.5
2002-05-08,2006,3.5
2002-05-09,2006,3.5
2002-05-10,2006,3.5
2002-05-13,2006,3.5
2002-05-14,2006,3.5
2002-05-15,2006,3.5
2002-05-16,2006,3.5
2002-05-17,2006,3.5
2002-05-20,2006,3.5
2002-05-21,2006,3.5
2002-05-22,2006,3.5
2002-05-23,2006,3.5
2002-05-24,2006,3.5
2002-05-27,2006,3.5
2002-05-28,2006,3.5
2002-05-29,2006,3.5
2002-05-31,2006,3.5
2002-06-03,2006,3.5
2002-06-04,2006,3.5
2002-06-05,2006,3.5
2002-06-06,2006,3.5
2002-06-07,2006,3.5
2002-06-10,2006,3.5
2002-06-11,2006,3.5
2002-06-12,2006,3.5
2002-06-13,2006,3.5
2002-06-14,2006,3.5
2002-06-17,2006,3.5
2002-06-18,2006,3.5
2002-06-19,2006,3.5
2002-06-20,2006,3.5
2002-06-21,2006,3.5
2002-06-24,2006,3.5
2002-06-25,2006,3.5
2002-06-26,2006,3.5
2002-06-27,2006,3.5
2002-06-28,2006,3.5
2002-07-01,2006,3.5
2002-07-02,2006,3.5
2002-07-03,2006,3.5
2002-07-04,2006,3.5
2002-07-05,2006,3.5
2002-07-08,2006,3.5
2002-07-09,2006,3.5
2002-07-10,2006,3.5
2002-07-11,2006,3.5
2002-07-12,2006,3.5
2002-07-15,2006,3.5
2002-07-16,2006,3.5
2002-07-17,2006,3.5
2002-07-18,2006,3.5
2002-07-19,2006,3.5
2002-07-22,2006,3.5
2002-07-23,2006,3.5
2002-07-24,2006,3.5
2002-07-25,2006,3.5
2002-07-26,2006,3.5
2002-07-29,2006,3.5
2002-07-30,2006,3.5
2002-07-31,2006,3.5
2002-08-01,2006,3.5
2002-08-02,2006,3.5
2002-08-05,2006,3.5
2002-08-06,2006,3.5
2002-08-07,2006,3.5
2002-08-08,2006,3.5
2002-08-09,2006,3.5
2002-08-12,2006,3.5
2002-08-13,2006,3.5
2002-08-14,2006,3.5
2002-08-15,2006,3.5
2002-08-16,2006,3.5
2002-08-19,2006,3.5
2002-08-20,2006,3.5
2002-08-21,2006,3.5
2002-08-22,2006,3.5
2002-08-23,2006,3.5
2002-08-26,2006,3.5
2002-08-27,2006,3.5
2002-08-28,2006,3.5
2002-08-29,2006,3.5
2002-08-30,2006,3.5
2002-09-02,2006,3.5
2002-09-03,2006,3.5
2002-09-04,2006,3.5
2002-09-05,2006,3.5
2002-09-06,2006,3.5
2002-09-09,2006,3.5
2002-09-10,2006,3.5
2002-09-11,2006,3.5
2002-09-12,2006,3.5
2002-09-13,2006,3.5
2002-09-16,2006,3.5
2002-09-17,2006,3.5
2002-09-18,2006,3.5
2002-09-19,2006,3.5
2002-09-20,2006,3.5
2002-09-23,2006,3.5
2002-09-24,2006,3.5
2002-09-25,2006,3.5
2002-09-26,2006,3.5
2002-09-27,2006,3.5
2002-09-30,2006,3.5
2002-10-01,2006,3.5
2002-10-02,2006,3.5
2002-10-03,2006,3.5
2002-10-04,2006,3.5
2002-10-07,2006,3.5
2002-10-08,2006,3.5
2002-10-09,2006,3.5
2002-10-10,2006,3.5
2002-10-11,2006,3.5
2002-10-14,2006,3.6
2002-10-15,2006,3.6
2002-10-16,2006,3.6
2002-10-17,2006,4.0
2002-10-18,2006,4.0
2002-10-21,2006,4.0
2002-10-22,2006,4.0
2002-10-23,2006,4.0
2002-10-24,2006,4.0
2002-10-25,2006,4.0
2002-10-28,2006,4.0
2002-10-29,2006,4.0
2002-10-30,2006,4.0
2002-10-31,2006,4.0
2002-11-01,2006,4.15
2002-11-04,2006,4.5
2002-11-05,2006,4.5
2002-11-06,2006,4.5
2002-11-07,2006,4.5
2002-11-08,2006,4.5
2002-11-11,2006,4.5
2002-11-12,2006,4.5
2002-11-13,2006,4.56
2002-11-14,2006,4.81
2002-11-18,2006,4.62
2002-11-19,2006,4.56
2002-11-20,2006,4.56
2002-11-21,2006,4.56
2002-11-22,2006,4.81
2002-11-25,2006,4.62
2002-11-26,2006,4.62
2002-11-27,2006,4.62
2002-11-28,2006,4.62
2002-11-29,2006,4.81
2002-12-02,2006,4.81
2002-12-03,2006,4.81
2002-12-04,2006,4.81
2002-12-05,2006,4.81
2002-12-06,2006,4.81
2002-12-09,2006,5.0
2002-12-10,2006,5.0
2002-12-11,2006,5.0
2002-12-12,2006,5.0
2002-12-13,2006,5.0
2002-12-16,2006,5.0
2002-12-17,2006,5.0
2002-12-18,2006,5.0
2002-12-19,2006,5.0
2002-12-20,2006,5.0
2002-12-23,2006,5.0
2002-12-24,2006,5.0
2002-12-26,2006,5.0
2002-12-27,2006,5.0
2002-12-30,2006,5.0
2002-12-31,2006,5.0
2003-01-02,2006,5.0
2003-01-03,2006,5.0
2003-01-06,2006,5.0
2003-01-07,2006,5.0
2003-01-08,2006,5.25
2003-01-09,2006,5.25
2003-01-10,2006,5.38
2003-01-13,2006,5.38
2003-01-14,2006,5.25
2003-01-15,2006,5.38
2003-01-16,2006,5.13
2003-01-17,2006,5.0
2003-01-20,2006,5.0
2003-01-21,2006,5.0
2003-01-22,2006,5.0
2003-01-23,2006,5.0
2003-01-24,2006,5.0
2003-01-27,2006,5.0
2003-01-28,2006,5.0
2003-01-29,2006,5.0
2003-01-30,2006,5.0
2003-01-31,2006,5.0
2003-02-03,2006,5.0
2003-02-04,2006,5.0
2003-02-05,2006,5.0
2003-02-06,2006,5.0
2003-02-07,2006,5.0
2003-02-10,2006,5.0
2003-02-11,2006,5.0
2003-02-12,2006,5.0
2003-02-13,2006,5.0
2003-02-14,2006,5.0
2003-02-17,2006,5.0
2003-02-18,2006,5.0
2003-02-19,2006,5.0
2003-02-20,2006,5.0
2003-02-21,2006,5.0
2003-02-24,2006,5.0
2003-02-25,2006,5.0
2003-02-26,2006,5.0
2003-02-27,2006,5.0
2003-02-28,2006,5.0
2003-03-05,2006,5.0
2003-03-06,2006,5.0
2003-03-07,2006,5.0
2003-03-10,2006,5.0
2003-03-11,2006,5.0
2003-03-12,2006,5.0
2003-03-13,2006,5.0
2003-03-14,2006,5.0
2003-03-17,2006,5.0
2003-03-18,2006,5.0
2003-03-19,2006,5.0
2003-03-20,2006,5.0
2003-03-21,2006,5.0
2003-03-24,2006,5.0
2003-03-25,2006,5.0
2003-03-26,2006,5.0
2003-03-27,2006,5.0
2003-03-28,2006,5.0
2003-03-31,2006,5.0
2003-04-01,2006,5.0
2003-04-02,2006,5.0
2003-04-03,2006,5.0
2003-04-04,2006,5.0
2003-04-07,2006,5.0
2003-04-08,2006,5.0
2003-04-09,2006,5.0
2003-04-10,2006,5.0
2003-04-11,2006,5.0
2003-04-14,2006,5.0
2003-04-15,2006,5.0
2003-04-16,2006,5.0
2003-04-17,2006,5.0
2003-04-22,2006,5.0
2003-04-23,2006,5.0
2003-04-24,2006,5.0
2003-04-25,2006,5.0
2003-04-28,2006,5.0
2003-04-29,2006,5.0
2003-04-30,2006,5.0
2003-05-02,2006,5.0
2003-05-05,2006,5.0
2003-05-06,2006,5.0
2003-05-07,2006,5.0
2003-05-08,2006,5.0
2003-05-09,2006,5.0
2003-05-12,2006,5.0
2003-05-13,2006,5.0
2003-05-14,2006,5.0
2003-05-15,2006,5.0
2003-05-16,2006,5.0
2003-05-19,2006,5.0
2003-05-20,2006,5.0
2003-05-21,2006,5.0
2003-05-22,2006,5.0
2003-05-23,2006,5.0
2003-05-26,2006,5.0
2003-05-27,2006,5.0
2003-05-28,2006,5.0
2003-05-29,2006,5.0
2003-05-30,2006,5.0
2003-06-02,2006,5.0
2003-06-03,2006,5.0
2003-06-04,2006,5.0
2003-06-05,2006,5.0
2003-06-06,2006,5.0
2003-06-09,2006,5.0
2003-06-10,2006,5.0
2003-06-11,2006,5.0
2003-06-12,2006,5.0
2003-06-13,2006,5.0
2003-06-16,2006,5.0
2003-06-17,2006,5.0
2003-06-18,2006,5.0
2003-06-20,2006,5.0
2003-06-23,2006,5.0
2003-06-24,2006,5.0
2003-06-25,2006,5.0
2003-06-26,2006,5.0
2003-06-27,2006,5.0
2003-06-30,2006,5.0
2003-07-01,2006,5.0
2003-07-02,2006,5.0
2003-07-03,2006,4.75
2003-07-04,2006,5.0
2003-07-07,2006,5.0
2003-07-08,2006,5.0
2003-07-09,2006,5.0
2003-07-10,2006,5.0
2003-07-11,2006,5.0
2003-07-14,2006,5.0
2003-07-15,2006,4.85
2003-07-16,2006,4.78
2003-07-17,2006,4.6
2003-07-18,2006,4.5
2003-07-21,2006,4.6
2003-07-22,2006,4.6
2003-07-23,2006,4.78
2003-07-24,2006,4.78
2003-07-25,2006,4.78
2003-07-28,2006,4.85
2003-07-29,2006,4.85
2003-07-30,2006,4.85
2003-07-31,2006,4.85
2003-08-01,2006,4.85
2003-08-04,2006,4.85
2003-08-05,2006,4.85
2003-08-06,2006,4.85
2003-08-07,2006,4.85
2003-08-08,2006,4.85
2003-08-11,2006,4.85
2003-08-12,2006,4.85
2003-08-13,2006,4.78
2003-08-14,2006,4.85
2003-08-15,2006,4.85
2003-08-18,2006,4.85
2003-08-19,2006,4.85
2003-08-20,2006,4.85
2003-08-21,2006,4.7
2003-08-22,2006,4.65
2003-08-25,2006,4.65
2003-08-26,2006,4.65
2003-08-27,2006,4.65
2003-08-28,2006,4.65
2003-08-29,2006,4.78
2003-09-01,2006,4.78
2003-09-02,2006,4.78
2003-09-03,2006,4.78
2003-09-04,2006,4.78
2003-09-05,2006,4.78
2003-09-08,2006,4.78
2003-09-09,2006,4.78
2003-09-10,2006,4.78
2003-09-11,2006,4.78
2003-09-12,2006,4.78
2003-09-15,2006,4.78
2003-09-16,2006,4.78
2003-09-17,2006,4.78
2003-09-18,2006,4.78
2003-09-19,2006,4.78
2003-09-22,2006,4.65
2003-09-23,2006,4.65
2003-09-24,2006,4.65
2003-09-25,2006,4.65
2003-09-26,2006,4.7
2003-09-29,2006,4.7
2003-09-30,2006,4.7
2003-10-01,2006,4.85
2003-10-02,2006,4.85
2003-10-03,2006,4.85
2003-10-06,2006,5.0
2003-10-07,2006,5.0
2003-10-08,2006,4.85
2003-10-09,2006,4.85
2003-10-10,2006,4.85
2003-10-13,2006,4.85
2003-10-14,2006,4.85
2003-10-15,2006,4.85
2003-10-16,2006,4.85
2003-10-17,2006,4.85
2003-10-20,2006,4.85
2003-10-21,2006,4.85
2003-10-22,2006,4.85
2003-10-23,2006,4.85
2003-10-24,2006,4.85
2003-10-28,2006,4.85
2003-10-29,2006,4.85
2003-10-30,2006,4.6
2003-10-31,2006,4.6
2003-11-03,2006,4.5
2003-11-04,2006,4.5
2003-11-05,2006,4.5
2003-11-06,2006,4.5
2003-11-07,2006,4.5
2003-11-10,2006,4.5
2003-11-11,2006,4.5
2003-11-12,2006,4.5
2003-11-13,2006,4.73
2003-11-14,2006,4.73
2003-11-17,2006,4.5
2003-11-18,2006,4.5
2003-11-19,2006,4.5
2003-11-20,2006,4.5
2003-11-21,2006,4.5
2003-11-24,2006,4.5
2003-11-25,2006,4.5
2003-11-26,2006,4.5
2003-11-27,2006,4.5
2003-11-28,2006,4.5
2003-12-01,2006,4.5
2003-12-02,2006,4.5
2003-12-03,2006,4.5
2003-12-04,2006,4.5
2003-12-05,2006,4.5
2003-12-08,2006,4.5
2003-12-09,2006,4.5
2003-12-10,2006,4.5
2003-12-11,2006,4.5
2003-12-12,2006,4.5
2003-12-15,2006,4.5
2003-12-16,2006,4.5
2003-12-17,2006,4.5
2003-12-18,2006,4.5
2003-12-19,2006,4.5
2003-12-22,2006,4.5
2003-12-23,2006,4.5
2003-12-26,2006,4.5
2003-12-29,2006,4.5
2003-12-30,2006,4.5
2004-01-02,2006,4.5
2004-01-05,2006,4.5
2004-01-06,2006,4.5
2004-01-07,2006,4.5
2004-01-08,2006,4.5
2004-01-09,2006,4.5
2004-01-12,2006,4.5
2004-01-14,2006,4.5
2004-01-15,2006,4.5
2004-01-16,2006,4.5
2004-01-19,2006,4.5
2004-01-20,2006,4.5
2004-01-21,2006,4.5
2004-01-22,2006,4.5
2004-01-23,2006,4.5
2004-01-26,2006,4.5
2004-01-27,2006,4.5
2004-01-28,2006,4.5
2004-01-29,2006,4.5
2004-01-30,2006,4.5
2004-02-02,2006,4.5
2004-02-03,2006,4.5
2004-02-04,2006,4.5
2004-02-05,2006,4.5
2004-02-06,2006,4.5
2004-02-09,2006,4.5
2004-02-10,2006,4.5
2004-02-11,2006,4.5
2004-02-12,2006,4.5
2004-02-13,2006,4.5
2004-02-16,2006,4.5
2004-02-17,2006,4.5
2004-02-18,2006,4.5
2004-02-19,2006,4.5
2004-02-20,2006,4.5
2004-02-25,2006,4.5
2004-02-26,2006,4.5
2004-02-27,2006,4.5
2004-03-01,2006,4.5
2004-03-02,2006,4.5
2004-03-03,2006,4.5
2004-03-04,2006,4.5
2004-03-05,2006,4.5
2004-03-08,2006,4.5
2004-03-09,2006,4.5
2004-03-10,2006,4.5
2004-03-11,2006,4.5
2004-03-12,2006,4.5
2004-03-15,2006,4.5
2004-03-16,2006,4.5
2004-03-17,2006,4.5
2004-03-18,2006,4.5
2004-03-19,2006,4.5
2004-03-22,2006,4.5
2004-03-23,2006,4.5
2004-03-24,2006,4.5
2004-03-25,2006,4.5
2004-03-26,2006,4.5
2004-03-29,2006,4.5
2004-03-30,2006,4.5
2004-03-31,2006,4.5
2004-04-01,2006,4.5
2004-04-02,2006,4.5
2004-04-05,2006,4.5
2004-04-06,2006,4.5
2004-04-07,2006,4.5
2004-04-08,2006,4.5
2004-04-12,2006,4.5
2004-04-13,2006,4.5
2004-04-14,2006,4.5
2004-04-15,2006,4.5
2004-04-16,2006,4.5
2004-04-19,2006,4.5
2004-04-20,2006,4.5
2004-04-22,2006,4.5
2004-04-23,2006,4.5
2004-04-26,2006,4.6
2004-04-27,2006,4.6
2004-04-28,2006,4.6
2004-04-29,2006,4.6
2004-04-30,2006,4.6
2004-05-03,2006,4.96
2004-05-04,2006,4.96
2004-05-05,2006,4.96
2004-05-06,2006,4.96
2004-05-07,2006,4.96
2004-05-10,2006,4.98
2004-05-11,2006,4.98
2004-05-12,2006,5.0
2004-05-13,2006,5.0
2004-05-14,2006,5.0
2004-05-17,2006,5.0
2004-05-18,2006,5.0
2004-05-19,2006,5.0
2004-05-20,2006,5.0
2004-05-21,2006,5.0
2004-05-24,2006,5.0
2004-05-25,2006,5.0
2004-05-26,2006,5.0
2004-05-27,2006,5.0
2004-05-28,2006,5.0
2004-05-31,2006,5.0
2004-06-01,2006,5.0
2004-06-02,2006,5.0
2004-06-03,2006,5.0
2004-06-04,2006,5.0
2004-06-07,2006,5.0
2004-06-08,2006,5.0
2004-06-09,2006,5.0
2004-06-11,2006,5.0
2004-06-14,2006,5.0
2004-06-15,2006,5.0
2004-06-16,2006,5.0
2004-06-17,2006,5.0
2004-06-18,2006,5.0
2004-06-21,2006,5.0
2004-06-22,2006,5.0
2004-06-23,2006,5.0
2004-06-24,2006,5.0
2004-06-25,2006,5.0
2004-06-28,2006,5.0
2004-06-29,2006,5.0
2004-06-30,2006,5.0
2004-07-01,2006,5.0
2004-07-02,2006,5.0
2004-07-05,2006,5.0
2004-07-06,2006,5.0
2004-07-07,2006,5.0
2004-07-08,2006,5.0
2004-07-09,2006,5.0
2004-07-12,2006,5.0
2004-07-13,2006,5.0
2004-07-14,2006,5.0
2004-07-15,2006,5.0
2004-07-16,2006,5.0
2004-07-19,2006,5.0
2004-07-20,2006,5.0
2004-07-21,2006,5.0
2004-07-22,2006,5.0
2004-07-23,2006,5.0
2004-07-26,2006,5.0
2004-07-27,2006,5.0
2004-07-28,2006,5.0
2004-07-29,2006,5.0
2004-07-30,2006,5.0
2004-08-02,2006,5.0
2004-08-03,2006,5.0
2004-08-04,2006,5.0
2004-08-05,2006,5.0
2004-08-06,2006,5.0
2004-08-09,2006,5.0
2004-08-10,2006,5.0
2004-08-11,2006,5.0
2004-08-12,2006,5.0
2004-08-13,2006,5.0
2004-08-16,2006,5.0
2004-08-17,2006,5.0
2004-08-18,2006,5.0
2004-08-19,2006,5.0
2004-08-20,2006,5.0
2004-08-23,2006,5.0
2004-08-24,2006,5.0
2004-08-25,2006,5.0
2004-08-26,2006,5.0
2004-08-27,2006,5.0
2004-08-30,2006,5.0
2004-08-31,2006,5.0
2004-09-01,2006,5.0
2004-09-02,2006,5.0
2004-09-03,2006,5.0
2004-09-06,2006,5.0
2004-09-08,2006,5.0
2004-09-09,2006,5.0
2004-09-10,2006,5.0
2004-09-13,2006,5.0
2004-09-14,2006,5.0
2004-09-15,2006,5.0
2004-09-16,2006,5.0
2004-09-17,2006,5.0
2004-09-20,2006,5.0
2004-09-21,2006,5.0
2004-09-22,2006,5.0
2004-09-23,2006,5.0
2004-09-24,2006,5.0
2004-09-27,2006,5.0
2004-09-28,2006,5.0
2004-09-29,2006,5.0
2004-09-30,2006,5.0
2004-10-01,2006,5.0
2004-10-04,2006,5.0
2004-10-05,2006,5.0
2004-10-06,2006,5.0
2004-10-07,2006,5.0
2004-10-08,2006,5.0
2004-10-11,2006,5.0
2004-10-13,2006,5.0
2004-10-14,2006,5.0
2004-10-15,2006,5.0
2004-10-18,2006,5.0
2004-10-19,2006,5.0
2004-10-20,2006,5.0
2004-10-21,2006,5.0
2004-10-22,2006,5.0
2004-10-25,2006,5.0
2004-10-26,2006,5.0
2004-10-27,2006,5.0
2004-10-28,2006,5.0
2004-10-29,2006,5.0
2004-11-03,2006,5.0
2004-11-04,2006,5.0
2004-11-05,2006,5.0
2004-11-08,2006,5.0
2004-11-09,2006,5.0
2004-11-10,2006,5.0
2004-11-11,2006,5.0
2004-11-12,2006,5.0
2004-11-16,2006,5.0
2004-11-17,2006,5.0
2004-11-18,2006,5.0
2004-11-19,2006,5.0
2004-11-22,2006,5.0
2004-11-23,2006,5.0
2004-11-24,2006,5.0
2004-11-25,2006,5.0
2004-11-26,2006,5.0
2004-11-29,2006,5.0
2004-11-30,2006,5.0
2004-12-01,2006,5.0
2004-12-02,2006,5.0
2004-12-03,2006,5.0
2004-12-06,2006,5.0
2004-12-07,2006,5.0
2004-12-08,2006,5.0
2004-12-09,2006,5.0
2004-12-10,2006,5.0
2004-12-13,2006,5.0
2004-12-14,2006,5.0
2004-12-15,2006,5.0
2004-12-16,2006,5.0
2004-12-17,2006,5.0
2004-12-20,2006,5.0
2004-12-21,2006,5.0
2004-12-22,2006,5.0
2004-12-23,2006,5.0
2004-12-27,2006,5.0
2004-12-28,2006,5.0
2004-12-29,2006,5.0
2004-12-30,2006,5.0
2005-01-03,2006,5.0
2005-01-04,2006,5.0
2005-01-05,2006,5.0
2005-01-06,2006,5.0
2005-01-07,2006,5.0
2005-01-10,2006,5.0
2005-01-11,2006,5.0
2005-01-12,2006,5.0
2005-01-13,2006,5.0
2005-01-14,2006,5.0
2005-01-17,2006,5.0
2005-01-18,2006,5.0
2005-01-19,2006,5.0
2005-01-20,2006,5.0
2005-01-21,2006,5.0
2005-01-24,2006,5.0
2005-01-25,2006,5.0
2005-01-26,2006,5.0
2005-01-27,2006,5.0
2005-01-28,2006,5.0
2005-01-31,2006,5.0
2005-02-01,2006,5.0
2005-02-02,2006,5.0
2005-02-03,2006,5.0
2005-02-04,2006,5.0
2005-02-09,2006,5.0
2005-02-10,2006,5.0
2005-02-11,2006,5.0
2005-02-14,2006,5.0
2005-02-15,2006,5.0
2005-02-16,2006,5.0
2005-02-17,2006,5.0
2005-02-18,2006,5.0
2005-02-21,2006,5.0
2005-02-22,2006,5.0
2005-02-23,2006,5.0
2005-02-24,2006,5.0
2005-02-25,2006,5.0
2005-02-28,2006,5.0
2005-03-01,2006,5.0
2005-03-02,2006,5.0
2005-03-03,2006,5.0
2005-03-04,2006,5.0
2005-03-07,2006,5.0
2005-03-08,2006,5.0
2005-03-09,2006,5.0
2005-03-10,2006,5.0
2005-03-11,2006,5.0
2005-03-14,2006,5.0
2005-03-15,2006,5.0
2005-03-16,2006,5.0
2005-03-17,2006,5.0
2005-03-18,2006,5.0
2005-03-21,2006,5.0
2005-03-22,2006,5.0
2005-03-23,2006,5.0
2005-03-24,2006,5.0
2005-03-28,2006,5.0
2005-03-29,2006,5.0
2005-03-30,2006,5.0
2005-03-31,2006,5.0
2005-04-01,2006,5.0
2005-04-04,2006,5.0
2005-04-05,2006,5.0
2005-04-06,2006,5.0
2005-04-07,2006,5.0
2005-04-08,2006,5.0
2005-04-11,2006,5.0
2005-04-12,2006,5.0
2005-04-13,2006,5.0
2005-04-14,2006,5.0
2005-04-15,2006,5.0
2005-04-18,2006,5.0
2005-04-19,2006,5.0
2005-04-20,2006,5.0
2005-04-22,2006,5.0
2005-04-25,2006,5.0
2005-04-26,2006,5.0
2005-04-27,2006,5.0
2005-04-28,2006,5.0
2005-04-29,2006,5.0
2005-05-02,2006,5.0
2005-05-03,2006,5.0
2005-05-04,2006,5.0
2005-05-05,2006,5.0
2005-05-06,2006,5.0
2005-05-09,2006,5.0
2005-05-10,2006,5.0
2005-05-11,2006,5.0
2005-05-12,2006,5.0
2005-05-13,2006,5.0
2005-05-16,2006,5.0
2005-05-17,2006,5.0
2005-05-18,2006,5.0
2005-05-19,2006,5.0
2005-05-20,2006,5.0
2005-05-23,2006,5.0
2005-05-24,2006,5.0
2005-05-25,2006,5.0
2005-05-27,2006,5.0
2005-05-30,2006,5.0
2005-05-31,2006,5.0
2005-06-01,2006,5.0
2005-06-02,2006,5.0
2005-06-03,2006,5.0
2005-06-06,2006,5.0
2005-06-07,2006,5.0
2005-06-08,2006,5.0
2005-06-09,2006,5.0
2005-06-10,2006,5.0
2005-06-13,2006,5.0
2005-06-14,2006,5.0
2005-06-15,2006,5.0
2005-06-16,2006,5.0
2005-06-17,2006,5.0
2005-06-20,2006,5.0
2005-06-21,2006,5.0
2005-06-22,2006,5.0
2005-06-23,2006,5.0
2005-06-24,2006,5.0
2005-06-27,2006,5.0
2005-06-28,2006,5.0
2005-06-29,2006,5.0
2005-06-30,2006,5.0
2005-07-01,2006,5.0
2005-07-04,2006,5.0
2005-07-05,2006,5.0
2005-07-06,2006,5.0
2005-07-07,2006,5.0
2005-07-08,2006,5.0
2005-07-11,2006,5.0
2005-07-12,2006,5.0
2005-07-13,2006,5.0
2005-07-14,2006,5.0
2005-07-15,2006,5.0
2005-07-18,2006,5.0
2005-07-19,2006,5.0
2005-07-20,2006,5.0
2005-07-21,2006,5.0
2005-07-22,2006,5.0
2005-07-25,2006,5.0
2005-07-26,2006,5.0
2005-07-27,2006,5.0
2005-07-28,2006,5.0
2005-07-29,2006,5.0
2005-08-01,2006,5.0
2005-08-02,2006,5.0
2005-08-03,2006,5.0
2005-08-04,2006,5.0
2005-08-05,2006,5.0
2005-08-08,2006,5.0
2005-08-09,2006,5.0
2005-08-10,2006,5.0
2005-08-11,2006,5.0
2005-08-12,2006,4.98
2005-08-15,2006,4.95
2005-08-16,2006,4.95
2005-08-17,2006,4.95
2005-08-18,2006,5.0
2005-08-19,2006,4.96
2005-08-22,2006,4.9
2005-08-23,2006,4.9
2005-08-24,2006,4.9
2005-08-25,2006,4.9
2005-08-26,2006,4.9
2005-08-29,2006,4.9
2005-08-30,2006,4.9
2005-08-31,2006,4.9
2005-09-01,2006,4.9
2005-09-02,2006,4.85
2005-09-05,2006,4.8
2005-09-06,2006,4.8
2005-09-08,2006,4.8
2005-09-09,2006,4.8
2005-09-12,2006,4.8
2005-09-13,2006,4.8
2005-09-14,2006,4.8
2005-09-15,2006,4.8
2005-09-16,2006,4.8
2005-09-19,2006,4.8
2005-09-20,2006,4.8
2005-09-21,2006,4.7
2005-09-22,2006,4.65
2005-09-23,2006,4.64
2005-09-26,2006,4.65
2005-09-27,2006,4.65
2005-09-28,2006,4.65
2005-09-29,2006,4.65
2005-09-30,2006,4.63
2005-10-03,2006,4.62
2005-10-04,2006,4.62
2005-10-05,2006,4.62
2005-10-06,2006,4.6
2005-10-07,2006,4.6
2005-10-10,2006,4.6
2005-10-11,2006,4.6
2005-10-13,2006,4.61
2005-10-14,2006,4.6
2005-10-17,2006,4.6
2005-10-18,2006,4.6
2005-10-19,2006,4.6
2005-10-20,2006,4.6
2005-10-21,2006,4.6
2005-10-24,2006,4.6
2005-10-25,2006,4.6
2005-10-26,2006,4.6
2005-10-27,2006,4.6
2005-10-28,2006,4.6
2005-10-31,2006,4.6
2005-11-01,2006,4.6
2005-11-03,2006,4.6
2005-11-04,2006,4.6
2005-11-07,2006,4.6
2005-11-08,2006,4.6
2005-11-09,2006,4.58
2005-11-10,2006,4.6
2005-11-11,2006,4.6
2005-11-14,2006,4.6
2005-11-16,2006,4.6
2005-11-17,2006,4.58
2005-11-18,2006,4.55
2005-11-21,2006,4.55
2005-11-22,2006,4.55
2005-11-23,2006,4.55
2005-11-24,2006,4.55
2005-11-25,2006,4.55
2005-11-28,2006,4.55
2005-11-29,2006,4.53
2005-11-30,2006,4.52
2005-12-01,2006,4.52
2005-12-02,2006,4.51
2005-12-05,2006,4.51
2005-12-06,2006,4.51
2005-12-07,2006,4.5
2005-12-08,2006,4.5
2005-12-09,2006,4.5
2005-12-12,2006,4.5
2005-12-13,2006,4.5
2005-12-14,2006,4.5
2005-12-15,2006,4.52
2005-12-16,2006,4.5
2005-12-19,2006,4.5
2005-12-20,2006,4.5
2005-12-21,2006,4.5
2005-12-22,2006,4.5
2005-12-23,2006,4.5
2005-12-26,2006,4.5
2005-12-27,2006,4.5
2005-12-28,2006,4.5
2005-12-29,2006,4.5
2005-12-30,2006,4.5
2006-01-02,2006,4.5
2006-01-03,2006,4.5
2006-01-04,2006,4.5
2006-01-05,2006,4.5
2006-01-06,2006,4.5
2006-01-09,2006,4.5
2006-01-10,2006,4.5
2006-01-11,2006,4.5
2006-01-12,2006,4.57
2006-01-13,2006,4.58
2006-01-16,2006,4.58
2006-01-17,2006,4.58
2006-01-18,2006,4.59
2006-01-19,2006,4.6
2006-01-20,2006,4.61
2006-01-23,2006,4.6
2006-01-24,2006,4.6
2006-01-25,2006,4.6
2006-01-26,2006,4.6
2006-01-27,2006,4.6
2006-01-30,2006,4.61
2006-01-31,2006,4.61
2006-02-01,2006,4.62
2006-02-02,2006,4.65
2006-02-03,2006,4.66
2006-02-06,2006,4.67
2006-02-07,2006,4.67
2006-02-08,2006,4.64
2006-02-09,2006,4.7
2006-02-10,2006,4.66
2006-02-13,2006,4.65
2006-02-14,2006,4.65
2006-02-15,2006,4.64
2006-02-16,2006,4.64
2006-02-17,2006,4.64
2006-02-20,2006,4.62
2006-02-21,2006,4.58
2006-02-22,2006,4.59
2006-02-23,2006,4.59
2006-02-24,2006,4.59
2006-03-01,2006,4.59
2006-03-02,2006,4.56
2006-03-03,2006,4.56
2006-03-06,2006,4.56
2006-03-07,2006,4.58
2006-03-08,2006,4.58
2006-03-09,2006,4.58
2006-03-10,2006,4.55
2006-03-13,2006,4.55
2006-03-14,2006,4.55
2006-03-15,2006,4.54
2006-03-16,2006,4.54
2006-03-17,2006,4.55
2006-03-20,2006,4.56
2006-03-21,2006,4.55
2006-03-22,2006,4.58
2006-03-23,2006,4.55
2006-03-24,2006,4.57
2006-03-27,2006,4.54
2006-03-28,2006,4.52
2006-03-29,2006,4.52
2006-03-30,2006,4.52
2006-03-31,2006,4.5
2006-04-03,2006,4.5
2006-04-04,2006,4.5
2006-04-05,2006,4.5
2006-04-06,2006,4.5
2006-04-07,2006,4.47
2006-04-10,2006,4.46
2006-04-11,2006,4.45
2006-04-12,2006,4.43
2006-04-13,2006,4.43
2006-04-17,2006,4.45
2006-04-18,2006,4.45
2006-04-19,2006,4.45
2006-04-20,2006,4.42
2006-04-24,2006,4.42
2006-04-25,2006,4.4
2006-04-26,2006,4.38
2006-04-27,2006,4.36
2006-04-28,2006,4.36
2006-05-02,2006,4.36
2006-05-03,2006,4.36
2006-05-04,2006,4.34
2006-05-05,2006,4.33
2006-05-08,2006,4.34
2006-05-09,2006,4.34
2006-05-10,2006,4.32
2006-05-11,2006,4.32
2006-05-12,2006,4.32
2006-05-15,2006,4.35
2006-05-16,2006,4.34
2006-05-17,2006,4.32
2006-05-18,2006,4.32
2006-05-19,2006,4.32
2006-05-22,2006,4.32
2006-05-23,2006,4.32
2006-05-24,2006,4.32
2006-05-25,2006,4.3
2006-05-26,2006,4.32
2006-05-29,2006,4.32
2006-05-30,2006,4.32
2006-05-31,2006,4.33
2006-06-01,2006,4.32
2006-06-02,2006,4.31
2006-06-05,2006,4.3
2006-06-06,2006,4.28
2006-06-07,2006,4.28
2006-06-08,2006,4.24
2006-06-09,2006,4.22
2006-06-12,2006,4.22
2006-06-13,2006,4.22
2006-06-14,2006,4.2
2006-06-16,2006,4.17
2006-06-19,2006,4.17
2006-06-20,2006,4.17
2006-06-21,2006,4.12
2006-06-22,2006,4.06
2006-06-23,2006,4.04
2006-06-26,2006,3.99
2006-06-27,2006,3.99
2006-06-28,2006,3.99
2006-06-29,2006,3.99
2006-06-30,2006,3.98
2006-07-03,2006,3.96
2006-07-04,2006,3.95
2006-07-05,2006,3.95
2006-07-06,2006,3.95
2006-07-07,2006,3.81
2006-07-10,2006,3.79
2006-07-11,2006,3.79
2006-07-12,2006,3.79
2006-07-13,2006,3.77
2006-07-14,2006,3.77
2006-07-17,2006,3.77
2006-07-18,2006,3.76
2006-07-19,2006,3.76
2006-07-20,2006,3.76
2006-07-21,2006,3.76
2006-07-24,2006,3.75
2006-07-25,2006,3.75
2006-07-26,2006,3.75
2006-07-27,2006,3.75
2006-07-28,2006,3.74
2006-07-31,2006,3.74
2006-08-01,2006,3.74
2006-08-02,2006,3.74
2006-08-03,2006,3.74
2006-08-04,2006,3.74
2006-08-07,2006,3.74
2006-08-08,2006,3.74
2006-08-09,2006,3.74
2006-08-10,2006,3.74
2006-08-11,2006,3.74
2006-08-14,2006,3.75
2006-08-15,2006,3.75
2006-08-16,2006,3.74
2006-08-17,2006,3.74
2006-08-18,2006,3.73
2006-08-21,2006,3.71
2006-08-22,2006,3.7
2006-08-23,2006,3.68
2006-08-24,2006,3.68
2006-08-25,2006,3.68
2006-08-28,2006,3.66
2006-08-29,2006,3.66
2006-08-30,2006,3.68
2006-08-31,2006,3.63
2006-09-01,2006,3.63
2006-09-04,2006,3.59
2006-09-05,2006,3.59
2006-09-06,2006,3.37
2006-09-08,2006,3.32
2006-09-11,2006,3.26
2006-09-12,2006,3.26
2006-09-13,2006,3.26
2006-09-14,2006,3.26
2006-09-15,2006,3.23
2006-09-18,2006,3.21
2006-09-19,2006,3.2
2006-09-20,2006,3.19
2006-09-21,2006,3.08
2006-09-22,2006,3.03
2006-09-25,2006,3.03
2006-09-26,2006,3.01
2006-09-27,2006,2.98
2006-09-28,2006,2.98
2006-09-29,2006,2.98
2006-10-02,2006,2.97
2006-10-03,2006,2.97
2006-10-04,2006,2.95
2006-10-05,2006,2.95
2006-10-06,2006,3.01
2006-10-09,2006,3.01
2006-10-10,2006,3.0
2006-10-11,2006,3.0
2006-10-13,2006,3.0
2006-10-16,2006,3.0
2006-10-17,2006,2.99
2006-10-18,2006,2.99
2006-10-19,2006,2.98
2006-10-20,2006,2.97
2006-10-23,2006,2.97
2006-10-24,2006,2.97
2006-10-25,2006,2.97
2006-10-26,2006,2.97
2006-10-27,2006,2.98
2006-10-30,2006,2.98
2006-10-31,2006,2.99
2006-11-01,2006,3.0
2006-11-03,2006,3.0
2006-11-06,2006,3.0
2006-11-07,2006,3.0
2006-11-08,2006,3.0
2006-11-09,2006,3.02
2006-11-10,2006,3.05
2006-11-13,2006,3.06
2006-11-14,2006,3.06
2006-11-16,2006,3.06
2006-11-17,2006,3.08
2006-11-20,2006,3.08
2006-11-21,2006,3.1
2006-11-22,2006,3.11
2006-11-23,2006,3.15
2006-11-24,2006,3.15
2006-11-27,2006,3.15
2006-11-28,2006,3.15
2006-11-29,2006,3.15
2006-11-30,2006,3.15
2006-12-01,2006,3.15
2006-12-04,2006,3.15
2006-12-05,2006,3.16
2006-12-06,2006,3.16
2006-12-07,2006,3.17
2006-12-08,2006,3.11
2006-12-11,2006,3.11
2006-12-12,2006,3.11
2006-12-13,2006,3.11
2006-12-14,2006,3.11
2006-12-15,2006,3.11
2006-12-18,2006,3.11
2006-12-19,2006,3.11
2006-12-20,2006,3.11
2006-12-21,2006,3.11
2006-12-22,2006,3.11
2006-12-26,2006,3.11
2006-12-27,2006,3.11
2006-12-28,2006,3.11
2006-12-29,2006,3.11
2007-01-02,2006,3.11
2007-01-03,2006,3.11
2007-01-04,2006,3.11
2007-01-05,2006,3.11
2007-01-08,2006,3.11
2007-01-09,2006,3.11
2007-01-10,2006,3.11
2007-01-11,2006,3.11
2003-01-10,2007,5.25
2003-01-13,2007,5.25
2003-01-14,2007,5.25
2003-01-15,2007,5.25
2003-01-16,2007,5.0
2003-01-17,2007,5.0
2003-01-20,2007,5.0
2003-01-21,2007,4.75
2003-01-22,2007,4.75
2003-01-23,2007,4.5
2003-01-24,2007,4.5
2003-01-27,2007,4.5
2003-01-28,2007,4.5
2003-01-29,2007,4.5
2003-01-30,2007,4.75
2003-01-31,2007,4.75
2003-02-03,2007,4.5
2003-02-04,2007,4.5
2003-02-05,2007,4.5
2003-02-06,2007,4.5
2003-02-07,2007,4.5
2003-02-10,2007,4.5
2003-02-11,2007,4.5
2003-02-12,2007,4.5
2003-02-13,2007,4.5
2003-02-14,2007,5.0
2003-02-17,2007,5.0
2003-02-18,2007,5.0
2003-02-19,2007,5.0
2003-02-20,2007,5.0
2003-02-21,2007,5.0
2003-02-24,2007,5.0
2003-02-25,2007,5.0
2003-02-26,2007,5.0
2003-02-27,2007,5.0
2003-02-28,2007,5.0
2003-03-05,2007,5.0
2003-03-06,2007,5.0
2003-03-07,2007,5.0
2003-03-10,2007,5.0
2003-03-11,2007,5.0
2003-03-12,2007,5.0
2003-03-13,2007,5.0
2003-03-14,2007,5.0
2003-03-17,2007,5.0
2003-03-18,2007,5.0
2003-03-19,2007,5.0
2003-03-20,2007,5.0
2003-03-21,2007,5.0
2003-03-24,2007,5.0
2003-03-25,2007,5.0
2003-03-26,2007,5.0
2003-03-27,2007,5.0
2003-03-28,2007,5.0
2003-03-31,2007,5.0
2003-04-01,2007,5.0
2003-04-02,2007,5.0
2003-04-03,2007,5.0
2003-04-04,2007,5.0
2003-04-07,2007,5.0
2003-04-08,2007,5.0
2003-04-09,2007,5.0
2003-04-10,2007,5.0
2003-04-11,2007,5.0
2003-04-14,2007,5.0
2003-04-15,2007,5.0
2003-04-16,2007,5.0
2003-04-17,2007,5.0
2003-04-22,2007,5.0
2003-04-23,2007,5.0
2003-04-24,2007,5.0
2003-04-25,2007,5.0
2003-04-28,2007,5.0
2003-04-29,2007,5.0
2003-04-30,2007,5.0
2003-05-02,2007,5.0
2003-05-05,2007,5.0
2003-05-06,2007,5.0
2003-05-07,2007,5.0
2003-05-08,2007,5.0
2003-05-09,2007,5.0
2003-05-12,2007,5.0
2003-05-13,2007,4.75
2003-05-14,2007,4.5
2003-05-15,2007,4.5
2003-05-16,2007,4.5
2003-05-19,2007,4.5
2003-05-20,2007,4.5
2003-05-21,2007,4.5
2003-05-22,2007,4.5
2003-05-23,2007,4.5
2003-05-26,2007,4.5
2003-05-27,2007,4.5
2003-05-28,2007,4.5
2003-05-29,2007,4.5
2003-05-30,2007,4.5
2003-06-02,2007,4.5
2003-06-03,2007,4.5
2003-06-04,2007,4.5
2003-06-05,2007,4.5
2003-06-06,2007,4.5
2003-06-09,2007,4.5
2003-06-10,2007,4.5
2003-06-11,2007,4.25
2003-06-12,2007,4.0
2003-06-13,2007,4.0
2003-06-16,2007,4.17
2003-06-17,2007,4.17
2003-06-18,2007,4.42
2003-06-20,2007,4.5
2003-06-23,2007,4.17
2003-06-24,2007,4.33
2003-06-25,2007,4.33
2003-06-26,2007,4.33
2003-06-27,2007,4.33
2003-06-30,2007,4.25
2003-07-01,2007,4.0
2003-07-02,2007,4.0
2003-07-03,2007,4.0
2003-07-04,2007,4.0
2003-07-07,2007,4.0
2003-07-08,2007,4.25
2003-07-09,2007,4.25
2003-07-10,2007,4.25
2003-07-11,2007,4.25
2003-07-14,2007,4.5
2003-07-15,2007,4.5
2003-07-16,2007,4.25
2003-07-17,2007,4.0
2003-07-18,2007,4.0
2003-07-21,2007,4.0
2003-07-22,2007,4.0
2003-07-23,2007,4.0
2003-07-24,2007,4.0
2003-07-25,2007,4.0
2003-07-28,2007,4.0
2003-07-29,2007,4.0
2003-07-30,2007,4.0
2003-07-31,2007,4.0
2003-08-01,2007,4.0
2003-08-04,2007,4.2
2003-08-05,2007,4.0
2003-08-06,2007,4.0
2003-08-07,2007,4.0
2003-08-08,2007,4.0
2003-08-11,2007,4.0
2003-08-12,2007,4.0
2003-08-13,2007,4.0
2003-08-14,2007,4.0
2003-08-15,2007,4.0
2003-08-18,2007,4.0
2003-08-19,2007,4.0
2003-08-20,2007,4.0
2003-08-21,2007,4.0
2003-08-22,2007,4.0
2003-08-25,2007,4.0
2003-08-26,2007,4.0
2003-08-27,2007,4.0
2003-08-28,2007,4.0
2003-08-29,2007,4.15
2003-09-01,2007,4.28
2003-09-02,2007,4.28
2003-09-03,2007,4.28
2003-09-04,2007,4.28
2003-09-05,2007,4.28
2003-09-08,2007,4.28
2003-09-09,2007,4.28
2003-09-10,2007,4.28
2003-09-11,2007,4.28
2003-09-12,2007,4.3
2003-09-15,2007,4.3
2003-09-16,2007,4.3
2003-09-17,2007,4.3
2003-09-18,2007,4.3
2003-09-19,2007,4.3
2003-09-22,2007,4.25
2003-09-23,2007,4.25
2003-09-24,2007,4.25
2003-09-25,2007,4.25
2003-09-26,2007,4.28
2003-09-29,2007,4.3
2003-09-30,2007,4.3
2003-10-01,2007,4.35
2003-10-02,2007,4.35
2003-10-03,2007,4.35
2003-10-06,2007,4.4
2003-10-07,2007,4.3
2003-10-08,2007,4.28
2003-10-09,2007,4.28
2003-10-10,2007,4.28
2003-10-13,2007,4.28
2003-10-14,2007,4.28
2003-10-15,2007,4.28
2003-10-16,2007,4.28
2003-10-17,2007,4.28
2003-10-20,2007,4.28
2003-10-21,2007,4.28
2003-10-22,2007,4.16
2003-10-23,2007,4.16
2003-10-24,2007,4.16
2003-10-28,2007,4.16
2003-10-29,2007,4.16
2003-10-30,2007,4.04
2003-10-31,2007,4.04
2003-11-03,2007,4.04
2003-11-04,2007,4.04
2003-11-05,2007,4.04
2003-11-06,2007,4.04
2003-11-07,2007,4.07
2003-11-10,2007,4.07
2003-11-11,2007,4.07
2003-11-12,2007,4.07
2003-11-13,2007,4.16
2003-11-14,2007,4.16
2003-11-17,2007,4.0
2003-11-18,2007,4.0
2003-11-19,2007,4.0
2003-11-20,2007,4.0
2003-11-21,2007,4.0
2003-11-24,2007,4.0
2003-11-25,2007,4.0
2003-11-26,2007,4.0
2003-11-27,2007,4.0
2003-11-28,2007,4.0
2003-12-01,2007,4.0
2003-12-02,2007,4.0
2003-12-03,2007,4.0
2003-12-04,2007,4.0
2003-12-05,2007,4.0
2003-12-08,2007,4.0
2003-12-09,2007,4.0
2003-12-10,2007,4.0
2003-12-11,2007,4.0
2003-12-12,2007,4.0
2003-12-15,2007,4.0
2003-12-16,2007,4.0
2003-12-17,2007,4.0
2003-12-18,2007,4.0
2003-12-19,2007,4.0
2003-12-22,2007,4.0
2003-12-23,2007,4.0
2003-12-26,2007,4.0
2003-12-29,2007,4.0
2003-12-30,2007,4.0
2004-01-02,2007,4.0
2004-01-05,2007,4.0
2004-01-06,2007,4.0
2004-01-07,2007,4.0
2004-01-08,2007,4.0
2004-01-09,2007,4.05
2004-01-12,2007,4.0
2004-01-14,2007,4.05
2004-01-15,2007,4.05
2004-01-16,2007,4.15
2004-01-19,2007,4.15
2004-01-20,2007,4.15
2004-01-21,2007,4.15
2004-01-22,2007,4.1
2004-01-23,2007,4.1
2004-01-26,2007,4.1
2004-01-27,2007,4.1
2004-01-28,2007,4.1
2004-01-29,2007,4.1
2004-01-30,2007,4.1
2004-02-02,2007,4.1
2004-02-03,2007,4.1
2004-02-04,2007,4.05
2004-02-05,2007,4.05
2004-02-06,2007,4.05
2004-02-09,2007,4.1
2004-02-10,2007,4.1
2004-02-11,2007,4.1
2004-02-12,2007,4.1
2004-02-13,2007,4.1
2004-02-16,2007,4.1
2004-02-17,2007,4.1
2004-02-18,2007,4.1
2004-02-19,2007,4.1
2004-02-20,2007,4.25
2004-02-25,2007,4.25
2004-02-26,2007,4.25
2004-02-27,2007,4.25
2004-03-01,2007,4.25
2004-03-02,2007,4.25
2004-03-03,2007,4.25
2004-03-04,2007,4.2
2004-03-05,2007,4.2
2004-03-08,2007,4.2
2004-03-09,2007,4.2
2004-03-10,2007,4.3
2004-03-11,2007,4.3
2004-03-12,2007,4.3
2004-03-15,2007,4.2
2004-03-16,2007,4.2
2004-03-17,2007,4.3
2004-03-18,2007,4.4
2004-03-19,2007,4.4
2004-03-22,2007,4.3
2004-03-23,2007,4.3
2004-03-24,2007,4.3
2004-03-25,2007,4.3
2004-03-26,2007,4.3
2004-03-29,2007,4.3
2004-03-30,2007,4.3
2004-03-31,2007,4.3
2004-04-01,2007,4.4
2004-04-02,2007,4.4
2004-04-05,2007,4.4
2004-04-06,2007,4.4
2004-04-07,2007,4.5
2004-04-08,2007,4.5
2004-04-12,2007,4.5
2004-04-13,2007,4.5
2004-04-14,2007,4.5
2004-04-15,2007,4.5
2004-04-16,2007,4.4
2004-04-19,2007,4.5
2004-04-20,2007,4.5
2004-04-22,2007,4.5
2004-04-23,2007,4.5
2004-04-26,2007,4.5
2004-04-27,2007,4.5
2004-04-28,2007,4.5
2004-04-29,2007,4.5
2004-04-30,2007,4.5
2004-05-03,2007,4.5
2004-05-04,2007,4.5
2004-05-05,2007,4.5
2004-05-06,2007,4.5
2004-05-07,2007,4.5
2004-05-10,2007,4.5
2004-05-11,2007,4.5
2004-05-12,2007,4.5
2004-05-13,2007,4.5
2004-05-14,2007,4.5
2004-05-17,2007,4.5
2004-05-18,2007,4.5
2004-05-19,2007,4.5
2004-05-20,2007,4.5
2004-05-21,2007,4.5
2004-05-24,2007,4.5
2004-05-25,2007,4.5
2004-05-26,2007,4.5
2004-05-27,2007,4.5
2004-05-28,2007,4.5
2004-05-31,2007,4.5
2004-06-01,2007,4.5
2004-06-02,2007,4.5
2004-06-03,2007,4.5
2004-06-04,2007,4.5
2004-06-07,2007,4.5
2004-06-08,2007,4.5
2004-06-09,2007,4.5
2004-06-11,2007,4.5
2004-06-14,2007,4.5
2004-06-15,2007,4.5
2004-06-16,2007,4.5
2004-06-17,2007,4.5
2004-06-18,2007,4.5
2004-06-21,2007,4.5
2004-06-22,2007,4.5
2004-06-23,2007,4.5
2004-06-24,2007,4.5
2004-06-25,2007,4.5
2004-06-28,2007,4.5
2004-06-29,2007,4.5
2004-06-30,2007,4.5
2004-07-01,2007,4.5
2004-07-02,2007,4.5
2004-07-05,2007,4.5
2004-07-06,2007,4.5
2004-07-07,2007,4.5
2004-07-08,2007,4.5
2004-07-09,2007,4.5
2004-07-12,2007,4.5
2004-07-13,2007,4.5
2004-07-14,2007,4.5
2004-07-15,2007,4.5
2004-07-16,2007,4.5
2004-07-19,2007,4.5
2004-07-20,2007,4.5
2004-07-21,2007,4.5
2004-07-22,2007,4.5
2004-07-23,2007,4.5
2004-07-26,2007,4.5
2004-07-27,2007,4.5
2004-07-28,2007,4.5
2004-07-29,2007,4.5
2004-07-30,2007,4.5
2004-08-02,2007,4.5
2004-08-03,2007,4.5
2004-08-04,2007,4.5
2004-08-05,2007,4.5
2004-08-06,2007,4.5
2004-08-09,2007,4.5
2004-08-10,2007,4.5
2004-08-11,2007,4.5
2004-08-12,2007,4.5
2004-08-13,2007,4.5
2004-08-16,2007,4.5
2004-08-17,2007,4.5
2004-08-18,2007,4.5
2004-08-19,2007,4.5
2004-08-20,2007,4.5
2004-08-23,2007,4.5
2004-08-24,2007,4.5
2004-08-25,2007,4.5
2004-08-26,2007,4.5
2004-08-27,2007,4.5
2004-08-30,2007,4.5
2004-08-31,2007,4.5
2004-09-01,2007,4.5
2004-09-02,2007,4.5
2004-09-03,2007,4.5
2004-09-06,2007,4.5
2004-09-08,2007,4.5
2004-09-09,2007,4.5
2004-09-10,2007,4.5
2004-09-13,2007,4.5
2004-09-14,2007,4.5
2004-09-15,2007,4.5
2004-09-16,2007,4.5
2004-09-17,2007,4.5
2004-09-20,2007,4.5
2004-09-21,2007,4.5
2004-09-22,2007,4.5
2004-09-23,2007,4.5
2004-09-24,2007,4.55
2004-09-27,2007,4.6
2004-09-28,2007,4.6
2004-09-29,2007,4.6
2004-09-30,2007,4.6
2004-10-01,2007,4.6
2004-10-04,2007,4.6
2004-10-05,2007,4.6
2004-10-06,2007,4.6
2004-10-07,2007,4.6
2004-10-08,2007,4.6
2004-10-11,2007,4.6
2004-10-13,2007,4.6
2004-10-14,2007,4.6
2004-10-15,2007,4.6
2004-10-18,2007,4.6
2004-10-19,2007,4.6
2004-10-20,2007,4.6
2004-10-21,2007,4.6
2004-10-22,2007,4.6
2004-10-25,2007,4.6
2004-10-26,2007,4.6
2004-10-27,2007,4.6
2004-10-28,2007,4.5
2004-10-29,2007,4.5
2004-11-03,2007,4.5
2004-11-04,2007,4.5
2004-11-05,2007,4.5
2004-11-08,2007,4.5
2004-11-09,2007,4.5
2004-11-10,2007,4.5
2004-11-11,2007,4.5
2004-11-12,2007,4.5
2004-11-16,2007,4.5
2004-11-17,2007,4.5
2004-11-18,2007,4.5
2004-11-19,2007,4.5
2004-11-22,2007,4.5
2004-11-23,2007,4.5
2004-11-24,2007,4.5
2004-11-25,2007,4.5
2004-11-26,2007,4.5
2004-11-29,2007,4.5
2004-11-30,2007,4.5
2004-12-01,2007,4.5
2004-12-02,2007,4.5
2004-12-03,2007,4.5
2004-12-06,2007,4.5
2004-12-07,2007,4.5
2004-12-08,2007,4.5
2004-12-09,2007,4.5
2004-12-10,2007,4.5
2004-12-13,2007,4.5
2004-12-14,2007,4.5
2004-12-15,2007,4.5
2004-12-16,2007,4.5
2004-12-17,2007,4.5
2004-12-20,2007,4.55
2004-12-21,2007,4.5
2004-12-22,2007,4.5
2004-12-23,2007,4.5
2004-12-27,2007,4.5
2004-12-28,2007,4.5
2004-12-29,2007,4.5
2004-12-30,2007,4.5
2005-01-03,2007,4.5
2005-01-04,2007,4.5
2005-01-05,2007,4.5
2005-01-06,2007,4.55
2005-01-07,2007,4.55
2005-01-10,2007,4.55
2005-01-11,2007,4.5
2005-01-12,2007,4.5
2005-01-13,2007,4.5
2005-01-14,2007,4.5
2005-01-17,2007,4.5
2005-01-18,2007,4.5
2005-01-19,2007,4.5
2005-01-20,2007,4.5
2005-01-21,2007,4.5
2005-01-24,2007,4.5
2005-01-25,2007,4.5
2005-01-26,2007,4.5
2005-01-27,2007,4.5
2005-01-28,2007,4.5
2005-01-31,2007,4.5
2005-02-01,2007,4.5
2005-02-02,2007,4.5
2005-02-03,2007,4.5
2005-02-04,2007,4.5
2005-02-09,2007,4.5
2005-02-10,2007,4.5
2005-02-11,2007,4.5
2005-02-14,2007,4.5
2005-02-15,2007,4.5
2005-02-16,2007,4.5
2005-02-17,2007,4.5
2005-02-18,2007,4.5
2005-02-21,2007,4.5
2005-02-22,2007,4.5
2005-02-23,2007,4.5
2005-02-24,2007,4.5
2005-02-25,2007,4.5
2005-02-28,2007,4.5
2005-03-01,2007,4.5
2005-03-02,2007,4.5
2005-03-03,2007,4.5
2005-03-04,2007,4.5
2005-03-07,2007,4.5
2005-03-08,2007,4.5
2005-03-09,2007,4.5
2005-03-10,2007,4.5
2005-03-11,2007,4.5
2005-03-14,2007,4.5
2005-03-15,2007,4.5
2005-03-16,2007,4.5
2005-03-17,2007,4.5
2005-03-18,2007,4.5
2005-03-21,2007,4.5
2005-03-22,2007,4.5
2005-03-23,2007,4.5
2005-03-24,2007,4.5
2005-03-28,2007,4.5
2005-03-29,2007,4.5
2005-03-30,2007,4.5
2005-03-31,2007,4.5
2005-04-01,2007,4.5
2005-04-04,2007,4.5
2005-04-05,2007,4.5
2005-04-06,2007,4.5
2005-04-07,2007,4.5
2005-04-08,2007,4.5
2005-04-11,2007,4.5
2005-04-12,2007,4.5
2005-04-13,2007,4.5
2005-04-14,2007,4.5
2005-04-15,2007,4.5
2005-04-18,2007,4.5
2005-04-19,2007,4.5
2005-04-20,2007,4.5
2005-04-22,2007,4.5
2005-04-25,2007,4.5
2005-04-26,2007,4.5
2005-04-27,2007,4.5
2005-04-28,2007,4.5
2005-04-29,2007,4.5
2005-05-02,2007,4.5
2005-05-03,2007,4.5
2005-05-04,2007,4.5
2005-05-05,2007,4.5
2005-05-06,2007,4.5
2005-05-09,2007,4.5
2005-05-10,2007,4.5
2005-05-11,2007,4.5
2005-05-12,2007,4.5
2005-05-13,2007,4.5
2005-05-16,2007,4.5
2005-05-17,2007,4.5
2005-05-18,2007,4.5
2005-05-19,2007,4.5
2005-05-20,2007,4.5
2005-05-23,2007,4.5
2005-05-24,2007,4.5
2005-05-25,2007,4.5
2005-05-27,2007,4.5
2005-05-30,2007,4.5
2005-05-31,2007,4.5
2005-06-01,2007,4.5
2005-06-02,2007,4.5
2005-06-03,2007,4.5
2005-06-06,2007,4.5
2005-06-07,2007,4.5
2005-06-08,2007,4.5
2005-06-09,2007,4.5
2005-06-10,2007,4.5
2005-06-13,2007,4.5
2005-06-14,2007,4.5
2005-06-15,2007,4.5
2005-06-16,2007,4.5
2005-06-17,2007,4.5
2005-06-20,2007,4.5
2005-06-21,2007,4.5
2005-06-22,2007,4.5
2005-06-23,2007,4.5
2005-06-24,2007,4.5
2005-06-27,2007,4.5
2005-06-28,2007,4.5
2005-06-29,2007,4.5
2005-06-30,2007,4.5
2005-07-01,2007,4.5
2005-07-04,2007,4.5
2005-07-05,2007,4.5
2005-07-06,2007,4.5
2005-07-07,2007,4.5
2005-07-08,2007,4.5
2005-07-11,2007,4.5
2005-07-12,2007,4.5
2005-07-13,2007,4.5
2005-07-14,2007,4.5
2005-07-15,2007,4.5
2005-07-18,2007,4.5
2005-07-19,2007,4.5
2005-07-20,2007,4.5
2005-07-21,2007,4.5
2005-07-22,2007,4.5
2005-07-25,2007,4.5
2005-07-26,2007,4.5
2005-07-27,2007,4.5
2005-07-28,2007,4.5
2005-07-29,2007,4.5
2005-08-01,2007,4.5
2005-08-02,2007,4.6
2005-08-03,2007,4.6
2005-08-04,2007,4.55
2005-08-05,2007,4.55
2005-08-08,2007,4.5
2005-08-09,2007,4.5
2005-08-10,2007,4.5
2005-08-11,2007,4.5
2005-08-12,2007,4.5
2005-08-15,2007,4.5
2005-08-16,2007,4.5
2005-08-17,2007,4.5
2005-08-18,2007,4.5
2005-08-19,2007,4.5
2005-08-22,2007,4.5
2005-08-23,2007,4.5
2005-08-24,2007,4.5
2005-08-25,2007,4.5
2005-08-26,2007,4.5
2005-08-29,2007,4.5
2005-08-30,2007,4.5
2005-08-31,2007,4.5
2005-09-01,2007,4.5
2005-09-02,2007,4.5
2005-09-05,2007,4.5
2005-09-06,2007,4.5
2005-09-08,2007,4.5
2005-09-09,2007,4.5
2005-09-12,2007,4.5
2005-09-13,2007,4.5
2005-09-14,2007,4.5
2005-09-15,2007,4.5
2005-09-16,2007,4.5
2005-09-19,2007,4.5
2005-09-20,2007,4.5
2005-09-21,2007,4.5
2005-09-22,2007,4.5
2005-09-23,2007,4.5
2005-09-26,2007,4.5
2005-09-27,2007,4.5
2005-09-28,2007,4.5
2005-09-29,2007,4.5
2005-09-30,2007,4.5
2005-10-03,2007,4.5
2005-10-04,2007,4.5
2005-10-05,2007,4.5
2005-10-06,2007,4.5
2005-10-07,2007,4.5
2005-10-10,2007,4.5
2005-10-11,2007,4.5
2005-10-13,2007,4.5
2005-10-14,2007,4.5
2005-10-17,2007,4.5
2005-10-18,2007,4.5
2005-10-19,2007,4.5
2005-10-20,2007,4.5
2005-10-21,2007,4.5
2005-10-24,2007,4.5
2005-10-25,2007,4.5
2005-10-26,2007,4.5
2005-10-27,2007,4.5
2005-10-28,2007,4.5
2005-10-31,2007,4.5
2005-11-01,2007,4.5
2005-11-03,2007,4.5
2005-11-04,2007,4.5
2005-11-07,2007,4.5
2005-11-08,2007,4.5
2005-11-09,2007,4.5
2005-11-10,2007,4.5
2005-11-11,2007,4.5
2005-11-14,2007,4.5
2005-11-16,2007,4.5
2005-11-17,2007,4.5
2005-11-18,2007,4.5
2005-11-21,2007,4.5
2005-11-22,2007,4.5
2005-11-23,2007,4.5
2005-11-24,2007,4.5
2005-11-25,2007,4.5
2005-11-28,2007,4.5
2005-11-29,2007,4.5
2005-11-30,2007,4.5
2005-12-01,2007,4.5
2005-12-02,2007,4.5
2005-12-05,2007,4.5
2005-12-06,2007,4.5
2005-12-07,2007,4.5
2005-12-08,2007,4.5
2005-12-09,2007,4.5
2005-12-12,2007,4.5
2005-12-13,2007,4.5
2005-12-14,2007,4.5
2005-12-15,2007,4.5
2005-12-16,2007,4.5
2005-12-19,2007,4.5
2005-12-20,2007,4.5
2005-12-21,2007,4.5
2005-12-22,2007,4.5
2005-12-23,2007,4.5
2005-12-26,2007,4.5
2005-12-27,2007,4.5
2005-12-28,2007,4.5
2005-12-29,2007,4.5
2005-12-30,2007,4.5
2006-01-02,2007,4.5
2006-01-03,2007,4.5
2006-01-04,2007,4.5
2006-01-05,2007,4.5
2006-01-06,2007,4.5
2006-01-09,2007,4.5
2006-01-10,2007,4.5
2006-01-11,2007,4.5
2006-01-12,2007,4.5
2006-01-13,2007,4.5
2006-01-16,2007,4.5
2006-01-17,2007,4.5
2006-01-18,2007,4.5
2006-01-19,2007,4.5
2006-01-20,2007,4.5
2006-01-23,2007,4.5
2006-01-24,2007,4.5
2006-01-25,2007,4.5
2006-01-26,2007,4.5
2006-01-27,2007,4.5
2006-01-30,2007,4.5
2006-01-31,2007,4.5
2006-02-01,2007,4.5
2006-02-02,2007,4.5
2006-02-03,2007,4.5
2006-02-06,2007,4.5
2006-02-07,2007,4.5
2006-02-08,2007,4.5
2006-02-09,2007,4.5
2006-02-10,2007,4.5
2006-02-13,2007,4.5
2006-02-14,2007,4.5
2006-02-15,2007,4.5
2006-02-16,2007,4.5
2006-02-17,2007,4.5
2006-02-20,2007,4.5
2006-02-21,2007,4.5
2006-02-22,2007,4.5
2006-02-23,2007,4.5
2006-02-24,2007,4.5
2006-03-01,2007,4.5
2006-03-02,2007,4.5
2006-03-03,2007,4.5
2006-03-06,2007,4.5
2006-03-07,2007,4.5
2006-03-08,2007,4.5
2006-03-09,2007,4.5
2006-03-10,2007,4.5
2006-03-13,2007,4.5
2006-03-14,2007,4.5
2006-03-15,2007,4.5
2006-03-16,2007,4.5
2006-03-17,2007,4.5
2006-03-20,2007,4.5
2006-03-21,2007,4.5
2006-03-22,2007,4.5
2006-03-23,2007,4.5
2006-03-24,2007,4.5
2006-03-27,2007,4.5
2006-03-28,2007,4.5
2006-03-29,2007,4.5
2006-03-30,2007,4.5
2006-03-31,2007,4.5
2006-04-03,2007,4.5
2006-04-04,2007,4.5
2006-04-05,2007,4.5
2006-04-06,2007,4.5
2006-04-07,2007,4.5
2006-04-10,2007,4.5
2006-04-11,2007,4.5
2006-04-12,2007,4.5
2006-04-13,2007,4.5
2006-04-17,2007,4.5
2006-04-18,2007,4.5
2006-04-19,2007,4.5
2006-04-20,2007,4.5
2006-04-24,2007,4.5
2006-04-25,2007,4.5
2006-04-26,2007,4.5
2006-04-27,2007,4.5
2006-04-28,2007,4.5
2006-05-02,2007,4.5
2006-05-03,2007,4.5
2006-05-04,2007,4.5
2006-05-05,2007,4.5
2006-05-08,2007,4.5
2006-05-09,2007,4.5
2006-05-10,2007,4.5
2006-05-11,2007,4.5
2006-05-12,2007,4.5
2006-05-15,2007,4.5
2006-05-16,2007,4.5
2006-05-17,2007,4.5
2006-05-18,2007,4.5
2006-05-19,2007,4.5
2006-05-22,2007,4.5
2006-05-23,2007,4.5
2006-05-24,2007,4.5
2006-05-25,2007,4.5
2006-05-26,2007,4.5
2006-05-29,2007,4.5
2006-05-30,2007,4.5
2006-05-31,2007,4.5
2006-06-01,2007,4.5
2006-06-02,2007,4.5
2006-06-05,2007,4.5
2006-06-06,2007,4.5
2006-06-07,2007,4.5
2006-06-08,2007,4.5
2006-06-09,2007,4.5
2006-06-12,2007,4.5
2006-06-13,2007,4.5
2006-06-14,2007,4.5
2006-06-16,2007,4.5
2006-06-19,2007,4.5
2006-06-20,2007,4.5
2006-06-21,2007,4.5
2006-06-22,2007,4.5
2006-06-23,2007,4.5
2006-06-26,2007,4.5
2006-06-27,2007,4.5
2006-06-28,2007,4.5
2006-06-29,2007,4.5
2006-06-30,2007,4.5
2006-07-03,2007,4.5
2006-07-04,2007,4.5
2006-07-05,2007,4.5
2006-07-06,2007,4.5
2006-07-07,2007,4.5
2006-07-10,2007,4.5
2006-07-11,2007,4.5
2006-07-12,2007,4.5
2006-07-13,2007,4.5
2006-07-14,2007,4.5
2006-07-17,2007,4.5
2006-07-18,2007,4.5
2006-07-19,2007,4.5
2006-07-20,2007,4.5
2006-07-21,2007,4.5
2006-07-24,2007,4.5
2006-07-25,2007,4.5
2006-07-26,2007,4.5
2006-07-27,2007,4.5
2006-07-28,2007,4.5
2006-07-31,2007,4.5
2006-08-01,2007,4.5
2006-08-02,2007,4.5
2006-08-03,2007,4.5
2006-08-04,2007,4.5
2006-08-07,2007,4.5
2006-08-08,2007,4.5
2006-08-09,2007,4.5
2006-08-10,2007,4.5
2006-08-11,2007,4.5
2006-08-14,2007,4.5
2006-08-15,2007,4.5
2006-08-16,2007,4.5
2006-08-17,2007,4.5
2006-08-18,2007,4.5
2006-08-21,2007,4.5
2006-08-22,2007,4.5
2006-08-23,2007,4.5
2006-08-24,2007,4.5
2006-08-25,2007,4.5
2006-08-28,2007,4.5
2006-08-29,2007,4.5
2006-08-30,2007,4.5
2006-08-31,2007,4.5
2006-09-01,2007,4.5
2006-09-04,2007,4.5
2006-09-05,2007,4.5
2006-09-06,2007,4.46
2006-09-08,2007,4.4
2006-09-11,2007,4.4
2006-09-12,2007,4.4
2006-09-13,2007,4.4
2006-09-14,2007,4.4
2006-09-15,2007,4.34
2006-09-18,2007,4.33
2006-09-19,2007,4.33
2006-09-20,2007,4.33
2006-09-21,2007,4.3
2006-09-22,2007,4.3
2006-09-25,2007,4.3
2006-09-26,2007,4.3
2006-09-27,2007,4.3
2006-09-28,2007,4.3
2006-09-29,2007,4.3
2006-10-02,2007,4.3
2006-10-03,2007,4.3
2006-10-04,2007,4.3
2006-10-05,2007,4.29
2006-10-06,2007,4.2
2006-10-09,2007,4.22
2006-10-10,2007,4.2
2006-10-11,2007,4.2
2006-10-13,2007,4.2
2006-10-16,2007,4.2
2006-10-17,2007,4.2
2006-10-18,2007,4.2
2006-10-19,2007,4.2
2006-10-20,2007,4.17
2006-10-23,2007,4.14
2006-10-24,2007,4.14
2006-10-25,2007,4.17
2006-10-26,2007,4.17
2006-10-27,2007,4.16
2006-10-30,2007,4.17
2006-10-31,2007,4.12
2006-11-01,2007,4.14
2006-11-03,2007,4.14
2006-11-06,2007,4.14
2006-11-07,2007,4.12
2006-11-08,2007,4.12
2006-11-09,2007,4.12
2006-11-10,2007,4.12
2006-11-13,2007,4.1
2006-11-14,2007,4.1
2006-11-16,2007,4.1
2006-11-17,2007,4.1
2006-11-20,2007,4.1
2006-11-21,2007,4.1
2006-11-22,2007,4.1
2006-11-23,2007,4.1
2006-11-24,2007,4.1
2006-11-27,2007,4.1
2006-11-28,2007,4.1
2006-11-29,2007,4.1
2006-11-30,2007,4.1
2006-12-01,2007,4.1
2006-12-04,2007,4.1
2006-12-05,2007,4.1
2006-12-06,2007,4.1
2006-12-07,2007,4.1
2006-12-08,2007,4.09
2006-12-11,2007,4.09
2006-12-12,2007,4.09
2006-12-13,2007,4.08
2006-12-14,2007,4.08
2006-12-15,2007,4.06
2006-12-18,2007,4.05
2006-12-19,2007,4.0
2006-12-20,2007,4.0
2006-12-21,2007,4.0
2006-12-22,2007,4.0
2006-12-26,2007,4.0
2006-12-27,2007,4.0
2006-12-28,2007,4.0
2006-12-29,2007,4.0
2007-01-02,2007,4.0
2007-01-03,2007,4.0
2007-01-04,2007,4.0
2007-01-05,2007,4.0
2007-01-08,2007,4.0
2007-01-09,2007,4.0
2007-01-10,2007,4.0
2007-01-11,2007,4.0
2007-01-12,2007,4.07
2007-01-15,2007,4.07
2007-01-16,2007,4.08
2007-01-17,2007,4.07
2007-01-18,2007,4.07
2007-01-19,2007,4.07
2007-01-22,2007,4.07
2007-01-23,2007,4.08
2007-01-24,2007,4.08
2007-01-25,2007,4.09
2007-01-26,2007,4.09
2007-01-29,2007,4.09
2007-01-30,2007,4.09
2007-01-31,2007,4.08
2007-02-01,2007,4.08
2007-02-02,2007,4.07
2007-02-05,2007,4.07
2007-02-06,2007,4.05
2007-02-07,2007,4.05
2007-02-08,2007,4.04
2007-02-09,2007,3.97
2007-02-12,2007,3.96
2007-02-13,2007,3.95
2007-02-14,2007,3.94
2007-02-15,2007,3.94
2007-02-16,2007,3.94
2007-02-21,2007,3.94
2007-02-22,2007,3.92
2007-02-23,2007,3.91
2007-02-26,2007,3.9
2007-02-27,2007,3.9
2007-02-28,2007,3.89
2007-03-01,2007,3.88
2007-03-02,2007,3.88
2007-03-05,2007,3.87
2007-03-06,2007,3.87
2007-03-07,2007,3.87
2007-03-08,2007,3.86
2007-03-09,2007,3.87
2007-03-12,2007,3.87
2007-03-13,2007,3.87
2007-03-14,2007,3.87
2007-03-15,2007,3.87
2007-03-16,2007,3.87
2007-03-19,2007,3.86
2007-03-20,2007,3.86
2007-03-21,2007,3.87
2007-03-22,2007,3.86
2007-03-23,2007,3.87
2007-03-26,2007,3.87
2007-03-27,2007,3.86
2007-03-28,2007,3.86
2007-03-29,2007,3.86
2007-03-30,2007,3.86
2007-04-02,2007,3.87
2007-04-03,2007,3.87
2007-04-04,2007,3.85
2007-04-05,2007,3.86
2007-04-09,2007,3.85
2007-04-10,2007,3.85
2007-04-11,2007,3.81
2007-04-12,2007,3.8
2007-04-13,2007,3.81
2007-04-16,2007,3.8
2007-04-17,2007,3.8
2007-04-18,2007,3.78
2007-04-19,2007,3.78
2007-04-20,2007,3.78
2007-04-23,2007,3.77
2007-04-24,2007,3.77
2007-04-25,2007,3.75
2007-04-26,2007,3.73
2007-04-27,2007,3.69
2007-04-30,2007,3.68
2007-05-02,2007,3.67
2007-05-03,2007,3.64
2007-05-04,2007,3.64
2007-05-07,2007,3.63
2007-05-08,2007,3.63
2007-05-09,2007,3.63
2007-05-10,2007,3.63
2007-05-11,2007,3.62
2007-05-14,2007,3.61
2007-05-15,2007,3.61
2007-05-16,2007,3.61
2007-05-17,2007,3.61
2007-05-18,2007,3.6
2007-05-21,2007,3.59
2007-05-22,2007,3.58
2007-05-23,2007,3.52
2007-05-24,2007,3.52
2007-05-25,2007,3.5
2007-05-28,2007,3.5
2007-05-29,2007,3.5
2007-05-30,2007,3.5
2007-05-31,2007,3.5
2007-06-01,2007,3.5
2007-06-04,2007,3.51
2007-06-05,2007,3.5
2007-06-06,2007,3.59
2007-06-08,2007,3.59
2007-06-11,2007,3.59
2007-06-12,2007,3.59
2007-06-13,2007,3.59
2007-06-14,2007,3.59
2007-06-15,2007,3.59
2007-06-18,2007,3.59
2007-06-19,2007,3.57
2007-06-20,2007,3.59
2007-06-21,2007,3.59
2007-06-22,2007,3.6
2007-06-25,2007,3.62
2007-06-26,2007,3.62
2007-06-27,2007,3.62
2007-06-28,2007,3.64
2007-06-29,2007,3.64
2007-07-02,2007,3.65
2007-07-03,2007,3.65
2007-07-04,2007,3.65
2007-07-05,2007,3.65
2007-07-06,2007,3.68
2007-07-09,2007,3.68
2007-07-10,2007,3.68
2007-07-11,2007,3.7
2007-07-12,2007,3.7
2007-07-13,2007,3.7
2007-07-16,2007,3.7
2007-07-17,2007,3.7
2007-07-18,2007,3.7
2007-07-19,2007,3.7
2007-07-20,2007,3.7
2007-07-23,2007,3.72
2007-07-24,2007,3.72
2007-07-25,2007,3.72
2007-07-26,2007,3.72
2007-07-27,2007,3.72
2007-07-30,2007,3.73
2007-07-31,2007,3.75
2007-08-01,2007,3.75
2007-08-02,2007,3.75
2007-08-03,2007,3.75
2007-08-06,2007,3.75
2007-08-07,2007,3.75
2007-08-08,2007,3.75
2007-08-09,2007,3.75
2007-08-10,2007,3.75
2007-08-13,2007,3.75
2007-08-14,2007,3.75
2007-08-15,2007,3.76
2007-08-16,2007,3.76
2007-08-17,2007,3.77
2007-08-20,2007,3.79
2007-08-21,2007,3.78
2007-08-22,2007,3.81
2007-08-23,2007,3.85
2007-08-24,2007,3.86
2007-08-27,2007,3.87
2007-08-28,2007,3.88
2007-08-29,2007,3.91
2007-08-30,2007,3.92
2007-08-31,2007,3.92
2007-09-03,2007,3.93
2007-09-04,2007,3.94
2007-09-05,2007,3.95
2007-09-06,2007,3.99
2007-09-10,2007,4.01
2007-09-11,2007,4.01
2007-09-12,2007,4.01
2007-09-13,2007,4.01
2007-09-14,2007,4.01
2007-09-17,2007,4.02
2007-09-18,2007,4.02
2007-09-19,2007,4.02
2007-09-20,2007,4.01
2007-09-21,2007,4.02
2007-09-24,2007,4.01
2007-09-25,2007,4.01
2007-09-26,2007,4.01
2007-09-27,2007,4.01
2007-09-28,2007,4.0
2007-10-01,2007,4.0
2007-10-02,2007,4.0
2007-10-03,2007,4.0
2007-10-04,2007,4.0
2007-10-05,2007,4.01
2007-10-08,2007,4.01
2007-10-09,2007,4.0
2007-10-10,2007,3.91
2007-10-11,2007,3.91
2007-10-15,2007,3.92
2007-10-16,2007,3.92
2007-10-17,2007,3.92
2007-10-18,2007,3.91
2007-10-19,2007,3.91
2007-10-22,2007,3.89
2007-10-23,2007,3.87
2007-10-24,2007,3.88
2007-10-25,2007,3.86
2007-10-26,2007,3.86
2007-10-29,2007,3.85
2007-10-30,2007,3.85
2007-10-31,2007,3.85
2007-11-01,2007,3.83
2007-11-05,2007,3.83
2007-11-06,2007,3.83
2007-11-07,2007,3.92
2007-11-08,2007,3.92
2007-11-09,2007,3.92
2007-11-12,2007,3.92
2007-11-13,2007,3.92
2007-11-14,2007,3.92
2007-11-16,2007,3.92
2007-11-19,2007,3.92
2007-11-20,2007,3.92
2007-11-21,2007,3.94
2007-11-22,2007,3.94
2007-11-23,2007,3.94
2007-11-26,2007,3.94
2007-11-27,2007,3.94
2007-11-28,2007,3.94
2007-11-29,2007,3.95
2007-11-30,2007,3.96
2007-12-03,2007,3.97
2007-12-04,2007,3.97
2007-12-05,2007,3.97
2007-12-06,2007,4.06
2007-12-07,2007,4.1
2007-12-10,2007,4.13
2007-12-11,2007,4.15
2007-12-12,2007,4.16
2007-12-13,2007,4.16
2007-12-14,2007,4.21
2007-12-17,2007,4.21
2007-12-18,2007,4.22
2007-12-19,2007,4.31
2007-12-20,2007,4.32
2007-12-21,2007,4.35
2007-12-24,2007,4.36
2007-12-26,2007,4.36
2007-12-27,2007,4.36
2007-12-28,2007,4.36
2007-12-31,2007,4.37
2008-01-02,2007,4.38
2008-01-03,2007,4.38
2008-01-04,2007,4.39
2008-01-07,2007,4.39
2008-01-08,2007,4.41
2008-01-09,2007,4.41
2008-01-10,2007,4.42
2004-01-14,2008,4.0
2004-01-15,2008,4.1
2004-01-16,2008,4.1
2004-01-19,2008,4.0
2004-01-20,2008,4.0
2004-01-21,2008,4.0
2004-01-22,2008,4.0
2004-01-23,2008,4.05
2004-01-26,2008,4.1
2004-01-27,2008,4.0
2004-01-28,2008,4.0
2004-01-29,2008,4.0
2004-01-30,2008,4.0
2004-02-02,2008,4.0
2004-02-03,2008,4.0
2004-02-04,2008,4.0
2004-02-05,2008,4.0
2004-02-06,2008,4.0
2004-02-09,2008,4.0
2004-02-10,2008,4.0
2004-02-11,2008,4.0
2004-02-12,2008,4.0
2004-02-13,2008,4.0
2004-02-16,2008,4.0
2004-02-17,2008,4.0
2004-02-18,2008,4.0
2004-02-19,2008,4.0
2004-02-20,2008,4.0
2004-02-25,2008,4.0
2004-02-26,2008,4.0
2004-02-27,2008,4.0
2004-03-01,2008,4.0
2004-03-02,2008,4.0
2004-03-03,2008,4.0
2004-03-04,2008,4.0
2004-03-05,2008,4.0
2004-03-08,2008,4.0
2004-03-09,2008,4.0
2004-03-10,2008,4.0
2004-03-11,2008,4.05
2004-03-12,2008,4.05
2004-03-15,2008,4.0
2004-03-16,2008,4.0
2004-03-17,2008,4.05
2004-03-18,2008,4.1
2004-03-19,2008,4.1
2004-03-22,2008,4.0
2004-03-23,2008,4.05
2004-03-24,2008,4.05
2004-03-25,2008,4.05
2004-03-26,2008,4.05
2004-03-29,2008,4.05
2004-03-30,2008,4.05
2004-03-31,2008,4.05
2004-04-01,2008,4.1
2004-04-02,2008,4.1
2004-04-05,2008,4.1
2004-04-06,2008,4.1
2004-04-07,2008,4.1
2004-04-08,2008,4.1
2004-04-12,2008,4.1
2004-04-13,2008,4.1
2004-04-14,2008,4.1
2004-04-15,2008,4.1
2004-04-16,2008,4.0
2004-04-19,2008,4.05
2004-04-20,2008,4.05
2004-04-22,2008,4.15
2004-04-23,2008,4.2
2004-04-26,2008,4.3
2004-04-27,2008,4.3
2004-04-28,2008,4.3
2004-04-29,2008,4.3
2004-04-30,2008,4.3
2004-05-03,2008,4.3
2004-05-04,2008,4.3
2004-05-05,2008,4.3
2004-05-06,2008,4.3
2004-05-07,2008,4.5
2004-05-10,2008,4.4
2004-05-11,2008,4.4
2004-05-12,2008,4.4
2004-05-13,2008,4.4
2004-05-14,2008,4.4
2004-05-17,2008,4.5
2004-05-18,2008,4.5
2004-05-19,2008,4.5
2004-05-20,2008,4.5
2004-05-21,2008,4.5
2004-05-24,2008,4.5
2004-05-25,2008,4.5
2004-05-26,2008,4.5
2004-05-27,2008,4.5
2004-05-28,2008,4.5
2004-05-31,2008,4.5
2004-06-01,2008,4.5
2004-06-02,2008,4.5
2004-06-03,2008,4.5
2004-06-04,2008,4.5
2004-06-07,2008,4.5
2004-06-08,2008,4.5
2004-06-09,2008,4.5
2004-06-11,2008,4.5
2004-06-14,2008,4.5
2004-06-15,2008,4.5
2004-06-16,2008,4.5
2004-06-17,2008,4.5
2004-06-18,2008,4.5
2004-06-21,2008,4.5
2004-06-22,2008,4.5
2004-06-23,2008,4.5
2004-06-24,2008,4.5
2004-06-25,2008,4.5
2004-06-28,2008,4.5
2004-06-29,2008,4.5
2004-06-30,2008,4.5
2004-07-01,2008,4.5
2004-07-02,2008,4.5
2004-07-05,2008,4.5
2004-07-06,2008,4.5
2004-07-07,2008,4.5
2004-07-08,2008,4.5
2004-07-09,2008,4.5
2004-07-12,2008,4.5
2004-07-13,2008,4.5
2004-07-14,2008,4.5
2004-07-15,2008,4.5
2004-07-16,2008,4.5
2004-07-19,2008,4.5
2004-07-20,2008,4.5
2004-07-21,2008,4.5
2004-07-22,2008,4.5
2004-07-23,2008,4.5
2004-07-26,2008,4.5
2004-07-27,2008,4.5
2004-07-28,2008,4.5
2004-07-29,2008,4.5
2004-07-30,2008,4.5
2004-08-02,2008,4.5
2004-08-03,2008,4.5
2004-08-04,2008,4.5
2004-08-05,2008,4.5
2004-08-06,2008,4.5
2004-08-09,2008,4.5
2004-08-10,2008,4.5
2004-08-11,2008,4.5
2004-08-12,2008,4.5
2004-08-13,2008,4.5
2004-08-16,2008,4.5
2004-08-17,2008,4.5
2004-08-18,2008,4.5
2004-08-19,2008,4.5
2004-08-20,2008,4.5
2004-08-23,2008,4.5
2004-08-24,2008,4.5
2004-08-25,2008,4.5
2004-08-26,2008,4.5
2004-08-27,2008,4.5
2004-08-30,2008,4.5
2004-08-31,2008,4.5
2004-09-01,2008,4.5
2004-09-02,2008,4.5
2004-09-03,2008,4.5
2004-09-06,2008,4.5
2004-09-08,2008,4.5
2004-09-09,2008,4.5
2004-09-10,2008,4.5
2004-09-13,2008,4.5
2004-09-14,2008,4.5
2004-09-15,2008,4.5
2004-09-16,2008,4.5
2004-09-17,2008,4.5
2004-09-20,2008,4.5
2004-09-21,2008,4.5
2004-09-22,2008,4.5
2004-09-23,2008,4.5
2004-09-24,2008,4.5
2004-09-27,2008,4.5
2004-09-28,2008,4.5
2004-09-29,2008,4.5
2004-09-30,2008,4.5
2004-10-01,2008,4.5
2004-10-04,2008,4.5
2004-10-05,2008,4.5
2004-10-06,2008,4.5
2004-10-07,2008,4.5
2004-10-08,2008,4.5
2004-10-11,2008,4.5
2004-10-13,2008,4.5
2004-10-14,2008,4.5
2004-10-15,2008,4.5
2004-10-18,2008,4.5
2004-10-19,2008,4.5
2004-10-20,2008,4.5
2004-10-21,2008,4.5
2004-10-22,2008,4.5
2004-10-25,2008,4.5
2004-10-26,2008,4.5
2004-10-27,2008,4.5
2004-10-28,2008,4.5
2004-10-29,2008,4.5
2004-11-03,2008,4.5
2004-11-04,2008,4.5
2004-11-05,2008,4.5
2004-11-08,2008,4.5
2004-11-09,2008,4.5
2004-11-10,2008,4.5
2004-11-11,2008,4.5
2004-11-12,2008,4.5
2004-11-16,2008,4.5
2004-11-17,2008,4.5
2004-11-18,2008,4.5
2004-11-19,2008,4.5
2004-11-22,2008,4.5
2004-11-23,2008,4.5
2004-11-24,2008,4.5
2004-11-25,2008,4.5
2004-11-26,2008,4.5
2004-11-29,2008,4.5
2004-11-30,2008,4.5
2004-12-01,2008,4.5
2004-12-02,2008,4.5
2004-12-03,2008,4.5
2004-12-06,2008,4.5
2004-12-07,2008,4.5
2004-12-08,2008,4.5
2004-12-09,2008,4.5
2004-12-10,2008,4.5
2004-12-13,2008,4.5
2004-12-14,2008,4.5
2004-12-15,2008,4.5
2004-12-16,2008,4.5
2004-12-17,2008,4.5
2004-12-20,2008,4.5
2004-12-21,2008,4.5
2004-12-22,2008,4.5
2004-12-23,2008,4.5
2004-12-27,2008,4.5
2004-12-28,2008,4.5
2004-12-29,2008,4.5
2004-12-30,2008,4.5
2005-01-03,2008,4.5
2005-01-04,2008,4.5
2005-01-05,2008,4.5
2005-01-06,2008,4.5
2005-01-07,2008,4.5
2005-01-10,2008,4.5
2005-01-11,2008,4.5
2005-01-12,2008,4.5
2005-01-13,2008,4.5
2005-01-14,2008,4.5
2005-01-17,2008,4.5
2005-01-18,2008,4.5
2005-01-19,2008,4.5
2005-01-20,2008,4.5
2005-01-21,2008,4.5
2005-01-24,2008,4.5
2005-01-25,2008,4.5
2005-01-26,2008,4.5
2005-01-27,2008,4.5
2005-01-28,2008,4.5
2005-01-31,2008,4.5
2005-02-01,2008,4.5
2005-02-02,2008,4.5
2005-02-03,2008,4.5
2005-02-04,2008,4.5
2005-02-09,2008,4.5
2005-02-10,2008,4.5
2005-02-11,2008,4.5
2005-02-14,2008,4.5
2005-02-15,2008,4.5
2005-02-16,2008,4.5
2005-02-17,2008,4.5
2005-02-18,2008,4.5
2005-02-21,2008,4.5
2005-02-22,2008,4.5
2005-02-23,2008,4.5
2005-02-24,2008,4.5
2005-02-25,2008,4.5
2005-02-28,2008,4.5
2005-03-01,2008,4.5
2005-03-02,2008,4.5
2005-03-03,2008,4.5
2005-03-04,2008,4.5
2005-03-07,2008,4.5
2005-03-08,2008,4.5
2005-03-09,2008,4.5
2005-03-10,2008,4.5
2005-03-11,2008,4.5
2005-03-14,2008,4.5
2005-03-15,2008,4.5
2005-03-16,2008,4.5
2005-03-17,2008,4.5
2005-03-18,2008,4.5
2005-03-21,2008,4.5
2005-03-22,2008,4.5
2005-03-23,2008,4.5
2005-03-24,2008,4.5
2005-03-28,2008,4.5
2005-03-29,2008,4.5
2005-03-30,2008,4.5
2005-03-31,2008,4.5
2005-04-01,2008,4.5
2005-04-04,2008,4.5
2005-04-05,2008,4.5
2005-04-06,2008,4.5
2005-04-07,2008,4.5
2005-04-08,2008,4.5
2005-04-11,2008,4.5
2005-04-12,2008,4.5
2005-04-13,2008,4.5
2005-04-14,2008,4.5
2005-04-15,2008,4.5
2005-04-18,2008,4.5
2005-04-19,2008,4.5
2005-04-20,2008,4.5
2005-04-22,2008,4.5
2005-04-25,2008,4.5
2005-04-26,2008,4.5
2005-04-27,2008,4.5
2005-04-28,2008,4.5
2005-04-29,2008,4.5
2005-05-02,2008,4.5
2005-05-03,2008,4.5
2005-05-04,2008,4.5
2005-05-05,2008,4.5
2005-05-06,2008,4.5
2005-05-09,2008,4.5
2005-05-10,2008,4.5
2005-05-11,2008,4.5
2005-05-12,2008,4.5
2005-05-13,2008,4.5
2005-05-16,2008,4.5
2005-05-17,2008,4.5
2005-05-18,2008,4.5
2005-05-19,2008,4.5
2005-05-20,2008,4.5
2005-05-23,2008,4.5
2005-05-24,2008,4.5
2005-05-25,2008,4.5
2005-05-27,2008,4.5
2005-05-30,2008,4.5
2005-05-31,2008,4.5
2005-06-01,2008,4.5
2005-06-02,2008,4.5
2005-06-03,2008,4.5
2005-06-06,2008,4.5
2005-06-07,2008,4.5
2005-06-08,2008,4.5
2005-06-09,2008,4.5
2005-06-10,2008,4.5
2005-06-13,2008,4.5
2005-06-14,2008,4.5
2005-06-15,2008,4.5
2005-06-16,2008,4.5
2005-06-17,2008,4.5
2005-06-20,2008,4.5
2005-06-21,2008,4.5
2005-06-22,2008,4.5
2005-06-23,2008,4.5
2005-06-24,2008,4.5
2005-06-27,2008,4.5
2005-06-28,2008,4.5
2005-06-29,2008,4.5
2005-06-30,2008,4.5
2005-07-01,2008,4.5
2005-07-04,2008,4.5
2005-07-05,2008,4.5
2005-07-06,2008,4.5
2005-07-07,2008,4.5
2005-07-08,2008,4.5
2005-07-11,2008,4.5
2005-07-12,2008,4.5
2005-07-13,2008,4.5
2005-07-14,2008,4.5
2005-07-15,2008,4.5
2005-07-18,2008,4.5
2005-07-19,2008,4.5
2005-07-20,2008,4.5
2005-07-21,2008,4.5
2005-07-22,2008,4.5
2005-07-25,2008,4.5
2005-07-26,2008,4.5
2005-07-27,2008,4.5
2005-07-28,2008,4.5
2005-07-29,2008,4.5
2005-08-01,2008,4.5
2005-08-02,2008,4.5
2005-08-03,2008,4.5
2005-08-04,2008,4.5
2005-08-05,2008,4.5
2005-08-08,2008,4.5
2005-08-09,2008,4.5
2005-08-10,2008,4.5
2005-08-11,2008,4.5
2005-08-12,2008,4.5
2005-08-15,2008,4.5
2005-08-16,2008,4.5
2005-08-17,2008,4.5
2005-08-18,2008,4.5
2005-08-19,2008,4.5
2005-08-22,2008,4.5
2005-08-23,2008,4.5
2005-08-24,2008,4.5
2005-08-25,2008,4.5
2005-08-26,2008,4.5
2005-08-29,2008,4.5
2005-08-30,2008,4.5
2005-08-31,2008,4.5
2005-09-01,2008,4.5
2005-09-02,2008,4.5
2005-09-05,2008,4.5
2005-09-06,2008,4.5
2005-09-08,2008,4.5
2005-09-09,2008,4.5
2005-09-12,2008,4.5
2005-09-13,2008,4.5
2005-09-14,2008,4.5
2005-09-15,2008,4.5
2005-09-16,2008,4.5
2005-09-19,2008,4.5
2005-09-20,2008,4.5
2005-09-21,2008,4.5
2005-09-22,2008,4.5
2005-09-23,2008,4.5
2005-09-26,2008,4.5
2005-09-27,2008,4.5
2005-09-28,2008,4.5
2005-09-29,2008,4.5
2005-09-30,2008,4.5
2005-10-03,2008,4.5
2005-10-04,2008,4.5
2005-10-05,2008,4.5
2005-10-06,2008,4.5
2005-10-07,2008,4.5
2005-10-10,2008,4.5
2005-10-11,2008,4.5
2005-10-13,2008,4.5
2005-10-14,2008,4.5
2005-10-17,2008,4.5
2005-10-18,2008,4.5
2005-10-19,2008,4.5
2005-10-20,2008,4.5
2005-10-21,2008,4.5
2005-10-24,2008,4.5
2005-10-25,2008,4.5
2005-10-26,2008,4.5
2005-10-27,2008,4.5
2005-10-28,2008,4.5
2005-10-31,2008,4.5
2005-11-01,2008,4.5
2005-11-03,2008,4.5
2005-11-04,2008,4.5
2005-11-07,2008,4.5
2005-11-08,2008,4.5
2005-11-09,2008,4.5
2005-11-10,2008,4.5
2005-11-11,2008,4.5
2005-11-14,2008,4.5
2005-11-16,2008,4.5
2005-11-17,2008,4.5
2005-11-18,2008,4.5
2005-11-21,2008,4.5
2005-11-22,2008,4.5
2005-11-23,2008,4.5
2005-11-24,2008,4.5
2005-11-25,2008,4.5
2005-11-28,2008,4.5
2005-11-29,2008,4.5
2005-11-30,2008,4.5
2005-12-01,2008,4.5
2005-12-02,2008,4.5
2005-12-05,2008,4.5
2005-12-06,2008,4.5
2005-12-07,2008,4.5
2005-12-08,2008,4.5
2005-12-09,2008,4.5
2005-12-12,2008,4.5
2005-12-13,2008,4.5
2005-12-14,2008,4.5
2005-12-15,2008,4.5
2005-12-16,2008,4.5
2005-12-19,2008,4.5
2005-12-20,2008,4.5
2005-12-21,2008,4.5
2005-12-22,2008,4.5
2005-12-23,2008,4.5
2005-12-26,2008,4.5
2005-12-27,2008,4.5
2005-12-28,2008,4.5
2005-12-29,2008,4.5
2005-12-30,2008,4.5
2006-01-02,2008,4.5
2006-01-03,2008,4.5
2006-01-04,2008,4.5
2006-01-05,2008,4.5
2006-01-06,2008,4.5
2006-01-09,2008,4.5
2006-01-10,2008,4.5
2006-01-11,2008,4.5
2006-01-12,2008,4.5
2006-01-13,2008,4.5
2006-01-16,2008,4.5
2006-01-17,2008,4.5
2006-01-18,2008,4.5
2006-01-19,2008,4.5
2006-01-20,2008,4.5
2006-01-23,2008,4.49
2006-01-24,2008,4.49
2006-01-25,2008,4.49
2006-01-26,2008,4.4
2006-01-27,2008,4.4
2006-01-30,2008,4.4
2006-01-31,2008,4.44
2006-02-01,2008,4.44
2006-02-02,2008,4.44
2006-02-03,2008,4.49
2006-02-06,2008,4.5
2006-02-07,2008,4.5
2006-02-08,2008,4.5
2006-02-09,2008,4.5
2006-02-10,2008,4.5
2006-02-13,2008,4.5
2006-02-14,2008,4.5
2006-02-15,2008,4.5
2006-02-16,2008,4.5
2006-02-17,2008,4.5
2006-02-20,2008,4.5
2006-02-21,2008,4.5
2006-02-22,2008,4.5
2006-02-23,2008,4.5
2006-02-24,2008,4.5
2006-03-01,2008,4.5
2006-03-02,2008,4.5
2006-03-03,2008,4.5
2006-03-06,2008,4.5
2006-03-07,2008,4.5
2006-03-08,2008,4.5
2006-03-09,2008,4.5
2006-03-10,2008,4.5
2006-03-13,2008,4.5
2006-03-14,2008,4.5
2006-03-15,2008,4.5
2006-03-16,2008,4.5
2006-03-17,2008,4.5
2006-03-20,2008,4.5
2006-03-21,2008,4.5
2006-03-22,2008,4.5
2006-03-23,2008,4.5
2006-03-24,2008,4.5
2006-03-27,2008,4.5
2006-03-28,2008,4.5
2006-03-29,2008,4.5
2006-03-30,2008,4.5
2006-03-31,2008,4.5
2006-04-03,2008,4.5
2006-04-04,2008,4.5
2006-04-05,2008,4.5
2006-04-06,2008,4.49
2006-04-07,2008,4.45
2006-04-10,2008,4.5
2006-04-11,2008,4.5
2006-04-12,2008,4.5
2006-04-13,2008,4.5
2006-04-17,2008,4.5
2006-04-18,2008,4.5
2006-04-19,2008,4.5
2006-04-20,2008,4.5
2006-04-24,2008,4.5
2006-04-25,2008,4.5
2006-04-26,2008,4.5
2006-04-27,2008,4.5
2006-04-28,2008,4.5
2006-05-02,2008,4.5
2006-05-03,2008,4.5
2006-05-04,2008,4.5
2006-05-05,2008,4.5
2006-05-08,2008,4.5
2006-05-09,2008,4.5
2006-05-10,2008,4.5
2006-05-11,2008,4.5
2006-05-12,2008,4.5
2006-05-15,2008,4.5
2006-05-16,2008,4.5
2006-05-17,2008,4.5
2006-05-18,2008,4.5
2006-05-19,2008,4.5
2006-05-22,2008,4.5
2006-05-23,2008,4.5
2006-05-24,2008,4.5
2006-05-25,2008,4.5
2006-05-26,2008,4.5
2006-05-29,2008,4.5
2006-05-30,2008,4.5
2006-05-31,2008,4.5
2006-06-01,2008,4.5
2006-06-02,2008,4.5
2006-06-05,2008,4.5
2006-06-06,2008,4.5
2006-06-07,2008,4.5
2006-06-08,2008,4.5
2006-06-09,2008,4.5
2006-06-12,2008,4.5
2006-06-13,2008,4.5
2006-06-14,2008,4.5
2006-06-16,2008,4.5
2006-06-19,2008,4.5
2006-06-20,2008,4.5
2006-06-21,2008,4.5
2006-06-22,2008,4.5
2006-06-23,2008,4.5
2006-06-26,2008,4.5
2006-06-27,2008,4.5
2006-06-28,2008,4.5
2006-06-29,2008,4.5
2006-06-30,2008,4.5
2006-07-03,2008,4.5
2006-07-04,2008,4.5
2006-07-05,2008,4.5
2006-07-06,2008,4.5
2006-07-07,2008,4.5
2006-07-10,2008,4.5
2006-07-11,2008,4.5
2006-07-12,2008,4.5
2006-07-13,2008,4.5
2006-07-14,2008,4.5
2006-07-17,2008,4.5
2006-07-18,2008,4.5
2006-07-19,2008,4.5
2006-07-20,2008,4.5
2006-07-21,2008,4.5
2006-07-24,2008,4.5
2006-07-25,2008,4.5
2006-07-26,2008,4.5
2006-07-27,2008,4.5
2006-07-28,2008,4.5
2006-07-31,2008,4.5
2006-08-01,2008,4.5
2006-08-02,2008,4.5
2006-08-03,2008,4.5
2006-08-04,2008,4.5
2006-08-07,2008,4.5
2006-08-08,2008,4.5
2006-08-09,2008,4.5
2006-08-10,2008,4.5
2006-08-11,2008,4.5
2006-08-14,2008,4.5
2006-08-15,2008,4.5
2006-08-16,2008,4.5
2006-08-17,2008,4.5
2006-08-18,2008,4.5
2006-08-21,2008,4.5
2006-08-22,2008,4.5
2006-08-23,2008,4.5
2006-08-24,2008,4.5
2006-08-25,2008,4.5
2006-08-28,2008,4.5
2006-08-29,2008,4.5
2006-08-30,2008,4.5
2006-08-31,2008,4.5
2006-09-01,2008,4.5
2006-09-04,2008,4.5
2006-09-05,2008,4.5
2006-09-06,2008,4.5
2006-09-08,2008,4.5
2006-09-11,2008,4.45
2006-09-12,2008,4.4
2006-09-13,2008,4.4
2006-09-14,2008,4.4
2006-09-15,2008,4.4
2006-09-18,2008,4.4
2006-09-19,2008,4.4
2006-09-20,2008,4.4
2006-09-21,2008,4.4
2006-09-22,2008,4.4
2006-09-25,2008,4.4
2006-09-26,2008,4.4
2006-09-27,2008,4.4
2006-09-28,2008,4.4
2006-09-29,2008,4.4
2006-10-02,2008,4.4
2006-10-03,2008,4.4
2006-10-04,2008,4.3
2006-10-05,2008,4.3
2006-10-06,2008,4.3
2006-10-09,2008,4.3
2006-10-10,2008,4.3
2006-10-11,2008,4.3
2006-10-13,2008,4.3
2006-10-16,2008,4.3
2006-10-17,2008,4.3
2006-10-18,2008,4.3
2006-10-19,2008,4.3
2006-10-20,2008,4.3
2006-10-23,2008,4.3
2006-10-24,2008,4.3
2006-10-25,2008,4.3
2006-10-26,2008,4.3
2006-10-27,2008,4.3
2006-10-30,2008,4.3
2006-10-31,2008,4.3
2006-11-01,2008,4.3
2006-11-03,2008,4.3
2006-11-06,2008,4.3
2006-11-07,2008,4.3
2006-11-08,2008,4.3
2006-11-09,2008,4.3
2006-11-10,2008,4.3
2006-11-13,2008,4.3
2006-11-14,2008,4.3
2006-11-16,2008,4.3
2006-11-17,2008,4.3
2006-11-20,2008,4.3
2006-11-21,2008,4.3
2006-11-22,2008,4.3
2006-11-23,2008,4.3
2006-11-24,2008,4.3
2006-11-27,2008,4.3
2006-11-28,2008,4.3
2006-11-29,2008,4.3
2006-11-30,2008,4.3
2006-12-01,2008,4.25
2006-12-04,2008,4.25
2006-12-05,2008,4.23
2006-12-06,2008,4.2
2006-12-07,2008,4.2
2006-12-08,2008,4.15
2006-12-11,2008,4.2
2006-12-12,2008,4.2
2006-12-13,2008,4.2
2006-12-14,2008,4.2
2006-12-15,2008,4.2
2006-12-18,2008,4.2
2006-12-19,2008,4.2
2006-12-20,2008,4.2
2006-12-21,2008,4.2
2006-12-22,2008,4.1
2006-12-26,2008,4.1
2006-12-27,2008,4.1
2006-12-28,2008,4.1
2006-12-29,2008,4.1
2007-01-02,2008,4.1
2007-01-03,2008,4.1
2007-01-04,2008,4.05
2007-01-05,2008,4.05
2007-01-08,2008,4.1
2007-01-09,2008,4.1
2007-01-10,2008,4.0
2007-01-11,2008,4.0
2007-01-12,2008,4.0
2007-01-15,2008,4.0
2007-01-16,2008,4.0
2007-01-17,2008,4.0
2007-01-18,2008,4.0
2007-01-19,2008,4.0
2007-01-22,2008,4.0
2007-01-23,2008,4.0
2007-01-24,2008,4.0
2007-01-25,2008,4.0
2007-01-26,2008,4.0
2007-01-29,2008,4.0
2007-01-30,2008,4.0
2007-01-31,2008,4.0
2007-02-01,2008,4.0
2007-02-02,2008,4.0
2007-02-05,2008,4.0
2007-02-06,2008,4.0
2007-02-07,2008,4.0
2007-02-08,2008,4.0
2007-02-09,2008,4.0
2007-02-12,2008,4.0
2007-02-13,2008,4.0
2007-02-14,2008,4.0
2007-02-15,2008,4.0
2007-02-16,2008,4.0
2007-02-21,2008,4.0
2007-02-22,2008,4.0
2007-02-23,2008,4.0
2007-02-26,2008,4.0
2007-02-27,2008,4.0
2007-02-28,2008,4.0
2007-03-01,2008,4.0
2007-03-02,2008,4.0
2007-03-05,2008,4.0
2007-03-06,2008,4.0
2007-03-07,2008,4.0
2007-03-08,2008,4.0
2007-03-09,2008,4.0
2007-03-12,2008,4.0
2007-03-13,2008,4.0
2007-03-14,2008,4.0
2007-03-15,2008,4.0
2007-03-16,2008,4.0
2007-03-19,2008,4.0
2007-03-20,2008,4.0
2007-03-21,2008,4.0
2007-03-22,2008,4.0
2007-03-23,2008,4.0
2007-03-26,2008,4.0
2007-03-27,2008,4.0
2007-03-28,2008,4.0
2007-03-29,2008,4.07
2007-03-30,2008,4.0
2007-04-02,2008,4.0
2007-04-03,2008,4.0
2007-04-04,2008,4.0
2007-04-05,2008,4.0
2007-04-09,2008,4.0
2007-04-10,2008,4.0
2007-04-11,2008,4.0
2007-04-12,2008,4.0
2007-04-13,2008,4.0
2007-04-16,2008,4.0
2007-04-17,2008,4.0
2007-04-18,2008,4.0
2007-04-19,2008,4.0
2007-04-20,2008,4.0
2007-04-23,2008,4.0
2007-04-24,2008,4.0
2007-04-25,2008,4.0
2007-04-26,2008,4.0
2007-04-27,2008,4.0
2007-04-30,2008,4.0
2007-05-02,2008,4.0
2007-05-03,2008,4.0
2007-05-04,2008,4.0
2007-05-07,2008,4.0
2007-05-08,2008,4.0
2007-05-09,2008,4.0
2007-05-10,2008,4.0
2007-05-11,2008,4.0
2007-05-14,2008,4.0
2007-05-15,2008,4.0
2007-05-16,2008,4.0
2007-05-17,2008,4.0
2007-05-18,2008,4.0
2007-05-21,2008,4.0
2007-05-22,2008,4.0
2007-05-23,2008,4.0
2007-05-24,2008,4.0
2007-05-25,2008,4.0
2007-05-28,2008,4.0
2007-05-29,2008,4.0
2007-05-30,2008,4.0
2007-05-31,2008,4.0
2007-06-01,2008,4.0
2007-06-04,2008,4.0
2007-06-05,2008,4.0
2007-06-06,2008,4.0
2007-06-08,2008,4.0
2007-06-11,2008,4.0
2007-06-12,2008,4.0
2007-06-13,2008,4.0
2007-06-14,2008,4.0
2007-06-15,2008,4.0
2007-06-18,2008,3.97
2007-06-19,2008,3.99
2007-06-20,2008,3.97
2007-06-21,2008,3.99
2007-06-22,2008,3.99
2007-06-25,2008,4.0
2007-06-26,2008,4.0
2007-06-27,2008,4.0
2007-06-28,2008,4.0
2007-06-29,2008,4.0
2007-07-02,2008,4.0
2007-07-03,2008,4.0
2007-07-04,2008,4.0
2007-07-05,2008,4.0
2007-07-06,2008,4.0
2007-07-09,2008,4.0
2007-07-10,2008,4.0
2007-07-11,2008,4.0
2007-07-12,2008,4.0
2007-07-13,2008,4.0
2007-07-16,2008,4.0
2007-07-17,2008,4.0
2007-07-18,2008,4.0
2007-07-19,2008,4.0
2007-07-20,2008,4.0
2007-07-23,2008,4.0
2007-07-24,2008,4.0
2007-07-25,2008,4.0
2007-07-26,2008,4.0
2007-07-27,2008,4.0
2007-07-30,2008,4.0
2007-07-31,2008,4.0
2007-08-01,2008,4.0
2007-08-02,2008,4.0
2007-08-03,2008,4.0
2007-08-06,2008,4.0
2007-08-07,2008,4.0
2007-08-08,2008,4.0
2007-08-09,2008,4.0
2007-08-10,2008,4.0
2007-08-13,2008,4.0
2007-08-14,2008,4.0
2007-08-15,2008,4.0
2007-08-16,2008,4.0
2007-08-17,2008,4.0
2007-08-20,2008,4.0
2007-08-21,2008,4.0
2007-08-22,2008,4.0
2007-08-23,2008,4.0
2007-08-24,2008,4.0
2007-08-27,2008,4.0
2007-08-28,2008,4.0
2007-08-29,2008,4.0
2007-08-30,2008,4.0
2007-08-31,2008,4.0
2007-09-03,2008,4.0
2007-09-04,2008,4.0
2007-09-05,2008,4.0
2007-09-06,2008,4.0
2007-09-10,2008,4.0
2007-09-11,2008,4.0
2007-09-12,2008,4.0
2007-09-13,2008,4.0
2007-09-14,2008,4.0
2007-09-17,2008,4.0
2007-09-18,2008,4.0
2007-09-19,2008,4.05
2007-09-20,2008,4.1
2007-09-21,2008,4.1
2007-09-24,2008,4.1
2007-09-25,2008,4.1
2007-09-26,2008,4.1
2007-09-27,2008,4.1
2007-09-28,2008,4.1
2007-10-01,2008,4.1
2007-10-02,2008,4.1
2007-10-03,2008,4.1
2007-10-04,2008,4.1
2007-10-05,2008,4.1
2007-10-08,2008,4.1
2007-10-09,2008,4.1
2007-10-10,2008,4.1
2007-10-11,2008,4.1
2007-10-15,2008,4.1
2007-10-16,2008,4.1
2007-10-17,2008,4.1
2007-10-18,2008,4.1
2007-10-19,2008,4.1
2007-10-22,2008,4.1
2007-10-23,2008,4.1
2007-10-24,2008,4.1
2007-10-25,2008,4.1
2007-10-26,2008,4.1
2007-10-29,2008,4.1
2007-10-30,2008,4.1
2007-10-31,2008,4.1
2007-11-01,2008,4.1
2007-11-05,2008,4.1
2007-11-06,2008,4.1
2007-11-07,2008,4.1
2007-11-08,2008,4.1
2007-11-09,2008,4.1
2007-11-12,2008,4.1
2007-11-13,2008,4.1
2007-11-14,2008,4.1
2007-11-16,2008,4.1
2007-11-19,2008,4.1
2007-11-20,2008,4.1
2007-11-21,2008,4.1
2007-11-22,2008,4.1
2007-11-23,2008,4.1
2007-11-26,2008,4.1
2007-11-27,2008,4.1
2007-11-28,2008,4.1
2007-11-29,2008,4.1
2007-11-30,2008,4.1
2007-12-03,2008,4.1
2007-12-04,2008,4.1
2007-12-05,2008,4.1
2007-12-06,2008,4.1
2007-12-07,2008,4.1
2007-12-10,2008,4.1
2007-12-11,2008,4.12
2007-12-12,2008,4.12
2007-12-13,2008,4.1
2007-12-14,2008,4.2
2007-12-17,2008,4.2
2007-12-18,2008,4.2
2007-12-19,2008,4.25
2007-12-20,2008,4.25
2007-12-21,2008,4.25
2007-12-24,2008,4.3
2007-12-26,2008,4.3
2007-12-27,2008,4.3
2007-12-28,2008,4.3
2007-12-31,2008,4.3
2008-01-02,2008,4.3
2008-01-03,2008,4.3
2008-01-04,2008,4.3
2008-01-07,2008,4.3
2008-01-08,2008,4.3
2008-01-09,2008,4.3
2008-01-10,2008,4.3
2008-01-11,2008,4.29
2008-01-14,2008,4.32
2008-01-15,2008,4.33
2008-01-16,2008,4.33
2008-01-17,2008,4.33
2008-01-18,2008,4.37
2008-01-21,2008,4.41
2008-01-22,2008,4.42
2008-01-23,2008,4.43
2008-01-24,2008,4.44
2008-01-25,2008,4.45
2008-01-28,2008,4.45
2008-01-29,2008,4.44
2008-01-30,2008,4.44
2008-01-31,2008,4.43
2008-02-01,2008,4.44
2008-02-06,2008,4.44
2008-02-07,2008,4.43
2008-02-08,2008,4.45
2008-02-11,2008,4.42
2008-02-12,2008,4.42
2008-02-13,2008,4.34
2008-02-14,2008,4.35
2008-02-15,2008,4.39
2008-02-18,2008,4.39
2008-02-19,2008,4.41
2008-02-20,2008,4.41
2008-02-21,2008,4.41
2008-02-22,2008,4.4
2008-02-25,2008,4.4
2008-02-26,2008,4.41
2008-02-27,2008,4.41
2008-02-28,2008,4.41
2008-02-29,2008,4.41
2008-03-03,2008,4.41
2008-03-04,2008,4.41
2008-03-05,2008,4.41
2008-03-06,2008,4.41
2008-03-07,2008,4.42
2008-03-10,2008,4.42
2008-03-11,2008,4.44
2008-03-12,2008,4.44
2008-03-13,2008,4.43
2008-03-14,2008,4.44
2008-03-17,2008,4.43
2008-03-18,2008,4.43
2008-03-19,2008,4.44
2008-03-20,2008,4.44
2008-03-24,2008,4.44
2008-03-25,2008,4.47
2008-03-26,2008,4.46
2008-03-27,2008,4.47
2008-03-28,2008,4.47
2008-03-31,2008,4.47
2008-04-01,2008,4.48
2008-04-02,2008,4.49
2008-04-03,2008,4.49
2008-04-04,2008,4.5
2008-04-07,2008,4.51
2008-04-08,2008,4.51
2008-04-09,2008,4.65
2008-04-10,2008,4.66
2008-04-11,2008,4.66
2008-04-14,2008,4.66
2008-04-15,2008,4.68
2008-04-16,2008,4.7
2008-04-17,2008,4.71
2008-04-18,2008,4.71
2008-04-22,2008,4.71
2008-04-23,2008,4.71
2008-04-24,2008,4.78
2008-04-25,2008,4.79
2008-04-28,2008,4.79
2008-04-29,2008,4.81
2008-04-30,2008,4.82
2008-05-02,2008,4.86
2008-05-05,2008,4.86
2008-05-06,2008,4.88
2008-05-07,2008,4.88
2008-05-08,2008,4.85
2008-05-09,2008,4.96
2008-05-12,2008,5.01
2008-05-13,2008,5.02
2008-05-14,2008,5.02
2008-05-15,2008,5.04
2008-05-16,2008,5.12
2008-05-19,2008,5.21
2008-05-20,2008,5.21
2008-05-21,2008,5.22
2008-05-23,2008,5.24
2008-05-26,2008,5.3
2008-05-27,2008,5.41
2008-05-28,2008,5.41
2008-05-29,2008,5.41
2008-05-30,2008,5.48
2008-06-02,2008,5.49
2008-06-03,2008,5.49
2008-06-04,2008,5.5
2008-06-05,2008,5.5
2008-06-06,2008,5.55
2008-06-09,2008,5.55
2008-06-10,2008,5.6
2008-06-11,2008,5.76
2008-06-12,2008,5.79
2008-06-13,2008,5.8
2008-06-16,2008,5.86
2008-06-17,2008,5.91
2008-06-18,2008,5.97
2008-06-19,2008,6.03
2008-06-20,2008,6.08
2008-06-23,2008,6.11
2008-06-24,2008,6.21
2008-06-25,2008,6.23
2008-06-26,2008,6.27
2008-06-27,2008,6.3
2008-06-30,2008,6.32
2008-07-01,2008,6.32
2008-07-02,2008,6.32
2008-07-03,2008,6.35
2008-07-04,2008,6.4
2008-07-07,2008,6.46
2008-07-08,2008,6.52
2008-07-09,2008,6.52
2008-07-10,2008,6.47
2008-07-11,2008,6.48
2008-07-14,2008,6.49
2008-07-15,2008,6.52
2008-07-16,2008,6.52
2008-07-17,2008,6.52
2008-07-18,2008,6.53
2008-07-21,2008,6.54
2008-07-22,2008,6.55
2008-07-23,2008,6.58
2008-07-24,2008,6.59
2008-07-25,2008,6.58
2008-07-28,2008,6.58
2008-07-29,2008,6.58
2008-07-30,2008,6.58
2008-07-31,2008,6.56
2008-08-01,2008,6.54
2008-08-04,2008,6.54
2008-08-05,2008,6.54
2008-08-06,2008,6.52
2008-08-07,2008,6.48
2008-08-08,2008,6.45
2008-08-11,2008,6.45
2008-08-12,2008,6.44
2008-08-13,2008,6.44
2008-08-14,2008,6.45
2008-08-15,2008,6.44
2008-08-18,2008,6.43
2008-08-19,2008,6.42
2008-08-20,2008,6.42
2008-08-21,2008,6.36
2008-08-22,2008,6.34
2008-08-25,2008,6.35
2008-08-26,2008,6.34
2008-08-27,2008,6.34
2008-08-28,2008,6.34
2008-08-29,2008,6.32
2008-09-01,2008,6.32
2008-09-02,2008,6.3
2008-09-03,2008,6.3
2008-09-04,2008,6.3
2008-09-05,2008,6.27
2008-09-08,2008,6.28
2008-09-09,2008,6.27
2008-09-10,2008,6.27
2008-09-11,2008,6.27
2008-09-12,2008,6.26
2008-09-15,2008,6.26
2008-09-16,2008,6.25
2008-09-17,2008,6.24
2008-09-18,2008,6.24
2008-09-19,2008,6.23
2008-09-22,2008,6.22
2008-09-23,2008,6.16
2008-09-24,2008,6.15
2008-09-25,2008,6.14
2008-09-26,2008,6.14
2008-09-29,2008,6.14
2008-09-30,2008,6.14
2008-10-01,2008,6.14
2008-10-02,2008,6.14
2008-10-03,2008,6.14
2008-10-06,2008,6.14
2008-10-07,2008,6.14
2008-10-08,2008,6.19
2008-10-09,2008,6.18
2008-10-10,2008,6.2
2008-10-13,2008,6.2
2008-10-14,2008,6.21
2008-10-15,2008,6.21
2008-10-16,2008,6.21
2008-10-17,2008,6.23
2008-10-20,2008,6.23
2008-10-21,2008,6.23
2008-10-22,2008,6.28
2008-10-23,2008,6.28
2008-10-24,2008,6.29
2008-10-27,2008,6.3
2008-10-28,2008,6.3
2008-10-29,2008,6.3
2008-10-30,2008,6.3
2008-10-31,2008,6.31
2008-11-03,2008,6.31
2008-11-04,2008,6.31
2008-11-05,2008,6.31
2008-11-06,2008,6.31
2008-11-07,2008,6.4
2008-11-10,2008,6.4
2008-11-11,2008,6.39
2008-11-12,2008,6.39
2008-11-13,2008,6.4
2008-11-14,2008,6.39
2008-11-17,2008,6.39
2008-11-18,2008,6.39
2008-11-19,2008,6.39
2008-11-20,2008,6.39
2008-11-21,2008,6.39
2008-11-24,2008,6.39
2008-11-25,2008,6.35
2008-11-26,2008,6.38
2008-11-27,2008,6.35
2008-11-28,2008,6.35
2008-12-01,2008,6.35
2008-12-02,2008,6.34
2008-12-03,2008,6.34
2008-12-04,2008,6.34
2008-12-05,2008,6.2
2008-12-08,2008,6.19
2008-12-09,2008,6.19
2008-12-10,2008,6.19
2008-12-11,2008,6.16
2008-12-12,2008,6.13
2008-12-15,2008,6.13
2008-12-16,2008,6.13
2008-12-17,2008,6.13
2008-12-18,2008,6.05
2008-12-19,2008,6.03
2008-12-22,2008,6.03
2008-12-23,2008,6.03
2008-12-24,2008,6.03
2008-12-26,2008,6.03
2008-12-29,2008,6.03
2008-12-30,2008,6.03
2008-12-31,2008,6.02
2009-01-02,2008,6.01
2009-01-05,2008,6.0
2009-01-06,2008,6.0
2009-01-07,2008,5.99
2009-01-08,2008,5.97
2005-01-14,2009,5.0
2005-01-17,2009,4.3
2005-01-18,2009,4.4
2005-01-19,2009,4.4
2005-01-20,2009,4.4
2005-01-21,2009,4.4
2005-01-24,2009,4.5
2005-01-25,2009,4.5
2005-01-26,2009,4.5
2005-01-27,2009,4.5
2005-01-28,2009,4.5
2005-01-31,2009,5.0
2005-02-01,2009,5.0
2005-02-02,2009,5.0
2005-02-03,2009,4.75
2005-02-04,2009,4.5
2005-02-09,2009,4.5
2005-02-10,2009,4.5
2005-02-11,2009,4.5
2005-02-14,2009,4.5
2005-02-15,2009,4.5
2005-02-16,2009,4.5
2005-02-17,2009,4.5
2005-02-18,2009,4.5
2005-02-21,2009,4.5
2005-02-22,2009,4.5
2005-02-23,2009,4.5
2005-02-24,2009,4.5
2005-02-25,2009,4.5
2005-02-28,2009,4.5
2005-03-01,2009,4.5
2005-03-02,2009,4.5
2005-03-03,2009,4.5
2005-03-04,2009,4.5
2005-03-07,2009,4.5
2005-03-08,2009,4.5
2005-03-09,2009,4.5
2005-03-10,2009,4.5
2005-03-11,2009,4.5
2005-03-14,2009,4.5
2005-03-15,2009,4.5
2005-03-16,2009,4.5
2005-03-17,2009,4.5
2005-03-18,2009,4.5
2005-03-21,2009,4.5
2005-03-22,2009,4.5
2005-03-23,2009,4.5
2005-03-24,2009,4.5
2005-03-28,2009,4.5
2005-03-29,2009,4.5
2005-03-30,2009,4.5
2005-03-31,2009,4.5
2005-04-01,2009,4.5
2005-04-04,2009,4.5
2005-04-05,2009,4.5
2005-04-06,2009,4.5
2005-04-07,2009,4.5
2005-04-08,2009,4.5
2005-04-11,2009,4.5
2005-04-12,2009,4.5
2005-04-13,2009,4.5
2005-04-14,2009,4.5
2005-04-15,2009,4.5
2005-04-18,2009,4.5
2005-04-19,2009,4.5
2005-04-20,2009,4.5
2005-04-22,2009,4.5
2005-04-25,2009,4.5
2005-04-26,2009,4.5
2005-04-27,2009,4.5
2005-04-28,2009,4.5
2005-04-29,2009,4.5
2005-05-02,2009,4.5
2005-05-03,2009,4.5
2005-05-04,2009,4.5
2005-05-05,2009,4.5
2005-05-06,2009,4.5
2005-05-09,2009,4.5
2005-05-10,2009,4.5
2005-05-11,2009,4.5
2005-05-12,2009,4.5
2005-05-13,2009,4.5
2005-05-16,2009,4.5
2005-05-17,2009,4.5
2005-05-18,2009,4.5
2005-05-19,2009,4.5
2005-05-20,2009,4.5
2005-05-23,2009,4.5
2005-05-24,2009,4.5
2005-05-25,2009,4.5
2005-05-27,2009,4.5
2005-05-30,2009,4.5
2005-05-31,2009,4.5
2005-06-01,2009,4.5
2005-06-02,2009,4.5
2005-06-03,2009,4.5
2005-06-06,2009,4.5
2005-06-07,2009,4.5
2005-06-08,2009,4.5
2005-06-09,2009,4.5
2005-06-10,2009,4.5
2005-06-13,2009,4.5
2005-06-14,2009,4.5
2005-06-15,2009,4.5
2005-06-16,2009,4.5
2005-06-17,2009,4.5
2005-06-20,2009,4.5
2005-06-21,2009,4.5
2005-06-22,2009,4.5
2005-06-23,2009,4.5
2005-06-24,2009,4.5
2005-06-27,2009,4.5
2005-06-28,2009,4.5
2005-06-29,2009,4.5
2005-06-30,2009,4.5
2005-07-01,2009,4.5
2005-07-04,2009,4.5
2005-07-05,2009,4.5
2005-07-06,2009,4.5
2005-07-07,2009,4.5
2005-07-08,2009,4.5
2005-07-11,2009,4.5
2005-07-12,2009,4.5
2005-07-13,2009,4.5
2005-07-14,2009,4.5
2005-07-15,2009,4.5
2005-07-18,2009,4.5
2005-07-19,2009,4.5
2005-07-20,2009,4.5
2005-07-21,2009,4.5
2005-07-22,2009,4.5
2005-07-25,2009,4.5
2005-07-26,2009,4.5
2005-07-27,2009,4.5
2005-07-28,2009,4.5
2005-07-29,2009,4.5
2005-08-01,2009,4.5
2005-08-02,2009,4.5
2005-08-03,2009,4.5
2005-08-04,2009,4.5
2005-08-05,2009,4.5
2005-08-08,2009,4.5
2005-08-09,2009,4.5
2005-08-10,2009,4.5
2005-08-11,2009,4.5
2005-08-12,2009,4.5
2005-08-15,2009,4.5
2005-08-16,2009,4.5
2005-08-17,2009,4.5
2005-08-18,2009,4.5
2005-08-19,2009,4.5
2005-08-22,2009,4.5
2005-08-23,2009,4.5
2005-08-24,2009,4.5
2005-08-25,2009,4.5
2005-08-26,2009,4.5
2005-08-29,2009,4.5
2005-08-30,2009,4.5
2005-08-31,2009,4.5
2005-09-01,2009,4.5
2005-09-02,2009,4.5
2005-09-05,2009,4.5
2005-09-06,2009,4.5
2005-09-08,2009,4.5
2005-09-09,2009,4.5
2005-09-12,2009,4.5
2005-09-13,2009,4.5
2005-09-14,2009,4.5
2005-09-15,2009,4.5
2005-09-16,2009,4.5
2005-09-19,2009,4.5
2005-09-20,2009,4.5
2005-09-21,2009,4.5
2005-09-22,2009,4.5
2005-09-23,2009,4.5
2005-09-26,2009,4.5
2005-09-27,2009,4.5
2005-09-28,2009,4.5
2005-09-29,2009,4.5
2005-09-30,2009,4.5
2005-10-03,2009,4.5
2005-10-04,2009,4.5
2005-10-05,2009,4.5
2005-10-06,2009,4.5
2005-10-07,2009,4.5
2005-10-10,2009,4.5
2005-10-11,2009,4.5
2005-10-13,2009,4.5
2005-10-14,2009,4.5
2005-10-17,2009,4.5
2005-10-18,2009,4.5
2005-10-19,2009,4.5
2005-10-20,2009,4.5
2005-10-21,2009,4.5
2005-10-24,2009,4.5
2005-10-25,2009,4.5
2005-10-26,2009,4.5
2005-10-27,2009,4.5
2005-10-28,2009,4.5
2005-10-31,2009,4.5
2005-11-01,2009,4.5
2005-11-03,2009,4.5
2005-11-04,2009,4.5
2005-11-07,2009,4.5
2005-11-08,2009,4.5
2005-11-09,2009,4.5
2005-11-10,2009,4.5
2005-11-11,2009,4.5
2005-11-14,2009,4.5
2005-11-16,2009,4.5
2005-11-17,2009,4.5
2005-11-18,2009,4.5
2005-11-21,2009,4.5
2005-11-22,2009,4.5
2005-11-23,2009,4.5
2005-11-24,2009,4.5
2005-11-25,2009,4.5
2005-11-28,2009,4.5
2005-11-29,2009,4.5
2005-11-30,2009,4.5
2005-12-01,2009,4.5
2005-12-02,2009,4.5
2005-12-05,2009,4.5
2005-12-06,2009,4.5
2005-12-07,2009,4.49
2005-12-08,2009,4.49
2005-12-09,2009,4.49
2005-12-12,2009,4.5
2005-12-13,2009,4.5
2005-12-14,2009,4.5
2005-12-15,2009,4.5
2005-12-16,2009,4.5
2005-12-19,2009,4.5
2005-12-20,2009,4.5
2005-12-21,2009,4.5
2005-12-22,2009,4.5
2005-12-23,2009,4.5
2005-12-26,2009,4.5
2005-12-27,2009,4.5
2005-12-28,2009,4.5
2005-12-29,2009,4.5
2005-12-30,2009,4.5
2006-01-02,2009,4.5
2006-01-03,2009,4.5
2006-01-04,2009,4.5
2006-01-05,2009,4.5
2006-01-06,2009,4.49
2006-01-09,2009,4.5
2006-01-10,2009,4.5
2006-01-11,2009,4.5
2006-01-12,2009,4.5
2006-01-13,2009,4.5
2006-01-16,2009,4.5
2006-01-17,2009,4.5
2006-01-18,2009,4.5
2006-01-19,2009,4.5
2006-01-20,2009,4.5
2006-01-23,2009,4.49
2006-01-24,2009,4.49
2006-01-25,2009,4.49
2006-01-26,2009,4.3
2006-01-27,2009,4.3
2006-01-30,2009,4.39
2006-01-31,2009,4.49
2006-02-01,2009,4.49
2006-02-02,2009,4.39
2006-02-03,2009,4.49
2006-02-06,2009,4.5
2006-02-07,2009,4.5
2006-02-08,2009,4.5
2006-02-09,2009,4.5
2006-02-10,2009,4.5
2006-02-13,2009,4.49
2006-02-14,2009,4.49
2006-02-15,2009,4.48
2006-02-16,2009,4.39
2006-02-17,2009,4.39
2006-02-20,2009,4.39
2006-02-21,2009,4.35
2006-02-22,2009,4.35
2006-02-23,2009,4.35
2006-02-24,2009,4.35
2006-03-01,2009,4.44
2006-03-02,2009,4.44
2006-03-03,2009,4.44
2006-03-06,2009,4.44
2006-03-07,2009,4.44
2006-03-08,2009,4.44
2006-03-09,2009,4.35
2006-03-10,2009,4.35
2006-03-13,2009,4.4
2006-03-14,2009,4.4
2006-03-15,2009,4.4
2006-03-16,2009,4.4
2006-03-17,2009,4.4
2006-03-20,2009,4.4
2006-03-21,2009,4.4
2006-03-22,2009,4.4
2006-03-23,2009,4.35
2006-03-24,2009,4.35
2006-03-27,2009,4.3
2006-03-28,2009,4.3
2006-03-29,2009,4.3
2006-03-30,2009,4.3
2006-03-31,2009,4.3
2006-04-03,2009,4.3
2006-04-04,2009,4.3
2006-04-05,2009,4.3
2006-04-06,2009,4.3
2006-04-07,2009,4.3
2006-04-10,2009,4.3
2006-04-11,2009,4.3
2006-04-12,2009,4.3
2006-04-13,2009,4.3
2006-04-17,2009,4.3
2006-04-18,2009,4.3
2006-04-19,2009,4.3
2006-04-20,2009,4.3
2006-04-24,2009,4.35
2006-04-25,2009,4.3
2006-04-26,2009,4.3
2006-04-27,2009,4.3
2006-04-28,2009,4.3
2006-05-02,2009,4.3
2006-05-03,2009,4.3
2006-05-04,2009,4.3
2006-05-05,2009,4.3
2006-05-08,2009,4.3
2006-05-09,2009,4.3
2006-05-10,2009,4.3
2006-05-11,2009,4.3
2006-05-12,2009,4.3
2006-05-15,2009,4.3
2006-05-16,2009,4.3
2006-05-17,2009,4.3
2006-05-18,2009,4.3
2006-05-19,2009,4.3
2006-05-22,2009,4.3
2006-05-23,2009,4.3
2006-05-24,2009,4.3
2006-05-25,2009,4.3
2006-05-26,2009,4.3
2006-05-29,2009,4.3
2006-05-30,2009,4.3
2006-05-31,2009,4.3
2006-06-01,2009,4.3
2006-06-02,2009,4.3
2006-06-05,2009,4.3
2006-06-06,2009,4.3
2006-06-07,2009,4.3
2006-06-08,2009,4.3
2006-06-09,2009,4.3
2006-06-12,2009,4.3
2006-06-13,2009,4.3
2006-06-14,2009,4.3
2006-06-16,2009,4.3
2006-06-19,2009,4.3
2006-06-20,2009,4.3
2006-06-21,2009,4.3
2006-06-22,2009,4.3
2006-06-23,2009,4.4
2006-06-26,2009,4.5
2006-06-27,2009,4.5
2006-06-28,2009,4.5
2006-06-29,2009,4.5
2006-06-30,2009,4.5
2006-07-03,2009,4.5
2006-07-04,2009,4.5
2006-07-05,2009,4.5
2006-07-06,2009,4.5
2006-07-07,2009,4.5
2006-07-10,2009,4.5
2006-07-11,2009,4.5
2006-07-12,2009,4.5
2006-07-13,2009,4.5
2006-07-14,2009,4.5
2006-07-17,2009,4.5
2006-07-18,2009,4.5
2006-07-19,2009,4.5
2006-07-20,2009,4.5
2006-07-21,2009,4.5
2006-07-24,2009,4.5
2006-07-25,2009,4.5
2006-07-26,2009,4.5
2006-07-27,2009,4.5
2006-07-28,2009,4.5
2006-07-31,2009,4.5
2006-08-01,2009,4.5
2006-08-02,2009,4.5
2006-08-03,2009,4.5
2006-08-04,2009,4.5
2006-08-07,2009,4.4
2006-08-08,2009,4.4
2006-08-09,2009,4.35
2006-08-10,2009,4.3
2006-08-11,2009,4.35
2006-08-14,2009,4.4
2006-08-15,2009,4.35
2006-08-16,2009,4.35
2006-08-17,2009,4.35
2006-08-18,2009,4.4
2006-08-21,2009,4.4
2006-08-22,2009,4.4
2006-08-23,2009,4.4
2006-08-24,2009,4.4
2006-08-25,2009,4.4
2006-08-28,2009,4.4
2006-08-29,2009,4.4
2006-08-30,2009,4.4
2006-08-31,2009,4.4
2006-09-01,2009,4.3
2006-09-04,2009,4.4
2006-09-05,2009,4.3
2006-09-06,2009,4.3
2006-09-08,2009,4.3
2006-09-11,2009,4.3
2006-09-12,2009,4.3
2006-09-13,2009,4.3
2006-09-14,2009,4.3
2006-09-15,2009,4.3
2006-09-18,2009,4.3
2006-09-19,2009,4.3
2006-09-20,2009,4.3
2006-09-21,2009,4.3
2006-09-22,2009,4.3
2006-09-25,2009,4.3
2006-09-26,2009,4.3
2006-09-27,2009,4.3
2006-09-28,2009,4.3
2006-09-29,2009,4.3
2006-10-02,2009,4.3
2006-10-03,2009,4.3
2006-10-04,2009,4.25
2006-10-05,2009,4.25
2006-10-06,2009,4.2
2006-10-09,2009,4.23
2006-10-10,2009,4.23
2006-10-11,2009,4.23
2006-10-13,2009,4.2
2006-10-16,2009,4.2
2006-10-17,2009,4.2
2006-10-18,2009,4.2
2006-10-19,2009,4.2
2006-10-20,2009,4.2
2006-10-23,2009,4.2
2006-10-24,2009,4.2
2006-10-25,2009,4.2
2006-10-26,2009,4.18
2006-10-27,2009,4.2
2006-10-30,2009,4.2
2006-10-31,2009,4.2
2006-11-01,2009,4.2
2006-11-03,2009,4.2
2006-11-06,2009,4.2
2006-11-07,2009,4.2
2006-11-08,2009,4.2
2006-11-09,2009,4.2
2006-11-10,2009,4.2
2006-11-13,2009,4.2
2006-11-14,2009,4.2
2006-11-16,2009,4.2
2006-11-17,2009,4.2
2006-11-20,2009,4.2
2006-11-21,2009,4.2
2006-11-22,2009,4.2
2006-11-23,2009,4.23
2006-11-24,2009,4.2
2006-11-27,2009,4.2
2006-11-28,2009,4.2
2006-11-29,2009,4.2
2006-11-30,2009,4.2
2006-12-01,2009,4.2
2006-12-04,2009,4.2
2006-12-05,2009,4.2
2006-12-06,2009,4.2
2006-12-07,2009,4.2
2006-12-08,2009,4.1
2006-12-11,2009,4.1
2006-12-12,2009,4.1
2006-12-13,2009,4.1
2006-12-14,2009,4.1
2006-12-15,2009,4.1
2006-12-18,2009,4.1
2006-12-19,2009,4.1
2006-12-20,2009,4.1
2006-12-21,2009,4.1
2006-12-22,2009,4.1
2006-12-26,2009,4.1
2006-12-27,2009,4.1
2006-12-28,2009,4.1
2006-12-29,2009,4.1
2007-01-02,2009,4.1
2007-01-03,2009,4.1
2007-01-04,2009,4.05
2007-01-05,2009,4.05
2007-01-08,2009,4.05
2007-01-09,2009,4.05
2007-01-10,2009,4.1
2007-01-11,2009,4.1
2007-01-12,2009,4.0
2007-01-15,2009,4.0
2007-01-16,2009,4.0
2007-01-17,2009,4.0
2007-01-18,2009,4.0
2007-01-19,2009,4.0
2007-01-22,2009,4.05
2007-01-23,2009,4.0
2007-01-24,2009,4.0
2007-01-25,2009,4.0
2007-01-26,2009,4.0
2007-01-29,2009,4.0
2007-01-30,2009,4.0
2007-01-31,2009,4.0
2007-02-01,2009,4.0
2007-02-02,2009,4.0
2007-02-05,2009,4.0
2007-02-06,2009,4.0
2007-02-07,2009,4.0
2007-02-08,2009,4.0
2007-02-09,2009,4.0
2007-02-12,2009,4.0
2007-02-13,2009,4.0
2007-02-14,2009,4.0
2007-02-15,2009,4.0
2007-02-16,2009,4.0
2007-02-21,2009,4.0
2007-02-22,2009,4.0
2007-02-23,2009,4.0
2007-02-26,2009,4.0
2007-02-27,2009,4.0
2007-02-28,2009,4.0
2007-03-01,2009,4.0
2007-03-02,2009,4.0
2007-03-05,2009,4.0
2007-03-06,2009,4.0
2007-03-07,2009,4.0
2007-03-08,2009,4.0
2007-03-09,2009,4.0
2007-03-12,2009,4.0
2007-03-13,2009,4.0
2007-03-14,2009,4.0
2007-03-15,2009,4.0
2007-03-16,2009,4.0
2007-03-19,2009,4.0
2007-03-20,2009,4.0
2007-03-21,2009,4.0
2007-03-22,2009,4.0
2007-03-23,2009,4.0
2007-03-26,2009,4.0
2007-03-27,2009,4.0
2007-03-28,2009,4.0
2007-03-29,2009,4.1
2007-03-30,2009,4.05
2007-04-02,2009,4.0
2007-04-03,2009,4.0
2007-04-04,2009,4.0
2007-04-05,2009,4.0
2007-04-09,2009,4.0
2007-04-10,2009,4.0
2007-04-11,2009,4.0
2007-04-12,2009,4.0
2007-04-13,2009,4.0
2007-04-16,2009,4.0
2007-04-17,2009,4.0
2007-04-18,2009,4.0
2007-04-19,2009,4.0
2007-04-20,2009,4.0
2007-04-23,2009,4.0
2007-04-24,2009,4.0
2007-04-25,2009,4.0
2007-04-26,2009,4.0
2007-04-27,2009,4.0
2007-04-30,2009,4.0
2007-05-02,2009,4.0
2007-05-03,2009,4.0
2007-05-04,2009,4.0
2007-05-07,2009,4.0
2007-05-08,2009,4.0
2007-05-09,2009,4.0
2007-05-10,2009,4.0
2007-05-11,2009,4.0
2007-05-14,2009,4.0
2007-05-15,2009,4.0
2007-05-16,2009,4.0
2007-05-17,2009,4.0
2007-05-18,2009,4.0
2007-05-21,2009,4.0
2007-05-22,2009,4.0
2007-05-23,2009,4.0
2007-05-24,2009,4.0
2007-05-25,2009,4.0
2007-05-28,2009,4.0
2007-05-29,2009,4.0
2007-05-30,2009,4.0
2007-05-31,2009,4.0
2007-06-01,2009,4.0
2007-06-04,2009,4.0
2007-06-05,2009,4.0
2007-06-06,2009,4.0
2007-06-08,2009,4.0
2007-06-11,2009,4.0
2007-06-12,2009,4.0
2007-06-13,2009,4.0
2007-06-14,2009,4.0
2007-06-15,2009,4.0
2007-06-18,2009,4.0
2007-06-19,2009,4.0
2007-06-20,2009,4.0
2007-06-21,2009,4.0
2007-06-22,2009,4.0
2007-06-25,2009,4.0
2007-06-26,2009,4.0
2007-06-27,2009,4.0
2007-06-28,2009,4.0
2007-06-29,2009,4.0
2007-07-02,2009,4.0
2007-07-03,2009,4.0
2007-07-04,2009,4.0
2007-07-05,2009,4.0
2007-07-06,2009,4.0
2007-07-09,2009,4.0
2007-07-10,2009,4.0
2007-07-11,2009,4.0
2007-07-12,2009,4.0
2007-07-13,2009,4.0
2007-07-16,2009,4.0
2007-07-17,2009,4.0
2007-07-18,2009,4.0
2007-07-19,2009,4.0
2007-07-20,2009,4.0
2007-07-23,2009,4.0
2007-07-24,2009,4.0
2007-07-25,2009,4.0
2007-07-26,2009,4.0
2007-07-27,2009,4.0
2007-07-30,2009,4.0
2007-07-31,2009,4.0
2007-08-01,2009,4.0
2007-08-02,2009,4.0
2007-08-03,2009,4.0
2007-08-06,2009,4.0
2007-08-07,2009,4.0
2007-08-08,2009,4.0
2007-08-09,2009,4.0
2007-08-10,2009,4.0
2007-08-13,2009,4.0
2007-08-14,2009,4.0
2007-08-15,2009,4.0
2007-08-16,2009,4.0
2007-08-17,2009,4.0
2007-08-20,2009,4.0
2007-08-21,2009,4.0
2007-08-22,2009,4.0
2007-08-23,2009,4.0
2007-08-24,2009,4.0
2007-08-27,2009,4.0
2007-08-28,2009,4.0
2007-08-29,2009,4.0
2007-08-30,2009,4.0
2007-08-31,2009,4.0
2007-09-03,2009,4.0
2007-09-04,2009,4.0
2007-09-05,2009,4.0
2007-09-06,2009,4.0
2007-09-10,2009,4.0
2007-09-11,2009,4.0
2007-09-12,2009,4.0
2007-09-13,2009,4.0
2007-09-14,2009,4.0
2007-09-17,2009,4.0
2007-09-18,2009,4.0
2007-09-19,2009,4.0
2007-09-20,2009,4.0
2007-09-21,2009,4.0
2007-09-24,2009,4.0
2007-09-25,2009,4.0
2007-09-26,2009,4.0
2007-09-27,2009,4.0
2007-09-28,2009,4.0
2007-10-01,2009,4.0
2007-10-02,2009,4.0
2007-10-03,2009,4.0
2007-10-04,2009,4.0
2007-10-05,2009,4.0
2007-10-08,2009,4.0
2007-10-09,2009,4.0
2007-10-10,2009,4.0
2007-10-11,2009,4.0
2007-10-15,2009,4.0
2007-10-16,2009,4.0
2007-10-17,2009,4.0
2007-10-18,2009,4.0
2007-10-19,2009,4.0
2007-10-22,2009,4.0
2007-10-23,2009,4.0
2007-10-24,2009,4.0
2007-10-25,2009,4.0
2007-10-26,2009,4.0
2007-10-29,2009,4.0
2007-10-30,2009,4.0
2007-10-31,2009,4.0
2007-11-01,2009,4.0
2007-11-05,2009,4.0
2007-11-06,2009,4.0
2007-11-07,2009,4.0
2007-11-08,2009,4.0
2007-11-09,2009,4.0
2007-11-12,2009,4.0
2007-11-13,2009,4.0
2007-11-14,2009,4.0
2007-11-16,2009,4.0
2007-11-19,2009,4.0
2007-11-20,2009,4.0
2007-11-21,2009,4.0
2007-11-22,2009,4.0
2007-11-23,2009,4.0
2007-11-26,2009,4.0
2007-11-27,2009,4.0
2007-11-28,2009,4.0
2007-11-29,2009,4.0
2007-11-30,2009,4.0
2007-12-03,2009,4.0
2007-12-04,2009,4.0
2007-12-05,2009,4.0
2007-12-06,2009,4.0
2007-12-07,2009,4.0
2007-12-10,2009,4.0
2007-12-11,2009,4.0
2007-12-12,2009,4.0
2007-12-13,2009,4.0
2007-12-14,2009,4.0
2007-12-17,2009,4.0
2007-12-18,2009,4.0
2007-12-19,2009,4.0
2007-12-20,2009,4.0
2007-12-21,2009,4.02
2007-12-24,2009,4.03
2007-12-26,2009,4.03
2007-12-27,2009,4.03
2007-12-28,2009,4.0
2007-12-31,2009,4.0
2008-01-02,2009,4.0
2008-01-03,2009,4.02
2008-01-04,2009,4.02
2008-01-07,2009,4.0
2008-01-08,2009,4.0
2008-01-09,2009,4.0
2008-01-10,2009,4.0
2008-01-11,2009,4.0
2008-01-14,2009,4.05
2008-01-15,2009,4.1
2008-01-16,2009,4.1
2008-01-17,2009,4.1
2008-01-18,2009,4.15
2008-01-21,2009,4.1
2008-01-22,2009,4.13
2008-01-23,2009,4.15
2008-01-24,2009,4.2
2008-01-25,2009,4.2
2008-01-28,2009,4.2
2008-01-29,2009,4.2
2008-01-30,2009,4.2
2008-01-31,2009,4.2
2008-02-01,2009,4.2
2008-02-06,2009,4.2
2008-02-07,2009,4.2
2008-02-08,2009,4.2
2008-02-11,2009,4.23
2008-02-12,2009,4.23
2008-02-13,2009,4.25
2008-02-14,2009,4.2
2008-02-15,2009,4.2
2008-02-18,2009,4.2
2008-02-19,2009,4.23
2008-02-20,2009,4.23
2008-02-21,2009,4.23
2008-02-22,2009,4.22
2008-02-25,2009,4.27
2008-02-26,2009,4.3
2008-02-27,2009,4.3
2008-02-28,2009,4.3
2008-02-29,2009,4.3
2008-03-03,2009,4.25
2008-03-04,2009,4.25
2008-03-05,2009,4.28
2008-03-06,2009,4.3
2008-03-07,2009,4.3
2008-03-10,2009,4.3
2008-03-11,2009,4.3
2008-03-12,2009,4.3
2008-03-13,2009,4.3
2008-03-14,2009,4.3
2008-03-17,2009,4.3
2008-03-18,2009,4.3
2008-03-19,2009,4.3
2008-03-20,2009,4.3
2008-03-24,2009,4.3
2008-03-25,2009,4.3
2008-03-26,2009,4.3
2008-03-27,2009,4.3
2008-03-28,2009,4.31
2008-03-31,2009,4.3
2008-04-01,2009,4.3
2008-04-02,2009,4.3
2008-04-03,2009,4.31
2008-04-04,2009,4.3
2008-04-07,2009,4.31
2008-04-08,2009,4.31
2008-04-09,2009,4.31
2008-04-10,2009,4.34
2008-04-11,2009,4.4
2008-04-14,2009,4.4
2008-04-15,2009,4.4
2008-04-16,2009,4.4
2008-04-17,2009,4.4
2008-04-18,2009,4.4
2008-04-22,2009,4.4
2008-04-23,2009,4.4
2008-04-24,2009,4.4
2008-04-25,2009,4.4
2008-04-28,2009,4.4
2008-04-29,2009,4.4
2008-04-30,2009,4.4
2008-05-02,2009,4.49
2008-05-05,2009,4.45
2008-05-06,2009,4.46
2008-05-07,2009,4.46
2008-05-08,2009,4.45
2008-05-09,2009,4.47
2008-05-12,2009,4.5
2008-05-13,2009,4.5
2008-05-14,2009,4.5
2008-05-15,2009,4.5
2008-05-16,2009,4.5
2008-05-19,2009,4.5
2008-05-20,2009,4.5
2008-05-21,2009,4.5
2008-05-23,2009,4.5
2008-05-26,2009,4.5
2008-05-27,2009,4.59
2008-05-28,2009,4.59
2008-05-29,2009,4.59
2008-05-30,2009,4.6
2008-06-02,2009,4.6
2008-06-03,2009,4.6
2008-06-04,2009,4.6
2008-06-05,2009,4.6
2008-06-06,2009,4.6
2008-06-09,2009,4.6
2008-06-10,2009,4.61
2008-06-11,2009,4.62
2008-06-12,2009,4.63
2008-06-13,2009,4.63
2008-06-16,2009,4.7
2008-06-17,2009,4.7
2008-06-18,2009,4.7
2008-06-19,2009,4.7
2008-06-20,2009,4.78
2008-06-23,2009,4.8
2008-06-24,2009,4.8
2008-06-25,2009,4.8
2008-06-26,2009,4.8
2008-06-27,2009,4.8
2008-06-30,2009,4.82
2008-07-01,2009,4.85
2008-07-02,2009,4.9
2008-07-03,2009,4.9
2008-07-04,2009,4.91
2008-07-07,2009,4.96
2008-07-08,2009,5.0
2008-07-09,2009,5.0
2008-07-10,2009,5.0
2008-07-11,2009,5.0
2008-07-14,2009,5.0
2008-07-15,2009,5.0
2008-07-16,2009,5.0
2008-07-17,2009,5.0
2008-07-18,2009,5.0
2008-07-21,2009,5.0
2008-07-22,2009,5.0
2008-07-23,2009,5.0
2008-07-24,2009,5.0
2008-07-25,2009,5.0
2008-07-28,2009,5.0
2008-07-29,2009,5.0
2008-07-30,2009,5.0
2008-07-31,2009,5.0
2008-08-01,2009,5.0
2008-08-04,2009,5.0
2008-08-05,2009,5.0
2008-08-06,2009,5.0
2008-08-07,2009,5.0
2008-08-08,2009,5.0
2008-08-11,2009,5.0
2008-08-12,2009,5.0
2008-08-13,2009,5.0
2008-08-14,2009,5.0
2008-08-15,2009,5.0
2008-08-18,2009,5.0
2008-08-19,2009,5.0
2008-08-20,2009,5.0
2008-08-21,2009,5.0
2008-08-22,2009,5.0
2008-08-25,2009,5.0
2008-08-26,2009,5.0
2008-08-27,2009,5.0
2008-08-28,2009,5.0
2008-08-29,2009,5.0
2008-09-01,2009,5.0
2008-09-02,2009,5.0
2008-09-03,2009,5.0
2008-09-04,2009,5.0
2008-09-05,2009,5.0
2008-09-08,2009,5.0
2008-09-09,2009,5.0
2008-09-10,2009,5.0
2008-09-11,2009,4.99
2008-09-12,2009,4.99
2008-09-15,2009,4.94
2008-09-16,2009,4.94
2008-09-17,2009,4.94
2008-09-18,2009,4.94
2008-09-19,2009,4.97
2008-09-22,2009,4.94
2008-09-23,2009,4.9
2008-09-24,2009,4.9
2008-09-25,2009,4.9
2008-09-26,2009,4.9
2008-09-29,2009,4.9
2008-09-30,2009,4.85
2008-10-01,2009,4.85
2008-10-02,2009,4.85
2008-10-03,2009,4.85
2008-10-06,2009,4.8
2008-10-07,2009,4.8
2008-10-08,2009,4.8
2008-10-09,2009,4.8
2008-10-10,2009,4.8
2008-10-13,2009,4.83
2008-10-14,2009,4.8
2008-10-15,2009,4.83
2008-10-16,2009,4.85
2008-10-17,2009,4.9
2008-10-20,2009,4.9
2008-10-21,2009,4.9
2008-10-22,2009,5.0
2008-10-23,2009,5.0
2008-10-24,2009,5.0
2008-10-27,2009,5.0
2008-10-28,2009,5.0
2008-10-29,2009,5.0
2008-10-30,2009,5.0
2008-10-31,2009,5.06
2008-11-03,2009,5.1
2008-11-04,2009,5.1
2008-11-05,2009,5.1
2008-11-06,2009,5.16
2008-11-07,2009,5.2
2008-11-10,2009,5.2
2008-11-11,2009,5.2
2008-11-12,2009,5.2
2008-11-13,2009,5.2
2008-11-14,2009,5.2
2008-11-17,2009,5.2
2008-11-18,2009,5.2
2008-11-19,2009,5.2
2008-11-20,2009,5.2
2008-11-21,2009,5.2
2008-11-24,2009,5.2
2008-11-25,2009,5.2
2008-11-26,2009,5.27
2008-11-27,2009,5.27
2008-11-28,2009,5.25
2008-12-01,2009,5.29
2008-12-02,2009,5.25
2008-12-03,2009,5.2
2008-12-04,2009,5.2
2008-12-05,2009,5.2
2008-12-08,2009,5.2
2008-12-09,2009,5.2
2008-12-10,2009,5.2
2008-12-11,2009,5.2
2008-12-12,2009,5.2
2008-12-15,2009,5.2
2008-12-16,2009,5.2
2008-12-17,2009,5.2
2008-12-18,2009,5.1
2008-12-19,2009,5.02
2008-12-22,2009,5.0
2008-12-23,2009,5.0
2008-12-24,2009,5.0
2008-12-26,2009,5.0
2008-12-29,2009,5.0
2008-12-30,2009,5.0
2008-12-31,2009,5.0
2009-01-02,2009,5.0
2009-01-05,2009,5.0
2009-01-06,2009,5.0
2009-01-07,2009,5.0
2009-01-08,2009,5.0
2009-01-09,2009,5.0
2009-01-12,2009,4.99
2009-01-13,2009,4.99
2009-01-14,2009,4.88
2009-01-15,2009,4.8
2009-01-16,2009,4.8
2009-01-19,2009,4.7
2009-01-20,2009,4.71
2009-01-21,2009,4.7
2009-01-22,2009,4.64
2009-01-23,2009,4.64
2009-01-26,2009,4.66
2009-01-27,2009,4.63
2009-01-28,2009,4.63
2009-01-29,2009,4.6
2009-01-30,2009,4.6
2009-02-02,2009,4.6
2009-02-03,2009,4.6
2009-02-04,2009,4.6
2009-02-05,2009,4.6
2009-02-06,2009,4.73
2009-02-09,2009,4.73
2009-02-10,2009,4.73
2009-02-11,2009,4.73
2009-02-12,2009,4.72
2009-02-13,2009,4.69
2009-02-16,2009,4.69
2009-02-17,2009,4.68
2009-02-18,2009,4.7
2009-02-19,2009,4.66
2009-02-20,2009,4.66
2009-02-25,2009,4.67
2009-02-26,2009,4.68
2009-02-27,2009,4.66
2009-03-02,2009,4.6
2009-03-03,2009,4.59
2009-03-04,2009,4.59
2009-03-05,2009,4.57
2009-03-06,2009,4.57
2009-03-09,2009,4.56
2009-03-10,2009,4.55
2009-03-11,2009,4.55
2009-03-12,2009,4.53
2009-03-13,2009,4.52
2009-03-16,2009,4.51
2009-03-17,2009,4.5
2009-03-18,2009,4.45
2009-03-19,2009,4.43
2009-03-20,2009,4.42
2009-03-23,2009,4.36
2009-03-24,2009,4.4
2009-03-25,2009,4.37
2009-03-26,2009,4.37
2009-03-27,2009,4.32
2009-03-30,2009,4.3
2009-03-31,2009,4.32
2009-04-01,2009,4.31
2009-04-02,2009,4.31
2009-04-03,2009,4.26
2009-04-06,2009,4.28
2009-04-07,2009,4.28
2009-04-08,2009,4.23
2009-04-09,2009,4.25
2009-04-13,2009,4.26
2009-04-14,2009,4.26
2009-04-15,2009,4.27
2009-04-16,2009,4.27
2009-04-17,2009,4.23
2009-04-20,2009,4.25
2009-04-22,2009,4.25
2009-04-23,2009,4.3
2009-04-24,2009,4.3
2009-04-27,2009,4.3
2009-04-28,2009,4.3
2009-04-29,2009,4.3
2009-04-30,2009,4.3
2009-05-04,2009,4.3
2009-05-05,2009,4.3
2009-05-06,2009,4.3
2009-05-07,2009,4.3
2009-05-08,2009,4.36
2009-05-11,2009,4.34
2009-05-12,2009,4.34
2009-05-13,2009,4.33
2009-05-14,2009,4.33
2009-05-15,2009,4.33
2009-05-18,2009,4.34
2009-05-19,2009,4.33
2009-05-20,2009,4.32
2009-05-21,2009,4.33
2009-05-22,2009,4.33
2009-05-25,2009,4.33
2009-05-26,2009,4.33
2009-05-27,2009,4.33
2009-05-28,2009,4.33
2009-05-29,2009,4.33
2009-06-01,2009,4.33
2009-06-02,2009,4.33
2009-06-03,2009,4.33
2009-06-04,2009,4.33
2009-06-05,2009,4.33
2009-06-08,2009,4.33
2009-06-09,2009,4.33
2009-06-10,2009,4.4
2009-06-12,2009,4.39
2009-06-15,2009,4.4
2009-06-16,2009,4.4
2009-06-17,2009,4.39
2009-06-18,2009,4.4
2009-06-19,2009,4.4
2009-06-22,2009,4.4
2009-06-23,2009,4.4
2009-06-24,2009,4.4
2009-06-25,2009,4.4
2009-06-26,2009,4.4
2009-06-29,2009,4.41
2009-06-30,2009,4.41
2009-07-01,2009,4.42
2009-07-02,2009,4.42
2009-07-03,2009,4.42
2009-07-06,2009,4.42
2009-07-07,2009,4.43
2009-07-08,2009,4.51
2009-07-09,2009,4.51
2009-07-10,2009,4.5
2009-07-13,2009,4.51
2009-07-14,2009,4.51
2009-07-15,2009,4.52
2009-07-16,2009,4.52
2009-07-17,2009,4.53
2009-07-20,2009,4.53
2009-07-21,2009,4.53
2009-07-22,2009,4.53
2009-07-23,2009,4.54
2009-07-24,2009,4.53
2009-07-27,2009,4.53
2009-07-28,2009,4.53
2009-07-29,2009,4.53
2009-07-30,2009,4.5
2009-07-31,2009,4.5
2009-08-03,2009,4.5
2009-08-04,2009,4.5
2009-08-05,2009,4.5
2009-08-06,2009,4.49
2009-08-07,2009,4.4
2009-08-10,2009,4.4
2009-08-11,2009,4.4
2009-08-12,2009,4.38
2009-08-13,2009,4.38
2009-08-14,2009,4.37
2009-08-17,2009,4.34
2009-08-18,2009,4.34
2009-08-19,2009,4.33
2009-08-20,2009,4.32
2009-08-21,2009,4.32
2009-08-24,2009,4.29
2009-08-25,2009,4.29
2009-08-26,2009,4.29
2009-08-27,2009,4.29
2009-08-28,2009,4.29
2009-08-31,2009,4.3
2009-09-01,2009,4.3
2009-09-02,2009,4.3
2009-09-03,2009,4.3
2009-09-04,2009,4.3
2009-09-08,2009,4.3
2009-09-09,2009,4.31
2009-09-10,2009,4.3
2009-09-11,2009,4.3
2009-09-14,2009,4.3
2009-09-15,2009,4.3
2009-09-16,2009,4.3
2009-09-17,2009,4.3
2009-09-18,2009,4.31
2009-09-21,2009,4.3
2009-09-22,2009,4.3
2009-09-23,2009,4.3
2009-09-24,2009,4.3
2009-09-25,2009,4.3
2009-09-28,2009,4.3
2009-09-29,2009,4.3
2009-09-30,2009,4.3
2009-10-01,2009,4.3
2009-10-02,2009,4.31
2009-10-05,2009,4.31
2009-10-06,2009,4.31
2009-10-07,2009,4.31
2009-10-08,2009,4.3
2009-10-09,2009,4.29
2009-10-13,2009,4.29
2009-10-14,2009,4.3
2009-10-15,2009,4.3
2009-10-16,2009,4.3
2009-10-19,2009,4.3
2009-10-20,2009,4.3
2009-10-21,2009,4.3
2009-10-22,2009,4.29
2009-10-23,2009,4.29
2009-10-26,2009,4.29
2009-10-27,2009,4.29
2009-10-28,2009,4.29
2009-10-29,2009,4.28
2009-10-30,2009,4.27
2009-11-03,2009,4.27
2009-11-04,2009,4.27
2009-11-05,2009,4.27
2009-11-06,2009,4.27
2009-11-09,2009,4.25
2009-11-10,2009,4.25
2009-11-11,2009,4.27
2009-11-12,2009,4.27
2009-11-13,2009,4.26
2009-11-16,2009,4.26
2009-11-17,2009,4.27
2009-11-18,2009,4.26
2009-11-19,2009,4.26
2009-11-20,2009,4.26
2009-11-23,2009,4.25
2009-11-24,2009,4.25
2009-11-25,2009,4.25
2009-11-26,2009,4.25
2009-11-27,2009,4.25
2009-11-30,2009,4.25
2009-12-01,2009,4.25
2009-12-02,2009,4.26
2009-12-03,2009,4.26
2009-12-04,2009,4.26
2009-12-07,2009,4.26
2009-12-08,2009,4.26
2009-12-09,2009,4.31
2009-12-10,2009,4.31
2009-12-11,2009,4.31
2009-12-14,2009,4.31
2009-12-15,2009,4.31
2009-12-16,2009,4.31
2009-12-17,2009,4.3
2009-12-18,2009,4.29
2009-12-21,2009,4.29
2009-12-22,2009,4.28
2009-12-23,2009,4.28
2009-12-24,2009,4.28
2009-12-28,2009,4.28
2009-12-29,2009,4.28
2009-12-30,2009,4.28
2009-12-31,2009,4.28
2010-01-04,2009,4.29
2010-01-05,2009,4.29
2010-01-06,2009,4.29
2010-01-07,2009,4.29
2010-01-08,2009,4.29
2010-01-11,2009,4.29
2010-01-12,2009,4.29
2006-01-12,2010,4.85
2006-01-13,2010,4.5
2006-01-16,2010,4.5
2006-01-17,2010,4.5
2006-01-18,2010,4.5
2006-01-19,2010,4.5
2006-01-20,2010,4.5
2006-01-23,2010,4.5
2006-01-24,2010,4.5
2006-01-25,2010,4.5
2006-01-26,2010,4.5
2006-01-27,2010,4.5
2006-01-30,2010,4.5
2006-01-31,2010,4.5
2006-02-01,2010,4.5
2006-02-02,2010,4.5
2006-02-03,2010,4.5
2006-02-06,2010,4.5
2006-02-07,2010,4.5
2006-02-08,2010,4.5
2006-02-09,2010,4.5
2006-02-10,2010,4.5
2006-02-13,2010,4.5
2006-02-14,2010,4.5
2006-02-15,2010,4.5
2006-02-16,2010,4.5
2006-02-17,2010,4.5
2006-02-20,2010,4.5
2006-02-21,2010,4.5
2006-02-22,2010,4.5
2006-02-23,2010,4.5
2006-02-24,2010,4.5
2006-03-01,2010,4.5
2006-03-02,2010,4.5
2006-03-03,2010,4.5
2006-03-06,2010,4.5
2006-03-07,2010,4.5
2006-03-08,2010,4.5
2006-03-09,2010,4.5
2006-03-10,2010,4.5
2006-03-13,2010,4.5
2006-03-14,2010,4.5
2006-03-15,2010,4.5
2006-03-16,2010,4.5
2006-03-17,2010,4.5
2006-03-20,2010,4.5
2006-03-21,2010,4.5
2006-03-22,2010,4.5
2006-03-23,2010,4.5
2006-03-24,2010,4.5
2006-03-27,2010,4.5
2006-03-28,2010,4.5
2006-03-29,2010,4.5
2006-03-30,2010,4.5
2006-03-31,2010,4.5
2006-04-03,2010,4.5
2006-04-04,2010,4.5
2006-04-05,2010,4.5
2006-04-06,2010,4.3
2006-04-07,2010,4.3
2006-04-10,2010,4.3
2006-04-11,2010,4.3
2006-04-12,2010,4.3
2006-04-13,2010,4.3
2006-04-17,2010,4.3
2006-04-18,2010,4.3
2006-04-19,2010,4.4
2006-04-20,2010,4.4
2006-04-24,2010,4.4
2006-04-25,2010,4.4
2006-04-26,2010,4.4
2006-04-27,2010,4.4
2006-04-28,2010,4.45
2006-05-02,2010,4.45
2006-05-03,2010,4.4
2006-05-04,2010,4.35
2006-05-05,2010,4.35
2006-05-08,2010,4.35
2006-05-09,2010,4.4
2006-05-10,2010,4.3
2006-05-11,2010,4.3
2006-05-12,2010,4.3
2006-05-15,2010,4.3
2006-05-16,2010,4.3
2006-05-17,2010,4.3
2006-05-18,2010,4.3
2006-05-19,2010,4.3
2006-05-22,2010,4.3
2006-05-23,2010,4.3
2006-05-24,2010,4.3
2006-05-25,2010,4.3
2006-05-26,2010,4.3
2006-05-29,2010,4.3
2006-05-30,2010,4.3
2006-05-31,2010,4.3
2006-06-01,2010,4.3
2006-06-02,2010,4.3
2006-06-05,2010,4.3
2006-06-06,2010,4.3
2006-06-07,2010,4.3
2006-06-08,2010,4.3
2006-06-09,2010,4.3
2006-06-12,2010,4.3
2006-06-13,2010,4.3
2006-06-14,2010,4.3
2006-06-16,2010,4.3
2006-06-19,2010,4.3
2006-06-20,2010,4.3
2006-06-21,2010,4.3
2006-06-22,2010,4.4
2006-06-23,2010,4.4
2006-06-26,2010,4.5
2006-06-27,2010,4.5
2006-06-28,2010,4.5
2006-06-29,2010,4.5
2006-06-30,2010,4.5
2006-07-03,2010,4.5
2006-07-04,2010,4.5
2006-07-05,2010,4.5
2006-07-06,2010,4.5
2006-07-07,2010,4.5
2006-07-10,2010,4.5
2006-07-11,2010,4.5
2006-07-12,2010,4.5
2006-07-13,2010,4.5
2006-07-14,2010,4.5
2006-07-17,2010,4.5
2006-07-18,2010,4.5
2006-07-19,2010,4.5
2006-07-20,2010,4.5
2006-07-21,2010,4.5
2006-07-24,2010,4.4
2006-07-25,2010,4.4
2006-07-26,2010,4.4
2006-07-27,2010,4.4
2006-07-28,2010,4.5
2006-07-31,2010,4.4
2006-08-01,2010,4.4
2006-08-02,2010,4.4
2006-08-03,2010,4.4
2006-08-04,2010,4.4
2006-08-07,2010,4.4
2006-08-08,2010,4.4
2006-08-09,2010,4.35
2006-08-10,2010,4.35
2006-08-11,2010,4.35
2006-08-14,2010,4.4
2006-08-15,2010,4.35
2006-08-16,2010,4.35
2006-08-17,2010,4.35
2006-08-18,2010,4.35
2006-08-21,2010,4.35
2006-08-22,2010,4.35
2006-08-23,2010,4.35
2006-08-24,2010,4.35
2006-08-25,2010,4.35
2006-08-28,2010,4.35
2006-08-29,2010,4.35
2006-08-30,2010,4.35
2006-08-31,2010,4.3
2006-09-01,2010,4.3
2006-09-04,2010,4.3
2006-09-05,2010,4.3
2006-09-06,2010,4.3
2006-09-08,2010,4.25
2006-09-11,2010,4.3
2006-09-12,2010,4.3
2006-09-13,2010,4.2
2006-09-14,2010,4.2
2006-09-15,2010,4.2
2006-09-18,2010,4.2
2006-09-19,2010,4.2
2006-09-20,2010,4.2
2006-09-21,2010,4.15
2006-09-22,2010,4.15
2006-09-25,2010,4.15
2006-09-26,2010,4.1
2006-09-27,2010,4.1
2006-09-28,2010,4.1
2006-09-29,2010,4.0
2006-10-02,2010,4.0
2006-10-03,2010,4.0
2006-10-04,2010,4.0
2006-10-05,2010,4.0
2006-10-06,2010,4.0
2006-10-09,2010,4.0
2006-10-10,2010,4.0
2006-10-11,2010,4.0
2006-10-13,2010,4.0
2006-10-16,2010,4.0
2006-10-17,2010,4.0
2006-10-18,2010,4.0
2006-10-19,2010,4.0
2006-10-20,2010,4.0
2006-10-23,2010,4.0
2006-10-24,2010,4.0
2006-10-25,2010,4.0
2006-10-26,2010,4.0
2006-10-27,2010,4.0
2006-10-30,2010,4.0
2006-10-31,2010,4.0
2006-11-01,2010,4.0
2006-11-03,2010,4.0
2006-11-06,2010,4.0
2006-11-07,2010,4.0
2006-11-08,2010,4.0
2006-11-09,2010,4.0
2006-11-10,2010,4.0
2006-11-13,2010,4.0
2006-11-14,2010,4.0
2006-11-16,2010,4.0
2006-11-17,2010,4.0
2006-11-20,2010,4.0
2006-11-21,2010,4.0
2006-11-22,2010,4.0
2006-11-23,2010,4.0
2006-11-24,2010,4.0
2006-11-27,2010,4.0
2006-11-28,2010,4.0
2006-11-29,2010,4.0
2006-11-30,2010,4.0
2006-12-01,2010,4.0
2006-12-04,2010,4.0
2006-12-05,2010,4.0
2006-12-06,2010,4.0
2006-12-07,2010,4.0
2006-12-08,2010,4.0
2006-12-11,2010,4.0
2006-12-12,2010,4.0
2006-12-13,2010,4.0
2006-12-14,2010,4.0
2006-12-15,2010,4.0
2006-12-18,2010,4.0
2006-12-19,2010,4.0
2006-12-20,2010,4.0
2006-12-21,2010,4.0
2006-12-22,2010,4.0
2006-12-26,2010,4.0
2006-12-27,2010,4.0
2006-12-28,2010,4.0
2006-12-29,2010,4.0
2007-01-02,2010,4.0
2007-01-03,2010,4.0
2007-01-04,2010,4.0
2007-01-05,2010,4.0
2007-01-08,2010,4.0
2007-01-09,2010,4.0
2007-01-10,2010,4.0
2007-01-11,2010,4.0
2007-01-12,2010,4.0
2007-01-15,2010,4.0
2007-01-16,2010,4.0
2007-01-17,2010,4.0
2007-01-18,2010,4.0
2007-01-19,2010,4.0
2007-01-22,2010,4.0
2007-01-23,2010,4.0
2007-01-24,2010,4.0
2007-01-25,2010,4.0
2007-01-26,2010,4.0
2007-01-29,2010,4.0
2007-01-30,2010,4.0
2007-01-31,2010,4.0
2007-02-01,2010,4.0
2007-02-02,2010,4.0
2007-02-05,2010,4.0
2007-02-06,2010,4.0
2007-02-07,2010,4.0
2007-02-08,2010,4.0
2007-02-09,2010,4.0
2007-02-12,2010,4.0
2007-02-13,2010,4.0
2007-02-14,2010,4.0
2007-02-15,2010,4.0
2007-02-16,2010,4.0
2007-02-21,2010,4.0
2007-02-22,2010,4.0
2007-02-23,2010,4.0
2007-02-26,2010,4.0
2007-02-27,2010,4.0
2007-02-28,2010,4.0
2007-03-01,2010,4.0
2007-03-02,2010,4.0
2007-03-05,2010,4.0
2007-03-06,2010,4.0
2007-03-07,2010,4.0
2007-03-08,2010,4.0
2007-03-09,2010,4.0
2007-03-12,2010,4.0
2007-03-13,2010,4.0
2007-03-14,2010,4.0
2007-03-15,2010,4.0
2007-03-16,2010,4.0
2007-03-19,2010,4.0
2007-03-20,2010,4.0
2007-03-21,2010,4.0
2007-03-22,2010,4.0
2007-03-23,2010,4.0
2007-03-26,2010,4.0
2007-03-27,2010,4.0
2007-03-28,2010,4.0
2007-03-29,2010,4.0
2007-03-30,2010,4.0
2007-04-02,2010,4.0
2007-04-03,2010,4.0
2007-04-04,2010,4.0
2007-04-05,2010,4.0
2007-04-09,2010,4.0
2007-04-10,2010,4.0
2007-04-11,2010,4.0
2007-04-12,2010,4.0
2007-04-13,2010,4.0
2007-04-16,2010,4.0
2007-04-17,2010,4.0
2007-04-18,2010,4.0
2007-04-19,2010,4.0
2007-04-20,2010,4.0
2007-04-23,2010,4.0
2007-04-24,2010,4.0
2007-04-25,2010,4.0
2007-04-26,2010,4.0
2007-04-27,2010,4.0
2007-04-30,2010,4.0
2007-05-02,2010,4.0
2007-05-03,2010,4.0
2007-05-04,2010,4.0
2007-05-07,2010,4.0
2007-05-08,2010,4.0
2007-05-09,2010,4.0
2007-05-10,2010,4.0
2007-05-11,2010,4.0
2007-05-14,2010,4.0
2007-05-15,2010,4.0
2007-05-16,2010,4.0
2007-05-17,2010,4.0
2007-05-18,2010,4.0
2007-05-21,2010,4.0
2007-05-22,2010,4.0
2007-05-23,2010,4.0
2007-05-24,2010,4.0
2007-05-25,2010,4.0
2007-05-28,2010,4.0
2007-05-29,2010,4.0
2007-05-30,2010,4.0
2007-05-31,2010,4.0
2007-06-01,2010,4.0
2007-06-04,2010,4.0
2007-06-05,2010,4.0
2007-06-06,2010,4.0
2007-06-08,2010,4.0
2007-06-11,2010,4.0
2007-06-12,2010,4.0
2007-06-13,2010,4.0
2007-06-14,2010,4.0
2007-06-15,2010,4.0
2007-06-18,2010,4.0
2007-06-19,2010,4.0
2007-06-20,2010,4.0
2007-06-21,2010,4.0
2007-06-22,2010,4.0
2007-06-25,2010,4.0
2007-06-26,2010,4.0
2007-06-27,2010,4.0
2007-06-28,2010,4.0
2007-06-29,2010,4.0
2007-07-02,2010,4.0
2007-07-03,2010,4.0
2007-07-04,2010,4.0
2007-07-05,2010,4.0
2007-07-06,2010,4.0
2007-07-09,2010,4.0
2007-07-10,2010,4.0
2007-07-11,2010,4.0
2007-07-12,2010,4.0
2007-07-13,2010,4.0
2007-07-16,2010,4.0
2007-07-17,2010,4.0
2007-07-18,2010,4.0
2007-07-19,2010,4.0
2007-07-20,2010,4.0
2007-07-23,2010,4.0
2007-07-24,2010,4.0
2007-07-25,2010,4.0
2007-07-26,2010,4.0
2007-07-27,2010,4.0
2007-07-30,2010,4.0
2007-07-31,2010,4.0
2007-08-01,2010,4.0
2007-08-02,2010,4.0
2007-08-03,2010,4.0
2007-08-06,2010,4.0
2007-08-07,2010,4.0
2007-08-08,2010,4.0
2007-08-09,2010,4.0
2007-08-10,2010,4.0
2007-08-13,2010,4.0
2007-08-14,2010,4.0
2007-08-15,2010,4.0
2007-08-16,2010,4.0
2007-08-17,2010,4.0
2007-08-20,2010,4.0
2007-08-21,2010,4.0
2007-08-22,2010,4.0
2007-08-23,2010,4.0
2007-08-24,2010,4.0
2007-08-27,2010,4.0
2007-08-28,2010,4.0
2007-08-29,2010,4.0
2007-08-30,2010,4.0
2007-08-31,2010,4.0
2007-09-03,2010,4.0
2007-09-04,2010,4.0
2007-09-05,2010,4.0
2007-09-06,2010,4.0
2007-09-10,2010,4.0
2007-09-11,2010,4.0
2007-09-12,2010,4.0
2007-09-13,2010,4.0
2007-09-14,2010,4.0
2007-09-17,2010,4.0
2007-09-18,2010,4.0
2007-09-19,2010,4.0
2007-09-20,2010,4.0
2007-09-21,2010,4.0
2007-09-24,2010,4.0
2007-09-25,2010,4.0
2007-09-26,2010,4.0
2007-09-27,2010,4.0
2007-09-28,2010,4.0
2007-10-01,2010,4.0
2007-10-02,2010,4.0
2007-10-03,2010,4.0
2007-10-04,2010,4.0
2007-10-05,2010,4.0
2007-10-08,2010,4.0
2007-10-09,2010,4.0
2007-10-10,2010,4.0
2007-10-11,2010,4.0
2007-10-15,2010,4.0
2007-10-16,2010,4.0
2007-10-17,2010,4.0
2007-10-18,2010,4.0
2007-10-19,2010,4.0
2007-10-22,2010,4.0
2007-10-23,2010,4.0
2007-10-24,2010,4.0
2007-10-25,2010,4.0
2007-10-26,2010,4.0
2007-10-29,2010,4.0
2007-10-30,2010,4.0
2007-10-31,2010,4.0
2007-11-01,2010,4.0
2007-11-05,2010,4.0
2007-11-06,2010,4.0
2007-11-07,2010,4.0
2007-11-08,2010,4.0
2007-11-09,2010,4.0
2007-11-12,2010,4.0
2007-11-13,2010,4.0
2007-11-14,2010,4.0
2007-11-16,2010,4.0
2007-11-19,2010,4.0
2007-11-20,2010,4.0
2007-11-21,2010,4.0
2007-11-22,2010,4.0
2007-11-23,2010,4.0
2007-11-26,2010,4.0
2007-11-27,2010,4.0
2007-11-28,2010,4.0
2007-11-29,2010,4.0
2007-11-30,2010,4.0
2007-12-03,2010,4.0
2007-12-04,2010,4.0
2007-12-05,2010,4.0
2007-12-06,2010,4.0
2007-12-07,2010,4.0
2007-12-10,2010,4.0
2007-12-11,2010,4.0
2007-12-12,2010,4.0
2007-12-13,2010,4.0
2007-12-14,2010,4.0
2007-12-17,2010,4.0
2007-12-18,2010,4.0
2007-12-19,2010,4.0
2007-12-20,2010,4.0
2007-12-21,2010,4.0
2007-12-24,2010,4.0
2007-12-26,2010,4.0
2007-12-27,2010,4.0
2007-12-28,2010,4.0
2007-12-31,2010,4.0
2008-01-02,2010,4.0
2008-01-03,2010,4.0
2008-01-04,2010,4.0
2008-01-07,2010,4.0
2008-01-08,2010,4.0
2008-01-09,2010,4.0
2008-01-10,2010,4.0
2008-01-11,2010,4.0
2008-01-14,2010,4.0
2008-01-15,2010,4.0
2008-01-16,2010,4.0
2008-01-17,2010,4.0
2008-01-18,2010,4.0
2008-01-21,2010,4.0
2008-01-22,2010,4.0
2008-01-23,2010,4.0
2008-01-24,2010,4.0
2008-01-25,2010,4.0
2008-01-28,2010,4.0
2008-01-29,2010,4.0
2008-01-30,2010,4.0
2008-01-31,2010,4.0
2008-02-01,2010,4.0
2008-02-06,2010,4.0
2008-02-07,2010,4.0
2008-02-08,2010,4.0
2008-02-11,2010,4.0
2008-02-12,2010,4.0
2008-02-13,2010,4.0
2008-02-14,2010,4.0
2008-02-15,2010,4.0
2008-02-18,2010,4.0
2008-02-19,2010,4.0
2008-02-20,2010,4.0
2008-02-21,2010,4.0
2008-02-22,2010,4.0
2008-02-25,2010,4.0
2008-02-26,2010,4.0
2008-02-27,2010,4.0
2008-02-28,2010,4.0
2008-02-29,2010,4.0
2008-03-03,2010,4.0
2008-03-04,2010,4.0
2008-03-05,2010,4.0
2008-03-06,2010,4.0
2008-03-07,2010,4.0
2008-03-10,2010,4.0
2008-03-11,2010,4.0
2008-03-12,2010,4.0
2008-03-13,2010,4.0
2008-03-14,2010,4.0
2008-03-17,2010,4.0
2008-03-18,2010,4.0
2008-03-19,2010,4.0
2008-03-20,2010,4.05
2008-03-24,2010,4.11
2008-03-25,2010,4.18
2008-03-26,2010,4.18
2008-03-27,2010,4.2
2008-03-28,2010,4.2
2008-03-31,2010,4.18
2008-04-01,2010,4.18
2008-04-02,2010,4.18
2008-04-03,2010,4.2
2008-04-04,2010,4.2
2008-04-07,2010,4.2
2008-04-08,2010,4.2
2008-04-09,2010,4.2
2008-04-10,2010,4.2
2008-04-11,2010,4.2
2008-04-14,2010,4.2
2008-04-15,2010,4.2
2008-04-16,2010,4.2
2008-04-17,2010,4.2
2008-04-18,2010,4.2
2008-04-22,2010,4.2
2008-04-23,2010,4.2
2008-04-24,2010,4.2
2008-04-25,2010,4.2
2008-04-28,2010,4.2
2008-04-29,2010,4.2
2008-04-30,2010,4.2
2008-05-02,2010,4.21
2008-05-05,2010,4.21
2008-05-06,2010,4.21
2008-05-07,2010,4.21
2008-05-08,2010,4.2
2008-05-09,2010,4.2
2008-05-12,2010,4.22
2008-05-13,2010,4.22
2008-05-14,2010,4.22
2008-05-15,2010,4.24
2008-05-16,2010,4.3
2008-05-19,2010,4.4
2008-05-20,2010,4.4
2008-05-21,2010,4.41
2008-05-23,2010,4.41
2008-05-26,2010,4.5
2008-05-27,2010,4.5
2008-05-28,2010,4.5
2008-05-29,2010,4.5
2008-05-30,2010,4.5
2008-06-02,2010,4.5
2008-06-03,2010,4.5
2008-06-04,2010,4.5
2008-06-05,2010,4.5
2008-06-06,2010,4.5
2008-06-09,2010,4.5
2008-06-10,2010,4.5
2008-06-11,2010,4.5
2008-06-12,2010,4.5
2008-06-13,2010,4.5
2008-06-16,2010,4.5
2008-06-17,2010,4.5
2008-06-18,2010,4.5
2008-06-19,2010,4.5
2008-06-20,2010,4.5
2008-06-23,2010,4.5
2008-06-24,2010,4.5
2008-06-25,2010,4.5
2008-06-26,2010,4.5
2008-06-27,2010,4.5
2008-06-30,2010,4.5
2008-07-01,2010,4.5
2008-07-02,2010,4.5
2008-07-03,2010,4.5
2008-07-04,2010,4.5
2008-07-07,2010,4.5
2008-07-08,2010,4.5
2008-07-09,2010,4.5
2008-07-10,2010,4.5
2008-07-11,2010,4.5
2008-07-14,2010,4.5
2008-07-15,2010,4.5
2008-07-16,2010,4.5
2008-07-17,2010,4.5
2008-07-18,2010,4.5
2008-07-21,2010,4.5
2008-07-22,2010,4.5
2008-07-23,2010,4.5
2008-07-24,2010,4.5
2008-07-25,2010,4.5
2008-07-28,2010,4.5
2008-07-29,2010,4.5
2008-07-30,2010,4.5
2008-07-31,2010,4.5
2008-08-01,2010,4.5
2008-08-04,2010,4.5
2008-08-05,2010,4.5
2008-08-06,2010,4.5
2008-08-07,2010,4.5
2008-08-08,2010,4.5
2008-08-11,2010,4.5
2008-08-12,2010,4.5
2008-08-13,2010,4.5
2008-08-14,2010,4.5
2008-08-15,2010,4.5
2008-08-18,2010,4.5
2008-08-19,2010,4.5
2008-08-20,2010,4.5
2008-08-21,2010,4.5
2008-08-22,2010,4.5
2008-08-25,2010,4.5
2008-08-26,2010,4.5
2008-08-27,2010,4.5
2008-08-28,2010,4.5
2008-08-29,2010,4.5
2008-09-01,2010,4.5
2008-09-02,2010,4.5
2008-09-03,2010,4.5
2008-09-04,2010,4.5
2008-09-05,2010,4.5
2008-09-08,2010,4.5
2008-09-09,2010,4.5
2008-09-10,2010,4.5
2008-09-11,2010,4.5
2008-09-12,2010,4.5
2008-09-15,2010,4.5
2008-09-16,2010,4.5
2008-09-17,2010,4.5
2008-09-18,2010,4.5
2008-09-19,2010,4.5
2008-09-22,2010,4.5
2008-09-23,2010,4.5
2008-09-24,2010,4.5
2008-09-25,2010,4.5
2008-09-26,2010,4.5
2008-09-29,2010,4.5
2008-09-30,2010,4.5
2008-10-01,2010,4.5
2008-10-02,2010,4.5
2008-10-03,2010,4.5
2008-10-06,2010,4.5
2008-10-07,2010,4.5
2008-10-08,2010,4.5
2008-10-09,2010,4.5
2008-10-10,2010,4.5
2008-10-13,2010,4.5
2008-10-14,2010,4.5
2008-10-15,2010,4.5
2008-10-16,2010,4.5
2008-10-17,2010,4.5
2008-10-20,2010,4.5
2008-10-21,2010,4.5
2008-10-22,2010,4.5
2008-10-23,2010,4.5
2008-10-24,2010,4.5
2008-10-27,2010,4.5
2008-10-28,2010,4.5
2008-10-29,2010,4.5
2008-10-30,2010,4.5
2008-10-31,2010,4.5
2008-11-03,2010,4.5
2008-11-04,2010,4.5
2008-11-05,2010,4.5
2008-11-06,2010,4.5
2008-11-07,2010,4.5
2008-11-10,2010,4.5
2008-11-11,2010,4.5
2008-11-12,2010,4.5
2008-11-13,2010,4.5
2008-11-14,2010,4.5
2008-11-17,2010,4.5
2008-11-18,2010,4.5
2008-11-19,2010,4.5
2008-11-20,2010,4.5
2008-11-21,2010,4.5
2008-11-24,2010,4.5
2008-11-25,2010,4.5
2008-11-26,2010,4.5
2008-11-27,2010,4.5
2008-11-28,2010,4.5
2008-12-01,2010,4.5
2008-12-02,2010,4.5
2008-12-03,2010,4.5
2008-12-04,2010,4.5
2008-12-05,2010,4.5
2008-12-08,2010,4.5
2008-12-09,2010,4.5
2008-12-10,2010,4.5
2008-12-11,2010,4.5
2008-12-12,2010,4.5
2008-12-15,2010,4.5
2008-12-16,2010,4.5
2008-12-17,2010,4.5
2008-12-18,2010,4.5
2008-12-19,2010,4.5
2008-12-22,2010,4.5
2008-12-23,2010,4.5
2008-12-24,2010,4.5
2008-12-26,2010,4.5
2008-12-29,2010,4.5
2008-12-30,2010,4.5
2008-12-31,2010,4.5
2009-01-02,2010,4.5
2009-01-05,2010,4.5
2009-01-06,2010,4.5
2009-01-07,2010,4.5
2009-01-08,2010,4.5
2009-01-09,2010,4.5
2009-01-12,2010,4.5
2009-01-13,2010,4.5
2009-01-14,2010,4.5
2009-01-15,2010,4.5
2009-01-16,2010,4.5
2009-01-19,2010,4.5
2009-01-20,2010,4.5
2009-01-21,2010,4.5
2009-01-22,2010,4.5
2009-01-23,2010,4.5
2009-01-26,2010,4.5
2009-01-27,2010,4.5
2009-01-28,2010,4.5
2009-01-29,2010,4.5
2009-01-30,2010,4.5
2009-02-02,2010,4.5
2009-02-03,2010,4.5
2009-02-04,2010,4.5
2009-02-05,2010,4.5
2009-02-06,2010,4.5
2009-02-09,2010,4.5
2009-02-10,2010,4.5
2009-02-11,2010,4.5
2009-02-12,2010,4.5
2009-02-13,2010,4.5
2009-02-16,2010,4.5
2009-02-17,2010,4.5
2009-02-18,2010,4.5
2009-02-19,2010,4.5
2009-02-20,2010,4.5
2009-02-25,2010,4.5
2009-02-26,2010,4.5
2009-02-27,2010,4.5
2009-03-02,2010,4.5
2009-03-03,2010,4.5
2009-03-04,2010,4.5
2009-03-05,2010,4.5
2009-03-06,2010,4.5
2009-03-09,2010,4.5
2009-03-10,2010,4.5
2009-03-11,2010,4.5
2009-03-12,2010,4.5
2009-03-13,2010,4.5
2009-03-16,2010,4.5
2009-03-17,2010,4.5
2009-03-18,2010,4.5
2009-03-19,2010,4.5
2009-03-20,2010,4.5
2009-03-23,2010,4.5
2009-03-24,2010,4.5
2009-03-25,2010,4.5
2009-03-26,2010,4.5
2009-03-27,2010,4.5
2009-03-30,2010,4.5
2009-03-31,2010,4.5
2009-04-01,2010,4.49
2009-04-02,2010,4.48
2009-04-03,2010,4.46
2009-04-06,2010,4.46
2009-04-07,2010,4.46
2009-04-08,2010,4.42
2009-04-09,2010,4.42
2009-04-13,2010,4.43
2009-04-14,2010,4.42
2009-04-15,2010,4.42
2009-04-16,2010,4.42
2009-04-17,2010,4.4
2009-04-20,2010,4.4
2009-04-22,2010,4.32
2009-04-23,2010,4.3
2009-04-24,2010,4.3
2009-04-27,2010,4.32
2009-04-28,2010,4.32
2009-04-29,2010,4.32
2009-04-30,2010,4.32
2009-05-04,2010,4.33
2009-05-05,2010,4.37
2009-05-06,2010,4.37
2009-05-07,2010,4.33
2009-05-08,2010,4.3
2009-05-11,2010,4.33
2009-05-12,2010,4.33
2009-05-13,2010,4.33
2009-05-14,2010,4.33
2009-05-15,2010,4.33
2009-05-18,2010,4.37
2009-05-19,2010,4.33
2009-05-20,2010,4.33
2009-05-21,2010,4.3
2009-05-22,2010,4.3
2009-05-25,2010,4.3
2009-05-26,2010,4.3
2009-05-27,2010,4.3
2009-05-28,2010,4.3
2009-05-29,2010,4.3
2009-06-01,2010,4.3
2009-06-02,2010,4.3
2009-06-03,2010,4.3
2009-06-04,2010,4.3
2009-06-05,2010,4.3
2009-06-08,2010,4.3
2009-06-09,2010,4.3
2009-06-10,2010,4.3
2009-06-12,2010,4.3
2009-06-15,2010,4.3
2009-06-16,2010,4.3
2009-06-17,2010,4.3
2009-06-18,2010,4.3
2009-06-19,2010,4.3
2009-06-22,2010,4.3
2009-06-23,2010,4.3
2009-06-24,2010,4.3
2009-06-25,2010,4.3
2009-06-26,2010,4.32
2009-06-29,2010,4.33
2009-06-30,2010,4.33
2009-07-01,2010,4.33
2009-07-02,2010,4.33
2009-07-03,2010,4.33
2009-07-06,2010,4.38
2009-07-07,2010,4.38
2009-07-08,2010,4.38
2009-07-09,2010,4.38
2009-07-10,2010,4.4
2009-07-13,2010,4.4
2009-07-14,2010,4.4
2009-07-15,2010,4.41
2009-07-16,2010,4.41
2009-07-17,2010,4.42
2009-07-20,2010,4.43
2009-07-21,2010,4.43
2009-07-22,2010,4.42
2009-07-23,2010,4.43
2009-07-24,2010,4.4
2009-07-27,2010,4.4
2009-07-28,2010,4.4
2009-07-29,2010,4.4
2009-07-30,2010,4.4
2009-07-31,2010,4.35
2009-08-03,2010,4.38
2009-08-04,2010,4.38
2009-08-05,2010,4.31
2009-08-06,2010,4.31
2009-08-07,2010,4.32
2009-08-10,2010,4.32
2009-08-11,2010,4.3
2009-08-12,2010,4.3
2009-08-13,2010,4.3
2009-08-14,2010,4.3
2009-08-17,2010,4.3
2009-08-18,2010,4.3
2009-08-19,2010,4.3
2009-08-20,2010,4.3
2009-08-21,2010,4.3
2009-08-24,2010,4.3
2009-08-25,2010,4.3
2009-08-26,2010,4.3
2009-08-27,2010,4.3
2009-08-28,2010,4.3
2009-08-31,2010,4.3
2009-09-01,2010,4.3
2009-09-02,2010,4.3
2009-09-03,2010,4.3
2009-09-04,2010,4.3
2009-09-08,2010,4.3
2009-09-09,2010,4.3
2009-09-10,2010,4.33
2009-09-11,2010,4.35
2009-09-14,2010,4.36
2009-09-15,2010,4.35
2009-09-16,2010,4.35
2009-09-17,2010,4.3
2009-09-18,2010,4.3
2009-09-21,2010,4.35
2009-09-22,2010,4.4
2009-09-23,2010,4.4
2009-09-24,2010,4.4
2009-09-25,2010,4.4
2009-09-28,2010,4.4
2009-09-29,2010,4.4
2009-09-30,2010,4.4
2009-10-01,2010,4.4
2009-10-02,2010,4.4
2009-10-05,2010,4.4
2009-10-06,2010,4.4
2009-10-07,2010,4.4
2009-10-08,2010,4.4
2009-10-09,2010,4.4
2009-10-13,2010,4.4
2009-10-14,2010,4.4
2009-10-15,2010,4.42
2009-10-16,2010,4.42
2009-10-19,2010,4.44
2009-10-20,2010,4.44
2009-10-21,2010,4.44
2009-10-22,2010,4.48
2009-10-23,2010,4.5
2009-10-26,2010,4.5
2009-10-27,2010,4.5
2009-10-28,2010,4.5
2009-10-29,2010,4.45
2009-10-30,2010,4.45
2009-11-03,2010,4.45
2009-11-04,2010,4.45
2009-11-05,2010,4.45
2009-11-06,2010,4.46
2009-11-09,2010,4.49
2009-11-10,2010,4.46
2009-11-11,2010,4.46
2009-11-12,2010,4.45
2009-11-13,2010,4.41
2009-11-16,2010,4.41
2009-11-17,2010,4.41
2009-11-18,2010,4.43
2009-11-19,2010,4.43
2009-11-20,2010,4.43
2009-11-23,2010,4.41
2009-11-24,2010,4.41
2009-11-25,2010,4.45
2009-11-26,2010,4.46
2009-11-27,2010,4.46
2009-11-30,2010,4.46
2009-12-01,2010,4.46
2009-12-02,2010,4.46
2009-12-03,2010,4.46
2009-12-04,2010,4.48
2009-12-07,2010,4.46
2009-12-08,2010,4.46
2009-12-09,2010,4.5
2009-12-10,2010,4.5
2009-12-11,2010,4.5
2009-12-14,2010,4.5
2009-12-15,2010,4.5
2009-12-16,2010,4.5
2009-12-17,2010,4.5
2009-12-18,2010,4.5
2009-12-21,2010,4.5
2009-12-22,2010,4.5
2009-12-23,2010,4.5
2009-12-24,2010,4.5
2009-12-28,2010,4.5
2009-12-29,2010,4.5
2009-12-30,2010,4.5
2009-12-31,2010,4.5
2010-01-04,2010,4.5
2010-01-05,2010,4.5
2010-01-06,2010,4.5
2010-01-07,2010,4.5
2010-01-08,2010,4.5
2010-01-11,2010,4.5
2010-01-12,2010,4.5
2010-01-13,2010,4.5
2010-01-14,2010,4.5
2010-01-15,2010,4.5
2010-01-18,2010,4.52
2010-01-19,2010,4.52
2010-01-20,2010,4.52
2010-01-21,2010,4.59
2010-01-22,2010,4.6
2010-01-25,2010,4.6
2010-01-26,2010,4.6
2010-01-27,2010,4.6
2010-01-28,2010,4.6
2010-01-29,2010,4.62
2010-02-01,2010,4.62
2010-02-02,2010,4.62
2010-02-03,2010,4.63
2010-02-04,2010,4.65
2010-02-05,2010,4.78
2010-02-08,2010,4.78
2010-02-09,2010,4.8
2010-02-10,2010,4.8
2010-02-11,2010,4.8
2010-02-12,2010,4.8
2010-02-17,2010,4.81
2010-02-18,2010,4.83
2010-02-19,2010,4.86
2010-02-22,2010,4.91
2010-02-23,2010,4.91
2010-02-24,2010,4.91
2010-02-25,2010,4.91
2010-02-26,2010,4.91
2010-03-01,2010,4.91
2010-03-02,2010,4.91
2010-03-03,2010,4.91
2010-03-04,2010,4.92
2010-03-05,2010,4.99
2010-03-08,2010,4.99
2010-03-09,2010,5.02
2010-03-10,2010,5.02
2010-03-11,2010,5.02
2010-03-12,2010,5.03
2010-03-15,2010,5.03
2010-03-16,2010,5.03
2010-03-17,2010,5.05
2010-03-18,2010,5.1
2010-03-19,2010,5.1
2010-03-22,2010,5.17
2010-03-23,2010,5.17
2010-03-24,2010,5.17
2010-03-25,2010,5.16
2010-03-26,2010,5.16
2010-03-29,2010,5.17
2010-03-30,2010,5.17
2010-03-31,2010,5.18
2010-04-01,2010,5.18
2010-04-05,2010,5.2
2010-04-06,2010,5.2
2010-04-07,2010,5.2
2010-04-08,2010,5.25
2010-04-09,2010,5.29
2010-04-12,2010,5.31
2010-04-13,2010,5.31
2010-04-14,2010,5.31
2010-04-15,2010,5.32
2010-04-16,2010,5.32
2010-04-19,2010,5.4
2010-04-20,2010,5.41
2010-04-22,2010,5.41
2010-04-23,2010,5.41
2010-04-26,2010,5.42
2010-04-27,2010,5.42
2010-04-28,2010,5.41
2010-04-29,2010,5.41
2010-04-30,2010,5.42
2010-05-03,2010,5.44
2010-05-04,2010,5.43
2010-05-05,2010,5.45
2010-05-06,2010,5.45
2010-05-07,2010,5.5
2010-05-10,2010,5.51
2010-05-11,2010,5.51
2010-05-12,2010,5.52
2010-05-13,2010,5.52
2010-05-14,2010,5.54
2010-05-17,2010,5.54
2010-05-18,2010,5.64
2010-05-19,2010,5.65
2010-05-20,2010,5.67
2010-05-21,2010,5.67
2010-05-24,2010,5.67
2010-05-25,2010,5.66
2010-05-26,2010,5.67
2010-05-27,2010,5.66
2010-05-28,2010,5.67
2010-05-31,2010,5.67
2010-06-01,2010,5.7
2010-06-02,2010,5.65
2010-06-04,2010,5.64
2010-06-07,2010,5.64
2010-06-08,2010,5.65
2010-06-09,2010,5.61
2010-06-10,2010,5.62
2010-06-11,2010,5.61
2010-06-14,2010,5.61
2010-06-15,2010,5.61
2010-06-16,2010,5.61
2010-06-17,2010,5.61
2010-06-18,2010,5.61
2010-06-21,2010,5.59
2010-06-22,2010,5.55
2010-06-23,2010,5.55
2010-06-24,2010,5.55
2010-06-25,2010,5.55
2010-06-28,2010,5.55
2010-06-29,2010,5.55
2010-06-30,2010,5.55
2010-07-01,2010,5.55
2010-07-02,2010,5.55
2010-07-05,2010,5.55
2010-07-06,2010,5.55
2010-07-07,2010,5.45
2010-07-08,2010,5.45
2010-07-09,2010,5.45
2010-07-12,2010,5.45
2010-07-13,2010,5.45
2010-07-14,2010,5.45
2010-07-15,2010,5.45
2010-07-16,2010,5.42
2010-07-19,2010,5.41
2010-07-20,2010,5.4
2010-07-21,2010,5.38
2010-07-22,2010,5.38
2010-07-23,2010,5.35
2010-07-26,2010,5.32
2010-07-27,2010,5.32
2010-07-28,2010,5.32
2010-07-29,2010,5.32
2010-07-30,2010,5.27
2010-08-02,2010,5.27
2010-08-03,2010,5.27
2010-08-04,2010,5.27
2010-08-05,2010,5.27
2010-08-06,2010,5.19
2010-08-09,2010,5.18
2010-08-10,2010,5.18
2010-08-11,2010,5.18
2010-08-12,2010,5.18
2010-08-13,2010,5.19
2010-08-16,2010,5.18
2010-08-17,2010,5.17
2010-08-18,2010,5.15
2010-08-19,2010,5.13
2010-08-20,2010,5.1
2010-08-23,2010,5.09
2010-08-24,2010,5.09
2010-08-25,2010,5.09
2010-08-26,2010,5.09
2010-08-27,2010,5.07
2010-08-30,2010,5.07
2010-08-31,2010,5.07
2010-09-01,2010,5.07
2010-09-02,2010,5.07
2010-09-03,2010,5.07
2010-09-06,2010,5.06
2010-09-08,2010,5.06
2010-09-09,2010,4.96
2010-09-10,2010,4.97
2010-09-13,2010,4.98
2010-09-14,2010,4.99
2010-09-15,2010,4.99
2010-09-16,2010,5.0
2010-09-17,2010,5.01
2010-09-20,2010,5.01
2010-09-21,2010,5.03
2010-09-22,2010,5.05
2010-09-23,2010,5.05
2010-09-24,2010,5.05
2010-09-27,2010,5.06
2010-09-28,2010,5.06
2010-09-29,2010,5.06
2010-09-30,2010,5.06
2010-10-01,2010,5.07
2010-10-04,2010,5.08
2010-10-05,2010,5.1
2010-10-06,2010,5.11
2010-10-07,2010,5.13
2010-10-08,2010,5.15
2010-10-11,2010,5.17
2010-10-13,2010,5.18
2010-10-14,2010,5.19
2010-10-15,2010,5.2
2010-10-18,2010,5.2
2010-10-19,2010,5.22
2010-10-20,2010,5.25
2010-10-21,2010,5.26
2010-10-22,2010,5.27
2010-10-25,2010,5.27
2010-10-26,2010,5.27
2010-10-27,2010,5.27
2010-10-28,2010,5.28
2010-10-29,2010,5.29
2010-11-01,2010,5.3
2010-11-03,2010,5.3
2010-11-04,2010,5.3
2010-11-05,2010,5.31
2010-11-08,2010,5.32
2010-11-09,2010,5.44
2010-11-10,2010,5.46
2010-11-11,2010,5.48
2010-11-12,2010,5.48
2010-11-16,2010,5.5
2010-11-17,2010,5.52
2010-11-18,2010,5.56
2010-11-19,2010,5.58
2010-11-22,2010,5.64
2010-11-23,2010,5.67
2010-11-24,2010,5.67
2010-11-25,2010,5.69
2010-11-26,2010,5.72
2010-11-29,2010,5.74
2010-11-30,2010,5.76
2010-12-01,2010,5.76
2010-12-02,2010,5.77
2010-12-03,2010,5.78
2010-12-06,2010,5.79
2010-12-07,2010,5.81
2010-12-08,2010,5.83
2010-12-09,2010,5.84
2010-12-10,2010,5.85
2010-12-13,2010,5.87
2010-12-14,2010,5.88
2010-12-15,2010,5.88
2010-12-16,2010,5.88
2010-12-17,2010,5.88
2010-12-20,2010,5.92
2010-12-21,2010,5.91
2010-12-22,2010,5.91
2010-12-23,2010,5.9
2010-12-24,2010,5.9
2010-12-27,2010,5.9
2010-12-28,2010,5.9
2010-12-29,2010,5.9
2010-12-30,2010,5.9
2010-12-31,2010,5.9
2011-01-03,2010,5.9
2011-01-04,2010,5.9
2011-01-05,2010,5.9
2011-01-06,2010,5.9
2007-01-12,2011,4.0
2007-01-15,2011,4.0
2007-01-16,2011,4.0
2007-01-17,2011,4.0
2007-01-18,2011,4.0
2007-01-19,2011,4.0
2007-01-22,2011,4.0
2007-01-23,2011,4.0
2007-01-24,2011,4.0
2007-01-25,2011,4.0
2007-01-26,2011,4.0
2007-01-29,2011,4.0
2007-01-30,2011,4.0
2007-01-31,2011,4.0
2007-02-01,2011,4.0
2007-02-02,2011,4.0
2007-02-05,2011,4.0
2007-02-06,2011,4.0
2007-02-07,2011,4.0
2007-02-08,2011,4.0
2007-02-09,2011,4.0
2007-02-12,2011,4.0
2007-02-13,2011,4.0
2007-02-14,2011,4.0
2007-02-15,2011,4.0
2007-02-16,2011,4.0
2007-02-21,2011,4.0
2007-02-22,2011,4.0
2007-02-23,2011,4.0
2007-02-26,2011,4.0
2007-02-27,2011,4.0
2007-02-28,2011,4.0
2007-03-01,2011,4.0
2007-03-02,2011,4.0
2007-03-05,2011,4.0
2007-03-06,2011,4.0
2007-03-07,2011,4.0
2007-03-08,2011,4.0
2007-03-09,2011,4.0
2007-03-12,2011,4.0
2007-03-13,2011,4.0
2007-03-14,2011,4.0
2007-03-15,2011,4.0
2007-03-16,2011,4.0
2007-03-19,2011,4.0
2007-03-20,2011,4.0
2007-03-21,2011,4.0
2007-03-22,2011,4.0
2007-03-23,2011,4.0
2007-03-26,2011,4.0
2007-03-27,2011,4.0
2007-03-28,2011,4.0
2007-03-29,2011,4.0
2007-03-30,2011,4.0
2007-04-02,2011,4.0
2007-04-03,2011,4.0
2007-04-04,2011,4.0
2007-04-05,2011,4.0
2007-04-09,2011,4.0
2007-04-10,2011,4.0
2007-04-11,2011,4.0
2007-04-12,2011,4.0
2007-04-13,2011,4.0
2007-04-16,2011,4.0
2007-04-17,2011,4.0
2007-04-18,2011,4.0
2007-04-19,2011,4.0
2007-04-20,2011,4.0
2007-04-23,2011,4.0
2007-04-24,2011,4.0
2007-04-25,2011,4.0
2007-04-26,2011,4.0
2007-04-27,2011,4.0
2007-04-30,2011,4.0
2007-05-02,2011,4.0
2007-05-03,2011,4.0
2007-05-04,2011,4.0
2007-05-07,2011,4.0
2007-05-08,2011,4.0
2007-05-09,2011,4.0
2007-05-10,2011,4.0
2007-05-11,2011,4.0
2007-05-14,2011,4.0
2007-05-15,2011,4.0
2007-05-16,2011,4.0
2007-05-17,2011,4.0
2007-05-18,2011,4.0
2007-05-21,2011,4.0
2007-05-22,2011,4.0
2007-05-23,2011,4.0
2007-05-24,2011,4.0
2007-05-25,2011,4.0
2007-05-28,2011,4.0
2007-05-29,2011,4.0
2007-05-30,2011,4.0
2007-05-31,2011,4.0
2007-06-01,2011,4.0
2007-06-04,2011,4.0
2007-06-05,2011,4.0
2007-06-06,2011,4.0
2007-06-08,2011,4.0
2007-06-11,2011,4.0
2007-06-12,2011,4.0
2007-06-13,2011,4.0
2007-06-14,2011,4.0
2007-06-15,2011,4.0
2007-06-18,2011,4.0
2007-06-19,2011,4.0
2007-06-20,2011,4.0
2007-06-21,2011,4.0
2007-06-22,2011,4.0
2007-06-25,2011,4.0
2007-06-26,2011,4.0
2007-06-27,2011,4.0
2007-06-28,2011,4.0
2007-06-29,2011,4.0
2007-07-02,2011,4.0
2007-07-03,2011,4.0
2007-07-04,2011,4.0
2007-07-05,2011,4.0
2007-07-06,2011,4.0
2007-07-09,2011,4.0
2007-07-10,2011,4.0
2007-07-11,2011,4.0
2007-07-12,2011,4.0
2007-07-13,2011,4.0
2007-07-16,2011,4.0
2007-07-17,2011,4.0
2007-07-18,2011,4.0
2007-07-19,2011,4.0
2007-07-20,2011,4.0
2007-07-23,2011,4.0
2007-07-24,2011,4.0
2007-07-25,2011,4.0
2007-07-26,2011,4.0
2007-07-27,2011,4.0
2007-07-30,2011,4.0
2007-07-31,2011,4.0
2007-08-01,2011,4.0
2007-08-02,2011,4.0
2007-08-03,2011,4.0
2007-08-06,2011,4.0
2007-08-07,2011,4.0
2007-08-08,2011,4.0
2007-08-09,2011,4.0
2007-08-10,2011,4.0
2007-08-13,2011,4.0
2007-08-14,2011,4.0
2007-08-15,2011,4.0
2007-08-16,2011,4.0
2007-08-17,2011,4.0
2007-08-20,2011,4.0
2007-08-21,2011,4.0
2007-08-22,2011,4.0
2007-08-23,2011,4.0
2007-08-24,2011,4.0
2007-08-27,2011,4.0
2007-08-28,2011,4.0
2007-08-29,2011,4.0
2007-08-30,2011,4.0
2007-08-31,2011,4.0
2007-09-03,2011,4.0
2007-09-04,2011,4.0
2007-09-05,2011,4.0
2007-09-06,2011,4.0
2007-09-10,2011,4.0
2007-09-11,2011,4.0
2007-09-12,2011,4.0
2007-09-13,2011,4.0
2007-09-14,2011,4.0
2007-09-17,2011,4.0
2007-09-18,2011,4.0
2007-09-19,2011,4.0
2007-09-20,2011,4.0
2007-09-21,2011,4.0
2007-09-24,2011,4.0
2007-09-25,2011,4.0
2007-09-26,2011,4.0
2007-09-27,2011,4.0
2007-09-28,2011,4.0
2007-10-01,2011,4.0
2007-10-02,2011,4.0
2007-10-03,2011,4.0
2007-10-04,2011,4.0
2007-10-05,2011,4.0
2007-10-08,2011,4.0
2007-10-09,2011,4.0
2007-10-10,2011,4.0
2007-10-11,2011,4.0
2007-10-15,2011,4.0
2007-10-16,2011,4.0
2007-10-17,2011,4.0
2007-10-18,2011,4.0
2007-10-19,2011,4.0
2007-10-22,2011,4.0
2007-10-23,2011,4.0
2007-10-24,2011,4.0
2007-10-25,2011,4.0
2007-10-26,2011,4.0
2007-10-29,2011,4.0
2007-10-30,2011,4.0
2007-10-31,2011,4.0
2007-11-01,2011,4.0
2007-11-05,2011,4.0
2007-11-06,2011,4.0
2007-11-07,2011,4.0
2007-11-08,2011,4.0
2007-11-09,2011,4.0
2007-11-12,2011,4.0
2007-11-13,2011,4.0
2007-11-14,2011,4.0
2007-11-16,2011,4.0
2007-11-19,2011,4.0
2007-11-20,2011,4.0
2007-11-21,2011,4.0
2007-11-22,2011,4.0
2007-11-23,2011,4.0
2007-11-26,2011,4.0
2007-11-27,2011,4.0
2007-11-28,2011,4.0
2007-11-29,2011,4.0
2007-11-30,2011,4.0
2007-12-03,2011,4.0
2007-12-04,2011,4.0
2007-12-05,2011,4.0
2007-12-06,2011,4.0
2007-12-07,2011,4.0
2007-12-10,2011,4.0
2007-12-11,2011,4.0
2007-12-12,2011,4.0
2007-12-13,2011,4.0
2007-12-14,2011,4.0
2007-12-17,2011,4.0
2007-12-18,2011,4.0
2007-12-19,2011,4.0
2007-12-20,2011,4.0
2007-12-21,2011,4.0
2007-12-24,2011,4.0
2007-12-26,2011,4.0
2007-12-27,2011,4.0
2007-12-28,2011,4.0
2007-12-31,2011,4.0
2008-01-02,2011,4.0
2008-01-03,2011,4.0
2008-01-04,2011,4.0
2008-01-07,2011,4.0
2008-01-08,2011,4.0
2008-01-09,2011,4.0
2008-01-10,2011,4.0
2008-01-11,2011,4.0
2008-01-14,2011,4.0
2008-01-15,2011,4.0
2008-01-16,2011,4.0
2008-01-17,2011,4.0
2008-01-18,2011,4.0
2008-01-21,2011,4.0
2008-01-22,2011,4.0
2008-01-23,2011,4.0
2008-01-24,2011,4.0
2008-01-25,2011,4.0
2008-01-28,2011,4.0
2008-01-29,2011,4.0
2008-01-30,2011,4.0
2008-01-31,2011,4.0
2008-02-01,2011,4.0
2008-02-06,2011,4.0
2008-02-07,2011,4.0
2008-02-08,2011,4.0
2008-02-11,2011,4.0
2008-02-12,2011,4.0
2008-02-13,2011,4.0
2008-02-14,2011,4.0
2008-02-15,2011,4.0
2008-02-18,2011,4.0
2008-02-19,2011,4.0
2008-02-20,2011,4.0
2008-02-21,2011,4.0
2008-02-22,2011,4.0
2008-02-25,2011,4.0
2008-02-26,2011,4.0
2008-02-27,2011,4.0
2008-02-28,2011,4.0
2008-02-29,2011,4.0
2008-03-03,2011,4.0
2008-03-04,2011,4.0
2008-03-05,2011,4.0
2008-03-06,2011,4.0
2008-03-07,2011,4.0
2008-03-10,2011,4.0
2008-03-11,2011,4.0
2008-03-12,2011,4.0
2008-03-13,2011,4.0
2008-03-14,2011,4.0
2008-03-17,2011,4.0
2008-03-18,2011,4.0
2008-03-19,2011,4.0
2008-03-20,2011,4.0
2008-03-24,2011,4.0
2008-03-25,2011,4.05
2008-03-26,2011,4.05
2008-03-27,2011,4.1
2008-03-28,2011,4.1
2008-03-31,2011,4.09
2008-04-01,2011,4.09
2008-04-02,2011,4.09
2008-04-03,2011,4.09
2008-04-04,2011,4.09
2008-04-07,2011,4.1
2008-04-08,2011,4.09
2008-04-09,2011,4.09
2008-04-10,2011,4.09
2008-04-11,2011,4.09
2008-04-14,2011,4.09
2008-04-15,2011,4.08
2008-04-16,2011,4.08
2008-04-17,2011,4.04
2008-04-18,2011,4.09
2008-04-22,2011,4.09
2008-04-23,2011,4.09
2008-04-24,2011,4.08
2008-04-25,2011,4.08
2008-04-28,2011,4.08
2008-04-29,2011,4.08
2008-04-30,2011,4.08
2008-05-02,2011,4.05
2008-05-05,2011,4.05
2008-05-06,2011,4.05
2008-05-07,2011,4.05
2008-05-08,2011,4.1
2008-05-09,2011,4.1
2008-05-12,2011,4.1
2008-05-13,2011,4.1
2008-05-14,2011,4.1
2008-05-15,2011,4.0
2008-05-16,2011,4.2
2008-05-19,2011,4.23
2008-05-20,2011,4.25
2008-05-21,2011,4.25
2008-05-23,2011,4.26
2008-05-26,2011,4.28
2008-05-27,2011,4.28
2008-05-28,2011,4.28
2008-05-29,2011,4.28
2008-05-30,2011,4.3
2008-06-02,2011,4.3
2008-06-03,2011,4.28
2008-06-04,2011,4.28
2008-06-05,2011,4.3
2008-06-06,2011,4.3
2008-06-09,2011,4.3
2008-06-10,2011,4.3
2008-06-11,2011,4.3
2008-06-12,2011,4.3
2008-06-13,2011,4.3
2008-06-16,2011,4.3
2008-06-17,2011,4.3
2008-06-18,2011,4.3
2008-06-19,2011,4.3
2008-06-20,2011,4.35
2008-06-23,2011,4.4
2008-06-24,2011,4.5
2008-06-25,2011,4.5
2008-06-26,2011,4.5
2008-06-27,2011,4.5
2008-06-30,2011,4.5
2008-07-01,2011,4.5
2008-07-02,2011,4.5
2008-07-03,2011,4.5
2008-07-04,2011,4.5
2008-07-07,2011,4.5
2008-07-08,2011,4.5
2008-07-09,2011,4.5
2008-07-10,2011,4.5
2008-07-11,2011,4.5
2008-07-14,2011,4.5
2008-07-15,2011,4.5
2008-07-16,2011,4.5
2008-07-17,2011,4.5
2008-07-18,2011,4.5
2008-07-21,2011,4.5
2008-07-22,2011,4.5
2008-07-23,2011,4.5
2008-07-24,2011,4.5
2008-07-25,2011,4.5
2008-07-28,2011,4.5
2008-07-29,2011,4.5
2008-07-30,2011,4.5
2008-07-31,2011,4.5
2008-08-01,2011,4.5
2008-08-04,2011,4.5
2008-08-05,2011,4.5
2008-08-06,2011,4.5
2008-08-07,2011,4.5
2008-08-08,2011,4.5
2008-08-11,2011,4.5
2008-08-12,2011,4.5
2008-08-13,2011,4.5
2008-08-14,2011,4.5
2008-08-15,2011,4.5
2008-08-18,2011,4.5
2008-08-19,2011,4.5
2008-08-20,2011,4.5
2008-08-21,2011,4.5
2008-08-22,2011,4.5
2008-08-25,2011,4.5
2008-08-26,2011,4.5
2008-08-27,2011,4.5
2008-08-28,2011,4.5
2008-08-29,2011,4.5
2008-09-01,2011,4.5
2008-09-02,2011,4.5
2008-09-03,2011,4.5
2008-09-04,2011,4.5
2008-09-05,2011,4.5
2008-09-08,2011,4.5
2008-09-09,2011,4.5
2008-09-10,2011,4.5
2008-09-11,2011,4.5
2008-09-12,2011,4.5
2008-09-15,2011,4.5
2008-09-16,2011,4.5
2008-09-17,2011,4.5
2008-09-18,2011,4.5
2008-09-19,2011,4.5
2008-09-22,2011,4.5
2008-09-23,2011,4.5
2008-09-24,2011,4.5
2008-09-25,2011,4.5
2008-09-26,2011,4.5
2008-09-29,2011,4.5
2008-09-30,2011,4.5
2008-10-01,2011,4.5
2008-10-02,2011,4.5
2008-10-03,2011,4.5
2008-10-06,2011,4.5
2008-10-07,2011,4.5
2008-10-08,2011,4.5
2008-10-09,2011,4.5
2008-10-10,2011,4.5
2008-10-13,2011,4.5
2008-10-14,2011,4.5
2008-10-15,2011,4.5
2008-10-16,2011,4.5
2008-10-17,2011,4.5
2008-10-20,2011,4.5
2008-10-21,2011,4.5
2008-10-22,2011,4.5
2008-10-23,2011,4.5
2008-10-24,2011,4.5
2008-10-27,2011,4.5
2008-10-28,2011,4.5
2008-10-29,2011,4.5
2008-10-30,2011,4.5
2008-10-31,2011,4.5
2008-11-03,2011,4.5
2008-11-04,2011,4.5
2008-11-05,2011,4.5
2008-11-06,2011,4.5
2008-11-07,2011,4.5
2008-11-10,2011,4.5
2008-11-11,2011,4.5
2008-11-12,2011,4.5
2008-11-13,2011,4.5
2008-11-14,2011,4.5
2008-11-17,2011,4.5
2008-11-18,2011,4.5
2008-11-19,2011,4.5
2008-11-20,2011,4.5
2008-11-21,2011,4.5
2008-11-24,2011,4.5
2008-11-25,2011,4.5
2008-11-26,2011,4.5
2008-11-27,2011,4.5
2008-11-28,2011,4.5
2008-12-01,2011,4.5
2008-12-02,2011,4.5
2008-12-03,2011,4.5
2008-12-04,2011,4.5
2008-12-05,2011,4.5
2008-12-08,2011,4.5
2008-12-09,2011,4.5
2008-12-10,2011,4.5
2008-12-11,2011,4.5
2008-12-12,2011,4.5
2008-12-15,2011,4.5
2008-12-16,2011,4.5
2008-12-17,2011,4.5
2008-12-18,2011,4.5
2008-12-19,2011,4.5
2008-12-22,2011,4.5
2008-12-23,2011,4.5
2008-12-24,2011,4.5
2008-12-26,2011,4.5
2008-12-29,2011,4.5
2008-12-30,2011,4.5
2008-12-31,2011,4.5
2009-01-02,2011,4.5
2009-01-05,2011,4.5
2009-01-06,2011,4.5
2009-01-07,2011,4.5
2009-01-08,2011,4.5
2009-01-09,2011,4.5
2009-01-12,2011,4.5
2009-01-13,2011,4.5
2009-01-14,2011,4.5
2009-01-15,2011,4.5
2009-01-16,2011,4.5
2009-01-19,2011,4.5
2009-01-20,2011,4.5
2009-01-21,2011,4.5
2009-01-22,2011,4.5
2009-01-23,2011,4.5
2009-01-26,2011,4.5
2009-01-27,2011,4.5
2009-01-28,2011,4.5
2009-01-29,2011,4.5
2009-01-30,2011,4.5
2009-02-02,2011,4.5
2009-02-03,2011,4.5
2009-02-04,2011,4.5
2009-02-05,2011,4.5
2009-02-06,2011,4.5
2009-02-09,2011,4.5
2009-02-10,2011,4.5
2009-02-11,2011,4.5
2009-02-12,2011,4.5
2009-02-13,2011,4.5
2009-02-16,2011,4.5
2009-02-17,2011,4.5
2009-02-18,2011,4.5
2009-02-19,2011,4.5
2009-02-20,2011,4.5
2009-02-25,2011,4.5
2009-02-26,2011,4.5
2009-02-27,2011,4.5
2009-03-02,2011,4.5
2009-03-03,2011,4.5
2009-03-04,2011,4.5
2009-03-05,2011,4.5
2009-03-06,2011,4.5
2009-03-09,2011,4.5
2009-03-10,2011,4.5
2009-03-11,2011,4.5
2009-03-12,2011,4.5
2009-03-13,2011,4.5
2009-03-16,2011,4.5
2009-03-17,2011,4.5
2009-03-18,2011,4.5
2009-03-19,2011,4.5
2009-03-20,2011,4.5
2009-03-23,2011,4.5
2009-03-24,2011,4.5
2009-03-25,2011,4.5
2009-03-26,2011,4.5
2009-03-27,2011,4.5
2009-03-30,2011,4.5
2009-03-31,2011,4.5
2009-04-01,2011,4.5
2009-04-02,2011,4.5
2009-04-03,2011,4.5
2009-04-06,2011,4.5
2009-04-07,2011,4.5
2009-04-08,2011,4.5
2009-04-09,2011,4.5
2009-04-13,2011,4.5
2009-04-14,2011,4.5
2009-04-15,2011,4.5
2009-04-16,2011,4.5
2009-04-17,2011,4.5
2009-04-20,2011,4.5
2009-04-22,2011,4.5
2009-04-23,2011,4.5
2009-04-24,2011,4.5
2009-04-27,2011,4.5
2009-04-28,2011,4.5
2009-04-29,2011,4.5
2009-04-30,2011,4.5
2009-05-04,2011,4.5
2009-05-05,2011,4.5
2009-05-06,2011,4.5
2009-05-07,2011,4.5
2009-05-08,2011,4.5
2009-05-11,2011,4.5
2009-05-12,2011,4.5
2009-05-13,2011,4.5
2009-05-14,2011,4.5
2009-05-15,2011,4.5
2009-05-18,2011,4.5
2009-05-19,2011,4.5
2009-05-20,2011,4.5
2009-05-21,2011,4.5
2009-05-22,2011,4.5
2009-05-25,2011,4.5
2009-05-26,2011,4.5
2009-05-27,2011,4.5
2009-05-28,2011,4.5
2009-05-29,2011,4.5
2009-06-01,2011,4.5
2009-06-02,2011,4.5
2009-06-03,2011,4.5
2009-06-04,2011,4.5
2009-06-05,2011,4.5
2009-06-08,2011,4.5
2009-06-09,2011,4.5
2009-06-10,2011,4.5
2009-06-12,2011,4.5
2009-06-15,2011,4.5
2009-06-16,2011,4.5
2009-06-17,2011,4.5
2009-06-18,2011,4.5
2009-06-19,2011,4.5
2009-06-22,2011,4.5
2009-06-23,2011,4.5
2009-06-24,2011,4.5
2009-06-25,2011,4.5
2009-06-26,2011,4.5
2009-06-29,2011,4.5
2009-06-30,2011,4.5
2009-07-01,2011,4.5
2009-07-02,2011,4.5
2009-07-03,2011,4.5
2009-07-06,2011,4.5
2009-07-07,2011,4.5
2009-07-08,2011,4.5
2009-07-09,2011,4.5
2009-07-10,2011,4.5
2009-07-13,2011,4.5
2009-07-14,2011,4.5
2009-07-15,2011,4.5
2009-07-16,2011,4.5
2009-07-17,2011,4.5
2009-07-20,2011,4.5
2009-07-21,2011,4.5
2009-07-22,2011,4.5
2009-07-23,2011,4.5
2009-07-24,2011,4.5
2009-07-27,2011,4.5
2009-07-28,2011,4.5
2009-07-29,2011,4.5
2009-07-30,2011,4.5
2009-07-31,2011,4.5
2009-08-03,2011,4.5
2009-08-04,2011,4.5
2009-08-05,2011,4.5
2009-08-06,2011,4.5
2009-08-07,2011,4.5
2009-08-10,2011,4.5
2009-08-11,2011,4.5
2009-08-12,2011,4.5
2009-08-13,2011,4.5
2009-08-14,2011,4.5
2009-08-17,2011,4.5
2009-08-18,2011,4.5
2009-08-19,2011,4.5
2009-08-20,2011,4.5
2009-08-21,2011,4.5
2009-08-24,2011,4.5
2009-08-25,2011,4.5
2009-08-26,2011,4.5
2009-08-27,2011,4.5
2009-08-28,2011,4.5
2009-08-31,2011,4.5
2009-09-01,2011,4.5
2009-09-02,2011,4.5
2009-09-03,2011,4.5
2009-09-04,2011,4.5
2009-09-08,2011,4.5
2009-09-09,2011,4.5
2009-09-10,2011,4.5
2009-09-11,2011,4.5
2009-09-14,2011,4.5
2009-09-15,2011,4.5
2009-09-16,2011,4.5
2009-09-17,2011,4.5
2009-09-18,2011,4.5
2009-09-21,2011,4.5
2009-09-22,2011,4.5
2009-09-23,2011,4.5
2009-09-24,2011,4.5
2009-09-25,2011,4.5
2009-09-28,2011,4.5
2009-09-29,2011,4.5
2009-09-30,2011,4.5
2009-10-01,2011,4.5
2009-10-02,2011,4.5
2009-10-05,2011,4.5
2009-10-06,2011,4.5
2009-10-07,2011,4.5
2009-10-08,2011,4.5
2009-10-09,2011,4.5
2009-10-13,2011,4.5
2009-10-14,2011,4.5
2009-10-15,2011,4.5
2009-10-16,2011,4.5
2009-10-19,2011,4.5
2009-10-20,2011,4.5
2009-10-21,2011,4.5
2009-10-22,2011,4.5
2009-10-23,2011,4.5
2009-10-26,2011,4.5
2009-10-27,2011,4.5
2009-10-28,2011,4.5
2009-10-29,2011,4.5
2009-10-30,2011,4.5
2009-11-03,2011,4.5
2009-11-04,2011,4.5
2009-11-05,2011,4.5
2009-11-06,2011,4.5
2009-11-09,2011,4.5
2009-11-10,2011,4.5
2009-11-11,2011,4.5
2009-11-12,2011,4.5
2009-11-13,2011,4.5
2009-11-16,2011,4.5
2009-11-17,2011,4.5
2009-11-18,2011,4.5
2009-11-19,2011,4.5
2009-11-20,2011,4.5
2009-11-23,2011,4.5
2009-11-24,2011,4.5
2009-11-25,2011,4.5
2009-11-26,2011,4.5
2009-11-27,2011,4.5
2009-11-30,2011,4.5
2009-12-01,2011,4.5
2009-12-02,2011,4.5
2009-12-03,2011,4.5
2009-12-04,2011,4.5
2009-12-07,2011,4.5
2009-12-08,2011,4.5
2009-12-09,2011,4.5
2009-12-10,2011,4.5
2009-12-11,2011,4.5
2009-12-14,2011,4.5
2009-12-15,2011,4.5
2009-12-16,2011,4.5
2009-12-17,2011,4.5
2009-12-18,2011,4.5
2009-12-21,2011,4.5
2009-12-22,2011,4.5
2009-12-23,2011,4.5
2009-12-24,2011,4.5
2009-12-28,2011,4.5
2009-12-29,2011,4.5
2009-12-30,2011,4.5
2009-12-31,2011,4.5
2010-01-04,2011,4.5
2010-01-05,2011,4.5
2010-01-06,2011,4.5
2010-01-07,2011,4.5
2010-01-08,2011,4.5
2010-01-11,2011,4.5
2010-01-12,2011,4.5
2010-01-13,2011,4.5
2010-01-14,2011,4.5
2010-01-15,2011,4.5
2010-01-18,2011,4.5
2010-01-19,2011,4.5
2010-01-20,2011,4.5
2010-01-21,2011,4.5
2010-01-22,2011,4.5
2010-01-25,2011,4.5
2010-01-26,2011,4.5
2010-01-27,2011,4.5
2010-01-28,2011,4.5
2010-01-29,2011,4.5
2010-02-01,2011,4.5
2010-02-02,2011,4.5
2010-02-03,2011,4.5
2010-02-04,2011,4.5
2010-02-05,2011,4.5
2010-02-08,2011,4.5
2010-02-09,2011,4.5
2010-02-10,2011,4.5
2010-02-11,2011,4.5
2010-02-12,2011,4.5
2010-02-17,2011,4.5
2010-02-18,2011,4.5
2010-02-19,2011,4.5
2010-02-22,2011,4.55
2010-02-23,2011,4.5
2010-02-24,2011,4.5
2010-02-25,2011,4.5
2010-02-26,2011,4.53
2010-03-01,2011,4.53
2010-03-02,2011,4.5
2010-03-03,2011,4.5
2010-03-04,2011,4.5
2010-03-05,2011,4.5
2010-03-08,2011,4.55
2010-03-09,2011,4.58
2010-03-10,2011,4.6
2010-03-11,2011,4.6
2010-03-12,2011,4.6
2010-03-15,2011,4.58
2010-03-16,2011,4.58
2010-03-17,2011,4.6
2010-03-18,2011,4.6
2010-03-19,2011,4.7
2010-03-22,2011,4.7
2010-03-23,2011,4.7
2010-03-24,2011,4.7
2010-03-25,2011,4.7
2010-03-26,2011,4.7
2010-03-29,2011,4.79
2010-03-30,2011,4.79
2010-03-31,2011,4.79
2010-04-01,2011,4.74
2010-04-05,2011,4.78
2010-04-06,2011,4.74
2010-04-07,2011,4.74
2010-04-08,2011,4.74
2010-04-09,2011,4.8
2010-04-12,2011,4.8
2010-04-13,2011,4.8
2010-04-14,2011,4.8
2010-04-15,2011,4.8
2010-04-16,2011,4.8
2010-04-19,2011,4.8
2010-04-20,2011,4.8
2010-04-22,2011,4.8
2010-04-23,2011,4.8
2010-04-26,2011,4.8
2010-04-27,2011,4.8
2010-04-28,2011,4.8
2010-04-29,2011,4.8
2010-04-30,2011,4.8
2010-05-03,2011,4.8
2010-05-04,2011,4.8
2010-05-05,2011,4.8
2010-05-06,2011,4.8
2010-05-07,2011,4.8
2010-05-10,2011,4.8
2010-05-11,2011,4.8
2010-05-12,2011,4.8
2010-05-13,2011,4.8
2010-05-14,2011,4.8
2010-05-17,2011,4.8
2010-05-18,2011,4.8
2010-05-19,2011,4.8
2010-05-20,2011,4.8
2010-05-21,2011,4.8
2010-05-24,2011,4.8
2010-05-25,2011,4.8
2010-05-26,2011,4.8
2010-05-27,2011,4.8
2010-05-28,2011,4.8
2010-05-31,2011,4.8
2010-06-01,2011,4.8
2010-06-02,2011,4.8
2010-06-04,2011,4.8
2010-06-07,2011,4.8
2010-06-08,2011,4.8
2010-06-09,2011,4.8
2010-06-10,2011,4.8
2010-06-11,2011,4.8
2010-06-14,2011,4.8
2010-06-15,2011,4.8
2010-06-16,2011,4.8
2010-06-17,2011,4.8
2010-06-18,2011,4.8
2010-06-21,2011,4.8
2010-06-22,2011,4.8
2010-06-23,2011,4.8
2010-06-24,2011,4.8
2010-06-25,2011,4.8
2010-06-28,2011,4.8
2010-06-29,2011,4.8
2010-06-30,2011,4.8
2010-07-01,2011,4.8
2010-07-02,2011,4.8
2010-07-05,2011,4.8
2010-07-06,2011,4.8
2010-07-07,2011,4.8
2010-07-08,2011,4.8
2010-07-09,2011,4.8
2010-07-12,2011,4.8
2010-07-13,2011,4.8
2010-07-14,2011,4.8
2010-07-15,2011,4.8
2010-07-16,2011,4.8
2010-07-19,2011,4.79
2010-07-20,2011,4.8
2010-07-21,2011,4.79
2010-07-22,2011,4.79
2010-07-23,2011,4.8
2010-07-26,2011,4.8
2010-07-27,2011,4.8
2010-07-28,2011,4.8
2010-07-29,2011,4.8
2010-07-30,2011,4.8
2010-08-02,2011,4.8
2010-08-03,2011,4.8
2010-08-04,2011,4.8
2010-08-05,2011,4.8
2010-08-06,2011,4.8
2010-08-09,2011,4.8
2010-08-10,2011,4.8
2010-08-11,2011,4.8
2010-08-12,2011,4.8
2010-08-13,2011,4.8
2010-08-16,2011,4.8
2010-08-17,2011,4.81
2010-08-18,2011,4.82
2010-08-19,2011,4.85
2010-08-20,2011,4.86
2010-08-23,2011,4.84
2010-08-24,2011,4.84
2010-08-25,2011,4.84
2010-08-26,2011,4.85
2010-08-27,2011,4.87
2010-08-30,2011,4.85
2010-08-31,2011,4.85
2010-09-01,2011,4.85
2010-09-02,2011,4.87
2010-09-03,2011,4.85
2010-09-06,2011,4.84
2010-09-08,2011,4.85
2010-09-09,2011,4.87
2010-09-10,2011,4.9
2010-09-13,2011,4.9
2010-09-14,2011,4.92
2010-09-15,2011,4.94
2010-09-16,2011,4.95
2010-09-17,2011,4.95
2010-09-20,2011,4.95
2010-09-21,2011,4.94
2010-09-22,2011,4.94
2010-09-23,2011,4.95
2010-09-24,2011,4.94
2010-09-27,2011,4.94
2010-09-28,2011,4.94
2010-09-29,2011,4.94
2010-09-30,2011,4.96
2010-10-01,2011,4.92
2010-10-04,2011,4.92
2010-10-05,2011,4.94
2010-10-06,2011,4.94
2010-10-07,2011,4.94
2010-10-08,2011,4.98
2010-10-11,2011,4.98
2010-10-13,2011,4.98
2010-10-14,2011,4.98
2010-10-15,2011,4.99
2010-10-18,2011,4.98
2010-10-19,2011,4.99
2010-10-20,2011,4.99
2010-10-21,2011,4.99
2010-10-22,2011,4.98
2010-10-25,2011,4.98
2010-10-26,2011,4.98
2010-10-27,2011,4.98
2010-10-28,2011,4.98
2010-10-29,2011,4.99
2010-11-01,2011,5.01
2010-11-03,2011,4.99
2010-11-04,2011,4.99
2010-11-05,2011,4.99
2010-11-08,2011,4.98
2010-11-09,2011,5.01
2010-11-10,2011,5.03
2010-11-11,2011,5.03
2010-11-12,2011,5.05
2010-11-16,2011,5.05
2010-11-17,2011,5.06
2010-11-18,2011,5.1
2010-11-19,2011,5.15
2010-11-22,2011,5.17
2010-11-23,2011,5.17
2010-11-24,2011,5.17
2010-11-25,2011,5.17
2010-11-26,2011,5.2
2010-11-29,2011,5.2
2010-11-30,2011,5.2
2010-12-01,2011,5.2
2010-12-02,2011,5.2
2010-12-03,2011,5.2
2010-12-06,2011,5.2
2010-12-07,2011,5.2
2010-12-08,2011,5.2
2010-12-09,2011,5.21
2010-12-10,2011,5.21
2010-12-13,2011,5.22
2010-12-14,2011,5.24
2010-12-15,2011,5.24
2010-12-16,2011,5.25
2010-12-17,2011,5.29
2010-12-20,2011,5.33
2010-12-21,2011,5.32
2010-12-22,2011,5.32
2010-12-23,2011,5.32
2010-12-24,2011,5.31
2010-12-27,2011,5.32
2010-12-28,2011,5.32
2010-12-29,2011,5.32
2010-12-30,2011,5.32
2010-12-31,2011,5.32
2011-01-03,2011,5.33
2011-01-04,2011,5.33
2011-01-05,2011,5.33
2011-01-06,2011,5.33
2011-01-07,2011,5.34
2011-01-10,2011,5.35
2011-01-11,2011,5.38
2011-01-12,2011,5.38
2011-01-13,2011,5.38
2011-01-14,2011,5.42
2011-01-17,2011,5.47
2011-01-18,2011,5.5
2011-01-19,2011,5.5
2011-01-20,2011,5.53
2011-01-21,2011,5.53
2011-01-24,2011,5.55
2011-01-25,2011,5.57
2011-01-26,2011,5.57
2011-01-27,2011,5.58
2011-01-28,2011,5.64
2011-01-31,2011,5.67
2011-02-01,2011,5.67
2011-02-02,2011,5.65
2011-02-03,2011,5.64
2011-02-04,2011,5.66
2011-02-07,2011,5.67
2011-02-08,2011,5.71
2011-02-09,2011,5.71
2011-02-10,2011,5.72
2011-02-11,2011,5.75
2011-02-14,2011,5.78
2011-02-15,2011,5.78
2011-02-16,2011,5.78
2011-02-17,2011,5.77
2011-02-18,2011,5.79
2011-02-21,2011,5.79
2011-02-22,2011,5.79
2011-02-23,2011,5.8
2011-02-24,2011,5.8
2011-02-25,2011,5.8
2011-02-28,2011,5.8
2011-03-01,2011,5.8
2011-03-02,2011,5.8
2011-03-03,2011,5.79
2011-03-04,2011,5.78
2011-03-09,2011,5.8
2011-03-10,2011,5.8
2011-03-11,2011,5.82
2011-03-14,2011,5.81
2011-03-15,2011,5.81
2011-03-16,2011,5.82
2011-03-17,2011,5.82
2011-03-18,2011,5.88
2011-03-21,2011,5.91
2011-03-22,2011,5.97
2011-03-23,2011,5.99
2011-03-24,2011,6.0
2011-03-25,2011,6.0
2011-03-28,2011,6.0
2011-03-29,2011,6.01
2011-03-30,2011,6.01
2011-03-31,2011,6.02
2011-04-01,2011,6.02
2011-04-04,2011,6.02
2011-04-05,2011,6.01
2011-04-06,2011,6.05
2011-04-07,2011,6.23
2011-04-08,2011,6.26
2011-04-11,2011,6.27
2011-04-12,2011,6.27
2011-04-13,2011,6.28
2011-04-14,2011,6.29
2011-04-15,2011,6.29
2011-04-18,2011,6.32
2011-04-19,2011,6.34
2011-04-20,2011,6.34
2011-04-25,2011,6.36
2011-04-26,2011,6.37
2011-04-27,2011,6.37
2011-04-28,2011,6.37
2011-04-29,2011,6.37
2011-05-02,2011,6.4
2011-05-03,2011,6.39
2011-05-04,2011,6.4
2011-05-05,2011,6.4
2011-05-06,2011,6.33
2011-05-09,2011,6.32
2011-05-10,2011,6.3
2011-05-11,2011,6.31
2011-05-12,2011,6.31
2011-05-13,2011,6.31
2011-05-16,2011,6.31
2011-05-17,2011,6.3
2011-05-18,2011,6.29
2011-05-19,2011,6.27
2011-05-20,2011,6.27
2011-05-23,2011,6.27
2011-05-24,2011,6.27
2011-05-25,2011,6.26
2011-05-26,2011,6.24
2011-05-27,2011,6.23
2011-05-30,2011,6.22
2011-05-31,2011,6.22
2011-06-01,2011,6.22
2011-06-02,2011,6.23
2011-06-03,2011,6.22
2011-06-06,2011,6.23
2011-06-07,2011,6.21
2011-06-08,2011,6.2
2011-06-09,2011,6.19
2011-06-10,2011,6.19
2011-06-13,2011,6.18
2011-06-14,2011,6.18
2011-06-15,2011,6.19
2011-06-16,2011,6.19
2011-06-17,2011,6.18
2011-06-20,2011,6.17
2011-06-21,2011,6.16
2011-06-22,2011,6.16
2011-06-24,2011,6.16
2011-06-27,2011,6.16
2011-06-28,2011,6.16
2011-06-29,2011,6.15
2011-06-30,2011,6.15
2011-07-01,2011,6.15
2011-07-04,2011,6.15
2011-07-05,2011,6.16
2011-07-06,2011,6.17
2011-07-07,2011,6.3
2011-07-08,2011,6.31
2011-07-11,2011,6.31
2011-07-12,2011,6.31
2011-07-13,2011,6.31
2011-07-14,2011,6.31
2011-07-15,2011,6.31
2011-07-18,2011,6.32
2011-07-19,2011,6.31
2011-07-20,2011,6.3
2011-07-21,2011,6.3
2011-07-22,2011,6.31
2011-07-25,2011,6.31
2011-07-26,2011,6.31
2011-07-27,2011,6.31
2011-07-28,2011,6.31
2011-07-29,2011,6.31
2011-08-01,2011,6.31
2011-08-02,2011,6.31
2011-08-03,2011,6.31
2011-08-04,2011,6.31
2011-08-05,2011,6.28
2011-08-08,2011,6.27
2011-08-09,2011,6.27
2011-08-10,2011,6.27
2011-08-11,2011,6.26
2011-08-12,2011,6.26
2011-08-15,2011,6.26
2011-08-16,2011,6.26
2011-08-17,2011,6.26
2011-08-18,2011,6.29
2011-08-19,2011,6.28
2011-08-22,2011,6.29
2011-08-23,2011,6.3
2011-08-24,2011,6.3
2011-08-25,2011,6.3
2011-08-26,2011,6.31
2011-08-29,2011,6.31
2011-08-30,2011,6.31
2011-08-31,2011,6.31
2011-09-01,2011,6.37
2011-09-02,2011,6.38
2011-09-05,2011,6.38
2011-09-06,2011,6.44
2011-09-08,2011,6.44
2011-09-09,2011,6.45
2011-09-12,2011,6.45
2011-09-13,2011,6.45
2011-09-14,2011,6.45
2011-09-15,2011,6.46
2011-09-16,2011,6.46
2011-09-19,2011,6.49
2011-09-20,2011,6.5
2011-09-21,2011,6.5
2011-09-22,2011,6.5
2011-09-23,2011,6.52
2011-09-26,2011,6.52
2011-09-27,2011,6.52
2011-09-28,2011,6.52
2011-09-29,2011,6.52
2011-09-30,2011,6.52
2011-10-03,2011,6.52
2011-10-04,2011,6.52
2011-10-05,2011,6.51
2011-10-06,2011,6.52
2011-10-07,2011,6.52
2011-10-10,2011,6.52
2011-10-11,2011,6.52
2011-10-13,2011,6.52
2011-10-14,2011,6.52
2011-10-17,2011,6.51
2011-10-18,2011,6.52
2011-10-19,2011,6.51
2011-10-20,2011,6.5
2011-10-21,2011,6.5
2011-10-24,2011,6.5
2011-10-25,2011,6.5
2011-10-26,2011,6.5
2011-10-27,2011,6.5
2011-10-28,2011,6.5
2011-10-31,2011,6.49
2011-11-01,2011,6.5
2011-11-03,2011,6.5
2011-11-04,2011,6.5
2011-11-07,2011,6.5
2011-11-08,2011,6.5
2011-11-09,2011,6.5
2011-11-10,2011,6.5
2011-11-11,2011,6.48
2011-11-14,2011,6.48
2011-11-16,2011,6.48
2011-11-17,2011,6.48
2011-11-18,2011,6.48
2011-11-21,2011,6.48
2011-11-22,2011,6.49
2011-11-23,2011,6.5
2011-11-24,2011,6.49
2011-11-25,2011,6.49
2011-11-28,2011,6.49
2011-11-29,2011,6.49
2011-11-30,2011,6.49
2011-12-01,2011,6.5
2011-12-02,2011,6.5
2011-12-05,2011,6.5
2011-12-06,2011,6.49
2011-12-07,2011,6.5
2011-12-08,2011,6.5
2011-12-09,2011,6.5
2011-12-12,2011,6.5
2011-12-13,2011,6.51
2011-12-14,2011,6.51
2011-12-15,2011,6.51
2011-12-16,2011,6.52
2011-12-19,2011,6.54
2011-12-20,2011,6.54
2011-12-21,2011,6.54
2011-12-22,2011,6.54
2011-12-23,2011,6.54
2011-12-26,2011,6.54
2011-12-27,2011,6.54
2011-12-28,2011,6.54
2011-12-29,2011,6.55
2011-12-30,2011,6.55
2012-01-02,2011,6.55
2012-01-03,2011,6.55
2012-01-04,2011,6.55
2012-01-05,2011,6.55
2008-01-11,2012,3.65
2008-01-14,2012,3.5
2008-01-15,2012,4.0
2008-01-16,2012,4.0
2008-01-17,2012,4.0
2008-01-18,2012,4.0
2008-01-21,2012,4.0
2008-01-22,2012,4.0
2008-01-23,2012,4.0
2008-01-24,2012,4.0
2008-01-25,2012,4.0
2008-01-28,2012,4.0
2008-01-29,2012,4.0
2008-01-30,2012,4.0
2008-01-31,2012,4.0
2008-02-01,2012,4.0
2008-02-06,2012,4.0
2008-02-07,2012,4.0
2008-02-08,2012,4.0
2008-02-11,2012,4.0
2008-02-12,2012,4.0
2008-02-13,2012,4.0
2008-02-14,2012,4.0
2008-02-15,2012,4.0
2008-02-18,2012,4.0
2008-02-19,2012,4.0
2008-02-20,2012,4.0
2008-02-21,2012,4.0
2008-02-22,2012,4.0
2008-02-25,2012,4.0
2008-02-26,2012,4.0
2008-02-27,2012,4.0
2008-02-28,2012,4.0
2008-02-29,2012,4.0
2008-03-03,2012,4.0
2008-03-04,2012,4.0
2008-03-05,2012,4.0
2008-03-06,2012,4.0
2008-03-07,2012,4.0
2008-03-10,2012,4.0
2008-03-11,2012,4.0
2008-03-12,2012,4.0
2008-03-13,2012,4.0
2008-03-14,2012,4.0
2008-03-17,2012,4.0
2008-03-18,2012,4.0
2008-03-19,2012,4.0
2008-03-20,2012,4.0
2008-03-24,2012,4.0
2008-03-25,2012,4.0
2008-03-26,2012,4.0
2008-03-27,2012,4.0
2008-03-28,2012,4.0
2008-03-31,2012,4.0
2008-04-01,2012,4.0
2008-04-02,2012,4.0
2008-04-03,2012,4.0
2008-04-04,2012,4.0
2008-04-07,2012,4.0
2008-04-08,2012,4.0
2008-04-09,2012,4.0
2008-04-10,2012,4.0
2008-04-11,2012,4.0
2008-04-14,2012,4.0
2008-04-15,2012,4.0
2008-04-16,2012,4.0
2008-04-17,2012,4.0
2008-04-18,2012,4.0
2008-04-22,2012,4.0
2008-04-23,2012,4.0
2008-04-24,2012,4.0
2008-04-25,2012,4.0
2008-04-28,2012,4.0
2008-04-29,2012,4.0
2008-04-30,2012,4.0
2008-05-02,2012,4.0
2008-05-05,2012,4.0
2008-05-06,2012,4.0
2008-05-07,2012,4.0
2008-05-08,2012,4.0
2008-05-09,2012,4.0
2008-05-12,2012,4.0
2008-05-13,2012,4.0
2008-05-14,2012,4.0
2008-05-15,2012,4.0
2008-05-16,2012,4.0
2008-05-19,2012,4.0
2008-05-20,2012,4.0
2008-05-21,2012,4.0
2008-05-23,2012,4.0
2008-05-26,2012,4.0
2008-05-27,2012,4.0
2008-05-28,2012,4.0
2008-05-29,2012,4.0
2008-05-30,2012,4.0
2008-06-02,2012,4.0
2008-06-03,2012,4.0
2008-06-04,2012,4.0
2008-06-05,2012,4.0
2008-06-06,2012,4.1
2008-06-09,2012,4.1
2008-06-10,2012,4.2
2008-06-11,2012,4.2
2008-06-12,2012,4.2
2008-06-13,2012,4.2
2008-06-16,2012,4.2
2008-06-17,2012,4.2
2008-06-18,2012,4.2
2008-06-19,2012,4.2
2008-06-20,2012,4.2
2008-06-23,2012,4.21
2008-06-24,2012,4.2
2008-06-25,2012,4.2
2008-06-26,2012,4.21
2008-06-27,2012,4.23
2008-06-30,2012,4.21
2008-07-01,2012,4.21
2008-07-02,2012,4.21
2008-07-03,2012,4.28
2008-07-04,2012,4.28
2008-07-07,2012,4.28
2008-07-08,2012,4.3
2008-07-09,2012,4.3
2008-07-10,2012,4.3
2008-07-11,2012,4.3
2008-07-14,2012,4.3
2008-07-15,2012,4.3
2008-07-16,2012,4.3
2008-07-17,2012,4.3
2008-07-18,2012,4.3
2008-07-21,2012,4.35
2008-07-22,2012,4.35
2008-07-23,2012,4.4
2008-07-24,2012,4.4
2008-07-25,2012,4.41
2008-07-28,2012,4.41
2008-07-29,2012,4.41
2008-07-30,2012,4.41
2008-07-31,2012,4.41
2008-08-01,2012,4.4
2008-08-04,2012,4.3
2008-08-05,2012,4.35
2008-08-06,2012,4.35
2008-08-07,2012,4.5
2008-08-08,2012,4.5
2008-08-11,2012,4.5
2008-08-12,2012,4.5
2008-08-13,2012,4.45
2008-08-14,2012,4.45
2008-08-15,2012,4.45
2008-08-18,2012,4.5
2008-08-19,2012,4.5
2008-08-20,2012,4.5
2008-08-21,2012,4.5
2008-08-22,2012,4.5
2008-08-25,2012,4.5
2008-08-26,2012,4.5
2008-08-27,2012,4.5
2008-08-28,2012,4.5
2008-08-29,2012,4.5
2008-09-01,2012,4.5
2008-09-02,2012,4.5
2008-09-03,2012,4.5
2008-09-04,2012,4.5
2008-09-05,2012,4.45
2008-09-08,2012,4.49
2008-09-09,2012,4.49
2008-09-10,2012,4.48
2008-09-11,2012,4.49
2008-09-12,2012,4.49
2008-09-15,2012,4.49
2008-09-16,2012,4.49
2008-09-17,2012,4.49
2008-09-18,2012,4.49
2008-09-19,2012,4.5
2008-09-22,2012,4.49
2008-09-23,2012,4.5
2008-09-24,2012,4.5
2008-09-25,2012,4.5
2008-09-26,2012,4.5
2008-09-29,2012,4.5
2008-09-30,2012,4.5
2008-10-01,2012,4.5
2008-10-02,2012,4.5
2008-10-03,2012,4.5
2008-10-06,2012,4.5
2008-10-07,2012,4.5
2008-10-08,2012,4.5
2008-10-09,2012,4.5
2008-10-10,2012,4.5
2008-10-13,2012,4.5
2008-10-14,2012,4.5
2008-10-15,2012,4.5
2008-10-16,2012,4.5
2008-10-17,2012,4.5
2008-10-20,2012,4.5
2008-10-21,2012,4.5
2008-10-22,2012,4.5
2008-10-23,2012,4.5
2008-10-24,2012,4.5
2008-10-27,2012,4.5
2008-10-28,2012,4.5
2008-10-29,2012,4.5
2008-10-30,2012,4.5
2008-10-31,2012,4.5
2008-11-03,2012,4.5
2008-11-04,2012,4.5
2008-11-05,2012,4.5
2008-11-06,2012,4.5
2008-11-07,2012,4.5
2008-11-10,2012,4.5
2008-11-11,2012,4.5
2008-11-12,2012,4.5
2008-11-13,2012,4.5
2008-11-14,2012,4.5
2008-11-17,2012,4.5
2008-11-18,2012,4.5
2008-11-19,2012,4.5
2008-11-20,2012,4.5
2008-11-21,2012,4.5
2008-11-24,2012,4.5
2008-11-25,2012,4.5
2008-11-26,2012,4.5
2008-11-27,2012,4.5
2008-11-28,2012,4.5
2008-12-01,2012,4.5
2008-12-02,2012,4.5
2008-12-03,2012,4.5
2008-12-04,2012,4.5
2008-12-05,2012,4.5
2008-12-08,2012,4.5
2008-12-09,2012,4.5
2008-12-10,2012,4.5
2008-12-11,2012,4.5
2008-12-12,2012,4.5
2008-12-15,2012,4.5
2008-12-16,2012,4.5
2008-12-17,2012,4.5
2008-12-18,2012,4.5
2008-12-19,2012,4.5
2008-12-22,2012,4.5
2008-12-23,2012,4.5
2008-12-24,2012,4.5
2008-12-26,2012,4.5
2008-12-29,2012,4.5
2008-12-30,2012,4.5
2008-12-31,2012,4.5
2009-01-02,2012,4.5
2009-01-05,2012,4.5
2009-01-06,2012,4.5
2009-01-07,2012,4.5
2009-01-08,2012,4.5
2009-01-09,2012,4.5
2009-01-12,2012,4.5
2009-01-13,2012,4.5
2009-01-14,2012,4.5
2009-01-15,2012,4.5
2009-01-16,2012,4.5
2009-01-19,2012,4.5
2009-01-20,2012,4.5
2009-01-21,2012,4.5
2009-01-22,2012,4.5
2009-01-23,2012,4.5
2009-01-26,2012,4.5
2009-01-27,2012,4.5
2009-01-28,2012,4.5
2009-01-29,2012,4.5
2009-01-30,2012,4.5
2009-02-02,2012,4.5
2009-02-03,2012,4.5
2009-02-04,2012,4.5
2009-02-05,2012,4.5
2009-02-06,2012,4.5
2009-02-09,2012,4.5
2009-02-10,2012,4.5
2009-02-11,2012,4.5
2009-02-12,2012,4.5
2009-02-13,2012,4.5
2009-02-16,2012,4.5
2009-02-17,2012,4.5
2009-02-18,2012,4.5
2009-02-19,2012,4.5
2009-02-20,2012,4.5
2009-02-25,2012,4.5
2009-02-26,2012,4.5
2009-02-27,2012,4.5
2009-03-02,2012,4.5
2009-03-03,2012,4.5
2009-03-04,2012,4.5
2009-03-05,2012,4.5
2009-03-06,2012,4.5
2009-03-09,2012,4.5
2009-03-10,2012,4.5
2009-03-11,2012,4.5
2009-03-12,2012,4.5
2009-03-13,2012,4.5
2009-03-16,2012,4.5
2009-03-17,2012,4.5
2009-03-18,2012,4.5
2009-03-19,2012,4.5
2009-03-20,2012,4.5
2009-03-23,2012,4.5
2009-03-24,2012,4.5
2009-03-25,2012,4.5
2009-03-26,2012,4.5
2009-03-27,2012,4.5
2009-03-30,2012,4.5
2009-03-31,2012,4.5
2009-04-01,2012,4.5
2009-04-02,2012,4.5
2009-04-03,2012,4.5
2009-04-06,2012,4.5
2009-04-07,2012,4.5
2009-04-08,2012,4.5
2009-04-09,2012,4.5
2009-04-13,2012,4.5
2009-04-14,2012,4.5
2009-04-15,2012,4.5
2009-04-16,2012,4.5
2009-04-17,2012,4.5
2009-04-20,2012,4.5
2009-04-22,2012,4.5
2009-04-23,2012,4.5
2009-04-24,2012,4.5
2009-04-27,2012,4.5
2009-04-28,2012,4.5
2009-04-29,2012,4.5
2009-04-30,2012,4.5
2009-05-04,2012,4.5
2009-05-05,2012,4.5
2009-05-06,2012,4.5
2009-05-07,2012,4.5
2009-05-08,2012,4.5
2009-05-11,2012,4.5
2009-05-12,2012,4.5
2009-05-13,2012,4.5
2009-05-14,2012,4.5
2009-05-15,2012,4.5
2009-05-18,2012,4.5
2009-05-19,2012,4.5
2009-05-20,2012,4.5
2009-05-21,2012,4.5
2009-05-22,2012,4.5
2009-05-25,2012,4.5
2009-05-26,2012,4.5
2009-05-27,2012,4.5
2009-05-28,2012,4.5
2009-05-29,2012,4.5
2009-06-01,2012,4.5
2009-06-02,2012,4.5
2009-06-03,2012,4.5
2009-06-04,2012,4.5
2009-06-05,2012,4.5
2009-06-08,2012,4.5
2009-06-09,2012,4.5
2009-06-10,2012,4.5
2009-06-12,2012,4.5
2009-06-15,2012,4.5
2009-06-16,2012,4.5
2009-06-17,2012,4.5
2009-06-18,2012,4.5
2009-06-19,2012,4.5
2009-06-22,2012,4.5
2009-06-23,2012,4.5
2009-06-24,2012,4.5
2009-06-25,2012,4.5
2009-06-26,2012,4.5
2009-06-29,2012,4.5
2009-06-30,2012,4.5
2009-07-01,2012,4.5
2009-07-02,2012,4.5
2009-07-03,2012,4.5
2009-07-06,2012,4.5
2009-07-07,2012,4.5
2009-07-08,2012,4.5
2009-07-09,2012,4.5
2009-07-10,2012,4.5
2009-07-13,2012,4.5
2009-07-14,2012,4.5
2009-07-15,2012,4.5
2009-07-16,2012,4.5
2009-07-17,2012,4.5
2009-07-20,2012,4.5
2009-07-21,2012,4.5
2009-07-22,2012,4.5
2009-07-23,2012,4.5
2009-07-24,2012,4.5
2009-07-27,2012,4.5
2009-07-28,2012,4.5
2009-07-29,2012,4.5
2009-07-30,2012,4.5
2009-07-31,2012,4.5
2009-08-03,2012,4.5
2009-08-04,2012,4.5
2009-08-05,2012,4.5
2009-08-06,2012,4.5
2009-08-07,2012,4.5
2009-08-10,2012,4.5
2009-08-11,2012,4.5
2009-08-12,2012,4.5
2009-08-13,2012,4.5
2009-08-14,2012,4.5
2009-08-17,2012,4.5
2009-08-18,2012,4.5
2009-08-19,2012,4.5
2009-08-20,2012,4.5
2009-08-21,2012,4.5
2009-08-24,2012,4.5
2009-08-25,2012,4.5
2009-08-26,2012,4.5
2009-08-27,2012,4.5
2009-08-28,2012,4.5
2009-08-31,2012,4.5
2009-09-01,2012,4.5
2009-09-02,2012,4.5
2009-09-03,2012,4.5
2009-09-04,2012,4.5
2009-09-08,2012,4.5
2009-09-09,2012,4.5
2009-09-10,2012,4.5
2009-09-11,2012,4.5
2009-09-14,2012,4.5
2009-09-15,2012,4.5
2009-09-16,2012,4.5
2009-09-17,2012,4.5
2009-09-18,2012,4.5
2009-09-21,2012,4.5
2009-09-22,2012,4.5
2009-09-23,2012,4.5
2009-09-24,2012,4.5
2009-09-25,2012,4.5
2009-09-28,2012,4.5
2009-09-29,2012,4.5
2009-09-30,2012,4.5
2009-10-01,2012,4.5
2009-10-02,2012,4.5
2009-10-05,2012,4.5
2009-10-06,2012,4.5
2009-10-07,2012,4.5
2009-10-08,2012,4.5
2009-10-09,2012,4.5
2009-10-13,2012,4.5
2009-10-14,2012,4.5
2009-10-15,2012,4.5
2009-10-16,2012,4.5
2009-10-19,2012,4.5
2009-10-20,2012,4.5
2009-10-21,2012,4.5
2009-10-22,2012,4.5
2009-10-23,2012,4.5
2009-10-26,2012,4.5
2009-10-27,2012,4.5
2009-10-28,2012,4.5
2009-10-29,2012,4.5
2009-10-30,2012,4.5
2009-11-03,2012,4.5
2009-11-04,2012,4.5
2009-11-05,2012,4.5
2009-11-06,2012,4.5
2009-11-09,2012,4.5
2009-11-10,2012,4.5
2009-11-11,2012,4.5
2009-11-12,2012,4.5
2009-11-13,2012,4.5
2009-11-16,2012,4.5
2009-11-17,2012,4.5
2009-11-18,2012,4.5
2009-11-19,2012,4.5
2009-11-20,2012,4.5
2009-11-23,2012,4.5
2009-11-24,2012,4.5
2009-11-25,2012,4.5
2009-11-26,2012,4.5
2009-11-27,2012,4.5
2009-11-30,2012,4.5
2009-12-01,2012,4.5
2009-12-02,2012,4.5
2009-12-03,2012,4.5
2009-12-04,2012,4.5
2009-12-07,2012,4.5
2009-12-08,2012,4.5
2009-12-09,2012,4.5
2009-12-10,2012,4.5
2009-12-11,2012,4.5
2009-12-14,2012,4.5
2009-12-15,2012,4.5
2009-12-16,2012,4.5
2009-12-17,2012,4.5
2009-12-18,2012,4.5
2009-12-21,2012,4.5
2009-12-22,2012,4.5
2009-12-23,2012,4.5
2009-12-24,2012,4.5
2009-12-28,2012,4.5
2009-12-29,2012,4.5
2009-12-30,2012,4.5
2009-12-31,2012,4.5
2010-01-04,2012,4.5
2010-01-05,2012,4.5
2010-01-06,2012,4.5
2010-01-07,2012,4.5
2010-01-08,2012,4.5
2010-01-11,2012,4.5
2010-01-12,2012,4.5
2010-01-13,2012,4.5
2010-01-14,2012,4.5
2010-01-15,2012,4.5
2010-01-18,2012,4.5
2010-01-19,2012,4.5
2010-01-20,2012,4.5
2010-01-21,2012,4.5
2010-01-22,2012,4.5
2010-01-25,2012,4.5
2010-01-26,2012,4.5
2010-01-27,2012,4.5
2010-01-28,2012,4.5
2010-01-29,2012,4.5
2010-02-01,2012,4.5
2010-02-02,2012,4.5
2010-02-03,2012,4.5
2010-02-04,2012,4.5
2010-02-05,2012,4.5
2010-02-08,2012,4.5
2010-02-09,2012,4.5
2010-02-10,2012,4.5
2010-02-11,2012,4.5
2010-02-12,2012,4.5
2010-02-17,2012,4.5
2010-02-18,2012,4.5
2010-02-19,2012,4.5
2010-02-22,2012,4.5
2010-02-23,2012,4.5
2010-02-24,2012,4.5
2010-02-25,2012,4.5
2010-02-26,2012,4.5
2010-03-01,2012,4.5
2010-03-02,2012,4.5
2010-03-03,2012,4.5
2010-03-04,2012,4.5
2010-03-05,2012,4.5
2010-03-08,2012,4.5
2010-03-09,2012,4.5
2010-03-10,2012,4.5
2010-03-11,2012,4.5
2010-03-12,2012,4.5
2010-03-15,2012,4.5
2010-03-16,2012,4.5
2010-03-17,2012,4.5
2010-03-18,2012,4.5
2010-03-19,2012,4.5
2010-03-22,2012,4.5
2010-03-23,2012,4.5
2010-03-24,2012,4.5
2010-03-25,2012,4.5
2010-03-26,2012,4.5
2010-03-29,2012,4.5
2010-03-30,2012,4.5
2010-03-31,2012,4.5
2010-04-01,2012,4.5
2010-04-05,2012,4.5
2010-04-06,2012,4.5
2010-04-07,2012,4.5
2010-04-08,2012,4.5
2010-04-09,2012,4.5
2010-04-12,2012,4.5
2010-04-13,2012,4.5
2010-04-14,2012,4.5
2010-04-15,2012,4.5
2010-04-16,2012,4.5
2010-04-19,2012,4.5
2010-04-20,2012,4.5
2010-04-22,2012,4.5
2010-04-23,2012,4.5
2010-04-26,2012,4.5
2010-04-27,2012,4.5
2010-04-28,2012,4.5
2010-04-29,2012,4.5
2010-04-30,2012,4.5
2010-05-03,2012,4.5
2010-05-04,2012,4.5
2010-05-05,2012,4.5
2010-05-06,2012,4.5
2010-05-07,2012,4.5
2010-05-10,2012,4.5
2010-05-11,2012,4.5
2010-05-12,2012,4.5
2010-05-13,2012,4.5
2010-05-14,2012,4.5
2010-05-17,2012,4.5
2010-05-18,2012,4.5
2010-05-19,2012,4.5
2010-05-20,2012,4.5
2010-05-21,2012,4.5
2010-05-24,2012,4.5
2010-05-25,2012,4.5
2010-05-26,2012,4.5
2010-05-27,2012,4.5
2010-05-28,2012,4.5
2010-05-31,2012,4.5
2010-06-01,2012,4.5
2010-06-02,2012,4.5
2010-06-04,2012,4.5
2010-06-07,2012,4.5
2010-06-08,2012,4.5
2010-06-09,2012,4.5
2010-06-10,2012,4.5
2010-06-11,2012,4.5
2010-06-14,2012,4.5
2010-06-15,2012,4.5
2010-06-16,2012,4.5
2010-06-17,2012,4.5
2010-06-18,2012,4.5
2010-06-21,2012,4.5
2010-06-22,2012,4.5
2010-06-23,2012,4.5
2010-06-24,2012,4.5
2010-06-25,2012,4.5
2010-06-28,2012,4.5
2010-06-29,2012,4.5
2010-06-30,2012,4.5
2010-07-01,2012,4.5
2010-07-02,2012,4.5
2010-07-05,2012,4.5
2010-07-06,2012,4.5
2010-07-07,2012,4.5
2010-07-08,2012,4.5
2010-07-09,2012,4.5
2010-07-12,2012,4.5
2010-07-13,2012,4.5
2010-07-14,2012,4.5
2010-07-15,2012,4.5
2010-07-16,2012,4.5
2010-07-19,2012,4.5
2010-07-20,2012,4.5
2010-07-21,2012,4.5
2010-07-22,2012,4.5
2010-07-23,2012,4.5
2010-07-26,2012,4.5
2010-07-27,2012,4.5
2010-07-28,2012,4.5
2010-07-29,2012,4.5
2010-07-30,2012,4.5
2010-08-02,2012,4.5
2010-08-03,2012,4.5
2010-08-04,2012,4.5
2010-08-05,2012,4.5
2010-08-06,2012,4.5
2010-08-09,2012,4.5
2010-08-10,2012,4.5
2010-08-11,2012,4.5
2010-08-12,2012,4.5
2010-08-13,2012,4.5
2010-08-16,2012,4.5
2010-08-17,2012,4.5
2010-08-18,2012,4.5
2010-08-19,2012,4.5
2010-08-20,2012,4.5
2010-08-23,2012,4.5
2010-08-24,2012,4.5
2010-08-25,2012,4.5
2010-08-26,2012,4.5
2010-08-27,2012,4.5
2010-08-30,2012,4.5
2010-08-31,2012,4.5
2010-09-01,2012,4.5
2010-09-02,2012,4.5
2010-09-03,2012,4.5
2010-09-06,2012,4.5
2010-09-08,2012,4.5
2010-09-09,2012,4.5
2010-09-10,2012,4.5
2010-09-13,2012,4.5
2010-09-14,2012,4.5
2010-09-15,2012,4.5
2010-09-16,2012,4.5
2010-09-17,2012,4.5
2010-09-20,2012,4.5
2010-09-21,2012,4.5
2010-09-22,2012,4.5
2010-09-23,2012,4.5
2010-09-24,2012,4.5
2010-09-27,2012,4.5
2010-09-28,2012,4.5
2010-09-29,2012,4.5
2010-09-30,2012,4.5
2010-10-01,2012,4.5
2010-10-04,2012,4.5
2010-10-05,2012,4.5
2010-10-06,2012,4.5
2010-10-07,2012,4.5
2010-10-08,2012,4.5
2010-10-11,2012,4.5
2010-10-13,2012,4.5
2010-10-14,2012,4.5
2010-10-15,2012,4.5
2010-10-18,2012,4.5
2010-10-19,2012,4.5
2010-10-20,2012,4.5
2010-10-21,2012,4.5
2010-10-22,2012,4.5
2010-10-25,2012,4.5
2010-10-26,2012,4.5
2010-10-27,2012,4.5
2010-10-28,2012,4.5
2010-10-29,2012,4.5
2010-11-01,2012,4.5
2010-11-03,2012,4.5
2010-11-04,2012,4.5
2010-11-05,2012,4.5
2010-11-08,2012,4.5
2010-11-09,2012,4.5
2010-11-10,2012,4.5
2010-11-11,2012,4.5
2010-11-12,2012,4.5
2010-11-16,2012,4.5
2010-11-17,2012,4.5
2010-11-18,2012,4.5
2010-11-19,2012,4.5
2010-11-22,2012,4.5
2010-11-23,2012,4.5
2010-11-24,2012,4.5
2010-11-25,2012,4.5
2010-11-26,2012,4.5
2010-11-29,2012,4.5
2010-11-30,2012,4.5
2010-12-01,2012,4.5
2010-12-02,2012,4.5
2010-12-03,2012,4.5
2010-12-06,2012,4.5
2010-12-07,2012,4.5
2010-12-08,2012,4.5
2010-12-09,2012,4.5
2010-12-10,2012,4.5
2010-12-13,2012,4.5
2010-12-14,2012,4.5
2010-12-15,2012,4.5
2010-12-16,2012,4.5
2010-12-17,2012,4.5
2010-12-20,2012,4.5
2010-12-21,2012,4.5
2010-12-22,2012,4.5
2010-12-23,2012,4.5
2010-12-24,2012,4.5
2010-12-27,2012,4.5
2010-12-28,2012,4.5
2010-12-29,2012,4.5
2010-12-30,2012,4.5
2010-12-31,2012,4.5
2011-01-03,2012,4.5
2011-01-04,2012,4.5
2011-01-05,2012,4.5
2011-01-06,2012,4.5
2011-01-07,2012,4.5
2011-01-10,2012,4.5
2011-01-11,2012,4.5
2011-01-12,2012,4.5
2011-01-13,2012,4.5
2011-01-14,2012,4.5
2011-01-17,2012,4.5
2011-01-18,2012,4.5
2011-01-19,2012,4.5
2011-01-20,2012,4.58
2011-01-21,2012,4.54
2011-01-24,2012,4.57
2011-01-25,2012,4.57
2011-01-26,2012,4.57
2011-01-27,2012,4.7
2011-01-28,2012,4.7
2011-01-31,2012,4.7
2011-02-01,2012,4.7
2011-02-02,2012,4.66
2011-02-03,2012,4.61
2011-02-04,2012,4.61
2011-02-07,2012,4.66
2011-02-08,2012,4.61
2011-02-09,2012,4.7
2011-02-10,2012,4.7
2011-02-11,2012,4.7
2011-02-14,2012,4.7
2011-02-15,2012,4.73
2011-02-16,2012,4.76
2011-02-17,2012,4.78
2011-02-18,2012,4.78
2011-02-21,2012,4.78
2011-02-22,2012,4.78
2011-02-23,2012,4.78
2011-02-24,2012,4.78
2011-02-25,2012,4.78
2011-02-28,2012,4.78
2011-03-01,2012,4.78
2011-03-02,2012,4.78
2011-03-03,2012,4.8
2011-03-04,2012,4.8
2011-03-09,2012,4.8
2011-03-10,2012,4.8
2011-03-11,2012,4.8
2011-03-14,2012,4.8
2011-03-15,2012,4.8
2011-03-16,2012,4.8
2011-03-17,2012,4.8
2011-03-18,2012,4.8
2011-03-21,2012,4.81
2011-03-22,2012,4.91
2011-03-23,2012,4.91
2011-03-24,2012,4.91
2011-03-25,2012,4.91
2011-03-28,2012,4.9
2011-03-29,2012,4.9
2011-03-30,2012,4.91
2011-03-31,2012,5.0
2011-04-01,2012,5.0
2011-04-04,2012,5.0
2011-04-05,2012,5.0
2011-04-06,2012,5.0
2011-04-07,2012,5.0
2011-04-08,2012,5.0
2011-04-11,2012,5.0
2011-04-12,2012,5.0
2011-04-13,2012,5.0
2011-04-14,2012,5.0
2011-04-15,2012,5.0
2011-04-18,2012,5.0
2011-04-19,2012,5.0
2011-04-20,2012,5.0
2011-04-25,2012,5.0
2011-04-26,2012,5.0
2011-04-27,2012,5.0
2011-04-28,2012,5.0
2011-04-29,2012,5.0
2011-05-02,2012,5.0
2011-05-03,2012,5.0
2011-05-04,2012,5.0
2011-05-05,2012,5.0
2011-05-06,2012,5.0
2011-05-09,2012,5.0
2011-05-10,2012,5.0
2011-05-11,2012,5.0
2011-05-12,2012,5.0
2011-05-13,2012,5.0
2011-05-16,2012,5.01
2011-05-17,2012,5.01
2011-05-18,2012,5.01
2011-05-19,2012,5.06
2011-05-20,2012,5.1
2011-05-23,2012,5.1
2011-05-24,2012,5.1
2011-05-25,2012,5.1
2011-05-26,2012,5.1
2011-05-27,2012,5.1
2011-05-30,2012,5.1
2011-05-31,2012,5.1
2011-06-01,2012,5.1
2011-06-02,2012,5.1
2011-06-03,2012,5.1
2011-06-06,2012,5.1
2011-06-07,2012,5.1
2011-06-08,2012,5.1
2011-06-09,2012,5.1
2011-06-10,2012,5.13
2011-06-13,2012,5.1
2011-06-14,2012,5.1
2011-06-15,2012,5.1
2011-06-16,2012,5.1
2011-06-17,2012,5.18
2011-06-20,2012,5.2
2011-06-21,2012,5.15
2011-06-22,2012,5.18
2011-06-24,2012,5.15
2011-06-27,2012,5.13
2011-06-28,2012,5.13
2011-06-29,2012,5.13
2011-06-30,2012,5.1
2011-07-01,2012,5.1
2011-07-04,2012,5.2
2011-07-05,2012,5.2
2011-07-06,2012,5.2
2011-07-07,2012,5.16
2011-07-08,2012,5.2
2011-07-11,2012,5.2
2011-07-12,2012,5.2
2011-07-13,2012,5.2
2011-07-14,2012,5.2
2011-07-15,2012,5.2
2011-07-18,2012,5.2
2011-07-19,2012,5.2
2011-07-20,2012,5.2
2011-07-21,2012,5.28
2011-07-22,2012,5.28
2011-07-25,2012,5.28
2011-07-26,2012,5.28
2011-07-27,2012,5.28
2011-07-28,2012,5.3
2011-07-29,2012,5.3
2011-08-01,2012,5.3
2011-08-02,2012,5.3
2011-08-03,2012,5.29
2011-08-04,2012,5.28
2011-08-05,2012,5.27
2011-08-08,2012,5.28
2011-08-09,2012,5.27
2011-08-10,2012,5.26
2011-08-11,2012,5.26
2011-08-12,2012,5.23
2011-08-15,2012,5.2
2011-08-16,2012,5.2
2011-08-17,2012,5.2
2011-08-18,2012,5.2
2011-08-19,2012,5.2
2011-08-22,2012,5.2
2011-08-23,2012,5.18
2011-08-24,2012,5.19
2011-08-25,2012,5.19
2011-08-26,2012,5.2
2011-08-29,2012,5.2
2011-08-30,2012,5.2
2011-08-31,2012,5.2
2011-09-01,2012,5.27
2011-09-02,2012,5.32
2011-09-05,2012,5.32
2011-09-06,2012,5.32
2011-09-08,2012,5.34
2011-09-09,2012,5.4
2011-09-12,2012,5.44
2011-09-13,2012,5.45
2011-09-14,2012,5.48
2011-09-15,2012,5.48
2011-09-16,2012,5.5
2011-09-19,2012,5.52
2011-09-20,2012,5.52
2011-09-21,2012,5.52
2011-09-22,2012,5.52
2011-09-23,2012,5.52
2011-09-26,2012,5.53
2011-09-27,2012,5.53
2011-09-28,2012,5.52
2011-09-29,2012,5.53
2011-09-30,2012,5.53
2011-10-03,2012,5.53
2011-10-04,2012,5.52
2011-10-05,2012,5.52
2011-10-06,2012,5.52
2011-10-07,2012,5.59
2011-10-10,2012,5.6
2011-10-11,2012,5.61
2011-10-13,2012,5.6
2011-10-14,2012,5.61
2011-10-17,2012,5.62
2011-10-18,2012,5.63
2011-10-19,2012,5.6
2011-10-20,2012,5.6
2011-10-21,2012,5.6
2011-10-24,2012,5.6
2011-10-25,2012,5.6
2011-10-26,2012,5.6
2011-10-27,2012,5.6
2011-10-28,2012,5.59
2011-10-31,2012,5.59
2011-11-01,2012,5.59
2011-11-03,2012,5.59
2011-11-04,2012,5.57
2011-11-07,2012,5.56
2011-11-08,2012,5.57
2011-11-09,2012,5.56
2011-11-10,2012,5.56
2011-11-11,2012,5.56
2011-11-14,2012,5.55
2011-11-16,2012,5.57
2011-11-17,2012,5.57
2011-11-18,2012,5.55
2011-11-21,2012,5.55
2011-11-22,2012,5.54
2011-11-23,2012,5.55
2011-11-24,2012,5.55
2011-11-25,2012,5.56
2011-11-28,2012,5.56
2011-11-29,2012,5.56
2011-11-30,2012,5.52
2011-12-01,2012,5.5
2011-12-02,2012,5.49
2011-12-05,2012,5.47
2011-12-06,2012,5.45
2011-12-07,2012,5.44
2011-12-08,2012,5.43
2011-12-09,2012,5.42
2011-12-12,2012,5.4
2011-12-13,2012,5.4
2011-12-14,2012,5.4
2011-12-15,2012,5.39
2011-12-16,2012,5.39
2011-12-19,2012,5.37
2011-12-20,2012,5.35
2011-12-21,2012,5.34
2011-12-22,2012,5.34
2011-12-23,2012,5.33
2011-12-26,2012,5.33
2011-12-27,2012,5.32
2011-12-28,2012,5.32
2011-12-29,2012,5.32
2011-12-30,2012,5.32
2012-01-02,2012,5.34
2012-01-03,2012,5.33
2012-01-04,2012,5.32
2012-01-05,2012,5.32
2012-01-06,2012,5.31
2012-01-09,2012,5.3
2012-01-10,2012,5.3
2012-01-11,2012,5.3
2012-01-12,2012,5.3
2012-01-13,2012,5.3
2012-01-16,2012,5.29
2012-01-17,2012,5.3
2012-01-18,2012,5.29
2012-01-19,2012,5.29
2012-01-20,2012,5.29
2012-01-23,2012,5.27
2012-01-24,2012,5.27
2012-01-25,2012,5.27
2012-01-26,2012,5.28
2012-01-27,2012,5.28
2012-01-30,2012,5.29
2012-01-31,2012,5.29
2012-02-01,2012,5.29
2012-02-02,2012,5.29
2012-02-03,2012,5.29
2012-02-06,2012,5.29
2012-02-07,2012,5.29
2012-02-08,2012,5.28
2012-02-09,2012,5.27
2012-02-10,2012,5.29
2012-02-13,2012,5.29
2012-02-14,2012,5.28
2012-02-15,2012,5.29
2012-02-16,2012,5.24
2012-02-17,2012,5.24
2012-02-22,2012,5.24
2012-02-23,2012,5.24
2012-02-24,2012,5.24
2012-02-27,2012,5.24
2012-02-28,2012,5.24
2012-02-29,2012,5.24
2012-03-01,2012,5.24
2012-03-02,2012,5.24
2012-03-05,2012,5.25
2012-03-06,2012,5.25
2012-03-07,2012,5.27
2012-03-08,2012,5.28
2012-03-09,2012,5.27
2012-03-12,2012,5.27
2012-03-13,2012,5.28
2012-03-14,2012,5.27
2012-03-15,2012,5.27
2012-03-16,2012,5.27
2012-03-19,2012,5.28
2012-03-20,2012,5.28
2012-03-21,2012,5.28
2012-03-22,2012,5.28
2012-03-23,2012,5.28
2012-03-26,2012,5.28
2012-03-27,2012,5.28
2012-03-28,2012,5.28
2012-03-29,2012,5.28
2012-03-30,2012,5.27
2012-04-02,2012,5.27
2012-04-03,2012,5.27
2012-04-04,2012,5.27
2012-04-05,2012,5.06
2012-04-09,2012,5.08
2012-04-10,2012,5.08
2012-04-11,2012,5.08
2012-04-12,2012,5.08
2012-04-13,2012,5.08
2012-04-16,2012,5.08
2012-04-17,2012,5.07
2012-04-18,2012,5.08
2012-04-19,2012,5.08
2012-04-20,2012,5.08
2012-04-23,2012,5.09
2012-04-24,2012,5.09
2012-04-25,2012,5.1
2012-04-26,2012,5.1
2012-04-27,2012,5.12
2012-04-30,2012,5.14
2012-05-02,2012,5.14
2012-05-03,2012,5.12
2012-05-04,2012,5.12
2012-05-07,2012,5.12
2012-05-08,2012,5.14
2012-05-09,2012,5.22
2012-05-10,2012,5.22
2012-05-11,2012,5.22
2012-05-14,2012,5.22
2012-05-15,2012,5.22
2012-05-16,2012,5.22
2012-05-17,2012,5.22
2012-05-18,2012,5.21
2012-05-21,2012,5.21
2012-05-22,2012,5.2
2012-05-23,2012,5.17
2012-05-24,2012,5.17
2012-05-25,2012,5.17
2012-05-28,2012,5.15
2012-05-29,2012,5.15
2012-05-30,2012,5.14
2012-05-31,2012,5.14
2012-06-01,2012,5.15
2012-06-04,2012,5.15
2012-06-05,2012,5.15
2012-06-06,2012,5.03
2012-06-08,2012,5.03
2012-06-11,2012,5.02
2012-06-12,2012,5.01
2012-06-13,2012,5.01
2012-06-14,2012,5.01
2012-06-15,2012,5.0
2012-06-18,2012,4.99
2012-06-19,2012,4.99
2012-06-20,2012,4.96
2012-06-21,2012,4.96
2012-06-22,2012,4.95
2012-06-25,2012,4.94
2012-06-26,2012,4.94
2012-06-27,2012,4.93
2012-06-28,2012,4.93
2012-06-29,2012,4.93
2012-07-02,2012,4.94
2012-07-03,2012,4.94
2012-07-04,2012,4.94
2012-07-05,2012,4.94
2012-07-06,2012,4.85
2012-07-09,2012,4.85
2012-07-10,2012,4.86
2012-07-11,2012,4.87
2012-07-12,2012,4.87
2012-07-13,2012,4.87
2012-07-16,2012,4.87
2012-07-17,2012,4.87
2012-07-18,2012,4.87
2012-07-19,2012,4.89
2012-07-20,2012,4.92
2012-07-23,2012,4.98
2012-07-24,2012,4.98
2012-07-25,2012,4.98
2012-07-26,2012,4.98
2012-07-27,2012,4.98
2012-07-30,2012,5.0
2012-07-31,2012,4.99
2012-08-01,2012,4.99
2012-08-02,2012,5.0
2012-08-03,2012,5.0
2012-08-06,2012,5.0
2012-08-07,2012,5.0
2012-08-08,2012,5.1
2012-08-09,2012,5.11
2012-08-10,2012,5.11
2012-08-13,2012,5.11
2012-08-14,2012,5.11
2012-08-15,2012,5.11
2012-08-16,2012,5.11
2012-08-17,2012,5.15
2012-08-20,2012,5.15
2012-08-21,2012,5.17
2012-08-22,2012,5.19
2012-08-23,2012,5.19
2012-08-24,2012,5.19
2012-08-27,2012,5.2
2012-08-28,2012,5.2
2012-08-29,2012,5.2
2012-08-30,2012,5.2
2012-08-31,2012,5.2
2012-09-03,2012,5.2
2012-09-04,2012,5.2
2012-09-05,2012,5.24
2012-09-06,2012,5.24
2012-09-10,2012,5.26
2012-09-11,2012,5.26
2012-09-12,2012,5.26
2012-09-13,2012,5.26
2012-09-14,2012,5.26
2012-09-17,2012,5.27
2012-09-18,2012,5.3
2012-09-19,2012,5.34
2012-09-20,2012,5.34
2012-09-21,2012,5.35
2012-09-24,2012,5.36
2012-09-25,2012,5.36
2012-09-26,2012,5.36
2012-09-27,2012,5.36
2012-09-28,2012,5.36
2012-10-01,2012,5.36
2012-10-02,2012,5.37
2012-10-03,2012,5.36
2012-10-04,2012,5.37
2012-10-05,2012,5.42
2012-10-08,2012,5.43
2012-10-09,2012,5.43
2012-10-10,2012,5.43
2012-10-11,2012,5.43
2012-10-15,2012,5.42
2012-10-16,2012,5.43
2012-10-17,2012,5.43
2012-10-18,2012,5.43
2012-10-19,2012,5.44
2012-10-22,2012,5.45
2012-10-23,2012,5.45
2012-10-24,2012,5.45
2012-10-25,2012,5.45
2012-10-26,2012,5.45
2012-10-29,2012,5.45
2012-10-30,2012,5.44
2012-10-31,2012,5.44
2012-11-01,2012,5.44
2012-11-05,2012,5.44
2012-11-06,2012,5.44
2012-11-07,2012,5.46
2012-11-08,2012,5.46
2012-11-09,2012,5.46
2012-11-12,2012,5.46
2012-11-13,2012,5.46
2012-11-14,2012,5.46
2012-11-16,2012,5.45
2012-11-19,2012,5.43
2012-11-20,2012,5.43
2012-11-21,2012,5.42
2012-11-22,2012,5.42
2012-11-23,2012,5.43
2012-11-26,2012,5.42
2012-11-27,2012,5.43
2012-11-28,2012,5.43
2012-11-29,2012,5.43
2012-11-30,2012,5.43
2012-12-03,2012,5.43
2012-12-04,2012,5.43
2012-12-05,2012,5.43
2012-12-06,2012,5.44
2012-12-07,2012,5.58
2012-12-10,2012,5.59
2012-12-11,2012,5.59
2012-12-12,2012,5.59
2012-12-13,2012,5.59
2012-12-14,2012,5.6
2012-12-17,2012,5.63
2012-12-18,2012,5.68
2012-12-19,2012,5.69
2012-12-20,2012,5.69
2012-12-21,2012,5.69
2012-12-24,2012,5.7
2012-12-26,2012,5.71
2012-12-27,2012,5.71
2012-12-28,2012,5.71
2012-12-31,2012,5.71
2013-01-02,2012,5.72
2013-01-03,2012,5.72
2013-01-04,2012,5.73
2013-01-07,2012,5.74
2013-01-08,2012,5.74
2013-01-09,2012,5.75
2009-01-09,2013,4.5
2009-01-12,2013,4.5
2009-01-13,2013,4.5
2009-01-14,2013,4.5
2009-01-15,2013,4.25
2009-01-16,2013,4.5
2009-01-19,2013,4.5
2009-01-20,2013,4.5
2009-01-21,2013,4.5
2009-01-22,2013,4.5
2009-01-23,2013,4.5
2009-01-26,2013,4.5
2009-01-27,2013,4.5
2009-01-28,2013,4.5
2009-01-29,2013,4.5
2009-01-30,2013,4.5
2009-02-02,2013,4.5
2009-02-03,2013,4.5
2009-02-04,2013,4.5
2009-02-05,2013,4.5
2009-02-06,2013,4.5
2009-02-09,2013,4.5
2009-02-10,2013,4.5
2009-02-11,2013,4.5
2009-02-12,2013,4.5
2009-02-13,2013,4.5
2009-02-16,2013,4.5
2009-02-17,2013,4.5
2009-02-18,2013,4.5
2009-02-19,2013,4.5
2009-02-20,2013,4.5
2009-02-25,2013,4.5
2009-02-26,2013,4.5
2009-02-27,2013,4.5
2009-03-02,2013,4.5
2009-03-03,2013,4.5
2009-03-04,2013,4.5
2009-03-05,2013,4.5
2009-03-06,2013,4.5
2009-03-09,2013,4.5
2009-03-10,2013,4.5
2009-03-11,2013,4.5
2009-03-12,2013,4.5
2009-03-13,2013,4.5
2009-03-16,2013,4.5
2009-03-17,2013,4.5
2009-03-18,2013,4.5
2009-03-19,2013,4.5
2009-03-20,2013,4.5
2009-03-23,2013,4.5
2009-03-24,2013,4.5
2009-03-25,2013,4.5
2009-03-26,2013,4.5
2009-03-27,2013,4.5
2009-03-30,2013,4.5
2009-03-31,2013,4.5
2009-04-01,2013,4.5
2009-04-02,2013,4.5
2009-04-03,2013,4.5
2009-04-06,2013,4.5
2009-04-07,2013,4.5
2009-04-08,2013,4.5
2009-04-09,2013,4.5
2009-04-13,2013,4.5
2009-04-14,2013,4.5
2009-04-15,2013,4.5
2009-04-16,2013,4.5
2009-04-17,2013,4.5
2009-04-20,2013,4.5
2009-04-22,2013,4.5
2009-04-23,2013,4.5
2009-04-24,2013,4.5
2009-04-27,2013,4.5
2009-04-28,2013,4.5
2009-04-29,2013,4.5
2009-04-30,2013,4.5
2009-05-04,2013,4.5
2009-05-05,2013,4.5
2009-05-06,2013,4.5
2009-05-07,2013,4.5
2009-05-08,2013,4.5
2009-05-11,2013,4.5
2009-05-12,2013,4.5
2009-05-13,2013,4.5
2009-05-14,2013,4.5
2009-05-15,2013,4.5
2009-05-18,2013,4.5
2009-05-19,2013,4.5
2009-05-20,2013,4.5
2009-05-21,2013,4.5
2009-05-22,2013,4.5
2009-05-25,2013,4.5
2009-05-26,2013,4.5
2009-05-27,2013,4.5
2009-05-28,2013,4.5
2009-05-29,2013,4.5
2009-06-01,2013,4.5
2009-06-02,2013,4.5
2009-06-03,2013,4.5
2009-06-04,2013,4.5
2009-06-05,2013,4.5
2009-06-08,2013,4.5
2009-06-09,2013,4.5
2009-06-10,2013,4.5
2009-06-12,2013,4.5
2009-06-15,2013,4.5
2009-06-16,2013,4.5
2009-06-17,2013,4.5
2009-06-18,2013,4.5
2009-06-19,2013,4.5
2009-06-22,2013,4.5
2009-06-23,2013,4.5
2009-06-24,2013,4.5
2009-06-25,2013,4.5
2009-06-26,2013,4.5
2009-06-29,2013,4.5
2009-06-30,2013,4.5
2009-07-01,2013,4.5
2009-07-02,2013,4.5
2009-07-03,2013,4.5
2009-07-06,2013,4.5
2009-07-07,2013,4.5
2009-07-08,2013,4.5
2009-07-09,2013,4.5
2009-07-10,2013,4.5
2009-07-13,2013,4.5
2009-07-14,2013,4.5
2009-07-15,2013,4.5
2009-07-16,2013,4.5
2009-07-17,2013,4.5
2009-07-20,2013,4.5
2009-07-21,2013,4.5
2009-07-22,2013,4.5
2009-07-23,2013,4.5
2009-07-24,2013,4.5
2009-07-27,2013,4.5
2009-07-28,2013,4.5
2009-07-29,2013,4.5
2009-07-30,2013,4.5
2009-07-31,2013,4.5
2009-08-03,2013,4.5
2009-08-04,2013,4.5
2009-08-05,2013,4.5
2009-08-06,2013,4.5
2009-08-07,2013,4.5
2009-08-10,2013,4.5
2009-08-11,2013,4.5
2009-08-12,2013,4.5
2009-08-13,2013,4.5
2009-08-14,2013,4.5
2009-08-17,2013,4.5
2009-08-18,2013,4.5
2009-08-19,2013,4.5
2009-08-20,2013,4.5
2009-08-21,2013,4.5
2009-08-24,2013,4.5
2009-08-25,2013,4.5
2009-08-26,2013,4.5
2009-08-27,2013,4.5
2009-08-28,2013,4.5
2009-08-31,2013,4.5
2009-09-01,2013,4.5
2009-09-02,2013,4.5
2009-09-03,2013,4.5
2009-09-04,2013,4.5
2009-09-08,2013,4.5
2009-09-09,2013,4.5
2009-09-10,2013,4.5
2009-09-11,2013,4.5
2009-09-14,2013,4.5
2009-09-15,2013,4.5
2009-09-16,2013,4.5
2009-09-17,2013,4.5
2009-09-18,2013,4.5
2009-09-21,2013,4.5
2009-09-22,2013,4.5
2009-09-23,2013,4.5
2009-09-24,2013,4.5
2009-09-25,2013,4.5
2009-09-28,2013,4.5
2009-09-29,2013,4.5
2009-09-30,2013,4.5
2009-10-01,2013,4.5
2009-10-02,2013,4.5
2009-10-05,2013,4.5
2009-10-06,2013,4.5
2009-10-07,2013,4.5
2009-10-08,2013,4.5
2009-10-09,2013,4.5
2009-10-13,2013,4.5
2009-10-14,2013,4.5
2009-10-15,2013,4.5
2009-10-16,2013,4.5
2009-10-19,2013,4.5
2009-10-20,2013,4.5
2009-10-21,2013,4.5
2009-10-22,2013,4.5
2009-10-23,2013,4.5
2009-10-26,2013,4.5
2009-10-27,2013,4.5
2009-10-28,2013,4.5
2009-10-29,2013,4.5
2009-10-30,2013,4.5
2009-11-03,2013,4.5
2009-11-04,2013,4.5
2009-11-05,2013,4.5
2009-11-06,2013,4.5
2009-11-09,2013,4.5
2009-11-10,2013,4.5
2009-11-11,2013,4.5
2009-11-12,2013,4.5
2009-11-13,2013,4.5
2009-11-16,2013,4.5
2009-11-17,2013,4.5
2009-11-18,2013,4.5
2009-11-19,2013,4.5
2009-11-20,2013,4.5
2009-11-23,2013,4.5
2009-11-24,2013,4.5
2009-11-25,2013,4.5
2009-11-26,2013,4.5
2009-11-27,2013,4.5
2009-11-30,2013,4.5
2009-12-01,2013,4.5
2009-12-02,2013,4.5
2009-12-03,2013,4.5
2009-12-04,2013,4.5
2009-12-07,2013,4.5
2009-12-08,2013,4.5
2009-12-09,2013,4.5
2009-12-10,2013,4.5
2009-12-11,2013,4.5
2009-12-14,2013,4.5
2009-12-15,2013,4.5
2009-12-16,2013,4.5
2009-12-17,2013,4.5
2009-12-18,2013,4.5
2009-12-21,2013,4.5
2009-12-22,2013,4.5
2009-12-23,2013,4.5
2009-12-24,2013,4.5
2009-12-28,2013,4.5
2009-12-29,2013,4.5
2009-12-30,2013,4.5
2009-12-31,2013,4.5
2010-01-04,2013,4.5
2010-01-05,2013,4.5
2010-01-06,2013,4.5
2010-01-07,2013,4.5
2010-01-08,2013,4.5
2010-01-11,2013,4.5
2010-01-12,2013,4.5
2010-01-13,2013,4.5
2010-01-14,2013,4.5
2010-01-15,2013,4.5
2010-01-18,2013,4.5
2010-01-19,2013,4.5
2010-01-20,2013,4.5
2010-01-21,2013,4.5
2010-01-22,2013,4.5
2010-01-25,2013,4.5
2010-01-26,2013,4.5
2010-01-27,2013,4.5
2010-01-28,2013,4.5
2010-01-29,2013,4.5
2010-02-01,2013,4.5
2010-02-02,2013,4.5
2010-02-03,2013,4.5
2010-02-04,2013,4.5
2010-02-05,2013,4.5
2010-02-08,2013,4.5
2010-02-09,2013,4.5
2010-02-10,2013,4.5
2010-02-11,2013,4.5
2010-02-12,2013,4.5
2010-02-17,2013,4.5
2010-02-18,2013,4.5
2010-02-19,2013,4.5
2010-02-22,2013,4.5
2010-02-23,2013,4.5
2010-02-24,2013,4.5
2010-02-25,2013,4.5
2010-02-26,2013,4.5
2010-03-01,2013,4.5
2010-03-02,2013,4.5
2010-03-03,2013,4.5
2010-03-04,2013,4.5
2010-03-05,2013,4.5
2010-03-08,2013,4.5
2010-03-09,2013,4.5
2010-03-10,2013,4.5
2010-03-11,2013,4.5
2010-03-12,2013,4.5
2010-03-15,2013,4.5
2010-03-16,2013,4.5
2010-03-17,2013,4.5
2010-03-18,2013,4.5
2010-03-19,2013,4.5
2010-03-22,2013,4.5
2010-03-23,2013,4.5
2010-03-24,2013,4.5
2010-03-25,2013,4.5
2010-03-26,2013,4.5
2010-03-29,2013,4.5
2010-03-30,2013,4.5
2010-03-31,2013,4.5
2010-04-01,2013,4.5
2010-04-05,2013,4.5
2010-04-06,2013,4.5
2010-04-07,2013,4.5
2010-04-08,2013,4.5
2010-04-09,2013,4.5
2010-04-12,2013,4.5
2010-04-13,2013,4.5
2010-04-14,2013,4.5
2010-04-15,2013,4.5
2010-04-16,2013,4.5
2010-04-19,2013,4.5
2010-04-20,2013,4.5
2010-04-22,2013,4.5
2010-04-23,2013,4.5
2010-04-26,2013,4.5
2010-04-27,2013,4.5
2010-04-28,2013,4.5
2010-04-29,2013,4.5
2010-04-30,2013,4.5
2010-05-03,2013,4.5
2010-05-04,2013,4.5
2010-05-05,2013,4.5
2010-05-06,2013,4.5
2010-05-07,2013,4.5
2010-05-10,2013,4.5
2010-05-11,2013,4.5
2010-05-12,2013,4.5
2010-05-13,2013,4.5
2010-05-14,2013,4.5
2010-05-17,2013,4.5
2010-05-18,2013,4.5
2010-05-19,2013,4.5
2010-05-20,2013,4.5
2010-05-21,2013,4.5
2010-05-24,2013,4.5
2010-05-25,2013,4.5
2010-05-26,2013,4.5
2010-05-27,2013,4.5
2010-05-28,2013,4.5
2010-05-31,2013,4.5
2010-06-01,2013,4.5
2010-06-02,2013,4.5
2010-06-04,2013,4.5
2010-06-07,2013,4.5
2010-06-08,2013,4.5
2010-06-09,2013,4.5
2010-06-10,2013,4.5
2010-06-11,2013,4.5
2010-06-14,2013,4.5
2010-06-15,2013,4.5
2010-06-16,2013,4.5
2010-06-17,2013,4.5
2010-06-18,2013,4.5
2010-06-21,2013,4.5
2010-06-22,2013,4.5
2010-06-23,2013,4.5
2010-06-24,2013,4.5
2010-06-25,2013,4.5
2010-06-28,2013,4.5
2010-06-29,2013,4.5
2010-06-30,2013,4.5
2010-07-01,2013,4.5
2010-07-02,2013,4.5
2010-07-05,2013,4.5
2010-07-06,2013,4.5
2010-07-07,2013,4.5
2010-07-08,2013,4.5
2010-07-09,2013,4.5
2010-07-12,2013,4.5
2010-07-13,2013,4.5
2010-07-14,2013,4.5
2010-07-15,2013,4.5
2010-07-16,2013,4.5
2010-07-19,2013,4.5
2010-07-20,2013,4.5
2010-07-21,2013,4.5
2010-07-22,2013,4.5
2010-07-23,2013,4.5
2010-07-26,2013,4.5
2010-07-27,2013,4.5
2010-07-28,2013,4.5
2010-07-29,2013,4.5
2010-07-30,2013,4.5
2010-08-02,2013,4.5
2010-08-03,2013,4.5
2010-08-04,2013,4.5
2010-08-05,2013,4.5
2010-08-06,2013,4.5
2010-08-09,2013,4.5
2010-08-10,2013,4.5
2010-08-11,2013,4.5
2010-08-12,2013,4.5
2010-08-13,2013,4.5
2010-08-16,2013,4.5
2010-08-17,2013,4.5
2010-08-18,2013,4.5
2010-08-19,2013,4.5
2010-08-20,2013,4.5
2010-08-23,2013,4.5
2010-08-24,2013,4.5
2010-08-25,2013,4.5
2010-08-26,2013,4.5
2010-08-27,2013,4.5
2010-08-30,2013,4.5
2010-08-31,2013,4.5
2010-09-01,2013,4.5
2010-09-02,2013,4.5
2010-09-03,2013,4.5
2010-09-06,2013,4.5
2010-09-08,2013,4.5
2010-09-09,2013,4.5
2010-09-10,2013,4.5
2010-09-13,2013,4.5
2010-09-14,2013,4.5
2010-09-15,2013,4.5
2010-09-16,2013,4.5
2010-09-17,2013,4.5
2010-09-20,2013,4.5
2010-09-21,2013,4.5
2010-09-22,2013,4.5
2010-09-23,2013,4.5
2010-09-24,2013,4.5
2010-09-27,2013,4.5
2010-09-28,2013,4.5
2010-09-29,2013,4.5
2010-09-30,2013,4.5
2010-10-01,2013,4.5
2010-10-04,2013,4.5
2010-10-05,2013,4.5
2010-10-06,2013,4.5
2010-10-07,2013,4.5
2010-10-08,2013,4.5
2010-10-11,2013,4.5
2010-10-13,2013,4.5
2010-10-14,2013,4.5
2010-10-15,2013,4.5
2010-10-18,2013,4.5
2010-10-19,2013,4.5
2010-10-20,2013,4.5
2010-10-21,2013,4.5
2010-10-22,2013,4.5
2010-10-25,2013,4.5
2010-10-26,2013,4.5
2010-10-27,2013,4.5
2010-10-28,2013,4.5
2010-10-29,2013,4.5
2010-11-01,2013,4.5
2010-11-03,2013,4.5
2010-11-04,2013,4.5
2010-11-05,2013,4.5
2010-11-08,2013,4.5
2010-11-09,2013,4.5
2010-11-10,2013,4.5
2010-11-11,2013,4.5
2010-11-12,2013,4.5
2010-11-16,2013,4.5
2010-11-17,2013,4.5
2010-11-18,2013,4.5
2010-11-19,2013,4.5
2010-11-22,2013,4.5
2010-11-23,2013,4.5
2010-11-24,2013,4.5
2010-11-25,2013,4.5
2010-11-26,2013,4.5
2010-11-29,2013,4.5
2010-11-30,2013,4.5
2010-12-01,2013,4.5
2010-12-02,2013,4.5
2010-12-03,2013,4.5
2010-12-06,2013,4.5
2010-12-07,2013,4.5
2010-12-08,2013,4.5
2010-12-09,2013,4.5
2010-12-10,2013,4.5
2010-12-13,2013,4.5
2010-12-14,2013,4.5
2010-12-15,2013,4.5
2010-12-16,2013,4.5
2010-12-17,2013,4.5
2010-12-20,2013,4.5
2010-12-21,2013,4.5
2010-12-22,2013,4.5
2010-12-23,2013,4.5
2010-12-24,2013,4.5
2010-12-27,2013,4.5
2010-12-28,2013,4.5
2010-12-29,2013,4.5
2010-12-30,2013,4.5
2010-12-31,2013,4.5
2011-01-03,2013,4.5
2011-01-04,2013,4.5
2011-01-05,2013,4.5
2011-01-06,2013,4.5
2011-01-07,2013,4.5
2011-01-10,2013,4.5
2011-01-11,2013,4.5
2011-01-12,2013,4.5
2011-01-13,2013,4.5
2011-01-14,2013,4.5
2011-01-17,2013,4.5
2011-01-18,2013,4.5
2011-01-19,2013,4.5
2011-01-20,2013,4.5
2011-01-21,2013,4.5
2011-01-24,2013,4.5
2011-01-25,2013,4.5
2011-01-26,2013,4.5
2011-01-27,2013,4.5
2011-01-28,2013,4.5
2011-01-31,2013,4.5
2011-02-01,2013,4.5
2011-02-02,2013,4.5
2011-02-03,2013,4.5
2011-02-04,2013,4.5
2011-02-07,2013,4.5
2011-02-08,2013,4.5
2011-02-09,2013,4.5
2011-02-10,2013,4.5
2011-02-11,2013,4.5
2011-02-14,2013,4.5
2011-02-15,2013,4.5
2011-02-16,2013,4.5
2011-02-17,2013,4.5
2011-02-18,2013,4.5
2011-02-21,2013,4.5
2011-02-22,2013,4.5
2011-02-23,2013,4.5
2011-02-24,2013,4.5
2011-02-25,2013,4.5
2011-02-28,2013,4.5
2011-03-01,2013,4.5
2011-03-02,2013,4.5
2011-03-03,2013,4.5
2011-03-04,2013,4.5
2011-03-09,2013,4.5
2011-03-10,2013,4.5
2011-03-11,2013,4.5
2011-03-14,2013,4.5
2011-03-15,2013,4.5
2011-03-16,2013,4.5
2011-03-17,2013,4.5
2011-03-18,2013,4.5
2011-03-21,2013,4.5
2011-03-22,2013,4.5
2011-03-23,2013,4.5
2011-03-24,2013,4.5
2011-03-25,2013,4.5
2011-03-28,2013,4.5
2011-03-29,2013,4.5
2011-03-30,2013,4.5
2011-03-31,2013,4.5
2011-04-01,2013,4.5
2011-04-04,2013,4.5
2011-04-05,2013,4.5
2011-04-06,2013,4.5
2011-04-07,2013,4.5
2011-04-08,2013,4.5
2011-04-11,2013,4.5
2011-04-12,2013,4.5
2011-04-13,2013,4.5
2011-04-14,2013,4.5
2011-04-15,2013,4.5
2011-04-18,2013,4.5
2011-04-19,2013,4.5
2011-04-20,2013,4.5
2011-04-25,2013,4.5
2011-04-26,2013,4.5
2011-04-27,2013,4.5
2011-04-28,2013,4.5
2011-04-29,2013,4.5
2011-05-02,2013,4.5
2011-05-03,2013,4.5
2011-05-04,2013,4.5
2011-05-05,2013,4.5
2011-05-06,2013,4.5
2011-05-09,2013,4.5
2011-05-10,2013,4.5
2011-05-11,2013,4.5
2011-05-12,2013,4.5
2011-05-13,2013,4.5
2011-05-16,2013,4.5
2011-05-17,2013,4.5
2011-05-18,2013,4.5
2011-05-19,2013,4.5
2011-05-20,2013,4.5
2011-05-23,2013,4.5
2011-05-24,2013,4.5
2011-05-25,2013,4.5
2011-05-26,2013,4.5
2011-05-27,2013,4.5
2011-05-30,2013,4.5
2011-05-31,2013,4.5
2011-06-01,2013,4.5
2011-06-02,2013,4.5
2011-06-03,2013,4.5
2011-06-06,2013,4.5
2011-06-07,2013,4.5
2011-06-08,2013,4.5
2011-06-09,2013,4.5
2011-06-10,2013,4.5
2011-06-13,2013,4.5
2011-06-14,2013,4.5
2011-06-15,2013,4.5
2011-06-16,2013,4.5
2011-06-17,2013,4.5
2011-06-20,2013,4.5
2011-06-21,2013,4.5
2011-06-22,2013,4.5
2011-06-24,2013,4.5
2011-06-27,2013,4.5
2011-06-28,2013,4.5
2011-06-29,2013,4.5
2011-06-30,2013,4.5
2011-07-01,2013,4.5
2011-07-04,2013,4.5
2011-07-05,2013,4.5
2011-07-06,2013,4.5
2011-07-07,2013,4.5
2011-07-08,2013,4.5
2011-07-11,2013,4.5
2011-07-12,2013,4.5
2011-07-13,2013,4.5
2011-07-14,2013,4.5
2011-07-15,2013,4.5
2011-07-18,2013,4.5
2011-07-19,2013,4.5
2011-07-20,2013,4.5
2011-07-21,2013,4.5
2011-07-22,2013,4.5
2011-07-25,2013,4.5
2011-07-26,2013,4.5
2011-07-27,2013,4.5
2011-07-28,2013,4.5
2011-07-29,2013,4.51
2011-08-01,2013,4.51
2011-08-02,2013,4.51
2011-08-03,2013,4.52
2011-08-04,2013,4.51
2011-08-05,2013,4.51
2011-08-08,2013,4.52
2011-08-09,2013,4.51
2011-08-10,2013,4.51
2011-08-11,2013,4.5
2011-08-12,2013,4.5
2011-08-15,2013,4.5
2011-08-16,2013,4.5
2011-08-17,2013,4.5
2011-08-18,2013,4.5
2011-08-19,2013,4.5
2011-08-22,2013,4.5
2011-08-23,2013,4.5
2011-08-24,2013,4.5
2011-08-25,2013,4.5
2011-08-26,2013,4.5
2011-08-29,2013,4.5
2011-08-30,2013,4.5
2011-08-31,2013,4.5
2011-09-01,2013,4.56
2011-09-02,2013,4.6
2011-09-05,2013,4.6
2011-09-06,2013,4.68
2011-09-08,2013,4.78
2011-09-09,2013,4.8
2011-09-12,2013,4.8
2011-09-13,2013,4.8
2011-09-14,2013,4.8
2011-09-15,2013,4.8
2011-09-16,2013,4.8
2011-09-19,2013,4.8
2011-09-20,2013,4.8
2011-09-21,2013,4.8
2011-09-22,2013,4.8
2011-09-23,2013,4.8
2011-09-26,2013,4.8
2011-09-27,2013,4.8
2011-09-28,2013,4.8
2011-09-29,2013,4.8
2011-09-30,2013,4.8
2011-10-03,2013,4.8
2011-10-04,2013,4.8
2011-10-05,2013,4.8
2011-10-06,2013,4.8
2011-10-07,2013,4.85
2011-10-10,2013,4.9
2011-10-11,2013,4.9
2011-10-13,2013,4.9
2011-10-14,2013,4.9
2011-10-17,2013,4.9
2011-10-18,2013,4.9
2011-10-19,2013,4.9
2011-10-20,2013,4.9
2011-10-21,2013,4.9
2011-10-24,2013,4.9
2011-10-25,2013,4.92
2011-10-26,2013,4.9
2011-10-27,2013,4.9
2011-10-28,2013,4.9
2011-10-31,2013,4.95
2011-11-01,2013,4.95
2011-11-03,2013,4.95
2011-11-04,2013,4.9
2011-11-07,2013,4.97
2011-11-08,2013,5.0
2011-11-09,2013,5.0
2011-11-10,2013,5.0
2011-11-11,2013,5.0
2011-11-14,2013,5.0
2011-11-16,2013,4.97
2011-11-17,2013,4.95
2011-11-18,2013,4.92
2011-11-21,2013,5.0
2011-11-22,2013,5.0
2011-11-23,2013,5.0
2011-11-24,2013,5.0
2011-11-25,2013,5.0
2011-11-28,2013,5.0
2011-11-29,2013,5.0
2011-11-30,2013,5.0
2011-12-01,2013,5.0
2011-12-02,2013,5.0
2011-12-05,2013,5.0
2011-12-06,2013,5.0
2011-12-07,2013,5.0
2011-12-08,2013,5.0
2011-12-09,2013,5.0
2011-12-12,2013,5.0
2011-12-13,2013,5.0
2011-12-14,2013,5.0
2011-12-15,2013,5.0
2011-12-16,2013,5.0
2011-12-19,2013,5.0
2011-12-20,2013,5.0
2011-12-21,2013,5.0
2011-12-22,2013,5.0
2011-12-23,2013,5.0
2011-12-26,2013,5.0
2011-12-27,2013,5.0
2011-12-28,2013,5.0
2011-12-29,2013,5.0
2011-12-30,2013,5.0
2012-01-02,2013,5.0
2012-01-03,2013,5.0
2012-01-04,2013,5.0
2012-01-05,2013,5.0
2012-01-06,2013,5.0
2012-01-09,2013,5.0
2012-01-10,2013,5.0
2012-01-11,2013,5.0
2012-01-12,2013,5.0
2012-01-13,2013,5.0
2012-01-16,2013,5.0
2012-01-17,2013,5.0
2012-01-18,2013,5.0
2012-01-19,2013,5.0
2012-01-20,2013,5.0
2012-01-23,2013,5.0
2012-01-24,2013,5.0
2012-01-25,2013,5.0
2012-01-26,2013,5.0
2012-01-27,2013,5.0
2012-01-30,2013,5.0
2012-01-31,2013,5.0
2012-02-01,2013,5.0
2012-02-02,2013,5.0
2012-02-03,2013,5.0
2012-02-06,2013,5.0
2012-02-07,2013,5.0
2012-02-08,2013,5.0
2012-02-09,2013,5.0
2012-02-10,2013,5.0
2012-02-13,2013,5.0
2012-02-14,2013,5.0
2012-02-15,2013,5.0
2012-02-16,2013,5.02
2012-02-17,2013,5.02
2012-02-22,2013,5.12
2012-02-23,2013,5.12
2012-02-24,2013,5.11
2012-02-27,2013,5.11
2012-02-28,2013,5.11
2012-02-29,2013,5.12
2012-03-01,2013,5.2
2012-03-02,2013,5.2
2012-03-05,2013,5.2
2012-03-06,2013,5.2
2012-03-07,2013,5.2
2012-03-08,2013,5.5
2012-03-09,2013,5.5
2012-03-12,2013,5.5
2012-03-13,2013,5.5
2012-03-14,2013,5.5
2012-03-15,2013,5.5
2012-03-16,2013,5.5
2012-03-19,2013,5.5
2012-03-20,2013,5.5
2012-03-21,2013,5.5
2012-03-22,2013,5.5
2012-03-23,2013,5.5
2012-03-26,2013,5.5
2012-03-27,2013,5.5
2012-03-28,2013,5.5
2012-03-29,2013,5.5
2012-03-30,2013,5.5
2012-04-02,2013,5.5
2012-04-03,2013,5.5
2012-04-04,2013,5.5
2012-04-05,2013,5.5
2012-04-09,2013,5.5
2012-04-10,2013,5.5
2012-04-11,2013,5.5
2012-04-12,2013,5.5
2012-04-13,2013,5.5
2012-04-16,2013,5.5
2012-04-17,2013,5.5
2012-04-18,2013,5.5
2012-04-19,2013,5.5
2012-04-20,2013,5.5
2012-04-23,2013,5.5
2012-04-24,2013,5.5
2012-04-25,2013,5.53
2012-04-26,2013,5.53
2012-04-27,2013,5.53
2012-04-30,2013,5.58
2012-05-02,2013,5.58
2012-05-03,2013,5.58
2012-05-04,2013,5.56
2012-05-07,2013,5.6
2012-05-08,2013,5.56
2012-05-09,2013,5.56
2012-05-10,2013,5.56
2012-05-11,2013,5.53
2012-05-14,2013,5.59
2012-05-15,2013,5.6
2012-05-16,2013,5.59
2012-05-17,2013,5.59
2012-05-18,2013,5.6
2012-05-21,2013,5.6
2012-05-22,2013,5.59
2012-05-23,2013,5.6
2012-05-24,2013,5.6
2012-05-25,2013,5.6
2012-05-28,2013,5.6
2012-05-29,2013,5.6
2012-05-30,2013,5.6
2012-05-31,2013,5.6
2012-06-01,2013,5.6
2012-06-04,2013,5.6
2012-06-05,2013,5.6
2012-06-06,2013,5.6
2012-06-08,2013,5.6
2012-06-11,2013,5.6
2012-06-12,2013,5.6
2012-06-13,2013,5.6
2012-06-14,2013,5.6
2012-06-15,2013,5.54
2012-06-18,2013,5.53
2012-06-19,2013,5.53
2012-06-20,2013,5.51
2012-06-21,2013,5.51
2012-06-22,2013,5.5
2012-06-25,2013,5.5
2012-06-26,2013,5.5
2012-06-27,2013,5.5
2012-06-28,2013,5.5
2012-06-29,2013,5.5
2012-07-02,2013,5.5
2012-07-03,2013,5.5
2012-07-04,2013,5.5
2012-07-05,2013,5.5
2012-07-06,2013,5.5
2012-07-09,2013,5.5
2012-07-10,2013,5.5
2012-07-11,2013,5.5
2012-07-12,2013,5.5
2012-07-13,2013,5.5
2012-07-16,2013,5.5
2012-07-17,2013,5.5
2012-07-18,2013,5.5
2012-07-19,2013,5.5
2012-07-20,2013,5.5
2012-07-23,2013,5.5
2012-07-24,2013,5.5
2012-07-25,2013,5.5
2012-07-26,2013,5.5
2012-07-27,2013,5.5
2012-07-30,2013,5.5
2012-07-31,2013,5.5
2012-08-01,2013,5.5
2012-08-02,2013,5.5
2012-08-03,2013,5.5
2012-08-06,2013,5.5
2012-08-07,2013,5.5
2012-08-08,2013,5.5
2012-08-09,2013,5.5
2012-08-10,2013,5.5
2012-08-13,2013,5.5
2012-08-14,2013,5.5
2012-08-15,2013,5.5
2012-08-16,2013,5.5
2012-08-17,2013,5.5
2012-08-20,2013,5.5
2012-08-21,2013,5.5
2012-08-22,2013,5.5
2012-08-23,2013,5.5
2012-08-24,2013,5.5
2012-08-27,2013,5.52
2012-08-28,2013,5.52
2012-08-29,2013,5.51
2012-08-30,2013,5.51
2012-08-31,2013,5.51
2012-09-03,2013,5.52
2012-09-04,2013,5.52
2012-09-05,2013,5.54
2012-09-06,2013,5.54
2012-09-10,2013,5.54
2012-09-11,2013,5.54
2012-09-12,2013,5.5
2012-09-13,2013,5.5
2012-09-14,2013,5.5
2012-09-17,2013,5.5
2012-09-18,2013,5.5
2012-09-19,2013,5.5
2012-09-20,2013,5.5
2012-09-21,2013,5.5
2012-09-24,2013,5.48
2012-09-25,2013,5.48
2012-09-26,2013,5.48
2012-09-27,2013,5.48
2012-09-28,2013,5.48
2012-10-01,2013,5.43
2012-10-02,2013,5.44
2012-10-03,2013,5.47
2012-10-04,2013,5.48
2012-10-05,2013,5.44
2012-10-08,2013,5.42
2012-10-09,2013,5.42
2012-10-10,2013,5.41
2012-10-11,2013,5.42
2012-10-15,2013,5.41
2012-10-16,2013,5.42
2012-10-17,2013,5.41
2012-10-18,2013,5.4
2012-10-19,2013,5.42
2012-10-22,2013,5.42
2012-10-23,2013,5.42
2012-10-24,2013,5.42
2012-10-25,2013,5.42
2012-10-26,2013,5.4
2012-10-29,2013,5.4
2012-10-30,2013,5.4
2012-10-31,2013,5.4
2012-11-01,2013,5.4
2012-11-05,2013,5.4
2012-11-06,2013,5.4
2012-11-07,2013,5.4
2012-11-08,2013,5.4
2012-11-09,2013,5.4
2012-11-12,2013,5.4
2012-11-13,2013,5.4
2012-11-14,2013,5.39
2012-11-16,2013,5.39
2012-11-19,2013,5.35
2012-11-20,2013,5.35
2012-11-21,2013,5.39
2012-11-22,2013,5.4
2012-11-23,2013,5.4
2012-11-26,2013,5.4
2012-11-27,2013,5.4
2012-11-28,2013,5.4
2012-11-29,2013,5.4
2012-11-30,2013,5.4
2012-12-03,2013,5.4
2012-12-04,2013,5.4
2012-12-05,2013,5.4
2012-12-06,2013,5.4
2012-12-07,2013,5.4
2012-12-10,2013,5.39
2012-12-11,2013,5.4
2012-12-12,2013,5.4
2012-12-13,2013,5.41
2012-12-14,2013,5.42
2012-12-17,2013,5.42
2012-12-18,2013,5.46
2012-12-19,2013,5.46
2012-12-20,2013,5.46
2012-12-21,2013,5.47
2012-12-24,2013,5.47
2012-12-26,2013,5.47
2012-12-27,2013,5.47
2012-12-28,2013,5.47
2012-12-31,2013,5.47
2013-01-02,2013,5.49
2013-01-03,2013,5.49
2013-01-04,2013,5.49
2013-01-07,2013,5.5
2013-01-08,2013,5.51
2013-01-09,2013,5.51
2013-01-10,2013,5.51
2013-01-11,2013,5.53
2013-01-14,2013,5.58
2013-01-15,2013,5.58
2013-01-16,2013,5.59
2013-01-17,2013,5.61
2013-01-18,2013,5.65
2013-01-21,2013,5.67
2013-01-22,2013,5.66
2013-01-23,2013,5.67
2013-01-24,2013,5.67
2013-01-25,2013,5.67
2013-01-28,2013,5.67
2013-01-29,2013,5.67
2013-01-30,2013,5.67
2013-01-31,2013,5.68
2013-02-01,2013,5.68
2013-02-04,2013,5.69
2013-02-05,2013,5.67
2013-02-06,2013,5.67
2013-02-07,2013,5.71
2013-02-08,2013,5.71
2013-02-13,2013,5.71
2013-02-14,2013,5.71
2013-02-15,2013,5.7
2013-02-18,2013,5.71
2013-02-19,2013,5.71
2013-02-20,2013,5.7
2013-02-21,2013,5.69
2013-02-22,2013,5.69
2013-02-25,2013,5.69
2013-02-26,2013,5.69
2013-02-27,2013,5.69
2013-02-28,2013,5.7
2013-03-01,2013,5.7
2013-03-04,2013,5.67
2013-03-05,2013,5.69
2013-03-06,2013,5.7
2013-03-07,2013,5.67
2013-03-08,2013,5.82
2013-03-11,2013,5.81
2013-03-12,2013,5.8
2013-03-13,2013,5.78
2013-03-14,2013,5.77
2013-03-15,2013,5.73
2013-03-18,2013,5.72
2013-03-19,2013,5.73
2013-03-20,2013,5.72
2013-03-21,2013,5.71
2013-03-22,2013,5.71
2013-03-25,2013,5.7
2013-03-26,2013,5.7
2013-03-27,2013,5.71
2013-03-28,2013,5.71
2013-04-01,2013,5.71
2013-04-02,2013,5.71
2013-04-03,2013,5.71
2013-04-04,2013,5.71
2013-04-05,2013,5.7
2013-04-08,2013,5.7
2013-04-09,2013,5.7
2013-04-10,2013,5.68
2013-04-11,2013,5.67
2013-04-12,2013,5.68
2013-04-15,2013,5.67
2013-04-16,2013,5.67
2013-04-17,2013,5.69
2013-04-18,2013,5.7
2013-04-19,2013,5.7
2013-04-22,2013,5.72
2013-04-23,2013,5.72
2013-04-24,2013,5.72
2013-04-25,2013,5.71
2013-04-26,2013,5.71
2013-04-29,2013,5.71
2013-04-30,2013,5.7
2013-05-02,2013,5.71
2013-05-03,2013,5.71
2013-05-06,2013,5.71
2013-05-07,2013,5.71
2013-05-08,2013,5.8
2013-05-09,2013,5.8
2013-05-10,2013,5.8
2013-05-13,2013,5.8
2013-05-14,2013,5.8
2013-05-15,2013,5.8
2013-05-16,2013,5.8
2013-05-17,2013,5.8
2013-05-20,2013,5.81
2013-05-21,2013,5.81
2013-05-22,2013,5.82
2013-05-23,2013,5.81
2013-05-24,2013,5.81
2013-05-27,2013,5.81
2013-05-28,2013,5.81
2013-05-29,2013,5.81
2013-05-31,2013,5.8
2013-06-03,2013,5.8
2013-06-04,2013,5.8
2013-06-05,2013,5.8
2013-06-06,2013,5.8
2013-06-07,2013,5.8
2013-06-10,2013,5.82
2013-06-11,2013,5.82
2013-06-12,2013,5.82
2013-06-13,2013,5.82
2013-06-14,2013,5.83
2013-06-17,2013,5.85
2013-06-18,2013,5.85
2013-06-19,2013,5.83
2013-06-20,2013,5.85
2013-06-21,2013,5.86
2013-06-24,2013,5.87
2013-06-25,2013,5.87
2013-06-26,2013,5.87
2013-06-27,2013,5.87
2013-06-28,2013,5.87
2013-07-01,2013,5.89
2013-07-02,2013,5.88
2013-07-03,2013,5.87
2013-07-04,2013,5.87
2013-07-05,2013,5.81
2013-07-08,2013,5.8
2013-07-09,2013,5.8
2013-07-10,2013,5.8
2013-07-11,2013,5.8
2013-07-12,2013,5.8
2013-07-15,2013,5.78
2013-07-16,2013,5.77
2013-07-17,2013,5.75
2013-07-18,2013,5.75
2013-07-19,2013,5.75
2013-07-22,2013,5.75
2013-07-23,2013,5.75
2013-07-24,2013,5.75
2013-07-25,2013,5.75
2013-07-26,2013,5.75
2013-07-29,2013,5.75
2013-07-30,2013,5.75
2013-07-31,2013,5.75
2013-08-01,2013,5.75
2013-08-02,2013,5.75
2013-08-05,2013,5.75
2013-08-06,2013,5.75
2013-08-07,2013,5.74
2013-08-08,2013,5.74
2013-08-09,2013,5.74
2013-08-12,2013,5.74
2013-08-13,2013,5.74
2013-08-14,2013,5.74
2013-08-15,2013,5.74
2013-08-16,2013,5.74
2013-08-19,2013,5.75
2013-08-20,2013,5.79
2013-08-21,2013,5.79
2013-08-22,2013,5.8
2013-08-23,2013,5.8
2013-08-26,2013,5.8
2013-08-27,2013,5.8
2013-08-28,2013,5.81
2013-08-29,2013,5.82
2013-08-30,2013,5.83
2013-09-02,2013,5.83
2013-09-03,2013,5.83
2013-09-04,2013,5.84
2013-09-05,2013,5.84
2013-09-06,2013,5.82
2013-09-09,2013,5.82
2013-09-10,2013,5.82
2013-09-11,2013,5.82
2013-09-12,2013,5.82
2013-09-13,2013,5.82
2013-09-16,2013,5.82
2013-09-17,2013,5.82
2013-09-18,2013,5.82
2013-09-19,2013,5.81
2013-09-20,2013,5.81
2013-09-23,2013,5.82
2013-09-24,2013,5.82
2013-09-25,2013,5.82
2013-09-26,2013,5.82
2013-09-27,2013,5.82
2013-09-30,2013,5.82
2013-10-01,2013,5.82
2013-10-02,2013,5.82
2013-10-03,2013,5.82
2013-10-04,2013,5.82
2013-10-07,2013,5.82
2013-10-08,2013,5.82
2013-10-09,2013,5.81
2013-10-10,2013,5.81
2013-10-11,2013,5.81
2013-10-14,2013,5.83
2013-10-15,2013,5.83
2013-10-16,2013,5.83
2013-10-17,2013,5.83
2013-10-18,2013,5.83
2013-10-21,2013,5.83
2013-10-22,2013,5.83
2013-10-23,2013,5.83
2013-10-24,2013,5.83
2013-10-25,2013,5.83
2013-10-28,2013,5.83
2013-10-29,2013,5.83
2013-10-30,2013,5.83
2013-10-31,2013,5.83
2013-11-01,2013,5.85
2013-11-04,2013,5.85
2013-11-05,2013,5.85
2013-11-06,2013,5.85
2013-11-07,2013,5.84
2013-11-08,2013,5.85
2013-11-11,2013,5.85
2013-11-12,2013,5.84
2013-11-13,2013,5.83
2013-11-14,2013,5.84
2013-11-18,2013,5.82
2013-11-19,2013,5.82
2013-11-20,2013,5.82
2013-11-21,2013,5.82
2013-11-22,2013,5.82
2013-11-25,2013,5.82
2013-11-26,2013,5.81
2013-11-27,2013,5.81
2013-11-28,2013,5.82
2013-11-29,2013,5.81
2013-12-02,2013,5.81
2013-12-03,2013,5.8
2013-12-04,2013,5.8
2013-12-05,2013,5.8
2013-12-06,2013,5.7
2013-12-09,2013,5.7
2013-12-10,2013,5.7
2013-12-11,2013,5.7
2013-12-12,2013,5.7
2013-12-13,2013,5.7
2013-12-16,2013,5.7
2013-12-17,2013,5.71
2013-12-18,2013,5.72
2013-12-19,2013,5.72
2013-12-20,2013,5.72
2013-12-23,2013,5.73
2013-12-24,2013,5.73
2013-12-26,2013,5.73
2013-12-27,2013,5.73
2013-12-30,2013,5.73
2013-12-31,2013,5.73
2014-01-02,2013,5.78
2014-01-03,2013,5.78
2014-01-06,2013,5.78
2014-01-07,2013,5.8
2014-01-08,2013,5.79
2014-01-09,2013,5.8
2010-01-13,2014,4.5
2010-01-14,2014,4.5
2010-01-15,2014,4.5
2010-01-18,2014,4.5
2010-01-19,2014,4.5
2010-01-20,2014,4.5
2010-01-21,2014,4.5
2010-01-22,2014,4.5
2010-01-25,2014,4.5
2010-01-26,2014,4.5
2010-01-27,2014,4.5
2010-01-28,2014,4.5
2010-01-29,2014,4.5
2010-02-01,2014,4.5
2010-02-02,2014,4.5
2010-02-03,2014,4.5
2010-02-04,2014,4.5
2010-02-05,2014,4.5
2010-02-08,2014,4.5
2010-02-09,2014,4.5
2010-02-10,2014,4.5
2010-02-11,2014,4.5
2010-02-12,2014,4.5
2010-02-17,2014,4.5
2010-02-18,2014,4.5
2010-02-19,2014,4.5
2010-02-22,2014,4.5
2010-02-23,2014,4.5
2010-02-24,2014,4.5
2010-02-25,2014,4.5
2010-02-26,2014,4.5
2010-03-01,2014,4.5
2010-03-02,2014,4.5
2010-03-03,2014,4.5
2010-03-04,2014,4.5
2010-03-05,2014,4.5
2010-03-08,2014,4.5
2010-03-09,2014,4.5
2010-03-10,2014,4.5
2010-03-11,2014,4.5
2010-03-12,2014,4.5
2010-03-15,2014,4.5
2010-03-16,2014,4.5
2010-03-17,2014,4.5
2010-03-18,2014,4.5
2010-03-19,2014,4.5
2010-03-22,2014,4.5
2010-03-23,2014,4.5
2010-03-24,2014,4.5
2010-03-25,2014,4.5
2010-03-26,2014,4.5
2010-03-29,2014,4.5
2010-03-30,2014,4.5
2010-03-31,2014,4.5
2010-04-01,2014,4.5
2010-04-05,2014,4.5
2010-04-06,2014,4.5
2010-04-07,2014,4.5
2010-04-08,2014,4.5
2010-04-09,2014,4.5
2010-04-12,2014,4.5
2010-04-13,2014,4.5
2010-04-14,2014,4.5
2010-04-15,2014,4.5
2010-04-16,2014,4.5
2010-04-19,2014,4.5
2010-04-20,2014,4.5
2010-04-22,2014,4.5
2010-04-23,2014,4.5
2010-04-26,2014,4.5
2010-04-27,2014,4.5
2010-04-28,2014,4.5
2010-04-29,2014,4.5
2010-04-30,2014,4.5
2010-05-03,2014,4.5
2010-05-04,2014,4.5
2010-05-05,2014,4.5
2010-05-06,2014,4.5
2010-05-07,2014,4.5
2010-05-10,2014,4.5
2010-05-11,2014,4.5
2010-05-12,2014,4.5
2010-05-13,2014,4.5
2010-05-14,2014,4.5
2010-05-17,2014,4.5
2010-05-18,2014,4.5
2010-05-19,2014,4.5
2010-05-20,2014,4.5
2010-05-21,2014,4.5
2010-05-24,2014,4.5
2010-05-25,2014,4.5
2010-05-26,2014,4.5
2010-05-27,2014,4.5
2010-05-28,2014,4.5
2010-05-31,2014,4.5
2010-06-01,2014,4.5
2010-06-02,2014,4.5
2010-06-04,2014,4.5
2010-06-07,2014,4.5
2010-06-08,2014,4.5
2010-06-09,2014,4.5
2010-06-10,2014,4.5
2010-06-11,2014,4.5
2010-06-14,2014,4.5
2010-06-15,2014,4.5
2010-06-16,2014,4.5
2010-06-17,2014,4.5
2010-06-18,2014,4.5
2010-06-21,2014,4.5
2010-06-22,2014,4.5
2010-06-23,2014,4.5
2010-06-24,2014,4.5
2010-06-25,2014,4.5
2010-06-28,2014,4.5
2010-06-29,2014,4.5
2010-06-30,2014,4.5
2010-07-01,2014,4.5
2010-07-02,2014,4.5
2010-07-05,2014,4.5
2010-07-06,2014,4.5
2010-07-07,2014,4.5
2010-07-08,2014,4.5
2010-07-09,2014,4.5
2010-07-12,2014,4.5
2010-07-13,2014,4.5
2010-07-14,2014,4.5
2010-07-15,2014,4.5
2010-07-16,2014,4.5
2010-07-19,2014,4.5
2010-07-20,2014,4.5
2010-07-21,2014,4.5
2010-07-22,2014,4.5
2010-07-23,2014,4.5
2010-07-26,2014,4.5
2010-07-27,2014,4.5
2010-07-28,2014,4.5
2010-07-29,2014,4.5
2010-07-30,2014,4.5
2010-08-02,2014,4.5
2010-08-03,2014,4.5
2010-08-04,2014,4.5
2010-08-05,2014,4.5
2010-08-06,2014,4.5
2010-08-09,2014,4.5
2010-08-10,2014,4.5
2010-08-11,2014,4.5
2010-08-12,2014,4.5
2010-08-13,2014,4.5
2010-08-16,2014,4.5
2010-08-17,2014,4.5
2010-08-18,2014,4.5
2010-08-19,2014,4.5
2010-08-20,2014,4.5
2010-08-23,2014,4.5
2010-08-24,2014,4.5
2010-08-25,2014,4.5
2010-08-26,2014,4.5
2010-08-27,2014,4.5
2010-08-30,2014,4.5
2010-08-31,2014,4.5
2010-09-01,2014,4.5
2010-09-02,2014,4.5
2010-09-03,2014,4.5
2010-09-06,2014,4.5
2010-09-08,2014,4.5
2010-09-09,2014,4.5
2010-09-10,2014,4.5
2010-09-13,2014,4.5
2010-09-14,2014,4.5
2010-09-15,2014,4.5
2010-09-16,2014,4.5
2010-09-17,2014,4.5
2010-09-20,2014,4.5
2010-09-21,2014,4.5
2010-09-22,2014,4.5
2010-09-23,2014,4.5
2010-09-24,2014,4.5
2010-09-27,2014,4.5
2010-09-28,2014,4.5
2010-09-29,2014,4.5
2010-09-30,2014,4.5
2010-10-01,2014,4.5
2010-10-04,2014,4.5
2010-10-05,2014,4.5
2010-10-06,2014,4.5
2010-10-07,2014,4.5
2010-10-08,2014,4.5
2010-10-11,2014,4.5
2010-10-13,2014,4.5
2010-10-14,2014,4.5
2010-10-15,2014,4.5
2010-10-18,2014,4.5
2010-10-19,2014,4.5
2010-10-20,2014,4.5
2010-10-21,2014,4.5
2010-10-22,2014,4.5
2010-10-25,2014,4.5
2010-10-26,2014,4.5
2010-10-27,2014,4.5
2010-10-28,2014,4.5
2010-10-29,2014,4.5
2010-11-01,2014,4.5
2010-11-03,2014,4.5
2010-11-04,2014,4.5
2010-11-05,2014,4.5
2010-11-08,2014,4.5
2010-11-09,2014,4.5
2010-11-10,2014,4.5
2010-11-11,2014,4.5
2010-11-12,2014,4.5
2010-11-16,2014,4.5
2010-11-17,2014,4.5
2010-11-18,2014,4.5
2010-11-19,2014,4.5
2010-11-22,2014,4.5
2010-11-23,2014,4.5
2010-11-24,2014,4.5
2010-11-25,2014,4.5
2010-11-26,2014,4.5
2010-11-29,2014,4.5
2010-11-30,2014,4.5
2010-12-01,2014,4.5
2010-12-02,2014,4.5
2010-12-03,2014,4.5
2010-12-06,2014,4.5
2010-12-07,2014,4.5
2010-12-08,2014,4.5
2010-12-09,2014,4.5
2010-12-10,2014,4.5
2010-12-13,2014,4.5
2010-12-14,2014,4.5
2010-12-15,2014,4.5
2010-12-16,2014,4.5
2010-12-17,2014,4.5
2010-12-20,2014,4.5
2010-12-21,2014,4.5
2010-12-22,2014,4.5
2010-12-23,2014,4.5
2010-12-24,2014,4.5
2010-12-27,2014,4.5
2010-12-28,2014,4.5
2010-12-29,2014,4.5
2010-12-30,2014,4.5
2010-12-31,2014,4.5
2011-01-03,2014,4.5
2011-01-04,2014,4.5
2011-01-05,2014,4.5
2011-01-06,2014,4.5
2011-01-07,2014,4.5
2011-01-10,2014,4.5
2011-01-11,2014,4.5
2011-01-12,2014,4.5
2011-01-13,2014,4.5
2011-01-14,2014,4.5
2011-01-17,2014,4.5
2011-01-18,2014,4.5
2011-01-19,2014,4.5
2011-01-20,2014,4.5
2011-01-21,2014,4.5
2011-01-24,2014,4.5
2011-01-25,2014,4.5
2011-01-26,2014,4.5
2011-01-27,2014,4.5
2011-01-28,2014,4.5
2011-01-31,2014,4.5
2011-02-01,2014,4.5
2011-02-02,2014,4.5
2011-02-03,2014,4.5
2011-02-04,2014,4.5
2011-02-07,2014,4.5
2011-02-08,2014,4.5
2011-02-09,2014,4.5
2011-02-10,2014,4.5
2011-02-11,2014,4.5
2011-02-14,2014,4.5
2011-02-15,2014,4.5
2011-02-16,2014,4.5
2011-02-17,2014,4.5
2011-02-18,2014,4.5
2011-02-21,2014,4.5
2011-02-22,2014,4.5
2011-02-23,2014,4.5
2011-02-24,2014,4.5
2011-02-25,2014,4.5
2011-02-28,2014,4.5
2011-03-01,2014,4.5
2011-03-02,2014,4.5
2011-03-03,2014,4.5
2011-03-04,2014,4.5
2011-03-09,2014,4.5
2011-03-10,2014,4.5
2011-03-11,2014,4.5
2011-03-14,2014,4.5
2011-03-15,2014,4.5
2011-03-16,2014,4.5
2011-03-17,2014,4.5
2011-03-18,2014,4.5
2011-03-21,2014,4.5
2011-03-22,2014,4.5
2011-03-23,2014,4.5
2011-03-24,2014,4.5
2011-03-25,2014,4.5
2011-03-28,2014,4.5
2011-03-29,2014,4.5
2011-03-30,2014,4.5
2011-03-31,2014,4.5
2011-04-01,2014,4.5
2011-04-04,2014,4.5
2011-04-05,2014,4.5
2011-04-06,2014,4.5
2011-04-07,2014,4.5
2011-04-08,2014,4.5
2011-04-11,2014,4.5
2011-04-12,2014,4.5
2011-04-13,2014,4.5
2011-04-14,2014,4.5
2011-04-15,2014,4.5
2011-04-18,2014,4.5
2011-04-19,2014,4.5
2011-04-20,2014,4.5
2011-04-25,2014,4.5
2011-04-26,2014,4.5
2011-04-27,2014,4.5
2011-04-28,2014,4.5
2011-04-29,2014,4.5
2011-05-02,2014,4.5
2011-05-03,2014,4.5
2011-05-04,2014,4.5
2011-05-05,2014,4.5
2011-05-06,2014,4.5
2011-05-09,2014,4.5
2011-05-10,2014,4.5
2011-05-11,2014,4.5
2011-05-12,2014,4.5
2011-05-13,2014,4.5
2011-05-16,2014,4.5
2011-05-17,2014,4.5
2011-05-18,2014,4.5
2011-05-19,2014,4.5
2011-05-20,2014,4.5
2011-05-23,2014,4.5
2011-05-24,2014,4.5
2011-05-25,2014,4.5
2011-05-26,2014,4.5
2011-05-27,2014,4.5
2011-05-30,2014,4.5
2011-05-31,2014,4.5
2011-06-01,2014,4.5
2011-06-02,2014,4.5
2011-06-03,2014,4.5
2011-06-06,2014,4.5
2011-06-07,2014,4.5
2011-06-08,2014,4.5
2011-06-09,2014,4.5
2011-06-10,2014,4.5
2011-06-13,2014,4.5
2011-06-14,2014,4.5
2011-06-15,2014,4.5
2011-06-16,2014,4.5
2011-06-17,2014,4.5
2011-06-20,2014,4.5
2011-06-21,2014,4.5
2011-06-22,2014,4.5
2011-06-24,2014,4.5
2011-06-27,2014,4.5
2011-06-28,2014,4.5
2011-06-29,2014,4.5
2011-06-30,2014,4.5
2011-07-01,2014,4.5
2011-07-04,2014,4.5
2011-07-05,2014,4.5
2011-07-06,2014,4.5
2011-07-07,2014,4.5
2011-07-08,2014,4.5
2011-07-11,2014,4.5
2011-07-12,2014,4.5
2011-07-13,2014,4.5
2011-07-14,2014,4.5
2011-07-15,2014,4.5
2011-07-18,2014,4.5
2011-07-19,2014,4.5
2011-07-20,2014,4.5
2011-07-21,2014,4.5
2011-07-22,2014,4.5
2011-07-25,2014,4.5
2011-07-26,2014,4.5
2011-07-27,2014,4.5
2011-07-28,2014,4.5
2011-07-29,2014,4.5
2011-08-01,2014,4.5
2011-08-02,2014,4.5
2011-08-03,2014,4.5
2011-08-04,2014,4.5
2011-08-05,2014,4.5
2011-08-08,2014,4.5
2011-08-09,2014,4.5
2011-08-10,2014,4.5
2011-08-11,2014,4.5
2011-08-12,2014,4.5
2011-08-15,2014,4.5
2011-08-16,2014,4.5
2011-08-17,2014,4.5
2011-08-18,2014,4.5
2011-08-19,2014,4.5
2011-08-22,2014,4.5
2011-08-23,2014,4.5
2011-08-24,2014,4.5
2011-08-25,2014,4.5
2011-08-26,2014,4.5
2011-08-29,2014,4.5
2011-08-30,2014,4.5
2011-08-31,2014,4.5
2011-09-01,2014,4.5
2011-09-02,2014,4.5
2011-09-05,2014,4.5
2011-09-06,2014,4.5
2011-09-08,2014,4.5
2011-09-09,2014,4.5
2011-09-12,2014,4.5
2011-09-13,2014,4.5
2011-09-14,2014,4.5
2011-09-15,2014,4.5
2011-09-16,2014,4.5
2011-09-19,2014,4.5
2011-09-20,2014,4.5
2011-09-21,2014,4.5
2011-09-22,2014,4.5
2011-09-23,2014,4.5
2011-09-26,2014,4.5
2011-09-27,2014,4.5
2011-09-28,2014,4.5
2011-09-29,2014,4.5
2011-09-30,2014,4.5
2011-10-03,2014,4.5
2011-10-04,2014,4.5
2011-10-05,2014,4.5
2011-10-06,2014,4.5
2011-10-07,2014,4.5
2011-10-10,2014,4.5
2011-10-11,2014,4.5
2011-10-13,2014,4.5
2011-10-14,2014,4.5
2011-10-17,2014,4.5
2011-10-18,2014,4.5
2011-10-19,2014,4.5
2011-10-20,2014,4.5
2011-10-21,2014,4.5
2011-10-24,2014,4.5
2011-10-25,2014,4.5
2011-10-26,2014,4.5
2011-10-27,2014,4.5
2011-10-28,2014,4.5
2011-10-31,2014,4.5
2011-11-01,2014,4.5
2011-11-03,2014,4.5
2011-11-04,2014,4.5
2011-11-07,2014,4.5
2011-11-08,2014,4.5
2011-11-09,2014,4.5
2011-11-10,2014,4.5
2011-11-11,2014,4.5
2011-11-14,2014,4.55
2011-11-16,2014,4.55
2011-11-17,2014,4.5
2011-11-18,2014,4.55
2011-11-21,2014,4.6
2011-11-22,2014,4.61
2011-11-23,2014,4.61
2011-11-24,2014,4.61
2011-11-25,2014,4.61
2011-11-28,2014,4.61
2011-11-29,2014,4.55
2011-11-30,2014,4.55
2011-12-01,2014,4.55
2011-12-02,2014,4.55
2011-12-05,2014,4.55
2011-12-06,2014,4.55
2011-12-07,2014,4.55
2011-12-08,2014,4.55
2011-12-09,2014,4.55
2011-12-12,2014,4.55
2011-12-13,2014,4.55
2011-12-14,2014,4.55
2011-12-15,2014,4.55
2011-12-16,2014,4.55
2011-12-19,2014,4.61
2011-12-20,2014,4.6
2011-12-21,2014,4.6
2011-12-22,2014,4.56
2011-12-23,2014,4.5
2011-12-26,2014,4.62
2011-12-27,2014,4.62
2011-12-28,2014,4.56
2011-12-29,2014,4.56
2011-12-30,2014,4.64
2012-01-02,2014,4.62
2012-01-03,2014,4.62
2012-01-04,2014,4.5
2012-01-05,2014,4.5
2012-01-06,2014,4.5
2012-01-09,2014,4.5
2012-01-10,2014,4.5
2012-01-11,2014,4.5
2012-01-12,2014,4.5
2012-01-13,2014,4.5
2012-01-16,2014,4.6
2012-01-17,2014,4.6
2012-01-18,2014,4.61
2012-01-19,2014,4.6
2012-01-20,2014,4.64
2012-01-23,2014,4.64
2012-01-24,2014,4.64
2012-01-25,2014,4.64
2012-01-26,2014,4.7
2012-01-27,2014,4.71
2012-01-30,2014,4.76
2012-01-31,2014,4.76
2012-02-01,2014,4.8
2012-02-02,2014,4.8
2012-02-03,2014,4.8
2012-02-06,2014,4.8
2012-02-07,2014,4.8
2012-02-08,2014,4.8
2012-02-09,2014,4.8
2012-02-10,2014,4.8
2012-02-13,2014,4.8
2012-02-14,2014,4.8
2012-02-15,2014,4.8
2012-02-16,2014,4.88
2012-02-17,2014,4.88
2012-02-22,2014,5.0
2012-02-23,2014,5.0
2012-02-24,2014,5.0
2012-02-27,2014,5.0
2012-02-28,2014,5.0
2012-02-29,2014,5.0
2012-03-01,2014,5.0
2012-03-02,2014,5.0
2012-03-05,2014,4.98
2012-03-06,2014,4.98
2012-03-07,2014,4.95
2012-03-08,2014,5.0
2012-03-09,2014,5.0
2012-03-12,2014,5.0
2012-03-13,2014,5.0
2012-03-14,2014,5.0
2012-03-15,2014,5.0
2012-03-16,2014,5.0
2012-03-19,2014,5.0
2012-03-20,2014,5.0
2012-03-21,2014,5.0
2012-03-22,2014,5.0
2012-03-23,2014,5.0
2012-03-26,2014,5.0
2012-03-27,2014,5.0
2012-03-28,2014,5.0
2012-03-29,2014,5.0
2012-03-30,2014,5.0
2012-04-02,2014,5.0
2012-04-03,2014,5.0
2012-04-04,2014,5.0
2012-04-05,2014,5.0
2012-04-09,2014,5.0
2012-04-10,2014,5.0
2012-04-11,2014,5.0
2012-04-12,2014,5.0
2012-04-13,2014,5.0
2012-04-16,2014,5.0
2012-04-17,2014,5.0
2012-04-18,2014,5.0
2012-04-19,2014,5.0
2012-04-20,2014,5.0
2012-04-23,2014,5.0
2012-04-24,2014,5.0
2012-04-25,2014,5.0
2012-04-26,2014,5.0
2012-04-27,2014,5.0
2012-04-30,2014,5.0
2012-05-02,2014,5.0
2012-05-03,2014,5.0
2012-05-04,2014,5.0
2012-05-07,2014,5.0
2012-05-08,2014,5.0
2012-05-09,2014,5.05
2012-05-10,2014,5.0
2012-05-11,2014,5.0
2012-05-14,2014,5.05
2012-05-15,2014,5.1
2012-05-16,2014,5.05
2012-05-17,2014,5.05
2012-05-18,2014,5.1
2012-05-21,2014,5.1
2012-05-22,2014,5.11
2012-05-23,2014,5.1
2012-05-24,2014,5.11
2012-05-25,2014,5.11
2012-05-28,2014,5.12
2012-05-29,2014,5.11
2012-05-30,2014,5.11
2012-05-31,2014,5.1
2012-06-01,2014,5.1
2012-06-04,2014,5.11
2012-06-05,2014,5.12
2012-06-06,2014,5.12
2012-06-08,2014,5.12
2012-06-11,2014,5.1
2012-06-12,2014,5.1
2012-06-13,2014,5.1
2012-06-14,2014,5.1
2012-06-15,2014,5.1
2012-06-18,2014,5.1
2012-06-19,2014,5.1
2012-06-20,2014,5.1
2012-06-21,2014,5.1
2012-06-22,2014,5.1
2012-06-25,2014,5.1
2012-06-26,2014,5.1
2012-06-27,2014,5.1
2012-06-28,2014,5.1
2012-06-29,2014,5.1
2012-07-02,2014,5.1
2012-07-03,2014,5.1
2012-07-04,2014,5.1
2012-07-05,2014,5.1
2012-07-06,2014,5.1
2012-07-09,2014,5.1
2012-07-10,2014,5.1
2012-07-11,2014,5.1
2012-07-12,2014,5.1
2012-07-13,2014,5.1
2012-07-16,2014,5.1
2012-07-17,2014,5.1
2012-07-18,2014,5.1
2012-07-19,2014,5.1
2012-07-20,2014,5.1
2012-07-23,2014,5.1
2012-07-24,2014,5.1
2012-07-25,2014,5.1
2012-07-26,2014,5.1
2012-07-27,2014,5.1
2012-07-30,2014,5.14
2012-07-31,2014,5.14
2012-08-01,2014,5.1
2012-08-02,2014,5.14
2012-08-03,2014,5.1
2012-08-06,2014,5.1
2012-08-07,2014,5.1
2012-08-08,2014,5.1
2012-08-09,2014,5.1
2012-08-10,2014,5.1
2012-08-13,2014,5.14
2012-08-14,2014,5.14
2012-08-15,2014,5.14
2012-08-16,2014,5.1
2012-08-17,2014,5.17
2012-08-20,2014,5.1
2012-08-21,2014,5.1
2012-08-22,2014,5.1
2012-08-23,2014,5.1
2012-08-24,2014,5.1
2012-08-27,2014,5.17
2012-08-28,2014,5.17
2012-08-29,2014,5.14
2012-08-30,2014,5.14
2012-08-31,2014,5.1
2012-09-03,2014,5.1
2012-09-04,2014,5.1
2012-09-05,2014,5.1
2012-09-06,2014,5.14
2012-09-10,2014,5.17
2012-09-11,2014,5.17
2012-09-12,2014,5.17
2012-09-13,2014,5.14
2012-09-14,2014,5.12
2012-09-17,2014,5.12
2012-09-18,2014,5.12
2012-09-19,2014,5.2
2012-09-20,2014,5.2
2012-09-21,2014,5.2
2012-09-24,2014,5.25
2012-09-25,2014,5.25
2012-09-26,2014,5.25
2012-09-27,2014,5.25
2012-09-28,2014,5.25
2012-10-01,2014,5.3
2012-10-02,2014,5.28
2012-10-03,2014,5.28
2012-10-04,2014,5.28
2012-10-05,2014,5.28
2012-10-08,2014,5.28
2012-10-09,2014,5.3
2012-10-10,2014,5.3
2012-10-11,2014,5.3
2012-10-15,2014,5.3
2012-10-16,2014,5.3
2012-10-17,2014,5.3
2012-10-18,2014,5.3
2012-10-19,2014,5.34
2012-10-22,2014,5.42
2012-10-23,2014,5.42
2012-10-24,2014,5.42
2012-10-25,2014,5.42
2012-10-26,2014,5.34
2012-10-29,2014,5.34
2012-10-30,2014,5.32
2012-10-31,2014,5.32
2012-11-01,2014,5.4
2012-11-05,2014,5.34
2012-11-06,2014,5.34
2012-11-07,2014,5.34
2012-11-08,2014,5.46
2012-11-09,2014,5.5
2012-11-12,2014,5.48
2012-11-13,2014,5.5
2012-11-14,2014,5.5
2012-11-16,2014,5.5
2012-11-19,2014,5.5
2012-11-20,2014,5.5
2012-11-21,2014,5.5
2012-11-22,2014,5.5
2012-11-23,2014,5.5
2012-11-26,2014,5.5
2012-11-27,2014,5.5
2012-11-28,2014,5.5
2012-11-29,2014,5.5
2012-11-30,2014,5.5
2012-12-03,2014,5.5
2012-12-04,2014,5.5
2012-12-05,2014,5.5
2012-12-06,2014,5.5
2012-12-07,2014,5.5
2012-12-10,2014,5.5
2012-12-11,2014,5.5
2012-12-12,2014,5.5
2012-12-13,2014,5.5
2012-12-14,2014,5.5
2012-12-17,2014,5.5
2012-12-18,2014,5.5
2012-12-19,2014,5.5
2012-12-20,2014,5.5
2012-12-21,2014,5.5
2012-12-24,2014,5.5
2012-12-26,2014,5.5
2012-12-27,2014,5.5
2012-12-28,2014,5.5
2012-12-31,2014,5.5
2013-01-02,2014,5.5
2013-01-03,2014,5.5
2013-01-04,2014,5.5
2013-01-07,2014,5.5
2013-01-08,2014,5.5
2013-01-09,2014,5.5
2013-01-10,2014,5.5
2013-01-11,2014,5.5
2013-01-14,2014,5.5
2013-01-15,2014,5.5
2013-01-16,2014,5.5
2013-01-17,2014,5.5
2013-01-18,2014,5.5
2013-01-21,2014,5.5
2013-01-22,2014,5.5
2013-01-23,2014,5.5
2013-01-24,2014,5.5
2013-01-25,2014,5.5
2013-01-28,2014,5.5
2013-01-29,2014,5.5
2013-01-30,2014,5.5
2013-01-31,2014,5.5
2013-02-01,2014,5.5
2013-02-04,2014,5.5
2013-02-05,2014,5.5
2013-02-06,2014,5.5
2013-02-07,2014,5.5
2013-02-08,2014,5.5
2013-02-13,2014,5.5
2013-02-14,2014,5.5
2013-02-15,2014,5.5
2013-02-18,2014,5.5
2013-02-19,2014,5.5
2013-02-20,2014,5.5
2013-02-21,2014,5.5
2013-02-22,2014,5.5
2013-02-25,2014,5.5
2013-02-26,2014,5.5
2013-02-27,2014,5.5
2013-02-28,2014,5.5
2013-03-01,2014,5.5
2013-03-04,2014,5.5
2013-03-05,2014,5.5
2013-03-06,2014,5.5
2013-03-07,2014,5.5
2013-03-08,2014,5.5
2013-03-11,2014,5.5
2013-03-12,2014,5.51
2013-03-13,2014,5.51
2013-03-14,2014,5.51
2013-03-15,2014,5.54
2013-03-18,2014,5.58
2013-03-19,2014,5.55
2013-03-20,2014,5.6
2013-03-21,2014,5.6
2013-03-22,2014,5.6
2013-03-25,2014,5.6
2013-03-26,2014,5.64
2013-03-27,2014,5.69
2013-03-28,2014,5.68
2013-04-01,2014,5.7
2013-04-02,2014,5.7
2013-04-03,2014,5.7
2013-04-04,2014,5.7
2013-04-05,2014,5.7
2013-04-08,2014,5.7
2013-04-09,2014,5.7
2013-04-10,2014,5.7
2013-04-11,2014,5.7
2013-04-12,2014,5.7
2013-04-15,2014,5.7
2013-04-16,2014,5.7
2013-04-17,2014,5.7
2013-04-18,2014,5.71
2013-04-19,2014,5.71
2013-04-22,2014,5.8
2013-04-23,2014,5.8
2013-04-24,2014,5.71
2013-04-25,2014,5.71
2013-04-26,2014,5.71
2013-04-29,2014,5.76
2013-04-30,2014,5.76
2013-05-02,2014,5.71
2013-05-03,2014,5.76
2013-05-06,2014,5.76
2013-05-07,2014,5.79
2013-05-08,2014,5.8
2013-05-09,2014,5.8
2013-05-10,2014,5.8
2013-05-13,2014,5.8
2013-05-14,2014,5.8
2013-05-15,2014,5.8
2013-05-16,2014,5.8
2013-05-17,2014,5.8
2013-05-20,2014,5.8
2013-05-21,2014,5.8
2013-05-22,2014,5.8
2013-05-23,2014,5.8
2013-05-24,2014,5.8
2013-05-27,2014,5.8
2013-05-28,2014,5.8
2013-05-29,2014,5.8
2013-05-31,2014,5.8
2013-06-03,2014,5.8
2013-06-04,2014,5.8
2013-06-05,2014,5.8
2013-06-06,2014,5.8
2013-06-07,2014,5.8
2013-06-10,2014,5.8
2013-06-11,2014,5.8
2013-06-12,2014,5.8
2013-06-13,2014,5.8
2013-06-14,2014,5.8
2013-06-17,2014,5.8
2013-06-18,2014,5.8
2013-06-19,2014,5.8
2013-06-20,2014,5.8
2013-06-21,2014,5.8
2013-06-24,2014,5.86
2013-06-25,2014,5.86
2013-06-26,2014,5.88
2013-06-27,2014,5.89
2013-06-28,2014,5.88
2013-07-01,2014,5.9
2013-07-02,2014,5.9
2013-07-03,2014,5.9
2013-07-04,2014,5.9
2013-07-05,2014,5.9
2013-07-08,2014,5.9
2013-07-09,2014,5.9
2013-07-10,2014,5.9
2013-07-11,2014,5.9
2013-07-12,2014,5.9
2013-07-15,2014,5.84
2013-07-16,2014,5.85
2013-07-17,2014,5.85
2013-07-18,2014,5.83
2013-07-19,2014,5.87
2013-07-22,2014,5.85
2013-07-23,2014,5.87
2013-07-24,2014,5.87
2013-07-25,2014,5.88
2013-07-26,2014,5.88
2013-07-29,2014,5.87
2013-07-30,2014,5.88
2013-07-31,2014,5.85
2013-08-01,2014,5.85
2013-08-02,2014,5.87
2013-08-05,2014,5.87
2013-08-06,2014,5.85
2013-08-07,2014,5.85
2013-08-08,2014,5.85
2013-08-09,2014,5.85
2013-08-12,2014,5.8
2013-08-13,2014,5.82
2013-08-14,2014,5.8
2013-08-15,2014,5.8
2013-08-16,2014,5.8
2013-08-19,2014,5.8
2013-08-20,2014,5.8
2013-08-21,2014,5.8
2013-08-22,2014,5.84
2013-08-23,2014,5.84
2013-08-26,2014,5.84
2013-08-27,2014,5.84
2013-08-28,2014,5.84
2013-08-29,2014,5.85
2013-08-30,2014,5.84
2013-09-02,2014,5.88
2013-09-03,2014,5.87
2013-09-04,2014,5.88
2013-09-05,2014,5.88
2013-09-06,2014,5.85
2013-09-09,2014,5.88
2013-09-10,2014,5.9
2013-09-11,2014,5.9
2013-09-12,2014,5.9
2013-09-13,2014,5.9
2013-09-16,2014,5.9
2013-09-17,2014,5.95
2013-09-18,2014,5.96
2013-09-19,2014,5.96
2013-09-20,2014,5.96
2013-09-23,2014,5.96
2013-09-24,2014,5.96
2013-09-25,2014,5.96
2013-09-26,2014,5.96
2013-09-27,2014,5.97
2013-09-30,2014,5.97
2013-10-01,2014,5.97
2013-10-02,2014,5.97
2013-10-03,2014,5.97
2013-10-04,2014,5.95
2013-10-07,2014,5.96
2013-10-08,2014,5.97
2013-10-09,2014,5.95
2013-10-10,2014,5.95
2013-10-11,2014,5.95
2013-10-14,2014,5.95
2013-10-15,2014,5.95
2013-10-16,2014,5.95
2013-10-17,2014,5.95
2013-10-18,2014,5.94
2013-10-21,2014,5.94
2013-10-22,2014,5.93
2013-10-23,2014,5.93
2013-10-24,2014,5.92
2013-10-25,2014,5.92
2013-10-28,2014,5.94
2013-10-29,2014,5.92
2013-10-30,2014,5.92
2013-10-31,2014,5.92
2013-11-01,2014,5.92
2013-11-04,2014,5.93
2013-11-05,2014,5.94
2013-11-06,2014,5.94
2013-11-07,2014,5.94
2013-11-08,2014,5.93
2013-11-11,2014,5.92
2013-11-12,2014,5.92
2013-11-13,2014,5.92
2013-11-14,2014,5.91
2013-11-18,2014,5.92
2013-11-19,2014,5.92
2013-11-20,2014,5.92
2013-11-21,2014,5.92
2013-11-22,2014,5.92
2013-11-25,2014,5.92
2013-11-26,2014,5.92
2013-11-27,2014,5.92
2013-11-28,2014,5.92
2013-11-29,2014,5.92
2013-12-02,2014,5.92
2013-12-03,2014,5.92
2013-12-04,2014,5.92
2013-12-05,2014,5.92
2013-12-06,2014,5.92
2013-12-09,2014,5.94
2013-12-10,2014,5.95
2013-12-11,2014,5.95
2013-12-12,2014,5.95
2013-12-13,2014,5.95
2013-12-16,2014,5.96
2013-12-17,2014,5.96
2013-12-18,2014,5.97
2013-12-19,2014,5.97
2013-12-20,2014,5.97
2013-12-23,2014,5.96
2013-12-24,2014,5.96
2013-12-26,2014,5.97
2013-12-27,2014,5.98
2013-12-30,2014,5.97
2013-12-31,2014,5.97
2014-01-02,2014,5.9
2014-01-03,2014,5.94
2014-01-06,2014,5.9
2014-01-07,2014,6.0
2014-01-08,2014,6.0
2014-01-09,2014,6.01
2014-01-10,2014,6.01
2014-01-13,2014,6.04
2014-01-14,2014,6.02
2014-01-15,2014,6.02
2014-01-16,2014,6.02
2014-01-17,2014,6.02
2014-01-20,2014,6.02
2014-01-21,2014,6.01
2014-01-22,2014,6.02
2014-01-23,2014,6.03
2014-01-24,2014,6.04
2014-01-27,2014,6.04
2014-01-28,2014,6.04
2014-01-29,2014,6.03
2014-01-30,2014,6.0
2014-01-31,2014,6.0
2014-02-03,2014,6.01
2014-02-04,2014,6.0
2014-02-05,2014,6.0
2014-02-06,2014,6.0
2014-02-07,2014,5.96
2014-02-10,2014,5.93
2014-02-11,2014,5.96
2014-02-12,2014,5.96
2014-02-13,2014,5.93
2014-02-14,2014,5.98
2014-02-17,2014,6.0
2014-02-18,2014,6.0
2014-02-19,2014,6.01
2014-02-20,2014,6.01
2014-02-21,2014,6.01
2014-02-24,2014,6.01
2014-02-25,2014,6.01
2014-02-26,2014,6.01
2014-02-27,2014,6.01
2014-02-28,2014,6.0
2014-03-05,2014,6.01
2014-03-06,2014,6.02
2014-03-07,2014,6.03
2014-03-10,2014,6.03
2014-03-11,2014,6.15
2014-03-12,2014,6.19
2014-03-13,2014,6.19
2014-03-14,2014,6.24
2014-03-17,2014,6.27
2014-03-18,2014,6.31
2014-03-19,2014,6.31
2014-03-20,2014,6.32
2014-03-21,2014,6.34
2014-03-24,2014,6.35
2014-03-25,2014,6.35
2014-03-26,2014,6.32
2014-03-27,2014,6.3
2014-03-28,2014,6.27
2014-03-31,2014,6.32
2014-04-01,2014,6.33
2014-04-02,2014,6.4
2014-04-03,2014,6.39
2014-04-04,2014,6.37
2014-04-07,2014,6.37
2014-04-08,2014,6.38
2014-04-09,2014,6.47
2014-04-10,2014,6.49
2014-04-11,2014,6.52
2014-04-14,2014,6.54
2014-04-15,2014,6.51
2014-04-16,2014,6.52
2014-04-17,2014,6.52
2014-04-22,2014,6.51
2014-04-23,2014,6.52
2014-04-24,2014,6.52
2014-04-25,2014,6.53
2014-04-28,2014,6.5
2014-04-29,2014,6.56
2014-04-30,2014,6.56
2014-05-02,2014,6.58
2014-05-05,2014,6.57
2014-05-06,2014,6.58
2014-05-07,2014,6.55
2014-05-08,2014,6.54
2014-05-09,2014,6.44
2014-05-12,2014,6.46
2014-05-13,2014,6.5
2014-05-14,2014,6.48
2014-05-15,2014,6.47
2014-05-16,2014,6.48
2014-05-19,2014,6.5
2014-05-20,2014,6.47
2014-05-21,2014,6.48
2014-05-22,2014,6.48
2014-05-23,2014,6.48
2014-05-26,2014,6.48
2014-05-27,2014,6.48
2014-05-28,2014,6.47
2014-05-29,2014,6.46
2014-05-30,2014,6.46
2014-06-02,2014,6.44
2014-06-03,2014,6.43
2014-06-04,2014,6.44
2014-06-05,2014,6.4
2014-06-06,2014,6.43
2014-06-09,2014,6.46
2014-06-10,2014,6.44
2014-06-11,2014,6.45
2014-06-12,2014,6.45
2014-06-13,2014,6.43
2014-06-16,2014,6.41
2014-06-17,2014,6.44
2014-06-18,2014,6.46
2014-06-20,2014,6.45
2014-06-23,2014,6.45
2014-06-24,2014,6.45
2014-06-25,2014,6.45
2014-06-26,2014,6.39
2014-06-27,2014,6.48
2014-06-30,2014,6.41
2014-07-01,2014,6.44
2014-07-02,2014,6.45
2014-07-03,2014,6.47
2014-07-04,2014,6.46
2014-07-07,2014,6.47
2014-07-08,2014,6.46
2014-07-09,2014,6.47
2014-07-10,2014,6.47
2014-07-11,2014,6.48
2014-07-14,2014,6.48
2014-07-15,2014,6.48
2014-07-16,2014,6.44
2014-07-17,2014,6.42
2014-07-18,2014,6.41
2014-07-21,2014,6.4
2014-07-22,2014,6.4
2014-07-23,2014,6.4
2014-07-24,2014,6.4
2014-07-25,2014,6.39
2014-07-28,2014,6.36
2014-07-29,2014,6.31
2014-07-30,2014,6.31
2014-07-31,2014,6.31
2014-08-01,2014,6.31
2014-08-04,2014,6.32
2014-08-05,2014,6.33
2014-08-06,2014,6.32
2014-08-07,2014,6.37
2014-08-08,2014,6.24
2014-08-11,2014,6.26
2014-08-12,2014,6.27
2014-08-13,2014,6.27
2014-08-14,2014,6.27
2014-08-15,2014,6.27
2014-08-18,2014,6.27
2014-08-19,2014,6.26
2014-08-20,2014,6.26
2014-08-21,2014,6.26
2014-08-22,2014,6.27
2014-08-25,2014,6.27
2014-08-26,2014,6.27
2014-08-27,2014,6.3
2014-08-28,2014,6.3
2014-08-29,2014,6.3
2014-09-01,2014,6.29
2014-09-02,2014,6.27
2014-09-03,2014,6.27
2014-09-04,2014,6.27
2014-09-05,2014,6.31
2014-09-08,2014,6.3
2014-09-09,2014,6.3
2014-09-10,2014,6.28
2014-09-11,2014,6.27
2014-09-12,2014,6.27
2014-09-15,2014,6.27
2014-09-16,2014,6.27
2014-09-17,2014,6.29
2014-09-18,2014,6.31
2014-09-19,2014,6.32
2014-09-22,2014,6.32
2014-09-23,2014,6.32
2014-09-24,2014,6.32
2014-09-25,2014,6.34
2014-09-26,2014,6.34
2014-09-29,2014,6.34
2014-09-30,2014,6.33
2014-10-01,2014,6.31
2014-10-02,2014,6.31
2014-10-03,2014,6.33
2014-10-06,2014,6.32
2014-10-07,2014,6.34
2014-10-08,2014,6.45
2014-10-09,2014,6.44
2014-10-10,2014,6.44
2014-10-13,2014,6.43
2014-10-14,2014,6.42
2014-10-15,2014,6.42
2014-10-16,2014,6.41
2014-10-17,2014,6.43
2014-10-20,2014,6.46
2014-10-21,2014,6.45
2014-10-22,2014,6.45
2014-10-23,2014,6.45
2014-10-24,2014,6.45
2014-10-27,2014,6.42
2014-10-28,2014,6.41
2014-10-29,2014,6.42
2014-10-30,2014,6.42
2014-10-31,2014,6.42
2014-11-03,2014,6.42
2014-11-04,2014,6.44
2014-11-05,2014,6.45
2014-11-06,2014,6.46
2014-11-07,2014,6.42
2014-11-10,2014,6.43
2014-11-11,2014,6.45
2014-11-12,2014,6.44
2014-11-13,2014,6.44
2014-11-14,2014,6.42
2014-11-17,2014,6.43
2014-11-18,2014,6.47
2014-11-19,2014,6.47
2014-11-20,2014,6.47
2014-11-21,2014,6.47
2014-11-24,2014,6.46
2014-11-25,2014,6.4
2014-11-26,2014,6.4
2014-11-27,2014,6.4
2014-11-28,2014,6.43
2014-12-01,2014,6.44
2014-12-02,2014,6.44
2014-12-03,2014,6.41
2014-12-04,2014,6.4
2014-12-05,2014,6.38
2014-12-08,2014,6.4
2014-12-09,2014,6.4
2014-12-10,2014,6.4
2014-12-11,2014,6.4
2014-12-12,2014,6.39
2014-12-15,2014,6.38
2014-12-16,2014,6.38
2014-12-17,2014,6.38
2014-12-18,2014,6.38
2014-12-19,2014,6.38
2014-12-22,2014,6.38
2014-12-23,2014,6.38
2014-12-24,2014,6.38
2014-12-26,2014,6.4
2014-12-29,2014,6.4
2014-12-30,2014,6.4
2014-12-31,2014,6.39
2015-01-02,2014,6.4
2015-01-05,2014,6.4
2015-01-06,2014,6.4
2015-01-07,2014,6.4
2015-01-08,2014,6.41
2011-01-07,2015,4.5
2011-01-10,2015,4.5
2011-01-11,2015,4.5
2011-01-12,2015,4.5
2011-01-13,2015,4.5
2011-01-14,2015,4.5
2011-01-17,2015,4.5
2011-01-18,2015,4.5
2011-01-19,2015,4.5
2011-01-20,2015,4.5
2011-01-21,2015,4.5
2011-01-24,2015,4.5
2011-01-25,2015,4.5
2011-01-26,2015,4.5
2011-01-27,2015,4.5
2011-01-28,2015,4.5
2011-01-31,2015,4.5
2011-02-01,2015,4.5
2011-02-02,2015,4.5
2011-02-03,2015,4.5
2011-02-04,2015,4.5
2011-02-07,2015,4.5
2011-02-08,2015,4.5
2011-02-09,2015,4.5
2011-02-10,2015,4.5
2011-02-11,2015,4.5
2011-02-14,2015,4.5
2011-02-15,2015,4.5
2011-02-16,2015,4.5
2011-02-17,2015,4.5
2011-02-18,2015,4.5
2011-02-21,2015,4.5
2011-02-22,2015,4.5
2011-02-23,2015,4.5
2011-02-24,2015,4.5
2011-02-25,2015,4.5
2011-02-28,2015,4.5
2011-03-01,2015,4.5
2011-03-02,2015,4.5
2011-03-03,2015,4.5
2011-03-04,2015,4.5
2011-03-09,2015,4.5
2011-03-10,2015,4.5
2011-03-11,2015,4.5
2011-03-14,2015,4.5
2011-03-15,2015,4.5
2011-03-16,2015,4.5
2011-03-17,2015,4.5
2011-03-18,2015,4.5
2011-03-21,2015,4.5
2011-03-22,2015,4.5
2011-03-23,2015,4.5
2011-03-24,2015,4.5
2011-03-25,2015,4.5
2011-03-28,2015,4.5
2011-03-29,2015,4.5
2011-03-30,2015,4.5
2011-03-31,2015,4.5
2011-04-01,2015,4.5
2011-04-04,2015,4.5
2011-04-05,2015,4.5
2011-04-06,2015,4.5
2011-04-07,2015,4.5
2011-04-08,2015,4.5
2011-04-11,2015,4.5
2011-04-12,2015,4.5
2011-04-13,2015,4.5
2011-04-14,2015,4.5
2011-04-15,2015,4.5
2011-04-18,2015,4.5
2011-04-19,2015,4.5
2011-04-20,2015,4.5
2011-04-25,2015,4.5
2011-04-26,2015,4.5
2011-04-27,2015,4.5
2011-04-28,2015,4.5
2011-04-29,2015,4.5
2011-05-02,2015,4.5
2011-05-03,2015,4.5
2011-05-04,2015,4.5
2011-05-05,2015,4.5
2011-05-06,2015,4.5
2011-05-09,2015,4.5
2011-05-10,2015,4.5
2011-05-11,2015,4.5
2011-05-12,2015,4.5
2011-05-13,2015,4.5
2011-05-16,2015,4.5
2011-05-17,2015,4.5
2011-05-18,2015,4.5
2011-05-19,2015,4.5
2011-05-20,2015,4.5
2011-05-23,2015,4.5
2011-05-24,2015,4.5
2011-05-25,2015,4.5
2011-05-26,2015,4.5
2011-05-27,2015,4.5
2011-05-30,2015,4.5
2011-05-31,2015,4.5
2011-06-01,2015,4.5
2011-06-02,2015,4.5
2011-06-03,2015,4.5
2011-06-06,2015,4.5
2011-06-07,2015,4.5
2011-06-08,2015,4.5
2011-06-09,2015,4.5
2011-06-10,2015,4.5
2011-06-13,2015,4.5
2011-06-14,2015,4.5
2011-06-15,2015,4.5
2011-06-16,2015,4.5
2011-06-17,2015,4.5
2011-06-20,2015,4.5
2011-06-21,2015,4.5
2011-06-22,2015,4.5
2011-06-24,2015,4.5
2011-06-27,2015,4.5
2011-06-28,2015,4.5
2011-06-29,2015,4.5
2011-06-30,2015,4.5
2011-07-01,2015,4.5
2011-07-04,2015,4.5
2011-07-05,2015,4.5
2011-07-06,2015,4.5
2011-07-07,2015,4.5
2011-07-08,2015,4.5
2011-07-11,2015,4.5
2011-07-12,2015,4.5
2011-07-13,2015,4.5
2011-07-14,2015,4.5
2011-07-15,2015,4.5
2011-07-18,2015,4.5
2011-07-19,2015,4.5
2011-07-20,2015,4.5
2011-07-21,2015,4.5
2011-07-22,2015,4.5
2011-07-25,2015,4.5
2011-07-26,2015,4.5
2011-07-27,2015,4.5
2011-07-28,2015,4.5
2011-07-29,2015,4.5
2011-08-01,2015,4.5
2011-08-02,2015,4.5
2011-08-03,2015,4.5
2011-08-04,2015,4.5
2011-08-05,2015,4.5
2011-08-08,2015,4.5
2011-08-09,2015,4.5
2011-08-10,2015,4.5
2011-08-11,2015,4.5
2011-08-12,2015,4.5
2011-08-15,2015,4.5
2011-08-16,2015,4.5
2011-08-17,2015,4.5
2011-08-18,2015,4.5
2011-08-19,2015,4.5
2011-08-22,2015,4.5
2011-08-23,2015,4.5
2011-08-24,2015,4.5
2011-08-25,2015,4.5
2011-08-26,2015,4.5
2011-08-29,2015,4.5
2011-08-30,2015,4.5
2011-08-31,2015,4.5
2011-09-01,2015,4.5
2011-09-02,2015,4.5
2011-09-05,2015,4.5
2011-09-06,2015,4.5
2011-09-08,2015,4.5
2011-09-09,2015,4.5
2011-09-12,2015,4.5
2011-09-13,2015,4.5
2011-09-14,2015,4.5
2011-09-15,2015,4.5
2011-09-16,2015,4.5
2011-09-19,2015,4.5
2011-09-20,2015,4.5
2011-09-21,2015,4.5
2011-09-22,2015,4.5
2011-09-23,2015,4.5
2011-09-26,2015,4.5
2011-09-27,2015,4.5
2011-09-28,2015,4.5
2011-09-29,2015,4.5
2011-09-30,2015,4.5
2011-10-03,2015,4.5
2011-10-04,2015,4.5
2011-10-05,2015,4.5
2011-10-06,2015,4.5
2011-10-07,2015,4.5
2011-10-10,2015,4.5
2011-10-11,2015,4.5
2011-10-13,2015,4.5
2011-10-14,2015,4.5
2011-10-17,2015,4.5
2011-10-18,2015,4.5
2011-10-19,2015,4.5
2011-10-20,2015,4.5
2011-10-21,2015,4.5
2011-10-24,2015,4.5
2011-10-25,2015,4.5
2011-10-26,2015,4.5
2011-10-27,2015,4.5
2011-10-28,2015,4.5
2011-10-31,2015,4.5
2011-11-01,2015,4.5
2011-11-03,2015,4.5
2011-11-04,2015,4.5
2011-11-07,2015,4.5
2011-11-08,2015,4.5
2011-11-09,2015,4.5
2011-11-10,2015,4.5
2011-11-11,2015,4.5
2011-11-14,2015,4.5
2011-11-16,2015,4.5
2011-11-17,2015,4.5
2011-11-18,2015,4.5
2011-11-21,2015,4.5
2011-11-22,2015,4.5
2011-11-23,2015,4.5
2011-11-24,2015,4.5
2011-11-25,2015,4.5
2011-11-28,2015,4.5
2011-11-29,2015,4.5
2011-11-30,2015,4.5
2011-12-01,2015,4.5
2011-12-02,2015,4.5
2011-12-05,2015,4.5
2011-12-06,2015,4.5
2011-12-07,2015,4.5
2011-12-08,2015,4.5
2011-12-09,2015,4.5
2011-12-12,2015,4.5
2011-12-13,2015,4.5
2011-12-14,2015,4.5
2011-12-15,2015,4.5
2011-12-16,2015,4.5
2011-12-19,2015,4.5
2011-12-20,2015,4.5
2011-12-21,2015,4.5
2011-12-22,2015,4.5
2011-12-23,2015,4.5
2011-12-26,2015,4.5
2011-12-27,2015,4.5
2011-12-28,2015,4.5
2011-12-29,2015,4.5
2011-12-30,2015,4.5
2012-01-02,2015,4.5
2012-01-03,2015,4.5
2012-01-04,2015,4.5
2012-01-05,2015,4.5
2012-01-06,2015,4.5
2012-01-09,2015,4.5
2012-01-10,2015,4.5
2012-01-11,2015,4.5
2012-01-12,2015,4.5
2012-01-13,2015,4.5
2012-01-16,2015,4.5
2012-01-17,2015,4.5
2012-01-18,2015,4.5
2012-01-19,2015,4.5
2012-01-20,2015,4.5
2012-01-23,2015,4.5
2012-01-24,2015,4.5
2012-01-25,2015,4.5
2012-01-26,2015,4.5
2012-01-27,2015,4.5
2012-01-30,2015,4.5
2012-01-31,2015,4.5
2012-02-01,2015,4.5
2012-02-02,2015,4.5
2012-02-03,2015,4.5
2012-02-06,2015,4.5
2012-02-07,2015,4.5
2012-02-08,2015,4.5
2012-02-09,2015,4.5
2012-02-10,2015,4.5
2012-02-13,2015,4.5
2012-02-14,2015,4.5
2012-02-15,2015,4.5
2012-02-16,2015,4.6
2012-02-17,2015,4.6
2012-02-22,2015,4.6
2012-02-23,2015,4.6
2012-02-24,2015,4.6
2012-02-27,2015,4.6
2012-02-28,2015,4.6
2012-02-29,2015,4.6
2012-03-01,2015,4.6
2012-03-02,2015,4.6
2012-03-05,2015,4.6
2012-03-06,2015,4.6
2012-03-07,2015,4.6
2012-03-08,2015,4.63
2012-03-09,2015,4.8
2012-03-12,2015,4.8
2012-03-13,2015,4.9
2012-03-14,2015,4.9
2012-03-15,2015,4.8
2012-03-16,2015,4.95
2012-03-19,2015,5.0
2012-03-20,2015,5.0
2012-03-21,2015,5.0
2012-03-22,2015,5.0
2012-03-23,2015,5.0
2012-03-26,2015,5.0
2012-03-27,2015,5.0
2012-03-28,2015,5.0
2012-03-29,2015,5.0
2012-03-30,2015,5.0
2012-04-02,2015,5.0
2012-04-03,2015,5.0
2012-04-04,2015,5.0
2012-04-05,2015,5.0
2012-04-09,2015,5.0
2012-04-10,2015,5.0
2012-04-11,2015,5.0
2012-04-12,2015,5.0
2012-04-13,2015,5.0
2012-04-16,2015,5.0
2012-04-17,2015,5.0
2012-04-18,2015,5.0
2012-04-19,2015,5.0
2012-04-20,2015,5.0
2012-04-23,2015,5.0
2012-04-24,2015,5.0
2012-04-25,2015,5.0
2012-04-26,2015,5.0
2012-04-27,2015,5.0
2012-04-30,2015,5.0
2012-05-02,2015,5.0
2012-05-03,2015,5.0
2012-05-04,2015,5.0
2012-05-07,2015,5.0
2012-05-08,2015,5.0
2012-05-09,2015,5.0
2012-05-10,2015,5.0
2012-05-11,2015,5.0
2012-05-14,2015,5.0
2012-05-15,2015,5.0
2012-05-16,2015,5.0
2012-05-17,2015,5.0
2012-05-18,2015,5.0
2012-05-21,2015,5.0
2012-05-22,2015,5.0
2012-05-23,2015,5.0
2012-05-24,2015,5.0
2012-05-25,2015,5.0
2012-05-28,2015,5.0
2012-05-29,2015,5.0
2012-05-30,2015,5.0
2012-05-31,2015,5.0
2012-06-01,2015,5.0
2012-06-04,2015,5.0
2012-06-05,2015,5.0
2012-06-06,2015,5.0
2012-06-08,2015,5.0
2012-06-11,2015,5.0
2012-06-12,2015,5.0
2012-06-13,2015,5.0
2012-06-14,2015,5.0
2012-06-15,2015,5.0
2012-06-18,2015,5.0
2012-06-19,2015,5.0
2012-06-20,2015,5.0
2012-06-21,2015,5.0
2012-06-22,2015,5.0
2012-06-25,2015,5.0
2012-06-26,2015,5.0
2012-06-27,2015,5.0
2012-06-28,2015,5.0
2012-06-29,2015,5.0
2012-07-02,2015,5.0
2012-07-03,2015,5.0
2012-07-04,2015,5.0
2012-07-05,2015,5.0
2012-07-06,2015,5.0
2012-07-09,2015,5.0
2012-07-10,2015,5.0
2012-07-11,2015,5.0
2012-07-12,2015,5.0
2012-07-13,2015,5.0
2012-07-16,2015,5.0
2012-07-17,2015,5.0
2012-07-18,2015,5.0
2012-07-19,2015,5.0
2012-07-20,2015,5.0
2012-07-23,2015,5.0
2012-07-24,2015,5.0
2012-07-25,2015,5.0
2012-07-26,2015,5.0
2012-07-27,2015,5.0
2012-07-30,2015,5.0
2012-07-31,2015,5.0
2012-08-01,2015,5.0
2012-08-02,2015,5.0
2012-08-03,2015,5.0
2012-08-06,2015,5.0
2012-08-07,2015,5.0
2012-08-08,2015,5.0
2012-08-09,2015,5.0
2012-08-10,2015,5.0
2012-08-13,2015,5.0
2012-08-14,2015,5.0
2012-08-15,2015,5.0
2012-08-16,2015,5.0
2012-08-17,2015,5.0
2012-08-20,2015,5.0
2012-08-21,2015,5.0
2012-08-22,2015,5.0
2012-08-23,2015,5.0
2012-08-24,2015,5.0
2012-08-27,2015,5.0
2012-08-28,2015,5.0
2012-08-29,2015,5.0
2012-08-30,2015,5.0
2012-08-31,2015,5.0
2012-09-03,2015,5.0
2012-09-04,2015,5.0
2012-09-05,2015,5.0
2012-09-06,2015,5.0
2012-09-10,2015,5.0
2012-09-11,2015,5.0
2012-09-12,2015,5.0
2012-09-13,2015,5.0
2012-09-14,2015,5.0
2012-09-17,2015,5.0
2012-09-18,2015,5.0
2012-09-19,2015,5.0
2012-09-20,2015,5.0
2012-09-21,2015,5.0
2012-09-24,2015,5.0
2012-09-25,2015,5.0
2012-09-26,2015,5.0
2012-09-27,2015,5.0
2012-09-28,2015,5.0
2012-10-01,2015,5.0
2012-10-02,2015,5.0
2012-10-03,2015,5.0
2012-10-04,2015,5.0
2012-10-05,2015,5.0
2012-10-08,2015,5.0
2012-10-09,2015,5.0
2012-10-10,2015,5.0
2012-10-11,2015,5.0
2012-10-15,2015,5.0
2012-10-16,2015,5.0
2012-10-17,2015,5.0
2012-10-18,2015,5.0
2012-10-19,2015,5.0
2012-10-22,2015,5.0
2012-10-23,2015,5.0
2012-10-24,2015,5.0
2012-10-25,2015,5.0
2012-10-26,2015,5.0
2012-10-29,2015,5.0
2012-10-30,2015,5.0
2012-10-31,2015,5.0
2012-11-01,2015,5.0
2012-11-05,2015,5.0
2012-11-06,2015,5.0
2012-11-07,2015,5.0
2012-11-08,2015,5.0
2012-11-09,2015,5.0
2012-11-12,2015,5.0
2012-11-13,2015,5.0
2012-11-14,2015,5.0
2012-11-16,2015,5.0
2012-11-19,2015,5.0
2012-11-20,2015,5.0
2012-11-21,2015,5.0
2012-11-22,2015,5.0
2012-11-23,2015,5.0
2012-11-26,2015,5.0
2012-11-27,2015,5.0
2012-11-28,2015,5.0
2012-11-29,2015,5.0
2012-11-30,2015,5.0
2012-12-03,2015,5.0
2012-12-04,2015,5.0
2012-12-05,2015,5.0
2012-12-06,2015,5.0
2012-12-07,2015,5.0
2012-12-10,2015,5.0
2012-12-11,2015,5.0
2012-12-12,2015,5.0
2012-12-13,2015,5.0
2012-12-14,2015,5.0
2012-12-17,2015,5.0
2012-12-18,2015,5.0
2012-12-19,2015,5.0
2012-12-20,2015,5.0
2012-12-21,2015,5.0
2012-12-24,2015,5.0
2012-12-26,2015,5.0
2012-12-27,2015,5.0
2012-12-28,2015,5.0
2012-12-31,2015,5.0
2013-01-02,2015,5.0
2013-01-03,2015,5.0
2013-01-04,2015,5.0
2013-01-07,2015,5.0
2013-01-08,2015,5.0
2013-01-09,2015,5.0
2013-01-10,2015,5.0
2013-01-11,2015,5.0
2013-01-14,2015,5.0
2013-01-15,2015,5.0
2013-01-16,2015,5.0
2013-01-17,2015,5.0
2013-01-18,2015,5.0
2013-01-21,2015,5.1
2013-01-22,2015,5.2
2013-01-23,2015,5.2
2013-01-24,2015,5.2
2013-01-25,2015,5.2
2013-01-28,2015,5.2
2013-01-29,2015,5.2
2013-01-30,2015,5.2
2013-01-31,2015,5.15
2013-02-01,2015,5.2
2013-02-04,2015,5.2
2013-02-05,2015,5.2
2013-02-06,2015,5.2
2013-02-07,2015,5.2
2013-02-08,2015,5.2
2013-02-13,2015,5.2
2013-02-14,2015,5.2
2013-02-15,2015,5.2
2013-02-18,2015,5.2
2013-02-19,2015,5.2
2013-02-20,2015,5.2
2013-02-21,2015,5.2
2013-02-22,2015,5.2
2013-02-25,2015,5.2
2013-02-26,2015,5.2
2013-02-27,2015,5.2
2013-02-28,2015,5.24
2013-03-01,2015,5.24
2013-03-04,2015,5.2
2013-03-05,2015,5.2
2013-03-06,2015,5.2
2013-03-07,2015,5.2
2013-03-08,2015,5.2
2013-03-11,2015,5.2
2013-03-12,2015,5.2
2013-03-13,2015,5.2
2013-03-14,2015,5.24
2013-03-15,2015,5.24
2013-03-18,2015,5.28
2013-03-19,2015,5.29
2013-03-20,2015,5.3
2013-03-21,2015,5.3
2013-03-22,2015,5.3
2013-03-25,2015,5.3
2013-03-26,2015,5.3
2013-03-27,2015,5.3
2013-03-28,2015,5.4
2013-04-01,2015,5.4
2013-04-02,2015,5.4
2013-04-03,2015,5.4
2013-04-04,2015,5.4
2013-04-05,2015,5.35
2013-04-08,2015,5.35
2013-04-09,2015,5.35
2013-04-10,2015,5.4
2013-04-11,2015,5.4
2013-04-12,2015,5.4
2013-04-15,2015,5.4
2013-04-16,2015,5.4
2013-04-17,2015,5.4
2013-04-18,2015,5.4
2013-04-19,2015,5.4
2013-04-22,2015,5.46
2013-04-23,2015,5.46
2013-04-24,2015,5.4
2013-04-25,2015,5.4
2013-04-26,2015,5.4
2013-04-29,2015,5.41
2013-04-30,2015,5.41
2013-05-02,2015,5.4
2013-05-03,2015,5.41
2013-05-06,2015,5.4
2013-05-07,2015,5.4
2013-05-08,2015,5.41
2013-05-09,2015,5.42
2013-05-10,2015,5.42
2013-05-13,2015,5.5
2013-05-14,2015,5.5
2013-05-15,2015,5.5
2013-05-16,2015,5.5
2013-05-17,2015,5.5
2013-05-20,2015,5.5
2013-05-21,2015,5.5
2013-05-22,2015,5.5
2013-05-23,2015,5.5
2013-05-24,2015,5.5
2013-05-27,2015,5.5
2013-05-28,2015,5.5
2013-05-29,2015,5.5
2013-05-31,2015,5.5
2013-06-03,2015,5.5
2013-06-04,2015,5.5
2013-06-05,2015,5.5
2013-06-06,2015,5.5
2013-06-07,2015,5.5
2013-06-10,2015,5.5
2013-06-11,2015,5.5
2013-06-12,2015,5.5
2013-06-13,2015,5.5
2013-06-14,2015,5.5
2013-06-17,2015,5.5
2013-06-18,2015,5.5
2013-06-19,2015,5.5
2013-06-20,2015,5.5
2013-06-21,2015,5.5
2013-06-24,2015,5.5
2013-06-25,2015,5.5
2013-06-26,2015,5.5
2013-06-27,2015,5.5
2013-06-28,2015,5.5
2013-07-01,2015,5.5
2013-07-02,2015,5.5
2013-07-03,2015,5.5
2013-07-04,2015,5.5
2013-07-05,2015,5.5
2013-07-08,2015,5.5
2013-07-09,2015,5.5
2013-07-10,2015,5.5
2013-07-11,2015,5.5
2013-07-12,2015,5.5
2013-07-15,2015,5.5
2013-07-16,2015,5.5
2013-07-17,2015,5.5
2013-07-18,2015,5.5
2013-07-19,2015,5.5
2013-07-22,2015,5.5
2013-07-23,2015,5.5
2013-07-24,2015,5.5
2013-07-25,2015,5.5
2013-07-26,2015,5.5
2013-07-29,2015,5.5
2013-07-30,2015,5.5
2013-07-31,2015,5.5
2013-08-01,2015,5.5
2013-08-02,2015,5.5
2013-08-05,2015,5.5
2013-08-06,2015,5.5
2013-08-07,2015,5.5
2013-08-08,2015,5.5
2013-08-09,2015,5.5
2013-08-12,2015,5.5
2013-08-13,2015,5.5
2013-08-14,2015,5.5
2013-08-15,2015,5.5
2013-08-16,2015,5.5
2013-08-19,2015,5.5
2013-08-20,2015,5.5
2013-08-21,2015,5.5
2013-08-22,2015,5.5
2013-08-23,2015,5.5
2013-08-26,2015,5.5
2013-08-27,2015,5.5
2013-08-28,2015,5.5
2013-08-29,2015,5.5
2013-08-30,2015,5.5
2013-09-02,2015,5.5
2013-09-03,2015,5.5
2013-09-04,2015,5.5
2013-09-05,2015,5.5
2013-09-06,2015,5.5
2013-09-09,2015,5.5
2013-09-10,2015,5.5
2013-09-11,2015,5.5
2013-09-12,2015,5.5
2013-09-13,2015,5.5
2013-09-16,2015,5.5
2013-09-17,2015,5.5
2013-09-18,2015,5.5
2013-09-19,2015,5.5
2013-09-20,2015,5.5
2013-09-23,2015,5.5
2013-09-24,2015,5.5
2013-09-25,2015,5.5
2013-09-26,2015,5.5
2013-09-27,2015,5.5
2013-09-30,2015,5.5
2013-10-01,2015,5.5
2013-10-02,2015,5.5
2013-10-03,2015,5.5
2013-10-04,2015,5.5
2013-10-07,2015,5.5
2013-10-08,2015,5.5
2013-10-09,2015,5.5
2013-10-10,2015,5.5
2013-10-11,2015,5.5
2013-10-14,2015,5.5
2013-10-15,2015,5.5
2013-10-16,2015,5.5
2013-10-17,2015,5.5
2013-10-18,2015,5.5
2013-10-21,2015,5.5
2013-10-22,2015,5.5
2013-10-23,2015,5.5
2013-10-24,2015,5.5
2013-10-25,2015,5.5
2013-10-28,2015,5.5
2013-10-29,2015,5.5
2013-10-30,2015,5.5
2013-10-31,2015,5.5
2013-11-01,2015,5.5
2013-11-04,2015,5.5
2013-11-05,2015,5.5
2013-11-06,2015,5.5
2013-11-07,2015,5.5
2013-11-08,2015,5.5
2013-11-11,2015,5.5
2013-11-12,2015,5.5
2013-11-13,2015,5.5
2013-11-14,2015,5.5
2013-11-18,2015,5.5
2013-11-19,2015,5.5
2013-11-20,2015,5.5
2013-11-21,2015,5.5
2013-11-22,2015,5.5
2013-11-25,2015,5.5
2013-11-26,2015,5.5
2013-11-27,2015,5.5
2013-11-28,2015,5.5
2013-11-29,2015,5.5
2013-12-02,2015,5.5
2013-12-03,2015,5.5
2013-12-04,2015,5.5
2013-12-05,2015,5.5
2013-12-06,2015,5.5
2013-12-09,2015,5.5
2013-12-10,2015,5.5
2013-12-11,2015,5.5
2013-12-12,2015,5.5
2013-12-13,2015,5.5
2013-12-16,2015,5.5
2013-12-17,2015,5.5
2013-12-18,2015,5.5
2013-12-19,2015,5.5
2013-12-20,2015,5.5
2013-12-23,2015,5.5
2013-12-24,2015,5.5
2013-12-26,2015,5.5
2013-12-27,2015,5.5
2013-12-30,2015,5.5
2013-12-31,2015,5.5
2014-01-02,2015,5.5
2014-01-03,2015,5.5
2014-01-06,2015,5.5
2014-01-07,2015,5.5
2014-01-08,2015,5.5
2014-01-09,2015,5.5
2014-01-10,2015,5.5
2014-01-13,2015,5.5
2014-01-14,2015,5.6
2014-01-15,2015,5.6
2014-01-16,2015,5.55
2014-01-17,2015,5.6
2014-01-20,2015,5.6
2014-01-21,2015,5.6
2014-01-22,2015,5.69
2014-01-23,2015,5.68
2014-01-24,2015,5.65
2014-01-27,2015,5.69
2014-01-28,2015,5.7
2014-01-29,2015,5.7
2014-01-30,2015,5.76
2014-01-31,2015,5.8
2014-02-03,2015,5.76
2014-02-04,2015,5.75
2014-02-05,2015,5.76
2014-02-06,2015,5.78
2014-02-07,2015,5.75
2014-02-10,2015,5.7
2014-02-11,2015,5.62
2014-02-12,2015,5.6
2014-02-13,2015,5.6
2014-02-14,2015,5.6
2014-02-17,2015,5.61
2014-02-18,2015,5.61
2014-02-19,2015,5.66
2014-02-20,2015,5.7
2014-02-21,2015,5.7
2014-02-24,2015,5.7
2014-02-25,2015,5.7
2014-02-26,2015,5.75
2014-02-27,2015,5.76
2014-02-28,2015,5.73
2014-03-05,2015,5.76
2014-03-06,2015,5.7
2014-03-07,2015,5.7
2014-03-10,2015,5.7
2014-03-11,2015,5.8
2014-03-12,2015,5.73
2014-03-13,2015,5.76
2014-03-14,2015,5.7
2014-03-17,2015,5.7
2014-03-18,2015,5.7
2014-03-19,2015,5.76
2014-03-20,2015,5.8
2014-03-21,2015,5.8
2014-03-24,2015,5.84
2014-03-25,2015,5.8
2014-03-26,2015,5.84
2014-03-27,2015,5.95
2014-03-28,2015,6.0
2014-03-31,2015,5.7
2014-04-01,2015,5.7
2014-04-02,2015,5.78
2014-04-03,2015,5.8
2014-04-04,2015,5.8
2014-04-07,2015,6.0
2014-04-08,2015,5.87
2014-04-09,2015,5.9
2014-04-10,2015,6.0
2014-04-11,2015,6.0
2014-04-14,2015,6.0
2014-04-15,2015,6.0
2014-04-16,2015,6.0
2014-04-17,2015,6.0
2014-04-22,2015,6.0
2014-04-23,2015,6.0
2014-04-24,2015,6.0
2014-04-25,2015,6.0
2014-04-28,2015,6.0
2014-04-29,2015,6.2
2014-04-30,2015,6.18
2014-05-02,2015,6.2
2014-05-05,2015,6.16
2014-05-06,2015,6.18
2014-05-07,2015,6.1
2014-05-08,2015,6.05
2014-05-09,2015,6.0
2014-05-12,2015,6.0
2014-05-13,2015,6.0
2014-05-14,2015,6.0
2014-05-15,2015,6.06
2014-05-16,2015,6.1
2014-05-19,2015,6.1
2014-05-20,2015,6.1
2014-05-21,2015,6.1
2014-05-22,2015,6.1
2014-05-23,2015,6.1
2014-05-26,2015,6.1
2014-05-27,2015,6.05
2014-05-28,2015,6.2
2014-05-29,2015,6.2
2014-05-30,2015,6.2
2014-06-02,2015,6.21
2014-06-03,2015,6.24
2014-06-04,2015,6.25
2014-06-05,2015,6.25
2014-06-06,2015,6.25
2014-06-09,2015,6.15
2014-06-10,2015,6.08
2014-06-11,2015,6.1
2014-06-12,2015,6.08
2014-06-13,2015,6.06
2014-06-16,2015,6.15
2014-06-17,2015,6.1
2014-06-18,2015,6.1
2014-06-20,2015,6.1
2014-06-23,2015,6.1
2014-06-24,2015,6.1
2014-06-25,2015,6.25
2014-06-26,2015,6.23
2014-06-27,2015,6.16
2014-06-30,2015,6.16
2014-07-01,2015,6.16
2014-07-02,2015,6.1
2014-07-03,2015,6.1
2014-07-04,2015,6.1
2014-07-07,2015,6.03
2014-07-08,2015,6.06
2014-07-09,2015,6.1
2014-07-10,2015,6.1
2014-07-11,2015,6.1
2014-07-14,2015,6.12
2014-07-15,2015,6.11
2014-07-16,2015,6.1
2014-07-17,2015,6.15
2014-07-18,2015,6.22
2014-07-21,2015,6.3
2014-07-22,2015,6.27
2014-07-23,2015,6.26
2014-07-24,2015,6.26
2014-07-25,2015,6.28
2014-07-28,2015,6.2
2014-07-29,2015,6.18
2014-07-30,2015,6.19
2014-07-31,2015,6.2
2014-08-01,2015,6.2
2014-08-04,2015,6.21
2014-08-05,2015,6.24
2014-08-06,2015,6.24
2014-08-07,2015,6.29
2014-08-08,2015,6.24
2014-08-11,2015,6.26
2014-08-12,2015,6.23
2014-08-13,2015,6.23
2014-08-14,2015,6.23
2014-08-15,2015,6.24
2014-08-18,2015,6.3
2014-08-19,2015,6.3
2014-08-20,2015,6.3
2014-08-21,2015,6.29
2014-08-22,2015,6.29
2014-08-25,2015,6.26
2014-08-26,2015,6.19
2014-08-27,2015,6.18
2014-08-28,2015,6.17
2014-08-29,2015,6.21
2014-09-01,2015,6.24
2014-09-02,2015,6.23
2014-09-03,2015,6.31
2014-09-04,2015,6.31
2014-09-05,2015,6.22
2014-09-08,2015,6.24
2014-09-09,2015,6.24
2014-09-10,2015,6.24
2014-09-11,2015,6.24
2014-09-12,2015,6.26
2014-09-15,2015,6.28
2014-09-16,2015,6.28
2014-09-17,2015,6.29
2014-09-18,2015,6.3
2014-09-19,2015,6.3
2014-09-22,2015,6.3
2014-09-23,2015,6.3
2014-09-24,2015,6.3
2014-09-25,2015,6.25
2014-09-26,2015,6.23
2014-09-29,2015,6.23
2014-09-30,2015,6.23
2014-10-01,2015,6.23
2014-10-02,2015,6.3
2014-10-03,2015,6.3
2014-10-06,2015,6.3
2014-10-07,2015,6.33
2014-10-08,2015,6.3
2014-10-09,2015,6.27
2014-10-10,2015,6.3
2014-10-13,2015,6.3
2014-10-14,2015,6.27
2014-10-15,2015,6.3
2014-10-16,2015,6.31
2014-10-17,2015,6.29
2014-10-20,2015,6.33
2014-10-21,2015,6.32
2014-10-22,2015,6.33
2014-10-23,2015,6.34
2014-10-24,2015,6.39
2014-10-27,2015,6.4
2014-10-28,2015,6.4
2014-10-29,2015,6.52
2014-10-30,2015,6.51
2014-10-31,2015,6.47
2014-11-03,2015,6.42
2014-11-04,2015,6.45
2014-11-05,2015,6.44
2014-11-06,2015,6.44
2014-11-07,2015,6.44
2014-11-10,2015,6.5
2014-11-11,2015,6.5
2014-11-12,2015,6.5
2014-11-13,2015,6.42
2014-11-14,2015,6.41
2014-11-17,2015,6.4
2014-11-18,2015,6.47
2014-11-19,2015,6.5
2014-11-20,2015,6.5
2014-11-21,2015,6.5
2014-11-24,2015,6.5
2014-11-25,2015,6.4
2014-11-26,2015,6.5
2014-11-27,2015,6.51
2014-11-28,2015,6.43
2014-12-01,2015,6.51
2014-12-02,2015,6.52
2014-12-03,2015,6.55
2014-12-04,2015,6.58
2014-12-05,2015,6.61
2014-12-08,2015,6.58
2014-12-09,2015,6.58
2014-12-10,2015,6.58
2014-12-11,2015,6.51
2014-12-12,2015,6.49
2014-12-15,2015,6.5
2014-12-16,2015,6.5
2014-12-17,2015,6.51
2014-12-18,2015,6.52
2014-12-19,2015,6.52
2014-12-22,2015,6.52
2014-12-23,2015,6.53
2014-12-24,2015,6.53
2014-12-26,2015,6.5
2014-12-29,2015,6.54
2014-12-30,2015,6.6
2014-12-31,2015,6.58
2015-01-02,2015,6.6
2015-01-05,2015,6.66
2015-01-06,2015,6.7
2015-01-07,2015,6.69
2015-01-08,2015,6.71
2015-01-09,2015,6.63
2015-01-12,2015,6.64
2015-01-13,2015,6.62
2015-01-14,2015,6.63
2015-01-15,2015,6.67
2015-01-16,2015,6.8
2015-01-19,2015,6.81
2015-01-20,2015,6.86
2015-01-21,2015,6.93
2015-01-22,2015,7.04
2015-01-23,2015,7.06
2015-01-26,2015,7.07
2015-01-27,2015,7.07
2015-01-28,2015,7.08
2015-01-29,2015,7.09
2015-01-30,2015,7.12
2015-02-02,2015,7.06
2015-02-03,2015,7.06
2015-02-04,2015,7.06
2015-02-05,2015,7.14
2015-02-06,2015,7.32
2015-02-09,2015,7.3
2015-02-10,2015,7.36
2015-02-11,2015,7.38
2015-02-12,2015,7.39
2015-02-13,2015,7.45
2015-02-18,2015,7.49
2015-02-19,2015,7.49
2015-02-20,2015,7.49
2015-02-23,2015,7.49
2015-02-24,2015,7.49
2015-02-25,2015,7.49
2015-02-26,2015,7.5
2015-02-27,2015,7.51
2015-03-02,2015,7.68
2015-03-03,2015,7.68
2015-03-04,2015,7.68
2015-03-05,2015,7.75
2015-03-06,2015,7.97
2015-03-09,2015,7.99
2015-03-10,2015,8.0
2015-03-11,2015,8.01
2015-03-12,2015,8.01
2015-03-13,2015,8.14
2015-03-16,2015,8.22
2015-03-17,2015,8.22
2015-03-18,2015,8.17
2015-03-19,2015,8.22
2015-03-20,2015,8.18
2015-03-23,2015,8.19
2015-03-24,2015,8.2
2015-03-25,2015,8.19
2015-03-26,2015,8.1
2015-03-27,2015,8.19
2015-03-30,2015,8.2
2015-03-31,2015,8.2
2015-04-01,2015,8.2
2015-04-02,2015,8.26
2015-04-06,2015,8.23
2015-04-07,2015,8.26
2015-04-08,2015,8.2
2015-04-09,2015,8.18
2015-04-10,2015,8.15
2015-04-13,2015,8.16
2015-04-14,2015,8.18
2015-04-15,2015,8.25
2015-04-16,2015,8.25
2015-04-17,2015,8.25
2015-04-20,2015,8.25
2015-04-22,2015,8.24
2015-04-23,2015,8.23
2015-04-24,2015,8.25
2015-04-27,2015,8.25
2015-04-28,2015,8.28
2015-04-29,2015,8.28
2015-04-30,2015,8.3
2015-05-04,2015,8.29
2015-05-05,2015,8.3
2015-05-06,2015,8.31
2015-05-07,2015,8.3
2015-05-08,2015,8.32
2015-05-11,2015,8.39
2015-05-12,2015,8.39
2015-05-13,2015,8.39
2015-05-14,2015,8.39
2015-05-15,2015,8.35
2015-05-18,2015,8.33
2015-05-19,2015,8.33
2015-05-20,2015,8.34
2015-05-21,2015,8.39
2015-05-22,2015,8.38
2015-05-25,2015,8.39
2015-05-26,2015,8.4
2015-05-27,2015,8.44
2015-05-28,2015,8.44
2015-05-29,2015,8.42
2015-06-01,2015,8.41
2015-06-02,2015,8.44
2015-06-03,2015,8.52
2015-06-05,2015,8.58
2015-06-08,2015,8.59
2015-06-09,2015,8.66
2015-06-10,2015,8.83
2015-06-11,2015,8.93
2015-06-12,2015,8.94
2015-06-15,2015,8.94
2015-06-16,2015,8.92
2015-06-17,2015,8.93
2015-06-18,2015,8.95
2015-06-19,2015,9.0
2015-06-22,2015,9.02
2015-06-23,2015,9.02
2015-06-24,2015,9.02
2015-06-25,2015,9.12
2015-06-26,2015,9.08
2015-06-29,2015,9.06
2015-06-30,2015,9.14
2015-07-01,2015,9.14
2015-07-02,2015,9.15
2015-07-03,2015,9.16
2015-07-06,2015,9.16
2015-07-07,2015,9.12
2015-07-08,2015,9.12
2015-07-09,2015,9.11
2015-07-10,2015,9.13
2015-07-13,2015,9.13
2015-07-14,2015,9.14
2015-07-15,2015,9.18
2015-07-16,2015,9.21
2015-07-17,2015,9.19
2015-07-20,2015,9.25
2015-07-21,2015,9.25
2015-07-22,2015,9.25
2015-07-23,2015,9.25
2015-07-24,2015,9.25
2015-07-27,2015,9.25
2015-07-28,2015,9.29
2015-07-29,2015,9.26
2015-07-30,2015,9.25
2015-07-31,2015,9.3
2015-08-03,2015,9.29
2015-08-04,2015,9.32
2015-08-05,2015,9.33
2015-08-06,2015,9.33
2015-08-07,2015,9.37
2015-08-10,2015,9.36
2015-08-11,2015,9.35
2015-08-12,2015,9.34
2015-08-13,2015,9.35
2015-08-14,2015,9.32
2015-08-17,2015,9.33
2015-08-18,2015,9.33
2015-08-19,2015,9.32
2015-08-20,2015,9.28
2015-08-21,2015,9.28
2015-08-24,2015,9.26
2015-08-25,2015,9.26
2015-08-26,2015,9.28
2015-08-27,2015,9.3
2015-08-28,2015,9.27
2015-08-31,2015,9.25
2015-09-01,2015,9.24
2015-09-02,2015,9.24
2015-09-03,2015,9.24
2015-09-04,2015,9.28
2015-09-08,2015,9.31
2015-09-09,2015,9.31
2015-09-10,2015,9.3
2015-09-11,2015,9.34
2015-09-14,2015,9.33
2015-09-15,2015,9.38
2015-09-16,2015,9.41
2015-09-17,2015,9.4
2015-09-18,2015,9.41
2015-09-21,2015,9.49
2015-09-22,2015,9.48
2015-09-23,2015,9.48
2015-09-24,2015,9.49
2015-09-25,2015,9.49
2015-09-28,2015,9.44
2015-09-29,2015,9.41
2015-09-30,2015,9.5
2015-10-01,2015,9.53
2015-10-02,2015,9.67
2015-10-05,2015,9.69
2015-10-06,2015,9.7
2015-10-07,2015,9.77
2015-10-08,2015,9.79
2015-10-09,2015,9.8
2015-10-13,2015,9.8
2015-10-14,2015,9.8
2015-10-15,2015,9.8
2015-10-16,2015,9.81
2015-10-19,2015,9.8
2015-10-20,2015,9.9
2015-10-21,2015,9.9
2015-10-22,2015,9.89
2015-10-23,2015,9.91
2015-10-26,2015,9.92
2015-10-27,2015,9.92
2015-10-28,2015,9.89
2015-10-29,2015,9.95
2015-10-30,2015,9.94
2015-11-03,2015,9.95
2015-11-04,2015,9.96
2015-11-05,2015,10.02
2015-11-06,2015,10.01
2015-11-09,2015,10.04
2015-11-10,2015,10.03
2015-11-11,2015,10.05
2015-11-12,2015,10.05
2015-11-13,2015,10.16
2015-11-16,2015,10.27
2015-11-17,2015,10.27
2015-11-18,2015,10.39
2015-11-19,2015,10.41
2015-11-20,2015,10.42
2015-11-23,2015,10.42
2015-11-24,2015,10.42
2015-11-25,2015,10.39
2015-11-26,2015,10.38
2015-11-27,2015,10.38
2015-11-30,2015,10.42
2015-12-01,2015,10.43
2015-12-02,2015,10.43
2015-12-03,2015,10.5
2015-12-04,2015,10.52
2015-12-07,2015,10.54
2015-12-08,2015,10.54
2015-12-09,2015,10.61
2015-12-10,2015,10.61
2015-12-11,2015,10.65
2015-12-14,2015,10.67
2015-12-15,2015,10.67
2015-12-16,2015,10.68
2015-12-17,2015,10.7
2015-12-18,2015,10.72
2015-12-21,2015,10.73
2015-12-22,2015,10.73
2015-12-23,2015,10.73
2015-12-24,2015,10.77
2015-12-28,2015,10.74
2015-12-29,2015,10.72
2015-12-30,2015,10.72
2015-12-31,2015,10.72
2016-01-04,2015,10.74
2016-01-05,2015,10.76
2016-01-06,2015,10.76
2016-01-07,2015,10.76
2012-01-06,2016,4.11
2012-01-09,2016,4.21
2012-01-10,2016,4.5
2012-01-11,2016,4.5
2012-01-12,2016,4.5
2012-01-13,2016,4.5
2012-01-16,2016,4.55
2012-01-17,2016,4.5
2012-01-18,2016,4.5
2012-01-19,2016,4.5
2012-01-20,2016,4.5
2012-01-23,2016,4.5
2012-01-24,2016,4.5
2012-01-25,2016,4.5
2012-01-26,2016,4.5
2012-01-27,2016,4.5
2012-01-30,2016,4.5
2012-01-31,2016,4.5
2012-02-01,2016,4.5
2012-02-02,2016,4.5
2012-02-03,2016,4.5
2012-02-06,2016,4.5
2012-02-07,2016,4.5
2012-02-08,2016,4.5
2012-02-09,2016,4.5
2012-02-10,2016,4.5
2012-02-13,2016,4.5
2012-02-14,2016,4.5
2012-02-15,2016,4.5
2012-02-16,2016,4.5
2012-02-17,2016,4.5
2012-02-22,2016,4.5
2012-02-23,2016,4.5
2012-02-24,2016,4.5
2012-02-27,2016,4.5
2012-02-28,2016,4.5
2012-02-29,2016,4.5
2012-03-01,2016,4.5
2012-03-02,2016,4.5
2012-03-05,2016,4.5
2012-03-06,2016,4.5
2012-03-07,2016,4.5
2012-03-08,2016,4.55
2012-03-09,2016,4.6
2012-03-12,2016,4.6
2012-03-13,2016,4.6
2012-03-14,2016,4.6
2012-03-15,2016,4.5
2012-03-16,2016,4.6
2012-03-19,2016,4.8
2012-03-20,2016,4.8
2012-03-21,2016,4.8
2012-03-22,2016,4.8
2012-03-23,2016,4.8
2012-03-26,2016,4.8
2012-03-27,2016,4.8
2012-03-28,2016,4.8
2012-03-29,2016,4.8
2012-03-30,2016,4.8
2012-04-02,2016,4.8
2012-04-03,2016,4.8
2012-04-04,2016,4.8
2012-04-05,2016,4.8
2012-04-09,2016,4.8
2012-04-10,2016,4.8
2012-04-11,2016,4.8
2012-04-12,2016,4.8
2012-04-13,2016,4.8
2012-04-16,2016,4.8
2012-04-17,2016,4.8
2012-04-18,2016,4.8
2012-04-19,2016,4.8
2012-04-20,2016,4.8
2012-04-23,2016,4.8
2012-04-24,2016,4.8
2012-04-25,2016,4.85
2012-04-26,2016,4.85
2012-04-27,2016,4.8
2012-04-30,2016,4.9
2012-05-02,2016,4.9
2012-05-03,2016,4.9
2012-05-04,2016,4.85
2012-05-07,2016,4.9
2012-05-08,2016,4.9
2012-05-09,2016,4.9
2012-05-10,2016,4.85
2012-05-11,2016,4.85
2012-05-14,2016,4.85
2012-05-15,2016,4.9
2012-05-16,2016,4.85
2012-05-17,2016,4.85
2012-05-18,2016,4.85
2012-05-21,2016,4.9
2012-05-22,2016,4.9
2012-05-23,2016,4.9
2012-05-24,2016,4.9
2012-05-25,2016,4.9
2012-05-28,2016,4.85
2012-05-29,2016,4.8
2012-05-30,2016,4.8
2012-05-31,2016,4.85
2012-06-01,2016,4.85
2012-06-04,2016,4.9
2012-06-05,2016,4.95
2012-06-06,2016,4.95
2012-06-08,2016,4.95
2012-06-11,2016,4.85
2012-06-12,2016,4.85
2012-06-13,2016,4.9
2012-06-14,2016,4.9
2012-06-15,2016,4.9
2012-06-18,2016,5.0
2012-06-19,2016,4.95
2012-06-20,2016,4.95
2012-06-21,2016,4.95
2012-06-22,2016,4.95
2012-06-25,2016,4.95
2012-06-26,2016,4.95
2012-06-27,2016,4.9
2012-06-28,2016,4.9
2012-06-29,2016,4.95
2012-07-02,2016,4.9
2012-07-03,2016,4.9
2012-07-04,2016,4.9
2012-07-05,2016,4.9
2012-07-06,2016,4.8
2012-07-09,2016,4.8
2012-07-10,2016,4.8
2012-07-11,2016,4.8
2012-07-12,2016,4.8
2012-07-13,2016,4.8
2012-07-16,2016,4.8
2012-07-17,2016,4.8
2012-07-18,2016,4.8
2012-07-19,2016,4.8
2012-07-20,2016,4.8
2012-07-23,2016,4.8
2012-07-24,2016,4.8
2012-07-25,2016,4.8
2012-07-26,2016,4.8
2012-07-27,2016,4.8
2012-07-30,2016,4.8
2012-07-31,2016,4.8
2012-08-01,2016,4.8
2012-08-02,2016,4.8
2012-08-03,2016,4.8
2012-08-06,2016,4.8
2012-08-07,2016,4.8
2012-08-08,2016,4.8
2012-08-09,2016,4.8
2012-08-10,2016,4.8
2012-08-13,2016,4.8
2012-08-14,2016,4.8
2012-08-15,2016,4.85
2012-08-16,2016,5.0
2012-08-17,2016,4.9
2012-08-20,2016,4.75
2012-08-21,2016,4.85
2012-08-22,2016,4.85
2012-08-23,2016,4.85
2012-08-24,2016,4.85
2012-08-27,2016,4.95
2012-08-28,2016,4.95
2012-08-29,2016,4.9
2012-08-30,2016,4.9
2012-08-31,2016,4.85
2012-09-03,2016,4.85
2012-09-04,2016,4.85
2012-09-05,2016,4.85
2012-09-06,2016,4.85
2012-09-10,2016,4.8
2012-09-11,2016,4.8
2012-09-12,2016,4.8
2012-09-13,2016,4.8
2012-09-14,2016,4.8
2012-09-17,2016,4.8
2012-09-18,2016,4.8
2012-09-19,2016,4.8
2012-09-20,2016,4.8
2012-09-21,2016,4.8
2012-09-24,2016,4.8
2012-09-25,2016,4.9
2012-09-26,2016,4.9
2012-09-27,2016,4.9
2012-09-28,2016,4.9
2012-10-01,2016,5.0
2012-10-02,2016,5.0
2012-10-03,2016,4.95
2012-10-04,2016,4.95
2012-10-05,2016,5.0
2012-10-08,2016,5.0
2012-10-09,2016,5.0
2012-10-10,2016,5.0
2012-10-11,2016,5.0
2012-10-15,2016,5.0
2012-10-16,2016,5.0
2012-10-17,2016,5.0
2012-10-18,2016,5.0
2012-10-19,2016,5.0
2012-10-22,2016,5.0
2012-10-23,2016,5.0
2012-10-24,2016,5.0
2012-10-25,2016,5.0
2012-10-26,2016,5.0
2012-10-29,2016,5.0
2012-10-30,2016,5.0
2012-10-31,2016,5.0
2012-11-01,2016,5.0
2012-11-05,2016,5.0
2012-11-06,2016,5.0
2012-11-07,2016,5.0
2012-11-08,2016,5.0
2012-11-09,2016,5.0
2012-11-12,2016,5.0
2012-11-13,2016,5.0
2012-11-14,2016,5.0
2012-11-16,2016,5.0
2012-11-19,2016,5.0
2012-11-20,2016,5.0
2012-11-21,2016,5.0
2012-11-22,2016,5.0
2012-11-23,2016,5.0
2012-11-26,2016,5.0
2012-11-27,2016,5.0
2012-11-28,2016,5.0
2012-11-29,2016,5.0
2012-11-30,2016,5.0
2012-12-03,2016,5.0
2012-12-04,2016,5.0
2012-12-05,2016,5.0
2012-12-06,2016,5.0
2012-12-07,2016,5.0
2012-12-10,2016,5.0
2012-12-11,2016,5.0
2012-12-12,2016,5.0
2012-12-13,2016,5.0
2012-12-14,2016,5.0
2012-12-17,2016,5.0
2012-12-18,2016,5.0
2012-12-19,2016,5.0
2012-12-20,2016,5.0
2012-12-21,2016,5.0
2012-12-24,2016,5.0
2012-12-26,2016,5.0
2012-12-27,2016,5.0
2012-12-28,2016,5.0
2012-12-31,2016,5.0
2013-01-02,2016,5.0
2013-01-03,2016,5.0
2013-01-04,2016,5.0
2013-01-07,2016,5.0
2013-01-08,2016,5.0
2013-01-09,2016,5.0
2013-01-10,2016,5.0
2013-01-11,2016,5.0
2013-01-14,2016,5.0
2013-01-15,2016,5.0
2013-01-16,2016,5.0
2013-01-17,2016,5.0
2013-01-18,2016,5.0
2013-01-21,2016,5.0
2013-01-22,2016,5.0
2013-01-23,2016,5.0
2013-01-24,2016,5.0
2013-01-25,2016,5.0
2013-01-28,2016,5.0
2013-01-29,2016,5.0
2013-01-30,2016,5.0
2013-01-31,2016,5.0
2013-02-01,2016,5.0
2013-02-04,2016,5.0
2013-02-05,2016,5.0
2013-02-06,2016,5.0
2013-02-07,2016,5.0
2013-02-08,2016,5.0
2013-02-13,2016,5.0
2013-02-14,2016,5.0
2013-02-15,2016,5.0
2013-02-18,2016,5.0
2013-02-19,2016,5.0
2013-02-20,2016,5.0
2013-02-21,2016,5.0
2013-02-22,2016,5.0
2013-02-25,2016,5.0
2013-02-26,2016,5.0
2013-02-27,2016,5.0
2013-02-28,2016,5.0
2013-03-01,2016,5.0
2013-03-04,2016,5.0
2013-03-05,2016,5.0
2013-03-06,2016,5.0
2013-03-07,2016,5.0
2013-03-08,2016,5.0
2013-03-11,2016,5.0
2013-03-12,2016,5.0
2013-03-13,2016,5.0
2013-03-14,2016,5.0
2013-03-15,2016,5.0
2013-03-18,2016,5.0
2013-03-19,2016,5.0
2013-03-20,2016,5.0
2013-03-21,2016,5.0
2013-03-22,2016,5.0
2013-03-25,2016,5.0
2013-03-26,2016,5.0
2013-03-27,2016,5.0
2013-03-28,2016,5.0
2013-04-01,2016,5.0
2013-04-02,2016,5.0
2013-04-03,2016,5.0
2013-04-04,2016,5.05
2013-04-05,2016,5.0
2013-04-08,2016,5.0
2013-04-09,2016,5.0
2013-04-10,2016,5.0
2013-04-11,2016,5.0
2013-04-12,2016,5.0
2013-04-15,2016,5.0
2013-04-16,2016,5.0
2013-04-17,2016,5.0
2013-04-18,2016,5.0
2013-04-19,2016,5.0
2013-04-22,2016,5.0
2013-04-23,2016,5.0
2013-04-24,2016,5.0
2013-04-25,2016,5.0
2013-04-26,2016,5.0
2013-04-29,2016,5.05
2013-04-30,2016,5.05
2013-05-02,2016,5.0
2013-05-03,2016,5.05
2013-05-06,2016,5.05
2013-05-07,2016,5.15
2013-05-08,2016,5.2
2013-05-09,2016,5.2
2013-05-10,2016,5.2
2013-05-13,2016,5.2
2013-05-14,2016,5.2
2013-05-15,2016,5.22
2013-05-16,2016,5.22
2013-05-17,2016,5.22
2013-05-20,2016,5.2
2013-05-21,2016,5.22
2013-05-22,2016,5.22
2013-05-23,2016,5.2
2013-05-24,2016,5.2
2013-05-27,2016,5.2
2013-05-28,2016,5.2
2013-05-29,2016,5.2
2013-05-31,2016,5.22
2013-06-03,2016,5.2
2013-06-04,2016,5.2
2013-06-05,2016,5.2
2013-06-06,2016,5.2
2013-06-07,2016,5.2
2013-06-10,2016,5.2
2013-06-11,2016,5.2
2013-06-12,2016,5.2
2013-06-13,2016,5.2
2013-06-14,2016,5.2
2013-06-17,2016,5.2
2013-06-18,2016,5.2
2013-06-19,2016,5.2
2013-06-20,2016,5.2
2013-06-21,2016,5.2
2013-06-24,2016,5.2
2013-06-25,2016,5.2
2013-06-26,2016,5.2
2013-06-27,2016,5.2
2013-06-28,2016,5.2
2013-07-01,2016,5.25
2013-07-02,2016,5.2
2013-07-03,2016,5.2
2013-07-04,2016,5.2
2013-07-05,2016,5.2
2013-07-08,2016,5.2
2013-07-09,2016,5.25
2013-07-10,2016,5.25
2013-07-11,2016,5.25
2013-07-12,2016,5.25
2013-07-15,2016,5.33
2013-07-16,2016,5.35
2013-07-17,2016,5.35
2013-07-18,2016,5.3
2013-07-19,2016,5.3
2013-07-22,2016,5.3
2013-07-23,2016,5.3
2013-07-24,2016,5.3
2013-07-25,2016,5.4
2013-07-26,2016,5.4
2013-07-29,2016,5.5
2013-07-30,2016,5.4
2013-07-31,2016,5.4
2013-08-01,2016,5.4
2013-08-02,2016,5.5
2013-08-05,2016,5.4
2013-08-06,2016,5.3
2013-08-07,2016,5.4
2013-08-08,2016,5.4
2013-08-09,2016,5.4
2013-08-12,2016,5.5
2013-08-13,2016,5.4
2013-08-14,2016,5.4
2013-08-15,2016,5.3
2013-08-16,2016,5.3
2013-08-19,2016,5.3
2013-08-20,2016,5.5
2013-08-21,2016,5.5
2013-08-22,2016,5.5
2013-08-23,2016,5.4
2013-08-26,2016,5.4
2013-08-27,2016,5.4
2013-08-28,2016,5.4
2013-08-29,2016,5.3
2013-08-30,2016,5.4
2013-09-02,2016,5.4
2013-09-03,2016,5.4
2013-09-04,2016,5.4
2013-09-05,2016,5.4
2013-09-06,2016,5.4
2013-09-09,2016,5.3
2013-09-10,2016,5.3
2013-09-11,2016,5.3
2013-09-12,2016,5.4
2013-09-13,2016,5.3
2013-09-16,2016,5.3
2013-09-17,2016,5.3
2013-09-18,2016,5.3
2013-09-19,2016,5.3
2013-09-20,2016,5.3
2013-09-23,2016,5.3
2013-09-24,2016,5.3
2013-09-25,2016,5.3
2013-09-26,2016,5.3
2013-09-27,2016,5.35
2013-09-30,2016,5.35
2013-10-01,2016,5.35
2013-10-02,2016,5.45
2013-10-03,2016,5.4
2013-10-04,2016,5.4
2013-10-07,2016,5.5
2013-10-08,2016,5.5
2013-10-09,2016,5.5
2013-10-10,2016,5.5
2013-10-11,2016,5.5
2013-10-14,2016,5.5
2013-10-15,2016,5.5
2013-10-16,2016,5.5
2013-10-17,2016,5.5
2013-10-18,2016,5.5
2013-10-21,2016,5.5
2013-10-22,2016,5.5
2013-10-23,2016,5.5
2013-10-24,2016,5.5
2013-10-25,2016,5.5
2013-10-28,2016,5.5
2013-10-29,2016,5.5
2013-10-30,2016,5.5
2013-10-31,2016,5.5
2013-11-01,2016,5.5
2013-11-04,2016,5.5
2013-11-05,2016,5.5
2013-11-06,2016,5.5
2013-11-07,2016,5.5
2013-11-08,2016,5.5
2013-11-11,2016,5.5
2013-11-12,2016,5.5
2013-11-13,2016,5.5
2013-11-14,2016,5.5
2013-11-18,2016,5.5
2013-11-19,2016,5.5
2013-11-20,2016,5.5
2013-11-21,2016,5.5
2013-11-22,2016,5.5
2013-11-25,2016,5.5
2013-11-26,2016,5.5
2013-11-27,2016,5.5
2013-11-28,2016,5.5
2013-11-29,2016,5.5
2013-12-02,2016,5.41
2013-12-03,2016,5.41
2013-12-04,2016,5.45
2013-12-05,2016,5.45
2013-12-06,2016,5.45
2013-12-09,2016,5.5
2013-12-10,2016,5.5
2013-12-11,2016,5.5
2013-12-12,2016,5.5
2013-12-13,2016,5.5
2013-12-16,2016,5.45
2013-12-17,2016,5.41
2013-12-18,2016,5.45
2013-12-19,2016,5.41
2013-12-20,2016,5.41
2013-12-23,2016,5.45
2013-12-24,2016,5.45
2013-12-26,2016,5.5
2013-12-27,2016,5.5
2013-12-30,2016,5.5
2013-12-31,2016,5.5
2014-01-02,2016,5.5
2014-01-03,2016,5.5
2014-01-06,2016,5.36
2014-01-07,2016,5.1
2014-01-08,2016,5.0
2014-01-09,2016,5.35
2014-01-10,2016,5.35
2014-01-13,2016,5.5
2014-01-14,2016,5.5
2014-01-15,2016,5.5
2014-01-16,2016,5.5
2014-01-17,2016,5.5
2014-01-20,2016,5.5
2014-01-21,2016,5.5
2014-01-22,2016,5.5
2014-01-23,2016,5.5
2014-01-24,2016,5.5
2014-01-27,2016,5.5
2014-01-28,2016,5.5
2014-01-29,2016,5.5
2014-01-30,2016,5.5
2014-01-31,2016,5.5
2014-02-03,2016,5.5
2014-02-04,2016,5.5
2014-02-05,2016,5.5
2014-02-06,2016,5.5
2014-02-07,2016,5.47
2014-02-10,2016,5.5
2014-02-11,2016,5.47
2014-02-12,2016,5.47
2014-02-13,2016,5.4
2014-02-14,2016,5.5
2014-02-17,2016,5.5
2014-02-18,2016,5.5
2014-02-19,2016,5.48
2014-02-20,2016,5.5
2014-02-21,2016,5.5
2014-02-24,2016,5.5
2014-02-25,2016,5.5
2014-02-26,2016,5.5
2014-02-27,2016,5.5
2014-02-28,2016,5.5
2014-03-05,2016,5.5
2014-03-06,2016,5.5
2014-03-07,2016,5.5
2014-03-10,2016,5.5
2014-03-11,2016,5.5
2014-03-12,2016,5.5
2014-03-13,2016,5.35
2014-03-14,2016,5.5
2014-03-17,2016,5.5
2014-03-18,2016,5.5
2014-03-19,2016,5.5
2014-03-20,2016,5.5
2014-03-21,2016,5.5
2014-03-24,2016,5.5
2014-03-25,2016,5.5
2014-03-26,2016,5.5
2014-03-27,2016,5.5
2014-03-28,2016,5.5
2014-03-31,2016,5.5
2014-04-01,2016,5.5
2014-04-02,2016,5.5
2014-04-03,2016,5.5
2014-04-04,2016,5.5
2014-04-07,2016,5.5
2014-04-08,2016,5.5
2014-04-09,2016,5.5
2014-04-10,2016,5.5
2014-04-11,2016,5.5
2014-04-14,2016,5.5
2014-04-15,2016,5.5
2014-04-16,2016,5.5
2014-04-17,2016,5.5
2014-04-22,2016,5.5
2014-04-23,2016,5.5
2014-04-24,2016,5.5
2014-04-25,2016,5.5
2014-04-28,2016,5.5
2014-04-29,2016,5.5
2014-04-30,2016,5.5
2014-05-02,2016,5.5
2014-05-05,2016,5.5
2014-05-06,2016,5.5
2014-05-07,2016,5.5
2014-05-08,2016,5.5
2014-05-09,2016,5.5
2014-05-12,2016,5.5
2014-05-13,2016,5.5
2014-05-14,2016,5.5
2014-05-15,2016,5.5
2014-05-16,2016,5.5
2014-05-19,2016,5.5
2014-05-20,2016,5.5
2014-05-21,2016,5.5
2014-05-22,2016,5.5
2014-05-23,2016,5.5
2014-05-26,2016,5.5
2014-05-27,2016,5.55
2014-05-28,2016,5.5
2014-05-29,2016,5.5
2014-05-30,2016,5.5
2014-06-02,2016,5.5
2014-06-03,2016,5.5
2014-06-04,2016,5.5
2014-06-05,2016,5.5
2014-06-06,2016,5.5
2014-06-09,2016,5.5
2014-06-10,2016,5.5
2014-06-11,2016,5.5
2014-06-12,2016,5.5
2014-06-13,2016,5.5
2014-06-16,2016,5.5
2014-06-17,2016,5.5
2014-06-18,2016,5.5
2014-06-20,2016,5.5
2014-06-23,2016,5.5
2014-06-24,2016,5.5
2014-06-25,2016,5.5
2014-06-26,2016,5.5
2014-06-27,2016,5.5
2014-06-30,2016,5.5
2014-07-01,2016,5.5
2014-07-02,2016,5.5
2014-07-03,2016,5.5
2014-07-04,2016,5.5
2014-07-07,2016,5.5
2014-07-08,2016,5.5
2014-07-09,2016,5.5
2014-07-10,2016,5.56
2014-07-11,2016,5.5
2014-07-14,2016,5.64
2014-07-15,2016,5.5
2014-07-16,2016,5.5
2014-07-17,2016,5.5
2014-07-18,2016,5.5
2014-07-21,2016,5.5
2014-07-22,2016,5.5
2014-07-23,2016,5.5
2014-07-24,2016,5.5
2014-07-25,2016,5.58
2014-07-28,2016,5.5
2014-07-29,2016,5.5
2014-07-30,2016,5.5
2014-07-31,2016,5.5
2014-08-01,2016,5.5
2014-08-04,2016,5.55
2014-08-05,2016,5.5
2014-08-06,2016,5.6
2014-08-07,2016,5.57
2014-08-08,2016,5.5
2014-08-11,2016,5.5
2014-08-12,2016,5.5
2014-08-13,2016,5.5
2014-08-14,2016,5.5
2014-08-15,2016,5.6
2014-08-18,2016,5.58
2014-08-19,2016,5.53
2014-08-20,2016,5.5
2014-08-21,2016,5.5
2014-08-22,2016,5.5
2014-08-25,2016,5.6
2014-08-26,2016,5.5
2014-08-27,2016,5.5
2014-08-28,2016,5.5
2014-08-29,2016,5.5
2014-09-01,2016,5.5
2014-09-02,2016,5.6
2014-09-03,2016,5.6
2014-09-04,2016,5.6
2014-09-05,2016,5.5
2014-09-08,2016,5.53
2014-09-09,2016,5.5
2014-09-10,2016,5.56
2014-09-11,2016,5.62
2014-09-12,2016,5.6
2014-09-15,2016,5.6
2014-09-16,2016,5.55
2014-09-17,2016,5.6
2014-09-18,2016,5.6
2014-09-19,2016,5.55
2014-09-22,2016,5.55
2014-09-23,2016,5.5
2014-09-24,2016,5.5
2014-09-25,2016,5.5
2014-09-26,2016,5.5
2014-09-29,2016,5.5
2014-09-30,2016,5.5
2014-10-01,2016,5.5
2014-10-02,2016,5.5
2014-10-03,2016,5.5
2014-10-06,2016,5.5
2014-10-07,2016,5.5
2014-10-08,2016,5.5
2014-10-09,2016,5.5
2014-10-10,2016,5.5
2014-10-13,2016,5.5
2014-10-14,2016,5.5
2014-10-15,2016,5.5
2014-10-16,2016,5.5
2014-10-17,2016,5.5
2014-10-20,2016,5.5
2014-10-21,2016,5.5
2014-10-22,2016,5.5
2014-10-23,2016,5.5
2014-10-24,2016,5.5
2014-10-27,2016,5.55
2014-10-28,2016,5.65
2014-10-29,2016,5.65
2014-10-30,2016,5.65
2014-10-31,2016,5.7
2014-11-03,2016,5.67
2014-11-04,2016,5.62
2014-11-05,2016,5.62
2014-11-06,2016,5.6
2014-11-07,2016,5.6
2014-11-10,2016,5.67
2014-11-11,2016,5.64
2014-11-12,2016,5.62
2014-11-13,2016,5.58
2014-11-14,2016,5.51
2014-11-17,2016,5.5
2014-11-18,2016,5.7
2014-11-19,2016,5.7
2014-11-20,2016,5.7
2014-11-21,2016,5.7
2014-11-24,2016,5.8
2014-11-25,2016,5.8
2014-11-26,2016,5.8
2014-11-27,2016,5.8
2014-11-28,2016,5.7
2014-12-01,2016,5.51
2014-12-02,2016,5.51
2014-12-03,2016,5.51
2014-12-04,2016,5.7
2014-12-05,2016,5.7
2014-12-08,2016,5.8
2014-12-09,2016,5.8
2014-12-10,2016,5.8
2014-12-11,2016,5.7
2014-12-12,2016,5.8
2014-12-15,2016,5.7
2014-12-16,2016,5.8
2014-12-17,2016,5.8
2014-12-18,2016,5.7
2014-12-19,2016,5.75
2014-12-22,2016,5.7
2014-12-23,2016,5.7
2014-12-24,2016,5.7
2014-12-26,2016,5.65
2014-12-29,2016,5.5
2014-12-30,2016,5.6
2014-12-31,2016,5.51
2015-01-02,2016,5.61
2015-01-05,2016,5.7
2015-01-06,2016,5.75
2015-01-07,2016,5.7
2015-01-08,2016,5.75
2015-01-09,2016,5.7
2015-01-12,2016,5.65
2015-01-13,2016,5.6
2015-01-14,2016,5.65
2015-01-15,2016,5.6
2015-01-16,2016,5.62
2015-01-19,2016,5.7
2015-01-20,2016,5.62
2015-01-21,2016,5.55
2015-01-22,2016,5.6
2015-01-23,2016,5.6
2015-01-26,2016,5.6
2015-01-27,2016,5.6
2015-01-28,2016,5.6
2015-01-29,2016,5.5
2015-01-30,2016,5.55
2015-02-02,2016,5.55
2015-02-03,2016,5.6
2015-02-04,2016,5.55
2015-02-05,2016,5.64
2015-02-06,2016,5.57
2015-02-09,2016,5.6
2015-02-10,2016,5.6
2015-02-11,2016,5.6
2015-02-12,2016,5.6
2015-02-13,2016,5.6
2015-02-18,2016,5.6
2015-02-19,2016,5.59
2015-02-20,2016,5.57
2015-02-23,2016,5.52
2015-02-24,2016,5.57
2015-02-25,2016,5.55
2015-02-26,2016,5.55
2015-02-27,2016,5.51
2015-03-02,2016,5.51
2015-03-03,2016,5.5
2015-03-04,2016,5.5
2015-03-05,2016,5.5
2015-03-06,2016,5.51
2015-03-09,2016,5.69
2015-03-10,2016,5.7
2015-03-11,2016,5.67
2015-03-12,2016,5.67
2015-03-13,2016,5.6
2015-03-16,2016,5.7
2015-03-17,2016,5.7
2015-03-18,2016,5.7
2015-03-19,2016,5.7
2015-03-20,2016,5.7
2015-03-23,2016,5.64
2015-03-24,2016,5.64
2015-03-25,2016,5.69
2015-03-26,2016,5.6
2015-03-27,2016,5.6
2015-03-30,2016,5.5
2015-03-31,2016,5.53
2015-04-01,2016,5.56
2015-04-02,2016,5.54
2015-04-06,2016,5.58
2015-04-07,2016,5.7
2015-04-08,2016,5.69
2015-04-09,2016,5.64
2015-04-10,2016,5.7
2015-04-13,2016,5.6
2015-04-14,2016,5.6
2015-04-15,2016,5.67
2015-04-16,2016,5.67
2015-04-17,2016,5.6
2015-04-20,2016,5.6
2015-04-22,2016,5.6
2015-04-23,2016,5.6
2015-04-24,2016,5.55
2015-04-27,2016,5.55
2015-04-28,2016,5.5
2015-04-29,2016,5.5
2015-04-30,2016,5.5
2015-05-04,2016,5.6
2015-05-05,2016,5.66
2015-05-06,2016,5.66
2015-05-07,2016,5.58
2015-05-08,2016,5.55
2015-05-11,2016,5.58
2015-05-12,2016,5.5
2015-05-13,2016,5.5
2015-05-14,2016,5.5
2015-05-15,2016,5.5
2015-05-18,2016,5.5
2015-05-19,2016,5.5
2015-05-20,2016,5.5
2015-05-21,2016,5.5
2015-05-22,2016,5.5
2015-05-25,2016,5.5
2015-05-26,2016,5.5
2015-05-27,2016,5.5
2015-05-28,2016,5.45
2015-05-29,2016,5.3
2015-06-01,2016,5.3
2015-06-02,2016,5.2
2015-06-03,2016,5.33
2015-06-05,2016,5.4
2015-06-08,2016,5.5
2015-06-09,2016,5.63
2015-06-10,2016,5.5
2015-06-11,2016,5.6
2015-06-12,2016,5.55
2015-06-15,2016,5.5
2015-06-16,2016,5.5
2015-06-17,2016,5.5
2015-06-18,2016,5.5
2015-06-19,2016,5.48
2015-06-22,2016,5.46
2015-06-23,2016,5.48
2015-06-24,2016,5.44
2015-06-25,2016,5.45
2015-06-26,2016,5.44
2015-06-29,2016,5.4
2015-06-30,2016,5.48
2015-07-01,2016,5.5
2015-07-02,2016,5.5
2015-07-03,2016,5.5
2015-07-06,2016,5.46
2015-07-07,2016,5.48
2015-07-08,2016,5.43
2015-07-09,2016,5.46
2015-07-10,2016,5.45
2015-07-13,2016,5.44
2015-07-14,2016,5.44
2015-07-15,2016,5.5
2015-07-16,2016,5.48
2015-07-17,2016,5.43
2015-07-20,2016,5.44
2015-07-21,2016,5.4
2015-07-22,2016,5.4
2015-07-23,2016,5.42
2015-07-24,2016,5.4
2015-07-27,2016,5.42
2015-07-28,2016,5.4
2015-07-29,2016,5.3
2015-07-30,2016,5.39
2015-07-31,2016,5.41
2015-08-03,2016,5.41
2015-08-04,2016,5.42
2015-08-05,2016,5.44
2015-08-06,2016,5.44
2015-08-07,2016,5.49
2015-08-10,2016,5.47
2015-08-11,2016,5.51
2015-08-12,2016,5.48
2015-08-13,2016,5.42
2015-08-14,2016,5.41
2015-08-17,2016,5.54
2015-08-18,2016,5.59
2015-08-19,2016,5.62
2015-08-20,2016,5.59
2015-08-21,2016,5.52
2015-08-24,2016,5.51
2015-08-25,2016,5.51
2015-08-26,2016,5.51
2015-08-27,2016,5.6
2015-08-28,2016,5.6
2015-08-31,2016,5.56
2015-09-01,2016,5.52
2015-09-02,2016,5.5
2015-09-03,2016,5.5
2015-09-04,2016,5.65
2015-09-08,2016,5.66
2015-09-09,2016,5.66
2015-09-10,2016,5.68
2015-09-11,2016,5.64
2015-09-14,2016,5.63
2015-09-15,2016,5.61
2015-09-16,2016,5.66
2015-09-17,2016,5.66
2015-09-18,2016,5.76
2015-09-21,2016,5.9
2015-09-22,2016,5.92
2015-09-23,2016,5.91
2015-09-24,2016,5.95
2015-09-25,2016,5.92
2015-09-28,2016,5.97
2015-09-29,2016,5.81
2015-09-30,2016,6.0
2015-10-01,2016,6.0
2015-10-02,2016,6.26
2015-10-05,2016,6.2
2015-10-06,2016,6.2
2015-10-07,2016,6.2
2015-10-08,2016,6.19
2015-10-09,2016,6.19
2015-10-13,2016,6.19
2015-10-14,2016,6.17
2015-10-15,2016,6.17
2015-10-16,2016,6.2
2015-10-19,2016,6.14
2015-10-20,2016,6.26
2015-10-21,2016,6.26
2015-10-22,2016,6.28
2015-10-23,2016,6.3
2015-10-26,2016,6.4
2015-10-27,2016,6.43
2015-10-28,2016,6.5
2015-10-29,2016,6.43
2015-10-30,2016,6.51
2015-11-03,2016,6.52
2015-11-04,2016,6.54
2015-11-05,2016,6.56
2015-11-06,2016,6.55
2015-11-09,2016,6.54
2015-11-10,2016,6.58
2015-11-11,2016,6.81
2015-11-12,2016,6.84
2015-11-13,2016,6.89
2015-11-16,2016,6.9
2015-11-17,2016,6.84
2015-11-18,2016,6.89
2015-11-19,2016,6.82
2015-11-20,2016,6.82
2015-11-23,2016,6.89
2015-11-24,2016,6.89
2015-11-25,2016,6.98
2015-11-26,2016,7.01
2015-11-27,2016,6.89
2015-11-30,2016,6.7
2015-12-01,2016,6.8
2015-12-02,2016,6.8
2015-12-03,2016,6.7
2015-12-04,2016,6.9
2015-12-07,2016,7.0
2015-12-08,2016,6.98
2015-12-09,2016,6.93
2015-12-10,2016,6.92
2015-12-11,2016,6.88
2015-12-14,2016,6.8
2015-12-15,2016,6.79
2015-12-16,2016,6.78
2015-12-17,2016,6.82
2015-12-18,2016,6.8
2015-12-21,2016,6.85
2015-12-22,2016,6.86
2015-12-23,2016,6.91
2015-12-24,2016,7.01
2015-12-28,2016,7.01
2015-12-29,2016,6.94
2015-12-30,2016,6.87
2015-12-31,2016,6.84
2016-01-04,2016,7.0
2016-01-05,2016,6.99
2016-01-06,2016,6.97
2016-01-07,2016,6.99
2016-01-08,2016,7.0
2016-01-11,2016,6.97
2016-01-12,2016,6.99
2016-01-13,2016,6.99
2016-01-14,2016,7.0
2016-01-15,2016,7.04
2016-01-18,2016,7.09
2016-01-19,2016,7.12
2016-01-20,2016,7.12
2016-01-21,2016,7.3
2016-01-22,2016,7.33
2016-01-25,2016,7.3
2016-01-26,2016,7.33
2016-01-27,2016,7.32
2016-01-28,2016,7.41
2016-01-29,2016,7.48
2016-02-01,2016,7.48
2016-02-02,2016,7.43
2016-02-03,2016,7.5
2016-02-04,2016,7.52
2016-02-05,2016,7.72
2016-02-10,2016,7.7
2016-02-11,2016,7.71
2016-02-12,2016,7.66
2016-02-15,2016,7.63
2016-02-16,2016,7.65
2016-02-17,2016,7.66
2016-02-18,2016,7.5
2016-02-19,2016,7.48
2016-02-22,2016,7.5
2016-02-23,2016,7.56
2016-02-24,2016,7.61
2016-02-25,2016,7.63
2016-02-26,2016,7.62
2016-02-29,2016,7.68
2016-03-01,2016,7.54
2016-03-02,2016,7.46
2016-03-03,2016,7.49
2016-03-04,2016,7.59
2016-03-07,2016,7.7
2016-03-08,2016,7.7
2016-03-09,2016,7.51
2016-03-10,2016,7.5
2016-03-11,2016,7.5
2016-03-14,2016,7.46
2016-03-15,2016,7.42
2016-03-16,2016,7.5
2016-03-17,2016,7.41
2016-03-18,2016,7.33
2016-03-21,2016,7.3
2016-03-22,2016,7.3
2016-03-23,2016,7.27
2016-03-24,2016,7.27
2016-03-28,2016,7.26
2016-03-29,2016,7.27
2016-03-30,2016,7.26
2016-03-31,2016,7.27
2016-04-01,2016,7.27
2016-04-04,2016,7.24
2016-04-05,2016,7.28
2016-04-06,2016,7.27
2016-04-07,2016,7.2
2016-04-08,2016,7.12
2016-04-11,2016,7.09
2016-04-12,2016,7.08
2016-04-13,2016,7.1
2016-04-14,2016,7.09
2016-04-15,2016,7.06
2016-04-18,2016,7.02
2016-04-19,2016,6.93
2016-04-20,2016,6.9
2016-04-22,2016,6.9
2016-04-25,2016,6.89
2016-04-26,2016,6.88
2016-04-27,2016,7.02
2016-04-28,2016,6.93
2016-04-29,2016,6.88
2016-05-02,2016,6.88
2016-05-03,2016,6.89
2016-05-04,2016,6.91
2016-05-05,2016,6.9
2016-05-06,2016,7.0
2016-05-09,2016,6.96
2016-05-10,2016,6.96
2016-05-11,2016,6.96
2016-05-12,2016,6.96
2016-05-13,2016,6.96
2016-05-16,2016,7.01
2016-05-17,2016,7.02
2016-05-18,2016,7.06
2016-05-19,2016,7.09
2016-05-20,2016,7.09
2016-05-23,2016,7.09
2016-05-24,2016,7.12
2016-05-25,2016,7.1
2016-05-27,2016,7.01
2016-05-30,2016,7.12
2016-05-31,2016,7.11
2016-06-01,2016,7.15
2016-06-02,2016,7.14
2016-06-03,2016,7.18
2016-06-06,2016,7.17
2016-06-07,2016,7.22
2016-06-08,2016,7.27
2016-06-09,2016,7.21
2016-06-10,2016,7.19
2016-06-13,2016,7.21
2016-06-14,2016,7.28
2016-06-15,2016,7.29
2016-06-16,2016,7.37
2016-06-17,2016,7.36
2016-06-20,2016,7.38
2016-06-21,2016,7.34
2016-06-22,2016,7.31
2016-06-23,2016,7.3
2016-06-24,2016,7.28
2016-06-27,2016,7.23
2016-06-28,2016,7.18
2016-06-29,2016,7.24
2016-06-30,2016,7.22
2016-07-01,2016,7.22
2016-07-04,2016,7.24
2016-07-05,2016,7.26
2016-07-06,2016,7.26
2016-07-07,2016,7.28
2016-07-08,2016,7.26
2016-07-11,2016,7.26
2016-07-12,2016,7.26
2016-07-13,2016,7.26
2016-07-14,2016,7.26
2016-07-15,2016,7.22
2016-07-18,2016,7.18
2016-07-19,2016,7.19
2016-07-20,2016,7.18
2016-07-21,2016,7.18
2016-07-22,2016,7.19
2016-07-25,2016,7.2
2016-07-26,2016,7.21
2016-07-27,2016,7.27
2016-07-28,2016,7.26
2016-07-29,2016,7.25
2016-08-01,2016,7.24
2016-08-02,2016,7.22
2016-08-03,2016,7.2
2016-08-04,2016,7.22
2016-08-05,2016,7.22
2016-08-08,2016,7.23
2016-08-09,2016,7.21
2016-08-10,2016,7.34
2016-08-11,2016,7.33
2016-08-12,2016,7.32
2016-08-15,2016,7.29
2016-08-16,2016,7.3
2016-08-17,2016,7.3
2016-08-18,2016,7.29
2016-08-19,2016,7.3
2016-08-22,2016,7.33
2016-08-23,2016,7.34
2016-08-24,2016,7.34
2016-08-25,2016,7.34
2016-08-26,2016,7.34
2016-08-29,2016,7.34
2016-08-30,2016,7.32
2016-08-31,2016,7.33
2016-09-01,2016,7.34
2016-09-02,2016,7.32
2016-09-05,2016,7.34
2016-09-06,2016,7.35
2016-09-08,2016,7.35
2016-09-09,2016,7.33
2016-09-12,2016,7.34
2016-09-13,2016,7.33
2016-09-14,2016,7.34
2016-09-15,2016,7.34
2016-09-16,2016,7.32
2016-09-19,2016,7.32
2016-09-20,2016,7.3
2016-09-21,2016,7.26
2016-09-22,2016,7.23
2016-09-23,2016,7.23
2016-09-26,2016,7.22
2016-09-27,2016,7.22
2016-09-28,2016,7.21
2016-09-29,2016,7.22
2016-09-30,2016,7.21
2016-10-03,2016,7.17
2016-10-04,2016,7.18
2016-10-05,2016,7.19
2016-10-06,2016,7.19
2016-10-07,2016,7.02
2016-10-10,2016,7.02
2016-10-11,2016,7.02
2016-10-13,2016,7.01
2016-10-14,2016,6.97
2016-10-17,2016,6.97
2016-10-18,2016,6.94
2016-10-19,2016,6.93
2016-10-20,2016,6.86
2016-10-21,2016,6.86
2016-10-24,2016,6.86
2016-10-25,2016,6.86
2016-10-26,2016,6.86
2016-10-27,2016,6.85
2016-10-28,2016,6.88
2016-10-31,2016,6.88
2016-11-01,2016,6.9
2016-11-03,2016,6.9
2016-11-04,2016,6.9
2016-11-07,2016,6.9
2016-11-08,2016,6.89
2016-11-09,2016,6.83
2016-11-10,2016,6.82
2016-11-11,2016,6.81
2016-11-14,2016,6.8
2016-11-16,2016,6.8
2016-11-17,2016,6.79
2016-11-18,2016,6.77
2016-11-21,2016,6.77
2016-11-22,2016,6.73
2016-11-23,2016,6.71
2016-11-24,2016,6.71
2016-11-25,2016,6.69
2016-11-28,2016,6.66
2016-11-29,2016,6.58
2016-11-30,2016,6.57
2016-12-01,2016,6.56
2016-12-02,2016,6.56
2016-12-05,2016,6.57
2016-12-06,2016,6.65
2016-12-07,2016,6.63
2016-12-08,2016,6.63
2016-12-09,2016,6.48
2016-12-12,2016,6.47
2016-12-13,2016,6.46
2016-12-14,2016,6.45
2016-12-15,2016,6.45
2016-12-16,2016,6.45
2016-12-19,2016,6.45
2016-12-20,2016,6.4
2016-12-21,2016,6.39
2016-12-22,2016,6.38
2016-12-23,2016,6.38
2016-12-26,2016,6.36
2016-12-27,2016,6.31
2016-12-28,2016,6.3
2016-12-29,2016,6.3
2016-12-30,2016,6.31
2017-01-02,2016,6.32
2017-01-03,2016,6.34
2017-01-04,2016,6.34
2017-01-05,2016,6.33
2017-01-06,2016,6.34
2017-01-09,2016,6.33
2017-01-10,2016,6.33
2013-01-10,2017,4.5
2013-01-11,2017,4.65
2013-01-14,2017,4.68
2013-01-15,2017,4.68
2013-01-16,2017,5.0
2013-01-17,2017,5.0
2013-01-18,2017,5.0
2013-01-21,2017,5.0
2013-01-22,2017,5.0
2013-01-23,2017,5.0
2013-01-24,2017,5.0
2013-01-25,2017,5.0
2013-01-28,2017,5.0
2013-01-29,2017,5.0
2013-01-30,2017,5.0
2013-01-31,2017,5.0
2013-02-01,2017,5.0
2013-02-04,2017,5.0
2013-02-05,2017,5.0
2013-02-06,2017,5.0
2013-02-07,2017,5.0
2013-02-08,2017,5.0
2013-02-13,2017,5.0
2013-02-14,2017,5.0
2013-02-15,2017,5.0
2013-02-18,2017,5.0
2013-02-19,2017,5.0
2013-02-20,2017,5.0
2013-02-21,2017,5.0
2013-02-22,2017,5.0
2013-02-25,2017,5.0
2013-02-26,2017,5.0
2013-02-27,2017,5.0
2013-02-28,2017,5.0
2013-03-01,2017,5.0
2013-03-04,2017,5.0
2013-03-05,2017,5.0
2013-03-06,2017,5.0
2013-03-07,2017,5.0
2013-03-08,2017,5.0
2013-03-11,2017,5.0
2013-03-12,2017,5.0
2013-03-13,2017,5.0
2013-03-14,2017,5.0
2013-03-15,2017,5.0
2013-03-18,2017,5.0
2013-03-19,2017,5.0
2013-03-20,2017,5.0
2013-03-21,2017,5.05
2013-03-22,2017,5.0
2013-03-25,2017,5.0
2013-03-26,2017,5.05
2013-03-27,2017,5.05
2013-03-28,2017,5.0
2013-04-01,2017,5.0
2013-04-02,2017,5.0
2013-04-03,2017,5.05
2013-04-04,2017,5.05
2013-04-05,2017,5.0
2013-04-08,2017,5.05
2013-04-09,2017,5.05
2013-04-10,2017,5.05
2013-04-11,2017,5.05
2013-04-12,2017,5.05
2013-04-15,2017,5.0
2013-04-16,2017,5.0
2013-04-17,2017,5.0
2013-04-18,2017,5.05
2013-04-19,2017,5.1
2013-04-22,2017,5.11
2013-04-23,2017,5.11
2013-04-24,2017,5.11
2013-04-25,2017,5.11
2013-04-26,2017,5.11
2013-04-29,2017,5.31
2013-04-30,2017,5.31
2013-05-02,2017,5.11
2013-05-03,2017,5.11
2013-05-06,2017,5.11
2013-05-07,2017,5.11
2013-05-08,2017,5.11
2013-05-09,2017,5.11
2013-05-10,2017,5.11
2013-05-13,2017,5.11
2013-05-14,2017,5.11
2013-05-15,2017,5.31
2013-05-16,2017,5.31
2013-05-17,2017,5.31
2013-05-20,2017,5.1
2013-05-21,2017,5.1
2013-05-22,2017,5.1
2013-05-23,2017,5.11
2013-05-24,2017,5.1
2013-05-27,2017,5.11
2013-05-28,2017,5.11
2013-05-29,2017,5.11
2013-05-31,2017,5.4
2013-06-03,2017,5.4
2013-06-04,2017,5.4
2013-06-05,2017,5.3
2013-06-06,2017,5.2
2013-06-07,2017,5.2
2013-06-10,2017,5.2
2013-06-11,2017,5.3
2013-06-12,2017,5.3
2013-06-13,2017,5.3
2013-06-14,2017,5.3
2013-06-17,2017,5.35
2013-06-18,2017,5.35
2013-06-19,2017,5.35
2013-06-20,2017,5.35
2013-06-21,2017,5.35
2013-06-24,2017,5.2
2013-06-25,2017,5.2
2013-06-26,2017,5.2
2013-06-27,2017,5.2
2013-06-28,2017,5.2
2013-07-01,2017,5.45
2013-07-02,2017,5.4
2013-07-03,2017,5.4
2013-07-04,2017,5.4
2013-07-05,2017,5.4
2013-07-08,2017,5.4
2013-07-09,2017,5.5
2013-07-10,2017,5.5
2013-07-11,2017,5.5
2013-07-12,2017,5.45
2013-07-15,2017,5.5
2013-07-16,2017,5.4
2013-07-17,2017,5.4
2013-07-18,2017,5.2
2013-07-19,2017,5.4
2013-07-22,2017,5.4
2013-07-23,2017,5.4
2013-07-24,2017,5.4
2013-07-25,2017,5.45
2013-07-26,2017,5.45
2013-07-29,2017,5.5
2013-07-30,2017,5.45
2013-07-31,2017,5.5
2013-08-01,2017,5.5
2013-08-02,2017,5.45
2013-08-05,2017,5.45
2013-08-06,2017,5.45
2013-08-07,2017,5.5
2013-08-08,2017,5.5
2013-08-09,2017,5.5
2013-08-12,2017,5.5
2013-08-13,2017,5.45
2013-08-14,2017,5.45
2013-08-15,2017,5.45
2013-08-16,2017,5.45
2013-08-19,2017,5.45
2013-08-20,2017,5.5
2013-08-21,2017,5.5
2013-08-22,2017,5.5
2013-08-23,2017,5.5
2013-08-26,2017,5.5
2013-08-27,2017,5.5
2013-08-28,2017,5.5
2013-08-29,2017,5.45
2013-08-30,2017,5.5
2013-09-02,2017,5.5
2013-09-03,2017,5.5
2013-09-04,2017,5.5
2013-09-05,2017,5.5
2013-09-06,2017,5.5
2013-09-09,2017,5.45
2013-09-10,2017,5.45
2013-09-11,2017,5.45
2013-09-12,2017,5.5
2013-09-13,2017,5.45
2013-09-16,2017,5.45
2013-09-17,2017,5.4
2013-09-18,2017,5.4
2013-09-19,2017,5.45
2013-09-20,2017,5.45
2013-09-23,2017,5.45
2013-09-24,2017,5.45
2013-09-25,2017,5.45
2013-09-26,2017,5.4
2013-09-27,2017,5.4
2013-09-30,2017,5.4
2013-10-01,2017,5.4
2013-10-02,2017,5.4
2013-10-03,2017,5.35
2013-10-04,2017,5.35
2013-10-07,2017,5.35
2013-10-08,2017,5.4
2013-10-09,2017,5.4
2013-10-10,2017,5.4
2013-10-11,2017,5.4
2013-10-14,2017,5.45
2013-10-15,2017,5.4
2013-10-16,2017,5.4
2013-10-17,2017,5.4
2013-10-18,2017,5.5
2013-10-21,2017,5.5
2013-10-22,2017,5.5
2013-10-23,2017,5.5
2013-10-24,2017,5.5
2013-10-25,2017,5.5
2013-10-28,2017,5.45
2013-10-29,2017,5.45
2013-10-30,2017,5.45
2013-10-31,2017,5.45
2013-11-01,2017,5.4
2013-11-04,2017,5.4
2013-11-05,2017,5.4
2013-11-06,2017,5.4
2013-11-07,2017,5.4
2013-11-08,2017,5.35
2013-11-11,2017,5.3
2013-11-12,2017,5.3
2013-11-13,2017,5.3
2013-11-14,2017,5.3
2013-11-18,2017,5.35
2013-11-19,2017,5.35
2013-11-20,2017,5.35
2013-11-21,2017,5.4
2013-11-22,2017,5.4
2013-11-25,2017,5.4
2013-11-26,2017,5.4
2013-11-27,2017,5.4
2013-11-28,2017,5.3
2013-11-29,2017,5.35
2013-12-02,2017,5.4
2013-12-03,2017,5.4
2013-12-04,2017,5.45
2013-12-05,2017,5.45
2013-12-06,2017,5.45
2013-12-09,2017,5.45
2013-12-10,2017,5.45
2013-12-11,2017,5.45
2013-12-12,2017,5.45
2013-12-13,2017,5.45
2013-12-16,2017,5.4
2013-12-17,2017,5.35
2013-12-18,2017,5.35
2013-12-19,2017,5.3
2013-12-20,2017,5.3
2013-12-23,2017,5.3
2013-12-24,2017,5.3
2013-12-26,2017,5.3
2013-12-27,2017,5.3
2013-12-30,2017,5.35
2013-12-31,2017,5.35
2014-01-02,2017,5.5
2014-01-03,2017,5.5
2014-01-06,2017,5.5
2014-01-07,2017,5.5
2014-01-08,2017,5.25
2014-01-09,2017,5.45
2014-01-10,2017,5.4
2014-01-13,2017,5.2
2014-01-14,2017,5.4
2014-01-15,2017,5.3
2014-01-16,2017,5.5
2014-01-17,2017,5.5
2014-01-20,2017,5.5
2014-01-21,2017,5.5
2014-01-22,2017,5.5
2014-01-23,2017,5.5
2014-01-24,2017,5.5
2014-01-27,2017,5.5
2014-01-28,2017,5.5
2014-01-29,2017,5.5
2014-01-30,2017,5.5
2014-01-31,2017,5.5
2014-02-03,2017,5.5
2014-02-04,2017,5.5
2014-02-05,2017,5.5
2014-02-06,2017,5.4
2014-02-07,2017,5.0
2014-02-10,2017,5.1
2014-02-11,2017,5.1
2014-02-12,2017,5.15
2014-02-13,2017,5.0
2014-02-14,2017,5.28
2014-02-17,2017,5.29
2014-02-18,2017,5.3
2014-02-19,2017,5.29
2014-02-20,2017,5.3
2014-02-21,2017,5.5
2014-02-24,2017,5.3
2014-02-25,2017,5.4
2014-02-26,2017,5.5
2014-02-27,2017,5.35
2014-02-28,2017,5.35
2014-03-05,2017,5.5
2014-03-06,2017,5.5
2014-03-07,2017,5.3
2014-03-10,2017,5.2
2014-03-11,2017,5.25
2014-03-12,2017,5.2
2014-03-13,2017,5.1
2014-03-14,2017,5.0
2014-03-17,2017,5.3
2014-03-18,2017,5.3
2014-03-19,2017,5.3
2014-03-20,2017,5.4
2014-03-21,2017,5.45
2014-03-24,2017,5.5
2014-03-25,2017,5.45
2014-03-26,2017,5.45
2014-03-27,2017,5.2
2014-03-28,2017,5.17
2014-03-31,2017,5.0
2014-04-01,2017,5.19
2014-04-02,2017,5.2
2014-04-03,2017,5.3
2014-04-04,2017,5.29
2014-04-07,2017,5.4
2014-04-08,2017,5.29
2014-04-09,2017,5.28
2014-04-10,2017,5.3
2014-04-11,2017,5.2
2014-04-14,2017,5.19
2014-04-15,2017,5.2
2014-04-16,2017,5.5
2014-04-17,2017,5.45
2014-04-22,2017,5.5
2014-04-23,2017,5.5
2014-04-24,2017,5.5
2014-04-25,2017,5.4
2014-04-28,2017,5.4
2014-04-29,2017,5.3
2014-04-30,2017,5.2
2014-05-02,2017,5.2
2014-05-05,2017,5.2
2014-05-06,2017,5.2
2014-05-07,2017,5.35
2014-05-08,2017,5.4
2014-05-09,2017,5.19
2014-05-12,2017,5.25
2014-05-13,2017,5.45
2014-05-14,2017,5.3
2014-05-15,2017,5.4
2014-05-16,2017,5.45
2014-05-19,2017,5.5
2014-05-20,2017,5.5
2014-05-21,2017,5.5
2014-05-22,2017,5.5
2014-05-23,2017,5.5
2014-05-26,2017,5.5
2014-05-27,2017,5.5
2014-05-28,2017,5.5
2014-05-29,2017,5.5
2014-05-30,2017,5.5
2014-06-02,2017,5.5
2014-06-03,2017,5.5
2014-06-04,2017,5.5
2014-06-05,2017,5.5
2014-06-06,2017,5.4
2014-06-09,2017,5.45
2014-06-10,2017,5.5
2014-06-11,2017,5.5
2014-06-12,2017,5.45
2014-06-13,2017,5.5
2014-06-16,2017,5.0
2014-06-17,2017,5.5
2014-06-18,2017,5.5
2014-06-20,2017,5.5
2014-06-23,2017,5.5
2014-06-24,2017,5.5
2014-06-25,2017,5.5
2014-06-26,2017,5.5
2014-06-27,2017,5.5
2014-06-30,2017,5.5
2014-07-01,2017,5.5
2014-07-02,2017,5.5
2014-07-03,2017,5.5
2014-07-04,2017,5.3
2014-07-07,2017,5.5
2014-07-08,2017,5.5
2014-07-09,2017,5.5
2014-07-10,2017,5.5
2014-07-11,2017,5.5
2014-07-14,2017,5.5
2014-07-15,2017,5.5
2014-07-16,2017,5.34
2014-07-17,2017,5.5
2014-07-18,2017,5.5
2014-07-21,2017,5.5
2014-07-22,2017,5.5
2014-07-23,2017,5.5
2014-07-24,2017,5.5
2014-07-25,2017,5.5
2014-07-28,2017,5.5
2014-07-29,2017,5.5
2014-07-30,2017,5.5
2014-07-31,2017,5.5
2014-08-01,2017,5.5
2014-08-04,2017,5.5
2014-08-05,2017,5.4
2014-08-06,2017,5.5
2014-08-07,2017,5.4
2014-08-08,2017,5.4
2014-08-11,2017,5.25
2014-08-12,2017,5.2
2014-08-13,2017,5.17
2014-08-14,2017,5.2
2014-08-15,2017,5.5
2014-08-18,2017,5.5
2014-08-19,2017,5.5
2014-08-20,2017,5.5
2014-08-21,2017,5.5
2014-08-22,2017,5.5
2014-08-25,2017,5.5
2014-08-26,2017,5.17
2014-08-27,2017,5.09
2014-08-28,2017,5.34
2014-08-29,2017,5.5
2014-09-01,2017,5.5
2014-09-02,2017,5.5
2014-09-03,2017,5.5
2014-09-04,2017,5.5
2014-09-05,2017,5.5
2014-09-08,2017,5.5
2014-09-09,2017,5.5
2014-09-10,2017,5.5
2014-09-11,2017,5.5
2014-09-12,2017,5.5
2014-09-15,2017,5.5
2014-09-16,2017,5.25
2014-09-17,2017,5.5
2014-09-18,2017,5.5
2014-09-19,2017,5.5
2014-09-22,2017,5.5
2014-09-23,2017,5.5
2014-09-24,2017,5.5
2014-09-25,2017,5.17
2014-09-26,2017,5.0
2014-09-29,2017,5.0
2014-09-30,2017,5.19
2014-10-01,2017,5.17
2014-10-02,2017,5.3
2014-10-03,2017,5.3
2014-10-06,2017,5.5
2014-10-07,2017,5.3
2014-10-08,2017,5.35
2014-10-09,2017,5.4
2014-10-10,2017,5.5
2014-10-13,2017,5.5
2014-10-14,2017,5.5
2014-10-15,2017,5.5
2014-10-16,2017,5.5
2014-10-17,2017,5.24
2014-10-20,2017,5.5
2014-10-21,2017,5.5
2014-10-22,2017,5.5
2014-10-23,2017,5.5
2014-10-24,2017,5.5
2014-10-27,2017,5.2
2014-10-28,2017,5.5
2014-10-29,2017,5.5
2014-10-30,2017,5.5
2014-10-31,2017,5.5
2014-11-03,2017,5.5
2014-11-04,2017,5.5
2014-11-05,2017,5.5
2014-11-06,2017,5.5
2014-11-07,2017,5.5
2014-11-10,2017,5.5
2014-11-11,2017,5.5
2014-11-12,2017,5.5
2014-11-13,2017,5.5
2014-11-14,2017,5.5
2014-11-17,2017,5.5
2014-11-18,2017,5.5
2014-11-19,2017,5.5
2014-11-20,2017,5.5
2014-11-21,2017,5.5
2014-11-24,2017,5.5
2014-11-25,2017,5.5
2014-11-26,2017,5.5
2014-11-27,2017,5.5
2014-11-28,2017,5.5
2014-12-01,2017,5.5
2014-12-02,2017,5.5
2014-12-03,2017,5.5
2014-12-04,2017,5.5
2014-12-05,2017,5.5
2014-12-08,2017,5.5
2014-12-09,2017,5.5
2014-12-10,2017,5.5
2014-12-11,2017,5.5
2014-12-12,2017,5.5
2014-12-15,2017,5.5
2014-12-16,2017,5.5
2014-12-17,2017,5.5
2014-12-18,2017,5.5
2014-12-19,2017,5.5
2014-12-22,2017,5.5
2014-12-23,2017,5.5
2014-12-24,2017,5.5
2014-12-26,2017,5.4
2014-12-29,2017,5.2
2014-12-30,2017,5.25
2014-12-31,2017,5.2
2015-01-02,2017,5.2
2015-01-05,2017,5.4
2015-01-06,2017,5.5
2015-01-07,2017,5.5
2015-01-08,2017,5.5
2015-01-09,2017,5.5
2015-01-12,2017,5.5
2015-01-13,2017,5.5
2015-01-14,2017,5.5
2015-01-15,2017,5.5
2015-01-16,2017,5.5
2015-01-19,2017,5.5
2015-01-20,2017,5.5
2015-01-21,2017,5.4
2015-01-22,2017,5.5
2015-01-23,2017,5.5
2015-01-26,2017,5.41
2015-01-27,2017,5.41
2015-01-28,2017,5.4
2015-01-29,2017,5.0
2015-01-30,2017,5.3
2015-02-02,2017,5.41
2015-02-03,2017,5.5
2015-02-04,2017,5.41
2015-02-05,2017,5.41
2015-02-06,2017,5.25
2015-02-09,2017,5.3
2015-02-10,2017,5.2
2015-02-11,2017,5.3
2015-02-12,2017,5.2
2015-02-13,2017,5.2
2015-02-18,2017,5.2
2015-02-19,2017,5.25
2015-02-20,2017,5.25
2015-02-23,2017,5.3
2015-02-24,2017,5.3
2015-02-25,2017,5.3
2015-02-26,2017,5.2
2015-02-27,2017,5.2
2015-03-02,2017,5.0
2015-03-03,2017,5.0
2015-03-04,2017,5.0
2015-03-05,2017,5.0
2015-03-06,2017,5.0
2015-03-09,2017,5.1
2015-03-10,2017,5.05
2015-03-11,2017,5.0
2015-03-12,2017,5.0
2015-03-13,2017,5.2
2015-03-16,2017,5.05
2015-03-17,2017,5.2
2015-03-18,2017,5.25
2015-03-19,2017,5.2
2015-03-20,2017,5.2
2015-03-23,2017,5.2
2015-03-24,2017,5.2
2015-03-25,2017,5.05
2015-03-26,2017,5.0
2015-03-27,2017,5.0
2015-03-30,2017,5.0
2015-03-31,2017,5.0
2015-04-01,2017,5.0
2015-04-02,2017,5.0
2015-04-06,2017,5.0
2015-04-07,2017,5.2
2015-04-08,2017,5.0
2015-04-09,2017,5.1
2015-04-10,2017,5.0
2015-04-13,2017,5.0
2015-04-14,2017,5.0
2015-04-15,2017,5.0
2015-04-16,2017,5.0
2015-04-17,2017,5.03
2015-04-20,2017,5.0
2015-04-22,2017,5.0
2015-04-23,2017,5.0
2015-04-24,2017,5.0
2015-04-27,2017,5.0
2015-04-28,2017,5.0
2015-04-29,2017,5.0
2015-04-30,2017,5.0
2015-05-04,2017,5.0
2015-05-05,2017,5.0
2015-05-06,2017,5.1
2015-05-07,2017,5.0
2015-05-08,2017,5.0
2015-05-11,2017,5.0
2015-05-12,2017,5.0
2015-05-13,2017,5.0
2015-05-14,2017,5.0
2015-05-15,2017,5.0
2015-05-18,2017,4.95
2015-05-19,2017,4.87
2015-05-20,2017,5.0
2015-05-21,2017,5.0
2015-05-22,2017,5.0
2015-05-25,2017,5.0
2015-05-26,2017,5.0
2015-05-27,2017,5.0
2015-05-28,2017,4.7
2015-05-29,2017,4.6
2015-06-01,2017,4.6
2015-06-02,2017,4.5
2015-06-03,2017,4.8
2015-06-05,2017,4.61
2015-06-08,2017,4.8
2015-06-09,2017,4.89
2015-06-10,2017,4.86
2015-06-11,2017,4.86
2015-06-12,2017,4.8
2015-06-15,2017,4.75
2015-06-16,2017,4.73
2015-06-17,2017,4.7
2015-06-18,2017,4.71
2015-06-19,2017,4.75
2015-06-22,2017,4.71
2015-06-23,2017,4.7
2015-06-24,2017,4.7
2015-06-25,2017,4.55
2015-06-26,2017,4.5
2015-06-29,2017,4.55
2015-06-30,2017,4.7
2015-07-01,2017,4.7
2015-07-02,2017,4.75
2015-07-03,2017,4.7
2015-07-06,2017,4.7
2015-07-07,2017,4.62
2015-07-08,2017,4.5
2015-07-09,2017,4.5
2015-07-10,2017,4.5
2015-07-13,2017,4.5
2015-07-14,2017,4.5
2015-07-15,2017,4.71
2015-07-16,2017,4.7
2015-07-17,2017,4.7
2015-07-20,2017,4.6
2015-07-21,2017,4.7
2015-07-22,2017,4.7
2015-07-23,2017,4.7
2015-07-24,2017,4.7
2015-07-27,2017,4.72
2015-07-28,2017,4.64
2015-07-29,2017,4.5
2015-07-30,2017,4.64
2015-07-31,2017,4.6
2015-08-03,2017,4.5
2015-08-04,2017,4.5
2015-08-05,2017,4.55
2015-08-06,2017,4.6
2015-08-07,2017,4.7
2015-08-10,2017,4.7
2015-08-11,2017,4.7
2015-08-12,2017,4.5
2015-08-13,2017,4.5
2015-08-14,2017,4.6
2015-08-17,2017,4.5
2015-08-18,2017,4.5
2015-08-19,2017,4.55
2015-08-20,2017,4.64
2015-08-21,2017,4.61
2015-08-24,2017,4.61
2015-08-25,2017,4.62
2015-08-26,2017,4.7
2015-08-27,2017,4.7
2015-08-28,2017,4.7
2015-08-31,2017,4.5
2015-09-01,2017,4.5
2015-09-02,2017,4.5
2015-09-03,2017,4.55
2015-09-04,2017,4.8
2015-09-08,2017,4.92
2015-09-09,2017,4.82
2015-09-10,2017,4.83
2015-09-11,2017,4.8
2015-09-14,2017,4.7
2015-09-15,2017,4.7
2015-09-16,2017,4.7
2015-09-17,2017,4.73
2015-09-18,2017,4.75
2015-09-21,2017,5.0
2015-09-22,2017,5.0
2015-09-23,2017,5.0
2015-09-24,2017,5.0
2015-09-25,2017,5.0
2015-09-28,2017,5.0
2015-09-29,2017,5.0
2015-09-30,2017,5.0
2015-10-01,2017,5.0
2015-10-02,2017,5.0
2015-10-05,2017,5.0
2015-10-06,2017,5.0
2015-10-07,2017,5.0
2015-10-08,2017,5.0
2015-10-09,2017,5.0
2015-10-13,2017,5.0
2015-10-14,2017,5.0
2015-10-15,2017,5.0
2015-10-16,2017,5.0
2015-10-19,2017,5.0
2015-10-20,2017,5.0
2015-10-21,2017,5.0
2015-10-22,2017,5.0
2015-10-23,2017,5.0
2015-10-26,2017,5.0
2015-10-27,2017,5.0
2015-10-28,2017,5.01
2015-10-29,2017,5.01
2015-10-30,2017,5.01
2015-11-03,2017,5.06
2015-11-04,2017,5.2
2015-11-05,2017,5.3
2015-11-06,2017,5.01
2015-11-09,2017,5.0
2015-11-10,2017,5.0
2015-11-11,2017,5.0
2015-11-12,2017,5.01
2015-11-13,2017,5.06
2015-11-16,2017,5.06
2015-11-17,2017,5.01
2015-11-18,2017,5.16
2015-11-19,2017,5.14
2015-11-20,2017,5.19
2015-11-23,2017,5.17
2015-11-24,2017,5.17
2015-11-25,2017,5.01
2015-11-26,2017,5.01
2015-11-27,2017,5.0
2015-11-30,2017,5.15
2015-12-01,2017,5.17
2015-12-02,2017,5.23
2015-12-03,2017,5.25
2015-12-04,2017,5.45
2015-12-07,2017,5.5
2015-12-08,2017,5.5
2015-12-09,2017,5.28
2015-12-10,2017,5.23
2015-12-11,2017,5.2
2015-12-14,2017,5.11
2015-12-15,2017,5.01
2015-12-16,2017,5.04
2015-12-17,2017,5.2
2015-12-18,2017,5.2
2015-12-21,2017,5.2
2015-12-22,2017,5.2
2015-12-23,2017,5.2
2015-12-24,2017,5.11
2015-12-28,2017,5.0
2015-12-29,2017,5.01
2015-12-30,2017,5.06
2015-12-31,2017,5.2
2016-01-04,2017,5.2
2016-01-05,2017,5.2
2016-01-06,2017,5.2
2016-01-07,2017,5.2
2016-01-08,2017,5.1
2016-01-11,2017,5.16
2016-01-12,2017,5.16
2016-01-13,2017,5.16
2016-01-14,2017,5.25
2016-01-15,2017,5.5
2016-01-18,2017,5.5
2016-01-19,2017,5.5
2016-01-20,2017,5.5
2016-01-21,2017,5.9
2016-01-22,2017,5.95
2016-01-25,2017,6.0
2016-01-26,2017,6.0
2016-01-27,2017,6.0
2016-01-28,2017,5.9
2016-01-29,2017,6.1
2016-02-01,2017,6.06
2016-02-02,2017,6.01
2016-02-03,2017,6.06
2016-02-04,2017,6.07
2016-02-05,2017,6.09
2016-02-10,2017,6.01
2016-02-11,2017,6.0
2016-02-12,2017,6.0
2016-02-15,2017,6.0
2016-02-16,2017,6.0
2016-02-17,2017,6.0
2016-02-18,2017,5.88
2016-02-19,2017,5.98
2016-02-22,2017,6.0
2016-02-23,2017,6.0
2016-02-24,2017,6.0
2016-02-25,2017,6.0
2016-02-26,2017,6.0
2016-02-29,2017,6.0
2016-03-01,2017,6.0
2016-03-02,2017,6.01
2016-03-03,2017,6.1
2016-03-04,2017,6.2
2016-03-07,2017,6.24
2016-03-08,2017,6.2
2016-03-09,2017,6.08
2016-03-10,2017,6.01
2016-03-11,2017,6.0
2016-03-14,2017,6.0
2016-03-15,2017,6.0
2016-03-16,2017,6.0
2016-03-17,2017,6.0
2016-03-18,2017,6.0
2016-03-21,2017,6.0
2016-03-22,2017,6.0
2016-03-23,2017,6.0
2016-03-24,2017,6.0
2016-03-28,2017,6.0
2016-03-29,2017,6.0
2016-03-30,2017,6.0
2016-03-31,2017,5.97
2016-04-01,2017,5.9
2016-04-04,2017,5.93
2016-04-05,2017,5.93
2016-04-06,2017,6.0
2016-04-07,2017,6.0
2016-04-08,2017,5.98
2016-04-11,2017,5.76
2016-04-12,2017,5.78
2016-04-13,2017,5.76
2016-04-14,2017,5.8
2016-04-15,2017,5.75
2016-04-18,2017,5.78
2016-04-19,2017,5.8
2016-04-20,2017,5.75
2016-04-22,2017,5.74
2016-04-25,2017,5.74
2016-04-26,2017,5.74
2016-04-27,2017,5.9
2016-04-28,2017,5.5
2016-04-29,2017,5.55
2016-05-02,2017,5.5
2016-05-03,2017,5.5
2016-05-04,2017,5.5
2016-05-05,2017,5.64
2016-05-06,2017,5.5
2016-05-09,2017,5.5
2016-05-10,2017,5.5
2016-05-11,2017,5.5
2016-05-12,2017,5.5
2016-05-13,2017,5.5
2016-05-16,2017,5.5
2016-05-17,2017,5.5
2016-05-18,2017,5.5
2016-05-19,2017,5.5
2016-05-20,2017,5.5
2016-05-23,2017,5.5
2016-05-24,2017,5.5
2016-05-25,2017,5.5
2016-05-27,2017,5.5
2016-05-30,2017,5.5
2016-05-31,2017,5.5
2016-06-01,2017,5.59
2016-06-02,2017,5.5
2016-06-03,2017,5.5
2016-06-06,2017,5.5
2016-06-07,2017,5.5
2016-06-08,2017,5.5
2016-06-09,2017,5.5
2016-06-10,2017,5.5
2016-06-13,2017,5.5
2016-06-14,2017,5.5
2016-06-15,2017,5.5
2016-06-16,2017,5.5
2016-06-17,2017,5.5
2016-06-20,2017,5.5
2016-06-21,2017,5.5
2016-06-22,2017,5.5
2016-06-23,2017,5.5
2016-06-24,2017,5.5
2016-06-27,2017,5.45
2016-06-28,2017,5.5
2016-06-29,2017,5.4
2016-06-30,2017,5.4
2016-07-01,2017,5.3
2016-07-04,2017,5.3
2016-07-05,2017,5.32
2016-07-06,2017,5.3
2016-07-07,2017,5.25
2016-07-08,2017,5.3
2016-07-11,2017,5.3
2016-07-12,2017,5.3
2016-07-13,2017,5.22
2016-07-14,2017,5.3
2016-07-15,2017,5.3
2016-07-18,2017,5.37
2016-07-19,2017,5.34
2016-07-20,2017,5.3
2016-07-21,2017,5.3
2016-07-22,2017,5.27
2016-07-25,2017,5.24
2016-07-26,2017,5.2
2016-07-27,2017,5.1
2016-07-28,2017,5.02
2016-07-29,2017,5.2
2016-08-01,2017,5.21
2016-08-02,2017,5.25
2016-08-03,2017,5.2
2016-08-04,2017,5.28
2016-08-05,2017,5.2
2016-08-08,2017,5.22
2016-08-09,2017,5.22
2016-08-10,2017,5.23
2016-08-11,2017,5.22
2016-08-12,2017,5.23
2016-08-15,2017,5.2
2016-08-16,2017,5.2
2016-08-17,2017,5.22
2016-08-18,2017,5.12
2016-08-19,2017,5.12
2016-08-22,2017,5.2
2016-08-23,2017,5.1
2016-08-24,2017,5.12
2016-08-25,2017,5.1
2016-08-26,2017,5.14
2016-08-29,2017,5.1
2016-08-30,2017,5.21
2016-08-31,2017,5.23
2016-09-01,2017,5.27
2016-09-02,2017,5.15
2016-09-05,2017,5.1
2016-09-06,2017,5.1
2016-09-08,2017,5.1
2016-09-09,2017,5.1
2016-09-12,2017,5.12
2016-09-13,2017,5.14
2016-09-14,2017,5.08
2016-09-15,2017,5.1
2016-09-16,2017,5.04
2016-09-19,2017,5.04
2016-09-20,2017,5.01
2016-09-21,2017,5.04
2016-09-22,2017,5.06
2016-09-23,2017,5.07
2016-09-26,2017,5.08
2016-09-27,2017,5.07
2016-09-28,2017,5.23
2016-09-29,2017,5.22
2016-09-30,2017,5.23
2016-10-03,2017,5.15
2016-10-04,2017,5.15
2016-10-05,2017,5.13
2016-10-06,2017,5.11
2016-10-07,2017,5.05
2016-10-10,2017,5.03
2016-10-11,2017,5.01
2016-10-13,2017,5.0
2016-10-14,2017,5.0
2016-10-17,2017,5.0
2016-10-18,2017,5.0
2016-10-19,2017,5.0
2016-10-20,2017,5.0
2016-10-21,2017,5.0
2016-10-24,2017,5.0
2016-10-25,2017,5.0
2016-10-26,2017,5.0
2016-10-27,2017,4.97
2016-10-28,2017,4.97
2016-10-31,2017,5.01
2016-11-01,2017,4.98
2016-11-03,2017,4.98
2016-11-04,2017,4.96
2016-11-07,2017,5.0
2016-11-08,2017,4.94
2016-11-09,2017,4.93
2016-11-10,2017,4.95
2016-11-11,2017,4.95
2016-11-14,2017,4.93
2016-11-16,2017,4.91
2016-11-17,2017,5.0
2016-11-18,2017,4.94
2016-11-21,2017,4.93
2016-11-22,2017,4.93
2016-11-23,2017,4.93
2016-11-24,2017,4.93
2016-11-25,2017,4.93
2016-11-28,2017,4.91
2016-11-29,2017,4.8
2016-11-30,2017,4.88
2016-12-01,2017,4.9
2016-12-02,2017,4.95
2016-12-05,2017,4.93
2016-12-06,2017,4.94
2016-12-07,2017,4.89
2016-12-08,2017,4.89
2016-12-09,2017,4.86
2016-12-12,2017,4.9
2016-12-13,2017,4.9
2016-12-14,2017,4.9
2016-12-15,2017,4.91
2016-12-16,2017,4.93
2016-12-19,2017,4.86
2016-12-20,2017,4.81
2016-12-21,2017,4.8
2016-12-22,2017,4.79
2016-12-23,2017,4.78
2016-12-26,2017,4.78
2016-12-27,2017,4.75
2016-12-28,2017,4.85
2016-12-29,2017,4.76
2016-12-30,2017,4.86
2017-01-02,2017,4.83
2017-01-03,2017,4.8
2017-01-04,2017,4.8
2017-01-05,2017,4.83
2017-01-06,2017,4.77
2017-01-09,2017,4.75
2017-01-10,2017,4.76
2017-01-11,2017,4.74
2017-01-12,2017,4.71
2017-01-13,2017,4.79
2017-01-16,2017,4.8
2017-01-17,2017,4.74
2017-01-18,2017,4.69
2017-01-19,2017,4.69
2017-01-20,2017,4.67
2017-01-23,2017,4.68
2017-01-24,2017,4.67
2017-01-25,2017,4.62
2017-01-26,2017,4.65
2017-01-27,2017,4.64
2017-01-30,2017,4.6
2017-01-31,2017,4.68
2017-02-01,2017,4.66
2017-02-02,2017,4.56
2017-02-03,2017,4.48
2017-02-06,2017,4.49
2017-02-07,2017,4.48
2017-02-08,2017,4.44
2017-02-09,2017,4.45
2017-02-10,2017,4.45
2017-02-13,2017,4.41
2017-02-14,2017,4.39
2017-02-15,2017,4.39
2017-02-16,2017,4.34
2017-02-17,2017,4.31
2017-02-20,2017,4.31
2017-02-21,2017,4.29
2017-02-22,2017,4.32
2017-02-23,2017,4.28
2017-02-24,2017,4.28
2017-03-01,2017,4.28
2017-03-02,2017,4.38
2017-03-03,2017,4.37
2017-03-06,2017,4.37
2017-03-07,2017,4.36
2017-03-08,2017,4.38
2017-03-09,2017,4.38
2017-03-10,2017,4.17
2017-03-13,2017,4.17
2017-03-14,2017,4.15
2017-03-15,2017,4.13
2017-03-16,2017,4.1
2017-03-17,2017,4.09
2017-03-20,2017,4.08
2017-03-21,2017,4.08
2017-03-22,2017,4.09
2017-03-23,2017,4.09
2017-03-24,2017,4.1
2017-03-27,2017,4.1
2017-03-28,2017,4.16
2017-03-29,2017,4.09
2017-03-30,2017,4.08
2017-03-31,2017,4.11
2017-04-03,2017,4.13
2017-04-04,2017,4.1
2017-04-05,2017,4.1
2017-04-06,2017,4.08
2017-04-07,2017,4.07
2017-04-10,2017,4.05
2017-04-11,2017,4.04
2017-04-12,2017,4.06
2017-04-13,2017,4.03
2017-04-17,2017,4.01
2017-04-18,2017,4.03
2017-04-19,2017,4.01
2017-04-20,2017,4.02
2017-04-24,2017,4.01
2017-04-25,2017,4.0
2017-04-26,2017,4.0
2017-04-27,2017,4.02
2017-04-28,2017,3.95
2017-05-02,2017,4.02
2017-05-03,2017,4.01
2017-05-04,2017,3.99
2017-05-05,2017,3.96
2017-05-08,2017,3.99
2017-05-09,2017,3.91
2017-05-10,2017,3.88
2017-05-11,2017,3.89
2017-05-12,2017,3.9
2017-05-15,2017,3.9
2017-05-16,2017,3.9
2017-05-17,2017,3.91
2017-05-18,2017,3.89
2017-05-19,2017,3.9
2017-05-22,2017,3.95
2017-05-23,2017,3.95
2017-05-24,2017,3.96
2017-05-25,2017,3.95
2017-05-26,2017,3.95
2017-05-29,2017,3.81
2017-05-30,2017,3.81
2017-05-31,2017,3.81
2017-06-01,2017,3.81
2017-06-02,2017,3.83
2017-06-05,2017,3.82
2017-06-06,2017,3.82
2017-06-07,2017,3.81
2017-06-08,2017,3.78
2017-06-09,2017,3.58
2017-06-12,2017,3.64
2017-06-13,2017,3.62
2017-06-14,2017,3.61
2017-06-16,2017,3.54
2017-06-19,2017,3.54
2017-06-20,2017,3.52
2017-06-21,2017,3.48
2017-06-22,2017,3.4
2017-06-23,2017,3.4
2017-06-26,2017,3.38
2017-06-27,2017,3.38
2017-06-28,2017,3.36
2017-06-29,2017,3.36
2017-06-30,2017,3.4
2017-07-03,2017,3.37
2017-07-04,2017,3.34
2017-07-05,2017,3.4
2017-07-06,2017,3.37
2017-07-07,2017,3.35
2017-07-10,2017,3.29
2017-07-11,2017,3.28
2017-07-12,2017,3.28
2017-07-13,2017,3.28
2017-07-14,2017,3.22
2017-07-17,2017,3.24
2017-07-18,2017,3.24
2017-07-19,2017,3.23
2017-07-20,2017,3.24
2017-07-21,2017,3.33
2017-07-24,2017,3.37
2017-07-25,2017,3.39
2017-07-26,2017,3.52
2017-07-27,2017,3.56
2017-07-28,2017,3.53
2017-07-31,2017,3.54
2017-08-01,2017,3.58
2017-08-02,2017,3.59
2017-08-03,2017,3.6
2017-08-04,2017,3.58
2017-08-07,2017,3.6
2017-08-08,2017,3.53
2017-08-09,2017,3.56
2017-08-10,2017,3.54
2017-08-11,2017,3.54
2017-08-14,2017,3.54
2017-08-15,2017,3.53
2017-08-16,2017,3.52
2017-08-17,2017,3.51
2017-08-18,2017,3.51
2017-08-21,2017,3.51
2017-08-22,2017,3.47
2017-08-23,2017,3.47
2017-08-24,2017,3.46
2017-08-25,2017,3.44
2017-08-28,2017,3.39
2017-08-29,2017,3.32
2017-08-30,2017,3.27
2017-08-31,2017,3.28
2017-09-01,2017,3.29
2017-09-04,2017,3.31
2017-09-05,2017,3.31
2017-09-06,2017,3.14
2017-09-08,2017,3.08
2017-09-11,2017,3.06
2017-09-12,2017,3.06
2017-09-13,2017,3.05
2017-09-14,2017,2.99
2017-09-15,2017,3.0
2017-09-18,2017,2.99
2017-09-19,2017,2.97
2017-09-20,2017,2.95
2017-09-21,2017,2.95
2017-09-22,2017,2.95
2017-09-25,2017,2.92
2017-09-26,2017,2.9
2017-09-27,2017,2.88
2017-09-28,2017,2.87
2017-09-29,2017,2.9
2017-10-02,2017,2.95
2017-10-03,2017,2.95
2017-10-04,2017,2.97
2017-10-05,2017,2.96
2017-10-06,2017,2.99
2017-10-09,2017,3.0
2017-10-10,2017,3.02
2017-10-11,2017,3.03
2017-10-13,2017,3.03
2017-10-16,2017,3.06
2017-10-17,2017,3.07
2017-10-18,2017,3.07
2017-10-19,2017,3.06
2017-10-20,2017,3.06
2017-10-23,2017,3.06
2017-10-24,2017,3.06
2017-10-25,2017,3.06
2017-10-26,2017,3.12
2017-10-27,2017,3.12
2017-10-30,2017,3.13
2017-10-31,2017,3.15
2017-11-01,2017,3.16
2017-11-03,2017,3.19
2017-11-06,2017,3.22
2017-11-07,2017,3.21
2017-11-08,2017,3.18
2017-11-09,2017,3.18
2017-11-10,2017,3.11
2017-11-13,2017,3.11
2017-11-14,2017,3.12
2017-11-16,2017,3.11
2017-11-17,2017,3.1
2017-11-20,2017,3.09
2017-11-21,2017,3.09
2017-11-22,2017,3.06
2017-11-23,2017,3.06
2017-11-24,2017,3.06
2017-11-27,2017,3.06
2017-11-28,2017,3.03
2017-11-29,2017,2.95
2017-11-30,2017,2.91
2017-12-01,2017,2.91
2017-12-04,2017,2.9
2017-12-05,2017,2.91
2017-12-06,2017,2.9
2017-12-07,2017,2.91
2017-12-08,2017,2.8
2017-12-11,2017,2.8
2017-12-12,2017,2.8
2017-12-13,2017,2.8
2017-12-14,2017,2.8
2017-12-15,2017,2.8
2017-12-18,2017,2.8
2017-12-19,2017,2.8
2017-12-20,2017,2.77
2017-12-21,2017,2.77
2017-12-22,2017,2.77
2017-12-26,2017,2.77
2017-12-27,2017,2.77
2017-12-28,2017,2.78
2017-12-29,2017,2.8
2018-01-02,2017,2.8
2018-01-03,2017,2.8
2018-01-04,2017,2.8
2018-01-05,2017,2.8
2018-01-08,2017,2.8
2018-01-09,2017,2.79
2014-01-10,2018,4.75
2014-01-13,2018,5.32
2014-01-14,2018,5.32
2014-01-15,2018,5.2
2014-01-16,2018,5.2
2014-01-17,2018,5.5
2014-01-20,2018,5.5
2014-01-21,2018,5.25
2014-01-22,2018,5.38
2014-01-23,2018,5.38
2014-01-24,2018,5.23
2014-01-27,2018,5.35
2014-01-28,2018,5.5
2014-01-29,2018,5.5
2014-01-30,2018,5.5
2014-01-31,2018,5.5
2014-02-03,2018,5.5
2014-02-04,2018,5.5
2014-02-05,2018,5.5
2014-02-06,2018,5.5
2014-02-07,2018,5.0
2014-02-10,2018,5.5
2014-02-11,2018,5.5
2014-02-12,2018,5.2
2014-02-13,2018,5.0
2014-02-14,2018,5.18
2014-02-17,2018,5.15
2014-02-18,2018,5.15
2014-02-19,2018,5.16
2014-02-20,2018,5.18
2014-02-21,2018,5.5
2014-02-24,2018,5.5
2014-02-25,2018,5.35
2014-02-26,2018,5.35
2014-02-27,2018,5.25
2014-02-28,2018,5.34
2014-03-05,2018,5.34
2014-03-06,2018,5.5
2014-03-07,2018,5.34
2014-03-10,2018,5.13
2014-03-11,2018,5.0
2014-03-12,2018,5.0
2014-03-13,2018,5.0
2014-03-14,2018,5.0
2014-03-17,2018,5.16
2014-03-18,2018,5.2
2014-03-19,2018,5.2
2014-03-20,2018,5.2
2014-03-21,2018,5.2
2014-03-24,2018,5.4
2014-03-25,2018,5.4
2014-03-26,2018,5.3
2014-03-27,2018,5.0
2014-03-28,2018,5.09
2014-03-31,2018,5.09
2014-04-01,2018,5.2
2014-04-02,2018,5.35
2014-04-03,2018,5.35
2014-04-04,2018,5.2
2014-04-07,2018,5.3
2014-04-08,2018,5.13
2014-04-09,2018,5.1
2014-04-10,2018,5.16
2014-04-11,2018,5.13
2014-04-14,2018,5.15
2014-04-15,2018,5.15
2014-04-16,2018,5.18
2014-04-17,2018,5.18
2014-04-22,2018,5.2
2014-04-23,2018,5.2
2014-04-24,2018,5.2
2014-04-25,2018,5.17
2014-04-28,2018,5.17
2014-04-29,2018,5.19
2014-04-30,2018,5.0
2014-05-02,2018,5.0
2014-05-05,2018,5.0
2014-05-06,2018,5.0
2014-05-07,2018,5.0
2014-05-08,2018,5.0
2014-05-09,2018,5.0
2014-05-12,2018,5.0
2014-05-13,2018,5.0
2014-05-14,2018,5.0
2014-05-15,2018,5.18
2014-05-16,2018,5.19
2014-05-19,2018,5.2
2014-05-20,2018,5.07
2014-05-21,2018,5.0
2014-05-22,2018,5.0
2014-05-23,2018,5.2
2014-05-26,2018,5.28
2014-05-27,2018,5.28
2014-05-28,2018,5.26
2014-05-29,2018,5.35
2014-05-30,2018,5.29
2014-06-02,2018,5.5
2014-06-03,2018,5.5
2014-06-04,2018,5.5
2014-06-05,2018,5.29
2014-06-06,2018,5.09
2014-06-09,2018,5.17
2014-06-10,2018,5.19
2014-06-11,2018,5.18
2014-06-12,2018,5.09
2014-06-13,2018,5.19
2014-06-16,2018,5.0
2014-06-17,2018,5.0
2014-06-18,2018,5.0
2014-06-20,2018,5.09
2014-06-23,2018,5.0
2014-06-24,2018,5.19
2014-06-25,2018,5.0
2014-06-26,2018,5.35
2014-06-27,2018,5.43
2014-06-30,2018,5.26
2014-07-01,2018,5.43
2014-07-02,2018,5.17
2014-07-03,2018,5.0
2014-07-04,2018,5.0
2014-07-07,2018,5.0
2014-07-08,2018,5.0
2014-07-09,2018,5.0
2014-07-10,2018,5.0
2014-07-11,2018,5.0
2014-07-14,2018,5.18
2014-07-15,2018,5.0
2014-07-16,2018,5.0
2014-07-17,2018,5.09
2014-07-18,2018,5.09
2014-07-21,2018,5.19
2014-07-22,2018,5.2
2014-07-23,2018,5.2
2014-07-24,2018,5.2
2014-07-25,2018,5.5
2014-07-28,2018,5.27
2014-07-29,2018,5.43
2014-07-30,2018,5.09
2014-07-31,2018,5.09
2014-08-01,2018,5.0
2014-08-04,2018,5.0
2014-08-05,2018,5.0
2014-08-06,2018,5.0
2014-08-07,2018,5.0
2014-08-08,2018,5.0
2014-08-11,2018,5.0
2014-08-12,2018,5.0
2014-08-13,2018,5.0
2014-08-14,2018,5.0
2014-08-15,2018,5.0
2014-08-18,2018,5.18
2014-08-19,2018,5.19
2014-08-20,2018,5.19
2014-08-21,2018,5.18
2014-08-22,2018,5.1
2014-08-25,2018,5.14
2014-08-26,2018,5.0
2014-08-27,2018,5.0
2014-08-28,2018,5.0
2014-08-29,2018,5.0
2014-09-01,2018,5.0
2014-09-02,2018,5.17
2014-09-03,2018,5.0
2014-09-04,2018,5.17
2014-09-05,2018,5.5
2014-09-08,2018,5.5
2014-09-09,2018,5.19
2014-09-10,2018,5.19
2014-09-11,2018,5.19
2014-09-12,2018,5.0
2014-09-15,2018,5.0
2014-09-16,2018,5.0
2014-09-17,2018,5.0
2014-09-18,2018,5.0
2014-09-19,2018,5.1
2014-09-22,2018,5.05
2014-09-23,2018,5.0
2014-09-24,2018,5.1
2014-09-25,2018,5.0
2014-09-26,2018,5.0
2014-09-29,2018,5.0
2014-09-30,2018,5.0
2014-10-01,2018,5.0
2014-10-02,2018,5.0
2014-10-03,2018,5.0
2014-10-06,2018,5.0
2014-10-07,2018,5.0
2014-10-08,2018,5.0
2014-10-09,2018,5.0
2014-10-10,2018,5.0
2014-10-13,2018,5.0
2014-10-14,2018,5.0
2014-10-15,2018,5.0
2014-10-16,2018,5.0
2014-10-17,2018,5.0
2014-10-20,2018,5.05
2014-10-21,2018,5.05
2014-10-22,2018,5.05
2014-10-23,2018,5.0
2014-10-24,2018,5.1
2014-10-27,2018,5.0
2014-10-28,2018,5.0
2014-10-29,2018,5.0
2014-10-30,2018,5.0
2014-10-31,2018,5.17
2014-11-03,2018,5.09
2014-11-04,2018,5.45
2014-11-05,2018,5.5
2014-11-06,2018,5.5
2014-11-07,2018,5.5
2014-11-10,2018,5.5
2014-11-11,2018,5.5
2014-11-12,2018,5.5
2014-11-13,2018,5.5
2014-11-14,2018,5.5
2014-11-17,2018,5.0
2014-11-18,2018,5.5
2014-11-19,2018,5.5
2014-11-20,2018,5.5
2014-11-21,2018,5.5
2014-11-24,2018,5.5
2014-11-25,2018,5.05
2014-11-26,2018,5.05
2014-11-27,2018,5.05
2014-11-28,2018,5.13
2014-12-01,2018,5.13
2014-12-02,2018,5.2
2014-12-03,2018,5.35
2014-12-04,2018,5.5
2014-12-05,2018,5.5
2014-12-08,2018,5.5
2014-12-09,2018,5.5
2014-12-10,2018,5.5
2014-12-11,2018,5.5
2014-12-12,2018,5.35
2014-12-15,2018,5.16
2014-12-16,2018,5.43
2014-12-17,2018,5.38
2014-12-18,2018,5.5
2014-12-19,2018,5.5
2014-12-22,2018,5.5
2014-12-23,2018,5.5
2014-12-24,2018,5.5
2014-12-26,2018,5.0
2014-12-29,2018,5.03
2014-12-30,2018,5.0
2014-12-31,2018,5.0
2015-01-02,2018,5.0
2015-01-05,2018,5.05
2015-01-06,2018,5.27
2015-01-07,2018,5.5
2015-01-08,2018,5.49
2015-01-09,2018,5.4
2015-01-12,2018,5.3
2015-01-13,2018,5.16
2015-01-14,2018,5.08
2015-01-15,2018,5.0
2015-01-16,2018,5.15
2015-01-19,2018,5.18
2015-01-20,2018,5.49
2015-01-21,2018,5.0
2015-01-22,2018,5.0
2015-01-23,2018,5.0
2015-01-26,2018,5.0
2015-01-27,2018,5.0
2015-01-28,2018,5.0
2015-01-29,2018,5.0
2015-01-30,2018,5.0
2015-02-02,2018,5.0
2015-02-03,2018,5.0
2015-02-04,2018,5.0
2015-02-05,2018,5.0
2015-02-06,2018,5.0
2015-02-09,2018,5.0
2015-02-10,2018,5.0
2015-02-11,2018,5.0
2015-02-12,2018,5.0
2015-02-13,2018,5.0
2015-02-18,2018,5.0
2015-02-19,2018,5.0
2015-02-20,2018,5.0
2015-02-23,2018,5.0
2015-02-24,2018,5.0
2015-02-25,2018,5.0
2015-02-26,2018,5.0
2015-02-27,2018,5.0
2015-03-02,2018,5.0
2015-03-03,2018,5.0
2015-03-04,2018,5.0
2015-03-05,2018,5.0
2015-03-06,2018,5.0
2015-03-09,2018,5.0
2015-03-10,2018,5.0
2015-03-11,2018,5.0
2015-03-12,2018,5.0
2015-03-13,2018,5.0
2015-03-16,2018,5.0
2015-03-17,2018,5.0
2015-03-18,2018,5.0
2015-03-19,2018,5.0
2015-03-20,2018,5.0
2015-03-23,2018,5.0
2015-03-24,2018,5.0
2015-03-25,2018,5.0
2015-03-26,2018,5.0
2015-03-27,2018,5.0
2015-03-30,2018,5.0
2015-03-31,2018,5.0
2015-04-01,2018,5.0
2015-04-02,2018,5.0
2015-04-06,2018,5.0
2015-04-07,2018,5.0
2015-04-08,2018,5.0
2015-04-09,2018,5.0
2015-04-10,2018,5.0
2015-04-13,2018,5.0
2015-04-14,2018,5.0
2015-04-15,2018,5.0
2015-04-16,2018,5.0
2015-04-17,2018,5.0
2015-04-20,2018,5.0
2015-04-22,2018,5.0
2015-04-23,2018,5.0
2015-04-24,2018,5.0
2015-04-27,2018,5.0
2015-04-28,2018,5.0
2015-04-29,2018,5.0
2015-04-30,2018,4.95
2015-05-04,2018,5.0
2015-05-05,2018,5.0
2015-05-06,2018,5.0
2015-05-07,2018,5.0
2015-05-08,2018,5.0
2015-05-11,2018,5.0
2015-05-12,2018,5.0
2015-05-13,2018,4.7
2015-05-14,2018,4.7
2015-05-15,2018,4.7
2015-05-18,2018,4.6
2015-05-19,2018,4.6
2015-05-20,2018,4.7
2015-05-21,2018,4.7
2015-05-22,2018,4.7
2015-05-25,2018,4.7
2015-05-26,2018,4.75
2015-05-27,2018,4.7
2015-05-28,2018,4.6
2015-05-29,2018,4.5
2015-06-01,2018,4.5
2015-06-02,2018,4.5
2015-06-03,2018,4.62
2015-06-05,2018,4.5
2015-06-08,2018,4.53
2015-06-09,2018,4.8
2015-06-10,2018,4.53
2015-06-11,2018,4.5
2015-06-12,2018,4.5
2015-06-15,2018,4.5
2015-06-16,2018,4.5
2015-06-17,2018,4.5
2015-06-18,2018,4.5
2015-06-19,2018,4.5
2015-06-22,2018,4.5
2015-06-23,2018,4.5
2015-06-24,2018,4.5
2015-06-25,2018,4.5
2015-06-26,2018,4.5
2015-06-29,2018,4.5
2015-06-30,2018,4.5
2015-07-01,2018,4.5
2015-07-02,2018,4.5
2015-07-03,2018,4.5
2015-07-06,2018,4.5
2015-07-07,2018,4.5
2015-07-08,2018,4.5
2015-07-09,2018,4.5
2015-07-10,2018,4.5
2015-07-13,2018,4.5
2015-07-14,2018,4.5
2015-07-15,2018,4.6
2015-07-16,2018,4.7
2015-07-17,2018,4.5
2015-07-20,2018,4.5
2015-07-21,2018,4.5
2015-07-22,2018,4.5
2015-07-23,2018,4.5
2015-07-24,2018,4.5
2015-07-27,2018,4.5
2015-07-28,2018,4.5
2015-07-29,2018,4.5
2015-07-30,2018,4.5
2015-07-31,2018,4.5
2015-08-03,2018,4.5
2015-08-04,2018,4.5
2015-08-05,2018,4.5
2015-08-06,2018,4.5
2015-08-07,2018,4.5
2015-08-10,2018,4.5
2015-08-11,2018,4.5
2015-08-12,2018,4.5
2015-08-13,2018,4.5
2015-08-14,2018,4.5
2015-08-17,2018,4.5
2015-08-18,2018,4.5
2015-08-19,2018,4.5
2015-08-20,2018,4.5
2015-08-21,2018,4.5
2015-08-24,2018,4.5
2015-08-25,2018,4.5
2015-08-26,2018,4.5
2015-08-27,2018,4.5
2015-08-28,2018,4.5
2015-08-31,2018,4.5
2015-09-01,2018,4.5
2015-09-02,2018,4.5
2015-09-03,2018,4.5
2015-09-04,2018,4.5
2015-09-08,2018,4.64
2015-09-09,2018,4.64
2015-09-10,2018,4.7
2015-09-11,2018,4.55
2015-09-14,2018,4.5
2015-09-15,2018,4.5
2015-09-16,2018,4.5
2015-09-17,2018,4.5
2015-09-18,2018,4.5
2015-09-21,2018,4.64
2015-09-22,2018,4.54
2015-09-23,2018,4.56
2015-09-24,2018,4.7
2015-09-25,2018,4.7
2015-09-28,2018,4.54
2015-09-29,2018,4.57
2015-09-30,2018,4.64
2015-10-01,2018,4.57
2015-10-02,2018,4.86
2015-10-05,2018,4.91
2015-10-06,2018,5.0
2015-10-07,2018,4.75
2015-10-08,2018,4.86
2015-10-09,2018,4.8
2015-10-13,2018,4.8
2015-10-14,2018,4.53
2015-10-15,2018,4.64
2015-10-16,2018,4.7
2015-10-19,2018,4.57
2015-10-20,2018,4.9
2015-10-21,2018,4.8
2015-10-22,2018,4.9
2015-10-23,2018,4.91
2015-10-26,2018,5.0
2015-10-27,2018,4.96
2015-10-28,2018,5.0
2015-10-29,2018,4.91
2015-10-30,2018,5.0
2015-11-03,2018,4.96
2015-11-04,2018,5.0
2015-11-05,2018,5.0
2015-11-06,2018,5.0
2015-11-09,2018,4.8
2015-11-10,2018,4.81
2015-11-11,2018,5.0
2015-11-12,2018,5.0
2015-11-13,2018,5.0
2015-11-16,2018,5.0
2015-11-17,2018,5.0
2015-11-18,2018,5.0
2015-11-19,2018,5.0
2015-11-20,2018,5.0
2015-11-23,2018,5.0
2015-11-24,2018,5.0
2015-11-25,2018,4.96
2015-11-26,2018,4.91
2015-11-27,2018,4.75
2015-11-30,2018,4.8
2015-12-01,2018,4.8
2015-12-02,2018,4.9
2015-12-03,2018,4.91
2015-12-04,2018,5.0
2015-12-07,2018,5.0
2015-12-08,2018,5.0
2015-12-09,2018,5.0
2015-12-10,2018,5.0
2015-12-11,2018,5.0
2015-12-14,2018,5.0
2015-12-15,2018,4.9
2015-12-16,2018,5.0
2015-12-17,2018,5.0
2015-12-18,2018,5.0
2015-12-21,2018,5.0
2015-12-22,2018,5.0
2015-12-23,2018,5.0
2015-12-24,2018,5.0
2015-12-28,2018,4.5
2015-12-29,2018,4.53
2015-12-30,2018,4.9
2015-12-31,2018,4.9
2016-01-04,2018,4.93
2016-01-05,2018,4.95
2016-01-06,2018,4.9
2016-01-07,2018,4.74
2016-01-08,2018,5.0
2016-01-11,2018,5.0
2016-01-12,2018,5.0
2016-01-13,2018,5.0
2016-01-14,2018,5.0
2016-01-15,2018,4.95
2016-01-18,2018,5.0
2016-01-19,2018,5.0
2016-01-20,2018,5.0
2016-01-21,2018,5.23
2016-01-22,2018,5.33
2016-01-25,2018,5.4
2016-01-26,2018,5.4
2016-01-27,2018,5.5
2016-01-28,2018,5.37
2016-01-29,2018,5.4
2016-02-01,2018,5.5
2016-02-02,2018,5.32
2016-02-03,2018,5.4
2016-02-04,2018,5.4
2016-02-05,2018,5.45
2016-02-10,2018,5.45
2016-02-11,2018,5.4
2016-02-12,2018,5.2
2016-02-15,2018,5.21
2016-02-16,2018,5.2
2016-02-17,2018,5.31
2016-02-18,2018,5.4
2016-02-19,2018,5.4
2016-02-22,2018,5.49
2016-02-23,2018,5.4
2016-02-24,2018,5.31
2016-02-25,2018,5.4
2016-02-26,2018,5.4
2016-02-29,2018,5.2
2016-03-01,2018,5.35
2016-03-02,2018,5.49
2016-03-03,2018,5.49
2016-03-04,2018,5.21
2016-03-07,2018,5.5
2016-03-08,2018,5.21
2016-03-09,2018,5.0
2016-03-10,2018,5.0
2016-03-11,2018,5.2
2016-03-14,2018,5.1
2016-03-15,2018,5.2
2016-03-16,2018,5.5
2016-03-17,2018,5.21
2016-03-18,2018,5.4
2016-03-21,2018,5.4
2016-03-22,2018,5.45
2016-03-23,2018,5.49
2016-03-24,2018,5.5
2016-03-28,2018,5.5
2016-03-29,2018,5.5
2016-03-30,2018,5.5
2016-03-31,2018,5.45
2016-04-01,2018,5.4
2016-04-04,2018,5.5
2016-04-05,2018,5.5
2016-04-06,2018,5.5
2016-04-07,2018,5.41
2016-04-08,2018,5.38
2016-04-11,2018,5.0
2016-04-12,2018,5.0
2016-04-13,2018,5.0
2016-04-14,2018,5.2
2016-04-15,2018,5.3
2016-04-18,2018,5.4
2016-04-19,2018,5.4
2016-04-20,2018,5.35
2016-04-22,2018,5.28
2016-04-25,2018,5.2
2016-04-26,2018,5.25
2016-04-27,2018,5.0
2016-04-28,2018,4.9
2016-04-29,2018,5.0
2016-05-02,2018,5.0
2016-05-03,2018,5.0
2016-05-04,2018,5.0
2016-05-05,2018,5.0
2016-05-06,2018,5.0
2016-05-09,2018,5.0
2016-05-10,2018,5.0
2016-05-11,2018,5.0
2016-05-12,2018,5.0
2016-05-13,2018,5.0
2016-05-16,2018,5.0
2016-05-17,2018,5.0
2016-05-18,2018,5.0
2016-05-19,2018,5.0
2016-05-20,2018,5.0
2016-05-23,2018,5.0
2016-05-24,2018,5.0
2016-05-25,2018,5.0
2016-05-27,2018,5.0
2016-05-30,2018,5.0
2016-05-31,2018,5.0
2016-06-01,2018,5.0
2016-06-02,2018,5.0
2016-06-03,2018,5.0
2016-06-06,2018,5.0
2016-06-07,2018,4.9
2016-06-08,2018,4.8
2016-06-09,2018,4.8
2016-06-10,2018,4.8
2016-06-13,2018,5.0
2016-06-14,2018,5.0
2016-06-15,2018,5.0
2016-06-16,2018,5.0
2016-06-17,2018,5.0
2016-06-20,2018,5.0
2016-06-21,2018,5.0
2016-06-22,2018,5.0
2016-06-23,2018,5.0
2016-06-24,2018,5.0
2016-06-27,2018,5.0
2016-06-28,2018,4.97
2016-06-29,2018,4.8
2016-06-30,2018,4.8
2016-07-01,2018,4.7
2016-07-04,2018,4.7
2016-07-05,2018,4.7
2016-07-06,2018,4.6
2016-07-07,2018,4.58
2016-07-08,2018,4.5
2016-07-11,2018,4.5
2016-07-12,2018,4.5
2016-07-13,2018,4.5
2016-07-14,2018,4.5
2016-07-15,2018,4.5
2016-07-18,2018,4.63
2016-07-19,2018,4.55
2016-07-20,2018,4.5
2016-07-21,2018,4.5
2016-07-22,2018,4.5
2016-07-25,2018,4.5
2016-07-26,2018,4.5
2016-07-27,2018,4.5
2016-07-28,2018,4.5
2016-07-29,2018,4.5
2016-08-01,2018,4.5
2016-08-02,2018,4.5
2016-08-03,2018,4.5
2016-08-04,2018,4.5
2016-08-05,2018,4.53
2016-08-08,2018,4.5
2016-08-09,2018,4.5
2016-08-10,2018,4.5
2016-08-11,2018,4.5
2016-08-12,2018,4.5
2016-08-15,2018,4.5
2016-08-16,2018,4.5
2016-08-17,2018,4.5
2016-08-18,2018,4.5
2016-08-19,2018,4.53
2016-08-22,2018,4.5
2016-08-23,2018,4.5
2016-08-24,2018,4.5
2016-08-25,2018,4.5
2016-08-26,2018,4.5
2016-08-29,2018,4.5
2016-08-30,2018,4.5
2016-08-31,2018,4.5
2016-09-01,2018,4.5
2016-09-02,2018,4.5
2016-09-05,2018,4.5
2016-09-06,2018,4.5
2016-09-08,2018,4.5
2016-09-09,2018,4.5
2016-09-12,2018,4.5
2016-09-13,2018,4.5
2016-09-14,2018,4.5
2016-09-15,2018,4.5
2016-09-16,2018,4.5
2016-09-19,2018,4.5
2016-09-20,2018,4.5
2016-09-21,2018,4.5
2016-09-22,2018,4.5
2016-09-23,2018,4.5
2016-09-26,2018,4.5
2016-09-27,2018,4.5
2016-09-28,2018,4.5
2016-09-29,2018,4.5
2016-09-30,2018,4.5
2016-10-03,2018,4.5
2016-10-04,2018,4.5
2016-10-05,2018,4.5
2016-10-06,2018,4.5
2016-10-07,2018,4.5
2016-10-10,2018,4.5
2016-10-11,2018,4.5
2016-10-13,2018,4.5
2016-10-14,2018,4.5
2016-10-17,2018,4.5
2016-10-18,2018,4.5
2016-10-19,2018,4.5
2016-10-20,2018,4.5
2016-10-21,2018,4.5
2016-10-24,2018,4.5
2016-10-25,2018,4.5
2016-10-26,2018,4.5
2016-10-27,2018,4.5
2016-10-28,2018,4.5
2016-10-31,2018,4.5
2016-11-01,2018,4.5
2016-11-03,2018,4.5
2016-11-04,2018,4.5
2016-11-07,2018,4.5
2016-11-08,2018,4.5
2016-11-09,2018,4.5
2016-11-10,2018,4.5
2016-11-11,2018,4.5
2016-11-14,2018,4.5
2016-11-16,2018,4.5
2016-11-17,2018,4.5
2016-11-18,2018,4.5
2016-11-21,2018,4.5
2016-11-22,2018,4.5
2016-11-23,2018,4.5
2016-11-24,2018,4.5
2016-11-25,2018,4.5
2016-11-28,2018,4.5
2016-11-29,2018,4.5
2016-11-30,2018,4.5
2016-12-01,2018,4.5
2016-12-02,2018,4.5
2016-12-05,2018,4.5
2016-12-06,2018,4.5
2016-12-07,2018,4.5
2016-12-08,2018,4.5
2016-12-09,2018,4.5
2016-12-12,2018,4.5
2016-12-13,2018,4.5
2016-12-14,2018,4.5
2016-12-15,2018,4.5
2016-12-16,2018,4.5
2016-12-19,2018,4.5
2016-12-20,2018,4.5
2016-12-21,2018,4.5
2016-12-22,2018,4.5
2016-12-23,2018,4.5
2016-12-26,2018,4.5
2016-12-27,2018,4.5
2016-12-28,2018,4.5
2016-12-29,2018,4.5
2016-12-30,2018,4.5
2017-01-02,2018,4.5
2017-01-03,2018,4.5
2017-01-04,2018,4.5
2017-01-05,2018,4.5
2017-01-06,2018,4.5
2017-01-09,2018,4.5
2017-01-10,2018,4.5
2017-01-11,2018,4.5
2017-01-12,2018,4.5
2017-01-13,2018,4.5
2017-01-16,2018,4.5
2017-01-17,2018,4.5
2017-01-18,2018,4.5
2017-01-19,2018,4.5
2017-01-20,2018,4.5
2017-01-23,2018,4.5
2017-01-24,2018,4.5
2017-01-25,2018,4.5
2017-01-26,2018,4.5
2017-01-27,2018,4.5
2017-01-30,2018,4.5
2017-01-31,2018,4.5
2017-02-01,2018,4.5
2017-02-02,2018,4.5
2017-02-03,2018,4.5
2017-02-06,2018,4.5
2017-02-07,2018,4.5
2017-02-08,2018,4.5
2017-02-09,2018,4.5
2017-02-10,2018,4.5
2017-02-13,2018,4.5
2017-02-14,2018,4.5
2017-02-15,2018,4.5
2017-02-16,2018,4.5
2017-02-17,2018,4.5
2017-02-20,2018,4.5
2017-02-21,2018,4.5
2017-02-22,2018,4.5
2017-02-23,2018,4.5
2017-02-24,2018,4.5
2017-03-01,2018,4.5
2017-03-02,2018,4.5
2017-03-03,2018,4.5
2017-03-06,2018,4.5
2017-03-07,2018,4.5
2017-03-08,2018,4.5
2017-03-09,2018,4.5
2017-03-10,2018,4.5
2017-03-13,2018,4.5
2017-03-14,2018,4.5
2017-03-15,2018,4.41
2017-03-16,2018,4.41
2017-03-17,2018,4.45
2017-03-20,2018,4.5
2017-03-21,2018,4.5
2017-03-22,2018,4.5
2017-03-23,2018,4.5
2017-03-24,2018,4.5
2017-03-27,2018,4.42
2017-03-28,2018,4.48
2017-03-29,2018,4.46
2017-03-30,2018,4.32
2017-03-31,2018,4.4
2017-04-03,2018,4.4
2017-04-04,2018,4.4
2017-04-05,2018,4.42
2017-04-06,2018,4.38
2017-04-07,2018,4.39
2017-04-10,2018,4.3
2017-04-11,2018,4.3
2017-04-12,2018,4.3
2017-04-13,2018,4.3
2017-04-17,2018,4.3
2017-04-18,2018,4.3
2017-04-19,2018,4.34
2017-04-20,2018,4.35
2017-04-24,2018,4.35
2017-04-25,2018,4.37
2017-04-26,2018,4.4
2017-04-27,2018,4.25
2017-04-28,2018,4.28
2017-05-02,2018,4.4
2017-05-03,2018,4.42
2017-05-04,2018,4.46
2017-05-05,2018,4.41
2017-05-08,2018,4.4
2017-05-09,2018,4.36
2017-05-10,2018,4.3
2017-05-11,2018,4.3
2017-05-12,2018,4.3
2017-05-15,2018,4.3
2017-05-16,2018,4.3
2017-05-17,2018,4.37
2017-05-18,2018,4.33
2017-05-19,2018,4.3
2017-05-22,2018,4.4
2017-05-23,2018,4.4
2017-05-24,2018,4.4
2017-05-25,2018,4.4
2017-05-26,2018,4.4
2017-05-29,2018,4.39
2017-05-30,2018,4.4
2017-05-31,2018,4.4
2017-06-01,2018,4.4
2017-06-02,2018,4.4
2017-06-05,2018,4.3
2017-06-06,2018,4.35
2017-06-07,2018,4.3
2017-06-08,2018,4.3
2017-06-09,2018,4.3
2017-06-12,2018,4.34
2017-06-13,2018,4.3
2017-06-14,2018,4.3
2017-06-16,2018,4.3
2017-06-19,2018,4.3
2017-06-20,2018,4.3
2017-06-21,2018,4.25
2017-06-22,2018,4.24
2017-06-23,2018,4.24
2017-06-26,2018,4.2
2017-06-27,2018,4.2
2017-06-28,2018,4.2
2017-06-29,2018,4.2
2017-06-30,2018,4.19
2017-07-03,2018,4.18
2017-07-04,2018,4.15
2017-07-05,2018,4.2
2017-07-06,2018,4.25
2017-07-07,2018,4.25
2017-07-10,2018,4.2
2017-07-11,2018,4.2
2017-07-12,2018,4.19
2017-07-13,2018,4.2
2017-07-14,2018,4.15
2017-07-17,2018,4.19
2017-07-18,2018,4.19
2017-07-19,2018,4.17
2017-07-20,2018,4.19
2017-07-21,2018,4.19
2017-07-24,2018,4.19
2017-07-25,2018,4.19
2017-07-26,2018,4.2
2017-07-27,2018,4.2
2017-07-28,2018,4.22
2017-07-31,2018,4.26
2017-08-01,2018,4.29
2017-08-02,2018,4.23
2017-08-03,2018,4.25
2017-08-04,2018,4.2
2017-08-07,2018,4.2
2017-08-08,2018,4.2
2017-08-09,2018,4.2
2017-08-10,2018,4.2
2017-08-11,2018,4.2
2017-08-14,2018,4.2
2017-08-15,2018,4.2
2017-08-16,2018,4.2
2017-08-17,2018,4.2
2017-08-18,2018,4.17
2017-08-21,2018,4.2
2017-08-22,2018,4.2
2017-08-23,2018,4.19
2017-08-24,2018,4.19
2017-08-25,2018,4.2
2017-08-28,2018,4.19
2017-08-29,2018,4.19
2017-08-30,2018,4.13
2017-08-31,2018,4.19
2017-09-01,2018,4.13
2017-09-04,2018,4.12
2017-09-05,2018,4.11
2017-09-06,2018,4.08
2017-09-08,2018,4.06
2017-09-11,2018,4.12
2017-09-12,2018,4.12
2017-09-13,2018,4.12
2017-09-14,2018,4.14
2017-09-15,2018,4.19
2017-09-18,2018,4.12
2017-09-19,2018,4.02
2017-09-20,2018,4.01
2017-09-21,2018,4.03
2017-09-22,2018,4.03
2017-09-25,2018,4.04
2017-09-26,2018,4.07
2017-09-27,2018,4.0
2017-09-28,2018,3.9
2017-09-29,2018,3.96
2017-10-02,2018,4.0
2017-10-03,2018,4.0
2017-10-04,2018,4.0
2017-10-05,2018,4.0
2017-10-06,2018,4.0
2017-10-09,2018,4.02
2017-10-10,2018,4.02
2017-10-11,2018,4.02
2017-10-13,2018,4.02
2017-10-16,2018,4.04
2017-10-17,2018,4.05
2017-10-18,2018,4.04
2017-10-19,2018,4.03
2017-10-20,2018,4.05
2017-10-23,2018,4.02
2017-10-24,2018,4.02
2017-10-25,2018,4.04
2017-10-26,2018,4.02
2017-10-27,2018,3.95
2017-10-30,2018,4.02
2017-10-31,2018,4.06
2017-11-01,2018,4.02
2017-11-03,2018,4.08
2017-11-06,2018,4.05
2017-11-07,2018,4.05
2017-11-08,2018,4.08
2017-11-09,2018,4.05
2017-11-10,2018,4.02
2017-11-13,2018,4.05
2017-11-14,2018,4.04
2017-11-16,2018,4.04
2017-11-17,2018,4.07
2017-11-20,2018,4.1
2017-11-21,2018,4.07
2017-11-22,2018,4.03
2017-11-23,2018,4.04
2017-11-24,2018,4.02
2017-11-27,2018,4.02
2017-11-28,2018,4.04
2017-11-29,2018,4.01
2017-11-30,2018,4.01
2017-12-01,2018,4.02
2017-12-04,2018,4.02
2017-12-05,2018,4.02
2017-12-06,2018,4.03
2017-12-07,2018,4.02
2017-12-08,2018,4.04
2017-12-11,2018,4.01
2017-12-12,2018,4.02
2017-12-13,2018,4.01
2017-12-14,2018,4.05
2017-12-15,2018,4.01
2017-12-18,2018,4.01
2017-12-19,2018,4.0
2017-12-20,2018,3.94
2017-12-21,2018,3.93
2017-12-22,2018,3.94
2017-12-26,2018,3.91
2017-12-27,2018,3.92
2017-12-28,2018,3.9
2017-12-29,2018,3.89
2018-01-02,2018,3.9
2018-01-03,2018,3.95
2018-01-04,2018,3.95
2018-01-05,2018,3.96
2018-01-08,2018,3.97
2018-01-09,2018,3.98
2018-01-10,2018,3.97
2018-01-11,2018,3.96
2018-01-12,2018,3.95
2018-01-15,2018,3.95
2018-01-16,2018,3.95
2018-01-17,2018,3.95
2018-01-18,2018,3.95
2018-01-19,2018,3.94
2018-01-22,2018,3.95
2018-01-23,2018,3.95
2018-01-24,2018,3.95
2018-01-25,2018,3.95
2018-01-26,2018,3.95
2018-01-29,2018,3.98
2018-01-30,2018,4.03
2018-01-31,2018,4.0
2018-02-01,2018,3.99
2018-02-02,2018,3.97
2018-02-05,2018,3.96
2018-02-06,2018,3.96
2018-02-07,2018,3.93
2018-02-08,2018,3.8
2018-02-09,2018,3.83
2018-02-14,2018,3.84
2018-02-15,2018,3.8
2018-02-16,2018,3.77
2018-02-19,2018,3.75
2018-02-20,2018,3.75
2018-02-21,2018,3.73
2018-02-22,2018,3.7
2018-02-23,2018,3.72
2018-02-26,2018,3.71
2018-02-27,2018,3.68
2018-02-28,2018,3.69
2018-03-01,2018,3.71
2018-03-02,2018,3.67
2018-03-05,2018,3.66
2018-03-06,2018,3.65
2018-03-07,2018,3.64
2018-03-08,2018,3.63
2018-03-09,2018,3.68
2018-03-12,2018,3.68
2018-03-13,2018,3.67
2018-03-14,2018,3.6
2018-03-15,2018,3.6
2018-03-16,2018,3.53
2018-03-19,2018,3.61
2018-03-20,2018,3.61
2018-03-21,2018,3.62
2018-03-22,2018,3.53
2018-03-23,2018,3.52
2018-03-26,2018,3.52
2018-03-27,2018,3.52
2018-03-28,2018,3.52
2018-03-29,2018,3.53
2018-04-02,2018,3.59
2018-04-03,2018,3.54
2018-04-04,2018,3.6
2018-04-05,2018,3.53
2018-04-06,2018,3.51
2018-04-09,2018,3.46
2018-04-10,2018,3.4
2018-04-11,2018,3.43
2018-04-12,2018,3.47
2018-04-13,2018,3.48
2018-04-16,2018,3.49
2018-04-17,2018,3.49
2018-04-18,2018,3.47
2018-04-19,2018,3.49
2018-04-20,2018,3.49
2018-04-23,2018,3.49
2018-04-24,2018,3.49
2018-04-25,2018,3.5
2018-04-26,2018,3.5
2018-04-27,2018,3.52
2018-04-30,2018,3.54
2018-05-02,2018,3.51
2018-05-03,2018,3.47
2018-05-04,2018,3.51
2018-05-07,2018,3.52
2018-05-08,2018,3.6
2018-05-09,2018,3.6
2018-05-10,2018,3.54
2018-05-11,2018,3.52
2018-05-14,2018,3.51
2018-05-15,2018,3.51
2018-05-16,2018,3.51
2018-05-17,2018,3.51
2018-05-18,2018,3.61
2018-05-21,2018,3.56
2018-05-22,2018,3.65
2018-05-23,2018,3.63
2018-05-24,2018,3.61
2018-05-25,2018,3.6
2018-05-28,2018,3.65
2018-05-29,2018,3.64
2018-05-30,2018,3.72
2018-06-01,2018,3.75
2018-06-04,2018,3.75
2018-06-05,2018,3.67
2018-06-06,2018,3.75
2018-06-07,2018,3.78
2018-06-08,2018,3.92
2018-06-11,2018,3.92
2018-06-12,2018,3.93
2018-06-13,2018,3.92
2018-06-14,2018,3.91
2018-06-15,2018,3.94
2018-06-18,2018,3.97
2018-06-19,2018,3.97
2018-06-20,2018,4.01
2018-06-21,2018,4.01
2018-06-22,2018,4.0
2018-06-25,2018,4.06
2018-06-26,2018,4.07
2018-06-27,2018,4.06
2018-06-28,2018,4.09
2018-06-29,2018,4.16
2018-07-02,2018,4.15
2018-07-03,2018,4.15
2018-07-04,2018,4.15
2018-07-05,2018,4.15
2018-07-06,2018,4.17
2018-07-09,2018,4.15
2018-07-10,2018,4.16
2018-07-11,2018,4.13
2018-07-12,2018,4.13
2018-07-13,2018,4.11
2018-07-16,2018,4.12
2018-07-17,2018,4.12
2018-07-18,2018,4.13
2018-07-19,2018,4.11
2018-07-20,2018,4.11
2018-07-23,2018,4.1
2018-07-24,2018,4.1
2018-07-25,2018,4.09
2018-07-26,2018,4.11
2018-07-27,2018,4.1
2018-07-30,2018,4.1
2018-07-31,2018,4.09
2018-08-01,2018,4.08
2018-08-02,2018,4.08
2018-08-03,2018,4.11
2018-08-06,2018,4.11
2018-08-07,2018,4.11
2018-08-08,2018,4.15
2018-08-09,2018,4.16
2018-08-10,2018,4.15
2018-08-13,2018,4.15
2018-08-14,2018,4.12
2018-08-15,2018,4.13
2018-08-16,2018,4.12
2018-08-17,2018,4.15
2018-08-20,2018,4.12
2018-08-21,2018,4.09
2018-08-22,2018,4.17
2018-08-23,2018,4.16
2018-08-24,2018,4.16
2018-08-27,2018,4.17
2018-08-28,2018,4.17
2018-08-29,2018,4.17
2018-08-30,2018,4.13
2018-08-31,2018,4.18
2018-09-03,2018,4.19
2018-09-04,2018,4.21
2018-09-05,2018,4.2
2018-09-06,2018,4.14
2018-09-10,2018,4.16
2018-09-11,2018,4.14
2018-09-12,2018,4.16
2018-09-13,2018,4.17
2018-09-14,2018,4.19
2018-09-17,2018,4.2
2018-09-18,2018,4.21
2018-09-19,2018,4.23
2018-09-20,2018,4.32
2018-09-21,2018,4.32
2018-09-24,2018,4.33
2018-09-25,2018,4.34
2018-09-26,2018,4.35
2018-09-27,2018,4.28
2018-09-28,2018,4.28
2018-10-01,2018,4.28
2018-10-02,2018,4.28
2018-10-03,2018,4.3
2018-10-04,2018,4.32
2018-10-05,2018,4.41
2018-10-08,2018,4.4
2018-10-09,2018,4.44
2018-10-10,2018,4.44
2018-10-11,2018,4.45
2018-10-15,2018,4.47
2018-10-16,2018,4.48
2018-10-17,2018,4.47
2018-10-18,2018,4.48
2018-10-19,2018,4.45
2018-10-22,2018,4.44
2018-10-23,2018,4.43
2018-10-24,2018,4.42
2018-10-25,2018,4.43
2018-10-26,2018,4.42
2018-10-29,2018,4.41
2018-10-30,2018,4.38
2018-10-31,2018,4.34
2018-11-01,2018,4.28
2018-11-05,2018,4.25
2018-11-06,2018,4.25
2018-11-07,2018,4.12
2018-11-08,2018,4.1
2018-11-09,2018,4.08
2018-11-12,2018,4.04
2018-11-13,2018,4.04
2018-11-14,2018,4.02
2018-11-16,2018,4.02
2018-11-19,2018,3.98
2018-11-20,2018,3.98
2018-11-21,2018,3.97
2018-11-22,2018,3.9
2018-11-23,2018,3.88
2018-11-26,2018,3.88
2018-11-27,2018,3.88
2018-11-28,2018,3.88
2018-11-29,2018,3.86
2018-11-30,2018,3.84
2018-12-03,2018,3.8
2018-12-04,2018,3.8
2018-12-05,2018,3.82
2018-12-06,2018,3.81
2018-12-07,2018,3.68
2018-12-10,2018,3.68
2018-12-11,2018,3.69
2018-12-12,2018,3.68
2018-12-13,2018,3.68
2018-12-14,2018,3.68
2018-12-17,2018,3.67
2018-12-18,2018,3.7
2018-12-19,2018,3.69
2018-12-20,2018,3.7
2018-12-21,2018,3.69
2018-12-24,2018,3.7
2018-12-26,2018,3.69
2018-12-27,2018,3.69
2018-12-28,2018,3.68
2018-12-31,2018,3.67
2019-01-02,2018,3.67
2019-01-03,2018,3.69
2019-01-04,2018,3.7
2019-01-07,2018,3.71
2019-01-08,2018,3.71
2019-01-09,2018,3.71
2019-01-10,2018,3.71
2015-01-09,2019,5.06
2015-01-12,2019,5.0
2015-01-13,2019,5.0
2015-01-14,2019,5.0
2015-01-15,2019,5.0
2015-01-16,2019,5.0
2015-01-19,2019,5.02
2015-01-20,2019,5.0
2015-01-21,2019,5.0
2015-01-22,2019,5.0
2015-01-23,2019,5.0
2015-01-26,2019,5.0
2015-01-27,2019,5.0
2015-01-28,2019,5.0
2015-01-29,2019,4.79
2015-01-30,2019,4.54
2015-02-02,2019,4.54
2015-02-03,2019,4.65
2015-02-04,2019,4.8
2015-02-05,2019,5.03
2015-02-06,2019,5.0
2015-02-09,2019,5.0
2015-02-10,2019,5.0
2015-02-11,2019,5.0
2015-02-12,2019,5.0
2015-02-13,2019,5.0
2015-02-18,2019,5.0
2015-02-19,2019,5.0
2015-02-20,2019,5.0
2015-02-23,2019,5.0
2015-02-24,2019,5.0
2015-02-25,2019,5.0
2015-02-26,2019,4.9
2015-02-27,2019,5.0
2015-03-02,2019,4.8
2015-03-03,2019,4.8
2015-03-04,2019,4.9
2015-03-05,2019,5.0
2015-03-06,2019,5.0
2015-03-09,2019,5.0
2015-03-10,2019,5.0
2015-03-11,2019,5.0
2015-03-12,2019,4.75
2015-03-13,2019,4.7
2015-03-16,2019,4.95
2015-03-17,2019,5.0
2015-03-18,2019,5.0
2015-03-19,2019,5.0
2015-03-20,2019,5.0
2015-03-23,2019,5.0
2015-03-24,2019,5.0
2015-03-25,2019,5.0
2015-03-26,2019,5.0
2015-03-27,2019,5.0
2015-03-30,2019,4.85
2015-03-31,2019,4.8
2015-04-01,2019,4.95
2015-04-02,2019,5.0
2015-04-06,2019,5.0
2015-04-07,2019,5.0
2015-04-08,2019,5.0
2015-04-09,2019,5.0
2015-04-10,2019,5.0
2015-04-13,2019,5.0
2015-04-14,2019,5.0
2015-04-15,2019,5.0
2015-04-16,2019,4.9
2015-04-17,2019,5.0
2015-04-20,2019,4.7
2015-04-22,2019,4.7
2015-04-23,2019,4.9
2015-04-24,2019,5.0
2015-04-27,2019,4.95
2015-04-28,2019,4.8
2015-04-29,2019,4.7
2015-04-30,2019,4.7
2015-05-04,2019,5.0
2015-05-05,2019,5.0
2015-05-06,2019,5.0
2015-05-07,2019,5.0
2015-05-08,2019,5.0
2015-05-11,2019,4.6
2015-05-12,2019,4.6
2015-05-13,2019,4.6
2015-05-14,2019,4.5
2015-05-15,2019,4.5
2015-05-18,2019,4.5
2015-05-19,2019,4.5
2015-05-20,2019,4.5
2015-05-21,2019,4.5
2015-05-22,2019,4.5
2015-05-25,2019,4.5
2015-05-26,2019,4.5
2015-05-27,2019,4.5
2015-05-28,2019,4.5
2015-05-29,2019,4.5
2015-06-01,2019,4.5
2015-06-02,2019,4.5
2015-06-03,2019,4.5
2015-06-05,2019,4.5
2015-06-08,2019,4.5
2015-06-09,2019,4.5
2015-06-10,2019,4.5
2015-06-11,2019,4.5
2015-06-12,2019,4.5
2015-06-15,2019,4.5
2015-06-16,2019,4.5
2015-06-17,2019,4.5
2015-06-18,2019,4.5
2015-06-19,2019,4.5
2015-06-22,2019,4.5
2015-06-23,2019,4.5
2015-06-24,2019,4.5
2015-06-25,2019,4.5
2015-06-26,2019,4.5
2015-06-29,2019,4.5
2015-06-30,2019,4.5
2015-07-01,2019,4.5
2015-07-02,2019,4.5
2015-07-03,2019,4.5
2015-07-06,2019,4.5
2015-07-07,2019,4.5
2015-07-08,2019,4.5
2015-07-09,2019,4.5
2015-07-10,2019,4.5
2015-07-13,2019,4.5
2015-07-14,2019,4.5
2015-07-15,2019,4.5
2015-07-16,2019,4.5
2015-07-17,2019,4.5
2015-07-20,2019,4.5
2015-07-21,2019,4.5
2015-07-22,2019,4.5
2015-07-23,2019,4.5
2015-07-24,2019,4.5
2015-07-27,2019,4.5
2015-07-28,2019,4.5
2015-07-29,2019,4.5
2015-07-30,2019,4.5
2015-07-31,2019,4.5
2015-08-03,2019,4.5
2015-08-04,2019,4.5
2015-08-05,2019,4.5
2015-08-06,2019,4.5
2015-08-07,2019,4.5
2015-08-10,2019,4.5
2015-08-11,2019,4.5
2015-08-12,2019,4.5
2015-08-13,2019,4.5
2015-08-14,2019,4.5
2015-08-17,2019,4.5
2015-08-18,2019,4.5
2015-08-19,2019,4.5
2015-08-20,2019,4.5
2015-08-21,2019,4.5
2015-08-24,2019,4.5
2015-08-25,2019,4.5
2015-08-26,2019,4.5
2015-08-27,2019,4.5
2015-08-28,2019,4.5
2015-08-31,2019,4.5
2015-09-01,2019,4.5
2015-09-02,2019,4.5
2015-09-03,2019,4.5
2015-09-04,2019,4.5
2015-09-08,2019,4.5
2015-09-09,2019,4.5
2015-09-10,2019,4.5
2015-09-11,2019,4.5
2015-09-14,2019,4.5
2015-09-15,2019,4.5
2015-09-16,2019,4.5
2015-09-17,2019,4.5
2015-09-18,2019,4.5
2015-09-21,2019,4.5
2015-09-22,2019,4.5
2015-09-23,2019,4.5
2015-09-24,2019,4.5
2015-09-25,2019,4.5
2015-09-28,2019,4.5
2015-09-29,2019,4.5
2015-09-30,2019,4.5
2015-10-01,2019,4.5
2015-10-02,2019,4.65
2015-10-05,2019,4.5
2015-10-06,2019,4.58
2015-10-07,2019,4.5
2015-10-08,2019,4.5
2015-10-09,2019,4.5
2015-10-13,2019,4.5
2015-10-14,2019,4.5
2015-10-15,2019,4.5
2015-10-16,2019,4.5
2015-10-19,2019,4.5
2015-10-20,2019,4.5
2015-10-21,2019,4.5
2015-10-22,2019,4.5
2015-10-23,2019,4.5
2015-10-26,2019,4.6
2015-10-27,2019,4.7
2015-10-28,2019,4.7
2015-10-29,2019,4.74
2015-10-30,2019,4.5
2015-11-03,2019,4.5
2015-11-04,2019,4.89
2015-11-05,2019,5.0
2015-11-06,2019,4.6
2015-11-09,2019,4.5
2015-11-10,2019,4.5
2015-11-11,2019,4.5
2015-11-12,2019,4.5
2015-11-13,2019,4.5
2015-11-16,2019,4.64
2015-11-17,2019,4.5
2015-11-18,2019,5.0
2015-11-19,2019,4.97
2015-11-20,2019,4.99
2015-11-23,2019,4.88
2015-11-24,2019,4.74
2015-11-25,2019,4.5
2015-11-26,2019,4.6
2015-11-27,2019,4.5
2015-11-30,2019,4.5
2015-12-01,2019,4.5
2015-12-02,2019,4.5
2015-12-03,2019,4.5
2015-12-04,2019,4.5
2015-12-07,2019,4.64
2015-12-08,2019,4.5
2015-12-09,2019,4.5
2015-12-10,2019,4.5
2015-12-11,2019,4.5
2015-12-14,2019,4.64
2015-12-15,2019,4.5
2015-12-16,2019,4.5
2015-12-17,2019,4.86
2015-12-18,2019,4.97
2015-12-21,2019,4.5
2015-12-22,2019,4.78
2015-12-23,2019,4.64
2015-12-24,2019,4.64
2015-12-28,2019,4.5
2015-12-29,2019,4.5
2015-12-30,2019,4.5
2015-12-31,2019,4.5
2016-01-04,2019,4.5
2016-01-05,2019,4.5
2016-01-06,2019,4.5
2016-01-07,2019,4.5
2016-01-08,2019,4.5
2016-01-11,2019,4.5
2016-01-12,2019,4.5
2016-01-13,2019,4.5
2016-01-14,2019,4.5
2016-01-15,2019,4.5
2016-01-18,2019,4.5
2016-01-19,2019,5.0
2016-01-20,2019,5.0
2016-01-21,2019,5.0
2016-01-22,2019,5.0
2016-01-25,2019,5.0
2016-01-26,2019,5.0
2016-01-27,2019,5.0
2016-01-28,2019,5.2
2016-01-29,2019,5.21
2016-02-01,2019,5.11
2016-02-02,2019,5.0
2016-02-03,2019,5.0
2016-02-04,2019,5.0
2016-02-05,2019,5.0
2016-02-10,2019,5.0
2016-02-11,2019,5.0
2016-02-12,2019,5.0
2016-02-15,2019,5.0
2016-02-16,2019,5.0
2016-02-17,2019,5.0
2016-02-18,2019,5.0
2016-02-19,2019,5.0
2016-02-22,2019,5.0
2016-02-23,2019,5.0
2016-02-24,2019,5.0
2016-02-25,2019,5.0
2016-02-26,2019,5.0
2016-02-29,2019,5.0
2016-03-01,2019,5.0
2016-03-02,2019,5.0
2016-03-03,2019,5.11
2016-03-04,2019,5.11
2016-03-07,2019,5.21
2016-03-08,2019,5.0
2016-03-09,2019,4.8
2016-03-10,2019,5.0
2016-03-11,2019,5.0
2016-03-14,2019,5.0
2016-03-15,2019,5.0
2016-03-16,2019,5.2
2016-03-17,2019,5.0
2016-03-18,2019,5.0
2016-03-21,2019,5.0
2016-03-22,2019,5.0
2016-03-23,2019,5.0
2016-03-24,2019,5.0
2016-03-28,2019,5.0
2016-03-29,2019,5.0
2016-03-30,2019,5.0
2016-03-31,2019,5.0
2016-04-01,2019,5.0
2016-04-04,2019,5.0
2016-04-05,2019,5.17
2016-04-06,2019,5.17
2016-04-07,2019,5.11
2016-04-08,2019,5.0
2016-04-11,2019,5.0
2016-04-12,2019,5.0
2016-04-13,2019,5.0
2016-04-14,2019,5.0
2016-04-15,2019,5.0
2016-04-18,2019,5.0
2016-04-19,2019,5.0
2016-04-20,2019,5.0
2016-04-22,2019,5.0
2016-04-25,2019,5.0
2016-04-26,2019,5.0
2016-04-27,2019,4.5
2016-04-28,2019,4.5
2016-04-29,2019,4.5
2016-05-02,2019,5.0
2016-05-03,2019,5.0
2016-05-04,2019,5.0
2016-05-05,2019,5.0
2016-05-06,2019,4.6
2016-05-09,2019,4.8
2016-05-10,2019,4.8
2016-05-11,2019,4.8
2016-05-12,2019,4.8
2016-05-13,2019,4.9
2016-05-16,2019,4.69
2016-05-17,2019,4.54
2016-05-18,2019,5.0
2016-05-19,2019,4.5
2016-05-20,2019,4.5
2016-05-23,2019,4.5
2016-05-24,2019,4.5
2016-05-25,2019,4.5
2016-05-27,2019,4.5
2016-05-30,2019,4.5
2016-05-31,2019,4.5
2016-06-01,2019,4.69
2016-06-02,2019,4.5
2016-06-03,2019,4.5
2016-06-06,2019,4.5
2016-06-07,2019,4.5
2016-06-08,2019,4.5
2016-06-09,2019,4.5
2016-06-10,2019,4.5
2016-06-13,2019,4.5
2016-06-14,2019,4.5
2016-06-15,2019,4.5
2016-06-16,2019,4.5
2016-06-17,2019,4.5
2016-06-20,2019,4.5
2016-06-21,2019,4.5
2016-06-22,2019,4.5
2016-06-23,2019,4.5
2016-06-24,2019,4.5
2016-06-27,2019,4.5
2016-06-28,2019,4.5
2016-06-29,2019,4.5
2016-06-30,2019,4.5
2016-07-01,2019,4.5
2016-07-04,2019,4.5
2016-07-05,2019,4.5
2016-07-06,2019,4.5
2016-07-07,2019,4.5
2016-07-08,2019,4.5
2016-07-11,2019,4.5
2016-07-12,2019,4.5
2016-07-13,2019,4.5
2016-07-14,2019,4.5
2016-07-15,2019,4.5
2016-07-18,2019,4.5
2016-07-19,2019,4.5
2016-07-20,2019,4.5
2016-07-21,2019,4.5
2016-07-22,2019,4.5
2016-07-25,2019,4.5
2016-07-26,2019,4.5
2016-07-27,2019,4.5
2016-07-28,2019,4.5
2016-07-29,2019,4.5
2016-08-01,2019,4.5
2016-08-02,2019,4.5
2016-08-03,2019,4.5
2016-08-04,2019,4.5
2016-08-05,2019,4.5
2016-08-08,2019,4.5
2016-08-09,2019,4.5
2016-08-10,2019,4.5
2016-08-11,2019,4.5
2016-08-12,2019,4.5
2016-08-15,2019,4.5
2016-08-16,2019,4.5
2016-08-17,2019,4.5
2016-08-18,2019,4.5
2016-08-19,2019,4.5
2016-08-22,2019,4.5
2016-08-23,2019,4.5
2016-08-24,2019,4.5
2016-08-25,2019,4.5
2016-08-26,2019,4.5
2016-08-29,2019,4.5
2016-08-30,2019,4.5
2016-08-31,2019,4.5
2016-09-01,2019,4.5
2016-09-02,2019,4.5
2016-09-05,2019,4.5
2016-09-06,2019,4.5
2016-09-08,2019,4.5
2016-09-09,2019,4.5
2016-09-12,2019,4.5
2016-09-13,2019,4.5
2016-09-14,2019,4.5
2016-09-15,2019,4.5
2016-09-16,2019,4.5
2016-09-19,2019,4.5
2016-09-20,2019,4.5
2016-09-21,2019,4.5
2016-09-22,2019,4.5
2016-09-23,2019,4.5
2016-09-26,2019,4.5
2016-09-27,2019,4.5
2016-09-28,2019,4.5
2016-09-29,2019,4.5
2016-09-30,2019,4.5
2016-10-03,2019,4.5
2016-10-04,2019,4.5
2016-10-05,2019,4.5
2016-10-06,2019,4.5
2016-10-07,2019,4.5
2016-10-10,2019,4.5
2016-10-11,2019,4.5
2016-10-13,2019,4.5
2016-10-14,2019,4.5
2016-10-17,2019,4.5
2016-10-18,2019,4.5
2016-10-19,2019,4.5
2016-10-20,2019,4.5
2016-10-21,2019,4.5
2016-10-24,2019,4.5
2016-10-25,2019,4.5
2016-10-26,2019,4.5
2016-10-27,2019,4.5
2016-10-28,2019,4.5
2016-10-31,2019,4.5
2016-11-01,2019,4.5
2016-11-03,2019,4.5
2016-11-04,2019,4.5
2016-11-07,2019,4.5
2016-11-08,2019,4.5
2016-11-09,2019,4.5
2016-11-10,2019,4.5
2016-11-11,2019,4.5
2016-11-14,2019,4.5
2016-11-16,2019,4.5
2016-11-17,2019,4.5
2016-11-18,2019,4.5
2016-11-21,2019,4.5
2016-11-22,2019,4.5
2016-11-23,2019,4.5
2016-11-24,2019,4.5
2016-11-25,2019,4.5
2016-11-28,2019,4.5
2016-11-29,2019,4.5
2016-11-30,2019,4.5
2016-12-01,2019,4.5
2016-12-02,2019,4.5
2016-12-05,2019,4.5
2016-12-06,2019,4.5
2016-12-07,2019,4.5
2016-12-08,2019,4.5
2016-12-09,2019,4.5
2016-12-12,2019,4.5
2016-12-13,2019,4.5
2016-12-14,2019,4.5
2016-12-15,2019,4.5
2016-12-16,2019,4.5
2016-12-19,2019,4.5
2016-12-20,2019,4.5
2016-12-21,2019,4.5
2016-12-22,2019,4.5
2016-12-23,2019,4.5
2016-12-26,2019,4.5
2016-12-27,2019,4.5
2016-12-28,2019,4.5
2016-12-29,2019,4.5
2016-12-30,2019,4.5
2017-01-02,2019,4.5
2017-01-03,2019,4.5
2017-01-04,2019,4.5
2017-01-05,2019,4.5
2017-01-06,2019,4.5
2017-01-09,2019,4.5
2017-01-10,2019,4.5
2017-01-11,2019,4.5
2017-01-12,2019,4.5
2017-01-13,2019,4.5
2017-01-16,2019,4.5
2017-01-17,2019,4.5
2017-01-18,2019,4.5
2017-01-19,2019,4.5
2017-01-20,2019,4.5
2017-01-23,2019,4.5
2017-01-24,2019,4.5
2017-01-25,2019,4.5
2017-01-26,2019,4.5
2017-01-27,2019,4.5
2017-01-30,2019,4.5
2017-01-31,2019,4.5
2017-02-01,2019,4.5
2017-02-02,2019,4.5
2017-02-03,2019,4.5
2017-02-06,2019,4.5
2017-02-07,2019,4.5
2017-02-08,2019,4.5
2017-02-09,2019,4.5
2017-02-10,2019,4.5
2017-02-13,2019,4.5
2017-02-14,2019,4.5
2017-02-15,2019,4.45
2017-02-16,2019,4.32
2017-02-17,2019,4.4
2017-02-20,2019,4.45
2017-02-21,2019,4.5
2017-02-22,2019,4.5
2017-02-23,2019,4.5
2017-02-24,2019,4.5
2017-03-01,2019,4.5
2017-03-02,2019,4.5
2017-03-03,2019,4.5
2017-03-06,2019,4.5
2017-03-07,2019,4.5
2017-03-08,2019,4.5
2017-03-09,2019,4.5
2017-03-10,2019,4.5
2017-03-13,2019,4.5
2017-03-14,2019,4.48
2017-03-15,2019,4.3
2017-03-16,2019,4.3
2017-03-17,2019,4.28
2017-03-20,2019,4.3
2017-03-21,2019,4.3
2017-03-22,2019,4.3
2017-03-23,2019,4.3
2017-03-24,2019,4.3
2017-03-27,2019,4.3
2017-03-28,2019,4.3
2017-03-29,2019,4.33
2017-03-30,2019,4.25
2017-03-31,2019,4.25
2017-04-03,2019,4.25
2017-04-04,2019,4.25
2017-04-05,2019,4.25
2017-04-06,2019,4.25
2017-04-07,2019,4.25
2017-04-10,2019,4.25
2017-04-11,2019,4.28
2017-04-12,2019,4.4
2017-04-13,2019,4.25
2017-04-17,2019,4.25
2017-04-18,2019,4.25
2017-04-19,2019,4.25
2017-04-20,2019,4.25
2017-04-24,2019,4.25
2017-04-25,2019,4.25
2017-04-26,2019,4.25
2017-04-27,2019,4.2
2017-04-28,2019,4.24
2017-05-02,2019,4.25
2017-05-03,2019,4.25
2017-05-04,2019,4.25
2017-05-05,2019,4.25
2017-05-08,2019,4.25
2017-05-09,2019,4.25
2017-05-10,2019,4.25
2017-05-11,2019,4.25
2017-05-12,2019,4.25
2017-05-15,2019,4.25
2017-05-16,2019,4.28
2017-05-17,2019,4.25
2017-05-18,2019,4.25
2017-05-19,2019,4.25
2017-05-22,2019,4.28
2017-05-23,2019,4.3
2017-05-24,2019,4.3
2017-05-25,2019,4.25
2017-05-26,2019,4.25
2017-05-29,2019,4.25
2017-05-30,2019,4.25
2017-05-31,2019,4.25
2017-06-01,2019,4.25
2017-06-02,2019,4.25
2017-06-05,2019,4.25
2017-06-06,2019,4.25
2017-06-07,2019,4.25
2017-06-08,2019,4.25
2017-06-09,2019,4.25
2017-06-12,2019,4.25
2017-06-13,2019,4.25
2017-06-14,2019,4.25
2017-06-16,2019,4.25
2017-06-19,2019,4.25
2017-06-20,2019,4.25
2017-06-21,2019,4.25
2017-06-22,2019,4.25
2017-06-23,2019,4.25
2017-06-26,2019,4.25
2017-06-27,2019,4.25
2017-06-28,2019,4.25
2017-06-29,2019,4.25
2017-06-30,2019,4.25
2017-07-03,2019,4.25
2017-07-04,2019,4.25
2017-07-05,2019,4.25
2017-07-06,2019,4.25
2017-07-07,2019,4.25
2017-07-10,2019,4.25
2017-07-11,2019,4.25
2017-07-12,2019,4.25
2017-07-13,2019,4.25
2017-07-14,2019,4.25
2017-07-17,2019,4.25
2017-07-18,2019,4.25
2017-07-19,2019,4.25
2017-07-20,2019,4.25
2017-07-21,2019,4.25
2017-07-24,2019,4.25
2017-07-25,2019,4.25
2017-07-26,2019,4.25
2017-07-27,2019,4.25
2017-07-28,2019,4.25
2017-07-31,2019,4.25
2017-08-01,2019,4.25
2017-08-02,2019,4.25
2017-08-03,2019,4.25
2017-08-04,2019,4.25
2017-08-07,2019,4.25
2017-08-08,2019,4.25
2017-08-09,2019,4.25
2017-08-10,2019,4.25
2017-08-11,2019,4.25
2017-08-14,2019,4.25
2017-08-15,2019,4.25
2017-08-16,2019,4.25
2017-08-17,2019,4.25
2017-08-18,2019,4.25
2017-08-21,2019,4.25
2017-08-22,2019,4.25
2017-08-23,2019,4.25
2017-08-24,2019,4.25
2017-08-25,2019,4.25
2017-08-28,2019,4.25
2017-08-29,2019,4.25
2017-08-30,2019,4.25
2017-08-31,2019,4.25
2017-09-01,2019,4.25
2017-09-04,2019,4.25
2017-09-05,2019,4.25
2017-09-06,2019,4.25
2017-09-08,2019,4.25
2017-09-11,2019,4.25
2017-09-12,2019,4.25
2017-09-13,2019,4.25
2017-09-14,2019,4.25
2017-09-15,2019,4.25
2017-09-18,2019,4.25
2017-09-19,2019,4.25
2017-09-20,2019,4.25
2017-09-21,2019,4.25
2017-09-22,2019,4.25
2017-09-25,2019,4.25
2017-09-26,2019,4.25
2017-09-27,2019,4.25
2017-09-28,2019,4.25
2017-09-29,2019,4.25
2017-10-02,2019,4.21
2017-10-03,2019,4.21
2017-10-04,2019,4.18
2017-10-05,2019,4.18
2017-10-06,2019,4.24
2017-10-09,2019,4.25
2017-10-10,2019,4.25
2017-10-11,2019,4.25
2017-10-13,2019,4.25
2017-10-16,2019,4.25
2017-10-17,2019,4.25
2017-10-18,2019,4.25
2017-10-19,2019,4.25
2017-10-20,2019,4.25
2017-10-23,2019,4.25
2017-10-24,2019,4.25
2017-10-25,2019,4.25
2017-10-26,2019,4.21
2017-10-27,2019,4.25
2017-10-30,2019,4.24
2017-10-31,2019,4.24
2017-11-01,2019,4.25
2017-11-03,2019,4.25
2017-11-06,2019,4.25
2017-11-07,2019,4.25
2017-11-08,2019,4.25
2017-11-09,2019,4.25
2017-11-10,2019,4.25
2017-11-13,2019,4.25
2017-11-14,2019,4.25
2017-11-16,2019,4.25
2017-11-17,2019,4.25
2017-11-20,2019,4.25
2017-11-21,2019,4.25
2017-11-22,2019,4.25
2017-11-23,2019,4.25
2017-11-24,2019,4.25
2017-11-27,2019,4.25
2017-11-28,2019,4.25
2017-11-29,2019,4.25
2017-11-30,2019,4.25
2017-12-01,2019,4.25
2017-12-04,2019,4.25
2017-12-05,2019,4.25
2017-12-06,2019,4.25
2017-12-07,2019,4.25
2017-12-08,2019,4.25
2017-12-11,2019,4.25
2017-12-12,2019,4.25
2017-12-13,2019,4.24
2017-12-14,2019,4.24
2017-12-15,2019,4.25
2017-12-18,2019,4.25
2017-12-19,2019,4.25
2017-12-20,2019,4.25
2017-12-21,2019,4.25
2017-12-22,2019,4.25
2017-12-26,2019,4.25
2017-12-27,2019,4.25
2017-12-28,2019,4.25
2017-12-29,2019,4.25
2018-01-02,2019,4.25
2018-01-03,2019,4.25
2018-01-04,2019,4.25
2018-01-05,2019,4.25
2018-01-08,2019,4.25
2018-01-09,2019,4.25
2018-01-10,2019,4.25
2018-01-11,2019,4.25
2018-01-12,2019,4.25
2018-01-15,2019,4.25
2018-01-16,2019,4.22
2018-01-17,2019,4.24
2018-01-18,2019,4.25
2018-01-19,2019,4.25
2018-01-22,2019,4.25
2018-01-23,2019,4.25
2018-01-24,2019,4.25
2018-01-25,2019,4.25
2018-01-26,2019,4.25
2018-01-29,2019,4.21
2018-01-30,2019,4.22
2018-01-31,2019,4.22
2018-02-01,2019,4.22
2018-02-02,2019,4.22
2018-02-05,2019,4.22
2018-02-06,2019,4.25
2018-02-07,2019,4.25
2018-02-08,2019,4.25
2018-02-09,2019,4.25
2018-02-14,2019,4.22
2018-02-15,2019,4.2
2018-02-16,2019,4.2
2018-02-19,2019,4.21
2018-02-20,2019,4.25
2018-02-21,2019,4.23
2018-02-22,2019,4.25
2018-02-23,2019,4.24
2018-02-26,2019,4.25
2018-02-27,2019,4.25
2018-02-28,2019,4.25
2018-03-01,2019,4.25
2018-03-02,2019,4.25
2018-03-05,2019,4.2
2018-03-06,2019,4.1
2018-03-07,2019,4.1
2018-03-08,2019,4.1
2018-03-09,2019,4.13
2018-03-12,2019,4.2
2018-03-13,2019,4.2
2018-03-14,2019,4.13
2018-03-15,2019,4.16
2018-03-16,2019,4.15
2018-03-19,2019,4.19
2018-03-20,2019,4.15
2018-03-21,2019,4.2
2018-03-22,2019,4.1
2018-03-23,2019,4.08
2018-03-26,2019,4.1
2018-03-27,2019,4.07
2018-03-28,2019,4.1
2018-03-29,2019,4.1
2018-04-02,2019,4.1
2018-04-03,2019,4.05
2018-04-04,2019,4.1
2018-04-05,2019,4.15
2018-04-06,2019,4.2
2018-04-09,2019,4.24
2018-04-10,2019,4.1
2018-04-11,2019,4.1
2018-04-12,2019,4.1
2018-04-13,2019,4.1
2018-04-16,2019,4.1
2018-04-17,2019,4.1
2018-04-18,2019,4.1
2018-04-19,2019,4.01
2018-04-20,2019,4.03
2018-04-23,2019,4.04
2018-04-24,2019,4.03
2018-04-25,2019,4.04
2018-04-26,2019,4.1
2018-04-27,2019,4.05
2018-04-30,2019,4.0
2018-05-02,2019,4.0
2018-05-03,2019,4.0
2018-05-04,2019,4.0
2018-05-07,2019,4.05
2018-05-08,2019,4.0
2018-05-09,2019,4.0
2018-05-10,2019,4.0
2018-05-11,2019,4.01
2018-05-14,2019,4.01
2018-05-15,2019,4.06
2018-05-16,2019,4.0
2018-05-17,2019,4.04
2018-05-18,2019,4.05
2018-05-21,2019,4.01
2018-05-22,2019,4.0
2018-05-23,2019,4.0
2018-05-24,2019,4.0
2018-05-25,2019,4.0
2018-05-28,2019,4.01
2018-05-29,2019,4.04
2018-05-30,2019,4.1
2018-06-01,2019,4.06
2018-06-04,2019,4.02
2018-06-05,2019,4.0
2018-06-06,2019,4.0
2018-06-07,2019,4.1
2018-06-08,2019,4.1
2018-06-11,2019,4.1
2018-06-12,2019,4.11
2018-06-13,2019,4.1
2018-06-14,2019,4.1
2018-06-15,2019,4.1
2018-06-18,2019,4.1
2018-06-19,2019,4.1
2018-06-20,2019,4.1
2018-06-21,2019,4.1
2018-06-22,2019,4.1
2018-06-25,2019,4.1
2018-06-26,2019,4.1
2018-06-27,2019,4.08
2018-06-28,2019,4.1
2018-06-29,2019,4.1
2018-07-02,2019,4.1
2018-07-03,2019,4.1
2018-07-04,2019,4.1
2018-07-05,2019,4.1
2018-07-06,2019,4.1
2018-07-09,2019,4.2
2018-07-10,2019,4.12
2018-07-11,2019,4.15
2018-07-12,2019,4.1
2018-07-13,2019,4.1
2018-07-16,2019,4.1
2018-07-17,2019,4.1
2018-07-18,2019,4.1
2018-07-19,2019,4.1
2018-07-20,2019,4.1
2018-07-23,2019,4.1
2018-07-24,2019,4.1
2018-07-25,2019,4.1
2018-07-26,2019,4.11
2018-07-27,2019,4.11
2018-07-30,2019,4.1
2018-07-31,2019,4.09
2018-08-01,2019,4.09
2018-08-02,2019,4.09
2018-08-03,2019,4.1
2018-08-06,2019,4.07
2018-08-07,2019,4.03
2018-08-08,2019,4.07
2018-08-09,2019,4.13
2018-08-10,2019,4.14
2018-08-13,2019,4.14
2018-08-14,2019,4.15
2018-08-15,2019,4.16
2018-08-16,2019,4.15
2018-08-17,2019,4.13
2018-08-20,2019,4.12
2018-08-21,2019,4.11
2018-08-22,2019,4.11
2018-08-23,2019,4.1
2018-08-24,2019,4.1
2018-08-27,2019,4.1
2018-08-28,2019,4.1
2018-08-29,2019,4.1
2018-08-30,2019,4.1
2018-08-31,2019,4.05
2018-09-03,2019,4.05
2018-09-04,2019,4.11
2018-09-05,2019,4.11
2018-09-06,2019,4.1
2018-09-10,2019,4.13
2018-09-11,2019,4.11
2018-09-12,2019,4.13
2018-09-13,2019,4.15
2018-09-14,2019,4.19
2018-09-17,2019,4.23
2018-09-18,2019,4.21
2018-09-19,2019,4.19
2018-09-20,2019,4.18
2018-09-21,2019,4.19
2018-09-24,2019,4.19
2018-09-25,2019,4.18
2018-09-26,2019,4.2
2018-09-27,2019,4.19
2018-09-28,2019,4.17
2018-10-01,2019,4.19
2018-10-02,2019,4.17
2018-10-03,2019,4.19
2018-10-04,2019,4.19
2018-10-05,2019,4.19
2018-10-08,2019,4.17
2018-10-09,2019,4.16
2018-10-10,2019,4.15
2018-10-11,2019,4.19
2018-10-15,2019,4.2
2018-10-16,2019,4.22
2018-10-17,2019,4.23
2018-10-18,2019,4.21
2018-10-19,2019,4.2
2018-10-22,2019,4.22
2018-10-23,2019,4.22
2018-10-24,2019,4.22
2018-10-25,2019,4.22
2018-10-26,2019,4.23
2018-10-29,2019,4.24
2018-10-30,2019,4.23
2018-10-31,2019,4.23
2018-11-01,2019,4.14
2018-11-05,2019,4.14
2018-11-06,2019,4.16
2018-11-07,2019,4.17
2018-11-08,2019,4.18
2018-11-09,2019,4.2
2018-11-12,2019,4.2
2018-11-13,2019,4.21
2018-11-14,2019,4.17
2018-11-16,2019,4.12
2018-11-19,2019,4.1
2018-11-20,2019,4.08
2018-11-21,2019,4.09
2018-11-22,2019,4.1
2018-11-23,2019,4.1
2018-11-26,2019,4.1
2018-11-27,2019,4.1
2018-11-28,2019,4.1
2018-11-29,2019,4.06
2018-11-30,2019,4.06
2018-12-03,2019,4.04
2018-12-04,2019,4.04
2018-12-05,2019,4.01
2018-12-06,2019,4.03
2018-12-07,2019,4.03
2018-12-10,2019,4.03
2018-12-11,2019,4.03
2018-12-12,2019,4.04
2018-12-13,2019,4.02
2018-12-14,2019,4.04
2018-12-17,2019,4.03
2018-12-18,2019,4.03
2018-12-19,2019,4.01
2018-12-20,2019,4.01
2018-12-21,2019,4.03
2018-12-24,2019,4.03
2018-12-26,2019,4.01
2018-12-27,2019,4.0
2018-12-28,2019,4.03
2018-12-31,2019,3.99
2019-01-02,2019,4.01
2019-01-03,2019,4.01
2019-01-04,2019,4.0
2019-01-07,2019,4.0
2019-01-08,2019,3.99
2019-01-09,2019,3.99
2019-01-10,2019,3.99
2019-01-11,2019,4.02
2019-01-14,2019,4.02
2019-01-15,2019,4.03
2019-01-16,2019,4.04
2019-01-17,2019,4.04
2019-01-18,2019,4.0
2019-01-21,2019,4.0
2019-01-22,2019,3.98
2019-01-23,2019,3.98
2019-01-24,2019,3.98
2019-01-25,2019,3.99
2019-01-28,2019,4.0
2019-01-29,2019,4.0
2019-01-30,2019,3.96
2019-01-31,2019,3.94
2019-02-01,2019,3.9
2019-02-04,2019,3.89
2019-02-05,2019,3.89
2019-02-06,2019,3.89
2019-02-07,2019,3.88
2019-02-08,2019,3.87
2019-02-11,2019,3.85
2019-02-12,2019,3.86
2019-02-13,2019,3.85
2019-02-14,2019,3.86
2019-02-15,2019,3.89
2019-02-18,2019,3.9
2019-02-19,2019,3.9
2019-02-20,2019,3.9
2019-02-21,2019,3.9
2019-02-22,2019,3.88
2019-02-25,2019,3.84
2019-02-26,2019,3.87
2019-02-27,2019,3.92
2019-02-28,2019,3.91
2019-03-01,2019,3.9
2019-03-06,2019,3.9
2019-03-07,2019,3.86
2019-03-08,2019,3.86
2019-03-11,2019,3.83
2019-03-12,2019,3.9
2019-03-13,2019,3.87
2019-03-14,2019,3.87
2019-03-15,2019,3.88
2019-03-18,2019,3.88
2019-03-19,2019,3.88
2019-03-20,2019,3.88
2019-03-21,2019,3.87
2019-03-22,2019,3.86
2019-03-25,2019,3.9
2019-03-26,2019,3.9
2019-03-27,2019,3.9
2019-03-28,2019,3.9
2019-03-29,2019,3.9
2019-04-01,2019,3.87
2019-04-02,2019,3.89
2019-04-03,2019,3.9
2019-04-04,2019,3.9
2019-04-05,2019,3.93
2019-04-08,2019,3.92
2019-04-09,2019,3.91
2019-04-10,2019,4.06
2019-04-11,2019,4.03
2019-04-12,2019,4.03
2019-04-15,2019,4.02
2019-04-16,2019,4.0
2019-04-17,2019,4.0
2019-04-18,2019,4.0
2019-04-22,2019,4.01
2019-04-23,2019,4.0
2019-04-24,2019,4.0
2019-04-25,2019,4.0
2019-04-26,2019,4.04
2019-04-29,2019,4.04
2019-04-30,2019,4.04
2019-05-02,2019,4.05
2019-05-03,2019,4.04
2019-05-06,2019,4.04
2019-05-07,2019,4.05
2019-05-08,2019,4.05
2019-05-09,2019,4.04
2019-05-10,2019,4.11
2019-05-13,2019,4.11
2019-05-14,2019,4.13
2019-05-15,2019,4.12
2019-05-16,2019,4.11
2019-05-17,2019,4.11
2019-05-20,2019,4.11
2019-05-21,2019,4.1
2019-05-22,2019,4.11
2019-05-23,2019,4.11
2019-05-24,2019,4.1
2019-05-27,2019,4.05
2019-05-28,2019,4.02
2019-05-29,2019,4.01
2019-05-30,2019,3.98
2019-05-31,2019,3.98
2019-06-03,2019,3.99
2019-06-04,2019,3.99
2019-06-05,2019,4.0
2019-06-06,2019,3.99
2019-06-07,2019,3.85
2019-06-10,2019,3.83
2019-06-11,2019,3.83
2019-06-12,2019,3.82
2019-06-13,2019,3.82
2019-06-14,2019,3.83
2019-06-17,2019,3.8
2019-06-18,2019,3.8
2019-06-19,2019,3.8
2019-06-21,2019,3.8
2019-06-24,2019,3.79
2019-06-25,2019,3.82
2019-06-26,2019,3.82
2019-06-27,2019,3.81
2019-06-28,2019,3.79
2019-07-01,2019,3.78
2019-07-02,2019,3.79
2019-07-03,2019,3.79
2019-07-04,2019,3.8
2019-07-05,2019,3.8
2019-07-08,2019,3.82
2019-07-09,2019,3.82
2019-07-10,2019,3.83
2019-07-11,2019,3.81
2019-07-12,2019,3.78
2019-07-15,2019,3.77
2019-07-16,2019,3.77
2019-07-17,2019,3.78
2019-07-18,2019,3.77
2019-07-19,2019,3.77
2019-07-22,2019,3.79
2019-07-23,2019,3.8
2019-07-24,2019,3.81
2019-07-25,2019,3.8
2019-07-26,2019,3.8
2019-07-29,2019,3.8
2019-07-30,2019,3.8
2019-07-31,2019,3.79
2019-08-01,2019,3.79
2019-08-02,2019,3.77
2019-08-05,2019,3.77
2019-08-06,2019,3.76
2019-08-07,2019,3.75
2019-08-08,2019,3.65
2019-08-09,2019,3.67
2019-08-12,2019,3.69
2019-08-13,2019,3.67
2019-08-14,2019,3.7
2019-08-15,2019,3.7
2019-08-16,2019,3.7
2019-08-19,2019,3.71
2019-08-20,2019,3.71
2019-08-21,2019,3.71
2019-08-22,2019,3.66
2019-08-23,2019,3.61
2019-08-26,2019,3.55
2019-08-27,2019,3.53
2019-08-28,2019,3.53
2019-08-29,2019,3.57
2019-08-30,2019,3.57
2019-09-02,2019,3.57
2019-09-03,2019,3.57
2019-09-04,2019,3.57
2019-09-05,2019,3.56
2019-09-06,2019,3.54
2019-09-09,2019,3.5
2019-09-10,2019,3.49
2019-09-11,2019,3.48
2019-09-12,2019,3.48
2019-09-13,2019,3.43
2019-09-16,2019,3.43
2019-09-17,2019,3.43
2019-09-18,2019,3.43
2019-09-19,2019,3.43
2019-09-20,2019,3.42
2019-09-23,2019,3.42
2019-09-24,2019,3.42
2019-09-25,2019,3.43
2019-09-26,2019,3.43
2019-09-27,2019,3.42
2019-09-30,2019,3.42
2019-10-01,2019,3.4
2019-10-02,2019,3.4
2019-10-03,2019,3.4
2019-10-04,2019,3.4
2019-10-07,2019,3.42
2019-10-08,2019,3.42
2019-10-09,2019,3.29
2019-10-10,2019,3.26
2019-10-11,2019,3.21
2019-10-14,2019,3.22
2019-10-15,2019,3.22
2019-10-16,2019,3.24
2019-10-17,2019,3.23
2019-10-18,2019,3.26
2019-10-21,2019,3.25
2019-10-22,2019,3.25
2019-10-23,2019,3.25
2019-10-24,2019,3.25
2019-10-25,2019,3.29
2019-10-28,2019,3.3
2019-10-29,2019,3.3
2019-10-30,2019,3.3
2019-10-31,2019,3.3
2019-11-01,2019,3.28
2019-11-04,2019,3.28
2019-11-05,2019,3.28
2019-11-06,2019,3.28
2019-11-07,2019,3.33
2019-11-08,2019,3.35
2019-11-11,2019,3.35
2019-11-12,2019,3.35
2019-11-13,2019,3.35
2019-11-14,2019,3.35
2019-11-18,2019,3.35
2019-11-19,2019,3.37
2019-11-20,2019,3.38
2019-11-21,2019,3.4
2019-11-22,2019,3.5
2019-11-25,2019,3.51
2019-11-26,2019,3.52
2019-11-27,2019,3.52
2019-11-28,2019,3.55
2019-11-29,2019,3.61
2019-12-02,2019,3.64
2019-12-03,2019,3.7
2019-12-04,2019,3.72
2019-12-05,2019,3.73
2019-12-06,2019,3.86
2019-12-09,2019,3.87
2019-12-10,2019,3.88
2019-12-11,2019,3.88
2019-12-12,2019,3.9
2019-12-13,2019,3.92
2019-12-16,2019,4.0
2019-12-17,2019,4.02
2019-12-18,2019,4.07
2019-12-19,2019,4.09
2019-12-20,2019,4.15
2019-12-23,2019,4.15
2019-12-24,2019,4.16
2019-12-26,2019,4.15
2019-12-27,2019,4.17
2019-12-30,2019,4.18
2019-12-31,2019,4.2
2020-01-02,2019,4.2
2020-01-03,2019,4.2
2020-01-06,2019,4.21
2020-01-07,2019,4.2
2020-01-08,2019,4.2
2020-01-09,2019,4.2
2016-01-08,2020,4.5
2016-01-11,2020,4.5
2016-01-12,2020,4.5
2016-01-13,2020,4.5
2016-01-14,2020,4.5
2016-01-15,2020,4.5
2016-01-18,2020,4.7
2016-01-19,2020,5.0
2016-01-20,2020,5.0
2016-01-21,2020,5.0
2016-01-22,2020,5.5
2016-01-25,2020,5.0
2016-01-26,2020,5.0
2016-01-27,2020,5.5
2016-01-28,2020,5.5
2016-01-29,2020,5.5
2016-02-01,2020,5.5
2016-02-02,2020,5.0
2016-02-03,2020,5.0
2016-02-04,2020,5.0
2016-02-05,2020,5.0
2016-02-10,2020,5.0
2016-02-11,2020,5.0
2016-02-12,2020,4.9
2016-02-15,2020,5.0
2016-02-16,2020,4.8
2016-02-17,2020,5.0
2016-02-18,2020,5.0
2016-02-19,2020,5.0
2016-02-22,2020,5.0
2016-02-23,2020,5.0
2016-02-24,2020,5.0
2016-02-25,2020,5.0
2016-02-26,2020,5.0
2016-02-29,2020,5.0
2016-03-01,2020,5.0
2016-03-02,2020,5.0
2016-03-03,2020,5.0
2016-03-04,2020,5.5
2016-03-07,2020,5.5
2016-03-08,2020,5.0
2016-03-09,2020,4.6
2016-03-10,2020,5.0
2016-03-11,2020,5.0
2016-03-14,2020,4.6
2016-03-15,2020,4.75
2016-03-16,2020,5.0
2016-03-17,2020,4.5
2016-03-18,2020,4.5
2016-03-21,2020,4.91
2016-03-22,2020,5.0
2016-03-23,2020,5.0
2016-03-24,2020,5.0
2016-03-28,2020,5.0
2016-03-29,2020,5.0
2016-03-30,2020,5.0
2016-03-31,2020,4.87
2016-04-01,2020,4.81
2016-04-04,2020,4.92
2016-04-05,2020,4.92
2016-04-06,2020,5.0
2016-04-07,2020,5.0
2016-04-08,2020,5.0
2016-04-11,2020,4.81
2016-04-12,2020,4.81
2016-04-13,2020,4.81
2016-04-14,2020,4.81
2016-04-15,2020,4.69
2016-04-18,2020,4.58
2016-04-19,2020,5.0
2016-04-20,2020,5.0
2016-04-22,2020,5.0
2016-04-25,2020,4.74
2016-04-26,2020,5.0
2016-04-27,2020,4.5
2016-04-28,2020,4.5
2016-04-29,2020,4.85
2016-05-02,2020,5.0
2016-05-03,2020,4.85
2016-05-04,2020,5.0
2016-05-05,2020,5.0
2016-05-06,2020,4.5
2016-05-09,2020,4.55
2016-05-10,2020,4.7
2016-05-11,2020,4.7
2016-05-12,2020,4.5
2016-05-13,2020,4.65
2016-05-16,2020,4.5
2016-05-17,2020,4.5
2016-05-18,2020,4.5
2016-05-19,2020,4.5
2016-05-20,2020,4.5
2016-05-23,2020,4.5
2016-05-24,2020,4.5
2016-05-25,2020,4.5
2016-05-27,2020,4.5
2016-05-30,2020,4.5
2016-05-31,2020,4.5
2016-06-01,2020,4.7
2016-06-02,2020,4.55
2016-06-03,2020,4.5
2016-06-06,2020,4.5
2016-06-07,2020,4.5
2016-06-08,2020,4.5
2016-06-09,2020,4.5
2016-06-10,2020,4.5
2016-06-13,2020,4.5
2016-06-14,2020,4.5
2016-06-15,2020,4.5
2016-06-16,2020,4.5
2016-06-17,2020,4.5
2016-06-20,2020,4.5
2016-06-21,2020,4.5
2016-06-22,2020,4.5
2016-06-23,2020,4.5
2016-06-24,2020,4.5
2016-06-27,2020,4.5
2016-06-28,2020,4.5
2016-06-29,2020,4.5
2016-06-30,2020,4.5
2016-07-01,2020,4.5
2016-07-04,2020,4.5
2016-07-05,2020,4.5
2016-07-06,2020,4.5
2016-07-07,2020,4.5
2016-07-08,2020,4.5
2016-07-11,2020,4.5
2016-07-12,2020,4.5
2016-07-13,2020,4.5
2016-07-14,2020,4.5
2016-07-15,2020,4.5
2016-07-18,2020,4.5
2016-07-19,2020,4.5
2016-07-20,2020,4.5
2016-07-21,2020,4.5
2016-07-22,2020,4.5
2016-07-25,2020,4.5
2016-07-26,2020,4.5
2016-07-27,2020,4.5
2016-07-28,2020,4.5
2016-07-29,2020,4.5
2016-08-01,2020,4.5
2016-08-02,2020,4.5
2016-08-03,2020,4.5
2016-08-04,2020,4.5
2016-08-05,2020,4.5
2016-08-08,2020,4.5
2016-08-09,2020,4.5
2016-08-10,2020,4.5
2016-08-11,2020,4.5
2016-08-12,2020,4.5
2016-08-15,2020,4.5
2016-08-16,2020,4.5
2016-08-17,2020,4.5
2016-08-18,2020,4.5
2016-08-19,2020,4.5
2016-08-22,2020,4.5
2016-08-23,2020,4.5
2016-08-24,2020,4.5
2016-08-25,2020,4.5
2016-08-26,2020,4.5
2016-08-29,2020,4.5
2016-08-30,2020,4.5
2016-08-31,2020,4.5
2016-09-01,2020,4.5
2016-09-02,2020,4.5
2016-09-05,2020,4.5
2016-09-06,2020,4.5
2016-09-08,2020,4.5
2016-09-09,2020,4.5
2016-09-12,2020,4.5
2016-09-13,2020,4.5
2016-09-14,2020,4.5
2016-09-15,2020,4.5
2016-09-16,2020,4.5
2016-09-19,2020,4.5
2016-09-20,2020,4.5
2016-09-21,2020,4.5
2016-09-22,2020,4.5
2016-09-23,2020,4.5
2016-09-26,2020,4.5
2016-09-27,2020,4.5
2016-09-28,2020,4.5
2016-09-29,2020,4.5
2016-09-30,2020,4.5
2016-10-03,2020,4.5
2016-10-04,2020,4.5
2016-10-05,2020,4.5
2016-10-06,2020,4.5
2016-10-07,2020,4.5
2016-10-10,2020,4.5
2016-10-11,2020,4.5
2016-10-13,2020,4.5
2016-10-14,2020,4.5
2016-10-17,2020,4.5
2016-10-18,2020,4.5
2016-10-19,2020,4.5
2016-10-20,2020,4.5
2016-10-21,2020,4.5
2016-10-24,2020,4.5
2016-10-25,2020,4.5
2016-10-26,2020,4.5
2016-10-27,2020,4.5
2016-10-28,2020,4.5
2016-10-31,2020,4.5
2016-11-01,2020,4.5
2016-11-03,2020,4.5
2016-11-04,2020,4.5
2016-11-07,2020,4.5
2016-11-08,2020,4.5
2016-11-09,2020,4.5
2016-11-10,2020,4.5
2016-11-11,2020,4.5
2016-11-14,2020,4.5
2016-11-16,2020,4.5
2016-11-17,2020,4.5
2016-11-18,2020,4.5
2016-11-21,2020,4.5
2016-11-22,2020,4.5
2016-11-23,2020,4.5
2016-11-24,2020,4.5
2016-11-25,2020,4.5
2016-11-28,2020,4.5
2016-11-29,2020,4.5
2016-11-30,2020,4.5
2016-12-01,2020,4.5
2016-12-02,2020,4.5
2016-12-05,2020,4.5
2016-12-06,2020,4.5
2016-12-07,2020,4.5
2016-12-08,2020,4.5
2016-12-09,2020,4.5
2016-12-12,2020,4.5
2016-12-13,2020,4.5
2016-12-14,2020,4.5
2016-12-15,2020,4.5
2016-12-16,2020,4.5
2016-12-19,2020,4.5
2016-12-20,2020,4.5
2016-12-21,2020,4.5
2016-12-22,2020,4.5
2016-12-23,2020,4.5
2016-12-26,2020,4.5
2016-12-27,2020,4.5
2016-12-28,2020,4.5
2016-12-29,2020,4.5
2016-12-30,2020,4.5
2017-01-02,2020,4.5
2017-01-03,2020,4.5
2017-01-04,2020,4.5
2017-01-05,2020,4.5
2017-01-06,2020,4.5
2017-01-09,2020,4.5
2017-01-10,2020,4.5
2017-01-11,2020,4.5
2017-01-12,2020,4.5
2017-01-13,2020,4.5
2017-01-16,2020,4.5
2017-01-17,2020,4.5
2017-01-18,2020,4.5
2017-01-19,2020,4.5
2017-01-20,2020,4.5
2017-01-23,2020,4.5
2017-01-24,2020,4.5
2017-01-25,2020,4.5
2017-01-26,2020,4.25
2017-01-27,2020,4.25
2017-01-30,2020,4.5
2017-01-31,2020,4.5
2017-02-01,2020,4.5
2017-02-02,2020,4.48
2017-02-03,2020,4.5
2017-02-06,2020,4.5
2017-02-07,2020,4.5
2017-02-08,2020,4.5
2017-02-09,2020,4.5
2017-02-10,2020,4.5
2017-02-13,2020,4.5
2017-02-14,2020,4.5
2017-02-15,2020,4.44
2017-02-16,2020,4.25
2017-02-17,2020,4.4
2017-02-20,2020,4.41
2017-02-21,2020,4.45
2017-02-22,2020,4.5
2017-02-23,2020,4.5
2017-02-24,2020,4.5
2017-03-01,2020,4.5
2017-03-02,2020,4.5
2017-03-03,2020,4.45
2017-03-06,2020,4.5
2017-03-07,2020,4.5
2017-03-08,2020,4.5
2017-03-09,2020,4.5
2017-03-10,2020,4.5
2017-03-13,2020,4.48
2017-03-14,2020,4.35
2017-03-15,2020,4.25
2017-03-16,2020,4.25
2017-03-17,2020,4.25
2017-03-20,2020,4.25
2017-03-21,2020,4.25
2017-03-22,2020,4.25
2017-03-23,2020,4.25
2017-03-24,2020,4.25
2017-03-27,2020,4.25
2017-03-28,2020,4.25
2017-03-29,2020,4.38
2017-03-30,2020,4.25
2017-03-31,2020,4.25
2017-04-03,2020,4.25
2017-04-04,2020,4.25
2017-04-05,2020,4.25
2017-04-06,2020,4.13
2017-04-07,2020,4.25
2017-04-10,2020,4.25
2017-04-11,2020,4.25
2017-04-12,2020,4.34
2017-04-13,2020,4.25
2017-04-17,2020,4.25
2017-04-18,2020,4.25
2017-04-19,2020,4.25
2017-04-20,2020,4.25
2017-04-24,2020,4.25
2017-04-25,2020,4.25
2017-04-26,2020,4.25
2017-04-27,2020,4.0
2017-04-28,2020,4.0
2017-05-02,2020,4.25
2017-05-03,2020,4.25
2017-05-04,2020,4.13
2017-05-05,2020,4.0
2017-05-08,2020,4.25
2017-05-09,2020,4.25
2017-05-10,2020,4.11
2017-05-11,2020,4.25
2017-05-12,2020,4.25
2017-05-15,2020,4.25
2017-05-16,2020,4.25
2017-05-17,2020,4.25
2017-05-18,2020,4.25
2017-05-19,2020,4.25
2017-05-22,2020,4.25
2017-05-23,2020,4.25
2017-05-24,2020,4.25
2017-05-25,2020,4.25
2017-05-26,2020,4.25
2017-05-29,2020,4.23
2017-05-30,2020,4.25
2017-05-31,2020,4.25
2017-06-01,2020,4.25
2017-06-02,2020,4.25
2017-06-05,2020,4.25
2017-06-06,2020,4.25
2017-06-07,2020,4.25
2017-06-08,2020,4.25
2017-06-09,2020,4.25
2017-06-12,2020,4.25
2017-06-13,2020,4.25
2017-06-14,2020,4.25
2017-06-16,2020,4.25
2017-06-19,2020,4.25
2017-06-20,2020,4.25
2017-06-21,2020,4.25
2017-06-22,2020,4.25
2017-06-23,2020,4.25
2017-06-26,2020,4.25
2017-06-27,2020,4.25
2017-06-28,2020,4.25
2017-06-29,2020,4.0
2017-06-30,2020,4.0
2017-07-03,2020,4.0
2017-07-04,2020,4.0
2017-07-05,2020,4.0
2017-07-06,2020,4.0
2017-07-07,2020,4.0
2017-07-10,2020,4.0
2017-07-11,2020,4.0
2017-07-12,2020,4.0
2017-07-13,2020,4.0
2017-07-14,2020,4.0
2017-07-17,2020,4.0
2017-07-18,2020,4.0
2017-07-19,2020,4.0
2017-07-20,2020,4.0
2017-07-21,2020,4.0
2017-07-24,2020,4.0
2017-07-25,2020,4.0
2017-07-26,2020,4.0
2017-07-27,2020,4.0
2017-07-28,2020,4.0
2017-07-31,2020,4.0
2017-08-01,2020,4.0
2017-08-02,2020,4.0
2017-08-03,2020,4.0
2017-08-04,2020,4.0
2017-08-07,2020,4.0
2017-08-08,2020,4.0
2017-08-09,2020,4.0
2017-08-10,2020,4.0
2017-08-11,2020,4.0
2017-08-14,2020,4.0
2017-08-15,2020,4.0
2017-08-16,2020,4.0
2017-08-17,2020,4.0
2017-08-18,2020,4.0
2017-08-21,2020,4.0
2017-08-22,2020,4.0
2017-08-23,2020,4.0
2017-08-24,2020,4.0
2017-08-25,2020,4.0
2017-08-28,2020,4.0
2017-08-29,2020,4.0
2017-08-30,2020,4.0
2017-08-31,2020,4.0
2017-09-01,2020,4.0
2017-09-04,2020,4.0
2017-09-05,2020,4.0
2017-09-06,2020,4.0
2017-09-08,2020,4.0
2017-09-11,2020,4.0
2017-09-12,2020,4.0
2017-09-13,2020,4.0
2017-09-14,2020,4.0
2017-09-15,2020,4.0
2017-09-18,2020,4.0
2017-09-19,2020,4.0
2017-09-20,2020,4.0
2017-09-21,2020,4.0
2017-09-22,2020,4.0
2017-09-25,2020,4.0
2017-09-26,2020,4.0
2017-09-27,2020,4.0
2017-09-28,2020,4.0
2017-09-29,2020,4.0
2017-10-02,2020,4.0
2017-10-03,2020,4.0
2017-10-04,2020,4.0
2017-10-05,2020,4.0
2017-10-06,2020,4.0
2017-10-09,2020,4.0
2017-10-10,2020,4.0
2017-10-11,2020,4.0
2017-10-13,2020,4.0
2017-10-16,2020,4.0
2017-10-17,2020,4.0
2017-10-18,2020,4.0
2017-10-19,2020,4.0
2017-10-20,2020,4.0
2017-10-23,2020,4.0
2017-10-24,2020,4.0
2017-10-25,2020,4.0
2017-10-26,2020,4.0
2017-10-27,2020,4.0
2017-10-30,2020,4.0
2017-10-31,2020,4.0
2017-11-01,2020,4.0
2017-11-03,2020,4.0
2017-11-06,2020,4.0
2017-11-07,2020,4.0
2017-11-08,2020,4.0
2017-11-09,2020,4.0
2017-11-10,2020,4.0
2017-11-13,2020,4.0
2017-11-14,2020,4.0
2017-11-16,2020,4.0
2017-11-17,2020,4.0
2017-11-20,2020,4.0
2017-11-21,2020,4.0
2017-11-22,2020,4.0
2017-11-23,2020,4.0
2017-11-24,2020,4.0
2017-11-27,2020,4.0
2017-11-28,2020,4.0
2017-11-29,2020,4.0
2017-11-30,2020,4.0
2017-12-01,2020,4.0
2017-12-04,2020,4.0
2017-12-05,2020,4.0
2017-12-06,2020,4.0
2017-12-07,2020,4.0
2017-12-08,2020,4.0
2017-12-11,2020,4.0
2017-12-12,2020,4.0
2017-12-13,2020,4.0
2017-12-14,2020,4.0
2017-12-15,2020,4.0
2017-12-18,2020,4.0
2017-12-19,2020,4.0
2017-12-20,2020,4.0
2017-12-21,2020,4.0
2017-12-22,2020,4.0
2017-12-26,2020,4.0
2017-12-27,2020,4.0
2017-12-28,2020,4.0
2017-12-29,2020,4.0
2018-01-02,2020,4.0
2018-01-03,2020,4.0
2018-01-04,2020,4.0
2018-01-05,2020,4.0
2018-01-08,2020,4.0
2018-01-09,2020,4.0
2018-01-10,2020,4.0
2018-01-11,2020,4.0
2018-01-12,2020,4.0
2018-01-15,2020,4.0
2018-01-16,2020,4.0
2018-01-17,2020,4.0
2018-01-18,2020,4.0
2018-01-19,2020,4.0
2018-01-22,2020,4.0
2018-01-23,2020,4.0
2018-01-24,2020,4.0
2018-01-25,2020,4.0
2018-01-26,2020,4.0
2018-01-29,2020,4.0
2018-01-30,2020,4.0
2018-01-31,2020,4.0
2018-02-01,2020,4.0
2018-02-02,2020,4.0
2018-02-05,2020,4.0
2018-02-06,2020,4.0
2018-02-07,2020,4.0
2018-02-08,2020,4.0
2018-02-09,2020,4.0
2018-02-14,2020,4.0
2018-02-15,2020,4.0
2018-02-16,2020,4.0
2018-02-19,2020,4.0
2018-02-20,2020,4.0
2018-02-21,2020,4.0
2018-02-22,2020,4.0
2018-02-23,2020,4.0
2018-02-26,2020,4.0
2018-02-27,2020,4.0
2018-02-28,2020,4.0
2018-03-01,2020,4.0
2018-03-02,2020,4.0
2018-03-05,2020,4.0
2018-03-06,2020,4.0
2018-03-07,2020,4.0
2018-03-08,2020,4.0
2018-03-09,2020,4.0
2018-03-12,2020,4.0
2018-03-13,2020,4.0
2018-03-14,2020,4.0
2018-03-15,2020,4.0
2018-03-16,2020,4.0
2018-03-19,2020,4.0
2018-03-20,2020,4.0
2018-03-21,2020,4.0
2018-03-22,2020,4.0
2018-03-23,2020,4.0
2018-03-26,2020,4.0
2018-03-27,2020,4.0
2018-03-28,2020,4.0
2018-03-29,2020,4.0
2018-04-02,2020,4.0
2018-04-03,2020,4.0
2018-04-04,2020,4.0
2018-04-05,2020,4.0
2018-04-06,2020,4.0
2018-04-09,2020,4.0
2018-04-10,2020,4.0
2018-04-11,2020,4.0
2018-04-12,2020,4.0
2018-04-13,2020,4.0
2018-04-16,2020,4.0
2018-04-17,2020,4.0
2018-04-18,2020,4.0
2018-04-19,2020,4.0
2018-04-20,2020,4.0
2018-04-23,2020,4.0
2018-04-24,2020,4.0
2018-04-25,2020,4.0
2018-04-26,2020,4.0
2018-04-27,2020,4.0
2018-04-30,2020,4.0
2018-05-02,2020,4.0
2018-05-03,2020,4.0
2018-05-04,2020,4.0
2018-05-07,2020,4.0
2018-05-08,2020,4.0
2018-05-09,2020,4.0
2018-05-10,2020,4.0
2018-05-11,2020,4.0
2018-05-14,2020,4.0
2018-05-15,2020,4.0
2018-05-16,2020,4.0
2018-05-17,2020,4.0
2018-05-18,2020,4.0
2018-05-21,2020,4.0
2018-05-22,2020,4.0
2018-05-23,2020,4.0
2018-05-24,2020,4.0
2018-05-25,2020,4.0
2018-05-28,2020,4.0
2018-05-29,2020,4.0
2018-05-30,2020,4.0
2018-06-01,2020,4.0
2018-06-04,2020,4.0
2018-06-05,2020,4.0
2018-06-06,2020,4.0
2018-06-07,2020,4.0
2018-06-08,2020,4.0
2018-06-11,2020,4.0
2018-06-12,2020,4.0
2018-06-13,2020,4.0
2018-06-14,2020,4.0
2018-06-15,2020,4.0
2018-06-18,2020,4.0
2018-06-19,2020,4.0
2018-06-20,2020,4.0
2018-06-21,2020,4.0
2018-06-22,2020,4.0
2018-06-25,2020,4.0
2018-06-26,2020,4.0
2018-06-27,2020,4.0
2018-06-28,2020,4.0
2018-06-29,2020,4.0
2018-07-02,2020,4.0
2018-07-03,2020,4.0
2018-07-04,2020,4.0
2018-07-05,2020,4.0
2018-07-06,2020,4.0
2018-07-09,2020,4.0
2018-07-10,2020,4.0
2018-07-11,2020,4.0
2018-07-12,2020,4.0
2018-07-13,2020,4.0
2018-07-16,2020,4.0
2018-07-17,2020,4.0
2018-07-18,2020,4.0
2018-07-19,2020,4.0
2018-07-20,2020,4.0
2018-07-23,2020,4.0
2018-07-24,2020,4.0
2018-07-25,2020,4.0
2018-07-26,2020,4.0
2018-07-27,2020,4.0
2018-07-30,2020,4.0
2018-07-31,2020,4.0
2018-08-01,2020,4.0
2018-08-02,2020,4.0
2018-08-03,2020,4.0
2018-08-06,2020,4.0
2018-08-07,2020,4.0
2018-08-08,2020,4.0
2018-08-09,2020,4.0
2018-08-10,2020,4.0
2018-08-13,2020,4.0
2018-08-14,2020,4.0
2018-08-15,2020,4.0
2018-08-16,2020,4.0
2018-08-17,2020,4.0
2018-08-20,2020,4.0
2018-08-21,2020,4.0
2018-08-22,2020,4.0
2018-08-23,2020,4.0
2018-08-24,2020,4.0
2018-08-27,2020,4.0
2018-08-28,2020,4.0
2018-08-29,2020,4.0
2018-08-30,2020,4.0
2018-08-31,2020,4.0
2018-09-03,2020,4.0
2018-09-04,2020,4.0
2018-09-05,2020,4.0
2018-09-06,2020,4.0
2018-09-10,2020,4.0
2018-09-11,2020,4.0
2018-09-12,2020,4.0
2018-09-13,2020,4.0
2018-09-14,2020,4.0
2018-09-17,2020,4.0
2018-09-18,2020,4.0
2018-09-19,2020,4.0
2018-09-20,2020,4.0
2018-09-21,2020,4.0
2018-09-24,2020,4.0
2018-09-25,2020,4.0
2018-09-26,2020,4.0
2018-09-27,2020,4.0
2018-09-28,2020,4.0
2018-10-01,2020,4.0
2018-10-02,2020,4.0
2018-10-03,2020,4.0
2018-10-04,2020,4.0
2018-10-05,2020,4.0
2018-10-08,2020,4.0
2018-10-09,2020,4.0
2018-10-10,2020,4.0
2018-10-11,2020,4.0
2018-10-15,2020,4.0
2018-10-16,2020,4.0
2018-10-17,2020,4.0
2018-10-18,2020,4.0
2018-10-19,2020,4.0
2018-10-22,2020,4.0
2018-10-23,2020,4.0
2018-10-24,2020,4.0
2018-10-25,2020,4.0
2018-10-26,2020,4.0
2018-10-29,2020,4.0
2018-10-30,2020,4.0
2018-10-31,2020,4.0
2018-11-01,2020,4.0
2018-11-05,2020,4.0
2018-11-06,2020,4.0
2018-11-07,2020,4.0
2018-11-08,2020,4.0
2018-11-09,2020,4.0
2018-11-12,2020,4.0
2018-11-13,2020,4.0
2018-11-14,2020,4.0
2018-11-16,2020,4.0
2018-11-19,2020,4.0
2018-11-20,2020,4.0
2018-11-21,2020,4.0
2018-11-22,2020,4.0
2018-11-23,2020,4.0
2018-11-26,2020,4.0
2018-11-27,2020,4.0
2018-11-28,2020,4.0
2018-11-29,2020,4.0
2018-11-30,2020,4.0
2018-12-03,2020,4.0
2018-12-04,2020,4.0
2018-12-05,2020,4.0
2018-12-06,2020,4.0
2018-12-07,2020,4.0
2018-12-10,2020,4.0
2018-12-11,2020,4.0
2018-12-12,2020,4.0
2018-12-13,2020,4.0
2018-12-14,2020,4.0
2018-12-17,2020,4.0
2018-12-18,2020,4.0
2018-12-19,2020,4.0
2018-12-20,2020,4.0
2018-12-21,2020,4.0
2018-12-24,2020,4.0
2018-12-26,2020,4.0
2018-12-27,2020,4.0
2018-12-28,2020,4.0
2018-12-31,2020,4.0
2019-01-02,2020,4.0
2019-01-03,2020,4.0
2019-01-04,2020,4.0
2019-01-07,2020,4.0
2019-01-08,2020,4.0
2019-01-09,2020,4.0
2019-01-10,2020,4.0
2019-01-11,2020,4.0
2019-01-14,2020,4.0
2019-01-15,2020,4.0
2019-01-16,2020,4.0
2019-01-17,2020,4.0
2019-01-18,2020,4.0
2019-01-21,2020,4.0
2019-01-22,2020,4.0
2019-01-23,2020,4.0
2019-01-24,2020,4.0
2019-01-25,2020,4.0
2019-01-28,2020,4.0
2019-01-29,2020,4.0
2019-01-30,2020,4.0
2019-01-31,2020,4.0
2019-02-01,2020,4.0
2019-02-04,2020,4.0
2019-02-05,2020,4.0
2019-02-06,2020,4.0
2019-02-07,2020,4.0
2019-02-08,2020,4.0
2019-02-11,2020,4.0
2019-02-12,2020,4.0
2019-02-13,2020,4.0
2019-02-14,2020,4.0
2019-02-15,2020,4.0
2019-02-18,2020,4.0
2019-02-19,2020,4.0
2019-02-20,2020,4.0
2019-02-21,2020,4.0
2019-02-22,2020,4.0
2019-02-25,2020,4.0
2019-02-26,2020,4.0
2019-02-27,2020,4.0
2019-02-28,2020,4.0
2019-03-01,2020,4.0
2019-03-06,2020,4.0
2019-03-07,2020,4.0
2019-03-08,2020,4.0
2019-03-11,2020,4.0
2019-03-12,2020,4.0
2019-03-13,2020,4.0
2019-03-14,2020,4.0
2019-03-15,2020,4.0
2019-03-18,2020,4.0
2019-03-19,2020,4.0
2019-03-20,2020,4.0
2019-03-21,2020,4.0
2019-03-22,2020,4.0
2019-03-25,2020,4.0
2019-03-26,2020,4.0
2019-03-27,2020,4.0
2019-03-28,2020,4.0
2019-03-29,2020,4.0
2019-04-01,2020,4.0
2019-04-02,2020,4.0
2019-04-03,2020,4.0
2019-04-04,2020,4.0
2019-04-05,2020,4.0
2019-04-08,2020,4.0
2019-04-09,2020,4.0
2019-04-10,2020,4.0
2019-04-11,2020,4.0
2019-04-12,2020,4.0
2019-04-15,2020,4.0
2019-04-16,2020,4.0
2019-04-17,2020,4.0
2019-04-18,2020,4.0
2019-04-22,2020,4.0
2019-04-23,2020,4.0
2019-04-24,2020,4.0
2019-04-25,2020,4.0
2019-04-26,2020,4.0
2019-04-29,2020,4.0
2019-04-30,2020,4.0
2019-05-02,2020,4.0
2019-05-03,2020,4.0
2019-05-06,2020,4.0
2019-05-07,2020,4.0
2019-05-08,2020,4.0
2019-05-09,2020,4.0
2019-05-10,2020,4.0
2019-05-13,2020,4.0
2019-05-14,2020,4.0
2019-05-15,2020,4.0
2019-05-16,2020,4.0
2019-05-17,2020,4.0
2019-05-20,2020,4.0
2019-05-21,2020,4.0
2019-05-22,2020,4.0
2019-05-23,2020,4.0
2019-05-24,2020,4.0
2019-05-27,2020,4.0
2019-05-28,2020,4.0
2019-05-29,2020,4.0
2019-05-30,2020,4.0
2019-05-31,2020,4.0
2019-06-03,2020,4.0
2019-06-04,2020,4.0
2019-06-05,2020,4.0
2019-06-06,2020,4.0
2019-06-07,2020,4.0
2019-06-10,2020,3.99
2019-06-11,2020,4.0
2019-06-12,2020,3.99
2019-06-13,2020,3.97
2019-06-14,2020,3.99
2019-06-17,2020,3.91
2019-06-18,2020,3.91
2019-06-19,2020,3.9
2019-06-21,2020,3.9
2019-06-24,2020,3.95
2019-06-25,2020,4.0
2019-06-26,2020,4.0
2019-06-27,2020,4.0
2019-06-28,2020,4.0
2019-07-01,2020,3.9
2019-07-02,2020,3.9
2019-07-03,2020,3.9
2019-07-04,2020,3.9
2019-07-05,2020,3.98
2019-07-08,2020,4.0
2019-07-09,2020,4.0
2019-07-10,2020,3.9
2019-07-11,2020,3.9
2019-07-12,2020,3.85
2019-07-15,2020,3.87
2019-07-16,2020,3.82
2019-07-17,2020,3.93
2019-07-18,2020,3.93
2019-07-19,2020,3.9
2019-07-22,2020,3.9
2019-07-23,2020,3.9
2019-07-24,2020,3.9
2019-07-25,2020,3.9
2019-07-26,2020,3.9
2019-07-29,2020,3.9
2019-07-30,2020,3.9
2019-07-31,2020,3.9
2019-08-01,2020,3.87
2019-08-02,2020,3.84
2019-08-05,2020,3.89
2019-08-06,2020,3.9
2019-08-07,2020,3.91
2019-08-08,2020,3.9
2019-08-09,2020,3.84
2019-08-12,2020,3.84
2019-08-13,2020,3.84
2019-08-14,2020,3.85
2019-08-15,2020,3.87
2019-08-16,2020,3.9
2019-08-19,2020,3.91
2019-08-20,2020,3.91
2019-08-21,2020,3.9
2019-08-22,2020,3.89
2019-08-23,2020,3.82
2019-08-26,2020,3.82
2019-08-27,2020,3.81
2019-08-28,2020,3.81
2019-08-29,2020,3.83
2019-08-30,2020,3.9
2019-09-02,2020,3.85
2019-09-03,2020,3.82
2019-09-04,2020,3.82
2019-09-05,2020,3.82
2019-09-06,2020,3.81
2019-09-09,2020,3.8
2019-09-10,2020,3.8
2019-09-11,2020,3.79
2019-09-12,2020,3.79
2019-09-13,2020,3.79
2019-09-16,2020,3.8
2019-09-17,2020,3.79
2019-09-18,2020,3.8
2019-09-19,2020,3.79
2019-09-20,2020,3.79
2019-09-23,2020,3.79
2019-09-24,2020,3.79
2019-09-25,2020,3.79
2019-09-26,2020,3.79
2019-09-27,2020,3.8
2019-09-30,2020,3.8
2019-10-01,2020,3.78
2019-10-02,2020,3.77
2019-10-03,2020,3.76
2019-10-04,2020,3.7
2019-10-07,2020,3.73
2019-10-08,2020,3.73
2019-10-09,2020,3.65
2019-10-10,2020,3.65
2019-10-11,2020,3.58
2019-10-14,2020,3.57
2019-10-15,2020,3.58
2019-10-16,2020,3.6
2019-10-17,2020,3.59
2019-10-18,2020,3.65
2019-10-21,2020,3.6
2019-10-22,2020,3.58
2019-10-23,2020,3.6
2019-10-24,2020,3.61
2019-10-25,2020,3.59
2019-10-28,2020,3.57
2019-10-29,2020,3.56
2019-10-30,2020,3.55
2019-10-31,2020,3.55
2019-11-01,2020,3.52
2019-11-04,2020,3.56
2019-11-05,2020,3.56
2019-11-06,2020,3.56
2019-11-07,2020,3.59
2019-11-08,2020,3.6
2019-11-11,2020,3.59
2019-11-12,2020,3.59
2019-11-13,2020,3.58
2019-11-14,2020,3.58
2019-11-18,2020,3.54
2019-11-19,2020,3.56
2019-11-20,2020,3.54
2019-11-21,2020,3.54
2019-11-22,2020,3.57
2019-11-25,2020,3.57
2019-11-26,2020,3.58
2019-11-27,2020,3.58
2019-11-28,2020,3.57
2019-11-29,2020,3.6
2019-12-02,2020,3.6
2019-12-03,2020,3.61
2019-12-04,2020,3.61
2019-12-05,2020,3.61
2019-12-06,2020,3.61
2019-12-09,2020,3.6
2019-12-10,2020,3.6
2019-12-11,2020,3.6
2019-12-12,2020,3.6
2019-12-13,2020,3.6
2019-12-16,2020,3.56
2019-12-17,2020,3.56
2019-12-18,2020,3.56
2019-12-19,2020,3.58
2019-12-20,2020,3.59
2019-12-23,2020,3.6
2019-12-24,2020,3.6
2019-12-26,2020,3.59
2019-12-27,2020,3.6
2019-12-30,2020,3.6
2019-12-31,2020,3.6
2020-01-02,2020,3.58
2020-01-03,2020,3.59
2020-01-06,2020,3.56
2020-01-07,2020,3.56
2020-01-08,2020,3.57
2020-01-09,2020,3.56
2020-01-10,2020,3.53
2020-01-13,2020,3.56
2020-01-14,2020,3.56
2020-01-15,2020,3.5
2020-01-16,2020,3.5
2020-01-17,2020,3.5
2020-01-20,2020,3.46
2020-01-21,2020,3.45
2020-01-22,2020,3.44
2020-01-23,2020,3.43
2020-01-24,2020,3.45
2020-01-27,2020,3.46
2020-01-28,2020,3.49
2020-01-29,2020,3.48
2020-01-30,2020,3.46
2020-01-31,2020,3.35
2020-02-03,2020,3.39
2020-02-04,2020,3.35
2020-02-05,2020,3.35
2020-02-06,2020,3.36
2020-02-07,2020,3.21
2020-02-10,2020,3.22
2020-02-11,2020,3.22
2020-02-12,2020,3.21
2020-02-13,2020,3.22
2020-02-14,2020,3.22
2020-02-17,2020,3.22
2020-02-18,2020,3.22
2020-02-19,2020,3.21
2020-02-20,2020,3.21
2020-02-21,2020,3.22
2020-02-26,2020,3.22
2020-02-27,2020,3.22
2020-02-28,2020,3.2
2020-03-02,2020,3.2
2020-03-03,2020,3.16
2020-03-04,2020,3.18
2020-03-05,2020,3.16
2020-03-06,2020,3.2
2020-03-09,2020,3.18
2020-03-10,2020,3.21
2020-03-11,2020,3.27
2020-03-12,2020,3.24
2020-03-13,2020,3.05
2020-03-16,2020,3.04
2020-03-17,2020,3.03
2020-03-18,2020,3.02
2020-03-19,2020,3.0
2020-03-20,2020,2.9
2020-03-23,2020,2.85
2020-03-24,2020,2.81
2020-03-25,2020,2.81
2020-03-26,2020,2.76
2020-03-27,2020,2.67
2020-03-30,2020,2.63
2020-03-31,2020,2.56
2020-04-01,2020,2.66
2020-04-02,2020,2.6
2020-04-03,2020,2.44
2020-04-06,2020,2.48
2020-04-07,2020,2.5
2020-04-08,2020,2.48
2020-04-09,2020,2.35
2020-04-13,2020,2.47
2020-04-14,2020,2.3
2020-04-15,2020,2.26
2020-04-16,2020,2.25
2020-04-17,2020,2.19
2020-04-20,2020,2.18
2020-04-22,2020,2.11
2020-04-23,2020,2.11
2020-04-24,2020,2.1
2020-04-27,2020,2.05
2020-04-28,2020,1.96
2020-04-29,2020,1.9
2020-04-30,2020,1.82
2020-05-04,2020,1.81
2020-05-05,2020,1.84
2020-05-06,2020,1.78
2020-05-07,2020,1.78
2020-05-08,2020,1.64
2020-05-11,2020,1.58
2020-05-12,2020,1.58
2020-05-13,2020,1.58
2020-05-14,2020,1.59
2020-05-15,2020,1.58
2020-05-18,2020,1.6
2020-05-19,2020,1.59
2020-05-20,2020,1.62
2020-05-21,2020,1.68
2020-05-22,2020,1.53
2020-05-25,2020,1.57
2020-05-26,2020,1.55
2020-05-27,2020,1.54
2020-05-28,2020,1.55
2020-05-29,2020,1.65
2020-06-01,2020,1.55
2020-06-02,2020,1.54
2020-06-03,2020,1.53
2020-06-04,2020,1.5
2020-06-05,2020,1.53
2020-06-08,2020,1.53
2020-06-09,2020,1.52
2020-06-10,2020,1.56
2020-06-12,2020,1.57
2020-06-15,2020,1.56
2020-06-16,2020,1.56
2020-06-17,2020,1.56
2020-06-18,2020,1.6
2020-06-19,2020,1.55
2020-06-22,2020,1.63
2020-06-23,2020,1.66
2020-06-24,2020,1.65
2020-06-25,2020,1.62
2020-06-26,2020,1.69
2020-06-29,2020,1.7
2020-06-30,2020,1.72
2020-07-01,2020,1.69
2020-07-02,2020,1.71
2020-07-03,2020,1.69
2020-07-06,2020,1.7
2020-07-07,2020,1.7
2020-07-08,2020,1.71
2020-07-09,2020,1.71
2020-07-10,2020,1.72
2020-07-13,2020,1.72
2020-07-14,2020,1.74
2020-07-15,2020,1.74
2020-07-16,2020,1.74
2020-07-17,2020,1.78
2020-07-20,2020,1.79
2020-07-21,2020,1.76
2020-07-22,2020,1.73
2020-07-23,2020,1.73
2020-07-24,2020,1.66
2020-07-27,2020,1.65
2020-07-28,2020,1.65
2020-07-29,2020,1.64
2020-07-30,2020,1.62
2020-07-31,2020,1.6
2020-08-03,2020,1.61
2020-08-04,2020,1.6
2020-08-05,2020,1.6
2020-08-06,2020,1.6
2020-08-07,2020,1.65
2020-08-10,2020,1.66
2020-08-11,2020,1.65
2020-08-12,2020,1.63
2020-08-13,2020,1.63
2020-08-14,2020,1.68
2020-08-17,2020,1.7
2020-08-18,2020,1.7
2020-08-19,2020,1.7
2020-08-20,2020,1.74
2020-08-21,2020,1.78
2020-08-24,2020,1.76
2020-08-25,2020,1.78
2020-08-26,2020,1.77
2020-08-27,2020,1.78
2020-08-28,2020,1.77
2020-08-31,2020,1.8
2020-09-01,2020,1.79
2020-09-02,2020,1.79
2020-09-03,2020,1.78
2020-09-04,2020,1.78
2020-09-08,2020,1.86
2020-09-09,2020,1.9
2020-09-10,2020,1.9
2020-09-11,2020,1.95
2020-09-14,2020,1.95
2020-09-15,2020,1.95
2020-09-16,2020,1.95
2020-09-17,2020,1.96
2020-09-18,2020,2.01
2020-09-21,2020,2.05
2020-09-22,2020,2.05
2020-09-23,2020,2.06
2020-09-24,2020,2.12
2020-09-25,2020,2.27
2020-09-28,2020,2.27
2020-09-29,2020,2.24
2020-09-30,2020,2.24
2020-10-01,2020,2.23
2020-10-02,2020,2.23
2020-10-05,2020,2.32
2020-10-06,2020,2.28
2020-10-07,2020,2.32
2020-10-08,2020,2.35
2020-10-09,2020,2.64
2020-10-13,2020,2.68
2020-10-14,2020,2.67
2020-10-15,2020,2.71
2020-10-16,2020,2.76
2020-10-19,2020,2.82
2020-10-20,2020,2.8
2020-10-21,2020,2.83
2020-10-22,2020,2.85
2020-10-23,2020,3.04
2020-10-26,2020,3.06
2020-10-27,2020,3.07
2020-10-28,2020,3.08
2020-10-29,2020,3.1
2020-10-30,2020,3.14
2020-11-03,2020,3.14
2020-11-04,2020,3.15
2020-11-05,2020,3.14
2020-11-06,2020,3.27
2020-11-09,2020,3.29
2020-11-10,2020,3.3
2020-11-11,2020,3.32
2020-11-12,2020,3.34
2020-11-13,2020,3.39
2020-11-16,2020,3.41
2020-11-17,2020,3.44
2020-11-18,2020,3.45
2020-11-19,2020,3.45
2020-11-20,2020,3.53
2020-11-23,2020,3.53
2020-11-24,2020,3.54
2020-11-25,2020,3.54
2020-11-26,2020,3.56
2020-11-27,2020,3.65
2020-11-30,2020,3.75
2020-12-01,2020,3.87
2020-12-02,2020,4.13
2020-12-03,2020,4.17
2020-12-04,2020,4.25
2020-12-07,2020,4.25
2020-12-08,2020,4.37
2020-12-09,2020,4.37
2020-12-10,2020,4.37
2020-12-11,2020,4.37
2020-12-14,2020,4.44
2020-12-15,2020,4.45
2020-12-16,2020,4.45
2020-12-17,2020,4.45
2020-12-18,2020,4.43
2020-12-21,2020,4.42
2020-12-22,2020,4.39
2020-12-23,2020,4.39
2020-12-24,2020,4.39
2020-12-28,2020,4.36
2020-12-29,2020,4.36
2020-12-30,2020,4.38
2020-12-31,2020,4.38
2021-01-04,2020,4.37
2021-01-05,2020,4.38
2021-01-06,2020,4.38
2021-01-07,2020,4.37
2021-01-08,2020,4.36
2021-01-11,2020,4.37
2017-01-11,2021,4.5
2017-01-12,2021,4.5
2017-01-13,2021,4.47
2017-01-16,2021,4.49
2017-01-17,2021,4.49
2017-01-18,2021,4.49
2017-01-19,2021,4.47
2017-01-20,2021,4.48
2017-01-23,2021,4.38
2017-01-24,2021,4.27
2017-01-25,2021,4.25
2017-01-26,2021,4.25
2017-01-27,2021,4.25
2017-01-30,2021,4.37
2017-01-31,2021,4.25
2017-02-01,2021,4.0
2017-02-02,2021,4.25
2017-02-03,2021,4.38
2017-02-06,2021,4.38
2017-02-07,2021,4.5
2017-02-08,2021,4.5
2017-02-09,2021,4.5
2017-02-10,2021,4.5
2017-02-13,2021,4.25
2017-02-14,2021,4.25
2017-02-15,2021,4.28
2017-02-16,2021,4.25
2017-02-17,2021,4.25
2017-02-20,2021,4.25
2017-02-21,2021,4.25
2017-02-22,2021,4.25
2017-02-23,2021,4.25
2017-02-24,2021,4.25
2017-03-01,2021,4.25
2017-03-02,2021,4.25
2017-03-03,2021,4.13
2017-03-06,2021,4.25
2017-03-07,2021,4.5
2017-03-08,2021,4.5
2017-03-09,2021,4.5
2017-03-10,2021,4.25
2017-03-13,2021,4.25
2017-03-14,2021,4.25
2017-03-15,2021,4.25
2017-03-16,2021,4.25
2017-03-17,2021,4.0
2017-03-20,2021,4.17
2017-03-21,2021,4.25
2017-03-22,2021,4.25
2017-03-23,2021,4.25
2017-03-24,2021,4.25
2017-03-27,2021,4.25
2017-03-28,2021,4.0
2017-03-29,2021,4.0
2017-03-30,2021,4.0
2017-03-31,2021,4.0
2017-04-03,2021,4.0
2017-04-04,2021,4.0
2017-04-05,2021,4.0
2017-04-06,2021,4.0
2017-04-07,2021,4.0
2017-04-10,2021,4.0
2017-04-11,2021,4.0
2017-04-12,2021,4.0
2017-04-13,2021,4.0
2017-04-17,2021,4.0
2017-04-18,2021,4.0
2017-04-19,2021,4.0
2017-04-20,2021,4.0
2017-04-24,2021,4.0
2017-04-25,2021,4.0
2017-04-26,2021,4.0
2017-04-27,2021,4.0
2017-04-28,2021,4.0
2017-05-02,2021,4.0
2017-05-03,2021,4.0
2017-05-04,2021,4.0
2017-05-05,2021,4.0
2017-05-08,2021,4.0
2017-05-09,2021,4.0
2017-05-10,2021,4.0
2017-05-11,2021,4.0
2017-05-12,2021,4.0
2017-05-15,2021,4.0
2017-05-16,2021,4.0
2017-05-17,2021,4.13
2017-05-18,2021,4.0
2017-05-19,2021,4.0
2017-05-22,2021,4.25
2017-05-23,2021,4.25
2017-05-24,2021,4.25
2017-05-25,2021,4.25
2017-05-26,2021,4.25
2017-05-29,2021,4.0
2017-05-30,2021,4.0
2017-05-31,2021,4.0
2017-06-01,2021,4.0
2017-06-02,2021,4.05
2017-06-05,2021,4.0
2017-06-06,2021,4.25
2017-06-07,2021,4.13
2017-06-08,2021,4.0
2017-06-09,2021,4.0
2017-06-12,2021,4.18
2017-06-13,2021,4.05
2017-06-14,2021,4.1
2017-06-16,2021,4.1
2017-06-19,2021,4.25
2017-06-20,2021,4.25
2017-06-21,2021,4.25
2017-06-22,2021,4.25
2017-06-23,2021,4.18
2017-06-26,2021,4.23
2017-06-27,2021,4.25
2017-06-28,2021,4.23
2017-06-29,2021,4.0
2017-06-30,2021,4.0
2017-07-03,2021,4.0
2017-07-04,2021,4.0
2017-07-05,2021,4.0
2017-07-06,2021,4.0
2017-07-07,2021,4.0
2017-07-10,2021,4.0
2017-07-11,2021,4.0
2017-07-12,2021,4.0
2017-07-13,2021,4.0
2017-07-14,2021,4.0
2017-07-17,2021,4.0
2017-07-18,2021,4.0
2017-07-19,2021,4.0
2017-07-20,2021,4.0
2017-07-21,2021,4.0
2017-07-24,2021,4.0
2017-07-25,2021,4.0
2017-07-26,2021,4.0
2017-07-27,2021,4.0
2017-07-28,2021,4.0
2017-07-31,2021,4.0
2017-08-01,2021,4.0
2017-08-02,2021,4.0
2017-08-03,2021,4.0
2017-08-04,2021,4.0
2017-08-07,2021,4.0
2017-08-08,2021,4.0
2017-08-09,2021,4.0
2017-08-10,2021,4.0
2017-08-11,2021,4.0
2017-08-14,2021,4.0
2017-08-15,2021,4.0
2017-08-16,2021,4.0
2017-08-17,2021,4.0
2017-08-18,2021,4.0
2017-08-21,2021,4.0
2017-08-22,2021,4.0
2017-08-23,2021,4.0
2017-08-24,2021,4.0
2017-08-25,2021,4.0
2017-08-28,2021,4.0
2017-08-29,2021,4.0
2017-08-30,2021,4.0
2017-08-31,2021,4.0
2017-09-01,2021,4.0
2017-09-04,2021,4.0
2017-09-05,2021,4.0
2017-09-06,2021,4.0
2017-09-08,2021,4.0
2017-09-11,2021,4.0
2017-09-12,2021,4.0
2017-09-13,2021,4.0
2017-09-14,2021,4.0
2017-09-15,2021,4.0
2017-09-18,2021,4.0
2017-09-19,2021,4.0
2017-09-20,2021,4.0
2017-09-21,2021,4.0
2017-09-22,2021,4.0
2017-09-25,2021,4.0
2017-09-26,2021,4.0
2017-09-27,2021,4.0
2017-09-28,2021,4.0
2017-09-29,2021,4.0
2017-10-02,2021,4.0
2017-10-03,2021,4.0
2017-10-04,2021,4.0
2017-10-05,2021,4.0
2017-10-06,2021,4.0
2017-10-09,2021,4.0
2017-10-10,2021,4.0
2017-10-11,2021,4.0
2017-10-13,2021,4.0
2017-10-16,2021,4.0
2017-10-17,2021,4.0
2017-10-18,2021,4.0
2017-10-19,2021,4.0
2017-10-20,2021,4.0
2017-10-23,2021,4.0
2017-10-24,2021,4.0
2017-10-25,2021,4.0
2017-10-26,2021,4.0
2017-10-27,2021,4.0
2017-10-30,2021,4.0
2017-10-31,2021,4.0
2017-11-01,2021,4.0
2017-11-03,2021,4.0
2017-11-06,2021,4.0
2017-11-07,2021,4.0
2017-11-08,2021,4.0
2017-11-09,2021,4.0
2017-11-10,2021,4.0
2017-11-13,2021,4.0
2017-11-14,2021,4.0
2017-11-16,2021,4.0
2017-11-17,2021,4.0
2017-11-20,2021,4.0
2017-11-21,2021,4.0
2017-11-22,2021,4.0
2017-11-23,2021,4.0
2017-11-24,2021,4.0
2017-11-27,2021,4.0
2017-11-28,2021,4.0
2017-11-29,2021,4.0
2017-11-30,2021,4.0
2017-12-01,2021,4.0
2017-12-04,2021,4.0
2017-12-05,2021,4.0
2017-12-06,2021,4.0
2017-12-07,2021,4.0
2017-12-08,2021,4.0
2017-12-11,2021,4.0
2017-12-12,2021,4.0
2017-12-13,2021,4.0
2017-12-14,2021,4.0
2017-12-15,2021,4.0
2017-12-18,2021,4.0
2017-12-19,2021,4.0
2017-12-20,2021,4.0
2017-12-21,2021,4.0
2017-12-22,2021,4.0
2017-12-26,2021,4.0
2017-12-27,2021,4.0
2017-12-28,2021,4.0
2017-12-29,2021,4.0
2018-01-02,2021,4.0
2018-01-03,2021,4.0
2018-01-04,2021,4.0
2018-01-05,2021,4.0
2018-01-08,2021,4.0
2018-01-09,2021,4.0
2018-01-10,2021,4.0
2018-01-11,2021,4.0
2018-01-12,2021,4.0
2018-01-15,2021,4.0
2018-01-16,2021,4.0
2018-01-17,2021,4.0
2018-01-18,2021,4.0
2018-01-19,2021,4.0
2018-01-22,2021,4.0
2018-01-23,2021,4.0
2018-01-24,2021,4.0
2018-01-25,2021,4.0
2018-01-26,2021,4.0
2018-01-29,2021,4.0
2018-01-30,2021,4.0
2018-01-31,2021,4.0
2018-02-01,2021,4.0
2018-02-02,2021,4.0
2018-02-05,2021,4.0
2018-02-06,2021,4.0
2018-02-07,2021,4.0
2018-02-08,2021,4.0
2018-02-09,2021,4.0
2018-02-14,2021,4.0
2018-02-15,2021,4.0
2018-02-16,2021,4.0
2018-02-19,2021,4.0
2018-02-20,2021,4.0
2018-02-21,2021,4.0
2018-02-22,2021,4.0
2018-02-23,2021,4.0
2018-02-26,2021,4.0
2018-02-27,2021,4.0
2018-02-28,2021,4.0
2018-03-01,2021,4.0
2018-03-02,2021,4.0
2018-03-05,2021,4.0
2018-03-06,2021,4.0
2018-03-07,2021,4.0
2018-03-08,2021,4.0
2018-03-09,2021,4.0
2018-03-12,2021,4.0
2018-03-13,2021,4.0
2018-03-14,2021,4.0
2018-03-15,2021,4.0
2018-03-16,2021,4.0
2018-03-19,2021,4.0
2018-03-20,2021,4.0
2018-03-21,2021,4.0
2018-03-22,2021,4.0
2018-03-23,2021,4.0
2018-03-26,2021,4.0
2018-03-27,2021,4.0
2018-03-28,2021,4.0
2018-03-29,2021,4.0
2018-04-02,2021,4.0
2018-04-03,2021,4.0
2018-04-04,2021,4.0
2018-04-05,2021,4.0
2018-04-06,2021,4.0
2018-04-09,2021,4.0
2018-04-10,2021,4.0
2018-04-11,2021,4.0
2018-04-12,2021,4.0
2018-04-13,2021,4.0
2018-04-16,2021,4.0
2018-04-17,2021,4.0
2018-04-18,2021,4.0
2018-04-19,2021,4.0
2018-04-20,2021,4.0
2018-04-23,2021,4.0
2018-04-24,2021,4.0
2018-04-25,2021,4.0
2018-04-26,2021,4.0
2018-04-27,2021,4.0
2018-04-30,2021,4.0
2018-05-02,2021,4.0
2018-05-03,2021,4.0
2018-05-04,2021,4.0
2018-05-07,2021,4.0
2018-05-08,2021,4.0
2018-05-09,2021,4.0
2018-05-10,2021,4.0
2018-05-11,2021,4.0
2018-05-14,2021,4.0
2018-05-15,2021,4.0
2018-05-16,2021,4.0
2018-05-17,2021,4.0
2018-05-18,2021,4.0
2018-05-21,2021,4.0
2018-05-22,2021,4.0
2018-05-23,2021,4.0
2018-05-24,2021,4.0
2018-05-25,2021,4.0
2018-05-28,2021,4.0
2018-05-29,2021,4.0
2018-05-30,2021,4.0
2018-06-01,2021,4.0
2018-06-04,2021,4.0
2018-06-05,2021,4.0
2018-06-06,2021,4.0
2018-06-07,2021,4.0
2018-06-08,2021,4.0
2018-06-11,2021,4.0
2018-06-12,2021,4.0
2018-06-13,2021,4.0
2018-06-14,2021,4.0
2018-06-15,2021,4.0
2018-06-18,2021,4.0
2018-06-19,2021,4.0
2018-06-20,2021,4.0
2018-06-21,2021,4.0
2018-06-22,2021,4.0
2018-06-25,2021,4.0
2018-06-26,2021,4.0
2018-06-27,2021,4.0
2018-06-28,2021,4.0
2018-06-29,2021,4.0
2018-07-02,2021,3.79
2018-07-03,2021,3.79
2018-07-04,2021,4.0
2018-07-05,2021,4.0
2018-07-06,2021,4.0
2018-07-09,2021,4.0
2018-07-10,2021,4.0
2018-07-11,2021,4.0
2018-07-12,2021,3.9
2018-07-13,2021,3.75
2018-07-16,2021,3.84
2018-07-17,2021,3.75
2018-07-18,2021,3.75
2018-07-19,2021,3.95
2018-07-20,2021,3.98
2018-07-23,2021,4.0
2018-07-24,2021,4.0
2018-07-25,2021,4.0
2018-07-26,2021,4.0
2018-07-27,2021,4.0
2018-07-30,2021,4.0
2018-07-31,2021,4.0
2018-08-01,2021,4.0
2018-08-02,2021,3.88
2018-08-03,2021,3.87
2018-08-06,2021,3.87
2018-08-07,2021,3.75
2018-08-08,2021,3.75
2018-08-09,2021,3.75
2018-08-10,2021,3.75
2018-08-13,2021,3.75
2018-08-14,2021,3.79
2018-08-15,2021,4.0
2018-08-16,2021,4.0
2018-08-17,2021,4.0
2018-08-20,2021,4.0
2018-08-21,2021,3.97
2018-08-22,2021,3.88
2018-08-23,2021,3.93
2018-08-24,2021,3.79
2018-08-27,2021,3.75
2018-08-28,2021,3.79
2018-08-29,2021,3.75
2018-08-30,2021,3.75
2018-08-31,2021,3.75
2018-09-03,2021,3.75
2018-09-04,2021,3.75
2018-09-05,2021,3.75
2018-09-06,2021,3.75
2018-09-10,2021,3.87
2018-09-11,2021,3.92
2018-09-12,2021,3.96
2018-09-13,2021,4.0
2018-09-14,2021,3.81
2018-09-17,2021,3.78
2018-09-18,2021,3.78
2018-09-19,2021,3.78
2018-09-20,2021,3.92
2018-09-21,2021,3.97
2018-09-24,2021,3.93
2018-09-25,2021,3.92
2018-09-26,2021,3.75
2018-09-27,2021,3.81
2018-09-28,2021,3.75
2018-10-01,2021,3.75
2018-10-02,2021,3.75
2018-10-03,2021,4.0
2018-10-04,2021,3.97
2018-10-05,2021,3.75
2018-10-08,2021,3.75
2018-10-09,2021,3.78
2018-10-10,2021,3.75
2018-10-11,2021,3.75
2018-10-15,2021,3.87
2018-10-16,2021,3.92
2018-10-17,2021,3.89
2018-10-18,2021,3.87
2018-10-19,2021,3.78
2018-10-22,2021,3.97
2018-10-23,2021,3.97
2018-10-24,2021,3.99
2018-10-25,2021,3.99
2018-10-26,2021,4.0
2018-10-29,2021,3.78
2018-10-30,2021,3.78
2018-10-31,2021,3.92
2018-11-01,2021,3.75
2018-11-05,2021,3.81
2018-11-06,2021,3.87
2018-11-07,2021,3.81
2018-11-08,2021,3.78
2018-11-09,2021,3.97
2018-11-12,2021,3.75
2018-11-13,2021,3.81
2018-11-14,2021,3.81
2018-11-16,2021,3.9
2018-11-19,2021,3.81
2018-11-20,2021,3.81
2018-11-21,2021,3.86
2018-11-22,2021,3.75
2018-11-23,2021,3.75
2018-11-26,2021,3.8
2018-11-27,2021,3.78
2018-11-28,2021,3.75
2018-11-29,2021,3.81
2018-11-30,2021,3.78
2018-12-03,2021,3.75
2018-12-04,2021,3.81
2018-12-05,2021,3.75
2018-12-06,2021,3.75
2018-12-07,2021,3.75
2018-12-10,2021,3.75
2018-12-11,2021,3.75
2018-12-12,2021,3.75
2018-12-13,2021,3.75
2018-12-14,2021,3.75
2018-12-17,2021,3.86
2018-12-18,2021,3.75
2018-12-19,2021,3.75
2018-12-20,2021,3.75
2018-12-21,2021,3.75
2018-12-24,2021,3.75
2018-12-26,2021,3.75
2018-12-27,2021,3.75
2018-12-28,2021,3.78
2018-12-31,2021,3.75
2019-01-02,2021,3.8
2019-01-03,2021,3.81
2019-01-04,2021,3.88
2019-01-07,2021,4.0
2019-01-08,2021,3.89
2019-01-09,2021,3.76
2019-01-10,2021,3.75
2019-01-11,2021,3.75
2019-01-14,2021,3.75
2019-01-15,2021,3.75
2019-01-16,2021,3.75
2019-01-17,2021,3.75
2019-01-18,2021,3.75
2019-01-21,2021,3.75
2019-01-22,2021,3.75
2019-01-23,2021,3.75
2019-01-24,2021,3.75
2019-01-25,2021,3.75
2019-01-28,2021,3.75
2019-01-29,2021,3.75
2019-01-30,2021,3.75
2019-01-31,2021,3.75
2019-02-01,2021,3.75
2019-02-04,2021,3.75
2019-02-05,2021,3.75
2019-02-06,2021,3.75
2019-02-07,2021,3.75
2019-02-08,2021,3.75
2019-02-11,2021,3.75
2019-02-12,2021,3.75
2019-02-13,2021,3.75
2019-02-14,2021,3.75
2019-02-15,2021,3.75
2019-02-18,2021,3.75
2019-02-19,2021,3.75
2019-02-20,2021,3.75
2019-02-21,2021,3.75
2019-02-22,2021,3.75
2019-02-25,2021,3.75
2019-02-26,2021,3.75
2019-02-27,2021,3.75
2019-02-28,2021,3.75
2019-03-01,2021,3.75
2019-03-06,2021,3.75
2019-03-07,2021,3.75
2019-03-08,2021,3.75
2019-03-11,2021,3.75
2019-03-12,2021,3.75
2019-03-13,2021,3.75
2019-03-14,2021,3.75
2019-03-15,2021,3.75
2019-03-18,2021,3.75
2019-03-19,2021,3.75
2019-03-20,2021,3.75
2019-03-21,2021,3.75
2019-03-22,2021,3.75
2019-03-25,2021,3.75
2019-03-26,2021,3.75
2019-03-27,2021,3.75
2019-03-28,2021,3.75
2019-03-29,2021,3.75
2019-04-01,2021,3.75
2019-04-02,2021,3.75
2019-04-03,2021,3.75
2019-04-04,2021,3.75
2019-04-05,2021,3.75
2019-04-08,2021,3.75
2019-04-09,2021,3.75
2019-04-10,2021,3.75
2019-04-11,2021,3.75
2019-04-12,2021,3.75
2019-04-15,2021,3.75
2019-04-16,2021,3.75
2019-04-17,2021,3.75
2019-04-18,2021,3.75
2019-04-22,2021,3.75
2019-04-23,2021,3.75
2019-04-24,2021,3.75
2019-04-25,2021,3.75
2019-04-26,2021,3.75
2019-04-29,2021,3.75
2019-04-30,2021,3.75
2019-05-02,2021,3.75
2019-05-03,2021,3.75
2019-05-06,2021,3.75
2019-05-07,2021,3.75
2019-05-08,2021,3.75
2019-05-09,2021,3.75
2019-05-10,2021,3.75
2019-05-13,2021,3.75
2019-05-14,2021,3.75
2019-05-15,2021,3.75
2019-05-16,2021,3.75
2019-05-17,2021,3.75
2019-05-20,2021,3.75
2019-05-21,2021,3.75
2019-05-22,2021,3.75
2019-05-23,2021,3.75
2019-05-24,2021,3.75
2019-05-27,2021,3.75
2019-05-28,2021,3.75
2019-05-29,2021,3.75
2019-05-30,2021,3.75
2019-05-31,2021,3.75
2019-06-03,2021,3.75
2019-06-04,2021,3.75
2019-06-05,2021,3.75
2019-06-06,2021,3.75
2019-06-07,2021,3.75
2019-06-10,2021,3.75
2019-06-11,2021,3.75
2019-06-12,2021,3.75
2019-06-13,2021,3.75
2019-06-14,2021,3.75
2019-06-17,2021,3.75
2019-06-18,2021,3.75
2019-06-19,2021,3.75
2019-06-21,2021,3.75
2019-06-24,2021,3.75
2019-06-25,2021,3.75
2019-06-26,2021,3.75
2019-06-27,2021,3.75
2019-06-28,2021,3.75
2019-07-01,2021,3.75
2019-07-02,2021,3.75
2019-07-03,2021,3.75
2019-07-04,2021,3.75
2019-07-05,2021,3.75
2019-07-08,2021,3.75
2019-07-09,2021,3.75
2019-07-10,2021,3.75
2019-07-11,2021,3.75
2019-07-12,2021,3.75
2019-07-15,2021,3.75
2019-07-16,2021,3.75
2019-07-17,2021,3.75
2019-07-18,2021,3.75
2019-07-19,2021,3.75
2019-07-22,2021,3.75
2019-07-23,2021,3.75
2019-07-24,2021,3.75
2019-07-25,2021,3.75
2019-07-26,2021,3.75
2019-07-29,2021,3.75
2019-07-30,2021,3.75
2019-07-31,2021,3.75
2019-08-01,2021,3.75
2019-08-02,2021,3.75
2019-08-05,2021,3.75
2019-08-06,2021,3.75
2019-08-07,2021,3.75
2019-08-08,2021,3.75
2019-08-09,2021,3.75
2019-08-12,2021,3.75
2019-08-13,2021,3.75
2019-08-14,2021,3.75
2019-08-15,2021,3.75
2019-08-16,2021,3.75
2019-08-19,2021,3.75
2019-08-20,2021,3.75
2019-08-21,2021,3.75
2019-08-22,2021,3.75
2019-08-23,2021,3.75
2019-08-26,2021,3.75
2019-08-27,2021,3.75
2019-08-28,2021,3.75
2019-08-29,2021,3.75
2019-08-30,2021,3.75
2019-09-02,2021,3.75
2019-09-03,2021,3.75
2019-09-04,2021,3.75
2019-09-05,2021,3.75
2019-09-06,2021,3.75
2019-09-09,2021,3.75
2019-09-10,2021,3.75
2019-09-11,2021,3.75
2019-09-12,2021,3.75
2019-09-13,2021,3.75
2019-09-16,2021,3.75
2019-09-17,2021,3.75
2019-09-18,2021,3.75
2019-09-19,2021,3.75
2019-09-20,2021,3.75
2019-09-23,2021,3.75
2019-09-24,2021,3.75
2019-09-25,2021,3.75
2019-09-26,2021,3.75
2019-09-27,2021,3.75
2019-09-30,2021,3.75
2019-10-01,2021,3.75
2019-10-02,2021,3.75
2019-10-03,2021,3.75
2019-10-04,2021,3.75
2019-10-07,2021,3.75
2019-10-08,2021,3.75
2019-10-09,2021,3.75
2019-10-10,2021,3.75
2019-10-11,2021,3.75
2019-10-14,2021,3.75
2019-10-15,2021,3.75
2019-10-16,2021,3.75
2019-10-17,2021,3.75
2019-10-18,2021,3.75
2019-10-21,2021,3.75
2019-10-22,2021,3.75
2019-10-23,2021,3.75
2019-10-24,2021,3.75
2019-10-25,2021,3.75
2019-10-28,2021,3.75
2019-10-29,2021,3.75
2019-10-30,2021,3.75
2019-10-31,2021,3.75
2019-11-01,2021,3.75
2019-11-04,2021,3.75
2019-11-05,2021,3.75
2019-11-06,2021,3.75
2019-11-07,2021,3.75
2019-11-08,2021,3.75
2019-11-11,2021,3.75
2019-11-12,2021,3.75
2019-11-13,2021,3.75
2019-11-14,2021,3.75
2019-11-18,2021,3.75
2019-11-19,2021,3.75
2019-11-20,2021,3.75
2019-11-21,2021,3.75
2019-11-22,2021,3.75
2019-11-25,2021,3.75
2019-11-26,2021,3.75
2019-11-27,2021,3.75
2019-11-28,2021,3.75
2019-11-29,2021,3.75
2019-12-02,2021,3.75
2019-12-03,2021,3.75
2019-12-04,2021,3.75
2019-12-05,2021,3.75
2019-12-06,2021,3.75
2019-12-09,2021,3.75
2019-12-10,2021,3.75
2019-12-11,2021,3.75
2019-12-12,2021,3.75
2019-12-13,2021,3.75
2019-12-16,2021,3.75
2019-12-17,2021,3.75
2019-12-18,2021,3.75
2019-12-19,2021,3.75
2019-12-20,2021,3.75
2019-12-23,2021,3.75
2019-12-24,2021,3.75
2019-12-26,2021,3.75
2019-12-27,2021,3.75
2019-12-30,2021,3.75
2019-12-31,2021,3.75
2020-01-02,2021,3.75
2020-01-03,2021,3.75
2020-01-06,2021,3.75
2020-01-07,2021,3.75
2020-01-08,2021,3.75
2020-01-09,2021,3.75
2020-01-10,2021,3.75
2020-01-13,2021,3.75
2020-01-14,2021,3.75
2020-01-15,2021,3.75
2020-01-16,2021,3.75
2020-01-17,2021,3.75
2020-01-20,2021,3.75
2020-01-21,2021,3.75
2020-01-22,2021,3.75
2020-01-23,2021,3.75
2020-01-24,2021,3.75
2020-01-27,2021,3.75
2020-01-28,2021,3.75
2020-01-29,2021,3.75
2020-01-30,2021,3.75
2020-01-31,2021,3.75
2020-02-03,2021,3.75
2020-02-04,2021,3.75
2020-02-05,2021,3.75
2020-02-06,2021,3.75
2020-02-07,2021,3.7
2020-02-10,2021,3.75
2020-02-11,2021,3.75
2020-02-12,2021,3.7
2020-02-13,2021,3.75
2020-02-14,2021,3.75
2020-02-17,2021,3.75
2020-02-18,2021,3.75
2020-02-19,2021,3.75
2020-02-20,2021,3.75
2020-02-21,2021,3.75
2020-02-26,2021,3.75
2020-02-27,2021,3.74
2020-02-28,2021,3.7
2020-03-02,2021,3.74
2020-03-03,2021,3.73
2020-03-04,2021,3.7
2020-03-05,2021,3.7
2020-03-06,2021,3.7
2020-03-09,2021,3.68
2020-03-10,2021,3.73
2020-03-11,2021,3.75
2020-03-12,2021,3.7
2020-03-13,2021,3.62
2020-03-16,2021,3.6
2020-03-17,2021,3.6
2020-03-18,2021,3.6
2020-03-19,2021,3.6
2020-03-20,2021,3.57
2020-03-23,2021,3.52
2020-03-24,2021,3.5
2020-03-25,2021,3.5
2020-03-26,2021,3.5
2020-03-27,2021,3.5
2020-03-30,2021,3.51
2020-03-31,2021,3.5
2020-04-01,2021,3.51
2020-04-02,2021,3.51
2020-04-03,2021,3.5
2020-04-06,2021,3.5
2020-04-07,2021,3.5
2020-04-08,2021,3.41
2020-04-09,2021,3.41
2020-04-13,2021,3.5
2020-04-14,2021,3.41
2020-04-15,2021,3.5
2020-04-16,2021,3.49
2020-04-17,2021,3.4
2020-04-20,2021,3.4
2020-04-22,2021,3.3
2020-04-23,2021,3.3
2020-04-24,2021,3.3
2020-04-27,2021,3.35
2020-04-28,2021,3.4
2020-04-29,2021,3.32
2020-04-30,2021,3.25
2020-05-04,2021,3.23
2020-05-05,2021,3.25
2020-05-06,2021,3.2
2020-05-07,2021,3.2
2020-05-08,2021,3.25
2020-05-11,2021,3.2
2020-05-12,2021,3.2
2020-05-13,2021,3.2
2020-05-14,2021,3.2
2020-05-15,2021,3.2
2020-05-18,2021,3.14
2020-05-19,2021,3.14
2020-05-20,2021,3.21
2020-05-21,2021,3.2
2020-05-22,2021,3.2
2020-05-25,2021,3.2
2020-05-26,2021,3.2
2020-05-27,2021,3.13
2020-05-28,2021,3.18
2020-05-29,2021,3.22
2020-06-01,2021,3.2
2020-06-02,2021,3.2
2020-06-03,2021,3.3
2020-06-04,2021,3.3
2020-06-05,2021,3.15
2020-06-08,2021,3.1
2020-06-09,2021,3.1
2020-06-10,2021,3.0
2020-06-12,2021,3.0
2020-06-15,2021,3.0
2020-06-16,2021,3.0
2020-06-17,2021,3.0
2020-06-18,2021,3.0
2020-06-19,2021,3.0
2020-06-22,2021,3.06
2020-06-23,2021,3.0
2020-06-24,2021,3.0
2020-06-25,2021,3.06
2020-06-26,2021,3.0
2020-06-29,2021,3.0
2020-06-30,2021,3.03
2020-07-01,2021,3.07
2020-07-02,2021,3.0
2020-07-03,2021,3.05
2020-07-06,2021,3.07
2020-07-07,2021,3.07
2020-07-08,2021,3.09
2020-07-09,2021,3.12
2020-07-10,2021,3.01
2020-07-13,2021,3.0
2020-07-14,2021,3.0
2020-07-15,2021,3.0
2020-07-16,2021,3.0
2020-07-17,2021,3.01
2020-07-20,2021,3.07
2020-07-21,2021,3.08
2020-07-22,2021,3.08
2020-07-23,2021,3.0
2020-07-24,2021,2.99
2020-07-27,2021,3.0
2020-07-28,2021,3.0
2020-07-29,2021,3.0
2020-07-30,2021,3.0
2020-07-31,2021,2.99
2020-08-03,2021,2.98
2020-08-04,2021,2.98
2020-08-05,2021,2.98
2020-08-06,2021,2.99
2020-08-07,2021,2.99
2020-08-10,2021,2.99
2020-08-11,2021,2.96
2020-08-12,2021,3.0
2020-08-13,2021,3.0
2020-08-14,2021,3.0
2020-08-17,2021,3.0
2020-08-18,2021,3.0
2020-08-19,2021,3.0
2020-08-20,2021,3.0
2020-08-21,2021,3.02
2020-08-24,2021,3.0
2020-08-25,2021,3.0
2020-08-26,2021,3.0
2020-08-27,2021,3.0
2020-08-28,2021,3.0
2020-08-31,2021,3.0
2020-09-01,2021,3.01
2020-09-02,2021,3.02
2020-09-03,2021,3.01
2020-09-04,2021,2.99
2020-09-08,2021,3.0
2020-09-09,2021,3.0
2020-09-10,2021,3.0
2020-09-11,2021,3.0
2020-09-14,2021,3.01
2020-09-15,2021,3.01
2020-09-16,2021,3.01
2020-09-17,2021,3.01
2020-09-18,2021,3.0
2020-09-21,2021,3.0
2020-09-22,2021,3.0
2020-09-23,2021,3.01
2020-09-24,2021,3.01
2020-09-25,2021,3.0
2020-09-28,2021,3.0
2020-09-29,2021,3.0
2020-09-30,2021,3.0
2020-10-01,2021,3.01
2020-10-02,2021,3.02
2020-10-05,2021,3.03
2020-10-06,2021,3.02
2020-10-07,2021,3.01
2020-10-08,2021,3.01
2020-10-09,2021,3.08
2020-10-13,2021,3.1
2020-10-14,2021,3.11
2020-10-15,2021,3.11
2020-10-16,2021,3.1
2020-10-19,2021,3.1
2020-10-20,2021,3.09
2020-10-21,2021,3.09
2020-10-22,2021,3.04
2020-10-23,2021,3.08
2020-10-26,2021,3.09
2020-10-27,2021,3.09
2020-10-28,2021,3.1
2020-10-29,2021,3.13
2020-10-30,2021,3.3
2020-11-03,2021,3.3
2020-11-04,2021,3.32
2020-11-05,2021,3.3
2020-11-06,2021,3.27
2020-11-09,2021,3.27
2020-11-10,2021,3.3
2020-11-11,2021,3.27
2020-11-12,2021,3.31
2020-11-13,2021,3.38
2020-11-16,2021,3.32
2020-11-17,2021,3.31
2020-11-18,2021,3.31
2020-11-19,2021,3.31
2020-11-20,2021,3.47
2020-11-23,2021,3.48
2020-11-24,2021,3.48
2020-11-25,2021,3.5
2020-11-26,2021,3.5
2020-11-27,2021,3.56
2020-11-30,2021,3.58
2020-12-01,2021,3.45
2020-12-02,2021,3.43
2020-12-03,2021,3.42
2020-12-04,2021,3.33
2020-12-07,2021,3.31
2020-12-08,2021,3.31
2020-12-09,2021,3.3
2020-12-10,2021,3.3
2020-12-11,2021,3.34
2020-12-14,2021,3.34
2020-12-15,2021,3.34
2020-12-16,2021,3.35
2020-12-17,2021,3.33
2020-12-18,2021,3.35
2020-12-21,2021,3.34
2020-12-22,2021,3.3
2020-12-23,2021,3.3
2020-12-24,2021,3.34
2020-12-28,2021,3.28
2020-12-29,2021,3.3
2020-12-30,2021,3.34
2020-12-31,2021,3.34
2021-01-04,2021,3.32
2021-01-05,2021,3.3
2021-01-06,2021,3.29
2021-01-07,2021,3.28
2021-01-08,2021,3.35
2021-01-11,2021,3.4
2021-01-12,2021,3.4
2021-01-13,2021,3.44
2021-01-14,2021,3.49
2021-01-15,2021,3.47
2021-01-18,2021,3.49
2021-01-19,2021,3.46
2021-01-20,2021,3.45
2021-01-21,2021,3.43
2021-01-22,2021,3.6
2021-01-25,2021,3.61
2021-01-26,2021,3.66
2021-01-27,2021,3.64
2021-01-28,2021,3.64
2021-01-29,2021,3.6
2021-02-01,2021,3.62
2021-02-02,2021,3.64
2021-02-03,2021,3.64
2021-02-04,2021,3.64
2021-02-05,2021,3.66
2021-02-08,2021,3.63
2021-02-09,2021,3.61
2021-02-10,2021,3.65
2021-02-11,2021,3.65
2021-02-12,2021,3.72
2021-02-17,2021,3.8
2021-02-18,2021,3.79
2021-02-19,2021,3.85
2021-02-22,2021,3.89
2021-02-23,2021,3.89
2021-02-24,2021,3.89
2021-02-25,2021,3.9
2021-02-26,2021,3.99
2021-03-01,2021,3.97
2021-03-02,2021,4.01
2021-03-03,2021,4.02
2021-03-04,2021,4.02
2021-03-05,2021,4.1
2021-03-08,2021,4.29
2021-03-09,2021,4.3
2021-03-10,2021,4.35
2021-03-11,2021,4.65
2021-03-12,2021,4.72
2021-03-15,2021,4.72
2021-03-16,2021,4.72
2021-03-17,2021,4.72
2021-03-18,2021,4.72
2021-03-19,2021,4.75
2021-03-22,2021,4.81
2021-03-23,2021,4.85
2021-03-24,2021,4.91
2021-03-25,2021,4.91
2021-03-26,2021,4.9
2021-03-29,2021,4.92
2021-03-30,2021,4.91
2021-03-31,2021,4.871
2021-04-01,2021,4.8612
2021-04-05,2021,4.8604
2021-04-06,2021,4.8305
2021-04-07,2021,4.8097
2021-04-08,2021,4.8513
2021-04-09,2021,4.9244
2021-04-12,2021,4.9713
2021-04-13,2021,4.9713
2021-04-14,2021,4.9608
2021-04-15,2021,4.961
2021-04-16,2021,4.9818
2021-04-19,2021,5.0
2021-04-20,2021,4.9987
2021-04-22,2021,5.0175
2021-04-23,2021,5.0392
2021-04-26,2021,5.0392
2021-04-27,2021,5.0495
2021-04-28,2021,5.0496
2021-04-29,2021,5.0546
2021-04-30,2021,5.0392
2021-05-03,2021,5.1071
2021-05-04,2021,5.1071
2021-05-05,2021,5.0394
2021-05-06,2021,5.1334
2021-05-07,2021,5.1544
2021-05-10,2021,5.1654
2021-05-11,2021,5.186
2021-05-12,2021,5.2172
2021-05-13,2021,5.238
2021-05-14,2021,5.2486
2021-05-17,2021,5.3111
2021-05-18,2021,5.2586
2021-05-19,2021,5.2176
2021-05-20,2021,5.338
2021-05-21,2021,5.357
2021-05-24,2021,5.3947
2021-05-25,2021,5.3942
2021-05-26,2021,5.3948
2021-05-27,2021,5.3944
2021-05-28,2021,5.4904
2021-05-31,2021,5.5
2021-06-01,2021,5.5016
2021-06-02,2021,5.5016
2021-06-04,2021,5.5112
2021-06-07,2021,5.5151
2021-06-08,2021,5.5266
2021-06-09,2021,5.718
2021-06-10,2021,5.8161
2021-06-11,2021,5.8505
2021-06-14,2021,5.8894
2021-06-15,2021,5.9106
2021-06-16,2021,5.9108
2021-06-17,2021,5.9373
2021-06-18,2021,5.9319
2021-06-21,2021,5.9527
2021-06-22,2021,5.9635
2021-06-23,2021,5.9743
2021-06-24,2021,5.9839
2021-06-25,2021,6.0
2021-06-28,2021,6.0154
2021-06-29,2021,6.0473
2021-06-30,2021,6.0
2021-07-01,2021,6.0
2021-07-02,2021,6.1004
2021-07-05,2021,6.2042
2021-07-06,2021,6.2912
2021-07-07,2021,6.3048
2021-07-08,2021,6.3229
2021-07-09,2021,6.3228
2021-07-12,2021,6.3224
2021-07-13,2021,6.3915
2021-07-14,2021,6.4286
2021-07-15,2021,6.426
2021-07-16,2021,6.4347
2021-07-19,2021,6.4001
2021-07-20,2021,6.3805
2021-07-21,2021,6.4001
2021-07-22,2021,6.4477
2021-07-23,2021,6.6719
2021-07-26,2021,6.7306
2021-07-27,2021,6.754
2021-07-28,2021,6.7674
2021-07-29,2021,6.7784
2021-07-30,2021,6.8845
2021-08-02,2021,6.8846
2021-08-03,2021,6.8846
2021-08-04,2021,6.9029
2021-08-05,2021,6.9279
2021-08-06,2021,6.9431
2021-08-09,2021,6.9903
2021-08-10,2021,7.0173
2021-08-11,2021,7.0404
2021-08-12,2021,7.0473
2021-08-13,2021,7.1185
2021-08-16,2021,7.1185
2021-08-17,2021,7.14
2021-08-18,2021,7.1401
2021-08-19,2021,7.159
2021-08-20,2021,7.1762
2021-08-23,2021,7.2395
2021-08-24,2021,7.2733
2021-08-25,2021,7.3321
2021-08-26,2021,7.3536
2021-08-27,2021,7.4603
2021-08-30,2021,7.5136
2021-08-31,2021,7.5778
2021-09-01,2021,7.6794
2021-09-02,2021,7.717
2021-09-03,2021,7.7597
2021-09-06,2021,7.7594
2021-09-08,2021,7.759
2021-09-09,2021,8.0597
2021-09-10,2021,8.1984
2021-09-13,2021,8.2635
2021-09-14,2021,8.2743
2021-09-15,2021,8.2844
2021-09-16,2021,8.2847
2021-09-17,2021,8.403
2021-09-20,2021,8.4243
2021-09-21,2021,8.4351
2021-09-22,2021,8.4404
2021-09-23,2021,8.4432
2021-09-24,2021,8.5171
2021-09-27,2021,8.5968
2021-09-28,2021,8.609
2021-09-29,2021,8.6448
2021-09-30,2021,8.6612
2021-10-01,2021,8.7
2021-10-04,2021,8.7137
2021-10-05,2021,8.704
2021-10-06,2021,8.693
2021-10-07,2021,8.7144
2021-10-08,2021,8.7123
2021-10-11,2021,8.7759
2021-10-13,2021,8.7714
2021-10-14,2021,8.7803
2021-10-15,2021,8.7912
2021-10-18,2021,8.8019
2021-10-19,2021,8.802
2021-10-20,2021,8.8344
2021-10-21,2021,8.8454
2021-10-22,2021,9.051
2021-10-25,2021,9.0996
2021-10-26,2021,9.1159
2021-10-27,2021,9.1539
2021-10-28,2021,9.1702
2021-10-29,2021,9.4032
2021-11-01,2021,9.4462
2021-11-03,2021,9.4407
2021-11-04,2021,9.4301
2021-11-05,2021,9.4626
2021-11-08,2021,9.4737
2021-11-09,2021,9.4842
2021-11-10,2021,9.7808
2021-11-11,2021,9.8375
2021-11-12,2021,10.1043
2021-11-16,2021,10.1156
2021-11-17,2021,10.1156
2021-11-18,2021,10.1264
2021-11-19,2021,10.159
2021-11-22,2021,10.1701
2021-11-23,2021,10.1919
2021-11-24,2021,10.192
2021-11-25,2021,10.1919
2021-11-26,2021,10.1914
2021-11-29,2021,10.1911
2021-11-30,2021,10.1911
2021-12-01,2021,10.1701
2021-12-02,2021,10.1701
2021-12-03,2021,10.1914
2021-12-06,2021,10.1917
2021-12-07,2021,10.1917
2021-12-08,2021,10.192
2021-12-09,2021,10.2026
2021-12-10,2021,10.0299
2021-12-13,2021,10.0324
2021-12-14,2021,10.0315
2021-12-15,2021,10.0282
2021-12-16,2021,10.0282
2021-12-17,2021,10.0282
2021-12-20,2021,10.0173
2021-12-21,2021,10.0282
2021-12-22,2021,10.0282
2021-12-23,2021,10.0008
2021-12-24,2021,9.9955
2021-12-27,2021,9.9845
2021-12-28,2021,9.9845
2021-12-29,2021,9.9736
2021-12-30,2021,9.9736
2021-12-31,2021,9.9627
2022-01-03,2021,9.9736
2022-01-04,2021,9.9955
2022-01-05,2021,10.0064
2022-01-06,2021,9.9955
2022-01-07,2021,9.9845
2022-01-10,2021,9.9845
2018-01-10,2022,4.0
2018-01-11,2022,4.05
2018-01-12,2022,4.0
2018-01-15,2022,4.0
2018-01-16,2022,4.0
2018-01-17,2022,4.0
2018-01-18,2022,4.0
2018-01-19,2022,4.0
2018-01-22,2022,4.0
2018-01-23,2022,4.0
2018-01-24,2022,4.0
2018-01-25,2022,4.0
2018-01-26,2022,4.0
2018-01-29,2022,4.0
2018-01-30,2022,4.0
2018-01-31,2022,4.0
2018-02-01,2022,4.0
2018-02-02,2022,4.0
2018-02-05,2022,4.0
2018-02-06,2022,4.0
2018-02-07,2022,4.0
2018-02-08,2022,4.0
2018-02-09,2022,4.0
2018-02-14,2022,4.0
2018-02-15,2022,4.0
2018-02-16,2022,4.0
2018-02-19,2022,4.0
2018-02-20,2022,4.0
2018-02-21,2022,4.0
2018-02-22,2022,4.0
2018-02-23,2022,4.0
2018-02-26,2022,4.0
2018-02-27,2022,4.0
2018-02-28,2022,4.0
2018-03-01,2022,4.0
2018-03-02,2022,4.0
2018-03-05,2022,4.0
2018-03-06,2022,4.0
2018-03-07,2022,4.0
2018-03-08,2022,4.0
2018-03-09,2022,4.0
2018-03-12,2022,4.0
2018-03-13,2022,4.0
2018-03-14,2022,4.0
2018-03-15,2022,4.0
2018-03-16,2022,4.0
2018-03-19,2022,4.0
2018-03-20,2022,4.0
2018-03-21,2022,4.0
2018-03-22,2022,4.0
2018-03-23,2022,4.0
2018-03-26,2022,4.0
2018-03-27,2022,4.0
2018-03-28,2022,4.0
2018-03-29,2022,4.0
2018-04-02,2022,4.0
2018-04-03,2022,4.0
2018-04-04,2022,4.0
2018-04-05,2022,4.0
2018-04-06,2022,4.0
2018-04-09,2022,4.0
2018-04-10,2022,3.9
2018-04-11,2022,3.9
2018-04-12,2022,3.95
2018-04-13,2022,3.9
2018-04-16,2022,3.95
2018-04-17,2022,4.0
2018-04-18,2022,4.0
2018-04-19,2022,4.0
2018-04-20,2022,4.0
2018-04-23,2022,4.0
2018-04-24,2022,4.0
2018-04-25,2022,4.0
2018-04-26,2022,3.94
2018-04-27,2022,4.0
2018-04-30,2022,4.0
2018-05-02,2022,4.0
2018-05-03,2022,4.0
2018-05-04,2022,4.0
2018-05-07,2022,4.0
2018-05-08,2022,4.0
2018-05-09,2022,3.77
2018-05-10,2022,3.84
2018-05-11,2022,3.9
2018-05-14,2022,3.9
2018-05-15,2022,4.0
2018-05-16,2022,4.0
2018-05-17,2022,4.0
2018-05-18,2022,4.0
2018-05-21,2022,4.0
2018-05-22,2022,4.0
2018-05-23,2022,4.0
2018-05-24,2022,4.0
2018-05-25,2022,4.0
2018-05-28,2022,4.0
2018-05-29,2022,4.0
2018-05-30,2022,4.0
2018-06-01,2022,4.0
2018-06-04,2022,4.0
2018-06-05,2022,4.0
2018-06-06,2022,4.0
2018-06-07,2022,4.0
2018-06-08,2022,4.0
2018-06-11,2022,4.0
2018-06-12,2022,4.0
2018-06-13,2022,4.0
2018-06-14,2022,4.0
2018-06-15,2022,4.0
2018-06-18,2022,4.0
2018-06-19,2022,4.0
2018-06-20,2022,4.0
2018-06-21,2022,4.0
2018-06-22,2022,4.0
2018-06-25,2022,4.0
2018-06-26,2022,4.0
2018-06-27,2022,4.0
2018-06-28,2022,3.78
2018-06-29,2022,3.9
2018-07-02,2022,3.78
2018-07-03,2022,3.78
2018-07-04,2022,4.0
2018-07-05,2022,4.0
2018-07-06,2022,4.0
2018-07-09,2022,4.0
2018-07-10,2022,4.0
2018-07-11,2022,4.0
2018-07-12,2022,3.9
2018-07-13,2022,3.75
2018-07-16,2022,3.8
2018-07-17,2022,3.75
2018-07-18,2022,3.75
2018-07-19,2022,3.75
2018-07-20,2022,3.75
2018-07-23,2022,3.75
2018-07-24,2022,3.75
2018-07-25,2022,3.8
2018-07-26,2022,4.0
2018-07-27,2022,4.0
2018-07-30,2022,4.0
2018-07-31,2022,4.0
2018-08-01,2022,4.0
2018-08-02,2022,3.75
2018-08-03,2022,3.78
2018-08-06,2022,3.78
2018-08-07,2022,3.75
2018-08-08,2022,3.75
2018-08-09,2022,3.75
2018-08-10,2022,3.75
2018-08-13,2022,3.75
2018-08-14,2022,3.75
2018-08-15,2022,3.8
2018-08-16,2022,3.9
2018-08-17,2022,3.78
2018-08-20,2022,3.8
2018-08-21,2022,3.75
2018-08-22,2022,3.75
2018-08-23,2022,3.75
2018-08-24,2022,3.75
2018-08-27,2022,3.75
2018-08-28,2022,3.75
2018-08-29,2022,3.75
2018-08-30,2022,3.75
2018-08-31,2022,3.75
2018-09-03,2022,3.63
2018-09-04,2022,3.5
2018-09-05,2022,3.5
2018-09-06,2022,3.5
2018-09-10,2022,3.75
2018-09-11,2022,3.78
2018-09-12,2022,3.91
2018-09-13,2022,4.0
2018-09-14,2022,3.81
2018-09-17,2022,3.75
2018-09-18,2022,3.75
2018-09-19,2022,3.75
2018-09-20,2022,3.75
2018-09-21,2022,3.75
2018-09-24,2022,3.75
2018-09-25,2022,3.75
2018-09-26,2022,3.75
2018-09-27,2022,3.75
2018-09-28,2022,3.75
2018-10-01,2022,3.75
2018-10-02,2022,3.75
2018-10-03,2022,3.81
2018-10-04,2022,3.81
2018-10-05,2022,3.75
2018-10-08,2022,3.75
2018-10-09,2022,3.81
2018-10-10,2022,3.75
2018-10-11,2022,3.78
2018-10-15,2022,3.91
2018-10-16,2022,3.91
2018-10-17,2022,3.81
2018-10-18,2022,4.0
2018-10-19,2022,3.78
2018-10-22,2022,3.75
2018-10-23,2022,3.75
2018-10-24,2022,3.75
2018-10-25,2022,3.75
2018-10-26,2022,3.75
2018-10-29,2022,3.75
2018-10-30,2022,3.75
2018-10-31,2022,3.75
2018-11-01,2022,3.75
2018-11-05,2022,3.75
2018-11-06,2022,3.75
2018-11-07,2022,3.75
2018-11-08,2022,3.75
2018-11-09,2022,3.75
2018-11-12,2022,3.75
2018-11-13,2022,3.75
2018-11-14,2022,3.75
2018-11-16,2022,3.75
2018-11-19,2022,3.75
2018-11-20,2022,3.75
2018-11-21,2022,3.75
2018-11-22,2022,3.75
2018-11-23,2022,3.75
2018-11-26,2022,3.75
2018-11-27,2022,3.75
2018-11-28,2022,3.75
2018-11-29,2022,3.78
2018-11-30,2022,3.75
2018-12-03,2022,3.75
2018-12-04,2022,3.75
2018-12-05,2022,3.75
2018-12-06,2022,3.75
2018-12-07,2022,3.75
2018-12-10,2022,3.75
2018-12-11,2022,3.75
2018-12-12,2022,3.75
2018-12-13,2022,3.75
2018-12-14,2022,3.75
2018-12-17,2022,3.75
2018-12-18,2022,3.75
2018-12-19,2022,3.75
2018-12-20,2022,3.75
2018-12-21,2022,3.75
2018-12-24,2022,3.75
2018-12-26,2022,3.75
2018-12-27,2022,3.75
2018-12-28,2022,3.75
2018-12-31,2022,3.75
2019-01-02,2022,3.75
2019-01-03,2022,3.8
2019-01-04,2022,3.8
2019-01-07,2022,4.0
2019-01-08,2022,3.75
2019-01-09,2022,3.75
2019-01-10,2022,3.75
2019-01-11,2022,3.75
2019-01-14,2022,3.75
2019-01-15,2022,3.75
2019-01-16,2022,3.75
2019-01-17,2022,3.75
2019-01-18,2022,3.75
2019-01-21,2022,3.75
2019-01-22,2022,3.75
2019-01-23,2022,3.75
2019-01-24,2022,3.75
2019-01-25,2022,3.75
2019-01-28,2022,3.5
2019-01-29,2022,3.5
2019-01-30,2022,3.63
2019-01-31,2022,3.75
2019-02-01,2022,3.75
2019-02-04,2022,3.75
2019-02-05,2022,3.75
2019-02-06,2022,3.75
2019-02-07,2022,3.75
2019-02-08,2022,3.75
2019-02-11,2022,3.75
2019-02-12,2022,3.75
2019-02-13,2022,3.75
2019-02-14,2022,3.75
2019-02-15,2022,3.75
2019-02-18,2022,3.75
2019-02-19,2022,3.75
2019-02-20,2022,3.75
2019-02-21,2022,3.75
2019-02-22,2022,3.75
2019-02-25,2022,3.5
2019-02-26,2022,3.68
2019-02-27,2022,3.75
2019-02-28,2022,3.68
2019-03-01,2022,3.5
2019-03-06,2022,3.5
2019-03-07,2022,3.5
2019-03-08,2022,3.5
2019-03-11,2022,3.5
2019-03-12,2022,3.75
2019-03-13,2022,3.75
2019-03-14,2022,3.75
2019-03-15,2022,3.75
2019-03-18,2022,3.75
2019-03-19,2022,3.75
2019-03-20,2022,3.75
2019-03-21,2022,3.75
2019-03-22,2022,3.75
2019-03-25,2022,3.75
2019-03-26,2022,3.75
2019-03-27,2022,3.75
2019-03-28,2022,3.75
2019-03-29,2022,3.75
2019-04-01,2022,3.75
2019-04-02,2022,3.75
2019-04-03,2022,3.75
2019-04-04,2022,3.75
2019-04-05,2022,3.5
2019-04-08,2022,3.75
2019-04-09,2022,3.64
2019-04-10,2022,3.75
2019-04-11,2022,3.73
2019-04-12,2022,3.75
2019-04-15,2022,3.75
2019-04-16,2022,3.75
2019-04-17,2022,3.75
2019-04-18,2022,3.75
2019-04-22,2022,3.75
2019-04-23,2022,3.75
2019-04-24,2022,3.75
2019-04-25,2022,3.75
2019-04-26,2022,3.75
2019-04-29,2022,3.75
2019-04-30,2022,3.75
2019-05-02,2022,3.75
2019-05-03,2022,3.75
2019-05-06,2022,3.75
2019-05-07,2022,3.75
2019-05-08,2022,3.75
2019-05-09,2022,3.75
2019-05-10,2022,3.75
2019-05-13,2022,3.75
2019-05-14,2022,3.75
2019-05-15,2022,3.75
2019-05-16,2022,3.75
2019-05-17,2022,3.75
2019-05-20,2022,3.75
2019-05-21,2022,3.75
2019-05-22,2022,3.75
2019-05-23,2022,3.75
2019-05-24,2022,3.75
2019-05-27,2022,3.75
2019-05-28,2022,3.73
2019-05-29,2022,3.7
2019-05-30,2022,3.6
2019-05-31,2022,3.65
2019-06-03,2022,3.7
2019-06-04,2022,3.6
2019-06-05,2022,3.75
2019-06-06,2022,3.75
2019-06-07,2022,3.75
2019-06-10,2022,3.75
2019-06-11,2022,3.75
2019-06-12,2022,3.75
2019-06-13,2022,3.75
2019-06-14,2022,3.75
2019-06-17,2022,3.75
2019-06-18,2022,3.75
2019-06-19,2022,3.75
2019-06-21,2022,3.75
2019-06-24,2022,3.57
2019-06-25,2022,3.75
2019-06-26,2022,3.75
2019-06-27,2022,3.75
2019-06-28,2022,3.75
2019-07-01,2022,3.68
2019-07-02,2022,3.5
2019-07-03,2022,3.6
2019-07-04,2022,3.6
2019-07-05,2022,3.55
2019-07-08,2022,3.75
2019-07-09,2022,3.75
2019-07-10,2022,3.65
2019-07-11,2022,3.73
2019-07-12,2022,3.75
2019-07-15,2022,3.73
2019-07-16,2022,3.7
2019-07-17,2022,3.75
2019-07-18,2022,3.75
2019-07-19,2022,3.7
2019-07-22,2022,3.6
2019-07-23,2022,3.5
2019-07-24,2022,3.5
2019-07-25,2022,3.5
2019-07-26,2022,3.5
2019-07-29,2022,3.5
2019-07-30,2022,3.5
2019-07-31,2022,3.5
2019-08-01,2022,3.5
2019-08-02,2022,3.5
2019-08-05,2022,3.5
2019-08-06,2022,3.5
2019-08-07,2022,3.5
2019-08-08,2022,3.5
2019-08-09,2022,3.5
2019-08-12,2022,3.5
2019-08-13,2022,3.5
2019-08-14,2022,3.5
2019-08-15,2022,3.5
2019-08-16,2022,3.5
2019-08-19,2022,3.5
2019-08-20,2022,3.5
2019-08-21,2022,3.5
2019-08-22,2022,3.5
2019-08-23,2022,3.5
2019-08-26,2022,3.5
2019-08-27,2022,3.5
2019-08-28,2022,3.5
2019-08-29,2022,3.5
2019-08-30,2022,3.5
2019-09-02,2022,3.5
2019-09-03,2022,3.5
2019-09-04,2022,3.5
2019-09-05,2022,3.5
2019-09-06,2022,3.5
2019-09-09,2022,3.5
2019-09-10,2022,3.5
2019-09-11,2022,3.5
2019-09-12,2022,3.5
2019-09-13,2022,3.5
2019-09-16,2022,3.5
2019-09-17,2022,3.5
2019-09-18,2022,3.5
2019-09-19,2022,3.5
2019-09-20,2022,3.5
2019-09-23,2022,3.5
2019-09-24,2022,3.5
2019-09-25,2022,3.5
2019-09-26,2022,3.5
2019-09-27,2022,3.5
2019-09-30,2022,3.5
2019-10-01,2022,3.5
2019-10-02,2022,3.5
2019-10-03,2022,3.5
2019-10-04,2022,3.5
2019-10-07,2022,3.5
2019-10-08,2022,3.5
2019-10-09,2022,3.5
2019-10-10,2022,3.5
2019-10-11,2022,3.5
2019-10-14,2022,3.5
2019-10-15,2022,3.5
2019-10-16,2022,3.5
2019-10-17,2022,3.5
2019-10-18,2022,3.5
2019-10-21,2022,3.5
2019-10-22,2022,3.5
2019-10-23,2022,3.5
2019-10-24,2022,3.5
2019-10-25,2022,3.5
2019-10-28,2022,3.5
2019-10-29,2022,3.5
2019-10-30,2022,3.5
2019-10-31,2022,3.5
2019-11-01,2022,3.5
2019-11-04,2022,3.5
2019-11-05,2022,3.5
2019-11-06,2022,3.5
2019-11-07,2022,3.5
2019-11-08,2022,3.5
2019-11-11,2022,3.5
2019-11-12,2022,3.5
2019-11-13,2022,3.5
2019-11-14,2022,3.5
2019-11-18,2022,3.5
2019-11-19,2022,3.5
2019-11-20,2022,3.5
2019-11-21,2022,3.5
2019-11-22,2022,3.5
2019-11-25,2022,3.5
2019-11-26,2022,3.5
2019-11-27,2022,3.5
2019-11-28,2022,3.5
2019-11-29,2022,3.5
2019-12-02,2022,3.5
2019-12-03,2022,3.5
2019-12-04,2022,3.5
2019-12-05,2022,3.5
2019-12-06,2022,3.5
2019-12-09,2022,3.5
2019-12-10,2022,3.5
2019-12-11,2022,3.5
2019-12-12,2022,3.5
2019-12-13,2022,3.5
2019-12-16,2022,3.5
2019-12-17,2022,3.5
2019-12-18,2022,3.5
2019-12-19,2022,3.5
2019-12-20,2022,3.5
2019-12-23,2022,3.5
2019-12-24,2022,3.5
2019-12-26,2022,3.5
2019-12-27,2022,3.5
2019-12-30,2022,3.5
2019-12-31,2022,3.5
2020-01-02,2022,3.5
2020-01-03,2022,3.5
2020-01-06,2022,3.5
2020-01-07,2022,3.5
2020-01-08,2022,3.5
2020-01-09,2022,3.5
2020-01-10,2022,3.5
2020-01-13,2022,3.5
2020-01-14,2022,3.5
2020-01-15,2022,3.5
2020-01-16,2022,3.5
2020-01-17,2022,3.5
2020-01-20,2022,3.5
2020-01-21,2022,3.5
2020-01-22,2022,3.5
2020-01-23,2022,3.5
2020-01-24,2022,3.5
2020-01-27,2022,3.5
2020-01-28,2022,3.5
2020-01-29,2022,3.5
2020-01-30,2022,3.5
2020-01-31,2022,3.5
2020-02-03,2022,3.5
2020-02-04,2022,3.5
2020-02-05,2022,3.5
2020-02-06,2022,3.5
2020-02-07,2022,3.5
2020-02-10,2022,3.5
2020-02-11,2022,3.5
2020-02-12,2022,3.5
2020-02-13,2022,3.5
2020-02-14,2022,3.5
2020-02-17,2022,3.5
2020-02-18,2022,3.5
2020-02-19,2022,3.5
2020-02-20,2022,3.5
2020-02-21,2022,3.5
2020-02-26,2022,3.5
2020-02-27,2022,3.5
2020-02-28,2022,3.5
2020-03-02,2022,3.5
2020-03-03,2022,3.5
2020-03-04,2022,3.5
2020-03-05,2022,3.5
2020-03-06,2022,3.5
2020-03-09,2022,3.5
2020-03-10,2022,3.5
2020-03-11,2022,3.5
2020-03-12,2022,3.5
2020-03-13,2022,3.5
2020-03-16,2022,3.5
2020-03-17,2022,3.5
2020-03-18,2022,3.5
2020-03-19,2022,3.5
2020-03-20,2022,3.5
2020-03-23,2022,3.5
2020-03-24,2022,3.5
2020-03-25,2022,3.5
2020-03-26,2022,3.5
2020-03-27,2022,3.5
2020-03-30,2022,3.5
2020-03-31,2022,3.5
2020-04-01,2022,3.5
2020-04-02,2022,3.5
2020-04-03,2022,3.5
2020-04-06,2022,3.5
2020-04-07,2022,3.5
2020-04-08,2022,3.5
2020-04-09,2022,3.5
2020-04-13,2022,3.5
2020-04-14,2022,3.5
2020-04-15,2022,3.5
2020-04-16,2022,3.5
2020-04-17,2022,3.5
2020-04-20,2022,3.5
2020-04-22,2022,3.5
2020-04-23,2022,3.5
2020-04-24,2022,3.5
2020-04-27,2022,3.5
2020-04-28,2022,3.5
2020-04-29,2022,3.5
2020-04-30,2022,3.5
2020-05-04,2022,3.5
2020-05-05,2022,3.5
2020-05-06,2022,3.5
2020-05-07,2022,3.5
2020-05-08,2022,3.5
2020-05-11,2022,3.5
2020-05-12,2022,3.5
2020-05-13,2022,3.5
2020-05-14,2022,3.5
2020-05-15,2022,3.5
2020-05-18,2022,3.5
2020-05-19,2022,3.5
2020-05-20,2022,3.5
2020-05-21,2022,3.5
2020-05-22,2022,3.5
2020-05-25,2022,3.5
2020-05-26,2022,3.5
2020-05-27,2022,3.5
2020-05-28,2022,3.5
2020-05-29,2022,3.5
2020-06-01,2022,3.5
2020-06-02,2022,3.5
2020-06-03,2022,3.5
2020-06-04,2022,3.5
2020-06-05,2022,3.5
2020-06-08,2022,3.5
2020-06-09,2022,3.5
2020-06-10,2022,3.5
2020-06-12,2022,3.5
2020-06-15,2022,3.5
2020-06-16,2022,3.5
2020-06-17,2022,3.5
2020-06-18,2022,3.5
2020-06-19,2022,3.5
2020-06-22,2022,3.5
2020-06-23,2022,3.5
2020-06-24,2022,3.5
2020-06-25,2022,3.5
2020-06-26,2022,3.5
2020-06-29,2022,3.5
2020-06-30,2022,3.5
2020-07-01,2022,3.5
2020-07-02,2022,3.5
2020-07-03,2022,3.5
2020-07-06,2022,3.5
2020-07-07,2022,3.5
2020-07-08,2022,3.5
2020-07-09,2022,3.5
2020-07-10,2022,3.5
2020-07-13,2022,3.5
2020-07-14,2022,3.5
2020-07-15,2022,3.5
2020-07-16,2022,3.5
2020-07-17,2022,3.5
2020-07-20,2022,3.5
2020-07-21,2022,3.5
2020-07-22,2022,3.5
2020-07-23,2022,3.5
2020-07-24,2022,3.5
2020-07-27,2022,3.5
2020-07-28,2022,3.5
2020-07-29,2022,3.5
2020-07-30,2022,3.5
2020-07-31,2022,3.5
2020-08-03,2022,3.5
2020-08-04,2022,3.5
2020-08-05,2022,3.5
2020-08-06,2022,3.5
2020-08-07,2022,3.5
2020-08-10,2022,3.5
2020-08-11,2022,3.5
2020-08-12,2022,3.5
2020-08-13,2022,3.5
2020-08-14,2022,3.5
2020-08-17,2022,3.5
2020-08-18,2022,3.5
2020-08-19,2022,3.5
2020-08-20,2022,3.5
2020-08-21,2022,3.5
2020-08-24,2022,3.5
2020-08-25,2022,3.5
2020-08-26,2022,3.5
2020-08-27,2022,3.5
2020-08-28,2022,3.5
2020-08-31,2022,3.5
2020-09-01,2022,3.5
2020-09-02,2022,3.5
2020-09-03,2022,3.5
2020-09-04,2022,3.5
2020-09-08,2022,3.5
2020-09-09,2022,3.5
2020-09-10,2022,3.5
2020-09-11,2022,3.5
2020-09-14,2022,3.5
2020-09-15,2022,3.5
2020-09-16,2022,3.5
2020-09-17,2022,3.49
2020-09-18,2022,3.4
2020-09-21,2022,3.5
2020-09-22,2022,3.49
2020-09-23,2022,3.5
2020-09-24,2022,3.5
2020-09-25,2022,3.49
2020-09-28,2022,3.5
2020-09-29,2022,3.5
2020-09-30,2022,3.49
2020-10-01,2022,3.5
2020-10-02,2022,3.49
2020-10-05,2022,3.49
2020-10-06,2022,3.49
2020-10-07,2022,3.47
2020-10-08,2022,3.45
2020-10-09,2022,3.5
2020-10-13,2022,3.5
2020-10-14,2022,3.5
2020-10-15,2022,3.5
2020-10-16,2022,3.5
2020-10-19,2022,3.5
2020-10-20,2022,3.5
2020-10-21,2022,3.5
2020-10-22,2022,3.5
2020-10-23,2022,3.45
2020-10-26,2022,3.49
2020-10-27,2022,3.5
2020-10-28,2022,3.5
2020-10-29,2022,3.5
2020-10-30,2022,3.5
2020-11-03,2022,3.5
2020-11-04,2022,3.5
2020-11-05,2022,3.5
2020-11-06,2022,3.5
2020-11-09,2022,3.5
2020-11-10,2022,3.5
2020-11-11,2022,3.5
2020-11-12,2022,3.5
2020-11-13,2022,3.5
2020-11-16,2022,3.5
2020-11-17,2022,3.5
2020-11-18,2022,3.5
2020-11-19,2022,3.47
2020-11-20,2022,3.5
2020-11-23,2022,3.5
2020-11-24,2022,3.5
2020-11-25,2022,3.5
2020-11-26,2022,3.5
2020-11-27,2022,3.5
2020-11-30,2022,3.5
2020-12-01,2022,3.5
2020-12-02,2022,3.5
2020-12-03,2022,3.5
2020-12-04,2022,3.5
2020-12-07,2022,3.5
2020-12-08,2022,3.5
2020-12-09,2022,3.5
2020-12-10,2022,3.5
2020-12-11,2022,3.5
2020-12-14,2022,3.5
2020-12-15,2022,3.5
2020-12-16,2022,3.5
2020-12-17,2022,3.5
2020-12-18,2022,3.5
2020-12-21,2022,3.47
2020-12-22,2022,3.43
2020-12-23,2022,3.5
2020-12-24,2022,3.49
2020-12-28,2022,3.5
2020-12-29,2022,3.5
2020-12-30,2022,3.5
2020-12-31,2022,3.5
2021-01-04,2022,3.5
2021-01-05,2022,3.46
2021-01-06,2022,3.49
2021-01-07,2022,3.5
2021-01-08,2022,3.5
2021-01-11,2022,3.5
2021-01-12,2022,3.5
2021-01-13,2022,3.5
2021-01-14,2022,3.47
2021-01-15,2022,3.5
2021-01-18,2022,3.5
2021-01-19,2022,3.5
2021-01-20,2022,3.5
2021-01-21,2022,3.5
2021-01-22,2022,3.5
2021-01-25,2022,3.5
2021-01-26,2022,3.5
2021-01-27,2022,3.5
2021-01-28,2022,3.5
2021-01-29,2022,3.49
2021-02-01,2022,3.49
2021-02-02,2022,3.49
2021-02-03,2022,3.49
2021-02-04,2022,3.49
2021-02-05,2022,3.48
2021-02-08,2022,3.48
2021-02-09,2022,3.48
2021-02-10,2022,3.49
2021-02-11,2022,3.49
2021-02-12,2022,3.48
2021-02-17,2022,3.47
2021-02-18,2022,3.49
2021-02-19,2022,3.48
2021-02-22,2022,3.48
2021-02-23,2022,3.48
2021-02-24,2022,3.48
2021-02-25,2022,3.48
2021-02-26,2022,3.5
2021-03-01,2022,3.5
2021-03-02,2022,3.5
2021-03-03,2022,3.5
2021-03-04,2022,3.5
2021-03-05,2022,3.49
2021-03-08,2022,3.5
2021-03-09,2022,3.5
2021-03-10,2022,3.5
2021-03-11,2022,3.5
2021-03-12,2022,3.51
2021-03-15,2022,3.51
2021-03-16,2022,3.51
2021-03-17,2022,3.5
2021-03-18,2022,3.51
2021-03-19,2022,3.5
2021-03-22,2022,3.51
2021-03-23,2022,3.51
2021-03-24,2022,3.51
2021-03-25,2022,3.51
2021-03-26,2022,3.5
2021-03-29,2022,3.52
2021-03-30,2022,3.56
2021-03-31,2022,3.556
2021-04-01,2022,3.6075
2021-04-05,2022,3.5249
2021-04-06,2022,3.6074
2021-04-07,2022,3.5356
2021-04-08,2022,3.5198
2021-04-09,2022,3.5149
2021-04-12,2022,3.5715
2021-04-13,2022,3.5767
2021-04-14,2022,3.5973
2021-04-15,2022,3.6076
2021-04-16,2022,3.67
2021-04-19,2022,3.6799
2021-04-20,2022,3.6593
2021-04-22,2022,3.6593
2021-04-23,2022,3.6078
2021-04-26,2022,3.6078
2021-04-27,2022,3.6024
2021-04-28,2022,3.6077
2021-04-29,2022,3.6078
2021-04-30,2022,3.6897
2021-05-03,2022,3.6636
2021-05-04,2022,3.6732
2021-05-05,2022,3.6732
2021-05-06,2022,3.6893
2021-05-07,2022,3.5041
2021-05-10,2022,3.5297
2021-05-11,2022,3.5301
2021-05-12,2022,3.6077
2021-05-13,2022,3.6906
2021-05-14,2022,3.6448
2021-05-17,2022,3.6181
2021-05-18,2022,3.6
2021-05-19,2022,3.5357
2021-05-20,2022,3.5866
2021-05-21,2022,3.6074
2021-05-24,2022,3.675
2021-05-25,2022,3.6794
2021-05-26,2022,3.6748
2021-05-27,2022,3.6593
2021-05-28,2022,3.6802
2021-05-31,2022,3.678
2021-06-01,2022,3.678
2021-06-02,2022,3.6956
2021-06-04,2022,3.701
2021-06-07,2022,3.7112
2021-06-08,2022,3.7004
2021-06-09,2022,3.7607
2021-06-10,2022,3.7567
2021-06-11,2022,3.8032
2021-06-14,2022,3.8035
2021-06-15,2022,3.8038
2021-06-16,2022,3.8037
2021-06-17,2022,3.8038
2021-06-18,2022,3.741
2021-06-21,2022,3.7469
2021-06-22,2022,3.7218
2021-06-23,2022,3.7215
2021-06-24,2022,3.7104
2021-06-25,2022,3.7112
2021-06-28,2022,3.7008
2021-06-29,2022,3.7108
2021-06-30,2022,3.7112
2021-07-01,2022,3.7112
2021-07-02,2022,3.7
2021-07-05,2022,3.7435
2021-07-06,2022,3.7435
2021-07-07,2022,3.7618
2021-07-08,2022,3.7004
2021-07-09,2022,3.7059
2021-07-12,2022,3.7362
2021-07-13,2022,3.7215
2021-07-14,2022,3.7108
2021-07-15,2022,3.7365
2021-07-16,2022,3.7054
2021-07-19,2022,3.7268
2021-07-20,2022,3.7409
2021-07-21,2022,3.8
2021-07-22,2022,3.8
2021-07-23,2022,3.804
2021-07-26,2022,3.8135
2021-07-27,2022,3.8142
2021-07-28,2022,3.8042
2021-07-29,2022,3.8
2021-07-30,2022,3.8096
2021-08-02,2022,3.802
2021-08-03,2022,3.8096
2021-08-04,2022,3.8356
2021-08-05,2022,3.8559
2021-08-06,2022,3.8452
2021-08-09,2022,3.8252
2021-08-10,2022,3.8252
2021-08-11,2022,3.8815
2021-08-12,2022,3.8147
2021-08-13,2022,3.8711
2021-08-16,2022,3.876
2021-08-17,2022,3.8711
2021-08-18,2022,3.876
2021-08-19,2022,3.9295
2021-08-20,2022,3.9243
2021-08-23,2022,3.8402
2021-08-24,2022,3.8975
2021-08-25,2022,3.882
2021-08-26,2022,3.8661
2021-08-27,2022,3.9243
2021-08-30,2022,3.9451
2021-08-31,2022,3.9398
2021-09-01,2022,3.9494
2021-09-02,2022,3.97
2021-09-03,2022,3.9828
2021-09-06,2022,4.0264
2021-09-08,2022,4.0205
2021-09-09,2022,4.0411
2021-09-10,2022,4.1046
2021-09-13,2022,4.1048
2021-09-14,2022,4.1046
2021-09-15,2022,4.1146
2021-09-16,2022,4.1141
2021-09-17,2022,4.1
2021-09-20,2022,4.1034
2021-09-21,2022,4.1034
2021-09-22,2022,4.1
2021-09-23,2022,4.0925
2021-09-24,2022,4.1446
2021-09-27,2022,4.1223
2021-09-28,2022,4.1302
2021-09-29,2022,4.1516
2021-09-30,2022,4.1688
2021-10-01,2022,4.1238
2021-10-04,2022,4.1979
2021-10-05,2022,4.1299
2021-10-06,2022,4.1238
2021-10-07,2022,4.1299
2021-10-08,2022,4.1672
2021-10-11,2022,4.1688
2021-10-13,2022,4.1979
2021-10-14,2022,4.1704
2021-10-15,2022,4.216
2021-10-18,2022,4.1875
2021-10-19,2022,4.1814
2021-10-20,2022,4.1889
2021-10-21,2022,4.2332
2021-10-22,2022,4.4959
2021-10-25,2022,4.507
2021-10-26,2022,4.509
2021-10-27,2022,4.5178
2021-10-28,2022,4.5397
2021-10-29,2022,4.561
2021-11-01,2022,4.5905
2021-11-03,2022,4.5404
2021-11-04,2022,4.5411
2021-11-05,2022,4.6009
2021-11-08,2022,4.6134
2021-11-09,2022,4.6179
2021-11-10,2022,4.75
2021-11-11,2022,4.7661
2021-11-12,2022,4.9
2021-11-16,2022,4.8803
2021-11-17,2022,4.9347
2021-11-18,2022,4.9832
2021-11-19,2022,5.0
2021-11-22,2022,5.0008
2021-11-23,2022,5.0062
2021-11-24,2022,5.0034
2021-11-25,2022,5.006
2021-11-26,2022,5.1535
2021-11-29,2022,5.0523
2021-11-30,2022,5.0177
2021-12-01,2022,4.9788
2021-12-02,2022,4.9738
2021-12-03,2022,5.0088
2021-12-06,2022,5.0178
2021-12-07,2022,5.0117
2021-12-08,2022,5.028
2021-12-09,2022,5.028
2021-12-10,2022,5.0054
2021-12-13,2022,5.0054
2021-12-14,2022,4.9978
2021-12-15,2022,4.9978
2021-12-16,2022,4.9993
2021-12-17,2022,5.0211
2021-12-20,2022,4.9978
2021-12-21,2022,4.9858
2021-12-22,2022,4.997
2021-12-23,2022,4.9874
2021-12-24,2022,4.9807
2021-12-27,2022,4.9931
2021-12-28,2022,4.9883
2021-12-29,2022,4.9788
2021-12-30,2022,5.0063
2021-12-31,2022,4.9688
2022-01-03,2022,4.9788
2022-01-04,2022,5.0208
2022-01-05,2022,5.0329
2022-01-06,2022,5.0329
2022-01-07,2022,5.0411
2022-01-10,2022,5.0933
2022-01-11,2022,5.0882
2022-01-12,2022,5.0933
2022-01-13,2022,5.0949
2022-01-14,2022,5.0831
2022-01-17,2022,5.0831
2022-01-18,2022,5.0711
2022-01-19,2022,5.1124
2022-01-20,2022,5.1131
2022-01-21,2022,5.1744
2022-01-24,2022,5.1744
2022-01-25,2022,5.1604
2022-01-26,2022,5.1327
2022-01-27,2022,5.3006
2022-01-28,2022,5.4493
2022-01-31,2022,5.499
2022-02-01,2022,5.5
2022-02-02,2022,5.5
2022-02-03,2022,5.5
2022-02-04,2022,5.499
2022-02-07,2022,5.3944
2022-02-08,2022,5.4327
2022-02-09,2022,5.5
2022-02-10,2022,5.499
2022-02-11,2022,5.531
2022-02-14,2022,5.5073
2022-02-15,2022,5.5
2022-02-16,2022,5.5073
2022-02-17,2022,5.5178
2022-02-18,2022,5.5899
2022-02-21,2022,5.6063
2022-02-22,2022,5.6104
2022-02-23,2022,5.6104
2022-02-24,2022,5.6069
2022-02-25,2022,5.6069
2022-03-02,2022,5.6238
2022-03-03,2022,5.6913
2022-03-04,2022,5.7826
2022-03-07,2022,5.76
2022-03-08,2022,5.798
2022-03-09,2022,5.8915
2022-03-10,2022,5.9749
2022-03-11,2022,6.5445
2022-03-14,2022,6.622
2022-03-15,2022,6.6431
2022-03-16,2022,6.6934
2022-03-17,2022,6.6934
2022-03-18,2022,6.6963
2022-03-21,2022,6.7023
2022-03-22,2022,6.7898
2022-03-23,2022,6.8166
2022-03-24,2022,6.861
2022-03-25,2022,7.0965
2022-03-28,2022,7.0965
2022-03-29,2022,7.1043
2022-03-30,2022,7.0813
2022-03-31,2022,7.1043
2022-04-01,2022,7.0473
2022-04-04,2022,7.1533
2022-04-05,2022,7.1746
2022-04-06,2022,7.1855
2022-04-07,2022,7.1181
2022-04-08,2022,7.5089
2022-04-11,2022,7.5159
2022-04-12,2022,7.5124
2022-04-13,2022,7.5124
2022-04-14,2022,7.5089
2022-04-18,2022,7.5403
2022-04-19,2022,7.605
2022-04-20,2022,7.6487
2022-04-22,2022,7.717
2022-04-25,2022,7.69
2022-04-26,2022,7.7119
2022-04-27,2022,7.7767
2022-04-28,2022,7.7751
2022-04-29,2022,7.9482
2022-05-02,2022,7.99
2022-05-03,2022,7.99
2022-05-04,2022,8.0066
2022-05-05,2022,8.0716
2022-05-06,2022,8.2
2022-05-09,2022,8.2287
2022-05-10,2022,8.1891
2022-05-11,2022,8.3279
2022-05-12,2022,8.3884
2022-05-13,2022,8.5828
2022-05-16,2022,8.6149
2022-05-17,2022,8.68
2022-05-18,2022,8.6876
2022-05-19,2022,8.6527
2022-05-20,2022,8.7995
2022-05-23,2022,8.7995
2022-05-24,2022,8.7883
2022-05-25,2022,8.7953
2022-05-26,2022,8.7998
2022-05-27,2022,8.7553
2022-05-30,2022,8.8427
2022-05-31,2022,8.9168
2022-06-01,2022,8.9
2022-06-02,2022,8.7496
2022-06-03,2022,9.0
2022-06-06,2022,8.9723
2022-06-07,2022,8.9831
2022-06-08,2022,8.967
2022-06-09,2022,8.853
2022-06-10,2022,8.2634
2022-06-13,2022,8.2377
2022-06-14,2022,8.2049
2022-06-15,2022,8.2127
2022-06-17,2022,8.0623
2022-06-20,2022,7.8824
2022-06-21,2022,7.8947
2022-06-22,2022,7.9069
2022-06-23,2022,7.9069
2022-06-24,2022,8.0
2022-06-27,2022,8.0
2022-06-28,2022,7.9718
2022-06-29,2022,7.9435
2022-06-30,2022,8.0025
2022-07-01,2022,7.6774
2022-07-04,2022,7.6359
2022-07-05,2022,7.5578
2022-07-06,2022,7.5269
2022-07-07,2022,7.5397
2022-07-08,2022,7.4922
2022-07-11,2022,7.4684
2022-07-12,2022,7.4777
2022-07-13,2022,7.469
2022-07-14,2022,7.4684
2022-07-15,2022,7.5
2022-07-18,2022,7.5155
2022-07-19,2022,7.4077
2022-07-20,2022,7.3237
2022-07-21,2022,7.2967
2022-07-22,2022,7.1777
2022-07-25,2022,7.2148
2022-07-26,2022,7.1884
2022-07-27,2022,7.1789
2022-07-28,2022,7.1772
2022-07-29,2022,7.1137
2022-08-01,2022,7.1064
2022-08-02,2022,7.1064
2022-08-03,2022,7.1244
2022-08-04,2022,7.1219
2022-08-05,2022,7.1032
2022-08-08,2022,7.0826
2022-08-09,2022,7.0168
2022-08-10,2022,6.9858
2022-08-11,2022,6.9753
2022-08-12,2022,6.9535
2022-08-15,2022,6.9228
2022-08-16,2022,6.9117
2022-08-17,2022,6.9117
2022-08-18,2022,6.8472
2022-08-19,2022,6.6874
2022-08-22,2022,6.6984
2022-08-23,2022,6.6984
2022-08-24,2022,6.6863
2022-08-25,2022,6.6327
2022-08-26,2022,6.6123
2022-08-29,2022,6.5733
2022-08-30,2022,6.5536
2022-08-31,2022,6.5598
2022-09-01,2022,6.5272
2022-09-02,2022,6.2726
2022-09-05,2022,6.2385
2022-09-06,2022,6.1554
2022-09-08,2022,6.1458
2022-09-09,2022,6.0609
2022-09-12,2022,6.0493
2022-09-13,2022,6.0015
2022-09-14,2022,6.003
2022-09-15,2022,5.9811
2022-09-16,2022,5.9282
2022-09-19,2022,5.9182
2022-09-20,2022,5.9145
2022-09-21,2022,5.9123
2022-09-22,2022,5.8964
2022-09-23,2022,5.7744
2022-09-26,2022,5.7596
2022-09-27,2022,5.7526
2022-09-28,2022,5.7432
2022-09-29,2022,5.7377
2022-09-30,2022,5.6492
2022-10-03,2022,5.6079
2022-10-04,2022,5.5981
2022-10-05,2022,5.5981
2022-10-06,2022,5.6309
2022-10-07,2022,5.6255
2022-10-10,2022,5.6204
2022-10-11,2022,5.6061
2022-10-13,2022,5.5957
2022-10-14,2022,5.5643
2022-10-17,2022,5.5641
2022-10-18,2022,5.5644
2022-10-19,2022,5.5695
2022-10-20,2022,5.5746
2022-10-21,2022,5.5978
2022-10-24,2022,5.6032
2022-10-25,2022,5.6
2022-10-26,2022,5.6061
2022-10-27,2022,5.627
2022-10-28,2022,5.6374
2022-10-31,2022,5.6377
2022-11-01,2022,5.6431
2022-11-03,2022,5.6374
2022-11-04,2022,5.6587
2022-11-07,2022,5.6853
2022-11-08,2022,5.6588
2022-11-09,2022,5.6588
2022-11-10,2022,5.8008
2022-11-11,2022,5.8169
2022-11-14,2022,5.8378
2022-11-16,2022,5.8378
2022-11-17,2022,5.8379
2022-11-18,2022,5.8904
2022-11-21,2022,5.9061
2022-11-22,2022,5.9112
2022-11-23,2022,5.9116
2022-11-24,2022,5.9116
2022-11-25,2022,5.9327
2022-11-28,2022,5.9432
2022-11-29,2022,5.9536
2022-11-30,2022,5.938
2022-12-01,2022,5.9222
2022-12-02,2022,5.938
2022-12-05,2022,5.9432
2022-12-06,2022,5.9327
2022-12-07,2022,5.9116
2022-12-08,2022,5.9011
2022-12-09,2022,5.6695
2022-12-12,2022,5.6643
2022-12-13,2022,5.6905
2022-12-14,2022,5.7115
2022-12-15,2022,5.7115
2022-12-16,2022,5.7115
2022-12-19,2022,5.7115
2022-12-20,2022,5.7115
2022-12-21,2022,5.7115
2022-12-22,2022,5.7115
2022-12-23,2022,5.6064
2022-12-26,2022,5.6064
2022-12-27,2022,5.6064
2022-12-28,2022,5.6064
2022-12-29,2022,5.6064
2022-12-30,2022,5.6379
2023-01-02,2022,5.6379
2023-01-03,2022,5.6379
2023-01-04,2022,5.6379
2023-01-05,2022,5.6169
2023-01-06,2022,5.6064
2023-01-09,2022,5.6064
2019-01-11,2023,3.75
2019-01-14,2023,3.75
2019-01-15,2023,3.75
2019-01-16,2023,3.75
2019-01-17,2023,3.75
2019-01-18,2023,3.75
2019-01-21,2023,3.75
2019-01-22,2023,3.75
2019-01-23,2023,3.75
2019-01-24,2023,3.75
2019-01-25,2023,3.75
2019-01-28,2023,3.75
2019-01-29,2023,3.5
2019-01-30,2023,3.5
2019-01-31,2023,3.75
2019-02-01,2023,3.75
2019-02-04,2023,3.75
2019-02-05,2023,3.75
2019-02-06,2023,3.75
2019-02-07,2023,3.75
2019-02-08,2023,3.75
2019-02-11,2023,3.75
2019-02-12,2023,3.75
2019-02-13,2023,3.75
2019-02-14,2023,3.75
2019-02-15,2023,3.75
2019-02-18,2023,3.75
2019-02-19,2023,3.75
2019-02-20,2023,3.75
2019-02-21,2023,3.75
2019-02-22,2023,3.75
2019-02-25,2023,3.63
2019-02-26,2023,3.75
2019-02-27,2023,3.75
2019-02-28,2023,3.75
2019-03-01,2023,3.5
2019-03-06,2023,3.5
2019-03-07,2023,3.5
2019-03-08,2023,3.75
2019-03-11,2023,3.75
2019-03-12,2023,3.75
2019-03-13,2023,3.75
2019-03-14,2023,3.75
2019-03-15,2023,3.75
2019-03-18,2023,3.75
2019-03-19,2023,3.75
2019-03-20,2023,3.75
2019-03-21,2023,3.75
2019-03-22,2023,3.75
2019-03-25,2023,3.75
2019-03-26,2023,3.75
2019-03-27,2023,3.75
2019-03-28,2023,3.75
2019-03-29,2023,3.75
2019-04-01,2023,3.75
2019-04-02,2023,3.75
2019-04-03,2023,3.75
2019-04-04,2023,3.75
2019-04-05,2023,3.52
2019-04-08,2023,3.73
2019-04-09,2023,3.73
2019-04-10,2023,3.75
2019-04-11,2023,3.75
2019-04-12,2023,3.75
2019-04-15,2023,3.75
2019-04-16,2023,3.75
2019-04-17,2023,3.75
2019-04-18,2023,3.75
2019-04-22,2023,3.75
2019-04-23,2023,3.75
2019-04-24,2023,3.75
2019-04-25,2023,3.75
2019-04-26,2023,3.75
2019-04-29,2023,3.73
2019-04-30,2023,3.7
2019-05-02,2023,3.75
2019-05-03,2023,3.75
2019-05-06,2023,3.75
2019-05-07,2023,3.75
2019-05-08,2023,3.75
2019-05-09,2023,3.75
2019-05-10,2023,3.73
2019-05-13,2023,3.75
2019-05-14,2023,3.75
2019-05-15,2023,3.75
2019-05-16,2023,3.75
2019-05-17,2023,3.75
2019-05-20,2023,3.75
2019-05-21,2023,3.75
2019-05-22,2023,3.75
2019-05-23,2023,3.75
2019-05-24,2023,3.75
2019-05-27,2023,3.75
2019-05-28,2023,3.73
2019-05-29,2023,3.65
2019-05-30,2023,3.65
2019-05-31,2023,3.73
2019-06-03,2023,3.75
2019-06-04,2023,3.75
2019-06-05,2023,3.75
2019-06-06,2023,3.75
2019-06-07,2023,3.75
2019-06-10,2023,3.75
2019-06-11,2023,3.75
2019-06-12,2023,3.75
2019-06-13,2023,3.73
2019-06-14,2023,3.75
2019-06-17,2023,3.7
2019-06-18,2023,3.7
2019-06-19,2023,3.73
2019-06-21,2023,3.73
2019-06-24,2023,3.52
2019-06-25,2023,3.75
2019-06-26,2023,3.75
2019-06-27,2023,3.75
2019-06-28,2023,3.5
2019-07-01,2023,3.5
2019-07-02,2023,3.5
2019-07-03,2023,3.5
2019-07-04,2023,3.5
2019-07-05,2023,3.6
2019-07-08,2023,3.7
2019-07-09,2023,3.7
2019-07-10,2023,3.5
2019-07-11,2023,3.5
2019-07-12,2023,3.5
2019-07-15,2023,3.6
2019-07-16,2023,3.52
2019-07-17,2023,3.75
2019-07-18,2023,3.75
2019-07-19,2023,3.69
2019-07-22,2023,3.56
2019-07-23,2023,3.5
2019-07-24,2023,3.5
2019-07-25,2023,3.5
2019-07-26,2023,3.5
2019-07-29,2023,3.5
2019-07-30,2023,3.5
2019-07-31,2023,3.5
2019-08-01,2023,3.5
2019-08-02,2023,3.5
2019-08-05,2023,3.5
2019-08-06,2023,3.5
2019-08-07,2023,3.5
2019-08-08,2023,3.5
2019-08-09,2023,3.5
2019-08-12,2023,3.5
2019-08-13,2023,3.5
2019-08-14,2023,3.5
2019-08-15,2023,3.5
2019-08-16,2023,3.5
2019-08-19,2023,3.5
2019-08-20,2023,3.5
2019-08-21,2023,3.5
2019-08-22,2023,3.5
2019-08-23,2023,3.5
2019-08-26,2023,3.5
2019-08-27,2023,3.5
2019-08-28,2023,3.5
2019-08-29,2023,3.5
2019-08-30,2023,3.5
2019-09-02,2023,3.5
2019-09-03,2023,3.5
2019-09-04,2023,3.5
2019-09-05,2023,3.5
2019-09-06,2023,3.5
2019-09-09,2023,3.5
2019-09-10,2023,3.5
2019-09-11,2023,3.5
2019-09-12,2023,3.5
2019-09-13,2023,3.5
2019-09-16,2023,3.5
2019-09-17,2023,3.5
2019-09-18,2023,3.5
2019-09-19,2023,3.5
2019-09-20,2023,3.5
2019-09-23,2023,3.5
2019-09-24,2023,3.5
2019-09-25,2023,3.5
2019-09-26,2023,3.5
2019-09-27,2023,3.5
2019-09-30,2023,3.5
2019-10-01,2023,3.5
2019-10-02,2023,3.5
2019-10-03,2023,3.5
2019-10-04,2023,3.5
2019-10-07,2023,3.5
2019-10-08,2023,3.5
2019-10-09,2023,3.5
2019-10-10,2023,3.5
2019-10-11,2023,3.5
2019-10-14,2023,3.5
2019-10-15,2023,3.5
2019-10-16,2023,3.5
2019-10-17,2023,3.5
2019-10-18,2023,3.5
2019-10-21,2023,3.5
2019-10-22,2023,3.5
2019-10-23,2023,3.5
2019-10-24,2023,3.5
2019-10-25,2023,3.5
2019-10-28,2023,3.5
2019-10-29,2023,3.5
2019-10-30,2023,3.5
2019-10-31,2023,3.5
2019-11-01,2023,3.5
2019-11-04,2023,3.5
2019-11-05,2023,3.5
2019-11-06,2023,3.5
2019-11-07,2023,3.5
2019-11-08,2023,3.5
2019-11-11,2023,3.5
2019-11-12,2023,3.5
2019-11-13,2023,3.5
2019-11-14,2023,3.5
2019-11-18,2023,3.5
2019-11-19,2023,3.5
2019-11-20,2023,3.5
2019-11-21,2023,3.5
2019-11-22,2023,3.5
2019-11-25,2023,3.5
2019-11-26,2023,3.5
2019-11-27,2023,3.5
2019-11-28,2023,3.5
2019-11-29,2023,3.5
2019-12-02,2023,3.5
2019-12-03,2023,3.5
2019-12-04,2023,3.5
2019-12-05,2023,3.5
2019-12-06,2023,3.5
2019-12-09,2023,3.5
2019-12-10,2023,3.5
2019-12-11,2023,3.5
2019-12-12,2023,3.5
2019-12-13,2023,3.5
2019-12-16,2023,3.5
2019-12-17,2023,3.5
2019-12-18,2023,3.5
2019-12-19,2023,3.5
2019-12-20,2023,3.5
2019-12-23,2023,3.5
2019-12-24,2023,3.5
2019-12-26,2023,3.5
2019-12-27,2023,3.5
2019-12-30,2023,3.5
2019-12-31,2023,3.5
2020-01-02,2023,3.5
2020-01-03,2023,3.5
2020-01-06,2023,3.5
2020-01-07,2023,3.5
2020-01-08,2023,3.5
2020-01-09,2023,3.5
2020-01-10,2023,3.5
2020-01-13,2023,3.5
2020-01-14,2023,3.5
2020-01-15,2023,3.5
2020-01-16,2023,3.5
2020-01-17,2023,3.5
2020-01-20,2023,3.5
2020-01-21,2023,3.5
2020-01-22,2023,3.5
2020-01-23,2023,3.5
2020-01-24,2023,3.5
2020-01-27,2023,3.5
2020-01-28,2023,3.5
2020-01-29,2023,3.5
2020-01-30,2023,3.5
2020-01-31,2023,3.5
2020-02-03,2023,3.5
2020-02-04,2023,3.5
2020-02-05,2023,3.5
2020-02-06,2023,3.5
2020-02-07,2023,3.5
2020-02-10,2023,3.5
2020-02-11,2023,3.5
2020-02-12,2023,3.5
2020-02-13,2023,3.5
2020-02-14,2023,3.5
2020-02-17,2023,3.5
2020-02-18,2023,3.5
2020-02-19,2023,3.5
2020-02-20,2023,3.5
2020-02-21,2023,3.5
2020-02-26,2023,3.5
2020-02-27,2023,3.5
2020-02-28,2023,3.5
2020-03-02,2023,3.5
2020-03-03,2023,3.5
2020-03-04,2023,3.5
2020-03-05,2023,3.5
2020-03-06,2023,3.5
2020-03-09,2023,3.5
2020-03-10,2023,3.5
2020-03-11,2023,3.5
2020-03-12,2023,3.5
2020-03-13,2023,3.5
2020-03-16,2023,3.5
2020-03-17,2023,3.5
2020-03-18,2023,3.5
2020-03-19,2023,3.5
2020-03-20,2023,3.5
2020-03-23,2023,3.5
2020-03-24,2023,3.5
2020-03-25,2023,3.5
2020-03-26,2023,3.5
2020-03-27,2023,3.5
2020-03-30,2023,3.5
2020-03-31,2023,3.5
2020-04-01,2023,3.5
2020-04-02,2023,3.5
2020-04-03,2023,3.5
2020-04-06,2023,3.5
2020-04-07,2023,3.5
2020-04-08,2023,3.5
2020-04-09,2023,3.5
2020-04-13,2023,3.5
2020-04-14,2023,3.5
2020-04-15,2023,3.5
2020-04-16,2023,3.5
2020-04-17,2023,3.5
2020-04-20,2023,3.5
2020-04-22,2023,3.5
2020-04-23,2023,3.5
2020-04-24,2023,3.5
2020-04-27,2023,3.5
2020-04-28,2023,3.5
2020-04-29,2023,3.5
2020-04-30,2023,3.5
2020-05-04,2023,3.5
2020-05-05,2023,3.5
2020-05-06,2023,3.5
2020-05-07,2023,3.5
2020-05-08,2023,3.5
2020-05-11,2023,3.5
2020-05-12,2023,3.5
2020-05-13,2023,3.5
2020-05-14,2023,3.5
2020-05-15,2023,3.5
2020-05-18,2023,3.5
2020-05-19,2023,3.5
2020-05-20,2023,3.5
2020-05-21,2023,3.5
2020-05-22,2023,3.5
2020-05-25,2023,3.5
2020-05-26,2023,3.5
2020-05-27,2023,3.5
2020-05-28,2023,3.5
2020-05-29,2023,3.5
2020-06-01,2023,3.5
2020-06-02,2023,3.5
2020-06-03,2023,3.5
2020-06-04,2023,3.5
2020-06-05,2023,3.5
2020-06-08,2023,3.5
2020-06-09,2023,3.5
2020-06-10,2023,3.5
2020-06-12,2023,3.5
2020-06-15,2023,3.5
2020-06-16,2023,3.5
2020-06-17,2023,3.5
2020-06-18,2023,3.5
2020-06-19,2023,3.5
2020-06-22,2023,3.5
2020-06-23,2023,3.5
2020-06-24,2023,3.5
2020-06-25,2023,3.5
2020-06-26,2023,3.25
2020-06-29,2023,3.25
2020-06-30,2023,3.25
2020-07-01,2023,3.37
2020-07-02,2023,3.25
2020-07-03,2023,3.37
2020-07-06,2023,3.25
2020-07-07,2023,3.25
2020-07-08,2023,3.25
2020-07-09,2023,3.25
2020-07-10,2023,3.49
2020-07-13,2023,3.5
2020-07-14,2023,3.5
2020-07-15,2023,3.5
2020-07-16,2023,3.5
2020-07-17,2023,3.25
2020-07-20,2023,3.25
2020-07-21,2023,3.25
2020-07-22,2023,3.25
2020-07-23,2023,3.25
2020-07-24,2023,3.25
2020-07-27,2023,3.25
2020-07-28,2023,3.25
2020-07-29,2023,3.25
2020-07-30,2023,3.25
2020-07-31,2023,3.25
2020-08-03,2023,3.25
2020-08-04,2023,3.25
2020-08-05,2023,3.25
2020-08-06,2023,3.25
2020-08-07,2023,3.25
2020-08-10,2023,3.25
2020-08-11,2023,3.25
2020-08-12,2023,3.25
2020-08-13,2023,3.25
2020-08-14,2023,3.25
2020-08-17,2023,3.25
2020-08-18,2023,3.25
2020-08-19,2023,3.25
2020-08-20,2023,3.25
2020-08-21,2023,3.45
2020-08-24,2023,3.5
2020-08-25,2023,3.49
2020-08-26,2023,3.25
2020-08-27,2023,3.25
2020-08-28,2023,3.25
2020-08-31,2023,3.25
2020-09-01,2023,3.25
2020-09-02,2023,3.25
2020-09-03,2023,3.25
2020-09-04,2023,3.25
2020-09-08,2023,3.25
2020-09-09,2023,3.25
2020-09-10,2023,3.25
2020-09-11,2023,3.25
2020-09-14,2023,3.25
2020-09-15,2023,3.25
2020-09-16,2023,3.25
2020-09-17,2023,3.25
2020-09-18,2023,3.25
2020-09-21,2023,3.25
2020-09-22,2023,3.25
2020-09-23,2023,3.25
2020-09-24,2023,3.25
2020-09-25,2023,3.25
2020-09-28,2023,3.25
2020-09-29,2023,3.25
2020-09-30,2023,3.25
2020-10-01,2023,3.25
2020-10-02,2023,3.25
2020-10-05,2023,3.25
2020-10-06,2023,3.25
2020-10-07,2023,3.25
2020-10-08,2023,3.25
2020-10-09,2023,3.25
2020-10-13,2023,3.25
2020-10-14,2023,3.25
2020-10-15,2023,3.25
2020-10-16,2023,3.25
2020-10-19,2023,3.25
2020-10-20,2023,3.25
2020-10-21,2023,3.25
2020-10-22,2023,3.25
2020-10-23,2023,3.25
2020-10-26,2023,3.25
2020-10-27,2023,3.25
2020-10-28,2023,3.25
2020-10-29,2023,3.25
2020-10-30,2023,3.25
2020-11-03,2023,3.25
2020-11-04,2023,3.25
2020-11-05,2023,3.25
2020-11-06,2023,3.25
2020-11-09,2023,3.25
2020-11-10,2023,3.25
2020-11-11,2023,3.25
2020-11-12,2023,3.25
2020-11-13,2023,3.25
2020-11-16,2023,3.25
2020-11-17,2023,3.25
2020-11-18,2023,3.25
2020-11-19,2023,3.25
2020-11-20,2023,3.25
2020-11-23,2023,3.25
2020-11-24,2023,3.25
2020-11-25,2023,3.25
2020-11-26,2023,3.25
2020-11-27,2023,3.25
2020-11-30,2023,3.25
2020-12-01,2023,3.25
2020-12-02,2023,3.25
2020-12-03,2023,3.25
2020-12-04,2023,3.25
2020-12-07,2023,3.25
2020-12-08,2023,3.25
2020-12-09,2023,3.25
2020-12-10,2023,3.25
2020-12-11,2023,3.25
2020-12-14,2023,3.25
2020-12-15,2023,3.25
2020-12-16,2023,3.25
2020-12-17,2023,3.25
2020-12-18,2023,3.25
2020-12-21,2023,3.25
2020-12-22,2023,3.25
2020-12-23,2023,3.25
2020-12-24,2023,3.25
2020-12-28,2023,3.25
2020-12-29,2023,3.25
2020-12-30,2023,3.25
2020-12-31,2023,3.25
2021-01-04,2023,3.25
2021-01-05,2023,3.25
2021-01-06,2023,3.25
2021-01-07,2023,3.25
2021-01-08,2023,3.25
2021-01-11,2023,3.25
2021-01-12,2023,3.25
2021-01-13,2023,3.25
2021-01-14,2023,3.25
2021-01-15,2023,3.25
2021-01-18,2023,3.25
2021-01-19,2023,3.25
2021-01-20,2023,3.25
2021-01-21,2023,3.25
2021-01-22,2023,3.25
2021-01-25,2023,3.25
2021-01-26,2023,3.25
2021-01-27,2023,3.25
2021-01-28,2023,3.25
2021-01-29,2023,3.25
2021-02-01,2023,3.25
2021-02-02,2023,3.25
2021-02-03,2023,3.25
2021-02-04,2023,3.25
2021-02-05,2023,3.25
2021-02-08,2023,3.25
2021-02-09,2023,3.25
2021-02-10,2023,3.25
2021-02-11,2023,3.25
2021-02-12,2023,3.25
2021-02-17,2023,3.25
2021-02-18,2023,3.25
2021-02-19,2023,3.25
2021-02-22,2023,3.25
2021-02-23,2023,3.25
2021-02-24,2023,3.25
2021-02-25,2023,3.25
2021-02-26,2023,3.25
2021-03-01,2023,3.25
2021-03-02,2023,3.25
2021-03-03,2023,3.25
2021-03-04,2023,3.25
2021-03-05,2023,3.25
2021-03-08,2023,3.25
2021-03-09,2023,3.25
2021-03-10,2023,3.25
2021-03-11,2023,3.25
2021-03-12,2023,3.25
2021-03-15,2023,3.25
2021-03-16,2023,3.25
2021-03-17,2023,3.25
2021-03-18,2023,3.25
2021-03-19,2023,3.25
2021-03-22,2023,3.25
2021-03-23,2023,3.25
2021-03-24,2023,3.25
2021-03-25,2023,3.25
2021-03-26,2023,3.25
2021-03-29,2023,3.25
2021-03-30,2023,3.25
2021-03-31,2023,3.25
2021-04-01,2023,3.25
2021-04-05,2023,3.25
2021-04-06,2023,3.25
2021-04-07,2023,3.25
2021-04-08,2023,3.25
2021-04-09,2023,3.25
2021-04-12,2023,3.25
2021-04-13,2023,3.25
2021-04-14,2023,3.25
2021-04-15,2023,3.25
2021-04-16,2023,3.25
2021-04-19,2023,3.25
2021-04-20,2023,3.25
2021-04-22,2023,3.25
2021-04-23,2023,3.25
2021-04-26,2023,3.25
2021-04-27,2023,3.25
2021-04-28,2023,3.25
2021-04-29,2023,3.25
2021-04-30,2023,3.25
2021-05-03,2023,3.25
2021-05-04,2023,3.25
2021-05-05,2023,3.25
2021-05-06,2023,3.25
2021-05-07,2023,3.25
2021-05-10,2023,3.25
2021-05-11,2023,3.25
2021-05-12,2023,3.25
2021-05-13,2023,3.25
2021-05-14,2023,3.25
2021-05-17,2023,3.25
2021-05-18,2023,3.25
2021-05-19,2023,3.25
2021-05-20,2023,3.25
2021-05-21,2023,3.25
2021-05-24,2023,3.25
2021-05-25,2023,3.25
2021-05-26,2023,3.25
2021-05-27,2023,3.25
2021-05-28,2023,3.25
2021-05-31,2023,3.25
2021-06-01,2023,3.25
2021-06-02,2023,3.25
2021-06-04,2023,3.25
2021-06-07,2023,3.25
2021-06-08,2023,3.25
2021-06-09,2023,3.25
2021-06-10,2023,3.25
2021-06-11,2023,3.25
2021-06-14,2023,3.25
2021-06-15,2023,3.25
2021-06-16,2023,3.25
2021-06-17,2023,3.25
2021-06-18,2023,3.25
2021-06-21,2023,3.25
2021-06-22,2023,3.25
2021-06-23,2023,3.25
2021-06-24,2023,3.25
2021-06-25,2023,3.25
2021-06-28,2023,3.25
2021-06-29,2023,3.25
2021-06-30,2023,3.25
2021-07-01,2023,3.25
2021-07-02,2023,3.25
2021-07-05,2023,3.25
2021-07-06,2023,3.25
2021-07-07,2023,3.25
2021-07-08,2023,3.25
2021-07-09,2023,3.25
2021-07-12,2023,3.25
2021-07-13,2023,3.25
2021-07-14,2023,3.25
2021-07-15,2023,3.25
2021-07-16,2023,3.25
2021-07-19,2023,3.25
2021-07-20,2023,3.25
2021-07-21,2023,3.25
2021-07-22,2023,3.25
2021-07-23,2023,3.25
2021-07-26,2023,3.25
2021-07-27,2023,3.25
2021-07-28,2023,3.25
2021-07-29,2023,3.25
2021-07-30,2023,3.25
2021-08-02,2023,3.25
2021-08-03,2023,3.25
2021-08-04,2023,3.25
2021-08-05,2023,3.25
2021-08-06,2023,3.25
2021-08-09,2023,3.25
2021-08-10,2023,3.25
2021-08-11,2023,3.25
2021-08-12,2023,3.25
2021-08-13,2023,3.25
2021-08-16,2023,3.25
2021-08-17,2023,3.25
2021-08-18,2023,3.25
2021-08-19,2023,3.25
2021-08-20,2023,3.25
2021-08-23,2023,3.25
2021-08-24,2023,3.25
2021-08-25,2023,3.25
2021-08-26,2023,3.25
2021-08-27,2023,3.25
2021-08-30,2023,3.25
2021-08-31,2023,3.25
2021-09-01,2023,3.25
2021-09-02,2023,3.25
2021-09-03,2023,3.25
2021-09-06,2023,3.25
2021-09-08,2023,3.25
2021-09-09,2023,3.25
2021-09-10,2023,3.25
2021-09-13,2023,3.25
2021-09-14,2023,3.25
2021-09-15,2023,3.25
2021-09-16,2023,3.25
2021-09-17,2023,3.25
2021-09-20,2023,3.25
2021-09-21,2023,3.25
2021-09-22,2023,3.25
2021-09-23,2023,3.25
2021-09-24,2023,3.25
2021-09-27,2023,3.25
2021-09-28,2023,3.25
2021-09-29,2023,3.25
2021-09-30,2023,3.25
2021-10-01,2023,3.25
2021-10-04,2023,3.25
2021-10-05,2023,3.25
2021-10-06,2023,3.25
2021-10-07,2023,3.25
2021-10-08,2023,3.25
2021-10-11,2023,3.2501
2021-10-13,2023,3.2501
2021-10-14,2023,3.25
2021-10-15,2023,3.25
2021-10-18,2023,3.25
2021-10-19,2023,3.25
2021-10-20,2023,3.25
2021-10-21,2023,3.25
2021-10-22,2023,3.3
2021-10-25,2023,3.305
2021-10-26,2023,3.3
2021-10-27,2023,3.3
2021-10-28,2023,3.27
2021-10-29,2023,3.265
2021-11-01,2023,3.27
2021-11-03,2023,3.27
2021-11-04,2023,3.285
2021-11-05,2023,3.2501
2021-11-08,2023,3.27
2021-11-09,2023,3.26
2021-11-10,2023,3.2551
2021-11-11,2023,3.26
2021-11-12,2023,3.305
2021-11-16,2023,3.3
2021-11-17,2023,3.28
2021-11-18,2023,3.255
2021-11-19,2023,3.4
2021-11-22,2023,3.36
2021-11-23,2023,3.38
2021-11-24,2023,3.4
2021-11-25,2023,3.38
2021-11-26,2023,3.495
2021-11-29,2023,3.4
2021-11-30,2023,3.445
2021-12-01,2023,3.36
2021-12-02,2023,3.4
2021-12-03,2023,3.4
2021-12-06,2023,3.4
2021-12-07,2023,3.4
2021-12-08,2023,3.455
2021-12-09,2023,3.42
2021-12-10,2023,3.45
2021-12-13,2023,3.5
2021-12-14,2023,3.5
2021-12-15,2023,3.3603
2021-12-16,2023,3.4
2021-12-17,2023,3.3072
2021-12-20,2023,3.3072
2021-12-21,2023,3.4
2021-12-22,2023,3.3745
2021-12-23,2023,3.3
2021-12-24,2023,3.3036
2021-12-27,2023,3.3086
2021-12-28,2023,3.3036
2021-12-29,2023,3.3072
2021-12-30,2023,3.5
2021-12-31,2023,3.5001
2022-01-03,2023,3.5
2022-01-04,2023,3.31
2022-01-05,2023,3.3
2022-01-06,2023,3.2696
2022-01-07,2023,3.3086
2022-01-10,2023,3.3442
2022-01-11,2023,3.3
2022-01-12,2023,3.3
2022-01-13,2023,3.3
2022-01-14,2023,3.3
2022-01-17,2023,3.3
2022-01-18,2023,3.33
2022-01-19,2023,3.33
2022-01-20,2023,3.335
2022-01-21,2023,3.425
2022-01-24,2023,3.4633
2022-01-25,2023,3.4837
2022-01-26,2023,3.4837
2022-01-27,2023,3.4836
2022-01-28,2023,3.5
2022-01-31,2023,3.5
2022-02-01,2023,3.5
2022-02-02,2023,3.5
2022-02-03,2023,3.5044
2022-02-04,2023,3.5
2022-02-07,2023,3.4221
2022-02-08,2023,3.448
2022-02-09,2023,3.453
2022-02-10,2023,3.453
2022-02-11,2023,3.5
2022-02-14,2023,3.5039
2022-02-15,2023,3.504
2022-02-16,2023,3.5144
2022-02-17,2023,3.5148
2022-02-18,2023,3.5148
2022-02-21,2023,3.5194
2022-02-22,2023,3.5252
2022-02-23,2023,3.5236
2022-02-24,2023,3.5194
2022-02-25,2023,3.5665
2022-03-02,2023,3.5418
2022-03-03,2023,3.5039
2022-03-04,2023,3.5
2022-03-07,2023,3.5
2022-03-08,2023,3.5043
2022-03-09,2023,3.6
2022-03-10,2023,3.61
2022-03-11,2023,3.7204
2022-03-14,2023,3.7406
2022-03-15,2023,3.726
2022-03-16,2023,3.7208
2022-03-17,2023,3.75
2022-03-18,2023,3.7521
2022-03-21,2023,3.7521
2022-03-22,2023,3.7521
2022-03-23,2023,3.7511
2022-03-24,2023,3.75
2022-03-25,2023,3.9
2022-03-28,2023,3.904
2022-03-29,2023,3.904
2022-03-30,2023,3.904
2022-03-31,2023,3.9638
2022-04-01,2023,3.9
2022-04-04,2023,3.95
2022-04-05,2023,4.0007
2022-04-06,2023,4.0003
2022-04-07,2023,3.9852
2022-04-08,2023,3.9999
2022-04-11,2023,4.0004
2022-04-12,2023,4.0
2022-04-13,2023,4.0111
2022-04-14,2023,4.0476
2022-04-18,2023,4.092
2022-04-19,2023,4.0
2022-04-20,2023,4.0004
2022-04-22,2023,4.0008
2022-04-25,2023,4.0007
2022-04-26,2023,4.0007
2022-04-27,2023,4.0014
2022-04-28,2023,4.0014
2022-04-29,2023,4.12
2022-05-02,2023,4.1723
2022-05-03,2023,4.1723
2022-05-04,2023,4.1826
2022-05-05,2023,4.1981
2022-05-06,2023,4.2088
2022-05-09,2023,4.2463
2022-05-10,2023,4.2
2022-05-11,2023,4.2
2022-05-12,2023,4.2088
2022-05-13,2023,4.2759
2022-05-16,2023,4.2942
2022-05-17,2023,4.3228
2022-05-18,2023,4.3228
2022-05-19,2023,4.3
2022-05-20,2023,4.3331
2022-05-23,2023,4.342
2022-05-24,2023,4.3539
2022-05-25,2023,4.3758
2022-05-26,2023,4.3758
2022-05-27,2023,4.5
2022-05-30,2023,4.5
2022-05-31,2023,4.5
2022-06-01,2023,4.4
2022-06-02,2023,4.4489
2022-06-03,2023,4.4978
2022-06-06,2023,4.5
2022-06-07,2023,4.5
2022-06-08,2023,4.65
2022-06-09,2023,4.51
2022-06-10,2023,4.8002
2022-06-13,2023,4.8002
2022-06-14,2023,4.8201
2022-06-15,2023,4.855
2022-06-17,2023,4.9547
2022-06-20,2023,5.0
2022-06-21,2023,4.9774
2022-06-22,2023,4.9
2022-06-23,2023,4.9
2022-06-24,2023,5.0
2022-06-27,2023,5.0087
2022-06-28,2023,5.0044
2022-06-29,2023,5.0087
2022-06-30,2023,5.0187
2022-07-01,2023,5.0106
2022-07-04,2023,5.3
2022-07-05,2023,5.3268
2022-07-06,2023,5.2816
2022-07-07,2023,5.255
2022-07-08,2023,5.2
2022-07-11,2023,5.15
2022-07-12,2023,5.0793
2022-07-13,2023,5.0719
2022-07-14,2023,5.1325
2022-07-15,2023,5.115
2022-07-18,2023,5.0944
2022-07-19,2023,5.1525
2022-07-20,2023,5.2955
2022-07-21,2023,5.2909
2022-07-22,2023,5.3001
2022-07-25,2023,5.3065
2022-07-26,2023,5.3206
2022-07-27,2023,5.3212
2022-07-28,2023,5.32
2022-07-29,2023,5.32
2022-08-01,2023,5.3206
2022-08-02,2023,5.3165
2022-08-03,2023,5.3206
2022-08-04,2023,5.3828
2022-08-05,2023,5.3668
2022-08-08,2023,5.4156
2022-08-09,2023,5.4115
2022-08-10,2023,5.4
2022-08-11,2023,5.3335
2022-08-12,2023,5.3356
2022-08-15,2023,5.3356
2022-08-16,2023,5.3668
2022-08-17,2023,5.3529
2022-08-18,2023,5.37
2022-08-19,2023,5.3
2022-08-22,2023,5.3
2022-08-23,2023,5.3
2022-08-24,2023,5.3
2022-08-25,2023,5.3
2022-08-26,2023,5.3438
2022-08-29,2023,5.3
2022-08-30,2023,5.28
2022-08-31,2023,5.3
2022-09-01,2023,5.2805
2022-09-02,2023,5.0936
2022-09-05,2023,5.1135
2022-09-06,2023,5.1363
2022-09-08,2023,5.0723
2022-09-09,2023,5.0526
2022-09-12,2023,5.0515
2022-09-13,2023,5.0149
2022-09-14,2023,5.0097
2022-09-15,2023,5.005
2022-09-16,2023,5.0001
2022-09-19,2023,5.0
2022-09-20,2023,5.0
2022-09-21,2023,5.0
2022-09-22,2023,5.0
2022-09-23,2023,4.9987
2022-09-26,2023,4.9984
2022-09-27,2023,4.9984
2022-09-28,2023,4.9829
2022-09-29,2023,4.9829
2022-09-30,2023,4.9808
2022-10-03,2023,4.9718
2022-10-04,2023,4.9808
2022-10-05,2023,4.9808
2022-10-06,2023,4.9735
2022-10-07,2023,5.0
2022-10-10,2023,5.005
2022-10-11,2023,4.9882
2022-10-13,2023,4.9696
2022-10-14,2023,4.931
2022-10-17,2023,4.9
2022-10-18,2023,4.9
2022-10-19,2023,4.9
2022-10-20,2023,4.9029
2022-10-21,2023,4.922
2022-10-24,2023,4.9374
2022-10-25,2023,4.9369
2022-10-26,2023,4.9427
2022-10-27,2023,4.9066
2022-10-28,2023,4.9686
2022-10-31,2023,4.9686
2022-11-01,2023,4.9686
2022-11-03,2023,4.9233
2022-11-04,2023,4.94
2022-11-07,2023,4.9377
2022-11-08,2023,4.921
2022-11-09,2023,4.921
2022-11-10,2023,4.921
2022-11-11,2023,4.9369
2022-11-14,2023,4.9472
2022-11-16,2023,4.95
2022-11-17,2023,4.969
2022-11-18,2023,5.0108
2022-11-21,2023,5.0295
2022-11-22,2023,5.0414
2022-11-23,2023,5.0518
2022-11-24,2023,5.0313
2022-11-25,2023,5.0
2022-11-28,2023,5.0147
2022-11-29,2023,5.0147
2022-11-30,2023,5.0108
2022-12-01,2023,5.0
2022-12-02,2023,5.1053
2022-12-05,2023,5.1508
2022-12-06,2023,5.1153
2022-12-07,2023,5.1053
2022-12-08,2023,5.1052
2022-12-09,2023,5.0497
2022-12-12,2023,5.0303
2022-12-13,2023,5.0003
2022-12-14,2023,5.0108
2022-12-15,2023,5.0616
2022-12-16,2023,5.1206
2022-12-19,2023,5.189
2022-12-20,2023,5.2
2022-12-21,2023,5.2
2022-12-22,2023,5.2
2022-12-23,2023,5.2437
2022-12-26,2023,5.272
2022-12-27,2023,5.2821
2022-12-28,2023,5.3345
2022-12-29,2023,5.3922
2022-12-30,2023,5.4488
2023-01-02,2023,5.4631
2023-01-03,2023,5.4488
2023-01-04,2023,5.397
2023-01-05,2023,5.4244
2023-01-06,2023,5.4774
2023-01-09,2023,5.4189
2023-01-10,2023,5.4785
2023-01-11,2023,5.4796
2023-01-12,2023,5.4482
2023-01-13,2023,5.3967
2023-01-16,2023,5.4695
2023-01-17,2023,5.5162
2023-01-18,2023,5.5454
2023-01-19,2023,5.5
2023-01-20,2023,5.4911
2023-01-23,2023,5.5
2023-01-24,2023,5.5001
2023-01-25,2023,5.5229
2023-01-26,2023,5.5283
2023-01-27,2023,5.8
2023-01-30,2023,5.8
2023-01-31,2023,5.8
2023-02-01,2023,5.8386
2023-02-02,2023,5.8588
2023-02-03,2023,5.778
2023-02-06,2023,5.7759
2023-02-07,2023,5.7758
2023-02-08,2023,5.7977
2023-02-09,2023,5.8
2023-02-10,2023,5.7742
2023-02-13,2023,5.7699
2023-02-14,2023,5.7743
2023-02-15,2023,5.7853
2023-02-16,2023,5.8182
2023-02-17,2023,5.97
2023-02-22,2023,5.96
2023-02-23,2023,5.9555
2023-02-24,2023,5.9345
2023-02-27,2023,5.9346
2023-02-28,2023,5.9
2023-03-01,2023,5.8478
2023-03-02,2023,5.8288
2023-03-03,2023,5.9117
2023-03-06,2023,5.9013
2023-03-07,2023,5.9013
2023-03-08,2023,5.8907
2023-03-09,2023,5.9072
2023-03-10,2023,5.9022
2023-03-13,2023,5.9022
2023-03-14,2023,5.9011
2023-03-15,2023,5.9128
2023-03-16,2023,5.9128
2023-03-17,2023,5.9759
2023-03-20,2023,5.9753
2023-03-21,2023,5.9961
2023-03-22,2023,5.9754
2023-03-23,2023,5.9961
2023-03-24,2023,5.9559
2023-03-27,2023,5.966
2023-03-28,2023,5.9602
2023-03-29,2023,5.9645
2023-03-30,2023,5.9645
2023-03-31,2023,6.028
2023-04-03,2023,6.0758
2023-04-04,2023,6.0599
2023-04-05,2023,6.0758
2023-04-06,2023,6.0391
2023-04-10,2023,6.003
2023-04-11,2023,6.0038
2023-04-12,2023,6.0389
2023-04-13,2023,6.0387
2023-04-14,2023,6.0395
2023-04-17,2023,6.0398
2023-04-18,2023,6.0392
2023-04-19,2023,6.0493
2023-04-20,2023,6.0706
2023-04-24,2023,6.0605
2023-04-25,2023,6.0398
2023-04-26,2023,6.04
2023-04-27,2023,6.0711
2023-04-28,2023,6.0917
2023-05-02,2023,6.0909
2023-05-03,2023,6.0757
2023-05-04,2023,6.0613
2023-05-05,2023,6.0092
2023-05-08,2023,5.9758
2023-05-09,2023,5.986
2023-05-10,2023,5.9866
2023-05-11,2023,6.0039
2023-05-12,2023,5.997
2023-05-15,2023,5.9971
2023-05-16,2023,5.997
2023-05-17,2023,5.9865
2023-05-18,2023,5.9015
2023-05-19,2023,5.7529
2023-05-22,2023,5.7545
2023-05-23,2023,5.7546
2023-05-24,2023,5.7546
2023-05-25,2023,5.7229
2023-05-26,2023,5.5
2023-05-29,2023,5.4913
2023-05-30,2023,5.4915
2023-05-31,2023,5.4915
2023-06-01,2023,5.5
2023-06-02,2023,5.49
2023-06-05,2023,5.49
2023-06-06,2023,5.4855
2023-06-07,2023,5.3536
2023-06-09,2023,5.2591
2023-06-12,2023,5.2391
2023-06-13,2023,5.2285
2023-06-14,2023,5.2178
2023-06-15,2023,5.2038
2023-06-16,2023,5.0702
2023-06-19,2023,5.0
2023-06-20,2023,5.009
2023-06-21,2023,4.99
2023-06-22,2023,4.9972
2023-06-23,2023,4.976
2023-06-26,2023,4.9762
2023-06-27,2023,4.976
2023-06-28,2023,4.9762
2023-06-29,2023,4.9762
2023-06-30,2023,4.9237
2023-07-03,2023,4.9548
2023-07-04,2023,4.945
2023-07-05,2023,4.9296
2023-07-06,2023,4.9237
2023-07-07,2023,4.9017
2023-07-10,2023,4.9079
2023-07-11,2023,4.8962
2023-07-12,2023,4.9186
2023-07-13,2023,4.9188
2023-07-14,2023,4.9188
2023-07-17,2023,4.9138
2023-07-18,2023,4.9543
2023-07-19,2023,4.937
2023-07-20,2023,4.937
2023-07-21,2023,4.9
2023-07-24,2023,4.9
2023-07-25,2023,4.9
2023-07-26,2023,4.887
2023-07-27,2023,4.8822
2023-07-28,2023,4.8296
2023-07-31,2023,4.8096
2023-08-01,2023,4.8298
2023-08-02,2023,4.83
2023-08-03,2023,4.8299
2023-08-04,2023,4.7776
2023-08-07,2023,4.7865
2023-08-08,2023,4.7613
2023-08-09,2023,4.7613
2023-08-10,2023,4.7613
2023-08-11,2023,4.7881
2023-08-14,2023,4.7568
2023-08-15,2023,4.809
2023-08-16,2023,4.8405
2023-08-17,2023,4.8453
2023-08-18,2023,4.9028
2023-08-21,2023,4.9241
2023-08-22,2023,4.924
2023-08-23,2023,4.9186
2023-08-24,2023,4.9028
2023-08-25,2023,4.9397
2023-08-28,2023,4.9553
2023-08-29,2023,4.9342
2023-08-30,2023,4.9321
2023-08-31,2023,4.9321
2023-09-01,2023,4.9236
2023-09-04,2023,4.9344
2023-09-05,2023,4.945
2023-09-06,2023,4.9397
2023-09-08,2023,4.9345
2023-09-11,2023,4.9449
2023-09-12,2023,4.8541
2023-09-13,2023,4.8541
2023-09-14,2023,4.8301
2023-09-15,2023,4.8445
2023-09-18,2023,4.8425
2023-09-19,2023,4.8405
2023-09-20,2023,4.8425
2023-09-21,2023,4.851
2023-09-22,2023,4.8509
2023-09-25,2023,4.86
2023-09-26,2023,4.86
2023-09-27,2023,4.8605
2023-09-28,2023,4.86
2023-09-29,2023,4.8301
2023-10-02,2023,4.8508
2023-10-03,2023,4.86
2023-10-04,2023,4.8554
2023-10-05,2023,4.8196
2023-10-06,2023,4.8196
2023-10-09,2023,4.8
2023-10-10,2023,4.7934
2023-10-11,2023,4.7024
2023-10-13,2023,4.6944
2023-10-16,2023,4.7
2023-10-17,2023,4.6838
2023-10-18,2023,4.6838
2023-10-19,2023,4.6838
2023-10-20,2023,4.6005
2023-10-23,2023,4.6005
2023-10-24,2023,4.6004
2023-10-25,2023,4.6004
2023-10-26,2023,4.6004
2023-10-27,2023,4.6108
2023-10-30,2023,4.6004
2023-10-31,2023,4.6
2023-11-01,2023,4.6
2023-11-03,2023,4.6109
2023-11-06,2023,4.6421
2023-11-07,2023,4.6422
2023-11-08,2023,4.647
2023-11-09,2023,4.65
2023-11-10,2023,4.6
2023-11-13,2023,4.5786
2023-11-14,2023,4.5585
2023-11-16,2023,4.5585
2023-11-17,2023,4.5171
2023-11-20,2023,4.517
2023-11-21,2023,4.517
2023-11-22,2023,4.517
2023-11-23,2023,4.517
2023-11-24,2023,4.5379
2023-11-27,2023,4.5483
2023-11-28,2023,4.5379
2023-11-29,2023,4.5484
2023-11-30,2023,4.5712
2023-12-01,2023,4.5588
2023-12-04,2023,4.5484
2023-12-05,2023,4.5432
2023-12-06,2023,4.5276
2023-12-07,2023,4.5276
2023-12-08,2023,4.5066
2023-12-11,2023,4.4963
2023-12-12,2023,4.4859
2023-12-13,2023,4.4859
2023-12-14,2023,4.4755
2023-12-15,2023,4.4755
2023-12-18,2023,4.4755
2023-12-19,2023,4.4755
2023-12-20,2023,4.4755
2023-12-21,2023,4.4651
2023-12-22,2023,4.4547
2023-12-26,2023,4.4547
2023-12-27,2023,4.4547
2023-12-28,2023,4.4547
2023-12-29,2023,4.4547
2024-01-02,2023,4.5034
2024-01-03,2023,4.534
2024-01-04,2023,4.5379
2024-01-05,2023,4.5424
2024-01-08,2023,4.5394
2024-01-09,2023,4.54
2024-01-10,2023,4.5394
2020-01-10,2024,3.49
2020-01-13,2024,3.5
2020-01-14,2024,3.5
2020-01-15,2024,3.5
2020-01-16,2024,3.5
2020-01-17,2024,3.5
2020-01-20,2024,3.5
2020-01-21,2024,3.5
2020-01-22,2024,3.5
2020-01-23,2024,3.5
2020-01-24,2024,3.5
2020-01-27,2024,3.5
2020-01-28,2024,3.5
2020-01-29,2024,3.5
2020-01-30,2024,3.5
2020-01-31,2024,3.5
2020-02-03,2024,3.5
2020-02-04,2024,3.5
2020-02-05,2024,3.5
2020-02-06,2024,3.5
2020-02-07,2024,3.5
2020-02-10,2024,3.5
2020-02-11,2024,3.5
2020-02-12,2024,3.5
2020-02-13,2024,3.5
2020-02-14,2024,3.5
2020-02-17,2024,3.5
2020-02-18,2024,3.5
2020-02-19,2024,3.5
2020-02-20,2024,3.5
2020-02-21,2024,3.5
2020-02-26,2024,3.5
2020-02-27,2024,3.5
2020-02-28,2024,3.5
2020-03-02,2024,3.5
2020-03-03,2024,3.49
2020-03-04,2024,3.5
2020-03-05,2024,3.5
2020-03-06,2024,3.5
2020-03-09,2024,3.5
2020-03-10,2024,3.5
2020-03-11,2024,3.5
2020-03-12,2024,3.5
2020-03-13,2024,3.5
2020-03-16,2024,3.5
2020-03-17,2024,3.5
2020-03-18,2024,3.5
2020-03-19,2024,3.5
2020-03-20,2024,3.5
2020-03-23,2024,3.5
2020-03-24,2024,3.5
2020-03-25,2024,3.5
2020-03-26,2024,3.5
2020-03-27,2024,3.5
2020-03-30,2024,3.5
2020-03-31,2024,3.5
2020-04-01,2024,3.5
2020-04-02,2024,3.5
2020-04-03,2024,3.5
2020-04-06,2024,3.5
2020-04-07,2024,3.5
2020-04-08,2024,3.5
2020-04-09,2024,3.5
2020-04-13,2024,3.5
2020-04-14,2024,3.5
2020-04-15,2024,3.5
2020-04-16,2024,3.5
2020-04-17,2024,3.5
2020-04-20,2024,3.5
2020-04-22,2024,3.5
2020-04-23,2024,3.5
2020-04-24,2024,3.5
2020-04-27,2024,3.5
2020-04-28,2024,3.5
2020-04-29,2024,3.5
2020-04-30,2024,3.5
2020-05-04,2024,3.5
2020-05-05,2024,3.5
2020-05-06,2024,3.5
2020-05-07,2024,3.5
2020-05-08,2024,3.5
2020-05-11,2024,3.5
2020-05-12,2024,3.5
2020-05-13,2024,3.5
2020-05-14,2024,3.5
2020-05-15,2024,3.5
2020-05-18,2024,3.5
2020-05-19,2024,3.5
2020-05-20,2024,3.5
2020-05-21,2024,3.5
2020-05-22,2024,3.5
2020-05-25,2024,3.5
2020-05-26,2024,3.5
2020-05-27,2024,3.5
2020-05-28,2024,3.5
2020-05-29,2024,3.5
2020-06-01,2024,3.5
2020-06-02,2024,3.5
2020-06-03,2024,3.5
2020-06-04,2024,3.5
2020-06-05,2024,3.5
2020-06-08,2024,3.5
2020-06-09,2024,3.5
2020-06-10,2024,3.5
2020-06-12,2024,3.5
2020-06-15,2024,3.5
2020-06-16,2024,3.5
2020-06-17,2024,3.5
2020-06-18,2024,3.5
2020-06-19,2024,3.5
2020-06-22,2024,3.5
2020-06-23,2024,3.5
2020-06-24,2024,3.5
2020-06-25,2024,3.5
2020-06-26,2024,3.25
2020-06-29,2024,3.25
2020-06-30,2024,3.25
2020-07-01,2024,3.25
2020-07-02,2024,3.25
2020-07-03,2024,3.25
2020-07-06,2024,3.25
2020-07-07,2024,3.25
2020-07-08,2024,3.25
2020-07-09,2024,3.28
2020-07-10,2024,3.49
2020-07-13,2024,3.5
2020-07-14,2024,3.49
2020-07-15,2024,3.5
2020-07-16,2024,3.5
2020-07-17,2024,3.25
2020-07-20,2024,3.25
2020-07-21,2024,3.25
2020-07-22,2024,3.13
2020-07-23,2024,3.0
2020-07-24,2024,3.25
2020-07-27,2024,3.25
2020-07-28,2024,3.25
2020-07-29,2024,3.25
2020-07-30,2024,3.25
2020-07-31,2024,3.25
2020-08-03,2024,3.25
2020-08-04,2024,3.25
2020-08-05,2024,3.25
2020-08-06,2024,3.25
2020-08-07,2024,3.06
2020-08-10,2024,3.06
2020-08-11,2024,3.0
2020-08-12,2024,3.0
2020-08-13,2024,3.0
2020-08-14,2024,3.06
2020-08-17,2024,3.18
2020-08-18,2024,3.19
2020-08-19,2024,3.19
2020-08-20,2024,3.2
2020-08-21,2024,3.37
2020-08-24,2024,3.5
2020-08-25,2024,3.37
2020-08-26,2024,3.25
2020-08-27,2024,3.25
2020-08-28,2024,3.25
2020-08-31,2024,3.25
2020-09-01,2024,3.25
2020-09-02,2024,3.36
2020-09-03,2024,3.25
2020-09-04,2024,3.25
2020-09-08,2024,3.23
2020-09-09,2024,3.0
2020-09-10,2024,3.0
2020-09-11,2024,3.22
2020-09-14,2024,3.25
2020-09-15,2024,3.24
2020-09-16,2024,3.25
2020-09-17,2024,3.25
2020-09-18,2024,3.25
2020-09-21,2024,3.25
2020-09-22,2024,3.2
2020-09-23,2024,3.25
2020-09-24,2024,3.23
2020-09-25,2024,3.22
2020-09-28,2024,3.22
2020-09-29,2024,3.11
2020-09-30,2024,3.0
2020-10-01,2024,3.0
2020-10-02,2024,3.25
2020-10-05,2024,3.24
2020-10-06,2024,3.24
2020-10-07,2024,3.12
2020-10-08,2024,3.18
2020-10-09,2024,3.25
2020-10-13,2024,3.25
2020-10-14,2024,3.25
2020-10-15,2024,3.25
2020-10-16,2024,3.25
2020-10-19,2024,3.19
2020-10-20,2024,3.18
2020-10-21,2024,3.22
2020-10-22,2024,3.06
2020-10-23,2024,3.18
2020-10-26,2024,3.18
2020-10-27,2024,3.15
2020-10-28,2024,3.19
2020-10-29,2024,3.22
2020-10-30,2024,3.36
2020-11-03,2024,3.24
2020-11-04,2024,3.25
2020-11-05,2024,3.25
2020-11-06,2024,3.25
2020-11-09,2024,3.25
2020-11-10,2024,3.24
2020-11-11,2024,3.22
2020-11-12,2024,3.24
2020-11-13,2024,3.25
2020-11-16,2024,3.24
2020-11-17,2024,3.24
2020-11-18,2024,3.24
2020-11-19,2024,3.25
2020-11-20,2024,3.25
2020-11-23,2024,3.25
2020-11-24,2024,3.25
2020-11-25,2024,3.24
2020-11-26,2024,3.24
2020-11-27,2024,3.2
2020-11-30,2024,3.22
2020-12-01,2024,3.12
2020-12-02,2024,3.2
2020-12-03,2024,3.11
2020-12-04,2024,3.22
2020-12-07,2024,3.2
2020-12-08,2024,3.18
2020-12-09,2024,3.12
2020-12-10,2024,3.15
2020-12-11,2024,3.15
2020-12-14,2024,3.12
2020-12-15,2024,3.2
2020-12-16,2024,3.22
2020-12-17,2024,3.24
2020-12-18,2024,3.2
2020-12-21,2024,3.2
2020-12-22,2024,3.25
2020-12-23,2024,3.25
2020-12-24,2024,3.24
2020-12-28,2024,3.25
2020-12-29,2024,3.12
2020-12-30,2024,3.18
2020-12-31,2024,3.24
2021-01-04,2024,3.16
2021-01-05,2024,3.2
2021-01-06,2024,3.22
2021-01-07,2024,3.25
2021-01-08,2024,3.24
2021-01-11,2024,3.25
2021-01-12,2024,3.25
2021-01-13,2024,3.25
2021-01-14,2024,3.24
2021-01-15,2024,3.2
2021-01-18,2024,3.2
2021-01-19,2024,3.2
2021-01-20,2024,3.06
2021-01-21,2024,3.2
2021-01-22,2024,3.2
2021-01-25,2024,3.16
2021-01-26,2024,3.24
2021-01-27,2024,3.25
2021-01-28,2024,3.24
2021-01-29,2024,3.0
2021-02-01,2024,3.25
2021-02-02,2024,3.24
2021-02-03,2024,3.21
2021-02-04,2024,3.21
2021-02-05,2024,3.25
2021-02-08,2024,3.24
2021-02-09,2024,3.25
2021-02-10,2024,3.25
2021-02-11,2024,3.25
2021-02-12,2024,3.12
2021-02-17,2024,3.21
2021-02-18,2024,3.12
2021-02-19,2024,3.25
2021-02-22,2024,3.25
2021-02-23,2024,3.25
2021-02-24,2024,3.25
2021-02-25,2024,3.25
2021-02-26,2024,3.25
2021-03-01,2024,3.25
2021-03-02,2024,3.25
2021-03-03,2024,3.25
2021-03-04,2024,3.24
2021-03-05,2024,3.18
2021-03-08,2024,3.05
2021-03-09,2024,3.17
2021-03-10,2024,3.24
2021-03-11,2024,3.24
2021-03-12,2024,3.15
2021-03-15,2024,3.22
2021-03-16,2024,3.19
2021-03-17,2024,3.15
2021-03-18,2024,3.18
2021-03-19,2024,3.25
2021-03-22,2024,3.25
2021-03-23,2024,3.25
2021-03-24,2024,3.25
2021-03-25,2024,3.25
2021-03-26,2024,3.24
2021-03-29,2024,3.25
2021-03-30,2024,3.25
2021-03-31,2024,3.25
2021-04-01,2024,3.25
2021-04-05,2024,3.25
2021-04-06,2024,3.25
2021-04-07,2024,3.25
2021-04-08,2024,3.25
2021-04-09,2024,3.25
2021-04-12,2024,3.25
2021-04-13,2024,3.25
2021-04-14,2024,3.25
2021-04-15,2024,3.25
2021-04-16,2024,3.25
2021-04-19,2024,3.25
2021-04-20,2024,3.25
2021-04-22,2024,3.25
2021-04-23,2024,3.25
2021-04-26,2024,3.25
2021-04-27,2024,3.25
2021-04-28,2024,3.25
2021-04-29,2024,3.25
2021-04-30,2024,3.25
2021-05-03,2024,3.25
2021-05-04,2024,3.25
2021-05-05,2024,3.25
2021-05-06,2024,3.25
2021-05-07,2024,3.25
2021-05-10,2024,3.25
2021-05-11,2024,3.25
2021-05-12,2024,3.25
2021-05-13,2024,3.25
2021-05-14,2024,3.25
2021-05-17,2024,3.25
2021-05-18,2024,3.25
2021-05-19,2024,3.25
2021-05-20,2024,3.25
2021-05-21,2024,3.25
2021-05-24,2024,3.25
2021-05-25,2024,3.25
2021-05-26,2024,3.25
2021-05-27,2024,3.25
2021-05-28,2024,3.25
2021-05-31,2024,3.25
2021-06-01,2024,3.25
2021-06-02,2024,3.25
2021-06-04,2024,3.25
2021-06-07,2024,3.25
2021-06-08,2024,3.25
2021-06-09,2024,3.25
2021-06-10,2024,3.25
2021-06-11,2024,3.25
2021-06-14,2024,3.25
2021-06-15,2024,3.25
2021-06-16,2024,3.25
2021-06-17,2024,3.25
2021-06-18,2024,3.25
2021-06-21,2024,3.25
2021-06-22,2024,3.25
2021-06-23,2024,3.25
2021-06-24,2024,3.25
2021-06-25,2024,3.25
2021-06-28,2024,3.25
2021-06-29,2024,3.25
2021-06-30,2024,3.25
2021-07-01,2024,3.25
2021-07-02,2024,3.25
2021-07-05,2024,3.25
2021-07-06,2024,3.1
2021-07-07,2024,3.11
2021-07-08,2024,3.0
2021-07-09,2024,3.0
2021-07-12,2024,3.0
2021-07-13,2024,3.0
2021-07-14,2024,3.0
2021-07-15,2024,3.0
2021-07-16,2024,3.0
2021-07-19,2024,3.035
2021-07-20,2024,3.155
2021-07-21,2024,3.005
2021-07-22,2024,3.0001
2021-07-23,2024,3.0
2021-07-26,2024,3.0001
2021-07-27,2024,3.0001
2021-07-28,2024,3.0001
2021-07-29,2024,3.035
2021-07-30,2024,3.0
2021-08-02,2024,3.0
2021-08-03,2024,3.0
2021-08-04,2024,3.0
2021-08-05,2024,3.0
2021-08-06,2024,3.0
2021-08-09,2024,3.0
2021-08-10,2024,3.1
2021-08-11,2024,3.1
2021-08-12,2024,3.24
2021-08-13,2024,3.15
2021-08-16,2024,3.1
2021-08-17,2024,3.1
2021-08-18,2024,3.1
2021-08-19,2024,3.175
2021-08-20,2024,3.1
2021-08-23,2024,3.035
2021-08-24,2024,3.0
2021-08-25,2024,3.0
2021-08-26,2024,3.0
2021-08-27,2024,3.0
2021-08-30,2024,3.0
2021-08-31,2024,3.005
2021-09-01,2024,3.005
2021-09-02,2024,3.0
2021-09-03,2024,3.0
2021-09-06,2024,3.08
2021-09-08,2024,3.0
2021-09-09,2024,3.145
2021-09-10,2024,3.001
2021-09-13,2024,3.14
2021-09-14,2024,3.001
2021-09-15,2024,3.0305
2021-09-16,2024,3.0305
2021-09-17,2024,3.0
2021-09-20,2024,3.0
2021-09-21,2024,3.0
2021-09-22,2024,3.0
2021-09-23,2024,3.0
2021-09-24,2024,3.225
2021-09-27,2024,3.02
2021-09-28,2024,3.1
2021-09-29,2024,3.095
2021-09-30,2024,3.095
2021-10-01,2024,3.0001
2021-10-04,2024,3.0001
2021-10-05,2024,3.0
2021-10-06,2024,3.0
2021-10-07,2024,3.0
2021-10-08,2024,3.15
2021-10-11,2024,3.245
2021-10-13,2024,3.245
2021-10-14,2024,3.195
2021-10-15,2024,3.0
2021-10-18,2024,3.0
2021-10-19,2024,3.0
2021-10-20,2024,3.0
2021-10-21,2024,3.0
2021-10-22,2024,3.0301
2021-10-25,2024,3.0051
2021-10-26,2024,3.0001
2021-10-27,2024,3.035
2021-10-28,2024,3.06
2021-10-29,2024,3.12
2021-11-01,2024,3.195
2021-11-03,2024,3.25
2021-11-04,2024,3.25
2021-11-05,2024,3.01
2021-11-08,2024,3.11
2021-11-09,2024,3.085
2021-11-10,2024,3.01
2021-11-11,2024,3.1
2021-11-12,2024,3.07
2021-11-16,2024,3.0
2021-11-17,2024,3.0
2021-11-18,2024,3.0
2021-11-19,2024,3.0
2021-11-22,2024,3.0001
2021-11-23,2024,3.0001
2021-11-24,2024,3.0001
2021-11-25,2024,3.0
2021-11-26,2024,3.2262
2021-11-29,2024,3.15
2021-11-30,2024,3.15
2021-12-01,2024,3.07
2021-12-02,2024,3.0
2021-12-03,2024,3.0
2021-12-06,2024,3.0
2021-12-07,2024,3.0
2021-12-08,2024,3.0
2021-12-09,2024,3.005
2021-12-10,2024,3.25
2021-12-13,2024,3.25
2021-12-14,2024,3.25
2021-12-15,2024,3.2381
2021-12-16,2024,3.25
2021-12-17,2024,3.12
2021-12-20,2024,3.095
2021-12-21,2024,3.07
2021-12-22,2024,3.07
2021-12-23,2024,3.0
2021-12-24,2024,3.035
2021-12-27,2024,3.0351
2021-12-28,2024,3.11
2021-12-29,2024,3.085
2021-12-30,2024,3.2
2021-12-31,2024,3.175
2022-01-03,2024,3.11
2022-01-04,2024,3.0
2022-01-05,2024,3.0
2022-01-06,2024,3.0
2022-01-07,2024,3.0
2022-01-10,2024,3.0
2022-01-11,2024,3.0
2022-01-12,2024,3.0
2022-01-13,2024,3.0
2022-01-14,2024,3.0
2022-01-17,2024,3.0
2022-01-18,2024,3.0
2022-01-19,2024,3.0
2022-01-20,2024,3.0
2022-01-21,2024,3.0
2022-01-24,2024,3.0
2022-01-25,2024,3.0
2022-01-26,2024,3.0
2022-01-27,2024,3.0
2022-01-28,2024,3.0
2022-01-31,2024,3.0
2022-02-01,2024,3.0
2022-02-02,2024,3.0
2022-02-03,2024,3.0
2022-02-04,2024,3.24
2022-02-07,2024,3.1731
2022-02-08,2024,3.2
2022-02-09,2024,3.2331
2022-02-10,2024,3.2131
2022-02-11,2024,3.07
2022-02-14,2024,3.12
2022-02-15,2024,3.11
2022-02-16,2024,3.1
2022-02-17,2024,3.1
2022-02-18,2024,3.0206
2022-02-21,2024,3.041
2022-02-22,2024,3.0705
2022-02-23,2024,3.041
2022-02-24,2024,3.041
2022-02-25,2024,3.2331
2022-03-02,2024,3.125
2022-03-03,2024,3.1
2022-03-04,2024,3.05
2022-03-07,2024,3.1
2022-03-08,2024,3.1
2022-03-09,2024,3.11
2022-03-10,2024,3.2
2022-03-11,2024,3.135
2022-03-14,2024,3.12
2022-03-15,2024,3.12
2022-03-16,2024,3.11
2022-03-17,2024,3.1
2022-03-18,2024,3.1
2022-03-21,2024,3.1
2022-03-22,2024,3.1
2022-03-23,2024,3.11
2022-03-24,2024,3.12
2022-03-25,2024,3.25
2022-03-28,2024,3.25
2022-03-29,2024,3.2376
2022-03-30,2024,3.2
2022-03-31,2024,3.2
2022-04-01,2024,3.185
2022-04-04,2024,3.1
2022-04-05,2024,3.24
2022-04-06,2024,3.16
2022-04-07,2024,3.2
2022-04-08,2024,3.1
2022-04-11,2024,3.0
2022-04-12,2024,3.0
2022-04-13,2024,3.0
2022-04-14,2024,3.0
2022-04-18,2024,3.0
2022-04-19,2024,3.1
2022-04-20,2024,3.1
2022-04-22,2024,3.1
2022-04-25,2024,3.1
2022-04-26,2024,3.12
2022-04-27,2024,3.12
2022-04-28,2024,3.12
2022-04-29,2024,3.1
2022-05-02,2024,3.16
2022-05-03,2024,3.12
2022-05-04,2024,3.1
2022-05-05,2024,3.16
2022-05-06,2024,3.25
2022-05-09,2024,3.25
2022-05-10,2024,3.24
2022-05-11,2024,3.2188
2022-05-12,2024,3.245
2022-05-13,2024,3.2
2022-05-16,2024,3.2
2022-05-17,2024,3.2
2022-05-18,2024,3.15
2022-05-19,2024,3.0
2022-05-20,2024,3.2
2022-05-23,2024,3.2262
2022-05-24,2024,3.24
2022-05-25,2024,3.25
2022-05-26,2024,3.25
2022-05-27,2024,3.3
2022-05-30,2024,3.27
2022-05-31,2024,3.285
2022-06-01,2024,3.25
2022-06-02,2024,3.25
2022-06-03,2024,3.2
2022-06-06,2024,3.2
2022-06-07,2024,3.22
2022-06-08,2024,3.2
2022-06-09,2024,3.22
2022-06-10,2024,3.2262
2022-06-13,2024,3.2
2022-06-14,2024,3.2
2022-06-15,2024,3.21
2022-06-17,2024,3.22
2022-06-20,2024,3.2
2022-06-21,2024,3.21
2022-06-22,2024,3.215
2022-06-23,2024,3.2376
2022-06-24,2024,3.3
2022-06-27,2024,3.2376
2022-06-28,2024,3.2
2022-06-29,2024,3.2376
2022-06-30,2024,3.225
2022-07-01,2024,3.235
2022-07-04,2024,3.5
2022-07-05,2024,3.5
2022-07-06,2024,3.405
2022-07-07,2024,3.31
2022-07-08,2024,3.3
2022-07-11,2024,3.265
2022-07-12,2024,3.25
2022-07-13,2024,3.25
2022-07-14,2024,3.25
2022-07-15,2024,3.21
2022-07-18,2024,3.21
2022-07-19,2024,3.21
2022-07-20,2024,3.21
2022-07-21,2024,3.205
2022-07-22,2024,3.3
2022-07-25,2024,3.3
2022-07-26,2024,3.3
2022-07-27,2024,3.3
2022-07-28,2024,3.3
2022-07-29,2024,3.4
2022-08-01,2024,3.5
2022-08-02,2024,3.3
2022-08-03,2024,3.3
2022-08-04,2024,3.3001
2022-08-05,2024,3.3
2022-08-08,2024,3.3
2022-08-09,2024,3.5
2022-08-10,2024,3.45
2022-08-11,2024,3.42
2022-08-12,2024,3.4595
2022-08-15,2024,3.35
2022-08-16,2024,3.3
2022-08-17,2024,3.3
2022-08-18,2024,3.3
2022-08-19,2024,3.3251
2022-08-22,2024,3.4
2022-08-23,2024,3.4
2022-08-24,2024,3.4
2022-08-25,2024,3.4
2022-08-26,2024,3.5
2022-08-29,2024,3.5
2022-08-30,2024,3.5
2022-08-31,2024,3.5
2022-09-01,2024,3.5
2022-09-02,2024,3.4
2022-09-05,2024,3.5
2022-09-06,2024,3.4
2022-09-08,2024,3.4
2022-09-09,2024,3.5
2022-09-12,2024,3.5
2022-09-13,2024,3.43
2022-09-14,2024,3.465
2022-09-15,2024,3.5
2022-09-16,2024,3.3
2022-09-19,2024,3.3
2022-09-20,2024,3.3
2022-09-21,2024,3.3
2022-09-22,2024,3.3
2022-09-23,2024,3.3
2022-09-26,2024,3.3
2022-09-27,2024,3.3
2022-09-28,2024,3.3
2022-09-29,2024,3.3
2022-09-30,2024,3.43
2022-10-03,2024,3.415
2022-10-04,2024,3.465
2022-10-05,2024,3.43
2022-10-06,2024,3.4
2022-10-07,2024,3.4368
2022-10-10,2024,3.5
2022-10-11,2024,3.5
2022-10-13,2024,3.5
2022-10-14,2024,3.45
2022-10-17,2024,3.45
2022-10-18,2024,3.4
2022-10-19,2024,3.4
2022-10-20,2024,3.4
2022-10-21,2024,3.4
2022-10-24,2024,3.5
2022-10-25,2024,3.5
2022-10-26,2024,3.5
2022-10-27,2024,3.5
2022-10-28,2024,3.5
2022-10-31,2024,3.5
2022-11-01,2024,3.5
2022-11-03,2024,3.5
2022-11-04,2024,3.5
2022-11-07,2024,3.5
2022-11-08,2024,3.5
2022-11-09,2024,3.5
2022-11-10,2024,3.5
2022-11-11,2024,3.5
2022-11-14,2024,3.5
2022-11-16,2024,3.5
2022-11-17,2024,3.5
2022-11-18,2024,3.5
2022-11-21,2024,3.5
2022-11-22,2024,3.5
2022-11-23,2024,3.5
2022-11-24,2024,3.5
2022-11-25,2024,3.5
2022-11-28,2024,3.5
2022-11-29,2024,3.5
2022-11-30,2024,3.5
2022-12-01,2024,3.5
2022-12-02,2024,3.5
2022-12-05,2024,3.5
2022-12-06,2024,3.5
2022-12-07,2024,3.5
2022-12-08,2024,3.5
2022-12-09,2024,3.5
2022-12-12,2024,3.5
2022-12-13,2024,3.5
2022-12-14,2024,3.5
2022-12-15,2024,3.5
2022-12-16,2024,3.5
2022-12-19,2024,3.665
2022-12-20,2024,3.6246
2022-12-21,2024,3.6492
2022-12-22,2024,3.6492
2022-12-23,2024,3.6
2022-12-26,2024,3.5588
2022-12-27,2024,3.6
2022-12-28,2024,3.65
2022-12-29,2024,3.7
2022-12-30,2024,3.79
2023-01-02,2024,3.8448
2023-01-03,2024,3.7812
2023-01-04,2024,3.7255
2023-01-05,2024,3.71
2023-01-06,2024,3.71
2023-01-09,2024,3.6684
2023-01-10,2024,3.762
2023-01-11,2024,3.71
2023-01-12,2024,3.7416
2023-01-13,2024,3.8278
2023-01-16,2024,3.8625
2023-01-17,2024,3.81
2023-01-18,2024,3.8278
2023-01-19,2024,3.88
2023-01-20,2024,3.8655
2023-01-23,2024,3.9
2023-01-24,2024,3.9124
2023-01-25,2024,3.9437
2023-01-26,2024,3.9069
2023-01-27,2024,3.9437
2023-01-30,2024,3.934
2023-01-31,2024,3.95
2023-02-01,2024,3.95
2023-02-02,2024,3.9179
2023-02-03,2024,3.9953
2023-02-06,2024,3.9906
2023-02-07,2024,3.9953
2023-02-08,2024,3.9953
2023-02-09,2024,4.0
2023-02-10,2024,4.0
2023-02-13,2024,4.0
2023-02-14,2024,4.02
2023-02-15,2024,4.02
2023-02-16,2024,4.0521
2023-02-17,2024,4.1
2023-02-22,2024,4.1
2023-02-23,2024,4.1
2023-02-24,2024,4.0513
2023-02-27,2024,4.0216
2023-02-28,2024,4.0015
2023-03-01,2024,4.0057
2023-03-02,2024,4.0112
2023-03-03,2024,4.0111
2023-03-06,2024,4.0112
2023-03-07,2024,4.0111
2023-03-08,2024,4.0009
2023-03-09,2024,4.0
2023-03-10,2024,4.0003
2023-03-13,2024,4.0012
2023-03-14,2024,4.0198
2023-03-15,2024,4.0208
2023-03-16,2024,4.0525
2023-03-17,2024,4.2
2023-03-20,2024,4.1769
2023-03-21,2024,4.12
2023-03-22,2024,4.1769
2023-03-23,2024,4.1483
2023-03-24,2024,4.1772
2023-03-27,2024,4.2
2023-03-28,2024,4.2
2023-03-29,2024,4.2
2023-03-30,2024,4.1886
2023-03-31,2024,4.0475
2023-04-03,2024,4.0195
2023-04-04,2024,4.011
2023-04-05,2024,4.0015
2023-04-06,2024,4.0195
2023-04-10,2024,4.1
2023-04-11,2024,4.1
2023-04-12,2024,4.1772
2023-04-13,2024,4.1
2023-04-14,2024,4.2
2023-04-17,2024,4.1766
2023-04-18,2024,4.1766
2023-04-19,2024,4.2183
2023-04-20,2024,4.1928
2023-04-24,2024,4.1769
2023-04-25,2024,4.1766
2023-04-26,2024,4.1769
2023-04-27,2024,4.1531
2023-04-28,2024,4.1666
2023-05-02,2024,4.1766
2023-05-03,2024,4.1716
2023-05-04,2024,4.1462
2023-05-05,2024,4.1985
2023-05-08,2024,4.1985
2023-05-09,2024,4.1993
2023-05-10,2024,4.2
2023-05-11,2024,4.1985
2023-05-12,2024,4.12
2023-05-15,2024,4.12
2023-05-16,2024,4.12
2023-05-17,2024,4.115
2023-05-18,2024,4.105
2023-05-19,2024,4.1377
2023-05-22,2024,4.1354
2023-05-23,2024,4.1377
2023-05-24,2024,4.1354
2023-05-25,2024,4.1452
2023-05-26,2024,4.1576
2023-05-29,2024,4.1736
2023-05-30,2024,4.17
2023-05-31,2024,4.17
2023-06-01,2024,4.1403
2023-06-02,2024,4.1026
2023-06-05,2024,4.11
2023-06-06,2024,4.12
2023-06-07,2024,4.0105
2023-06-09,2024,4.0
2023-06-12,2024,4.0
2023-06-13,2024,4.0
2023-06-14,2024,4.0
2023-06-15,2024,3.9787
2023-06-16,2024,3.9649
2023-06-19,2024,3.9584
2023-06-20,2024,3.9486
2023-06-21,2024,3.9584
2023-06-22,2024,3.9649
2023-06-23,2024,3.9396
2023-06-26,2024,3.9591
2023-06-27,2024,3.9492
2023-06-28,2024,3.92
2023-06-29,2024,3.92
2023-06-30,2024,3.9
2023-07-03,2024,3.8499
2023-07-04,2024,3.8119
2023-07-05,2024,3.8499
2023-07-06,2024,3.8859
2023-07-07,2024,3.8321
2023-07-10,2024,3.8321
2023-07-11,2024,3.8767
2023-07-12,2024,3.8767
2023-07-13,2024,3.8581
2023-07-14,2024,3.8314
2023-07-17,2024,3.8452
2023-07-18,2024,3.8755
2023-07-19,2024,3.8985
2023-07-20,2024,3.9
2023-07-21,2024,3.897
2023-07-24,2024,3.8979
2023-07-25,2024,3.9
2023-07-26,2024,3.8758
2023-07-27,2024,3.8846
2023-07-28,2024,3.8758
2023-07-31,2024,3.8611
2023-08-01,2024,3.8637
2023-08-02,2024,3.8846
2023-08-03,2024,3.8802
2023-08-04,2024,3.865
2023-08-07,2024,3.86
2023-08-08,2024,3.86
2023-08-09,2024,3.87
2023-08-10,2024,3.8849
2023-08-11,2024,3.8711
2023-08-14,2024,3.8348
2023-08-15,2024,3.8244
2023-08-16,2024,3.8245
2023-08-17,2024,3.8122
2023-08-18,2024,3.8249
2023-08-21,2024,3.8451
2023-08-22,2024,3.85
2023-08-23,2024,3.8451
2023-08-24,2024,3.8301
2023-08-25,2024,3.8244
2023-08-28,2024,3.8
2023-08-29,2024,3.8
2023-08-30,2024,3.79
2023-08-31,2024,3.79
2023-09-01,2024,3.7966
2023-09-04,2024,3.84
2023-09-05,2024,3.8034
2023-09-06,2024,3.8451
2023-09-08,2024,3.8246
2023-09-11,2024,3.8451
2023-09-12,2024,3.82
2023-09-13,2024,3.8019
2023-09-14,2024,3.799
2023-09-15,2024,3.83
2023-09-18,2024,3.829
2023-09-19,2024,3.829
2023-09-20,2024,3.8611
2023-09-21,2024,3.876
2023-09-22,2024,3.8762
2023-09-25,2024,3.856
2023-09-26,2024,3.8506
2023-09-27,2024,3.8506
2023-09-28,2024,3.8506
2023-09-29,2024,3.8348
2023-10-02,2024,3.8451
2023-10-03,2024,3.8659
2023-10-04,2024,3.8659
2023-10-05,2024,3.894
2023-10-06,2024,3.8552
2023-10-09,2024,3.8813
2023-10-10,2024,3.8758
2023-10-11,2024,3.9
2023-10-13,2024,3.8507
2023-10-16,2024,3.8247
2023-10-17,2024,3.8071
2023-10-18,2024,3.7931
2023-10-19,2024,3.7814
2023-10-20,2024,3.8453
2023-10-23,2024,3.8507
2023-10-24,2024,3.856
2023-10-25,2024,3.87
2023-10-26,2024,3.8606
2023-10-27,2024,3.9182
2023-10-30,2024,3.9264
2023-10-31,2024,3.9264
2023-11-01,2024,3.92
2023-11-03,2024,3.9315
2023-11-06,2024,3.8885
2023-11-07,2024,3.8808
2023-11-08,2024,3.895
2023-11-09,2024,3.9175
2023-11-10,2024,3.9
2023-11-13,2024,3.9
2023-11-14,2024,3.9
2023-11-16,2024,3.895
2023-11-17,2024,3.9088
2023-11-20,2024,3.9285
2023-11-21,2024,3.92
2023-11-22,2024,3.9243
2023-11-23,2024,3.9289
2023-11-24,2024,3.9236
2023-11-27,2024,3.9134
2023-11-28,2024,3.9186
2023-11-29,2024,3.9177
2023-11-30,2024,3.9186
2023-12-01,2024,3.912
2023-12-04,2024,3.9168
2023-12-05,2024,3.8972
2023-12-06,2024,3.83
2023-12-07,2024,3.8645
2023-12-08,2024,3.92
2023-12-11,2024,3.9238
2023-12-12,2024,3.9238
2023-12-13,2024,3.9282
2023-12-14,2024,3.9275
2023-12-15,2024,3.9291
2023-12-18,2024,3.9601
2023-12-19,2024,3.9339
2023-12-20,2024,3.9189
2023-12-21,2024,3.9123
2023-12-22,2024,3.9
2023-12-26,2024,3.9
2023-12-27,2024,3.9
2023-12-28,2024,3.9
2023-12-29,2024,3.9
2024-01-02,2024,3.9037
2024-01-03,2024,3.8606
2024-01-04,2024,3.8248
2024-01-05,2024,3.8274
2024-01-08,2024,3.8382
2024-01-09,2024,3.9
2024-01-10,2024,3.9
2024-01-11,2024,3.8455
2024-01-12,2024,3.85
2024-01-15,2024,3.8473
2024-01-16,2024,3.85
2024-01-17,2024,3.851
2024-01-18,2024,3.853
2024-01-19,2024,3.8652
2024-01-22,2024,3.8756
2024-01-23,2024,3.8746
2024-01-24,2024,3.8756
2024-01-25,2024,3.88
2024-01-26,2024,3.8014
2024-01-29,2024,3.8
2024-01-30,2024,3.8028
2024-01-31,2024,3.8028
2024-02-01,2024,3.8014
2024-02-02,2024,3.7628
2024-02-05,2024,3.709
2024-02-06,2024,3.68
2024-02-07,2024,3.68
2024-02-08,2024,3.7864
2024-02-09,2024,3.7864
2024-02-14,2024,3.8018
2024-02-15,2024,3.7625
2024-02-16,2024,3.7547
2024-02-19,2024,3.7609
2024-02-20,2024,3.7921
2024-02-21,2024,3.7921
2024-02-22,2024,3.7606
2024-02-23,2024,3.781
2024-02-26,2024,3.781
2024-02-27,2024,3.7518
2024-02-28,2024,3.7266
2024-02-29,2024,3.7266
2024-03-01,2024,3.6998
2024-03-04,2024,3.7306
2024-03-05,2024,3.7336
2024-03-06,2024,3.7518
2024-03-07,2024,3.7433
2024-03-08,2024,3.7469
2024-03-11,2024,3.635
2024-03-12,2024,3.7057
2024-03-13,2024,3.7076
2024-03-14,2024,3.6888
2024-03-15,2024,3.7125
2024-03-18,2024,3.7098
2024-03-19,2024,3.7098
2024-03-20,2024,3.709
2024-03-21,2024,3.7
2024-03-22,2024,3.7076
2024-03-25,2024,3.7152
2024-03-26,2024,3.7227
2024-03-27,2024,3.7302
2024-03-28,2024,3.7351
2024-04-01,2024,3.7714
2024-04-02,2024,3.7711
2024-04-03,2024,3.7718
2024-04-04,2024,3.7769
2024-04-05,2024,3.7611
2024-04-08,2024,3.7299
2024-04-09,2024,3.73
2024-04-10,2024,3.6731
2024-04-11,2024,3.6264
2024-04-12,2024,3.7027
2024-04-15,2024,3.7055
2024-04-16,2024,3.7
2024-04-17,2024,3.7088
2024-04-18,2024,3.71
2024-04-19,2024,3.7303
2024-04-22,2024,3.7302
2024-04-23,2024,3.7308
2024-04-24,2024,3.7302
2024-04-25,2024,3.7302
2024-04-26,2024,3.6996
2024-04-29,2024,3.6731
2024-04-30,2024,3.6833
2024-05-02,2024,3.7092
2024-05-03,2024,3.7132
2024-05-06,2024,3.7448
2024-05-07,2024,3.7502
2024-05-08,2024,3.75
2024-05-09,2024,3.7448
2024-05-10,2024,3.7388
2024-05-13,2024,3.776
2024-05-14,2024,3.781
2024-05-15,2024,3.781
2024-05-16,2024,3.7935
2024-05-17,2024,3.8369
2024-05-20,2024,3.82
2024-05-21,2024,3.8319
2024-05-22,2024,3.8319
2024-05-23,2024,3.8074
2024-05-24,2024,3.8618
2024-05-27,2024,3.88
2024-05-28,2024,3.877
2024-05-29,2024,3.874
2024-05-31,2024,3.8956
2024-06-03,2024,3.9
2024-06-04,2024,3.9031
2024-06-05,2024,3.9265
2024-06-06,2024,3.9063
2024-06-07,2024,3.93
2024-06-10,2024,3.9039
2024-06-11,2024,3.984
2024-06-12,2024,3.9745
2024-06-13,2024,3.9779
2024-06-14,2024,3.9605
2024-06-17,2024,3.963
2024-06-18,2024,3.964
2024-06-19,2024,3.9606
2024-06-20,2024,3.9581
2024-06-21,2024,4.0098
2024-06-24,2024,4.0
2024-06-25,2024,4.0
2024-06-26,2024,4.0195
2024-06-27,2024,4.0298
2024-06-28,2024,4.0195
2024-07-01,2024,4.0143
2024-07-02,2024,4.0237
2024-07-03,2024,4.0293
2024-07-04,2024,4.0351
2024-07-05,2024,4.0356
2024-07-08,2024,4.0512
2024-07-09,2024,4.0862
2024-07-10,2024,4.0
2024-07-11,2024,4.0253
2024-07-12,2024,4.0405
2024-07-15,2024,4.0355
2024-07-16,2024,4.0407
2024-07-17,2024,4.0355
2024-07-18,2024,4.0511
2024-07-19,2024,4.0718
2024-07-22,2024,4.0667
2024-07-23,2024,4.0717
2024-07-24,2024,4.0616
2024-07-25,2024,4.0667
2024-07-26,2024,4.0814
2024-07-29,2024,4.0921
2024-07-30,2024,4.0925
2024-07-31,2024,4.0964
2024-08-01,2024,4.1
2024-08-02,2024,4.1862
2024-08-05,2024,4.2
2024-08-06,2024,4.1828
2024-08-07,2024,4.195
2024-08-08,2024,4.19
2024-08-09,2024,4.2175
2024-08-12,2024,4.205
2024-08-13,2024,4.2173
2024-08-14,2024,4.2173
2024-08-15,2024,4.2173
2024-08-16,2024,4.2087
2024-08-19,2024,4.215
2024-08-20,2024,4.2391
2024-08-21,2024,4.2482
2024-08-22,2024,4.2589
2024-08-23,2024,4.2687
2024-08-26,2024,4.2791
2024-08-27,2024,4.2687
2024-08-28,2024,4.26
2024-08-29,2024,4.2685
2024-08-30,2024,4.26
2024-09-02,2024,4.2948
2024-09-03,2024,4.3123
2024-09-04,2024,4.3213
2024-09-05,2024,4.338
2024-09-06,2024,4.3712
2024-09-09,2024,4.3471
2024-09-10,2024,4.2995
2024-09-11,2024,4.3
2024-09-12,2024,4.311
2024-09-13,2024,4.3674
2024-09-16,2024,4.3828
2024-09-17,2024,4.3917
2024-09-18,2024,4.39
2024-09-19,2024,4.3938
2024-09-20,2024,4.3991
2024-09-23,2024,4.3934
2024-09-24,2024,4.3936
2024-09-25,2024,4.3963
2024-09-26,2024,4.3867
2024-09-27,2024,4.3618
2024-09-30,2024,4.361
2024-10-01,2024,4.35
2024-10-02,2024,4.3515
2024-10-03,2024,4.3618
2024-10-04,2024,4.4
2024-10-07,2024,4.4092
2024-10-08,2024,4.4
2024-10-09,2024,4.39
2024-10-10,2024,4.3938
2024-10-11,2024,4.4529
2024-10-14,2024,4.4456
2024-10-15,2024,4.4513
2024-10-16,2024,4.4542
2024-10-17,2024,4.4852
2024-10-18,2024,4.5379
2024-10-21,2024,4.5428
2024-10-22,2024,4.5463
2024-10-23,2024,4.548
2024-10-24,2024,4.5499
2024-10-25,2024,4.55
2024-10-28,2024,4.5681
2024-10-29,2024,4.57
2024-10-30,2024,4.5596
2024-10-31,2024,4.5804
2024-11-01,2024,4.6015
2024-11-04,2024,4.6016
2024-11-05,2024,4.6015
2024-11-06,2024,4.6118
2024-11-07,2024,4.602
2024-11-08,2024,4.625
2024-11-11,2024,4.6299
2024-11-12,2024,4.6431
2024-11-13,2024,4.6487
2024-11-14,2024,4.6746
2024-11-18,2024,4.6537
2024-11-19,2024,4.7057
2024-11-21,2024,4.7059
2024-11-22,2024,4.6434
2024-11-25,2024,4.6416
2024-11-26,2024,4.6535
2024-11-27,2024,4.6701
2024-11-28,2024,4.6701
2024-11-29,2024,4.8153
2024-12-02,2024,4.8416
2024-12-03,2024,4.8521
2024-12-04,2024,4.8362
2024-12-05,2024,4.8413
2024-12-06,2024,4.852
2024-12-09,2024,4.852
2024-12-10,2024,4.8938
2024-12-11,2024,4.8938
2024-12-12,2024,4.8938
2024-12-13,2024,4.9251
2024-12-16,2024,4.9251
2024-12-17,2024,4.9147
2024-12-18,2024,4.9199
2024-12-19,2024,4.9303
2024-12-20,2024,4.9355
2024-12-23,2024,4.9355
2024-12-24,2024,4.9355
2024-12-26,2024,4.9355
2024-12-27,2024,4.9026
2024-12-30,2024,4.8458
2024-12-31,2024,4.8416
2025-01-02,2024,4.8416
2025-01-03,2024,4.8458
2025-01-06,2024,4.8521
2025-01-07,2024,4.8625
2025-01-08,2024,4.8625
2025-01-09,2024,4.8625
2021-01-12,2025,3.13
2021-01-13,2025,3.2
2021-01-14,2025,3.1
2021-01-15,2025,3.1
2021-01-18,2025,3.0
2021-01-19,2025,3.0
2021-01-20,2025,3.0
2021-01-21,2025,3.0
2021-01-22,2025,3.0
2021-01-25,2025,3.0
2021-01-26,2025,3.24
2021-01-27,2025,3.25
2021-01-28,2025,3.25
2021-01-29,2025,3.0
2021-02-01,2025,3.0
2021-02-02,2025,3.0
2021-02-03,2025,3.0
2021-02-04,2025,3.0
2021-02-05,2025,3.24
2021-02-08,2025,3.24
2021-02-09,2025,3.24
2021-02-10,2025,3.25
2021-02-11,2025,3.25
2021-02-12,2025,3.0
2021-02-17,2025,3.0
2021-02-18,2025,3.0
2021-02-19,2025,3.0
2021-02-22,2025,3.22
2021-02-23,2025,3.24
2021-02-24,2025,3.24
2021-02-25,2025,3.24
2021-02-26,2025,3.25
2021-03-01,2025,3.25
2021-03-02,2025,3.25
2021-03-03,2025,3.12
2021-03-04,2025,3.0
2021-03-05,2025,3.0
2021-03-08,2025,3.0
2021-03-09,2025,3.0
2021-03-10,2025,3.0
2021-03-11,2025,3.0
2021-03-12,2025,3.0
2021-03-15,2025,3.0
2021-03-16,2025,3.0
2021-03-17,2025,3.0
2021-03-18,2025,3.0
2021-03-19,2025,3.25
2021-03-22,2025,3.25
2021-03-23,2025,3.25
2021-03-24,2025,3.25
2021-03-25,2025,3.25
2021-03-26,2025,3.0
2021-03-29,2025,3.12
2021-03-30,2025,3.24
2021-03-31,2025,3.2366
2021-04-01,2025,3.2183
2021-04-05,2025,3.25
2021-04-06,2025,3.25
2021-04-07,2025,3.25
2021-04-08,2025,3.25
2021-04-09,2025,3.25
2021-04-12,2025,3.25
2021-04-13,2025,3.25
2021-04-14,2025,3.25
2021-04-15,2025,3.25
2021-04-16,2025,3.25
2021-04-19,2025,3.25
2021-04-20,2025,3.25
2021-04-22,2025,3.25
2021-04-23,2025,3.25
2021-04-26,2025,3.25
2021-04-27,2025,3.25
2021-04-28,2025,3.25
2021-04-29,2025,3.25
2021-04-30,2025,3.25
2021-05-03,2025,3.25
2021-05-04,2025,3.25
2021-05-05,2025,3.25
2021-05-06,2025,3.25
2021-05-07,2025,3.25
2021-05-10,2025,3.25
2021-05-11,2025,3.25
2021-05-12,2025,3.25
2021-05-13,2025,3.25
2021-05-14,2025,3.2366
2021-05-17,2025,3.2433
2021-05-18,2025,3.2433
2021-05-19,2025,3.2
2021-05-20,2025,3.25
2021-05-21,2025,3.25
2021-05-24,2025,3.25
2021-05-25,2025,3.25
2021-05-26,2025,3.25
2021-05-27,2025,3.25
2021-05-28,2025,3.25
2021-05-31,2025,3.25
2021-06-01,2025,3.2433
2021-06-02,2025,3.25
2021-06-04,2025,3.25
2021-06-07,2025,3.2433
2021-06-08,2025,3.25
2021-06-09,2025,3.25
2021-06-10,2025,3.25
2021-06-11,2025,3.2433
2021-06-14,2025,3.2366
2021-06-15,2025,3.23
2021-06-16,2025,3.1233
2021-06-17,2025,3.25
2021-06-18,2025,3.25
2021-06-21,2025,3.25
2021-06-22,2025,3.25
2021-06-23,2025,3.25
2021-06-24,2025,3.25
2021-06-25,2025,3.25
2021-06-28,2025,3.25
2021-06-29,2025,3.25
2021-06-30,2025,3.25
2021-07-01,2025,3.25
2021-07-02,2025,3.0
2021-07-05,2025,3.1
2021-07-06,2025,3.0
2021-07-07,2025,3.0
2021-07-08,2025,3.0
2021-07-09,2025,3.0
2021-07-12,2025,3.0
2021-07-13,2025,3.0
2021-07-14,2025,3.0
2021-07-15,2025,3.0
2021-07-16,2025,3.0
2021-07-19,2025,3.0
2021-07-20,2025,3.0
2021-07-21,2025,3.0
2021-07-22,2025,3.0
2021-07-23,2025,3.0
2021-07-26,2025,3.0
2021-07-27,2025,3.0
2021-07-28,2025,3.0
2021-07-29,2025,3.0
2021-07-30,2025,3.0
2021-08-02,2025,3.0
2021-08-03,2025,3.0
2021-08-04,2025,3.0
2021-08-05,2025,3.0
2021-08-06,2025,3.0
2021-08-09,2025,3.0
2021-08-10,2025,3.02
2021-08-11,2025,3.04
2021-08-12,2025,3.07
2021-08-13,2025,3.0
2021-08-16,2025,3.0001
2021-08-17,2025,3.0
2021-08-18,2025,3.0
2021-08-19,2025,3.0002
2021-08-20,2025,3.01
2021-08-23,2025,3.0
2021-08-24,2025,3.0
2021-08-25,2025,3.0
2021-08-26,2025,3.0
2021-08-27,2025,3.0
2021-08-30,2025,3.0
2021-08-31,2025,3.0
2021-09-01,2025,3.0
2021-09-02,2025,3.0
2021-09-03,2025,3.0
2021-09-06,2025,3.02
2021-09-08,2025,3.0
2021-09-09,2025,3.02
2021-09-10,2025,3.0
2021-09-13,2025,3.001
2021-09-14,2025,3.0005
2021-09-15,2025,3.0
2021-09-16,2025,3.0
2021-09-17,2025,3.0
2021-09-20,2025,3.0
2021-09-21,2025,3.0
2021-09-22,2025,3.0
2021-09-23,2025,3.0
2021-09-24,2025,3.0
2021-09-27,2025,3.0
2021-09-28,2025,3.0
2021-09-29,2025,3.0
2021-09-30,2025,3.0
2021-10-01,2025,3.0
2021-10-04,2025,3.0
2021-10-05,2025,3.0
2021-10-06,2025,3.0
2021-10-07,2025,3.0
2021-10-08,2025,3.1
2021-10-11,2025,3.19
2021-10-13,2025,3.19
2021-10-14,2025,3.0501
2021-10-15,2025,3.0
2021-10-18,2025,3.0
2021-10-19,2025,3.0
2021-10-20,2025,3.0
2021-10-21,2025,3.0
2021-10-22,2025,3.0
2021-10-25,2025,3.0
2021-10-26,2025,3.0
2021-10-27,2025,3.0
2021-10-28,2025,3.0
2021-10-29,2025,3.1
2021-11-01,2025,3.11
2021-11-03,2025,3.135
2021-11-04,2025,3.12
2021-11-05,2025,3.0
2021-11-08,2025,3.0
2021-11-09,2025,3.0
2021-11-10,2025,3.0
2021-11-11,2025,3.0
2021-11-12,2025,3.0
2021-11-16,2025,3.0
2021-11-17,2025,3.0
2021-11-18,2025,3.0
2021-11-19,2025,3.0
2021-11-22,2025,3.0
2021-11-23,2025,3.0
2021-11-24,2025,3.0
2021-11-25,2025,3.0
2021-11-26,2025,3.1
2021-11-29,2025,3.05
2021-11-30,2025,3.05
2021-12-01,2025,3.0
2021-12-02,2025,3.0
2021-12-03,2025,3.0
2021-12-06,2025,3.0
2021-12-07,2025,3.0
2021-12-08,2025,3.0
2021-12-09,2025,3.0
2021-12-10,2025,3.05
2021-12-13,2025,3.2381
2021-12-14,2025,3.185
2021-12-15,2025,3.1
2021-12-16,2025,3.16
2021-12-17,2025,3.05
2021-12-20,2025,3.0
2021-12-21,2025,3.0
2021-12-22,2025,3.0
2021-12-23,2025,3.0
2021-12-24,2025,3.0
2021-12-27,2025,3.0
2021-12-28,2025,3.0
2021-12-29,2025,3.0
2021-12-30,2025,3.0001
2021-12-31,2025,3.0001
2022-01-03,2025,3.0001
2022-01-04,2025,3.0
2022-01-05,2025,3.0
2022-01-06,2025,3.0
2022-01-07,2025,3.0
2022-01-10,2025,3.0
2022-01-11,2025,3.0
2022-01-12,2025,3.0
2022-01-13,2025,3.0
2022-01-14,2025,3.0
2022-01-17,2025,3.0
2022-01-18,2025,3.0
2022-01-19,2025,3.0
2022-01-20,2025,3.0
2022-01-21,2025,3.0
2022-01-24,2025,3.0
2022-01-25,2025,3.0
2022-01-26,2025,3.0
2022-01-27,2025,3.0
2022-01-28,2025,3.0
2022-01-31,2025,3.0
2022-02-01,2025,3.0
2022-02-02,2025,3.0
2022-02-03,2025,3.0
2022-02-04,2025,3.0
2022-02-07,2025,3.0
2022-02-08,2025,3.0
2022-02-09,2025,3.0
2022-02-10,2025,3.0
2022-02-11,2025,3.0
2022-02-14,2025,3.0
2022-02-15,2025,3.0
2022-02-16,2025,3.0
2022-02-17,2025,3.0
2022-02-18,2025,3.0
2022-02-21,2025,3.0
2022-02-22,2025,3.0
2022-02-23,2025,3.0
2022-02-24,2025,3.0
2022-02-25,2025,3.1
2022-03-02,2025,3.0
2022-03-03,2025,3.0
2022-03-04,2025,3.0
2022-03-07,2025,3.0
2022-03-08,2025,3.0
2022-03-09,2025,3.0
2022-03-10,2025,3.045
2022-03-11,2025,3.0
2022-03-14,2025,3.0
2022-03-15,2025,3.0
2022-03-16,2025,3.0
2022-03-17,2025,3.0
2022-03-18,2025,3.0
2022-03-21,2025,3.0
2022-03-22,2025,3.0
2022-03-23,2025,3.0
2022-03-24,2025,3.0
2022-03-25,2025,3.0
2022-03-28,2025,3.0
2022-03-29,2025,3.0
2022-03-30,2025,3.0
2022-03-31,2025,3.0
2022-04-01,2025,3.0
2022-04-04,2025,3.0
2022-04-05,2025,3.0
2022-04-06,2025,3.0
2022-04-07,2025,3.0
2022-04-08,2025,3.0
2022-04-11,2025,3.0
2022-04-12,2025,3.0
2022-04-13,2025,3.0
2022-04-14,2025,3.0
2022-04-18,2025,3.0
2022-04-19,2025,3.0
2022-04-20,2025,3.0
2022-04-22,2025,3.0
2022-04-25,2025,3.0
2022-04-26,2025,3.0
2022-04-27,2025,3.0
2022-04-28,2025,3.0
2022-04-29,2025,3.0
2022-05-02,2025,3.0
2022-05-03,2025,3.0
2022-05-04,2025,3.0
2022-05-05,2025,3.0
2022-05-06,2025,3.0
2022-05-09,2025,3.058
2022-05-10,2025,3.058
2022-05-11,2025,3.029
2022-05-12,2025,3.058
2022-05-13,2025,3.0
2022-05-16,2025,3.0
2022-05-17,2025,3.0
2022-05-18,2025,3.0
2022-05-19,2025,3.0
2022-05-20,2025,3.0
2022-05-23,2025,3.0
2022-05-24,2025,3.0
2022-05-25,2025,3.0
2022-05-26,2025,3.0
2022-05-27,2025,3.1
2022-05-30,2025,3.21
2022-05-31,2025,3.2
2022-06-01,2025,3.0
2022-06-02,2025,3.2
2022-06-03,2025,3.0
2022-06-06,2025,3.0
2022-06-07,2025,3.1
2022-06-08,2025,3.0
2022-06-09,2025,3.05
2022-06-10,2025,3.0
2022-06-13,2025,3.0
2022-06-14,2025,3.0
2022-06-15,2025,3.0
2022-06-17,2025,3.0
2022-06-20,2025,3.0
2022-06-21,2025,3.0
2022-06-22,2025,3.0
2022-06-23,2025,3.0
2022-06-24,2025,3.0
2022-06-27,2025,3.0
2022-06-28,2025,3.0
2022-06-29,2025,3.0
2022-06-30,2025,3.0
2022-07-01,2025,3.1207
2022-07-04,2025,3.5
2022-07-05,2025,3.5
2022-07-06,2025,3.25
2022-07-07,2025,3.25
2022-07-08,2025,3.1
2022-07-11,2025,3.001
2022-07-12,2025,3.001
2022-07-13,2025,3.0006
2022-07-14,2025,3.0001
2022-07-15,2025,3.09
2022-07-18,2025,3.055
2022-07-19,2025,3.0026
2022-07-20,2025,3.0
2022-07-21,2025,3.0
2022-07-22,2025,3.0
2022-07-25,2025,3.0
2022-07-26,2025,3.0
2022-07-27,2025,3.0
2022-07-28,2025,3.0
2022-07-29,2025,3.0
2022-08-01,2025,3.0
2022-08-02,2025,3.0
2022-08-03,2025,3.0
2022-08-04,2025,3.0
2022-08-05,2025,3.02
2022-08-08,2025,3.1
2022-08-09,2025,3.06
2022-08-10,2025,3.015
2022-08-11,2025,3.01
2022-08-12,2025,3.0
2022-08-15,2025,3.0
2022-08-16,2025,3.0
2022-08-17,2025,3.0
2022-08-18,2025,3.0
2022-08-19,2025,3.0
2022-08-22,2025,3.0
2022-08-23,2025,3.0
2022-08-24,2025,3.0
2022-08-25,2025,3.0
2022-08-26,2025,3.23
2022-08-29,2025,3.215
2022-08-30,2025,3.215
2022-08-31,2025,3.215
2022-09-01,2025,3.1398
2022-09-02,2025,3.0001
2022-09-05,2025,3.0412
2022-09-06,2025,3.0001
2022-09-08,2025,3.0
2022-09-09,2025,3.0
2022-09-12,2025,3.0
2022-09-13,2025,3.0
2022-09-14,2025,3.0256
2022-09-15,2025,3.01
2022-09-16,2025,3.0
2022-09-19,2025,3.0
2022-09-20,2025,3.0
2022-09-21,2025,3.0
2022-09-22,2025,3.0
2022-09-23,2025,3.0
2022-09-26,2025,3.0
2022-09-27,2025,3.0
2022-09-28,2025,3.0
2022-09-29,2025,3.0
2022-09-30,2025,3.0
2022-10-03,2025,3.0
2022-10-04,2025,3.0
2022-10-05,2025,3.0
2022-10-06,2025,3.0
2022-10-07,2025,3.0706
2022-10-10,2025,3.12
2022-10-11,2025,3.0706
2022-10-13,2025,3.11
2022-10-14,2025,3.0412
2022-10-17,2025,3.0051
2022-10-18,2025,3.0
2022-10-19,2025,3.0001
2022-10-20,2025,3.0
2022-10-21,2025,3.0
2022-10-24,2025,3.0
2022-10-25,2025,3.0
2022-10-26,2025,3.0
2022-10-27,2025,3.0
2022-10-28,2025,3.0001
2022-10-31,2025,3.0001
2022-11-01,2025,3.0001
2022-11-03,2025,3.0001
2022-11-04,2025,3.0
2022-11-07,2025,3.0406
2022-11-08,2025,3.04
2022-11-09,2025,3.04
2022-11-10,2025,3.0
2022-11-11,2025,3.0001
2022-11-14,2025,3.0207
2022-11-16,2025,3.0207
2022-11-17,2025,3.0207
2022-11-18,2025,3.0207
2022-11-21,2025,3.0412
2022-11-22,2025,3.0706
2022-11-23,2025,3.125
2022-11-24,2025,3.0207
2022-11-25,2025,3.0
2022-11-28,2025,3.0
2022-11-29,2025,3.0
2022-11-30,2025,3.0
2022-12-01,2025,3.0
2022-12-02,2025,3.0001
2022-12-05,2025,3.1
2022-12-06,2025,3.1782
2022-12-07,2025,3.0706
2022-12-08,2025,3.1
2022-12-09,2025,3.0412
2022-12-12,2025,3.0001
2022-12-13,2025,3.0001
2022-12-14,2025,3.0001
2022-12-15,2025,3.0001
2022-12-16,2025,3.275
2022-12-19,2025,3.4
2022-12-20,2025,3.3
2022-12-21,2025,3.5
2022-12-22,2025,3.4
2022-12-23,2025,3.1071
2022-12-26,2025,3.1
2022-12-27,2025,3.1071
2022-12-28,2025,3.2
2022-12-29,2025,3.25
2022-12-30,2025,3.5
2023-01-02,2025,3.5
2023-01-03,2025,3.5
2023-01-04,2025,3.5
2023-01-05,2025,3.5
2023-01-06,2025,3.5
2023-01-09,2025,3.5
2023-01-10,2025,3.5
2023-01-11,2025,3.5
2023-01-12,2025,3.45
2023-01-13,2025,3.5
2023-01-16,2025,3.5
2023-01-17,2025,3.5
2023-01-18,2025,3.5
2023-01-19,2025,3.5
2023-01-20,2025,3.5
2023-01-23,2025,3.5
2023-01-24,2025,3.5
2023-01-25,2025,3.5
2023-01-26,2025,3.5
2023-01-27,2025,3.5
2023-01-30,2025,3.5
2023-01-31,2025,3.5
2023-02-01,2025,3.5
2023-02-02,2025,3.5
2023-02-03,2025,3.5
2023-02-06,2025,3.5
2023-02-07,2025,3.5
2023-02-08,2025,3.5
2023-02-09,2025,3.6
2023-02-10,2025,3.745
2023-02-13,2025,3.8
2023-02-14,2025,3.8
2023-02-15,2025,3.8
2023-02-16,2025,3.8
2023-02-17,2025,3.8
2023-02-22,2025,3.8
2023-02-23,2025,3.8
2023-02-24,2025,3.8
2023-02-27,2025,3.78
2023-02-28,2025,3.5
2023-03-01,2025,3.5
2023-03-02,2025,3.55
2023-03-03,2025,3.525
2023-03-06,2025,3.7
2023-03-07,2025,3.8
2023-03-08,2025,3.5
2023-03-09,2025,3.5
2023-03-10,2025,3.75
2023-03-13,2025,3.8
2023-03-14,2025,3.79
2023-03-15,2025,3.79
2023-03-16,2025,3.8
2023-03-17,2025,4.0
2023-03-20,2025,3.95
2023-03-21,2025,3.9
2023-03-22,2025,4.0
2023-03-23,2025,4.0
2023-03-24,2025,4.0
2023-03-27,2025,4.0
2023-03-28,2025,4.0
2023-03-29,2025,4.0
2023-03-30,2025,4.0
2023-03-31,2025,3.9
2023-04-03,2025,4.0
2023-04-04,2025,4.0
2023-04-05,2025,4.0
2023-04-06,2025,3.895
2023-04-10,2025,3.995
2023-04-11,2025,3.91
2023-04-12,2025,3.99
2023-04-13,2025,3.91
2023-04-14,2025,4.0
2023-04-17,2025,4.0
2023-04-18,2025,3.82
2023-04-19,2025,4.0
2023-04-20,2025,4.0
2023-04-24,2025,4.0
2023-04-25,2025,4.0
2023-04-26,2025,4.0
2023-04-27,2025,4.0
2023-04-28,2025,4.0
2023-05-02,2025,4.0
2023-05-03,2025,4.0
2023-05-04,2025,4.0
2023-05-05,2025,4.0
2023-05-08,2025,4.0
2023-05-09,2025,4.0
2023-05-10,2025,4.0
2023-05-11,2025,4.0
2023-05-12,2025,4.0
2023-05-15,2025,4.0
2023-05-16,2025,3.83
2023-05-17,2025,3.865
2023-05-18,2025,3.765
2023-05-19,2025,3.91
2023-05-22,2025,3.92
2023-05-23,2025,4.0
2023-05-24,2025,4.0
2023-05-25,2025,4.0
2023-05-26,2025,4.0
2023-05-29,2025,4.0
2023-05-30,2025,4.0
2023-05-31,2025,4.0
2023-06-01,2025,4.0
2023-06-02,2025,4.0
2023-06-05,2025,3.76
2023-06-06,2025,3.775
2023-06-07,2025,3.9
2023-06-09,2025,3.9
2023-06-12,2025,3.815
2023-06-13,2025,3.9
2023-06-14,2025,3.8
2023-06-15,2025,3.7949
2023-06-16,2025,3.8
2023-06-19,2025,3.7949
2023-06-20,2025,3.7725
2023-06-21,2025,3.7949
2023-06-22,2025,3.8
2023-06-23,2025,3.73
2023-06-26,2025,3.75
2023-06-27,2025,3.75
2023-06-28,2025,3.75
2023-06-29,2025,3.75
2023-06-30,2025,3.52
2023-07-03,2025,3.5
2023-07-04,2025,3.5
2023-07-05,2025,3.5
2023-07-06,2025,3.5
2023-07-07,2025,3.5
2023-07-10,2025,3.5
2023-07-11,2025,3.5
2023-07-12,2025,3.5
2023-07-13,2025,3.5
2023-07-14,2025,3.5
2023-07-17,2025,3.5
2023-07-18,2025,3.5
2023-07-19,2025,3.5
2023-07-20,2025,3.5
2023-07-21,2025,3.5
2023-07-24,2025,3.5
2023-07-25,2025,3.5
2023-07-26,2025,3.5
2023-07-27,2025,3.5
2023-07-28,2025,3.5
2023-07-31,2025,3.5
2023-08-01,2025,3.5
2023-08-02,2025,3.5
2023-08-03,2025,3.5
2023-08-04,2025,3.5519
2023-08-07,2025,3.5
2023-08-08,2025,3.535
2023-08-09,2025,3.5019
2023-08-10,2025,3.5119
2023-08-11,2025,3.5
2023-08-14,2025,3.5
2023-08-15,2025,3.5
2023-08-16,2025,3.5
2023-08-17,2025,3.5
2023-08-18,2025,3.5
2023-08-21,2025,3.5151
2023-08-22,2025,3.5401
2023-08-23,2025,3.5451
2023-08-24,2025,3.5302
2023-08-25,2025,3.5
2023-08-28,2025,3.5
2023-08-29,2025,3.5
2023-08-30,2025,3.5
2023-08-31,2025,3.5
2023-09-01,2025,3.5
2023-09-04,2025,3.5
2023-09-05,2025,3.5
2023-09-06,2025,3.5
2023-09-08,2025,3.5
2023-09-11,2025,3.5
2023-09-12,2025,3.5
2023-09-13,2025,3.5
2023-09-14,2025,3.5
2023-09-15,2025,3.5
2023-09-18,2025,3.5
2023-09-19,2025,3.5
2023-09-20,2025,3.5
2023-09-21,2025,3.5
2023-09-22,2025,3.5
2023-09-25,2025,3.5
2023-09-26,2025,3.5
2023-09-27,2025,3.5
2023-09-28,2025,3.5
2023-09-29,2025,3.5
2023-10-02,2025,3.5
2023-10-03,2025,3.5
2023-10-04,2025,3.5
2023-10-05,2025,3.5
2023-10-06,2025,3.5
2023-10-09,2025,3.5
2023-10-10,2025,3.5
2023-10-11,2025,3.5
2023-10-13,2025,3.5
2023-10-16,2025,3.5
2023-10-17,2025,3.5
2023-10-18,2025,3.5
2023-10-19,2025,3.5
2023-10-20,2025,3.5
2023-10-23,2025,3.5
2023-10-24,2025,3.5
2023-10-25,2025,3.5
2023-10-26,2025,3.5
2023-10-27,2025,3.5
2023-10-30,2025,3.5
2023-10-31,2025,3.5
2023-11-01,2025,3.5
2023-11-03,2025,3.5
2023-11-06,2025,3.5
2023-11-07,2025,3.53
2023-11-08,2025,3.5
2023-11-09,2025,3.5
2023-11-10,2025,3.5
2023-11-13,2025,3.5
2023-11-14,2025,3.5
2023-11-16,2025,3.5
2023-11-17,2025,3.5
2023-11-20,2025,3.5
2023-11-21,2025,3.5
2023-11-22,2025,3.5
2023-11-23,2025,3.505
2023-11-24,2025,3.51
2023-11-27,2025,3.51
2023-11-28,2025,3.5
2023-11-29,2025,3.5
2023-11-30,2025,3.5
2023-12-01,2025,3.5
2023-12-04,2025,3.5
2023-12-05,2025,3.5
2023-12-06,2025,3.5
2023-12-07,2025,3.5
2023-12-08,2025,3.5
2023-12-11,2025,3.5
2023-12-12,2025,3.5
2023-12-13,2025,3.5
2023-12-14,2025,3.5
2023-12-15,2025,3.5
2023-12-18,2025,3.5
2023-12-19,2025,3.5
2023-12-20,2025,3.5
2023-12-21,2025,3.5
2023-12-22,2025,3.5
2023-12-26,2025,3.5
2023-12-27,2025,3.5
2023-12-28,2025,3.5
2023-12-29,2025,3.5
2024-01-02,2025,3.5
2024-01-03,2025,3.6
2024-01-04,2025,3.57
2024-01-05,2025,3.5
2024-01-08,2025,3.5
2024-01-09,2025,3.5
2024-01-10,2025,3.5
2024-01-11,2025,3.5
2024-01-12,2025,3.5
2024-01-15,2025,3.5
2024-01-16,2025,3.5
2024-01-17,2025,3.5
2024-01-18,2025,3.5
2024-01-19,2025,3.5097
2024-01-22,2025,3.5044
2024-01-23,2025,3.5046
2024-01-24,2025,3.5044
2024-01-25,2025,3.5174
2024-01-26,2025,3.5043
2024-01-29,2025,3.5001
2024-01-30,2025,3.5001
2024-01-31,2025,3.5042
2024-02-01,2025,3.5022
2024-02-02,2025,3.5
2024-02-05,2025,3.5
2024-02-06,2025,3.5
2024-02-07,2025,3.5
2024-02-08,2025,3.5
2024-02-09,2025,3.53
2024-02-14,2025,3.5273
2024-02-15,2025,3.5238
2024-02-16,2025,3.5247
2024-02-19,2025,3.526
2024-02-20,2025,3.517
2024-02-21,2025,3.5238
2024-02-22,2025,3.5145
2024-02-23,2025,3.5106
2024-02-26,2025,3.5
2024-02-27,2025,3.5
2024-02-28,2025,3.5
2024-02-29,2025,3.5
2024-03-01,2025,3.5
2024-03-04,2025,3.5041
2024-03-05,2025,3.5021
2024-03-06,2025,3.5046
2024-03-07,2025,3.5046
2024-03-08,2025,3.5042
2024-03-11,2025,3.5
2024-03-12,2025,3.5
2024-03-13,2025,3.5
2024-03-14,2025,3.5
2024-03-15,2025,3.55
2024-03-18,2025,3.5287
2024-03-19,2025,3.558
2024-03-20,2025,3.545
2024-03-21,2025,3.5222
2024-03-22,2025,3.5319
2024-03-25,2025,3.5401
2024-03-26,2025,3.54
2024-03-27,2025,3.5319
2024-03-28,2025,3.54
2024-04-01,2025,3.5402
2024-04-02,2025,3.54
2024-04-03,2025,3.5401
2024-04-04,2025,3.5781
2024-04-05,2025,3.6
2024-04-08,2025,3.55
2024-04-09,2025,3.556
2024-04-10,2025,3.5451
2024-04-11,2025,3.5253
2024-04-12,2025,3.5561
2024-04-15,2025,3.5811
2024-04-16,2025,3.5961
2024-04-17,2025,3.566
2024-04-18,2025,3.6
2024-04-19,2025,3.637
2024-04-22,2025,3.606
2024-04-23,2025,3.606
2024-04-24,2025,3.62
2024-04-25,2025,3.6476
2024-04-26,2025,3.6442
2024-04-29,2025,3.655
2024-04-30,2025,3.67
2024-05-02,2025,3.6496
2024-05-03,2025,3.65
2024-05-06,2025,3.6492
2024-05-07,2025,3.6496
2024-05-08,2025,3.64
2024-05-09,2025,3.6547
2024-05-10,2025,3.75
2024-05-13,2025,3.8
2024-05-14,2025,3.8
2024-05-15,2025,3.746
2024-05-16,2025,3.735
2024-05-17,2025,3.7
2024-05-20,2025,3.7
2024-05-21,2025,3.7
2024-05-22,2025,3.74
2024-05-23,2025,3.7731
2024-05-24,2025,3.7716
2024-05-27,2025,3.783
2024-05-28,2025,3.7832
2024-05-29,2025,3.78
2024-05-31,2025,3.7832
2024-06-03,2025,3.7731
2024-06-04,2025,3.7731
2024-06-05,2025,3.7716
2024-06-06,2025,3.7716
2024-06-07,2025,3.7733
2024-06-10,2025,3.77
2024-06-11,2025,3.79
2024-06-12,2025,3.8
2024-06-13,2025,3.81
2024-06-14,2025,3.8253
2024-06-17,2025,3.8263
2024-06-18,2025,3.856
2024-06-19,2025,3.8628
2024-06-20,2025,3.8488
2024-06-21,2025,3.8628
2024-06-24,2025,3.8656
2024-06-25,2025,3.8656
2024-06-26,2025,3.85
2024-06-27,2025,3.8656
2024-06-28,2025,3.8656
2024-07-01,2025,3.8967
2024-07-02,2025,3.87
2024-07-03,2025,3.897
2024-07-04,2025,3.9
2024-07-05,2025,3.9
2024-07-08,2025,3.9035
2024-07-09,2025,3.91
2024-07-10,2025,3.9035
2024-07-11,2025,3.907
2024-07-12,2025,3.88
2024-07-15,2025,3.8984
2024-07-16,2025,3.9
2024-07-17,2025,3.9
2024-07-18,2025,3.9021
2024-07-19,2025,3.9597
2024-07-22,2025,3.97
2024-07-23,2025,3.9376
2024-07-24,2025,3.9597
2024-07-25,2025,3.97
2024-07-26,2025,3.978
2024-07-29,2025,3.9783
2024-07-30,2025,3.9782
2024-07-31,2025,3.969
2024-08-01,2025,3.9998
2024-08-02,2025,4.0
2024-08-05,2025,4.0
2024-08-06,2025,4.0
2024-08-07,2025,4.0
2024-08-08,2025,3.98
2024-08-09,2025,3.8967
2024-08-12,2025,3.9
2024-08-13,2025,3.9035
2024-08-14,2025,3.9151
2024-08-15,2025,3.9151
2024-08-16,2025,3.8656
2024-08-19,2025,3.8656
2024-08-20,2025,3.8656
2024-08-21,2025,3.9901
2024-08-22,2025,3.9901
2024-08-23,2025,3.9998
2024-08-26,2025,3.997
2024-08-27,2025,3.997
2024-08-28,2025,3.9696
2024-08-29,2025,3.91
2024-08-30,2025,3.8523
2024-09-02,2025,3.8866
2024-09-03,2025,3.8765
2024-09-04,2025,3.9019
2024-09-05,2025,3.9897
2024-09-06,2025,4.0
2024-09-09,2025,4.0
2024-09-10,2025,4.0
2024-09-11,2025,3.9794
2024-09-12,2025,4.0
2024-09-13,2025,3.97
2024-09-16,2025,3.9747
2024-09-17,2025,4.0
2024-09-18,2025,3.985
2024-09-19,2025,3.9648
2024-09-20,2025,4.0
2024-09-23,2025,4.0
2024-09-24,2025,4.0001
2024-09-25,2025,4.0053
2024-09-26,2025,4.0
2024-09-27,2025,3.855
2024-09-30,2025,3.8965
2024-10-01,2025,3.8672
2024-10-02,2025,3.86
2024-10-03,2025,3.856
2024-10-04,2025,3.9167
2024-10-07,2025,3.9018
2024-10-08,2025,3.855
2024-10-09,2025,3.907
2024-10-10,2025,3.8967
2024-10-11,2025,3.944
2024-10-14,2025,3.9545
2024-10-15,2025,3.96
2024-10-16,2025,3.9589
2024-10-17,2025,4.0
2024-10-18,2025,4.0
2024-10-21,2025,3.9794
2024-10-22,2025,3.99
2024-10-23,2025,3.9794
2024-10-24,2025,3.9794
2024-10-25,2025,4.0
2024-10-28,2025,4.0
2024-10-29,2025,4.0
2024-10-30,2025,4.0
2024-10-31,2025,4.0
2024-11-01,2025,4.0658
2024-11-04,2025,4.08
2024-11-05,2025,4.0658
2024-11-06,2025,4.1
2024-11-07,2025,4.0516
2024-11-08,2025,4.1257
2024-11-11,2025,4.135
2024-11-12,2025,4.1717
2024-11-13,2025,4.1764
2024-11-14,2025,4.207
2024-11-18,2025,4.2
2024-11-19,2025,4.25
2024-11-21,2025,4.3
2024-11-22,2025,4.4885
2024-11-25,2025,4.4991
2024-11-26,2025,4.47
2024-11-27,2025,4.5
2024-11-28,2025,4.494
2024-11-29,2025,4.3923
2024-12-02,2025,4.41
2024-12-03,2025,4.5
2024-12-04,2025,4.5
2024-12-05,2025,4.6006
2024-12-06,2025,4.73
2024-12-09,2025,4.7958
2024-12-10,2025,4.7983
2024-12-11,2025,4.7997
2024-12-12,2025,4.76
2024-12-13,2025,4.6326
2024-12-16,2025,4.5
2024-12-17,2025,4.5676
2024-12-18,2025,4.6
2024-12-19,2025,4.675
2024-12-20,2025,5.0
2024-12-23,2025,5.0243
2024-12-24,2025,5.0576
2024-12-26,2025,5.065
2024-12-27,2025,5.0881
2024-12-30,2025,5.1357
2024-12-31,2025,5.0
2025-01-02,2025,4.9978
2025-01-03,2025,4.9932
2025-01-06,2025,4.8745
2025-01-07,2025,4.8489
2025-01-08,2025,4.8486
2025-01-09,2025,4.8898
2025-01-10,2025,5.14
2025-01-13,2025,5.1105
2025-01-14,2025,5.2037
2025-01-15,2025,5.2037
2025-01-16,2025,5.19
2025-01-17,2025,5.1105
2025-01-20,2025,5.0767
2025-01-21,2025,5.141
2025-01-22,2025,5.2
2025-01-23,2025,5.2
2025-01-24,2025,5.6436
2025-01-27,2025,5.6528
2025-01-28,2025,5.6468
2025-01-29,2025,5.65
2025-01-30,2025,5.6615
2025-01-31,2025,5.58
2025-02-03,2025,5.4999
2025-02-04,2025,5.5
2025-02-05,2025,5.5
2025-02-06,2025,5.5
2025-02-07,2025,5.51
2025-02-10,2025,5.51
2025-02-11,2025,5.56
2025-02-12,2025,5.5706
2025-02-13,2025,5.5612
2025-02-14,2025,5.58
2025-02-17,2025,5.5826
2025-02-18,2025,5.56
2025-02-19,2025,5.5718
2025-02-20,2025,5.635
2025-02-21,2025,5.6556
2025-02-24,2025,5.6873
2025-02-25,2025,5.6553
2025-02-26,2025,5.6481
2025-02-27,2025,5.65
2025-02-28,2025,5.61
2025-03-05,2025,5.55
2025-03-06,2025,5.5967
2025-03-07,2025,5.6
2025-03-10,2025,5.646
2025-03-11,2025,5.6411
2025-03-12,2025,5.65
2025-03-13,2025,5.6772
2025-03-14,2025,5.678
2025-03-17,2025,5.6772
2025-03-18,2025,5.6772
2025-03-19,2025,5.6673
2025-03-20,2025,5.6669
2025-03-21,2025,5.6636
2025-03-24,2025,5.65
2025-03-25,2025,5.6772
2025-03-26,2025,5.6636
2025-03-27,2025,5.6636
2025-03-28,2025,5.6356
2025-03-31,2025,5.65
2025-04-01,2025,5.625
2025-04-02,2025,5.625
2025-04-03,2025,5.6464
2025-04-04,2025,5.4849
2025-04-07,2025,5.4554
2025-04-08,2025,5.47
2025-04-09,2025,5.4684
2025-04-10,2025,5.47
2025-04-11,2025,5.59
2025-04-14,2025,5.59
2025-04-15,2025,5.5812
2025-04-16,2025,5.59
2025-04-17,2025,5.57
2025-04-22,2025,5.5346
2025-04-23,2025,5.5243
2025-04-24,2025,5.5216
2025-04-25,2025,5.5243
2025-04-28,2025,5.5
2025-04-29,2025,5.5359
2025-04-30,2025,5.5
2025-05-02,2025,5.5141
2025-05-05,2025,5.5005
2025-05-06,2025,5.5005
2025-05-07,2025,5.5003
2025-05-08,2025,5.5
2025-05-09,2025,5.5
2025-05-12,2025,5.4944
2025-05-13,2025,5.5002
2025-05-14,2025,5.4944
2025-05-15,2025,5.4794
2025-05-16,2025,5.47
2025-05-19,2025,5.4876
2025-05-20,2025,5.4623
2025-05-21,2025,5.4788
2025-05-22,2025,5.4882
2025-05-23,2025,5.4997
2025-05-26,2025,5.5001
2025-05-27,2025,5.5001
2025-05-28,2025,5.5001
2025-05-29,2025,5.4992
2025-05-30,2025,5.4165
2025-06-02,2025,5.4
2025-06-03,2025,5.4023
2025-06-04,2025,5.41
2025-06-05,2025,5.4165
2025-06-06,2025,5.3412
2025-06-09,2025,5.3622
2025-06-10,2025,5.2368
2025-06-11,2025,5.2237
2025-06-12,2025,5.2209
2025-06-13,2025,5.2367
2025-06-16,2025,5.2332
2025-06-17,2025,5.23
2025-06-18,2025,5.2332
2025-06-20,2025,5.2152
2025-06-23,2025,5.1893
2025-06-24,2025,5.1893
2025-06-25,2025,5.1999
2025-06-26,2025,5.1944
2025-06-27,2025,5.141
2025-06-30,2025,5.14
2025-07-01,2025,5.141
2025-07-02,2025,5.14
2025-07-03,2025,5.1529
2025-07-04,2025,5.1558
2025-07-07,2025,5.1716
2025-07-08,2025,5.1831
2025-07-09,2025,5.1541
2025-07-10,2025,5.15
2025-07-11,2025,5.17
2025-07-14,2025,5.1552
2025-07-15,2025,5.1587
2025-07-16,2025,5.1526
2025-07-17,2025,5.15
2025-07-18,2025,5.0669
2025-07-21,2025,5.0675
2025-07-22,2025,5.0675
2025-07-23,2025,5.0614
2025-07-24,2025,5.0563
2025-07-25,2025,5.0879
2025-07-28,2025,5.0879
2025-07-29,2025,5.0879
2025-07-30,2025,5.0879
2025-07-31,2025,5.0732
2025-08-01,2025,5.0263
2025-08-04,2025,5.0282
2025-08-05,2025,5.0263
2025-08-06,2025,5.0447
2025-08-07,2025,5.0609
2025-08-08,2025,5.0488
2025-08-11,2025,5.0049
2025-08-12,2025,4.9513
2025-08-13,2025,4.9317
2025-08-14,2025,4.9216
2025-08-15,2025,4.9
2025-08-18,2025,4.9
2025-08-19,2025,4.8998
2025-08-20,2025,4.8949
2025-08-21,2025,4.8593
2025-08-22,2025,4.84
2025-08-25,2025,4.8386
2025-08-26,2025,4.822
2025-08-27,2025,4.822
2025-08-28,2025,4.8166
2025-08-29,2025,4.837
2025-09-01,2025,4.8375
2025-09-02,2025,4.8483
2025-09-03,2025,4.8375
2025-09-04,2025,4.8375
2025-09-05,2025,4.8596
2025-09-08,2025,4.85
2025-09-09,2025,4.85
2025-09-10,2025,4.864
2025-09-11,2025,4.8581
2025-09-12,2025,4.8168
2025-09-15,2025,4.8186
2025-09-16,2025,4.8169
2025-09-17,2025,4.8168
2025-09-18,2025,4.8169
2025-09-19,2025,4.8166
2025-09-22,2025,4.8166
2025-09-23,2025,4.8166
2025-09-24,2025,4.808
2025-09-25,2025,4.808
2025-09-26,2025,4.8
2025-09-29,2025,4.7989
2025-09-30,2025,4.7978
2025-10-01,2025,4.7978
2025-10-02,2025,4.8
2025-10-03,2025,4.8
2025-10-06,2025,4.7958
2025-10-07,2025,4.7969
2025-10-08,2025,4.7958
2025-10-09,2025,4.733
2025-10-10,2025,4.7
2025-10-13,2025,4.6811
2025-10-14,2025,4.6811
2025-10-15,2025,4.6811
2025-10-16,2025,4.6811
2025-10-17,2025,4.7
2025-10-20,2025,4.6706
2025-10-21,2025,4.6496
2025-10-22,2025,4.6497
2025-10-23,2025,4.639
2025-10-24,2025,4.5346
2025-10-27,2025,4.5245
2025-10-28,2025,4.5243
2025-10-29,2025,4.5243
2025-10-30,2025,4.5241
2025-10-31,2025,4.5138
2025-11-03,2025,4.52
2025-11-04,2025,4.52
2025-11-05,2025,4.52
2025-11-06,2025,4.5235
2025-11-07,2025,4.5455
2025-11-10,2025,4.5478
2025-11-11,2025,4.4996
2025-11-12,2025,4.48
2025-11-13,2025,4.4723
2025-11-14,2025,4.4618
2025-11-17,2025,4.4618
2025-11-18,2025,4.4544
2025-11-19,2025,4.4516
2025-11-21,2025,4.4306
2025-11-24,2025,4.4306
2025-11-25,2025,4.4306
2025-11-26,2025,4.4203
2025-11-27,2025,4.4202
2025-11-28,2025,4.42
2025-12-01,2025,4.4099
2025-12-02,2025,4.4075
2025-12-03,2025,4.4097
2025-12-04,2025,4.4099
2025-12-05,2025,4.3839
2025-12-08,2025,4.389
2025-12-09,2025,4.3845
2025-12-10,2025,4.3579
2025-12-11,2025,4.3579
2025-12-12,2025,4.354
2025-12-15,2025,4.34
2025-12-16,2025,4.3382
2025-12-17,2025,4.3371
2025-12-18,2025,4.3313
2025-12-19,2025,4.3163
2025-12-22,2025,4.3163
2025-12-23,2025,4.3163
2025-12-24,2025,4.3163
2025-12-26,2025,4.3059
2025-12-29,2025,4.2851
2025-12-30,2025,4.2814
2025-12-31,2025,4.2851
2026-01-02,2025,4.2851
2026-01-05,2025,4.2851
2026-01-06,2025,4.2747
2026-01-07,2025,4.2747
2026-01-08,2025,4.2747
2022-01-11,2026,3.0
2022-01-12,2026,3.0
2022-01-13,2026,3.0
2022-01-14,2026,3.0
2022-01-17,2026,3.0
2022-01-18,2026,3.0
2022-01-19,2026,3.0
2022-01-20,2026,3.0
2022-01-21,2026,3.0
2022-01-24,2026,3.0
2022-01-25,2026,3.0
2022-01-26,2026,3.0
2022-01-27,2026,3.0
2022-01-28,2026,3.0
2022-01-31,2026,3.0
2022-02-01,2026,3.0
2022-02-02,2026,3.0
2022-02-03,2026,3.0
2022-02-04,2026,3.0
2022-02-07,2026,3.0
2022-02-08,2026,3.0
2022-02-09,2026,3.0
2022-02-10,2026,3.0
2022-02-11,2026,3.0
2022-02-14,2026,3.0
2022-02-15,2026,3.0
2022-02-16,2026,3.0
2022-02-17,2026,3.0
2022-02-18,2026,3.0
2022-02-21,2026,3.0
2022-02-22,2026,3.0
2022-02-23,2026,3.0
2022-02-24,2026,3.0
2022-02-25,2026,3.0
2022-03-02,2026,3.0
2022-03-03,2026,3.0
2022-03-04,2026,3.0
2022-03-07,2026,3.0
2022-03-08,2026,3.0
2022-03-09,2026,3.0
2022-03-10,2026,3.0
2022-03-11,2026,3.0
2022-03-14,2026,3.0
2022-03-15,2026,3.0
2022-03-16,2026,3.0
2022-03-17,2026,3.0
2022-03-18,2026,3.0
2022-03-21,2026,3.0
2022-03-22,2026,3.0
2022-03-23,2026,3.0
2022-03-24,2026,3.0
2022-03-25,2026,3.0
2022-03-28,2026,3.0
2022-03-29,2026,3.0
2022-03-30,2026,3.0
2022-03-31,2026,3.0
2022-04-01,2026,3.0
2022-04-04,2026,3.0
2022-04-05,2026,3.0
2022-04-06,2026,3.0
2022-04-07,2026,3.0
2022-04-08,2026,3.0
2022-04-11,2026,3.0
2022-04-12,2026,3.0
2022-04-13,2026,3.0
2022-04-14,2026,3.0
2022-04-18,2026,3.0
2022-04-19,2026,3.0573
2022-04-20,2026,3.0
2022-04-22,2026,3.0
2022-04-25,2026,3.0
2022-04-26,2026,3.0
2022-04-27,2026,3.0
2022-04-28,2026,3.0
2022-04-29,2026,3.0
2022-05-02,2026,3.0
2022-05-03,2026,3.0
2022-05-04,2026,3.0
2022-05-05,2026,3.0
2022-05-06,2026,3.0
2022-05-09,2026,3.0
2022-05-10,2026,3.0
2022-05-11,2026,3.0
2022-05-12,2026,3.0
2022-05-13,2026,3.0
2022-05-16,2026,3.0
2022-05-17,2026,3.0
2022-05-18,2026,3.0
2022-05-19,2026,3.0
2022-05-20,2026,3.0
2022-05-23,2026,3.0
2022-05-24,2026,3.0
2022-05-25,2026,3.0
2022-05-26,2026,3.0
2022-05-27,2026,3.0
2022-05-30,2026,3.24
2022-05-31,2026,3.22
2022-06-01,2026,3.1
2022-06-02,2026,3.2
2022-06-03,2026,3.0
2022-06-06,2026,3.0
2022-06-07,2026,3.1
2022-06-08,2026,3.1
2022-06-09,2026,3.1
2022-06-10,2026,3.0
2022-06-13,2026,3.0
2022-06-14,2026,3.0
2022-06-15,2026,3.0
2022-06-17,2026,3.0
2022-06-20,2026,3.0
2022-06-21,2026,3.0
2022-06-22,2026,3.0
2022-06-23,2026,3.0
2022-06-24,2026,3.0
2022-06-27,2026,3.0
2022-06-28,2026,3.0
2022-06-29,2026,3.0
2022-06-30,2026,3.0
2022-07-01,2026,3.1289
2022-07-04,2026,3.37
2022-07-05,2026,3.37
2022-07-06,2026,3.26
2022-07-07,2026,3.25
2022-07-08,2026,3.1001
2022-07-11,2026,3.1005
2022-07-12,2026,3.001
2022-07-13,2026,3.0006
2022-07-14,2026,3.0001
2022-07-15,2026,3.04
2022-07-18,2026,3.0101
2022-07-19,2026,3.0
2022-07-20,2026,3.0
2022-07-21,2026,3.0
2022-07-22,2026,3.0
2022-07-25,2026,3.0
2022-07-26,2026,3.0
2022-07-27,2026,3.0
2022-07-28,2026,3.0
2022-07-29,2026,3.0
2022-08-01,2026,3.0
2022-08-02,2026,3.0
2022-08-03,2026,3.0
2022-08-04,2026,3.0
2022-08-05,2026,3.0
2022-08-08,2026,3.0478
2022-08-09,2026,3.01
2022-08-10,2026,3.0
2022-08-11,2026,3.0
2022-08-12,2026,3.0
2022-08-15,2026,3.0
2022-08-16,2026,3.0
2022-08-17,2026,3.0
2022-08-18,2026,3.0
2022-08-19,2026,3.0
2022-08-22,2026,3.0
2022-08-23,2026,3.0
2022-08-24,2026,3.0
2022-08-25,2026,3.0
2022-08-26,2026,3.22
2022-08-29,2026,3.22
2022-08-30,2026,3.22
2022-08-31,2026,3.22
2022-09-01,2026,3.155
2022-09-02,2026,3.0001
2022-09-05,2026,3.0207
2022-09-06,2026,3.0001
2022-09-08,2026,3.0
2022-09-09,2026,3.0
2022-09-12,2026,3.0
2022-09-13,2026,3.0
2022-09-14,2026,3.0001
2022-09-15,2026,3.0
2022-09-16,2026,3.0
2022-09-19,2026,3.0
2022-09-20,2026,3.0
2022-09-21,2026,3.0
2022-09-22,2026,3.0
2022-09-23,2026,3.0
2022-09-26,2026,3.0
2022-09-27,2026,3.0
2022-09-28,2026,3.0
2022-09-29,2026,3.0
2022-09-30,2026,3.0
2022-10-03,2026,3.0
2022-10-04,2026,3.0
2022-10-05,2026,3.0
2022-10-06,2026,3.0
2022-10-07,2026,3.0606
2022-10-10,2026,3.14
2022-10-11,2026,3.0606
2022-10-13,2026,3.14
2022-10-14,2026,3.0412
2022-10-17,2026,3.0207
2022-10-18,2026,3.0
2022-10-19,2026,3.0001
2022-10-20,2026,3.0
2022-10-21,2026,3.0
2022-10-24,2026,3.0
2022-10-25,2026,3.0
2022-10-26,2026,3.0
2022-10-27,2026,3.0
2022-10-28,2026,3.0412
2022-10-31,2026,3.0207
2022-11-01,2026,3.0412
2022-11-03,2026,3.0001
2022-11-04,2026,3.0
2022-11-07,2026,3.0
2022-11-08,2026,3.0
2022-11-09,2026,3.0
2022-11-10,2026,3.0
2022-11-11,2026,3.0
2022-11-14,2026,3.0001
2022-11-16,2026,3.0001
2022-11-17,2026,3.0001
2022-11-18,2026,3.0
2022-11-21,2026,3.0001
2022-11-22,2026,3.0001
2022-11-23,2026,3.0001
2022-11-24,2026,3.0
2022-11-25,2026,3.0
2022-11-28,2026,3.0
2022-11-29,2026,3.0
2022-11-30,2026,3.0
2022-12-01,2026,3.0
2022-12-02,2026,3.0
2022-12-05,2026,3.0
2022-12-06,2026,3.0001
2022-12-07,2026,3.0
2022-12-08,2026,3.0
2022-12-09,2026,3.0768
2022-12-12,2026,3.0207
2022-12-13,2026,3.0207
2022-12-14,2026,3.0412
2022-12-15,2026,3.0412
2022-12-16,2026,3.2
2022-12-19,2026,3.25
2022-12-20,2026,3.25
2022-12-21,2026,3.25
2022-12-22,2026,3.25
2022-12-23,2026,3.0001
2022-12-26,2026,3.0001
2022-12-27,2026,3.0051
2022-12-28,2026,3.0412
2022-12-29,2026,3.225
2022-12-30,2026,3.5
2023-01-02,2026,3.5
2023-01-03,2026,3.25
2023-01-04,2026,3.25
2023-01-05,2026,3.2
2023-01-06,2026,3.22
2023-01-09,2026,3.245
2023-01-10,2026,3.245
2023-01-11,2026,3.2
2023-01-12,2026,3.0206
2023-01-13,2026,3.25
2023-01-16,2026,3.25
2023-01-17,2026,3.5
2023-01-18,2026,3.5
2023-01-19,2026,3.5
2023-01-20,2026,3.47
2023-01-23,2026,3.5
2023-01-24,2026,3.5
2023-01-25,2026,3.5
2023-01-26,2026,3.5
2023-01-27,2026,3.5
2023-01-30,2026,3.5
2023-01-31,2026,3.5
2023-02-01,2026,3.5
2023-02-02,2026,3.5
2023-02-03,2026,3.5
2023-02-06,2026,3.5
2023-02-07,2026,3.6
2023-02-08,2026,3.5
2023-02-09,2026,3.7
2023-02-10,2026,3.725
2023-02-13,2026,3.8
2023-02-14,2026,3.8
2023-02-15,2026,3.775
2023-02-16,2026,3.8
2023-02-17,2026,3.7
2023-02-22,2026,3.7
2023-02-23,2026,3.7
2023-02-24,2026,3.7
2023-02-27,2026,3.7
2023-02-28,2026,3.5
2023-03-01,2026,3.5
2023-03-02,2026,3.5
2023-03-03,2026,3.5
2023-03-06,2026,3.5
2023-03-07,2026,3.5
2023-03-08,2026,3.5
2023-03-09,2026,3.5
2023-03-10,2026,3.815
2023-03-13,2026,4.0
2023-03-14,2026,3.815
2023-03-15,2026,3.78
2023-03-16,2026,3.85
2023-03-17,2026,4.0
2023-03-20,2026,4.0
2023-03-21,2026,4.0
2023-03-22,2026,4.0
2023-03-23,2026,4.0
2023-03-24,2026,4.0
2023-03-27,2026,4.0
2023-03-28,2026,4.0
2023-03-29,2026,4.0
2023-03-30,2026,4.0
2023-03-31,2026,3.89
2023-04-03,2026,4.0
2023-04-04,2026,3.78
2023-04-05,2026,3.89
2023-04-06,2026,3.78
2023-04-10,2026,3.798
2023-04-11,2026,3.5
2023-04-12,2026,3.798
2023-04-13,2026,3.714
2023-04-14,2026,3.798
2023-04-17,2026,4.0
2023-04-18,2026,3.63
2023-04-19,2026,4.0
2023-04-20,2026,4.0
2023-04-24,2026,4.0
2023-04-25,2026,4.0
2023-04-26,2026,4.0
2023-04-27,2026,4.0
2023-04-28,2026,4.0
2023-05-02,2026,4.0
2023-05-03,2026,4.0
2023-05-04,2026,4.0
2023-05-05,2026,4.0
2023-05-08,2026,4.0
2023-05-09,2026,4.0
2023-05-10,2026,4.0
2023-05-11,2026,4.0
2023-05-12,2026,4.0
2023-05-15,2026,4.0
2023-05-16,2026,3.799
2023-05-17,2026,3.798
2023-05-18,2026,3.6
2023-05-19,2026,4.0
2023-05-22,2026,4.0
2023-05-23,2026,4.0
2023-05-24,2026,4.0
2023-05-25,2026,4.0
2023-05-26,2026,4.0
2023-05-29,2026,4.0
2023-05-30,2026,4.0
2023-05-31,2026,4.0
2023-06-01,2026,4.0
2023-06-02,2026,4.0
2023-06-05,2026,3.8423
2023-06-06,2026,3.9923
2023-06-07,2026,4.0
2023-06-09,2026,3.9
2023-06-12,2026,3.8
2023-06-13,2026,3.8
2023-06-14,2026,3.8
2023-06-15,2026,3.7
2023-06-16,2026,3.7235
2023-06-19,2026,3.7
2023-06-20,2026,3.7
2023-06-21,2026,3.7
2023-06-22,2026,3.7
2023-06-23,2026,3.6
2023-06-26,2026,3.6
2023-06-27,2026,3.6
2023-06-28,2026,3.6
2023-06-29,2026,3.6
2023-06-30,2026,3.5
2023-07-03,2026,3.5
2023-07-04,2026,3.5
2023-07-05,2026,3.5
2023-07-06,2026,3.5
2023-07-07,2026,3.5
2023-07-10,2026,3.5
2023-07-11,2026,3.5
2023-07-12,2026,3.5
2023-07-13,2026,3.5
2023-07-14,2026,3.5
2023-07-17,2026,3.5
2023-07-18,2026,3.5
2023-07-19,2026,3.5
2023-07-20,2026,3.5
2023-07-21,2026,3.5
2023-07-24,2026,3.5
2023-07-25,2026,3.5
2023-07-26,2026,3.5
2023-07-27,2026,3.5
2023-07-28,2026,3.5
2023-07-31,2026,3.5
2023-08-01,2026,3.5
2023-08-02,2026,3.5
2023-08-03,2026,3.5
2023-08-04,2026,3.55
2023-08-07,2026,3.5
2023-08-08,2026,3.5
2023-08-09,2026,3.5
2023-08-10,2026,3.5
2023-08-11,2026,3.5
2023-08-14,2026,3.5
2023-08-15,2026,3.5
2023-08-16,2026,3.5
2023-08-17,2026,3.5
2023-08-18,2026,3.5
2023-08-21,2026,3.5
2023-08-22,2026,3.5
2023-08-23,2026,3.5
2023-08-24,2026,3.5
2023-08-25,2026,3.5
2023-08-28,2026,3.4271
2023-08-29,2026,3.5
2023-08-30,2026,3.5
2023-08-31,2026,3.5
2023-09-01,2026,3.5
2023-09-04,2026,3.5
2023-09-05,2026,3.5
2023-09-06,2026,3.5
2023-09-08,2026,3.5
2023-09-11,2026,3.5
2023-09-12,2026,3.5
2023-09-13,2026,3.5
2023-09-14,2026,3.5
2023-09-15,2026,3.5
2023-09-18,2026,3.5
2023-09-19,2026,3.5
2023-09-20,2026,3.5
2023-09-21,2026,3.5
2023-09-22,2026,3.5
2023-09-25,2026,3.5
2023-09-26,2026,3.5
2023-09-27,2026,3.5
2023-09-28,2026,3.5
2023-09-29,2026,3.5
2023-10-02,2026,3.5
2023-10-03,2026,3.5
2023-10-04,2026,3.5
2023-10-05,2026,3.5
2023-10-06,2026,3.5
2023-10-09,2026,3.5
2023-10-10,2026,3.5
2023-10-11,2026,3.5
2023-10-13,2026,3.5
2023-10-16,2026,3.5
2023-10-17,2026,3.5
2023-10-18,2026,3.475
2023-10-19,2026,3.475
2023-10-20,2026,3.5
2023-10-23,2026,3.5
2023-10-24,2026,3.5
2023-10-25,2026,3.5
2023-10-26,2026,3.5
2023-10-27,2026,3.5
2023-10-30,2026,3.5
2023-10-31,2026,3.5
2023-11-01,2026,3.5
2023-11-03,2026,3.5
2023-11-06,2026,3.5
2023-11-07,2026,3.5
2023-11-08,2026,3.5
2023-11-09,2026,3.5
2023-11-10,2026,3.5
2023-11-13,2026,3.5
2023-11-14,2026,3.5
2023-11-16,2026,3.5
2023-11-17,2026,3.5
2023-11-20,2026,3.5
2023-11-21,2026,3.5
2023-11-22,2026,3.5
2023-11-23,2026,3.5
2023-11-24,2026,3.5
2023-11-27,2026,3.5
2023-11-28,2026,3.5
2023-11-29,2026,3.5
2023-11-30,2026,3.5
2023-12-01,2026,3.5
2023-12-04,2026,3.5
2023-12-05,2026,3.5
2023-12-06,2026,3.5
2023-12-07,2026,3.5
2023-12-08,2026,3.5
2023-12-11,2026,3.5
2023-12-12,2026,3.5
2023-12-13,2026,3.5
2023-12-14,2026,3.5
2023-12-15,2026,3.5
2023-12-18,2026,3.5
2023-12-19,2026,3.5
2023-12-20,2026,3.5
2023-12-21,2026,3.5
2023-12-22,2026,3.5
2023-12-26,2026,3.5
2023-12-27,2026,3.5
2023-12-28,2026,3.5
2023-12-29,2026,3.5
2024-01-02,2026,3.5
2024-01-03,2026,3.5
2024-01-04,2026,3.5
2024-01-05,2026,3.5
2024-01-08,2026,3.5
2024-01-09,2026,3.5
2024-01-10,2026,3.5
2024-01-11,2026,3.5
2024-01-12,2026,3.5
2024-01-15,2026,3.5
2024-01-16,2026,3.5
2024-01-17,2026,3.5
2024-01-18,2026,3.5
2024-01-19,2026,3.5
2024-01-22,2026,3.5
2024-01-23,2026,3.5
2024-01-24,2026,3.5
2024-01-25,2026,3.5
2024-01-26,2026,3.5
2024-01-29,2026,3.5
2024-01-30,2026,3.5
2024-01-31,2026,3.5
2024-02-01,2026,3.5
2024-02-02,2026,3.44
2024-02-05,2026,3.45
2024-02-06,2026,3.4
2024-02-07,2026,3.45
2024-02-08,2026,3.5
2024-02-09,2026,3.5
2024-02-14,2026,3.5
2024-02-15,2026,3.5
2024-02-16,2026,3.5
2024-02-19,2026,3.5
2024-02-20,2026,3.5
2024-02-21,2026,3.5
2024-02-22,2026,3.5
2024-02-23,2026,3.5
2024-02-26,2026,3.5
2024-02-27,2026,3.5
2024-02-28,2026,3.5
2024-02-29,2026,3.5
2024-03-01,2026,3.5
2024-03-04,2026,3.5
2024-03-05,2026,3.5
2024-03-06,2026,3.5
2024-03-07,2026,3.5
2024-03-08,2026,3.5
2024-03-11,2026,3.5
2024-03-12,2026,3.5
2024-03-13,2026,3.5
2024-03-14,2026,3.5
2024-03-15,2026,3.5
2024-03-18,2026,3.5
2024-03-19,2026,3.5
2024-03-20,2026,3.5
2024-03-21,2026,3.5
2024-03-22,2026,3.5
2024-03-25,2026,3.5
2024-03-26,2026,3.5
2024-03-27,2026,3.5
2024-03-28,2026,3.5
2024-04-01,2026,3.5
2024-04-02,2026,3.5
2024-04-03,2026,3.5
2024-04-04,2026,3.5
2024-04-05,2026,3.5
2024-04-08,2026,3.5
2024-04-09,2026,3.5
2024-04-10,2026,3.5
2024-04-11,2026,3.5
2024-04-12,2026,3.5
2024-04-15,2026,3.5
2024-04-16,2026,3.5
2024-04-17,2026,3.5
2024-04-18,2026,3.5
2024-04-19,2026,3.5
2024-04-22,2026,3.5
2024-04-23,2026,3.5
2024-04-24,2026,3.5
2024-04-25,2026,3.5
2024-04-26,2026,3.5
2024-04-29,2026,3.5
2024-04-30,2026,3.5
2024-05-02,2026,3.5
2024-05-03,2026,3.5
2024-05-06,2026,3.5
2024-05-07,2026,3.5
2024-05-08,2026,3.5
2024-05-09,2026,3.5
2024-05-10,2026,3.605
2024-05-13,2026,3.61
2024-05-14,2026,3.61
2024-05-15,2026,3.5752
2024-05-16,2026,3.5
2024-05-17,2026,3.5
2024-05-20,2026,3.5
2024-05-21,2026,3.5
2024-05-22,2026,3.515
2024-05-23,2026,3.6
2024-05-24,2026,3.6
2024-05-27,2026,3.6
2024-05-28,2026,3.6
2024-05-29,2026,3.59
2024-05-31,2026,3.55
2024-06-03,2026,3.5328
2024-06-04,2026,3.555
2024-06-05,2026,3.5775
2024-06-06,2026,3.6
2024-06-07,2026,3.6
2024-06-10,2026,3.6
2024-06-11,2026,3.5251
2024-06-12,2026,3.5001
2024-06-13,2026,3.5
2024-06-14,2026,3.605
2024-06-17,2026,3.64
2024-06-18,2026,3.7
2024-06-19,2026,3.7
2024-06-20,2026,3.694
2024-06-21,2026,3.6527
2024-06-24,2026,3.64
2024-06-25,2026,3.61
2024-06-26,2026,3.605
2024-06-27,2026,3.625
2024-06-28,2026,3.615
2024-07-01,2026,3.605
2024-07-02,2026,3.605
2024-07-03,2026,3.61
2024-07-04,2026,3.6
2024-07-05,2026,3.5
2024-07-08,2026,3.55
2024-07-09,2026,3.5
2024-07-10,2026,3.5
2024-07-11,2026,3.55
2024-07-12,2026,3.5
2024-07-15,2026,3.5
2024-07-16,2026,3.5
2024-07-17,2026,3.5
2024-07-18,2026,3.5
2024-07-19,2026,3.6521
2024-07-22,2026,3.7
2024-07-23,2026,3.6761
2024-07-24,2026,3.6461
2024-07-25,2026,3.61
2024-07-26,2026,3.6
2024-07-29,2026,3.6
2024-07-30,2026,3.6
2024-07-31,2026,3.605
2024-08-01,2026,3.67
2024-08-02,2026,3.6
2024-08-05,2026,3.59
2024-08-06,2026,3.59
2024-08-07,2026,3.545
2024-08-08,2026,3.5
2024-08-09,2026,3.5
2024-08-12,2026,3.595
2024-08-13,2026,3.6
2024-08-14,2026,3.6
2024-08-15,2026,3.565
2024-08-16,2026,3.55
2024-08-19,2026,3.5
2024-08-20,2026,3.5
2024-08-21,2026,3.5
2024-08-22,2026,3.515
2024-08-23,2026,3.685
2024-08-26,2026,3.685
2024-08-27,2026,3.685
2024-08-28,2026,3.6506
2024-08-29,2026,3.6
2024-08-30,2026,3.5
2024-09-02,2026,3.5
2024-09-03,2026,3.5
2024-09-04,2026,3.5
2024-09-05,2026,3.59
2024-09-06,2026,3.7
2024-09-09,2026,3.675
2024-09-10,2026,3.6
2024-09-11,2026,3.6
2024-09-12,2026,3.6
2024-09-13,2026,3.6
2024-09-16,2026,3.61
2024-09-17,2026,3.7
2024-09-18,2026,3.7
2024-09-19,2026,3.66
2024-09-20,2026,3.7
2024-09-23,2026,3.7
2024-09-24,2026,3.7
2024-09-25,2026,3.7
2024-09-26,2026,3.6
2024-09-27,2026,3.5
2024-09-30,2026,3.5
2024-10-01,2026,3.5
2024-10-02,2026,3.5
2024-10-03,2026,3.5
2024-10-04,2026,3.53
2024-10-07,2026,3.565
2024-10-08,2026,3.53
2024-10-09,2026,3.5001
2024-10-10,2026,3.5151
2024-10-11,2026,3.6
2024-10-14,2026,3.6
2024-10-15,2026,3.6
2024-10-16,2026,3.6
2024-10-17,2026,3.675
2024-10-18,2026,3.7
2024-10-21,2026,3.69
2024-10-22,2026,3.69
2024-10-23,2026,3.61
2024-10-24,2026,3.6
2024-10-25,2026,3.6
2024-10-28,2026,3.6
2024-10-29,2026,3.6
2024-10-30,2026,3.52
2024-10-31,2026,3.534
2024-11-01,2026,3.605
2024-11-04,2026,3.61
2024-11-05,2026,3.61
2024-11-06,2026,3.645
2024-11-07,2026,3.74
2024-11-08,2026,3.7
2024-11-11,2026,3.7
2024-11-12,2026,3.72
2024-11-13,2026,3.77
2024-11-14,2026,3.7
2024-11-18,2026,3.7
2024-11-19,2026,3.7104
2024-11-21,2026,3.8
2024-11-22,2026,3.8276
2024-11-25,2026,3.9
2024-11-26,2026,3.84
2024-11-27,2026,3.84
2024-11-28,2026,3.8152
2024-11-29,2026,3.8
2024-12-02,2026,3.8
2024-12-03,2026,3.8
2024-12-04,2026,3.99
2024-12-05,2026,3.925
2024-12-06,2026,4.0
2024-12-09,2026,4.0
2024-12-10,2026,4.0
2024-12-11,2026,4.0
2024-12-12,2026,4.0
2024-12-13,2026,4.0
2024-12-16,2026,4.0
2024-12-17,2026,4.0
2024-12-18,2026,4.0
2024-12-19,2026,4.0
2024-12-20,2026,4.11
2024-12-23,2026,4.1557
2024-12-24,2026,4.1379
2024-12-26,2026,4.1379
2024-12-27,2026,4.09
2024-12-30,2026,4.0
2024-12-31,2026,4.0
2025-01-02,2026,4.0
2025-01-03,2026,4.0
2025-01-06,2026,3.807
2025-01-07,2026,3.8
2025-01-08,2026,3.8
2025-01-09,2026,3.8
2025-01-10,2026,4.0
2025-01-13,2026,4.0
2025-01-14,2026,4.0215
2025-01-15,2026,4.05
2025-01-16,2026,4.075
2025-01-17,2026,4.1
2025-01-20,2026,4.03
2025-01-21,2026,4.03
2025-01-22,2026,4.0252
2025-01-23,2026,4.0294
2025-01-24,2026,4.2601
2025-01-27,2026,4.3
2025-01-28,2026,4.3
2025-01-29,2026,4.3215
2025-01-30,2026,4.3793
2025-01-31,2026,4.28
2025-02-03,2026,4.229
2025-02-04,2026,4.2318
2025-02-05,2026,4.2318
2025-02-06,2026,4.2345
2025-02-07,2026,4.2316
2025-02-10,2026,4.229
2025-02-11,2026,4.2362
2025-02-12,2026,4.2341
2025-02-13,2026,4.2362
2025-02-14,2026,4.23
2025-02-17,2026,4.2186
2025-02-18,2026,4.1974
2025-02-19,2026,4.1879
2025-02-20,2026,4.2295
2025-02-21,2026,4.3637
2025-02-24,2026,4.3844
2025-02-25,2026,4.3005
2025-02-26,2026,4.3844
2025-02-27,2026,4.3922
2025-02-28,2026,4.4
2025-03-05,2026,4.3005
2025-03-06,2026,4.4
2025-03-07,2026,4.2447
2025-03-10,2026,4.3009
2025-03-11,2026,4.3922
2025-03-12,2026,4.45
2025-03-13,2026,4.405
2025-03-14,2026,4.4989
2025-03-17,2026,4.4992
2025-03-18,2026,4.4996
2025-03-19,2026,4.4991
2025-03-20,2026,4.5
2025-03-21,2026,4.5
2025-03-24,2026,4.5
2025-03-25,2026,4.5
2025-03-26,2026,4.5
2025-03-27,2026,4.502
2025-03-28,2026,4.5
2025-03-31,2026,4.5
2025-04-01,2026,4.5
2025-04-02,2026,4.5
2025-04-03,2026,4.4979
2025-04-04,2026,4.42
2025-04-07,2026,4.4
2025-04-08,2026,4.4841
2025-04-09,2026,4.4781
2025-04-10,2026,4.4841
2025-04-11,2026,4.5
2025-04-14,2026,4.5101
2025-04-15,2026,4.5039
2025-04-16,2026,4.5936
2025-04-17,2026,4.5413
2025-04-22,2026,4.5
2025-04-23,2026,4.5
2025-04-24,2026,4.5
2025-04-25,2026,4.5
2025-04-28,2026,4.4682
2025-04-29,2026,4.4993
2025-04-30,2026,4.5
2025-05-02,2026,4.5197
2025-05-05,2026,4.53
2025-05-06,2026,4.53
2025-05-07,2026,4.5402
2025-05-08,2026,4.5252
2025-05-09,2026,4.5
2025-05-12,2026,4.4842
2025-05-13,2026,4.4649
2025-05-14,2026,4.4649
2025-05-15,2026,4.4649
2025-05-16,2026,4.5
2025-05-19,2026,4.5
2025-05-20,2026,4.5504
2025-05-21,2026,4.5
2025-05-22,2026,4.4997
2025-05-23,2026,4.52
2025-05-26,2026,4.5204
2025-05-27,2026,4.5204
2025-05-28,2026,4.5204
2025-05-29,2026,4.5242
2025-05-30,2026,4.5
2025-06-02,2026,4.476
2025-06-03,2026,4.4889
2025-06-04,2026,4.5
2025-06-05,2026,4.5
2025-06-06,2026,4.5
2025-06-09,2026,4.5
2025-06-10,2026,4.5
2025-06-11,2026,4.5
2025-06-12,2026,4.5
2025-06-13,2026,4.5
2025-06-16,2026,4.5
2025-06-17,2026,4.51
2025-06-18,2026,4.51
2025-06-20,2026,4.52
2025-06-23,2026,4.5
2025-06-24,2026,4.5
2025-06-25,2026,4.5
2025-06-26,2026,4.5
2025-06-27,2026,4.4897
2025-06-30,2026,4.4859
2025-07-01,2026,4.4801
2025-07-02,2026,4.4676
2025-07-03,2026,4.4821
2025-07-04,2026,4.472
2025-07-07,2026,4.472
2025-07-08,2026,4.4683
2025-07-09,2026,4.4779
2025-07-10,2026,4.472
2025-07-11,2026,4.485
2025-07-14,2026,4.5
2025-07-15,2026,4.5
2025-07-16,2026,4.4987
2025-07-17,2026,4.4993
2025-07-18,2026,4.4465
2025-07-21,2026,4.4465
2025-07-22,2026,4.4465
2025-07-23,2026,4.4465
2025-07-24,2026,4.4103
2025-07-25,2026,4.4467
2025-07-28,2026,4.4465
2025-07-29,2026,4.4465
2025-07-30,2026,4.4467
2025-07-31,2026,4.4573
2025-08-01,2026,4.3938
2025-08-04,2026,4.43
2025-08-05,2026,4.4383
2025-08-06,2026,4.43
2025-08-07,2026,4.42
2025-08-08,2026,4.3536
2025-08-11,2026,4.34
2025-08-12,2026,4.3531
2025-08-13,2026,4.3846
2025-08-14,2026,4.3536
2025-08-15,2026,4.4
2025-08-18,2026,4.405
2025-08-19,2026,4.4
2025-08-20,2026,4.4147
2025-08-21,2026,4.4074
2025-08-22,2026,4.3201
2025-08-25,2026,4.3
2025-08-26,2026,4.3019
2025-08-27,2026,4.3
2025-08-28,2026,4.3
2025-08-29,2026,4.23
2025-09-01,2026,4.25
2025-09-02,2026,4.2383
2025-09-03,2026,4.25
2025-09-04,2026,4.2792
2025-09-05,2026,4.2792
2025-09-08,2026,4.2851
2025-09-09,2026,4.2851
2025-09-10,2026,4.2851
2025-09-11,2026,4.3
2025-09-12,2026,4.3
2025-09-15,2026,4.3
2025-09-16,2026,4.3
2025-09-17,2026,4.3
2025-09-18,2026,4.3
2025-09-19,2026,4.2705
2025-09-22,2026,4.2749
2025-09-23,2026,4.2703
2025-09-24,2026,4.2749
2025-09-25,2026,4.265
2025-09-26,2026,4.2648
2025-09-29,2026,4.276
2025-09-30,2026,4.2806
2025-10-01,2026,4.2707
2025-10-02,2026,4.2654
2025-10-03,2026,4.3
2025-10-06,2026,4.2713
2025-10-07,2026,4.2796
2025-10-08,2026,4.2792
2025-10-09,2026,4.26
2025-10-10,2026,4.2043
2025-10-13,2026,4.2383
2025-10-14,2026,4.23
2025-10-15,2026,4.2383
2025-10-16,2026,4.24
2025-10-17,2026,4.2751
2025-10-20,2026,4.2348
2025-10-21,2026,4.225
2025-10-22,2026,4.225
2025-10-23,2026,4.24
2025-10-24,2026,4.2
2025-10-27,2026,4.2
2025-10-28,2026,4.2
2025-10-29,2026,4.2
2025-10-30,2026,4.2
2025-10-31,2026,4.1975
2025-11-03,2026,4.1975
2025-11-04,2026,4.1988
2025-11-05,2026,4.2
2025-11-06,2026,4.2
2025-11-07,2026,4.2
2025-11-10,2026,4.2
2025-11-11,2026,4.2
2025-11-12,2026,4.1977
2025-11-13,2026,4.1989
2025-11-14,2026,4.1889
2025-11-17,2026,4.1779
2025-11-18,2026,4.1711
2025-11-19,2026,4.1663
2025-11-21,2026,4.1663
2025-11-24,2026,4.167
2025-11-25,2026,4.167
2025-11-26,2026,4.1697
2025-11-27,2026,4.167
2025-11-28,2026,4.1175
2025-12-01,2026,4.088
2025-12-02,2026,4.05
2025-12-03,2026,4.0928
2025-12-04,2026,4.1
2025-12-05,2026,4.1
2025-12-08,2026,4.1189
2025-12-09,2026,4.1
2025-12-10,2026,4.0938
2025-12-11,2026,4.1
2025-12-12,2026,4.0575
2025-12-15,2026,4.0108
2025-12-16,2026,4.0575
2025-12-17,2026,4.0732
2025-12-18,2026,4.04
2025-12-19,2026,4.0732
2025-12-22,2026,4.0843
2025-12-23,2026,4.0788
2025-12-24,2026,4.0788
2025-12-26,2026,4.0574
2025-12-29,2026,3.9898
2025-12-30,2026,3.9898
2025-12-31,2026,3.9929
2026-01-02,2026,3.9929
2026-01-05,2026,4.0207
2026-01-06,2026,4.0006
2026-01-07,2026,3.9902
2026-01-08,2026,3.9958
2026-01-09,2026,4.0
2026-01-12,2026,4.0006
2026-01-13,2026,3.9952
2026-01-14,2026,4.0
2026-01-15,2026,4.0
2026-01-16,2026,4.0212
2026-01-19,2026,4.0
2026-01-20,2026,4.0
2026-01-21,2026,3.995
2026-01-22,2026,3.985
2026-01-23,2026,3.9899
2026-01-26,2026,3.9906
2026-01-27,2026,3.9906
2026-01-28,2026,3.9899
2026-01-29,2026,3.9906
2026-01-30,2026,3.9019
2026-02-02,2026,3.9175
2026-02-03,2026,3.9026
2026-02-04,2026,3.9363
2026-02-05,2026,3.9376
2026-02-06,2026,3.9573
2026-02-09,2026,3.9494
2026-02-10,2026,3.934
2026-02-11,2026,3.9238
2026-02-12,2026,3.9182
2026-02-13,2026,3.9179
2026-02-18,2026,3.9071
2026-02-19,2026,3.8965
2026-02-20,2026,3.8766
2026-02-23,2026,3.8864
2026-02-24,2026,3.8764
2026-02-25,2026,3.876
2026-02-26,2026,3.873
2026-02-27,2026,3.9124
2026-03-02,2026,3.9062
2026-03-03,2026,3.9062
2026-03-04,2026,3.91
2026-03-05,2026,3.9213
2026-03-06,2026,3.9247
2026-03-09,2026,3.9379
2026-03-10,2026,3.9379
2026-03-11,2026,3.9379
2026-03-12,2026,4.0054
2026-03-13,2026,4.1196
2026-03-16,2026,4.1248
2026-03-17,2026,4.1245
2026-03-18,2026,4.1248
2026-03-19,2026,4.1398
2026-03-20,2026,4.2074
2026-03-23,2026,4.2256
2026-03-24,2026,4.2164
2026-03-25,2026,4.2164
2026-03-26,2026,4.2398
2026-03-27,2026,4.4671
2026-03-30,2026,4.4671
2026-03-31,2026,4.4768
2026-04-01,2026,4.4962
2026-04-02,2026,4.5
2023-01-10,2027,3.25
2023-01-11,2027,3.0
2023-01-12,2027,3.0
2023-01-13,2027,3.0
2023-01-16,2027,3.0
2023-01-17,2027,3.0001
2023-01-18,2027,3.0412
2023-01-19,2027,3.455
2023-01-20,2027,3.25
2023-01-23,2027,3.5
2023-01-24,2027,3.5
2023-01-25,2027,3.5
2023-01-26,2027,3.5
2023-01-27,2027,3.5
2023-01-30,2027,3.5
2023-01-31,2027,3.5
2023-02-01,2027,3.5
2023-02-02,2027,3.5
2023-02-03,2027,4.0
2023-02-06,2027,3.97
2023-02-07,2027,3.97
2023-02-08,2027,3.7
2023-02-09,2027,3.97
2023-02-10,2027,3.8
2023-02-13,2027,4.0
2023-02-14,2027,3.9
2023-02-15,2027,3.8
2023-02-16,2027,3.9
2023-02-17,2027,4.0
2023-02-22,2027,4.0
2023-02-23,2027,4.0
2023-02-24,2027,4.0
2023-02-27,2027,3.9
2023-02-28,2027,3.5
2023-03-01,2027,3.65
2023-03-02,2027,3.5
2023-03-03,2027,3.5
2023-03-06,2027,3.5
2023-03-07,2027,3.8
2023-03-08,2027,3.5
2023-03-09,2027,3.5
2023-03-10,2027,3.925
2023-03-13,2027,4.0
2023-03-14,2027,3.9191
2023-03-15,2027,3.775
2023-03-16,2027,3.725
2023-03-17,2027,4.0
2023-03-20,2027,4.0
2023-03-21,2027,4.0
2023-03-22,2027,4.0
2023-03-23,2027,4.0
2023-03-24,2027,4.0
2023-03-27,2027,4.0
2023-03-28,2027,4.0
2023-03-29,2027,4.0
2023-03-30,2027,4.0
2023-03-31,2027,4.0
2023-04-03,2027,4.0
2023-04-04,2027,4.0
2023-04-05,2027,4.0
2023-04-06,2027,4.0
2023-04-10,2027,4.0
2023-04-11,2027,4.0
2023-04-12,2027,4.0
2023-04-13,2027,4.0
2023-04-14,2027,4.0
2023-04-17,2027,4.0
2023-04-18,2027,4.0
2023-04-19,2027,4.0
2023-04-20,2027,4.0
2023-04-24,2027,4.0
2023-04-25,2027,4.0
2023-04-26,2027,4.0
2023-04-27,2027,4.0
2023-04-28,2027,4.0
2023-05-02,2027,4.0
2023-05-03,2027,4.0
2023-05-04,2027,4.0
2023-05-05,2027,4.0
2023-05-08,2027,4.0
2023-05-09,2027,4.0
2023-05-10,2027,4.0
2023-05-11,2027,4.0
2023-05-12,2027,4.0
2023-05-15,2027,4.0
2023-05-16,2027,3.8
2023-05-17,2027,3.8
2023-05-18,2027,3.6
2023-05-19,2027,4.0
2023-05-22,2027,4.0
2023-05-23,2027,4.0
2023-05-24,2027,4.0
2023-05-25,2027,4.0
2023-05-26,2027,4.0
2023-05-29,2027,4.0
2023-05-30,2027,4.0
2023-05-31,2027,4.0
2023-06-01,2027,4.0
2023-06-02,2027,4.0
2023-06-05,2027,3.7
2023-06-06,2027,3.8
2023-06-07,2027,4.0
2023-06-09,2027,3.8
2023-06-12,2027,3.8
2023-06-13,2027,3.8
2023-06-14,2027,3.8
2023-06-15,2027,3.7
2023-06-16,2027,3.7
2023-06-19,2027,3.7
2023-06-20,2027,3.65
2023-06-21,2027,3.65
2023-06-22,2027,3.7
2023-06-23,2027,3.51
2023-06-26,2027,3.5
2023-06-27,2027,3.505
2023-06-28,2027,3.51
2023-06-29,2027,3.51
2023-06-30,2027,3.5
2023-07-03,2027,3.5
2023-07-04,2027,3.5
2023-07-05,2027,3.5
2023-07-06,2027,3.5
2023-07-07,2027,3.5
2023-07-10,2027,3.5
2023-07-11,2027,3.5
2023-07-12,2027,3.5
2023-07-13,2027,3.5
2023-07-14,2027,3.5
2023-07-17,2027,3.5
2023-07-18,2027,3.25
2023-07-19,2027,3.5
2023-07-20,2027,3.5
2023-07-21,2027,3.5
2023-07-24,2027,3.5
2023-07-25,2027,3.5
2023-07-26,2027,3.5
2023-07-27,2027,3.5
2023-07-28,2027,3.5
2023-07-31,2027,3.5
2023-08-01,2027,3.5
2023-08-02,2027,3.5
2023-08-03,2027,3.5
2023-08-04,2027,3.5
2023-08-07,2027,3.5
2023-08-08,2027,3.5
2023-08-09,2027,3.5
2023-08-10,2027,3.5
2023-08-11,2027,3.5
2023-08-14,2027,3.5
2023-08-15,2027,3.5
2023-08-16,2027,3.5
2023-08-17,2027,3.5
2023-08-18,2027,3.5
2023-08-21,2027,3.5
2023-08-22,2027,3.5
2023-08-23,2027,3.5
2023-08-24,2027,3.5
2023-08-25,2027,3.5
2023-08-28,2027,3.5
2023-08-29,2027,3.5
2023-08-30,2027,3.5
2023-08-31,2027,3.5
2023-09-01,2027,3.5
2023-09-04,2027,3.5
2023-09-05,2027,3.5
2023-09-06,2027,3.5
2023-09-08,2027,3.5
2023-09-11,2027,3.5
2023-09-12,2027,3.5
2023-09-13,2027,3.5
2023-09-14,2027,3.5
2023-09-15,2027,3.5
2023-09-18,2027,3.5
2023-09-19,2027,3.5
2023-09-20,2027,3.5
2023-09-21,2027,3.5
2023-09-22,2027,3.5
2023-09-25,2027,3.5
2023-09-26,2027,3.5
2023-09-27,2027,3.5
2023-09-28,2027,3.5
2023-09-29,2027,3.5
2023-10-02,2027,3.5
2023-10-03,2027,3.5
2023-10-04,2027,3.5
2023-10-05,2027,3.5
2023-10-06,2027,3.5
2023-10-09,2027,3.5
2023-10-10,2027,3.5
2023-10-11,2027,3.5
2023-10-13,2027,3.5
2023-10-16,2027,3.5
2023-10-17,2027,3.41
2023-10-18,2027,3.4
2023-10-19,2027,3.5
2023-10-20,2027,3.5
2023-10-23,2027,3.5
2023-10-24,2027,3.5
2023-10-25,2027,3.5
2023-10-26,2027,3.5
2023-10-27,2027,3.5
2023-10-30,2027,3.5
2023-10-31,2027,3.5
2023-11-01,2027,3.5
2023-11-03,2027,3.5
2023-11-06,2027,3.5
2023-11-07,2027,3.5
2023-11-08,2027,3.5
2023-11-09,2027,3.5
2023-11-10,2027,3.5
2023-11-13,2027,3.5
2023-11-14,2027,3.5
2023-11-16,2027,3.5
2023-11-17,2027,3.5
2023-11-20,2027,3.5
2023-11-21,2027,3.5
2023-11-22,2027,3.5
2023-11-23,2027,3.5
2023-11-24,2027,3.5
2023-11-27,2027,3.5
2023-11-28,2027,3.5
2023-11-29,2027,3.5
2023-11-30,2027,3.5
2023-12-01,2027,3.5
2023-12-04,2027,3.5
2023-12-05,2027,3.5
2023-12-06,2027,3.5
2023-12-07,2027,3.5
2023-12-08,2027,3.5
2023-12-11,2027,3.5
2023-12-12,2027,3.5
2023-12-13,2027,3.5
2023-12-14,2027,3.5
2023-12-15,2027,3.5
2023-12-18,2027,3.5
2023-12-19,2027,3.5
2023-12-20,2027,3.5
2023-12-21,2027,3.5
2023-12-22,2027,3.5
2023-12-26,2027,3.5
2023-12-27,2027,3.5
2023-12-28,2027,3.5
2023-12-29,2027,3.5
2024-01-02,2027,3.5
2024-01-03,2027,3.5
2024-01-04,2027,3.5
2024-01-05,2027,3.5
2024-01-08,2027,3.5
2024-01-09,2027,3.5
2024-01-10,2027,3.5
2024-01-11,2027,3.5
2024-01-12,2027,3.5
2024-01-15,2027,3.5
2024-01-16,2027,3.5
2024-01-17,2027,3.5
2024-01-18,2027,3.5
2024-01-19,2027,3.5
2024-01-22,2027,3.5
2024-01-23,2027,3.5
2024-01-24,2027,3.5
2024-01-25,2027,3.5
2024-01-26,2027,3.5
2024-01-29,2027,3.5
2024-01-30,2027,3.5
2024-01-31,2027,3.5
2024-02-01,2027,3.5
2024-02-02,2027,3.4
2024-02-05,2027,3.4
2024-02-06,2027,3.4
2024-02-07,2027,3.4
2024-02-08,2027,3.43
2024-02-09,2027,3.5
2024-02-14,2027,3.5
2024-02-15,2027,3.5
2024-02-16,2027,3.5
2024-02-19,2027,3.5
2024-02-20,2027,3.5
2024-02-21,2027,3.5
2024-02-22,2027,3.5
2024-02-23,2027,3.5
2024-02-26,2027,3.43
2024-02-27,2027,3.4073
2024-02-28,2027,3.4
2024-02-29,2027,3.4
2024-03-01,2027,3.5
2024-03-04,2027,3.5
2024-03-05,2027,3.5
2024-03-06,2027,3.5
2024-03-07,2027,3.5
2024-03-08,2027,3.5
2024-03-11,2027,3.5
2024-03-12,2027,3.43
2024-03-13,2027,3.43
2024-03-14,2027,3.4187
2024-03-15,2027,3.5
2024-03-18,2027,3.5
2024-03-19,2027,3.5
2024-03-20,2027,3.5
2024-03-21,2027,3.5
2024-03-22,2027,3.5
2024-03-25,2027,3.5
2024-03-26,2027,3.5
2024-03-27,2027,3.5
2024-03-28,2027,3.5
2024-04-01,2027,3.5
2024-04-02,2027,3.5
2024-04-03,2027,3.5
2024-04-04,2027,3.5
2024-04-05,2027,3.5
2024-04-08,2027,3.4657
2024-04-09,2027,3.5
2024-04-10,2027,3.5
2024-04-11,2027,3.5
2024-04-12,2027,3.5
2024-04-15,2027,3.5
2024-04-16,2027,3.5
2024-04-17,2027,3.5
2024-04-18,2027,3.5
2024-04-19,2027,3.5
2024-04-22,2027,3.5
2024-04-23,2027,3.5
2024-04-24,2027,3.5
2024-04-25,2027,3.5
2024-04-26,2027,3.5
2024-04-29,2027,3.5
2024-04-30,2027,3.5
2024-05-02,2027,3.5
2024-05-03,2027,3.5
2024-05-06,2027,3.5
2024-05-07,2027,3.5
2024-05-08,2027,3.5
2024-05-09,2027,3.5
2024-05-10,2027,3.5
2024-05-13,2027,3.5
2024-05-14,2027,3.5
2024-05-15,2027,3.5
2024-05-16,2027,3.5
2024-05-17,2027,3.5
2024-05-20,2027,3.5
2024-05-21,2027,3.5
2024-05-22,2027,3.5
2024-05-23,2027,3.5
2024-05-24,2027,3.5
2024-05-27,2027,3.5
2024-05-28,2027,3.5
2024-05-29,2027,3.5
2024-05-31,2027,3.5
2024-06-03,2027,3.5
2024-06-04,2027,3.5
2024-06-05,2027,3.5
2024-06-06,2027,3.5
2024-06-07,2027,3.5
2024-06-10,2027,3.5
2024-06-11,2027,3.5
2024-06-12,2027,3.5
2024-06-13,2027,3.5
2024-06-14,2027,3.5
2024-06-17,2027,3.5
2024-06-18,2027,3.5001
2024-06-19,2027,3.5051
2024-06-20,2027,3.5001
2024-06-21,2027,3.5001
2024-06-24,2027,3.5001
2024-06-25,2027,3.5
2024-06-26,2027,3.5
2024-06-27,2027,3.5
2024-06-28,2027,3.5
2024-07-01,2027,3.5
2024-07-02,2027,3.5
2024-07-03,2027,3.5
2024-07-04,2027,3.5
2024-07-05,2027,3.5
2024-07-08,2027,3.5
2024-07-09,2027,3.5
2024-07-10,2027,3.5
2024-07-11,2027,3.5
2024-07-12,2027,3.5
2024-07-15,2027,3.5
2024-07-16,2027,3.5
2024-07-17,2027,3.5
2024-07-18,2027,3.5
2024-07-19,2027,3.5
2024-07-22,2027,3.57
2024-07-23,2027,3.5
2024-07-24,2027,3.5
2024-07-25,2027,3.5
2024-07-26,2027,3.5
2024-07-29,2027,3.5
2024-07-30,2027,3.5
2024-07-31,2027,3.505
2024-08-01,2027,3.51
2024-08-02,2027,3.5
2024-08-05,2027,3.5
2024-08-06,2027,3.5
2024-08-07,2027,3.5
2024-08-08,2027,3.5
2024-08-09,2027,3.5
2024-08-12,2027,3.5
2024-08-13,2027,3.5
2024-08-14,2027,3.5
2024-08-15,2027,3.5
2024-08-16,2027,3.5
2024-08-19,2027,3.5
2024-08-20,2027,3.5
2024-08-21,2027,3.5
2024-08-22,2027,3.5
2024-08-23,2027,3.51
2024-08-26,2027,3.51
2024-08-27,2027,3.51
2024-08-28,2027,3.5001
2024-08-29,2027,3.5
2024-08-30,2027,3.5
2024-09-02,2027,3.5
2024-09-03,2027,3.5
2024-09-04,2027,3.5
2024-09-05,2027,3.5
2024-09-06,2027,3.605
2024-09-09,2027,3.505
2024-09-10,2027,3.5
2024-09-11,2027,3.5
2024-09-12,2027,3.5
2024-09-13,2027,3.5
2024-09-16,2027,3.5
2024-09-17,2027,3.5
2024-09-18,2027,3.5
2024-09-19,2027,3.5
2024-09-20,2027,3.5
2024-09-23,2027,3.5
2024-09-24,2027,3.5
2024-09-25,2027,3.5
2024-09-26,2027,3.5
2024-09-27,2027,3.5
2024-09-30,2027,3.5
2024-10-01,2027,3.5
2024-10-02,2027,3.5
2024-10-03,2027,3.5
2024-10-04,2027,3.5
2024-10-07,2027,3.5
2024-10-08,2027,3.5
2024-10-09,2027,3.5
2024-10-10,2027,3.5
2024-10-11,2027,3.5
2024-10-14,2027,3.5
2024-10-15,2027,3.5
2024-10-16,2027,3.5
2024-10-17,2027,3.5
2024-10-18,2027,3.5
2024-10-21,2027,3.5
2024-10-22,2027,3.5
2024-10-23,2027,3.5
2024-10-24,2027,3.5
2024-10-25,2027,3.5
2024-10-28,2027,3.5
2024-10-29,2027,3.5
2024-10-30,2027,3.5
2024-10-31,2027,3.5
2024-11-01,2027,3.5
2024-11-04,2027,3.5
2024-11-05,2027,3.5
2024-11-06,2027,3.5
2024-11-07,2027,3.5
2024-11-08,2027,3.6
2024-11-11,2027,3.5
2024-11-12,2027,3.55
2024-11-13,2027,3.6
2024-11-14,2027,3.55
2024-11-18,2027,3.5
2024-11-19,2027,3.52
2024-11-21,2027,3.575
2024-11-22,2027,3.535
2024-11-25,2027,3.535
2024-11-26,2027,3.515
2024-11-27,2027,3.515
2024-11-28,2027,3.535
2024-11-29,2027,3.51
2024-12-02,2027,3.52
2024-12-03,2027,3.55
2024-12-04,2027,3.695
2024-12-05,2027,3.7
2024-12-06,2027,3.7
2024-12-09,2027,3.695
2024-12-10,2027,3.69
2024-12-11,2027,3.695
2024-12-12,2027,3.69
2024-12-13,2027,3.69
2024-12-16,2027,3.69
2024-12-17,2027,3.75
2024-12-18,2027,3.69
2024-12-19,2027,3.6
2024-12-20,2027,4.0
2024-12-23,2027,4.0
2024-12-24,2027,4.0
2024-12-26,2027,4.0
2024-12-27,2027,4.0
2024-12-30,2027,3.76
2024-12-31,2027,3.73
2025-01-02,2027,3.7
2025-01-03,2027,3.69
2025-01-06,2027,3.655
2025-01-07,2027,3.5
2025-01-08,2027,3.5
2025-01-09,2027,3.5
2025-01-10,2027,3.505
2025-01-13,2027,3.555
2025-01-14,2027,3.65
2025-01-15,2027,3.9
2025-01-16,2027,3.8
2025-01-17,2027,3.9
2025-01-20,2027,3.9
2025-01-21,2027,3.9
2025-01-22,2027,3.78
2025-01-23,2027,3.9
2025-01-24,2027,3.9
2025-01-27,2027,3.95
2025-01-28,2027,3.95
2025-01-29,2027,4.0
2025-01-30,2027,4.0
2025-01-31,2027,3.95
2025-02-03,2027,3.9
2025-02-04,2027,3.9
2025-02-05,2027,3.9
2025-02-06,2027,3.9
2025-02-07,2027,3.8
2025-02-10,2027,3.8
2025-02-11,2027,3.9
2025-02-12,2027,3.9
2025-02-13,2027,3.9
2025-02-14,2027,4.0
2025-02-17,2027,3.925
2025-02-18,2027,3.9
2025-02-19,2027,3.9
2025-02-20,2027,4.0
2025-02-21,2027,4.0
2025-02-24,2027,4.0
2025-02-25,2027,4.0
2025-02-26,2027,4.0
2025-02-27,2027,4.0
2025-02-28,2027,3.95
2025-03-05,2027,3.85
2025-03-06,2027,3.95
2025-03-07,2027,3.75
2025-03-10,2027,3.9
2025-03-11,2027,4.0
2025-03-12,2027,4.0
2025-03-13,2027,4.0
2025-03-14,2027,4.0
2025-03-17,2027,4.0
2025-03-18,2027,4.0
2025-03-19,2027,4.0
2025-03-20,2027,4.0
2025-03-21,2027,4.0
2025-03-24,2027,4.0
2025-03-25,2027,4.0
2025-03-26,2027,4.0
2025-03-27,2027,4.0
2025-03-28,2027,4.0
2025-03-31,2027,4.0
2025-04-01,2027,4.0
2025-04-02,2027,4.0
2025-04-03,2027,3.95
2025-04-04,2027,3.725
2025-04-07,2027,3.75
2025-04-08,2027,3.8
2025-04-09,2027,3.775
2025-04-10,2027,3.8
2025-04-11,2027,4.0
2025-04-14,2027,4.0
2025-04-15,2027,4.0
2025-04-16,2027,4.0
2025-04-17,2027,4.0
2025-04-22,2027,4.0
2025-04-23,2027,4.0
2025-04-24,2027,4.0
2025-04-25,2027,4.0
2025-04-28,2027,3.735
2025-04-29,2027,3.88
2025-04-30,2027,3.95
2025-05-02,2027,4.0
2025-05-05,2027,4.0
2025-05-06,2027,4.0
2025-05-07,2027,4.0
2025-05-08,2027,4.0
2025-05-09,2027,4.0
2025-05-12,2027,4.0
2025-05-13,2027,4.0
2025-05-14,2027,4.0
2025-05-15,2027,4.0
2025-05-16,2027,4.0
2025-05-19,2027,4.0
2025-05-20,2027,4.0
2025-05-21,2027,4.0
2025-05-22,2027,4.0
2025-05-23,2027,4.0
2025-05-26,2027,4.0
2025-05-27,2027,4.0
2025-05-28,2027,4.0
2025-05-29,2027,4.0
2025-05-30,2027,4.0
2025-06-02,2027,4.0
2025-06-03,2027,4.0
2025-06-04,2027,4.0
2025-06-05,2027,4.0
2025-06-06,2027,4.0
2025-06-09,2027,4.0
2025-06-10,2027,4.0
2025-06-11,2027,4.0
2025-06-12,2027,4.0
2025-06-13,2027,4.0
2025-06-16,2027,4.0
2025-06-17,2027,4.0
2025-06-18,2027,4.0
2025-06-20,2027,4.0
2025-06-23,2027,4.0
2025-06-24,2027,4.0
2025-06-25,2027,4.0
2025-06-26,2027,4.0
2025-06-27,2027,4.0
2025-06-30,2027,4.0
2025-07-01,2027,3.965
2025-07-02,2027,3.9
2025-07-03,2027,3.915
2025-07-04,2027,3.9
2025-07-07,2027,3.965
2025-07-08,2027,4.0
2025-07-09,2027,3.965
2025-07-10,2027,4.0
2025-07-11,2027,4.0
2025-07-14,2027,4.0
2025-07-15,2027,4.0
2025-07-16,2027,4.0
2025-07-17,2027,4.0
2025-07-18,2027,4.0
2025-07-21,2027,4.0
2025-07-22,2027,4.0
2025-07-23,2027,4.0
2025-07-24,2027,4.0
2025-07-25,2027,4.0
2025-07-28,2027,3.915
2025-07-29,2027,3.915
2025-07-30,2027,3.985
2025-07-31,2027,3.985
2025-08-01,2027,3.86
2025-08-04,2027,3.9588
2025-08-05,2027,3.9275
2025-08-06,2027,3.9249
2025-08-07,2027,3.82
2025-08-08,2027,3.7
2025-08-11,2027,3.7
2025-08-12,2027,3.9
2025-08-13,2027,3.93
2025-08-14,2027,3.915
2025-08-15,2027,3.925
2025-08-18,2027,3.9465
2025-08-19,2027,3.91
2025-08-20,2027,3.91
2025-08-21,2027,3.9652
2025-08-22,2027,3.94
2025-08-25,2027,3.915
2025-08-26,2027,3.915
2025-08-27,2027,3.9
2025-08-28,2027,3.84
2025-08-29,2027,3.81
2025-09-01,2027,3.8
2025-09-02,2027,3.8
2025-09-03,2027,3.8
2025-09-04,2027,3.81
2025-09-05,2027,3.8
2025-09-08,2027,3.83
2025-09-09,2027,3.87
2025-09-10,2027,3.9
2025-09-11,2027,3.915
2025-09-12,2027,3.945
2025-09-15,2027,3.94
2025-09-16,2027,3.93
2025-09-17,2027,3.94
2025-09-18,2027,3.91
2025-09-19,2027,3.9
2025-09-22,2027,3.83
2025-09-23,2027,3.825
2025-09-24,2027,3.865
2025-09-25,2027,3.9
2025-09-26,2027,3.865
2025-09-29,2027,3.9
2025-09-30,2027,3.92
2025-10-01,2027,3.9
2025-10-02,2027,3.86
2025-10-03,2027,3.82
2025-10-06,2027,3.82
2025-10-07,2027,3.82
2025-10-08,2027,3.82
2025-10-09,2027,3.8
2025-10-10,2027,3.8
2025-10-13,2027,3.8
2025-10-14,2027,3.8
2025-10-15,2027,3.8
2025-10-16,2027,3.825
2025-10-17,2027,3.92
2025-10-20,2027,3.9
2025-10-21,2027,3.9
2025-10-22,2027,3.9
2025-10-23,2027,3.9
2025-10-24,2027,3.8
2025-10-27,2027,3.8
2025-10-28,2027,3.8
2025-10-29,2027,3.8
2025-10-30,2027,3.8
2025-10-31,2027,3.8
2025-11-03,2027,3.8
2025-11-04,2027,3.8
2025-11-05,2027,3.8
2025-11-06,2027,3.8
2025-11-07,2027,3.8
2025-11-10,2027,3.8
2025-11-11,2027,3.8
2025-11-12,2027,3.8
2025-11-13,2027,3.8
2025-11-14,2027,3.71
2025-11-17,2027,3.7
2025-11-18,2027,3.7
2025-11-19,2027,3.7
2025-11-21,2027,3.8
2025-11-24,2027,3.8
2025-11-25,2027,3.8
2025-11-26,2027,3.8
2025-11-27,2027,3.8
2025-11-28,2027,3.7
2025-12-01,2027,3.675
2025-12-02,2027,3.6
2025-12-03,2027,3.625
2025-12-04,2027,3.7
2025-12-05,2027,3.75
2025-12-08,2027,3.77
2025-12-09,2027,3.785
2025-12-10,2027,3.76
2025-12-11,2027,3.8
2025-12-12,2027,3.8
2025-12-15,2027,3.775
2025-12-16,2027,3.8
2025-12-17,2027,3.7
2025-12-18,2027,3.725
2025-12-19,2027,3.8
2025-12-22,2027,3.8
2025-12-23,2027,3.8
2025-12-24,2027,3.8
2025-12-26,2027,3.8
2025-12-29,2027,3.8
2025-12-30,2027,3.7
2025-12-31,2027,3.65
2026-01-02,2027,3.69
2026-01-05,2027,3.8
2026-01-06,2027,3.69
2026-01-07,2027,3.8
2026-01-08,2027,3.8
2026-01-09,2027,3.8
2026-01-12,2027,3.8
2026-01-13,2027,3.8
2026-01-14,2027,3.8
2026-01-15,2027,3.8
2026-01-16,2027,3.8
2026-01-19,2027,3.8
2026-01-20,2027,3.8
2026-01-21,2027,3.8
2026-01-22,2027,3.8
2026-01-23,2027,3.8
2026-01-26,2027,3.8
2026-01-27,2027,3.8
2026-01-28,2027,3.8
2026-01-29,2027,3.8
2026-01-30,2027,3.6594
2026-02-02,2027,3.675
2026-02-03,2027,3.675
2026-02-04,2027,3.6966
2026-02-05,2027,3.72
2026-02-06,2027,3.8
2026-02-09,2027,3.7
2026-02-10,2027,3.7218
2026-02-11,2027,3.7191
2026-02-12,2027,3.7003
2026-02-13,2027,3.7024
2026-02-18,2027,3.75
2026-02-19,2027,3.7974
2026-02-20,2027,3.8
2026-02-23,2027,3.8
2026-02-24,2027,3.8
2026-02-25,2027,3.795
2026-02-26,2027,3.8
2026-02-27,2027,3.7363
2026-03-02,2027,3.76
2026-03-03,2027,3.76
2026-03-04,2027,3.7237
2026-03-05,2027,3.7363
2026-03-06,2027,3.8069
2026-03-09,2027,3.7696
2026-03-10,2027,3.7696
2026-03-11,2027,3.7696
2026-03-12,2027,3.7835
2026-03-13,2027,3.8
2026-03-16,2027,3.8
2026-03-17,2027,3.8019
2026-03-18,2027,3.8157
2026-03-19,2027,3.8019
2026-03-20,2027,3.8131
2026-03-23,2027,3.8
2026-03-24,2027,3.8262
2026-03-25,2027,3.8428
2026-03-26,2027,3.8464
2026-03-27,2027,3.9274
2026-03-30,2027,3.9588
2026-03-31,2027,3.9588
2026-04-01,2027,3.9483
2026-04-02,2027,3.9588
2024-01-11,2028,3.65
2024-01-12,2028,3.5
2024-01-15,2028,3.5
2024-01-16,2028,3.5
2024-01-17,2028,3.5
2024-01-18,2028,3.44
2024-01-19,2028,3.5
2024-01-22,2028,3.5
2024-01-23,2028,3.5
2024-01-24,2028,3.5
2024-01-25,2028,3.5
2024-01-26,2028,3.5
2024-01-29,2028,3.49
2024-01-30,2028,3.48
2024-01-31,2028,3.49
2024-02-01,2028,3.48
2024-02-02,2028,3.4
2024-02-05,2028,3.4
2024-02-06,2028,3.45
2024-02-07,2028,3.5
2024-02-08,2028,3.5
2024-02-09,2028,3.5
2024-02-14,2028,3.5
2024-02-15,2028,3.5
2024-02-16,2028,3.5
2024-02-19,2028,3.5
2024-02-20,2028,3.39
2024-02-21,2028,3.3899
2024-02-22,2028,3.39
2024-02-23,2028,3.5
2024-02-26,2028,3.5
2024-02-27,2028,3.45
2024-02-28,2028,3.45
2024-02-29,2028,3.4
2024-03-01,2028,3.5
2024-03-04,2028,3.5
2024-03-05,2028,3.5
2024-03-06,2028,3.5
2024-03-07,2028,3.5
2024-03-08,2028,3.45
2024-03-11,2028,3.39
2024-03-12,2028,3.32
2024-03-13,2028,3.39
2024-03-14,2028,3.32
2024-03-15,2028,3.5
2024-03-18,2028,3.475
2024-03-19,2028,3.5
2024-03-20,2028,3.5
2024-03-21,2028,3.5
2024-03-22,2028,3.45
2024-03-25,2028,3.43
2024-03-26,2028,3.4
2024-03-27,2028,3.39
2024-03-28,2028,3.3899
2024-04-01,2028,3.39
2024-04-02,2028,3.395
2024-04-03,2028,3.4
2024-04-04,2028,3.41
2024-04-05,2028,3.5
2024-04-08,2028,3.395
2024-04-09,2028,3.4
2024-04-10,2028,3.45
2024-04-11,2028,3.4
2024-04-12,2028,3.5
2024-04-15,2028,3.5
2024-04-16,2028,3.5
2024-04-17,2028,3.4
2024-04-18,2028,3.5
2024-04-19,2028,3.5
2024-04-22,2028,3.5
2024-04-23,2028,3.5
2024-04-24,2028,3.5
2024-04-25,2028,3.5
2024-04-26,2028,3.41
2024-04-29,2028,3.3899
2024-04-30,2028,3.4
2024-05-02,2028,3.395
2024-05-03,2028,3.41
2024-05-06,2028,3.42
2024-05-07,2028,3.5
2024-05-08,2028,3.5
2024-05-09,2028,3.5
2024-05-10,2028,3.5501
2024-05-13,2028,3.5001
2024-05-14,2028,3.6
2024-05-15,2028,3.5001
2024-05-16,2028,3.5
2024-05-17,2028,3.5
2024-05-20,2028,3.5
2024-05-21,2028,3.5
2024-05-22,2028,3.5
2024-05-23,2028,3.5
2024-05-24,2028,3.5
2024-05-27,2028,3.5
2024-05-28,2028,3.5
2024-05-29,2028,3.5
2024-05-31,2028,3.5
2024-06-03,2028,3.5
2024-06-04,2028,3.5
2024-06-05,2028,3.5
2024-06-06,2028,3.5
2024-06-07,2028,3.5
2024-06-10,2028,3.5
2024-06-11,2028,3.5
2024-06-12,2028,3.5
2024-06-13,2028,3.5
2024-06-14,2028,3.5
2024-06-17,2028,3.5
2024-06-18,2028,3.5
2024-06-19,2028,3.5
2024-06-20,2028,3.5
2024-06-21,2028,3.5
2024-06-24,2028,3.5
2024-06-25,2028,3.5
2024-06-26,2028,3.5
2024-06-27,2028,3.5
2024-06-28,2028,3.5
2024-07-01,2028,3.5
2024-07-02,2028,3.5
2024-07-03,2028,3.5
2024-07-04,2028,3.5
2024-07-05,2028,3.5
2024-07-08,2028,3.5
2024-07-09,2028,3.5
2024-07-10,2028,3.5
2024-07-11,2028,3.5
2024-07-12,2028,3.5
2024-07-15,2028,3.5
2024-07-16,2028,3.5
2024-07-17,2028,3.5
2024-07-18,2028,3.5
2024-07-19,2028,3.5
2024-07-22,2028,3.5
2024-07-23,2028,3.5
2024-07-24,2028,3.5
2024-07-25,2028,3.5
2024-07-26,2028,3.5
2024-07-29,2028,3.5
2024-07-30,2028,3.5
2024-07-31,2028,3.5
2024-08-01,2028,3.5
2024-08-02,2028,3.5
2024-08-05,2028,3.5
2024-08-06,2028,3.5
2024-08-07,2028,3.5
2024-08-08,2028,3.5
2024-08-09,2028,3.5
2024-08-12,2028,3.5
2024-08-13,2028,3.5
2024-08-14,2028,3.5
2024-08-15,2028,3.5
2024-08-16,2028,3.5
2024-08-19,2028,3.5
2024-08-20,2028,3.5
2024-08-21,2028,3.5
2024-08-22,2028,3.5
2024-08-23,2028,3.5
2024-08-26,2028,3.5
2024-08-27,2028,3.5
2024-08-28,2028,3.5
2024-08-29,2028,3.5
2024-08-30,2028,3.5
2024-09-02,2028,3.5
2024-09-03,2028,3.5
2024-09-04,2028,3.5
2024-09-05,2028,3.5
2024-09-06,2028,3.5
2024-09-09,2028,3.5
2024-09-10,2028,3.5
2024-09-11,2028,3.5
2024-09-12,2028,3.5
2024-09-13,2028,3.5
2024-09-16,2028,3.5
2024-09-17,2028,3.5
2024-09-18,2028,3.5
2024-09-19,2028,3.5
2024-09-20,2028,3.5
2024-09-23,2028,3.5
2024-09-24,2028,3.5
2024-09-25,2028,3.5
2024-09-26,2028,3.5
2024-09-27,2028,3.5
2024-09-30,2028,3.5
2024-10-01,2028,3.5
2024-10-02,2028,3.5
2024-10-03,2028,3.5
2024-10-04,2028,3.5
2024-10-07,2028,3.5
2024-10-08,2028,3.5
2024-10-09,2028,3.5
2024-10-10,2028,3.5
2024-10-11,2028,3.5
2024-10-14,2028,3.5
2024-10-15,2028,3.5
2024-10-16,2028,3.5
2024-10-17,2028,3.5
2024-10-18,2028,3.5
2024-10-21,2028,3.5
2024-10-22,2028,3.5
2024-10-23,2028,3.5
2024-10-24,2028,3.5
2024-10-25,2028,3.5
2024-10-28,2028,3.5
2024-10-29,2028,3.5
2024-10-30,2028,3.5
2024-10-31,2028,3.5
2024-11-01,2028,3.5
2024-11-04,2028,3.5
2024-11-05,2028,3.5
2024-11-06,2028,3.5
2024-11-07,2028,3.5
2024-11-08,2028,3.5
2024-11-11,2028,3.5
2024-11-12,2028,3.5
2024-11-13,2028,3.5
2024-11-14,2028,3.5
2024-11-18,2028,3.5
2024-11-19,2028,3.5
2024-11-21,2028,3.5
2024-11-22,2028,3.5
2024-11-25,2028,3.5
2024-11-26,2028,3.5
2024-11-27,2028,3.5
2024-11-28,2028,3.5
2024-11-29,2028,3.5
2024-12-02,2028,3.5001
2024-12-03,2028,3.5151
2024-12-04,2028,3.5001
2024-12-05,2028,3.5001
2024-12-06,2028,3.5
2024-12-09,2028,3.5
2024-12-10,2028,3.5
2024-12-11,2028,3.5
2024-12-12,2028,3.5
2024-12-13,2028,3.5
2024-12-16,2028,3.5
2024-12-17,2028,3.5
2024-12-18,2028,3.5
2024-12-19,2028,3.5
2024-12-20,2028,3.51
2024-12-23,2028,3.755
2024-12-24,2028,3.5051
2024-12-26,2028,3.76
2024-12-27,2028,3.51
2024-12-30,2028,3.5
2024-12-31,2028,3.5
2025-01-02,2028,3.5
2025-01-03,2028,3.5
2025-01-06,2028,3.5
2025-01-07,2028,3.5
2025-01-08,2028,3.5
2025-01-09,2028,3.5
2025-01-10,2028,3.5
2025-01-13,2028,3.5
2025-01-14,2028,3.5
2025-01-15,2028,3.56
2025-01-16,2028,3.5301
2025-01-17,2028,3.65
2025-01-20,2028,3.56
2025-01-21,2028,3.5301
2025-01-22,2028,3.5
2025-01-23,2028,3.5001
2025-01-24,2028,3.86
2025-01-27,2028,3.93
2025-01-28,2028,3.93
2025-01-29,2028,4.0
2025-01-30,2028,3.9
2025-01-31,2028,3.8
2025-02-03,2028,3.8
2025-02-04,2028,3.8
2025-02-05,2028,3.8
2025-02-06,2028,3.8
2025-02-07,2028,3.5
2025-02-10,2028,3.5
2025-02-11,2028,3.5
2025-02-12,2028,3.5
2025-02-13,2028,3.55
2025-02-14,2028,3.77
2025-02-17,2028,3.74
2025-02-18,2028,3.74
2025-02-19,2028,3.76
2025-02-20,2028,3.76
2025-02-21,2028,3.7
2025-02-24,2028,3.74
2025-02-25,2028,3.7
2025-02-26,2028,3.72
2025-02-27,2028,3.74
2025-02-28,2028,3.755
2025-03-05,2028,3.75
2025-03-06,2028,3.75
2025-03-07,2028,3.7
2025-03-10,2028,3.75
2025-03-11,2028,3.75
2025-03-12,2028,3.725
2025-03-13,2028,3.7
2025-03-14,2028,3.8
2025-03-17,2028,3.8
2025-03-18,2028,3.8
2025-03-19,2028,3.8
2025-03-20,2028,3.835
2025-03-21,2028,3.75
2025-03-24,2028,3.75
2025-03-25,2028,3.77
2025-03-26,2028,3.76
2025-03-27,2028,3.8
2025-03-28,2028,3.8
2025-03-31,2028,3.8
2025-04-01,2028,3.8
2025-04-02,2028,3.8
2025-04-03,2028,3.6
2025-04-04,2028,3.6
2025-04-07,2028,3.5
2025-04-08,2028,3.725
2025-04-09,2028,3.7
2025-04-10,2028,3.725
2025-04-11,2028,3.8
2025-04-14,2028,3.8
2025-04-15,2028,3.8
2025-04-16,2028,3.825
2025-04-17,2028,3.925
2025-04-22,2028,3.74
2025-04-23,2028,3.7
2025-04-24,2028,3.7
2025-04-25,2028,3.695
2025-04-28,2028,3.5
2025-04-29,2028,3.695
2025-04-30,2028,3.78
2025-05-02,2028,3.8
2025-05-05,2028,3.93
2025-05-06,2028,3.93
2025-05-07,2028,4.0
2025-05-08,2028,3.93
2025-05-09,2028,4.0
2025-05-12,2028,3.8
2025-05-13,2028,3.8
2025-05-14,2028,3.8
2025-05-15,2028,3.79
2025-05-16,2028,3.79
2025-05-19,2028,3.8
2025-05-20,2028,3.9749
2025-05-21,2028,3.8
2025-05-22,2028,3.81
2025-05-23,2028,4.0
2025-05-26,2028,4.0
2025-05-27,2028,4.0
2025-05-28,2028,3.975
2025-05-29,2028,3.975
2025-05-30,2028,3.85
2025-06-02,2028,3.9
2025-06-03,2028,3.95
2025-06-04,2028,3.79
2025-06-05,2028,3.85
2025-06-06,2028,3.82
2025-06-09,2028,3.8
2025-06-10,2028,3.85
2025-06-11,2028,3.9
2025-06-12,2028,3.85
2025-06-13,2028,3.85
2025-06-16,2028,3.85
2025-06-17,2028,3.83
2025-06-18,2028,3.82
2025-06-20,2028,3.825
2025-06-23,2028,3.915
2025-06-24,2028,3.925
2025-06-25,2028,4.0
2025-06-26,2028,3.85
2025-06-27,2028,3.7
2025-06-30,2028,3.7
2025-07-01,2028,3.62
2025-07-02,2028,3.6
2025-07-03,2028,3.575
2025-07-04,2028,3.5
2025-07-07,2028,3.56
2025-07-08,2028,3.62
2025-07-09,2028,3.62
2025-07-10,2028,3.62
2025-07-11,2028,3.8
2025-07-14,2028,3.8
2025-07-15,2028,3.82
2025-07-16,2028,3.91
2025-07-17,2028,4.0
2025-07-18,2028,3.8
2025-07-21,2028,3.8
2025-07-22,2028,3.8
2025-07-23,2028,3.8
2025-07-24,2028,3.8
2025-07-25,2028,3.82
2025-07-28,2028,3.7
2025-07-29,2028,3.7
2025-07-30,2028,3.81
2025-07-31,2028,3.82
2025-08-01,2028,3.5
2025-08-04,2028,3.62
2025-08-05,2028,3.52
2025-08-06,2028,3.54
2025-08-07,2028,3.5
2025-08-08,2028,3.5
2025-08-11,2028,3.5
2025-08-12,2028,3.5
2025-08-13,2028,3.52
2025-08-14,2028,3.57
2025-08-15,2028,3.62
2025-08-18,2028,3.6
2025-08-19,2028,3.55
2025-08-20,2028,3.6
2025-08-21,2028,3.61
2025-08-22,2028,3.7
2025-08-25,2028,3.7
2025-08-26,2028,3.7
2025-08-27,2028,3.7
2025-08-28,2028,3.62
2025-08-29,2028,3.575
2025-09-01,2028,3.54
2025-09-02,2028,3.54
2025-09-03,2028,3.5
2025-09-04,2028,3.53
2025-09-05,2028,3.5
2025-09-08,2028,3.58
2025-09-09,2028,3.6
2025-09-10,2028,3.7
2025-09-11,2028,3.62
2025-09-12,2028,3.7
2025-09-15,2028,3.7
2025-09-16,2028,3.7
2025-09-17,2028,3.7
2025-09-18,2028,3.7
2025-09-19,2028,3.7
2025-09-22,2028,3.66
2025-09-23,2028,3.62
2025-09-24,2028,3.7
2025-09-25,2028,3.7
2025-09-26,2028,3.6
2025-09-29,2028,3.66
2025-09-30,2028,3.61
2025-10-01,2028,3.6
2025-10-02,2028,3.525
2025-10-03,2028,3.5
2025-10-06,2028,3.545
2025-10-07,2028,3.58
2025-10-08,2028,3.6
2025-10-09,2028,3.52
2025-10-10,2028,3.5
2025-10-13,2028,3.5
2025-10-14,2028,3.5
2025-10-15,2028,3.5
2025-10-16,2028,3.6
2025-10-17,2028,3.6
2025-10-20,2028,3.575
2025-10-21,2028,3.55
2025-10-22,2028,3.55
2025-10-23,2028,3.55
2025-10-24,2028,3.575
2025-10-27,2028,3.55
2025-10-28,2028,3.52
2025-10-29,2028,3.54
2025-10-30,2028,3.54
2025-10-31,2028,3.5
2025-11-03,2028,3.5
2025-11-04,2028,3.545
2025-11-05,2028,3.5
2025-11-06,2028,3.5
2025-11-07,2028,3.5
2025-11-10,2028,3.5
2025-11-11,2028,3.5
2025-11-12,2028,3.5
2025-11-13,2028,3.5
2025-11-14,2028,3.5
2025-11-17,2028,3.5
2025-11-18,2028,3.5
2025-11-19,2028,3.5
2025-11-21,2028,3.5
2025-11-24,2028,3.5
2025-11-25,2028,3.5
2025-11-26,2028,3.5
2025-11-27,2028,3.5
2025-11-28,2028,3.5
2025-12-01,2028,3.5
2025-12-02,2028,3.5
2025-12-03,2028,3.5
2025-12-04,2028,3.5
2025-12-05,2028,3.5
2025-12-08,2028,3.5
2025-12-09,2028,3.5
2025-12-10,2028,3.5
2025-12-11,2028,3.5
2025-12-12,2028,3.5
2025-12-15,2028,3.5
2025-12-16,2028,3.5
2025-12-17,2028,3.5
2025-12-18,2028,3.5
2025-12-19,2028,3.55
2025-12-22,2028,3.525
2025-12-23,2028,3.5
2025-12-24,2028,3.525
2025-12-26,2028,3.5
2025-12-29,2028,3.5
2025-12-30,2028,3.5
2025-12-31,2028,3.5
2026-01-02,2028,3.5
2026-01-05,2028,3.5
2026-01-06,2028,3.5
2026-01-07,2028,3.5
2026-01-08,2028,3.5
2026-01-09,2028,3.5
2026-01-12,2028,3.5
2026-01-13,2028,3.5
2026-01-14,2028,3.5
2026-01-15,2028,3.5
2026-01-16,2028,3.5
2026-01-19,2028,3.5
2026-01-20,2028,3.5
2026-01-21,2028,3.5
2026-01-22,2028,3.5
2026-01-23,2028,3.5
2026-01-26,2028,3.5
2026-01-27,2028,3.5
2026-01-28,2028,3.525
2026-01-29,2028,3.6
2026-01-30,2028,3.5
2026-02-02,2028,3.575
2026-02-03,2028,3.575
2026-02-04,2028,3.55
2026-02-05,2028,3.56
2026-02-06,2028,3.58
2026-02-09,2028,3.5
2026-02-10,2028,3.5
2026-02-11,2028,3.5
2026-02-12,2028,3.5
2026-02-13,2028,3.5
2026-02-18,2028,3.5
2026-02-19,2028,3.55
2026-02-20,2028,3.58
2026-02-23,2028,3.555
2026-02-24,2028,3.55
2026-02-25,2028,3.55
2026-02-26,2028,3.55
2026-02-27,2028,3.5
2026-03-02,2028,3.51
2026-03-03,2028,3.51
2026-03-04,2028,3.5
2026-03-05,2028,3.555
2026-03-06,2028,3.6
2026-03-09,2028,3.5
2026-03-10,2028,3.5
2026-03-11,2028,3.5
2026-03-12,2028,3.5
2026-03-13,2028,3.525
2026-03-16,2028,3.565
2026-03-17,2028,3.6
2026-03-18,2028,3.6
2026-03-19,2028,3.6
2026-03-20,2028,3.6
2026-03-23,2028,3.6
2026-03-24,2028,3.6
2026-03-25,2028,3.6
2026-03-26,2028,3.6
2026-03-27,2028,3.7
2026-03-30,2028,3.69
2026-03-31,2028,3.68
2026-04-01,2028,3.68
2026-04-02,2028,3.6777
2025-01-10,2029,4.0
2025-01-13,2029,3.725
2025-01-14,2029,3.725
2025-01-15,2029,3.95
2025-01-16,2029,3.5
2025-01-17,2029,3.5
2025-01-20,2029,3.5142
2025-01-21,2029,3.5142
2025-01-22,2029,3.5
2025-01-23,2029,3.5
2025-01-24,2029,3.95
2025-01-27,2029,3.95
2025-01-28,2029,4.0
2025-01-29,2029,4.0
2025-01-30,2029,4.0
2025-01-31,2029,3.9
2025-02-03,2029,3.9
2025-02-04,2029,3.9
2025-02-05,2029,3.925
2025-02-06,2029,3.85
2025-02-07,2029,3.5
2025-02-10,2029,3.5
2025-02-11,2029,3.5
2025-02-12,2029,3.5
2025-02-13,2029,3.5
2025-02-14,2029,3.5
2025-02-17,2029,3.5
2025-02-18,2029,3.5
2025-02-19,2029,3.505
2025-02-20,2029,3.51
2025-02-21,2029,3.51
2025-02-24,2029,3.5221
2025-02-25,2029,3.505
2025-02-26,2029,3.505
2025-02-27,2029,3.505
2025-02-28,2029,3.5571
2025-03-05,2029,3.6
2025-03-06,2029,3.65
2025-03-07,2029,3.5141
2025-03-10,2029,3.5671
2025-03-11,2029,3.514
2025-03-12,2029,3.514
2025-03-13,2029,3.5142
2025-03-14,2029,3.64
2025-03-17,2029,3.65
2025-03-18,2029,3.665
2025-03-19,2029,3.595
2025-03-20,2029,3.725
2025-03-21,2029,3.56
2025-03-24,2029,3.5371
2025-03-25,2029,3.595
2025-03-26,2029,3.56
2025-03-27,2029,3.5121
2025-03-28,2029,3.5
2025-03-31,2029,3.51
2025-04-01,2029,3.5
2025-04-02,2029,3.505
2025-04-03,2029,3.505
2025-04-04,2029,3.5071
2025-04-07,2029,3.5
2025-04-08,2029,3.5142
2025-04-09,2029,3.5071
2025-04-10,2029,3.5
2025-04-11,2029,3.59
2025-04-14,2029,3.62
2025-04-15,2029,3.565
2025-04-16,2029,3.685
2025-04-17,2029,3.79
2025-04-22,2029,3.56
2025-04-23,2029,3.55
2025-04-24,2029,3.55
2025-04-25,2029,3.5121
2025-04-28,2029,3.51
2025-04-29,2029,3.54
2025-04-30,2029,3.765
2025-05-02,2029,3.765
2025-05-05,2029,3.8
2025-05-06,2029,3.765
2025-05-07,2029,3.78
2025-05-08,2029,3.6
2025-05-09,2029,3.7
2025-05-12,2029,3.7
2025-05-13,2029,3.7125
2025-05-14,2029,3.7125
2025-05-15,2029,3.6
2025-05-16,2029,3.6753
2025-05-19,2029,3.7475
2025-05-20,2029,3.9
2025-05-21,2029,3.6753
2025-05-22,2029,3.785
2025-05-23,2029,4.0
2025-05-26,2029,4.0
2025-05-27,2029,4.0
2025-05-28,2029,3.99
2025-05-29,2029,3.9
2025-05-30,2029,3.785
2025-06-02,2029,3.82
2025-06-03,2029,3.91
2025-06-04,2029,3.885
2025-06-05,2029,4.0
2025-06-06,2029,4.0
2025-06-09,2029,4.0
2025-06-10,2029,4.0
2025-06-11,2029,4.0
2025-06-12,2029,4.0
2025-06-13,2029,3.95
2025-06-16,2029,3.875
2025-06-17,2029,3.775
2025-06-18,2029,3.7
2025-06-20,2029,3.75
2025-06-23,2029,3.75
2025-06-24,2029,3.7
2025-06-25,2029,3.825
2025-06-26,2029,3.7
2025-06-27,2029,3.6
2025-06-30,2029,3.6
2025-07-01,2029,3.65
2025-07-02,2029,3.5571
2025-07-03,2029,3.5142
2025-07-04,2029,3.51
2025-07-07,2029,3.5271
2025-07-08,2029,3.57
2025-07-09,2029,3.57
2025-07-10,2029,3.5271
2025-07-11,2029,3.7
2025-07-14,2029,3.7
2025-07-15,2029,3.8
2025-07-16,2029,3.875
2025-07-17,2029,3.965
2025-07-18,2029,3.8
2025-07-21,2029,3.7
2025-07-22,2029,3.6
2025-07-23,2029,3.6
2025-07-24,2029,3.8
2025-07-25,2029,3.75
2025-07-28,2029,3.625
2025-07-29,2029,3.625
2025-07-30,2029,3.8
2025-07-31,2029,3.8
2025-08-01,2029,3.5
2025-08-04,2029,3.505
2025-08-05,2029,3.5
2025-08-06,2029,3.505
2025-08-07,2029,3.5
2025-08-08,2029,3.5
2025-08-11,2029,3.5
2025-08-12,2029,3.5
2025-08-13,2029,3.5
2025-08-14,2029,3.5
2025-08-15,2029,3.5
2025-08-18,2029,3.5
2025-08-19,2029,3.5
2025-08-20,2029,3.5
2025-08-21,2029,3.5
2025-08-22,2029,3.525
2025-08-25,2029,3.5
2025-08-26,2029,3.5
2025-08-27,2029,3.535
2025-08-28,2029,3.5
2025-08-29,2029,3.5
2025-09-01,2029,3.5
2025-09-02,2029,3.5
2025-09-03,2029,3.5
2025-09-04,2029,3.51
2025-09-05,2029,3.5
2025-09-08,2029,3.5
2025-09-09,2029,3.5
2025-09-10,2029,3.5
2025-09-11,2029,3.5
2025-09-12,2029,3.5
2025-09-15,2029,3.5
2025-09-16,2029,3.5
2025-09-17,2029,3.5
2025-09-18,2029,3.5
2025-09-19,2029,3.5
2025-09-22,2029,3.5
2025-09-23,2029,3.5
2025-09-24,2029,3.5
2025-09-25,2029,3.5
2025-09-26,2029,3.505
2025-09-29,2029,3.51
2025-09-30,2029,3.5
2025-10-01,2029,3.5
2025-10-02,2029,3.5
2025-10-03,2029,3.5
2025-10-06,2029,3.5
2025-10-07,2029,3.5
2025-10-08,2029,3.5
2025-10-09,2029,3.5
2025-10-10,2029,3.5
2025-10-13,2029,3.5
2025-10-14,2029,3.5
2025-10-15,2029,3.5
2025-10-16,2029,3.5
2025-10-17,2029,3.5
2025-10-20,2029,3.5
2025-10-21,2029,3.5
2025-10-22,2029,3.5
2025-10-23,2029,3.5
2025-10-24,2029,3.5
2025-10-27,2029,3.5
2025-10-28,2029,3.5
2025-10-29,2029,3.5
2025-10-30,2029,3.5
2025-10-31,2029,3.5
2025-11-03,2029,3.5
2025-11-04,2029,3.5
2025-11-05,2029,3.5
2025-11-06,2029,3.5
2025-11-07,2029,3.5
2025-11-10,2029,3.5
2025-11-11,2029,3.5
2025-11-12,2029,3.5
2025-11-13,2029,3.5
2025-11-14,2029,3.5
2025-11-17,2029,3.5
2025-11-18,2029,3.5
2025-11-19,2029,3.5
2025-11-21,2029,3.5
2025-11-24,2029,3.5
2025-11-25,2029,3.5
2025-11-26,2029,3.5
2025-11-27,2029,3.5
2025-11-28,2029,3.5
2025-12-01,2029,3.5
2025-12-02,2029,3.5
2025-12-03,2029,3.5
2025-12-04,2029,3.5
2025-12-05,2029,3.5
2025-12-08,2029,3.5
2025-12-09,2029,3.5
2025-12-10,2029,3.5
2025-12-11,2029,3.5
2025-12-12,2029,3.5
2025-12-15,2029,3.5
2025-12-16,2029,3.5
2025-12-17,2029,3.5
2025-12-18,2029,3.5
2025-12-19,2029,3.5
2025-12-22,2029,3.5
2025-12-23,2029,3.5
2025-12-24,2029,3.5
2025-12-26,2029,3.5
2025-12-29,2029,3.5
2025-12-30,2029,3.5
2025-12-31,2029,3.5
2026-01-02,2029,3.5
2026-01-05,2029,3.5
2026-01-06,2029,3.5
2026-01-07,2029,3.5
2026-01-08,2029,3.5
2026-01-09,2029,3.5
2026-01-12,2029,3.5
2026-01-13,2029,3.5
2026-01-14,2029,3.5
2026-01-15,2029,3.5
2026-01-16,2029,3.5
2026-01-19,2029,3.5
2026-01-20,2029,3.5
2026-01-21,2029,3.5
2026-01-22,2029,3.5
2026-01-23,2029,3.5
2026-01-26,2029,3.5
2026-01-27,2029,3.5
2026-01-28,2029,3.5
2026-01-29,2029,3.5
2026-01-30,2029,3.5
2026-02-02,2029,3.5
2026-02-03,2029,3.5
2026-02-04,2029,3.5
2026-02-05,2029,3.5
2026-02-06,2029,3.5
2026-02-09,2029,3.5
2026-02-10,2029,3.5
2026-02-11,2029,3.5
2026-02-12,2029,3.5
2026-02-13,2029,3.5
2026-02-18,2029,3.5
2026-02-19,2029,3.5
2026-02-20,2029,3.5
2026-02-23,2029,3.5
2026-02-24,2029,3.5
2026-02-25,2029,3.5
2026-02-26,2029,3.5
2026-02-27,2029,3.5
2026-03-02,2029,3.5
2026-03-03,2029,3.5
2026-03-04,2029,3.5
2026-03-05,2029,3.5
2026-03-06,2029,3.5
2026-03-09,2029,3.5
2026-03-10,2029,3.5
2026-03-11,2029,3.5
2026-03-12,2029,3.5
2026-03-13,2029,3.5
2026-03-16,2029,3.5
2026-03-17,2029,3.5
2026-03-18,2029,3.5
2026-03-19,2029,3.5
2026-03-20,2029,3.5
2026-03-23,2029,3.5
2026-03-24,2029,3.5
2026-03-25,2029,3.5
2026-03-26,2029,3.5
2026-03-27,2029,3.595
2026-03-30,2029,3.59
2026-03-31,2029,3.55
2026-04-01,2029,3.59
2026-04-02,2029,3.55
2026-01-09,2030,3.5
2026-01-12,2030,3.5
2026-01-13,2030,3.5
2026-01-14,2030,3.5
2026-01-15,2030,3.5
2026-01-16,2030,3.5
2026-01-19,2030,3.5
2026-01-20,2030,3.5
2026-01-21,2030,3.5
2026-01-22,2030,3.5
2026-01-23,2030,3.5
2026-01-26,2030,3.5
2026-01-27,2030,3.5
2026-01-28,2030,3.5
2026-01-29,2030,3.5
2026-01-30,2030,3.5
2026-02-02,2030,3.5
2026-02-03,2030,3.5
2026-02-04,2030,3.5
2026-02-05,2030,3.5
2026-02-06,2030,3.5
2026-02-09,2030,3.5
2026-02-10,2030,3.5
2026-02-11,2030,3.5
2026-02-12,2030,3.5
2026-02-13,2030,3.5
2026-02-18,2030,3.5
2026-02-19,2030,3.5
2026-02-20,2030,3.5
2026-02-23,2030,3.5
2026-02-24,2030,3.5
2026-02-25,2030,3.5
2026-02-26,2030,3.5
2026-02-27,2030,3.5
2026-03-02,2030,3.52
2026-03-03,2030,3.52
2026-03-04,2030,3.5
2026-03-05,2030,3.52
2026-03-06,2030,3.5
2026-03-09,2030,3.5
2026-03-10,2030,3.5
2026-03-11,2030,3.5
2026-03-12,2030,3.5
2026-03-13,2030,3.5
2026-03-16,2030,3.5
2026-03-17,2030,3.5
2026-03-18,2030,3.5
2026-03-19,2030,3.5
2026-03-20,2030,3.5
2026-03-23,2030,3.5
2026-03-24,2030,3.5
2026-03-25,2030,3.5
2026-03-26,2030,3.5
2026-03-27,2030,3.53
2026-03-30,2030,3.54
2026-03-31,2030,3.53
2026-04-01,2030,3.54
2026-04-02,2030,3.52
