date,ref_year,median
2001-01-02,2001,3.0
2001-01-03,2001,3.0
2001-01-04,2001,3.0
2001-01-05,2001,3.0
2001-01-08,2001,3.0
2001-01-09,2001,3.0
2001-01-10,2001,3.0
2001-01-11,2001,3.0
2001-01-12,2001,3.0
2001-01-15,2001,3.0
2001-01-16,2001,3.0
2001-01-17,2001,3.0
2001-01-18,2001,3.0
2001-01-19,2001,3.0
2001-01-22,2001,3.0
2001-01-23,2001,3.0
2001-01-24,2001,3.0
2001-01-25,2001,3.0
2001-01-26,2001,3.0
2001-01-29,2001,3.0
2001-01-30,2001,3.0
2001-01-31,2001,3.0
2001-02-01,2001,3.0
2001-02-02,2001,3.0
2001-02-05,2001,3.0
2001-02-06,2001,3.0
2001-02-07,2001,3.0
2001-02-08,2001,3.0
2001-02-09,2001,3.0
2001-02-12,2001,3.0
2001-02-13,2001,3.0
2001-02-14,2001,3.0
2001-02-15,2001,3.0
2001-02-16,2001,3.0
2001-02-19,2001,3.0
2001-02-20,2001,3.0
2001-02-21,2001,3.0
2001-02-22,2001,3.0
2001-02-23,2001,3.0
2001-02-28,2001,3.0
2001-03-01,2001,3.0
2001-03-02,2001,3.0
2001-03-05,2001,3.0
2001-03-06,2001,3.0
2001-03-07,2001,3.0
2001-03-08,2001,3.0
2001-03-09,2001,3.0
2001-03-12,2001,3.0
2001-03-13,2001,3.0
2001-03-14,2001,3.0
2001-03-15,2001,3.0
2001-03-16,2001,3.0
2001-03-19,2001,3.0
2001-03-20,2001,3.0
2001-03-21,2001,3.0
2001-03-22,2001,3.0
2001-03-23,2001,3.0
2001-03-26,2001,3.0
2001-03-27,2001,3.0
2001-03-28,2001,3.0
2001-03-29,2001,3.0
2001-03-30,2001,3.0
2001-04-02,2001,3.0
2001-04-03,2001,3.0
2001-04-04,2001,3.0
2001-04-05,2001,3.0
2001-04-06,2001,3.0
2001-04-09,2001,3.0
2001-04-10,2001,3.0
2001-04-11,2001,3.0
2001-04-12,2001,3.0
2001-04-16,2001,3.0
2001-04-17,2001,3.0
2001-04-18,2001,3.0
2001-04-19,2001,3.0
2001-04-20,2001,3.0
2001-04-23,2001,3.0
2001-04-24,2001,3.0
2001-04-25,2001,3.0
2001-04-26,2001,3.0
2001-04-27,2001,3.0
2001-04-30,2001,3.0
2001-05-02,2001,3.0
2001-05-03,2001,3.0
2001-05-04,2001,3.0
2001-05-07,2001,3.0
2001-05-08,2001,3.0
2001-05-09,2001,3.0
2001-05-10,2001,3.0
2001-05-11,2001,3.0
2001-05-14,2001,3.0
2001-05-15,2001,3.0
2001-05-16,2001,3.0
2001-05-17,2001,3.0
2001-05-18,2001,3.0
2001-05-21,2001,3.0
2001-05-22,2001,3.0
2001-05-23,2001,3.0
2001-05-24,2001,3.0
2001-05-25,2001,3.0
2001-05-28,2001,3.0
2001-05-29,2001,3.0
2001-05-30,2001,3.0
2001-05-31,2001,3.0
2001-06-01,2001,3.0
2001-06-04,2001,3.0
2001-06-05,2001,3.0
2001-06-06,2001,3.0
2001-06-07,2001,3.0
2001-06-08,2001,3.0
2001-06-11,2001,3.0
2001-06-12,2001,3.0
2001-06-13,2001,3.0
2001-06-18,2001,3.0
2001-06-19,2001,3.0
2001-06-20,2001,3.0
2001-06-21,2001,3.0
2001-06-22,2001,3.0
2001-06-25,2001,3.0
2001-06-26,2001,3.0
2001-06-27,2001,3.0
2001-06-28,2001,3.0
2001-06-29,2001,3.0
2001-07-02,2001,3.0
2001-07-03,2001,3.0
2001-07-04,2001,3.0
2001-07-05,2001,3.0
2001-07-06,2001,3.0
2001-07-09,2001,3.0
2001-07-10,2001,3.0
2001-07-11,2001,3.0
2001-07-12,2001,3.0
2001-07-13,2001,3.0
2001-07-16,2001,3.0
2001-07-17,2001,3.0
2001-07-18,2001,3.0
2001-07-19,2001,3.0
2001-07-20,2001,3.0
2001-07-23,2001,3.0
2001-07-24,2001,3.0
2001-07-25,2001,3.0
2001-07-26,2001,3.0
2001-07-27,2001,3.0
2001-07-30,2001,3.0
2001-07-31,2001,3.05
2001-08-01,2001,3.1
2001-08-02,2001,3.1
2001-08-03,2001,3.1
2001-08-06,2001,3.13
2001-08-07,2001,3.2
2001-08-08,2001,3.2
2001-08-09,2001,3.2
2001-08-10,2001,3.2
2001-08-13,2001,3.2
2001-08-14,2001,3.25
2001-08-15,2001,3.3
2001-08-16,2001,3.3
2001-08-17,2001,3.35
2001-08-20,2001,3.35
2001-08-21,2001,3.35
2001-08-22,2001,3.35
2001-08-23,2001,3.35
2001-08-24,2001,3.35
2001-08-27,2001,3.35
2001-08-28,2001,3.35
2001-08-29,2001,3.35
2001-08-30,2001,3.35
2001-08-31,2001,3.35
2001-09-03,2001,3.35
2001-09-04,2001,3.35
2001-09-05,2001,3.35
2001-09-06,2001,3.35
2001-09-10,2001,3.35
2001-09-11,2001,3.35
2001-09-12,2001,3.35
2001-09-13,2001,3.35
2001-09-14,2001,3.35
2001-09-17,2001,3.35
2001-09-18,2001,3.38
2001-09-19,2001,3.35
2001-09-20,2001,3.35
2001-09-21,2001,3.35
2001-09-24,2001,3.35
2001-09-25,2001,3.35
2001-09-26,2001,3.35
2001-09-27,2001,3.35
2001-09-28,2001,3.35
2001-10-01,2001,3.35
2001-10-02,2001,3.35
2001-10-03,2001,3.36
2001-10-04,2001,3.4
2001-10-05,2001,3.4
2001-10-08,2001,3.4
2001-10-09,2001,3.4
2001-10-10,2001,3.4
2001-10-11,2001,3.4
2001-10-15,2001,3.4
2001-10-16,2001,3.4
2001-10-17,2001,3.4
2001-10-18,2001,3.4
2001-10-19,2001,3.4
2001-10-22,2001,3.4
2001-10-23,2001,3.4
2001-10-24,2001,3.4
2001-10-25,2001,3.4
2001-10-26,2001,3.4
2001-10-29,2001,3.4
2001-10-30,2001,3.4
2001-10-31,2001,3.4
2001-11-01,2001,3.4
2001-11-06,2001,3.4
2001-11-07,2001,3.4
2001-11-08,2001,3.4
2001-11-09,2001,3.4
2001-11-12,2001,3.4
2001-11-13,2001,3.4
2001-11-14,2001,3.4
2001-11-16,2001,3.4
2001-11-19,2001,3.4
2001-11-20,2001,3.4
2001-11-21,2001,3.4
2001-11-22,2001,3.4
2001-11-23,2001,3.4
2001-11-26,2001,3.4
2001-11-27,2001,3.4
2001-11-28,2001,3.4
2001-11-29,2001,3.4
2001-11-30,2001,3.4
2001-12-03,2001,3.4
2001-12-04,2001,3.4
2001-12-05,2001,3.4
2001-12-06,2001,3.4
2001-12-07,2001,3.44
2001-12-10,2001,3.45
2001-12-11,2001,3.45
2001-12-12,2001,3.48
2001-12-13,2001,3.48
2001-12-14,2001,3.5
2001-12-17,2001,3.48
2001-12-18,2001,3.45
2001-12-19,2001,3.45
2001-12-20,2001,3.45
2001-12-21,2001,3.5
2001-12-24,2001,3.5
2001-12-26,2001,3.5
2001-12-27,2001,3.5
2001-12-28,2001,3.5
2001-12-31,2001,3.5
2002-01-02,2001,3.5
2002-01-03,2001,3.5
2002-01-04,2001,3.5
2002-01-07,2001,3.5
2002-01-08,2001,3.5
2002-01-09,2001,3.5
2002-01-10,2001,3.5
2002-01-11,2001,3.5
2002-01-14,2001,3.5
2002-01-15,2001,3.5
2002-01-16,2001,3.5
2002-01-17,2001,3.5
2002-01-18,2001,3.5
2002-01-21,2001,3.5
2002-01-22,2001,3.5
2002-01-23,2001,3.5
2002-01-24,2001,3.5
2002-01-25,2001,3.5
2002-01-28,2001,3.5
2002-01-29,2001,3.5
2002-01-30,2001,3.5
2001-01-02,2002,2.7
2001-01-03,2002,2.7
2001-01-04,2002,2.7
2001-01-05,2002,2.7
2001-01-08,2002,2.7
2001-01-09,2002,2.7
2001-01-10,2002,2.7
2001-01-11,2002,2.7
2001-01-12,2002,2.7
2001-01-15,2002,2.7
2001-01-16,2002,2.7
2001-01-17,2002,2.7
2001-01-18,2002,2.7
2001-01-19,2002,2.7
2001-01-22,2002,2.7
2001-01-23,2002,2.7
2001-01-24,2002,2.7
2001-01-25,2002,2.7
2001-01-26,2002,2.7
2001-01-29,2002,2.7
2001-01-30,2002,2.7
2001-01-31,2002,2.7
2001-02-01,2002,2.7
2001-02-02,2002,2.7
2001-02-05,2002,2.7
2001-02-06,2002,2.7
2001-02-07,2002,2.7
2001-02-08,2002,2.7
2001-02-09,2002,2.7
2001-02-12,2002,2.7
2001-02-13,2002,2.7
2001-02-14,2002,2.7
2001-02-15,2002,2.7
2001-02-16,2002,2.7
2001-02-19,2002,2.7
2001-02-20,2002,2.7
2001-02-21,2002,2.7
2001-02-22,2002,2.7
2001-02-23,2002,2.7
2001-02-28,2002,2.7
2001-03-01,2002,2.7
2001-03-02,2002,2.7
2001-03-05,2002,2.7
2001-03-06,2002,2.7
2001-03-07,2002,2.7
2001-03-08,2002,2.7
2001-03-09,2002,2.7
2001-03-12,2002,2.7
2001-03-13,2002,2.7
2001-03-14,2002,2.7
2001-03-15,2002,2.7
2001-03-16,2002,2.7
2001-03-19,2002,2.7
2001-03-20,2002,2.7
2001-03-21,2002,2.7
2001-03-22,2002,2.7
2001-03-23,2002,2.7
2001-03-26,2002,2.7
2001-03-27,2002,2.7
2001-03-28,2002,2.7
2001-03-29,2002,2.7
2001-03-30,2002,2.7
2001-04-02,2002,2.7
2001-04-03,2002,2.7
2001-04-04,2002,2.7
2001-04-05,2002,2.7
2001-04-06,2002,2.7
2001-04-09,2002,2.7
2001-04-10,2002,2.7
2001-04-11,2002,2.7
2001-04-12,2002,2.7
2001-04-16,2002,2.7
2001-04-17,2002,2.7
2001-04-18,2002,2.7
2001-04-19,2002,2.7
2001-04-20,2002,2.7
2001-04-23,2002,2.7
2001-04-24,2002,3.0
2001-04-25,2002,3.0
2001-04-26,2002,3.0
2001-04-27,2002,3.0
2001-04-30,2002,3.0
2001-05-02,2002,3.0
2001-05-03,2002,3.0
2001-05-04,2002,3.0
2001-05-07,2002,3.0
2001-05-08,2002,3.0
2001-05-09,2002,3.0
2001-05-10,2002,3.0
2001-05-11,2002,3.0
2001-05-14,2002,3.0
2001-05-15,2002,2.9
2001-05-16,2002,2.8
2001-05-17,2002,2.9
2001-05-18,2002,2.95
2001-05-21,2002,3.0
2001-05-22,2002,2.95
2001-05-23,2002,3.0
2001-05-24,2002,3.0
2001-05-25,2002,3.0
2001-05-28,2002,3.0
2001-05-29,2002,3.0
2001-05-30,2002,3.0
2001-05-31,2002,3.0
2001-06-01,2002,3.0
2001-06-04,2002,3.0
2001-06-05,2002,3.0
2001-06-06,2002,3.0
2001-06-07,2002,3.0
2001-06-08,2002,3.0
2001-06-11,2002,2.95
2001-06-12,2002,2.95
2001-06-13,2002,2.95
2001-06-18,2002,2.95
2001-06-19,2002,3.0
2001-06-20,2002,3.0
2001-06-21,2002,3.0
2001-06-22,2002,3.0
2001-06-25,2002,3.0
2001-06-26,2002,3.0
2001-06-27,2002,3.0
2001-06-28,2002,3.0
2001-06-29,2002,3.0
2001-07-02,2002,3.0
2001-07-03,2002,3.0
2001-07-04,2002,3.0
2001-07-05,2002,3.0
2001-07-06,2002,3.0
2001-07-09,2002,3.0
2001-07-10,2002,3.0
2001-07-11,2002,3.0
2001-07-12,2002,3.0
2001-07-13,2002,3.0
2001-07-16,2002,3.0
2001-07-17,2002,3.0
2001-07-18,2002,3.0
2001-07-19,2002,3.0
2001-07-20,2002,3.0
2001-07-23,2002,3.0
2001-07-24,2002,3.0
2001-07-25,2002,3.0
2001-07-26,2002,3.0
2001-07-27,2002,3.0
2001-07-30,2002,3.0
2001-07-31,2002,3.0
2001-08-01,2002,3.0
2001-08-02,2002,3.0
2001-08-03,2002,3.0
2001-08-06,2002,3.0
2001-08-07,2002,3.0
2001-08-08,2002,3.0
2001-08-09,2002,3.0
2001-08-10,2002,3.0
2001-08-13,2002,3.0
2001-08-14,2002,3.0
2001-08-15,2002,3.25
2001-08-16,2002,3.39
2001-08-17,2002,3.5
2001-08-20,2002,3.5
2001-08-21,2002,3.5
2001-08-22,2002,3.5
2001-08-23,2002,3.5
2001-08-24,2002,3.5
2001-08-27,2002,3.5
2001-08-28,2002,3.5
2001-08-29,2002,3.5
2001-08-30,2002,3.5
2001-08-31,2002,3.5
2001-09-03,2002,3.5
2001-09-04,2002,3.5
2001-09-05,2002,3.5
2001-09-06,2002,3.5
2001-09-10,2002,3.5
2001-09-11,2002,3.5
2001-09-12,2002,3.5
2001-09-13,2002,3.5
2001-09-14,2002,3.5
2001-09-17,2002,3.5
2001-09-18,2002,3.5
2001-09-19,2002,3.5
2001-09-20,2002,3.5
2001-09-21,2002,3.5
2001-09-24,2002,3.5
2001-09-25,2002,3.5
2001-09-26,2002,3.5
2001-09-27,2002,3.5
2001-09-28,2002,3.5
2001-10-01,2002,3.5
2001-10-02,2002,3.5
2001-10-03,2002,3.5
2001-10-04,2002,3.5
2001-10-05,2002,3.5
2001-10-08,2002,3.5
2001-10-09,2002,3.5
2001-10-10,2002,3.5
2001-10-11,2002,3.5
2001-10-15,2002,3.5
2001-10-16,2002,3.5
2001-10-17,2002,3.5
2001-10-18,2002,3.5
2001-10-19,2002,3.5
2001-10-22,2002,3.5
2001-10-23,2002,3.5
2001-10-24,2002,3.5
2001-10-25,2002,3.5
2001-10-26,2002,3.5
2001-10-29,2002,3.5
2001-10-30,2002,3.5
2001-10-31,2002,3.5
2001-11-01,2002,3.5
2001-11-06,2002,3.5
2001-11-07,2002,3.5
2001-11-08,2002,3.5
2001-11-09,2002,3.5
2001-11-12,2002,3.5
2001-11-13,2002,3.5
2001-11-14,2002,3.5
2001-11-16,2002,3.5
2001-11-19,2002,3.5
2001-11-20,2002,3.5
2001-11-21,2002,3.5
2001-11-22,2002,3.5
2001-11-23,2002,3.5
2001-11-26,2002,3.5
2001-11-27,2002,3.5
2001-11-28,2002,3.5
2001-11-29,2002,3.5
2001-11-30,2002,3.5
2001-12-03,2002,3.5
2001-12-04,2002,3.5
2001-12-05,2002,3.5
2001-12-06,2002,3.5
2001-12-07,2002,3.5
2001-12-10,2002,3.5
2001-12-11,2002,3.5
2001-12-12,2002,3.5
2001-12-13,2002,3.5
2001-12-14,2002,3.5
2001-12-17,2002,3.5
2001-12-18,2002,3.5
2001-12-19,2002,3.5
2001-12-20,2002,3.5
2001-12-21,2002,3.5
2001-12-24,2002,3.5
2001-12-26,2002,3.5
2001-12-27,2002,3.5
2001-12-28,2002,3.5
2001-12-31,2002,3.5
2002-01-02,2002,3.5
2002-01-03,2002,3.5
2002-01-04,2002,3.5
2002-01-07,2002,3.5
2002-01-08,2002,3.5
2002-01-09,2002,3.5
2002-01-10,2002,3.5
2002-01-11,2002,3.5
2002-01-14,2002,3.5
2002-01-15,2002,3.5
2002-01-16,2002,3.5
2002-01-17,2002,3.5
2002-01-18,2002,3.5
2002-01-21,2002,3.5
2002-01-22,2002,3.5
2002-01-23,2002,3.5
2002-01-24,2002,3.5
2002-01-25,2002,3.5
2002-01-28,2002,3.5
2002-01-29,2002,3.5
2002-01-30,2002,3.5
2002-01-31,2002,3.5
2002-02-01,2002,3.5
2002-02-04,2002,3.5
2002-02-05,2002,3.5
2002-02-06,2002,3.5
2002-02-07,2002,3.5
2002-02-08,2002,3.5
2002-02-11,2002,3.5
2002-02-13,2002,3.5
2002-02-14,2002,3.5
2002-02-15,2002,3.5
2002-02-18,2002,3.5
2002-02-19,2002,3.5
2002-02-20,2002,3.5
2002-02-21,2002,3.5
2002-02-22,2002,3.5
2002-02-25,2002,3.5
2002-02-26,2002,3.5
2002-02-27,2002,3.5
2002-02-28,2002,3.5
2002-03-01,2002,3.5
2002-03-04,2002,3.5
2002-03-05,2002,3.5
2002-03-06,2002,3.5
2002-03-07,2002,3.5
2002-03-08,2002,3.5
2002-03-11,2002,3.5
2002-03-12,2002,3.5
2002-03-13,2002,3.5
2002-03-14,2002,3.5
2002-03-15,2002,3.5
2002-03-18,2002,3.5
2002-03-19,2002,3.5
2002-03-20,2002,3.5
2002-03-21,2002,3.5
2002-03-22,2002,3.5
2002-03-25,2002,3.5
2002-03-26,2002,3.5
2002-03-27,2002,3.5
2002-03-28,2002,3.5
2002-04-01,2002,3.5
2002-04-02,2002,3.5
2002-04-03,2002,3.5
2002-04-04,2002,3.5
2002-04-05,2002,3.5
2002-04-08,2002,3.5
2002-04-09,2002,3.5
2002-04-10,2002,3.5
2002-04-11,2002,3.5
2002-04-12,2002,3.5
2002-04-15,2002,3.5
2002-04-16,2002,3.5
2002-04-17,2002,3.5
2002-04-18,2002,3.5
2002-04-19,2002,3.5
2002-04-22,2002,3.5
2002-04-23,2002,3.5
2002-04-24,2002,3.5
2002-04-25,2002,3.5
2002-04-26,2002,3.5
2002-04-29,2002,3.5
2002-04-30,2002,3.5
2002-05-02,2002,3.5
2002-05-03,2002,3.5
2002-05-06,2002,3.5
2002-05-07,2002,3.5
2002-05-08,2002,3.5
2002-05-09,2002,3.5
2002-05-10,2002,3.5
2002-05-13,2002,3.5
2002-05-14,2002,3.5
2002-05-15,2002,3.5
2002-05-16,2002,3.5
2002-05-17,2002,3.5
2002-05-20,2002,3.5
2002-05-21,2002,3.5
2002-05-22,2002,3.5
2002-05-23,2002,3.5
2002-05-24,2002,3.5
2002-05-27,2002,3.5
2002-05-28,2002,3.5
2002-05-29,2002,3.5
2002-05-31,2002,3.5
2002-06-03,2002,3.5
2002-06-04,2002,3.5
2002-06-05,2002,3.5
2002-06-06,2002,3.5
2002-06-07,2002,3.5
2002-06-10,2002,3.5
2002-06-11,2002,3.5
2002-06-12,2002,3.5
2002-06-13,2002,3.5
2002-06-14,2002,3.5
2002-06-17,2002,3.5
2002-06-18,2002,3.5
2002-06-19,2002,3.5
2002-06-20,2002,3.5
2002-06-21,2002,3.5
2002-06-24,2002,3.5
2002-06-25,2002,3.5
2002-06-26,2002,3.5
2002-06-27,2002,3.5
2002-06-28,2002,3.5
2002-07-01,2002,3.6
2002-07-02,2002,3.7
2002-07-03,2002,3.6
2002-07-04,2002,3.75
2002-07-05,2002,3.75
2002-07-08,2002,3.75
2002-07-09,2002,3.75
2002-07-10,2002,3.75
2002-07-11,2002,3.75
2002-07-12,2002,3.75
2002-07-15,2002,3.75
2002-07-16,2002,3.75
2002-07-17,2002,3.75
2002-07-18,2002,3.75
2002-07-19,2002,3.75
2002-07-22,2002,3.75
2002-07-23,2002,3.75
2002-07-24,2002,3.75
2002-07-25,2002,3.75
2002-07-26,2002,3.75
2002-07-29,2002,3.75
2002-07-30,2002,3.75
2002-07-31,2002,3.75
2002-08-01,2002,3.75
2002-08-02,2002,3.75
2002-08-05,2002,3.75
2002-08-06,2002,3.75
2002-08-07,2002,3.75
2002-08-08,2002,3.75
2002-08-09,2002,3.75
2002-08-12,2002,3.75
2002-08-13,2002,3.75
2002-08-14,2002,3.75
2002-08-15,2002,3.75
2002-08-16,2002,3.75
2002-08-19,2002,3.75
2002-08-20,2002,3.75
2002-08-21,2002,3.75
2002-08-22,2002,3.75
2002-08-23,2002,3.75
2002-08-26,2002,3.75
2002-08-27,2002,3.75
2002-08-28,2002,3.75
2002-08-29,2002,3.75
2002-08-30,2002,3.75
2002-09-02,2002,3.75
2002-09-03,2002,3.75
2002-09-04,2002,3.75
2002-09-05,2002,3.75
2002-09-06,2002,3.75
2002-09-09,2002,3.75
2002-09-10,2002,3.75
2002-09-11,2002,3.75
2002-09-12,2002,3.75
2002-09-13,2002,3.75
2002-09-16,2002,3.8
2002-09-17,2002,3.8
2002-09-18,2002,3.8
2002-09-19,2002,3.8
2002-09-20,2002,3.87
2002-09-23,2002,3.88
2002-09-24,2002,3.88
2002-09-25,2002,3.88
2002-09-26,2002,3.88
2002-09-27,2002,3.87
2002-09-30,2002,3.84
2002-10-01,2002,3.88
2002-10-02,2002,3.88
2002-10-03,2002,3.88
2002-10-04,2002,3.88
2002-10-07,2002,3.88
2002-10-08,2002,3.88
2002-10-09,2002,3.88
2002-10-10,2002,3.88
2002-10-11,2002,3.88
2002-10-14,2002,3.88
2002-10-15,2002,3.88
2002-10-16,2002,3.88
2002-10-17,2002,3.88
2002-10-18,2002,3.88
2002-10-21,2002,3.88
2002-10-22,2002,3.88
2002-10-23,2002,3.88
2002-10-24,2002,3.88
2002-10-25,2002,3.88
2002-10-28,2002,3.88
2002-10-29,2002,3.88
2002-10-30,2002,3.88
2002-10-31,2002,3.88
2002-11-01,2002,3.88
2002-11-04,2002,3.88
2002-11-05,2002,3.88
2002-11-06,2002,3.88
2002-11-07,2002,3.88
2002-11-08,2002,3.88
2002-11-11,2002,3.89
2002-11-12,2002,3.89
2002-11-13,2002,3.89
2002-11-14,2002,3.9
2002-11-18,2002,3.9
2002-11-19,2002,3.9
2002-11-20,2002,3.9
2002-11-21,2002,3.9
2002-11-22,2002,3.9
2002-11-25,2002,3.9
2002-11-26,2002,3.9
2002-11-27,2002,3.9
2002-11-28,2002,3.9
2002-11-29,2002,3.9
2002-12-02,2002,3.9
2002-12-03,2002,3.9
2002-12-04,2002,3.9
2002-12-05,2002,3.9
2002-12-06,2002,3.9
2002-12-09,2002,3.9
2002-12-10,2002,3.9
2002-12-11,2002,3.9
2002-12-12,2002,3.9
2002-12-13,2002,3.9
2002-12-16,2002,3.9
2002-12-17,2002,3.9
2002-12-18,2002,3.9
2002-12-19,2002,3.9
2002-12-20,2002,3.9
2002-12-23,2002,3.9
2002-12-24,2002,3.9
2002-12-26,2002,3.9
2002-12-27,2002,3.9
2002-12-30,2002,3.9
2002-12-31,2002,3.9
2003-01-02,2002,3.9
2003-01-03,2002,3.9
2003-01-06,2002,3.9
2003-01-07,2002,3.9
2003-01-08,2002,3.9
2003-01-09,2002,3.9
2003-01-10,2002,3.9
2003-01-13,2002,3.9
2003-01-14,2002,3.9
2003-01-15,2002,3.9
2003-01-16,2002,3.9
2003-01-17,2002,3.9
2003-01-20,2002,3.91
2003-01-21,2002,3.91
2003-01-22,2002,3.93
2003-01-23,2002,3.95
2003-01-24,2002,3.95
2003-01-27,2002,3.95
2003-01-28,2002,3.96
2003-01-29,2002,3.95
2001-01-31,2003,2.1
2001-02-01,2003,2.1
2001-02-02,2003,2.1
2001-02-05,2003,2.1
2001-02-06,2003,2.1
2001-02-07,2003,2.1
2001-02-08,2003,2.1
2001-02-09,2003,2.1
2001-02-12,2003,2.1
2001-02-13,2003,2.2
2001-02-14,2003,2.2
2001-02-15,2003,2.2
2001-02-16,2003,2.2
2001-02-19,2003,2.2
2001-02-20,2003,2.2
2001-02-21,2003,2.2
2001-02-22,2003,2.2
2001-02-23,2003,2.2
2001-02-28,2003,2.2
2001-03-01,2003,2.2
2001-03-02,2003,2.2
2001-03-05,2003,2.2
2001-03-06,2003,2.2
2001-03-07,2003,2.2
2001-03-08,2003,2.2
2001-03-09,2003,2.2
2001-03-12,2003,2.2
2001-03-13,2003,2.2
2001-03-14,2003,2.2
2001-03-15,2003,2.2
2001-03-16,2003,2.2
2001-03-19,2003,2.2
2001-03-20,2003,2.2
2001-03-21,2003,2.2
2001-03-22,2003,2.2
2001-03-23,2003,2.2
2001-03-26,2003,2.2
2001-03-27,2003,2.2
2001-03-28,2003,2.2
2001-03-29,2003,2.2
2001-03-30,2003,2.2
2001-04-02,2003,2.2
2001-04-03,2003,2.2
2001-04-04,2003,2.2
2001-04-05,2003,2.2
2001-04-06,2003,2.2
2001-04-09,2003,2.2
2001-04-10,2003,2.2
2001-04-11,2003,2.2
2001-04-12,2003,2.2
2001-04-16,2003,2.2
2001-04-17,2003,2.2
2001-04-18,2003,2.2
2001-04-19,2003,2.2
2001-04-20,2003,2.2
2001-04-23,2003,2.2
2001-04-24,2003,2.2
2001-04-25,2003,2.2
2001-04-26,2003,2.2
2001-04-27,2003,2.2
2001-04-30,2003,2.2
2001-05-02,2003,2.2
2001-05-03,2003,2.2
2001-05-04,2003,2.2
2001-05-07,2003,2.2
2001-05-08,2003,2.2
2001-05-09,2003,2.2
2001-05-10,2003,2.2
2001-05-11,2003,2.2
2001-05-14,2003,2.2
2001-05-15,2003,2.2
2001-05-16,2003,2.2
2001-05-17,2003,2.2
2001-05-18,2003,2.2
2001-05-21,2003,2.25
2001-05-22,2003,2.25
2001-05-23,2003,2.25
2001-05-24,2003,2.2
2001-05-25,2003,2.2
2001-05-28,2003,2.2
2001-05-29,2003,2.2
2001-05-30,2003,2.3
2001-05-31,2003,2.3
2001-06-01,2003,2.5
2001-06-04,2003,2.5
2001-06-05,2003,2.3
2001-06-06,2003,2.3
2001-06-07,2003,2.3
2001-06-08,2003,2.3
2001-06-11,2003,2.3
2001-06-12,2003,2.3
2001-06-13,2003,2.3
2001-06-18,2003,2.3
2001-06-19,2003,2.6
2001-06-20,2003,2.6
2001-06-21,2003,2.6
2001-06-22,2003,2.6
2001-06-25,2003,2.6
2001-06-26,2003,2.6
2001-06-27,2003,2.55
2001-06-28,2003,2.55
2001-06-29,2003,2.55
2001-07-02,2003,2.55
2001-07-03,2003,2.6
2001-07-04,2003,2.6
2001-07-05,2003,2.65
2001-07-06,2003,2.65
2001-07-09,2003,2.65
2001-07-10,2003,2.6
2001-07-11,2003,2.6
2001-07-12,2003,2.6
2001-07-13,2003,2.6
2001-07-16,2003,2.55
2001-07-17,2003,2.55
2001-07-18,2003,2.7
2001-07-19,2003,2.7
2001-07-20,2003,2.85
2001-07-23,2003,2.85
2001-07-24,2003,3.0
2001-07-25,2003,3.0
2001-07-26,2003,3.0
2001-07-27,2003,3.0
2001-07-30,2003,3.0
2001-07-31,2003,3.0
2001-08-01,2003,3.0
2001-08-02,2003,3.0
2001-08-03,2003,3.0
2001-08-06,2003,3.0
2001-08-07,2003,3.0
2001-08-08,2003,3.0
2001-08-09,2003,3.0
2001-08-10,2003,3.0
2001-08-13,2003,3.0
2001-08-14,2003,3.0
2001-08-15,2003,3.0
2001-08-16,2003,3.0
2001-08-17,2003,3.0
2001-08-20,2003,3.0
2001-08-21,2003,3.0
2001-08-22,2003,3.0
2001-08-23,2003,3.0
2001-08-24,2003,3.0
2001-08-27,2003,3.0
2001-08-28,2003,3.0
2001-08-29,2003,3.0
2001-08-30,2003,3.0
2001-08-31,2003,3.0
2001-09-03,2003,3.0
2001-09-04,2003,3.0
2001-09-05,2003,3.0
2001-09-06,2003,3.0
2001-09-10,2003,3.0
2001-09-11,2003,3.0
2001-09-12,2003,3.0
2001-09-13,2003,3.0
2001-09-14,2003,3.0
2001-09-17,2003,3.0
2001-09-18,2003,3.0
2001-09-19,2003,3.0
2001-09-20,2003,3.0
2001-09-21,2003,3.0
2001-09-24,2003,3.0
2001-09-25,2003,3.0
2001-09-26,2003,3.0
2001-09-27,2003,3.0
2001-09-28,2003,3.0
2001-10-01,2003,3.01
2001-10-02,2003,3.07
2001-10-03,2003,3.0
2001-10-04,2003,3.0
2001-10-05,2003,3.0
2001-10-08,2003,3.0
2001-10-09,2003,3.0
2001-10-10,2003,3.0
2001-10-11,2003,3.0
2001-10-15,2003,3.0
2001-10-16,2003,3.0
2001-10-17,2003,3.0
2001-10-18,2003,3.0
2001-10-19,2003,3.0
2001-10-22,2003,3.0
2001-10-23,2003,3.0
2001-10-24,2003,3.0
2001-10-25,2003,3.0
2001-10-26,2003,3.0
2001-10-29,2003,3.0
2001-10-30,2003,3.0
2001-10-31,2003,3.0
2001-11-01,2003,3.0
2001-11-06,2003,3.0
2001-11-07,2003,3.0
2001-11-08,2003,3.0
2001-11-09,2003,3.0
2001-11-12,2003,3.0
2001-11-13,2003,3.0
2001-11-14,2003,3.05
2001-11-16,2003,3.05
2001-11-19,2003,3.0
2001-11-20,2003,3.0
2001-11-21,2003,3.0
2001-11-22,2003,3.0
2001-11-23,2003,3.0
2001-11-26,2003,3.0
2001-11-27,2003,3.0
2001-11-28,2003,3.0
2001-11-29,2003,3.0
2001-11-30,2003,3.0
2001-12-03,2003,3.0
2001-12-04,2003,3.0
2001-12-05,2003,3.0
2001-12-06,2003,3.0
2001-12-07,2003,3.05
2001-12-10,2003,3.05
2001-12-11,2003,3.0
2001-12-12,2003,3.0
2001-12-13,2003,3.0
2001-12-14,2003,3.0
2001-12-17,2003,3.0
2001-12-18,2003,3.1
2001-12-19,2003,3.1
2001-12-20,2003,3.2
2001-12-21,2003,3.2
2001-12-24,2003,3.2
2001-12-26,2003,3.2
2001-12-27,2003,3.2
2001-12-28,2003,3.2
2001-12-31,2003,3.2
2002-01-02,2003,3.2
2002-01-03,2003,3.2
2002-01-04,2003,3.1
2002-01-07,2003,3.1
2002-01-08,2003,3.1
2002-01-09,2003,3.1
2002-01-10,2003,3.05
2002-01-11,2003,3.0
2002-01-14,2003,3.0
2002-01-15,2003,3.0
2002-01-16,2003,3.0
2002-01-17,2003,3.0
2002-01-18,2003,3.0
2002-01-21,2003,3.0
2002-01-22,2003,3.0
2002-01-23,2003,3.0
2002-01-24,2003,3.05
2002-01-25,2003,3.05
2002-01-28,2003,3.05
2002-01-29,2003,3.05
2002-01-30,2003,3.05
2002-01-31,2003,3.05
2002-02-01,2003,3.05
2002-02-04,2003,3.1
2002-02-05,2003,3.0
2002-02-06,2003,3.0
2002-02-07,2003,3.05
2002-02-08,2003,3.0
2002-02-11,2003,3.05
2002-02-13,2003,3.05
2002-02-14,2003,3.0
2002-02-15,2003,3.0
2002-02-18,2003,3.0
2002-02-19,2003,3.05
2002-02-20,2003,3.1
2002-02-21,2003,3.1
2002-02-22,2003,3.1
2002-02-25,2003,3.13
2002-02-26,2003,3.1
2002-02-27,2003,3.0
2002-02-28,2003,3.0
2002-03-01,2003,3.05
2002-03-04,2003,3.0
2002-03-05,2003,3.0
2002-03-06,2003,3.0
2002-03-07,2003,3.0
2002-03-08,2003,3.0
2002-03-11,2003,3.0
2002-03-12,2003,3.0
2002-03-13,2003,3.0
2002-03-14,2003,3.0
2002-03-15,2003,3.0
2002-03-18,2003,3.0
2002-03-19,2003,3.0
2002-03-20,2003,3.0
2002-03-21,2003,3.0
2002-03-22,2003,3.0
2002-03-25,2003,3.0
2002-03-26,2003,3.0
2002-03-27,2003,3.0
2002-03-28,2003,3.0
2002-04-01,2003,3.1
2002-04-02,2003,3.1
2002-04-03,2003,3.1
2002-04-04,2003,3.1
2002-04-05,2003,3.13
2002-04-08,2003,3.13
2002-04-09,2003,3.13
2002-04-10,2003,3.25
2002-04-11,2003,3.3
2002-04-12,2003,3.2
2002-04-15,2003,3.2
2002-04-16,2003,3.2
2002-04-17,2003,3.2
2002-04-18,2003,3.2
2002-04-19,2003,3.2
2002-04-22,2003,3.2
2002-04-23,2003,3.2
2002-04-24,2003,3.2
2002-04-25,2003,3.2
2002-04-26,2003,3.2
2002-04-29,2003,3.2
2002-04-30,2003,3.2
2002-05-02,2003,3.2
2002-05-03,2003,3.2
2002-05-06,2003,3.2
2002-05-07,2003,3.18
2002-05-08,2003,3.18
2002-05-09,2003,3.05
2002-05-10,2003,3.05
2002-05-13,2003,3.0
2002-05-14,2003,3.0
2002-05-15,2003,3.0
2002-05-16,2003,3.0
2002-05-17,2003,3.0
2002-05-20,2003,3.0
2002-05-21,2003,3.0
2002-05-22,2003,3.0
2002-05-23,2003,3.0
2002-05-24,2003,3.0
2002-05-27,2003,3.0
2002-05-28,2003,3.0
2002-05-29,2003,3.0
2002-05-31,2003,3.0
2002-06-03,2003,3.0
2002-06-04,2003,3.0
2002-06-05,2003,3.0
2002-06-06,2003,3.0
2002-06-07,2003,3.0
2002-06-10,2003,3.0
2002-06-11,2003,3.0
2002-06-12,2003,3.0
2002-06-13,2003,3.1
2002-06-14,2003,3.1
2002-06-17,2003,3.1
2002-06-18,2003,3.1
2002-06-19,2003,3.1
2002-06-20,2003,3.2
2002-06-21,2003,3.3
2002-06-24,2003,3.45
2002-06-25,2003,3.45
2002-06-26,2003,3.45
2002-06-27,2003,3.45
2002-06-28,2003,3.5
2002-07-01,2003,3.5
2002-07-02,2003,3.5
2002-07-03,2003,3.5
2002-07-04,2003,3.5
2002-07-05,2003,3.5
2002-07-08,2003,3.5
2002-07-09,2003,3.5
2002-07-10,2003,3.5
2002-07-11,2003,3.5
2002-07-12,2003,3.5
2002-07-15,2003,3.5
2002-07-16,2003,3.5
2002-07-17,2003,3.5
2002-07-18,2003,3.5
2002-07-19,2003,3.5
2002-07-22,2003,3.5
2002-07-23,2003,3.5
2002-07-24,2003,3.5
2002-07-25,2003,3.5
2002-07-26,2003,3.5
2002-07-29,2003,3.5
2002-07-30,2003,3.5
2002-07-31,2003,3.5
2002-08-01,2003,3.5
2002-08-02,2003,3.5
2002-08-05,2003,3.5
2002-08-06,2003,3.5
2002-08-07,2003,3.5
2002-08-08,2003,3.5
2002-08-09,2003,3.7
2002-08-12,2003,3.75
2002-08-13,2003,3.75
2002-08-14,2003,3.75
2002-08-15,2003,3.75
2002-08-16,2003,3.75
2002-08-19,2003,3.75
2002-08-20,2003,3.75
2002-08-21,2003,3.75
2002-08-22,2003,3.75
2002-08-23,2003,3.75
2002-08-26,2003,3.75
2002-08-27,2003,3.75
2002-08-28,2003,3.75
2002-08-29,2003,3.75
2002-08-30,2003,3.75
2002-09-02,2003,3.75
2002-09-03,2003,3.75
2002-09-04,2003,3.75
2002-09-05,2003,3.75
2002-09-06,2003,3.75
2002-09-09,2003,3.75
2002-09-10,2003,3.75
2002-09-11,2003,3.75
2002-09-12,2003,3.75
2002-09-13,2003,3.75
2002-09-16,2003,3.75
2002-09-17,2003,3.75
2002-09-18,2003,3.75
2002-09-19,2003,3.75
2002-09-20,2003,3.75
2002-09-23,2003,3.75
2002-09-24,2003,3.75
2002-09-25,2003,3.75
2002-09-26,2003,3.75
2002-09-27,2003,3.75
2002-09-30,2003,3.75
2002-10-01,2003,3.75
2002-10-02,2003,3.75
2002-10-03,2003,3.75
2002-10-04,2003,3.75
2002-10-07,2003,3.75
2002-10-08,2003,3.75
2002-10-09,2003,3.75
2002-10-10,2003,3.75
2002-10-11,2003,3.75
2002-10-14,2003,3.75
2002-10-15,2003,3.75
2002-10-16,2003,3.75
2002-10-17,2003,3.75
2002-10-18,2003,3.75
2002-10-21,2003,3.75
2002-10-22,2003,3.75
2002-10-23,2003,3.75
2002-10-24,2003,3.75
2002-10-25,2003,3.75
2002-10-28,2003,3.75
2002-10-29,2003,3.75
2002-10-30,2003,3.75
2002-10-31,2003,3.75
2002-11-01,2003,3.75
2002-11-04,2003,3.75
2002-11-05,2003,3.75
2002-11-06,2003,3.75
2002-11-07,2003,3.75
2002-11-08,2003,3.75
2002-11-11,2003,3.75
2002-11-12,2003,3.75
2002-11-13,2003,3.75
2002-11-14,2003,3.75
2002-11-18,2003,3.75
2002-11-19,2003,3.75
2002-11-20,2003,3.75
2002-11-21,2003,3.75
2002-11-22,2003,3.75
2002-11-25,2003,3.75
2002-11-26,2003,3.75
2002-11-27,2003,3.75
2002-11-28,2003,3.75
2002-11-29,2003,3.75
2002-12-02,2003,3.75
2002-12-03,2003,3.75
2002-12-04,2003,3.75
2002-12-05,2003,3.75
2002-12-06,2003,3.75
2002-12-09,2003,3.75
2002-12-10,2003,3.75
2002-12-11,2003,3.75
2002-12-12,2003,3.75
2002-12-13,2003,3.75
2002-12-16,2003,3.75
2002-12-17,2003,3.75
2002-12-18,2003,3.75
2002-12-19,2003,3.75
2002-12-20,2003,3.75
2002-12-23,2003,3.75
2002-12-24,2003,3.75
2002-12-26,2003,3.75
2002-12-27,2003,3.75
2002-12-30,2003,3.75
2002-12-31,2003,3.75
2003-01-02,2003,3.75
2003-01-03,2003,3.77
2003-01-06,2003,3.8
2003-01-07,2003,3.8
2003-01-08,2003,3.8
2003-01-09,2003,3.8
2003-01-10,2003,3.8
2003-01-13,2003,3.83
2003-01-14,2003,3.8
2003-01-15,2003,3.85
2003-01-16,2003,3.83
2003-01-17,2003,3.85
2003-01-20,2003,3.9
2003-01-21,2003,3.9
2003-01-22,2003,3.9
2003-01-23,2003,3.88
2003-01-24,2003,3.9
2003-01-27,2003,3.9
2003-01-28,2003,3.9
2003-01-29,2003,4.0
2003-01-30,2003,4.0
2003-01-31,2003,4.0
2003-02-03,2003,4.0
2003-02-04,2003,4.0
2003-02-05,2003,4.0
2003-02-06,2003,4.0
2003-02-07,2003,4.0
2003-02-10,2003,4.1
2003-02-11,2003,4.1
2003-02-12,2003,4.2
2003-02-13,2003,4.2
2003-02-14,2003,4.25
2003-02-17,2003,4.25
2003-02-18,2003,4.25
2003-02-19,2003,4.25
2003-02-20,2003,4.25
2003-02-21,2003,4.25
2003-02-24,2003,4.25
2003-02-25,2003,4.25
2003-02-26,2003,4.25
2003-02-27,2003,4.25
2003-02-28,2003,4.25
2003-03-05,2003,4.25
2003-03-06,2003,4.25
2003-03-07,2003,4.25
2003-03-10,2003,4.25
2003-03-11,2003,4.25
2003-03-12,2003,4.25
2003-03-13,2003,4.25
2003-03-14,2003,4.25
2003-03-17,2003,4.25
2003-03-18,2003,4.25
2003-03-19,2003,4.25
2003-03-20,2003,4.25
2003-03-21,2003,4.25
2003-03-24,2003,4.25
2003-03-25,2003,4.25
2003-03-26,2003,4.25
2003-03-27,2003,4.25
2003-03-28,2003,4.25
2003-03-31,2003,4.25
2003-04-01,2003,4.25
2003-04-02,2003,4.25
2003-04-03,2003,4.25
2003-04-04,2003,4.25
2003-04-07,2003,4.25
2003-04-08,2003,4.25
2003-04-09,2003,4.25
2003-04-10,2003,4.25
2003-04-11,2003,4.25
2003-04-14,2003,4.25
2003-04-15,2003,4.25
2003-04-16,2003,4.25
2003-04-17,2003,4.25
2003-04-22,2003,4.25
2003-04-23,2003,4.25
2003-04-24,2003,4.25
2003-04-25,2003,4.25
2003-04-28,2003,4.25
2003-04-29,2003,4.25
2003-04-30,2003,4.25
2003-05-02,2003,4.25
2003-05-05,2003,4.25
2003-05-06,2003,4.25
2003-05-07,2003,4.25
2003-05-08,2003,4.25
2003-05-09,2003,4.25
2003-05-12,2003,4.25
2003-05-13,2003,4.25
2003-05-14,2003,4.25
2003-05-15,2003,4.25
2003-05-16,2003,4.25
2003-05-19,2003,4.25
2003-05-20,2003,4.25
2003-05-21,2003,4.25
2003-05-22,2003,4.25
2003-05-23,2003,4.25
2003-05-26,2003,4.25
2003-05-27,2003,4.25
2003-05-28,2003,4.25
2003-05-29,2003,4.25
2003-05-30,2003,4.25
2003-06-02,2003,4.25
2003-06-03,2003,4.25
2003-06-04,2003,4.25
2003-06-05,2003,4.25
2003-06-06,2003,4.25
2003-06-09,2003,4.25
2003-06-10,2003,4.25
2003-06-11,2003,4.25
2003-06-12,2003,4.25
2003-06-13,2003,4.25
2003-06-16,2003,4.25
2003-06-17,2003,4.25
2003-06-18,2003,4.25
2003-06-20,2003,4.25
2003-06-23,2003,4.25
2003-06-24,2003,4.25
2003-06-25,2003,4.25
2003-06-26,2003,4.25
2003-06-27,2003,4.25
2003-06-30,2003,4.25
2003-07-01,2003,4.25
2003-07-02,2003,4.25
2003-07-03,2003,4.25
2003-07-04,2003,4.25
2003-07-07,2003,4.25
2003-07-08,2003,4.25
2003-07-09,2003,4.25
2003-07-10,2003,4.25
2003-07-11,2003,4.25
2003-07-14,2003,4.25
2003-07-15,2003,4.25
2003-07-16,2003,4.25
2003-07-17,2003,4.25
2003-07-18,2003,4.25
2003-07-21,2003,4.29
2003-07-22,2003,4.29
2003-07-23,2003,4.28
2003-07-24,2003,4.27
2003-07-25,2003,4.27
2003-07-28,2003,4.25
2003-07-29,2003,4.25
2003-07-30,2003,4.27
2003-07-31,2003,4.28
2003-08-01,2003,4.28
2003-08-04,2003,4.27
2003-08-05,2003,4.28
2003-08-06,2003,4.28
2003-08-07,2003,4.28
2003-08-08,2003,4.29
2003-08-11,2003,4.28
2003-08-12,2003,4.28
2003-08-13,2003,4.28
2003-08-14,2003,4.25
2003-08-15,2003,4.25
2003-08-18,2003,4.25
2003-08-19,2003,4.25
2003-08-20,2003,4.25
2003-08-21,2003,4.27
2003-08-22,2003,4.25
2003-08-25,2003,4.25
2003-08-26,2003,4.25
2003-08-27,2003,4.25
2003-08-28,2003,4.25
2003-08-29,2003,4.25
2003-09-01,2003,4.25
2003-09-02,2003,4.25
2003-09-03,2003,4.25
2003-09-04,2003,4.25
2003-09-05,2003,4.25
2003-09-08,2003,4.25
2003-09-09,2003,4.25
2003-09-10,2003,4.25
2003-09-11,2003,4.25
2003-09-12,2003,4.25
2003-09-15,2003,4.25
2003-09-16,2003,4.25
2003-09-17,2003,4.25
2003-09-18,2003,4.25
2003-09-19,2003,4.25
2003-09-22,2003,4.25
2003-09-23,2003,4.25
2003-09-24,2003,4.25
2003-09-25,2003,4.25
2003-09-26,2003,4.25
2003-09-29,2003,4.25
2003-09-30,2003,4.25
2003-10-01,2003,4.25
2003-10-02,2003,4.25
2003-10-03,2003,4.25
2003-10-06,2003,4.25
2003-10-07,2003,4.25
2003-10-08,2003,4.25
2003-10-09,2003,4.25
2003-10-10,2003,4.25
2003-10-13,2003,4.25
2003-10-14,2003,4.25
2003-10-15,2003,4.25
2003-10-16,2003,4.25
2003-10-17,2003,4.25
2003-10-20,2003,4.25
2003-10-21,2003,4.25
2003-10-22,2003,4.25
2003-10-23,2003,4.25
2003-10-24,2003,4.25
2003-10-28,2003,4.25
2003-10-29,2003,4.25
2003-10-30,2003,4.25
2003-10-31,2003,4.25
2003-11-03,2003,4.25
2003-11-04,2003,4.25
2003-11-05,2003,4.25
2003-11-06,2003,4.25
2003-11-07,2003,4.25
2003-11-10,2003,4.25
2003-11-11,2003,4.25
2003-11-12,2003,4.25
2003-11-13,2003,4.25
2003-11-14,2003,4.25
2003-11-17,2003,4.25
2003-11-18,2003,4.25
2003-11-19,2003,4.25
2003-11-20,2003,4.25
2003-11-21,2003,4.25
2003-11-24,2003,4.25
2003-11-25,2003,4.25
2003-11-26,2003,4.25
2003-11-27,2003,4.25
2003-11-28,2003,4.25
2003-12-01,2003,4.25
2003-12-02,2003,4.25
2003-12-03,2003,4.25
2003-12-04,2003,4.25
2003-12-05,2003,4.25
2003-12-08,2003,4.25
2003-12-09,2003,4.25
2003-12-10,2003,4.25
2003-12-11,2003,4.25
2003-12-12,2003,4.25
2003-12-15,2003,4.25
2003-12-16,2003,4.25
2003-12-17,2003,4.25
2003-12-18,2003,4.25
2003-12-19,2003,4.25
2003-12-22,2003,4.25
2003-12-23,2003,4.25
2003-12-26,2003,4.25
2003-12-29,2003,4.25
2003-12-30,2003,4.25
2004-01-02,2003,4.25
2004-01-05,2003,4.25
2004-01-06,2003,4.25
2004-01-07,2003,4.25
2004-01-08,2003,4.25
2004-01-09,2003,4.25
2004-01-12,2003,4.25
2004-01-14,2003,4.25
2004-01-15,2003,4.25
2004-01-16,2003,4.25
2004-01-19,2003,4.25
2004-01-20,2003,4.25
2004-01-21,2003,4.25
2004-01-22,2003,4.25
2004-01-23,2003,4.25
2004-01-26,2003,4.25
2004-01-27,2003,4.25
2004-01-28,2003,4.25
2004-01-29,2003,4.25
2001-11-06,2004,2.25
2001-11-07,2004,2.25
2001-11-08,2004,2.75
2001-11-09,2004,2.75
2001-11-12,2004,2.9
2001-11-13,2004,2.95
2001-11-14,2004,2.97
2001-11-16,2004,2.97
2001-11-19,2004,2.94
2001-11-20,2004,2.94
2001-11-21,2004,2.9
2001-11-22,2004,2.89
2001-11-23,2004,2.89
2001-11-26,2004,2.89
2001-11-27,2004,2.9
2001-11-28,2004,2.9
2001-11-29,2004,2.89
2001-11-30,2004,2.87
2001-12-03,2004,2.87
2001-12-04,2004,2.87
2001-12-05,2004,2.87
2001-12-06,2004,2.87
2001-12-07,2004,2.89
2001-12-10,2004,2.89
2001-12-11,2004,2.9
2001-12-12,2004,2.9
2001-12-13,2004,2.9
2001-12-14,2004,2.9
2001-12-17,2004,2.95
2001-12-18,2004,3.0
2001-12-19,2004,3.0
2001-12-20,2004,3.0
2001-12-21,2004,3.0
2001-12-24,2004,3.0
2001-12-26,2004,3.0
2001-12-27,2004,3.0
2001-12-28,2004,3.0
2001-12-31,2004,3.0
2002-01-02,2004,3.0
2002-01-03,2004,3.0
2002-01-04,2004,3.0
2002-01-07,2004,3.0
2002-01-08,2004,3.0
2002-01-09,2004,3.0
2002-01-10,2004,3.0
2002-01-11,2004,3.0
2002-01-14,2004,3.0
2002-01-15,2004,3.0
2002-01-16,2004,3.0
2002-01-17,2004,3.0
2002-01-18,2004,2.95
2002-01-21,2004,2.9
2002-01-22,2004,2.95
2002-01-23,2004,2.95
2002-01-24,2004,3.0
2002-01-25,2004,3.0
2002-01-28,2004,3.0
2002-01-29,2004,3.0
2002-01-30,2004,3.0
2002-01-31,2004,3.0
2002-02-01,2004,3.0
2002-02-04,2004,3.0
2002-02-05,2004,3.0
2002-02-06,2004,3.0
2002-02-07,2004,3.0
2002-02-08,2004,3.0
2002-02-11,2004,3.0
2002-02-13,2004,3.0
2002-02-14,2004,3.0
2002-02-15,2004,3.0
2002-02-18,2004,3.0
2002-02-19,2004,3.0
2002-02-20,2004,3.0
2002-02-21,2004,3.0
2002-02-22,2004,3.0
2002-02-25,2004,3.0
2002-02-26,2004,3.0
2002-02-27,2004,3.0
2002-02-28,2004,3.0
2002-03-01,2004,3.0
2002-03-04,2004,3.0
2002-03-05,2004,3.0
2002-03-06,2004,3.0
2002-03-07,2004,3.0
2002-03-08,2004,3.0
2002-03-11,2004,3.0
2002-03-12,2004,3.0
2002-03-13,2004,3.0
2002-03-14,2004,3.0
2002-03-15,2004,3.0
2002-03-18,2004,3.0
2002-03-19,2004,3.0
2002-03-20,2004,3.0
2002-03-21,2004,3.0
2002-03-22,2004,3.0
2002-03-25,2004,3.0
2002-03-26,2004,3.0
2002-03-27,2004,3.0
2002-03-28,2004,3.0
2002-04-01,2004,3.0
2002-04-02,2004,3.0
2002-04-03,2004,3.0
2002-04-04,2004,3.0
2002-04-05,2004,3.0
2002-04-08,2004,3.0
2002-04-09,2004,3.0
2002-04-10,2004,3.0
2002-04-11,2004,3.0
2002-04-12,2004,3.0
2002-04-15,2004,3.0
2002-04-16,2004,3.0
2002-04-17,2004,3.0
2002-04-18,2004,3.0
2002-04-19,2004,3.0
2002-04-22,2004,3.0
2002-04-23,2004,3.0
2002-04-24,2004,3.0
2002-04-25,2004,3.0
2002-04-26,2004,3.0
2002-04-29,2004,3.0
2002-04-30,2004,3.0
2002-05-02,2004,3.0
2002-05-03,2004,3.0
2002-05-06,2004,3.0
2002-05-07,2004,3.0
2002-05-08,2004,3.0
2002-05-09,2004,3.0
2002-05-10,2004,3.0
2002-05-13,2004,3.0
2002-05-14,2004,3.0
2002-05-15,2004,3.0
2002-05-16,2004,3.0
2002-05-17,2004,3.0
2002-05-20,2004,3.0
2002-05-21,2004,3.0
2002-05-22,2004,3.0
2002-05-23,2004,3.0
2002-05-24,2004,3.0
2002-05-27,2004,3.0
2002-05-28,2004,3.0
2002-05-29,2004,3.0
2002-05-31,2004,3.0
2002-06-03,2004,3.0
2002-06-04,2004,3.0
2002-06-05,2004,3.0
2002-06-06,2004,3.0
2002-06-07,2004,3.0
2002-06-10,2004,3.0
2002-06-11,2004,3.0
2002-06-12,2004,3.0
2002-06-13,2004,3.0
2002-06-14,2004,3.0
2002-06-17,2004,3.0
2002-06-18,2004,3.0
2002-06-19,2004,3.0
2002-06-20,2004,3.0
2002-06-21,2004,3.0
2002-06-24,2004,3.0
2002-06-25,2004,3.0
2002-06-26,2004,3.0
2002-06-27,2004,3.0
2002-06-28,2004,3.0
2002-07-01,2004,3.0
2002-07-02,2004,3.0
2002-07-03,2004,3.0
2002-07-04,2004,3.0
2002-07-05,2004,3.0
2002-07-08,2004,3.0
2002-07-09,2004,3.0
2002-07-10,2004,3.0
2002-07-11,2004,3.0
2002-07-12,2004,3.0
2002-07-15,2004,3.0
2002-07-16,2004,3.0
2002-07-17,2004,3.0
2002-07-18,2004,3.0
2002-07-19,2004,3.0
2002-07-22,2004,3.0
2002-07-23,2004,3.0
2002-07-24,2004,3.0
2002-07-25,2004,3.0
2002-07-26,2004,3.0
2002-07-29,2004,3.0
2002-07-30,2004,3.0
2002-07-31,2004,3.0
2002-08-01,2004,3.0
2002-08-02,2004,3.0
2002-08-05,2004,3.0
2002-08-06,2004,3.0
2002-08-07,2004,3.0
2002-08-08,2004,3.0
2002-08-09,2004,3.0
2002-08-12,2004,3.0
2002-08-13,2004,3.15
2002-08-14,2004,3.15
2002-08-15,2004,3.5
2002-08-16,2004,3.5
2002-08-19,2004,3.5
2002-08-20,2004,3.5
2002-08-21,2004,3.5
2002-08-22,2004,3.5
2002-08-23,2004,3.5
2002-08-26,2004,3.5
2002-08-27,2004,3.5
2002-08-28,2004,3.5
2002-08-29,2004,3.5
2002-08-30,2004,3.5
2002-09-02,2004,3.5
2002-09-03,2004,3.5
2002-09-04,2004,3.5
2002-09-05,2004,3.5
2002-09-06,2004,3.5
2002-09-09,2004,3.5
2002-09-10,2004,3.5
2002-09-11,2004,3.5
2002-09-12,2004,3.5
2002-09-13,2004,3.5
2002-09-16,2004,3.5
2002-09-17,2004,3.5
2002-09-18,2004,3.5
2002-09-19,2004,3.5
2002-09-20,2004,3.5
2002-09-23,2004,3.5
2002-09-24,2004,3.5
2002-09-25,2004,3.5
2002-09-26,2004,3.5
2002-09-27,2004,3.63
2002-09-30,2004,3.5
2002-10-01,2004,3.5
2002-10-02,2004,3.5
2002-10-03,2004,3.5
2002-10-04,2004,3.5
2002-10-07,2004,3.75
2002-10-08,2004,3.63
2002-10-09,2004,3.63
2002-10-10,2004,3.63
2002-10-11,2004,3.63
2002-10-14,2004,3.75
2002-10-15,2004,3.75
2002-10-16,2004,3.75
2002-10-17,2004,3.75
2002-10-18,2004,3.75
2002-10-21,2004,3.75
2002-10-22,2004,3.75
2002-10-23,2004,3.75
2002-10-24,2004,3.75
2002-10-25,2004,3.75
2002-10-28,2004,3.75
2002-10-29,2004,3.75
2002-10-30,2004,3.75
2002-10-31,2004,3.75
2002-11-01,2004,3.75
2002-11-04,2004,3.75
2002-11-05,2004,3.75
2002-11-06,2004,3.75
2002-11-07,2004,3.75
2002-11-08,2004,3.75
2002-11-11,2004,3.75
2002-11-12,2004,3.75
2002-11-13,2004,3.75
2002-11-14,2004,3.75
2002-11-18,2004,3.75
2002-11-19,2004,3.75
2002-11-20,2004,3.75
2002-11-21,2004,3.75
2002-11-22,2004,3.75
2002-11-25,2004,3.75
2002-11-26,2004,3.75
2002-11-27,2004,3.75
2002-11-28,2004,3.75
2002-11-29,2004,3.75
2002-12-02,2004,3.75
2002-12-03,2004,3.75
2002-12-04,2004,3.75
2002-12-05,2004,3.75
2002-12-06,2004,3.75
2002-12-09,2004,3.75
2002-12-10,2004,3.75
2002-12-11,2004,3.75
2002-12-12,2004,3.75
2002-12-13,2004,3.75
2002-12-16,2004,3.75
2002-12-17,2004,3.75
2002-12-18,2004,3.75
2002-12-19,2004,3.75
2002-12-20,2004,3.75
2002-12-23,2004,3.75
2002-12-24,2004,3.75
2002-12-26,2004,3.75
2002-12-27,2004,3.75
2002-12-30,2004,3.75
2002-12-31,2004,3.75
2003-01-02,2004,3.75
2003-01-03,2004,3.75
2003-01-06,2004,3.75
2003-01-07,2004,3.75
2003-01-08,2004,3.75
2003-01-09,2004,3.75
2003-01-10,2004,3.75
2003-01-13,2004,3.75
2003-01-14,2004,3.75
2003-01-15,2004,3.75
2003-01-16,2004,3.75
2003-01-17,2004,3.75
2003-01-20,2004,3.75
2003-01-21,2004,3.75
2003-01-22,2004,3.75
2003-01-23,2004,3.75
2003-01-24,2004,3.75
2003-01-27,2004,3.75
2003-01-28,2004,3.75
2003-01-29,2004,3.75
2003-01-30,2004,3.75
2003-01-31,2004,3.75
2003-02-03,2004,3.75
2003-02-04,2004,3.75
2003-02-05,2004,3.75
2003-02-06,2004,3.75
2003-02-07,2004,3.8
2003-02-10,2004,3.9
2003-02-11,2004,3.9
2003-02-12,2004,3.8
2003-02-13,2004,3.9
2003-02-14,2004,4.0
2003-02-17,2004,4.0
2003-02-18,2004,4.0
2003-02-19,2004,4.0
2003-02-20,2004,4.0
2003-02-21,2004,4.0
2003-02-24,2004,4.0
2003-02-25,2004,4.0
2003-02-26,2004,4.0
2003-02-27,2004,4.0
2003-02-28,2004,4.0
2003-03-05,2004,4.0
2003-03-06,2004,4.0
2003-03-07,2004,4.0
2003-03-10,2004,4.0
2003-03-11,2004,4.0
2003-03-12,2004,4.0
2003-03-13,2004,4.0
2003-03-14,2004,4.0
2003-03-17,2004,4.0
2003-03-18,2004,4.0
2003-03-19,2004,4.0
2003-03-20,2004,4.0
2003-03-21,2004,4.0
2003-03-24,2004,4.0
2003-03-25,2004,4.0
2003-03-26,2004,4.0
2003-03-27,2004,4.0
2003-03-28,2004,4.0
2003-03-31,2004,4.0
2003-04-01,2004,4.0
2003-04-02,2004,4.0
2003-04-03,2004,4.0
2003-04-04,2004,4.0
2003-04-07,2004,4.0
2003-04-08,2004,4.0
2003-04-09,2004,4.0
2003-04-10,2004,4.0
2003-04-11,2004,4.0
2003-04-14,2004,4.0
2003-04-15,2004,4.0
2003-04-16,2004,4.0
2003-04-17,2004,4.0
2003-04-22,2004,4.05
2003-04-23,2004,4.25
2003-04-24,2004,4.25
2003-04-25,2004,4.25
2003-04-28,2004,4.25
2003-04-29,2004,4.25
2003-04-30,2004,4.25
2003-05-02,2004,4.25
2003-05-05,2004,4.25
2003-05-06,2004,4.25
2003-05-07,2004,4.25
2003-05-08,2004,4.25
2003-05-09,2004,4.25
2003-05-12,2004,4.25
2003-05-13,2004,4.25
2003-05-14,2004,4.25
2003-05-15,2004,4.25
2003-05-16,2004,4.25
2003-05-19,2004,4.25
2003-05-20,2004,4.25
2003-05-21,2004,4.25
2003-05-22,2004,4.25
2003-05-23,2004,4.25
2003-05-26,2004,4.25
2003-05-27,2004,4.25
2003-05-28,2004,4.25
2003-05-29,2004,4.25
2003-05-30,2004,4.25
2003-06-02,2004,4.25
2003-06-03,2004,4.25
2003-06-04,2004,4.25
2003-06-05,2004,4.25
2003-06-06,2004,4.25
2003-06-09,2004,4.25
2003-06-10,2004,4.25
2003-06-11,2004,4.25
2003-06-12,2004,4.25
2003-06-13,2004,4.25
2003-06-16,2004,4.25
2003-06-17,2004,4.25
2003-06-18,2004,4.25
2003-06-20,2004,4.25
2003-06-23,2004,4.25
2003-06-24,2004,4.25
2003-06-25,2004,4.25
2003-06-26,2004,4.25
2003-06-27,2004,4.25
2003-06-30,2004,4.25
2003-07-01,2004,4.25
2003-07-02,2004,4.25
2003-07-03,2004,4.25
2003-07-04,2004,4.25
2003-07-07,2004,4.25
2003-07-08,2004,4.25
2003-07-09,2004,4.25
2003-07-10,2004,4.25
2003-07-11,2004,4.25
2003-07-14,2004,4.25
2003-07-15,2004,4.25
2003-07-16,2004,4.25
2003-07-17,2004,4.25
2003-07-18,2004,4.25
2003-07-21,2004,4.25
2003-07-22,2004,4.25
2003-07-23,2004,4.25
2003-07-24,2004,4.25
2003-07-25,2004,4.25
2003-07-28,2004,4.25
2003-07-29,2004,4.25
2003-07-30,2004,4.25
2003-07-31,2004,4.25
2003-08-01,2004,4.25
2003-08-04,2004,4.25
2003-08-05,2004,4.25
2003-08-06,2004,4.25
2003-08-07,2004,4.25
2003-08-08,2004,4.25
2003-08-11,2004,4.25
2003-08-12,2004,4.25
2003-08-13,2004,4.25
2003-08-14,2004,4.25
2003-08-15,2004,4.25
2003-08-18,2004,4.25
2003-08-19,2004,4.25
2003-08-20,2004,4.25
2003-08-21,2004,4.25
2003-08-22,2004,4.25
2003-08-25,2004,4.25
2003-08-26,2004,4.25
2003-08-27,2004,4.25
2003-08-28,2004,4.25
2003-08-29,2004,4.25
2003-09-01,2004,4.25
2003-09-02,2004,4.25
2003-09-03,2004,4.25
2003-09-04,2004,4.25
2003-09-05,2004,4.25
2003-09-08,2004,4.25
2003-09-09,2004,4.25
2003-09-10,2004,4.25
2003-09-11,2004,4.25
2003-09-12,2004,4.25
2003-09-15,2004,4.25
2003-09-16,2004,4.25
2003-09-17,2004,4.25
2003-09-18,2004,4.25
2003-09-19,2004,4.25
2003-09-22,2004,4.25
2003-09-23,2004,4.25
2003-09-24,2004,4.25
2003-09-25,2004,4.25
2003-09-26,2004,4.25
2003-09-29,2004,4.25
2003-09-30,2004,4.25
2003-10-01,2004,4.25
2003-10-02,2004,4.25
2003-10-03,2004,4.25
2003-10-06,2004,4.25
2003-10-07,2004,4.25
2003-10-08,2004,4.25
2003-10-09,2004,4.25
2003-10-10,2004,4.25
2003-10-13,2004,4.25
2003-10-14,2004,4.25
2003-10-15,2004,4.25
2003-10-16,2004,4.25
2003-10-17,2004,4.25
2003-10-20,2004,4.25
2003-10-21,2004,4.25
2003-10-22,2004,4.25
2003-10-23,2004,4.25
2003-10-24,2004,4.25
2003-10-28,2004,4.25
2003-10-29,2004,4.25
2003-10-30,2004,4.25
2003-10-31,2004,4.25
2003-11-03,2004,4.25
2003-11-04,2004,4.25
2003-11-05,2004,4.25
2003-11-06,2004,4.25
2003-11-07,2004,4.25
2003-11-10,2004,4.25
2003-11-11,2004,4.25
2003-11-12,2004,4.25
2003-11-13,2004,4.25
2003-11-14,2004,4.25
2003-11-17,2004,4.25
2003-11-18,2004,4.25
2003-11-19,2004,4.25
2003-11-20,2004,4.25
2003-11-21,2004,4.25
2003-11-24,2004,4.25
2003-11-25,2004,4.25
2003-11-26,2004,4.25
2003-11-27,2004,4.25
2003-11-28,2004,4.25
2003-12-01,2004,4.25
2003-12-02,2004,4.25
2003-12-03,2004,4.25
2003-12-04,2004,4.25
2003-12-05,2004,4.25
2003-12-08,2004,4.25
2003-12-09,2004,4.25
2003-12-10,2004,4.25
2003-12-11,2004,4.25
2003-12-12,2004,4.25
2003-12-15,2004,4.25
2003-12-16,2004,4.25
2003-12-17,2004,4.25
2003-12-18,2004,4.25
2003-12-19,2004,4.25
2003-12-22,2004,4.25
2003-12-23,2004,4.25
2003-12-26,2004,4.25
2003-12-29,2004,4.25
2003-12-30,2004,4.25
2004-01-02,2004,4.25
2004-01-05,2004,4.25
2004-01-06,2004,4.25
2004-01-07,2004,4.25
2004-01-08,2004,4.25
2004-01-09,2004,4.25
2004-01-12,2004,4.25
2004-01-14,2004,4.25
2004-01-15,2004,4.25
2004-01-16,2004,4.25
2004-01-19,2004,4.25
2004-01-20,2004,4.25
2004-01-21,2004,4.25
2004-01-22,2004,4.25
2004-01-23,2004,4.25
2004-01-26,2004,4.25
2004-01-27,2004,4.25
2004-01-28,2004,4.25
2004-01-29,2004,4.25
2004-01-30,2004,4.25
2004-02-02,2004,4.25
2004-02-03,2004,4.25
2004-02-04,2004,4.25
2004-02-05,2004,4.25
2004-02-06,2004,4.25
2004-02-09,2004,4.25
2004-02-10,2004,4.25
2004-02-11,2004,4.25
2004-02-12,2004,4.25
2004-02-13,2004,4.25
2004-02-16,2004,4.25
2004-02-17,2004,4.25
2004-02-18,2004,4.25
2004-02-19,2004,4.25
2004-02-20,2004,4.25
2004-02-25,2004,4.25
2004-02-26,2004,4.25
2004-02-27,2004,4.25
2004-03-01,2004,4.25
2004-03-02,2004,4.25
2004-03-03,2004,4.25
2004-03-04,2004,4.25
2004-03-05,2004,4.25
2004-03-08,2004,4.25
2004-03-09,2004,4.25
2004-03-10,2004,4.25
2004-03-11,2004,4.25
2004-03-12,2004,4.25
2004-03-15,2004,4.25
2004-03-16,2004,4.25
2004-03-17,2004,4.25
2004-03-18,2004,4.25
2004-03-19,2004,4.25
2004-03-22,2004,4.25
2004-03-23,2004,4.25
2004-03-24,2004,4.25
2004-03-25,2004,4.25
2004-03-26,2004,4.25
2004-03-29,2004,4.25
2004-03-30,2004,4.25
2004-03-31,2004,4.25
2004-04-01,2004,4.25
2004-04-02,2004,4.25
2004-04-05,2004,4.25
2004-04-06,2004,4.25
2004-04-07,2004,4.25
2004-04-08,2004,4.25
2004-04-12,2004,4.25
2004-04-13,2004,4.25
2004-04-14,2004,4.25
2004-04-15,2004,4.25
2004-04-16,2004,4.25
2004-04-19,2004,4.25
2004-04-20,2004,4.25
2004-04-22,2004,4.25
2004-04-23,2004,4.25
2004-04-26,2004,4.25
2004-04-27,2004,4.25
2004-04-28,2004,4.25
2004-04-29,2004,4.25
2004-04-30,2004,4.25
2004-05-03,2004,4.25
2004-05-04,2004,4.25
2004-05-05,2004,4.25
2004-05-06,2004,4.25
2004-05-07,2004,4.25
2004-05-10,2004,4.25
2004-05-11,2004,4.25
2004-05-12,2004,4.25
2004-05-13,2004,4.25
2004-05-14,2004,4.25
2004-05-17,2004,4.25
2004-05-18,2004,4.25
2004-05-19,2004,4.25
2004-05-20,2004,4.25
2004-05-21,2004,4.25
2004-05-24,2004,4.25
2004-05-25,2004,4.25
2004-05-26,2004,4.25
2004-05-27,2004,4.25
2004-05-28,2004,4.25
2004-05-31,2004,4.25
2004-06-01,2004,4.25
2004-06-02,2004,4.25
2004-06-03,2004,4.25
2004-06-04,2004,4.25
2004-06-07,2004,4.25
2004-06-08,2004,4.25
2004-06-09,2004,4.25
2004-06-11,2004,4.25
2004-06-14,2004,4.25
2004-06-15,2004,4.25
2004-06-16,2004,4.25
2004-06-17,2004,4.25
2004-06-18,2004,4.25
2004-06-21,2004,4.25
2004-06-22,2004,4.25
2004-06-23,2004,4.25
2004-06-24,2004,4.25
2004-06-25,2004,4.25
2004-06-28,2004,4.25
2004-06-29,2004,4.25
2004-06-30,2004,4.25
2004-07-01,2004,4.25
2004-07-02,2004,4.25
2004-07-05,2004,4.25
2004-07-06,2004,4.25
2004-07-07,2004,4.25
2004-07-08,2004,4.25
2004-07-09,2004,4.25
2004-07-12,2004,4.25
2004-07-13,2004,4.25
2004-07-14,2004,4.25
2004-07-15,2004,4.25
2004-07-16,2004,4.25
2004-07-19,2004,4.25
2004-07-20,2004,4.25
2004-07-21,2004,4.25
2004-07-22,2004,4.25
2004-07-23,2004,4.25
2004-07-26,2004,4.25
2004-07-27,2004,4.25
2004-07-28,2004,4.25
2004-07-29,2004,4.25
2004-07-30,2004,4.25
2004-08-02,2004,4.25
2004-08-03,2004,4.25
2004-08-04,2004,4.25
2004-08-05,2004,4.25
2004-08-06,2004,4.25
2004-08-09,2004,4.25
2004-08-10,2004,4.25
2004-08-11,2004,4.25
2004-08-12,2004,4.25
2004-08-13,2004,4.25
2004-08-16,2004,4.25
2004-08-17,2004,4.25
2004-08-18,2004,4.25
2004-08-19,2004,4.25
2004-08-20,2004,4.25
2004-08-23,2004,4.25
2004-08-24,2004,4.25
2004-08-25,2004,4.25
2004-08-26,2004,4.25
2004-08-27,2004,4.25
2004-08-30,2004,4.25
2004-08-31,2004,4.25
2004-09-01,2004,4.25
2004-09-02,2004,4.25
2004-09-03,2004,4.25
2004-09-06,2004,4.25
2004-09-08,2004,4.25
2004-09-09,2004,4.25
2004-09-10,2004,4.25
2004-09-13,2004,4.25
2004-09-14,2004,4.25
2004-09-15,2004,4.25
2004-09-16,2004,4.25
2004-09-17,2004,4.25
2004-09-20,2004,4.25
2004-09-21,2004,4.25
2004-09-22,2004,4.25
2004-09-23,2004,4.25
2004-09-24,2004,4.3
2004-09-27,2004,4.5
2004-09-28,2004,4.5
2004-09-29,2004,4.5
2004-09-30,2004,4.5
2004-10-01,2004,4.5
2004-10-04,2004,4.5
2004-10-05,2004,4.5
2004-10-06,2004,4.5
2004-10-07,2004,4.5
2004-10-08,2004,4.5
2004-10-11,2004,4.5
2004-10-13,2004,4.5
2004-10-14,2004,4.5
2004-10-15,2004,4.5
2004-10-18,2004,4.5
2004-10-19,2004,4.5
2004-10-20,2004,4.5
2004-10-21,2004,4.5
2004-10-22,2004,4.5
2004-10-25,2004,4.5
2004-10-26,2004,4.5
2004-10-27,2004,4.5
2004-10-28,2004,4.5
2004-10-29,2004,4.5
2004-11-03,2004,4.5
2004-11-04,2004,4.5
2004-11-05,2004,4.5
2004-11-08,2004,4.5
2004-11-09,2004,4.5
2004-11-10,2004,4.5
2004-11-11,2004,4.5
2004-11-12,2004,4.5
2004-11-16,2004,4.5
2004-11-17,2004,4.5
2004-11-18,2004,4.5
2004-11-19,2004,4.5
2004-11-22,2004,4.5
2004-11-23,2004,4.5
2004-11-24,2004,4.5
2004-11-25,2004,4.5
2004-11-26,2004,4.5
2004-11-29,2004,4.5
2004-11-30,2004,4.5
2004-12-01,2004,4.5
2004-12-02,2004,4.5
2004-12-03,2004,4.5
2004-12-06,2004,4.5
2004-12-07,2004,4.5
2004-12-08,2004,4.5
2004-12-09,2004,4.5
2004-12-10,2004,4.5
2004-12-13,2004,4.5
2004-12-14,2004,4.5
2004-12-15,2004,4.5
2004-12-16,2004,4.5
2004-12-17,2004,4.5
2004-12-20,2004,4.5
2004-12-21,2004,4.5
2004-12-22,2004,4.5
2004-12-23,2004,4.5
2004-12-27,2004,4.5
2004-12-28,2004,4.5
2004-12-29,2004,4.5
2004-12-30,2004,4.5
2005-01-03,2004,4.5
2005-01-04,2004,4.5
2005-01-05,2004,4.5
2005-01-06,2004,4.5
2005-01-07,2004,4.5
2005-01-10,2004,4.5
2005-01-11,2004,4.5
2005-01-12,2004,4.5
2005-01-13,2004,4.5
2001-11-06,2005,2.0
2001-11-07,2005,2.0
2001-11-08,2005,3.0
2001-11-09,2005,3.0
2001-11-12,2005,3.02
2001-11-13,2005,3.03
2001-11-14,2005,3.02
2001-11-16,2005,3.02
2001-11-19,2005,3.02
2001-11-20,2005,3.02
2001-11-21,2005,3.0
2001-11-22,2005,2.75
2001-11-23,2005,2.75
2001-11-26,2005,2.75
2001-11-27,2005,3.0
2001-11-28,2005,3.0
2001-11-29,2005,2.85
2001-11-30,2005,2.7
2001-12-03,2005,2.7
2001-12-04,2005,2.7
2001-12-05,2005,2.7
2001-12-06,2005,2.7
2001-12-07,2005,2.6
2001-12-10,2005,2.85
2001-12-11,2005,3.0
2001-12-12,2005,3.0
2001-12-13,2005,3.0
2001-12-14,2005,3.0
2001-12-17,2005,3.0
2001-12-18,2005,3.0
2001-12-19,2005,3.0
2001-12-20,2005,3.0
2001-12-21,2005,3.0
2001-12-24,2005,3.0
2001-12-26,2005,3.0
2001-12-27,2005,3.0
2001-12-28,2005,3.0
2001-12-31,2005,3.0
2002-01-02,2005,3.0
2002-01-03,2005,3.0
2002-01-04,2005,3.0
2002-01-07,2005,3.0
2002-01-08,2005,3.0
2002-01-09,2005,3.0
2002-01-10,2005,3.0
2002-01-11,2005,3.0
2002-01-14,2005,3.0
2002-01-15,2005,3.0
2002-01-16,2005,3.0
2002-01-17,2005,3.0
2002-01-18,2005,3.0
2002-01-21,2005,2.75
2002-01-22,2005,3.0
2002-01-23,2005,3.0
2002-01-24,2005,3.0
2002-01-25,2005,3.0
2002-01-28,2005,3.0
2002-01-29,2005,3.0
2002-01-30,2005,3.0
2002-01-31,2005,3.0
2002-02-01,2005,3.0
2002-02-04,2005,3.0
2002-02-05,2005,3.0
2002-02-06,2005,3.0
2002-02-07,2005,3.0
2002-02-08,2005,3.0
2002-02-11,2005,3.0
2002-02-13,2005,3.0
2002-02-14,2005,3.0
2002-02-15,2005,3.0
2002-02-18,2005,3.0
2002-02-19,2005,3.0
2002-02-20,2005,3.0
2002-02-21,2005,3.0
2002-02-22,2005,3.0
2002-02-25,2005,3.0
2002-02-26,2005,3.0
2002-02-27,2005,3.0
2002-02-28,2005,3.0
2002-03-01,2005,3.0
2002-03-04,2005,3.0
2002-03-05,2005,3.0
2002-03-06,2005,3.0
2002-03-07,2005,3.0
2002-03-08,2005,3.0
2002-03-11,2005,3.0
2002-03-12,2005,3.0
2002-03-13,2005,3.0
2002-03-14,2005,3.0
2002-03-15,2005,3.0
2002-03-18,2005,3.0
2002-03-19,2005,3.0
2002-03-20,2005,3.0
2002-03-21,2005,3.0
2002-03-22,2005,3.0
2002-03-25,2005,3.0
2002-03-26,2005,3.0
2002-03-27,2005,3.0
2002-03-28,2005,3.0
2002-04-01,2005,3.0
2002-04-02,2005,3.0
2002-04-03,2005,3.0
2002-04-04,2005,3.0
2002-04-05,2005,3.0
2002-04-08,2005,3.0
2002-04-09,2005,3.0
2002-04-10,2005,3.0
2002-04-11,2005,3.0
2002-04-12,2005,3.0
2002-04-15,2005,3.0
2002-04-16,2005,3.0
2002-04-17,2005,3.0
2002-04-18,2005,3.0
2002-04-19,2005,3.0
2002-04-22,2005,3.0
2002-04-23,2005,3.0
2002-04-24,2005,3.0
2002-04-25,2005,3.0
2002-04-26,2005,3.0
2002-04-29,2005,3.0
2002-04-30,2005,3.0
2002-05-02,2005,3.0
2002-05-03,2005,3.0
2002-05-06,2005,3.0
2002-05-07,2005,3.0
2002-05-08,2005,3.0
2002-05-09,2005,3.0
2002-05-10,2005,3.0
2002-05-13,2005,3.0
2002-05-14,2005,3.0
2002-05-15,2005,3.0
2002-05-16,2005,3.0
2002-05-17,2005,3.0
2002-05-20,2005,3.0
2002-05-21,2005,3.0
2002-05-22,2005,3.0
2002-05-23,2005,3.0
2002-05-24,2005,3.0
2002-05-27,2005,3.0
2002-05-28,2005,3.0
2002-05-29,2005,3.0
2002-05-31,2005,3.0
2002-06-03,2005,3.0
2002-06-04,2005,3.0
2002-06-05,2005,3.0
2002-06-06,2005,3.0
2002-06-07,2005,3.0
2002-06-10,2005,3.0
2002-06-11,2005,3.0
2002-06-12,2005,3.0
2002-06-13,2005,3.0
2002-06-14,2005,3.0
2002-06-17,2005,3.0
2002-06-18,2005,3.0
2002-06-19,2005,3.0
2002-06-20,2005,3.0
2002-06-21,2005,3.0
2002-06-24,2005,3.0
2002-06-25,2005,3.0
2002-06-26,2005,3.0
2002-06-27,2005,3.0
2002-06-28,2005,3.0
2002-07-01,2005,3.0
2002-07-02,2005,3.0
2002-07-03,2005,3.0
2002-07-04,2005,3.0
2002-07-05,2005,3.0
2002-07-08,2005,3.0
2002-07-09,2005,3.0
2002-07-10,2005,3.0
2002-07-11,2005,3.0
2002-07-12,2005,3.0
2002-07-15,2005,3.0
2002-07-16,2005,3.0
2002-07-17,2005,3.0
2002-07-18,2005,3.0
2002-07-19,2005,3.0
2002-07-22,2005,3.0
2002-07-23,2005,3.0
2002-07-24,2005,3.0
2002-07-25,2005,3.0
2002-07-26,2005,3.0
2002-07-29,2005,3.0
2002-07-30,2005,3.0
2002-07-31,2005,3.0
2002-08-01,2005,3.0
2002-08-02,2005,3.0
2002-08-05,2005,3.0
2002-08-06,2005,3.0
2002-08-07,2005,3.0
2002-08-08,2005,3.0
2002-08-09,2005,3.0
2002-08-12,2005,3.0
2002-08-13,2005,3.0
2002-08-14,2005,3.0
2002-08-15,2005,3.0
2002-08-16,2005,3.0
2002-08-19,2005,3.0
2002-08-20,2005,3.0
2002-08-21,2005,3.0
2002-08-22,2005,3.0
2002-08-23,2005,3.0
2002-08-26,2005,3.0
2002-08-27,2005,3.0
2002-08-28,2005,3.0
2002-08-29,2005,3.0
2002-08-30,2005,3.0
2002-09-02,2005,3.0
2002-09-03,2005,3.0
2002-09-04,2005,3.0
2002-09-05,2005,3.0
2002-09-06,2005,3.0
2002-09-09,2005,3.0
2002-09-10,2005,3.0
2002-09-11,2005,3.0
2002-09-12,2005,3.0
2002-09-13,2005,3.0
2002-09-16,2005,3.0
2002-09-17,2005,3.0
2002-09-18,2005,3.0
2002-09-19,2005,3.0
2002-09-20,2005,3.0
2002-09-23,2005,3.0
2002-09-24,2005,3.0
2002-09-25,2005,3.0
2002-09-26,2005,3.0
2002-09-27,2005,3.0
2002-09-30,2005,3.0
2002-10-01,2005,3.0
2002-10-02,2005,3.25
2002-10-03,2005,3.25
2002-10-04,2005,3.0
2002-10-07,2005,3.0
2002-10-08,2005,3.25
2002-10-09,2005,3.25
2002-10-10,2005,3.25
2002-10-11,2005,3.25
2002-10-14,2005,3.25
2002-10-15,2005,3.5
2002-10-16,2005,3.5
2002-10-17,2005,3.5
2002-10-18,2005,3.5
2002-10-21,2005,3.5
2002-10-22,2005,3.5
2002-10-23,2005,3.5
2002-10-24,2005,3.5
2002-10-25,2005,3.5
2002-10-28,2005,3.5
2002-10-29,2005,3.5
2002-10-30,2005,3.5
2002-10-31,2005,3.5
2002-11-01,2005,3.5
2002-11-04,2005,3.5
2002-11-05,2005,3.5
2002-11-06,2005,3.5
2002-11-07,2005,3.5
2002-11-08,2005,3.5
2002-11-11,2005,3.5
2002-11-12,2005,3.5
2002-11-13,2005,3.5
2002-11-14,2005,3.5
2002-11-18,2005,3.5
2002-11-19,2005,3.5
2002-11-20,2005,3.5
2002-11-21,2005,3.5
2002-11-22,2005,3.5
2002-11-25,2005,3.5
2002-11-26,2005,3.5
2002-11-27,2005,3.5
2002-11-28,2005,3.5
2002-11-29,2005,3.5
2002-12-02,2005,3.5
2002-12-03,2005,3.5
2002-12-04,2005,3.5
2002-12-05,2005,3.5
2002-12-06,2005,3.5
2002-12-09,2005,3.5
2002-12-10,2005,3.5
2002-12-11,2005,3.5
2002-12-12,2005,3.5
2002-12-13,2005,3.5
2002-12-16,2005,3.5
2002-12-17,2005,3.5
2002-12-18,2005,3.5
2002-12-19,2005,3.5
2002-12-20,2005,3.5
2002-12-23,2005,3.5
2002-12-24,2005,3.5
2002-12-26,2005,3.5
2002-12-27,2005,3.5
2002-12-30,2005,3.5
2002-12-31,2005,3.5
2003-01-02,2005,3.5
2003-01-03,2005,3.5
2003-01-06,2005,3.5
2003-01-07,2005,3.5
2003-01-08,2005,3.5
2003-01-09,2005,3.5
2003-01-10,2005,3.5
2003-01-13,2005,3.5
2003-01-14,2005,3.5
2003-01-15,2005,3.5
2003-01-16,2005,3.5
2003-01-17,2005,3.5
2003-01-20,2005,3.5
2003-01-21,2005,3.5
2003-01-22,2005,3.5
2003-01-23,2005,3.5
2003-01-24,2005,3.5
2003-01-27,2005,3.5
2003-01-28,2005,3.5
2003-01-29,2005,3.5
2003-01-30,2005,3.5
2003-01-31,2005,3.5
2003-02-03,2005,3.5
2003-02-04,2005,3.5
2003-02-05,2005,3.5
2003-02-06,2005,3.5
2003-02-07,2005,3.5
2003-02-10,2005,3.5
2003-02-11,2005,3.5
2003-02-12,2005,3.5
2003-02-13,2005,3.5
2003-02-14,2005,3.5
2003-02-17,2005,3.5
2003-02-18,2005,3.5
2003-02-19,2005,3.5
2003-02-20,2005,3.5
2003-02-21,2005,3.7
2003-02-24,2005,3.73
2003-02-25,2005,3.73
2003-02-26,2005,3.73
2003-02-27,2005,3.73
2003-02-28,2005,3.7
2003-03-05,2005,3.73
2003-03-06,2005,3.75
2003-03-07,2005,3.75
2003-03-10,2005,3.75
2003-03-11,2005,3.75
2003-03-12,2005,3.75
2003-03-13,2005,3.75
2003-03-14,2005,3.75
2003-03-17,2005,3.75
2003-03-18,2005,3.75
2003-03-19,2005,3.75
2003-03-20,2005,3.75
2003-03-21,2005,3.75
2003-03-24,2005,3.75
2003-03-25,2005,3.75
2003-03-26,2005,3.75
2003-03-27,2005,3.75
2003-03-28,2005,3.75
2003-03-31,2005,3.75
2003-04-01,2005,3.75
2003-04-02,2005,3.75
2003-04-03,2005,3.75
2003-04-04,2005,3.75
2003-04-07,2005,3.75
2003-04-08,2005,3.75
2003-04-09,2005,3.75
2003-04-10,2005,3.75
2003-04-11,2005,3.78
2003-04-14,2005,3.78
2003-04-15,2005,3.78
2003-04-16,2005,3.88
2003-04-17,2005,3.75
2003-04-22,2005,3.75
2003-04-23,2005,4.0
2003-04-24,2005,4.0
2003-04-25,2005,4.0
2003-04-28,2005,4.0
2003-04-29,2005,4.0
2003-04-30,2005,4.0
2003-05-02,2005,4.0
2003-05-05,2005,4.0
2003-05-06,2005,4.0
2003-05-07,2005,4.0
2003-05-08,2005,4.0
2003-05-09,2005,4.0
2003-05-12,2005,4.0
2003-05-13,2005,4.0
2003-05-14,2005,4.0
2003-05-15,2005,4.0
2003-05-16,2005,4.0
2003-05-19,2005,4.0
2003-05-20,2005,4.0
2003-05-21,2005,4.0
2003-05-22,2005,4.0
2003-05-23,2005,4.0
2003-05-26,2005,4.0
2003-05-27,2005,4.0
2003-05-28,2005,4.0
2003-05-29,2005,4.0
2003-05-30,2005,4.0
2003-06-02,2005,4.0
2003-06-03,2005,4.0
2003-06-04,2005,4.0
2003-06-05,2005,4.0
2003-06-06,2005,4.0
2003-06-09,2005,4.0
2003-06-10,2005,4.0
2003-06-11,2005,4.0
2003-06-12,2005,4.0
2003-06-13,2005,4.0
2003-06-16,2005,4.0
2003-06-17,2005,4.0
2003-06-18,2005,4.0
2003-06-20,2005,4.0
2003-06-23,2005,4.0
2003-06-24,2005,4.0
2003-06-25,2005,4.0
2003-06-26,2005,4.0
2003-06-27,2005,4.0
2003-06-30,2005,4.0
2003-07-01,2005,4.0
2003-07-02,2005,4.0
2003-07-03,2005,4.0
2003-07-04,2005,4.0
2003-07-07,2005,4.0
2003-07-08,2005,4.0
2003-07-09,2005,4.0
2003-07-10,2005,4.0
2003-07-11,2005,4.0
2003-07-14,2005,4.0
2003-07-15,2005,4.0
2003-07-16,2005,4.0
2003-07-17,2005,4.0
2003-07-18,2005,4.0
2003-07-21,2005,4.0
2003-07-22,2005,4.0
2003-07-23,2005,4.0
2003-07-24,2005,4.0
2003-07-25,2005,4.0
2003-07-28,2005,4.0
2003-07-29,2005,4.0
2003-07-30,2005,4.0
2003-07-31,2005,4.0
2003-08-01,2005,4.0
2003-08-04,2005,4.0
2003-08-05,2005,4.1
2003-08-06,2005,4.1
2003-08-07,2005,4.1
2003-08-08,2005,4.0
2003-08-11,2005,4.0
2003-08-12,2005,4.0
2003-08-13,2005,4.0
2003-08-14,2005,4.0
2003-08-15,2005,4.0
2003-08-18,2005,4.0
2003-08-19,2005,4.0
2003-08-20,2005,4.0
2003-08-21,2005,4.0
2003-08-22,2005,4.0
2003-08-25,2005,4.0
2003-08-26,2005,4.0
2003-08-27,2005,4.1
2003-08-28,2005,4.1
2003-08-29,2005,4.2
2003-09-01,2005,4.2
2003-09-02,2005,4.2
2003-09-03,2005,4.2
2003-09-04,2005,4.1
2003-09-05,2005,4.0
2003-09-08,2005,4.2
2003-09-09,2005,4.1
2003-09-10,2005,4.1
2003-09-11,2005,4.1
2003-09-12,2005,4.1
2003-09-15,2005,4.0
2003-09-16,2005,4.0
2003-09-17,2005,4.0
2003-09-18,2005,4.0
2003-09-19,2005,4.0
2003-09-22,2005,4.0
2003-09-23,2005,4.0
2003-09-24,2005,4.0
2003-09-25,2005,4.1
2003-09-26,2005,4.0
2003-09-29,2005,4.0
2003-09-30,2005,4.0
2003-10-01,2005,4.1
2003-10-02,2005,4.0
2003-10-03,2005,4.0
2003-10-06,2005,4.0
2003-10-07,2005,4.0
2003-10-08,2005,4.0
2003-10-09,2005,4.0
2003-10-10,2005,4.0
2003-10-13,2005,4.0
2003-10-14,2005,4.0
2003-10-15,2005,4.0
2003-10-16,2005,4.0
2003-10-17,2005,4.0
2003-10-20,2005,4.0
2003-10-21,2005,4.0
2003-10-22,2005,4.0
2003-10-23,2005,4.0
2003-10-24,2005,4.0
2003-10-28,2005,4.0
2003-10-29,2005,4.0
2003-10-30,2005,4.0
2003-10-31,2005,4.0
2003-11-03,2005,4.0
2003-11-04,2005,4.0
2003-11-05,2005,4.0
2003-11-06,2005,4.0
2003-11-07,2005,4.0
2003-11-10,2005,4.0
2003-11-11,2005,4.0
2003-11-12,2005,4.0
2003-11-13,2005,4.0
2003-11-14,2005,4.0
2003-11-17,2005,4.0
2003-11-18,2005,4.2
2003-11-19,2005,4.2
2003-11-20,2005,4.2
2003-11-21,2005,4.2
2003-11-24,2005,4.1
2003-11-25,2005,4.1
2003-11-26,2005,4.1
2003-11-27,2005,4.0
2003-11-28,2005,4.1
2003-12-01,2005,4.0
2003-12-02,2005,4.0
2003-12-03,2005,4.0
2003-12-04,2005,4.1
2003-12-05,2005,4.2
2003-12-08,2005,4.2
2003-12-09,2005,4.2
2003-12-10,2005,4.2
2003-12-11,2005,4.23
2003-12-12,2005,4.25
2003-12-15,2005,4.2
2003-12-16,2005,4.23
2003-12-17,2005,4.23
2003-12-18,2005,4.23
2003-12-19,2005,4.1
2003-12-22,2005,4.2
2003-12-23,2005,4.2
2003-12-26,2005,4.2
2003-12-29,2005,4.23
2003-12-30,2005,4.23
2004-01-02,2005,4.25
2004-01-05,2005,4.23
2004-01-06,2005,4.25
2004-01-07,2005,4.25
2004-01-08,2005,4.25
2004-01-09,2005,4.25
2004-01-12,2005,4.25
2004-01-14,2005,4.25
2004-01-15,2005,4.25
2004-01-16,2005,4.25
2004-01-19,2005,4.25
2004-01-20,2005,4.25
2004-01-21,2005,4.25
2004-01-22,2005,4.25
2004-01-23,2005,4.25
2004-01-26,2005,4.25
2004-01-27,2005,4.25
2004-01-28,2005,4.25
2004-01-29,2005,4.25
2004-01-30,2005,4.25
2004-02-02,2005,4.25
2004-02-03,2005,4.25
2004-02-04,2005,4.25
2004-02-05,2005,4.25
2004-02-06,2005,4.25
2004-02-09,2005,4.25
2004-02-10,2005,4.25
2004-02-11,2005,4.25
2004-02-12,2005,4.25
2004-02-13,2005,4.25
2004-02-16,2005,4.25
2004-02-17,2005,4.25
2004-02-18,2005,4.25
2004-02-19,2005,4.25
2004-02-20,2005,4.25
2004-02-25,2005,4.25
2004-02-26,2005,4.25
2004-02-27,2005,4.25
2004-03-01,2005,4.25
2004-03-02,2005,4.25
2004-03-03,2005,4.25
2004-03-04,2005,4.25
2004-03-05,2005,4.25
2004-03-08,2005,4.25
2004-03-09,2005,4.25
2004-03-10,2005,4.25
2004-03-11,2005,4.25
2004-03-12,2005,4.25
2004-03-15,2005,4.25
2004-03-16,2005,4.25
2004-03-17,2005,4.25
2004-03-18,2005,4.25
2004-03-19,2005,4.25
2004-03-22,2005,4.25
2004-03-23,2005,4.25
2004-03-24,2005,4.25
2004-03-25,2005,4.25
2004-03-26,2005,4.25
2004-03-29,2005,4.25
2004-03-30,2005,4.25
2004-03-31,2005,4.25
2004-04-01,2005,4.25
2004-04-02,2005,4.25
2004-04-05,2005,4.25
2004-04-06,2005,4.25
2004-04-07,2005,4.25
2004-04-08,2005,4.25
2004-04-12,2005,4.25
2004-04-13,2005,4.25
2004-04-14,2005,4.25
2004-04-15,2005,4.25
2004-04-16,2005,4.25
2004-04-19,2005,4.25
2004-04-20,2005,4.25
2004-04-22,2005,4.25
2004-04-23,2005,4.25
2004-04-26,2005,4.25
2004-04-27,2005,4.25
2004-04-28,2005,4.25
2004-04-29,2005,4.25
2004-04-30,2005,4.25
2004-05-03,2005,4.25
2004-05-04,2005,4.25
2004-05-05,2005,4.25
2004-05-06,2005,4.25
2004-05-07,2005,4.25
2004-05-10,2005,4.25
2004-05-11,2005,4.25
2004-05-12,2005,4.25
2004-05-13,2005,4.25
2004-05-14,2005,4.25
2004-05-17,2005,4.25
2004-05-18,2005,4.25
2004-05-19,2005,4.25
2004-05-20,2005,4.25
2004-05-21,2005,4.25
2004-05-24,2005,4.25
2004-05-25,2005,4.25
2004-05-26,2005,4.25
2004-05-27,2005,4.25
2004-05-28,2005,4.25
2004-05-31,2005,4.25
2004-06-01,2005,4.25
2004-06-02,2005,4.25
2004-06-03,2005,4.25
2004-06-04,2005,4.25
2004-06-07,2005,4.25
2004-06-08,2005,4.25
2004-06-09,2005,4.25
2004-06-11,2005,4.25
2004-06-14,2005,4.25
2004-06-15,2005,4.25
2004-06-16,2005,4.25
2004-06-17,2005,4.25
2004-06-18,2005,4.25
2004-06-21,2005,4.25
2004-06-22,2005,4.25
2004-06-23,2005,4.25
2004-06-24,2005,4.25
2004-06-25,2005,4.25
2004-06-28,2005,4.25
2004-06-29,2005,4.25
2004-06-30,2005,4.25
2004-07-01,2005,4.25
2004-07-02,2005,4.25
2004-07-05,2005,4.25
2004-07-06,2005,4.25
2004-07-07,2005,4.25
2004-07-08,2005,4.25
2004-07-09,2005,4.25
2004-07-12,2005,4.25
2004-07-13,2005,4.25
2004-07-14,2005,4.25
2004-07-15,2005,4.25
2004-07-16,2005,4.25
2004-07-19,2005,4.25
2004-07-20,2005,4.25
2004-07-21,2005,4.25
2004-07-22,2005,4.25
2004-07-23,2005,4.25
2004-07-26,2005,4.25
2004-07-27,2005,4.25
2004-07-28,2005,4.25
2004-07-29,2005,4.25
2004-07-30,2005,4.25
2004-08-02,2005,4.25
2004-08-03,2005,4.25
2004-08-04,2005,4.25
2004-08-05,2005,4.25
2004-08-06,2005,4.25
2004-08-09,2005,4.25
2004-08-10,2005,4.25
2004-08-11,2005,4.25
2004-08-12,2005,4.25
2004-08-13,2005,4.25
2004-08-16,2005,4.25
2004-08-17,2005,4.25
2004-08-18,2005,4.25
2004-08-19,2005,4.25
2004-08-20,2005,4.25
2004-08-23,2005,4.25
2004-08-24,2005,4.25
2004-08-25,2005,4.25
2004-08-26,2005,4.25
2004-08-27,2005,4.25
2004-08-30,2005,4.25
2004-08-31,2005,4.25
2004-09-01,2005,4.25
2004-09-02,2005,4.25
2004-09-03,2005,4.25
2004-09-06,2005,4.25
2004-09-08,2005,4.25
2004-09-09,2005,4.25
2004-09-10,2005,4.25
2004-09-13,2005,4.25
2004-09-14,2005,4.25
2004-09-15,2005,4.25
2004-09-16,2005,4.25
2004-09-17,2005,4.25
2004-09-20,2005,4.25
2004-09-21,2005,4.25
2004-09-22,2005,4.25
2004-09-23,2005,4.25
2004-09-24,2005,4.25
2004-09-27,2005,4.25
2004-09-28,2005,4.25
2004-09-29,2005,4.25
2004-09-30,2005,4.25
2004-10-01,2005,4.25
2004-10-04,2005,4.25
2004-10-05,2005,4.25
2004-10-06,2005,4.25
2004-10-07,2005,4.25
2004-10-08,2005,4.25
2004-10-11,2005,4.25
2004-10-13,2005,4.25
2004-10-14,2005,4.25
2004-10-15,2005,4.25
2004-10-18,2005,4.25
2004-10-19,2005,4.25
2004-10-20,2005,4.25
2004-10-21,2005,4.25
2004-10-22,2005,4.25
2004-10-25,2005,4.25
2004-10-26,2005,4.25
2004-10-27,2005,4.25
2004-10-28,2005,4.25
2004-10-29,2005,4.25
2004-11-03,2005,4.25
2004-11-04,2005,4.25
2004-11-05,2005,4.25
2004-11-08,2005,4.25
2004-11-09,2005,4.28
2004-11-10,2005,4.3
2004-11-11,2005,4.3
2004-11-12,2005,4.3
2004-11-16,2005,4.3
2004-11-17,2005,4.3
2004-11-18,2005,4.3
2004-11-19,2005,4.3
2004-11-22,2005,4.3
2004-11-23,2005,4.3
2004-11-24,2005,4.3
2004-11-25,2005,4.3
2004-11-26,2005,4.3
2004-11-29,2005,4.3
2004-11-30,2005,4.3
2004-12-01,2005,4.3
2004-12-02,2005,4.3
2004-12-03,2005,4.3
2004-12-06,2005,4.3
2004-12-07,2005,4.3
2004-12-08,2005,4.3
2004-12-09,2005,4.3
2004-12-10,2005,4.3
2004-12-13,2005,4.3
2004-12-14,2005,4.3
2004-12-15,2005,4.3
2004-12-16,2005,4.3
2004-12-17,2005,4.3
2004-12-20,2005,4.3
2004-12-21,2005,4.28
2004-12-22,2005,4.25
2004-12-23,2005,4.3
2004-12-27,2005,4.3
2004-12-28,2005,4.3
2004-12-29,2005,4.3
2004-12-30,2005,4.3
2005-01-03,2005,4.3
2005-01-04,2005,4.3
2005-01-05,2005,4.3
2005-01-06,2005,4.25
2005-01-07,2005,4.28
2005-01-10,2005,4.25
2005-01-11,2005,4.25
2005-01-12,2005,4.25
2005-01-13,2005,4.25
2005-01-14,2005,4.25
2005-01-17,2005,4.25
2005-01-18,2005,4.25
2005-01-19,2005,4.25
2005-01-20,2005,4.25
2005-01-21,2005,4.25
2005-01-24,2005,4.25
2005-01-25,2005,4.25
2005-01-26,2005,4.25
2005-01-27,2005,4.25
2005-01-28,2005,4.25
2005-01-31,2005,4.25
2005-02-01,2005,4.25
2005-02-02,2005,4.25
2005-02-03,2005,4.25
2005-02-04,2005,4.25
2005-02-09,2005,4.25
2005-02-10,2005,4.25
2005-02-11,2005,4.25
2005-02-14,2005,4.25
2005-02-15,2005,4.25
2005-02-16,2005,4.25
2005-02-17,2005,4.25
2005-02-18,2005,4.25
2005-02-21,2005,4.25
2005-02-22,2005,4.25
2005-02-23,2005,4.25
2005-02-24,2005,4.25
2005-02-25,2005,4.25
2005-02-28,2005,4.25
2005-03-01,2005,4.25
2005-03-02,2005,4.25
2005-03-03,2005,4.25
2005-03-04,2005,4.25
2005-03-07,2005,4.25
2005-03-08,2005,4.25
2005-03-09,2005,4.25
2005-03-10,2005,4.25
2005-03-11,2005,4.25
2005-03-14,2005,4.25
2005-03-15,2005,4.25
2005-03-16,2005,4.25
2005-03-17,2005,4.25
2005-03-18,2005,4.25
2005-03-21,2005,4.25
2005-03-22,2005,4.25
2005-03-23,2005,4.25
2005-03-24,2005,4.25
2005-03-28,2005,4.25
2005-03-29,2005,4.25
2005-03-30,2005,4.25
2005-03-31,2005,4.25
2005-04-01,2005,4.25
2005-04-04,2005,4.25
2005-04-05,2005,4.25
2005-04-06,2005,4.25
2005-04-07,2005,4.25
2005-04-08,2005,4.25
2005-04-11,2005,4.25
2005-04-12,2005,4.25
2005-04-13,2005,4.25
2005-04-14,2005,4.25
2005-04-15,2005,4.25
2005-04-18,2005,4.25
2005-04-19,2005,4.25
2005-04-20,2005,4.25
2005-04-22,2005,4.25
2005-04-25,2005,4.25
2005-04-26,2005,4.25
2005-04-27,2005,4.25
2005-04-28,2005,4.25
2005-04-29,2005,4.25
2005-05-02,2005,4.25
2005-05-03,2005,4.25
2005-05-04,2005,4.25
2005-05-05,2005,4.25
2005-05-06,2005,4.25
2005-05-09,2005,4.25
2005-05-10,2005,4.25
2005-05-11,2005,4.25
2005-05-12,2005,4.25
2005-05-13,2005,4.25
2005-05-16,2005,4.25
2005-05-17,2005,4.25
2005-05-18,2005,4.25
2005-05-19,2005,4.25
2005-05-20,2005,4.25
2005-05-23,2005,4.25
2005-05-24,2005,4.25
2005-05-25,2005,4.25
2005-05-27,2005,4.25
2005-05-30,2005,4.25
2005-05-31,2005,4.28
2005-06-01,2005,4.28
2005-06-02,2005,4.3
2005-06-03,2005,4.3
2005-06-06,2005,4.3
2005-06-07,2005,4.3
2005-06-08,2005,4.3
2005-06-09,2005,4.3
2005-06-10,2005,4.3
2005-06-13,2005,4.3
2005-06-14,2005,4.3
2005-06-15,2005,4.3
2005-06-16,2005,4.3
2005-06-17,2005,4.3
2005-06-20,2005,4.3
2005-06-21,2005,4.3
2005-06-22,2005,4.3
2005-06-23,2005,4.3
2005-06-24,2005,4.3
2005-06-27,2005,4.4
2005-06-28,2005,4.4
2005-06-29,2005,4.4
2005-06-30,2005,4.35
2005-07-01,2005,4.38
2005-07-04,2005,4.33
2005-07-05,2005,4.33
2005-07-06,2005,4.33
2005-07-07,2005,4.35
2005-07-08,2005,4.33
2005-07-11,2005,4.35
2005-07-12,2005,4.4
2005-07-13,2005,4.4
2005-07-14,2005,4.4
2005-07-15,2005,4.4
2005-07-18,2005,4.4
2005-07-19,2005,4.4
2005-07-20,2005,4.4
2005-07-21,2005,4.4
2005-07-22,2005,4.4
2005-07-25,2005,4.4
2005-07-26,2005,4.4
2005-07-27,2005,4.4
2005-07-28,2005,4.4
2005-07-29,2005,4.4
2005-08-01,2005,4.4
2005-08-02,2005,4.4
2005-08-03,2005,4.4
2005-08-04,2005,4.4
2005-08-05,2005,4.4
2005-08-08,2005,4.4
2005-08-09,2005,4.4
2005-08-10,2005,4.4
2005-08-11,2005,4.4
2005-08-12,2005,4.4
2005-08-15,2005,4.4
2005-08-16,2005,4.4
2005-08-17,2005,4.5
2005-08-18,2005,4.45
2005-08-19,2005,4.45
2005-08-22,2005,4.4
2005-08-23,2005,4.4
2005-08-24,2005,4.4
2005-08-25,2005,4.4
2005-08-26,2005,4.4
2005-08-29,2005,4.4
2005-08-30,2005,4.4
2005-08-31,2005,4.5
2005-09-01,2005,4.5
2005-09-02,2005,4.5
2005-09-05,2005,4.45
2005-09-06,2005,4.45
2005-09-08,2005,4.5
2005-09-09,2005,4.5
2005-09-12,2005,4.5
2005-09-13,2005,4.5
2005-09-14,2005,4.5
2005-09-15,2005,4.5
2005-09-16,2005,4.5
2005-09-19,2005,4.5
2005-09-20,2005,4.5
2005-09-21,2005,4.5
2005-09-22,2005,4.5
2005-09-23,2005,4.5
2005-09-26,2005,4.5
2005-09-27,2005,4.5
2005-09-28,2005,4.5
2005-09-29,2005,4.5
2005-09-30,2005,4.5
2005-10-03,2005,4.5
2005-10-04,2005,4.5
2005-10-05,2005,4.5
2005-10-06,2005,4.5
2005-10-07,2005,4.5
2005-10-10,2005,4.5
2005-10-11,2005,4.5
2005-10-13,2005,4.5
2005-10-14,2005,4.5
2005-10-17,2005,4.5
2005-10-18,2005,4.5
2005-10-19,2005,4.5
2005-10-20,2005,4.5
2005-10-21,2005,4.6
2005-10-24,2005,4.6
2005-10-25,2005,4.6
2005-10-26,2005,4.6
2005-10-27,2005,4.6
2005-10-28,2005,4.6
2005-10-31,2005,4.6
2005-11-01,2005,4.6
2005-11-03,2005,4.6
2005-11-04,2005,4.65
2005-11-07,2005,4.7
2005-11-08,2005,4.7
2005-11-09,2005,4.7
2005-11-10,2005,4.7
2005-11-11,2005,4.7
2005-11-14,2005,4.7
2005-11-16,2005,4.7
2005-11-17,2005,4.7
2005-11-18,2005,4.7
2005-11-21,2005,4.7
2005-11-22,2005,4.7
2005-11-23,2005,4.7
2005-11-24,2005,4.7
2005-11-25,2005,4.7
2005-11-28,2005,4.7
2005-11-29,2005,4.7
2005-11-30,2005,4.7
2005-12-01,2005,4.72
2005-12-02,2005,4.73
2005-12-05,2005,4.7
2005-12-06,2005,4.72
2005-12-07,2005,4.72
2005-12-08,2005,4.7
2005-12-09,2005,4.7
2005-12-12,2005,4.7
2005-12-13,2005,4.7
2005-12-14,2005,4.7
2005-12-15,2005,4.7
2005-12-16,2005,4.7
2005-12-19,2005,4.73
2005-12-20,2005,4.73
2005-12-21,2005,4.72
2005-12-22,2005,4.72
2005-12-23,2005,4.74
2005-12-26,2005,4.75
2005-12-27,2005,4.75
2005-12-28,2005,4.75
2005-12-29,2005,4.75
2005-12-30,2005,4.75
2006-01-02,2005,4.75
2006-01-03,2005,4.7
2006-01-04,2005,4.7
2006-01-05,2005,4.75
2006-01-06,2005,4.75
2006-01-09,2005,4.75
2006-01-10,2005,4.75
2006-01-11,2005,4.75
2006-01-12,2005,4.75
2006-01-13,2005,4.75
2006-01-16,2005,4.75
2006-01-17,2005,4.75
2006-01-18,2005,4.75
2006-01-19,2005,4.75
2006-01-20,2005,4.75
2006-01-23,2005,4.75
2006-01-24,2005,4.8
2006-01-25,2005,4.8
2006-01-26,2005,4.8
2006-01-27,2005,4.8
2002-02-01,2006,3.0
2002-02-04,2006,3.0
2002-02-05,2006,3.0
2002-02-06,2006,3.0
2002-02-07,2006,3.0
2002-02-08,2006,3.0
2002-02-11,2006,3.0
2002-02-13,2006,3.0
2002-02-14,2006,2.5
2002-02-15,2006,2.5
2002-02-18,2006,2.75
2002-02-19,2006,3.0
2002-02-20,2006,3.0
2002-02-21,2006,3.0
2002-02-22,2006,3.0
2002-02-25,2006,3.0
2002-02-26,2006,3.0
2002-02-27,2006,3.0
2002-02-28,2006,3.0
2002-03-01,2006,3.0
2002-03-04,2006,3.0
2002-03-05,2006,3.0
2002-03-06,2006,3.0
2002-03-07,2006,3.0
2002-03-08,2006,3.0
2002-03-11,2006,3.0
2002-03-12,2006,3.0
2002-03-13,2006,3.0
2002-03-14,2006,3.0
2002-03-15,2006,3.0
2002-03-18,2006,3.0
2002-03-19,2006,3.0
2002-03-20,2006,3.0
2002-03-21,2006,3.0
2002-03-22,2006,3.0
2002-03-25,2006,3.0
2002-03-26,2006,3.0
2002-03-27,2006,3.0
2002-03-28,2006,3.0
2002-04-01,2006,3.0
2002-04-02,2006,3.0
2002-04-03,2006,3.0
2002-04-04,2006,3.0
2002-04-05,2006,3.0
2002-04-08,2006,3.0
2002-04-09,2006,3.0
2002-04-10,2006,3.0
2002-04-11,2006,3.0
2002-04-12,2006,3.0
2002-04-15,2006,3.0
2002-04-16,2006,3.0
2002-04-17,2006,3.0
2002-04-18,2006,3.0
2002-04-19,2006,3.0
2002-04-22,2006,3.0
2002-04-23,2006,3.0
2002-04-24,2006,3.0
2002-04-25,2006,3.0
2002-04-26,2006,3.0
2002-04-29,2006,3.0
2002-04-30,2006,3.0
2002-05-02,2006,3.0
2002-05-03,2006,3.0
2002-05-06,2006,3.0
2002-05-07,2006,3.0
2002-05-08,2006,3.0
2002-05-09,2006,3.0
2002-05-10,2006,3.0
2002-05-13,2006,3.0
2002-05-14,2006,3.0
2002-05-15,2006,3.0
2002-05-16,2006,3.0
2002-05-17,2006,3.0
2002-05-20,2006,3.0
2002-05-21,2006,3.0
2002-05-22,2006,3.0
2002-05-23,2006,3.0
2002-05-24,2006,3.0
2002-05-27,2006,3.0
2002-05-28,2006,3.0
2002-05-29,2006,3.0
2002-05-31,2006,3.0
2002-06-03,2006,3.0
2002-06-04,2006,3.0
2002-06-05,2006,3.0
2002-06-06,2006,3.0
2002-06-07,2006,3.0
2002-06-10,2006,3.0
2002-06-11,2006,3.0
2002-06-12,2006,3.0
2002-06-13,2006,3.0
2002-06-14,2006,3.0
2002-06-17,2006,3.0
2002-06-18,2006,3.0
2002-06-19,2006,3.0
2002-06-20,2006,3.0
2002-06-21,2006,3.0
2002-06-24,2006,3.0
2002-06-25,2006,3.0
2002-06-26,2006,3.0
2002-06-27,2006,3.0
2002-06-28,2006,3.0
2002-07-01,2006,3.0
2002-07-02,2006,3.0
2002-07-03,2006,3.0
2002-07-04,2006,3.0
2002-07-05,2006,3.0
2002-07-08,2006,3.0
2002-07-09,2006,3.0
2002-07-10,2006,3.0
2002-07-11,2006,3.0
2002-07-12,2006,3.0
2002-07-15,2006,3.0
2002-07-16,2006,3.0
2002-07-17,2006,3.0
2002-07-18,2006,3.0
2002-07-19,2006,3.0
2002-07-22,2006,3.0
2002-07-23,2006,3.0
2002-07-24,2006,3.0
2002-07-25,2006,3.0
2002-07-26,2006,3.0
2002-07-29,2006,3.0
2002-07-30,2006,3.0
2002-07-31,2006,3.0
2002-08-01,2006,3.0
2002-08-02,2006,3.0
2002-08-05,2006,3.0
2002-08-06,2006,3.0
2002-08-07,2006,3.0
2002-08-08,2006,3.0
2002-08-09,2006,3.0
2002-08-12,2006,3.0
2002-08-13,2006,3.0
2002-08-14,2006,3.0
2002-08-15,2006,3.0
2002-08-16,2006,3.0
2002-08-19,2006,3.0
2002-08-20,2006,3.0
2002-08-21,2006,3.0
2002-08-22,2006,3.0
2002-08-23,2006,3.0
2002-08-26,2006,3.0
2002-08-27,2006,3.0
2002-08-28,2006,3.0
2002-08-29,2006,3.0
2002-08-30,2006,3.0
2002-09-02,2006,3.0
2002-09-03,2006,3.0
2002-09-04,2006,3.0
2002-09-05,2006,3.0
2002-09-06,2006,3.0
2002-09-09,2006,3.0
2002-09-10,2006,3.0
2002-09-11,2006,3.0
2002-09-12,2006,3.0
2002-09-13,2006,3.0
2002-09-16,2006,3.0
2002-09-17,2006,3.0
2002-09-18,2006,3.0
2002-09-19,2006,3.0
2002-09-20,2006,3.0
2002-09-23,2006,3.0
2002-09-24,2006,3.0
2002-09-25,2006,3.0
2002-09-26,2006,3.0
2002-09-27,2006,3.0
2002-09-30,2006,3.0
2002-10-01,2006,3.0
2002-10-02,2006,3.0
2002-10-03,2006,3.0
2002-10-04,2006,3.0
2002-10-07,2006,3.0
2002-10-08,2006,3.0
2002-10-09,2006,3.0
2002-10-10,2006,3.0
2002-10-11,2006,3.0
2002-10-14,2006,3.0
2002-10-15,2006,3.0
2002-10-16,2006,3.0
2002-10-17,2006,3.0
2002-10-18,2006,3.0
2002-10-21,2006,3.0
2002-10-22,2006,3.0
2002-10-23,2006,3.0
2002-10-24,2006,3.0
2002-10-25,2006,3.0
2002-10-28,2006,3.0
2002-10-29,2006,3.0
2002-10-30,2006,3.0
2002-10-31,2006,3.0
2002-11-01,2006,3.0
2002-11-04,2006,3.0
2002-11-05,2006,3.0
2002-11-06,2006,3.0
2002-11-07,2006,3.0
2002-11-08,2006,3.0
2002-11-11,2006,3.0
2002-11-12,2006,3.0
2002-11-13,2006,3.0
2002-11-14,2006,3.0
2002-11-18,2006,3.0
2002-11-19,2006,3.0
2002-11-20,2006,3.0
2002-11-21,2006,3.0
2002-11-22,2006,3.0
2002-11-25,2006,3.0
2002-11-26,2006,3.0
2002-11-27,2006,3.0
2002-11-28,2006,3.0
2002-11-29,2006,3.0
2002-12-02,2006,3.13
2002-12-03,2006,3.13
2002-12-04,2006,3.13
2002-12-05,2006,3.13
2002-12-06,2006,3.0
2002-12-09,2006,3.25
2002-12-10,2006,3.25
2002-12-11,2006,3.25
2002-12-12,2006,3.25
2002-12-13,2006,3.2
2002-12-16,2006,3.2
2002-12-17,2006,3.2
2002-12-18,2006,3.4
2002-12-19,2006,3.2
2002-12-20,2006,3.2
2002-12-23,2006,3.2
2002-12-24,2006,3.2
2002-12-26,2006,3.2
2002-12-27,2006,3.2
2002-12-30,2006,3.2
2002-12-31,2006,3.2
2003-01-02,2006,3.2
2003-01-03,2006,3.4
2003-01-06,2006,3.5
2003-01-07,2006,3.45
2003-01-08,2006,3.45
2003-01-09,2006,3.45
2003-01-10,2006,3.4
2003-01-13,2006,3.0
2003-01-14,2006,3.0
2003-01-15,2006,3.0
2003-01-16,2006,3.0
2003-01-17,2006,3.0
2003-01-20,2006,3.0
2003-01-21,2006,3.0
2003-01-22,2006,3.0
2003-01-23,2006,3.0
2003-01-24,2006,3.0
2003-01-27,2006,3.0
2003-01-28,2006,3.0
2003-01-29,2006,3.0
2003-01-30,2006,3.0
2003-01-31,2006,3.2
2003-02-03,2006,3.4
2003-02-04,2006,3.4
2003-02-05,2006,3.4
2003-02-06,2006,3.4
2003-02-07,2006,3.25
2003-02-10,2006,3.25
2003-02-11,2006,3.25
2003-02-12,2006,3.25
2003-02-13,2006,3.25
2003-02-14,2006,3.5
2003-02-17,2006,3.25
2003-02-18,2006,3.25
2003-02-19,2006,3.25
2003-02-20,2006,3.5
2003-02-21,2006,3.5
2003-02-24,2006,3.5
2003-02-25,2006,3.5
2003-02-26,2006,3.5
2003-02-27,2006,3.5
2003-02-28,2006,3.5
2003-03-05,2006,3.5
2003-03-06,2006,3.5
2003-03-07,2006,3.5
2003-03-10,2006,3.5
2003-03-11,2006,3.5
2003-03-12,2006,3.5
2003-03-13,2006,3.5
2003-03-14,2006,3.5
2003-03-17,2006,3.5
2003-03-18,2006,3.5
2003-03-19,2006,3.5
2003-03-20,2006,3.5
2003-03-21,2006,3.5
2003-03-24,2006,3.5
2003-03-25,2006,3.5
2003-03-26,2006,3.5
2003-03-27,2006,3.5
2003-03-28,2006,3.5
2003-03-31,2006,3.5
2003-04-01,2006,3.5
2003-04-02,2006,3.5
2003-04-03,2006,3.5
2003-04-04,2006,3.5
2003-04-07,2006,3.63
2003-04-08,2006,3.75
2003-04-09,2006,3.75
2003-04-10,2006,3.75
2003-04-11,2006,3.75
2003-04-14,2006,3.75
2003-04-15,2006,3.75
2003-04-16,2006,3.75
2003-04-17,2006,3.75
2003-04-22,2006,3.75
2003-04-23,2006,3.78
2003-04-24,2006,3.78
2003-04-25,2006,3.8
2003-04-28,2006,3.8
2003-04-29,2006,3.8
2003-04-30,2006,3.8
2003-05-02,2006,3.8
2003-05-05,2006,3.8
2003-05-06,2006,3.8
2003-05-07,2006,3.8
2003-05-08,2006,3.78
2003-05-09,2006,3.75
2003-05-12,2006,3.75
2003-05-13,2006,3.75
2003-05-14,2006,3.75
2003-05-15,2006,3.75
2003-05-16,2006,3.75
2003-05-19,2006,3.78
2003-05-20,2006,3.78
2003-05-21,2006,3.78
2003-05-22,2006,3.78
2003-05-23,2006,3.78
2003-05-26,2006,3.78
2003-05-27,2006,3.78
2003-05-28,2006,3.78
2003-05-29,2006,3.78
2003-05-30,2006,3.78
2003-06-02,2006,3.78
2003-06-03,2006,3.78
2003-06-04,2006,3.78
2003-06-05,2006,3.78
2003-06-06,2006,3.8
2003-06-09,2006,3.8
2003-06-10,2006,3.8
2003-06-11,2006,3.8
2003-06-12,2006,3.8
2003-06-13,2006,3.8
2003-06-16,2006,3.8
2003-06-17,2006,3.8
2003-06-18,2006,3.8
2003-06-20,2006,3.8
2003-06-23,2006,3.8
2003-06-24,2006,3.8
2003-06-25,2006,3.8
2003-06-26,2006,3.8
2003-06-27,2006,3.8
2003-06-30,2006,3.8
2003-07-01,2006,3.8
2003-07-02,2006,3.8
2003-07-03,2006,3.8
2003-07-04,2006,3.8
2003-07-07,2006,3.8
2003-07-08,2006,3.8
2003-07-09,2006,3.8
2003-07-10,2006,3.8
2003-07-11,2006,3.8
2003-07-14,2006,3.8
2003-07-15,2006,3.8
2003-07-16,2006,3.9
2003-07-17,2006,4.0
2003-07-18,2006,4.0
2003-07-21,2006,3.9
2003-07-22,2006,3.9
2003-07-23,2006,3.9
2003-07-24,2006,3.9
2003-07-25,2006,3.9
2003-07-28,2006,3.9
2003-07-29,2006,3.9
2003-07-30,2006,3.9
2003-07-31,2006,3.9
2003-08-01,2006,3.9
2003-08-04,2006,3.8
2003-08-05,2006,3.8
2003-08-06,2006,3.8
2003-08-07,2006,3.8
2003-08-08,2006,3.8
2003-08-11,2006,3.8
2003-08-12,2006,3.8
2003-08-13,2006,3.8
2003-08-14,2006,3.9
2003-08-15,2006,3.9
2003-08-18,2006,3.8
2003-08-19,2006,3.8
2003-08-20,2006,3.8
2003-08-21,2006,3.8
2003-08-22,2006,3.8
2003-08-25,2006,3.9
2003-08-26,2006,3.9
2003-08-27,2006,4.0
2003-08-28,2006,4.0
2003-08-29,2006,4.0
2003-09-01,2006,4.0
2003-09-02,2006,4.0
2003-09-03,2006,4.0
2003-09-04,2006,3.9
2003-09-05,2006,3.9
2003-09-08,2006,4.0
2003-09-09,2006,4.0
2003-09-10,2006,4.0
2003-09-11,2006,4.0
2003-09-12,2006,4.0
2003-09-15,2006,3.9
2003-09-16,2006,4.0
2003-09-17,2006,4.0
2003-09-18,2006,3.9
2003-09-19,2006,3.9
2003-09-22,2006,3.8
2003-09-23,2006,3.8
2003-09-24,2006,3.8
2003-09-25,2006,3.8
2003-09-26,2006,3.8
2003-09-29,2006,3.8
2003-09-30,2006,3.8
2003-10-01,2006,3.9
2003-10-02,2006,3.9
2003-10-03,2006,3.9
2003-10-06,2006,3.8
2003-10-07,2006,3.9
2003-10-08,2006,3.9
2003-10-09,2006,3.9
2003-10-10,2006,3.9
2003-10-13,2006,3.8
2003-10-14,2006,3.8
2003-10-15,2006,3.8
2003-10-16,2006,3.8
2003-10-17,2006,3.8
2003-10-20,2006,3.8
2003-10-21,2006,3.8
2003-10-22,2006,3.8
2003-10-23,2006,3.8
2003-10-24,2006,3.8
2003-10-28,2006,3.8
2003-10-29,2006,3.8
2003-10-30,2006,3.8
2003-10-31,2006,3.8
2003-11-03,2006,3.8
2003-11-04,2006,3.8
2003-11-05,2006,3.8
2003-11-06,2006,3.8
2003-11-07,2006,3.8
2003-11-10,2006,3.8
2003-11-11,2006,3.8
2003-11-12,2006,3.9
2003-11-13,2006,3.8
2003-11-14,2006,3.8
2003-11-17,2006,3.8
2003-11-18,2006,4.0
2003-11-19,2006,4.0
2003-11-20,2006,4.0
2003-11-21,2006,4.0
2003-11-24,2006,3.8
2003-11-25,2006,3.8
2003-11-26,2006,3.8
2003-11-27,2006,3.8
2003-11-28,2006,3.9
2003-12-01,2006,3.8
2003-12-02,2006,3.8
2003-12-03,2006,3.8
2003-12-04,2006,3.9
2003-12-05,2006,4.0
2003-12-08,2006,4.0
2003-12-09,2006,4.0
2003-12-10,2006,4.0
2003-12-11,2006,4.0
2003-12-12,2006,4.0
2003-12-15,2006,4.0
2003-12-16,2006,4.0
2003-12-17,2006,4.0
2003-12-18,2006,4.0
2003-12-19,2006,3.8
2003-12-22,2006,3.9
2003-12-23,2006,3.9
2003-12-26,2006,3.9
2003-12-29,2006,4.0
2003-12-30,2006,4.0
2004-01-02,2006,4.0
2004-01-05,2006,4.0
2004-01-06,2006,4.0
2004-01-07,2006,4.0
2004-01-08,2006,4.0
2004-01-09,2006,4.0
2004-01-12,2006,4.0
2004-01-14,2006,4.0
2004-01-15,2006,4.0
2004-01-16,2006,4.0
2004-01-19,2006,4.0
2004-01-20,2006,4.0
2004-01-21,2006,4.0
2004-01-22,2006,4.0
2004-01-23,2006,4.0
2004-01-26,2006,4.0
2004-01-27,2006,4.0
2004-01-28,2006,4.0
2004-01-29,2006,4.0
2004-01-30,2006,4.0
2004-02-02,2006,4.0
2004-02-03,2006,4.0
2004-02-04,2006,4.0
2004-02-05,2006,4.0
2004-02-06,2006,4.0
2004-02-09,2006,4.0
2004-02-10,2006,4.0
2004-02-11,2006,4.0
2004-02-12,2006,4.0
2004-02-13,2006,4.0
2004-02-16,2006,4.0
2004-02-17,2006,4.0
2004-02-18,2006,4.0
2004-02-19,2006,4.0
2004-02-20,2006,4.0
2004-02-25,2006,4.0
2004-02-26,2006,4.0
2004-02-27,2006,4.0
2004-03-01,2006,4.0
2004-03-02,2006,4.0
2004-03-03,2006,4.0
2004-03-04,2006,4.0
2004-03-05,2006,4.0
2004-03-08,2006,4.0
2004-03-09,2006,4.0
2004-03-10,2006,4.0
2004-03-11,2006,4.0
2004-03-12,2006,4.0
2004-03-15,2006,4.0
2004-03-16,2006,4.0
2004-03-17,2006,4.0
2004-03-18,2006,4.0
2004-03-19,2006,4.0
2004-03-22,2006,4.0
2004-03-23,2006,4.0
2004-03-24,2006,4.0
2004-03-25,2006,4.0
2004-03-26,2006,4.0
2004-03-29,2006,4.0
2004-03-30,2006,4.0
2004-03-31,2006,4.0
2004-04-01,2006,4.0
2004-04-02,2006,4.0
2004-04-05,2006,4.0
2004-04-06,2006,4.0
2004-04-07,2006,4.0
2004-04-08,2006,4.0
2004-04-12,2006,4.0
2004-04-13,2006,4.0
2004-04-14,2006,4.0
2004-04-15,2006,4.0
2004-04-16,2006,4.0
2004-04-19,2006,4.0
2004-04-20,2006,4.0
2004-04-22,2006,4.0
2004-04-23,2006,4.0
2004-04-26,2006,4.0
2004-04-27,2006,4.0
2004-04-28,2006,4.0
2004-04-29,2006,4.0
2004-04-30,2006,4.0
2004-05-03,2006,4.0
2004-05-04,2006,4.0
2004-05-05,2006,4.2
2004-05-06,2006,4.1
2004-05-07,2006,4.23
2004-05-10,2006,4.2
2004-05-11,2006,4.2
2004-05-12,2006,4.23
2004-05-13,2006,4.23
2004-05-14,2006,4.23
2004-05-17,2006,4.25
2004-05-18,2006,4.25
2004-05-19,2006,4.25
2004-05-20,2006,4.25
2004-05-21,2006,4.25
2004-05-24,2006,4.23
2004-05-25,2006,4.23
2004-05-26,2006,4.23
2004-05-27,2006,4.23
2004-05-28,2006,4.23
2004-05-31,2006,4.25
2004-06-01,2006,4.25
2004-06-02,2006,4.25
2004-06-03,2006,4.25
2004-06-04,2006,4.25
2004-06-07,2006,4.25
2004-06-08,2006,4.25
2004-06-09,2006,4.25
2004-06-11,2006,4.25
2004-06-14,2006,4.25
2004-06-15,2006,4.25
2004-06-16,2006,4.25
2004-06-17,2006,4.25
2004-06-18,2006,4.25
2004-06-21,2006,4.25
2004-06-22,2006,4.25
2004-06-23,2006,4.25
2004-06-24,2006,4.25
2004-06-25,2006,4.25
2004-06-28,2006,4.25
2004-06-29,2006,4.25
2004-06-30,2006,4.25
2004-07-01,2006,4.25
2004-07-02,2006,4.25
2004-07-05,2006,4.25
2004-07-06,2006,4.25
2004-07-07,2006,4.25
2004-07-08,2006,4.25
2004-07-09,2006,4.25
2004-07-12,2006,4.2
2004-07-13,2006,4.23
2004-07-14,2006,4.23
2004-07-15,2006,4.25
2004-07-16,2006,4.25
2004-07-19,2006,4.25
2004-07-20,2006,4.25
2004-07-21,2006,4.25
2004-07-22,2006,4.25
2004-07-23,2006,4.25
2004-07-26,2006,4.25
2004-07-27,2006,4.25
2004-07-28,2006,4.25
2004-07-29,2006,4.25
2004-07-30,2006,4.25
2004-08-02,2006,4.25
2004-08-03,2006,4.25
2004-08-04,2006,4.25
2004-08-05,2006,4.25
2004-08-06,2006,4.25
2004-08-09,2006,4.25
2004-08-10,2006,4.25
2004-08-11,2006,4.25
2004-08-12,2006,4.25
2004-08-13,2006,4.25
2004-08-16,2006,4.25
2004-08-17,2006,4.25
2004-08-18,2006,4.25
2004-08-19,2006,4.25
2004-08-20,2006,4.25
2004-08-23,2006,4.25
2004-08-24,2006,4.25
2004-08-25,2006,4.25
2004-08-26,2006,4.25
2004-08-27,2006,4.25
2004-08-30,2006,4.25
2004-08-31,2006,4.25
2004-09-01,2006,4.25
2004-09-02,2006,4.25
2004-09-03,2006,4.25
2004-09-06,2006,4.25
2004-09-08,2006,4.25
2004-09-09,2006,4.25
2004-09-10,2006,4.25
2004-09-13,2006,4.25
2004-09-14,2006,4.25
2004-09-15,2006,4.25
2004-09-16,2006,4.25
2004-09-17,2006,4.25
2004-09-20,2006,4.25
2004-09-21,2006,4.25
2004-09-22,2006,4.23
2004-09-23,2006,4.25
2004-09-24,2006,4.23
2004-09-27,2006,4.25
2004-09-28,2006,4.25
2004-09-29,2006,4.25
2004-09-30,2006,4.25
2004-10-01,2006,4.25
2004-10-04,2006,4.25
2004-10-05,2006,4.25
2004-10-06,2006,4.25
2004-10-07,2006,4.25
2004-10-08,2006,4.25
2004-10-11,2006,4.25
2004-10-13,2006,4.25
2004-10-14,2006,4.25
2004-10-15,2006,4.25
2004-10-18,2006,4.25
2004-10-19,2006,4.25
2004-10-20,2006,4.25
2004-10-21,2006,4.25
2004-10-22,2006,4.25
2004-10-25,2006,4.25
2004-10-26,2006,4.25
2004-10-27,2006,4.25
2004-10-28,2006,4.25
2004-10-29,2006,4.25
2004-11-03,2006,4.25
2004-11-04,2006,4.25
2004-11-05,2006,4.25
2004-11-08,2006,4.25
2004-11-09,2006,4.25
2004-11-10,2006,4.25
2004-11-11,2006,4.25
2004-11-12,2006,4.25
2004-11-16,2006,4.25
2004-11-17,2006,4.25
2004-11-18,2006,4.25
2004-11-19,2006,4.25
2004-11-22,2006,4.25
2004-11-23,2006,4.25
2004-11-24,2006,4.25
2004-11-25,2006,4.25
2004-11-26,2006,4.25
2004-11-29,2006,4.25
2004-11-30,2006,4.25
2004-12-01,2006,4.25
2004-12-02,2006,4.25
2004-12-03,2006,4.25
2004-12-06,2006,4.25
2004-12-07,2006,4.25
2004-12-08,2006,4.25
2004-12-09,2006,4.25
2004-12-10,2006,4.25
2004-12-13,2006,4.25
2004-12-14,2006,4.25
2004-12-15,2006,4.25
2004-12-16,2006,4.25
2004-12-17,2006,4.25
2004-12-20,2006,4.25
2004-12-21,2006,4.25
2004-12-22,2006,4.25
2004-12-23,2006,4.25
2004-12-27,2006,4.25
2004-12-28,2006,4.25
2004-12-29,2006,4.25
2004-12-30,2006,4.25
2005-01-03,2006,4.25
2005-01-04,2006,4.25
2005-01-05,2006,4.25
2005-01-06,2006,4.25
2005-01-07,2006,4.25
2005-01-10,2006,4.25
2005-01-11,2006,4.25
2005-01-12,2006,4.25
2005-01-13,2006,4.25
2005-01-14,2006,4.25
2005-01-17,2006,4.25
2005-01-18,2006,4.25
2005-01-19,2006,4.25
2005-01-20,2006,4.25
2005-01-21,2006,4.25
2005-01-24,2006,4.25
2005-01-25,2006,4.25
2005-01-26,2006,4.25
2005-01-27,2006,4.25
2005-01-28,2006,4.25
2005-01-31,2006,4.25
2005-02-01,2006,4.25
2005-02-02,2006,4.25
2005-02-03,2006,4.25
2005-02-04,2006,4.25
2005-02-09,2006,4.25
2005-02-10,2006,4.25
2005-02-11,2006,4.25
2005-02-14,2006,4.25
2005-02-15,2006,4.25
2005-02-16,2006,4.25
2005-02-17,2006,4.25
2005-02-18,2006,4.25
2005-02-21,2006,4.25
2005-02-22,2006,4.25
2005-02-23,2006,4.25
2005-02-24,2006,4.25
2005-02-25,2006,4.25
2005-02-28,2006,4.25
2005-03-01,2006,4.25
2005-03-02,2006,4.25
2005-03-03,2006,4.25
2005-03-04,2006,4.25
2005-03-07,2006,4.25
2005-03-08,2006,4.25
2005-03-09,2006,4.25
2005-03-10,2006,4.25
2005-03-11,2006,4.25
2005-03-14,2006,4.25
2005-03-15,2006,4.25
2005-03-16,2006,4.25
2005-03-17,2006,4.25
2005-03-18,2006,4.25
2005-03-21,2006,4.25
2005-03-22,2006,4.25
2005-03-23,2006,4.25
2005-03-24,2006,4.25
2005-03-28,2006,4.25
2005-03-29,2006,4.25
2005-03-30,2006,4.25
2005-03-31,2006,4.25
2005-04-01,2006,4.25
2005-04-04,2006,4.25
2005-04-05,2006,4.25
2005-04-06,2006,4.25
2005-04-07,2006,4.25
2005-04-08,2006,4.25
2005-04-11,2006,4.25
2005-04-12,2006,4.25
2005-04-13,2006,4.25
2005-04-14,2006,4.25
2005-04-15,2006,4.25
2005-04-18,2006,4.25
2005-04-19,2006,4.25
2005-04-20,2006,4.25
2005-04-22,2006,4.25
2005-04-25,2006,4.25
2005-04-26,2006,4.25
2005-04-27,2006,4.25
2005-04-28,2006,4.25
2005-04-29,2006,4.25
2005-05-02,2006,4.25
2005-05-03,2006,4.25
2005-05-04,2006,4.25
2005-05-05,2006,4.25
2005-05-06,2006,4.25
2005-05-09,2006,4.25
2005-05-10,2006,4.25
2005-05-11,2006,4.25
2005-05-12,2006,4.25
2005-05-13,2006,4.25
2005-05-16,2006,4.25
2005-05-17,2006,4.25
2005-05-18,2006,4.25
2005-05-19,2006,4.25
2005-05-20,2006,4.25
2005-05-23,2006,4.25
2005-05-24,2006,4.25
2005-05-25,2006,4.25
2005-05-27,2006,4.25
2005-05-30,2006,4.25
2005-05-31,2006,4.25
2005-06-01,2006,4.25
2005-06-02,2006,4.25
2005-06-03,2006,4.25
2005-06-06,2006,4.25
2005-06-07,2006,4.25
2005-06-08,2006,4.25
2005-06-09,2006,4.25
2005-06-10,2006,4.25
2005-06-13,2006,4.25
2005-06-14,2006,4.25
2005-06-15,2006,4.25
2005-06-16,2006,4.25
2005-06-17,2006,4.25
2005-06-20,2006,4.25
2005-06-21,2006,4.25
2005-06-22,2006,4.25
2005-06-23,2006,4.25
2005-06-24,2006,4.25
2005-06-27,2006,4.25
2005-06-28,2006,4.25
2005-06-29,2006,4.25
2005-06-30,2006,4.25
2005-07-01,2006,4.25
2005-07-04,2006,4.25
2005-07-05,2006,4.25
2005-07-06,2006,4.25
2005-07-07,2006,4.25
2005-07-08,2006,4.25
2005-07-11,2006,4.25
2005-07-12,2006,4.25
2005-07-13,2006,4.25
2005-07-14,2006,4.25
2005-07-15,2006,4.25
2005-07-18,2006,4.25
2005-07-19,2006,4.25
2005-07-20,2006,4.25
2005-07-21,2006,4.25
2005-07-22,2006,4.25
2005-07-25,2006,4.25
2005-07-26,2006,4.25
2005-07-27,2006,4.25
2005-07-28,2006,4.25
2005-07-29,2006,4.25
2005-08-01,2006,4.25
2005-08-02,2006,4.25
2005-08-03,2006,4.25
2005-08-04,2006,4.25
2005-08-05,2006,4.25
2005-08-08,2006,4.25
2005-08-09,2006,4.25
2005-08-10,2006,4.25
2005-08-11,2006,4.25
2005-08-12,2006,4.25
2005-08-15,2006,4.25
2005-08-16,2006,4.25
2005-08-17,2006,4.25
2005-08-18,2006,4.25
2005-08-19,2006,4.25
2005-08-22,2006,4.25
2005-08-23,2006,4.25
2005-08-24,2006,4.25
2005-08-25,2006,4.25
2005-08-26,2006,4.25
2005-08-29,2006,4.25
2005-08-30,2006,4.25
2005-08-31,2006,4.25
2005-09-01,2006,4.25
2005-09-02,2006,4.25
2005-09-05,2006,4.25
2005-09-06,2006,4.25
2005-09-08,2006,4.25
2005-09-09,2006,4.25
2005-09-12,2006,4.25
2005-09-13,2006,4.25
2005-09-14,2006,4.25
2005-09-15,2006,4.25
2005-09-16,2006,4.25
2005-09-19,2006,4.25
2005-09-20,2006,4.25
2005-09-21,2006,4.25
2005-09-22,2006,4.25
2005-09-23,2006,4.25
2005-09-26,2006,4.25
2005-09-27,2006,4.25
2005-09-28,2006,4.25
2005-09-29,2006,4.25
2005-09-30,2006,4.25
2005-10-03,2006,4.25
2005-10-04,2006,4.25
2005-10-05,2006,4.25
2005-10-06,2006,4.25
2005-10-07,2006,4.25
2005-10-10,2006,4.25
2005-10-11,2006,4.25
2005-10-13,2006,4.25
2005-10-14,2006,4.25
2005-10-17,2006,4.25
2005-10-18,2006,4.25
2005-10-19,2006,4.25
2005-10-20,2006,4.25
2005-10-21,2006,4.3
2005-10-24,2006,4.3
2005-10-25,2006,4.3
2005-10-26,2006,4.3
2005-10-27,2006,4.3
2005-10-28,2006,4.3
2005-10-31,2006,4.3
2005-11-01,2006,4.3
2005-11-03,2006,4.3
2005-11-04,2006,4.3
2005-11-07,2006,4.3
2005-11-08,2006,4.3
2005-11-09,2006,4.3
2005-11-10,2006,4.3
2005-11-11,2006,4.3
2005-11-14,2006,4.3
2005-11-16,2006,4.3
2005-11-17,2006,4.3
2005-11-18,2006,4.3
2005-11-21,2006,4.3
2005-11-22,2006,4.3
2005-11-23,2006,4.3
2005-11-24,2006,4.3
2005-11-25,2006,4.3
2005-11-28,2006,4.3
2005-11-29,2006,4.3
2005-11-30,2006,4.3
2005-12-01,2006,4.3
2005-12-02,2006,4.3
2005-12-05,2006,4.3
2005-12-06,2006,4.3
2005-12-07,2006,4.3
2005-12-08,2006,4.3
2005-12-09,2006,4.3
2005-12-12,2006,4.3
2005-12-13,2006,4.3
2005-12-14,2006,4.3
2005-12-15,2006,4.3
2005-12-16,2006,4.3
2005-12-19,2006,4.3
2005-12-20,2006,4.3
2005-12-21,2006,4.28
2005-12-22,2006,4.28
2005-12-23,2006,4.28
2005-12-26,2006,4.25
2005-12-27,2006,4.25
2005-12-28,2006,4.28
2005-12-29,2006,4.28
2005-12-30,2006,4.25
2006-01-02,2006,4.3
2006-01-03,2006,4.3
2006-01-04,2006,4.3
2006-01-05,2006,4.3
2006-01-06,2006,4.3
2006-01-09,2006,4.3
2006-01-10,2006,4.3
2006-01-11,2006,4.3
2006-01-12,2006,4.3
2006-01-13,2006,4.3
2006-01-16,2006,4.3
2006-01-17,2006,4.3
2006-01-18,2006,4.3
2006-01-19,2006,4.3
2006-01-20,2006,4.3
2006-01-23,2006,4.3
2006-01-24,2006,4.3
2006-01-25,2006,4.3
2006-01-26,2006,4.3
2006-01-27,2006,4.3
2006-01-30,2006,4.3
2006-01-31,2006,4.3
2006-02-01,2006,4.3
2006-02-02,2006,4.3
2006-02-03,2006,4.3
2006-02-06,2006,4.3
2006-02-07,2006,4.3
2006-02-08,2006,4.3
2006-02-09,2006,4.3
2006-02-10,2006,4.3
2006-02-13,2006,4.3
2006-02-14,2006,4.3
2006-02-15,2006,4.3
2006-02-16,2006,4.3
2006-02-17,2006,4.3
2006-02-20,2006,4.3
2006-02-21,2006,4.3
2006-02-22,2006,4.3
2006-02-23,2006,4.3
2006-02-24,2006,4.3
2006-03-01,2006,4.3
2006-03-02,2006,4.3
2006-03-03,2006,4.3
2006-03-06,2006,4.3
2006-03-07,2006,4.3
2006-03-08,2006,4.3
2006-03-09,2006,4.3
2006-03-10,2006,4.3
2006-03-13,2006,4.3
2006-03-14,2006,4.3
2006-03-15,2006,4.3
2006-03-16,2006,4.3
2006-03-17,2006,4.3
2006-03-20,2006,4.3
2006-03-21,2006,4.3
2006-03-22,2006,4.3
2006-03-23,2006,4.3
2006-03-24,2006,4.29
2006-03-27,2006,4.3
2006-03-28,2006,4.3
2006-03-29,2006,4.3
2006-03-30,2006,4.3
2006-03-31,2006,4.25
2006-04-03,2006,4.25
2006-04-04,2006,4.25
2006-04-05,2006,4.25
2006-04-06,2006,4.25
2006-04-07,2006,4.25
2006-04-10,2006,4.25
2006-04-11,2006,4.25
2006-04-12,2006,4.25
2006-04-13,2006,4.25
2006-04-17,2006,4.25
2006-04-18,2006,4.25
2006-04-19,2006,4.25
2006-04-20,2006,4.25
2006-04-24,2006,4.25
2006-04-25,2006,4.25
2006-04-26,2006,4.25
2006-04-27,2006,4.25
2006-04-28,2006,4.25
2006-05-02,2006,4.25
2006-05-03,2006,4.25
2006-05-04,2006,4.25
2006-05-05,2006,4.25
2006-05-08,2006,4.25
2006-05-09,2006,4.25
2006-05-10,2006,4.25
2006-05-11,2006,4.25
2006-05-12,2006,4.25
2006-05-15,2006,4.25
2006-05-16,2006,4.25
2006-05-17,2006,4.25
2006-05-18,2006,4.25
2006-05-19,2006,4.25
2006-05-22,2006,4.25
2006-05-23,2006,4.25
2006-05-24,2006,4.25
2006-05-25,2006,4.25
2006-05-26,2006,4.25
2006-05-29,2006,4.25
2006-05-30,2006,4.25
2006-05-31,2006,4.25
2006-06-01,2006,4.25
2006-06-02,2006,4.25
2006-06-05,2006,4.25
2006-06-06,2006,4.25
2006-06-07,2006,4.25
2006-06-08,2006,4.25
2006-06-09,2006,4.25
2006-06-12,2006,4.25
2006-06-13,2006,4.25
2006-06-14,2006,4.25
2006-06-16,2006,4.25
2006-06-19,2006,4.25
2006-06-20,2006,4.25
2006-06-21,2006,4.25
2006-06-22,2006,4.25
2006-06-23,2006,4.25
2006-06-26,2006,4.25
2006-06-27,2006,4.25
2006-06-28,2006,4.25
2006-06-29,2006,4.25
2006-06-30,2006,4.25
2006-07-03,2006,4.25
2006-07-04,2006,4.25
2006-07-05,2006,4.25
2006-07-06,2006,4.25
2006-07-07,2006,4.25
2006-07-10,2006,4.25
2006-07-11,2006,4.25
2006-07-12,2006,4.25
2006-07-13,2006,4.25
2006-07-14,2006,4.25
2006-07-17,2006,4.25
2006-07-18,2006,4.25
2006-07-19,2006,4.25
2006-07-20,2006,4.25
2006-07-21,2006,4.25
2006-07-24,2006,4.25
2006-07-25,2006,4.25
2006-07-26,2006,4.25
2006-07-27,2006,4.25
2006-07-28,2006,4.25
2006-07-31,2006,4.25
2006-08-01,2006,4.25
2006-08-02,2006,4.25
2006-08-03,2006,4.25
2006-08-04,2006,4.25
2006-08-07,2006,4.25
2006-08-08,2006,4.25
2006-08-09,2006,4.25
2006-08-10,2006,4.25
2006-08-11,2006,4.25
2006-08-14,2006,4.25
2006-08-15,2006,4.25
2006-08-16,2006,4.25
2006-08-17,2006,4.25
2006-08-18,2006,4.25
2006-08-21,2006,4.25
2006-08-22,2006,4.25
2006-08-23,2006,4.25
2006-08-24,2006,4.25
2006-08-25,2006,4.25
2006-08-28,2006,4.25
2006-08-29,2006,4.25
2006-08-30,2006,4.25
2006-08-31,2006,4.25
2006-09-01,2006,4.25
2006-09-04,2006,4.25
2006-09-05,2006,4.25
2006-09-06,2006,4.25
2006-09-08,2006,4.25
2006-09-11,2006,4.25
2006-09-12,2006,4.25
2006-09-13,2006,4.25
2006-09-14,2006,4.25
2006-09-15,2006,4.25
2006-09-18,2006,4.25
2006-09-19,2006,4.25
2006-09-20,2006,4.25
2006-09-21,2006,4.25
2006-09-22,2006,4.25
2006-09-25,2006,4.25
2006-09-26,2006,4.25
2006-09-27,2006,4.25
2006-09-28,2006,4.25
2006-09-29,2006,4.25
2006-10-02,2006,4.25
2006-10-03,2006,4.25
2006-10-04,2006,4.25
2006-10-05,2006,4.25
2006-10-06,2006,4.25
2006-10-09,2006,4.25
2006-10-10,2006,4.25
2006-10-11,2006,4.25
2006-10-13,2006,4.25
2006-10-16,2006,4.25
2006-10-17,2006,4.25
2006-10-18,2006,4.25
2006-10-19,2006,4.25
2006-10-20,2006,4.25
2006-10-23,2006,4.25
2006-10-24,2006,4.25
2006-10-25,2006,4.25
2006-10-26,2006,4.25
2006-10-27,2006,4.25
2006-10-30,2006,4.25
2006-10-31,2006,4.25
2006-11-01,2006,4.25
2006-11-03,2006,4.25
2006-11-06,2006,4.25
2006-11-07,2006,4.25
2006-11-08,2006,4.25
2006-11-09,2006,4.25
2006-11-10,2006,4.25
2006-11-13,2006,4.25
2006-11-14,2006,4.25
2006-11-16,2006,4.25
2006-11-17,2006,4.25
2006-11-20,2006,4.25
2006-11-21,2006,4.25
2006-11-22,2006,4.25
2006-11-23,2006,4.25
2006-11-24,2006,4.25
2006-11-27,2006,4.25
2006-11-28,2006,4.25
2006-11-29,2006,4.25
2006-11-30,2006,4.25
2006-12-01,2006,4.25
2006-12-04,2006,4.25
2006-12-05,2006,4.25
2006-12-06,2006,4.25
2006-12-07,2006,4.25
2006-12-08,2006,4.25
2006-12-11,2006,4.25
2006-12-12,2006,4.25
2006-12-13,2006,4.25
2006-12-14,2006,4.25
2006-12-15,2006,4.25
2006-12-18,2006,4.25
2006-12-19,2006,4.25
2006-12-20,2006,4.25
2006-12-21,2006,4.25
2006-12-22,2006,4.25
2006-12-26,2006,4.25
2006-12-27,2006,4.25
2006-12-28,2006,4.25
2006-12-29,2006,4.25
2007-01-02,2006,4.25
2007-01-03,2006,4.25
2007-01-04,2006,4.25
2007-01-05,2006,4.25
2007-01-08,2006,4.25
2007-01-09,2006,4.25
2007-01-10,2006,4.25
2007-01-11,2006,4.25
2007-01-12,2006,4.25
2007-01-15,2006,4.25
2007-01-16,2006,4.25
2007-01-17,2006,4.25
2007-01-18,2006,4.25
2007-01-19,2006,4.25
2007-01-22,2006,4.25
2007-01-23,2006,4.25
2007-01-24,2006,4.25
2007-01-25,2006,4.25
2007-01-26,2006,4.25
2007-01-29,2006,4.25
2007-01-30,2006,4.25
2003-01-30,2007,3.3
2003-01-31,2007,3.0
2003-02-03,2007,3.0
2003-02-04,2007,3.0
2003-02-05,2007,3.25
2003-02-06,2007,3.25
2003-02-07,2007,3.5
2003-02-10,2007,3.5
2003-02-11,2007,3.5
2003-02-12,2007,3.5
2003-02-13,2007,3.5
2003-02-14,2007,3.5
2003-02-17,2007,3.25
2003-02-18,2007,3.25
2003-02-19,2007,3.25
2003-02-20,2007,3.25
2003-02-21,2007,3.5
2003-02-24,2007,3.55
2003-02-25,2007,3.55
2003-02-26,2007,3.55
2003-02-27,2007,3.55
2003-02-28,2007,3.5
2003-03-05,2007,3.5
2003-03-06,2007,3.55
2003-03-07,2007,3.5
2003-03-10,2007,3.5
2003-03-11,2007,3.5
2003-03-12,2007,3.5
2003-03-13,2007,3.5
2003-03-14,2007,3.5
2003-03-17,2007,3.35
2003-03-18,2007,3.35
2003-03-19,2007,3.35
2003-03-20,2007,3.35
2003-03-21,2007,3.28
2003-03-24,2007,3.1
2003-03-25,2007,3.1
2003-03-26,2007,3.1
2003-03-27,2007,3.2
2003-03-28,2007,3.2
2003-03-31,2007,3.1
2003-04-01,2007,3.1
2003-04-02,2007,3.2
2003-04-03,2007,3.2
2003-04-04,2007,3.2
2003-04-07,2007,3.43
2003-04-08,2007,3.5
2003-04-09,2007,3.5
2003-04-10,2007,3.5
2003-04-11,2007,3.5
2003-04-14,2007,3.5
2003-04-15,2007,3.5
2003-04-16,2007,3.5
2003-04-17,2007,3.5
2003-04-22,2007,3.5
2003-04-23,2007,3.5
2003-04-24,2007,3.5
2003-04-25,2007,3.5
2003-04-28,2007,3.5
2003-04-29,2007,3.5
2003-04-30,2007,3.5
2003-05-02,2007,3.5
2003-05-05,2007,3.5
2003-05-06,2007,3.5
2003-05-07,2007,3.5
2003-05-08,2007,3.5
2003-05-09,2007,3.5
2003-05-12,2007,3.5
2003-05-13,2007,3.5
2003-05-14,2007,3.5
2003-05-15,2007,3.5
2003-05-16,2007,3.5
2003-05-19,2007,3.5
2003-05-20,2007,3.5
2003-05-21,2007,3.5
2003-05-22,2007,3.5
2003-05-23,2007,3.5
2003-05-26,2007,3.5
2003-05-27,2007,3.5
2003-05-28,2007,3.5
2003-05-29,2007,3.5
2003-05-30,2007,3.5
2003-06-02,2007,3.5
2003-06-03,2007,3.5
2003-06-04,2007,3.5
2003-06-05,2007,3.5
2003-06-06,2007,3.5
2003-06-09,2007,3.5
2003-06-10,2007,3.5
2003-06-11,2007,3.75
2003-06-12,2007,3.75
2003-06-13,2007,3.75
2003-06-16,2007,3.75
2003-06-17,2007,3.75
2003-06-18,2007,3.75
2003-06-20,2007,3.75
2003-06-23,2007,3.75
2003-06-24,2007,3.75
2003-06-25,2007,3.75
2003-06-26,2007,3.75
2003-06-27,2007,3.75
2003-06-30,2007,3.75
2003-07-01,2007,3.75
2003-07-02,2007,3.75
2003-07-03,2007,3.75
2003-07-04,2007,3.75
2003-07-07,2007,3.75
2003-07-08,2007,3.75
2003-07-09,2007,3.75
2003-07-10,2007,3.75
2003-07-11,2007,3.75
2003-07-14,2007,3.75
2003-07-15,2007,3.75
2003-07-16,2007,3.75
2003-07-17,2007,3.75
2003-07-18,2007,3.75
2003-07-21,2007,3.75
2003-07-22,2007,3.75
2003-07-23,2007,3.75
2003-07-24,2007,3.75
2003-07-25,2007,3.75
2003-07-28,2007,3.75
2003-07-29,2007,3.75
2003-07-30,2007,3.75
2003-07-31,2007,3.75
2003-08-01,2007,3.75
2003-08-04,2007,3.75
2003-08-05,2007,3.75
2003-08-06,2007,3.75
2003-08-07,2007,3.75
2003-08-08,2007,3.75
2003-08-11,2007,3.75
2003-08-12,2007,3.75
2003-08-13,2007,3.75
2003-08-14,2007,3.75
2003-08-15,2007,3.75
2003-08-18,2007,3.75
2003-08-19,2007,3.75
2003-08-20,2007,3.75
2003-08-21,2007,3.75
2003-08-22,2007,3.75
2003-08-25,2007,3.75
2003-08-26,2007,3.75
2003-08-27,2007,3.75
2003-08-28,2007,3.75
2003-08-29,2007,3.75
2003-09-01,2007,3.75
2003-09-02,2007,3.75
2003-09-03,2007,3.75
2003-09-04,2007,3.75
2003-09-05,2007,3.75
2003-09-08,2007,3.75
2003-09-09,2007,3.75
2003-09-10,2007,3.75
2003-09-11,2007,3.75
2003-09-12,2007,3.75
2003-09-15,2007,3.75
2003-09-16,2007,3.75
2003-09-17,2007,3.75
2003-09-18,2007,3.75
2003-09-19,2007,3.75
2003-09-22,2007,3.75
2003-09-23,2007,3.75
2003-09-24,2007,3.75
2003-09-25,2007,3.75
2003-09-26,2007,3.75
2003-09-29,2007,3.75
2003-09-30,2007,3.75
2003-10-01,2007,3.75
2003-10-02,2007,3.75
2003-10-03,2007,3.75
2003-10-06,2007,3.75
2003-10-07,2007,3.75
2003-10-08,2007,3.75
2003-10-09,2007,3.75
2003-10-10,2007,3.75
2003-10-13,2007,3.75
2003-10-14,2007,3.75
2003-10-15,2007,3.75
2003-10-16,2007,3.75
2003-10-17,2007,3.75
2003-10-20,2007,3.75
2003-10-21,2007,3.75
2003-10-22,2007,3.75
2003-10-23,2007,3.75
2003-10-24,2007,3.75
2003-10-28,2007,3.75
2003-10-29,2007,3.75
2003-10-30,2007,3.75
2003-10-31,2007,3.75
2003-11-03,2007,3.75
2003-11-04,2007,3.75
2003-11-05,2007,3.75
2003-11-06,2007,3.75
2003-11-07,2007,3.75
2003-11-10,2007,3.75
2003-11-11,2007,3.75
2003-11-12,2007,3.75
2003-11-13,2007,3.75
2003-11-14,2007,3.75
2003-11-17,2007,3.75
2003-11-18,2007,3.75
2003-11-19,2007,3.75
2003-11-20,2007,3.75
2003-11-21,2007,3.75
2003-11-24,2007,3.75
2003-11-25,2007,3.75
2003-11-26,2007,3.75
2003-11-27,2007,3.75
2003-11-28,2007,3.75
2003-12-01,2007,3.75
2003-12-02,2007,3.75
2003-12-03,2007,3.75
2003-12-04,2007,3.75
2003-12-05,2007,3.75
2003-12-08,2007,3.75
2003-12-09,2007,3.75
2003-12-10,2007,3.75
2003-12-11,2007,3.75
2003-12-12,2007,3.75
2003-12-15,2007,3.75
2003-12-16,2007,3.75
2003-12-17,2007,3.75
2003-12-18,2007,3.75
2003-12-19,2007,3.75
2003-12-22,2007,3.75
2003-12-23,2007,3.75
2003-12-26,2007,3.75
2003-12-29,2007,3.75
2003-12-30,2007,3.75
2004-01-02,2007,3.75
2004-01-05,2007,3.75
2004-01-06,2007,3.75
2004-01-07,2007,3.75
2004-01-08,2007,3.75
2004-01-09,2007,3.75
2004-01-12,2007,3.75
2004-01-14,2007,3.75
2004-01-15,2007,3.75
2004-01-16,2007,3.75
2004-01-19,2007,3.75
2004-01-20,2007,3.75
2004-01-21,2007,3.75
2004-01-22,2007,3.75
2004-01-23,2007,3.75
2004-01-26,2007,3.75
2004-01-27,2007,3.75
2004-01-28,2007,3.75
2004-01-29,2007,3.75
2004-01-30,2007,3.75
2004-02-02,2007,3.75
2004-02-03,2007,3.75
2004-02-04,2007,3.75
2004-02-05,2007,3.75
2004-02-06,2007,3.75
2004-02-09,2007,3.78
2004-02-10,2007,3.8
2004-02-11,2007,3.8
2004-02-12,2007,3.8
2004-02-13,2007,3.8
2004-02-16,2007,3.8
2004-02-17,2007,3.8
2004-02-18,2007,3.8
2004-02-19,2007,3.8
2004-02-20,2007,3.8
2004-02-25,2007,3.78
2004-02-26,2007,3.78
2004-02-27,2007,3.78
2004-03-01,2007,3.78
2004-03-02,2007,3.78
2004-03-03,2007,3.78
2004-03-04,2007,3.8
2004-03-05,2007,3.8
2004-03-08,2007,3.8
2004-03-09,2007,3.8
2004-03-10,2007,3.8
2004-03-11,2007,3.8
2004-03-12,2007,3.78
2004-03-15,2007,3.8
2004-03-16,2007,3.8
2004-03-17,2007,3.8
2004-03-18,2007,3.78
2004-03-19,2007,3.78
2004-03-22,2007,3.78
2004-03-23,2007,3.8
2004-03-24,2007,3.8
2004-03-25,2007,3.8
2004-03-26,2007,3.8
2004-03-29,2007,3.9
2004-03-30,2007,3.9
2004-03-31,2007,3.9
2004-04-01,2007,3.8
2004-04-02,2007,3.8
2004-04-05,2007,3.8
2004-04-06,2007,3.8
2004-04-07,2007,3.8
2004-04-08,2007,3.8
2004-04-12,2007,3.8
2004-04-13,2007,3.8
2004-04-14,2007,3.8
2004-04-15,2007,3.8
2004-04-16,2007,3.8
2004-04-19,2007,3.8
2004-04-20,2007,3.8
2004-04-22,2007,3.8
2004-04-23,2007,3.8
2004-04-26,2007,3.8
2004-04-27,2007,3.8
2004-04-28,2007,3.8
2004-04-29,2007,3.8
2004-04-30,2007,3.8
2004-05-03,2007,3.9
2004-05-04,2007,4.0
2004-05-05,2007,4.0
2004-05-06,2007,4.0
2004-05-07,2007,4.0
2004-05-10,2007,4.0
2004-05-11,2007,4.0
2004-05-12,2007,4.0
2004-05-13,2007,4.0
2004-05-14,2007,4.0
2004-05-17,2007,4.0
2004-05-18,2007,4.0
2004-05-19,2007,4.0
2004-05-20,2007,3.9
2004-05-21,2007,4.0
2004-05-24,2007,3.8
2004-05-25,2007,3.8
2004-05-26,2007,3.8
2004-05-27,2007,3.8
2004-05-28,2007,3.8
2004-05-31,2007,4.0
2004-06-01,2007,4.0
2004-06-02,2007,4.0
2004-06-03,2007,4.0
2004-06-04,2007,4.0
2004-06-07,2007,3.9
2004-06-08,2007,4.0
2004-06-09,2007,4.0
2004-06-11,2007,4.0
2004-06-14,2007,4.0
2004-06-15,2007,4.0
2004-06-16,2007,4.0
2004-06-17,2007,4.0
2004-06-18,2007,4.0
2004-06-21,2007,4.0
2004-06-22,2007,4.0
2004-06-23,2007,4.0
2004-06-24,2007,4.0
2004-06-25,2007,4.0
2004-06-28,2007,4.0
2004-06-29,2007,4.0
2004-06-30,2007,4.0
2004-07-01,2007,3.9
2004-07-02,2007,4.0
2004-07-05,2007,4.0
2004-07-06,2007,4.0
2004-07-07,2007,4.0
2004-07-08,2007,4.0
2004-07-09,2007,4.0
2004-07-12,2007,4.0
2004-07-13,2007,4.0
2004-07-14,2007,4.0
2004-07-15,2007,4.0
2004-07-16,2007,4.0
2004-07-19,2007,4.0
2004-07-20,2007,4.0
2004-07-21,2007,4.0
2004-07-22,2007,4.0
2004-07-23,2007,4.0
2004-07-26,2007,4.0
2004-07-27,2007,4.0
2004-07-28,2007,4.0
2004-07-29,2007,4.0
2004-07-30,2007,4.0
2004-08-02,2007,4.0
2004-08-03,2007,4.0
2004-08-04,2007,4.0
2004-08-05,2007,4.0
2004-08-06,2007,4.0
2004-08-09,2007,4.0
2004-08-10,2007,4.0
2004-08-11,2007,4.0
2004-08-12,2007,4.0
2004-08-13,2007,4.0
2004-08-16,2007,4.0
2004-08-17,2007,4.0
2004-08-18,2007,4.0
2004-08-19,2007,4.0
2004-08-20,2007,4.0
2004-08-23,2007,4.0
2004-08-24,2007,4.0
2004-08-25,2007,4.0
2004-08-26,2007,4.0
2004-08-27,2007,4.0
2004-08-30,2007,4.0
2004-08-31,2007,4.0
2004-09-01,2007,4.0
2004-09-02,2007,4.0
2004-09-03,2007,4.0
2004-09-06,2007,4.0
2004-09-08,2007,4.0
2004-09-09,2007,4.0
2004-09-10,2007,4.0
2004-09-13,2007,4.0
2004-09-14,2007,4.0
2004-09-15,2007,4.0
2004-09-16,2007,4.0
2004-09-17,2007,4.0
2004-09-20,2007,4.0
2004-09-21,2007,4.0
2004-09-22,2007,4.0
2004-09-23,2007,4.0
2004-09-24,2007,4.0
2004-09-27,2007,4.0
2004-09-28,2007,4.0
2004-09-29,2007,4.0
2004-09-30,2007,4.0
2004-10-01,2007,4.0
2004-10-04,2007,4.0
2004-10-05,2007,4.0
2004-10-06,2007,4.0
2004-10-07,2007,4.0
2004-10-08,2007,4.0
2004-10-11,2007,4.0
2004-10-13,2007,4.0
2004-10-14,2007,4.0
2004-10-15,2007,4.0
2004-10-18,2007,4.0
2004-10-19,2007,4.0
2004-10-20,2007,4.0
2004-10-21,2007,4.0
2004-10-22,2007,4.0
2004-10-25,2007,4.0
2004-10-26,2007,4.0
2004-10-27,2007,4.0
2004-10-28,2007,4.25
2004-10-29,2007,4.25
2004-11-03,2007,4.25
2004-11-04,2007,4.1
2004-11-05,2007,4.1
2004-11-08,2007,4.18
2004-11-09,2007,4.18
2004-11-10,2007,4.1
2004-11-11,2007,4.1
2004-11-12,2007,4.05
2004-11-16,2007,4.1
2004-11-17,2007,4.05
2004-11-18,2007,4.05
2004-11-19,2007,4.05
2004-11-22,2007,4.05
2004-11-23,2007,4.05
2004-11-24,2007,4.05
2004-11-25,2007,4.05
2004-11-26,2007,4.05
2004-11-29,2007,4.0
2004-11-30,2007,4.05
2004-12-01,2007,4.05
2004-12-02,2007,4.0
2004-12-03,2007,4.0
2004-12-06,2007,4.0
2004-12-07,2007,4.0
2004-12-08,2007,4.0
2004-12-09,2007,4.0
2004-12-10,2007,4.0
2004-12-13,2007,4.1
2004-12-14,2007,4.1
2004-12-15,2007,4.1
2004-12-16,2007,4.1
2004-12-17,2007,4.1
2004-12-20,2007,4.18
2004-12-21,2007,4.18
2004-12-22,2007,4.18
2004-12-23,2007,4.18
2004-12-27,2007,4.18
2004-12-28,2007,4.1
2004-12-29,2007,4.1
2004-12-30,2007,4.1
2005-01-03,2007,4.0
2005-01-04,2007,4.0
2005-01-05,2007,4.0
2005-01-06,2007,4.0
2005-01-07,2007,4.0
2005-01-10,2007,4.0
2005-01-11,2007,4.1
2005-01-12,2007,4.1
2005-01-13,2007,4.05
2005-01-14,2007,4.05
2005-01-17,2007,4.05
2005-01-18,2007,4.05
2005-01-19,2007,4.05
2005-01-20,2007,4.18
2005-01-21,2007,4.25
2005-01-24,2007,4.18
2005-01-25,2007,4.18
2005-01-26,2007,4.18
2005-01-27,2007,4.25
2005-01-28,2007,4.25
2005-01-31,2007,4.25
2005-02-01,2007,4.25
2005-02-02,2007,4.25
2005-02-03,2007,4.25
2005-02-04,2007,4.25
2005-02-09,2007,4.25
2005-02-10,2007,4.25
2005-02-11,2007,4.25
2005-02-14,2007,4.25
2005-02-15,2007,4.25
2005-02-16,2007,4.25
2005-02-17,2007,4.25
2005-02-18,2007,4.25
2005-02-21,2007,4.0
2005-02-22,2007,4.25
2005-02-23,2007,4.25
2005-02-24,2007,4.25
2005-02-25,2007,4.25
2005-02-28,2007,4.25
2005-03-01,2007,4.25
2005-03-02,2007,4.25
2005-03-03,2007,4.25
2005-03-04,2007,4.25
2005-03-07,2007,4.25
2005-03-08,2007,4.2
2005-03-09,2007,4.2
2005-03-10,2007,4.2
2005-03-11,2007,4.2
2005-03-14,2007,4.2
2005-03-15,2007,4.2
2005-03-16,2007,4.2
2005-03-17,2007,4.2
2005-03-18,2007,4.08
2005-03-21,2007,4.2
2005-03-22,2007,4.18
2005-03-23,2007,4.18
2005-03-24,2007,4.18
2005-03-28,2007,4.15
2005-03-29,2007,4.18
2005-03-30,2007,4.18
2005-03-31,2007,4.2
2005-04-01,2007,4.2
2005-04-04,2007,4.2
2005-04-05,2007,4.2
2005-04-06,2007,4.2
2005-04-07,2007,4.23
2005-04-08,2007,4.23
2005-04-11,2007,4.25
2005-04-12,2007,4.25
2005-04-13,2007,4.23
2005-04-14,2007,4.2
2005-04-15,2007,4.18
2005-04-18,2007,4.2
2005-04-19,2007,4.2
2005-04-20,2007,4.2
2005-04-22,2007,4.23
2005-04-25,2007,4.23
2005-04-26,2007,4.23
2005-04-27,2007,4.23
2005-04-28,2007,4.23
2005-04-29,2007,4.23
2005-05-02,2007,4.18
2005-05-03,2007,4.15
2005-05-04,2007,4.15
2005-05-05,2007,4.15
2005-05-06,2007,4.15
2005-05-09,2007,4.13
2005-05-10,2007,4.15
2005-05-11,2007,4.15
2005-05-12,2007,4.18
2005-05-13,2007,4.18
2005-05-16,2007,4.2
2005-05-17,2007,4.18
2005-05-18,2007,4.18
2005-05-19,2007,4.18
2005-05-20,2007,4.15
2005-05-23,2007,4.18
2005-05-24,2007,4.15
2005-05-25,2007,4.18
2005-05-27,2007,4.15
2005-05-30,2007,4.18
2005-05-31,2007,4.15
2005-06-01,2007,4.15
2005-06-02,2007,4.2
2005-06-03,2007,4.25
2005-06-06,2007,4.25
2005-06-07,2007,4.25
2005-06-08,2007,4.25
2005-06-09,2007,4.25
2005-06-10,2007,4.25
2005-06-13,2007,4.25
2005-06-14,2007,4.25
2005-06-15,2007,4.25
2005-06-16,2007,4.25
2005-06-17,2007,4.25
2005-06-20,2007,4.25
2005-06-21,2007,4.25
2005-06-22,2007,4.25
2005-06-23,2007,4.25
2005-06-24,2007,4.25
2005-06-27,2007,4.25
2005-06-28,2007,4.25
2005-06-29,2007,4.25
2005-06-30,2007,4.25
2005-07-01,2007,4.23
2005-07-04,2007,4.2
2005-07-05,2007,4.2
2005-07-06,2007,4.2
2005-07-07,2007,4.25
2005-07-08,2007,4.25
2005-07-11,2007,4.25
2005-07-12,2007,4.25
2005-07-13,2007,4.25
2005-07-14,2007,4.25
2005-07-15,2007,4.25
2005-07-18,2007,4.25
2005-07-19,2007,4.25
2005-07-20,2007,4.25
2005-07-21,2007,4.25
2005-07-22,2007,4.25
2005-07-25,2007,4.25
2005-07-26,2007,4.25
2005-07-27,2007,4.25
2005-07-28,2007,4.25
2005-07-29,2007,4.25
2005-08-01,2007,4.25
2005-08-02,2007,4.25
2005-08-03,2007,4.25
2005-08-04,2007,4.25
2005-08-05,2007,4.25
2005-08-08,2007,4.25
2005-08-09,2007,4.25
2005-08-10,2007,4.25
2005-08-11,2007,4.25
2005-08-12,2007,4.25
2005-08-15,2007,4.25
2005-08-16,2007,4.25
2005-08-17,2007,4.25
2005-08-18,2007,4.25
2005-08-19,2007,4.25
2005-08-22,2007,4.25
2005-08-23,2007,4.25
2005-08-24,2007,4.25
2005-08-25,2007,4.25
2005-08-26,2007,4.25
2005-08-29,2007,4.25
2005-08-30,2007,4.25
2005-08-31,2007,4.25
2005-09-01,2007,4.25
2005-09-02,2007,4.25
2005-09-05,2007,4.15
2005-09-06,2007,4.25
2005-09-08,2007,4.25
2005-09-09,2007,4.25
2005-09-12,2007,4.25
2005-09-13,2007,4.25
2005-09-14,2007,4.25
2005-09-15,2007,4.25
2005-09-16,2007,4.25
2005-09-19,2007,4.25
2005-09-20,2007,4.25
2005-09-21,2007,4.25
2005-09-22,2007,4.25
2005-09-23,2007,4.25
2005-09-26,2007,4.25
2005-09-27,2007,4.25
2005-09-28,2007,4.25
2005-09-29,2007,4.25
2005-09-30,2007,4.25
2005-10-03,2007,4.25
2005-10-04,2007,4.25
2005-10-05,2007,4.25
2005-10-06,2007,4.25
2005-10-07,2007,4.25
2005-10-10,2007,4.25
2005-10-11,2007,4.25
2005-10-13,2007,4.25
2005-10-14,2007,4.25
2005-10-17,2007,4.25
2005-10-18,2007,4.25
2005-10-19,2007,4.25
2005-10-20,2007,4.25
2005-10-21,2007,4.25
2005-10-24,2007,4.25
2005-10-25,2007,4.25
2005-10-26,2007,4.25
2005-10-27,2007,4.25
2005-10-28,2007,4.25
2005-10-31,2007,4.25
2005-11-01,2007,4.25
2005-11-03,2007,4.25
2005-11-04,2007,4.25
2005-11-07,2007,4.25
2005-11-08,2007,4.25
2005-11-09,2007,4.25
2005-11-10,2007,4.25
2005-11-11,2007,4.25
2005-11-14,2007,4.25
2005-11-16,2007,4.25
2005-11-17,2007,4.25
2005-11-18,2007,4.25
2005-11-21,2007,4.25
2005-11-22,2007,4.25
2005-11-23,2007,4.25
2005-11-24,2007,4.25
2005-11-25,2007,4.25
2005-11-28,2007,4.25
2005-11-29,2007,4.25
2005-11-30,2007,4.25
2005-12-01,2007,4.25
2005-12-02,2007,4.25
2005-12-05,2007,4.25
2005-12-06,2007,4.25
2005-12-07,2007,4.25
2005-12-08,2007,4.25
2005-12-09,2007,4.25
2005-12-12,2007,4.25
2005-12-13,2007,4.25
2005-12-14,2007,4.25
2005-12-15,2007,4.25
2005-12-16,2007,4.25
2005-12-19,2007,4.25
2005-12-20,2007,4.25
2005-12-21,2007,4.25
2005-12-22,2007,4.25
2005-12-23,2007,4.25
2005-12-26,2007,4.25
2005-12-27,2007,4.25
2005-12-28,2007,4.25
2005-12-29,2007,4.25
2005-12-30,2007,4.25
2006-01-02,2007,4.25
2006-01-03,2007,4.25
2006-01-04,2007,4.25
2006-01-05,2007,4.25
2006-01-06,2007,4.25
2006-01-09,2007,4.25
2006-01-10,2007,4.25
2006-01-11,2007,4.25
2006-01-12,2007,4.25
2006-01-13,2007,4.25
2006-01-16,2007,4.25
2006-01-17,2007,4.25
2006-01-18,2007,4.25
2006-01-19,2007,4.25
2006-01-20,2007,4.25
2006-01-23,2007,4.25
2006-01-24,2007,4.25
2006-01-25,2007,4.25
2006-01-26,2007,4.25
2006-01-27,2007,4.25
2006-01-30,2007,4.25
2006-01-31,2007,4.25
2006-02-01,2007,4.25
2006-02-02,2007,4.25
2006-02-03,2007,4.25
2006-02-06,2007,4.25
2006-02-07,2007,4.25
2006-02-08,2007,4.25
2006-02-09,2007,4.25
2006-02-10,2007,4.25
2006-02-13,2007,4.25
2006-02-14,2007,4.25
2006-02-15,2007,4.25
2006-02-16,2007,4.25
2006-02-17,2007,4.25
2006-02-20,2007,4.25
2006-02-21,2007,4.25
2006-02-22,2007,4.25
2006-02-23,2007,4.25
2006-02-24,2007,4.25
2006-03-01,2007,4.25
2006-03-02,2007,4.25
2006-03-03,2007,4.25
2006-03-06,2007,4.25
2006-03-07,2007,4.25
2006-03-08,2007,4.25
2006-03-09,2007,4.25
2006-03-10,2007,4.25
2006-03-13,2007,4.25
2006-03-14,2007,4.25
2006-03-15,2007,4.25
2006-03-16,2007,4.25
2006-03-17,2007,4.25
2006-03-20,2007,4.25
2006-03-21,2007,4.25
2006-03-22,2007,4.25
2006-03-23,2007,4.25
2006-03-24,2007,4.25
2006-03-27,2007,4.25
2006-03-28,2007,4.25
2006-03-29,2007,4.25
2006-03-30,2007,4.25
2006-03-31,2007,4.25
2006-04-03,2007,4.25
2006-04-04,2007,4.25
2006-04-05,2007,4.25
2006-04-06,2007,4.25
2006-04-07,2007,4.25
2006-04-10,2007,4.25
2006-04-11,2007,4.25
2006-04-12,2007,4.25
2006-04-13,2007,4.25
2006-04-17,2007,4.25
2006-04-18,2007,4.25
2006-04-19,2007,4.25
2006-04-20,2007,4.25
2006-04-24,2007,4.25
2006-04-25,2007,4.25
2006-04-26,2007,4.25
2006-04-27,2007,4.25
2006-04-28,2007,4.25
2006-05-02,2007,4.25
2006-05-03,2007,4.25
2006-05-04,2007,4.25
2006-05-05,2007,4.25
2006-05-08,2007,4.25
2006-05-09,2007,4.25
2006-05-10,2007,4.25
2006-05-11,2007,4.25
2006-05-12,2007,4.25
2006-05-15,2007,4.25
2006-05-16,2007,4.25
2006-05-17,2007,4.25
2006-05-18,2007,4.25
2006-05-19,2007,4.25
2006-05-22,2007,4.25
2006-05-23,2007,4.25
2006-05-24,2007,4.25
2006-05-25,2007,4.25
2006-05-26,2007,4.25
2006-05-29,2007,4.25
2006-05-30,2007,4.25
2006-05-31,2007,4.25
2006-06-01,2007,4.25
2006-06-02,2007,4.25
2006-06-05,2007,4.25
2006-06-06,2007,4.25
2006-06-07,2007,4.25
2006-06-08,2007,4.25
2006-06-09,2007,4.25
2006-06-12,2007,4.25
2006-06-13,2007,4.25
2006-06-14,2007,4.25
2006-06-16,2007,4.25
2006-06-19,2007,4.25
2006-06-20,2007,4.25
2006-06-21,2007,4.25
2006-06-22,2007,4.25
2006-06-23,2007,4.25
2006-06-26,2007,4.25
2006-06-27,2007,4.25
2006-06-28,2007,4.25
2006-06-29,2007,4.25
2006-06-30,2007,4.25
2006-07-03,2007,4.25
2006-07-04,2007,4.25
2006-07-05,2007,4.25
2006-07-06,2007,4.25
2006-07-07,2007,4.25
2006-07-10,2007,4.25
2006-07-11,2007,4.25
2006-07-12,2007,4.25
2006-07-13,2007,4.25
2006-07-14,2007,4.25
2006-07-17,2007,4.25
2006-07-18,2007,4.25
2006-07-19,2007,4.25
2006-07-20,2007,4.25
2006-07-21,2007,4.25
2006-07-24,2007,4.25
2006-07-25,2007,4.25
2006-07-26,2007,4.25
2006-07-27,2007,4.25
2006-07-28,2007,4.25
2006-07-31,2007,4.25
2006-08-01,2007,4.25
2006-08-02,2007,4.25
2006-08-03,2007,4.25
2006-08-04,2007,4.25
2006-08-07,2007,4.25
2006-08-08,2007,4.25
2006-08-09,2007,4.25
2006-08-10,2007,4.25
2006-08-11,2007,4.25
2006-08-14,2007,4.25
2006-08-15,2007,4.25
2006-08-16,2007,4.25
2006-08-17,2007,4.25
2006-08-18,2007,4.25
2006-08-21,2007,4.25
2006-08-22,2007,4.25
2006-08-23,2007,4.25
2006-08-24,2007,4.25
2006-08-25,2007,4.25
2006-08-28,2007,4.25
2006-08-29,2007,4.25
2006-08-30,2007,4.25
2006-08-31,2007,4.25
2006-09-01,2007,4.25
2006-09-04,2007,4.25
2006-09-05,2007,4.25
2006-09-06,2007,4.25
2006-09-08,2007,4.25
2006-09-11,2007,4.25
2006-09-12,2007,4.25
2006-09-13,2007,4.25
2006-09-14,2007,4.25
2006-09-15,2007,4.25
2006-09-18,2007,4.25
2006-09-19,2007,4.25
2006-09-20,2007,4.25
2006-09-21,2007,4.25
2006-09-22,2007,4.25
2006-09-25,2007,4.25
2006-09-26,2007,4.25
2006-09-27,2007,4.25
2006-09-28,2007,4.25
2006-09-29,2007,4.25
2006-10-02,2007,4.25
2006-10-03,2007,4.25
2006-10-04,2007,4.25
2006-10-05,2007,4.25
2006-10-06,2007,4.25
2006-10-09,2007,4.25
2006-10-10,2007,4.25
2006-10-11,2007,4.25
2006-10-13,2007,4.25
2006-10-16,2007,4.25
2006-10-17,2007,4.25
2006-10-18,2007,4.25
2006-10-19,2007,4.25
2006-10-20,2007,4.25
2006-10-23,2007,4.25
2006-10-24,2007,4.25
2006-10-25,2007,4.25
2006-10-26,2007,4.25
2006-10-27,2007,4.25
2006-10-30,2007,4.25
2006-10-31,2007,4.25
2006-11-01,2007,4.25
2006-11-03,2007,4.25
2006-11-06,2007,4.25
2006-11-07,2007,4.25
2006-11-08,2007,4.25
2006-11-09,2007,4.25
2006-11-10,2007,4.25
2006-11-13,2007,4.25
2006-11-14,2007,4.25
2006-11-16,2007,4.25
2006-11-17,2007,4.25
2006-11-20,2007,4.25
2006-11-21,2007,4.25
2006-11-22,2007,4.25
2006-11-23,2007,4.25
2006-11-24,2007,4.25
2006-11-27,2007,4.25
2006-11-28,2007,4.25
2006-11-29,2007,4.25
2006-11-30,2007,4.25
2006-12-01,2007,4.25
2006-12-04,2007,4.25
2006-12-05,2007,4.25
2006-12-06,2007,4.25
2006-12-07,2007,4.25
2006-12-08,2007,4.25
2006-12-11,2007,4.25
2006-12-12,2007,4.25
2006-12-13,2007,4.25
2006-12-14,2007,4.25
2006-12-15,2007,4.25
2006-12-18,2007,4.25
2006-12-19,2007,4.25
2006-12-20,2007,4.25
2006-12-21,2007,4.25
2006-12-22,2007,4.25
2006-12-26,2007,4.25
2006-12-27,2007,4.25
2006-12-28,2007,4.25
2006-12-29,2007,4.25
2007-01-02,2007,4.25
2007-01-03,2007,4.25
2007-01-04,2007,4.25
2007-01-05,2007,4.25
2007-01-08,2007,4.25
2007-01-09,2007,4.25
2007-01-10,2007,4.25
2007-01-11,2007,4.25
2007-01-12,2007,4.25
2007-01-15,2007,4.25
2007-01-16,2007,4.25
2007-01-17,2007,4.25
2007-01-18,2007,4.23
2007-01-19,2007,4.2
2007-01-22,2007,4.25
2007-01-23,2007,4.23
2007-01-24,2007,4.18
2007-01-25,2007,4.15
2007-01-26,2007,4.13
2007-01-29,2007,4.1
2007-01-30,2007,4.1
2007-01-31,2007,4.1
2007-02-01,2007,4.1
2007-02-02,2007,4.0
2007-02-05,2007,4.0
2007-02-06,2007,4.0
2007-02-07,2007,4.0
2007-02-08,2007,4.0
2007-02-09,2007,4.0
2007-02-12,2007,4.0
2007-02-13,2007,4.0
2007-02-14,2007,4.0
2007-02-15,2007,4.0
2007-02-16,2007,4.0
2007-02-21,2007,4.0
2007-02-22,2007,4.0
2007-02-23,2007,4.0
2007-02-26,2007,4.0
2007-02-27,2007,4.0
2007-02-28,2007,4.0
2007-03-01,2007,4.0
2007-03-02,2007,4.0
2007-03-05,2007,4.0
2007-03-06,2007,4.0
2007-03-07,2007,4.0
2007-03-08,2007,4.0
2007-03-09,2007,4.0
2007-03-12,2007,4.0
2007-03-13,2007,4.0
2007-03-14,2007,4.0
2007-03-15,2007,4.0
2007-03-16,2007,3.95
2007-03-19,2007,3.95
2007-03-20,2007,3.95
2007-03-21,2007,3.95
2007-03-22,2007,3.89
2007-03-23,2007,3.89
2007-03-26,2007,3.89
2007-03-27,2007,3.87
2007-03-28,2007,3.87
2007-03-29,2007,3.87
2007-03-30,2007,3.81
2007-04-02,2007,3.8
2007-04-03,2007,3.8
2007-04-04,2007,3.8
2007-04-05,2007,3.8
2007-04-09,2007,3.75
2007-04-10,2007,3.75
2007-04-11,2007,3.75
2007-04-12,2007,3.75
2007-04-13,2007,3.75
2007-04-16,2007,3.75
2007-04-17,2007,3.75
2007-04-18,2007,3.75
2007-04-19,2007,3.75
2007-04-20,2007,3.75
2007-04-23,2007,3.75
2007-04-24,2007,3.75
2007-04-25,2007,3.75
2007-04-26,2007,3.75
2007-04-27,2007,3.75
2007-04-30,2007,3.75
2007-05-02,2007,3.75
2007-05-03,2007,3.75
2007-05-04,2007,3.75
2007-05-07,2007,3.75
2007-05-08,2007,3.75
2007-05-09,2007,3.75
2007-05-10,2007,3.75
2007-05-11,2007,3.75
2007-05-14,2007,3.75
2007-05-15,2007,3.75
2007-05-16,2007,3.75
2007-05-17,2007,3.75
2007-05-18,2007,3.75
2007-05-21,2007,3.75
2007-05-22,2007,3.75
2007-05-23,2007,3.75
2007-05-24,2007,3.75
2007-05-25,2007,3.75
2007-05-28,2007,3.75
2007-05-29,2007,3.75
2007-05-30,2007,3.75
2007-05-31,2007,3.75
2007-06-01,2007,3.75
2007-06-04,2007,3.75
2007-06-05,2007,3.75
2007-06-06,2007,3.75
2007-06-08,2007,3.75
2007-06-11,2007,3.75
2007-06-12,2007,3.75
2007-06-13,2007,3.75
2007-06-14,2007,3.75
2007-06-15,2007,3.75
2007-06-18,2007,3.75
2007-06-19,2007,3.75
2007-06-20,2007,3.75
2007-06-21,2007,3.71
2007-06-22,2007,3.71
2007-06-25,2007,3.71
2007-06-26,2007,3.71
2007-06-27,2007,3.71
2007-06-28,2007,3.73
2007-06-29,2007,3.75
2007-07-02,2007,3.75
2007-07-03,2007,3.75
2007-07-04,2007,3.75
2007-07-05,2007,3.75
2007-07-06,2007,3.75
2007-07-09,2007,3.75
2007-07-10,2007,3.75
2007-07-11,2007,3.75
2007-07-12,2007,3.75
2007-07-13,2007,3.75
2007-07-16,2007,3.75
2007-07-17,2007,3.75
2007-07-18,2007,3.8
2007-07-19,2007,3.8
2007-07-20,2007,3.8
2007-07-23,2007,3.8
2007-07-24,2007,3.8
2007-07-25,2007,3.8
2007-07-26,2007,3.8
2007-07-27,2007,3.8
2007-07-30,2007,3.8
2007-07-31,2007,3.8
2007-08-01,2007,3.8
2007-08-02,2007,3.8
2007-08-03,2007,3.8
2007-08-06,2007,3.8
2007-08-07,2007,3.8
2007-08-08,2007,3.8
2007-08-09,2007,3.8
2007-08-10,2007,3.8
2007-08-13,2007,3.8
2007-08-14,2007,3.8
2007-08-15,2007,3.8
2007-08-16,2007,3.8
2007-08-17,2007,3.8
2007-08-20,2007,3.8
2007-08-21,2007,3.8
2007-08-22,2007,3.8
2007-08-23,2007,3.8
2007-08-24,2007,3.8
2007-08-27,2007,3.8
2007-08-28,2007,3.8
2007-08-29,2007,3.8
2007-08-30,2007,3.8
2007-08-31,2007,3.8
2007-09-03,2007,3.8
2007-09-04,2007,3.8
2007-09-05,2007,3.8
2007-09-06,2007,3.8
2007-09-10,2007,3.8
2007-09-11,2007,3.8
2007-09-12,2007,3.8
2007-09-13,2007,3.8
2007-09-14,2007,3.8
2007-09-17,2007,3.8
2007-09-18,2007,3.8
2007-09-19,2007,3.8
2007-09-20,2007,3.8
2007-09-21,2007,3.8
2007-09-24,2007,3.8
2007-09-25,2007,3.8
2007-09-26,2007,3.8
2007-09-27,2007,3.8
2007-09-28,2007,3.8
2007-10-01,2007,3.8
2007-10-02,2007,3.8
2007-10-03,2007,3.8
2007-10-04,2007,3.8
2007-10-05,2007,3.8
2007-10-08,2007,3.8
2007-10-09,2007,3.8
2007-10-10,2007,3.8
2007-10-11,2007,3.8
2007-10-15,2007,3.8
2007-10-16,2007,3.8
2007-10-17,2007,3.8
2007-10-18,2007,3.8
2007-10-19,2007,3.8
2007-10-22,2007,3.8
2007-10-23,2007,3.8
2007-10-24,2007,3.8
2007-10-25,2007,3.8
2007-10-26,2007,3.8
2007-10-29,2007,3.8
2007-10-30,2007,3.8
2007-10-31,2007,3.8
2007-11-01,2007,3.8
2007-11-05,2007,3.8
2007-11-06,2007,3.8
2007-11-07,2007,3.8
2007-11-08,2007,3.8
2007-11-09,2007,3.8
2007-11-12,2007,3.8
2007-11-13,2007,3.8
2007-11-14,2007,3.8
2007-11-16,2007,3.8
2007-11-19,2007,3.8
2007-11-20,2007,3.8
2007-11-21,2007,3.8
2007-11-22,2007,3.8
2007-11-23,2007,3.8
2007-11-26,2007,3.8
2007-11-27,2007,3.8
2007-11-28,2007,3.8
2007-11-29,2007,3.8
2007-11-30,2007,3.8
2007-12-03,2007,3.8
2007-12-04,2007,3.8
2007-12-05,2007,3.8
2007-12-06,2007,3.8
2007-12-07,2007,3.8
2007-12-10,2007,3.85
2007-12-11,2007,3.83
2007-12-12,2007,3.8
2007-12-13,2007,3.83
2007-12-14,2007,3.83
2007-12-17,2007,3.8
2007-12-18,2007,3.8
2007-12-19,2007,3.8
2007-12-20,2007,3.83
2007-12-21,2007,3.85
2007-12-24,2007,3.85
2007-12-26,2007,3.85
2007-12-27,2007,3.85
2007-12-28,2007,3.85
2007-12-31,2007,3.9
2008-01-02,2007,3.9
2008-01-03,2007,3.9
2008-01-04,2007,3.9
2008-01-07,2007,3.9
2008-01-08,2007,3.9
2008-01-09,2007,3.9
2008-01-10,2007,3.9
2008-01-11,2007,3.9
2008-01-14,2007,3.93
2008-01-15,2007,3.93
2008-01-16,2007,3.93
2008-01-17,2007,3.98
2008-01-18,2007,4.0
2008-01-21,2007,4.0
2008-01-22,2007,4.0
2008-01-23,2007,4.0
2008-01-24,2007,4.0
2008-01-25,2007,4.0
2008-01-28,2007,4.0
2008-01-29,2007,4.0
2004-01-30,2008,3.75
2004-02-02,2008,3.75
2004-02-03,2008,3.75
2004-02-04,2008,3.63
2004-02-05,2008,3.5
2004-02-06,2008,3.75
2004-02-09,2008,3.75
2004-02-10,2008,3.75
2004-02-11,2008,3.75
2004-02-12,2008,3.75
2004-02-13,2008,3.75
2004-02-16,2008,3.75
2004-02-17,2008,3.75
2004-02-18,2008,3.75
2004-02-19,2008,3.75
2004-02-20,2008,3.75
2004-02-25,2008,3.75
2004-02-26,2008,3.75
2004-02-27,2008,3.75
2004-03-01,2008,3.75
2004-03-02,2008,3.75
2004-03-03,2008,3.75
2004-03-04,2008,3.75
2004-03-05,2008,3.75
2004-03-08,2008,3.75
2004-03-09,2008,3.75
2004-03-10,2008,3.75
2004-03-11,2008,3.75
2004-03-12,2008,3.75
2004-03-15,2008,3.78
2004-03-16,2008,3.78
2004-03-17,2008,3.78
2004-03-18,2008,3.75
2004-03-19,2008,3.75
2004-03-22,2008,3.75
2004-03-23,2008,3.75
2004-03-24,2008,3.78
2004-03-25,2008,3.78
2004-03-26,2008,3.78
2004-03-29,2008,3.78
2004-03-30,2008,3.78
2004-03-31,2008,3.78
2004-04-01,2008,3.75
2004-04-02,2008,3.75
2004-04-05,2008,3.75
2004-04-06,2008,3.75
2004-04-07,2008,3.78
2004-04-08,2008,3.78
2004-04-12,2008,3.78
2004-04-13,2008,3.78
2004-04-14,2008,3.78
2004-04-15,2008,3.8
2004-04-16,2008,3.8
2004-04-19,2008,3.8
2004-04-20,2008,3.8
2004-04-22,2008,3.8
2004-04-23,2008,3.8
2004-04-26,2008,3.8
2004-04-27,2008,3.8
2004-04-28,2008,3.8
2004-04-29,2008,3.8
2004-04-30,2008,3.8
2004-05-03,2008,3.8
2004-05-04,2008,3.8
2004-05-05,2008,3.9
2004-05-06,2008,3.8
2004-05-07,2008,3.8
2004-05-10,2008,3.8
2004-05-11,2008,3.8
2004-05-12,2008,3.8
2004-05-13,2008,3.8
2004-05-14,2008,3.8
2004-05-17,2008,3.9
2004-05-18,2008,3.9
2004-05-19,2008,3.8
2004-05-20,2008,3.8
2004-05-21,2008,3.8
2004-05-24,2008,3.78
2004-05-25,2008,3.78
2004-05-26,2008,3.78
2004-05-27,2008,3.78
2004-05-28,2008,3.78
2004-05-31,2008,3.8
2004-06-01,2008,3.8
2004-06-02,2008,3.8
2004-06-03,2008,3.8
2004-06-04,2008,3.8
2004-06-07,2008,3.8
2004-06-08,2008,3.8
2004-06-09,2008,3.8
2004-06-11,2008,3.8
2004-06-14,2008,3.8
2004-06-15,2008,3.8
2004-06-16,2008,3.8
2004-06-17,2008,3.8
2004-06-18,2008,3.8
2004-06-21,2008,3.8
2004-06-22,2008,3.8
2004-06-23,2008,3.8
2004-06-24,2008,3.9
2004-06-25,2008,3.9
2004-06-28,2008,3.9
2004-06-29,2008,3.8
2004-06-30,2008,3.8
2004-07-01,2008,3.8
2004-07-02,2008,3.8
2004-07-05,2008,3.8
2004-07-06,2008,3.8
2004-07-07,2008,3.8
2004-07-08,2008,3.8
2004-07-09,2008,3.9
2004-07-12,2008,3.9
2004-07-13,2008,4.0
2004-07-14,2008,4.0
2004-07-15,2008,4.0
2004-07-16,2008,4.0
2004-07-19,2008,4.0
2004-07-20,2008,4.0
2004-07-21,2008,4.0
2004-07-22,2008,4.0
2004-07-23,2008,4.0
2004-07-26,2008,4.0
2004-07-27,2008,4.0
2004-07-28,2008,4.0
2004-07-29,2008,4.0
2004-07-30,2008,4.0
2004-08-02,2008,4.0
2004-08-03,2008,4.0
2004-08-04,2008,4.0
2004-08-05,2008,4.0
2004-08-06,2008,4.0
2004-08-09,2008,4.0
2004-08-10,2008,4.0
2004-08-11,2008,4.0
2004-08-12,2008,4.0
2004-08-13,2008,4.0
2004-08-16,2008,4.0
2004-08-17,2008,4.0
2004-08-18,2008,4.0
2004-08-19,2008,4.0
2004-08-20,2008,4.0
2004-08-23,2008,4.0
2004-08-24,2008,4.0
2004-08-25,2008,4.0
2004-08-26,2008,4.0
2004-08-27,2008,4.0
2004-08-30,2008,4.0
2004-08-31,2008,4.0
2004-09-01,2008,4.0
2004-09-02,2008,4.0
2004-09-03,2008,4.0
2004-09-06,2008,3.8
2004-09-08,2008,3.8
2004-09-09,2008,3.8
2004-09-10,2008,3.8
2004-09-13,2008,3.8
2004-09-14,2008,3.8
2004-09-15,2008,3.8
2004-09-16,2008,3.8
2004-09-17,2008,4.0
2004-09-20,2008,3.9
2004-09-21,2008,3.9
2004-09-22,2008,3.8
2004-09-23,2008,3.8
2004-09-24,2008,3.8
2004-09-27,2008,3.85
2004-09-28,2008,3.9
2004-09-29,2008,3.9
2004-09-30,2008,4.0
2004-10-01,2008,4.0
2004-10-04,2008,4.0
2004-10-05,2008,4.0
2004-10-06,2008,4.0
2004-10-07,2008,4.0
2004-10-08,2008,4.0
2004-10-11,2008,4.0
2004-10-13,2008,4.0
2004-10-14,2008,4.0
2004-10-15,2008,4.0
2004-10-18,2008,4.0
2004-10-19,2008,4.0
2004-10-20,2008,4.0
2004-10-21,2008,4.0
2004-10-22,2008,4.0
2004-10-25,2008,4.0
2004-10-26,2008,4.0
2004-10-27,2008,4.0
2004-10-28,2008,4.13
2004-10-29,2008,4.0
2004-11-03,2008,4.0
2004-11-04,2008,4.0
2004-11-05,2008,4.0
2004-11-08,2008,4.0
2004-11-09,2008,4.0
2004-11-10,2008,4.0
2004-11-11,2008,4.0
2004-11-12,2008,4.0
2004-11-16,2008,4.0
2004-11-17,2008,4.0
2004-11-18,2008,4.0
2004-11-19,2008,4.0
2004-11-22,2008,3.95
2004-11-23,2008,3.95
2004-11-24,2008,3.95
2004-11-25,2008,3.95
2004-11-26,2008,3.95
2004-11-29,2008,3.8
2004-11-30,2008,3.85
2004-12-01,2008,3.85
2004-12-02,2008,3.9
2004-12-03,2008,3.9
2004-12-06,2008,3.9
2004-12-07,2008,3.9
2004-12-08,2008,3.9
2004-12-09,2008,3.9
2004-12-10,2008,4.0
2004-12-13,2008,4.0
2004-12-14,2008,4.0
2004-12-15,2008,4.0
2004-12-16,2008,4.0
2004-12-17,2008,4.0
2004-12-20,2008,4.0
2004-12-21,2008,4.0
2004-12-22,2008,4.0
2004-12-23,2008,4.0
2004-12-27,2008,4.0
2004-12-28,2008,3.95
2004-12-29,2008,3.95
2004-12-30,2008,3.95
2005-01-03,2008,3.85
2005-01-04,2008,3.85
2005-01-05,2008,3.85
2005-01-06,2008,3.85
2005-01-07,2008,3.85
2005-01-10,2008,3.85
2005-01-11,2008,3.95
2005-01-12,2008,3.95
2005-01-13,2008,3.9
2005-01-14,2008,3.9
2005-01-17,2008,3.9
2005-01-18,2008,3.9
2005-01-19,2008,3.9
2005-01-20,2008,4.0
2005-01-21,2008,4.0
2005-01-24,2008,4.0
2005-01-25,2008,4.0
2005-01-26,2008,4.0
2005-01-27,2008,4.0
2005-01-28,2008,4.0
2005-01-31,2008,4.0
2005-02-01,2008,4.0
2005-02-02,2008,4.0
2005-02-03,2008,4.0
2005-02-04,2008,4.0
2005-02-09,2008,4.13
2005-02-10,2008,4.13
2005-02-11,2008,4.13
2005-02-14,2008,4.13
2005-02-15,2008,4.13
2005-02-16,2008,4.13
2005-02-17,2008,4.0
2005-02-18,2008,4.0
2005-02-21,2008,4.0
2005-02-22,2008,4.0
2005-02-23,2008,4.0
2005-02-24,2008,4.0
2005-02-25,2008,4.0
2005-02-28,2008,4.0
2005-03-01,2008,4.0
2005-03-02,2008,4.0
2005-03-03,2008,4.0
2005-03-04,2008,4.0
2005-03-07,2008,4.0
2005-03-08,2008,4.0
2005-03-09,2008,4.0
2005-03-10,2008,4.0
2005-03-11,2008,4.0
2005-03-14,2008,4.0
2005-03-15,2008,4.0
2005-03-16,2008,4.0
2005-03-17,2008,4.0
2005-03-18,2008,4.0
2005-03-21,2008,4.0
2005-03-22,2008,4.0
2005-03-23,2008,4.0
2005-03-24,2008,4.0
2005-03-28,2008,4.0
2005-03-29,2008,4.0
2005-03-30,2008,4.0
2005-03-31,2008,4.0
2005-04-01,2008,4.0
2005-04-04,2008,4.0
2005-04-05,2008,4.0
2005-04-06,2008,4.0
2005-04-07,2008,4.0
2005-04-08,2008,4.0
2005-04-11,2008,4.15
2005-04-12,2008,4.15
2005-04-13,2008,4.1
2005-04-14,2008,4.05
2005-04-15,2008,4.0
2005-04-18,2008,4.05
2005-04-19,2008,4.05
2005-04-20,2008,4.05
2005-04-22,2008,4.1
2005-04-25,2008,4.1
2005-04-26,2008,4.1
2005-04-27,2008,4.1
2005-04-28,2008,4.1
2005-04-29,2008,4.1
2005-05-02,2008,4.0
2005-05-03,2008,4.05
2005-05-04,2008,4.05
2005-05-05,2008,4.05
2005-05-06,2008,4.05
2005-05-09,2008,4.0
2005-05-10,2008,4.05
2005-05-11,2008,4.05
2005-05-12,2008,4.1
2005-05-13,2008,4.1
2005-05-16,2008,4.1
2005-05-17,2008,4.1
2005-05-18,2008,4.1
2005-05-19,2008,4.1
2005-05-20,2008,4.1
2005-05-23,2008,4.1
2005-05-24,2008,4.1
2005-05-25,2008,4.1
2005-05-27,2008,4.1
2005-05-30,2008,4.1
2005-05-31,2008,4.1
2005-06-01,2008,4.1
2005-06-02,2008,4.1
2005-06-03,2008,4.15
2005-06-06,2008,4.15
2005-06-07,2008,4.15
2005-06-08,2008,4.1
2005-06-09,2008,4.1
2005-06-10,2008,4.1
2005-06-13,2008,4.2
2005-06-14,2008,4.2
2005-06-15,2008,4.2
2005-06-16,2008,4.1
2005-06-17,2008,4.2
2005-06-20,2008,4.15
2005-06-21,2008,4.15
2005-06-22,2008,4.15
2005-06-23,2008,4.15
2005-06-24,2008,4.2
2005-06-27,2008,4.2
2005-06-28,2008,4.15
2005-06-29,2008,4.15
2005-06-30,2008,4.1
2005-07-01,2008,4.1
2005-07-04,2008,4.05
2005-07-05,2008,4.05
2005-07-06,2008,4.05
2005-07-07,2008,4.1
2005-07-08,2008,4.1
2005-07-11,2008,4.05
2005-07-12,2008,4.0
2005-07-13,2008,4.0
2005-07-14,2008,4.0
2005-07-15,2008,4.0
2005-07-18,2008,4.0
2005-07-19,2008,4.0
2005-07-20,2008,4.0
2005-07-21,2008,4.0
2005-07-22,2008,4.0
2005-07-25,2008,4.0
2005-07-26,2008,4.0
2005-07-27,2008,4.0
2005-07-28,2008,4.0
2005-07-29,2008,4.0
2005-08-01,2008,4.13
2005-08-02,2008,4.13
2005-08-03,2008,4.13
2005-08-04,2008,4.25
2005-08-05,2008,4.13
2005-08-08,2008,4.0
2005-08-09,2008,4.0
2005-08-10,2008,4.0
2005-08-11,2008,4.0
2005-08-12,2008,4.0
2005-08-15,2008,4.0
2005-08-16,2008,4.0
2005-08-17,2008,4.0
2005-08-18,2008,4.0
2005-08-19,2008,4.0
2005-08-22,2008,4.0
2005-08-23,2008,4.0
2005-08-24,2008,4.0
2005-08-25,2008,4.0
2005-08-26,2008,4.0
2005-08-29,2008,4.0
2005-08-30,2008,4.0
2005-08-31,2008,4.0
2005-09-01,2008,4.0
2005-09-02,2008,4.0
2005-09-05,2008,4.0
2005-09-06,2008,4.0
2005-09-08,2008,4.0
2005-09-09,2008,4.0
2005-09-12,2008,4.0
2005-09-13,2008,4.0
2005-09-14,2008,4.0
2005-09-15,2008,4.0
2005-09-16,2008,4.0
2005-09-19,2008,4.13
2005-09-20,2008,4.0
2005-09-21,2008,4.0
2005-09-22,2008,4.13
2005-09-23,2008,4.0
2005-09-26,2008,4.0
2005-09-27,2008,4.0
2005-09-28,2008,4.0
2005-09-29,2008,4.0
2005-09-30,2008,4.2
2005-10-03,2008,4.0
2005-10-04,2008,4.0
2005-10-05,2008,4.0
2005-10-06,2008,4.1
2005-10-07,2008,4.1
2005-10-10,2008,4.0
2005-10-11,2008,4.0
2005-10-13,2008,4.2
2005-10-14,2008,4.2
2005-10-17,2008,4.1
2005-10-18,2008,4.1
2005-10-19,2008,4.2
2005-10-20,2008,4.2
2005-10-21,2008,4.25
2005-10-24,2008,4.25
2005-10-25,2008,4.25
2005-10-26,2008,4.25
2005-10-27,2008,4.25
2005-10-28,2008,4.25
2005-10-31,2008,4.25
2005-11-01,2008,4.25
2005-11-03,2008,4.25
2005-11-04,2008,4.25
2005-11-07,2008,4.25
2005-11-08,2008,4.25
2005-11-09,2008,4.25
2005-11-10,2008,4.25
2005-11-11,2008,4.25
2005-11-14,2008,4.25
2005-11-16,2008,4.25
2005-11-17,2008,4.25
2005-11-18,2008,4.25
2005-11-21,2008,4.25
2005-11-22,2008,4.25
2005-11-23,2008,4.25
2005-11-24,2008,4.25
2005-11-25,2008,4.25
2005-11-28,2008,4.25
2005-11-29,2008,4.25
2005-11-30,2008,4.25
2005-12-01,2008,4.25
2005-12-02,2008,4.25
2005-12-05,2008,4.25
2005-12-06,2008,4.25
2005-12-07,2008,4.25
2005-12-08,2008,4.25
2005-12-09,2008,4.2
2005-12-12,2008,4.23
2005-12-13,2008,4.25
2005-12-14,2008,4.25
2005-12-15,2008,4.25
2005-12-16,2008,4.25
2005-12-19,2008,4.25
2005-12-20,2008,4.25
2005-12-21,2008,4.25
2005-12-22,2008,4.25
2005-12-23,2008,4.25
2005-12-26,2008,4.25
2005-12-27,2008,4.25
2005-12-28,2008,4.25
2005-12-29,2008,4.25
2005-12-30,2008,4.25
2006-01-02,2008,4.25
2006-01-03,2008,4.25
2006-01-04,2008,4.25
2006-01-05,2008,4.25
2006-01-06,2008,4.25
2006-01-09,2008,4.25
2006-01-10,2008,4.25
2006-01-11,2008,4.25
2006-01-12,2008,4.25
2006-01-13,2008,4.25
2006-01-16,2008,4.25
2006-01-17,2008,4.25
2006-01-18,2008,4.25
2006-01-19,2008,4.25
2006-01-20,2008,4.25
2006-01-23,2008,4.25
2006-01-24,2008,4.25
2006-01-25,2008,4.25
2006-01-26,2008,4.25
2006-01-27,2008,4.25
2006-01-30,2008,4.25
2006-01-31,2008,4.25
2006-02-01,2008,4.25
2006-02-02,2008,4.23
2006-02-03,2008,4.2
2006-02-06,2008,4.2
2006-02-07,2008,4.2
2006-02-08,2008,4.23
2006-02-09,2008,4.25
2006-02-10,2008,4.25
2006-02-13,2008,4.25
2006-02-14,2008,4.25
2006-02-15,2008,4.25
2006-02-16,2008,4.25
2006-02-17,2008,4.25
2006-02-20,2008,4.25
2006-02-21,2008,4.25
2006-02-22,2008,4.25
2006-02-23,2008,4.25
2006-02-24,2008,4.23
2006-03-01,2008,4.25
2006-03-02,2008,4.25
2006-03-03,2008,4.25
2006-03-06,2008,4.25
2006-03-07,2008,4.25
2006-03-08,2008,4.25
2006-03-09,2008,4.25
2006-03-10,2008,4.25
2006-03-13,2008,4.23
2006-03-14,2008,4.2
2006-03-15,2008,4.2
2006-03-16,2008,4.2
2006-03-17,2008,4.2
2006-03-20,2008,4.2
2006-03-21,2008,4.2
2006-03-22,2008,4.2
2006-03-23,2008,4.2
2006-03-24,2008,4.2
2006-03-27,2008,4.25
2006-03-28,2008,4.25
2006-03-29,2008,4.25
2006-03-30,2008,4.25
2006-03-31,2008,4.23
2006-04-03,2008,4.23
2006-04-04,2008,4.23
2006-04-05,2008,4.23
2006-04-06,2008,4.23
2006-04-07,2008,4.25
2006-04-10,2008,4.25
2006-04-11,2008,4.25
2006-04-12,2008,4.25
2006-04-13,2008,4.25
2006-04-17,2008,4.25
2006-04-18,2008,4.25
2006-04-19,2008,4.25
2006-04-20,2008,4.25
2006-04-24,2008,4.25
2006-04-25,2008,4.25
2006-04-26,2008,4.25
2006-04-27,2008,4.25
2006-04-28,2008,4.25
2006-05-02,2008,4.25
2006-05-03,2008,4.25
2006-05-04,2008,4.25
2006-05-05,2008,4.25
2006-05-08,2008,4.25
2006-05-09,2008,4.25
2006-05-10,2008,4.25
2006-05-11,2008,4.25
2006-05-12,2008,4.25
2006-05-15,2008,4.25
2006-05-16,2008,4.25
2006-05-17,2008,4.25
2006-05-18,2008,4.25
2006-05-19,2008,4.25
2006-05-22,2008,4.25
2006-05-23,2008,4.25
2006-05-24,2008,4.25
2006-05-25,2008,4.25
2006-05-26,2008,4.25
2006-05-29,2008,4.25
2006-05-30,2008,4.25
2006-05-31,2008,4.25
2006-06-01,2008,4.25
2006-06-02,2008,4.25
2006-06-05,2008,4.25
2006-06-06,2008,4.25
2006-06-07,2008,4.25
2006-06-08,2008,4.25
2006-06-09,2008,4.25
2006-06-12,2008,4.25
2006-06-13,2008,4.25
2006-06-14,2008,4.25
2006-06-16,2008,4.25
2006-06-19,2008,4.25
2006-06-20,2008,4.25
2006-06-21,2008,4.25
2006-06-22,2008,4.25
2006-06-23,2008,4.25
2006-06-26,2008,4.25
2006-06-27,2008,4.25
2006-06-28,2008,4.25
2006-06-29,2008,4.25
2006-06-30,2008,4.25
2006-07-03,2008,4.25
2006-07-04,2008,4.25
2006-07-05,2008,4.25
2006-07-06,2008,4.25
2006-07-07,2008,4.25
2006-07-10,2008,4.25
2006-07-11,2008,4.25
2006-07-12,2008,4.25
2006-07-13,2008,4.25
2006-07-14,2008,4.25
2006-07-17,2008,4.25
2006-07-18,2008,4.25
2006-07-19,2008,4.25
2006-07-20,2008,4.25
2006-07-21,2008,4.25
2006-07-24,2008,4.25
2006-07-25,2008,4.25
2006-07-26,2008,4.25
2006-07-27,2008,4.25
2006-07-28,2008,4.25
2006-07-31,2008,4.25
2006-08-01,2008,4.25
2006-08-02,2008,4.25
2006-08-03,2008,4.25
2006-08-04,2008,4.25
2006-08-07,2008,4.25
2006-08-08,2008,4.25
2006-08-09,2008,4.25
2006-08-10,2008,4.25
2006-08-11,2008,4.25
2006-08-14,2008,4.25
2006-08-15,2008,4.25
2006-08-16,2008,4.25
2006-08-17,2008,4.25
2006-08-18,2008,4.25
2006-08-21,2008,4.25
2006-08-22,2008,4.25
2006-08-23,2008,4.25
2006-08-24,2008,4.25
2006-08-25,2008,4.25
2006-08-28,2008,4.25
2006-08-29,2008,4.25
2006-08-30,2008,4.25
2006-08-31,2008,4.25
2006-09-01,2008,4.25
2006-09-04,2008,4.25
2006-09-05,2008,4.25
2006-09-06,2008,4.25
2006-09-08,2008,4.25
2006-09-11,2008,4.25
2006-09-12,2008,4.25
2006-09-13,2008,4.25
2006-09-14,2008,4.25
2006-09-15,2008,4.25
2006-09-18,2008,4.25
2006-09-19,2008,4.25
2006-09-20,2008,4.25
2006-09-21,2008,4.25
2006-09-22,2008,4.25
2006-09-25,2008,4.25
2006-09-26,2008,4.25
2006-09-27,2008,4.25
2006-09-28,2008,4.25
2006-09-29,2008,4.25
2006-10-02,2008,4.25
2006-10-03,2008,4.25
2006-10-04,2008,4.25
2006-10-05,2008,4.25
2006-10-06,2008,4.25
2006-10-09,2008,4.25
2006-10-10,2008,4.25
2006-10-11,2008,4.25
2006-10-13,2008,4.25
2006-10-16,2008,4.25
2006-10-17,2008,4.25
2006-10-18,2008,4.25
2006-10-19,2008,4.25
2006-10-20,2008,4.25
2006-10-23,2008,4.25
2006-10-24,2008,4.25
2006-10-25,2008,4.25
2006-10-26,2008,4.25
2006-10-27,2008,4.25
2006-10-30,2008,4.25
2006-10-31,2008,4.25
2006-11-01,2008,4.25
2006-11-03,2008,4.25
2006-11-06,2008,4.25
2006-11-07,2008,4.25
2006-11-08,2008,4.25
2006-11-09,2008,4.25
2006-11-10,2008,4.25
2006-11-13,2008,4.25
2006-11-14,2008,4.25
2006-11-16,2008,4.25
2006-11-17,2008,4.25
2006-11-20,2008,4.25
2006-11-21,2008,4.25
2006-11-22,2008,4.25
2006-11-23,2008,4.25
2006-11-24,2008,4.25
2006-11-27,2008,4.25
2006-11-28,2008,4.25
2006-11-29,2008,4.25
2006-11-30,2008,4.25
2006-12-01,2008,4.25
2006-12-04,2008,4.25
2006-12-05,2008,4.25
2006-12-06,2008,4.25
2006-12-07,2008,4.25
2006-12-08,2008,4.25
2006-12-11,2008,4.25
2006-12-12,2008,4.25
2006-12-13,2008,4.25
2006-12-14,2008,4.25
2006-12-15,2008,4.25
2006-12-18,2008,4.25
2006-12-19,2008,4.25
2006-12-20,2008,4.25
2006-12-21,2008,4.25
2006-12-22,2008,4.25
2006-12-26,2008,4.25
2006-12-27,2008,4.25
2006-12-28,2008,4.25
2006-12-29,2008,4.25
2007-01-02,2008,4.25
2007-01-03,2008,4.25
2007-01-04,2008,4.25
2007-01-05,2008,4.25
2007-01-08,2008,4.25
2007-01-09,2008,4.25
2007-01-10,2008,4.25
2007-01-11,2008,4.25
2007-01-12,2008,4.25
2007-01-15,2008,4.25
2007-01-16,2008,4.23
2007-01-17,2008,4.2
2007-01-18,2008,4.2
2007-01-19,2008,4.2
2007-01-22,2008,4.15
2007-01-23,2008,4.1
2007-01-24,2008,4.0
2007-01-25,2008,4.0
2007-01-26,2008,4.0
2007-01-29,2008,4.0
2007-01-30,2008,4.0
2007-01-31,2008,4.0
2007-02-01,2008,4.0
2007-02-02,2008,4.0
2007-02-05,2008,4.0
2007-02-06,2008,4.0
2007-02-07,2008,4.0
2007-02-08,2008,4.0
2007-02-09,2008,4.0
2007-02-12,2008,3.95
2007-02-13,2008,3.9
2007-02-14,2008,3.9
2007-02-15,2008,3.9
2007-02-16,2008,3.9
2007-02-21,2008,3.88
2007-02-22,2008,3.88
2007-02-23,2008,3.9
2007-02-26,2008,3.85
2007-02-27,2008,3.9
2007-02-28,2008,3.9
2007-03-01,2008,3.9
2007-03-02,2008,3.88
2007-03-05,2008,3.9
2007-03-06,2008,3.9
2007-03-07,2008,3.9
2007-03-08,2008,3.85
2007-03-09,2008,3.85
2007-03-12,2008,3.85
2007-03-13,2008,3.85
2007-03-14,2008,3.85
2007-03-15,2008,3.8
2007-03-16,2008,3.8
2007-03-19,2008,3.8
2007-03-20,2008,3.8
2007-03-21,2008,3.8
2007-03-22,2008,3.8
2007-03-23,2008,3.8
2007-03-26,2008,3.8
2007-03-27,2008,3.8
2007-03-28,2008,3.8
2007-03-29,2008,3.8
2007-03-30,2008,3.75
2007-04-02,2008,3.75
2007-04-03,2008,3.75
2007-04-04,2008,3.75
2007-04-05,2008,3.75
2007-04-09,2008,3.75
2007-04-10,2008,3.75
2007-04-11,2008,3.75
2007-04-12,2008,3.75
2007-04-13,2008,3.75
2007-04-16,2008,3.75
2007-04-17,2008,3.75
2007-04-18,2008,3.75
2007-04-19,2008,3.75
2007-04-20,2008,3.75
2007-04-23,2008,3.75
2007-04-24,2008,3.75
2007-04-25,2008,3.75
2007-04-26,2008,3.75
2007-04-27,2008,3.75
2007-04-30,2008,3.75
2007-05-02,2008,3.75
2007-05-03,2008,3.75
2007-05-04,2008,3.75
2007-05-07,2008,3.75
2007-05-08,2008,3.7
2007-05-09,2008,3.73
2007-05-10,2008,3.75
2007-05-11,2008,3.75
2007-05-14,2008,3.75
2007-05-15,2008,3.75
2007-05-16,2008,3.75
2007-05-17,2008,3.75
2007-05-18,2008,3.73
2007-05-21,2008,3.71
2007-05-22,2008,3.71
2007-05-23,2008,3.71
2007-05-24,2008,3.72
2007-05-25,2008,3.74
2007-05-28,2008,3.74
2007-05-29,2008,3.74
2007-05-30,2008,3.74
2007-05-31,2008,3.74
2007-06-01,2008,3.74
2007-06-04,2008,3.75
2007-06-05,2008,3.75
2007-06-06,2008,3.75
2007-06-08,2008,3.75
2007-06-11,2008,3.75
2007-06-12,2008,3.75
2007-06-13,2008,3.74
2007-06-14,2008,3.71
2007-06-15,2008,3.7
2007-06-18,2008,3.68
2007-06-19,2008,3.68
2007-06-20,2008,3.7
2007-06-21,2008,3.7
2007-06-22,2008,3.7
2007-06-25,2008,3.7
2007-06-26,2008,3.7
2007-06-27,2008,3.7
2007-06-28,2008,3.7
2007-06-29,2008,3.7
2007-07-02,2008,3.7
2007-07-03,2008,3.7
2007-07-04,2008,3.7
2007-07-05,2008,3.7
2007-07-06,2008,3.7
2007-07-09,2008,3.7
2007-07-10,2008,3.7
2007-07-11,2008,3.7
2007-07-12,2008,3.7
2007-07-13,2008,3.7
2007-07-16,2008,3.7
2007-07-17,2008,3.7
2007-07-18,2008,3.7
2007-07-19,2008,3.7
2007-07-20,2008,3.7
2007-07-23,2008,3.7
2007-07-24,2008,3.7
2007-07-25,2008,3.7
2007-07-26,2008,3.7
2007-07-27,2008,3.7
2007-07-30,2008,3.7
2007-07-31,2008,3.7
2007-08-01,2008,3.7
2007-08-02,2008,3.7
2007-08-03,2008,3.7
2007-08-06,2008,3.66
2007-08-07,2008,3.68
2007-08-08,2008,3.7
2007-08-09,2008,3.7
2007-08-10,2008,3.7
2007-08-13,2008,3.7
2007-08-14,2008,3.7
2007-08-15,2008,3.7
2007-08-16,2008,3.68
2007-08-17,2008,3.68
2007-08-20,2008,3.7
2007-08-21,2008,3.7
2007-08-22,2008,3.7
2007-08-23,2008,3.7
2007-08-24,2008,3.7
2007-08-27,2008,3.7
2007-08-28,2008,3.7
2007-08-29,2008,3.7
2007-08-30,2008,3.7
2007-08-31,2008,3.7
2007-09-03,2008,3.7
2007-09-04,2008,3.7
2007-09-05,2008,3.7
2007-09-06,2008,3.7
2007-09-10,2008,3.66
2007-09-11,2008,3.66
2007-09-12,2008,3.66
2007-09-13,2008,3.65
2007-09-14,2008,3.66
2007-09-17,2008,3.66
2007-09-18,2008,3.66
2007-09-19,2008,3.7
2007-09-20,2008,3.7
2007-09-21,2008,3.7
2007-09-24,2008,3.7
2007-09-25,2008,3.7
2007-09-26,2008,3.7
2007-09-27,2008,3.68
2007-09-28,2008,3.66
2007-10-01,2008,3.66
2007-10-02,2008,3.66
2007-10-03,2008,3.66
2007-10-04,2008,3.65
2007-10-05,2008,3.65
2007-10-08,2008,3.65
2007-10-09,2008,3.65
2007-10-10,2008,3.65
2007-10-11,2008,3.65
2007-10-15,2008,3.65
2007-10-16,2008,3.65
2007-10-17,2008,3.66
2007-10-18,2008,3.66
2007-10-19,2008,3.66
2007-10-22,2008,3.66
2007-10-23,2008,3.66
2007-10-24,2008,3.66
2007-10-25,2008,3.66
2007-10-26,2008,3.66
2007-10-29,2008,3.66
2007-10-30,2008,3.66
2007-10-31,2008,3.68
2007-11-01,2008,3.7
2007-11-05,2008,3.7
2007-11-06,2008,3.7
2007-11-07,2008,3.7
2007-11-08,2008,3.7
2007-11-09,2008,3.7
2007-11-12,2008,3.7
2007-11-13,2008,3.7
2007-11-14,2008,3.7
2007-11-16,2008,3.7
2007-11-19,2008,3.7
2007-11-20,2008,3.7
2007-11-21,2008,3.68
2007-11-22,2008,3.68
2007-11-23,2008,3.65
2007-11-26,2008,3.65
2007-11-27,2008,3.65
2007-11-28,2008,3.66
2007-11-29,2008,3.66
2007-11-30,2008,3.68
2007-12-03,2008,3.65
2007-12-04,2008,3.65
2007-12-05,2008,3.66
2007-12-06,2008,3.66
2007-12-07,2008,3.66
2007-12-10,2008,3.6
2007-12-11,2008,3.6
2007-12-12,2008,3.6
2007-12-13,2008,3.6
2007-12-14,2008,3.6
2007-12-17,2008,3.6
2007-12-18,2008,3.6
2007-12-19,2008,3.6
2007-12-20,2008,3.6
2007-12-21,2008,3.6
2007-12-24,2008,3.6
2007-12-26,2008,3.6
2007-12-27,2008,3.6
2007-12-28,2008,3.63
2007-12-31,2008,3.63
2008-01-02,2008,3.63
2008-01-03,2008,3.6
2008-01-04,2008,3.6
2008-01-07,2008,3.6
2008-01-08,2008,3.63
2008-01-09,2008,3.63
2008-01-10,2008,3.63
2008-01-11,2008,3.65
2008-01-14,2008,3.7
2008-01-15,2008,3.7
2008-01-16,2008,3.7
2008-01-17,2008,3.65
2008-01-18,2008,3.6
2008-01-21,2008,3.6
2008-01-22,2008,3.6
2008-01-23,2008,3.6
2008-01-24,2008,3.6
2008-01-25,2008,3.6
2008-01-28,2008,3.6
2008-01-29,2008,3.6
2008-01-30,2008,3.6
2008-01-31,2008,3.63
2008-02-01,2008,3.6
2008-02-06,2008,3.6
2008-02-07,2008,3.63
2008-02-08,2008,3.66
2008-02-11,2008,3.68
2008-02-12,2008,3.68
2008-02-13,2008,3.7
2008-02-14,2008,3.7
2008-02-15,2008,3.7
2008-02-18,2008,3.7
2008-02-19,2008,3.68
2008-02-20,2008,3.68
2008-02-21,2008,3.66
2008-02-22,2008,3.66
2008-02-25,2008,3.63
2008-02-26,2008,3.63
2008-02-27,2008,3.66
2008-02-28,2008,3.66
2008-02-29,2008,3.66
2008-03-03,2008,3.65
2008-03-04,2008,3.65
2008-03-05,2008,3.6
2008-03-06,2008,3.6
2008-03-07,2008,3.6
2008-03-10,2008,3.6
2008-03-11,2008,3.65
2008-03-12,2008,3.65
2008-03-13,2008,3.6
2008-03-14,2008,3.6
2008-03-17,2008,3.6
2008-03-18,2008,3.6
2008-03-19,2008,3.6
2008-03-20,2008,3.6
2008-03-24,2008,3.63
2008-03-25,2008,3.6
2008-03-26,2008,3.6
2008-03-27,2008,3.63
2008-03-28,2008,3.63
2008-03-31,2008,3.6
2008-04-01,2008,3.63
2008-04-02,2008,3.63
2008-04-03,2008,3.6
2008-04-04,2008,3.6
2008-04-07,2008,3.6
2008-04-08,2008,3.63
2008-04-09,2008,3.63
2008-04-10,2008,3.63
2008-04-11,2008,3.63
2008-04-14,2008,3.6
2008-04-15,2008,3.6
2008-04-16,2008,3.6
2008-04-17,2008,3.6
2008-04-18,2008,3.6
2008-04-22,2008,3.6
2008-04-23,2008,3.6
2008-04-24,2008,3.6
2008-04-25,2008,3.6
2008-04-28,2008,3.6
2008-04-29,2008,3.6
2008-04-30,2008,3.65
2008-05-02,2008,3.68
2008-05-05,2008,3.7
2008-05-06,2008,3.73
2008-05-07,2008,3.7
2008-05-08,2008,3.7
2008-05-09,2008,3.7
2008-05-12,2008,3.7
2008-05-13,2008,3.7
2008-05-14,2008,3.7
2008-05-15,2008,3.7
2008-05-16,2008,3.7
2008-05-19,2008,3.78
2008-05-20,2008,3.78
2008-05-21,2008,3.78
2008-05-23,2008,3.8
2008-05-26,2008,3.8
2008-05-27,2008,3.8
2008-05-28,2008,3.8
2008-05-29,2008,3.8
2008-05-30,2008,3.8
2008-06-02,2008,3.8
2008-06-03,2008,3.8
2008-06-04,2008,3.8
2008-06-05,2008,3.8
2008-06-06,2008,3.8
2008-06-09,2008,3.81
2008-06-10,2008,3.83
2008-06-11,2008,3.9
2008-06-12,2008,3.9
2008-06-13,2008,3.9
2008-06-16,2008,3.9
2008-06-17,2008,3.9
2008-06-18,2008,4.0
2008-06-19,2008,4.0
2008-06-20,2008,4.0
2008-06-23,2008,4.2
2008-06-24,2008,4.2
2008-06-25,2008,4.2
2008-06-26,2008,4.3
2008-06-27,2008,4.3
2008-06-30,2008,4.3
2008-07-01,2008,4.3
2008-07-02,2008,4.3
2008-07-03,2008,4.3
2008-07-04,2008,4.3
2008-07-07,2008,4.3
2008-07-08,2008,4.3
2008-07-09,2008,4.3
2008-07-10,2008,4.3
2008-07-11,2008,4.3
2008-07-14,2008,4.3
2008-07-15,2008,4.3
2008-07-16,2008,4.3
2008-07-17,2008,4.3
2008-07-18,2008,4.3
2008-07-21,2008,4.3
2008-07-22,2008,4.3
2008-07-23,2008,4.3
2008-07-24,2008,4.3
2008-07-25,2008,4.3
2008-07-28,2008,4.3
2008-07-29,2008,4.3
2008-07-30,2008,4.3
2008-07-31,2008,4.3
2008-08-01,2008,4.3
2008-08-04,2008,4.3
2008-08-05,2008,4.3
2008-08-06,2008,4.3
2008-08-07,2008,4.3
2008-08-08,2008,4.3
2008-08-11,2008,4.3
2008-08-12,2008,4.3
2008-08-13,2008,4.3
2008-08-14,2008,4.3
2008-08-15,2008,4.3
2008-08-18,2008,4.3
2008-08-19,2008,4.3
2008-08-20,2008,4.3
2008-08-21,2008,4.3
2008-08-22,2008,4.3
2008-08-25,2008,4.3
2008-08-26,2008,4.3
2008-08-27,2008,4.3
2008-08-28,2008,4.3
2008-08-29,2008,4.3
2008-09-01,2008,4.3
2008-09-02,2008,4.3
2008-09-03,2008,4.3
2008-09-04,2008,4.3
2008-09-05,2008,4.3
2008-09-08,2008,4.3
2008-09-09,2008,4.3
2008-09-10,2008,4.3
2008-09-11,2008,4.3
2008-09-12,2008,4.3
2008-09-15,2008,4.3
2008-09-16,2008,4.3
2008-09-17,2008,4.3
2008-09-18,2008,4.3
2008-09-19,2008,4.3
2008-09-22,2008,4.3
2008-09-23,2008,4.3
2008-09-24,2008,4.3
2008-09-25,2008,4.3
2008-09-26,2008,4.3
2008-09-29,2008,4.3
2008-09-30,2008,4.3
2008-10-01,2008,4.3
2008-10-02,2008,4.3
2008-10-03,2008,4.3
2008-10-06,2008,4.3
2008-10-07,2008,4.3
2008-10-08,2008,4.3
2008-10-09,2008,4.3
2008-10-10,2008,4.3
2008-10-13,2008,4.3
2008-10-14,2008,4.3
2008-10-15,2008,4.3
2008-10-16,2008,4.3
2008-10-17,2008,4.3
2008-10-20,2008,4.3
2008-10-21,2008,4.3
2008-10-22,2008,4.3
2008-10-23,2008,4.3
2008-10-24,2008,4.3
2008-10-27,2008,4.3
2008-10-28,2008,4.3
2008-10-29,2008,4.3
2008-10-30,2008,4.3
2008-10-31,2008,4.3
2008-11-03,2008,4.3
2008-11-04,2008,4.3
2008-11-05,2008,4.3
2008-11-06,2008,4.3
2008-11-07,2008,4.3
2008-11-10,2008,4.3
2008-11-11,2008,4.3
2008-11-12,2008,4.3
2008-11-13,2008,4.3
2008-11-14,2008,4.3
2008-11-17,2008,4.3
2008-11-18,2008,4.3
2008-11-19,2008,4.3
2008-11-20,2008,4.3
2008-11-21,2008,4.3
2008-11-24,2008,4.3
2008-11-25,2008,4.3
2008-11-26,2008,4.3
2008-11-27,2008,4.3
2008-11-28,2008,4.3
2008-12-01,2008,4.3
2008-12-02,2008,4.3
2008-12-03,2008,4.3
2008-12-04,2008,4.3
2008-12-05,2008,4.3
2008-12-08,2008,4.3
2008-12-09,2008,4.3
2008-12-10,2008,4.3
2008-12-11,2008,4.3
2008-12-12,2008,4.3
2008-12-15,2008,4.3
2008-12-16,2008,4.3
2008-12-17,2008,4.3
2008-12-18,2008,4.3
2008-12-19,2008,4.3
2008-12-22,2008,4.3
2008-12-23,2008,4.3
2008-12-24,2008,4.3
2008-12-26,2008,4.3
2008-12-29,2008,4.3
2008-12-30,2008,4.3
2008-12-31,2008,4.3
2009-01-02,2008,4.3
2009-01-05,2008,4.3
2009-01-06,2008,4.3
2009-01-07,2008,4.3
2009-01-08,2008,4.3
2009-01-09,2008,4.3
2009-01-12,2008,4.3
2009-01-13,2008,4.3
2009-01-14,2008,4.3
2009-01-15,2008,4.3
2009-01-16,2008,4.3
2009-01-19,2008,4.3
2009-01-20,2008,4.3
2009-01-21,2008,4.3
2009-01-22,2008,4.3
2009-01-23,2008,4.3
2009-01-26,2008,4.3
2009-01-27,2008,4.3
2005-01-14,2009,4.1
2005-01-17,2009,4.0
2005-01-18,2009,4.1
2005-01-19,2009,4.1
2005-01-20,2009,4.1
2005-01-21,2009,4.2
2005-01-24,2009,3.9
2005-01-25,2009,3.9
2005-01-26,2009,3.9
2005-01-27,2009,3.9
2005-01-28,2009,3.8
2005-01-31,2009,4.1
2005-02-01,2009,4.1
2005-02-02,2009,4.2
2005-02-03,2009,4.2
2005-02-04,2009,4.2
2005-02-09,2009,4.2
2005-02-10,2009,4.2
2005-02-11,2009,4.2
2005-02-14,2009,4.2
2005-02-15,2009,4.1
2005-02-16,2009,4.1
2005-02-17,2009,4.1
2005-02-18,2009,4.0
2005-02-21,2009,4.0
2005-02-22,2009,4.0
2005-02-23,2009,4.0
2005-02-24,2009,4.0
2005-02-25,2009,4.0
2005-02-28,2009,4.0
2005-03-01,2009,4.0
2005-03-02,2009,4.0
2005-03-03,2009,4.0
2005-03-04,2009,4.0
2005-03-07,2009,4.0
2005-03-08,2009,4.0
2005-03-09,2009,4.0
2005-03-10,2009,4.0
2005-03-11,2009,4.0
2005-03-14,2009,4.0
2005-03-15,2009,4.0
2005-03-16,2009,4.0
2005-03-17,2009,4.0
2005-03-18,2009,3.9
2005-03-21,2009,3.9
2005-03-22,2009,3.8
2005-03-23,2009,3.8
2005-03-24,2009,4.0
2005-03-28,2009,4.0
2005-03-29,2009,4.0
2005-03-30,2009,4.0
2005-03-31,2009,4.0
2005-04-01,2009,3.9
2005-04-04,2009,3.9
2005-04-05,2009,3.9
2005-04-06,2009,3.9
2005-04-07,2009,4.0
2005-04-08,2009,4.0
2005-04-11,2009,4.0
2005-04-12,2009,4.0
2005-04-13,2009,4.0
2005-04-14,2009,4.0
2005-04-15,2009,3.9
2005-04-18,2009,4.0
2005-04-19,2009,4.0
2005-04-20,2009,4.0
2005-04-22,2009,4.0
2005-04-25,2009,4.0
2005-04-26,2009,4.0
2005-04-27,2009,4.0
2005-04-28,2009,4.0
2005-04-29,2009,4.0
2005-05-02,2009,4.0
2005-05-03,2009,4.0
2005-05-04,2009,4.0
2005-05-05,2009,4.0
2005-05-06,2009,4.0
2005-05-09,2009,4.0
2005-05-10,2009,4.05
2005-05-11,2009,4.0
2005-05-12,2009,4.05
2005-05-13,2009,4.05
2005-05-16,2009,4.1
2005-05-17,2009,4.1
2005-05-18,2009,4.1
2005-05-19,2009,4.1
2005-05-20,2009,4.1
2005-05-23,2009,4.1
2005-05-24,2009,4.05
2005-05-25,2009,4.1
2005-05-27,2009,4.1
2005-05-30,2009,4.1
2005-05-31,2009,4.05
2005-06-01,2009,4.05
2005-06-02,2009,4.1
2005-06-03,2009,4.05
2005-06-06,2009,4.05
2005-06-07,2009,4.05
2005-06-08,2009,4.1
2005-06-09,2009,4.1
2005-06-10,2009,4.1
2005-06-13,2009,4.1
2005-06-14,2009,4.1
2005-06-15,2009,4.1
2005-06-16,2009,4.1
2005-06-17,2009,4.1
2005-06-20,2009,4.1
2005-06-21,2009,4.1
2005-06-22,2009,4.1
2005-06-23,2009,4.1
2005-06-24,2009,4.1
2005-06-27,2009,4.1
2005-06-28,2009,4.1
2005-06-29,2009,4.1
2005-06-30,2009,4.05
2005-07-01,2009,4.0
2005-07-04,2009,4.0
2005-07-05,2009,4.0
2005-07-06,2009,4.0
2005-07-07,2009,4.0
2005-07-08,2009,4.0
2005-07-11,2009,4.0
2005-07-12,2009,4.0
2005-07-13,2009,4.0
2005-07-14,2009,4.0
2005-07-15,2009,4.0
2005-07-18,2009,4.0
2005-07-19,2009,4.0
2005-07-20,2009,4.0
2005-07-21,2009,4.0
2005-07-22,2009,4.0
2005-07-25,2009,4.0
2005-07-26,2009,4.0
2005-07-27,2009,4.0
2005-07-28,2009,4.0
2005-07-29,2009,4.0
2005-08-01,2009,4.0
2005-08-02,2009,4.0
2005-08-03,2009,4.0
2005-08-04,2009,4.0
2005-08-05,2009,4.0
2005-08-08,2009,4.0
2005-08-09,2009,4.0
2005-08-10,2009,4.0
2005-08-11,2009,4.0
2005-08-12,2009,4.0
2005-08-15,2009,4.0
2005-08-16,2009,4.0
2005-08-17,2009,4.0
2005-08-18,2009,4.0
2005-08-19,2009,4.0
2005-08-22,2009,4.0
2005-08-23,2009,4.0
2005-08-24,2009,4.0
2005-08-25,2009,4.0
2005-08-26,2009,4.0
2005-08-29,2009,4.0
2005-08-30,2009,4.0
2005-08-31,2009,4.0
2005-09-01,2009,4.0
2005-09-02,2009,4.0
2005-09-05,2009,4.0
2005-09-06,2009,4.0
2005-09-08,2009,4.0
2005-09-09,2009,4.0
2005-09-12,2009,4.0
2005-09-13,2009,4.0
2005-09-14,2009,4.0
2005-09-15,2009,4.0
2005-09-16,2009,4.0
2005-09-19,2009,4.0
2005-09-20,2009,4.0
2005-09-21,2009,4.0
2005-09-22,2009,4.0
2005-09-23,2009,4.0
2005-09-26,2009,4.0
2005-09-27,2009,4.0
2005-09-28,2009,4.0
2005-09-29,2009,4.0
2005-09-30,2009,4.0
2005-10-03,2009,4.0
2005-10-04,2009,4.0
2005-10-05,2009,4.0
2005-10-06,2009,4.0
2005-10-07,2009,4.0
2005-10-10,2009,4.0
2005-10-11,2009,4.0
2005-10-13,2009,4.08
2005-10-14,2009,4.08
2005-10-17,2009,4.08
2005-10-18,2009,4.08
2005-10-19,2009,4.08
2005-10-20,2009,4.08
2005-10-21,2009,4.2
2005-10-24,2009,4.25
2005-10-25,2009,4.25
2005-10-26,2009,4.25
2005-10-27,2009,4.23
2005-10-28,2009,4.23
2005-10-31,2009,4.2
2005-11-01,2009,4.2
2005-11-03,2009,4.2
2005-11-04,2009,4.2
2005-11-07,2009,4.2
2005-11-08,2009,4.25
2005-11-09,2009,4.25
2005-11-10,2009,4.25
2005-11-11,2009,4.23
2005-11-14,2009,4.2
2005-11-16,2009,4.23
2005-11-17,2009,4.25
2005-11-18,2009,4.2
2005-11-21,2009,4.2
2005-11-22,2009,4.2
2005-11-23,2009,4.2
2005-11-24,2009,4.2
2005-11-25,2009,4.2
2005-11-28,2009,4.2
2005-11-29,2009,4.2
2005-11-30,2009,4.2
2005-12-01,2009,4.2
2005-12-02,2009,4.2
2005-12-05,2009,4.2
2005-12-06,2009,4.2
2005-12-07,2009,4.2
2005-12-08,2009,4.2
2005-12-09,2009,4.2
2005-12-12,2009,4.2
2005-12-13,2009,4.2
2005-12-14,2009,4.25
2005-12-15,2009,4.25
2005-12-16,2009,4.25
2005-12-19,2009,4.25
2005-12-20,2009,4.25
2005-12-21,2009,4.25
2005-12-22,2009,4.25
2005-12-23,2009,4.25
2005-12-26,2009,4.25
2005-12-27,2009,4.25
2005-12-28,2009,4.25
2005-12-29,2009,4.25
2005-12-30,2009,4.25
2006-01-02,2009,4.25
2006-01-03,2009,4.25
2006-01-04,2009,4.25
2006-01-05,2009,4.25
2006-01-06,2009,4.25
2006-01-09,2009,4.25
2006-01-10,2009,4.25
2006-01-11,2009,4.25
2006-01-12,2009,4.25
2006-01-13,2009,4.25
2006-01-16,2009,4.25
2006-01-17,2009,4.25
2006-01-18,2009,4.25
2006-01-19,2009,4.25
2006-01-20,2009,4.25
2006-01-23,2009,4.25
2006-01-24,2009,4.25
2006-01-25,2009,4.25
2006-01-26,2009,4.25
2006-01-27,2009,4.25
2006-01-30,2009,4.25
2006-01-31,2009,4.23
2006-02-01,2009,4.23
2006-02-02,2009,4.2
2006-02-03,2009,4.2
2006-02-06,2009,4.2
2006-02-07,2009,4.2
2006-02-08,2009,4.2
2006-02-09,2009,4.23
2006-02-10,2009,4.23
2006-02-13,2009,4.25
2006-02-14,2009,4.25
2006-02-15,2009,4.25
2006-02-16,2009,4.25
2006-02-17,2009,4.25
2006-02-20,2009,4.25
2006-02-21,2009,4.2
2006-02-22,2009,4.2
2006-02-23,2009,4.2
2006-02-24,2009,4.2
2006-03-01,2009,4.2
2006-03-02,2009,4.23
2006-03-03,2009,4.25
2006-03-06,2009,4.25
2006-03-07,2009,4.25
2006-03-08,2009,4.25
2006-03-09,2009,4.23
2006-03-10,2009,4.23
2006-03-13,2009,4.2
2006-03-14,2009,4.2
2006-03-15,2009,4.2
2006-03-16,2009,4.2
2006-03-17,2009,4.2
2006-03-20,2009,4.2
2006-03-21,2009,4.2
2006-03-22,2009,4.2
2006-03-23,2009,4.2
2006-03-24,2009,4.2
2006-03-27,2009,4.25
2006-03-28,2009,4.25
2006-03-29,2009,4.25
2006-03-30,2009,4.25
2006-03-31,2009,4.23
2006-04-03,2009,4.23
2006-04-04,2009,4.23
2006-04-05,2009,4.23
2006-04-06,2009,4.23
2006-04-07,2009,4.25
2006-04-10,2009,4.25
2006-04-11,2009,4.25
2006-04-12,2009,4.25
2006-04-13,2009,4.25
2006-04-17,2009,4.25
2006-04-18,2009,4.25
2006-04-19,2009,4.25
2006-04-20,2009,4.25
2006-04-24,2009,4.25
2006-04-25,2009,4.25
2006-04-26,2009,4.25
2006-04-27,2009,4.25
2006-04-28,2009,4.25
2006-05-02,2009,4.25
2006-05-03,2009,4.25
2006-05-04,2009,4.25
2006-05-05,2009,4.25
2006-05-08,2009,4.25
2006-05-09,2009,4.25
2006-05-10,2009,4.25
2006-05-11,2009,4.25
2006-05-12,2009,4.25
2006-05-15,2009,4.25
2006-05-16,2009,4.25
2006-05-17,2009,4.25
2006-05-18,2009,4.25
2006-05-19,2009,4.25
2006-05-22,2009,4.25
2006-05-23,2009,4.25
2006-05-24,2009,4.25
2006-05-25,2009,4.25
2006-05-26,2009,4.25
2006-05-29,2009,4.25
2006-05-30,2009,4.25
2006-05-31,2009,4.25
2006-06-01,2009,4.25
2006-06-02,2009,4.25
2006-06-05,2009,4.25
2006-06-06,2009,4.25
2006-06-07,2009,4.25
2006-06-08,2009,4.25
2006-06-09,2009,4.25
2006-06-12,2009,4.25
2006-06-13,2009,4.25
2006-06-14,2009,4.25
2006-06-16,2009,4.25
2006-06-19,2009,4.25
2006-06-20,2009,4.25
2006-06-21,2009,4.25
2006-06-22,2009,4.25
2006-06-23,2009,4.25
2006-06-26,2009,4.25
2006-06-27,2009,4.25
2006-06-28,2009,4.25
2006-06-29,2009,4.25
2006-06-30,2009,4.25
2006-07-03,2009,4.25
2006-07-04,2009,4.25
2006-07-05,2009,4.25
2006-07-06,2009,4.25
2006-07-07,2009,4.25
2006-07-10,2009,4.25
2006-07-11,2009,4.25
2006-07-12,2009,4.25
2006-07-13,2009,4.25
2006-07-14,2009,4.25
2006-07-17,2009,4.25
2006-07-18,2009,4.25
2006-07-19,2009,4.25
2006-07-20,2009,4.25
2006-07-21,2009,4.25
2006-07-24,2009,4.25
2006-07-25,2009,4.25
2006-07-26,2009,4.25
2006-07-27,2009,4.25
2006-07-28,2009,4.25
2006-07-31,2009,4.25
2006-08-01,2009,4.25
2006-08-02,2009,4.25
2006-08-03,2009,4.25
2006-08-04,2009,4.25
2006-08-07,2009,4.25
2006-08-08,2009,4.25
2006-08-09,2009,4.25
2006-08-10,2009,4.25
2006-08-11,2009,4.25
2006-08-14,2009,4.25
2006-08-15,2009,4.25
2006-08-16,2009,4.25
2006-08-17,2009,4.25
2006-08-18,2009,4.25
2006-08-21,2009,4.25
2006-08-22,2009,4.25
2006-08-23,2009,4.25
2006-08-24,2009,4.25
2006-08-25,2009,4.25
2006-08-28,2009,4.25
2006-08-29,2009,4.25
2006-08-30,2009,4.25
2006-08-31,2009,4.25
2006-09-01,2009,4.25
2006-09-04,2009,4.25
2006-09-05,2009,4.25
2006-09-06,2009,4.25
2006-09-08,2009,4.25
2006-09-11,2009,4.25
2006-09-12,2009,4.25
2006-09-13,2009,4.25
2006-09-14,2009,4.25
2006-09-15,2009,4.25
2006-09-18,2009,4.25
2006-09-19,2009,4.25
2006-09-20,2009,4.25
2006-09-21,2009,4.25
2006-09-22,2009,4.25
2006-09-25,2009,4.25
2006-09-26,2009,4.25
2006-09-27,2009,4.25
2006-09-28,2009,4.25
2006-09-29,2009,4.25
2006-10-02,2009,4.25
2006-10-03,2009,4.25
2006-10-04,2009,4.25
2006-10-05,2009,4.25
2006-10-06,2009,4.25
2006-10-09,2009,4.25
2006-10-10,2009,4.25
2006-10-11,2009,4.25
2006-10-13,2009,4.25
2006-10-16,2009,4.25
2006-10-17,2009,4.25
2006-10-18,2009,4.25
2006-10-19,2009,4.25
2006-10-20,2009,4.25
2006-10-23,2009,4.25
2006-10-24,2009,4.25
2006-10-25,2009,4.25
2006-10-26,2009,4.25
2006-10-27,2009,4.25
2006-10-30,2009,4.25
2006-10-31,2009,4.25
2006-11-01,2009,4.25
2006-11-03,2009,4.25
2006-11-06,2009,4.25
2006-11-07,2009,4.25
2006-11-08,2009,4.25
2006-11-09,2009,4.25
2006-11-10,2009,4.25
2006-11-13,2009,4.25
2006-11-14,2009,4.25
2006-11-16,2009,4.25
2006-11-17,2009,4.25
2006-11-20,2009,4.25
2006-11-21,2009,4.25
2006-11-22,2009,4.25
2006-11-23,2009,4.25
2006-11-24,2009,4.25
2006-11-27,2009,4.25
2006-11-28,2009,4.25
2006-11-29,2009,4.25
2006-11-30,2009,4.25
2006-12-01,2009,4.25
2006-12-04,2009,4.25
2006-12-05,2009,4.25
2006-12-06,2009,4.25
2006-12-07,2009,4.25
2006-12-08,2009,4.25
2006-12-11,2009,4.25
2006-12-12,2009,4.25
2006-12-13,2009,4.25
2006-12-14,2009,4.25
2006-12-15,2009,4.25
2006-12-18,2009,4.25
2006-12-19,2009,4.25
2006-12-20,2009,4.25
2006-12-21,2009,4.25
2006-12-22,2009,4.25
2006-12-26,2009,4.25
2006-12-27,2009,4.25
2006-12-28,2009,4.25
2006-12-29,2009,4.25
2007-01-02,2009,4.25
2007-01-03,2009,4.25
2007-01-04,2009,4.25
2007-01-05,2009,4.25
2007-01-08,2009,4.25
2007-01-09,2009,4.25
2007-01-10,2009,4.25
2007-01-11,2009,4.25
2007-01-12,2009,4.23
2007-01-15,2009,4.2
2007-01-16,2009,4.2
2007-01-17,2009,4.2
2007-01-18,2009,4.15
2007-01-19,2009,4.15
2007-01-22,2009,4.05
2007-01-23,2009,4.0
2007-01-24,2009,4.0
2007-01-25,2009,4.0
2007-01-26,2009,4.0
2007-01-29,2009,4.0
2007-01-30,2009,4.0
2007-01-31,2009,4.0
2007-02-01,2009,4.0
2007-02-02,2009,4.0
2007-02-05,2009,4.0
2007-02-06,2009,4.0
2007-02-07,2009,4.0
2007-02-08,2009,4.0
2007-02-09,2009,4.0
2007-02-12,2009,4.0
2007-02-13,2009,4.0
2007-02-14,2009,3.95
2007-02-15,2009,3.95
2007-02-16,2009,3.95
2007-02-21,2009,4.0
2007-02-22,2009,4.0
2007-02-23,2009,4.0
2007-02-26,2009,3.95
2007-02-27,2009,3.95
2007-02-28,2009,3.95
2007-03-01,2009,3.95
2007-03-02,2009,3.9
2007-03-05,2009,4.0
2007-03-06,2009,4.0
2007-03-07,2009,3.95
2007-03-08,2009,3.9
2007-03-09,2009,3.9
2007-03-12,2009,3.85
2007-03-13,2009,3.85
2007-03-14,2009,3.85
2007-03-15,2009,3.8
2007-03-16,2009,3.8
2007-03-19,2009,3.8
2007-03-20,2009,3.8
2007-03-21,2009,3.8
2007-03-22,2009,3.8
2007-03-23,2009,3.8
2007-03-26,2009,3.8
2007-03-27,2009,3.8
2007-03-28,2009,3.8
2007-03-29,2009,3.75
2007-03-30,2009,3.75
2007-04-02,2009,3.75
2007-04-03,2009,3.75
2007-04-04,2009,3.75
2007-04-05,2009,3.75
2007-04-09,2009,3.75
2007-04-10,2009,3.75
2007-04-11,2009,3.75
2007-04-12,2009,3.75
2007-04-13,2009,3.73
2007-04-16,2009,3.75
2007-04-17,2009,3.73
2007-04-18,2009,3.73
2007-04-19,2009,3.73
2007-04-20,2009,3.75
2007-04-23,2009,3.75
2007-04-24,2009,3.7
2007-04-25,2009,3.7
2007-04-26,2009,3.7
2007-04-27,2009,3.65
2007-04-30,2009,3.65
2007-05-02,2009,3.65
2007-05-03,2009,3.65
2007-05-04,2009,3.65
2007-05-07,2009,3.6
2007-05-08,2009,3.6
2007-05-09,2009,3.65
2007-05-10,2009,3.6
2007-05-11,2009,3.6
2007-05-14,2009,3.6
2007-05-15,2009,3.6
2007-05-16,2009,3.6
2007-05-17,2009,3.6
2007-05-18,2009,3.6
2007-05-21,2009,3.6
2007-05-22,2009,3.6
2007-05-23,2009,3.6
2007-05-24,2009,3.6
2007-05-25,2009,3.6
2007-05-28,2009,3.6
2007-05-29,2009,3.6
2007-05-30,2009,3.6
2007-05-31,2009,3.6
2007-06-01,2009,3.6
2007-06-04,2009,3.6
2007-06-05,2009,3.6
2007-06-06,2009,3.6
2007-06-08,2009,3.61
2007-06-11,2009,3.61
2007-06-12,2009,3.61
2007-06-13,2009,3.6
2007-06-14,2009,3.6
2007-06-15,2009,3.6
2007-06-18,2009,3.6
2007-06-19,2009,3.6
2007-06-20,2009,3.6
2007-06-21,2009,3.6
2007-06-22,2009,3.6
2007-06-25,2009,3.6
2007-06-26,2009,3.6
2007-06-27,2009,3.6
2007-06-28,2009,3.6
2007-06-29,2009,3.6
2007-07-02,2009,3.6
2007-07-03,2009,3.6
2007-07-04,2009,3.6
2007-07-05,2009,3.6
2007-07-06,2009,3.6
2007-07-09,2009,3.6
2007-07-10,2009,3.6
2007-07-11,2009,3.6
2007-07-12,2009,3.6
2007-07-13,2009,3.6
2007-07-16,2009,3.6
2007-07-17,2009,3.6
2007-07-18,2009,3.6
2007-07-19,2009,3.6
2007-07-20,2009,3.6
2007-07-23,2009,3.6
2007-07-24,2009,3.6
2007-07-25,2009,3.6
2007-07-26,2009,3.6
2007-07-27,2009,3.6
2007-07-30,2009,3.6
2007-07-31,2009,3.6
2007-08-01,2009,3.6
2007-08-02,2009,3.6
2007-08-03,2009,3.6
2007-08-06,2009,3.6
2007-08-07,2009,3.6
2007-08-08,2009,3.6
2007-08-09,2009,3.6
2007-08-10,2009,3.6
2007-08-13,2009,3.6
2007-08-14,2009,3.6
2007-08-15,2009,3.6
2007-08-16,2009,3.6
2007-08-17,2009,3.6
2007-08-20,2009,3.6
2007-08-21,2009,3.6
2007-08-22,2009,3.6
2007-08-23,2009,3.6
2007-08-24,2009,3.6
2007-08-27,2009,3.6
2007-08-28,2009,3.6
2007-08-29,2009,3.6
2007-08-30,2009,3.6
2007-08-31,2009,3.6
2007-09-03,2009,3.6
2007-09-04,2009,3.6
2007-09-05,2009,3.6
2007-09-06,2009,3.6
2007-09-10,2009,3.6
2007-09-11,2009,3.6
2007-09-12,2009,3.6
2007-09-13,2009,3.6
2007-09-14,2009,3.6
2007-09-17,2009,3.6
2007-09-18,2009,3.6
2007-09-19,2009,3.6
2007-09-20,2009,3.6
2007-09-21,2009,3.6
2007-09-24,2009,3.6
2007-09-25,2009,3.6
2007-09-26,2009,3.6
2007-09-27,2009,3.6
2007-09-28,2009,3.6
2007-10-01,2009,3.6
2007-10-02,2009,3.6
2007-10-03,2009,3.6
2007-10-04,2009,3.6
2007-10-05,2009,3.6
2007-10-08,2009,3.6
2007-10-09,2009,3.6
2007-10-10,2009,3.6
2007-10-11,2009,3.6
2007-10-15,2009,3.6
2007-10-16,2009,3.6
2007-10-17,2009,3.6
2007-10-18,2009,3.6
2007-10-19,2009,3.6
2007-10-22,2009,3.6
2007-10-23,2009,3.6
2007-10-24,2009,3.6
2007-10-25,2009,3.6
2007-10-26,2009,3.6
2007-10-29,2009,3.6
2007-10-30,2009,3.6
2007-10-31,2009,3.6
2007-11-01,2009,3.6
2007-11-05,2009,3.6
2007-11-06,2009,3.6
2007-11-07,2009,3.6
2007-11-08,2009,3.6
2007-11-09,2009,3.6
2007-11-12,2009,3.6
2007-11-13,2009,3.6
2007-11-14,2009,3.6
2007-11-16,2009,3.6
2007-11-19,2009,3.55
2007-11-20,2009,3.6
2007-11-21,2009,3.6
2007-11-22,2009,3.6
2007-11-23,2009,3.6
2007-11-26,2009,3.6
2007-11-27,2009,3.55
2007-11-28,2009,3.6
2007-11-29,2009,3.6
2007-11-30,2009,3.6
2007-12-03,2009,3.5
2007-12-04,2009,3.5
2007-12-05,2009,3.5
2007-12-06,2009,3.5
2007-12-07,2009,3.5
2007-12-10,2009,3.5
2007-12-11,2009,3.5
2007-12-12,2009,3.5
2007-12-13,2009,3.55
2007-12-14,2009,3.5
2007-12-17,2009,3.55
2007-12-18,2009,3.55
2007-12-19,2009,3.55
2007-12-20,2009,3.6
2007-12-21,2009,3.6
2007-12-24,2009,3.6
2007-12-26,2009,3.6
2007-12-27,2009,3.6
2007-12-28,2009,3.6
2007-12-31,2009,3.6
2008-01-02,2009,3.6
2008-01-03,2009,3.55
2008-01-04,2009,3.6
2008-01-07,2009,3.55
2008-01-08,2009,3.55
2008-01-09,2009,3.55
2008-01-10,2009,3.55
2008-01-11,2009,3.5
2008-01-14,2009,3.5
2008-01-15,2009,3.5
2008-01-16,2009,3.5
2008-01-17,2009,3.5
2008-01-18,2009,3.5
2008-01-21,2009,3.5
2008-01-22,2009,3.5
2008-01-23,2009,3.5
2008-01-24,2009,3.5
2008-01-25,2009,3.5
2008-01-28,2009,3.5
2008-01-29,2009,3.5
2008-01-30,2009,3.5
2008-01-31,2009,3.5
2008-02-01,2009,3.5
2008-02-06,2009,3.5
2008-02-07,2009,3.5
2008-02-08,2009,3.5
2008-02-11,2009,3.5
2008-02-12,2009,3.5
2008-02-13,2009,3.5
2008-02-14,2009,3.5
2008-02-15,2009,3.5
2008-02-18,2009,3.5
2008-02-19,2009,3.5
2008-02-20,2009,3.5
2008-02-21,2009,3.5
2008-02-22,2009,3.5
2008-02-25,2009,3.5
2008-02-26,2009,3.5
2008-02-27,2009,3.5
2008-02-28,2009,3.5
2008-02-29,2009,3.5
2008-03-03,2009,3.5
2008-03-04,2009,3.5
2008-03-05,2009,3.5
2008-03-06,2009,3.5
2008-03-07,2009,3.5
2008-03-10,2009,3.5
2008-03-11,2009,3.5
2008-03-12,2009,3.5
2008-03-13,2009,3.5
2008-03-14,2009,3.5
2008-03-17,2009,3.5
2008-03-18,2009,3.5
2008-03-19,2009,3.5
2008-03-20,2009,3.5
2008-03-24,2009,3.5
2008-03-25,2009,3.5
2008-03-26,2009,3.5
2008-03-27,2009,3.5
2008-03-28,2009,3.5
2008-03-31,2009,3.5
2008-04-01,2009,3.5
2008-04-02,2009,3.5
2008-04-03,2009,3.5
2008-04-04,2009,3.5
2008-04-07,2009,3.5
2008-04-08,2009,3.5
2008-04-09,2009,3.5
2008-04-10,2009,3.5
2008-04-11,2009,3.5
2008-04-14,2009,3.5
2008-04-15,2009,3.5
2008-04-16,2009,3.5
2008-04-17,2009,3.5
2008-04-18,2009,3.5
2008-04-22,2009,3.5
2008-04-23,2009,3.5
2008-04-24,2009,3.5
2008-04-25,2009,3.5
2008-04-28,2009,3.5
2008-04-29,2009,3.5
2008-04-30,2009,3.5
2008-05-02,2009,3.6
2008-05-05,2009,3.6
2008-05-06,2009,3.6
2008-05-07,2009,3.6
2008-05-08,2009,3.6
2008-05-09,2009,3.55
2008-05-12,2009,3.55
2008-05-13,2009,3.6
2008-05-14,2009,3.6
2008-05-15,2009,3.58
2008-05-16,2009,3.6
2008-05-19,2009,3.53
2008-05-20,2009,3.53
2008-05-21,2009,3.53
2008-05-23,2009,3.58
2008-05-26,2009,3.58
2008-05-27,2009,3.6
2008-05-28,2009,3.6
2008-05-29,2009,3.6
2008-05-30,2009,3.6
2008-06-02,2009,3.6
2008-06-03,2009,3.6
2008-06-04,2009,3.6
2008-06-05,2009,3.6
2008-06-06,2009,3.6
2008-06-09,2009,3.6
2008-06-10,2009,3.6
2008-06-11,2009,3.64
2008-06-12,2009,3.64
2008-06-13,2009,3.71
2008-06-16,2009,3.8
2008-06-17,2009,3.8
2008-06-18,2009,3.8
2008-06-19,2009,3.8
2008-06-20,2009,3.8
2008-06-23,2009,3.8
2008-06-24,2009,3.8
2008-06-25,2009,3.8
2008-06-26,2009,3.8
2008-06-27,2009,3.8
2008-06-30,2009,3.8
2008-07-01,2009,3.8
2008-07-02,2009,3.8
2008-07-03,2009,3.8
2008-07-04,2009,3.8
2008-07-07,2009,3.8
2008-07-08,2009,3.8
2008-07-09,2009,3.8
2008-07-10,2009,3.83
2008-07-11,2009,3.85
2008-07-14,2009,3.9
2008-07-15,2009,3.9
2008-07-16,2009,3.9
2008-07-17,2009,3.9
2008-07-18,2009,3.9
2008-07-21,2009,4.0
2008-07-22,2009,4.0
2008-07-23,2009,4.0
2008-07-24,2009,4.0
2008-07-25,2009,4.0
2008-07-28,2009,3.95
2008-07-29,2009,4.0
2008-07-30,2009,3.9
2008-07-31,2009,3.9
2008-08-01,2009,3.9
2008-08-04,2009,3.9
2008-08-05,2009,3.9
2008-08-06,2009,3.9
2008-08-07,2009,3.88
2008-08-08,2009,3.9
2008-08-11,2009,3.88
2008-08-12,2009,3.88
2008-08-13,2009,3.88
2008-08-14,2009,3.9
2008-08-15,2009,3.9
2008-08-18,2009,3.9
2008-08-19,2009,3.9
2008-08-20,2009,3.9
2008-08-21,2009,3.9
2008-08-22,2009,3.9
2008-08-25,2009,3.88
2008-08-26,2009,3.9
2008-08-27,2009,3.9
2008-08-28,2009,3.88
2008-08-29,2009,3.85
2008-09-01,2009,3.88
2008-09-02,2009,3.88
2008-09-03,2009,3.9
2008-09-04,2009,3.9
2008-09-05,2009,3.9
2008-09-08,2009,3.9
2008-09-09,2009,3.93
2008-09-10,2009,3.9
2008-09-11,2009,3.9
2008-09-12,2009,3.9
2008-09-15,2009,3.93
2008-09-16,2009,3.93
2008-09-17,2009,3.93
2008-09-18,2009,3.95
2008-09-19,2009,3.98
2008-09-22,2009,4.0
2008-09-23,2009,3.98
2008-09-24,2009,3.98
2008-09-25,2009,3.95
2008-09-26,2009,3.95
2008-09-29,2009,3.98
2008-09-30,2009,3.98
2008-10-01,2009,4.0
2008-10-02,2009,4.0
2008-10-03,2009,4.0
2008-10-06,2009,3.9
2008-10-07,2009,3.98
2008-10-08,2009,4.0
2008-10-09,2009,3.98
2008-10-10,2009,4.0
2008-10-13,2009,3.98
2008-10-14,2009,4.0
2008-10-15,2009,4.0
2008-10-16,2009,3.95
2008-10-17,2009,3.95
2008-10-20,2009,3.93
2008-10-21,2009,3.95
2008-10-22,2009,4.0
2008-10-23,2009,4.0
2008-10-24,2009,3.98
2008-10-27,2009,3.98
2008-10-28,2009,3.93
2008-10-29,2009,3.93
2008-10-30,2009,3.93
2008-10-31,2009,3.93
2008-11-03,2009,3.9
2008-11-04,2009,3.9
2008-11-05,2009,3.9
2008-11-06,2009,3.82
2008-11-07,2009,3.8
2008-11-10,2009,3.8
2008-11-11,2009,3.8
2008-11-12,2009,3.8
2008-11-13,2009,3.8
2008-11-14,2009,3.8
2008-11-17,2009,3.8
2008-11-18,2009,3.8
2008-11-19,2009,3.8
2008-11-20,2009,3.8
2008-11-21,2009,3.8
2008-11-24,2009,3.8
2008-11-25,2009,3.8
2008-11-26,2009,3.8
2008-11-27,2009,3.8
2008-11-28,2009,3.8
2008-12-01,2009,3.8
2008-12-02,2009,3.8
2008-12-03,2009,3.8
2008-12-04,2009,3.8
2008-12-05,2009,3.8
2008-12-08,2009,3.8
2008-12-09,2009,3.8
2008-12-10,2009,3.8
2008-12-11,2009,3.8
2008-12-12,2009,3.8
2008-12-15,2009,3.8
2008-12-16,2009,3.8
2008-12-17,2009,3.8
2008-12-18,2009,3.8
2008-12-19,2009,3.8
2008-12-22,2009,3.8
2008-12-23,2009,3.8
2008-12-24,2009,3.8
2008-12-26,2009,3.8
2008-12-29,2009,3.8
2008-12-30,2009,3.8
2008-12-31,2009,3.8
2009-01-02,2009,3.8
2009-01-05,2009,3.8
2009-01-06,2009,3.8
2009-01-07,2009,3.8
2009-01-08,2009,3.78
2009-01-09,2009,3.75
2009-01-12,2009,3.7
2009-01-13,2009,3.7
2009-01-14,2009,3.5
2009-01-15,2009,3.5
2009-01-16,2009,3.5
2009-01-19,2009,3.7
2009-01-20,2009,3.7
2009-01-21,2009,3.5
2009-01-22,2009,3.5
2009-01-23,2009,3.5
2009-01-26,2009,3.5
2009-01-27,2009,3.5
2009-01-28,2009,3.5
2009-01-29,2009,3.5
2009-01-30,2009,3.5
2009-02-02,2009,3.5
2009-02-03,2009,3.5
2009-02-04,2009,3.5
2009-02-05,2009,3.5
2009-02-06,2009,3.5
2009-02-09,2009,3.5
2009-02-10,2009,3.5
2009-02-11,2009,3.5
2009-02-12,2009,3.5
2009-02-13,2009,3.5
2009-02-16,2009,3.45
2009-02-17,2009,3.5
2009-02-18,2009,3.5
2009-02-19,2009,3.4
2009-02-20,2009,3.4
2009-02-25,2009,3.4
2009-02-26,2009,3.4
2009-02-27,2009,3.35
2009-03-02,2009,3.3
2009-03-03,2009,3.3
2009-03-04,2009,3.3
2009-03-05,2009,3.3
2009-03-06,2009,3.3
2009-03-09,2009,3.3
2009-03-10,2009,3.3
2009-03-11,2009,3.3
2009-03-12,2009,3.3
2009-03-13,2009,3.3
2009-03-16,2009,3.2
2009-03-17,2009,3.2
2009-03-18,2009,3.2
2009-03-19,2009,3.1
2009-03-20,2009,3.1
2009-03-23,2009,3.0
2009-03-24,2009,3.0
2009-03-25,2009,3.0
2009-03-26,2009,3.0
2009-03-27,2009,3.0
2009-03-30,2009,3.0
2009-03-31,2009,3.0
2009-04-01,2009,3.0
2009-04-02,2009,3.0
2009-04-03,2009,3.0
2009-04-06,2009,3.0
2009-04-07,2009,3.0
2009-04-08,2009,3.0
2009-04-09,2009,3.0
2009-04-13,2009,3.0
2009-04-14,2009,3.0
2009-04-15,2009,3.0
2009-04-16,2009,2.95
2009-04-17,2009,2.8
2009-04-20,2009,2.8
2009-04-22,2009,2.8
2009-04-23,2009,2.65
2009-04-24,2009,2.5
2009-04-27,2009,2.5
2009-04-28,2009,2.5
2009-04-29,2009,2.5
2009-04-30,2009,2.5
2009-05-04,2009,2.5
2009-05-05,2009,2.5
2009-05-06,2009,2.5
2009-05-07,2009,2.5
2009-05-08,2009,2.5
2009-05-11,2009,2.5
2009-05-12,2009,2.5
2009-05-13,2009,2.5
2009-05-14,2009,2.5
2009-05-15,2009,2.5
2009-05-18,2009,2.5
2009-05-19,2009,2.5
2009-05-20,2009,2.5
2009-05-21,2009,2.5
2009-05-22,2009,2.5
2009-05-25,2009,2.5
2009-05-26,2009,2.5
2009-05-27,2009,2.5
2009-05-28,2009,2.5
2009-05-29,2009,2.5
2009-06-01,2009,2.5
2009-06-02,2009,2.5
2009-06-03,2009,2.5
2009-06-04,2009,2.5
2009-06-05,2009,2.45
2009-06-08,2009,2.4
2009-06-09,2009,2.4
2009-06-10,2009,2.4
2009-06-12,2009,2.2
2009-06-15,2009,2.2
2009-06-16,2009,2.2
2009-06-17,2009,2.2
2009-06-18,2009,2.2
2009-06-19,2009,2.2
2009-06-22,2009,2.2
2009-06-23,2009,2.2
2009-06-24,2009,2.2
2009-06-25,2009,2.2
2009-06-26,2009,2.2
2009-06-29,2009,2.2
2009-06-30,2009,2.2
2009-07-01,2009,2.2
2009-07-02,2009,2.2
2009-07-03,2009,2.2
2009-07-06,2009,2.2
2009-07-07,2009,2.2
2009-07-08,2009,2.2
2009-07-09,2009,2.2
2009-07-10,2009,2.2
2009-07-13,2009,2.2
2009-07-14,2009,2.2
2009-07-15,2009,2.2
2009-07-16,2009,2.2
2009-07-17,2009,2.2
2009-07-20,2009,2.2
2009-07-21,2009,2.2
2009-07-22,2009,2.1
2009-07-23,2009,2.08
2009-07-24,2009,2.08
2009-07-27,2009,2.08
2009-07-28,2009,2.08
2009-07-29,2009,2.08
2009-07-30,2009,2.0
2009-07-31,2009,2.0
2009-08-03,2009,2.0
2009-08-04,2009,2.0
2009-08-05,2009,2.0
2009-08-06,2009,2.0
2009-08-07,2009,2.0
2009-08-10,2009,2.0
2009-08-11,2009,2.0
2009-08-12,2009,2.0
2009-08-13,2009,2.0
2009-08-14,2009,2.0
2009-08-17,2009,2.0
2009-08-18,2009,2.0
2009-08-19,2009,2.0
2009-08-20,2009,2.0
2009-08-21,2009,2.0
2009-08-24,2009,2.0
2009-08-25,2009,2.0
2009-08-26,2009,2.0
2009-08-27,2009,2.0
2009-08-28,2009,2.0
2009-08-31,2009,2.0
2009-09-01,2009,2.0
2009-09-02,2009,2.0
2009-09-03,2009,2.0
2009-09-04,2009,2.0
2009-09-08,2009,2.0
2009-09-09,2009,2.0
2009-09-10,2009,2.0
2009-09-11,2009,2.0
2009-09-14,2009,2.0
2009-09-15,2009,2.0
2009-09-16,2009,2.0
2009-09-17,2009,2.0
2009-09-18,2009,2.0
2009-09-21,2009,1.95
2009-09-22,2009,1.95
2009-09-23,2009,1.88
2009-09-24,2009,1.9
2009-09-25,2009,1.8
2009-09-28,2009,1.7
2009-09-29,2009,1.7
2009-09-30,2009,1.68
2009-10-01,2009,1.65
2009-10-02,2009,1.65
2009-10-05,2009,1.68
2009-10-06,2009,1.7
2009-10-07,2009,1.7
2009-10-08,2009,1.68
2009-10-09,2009,1.68
2009-10-13,2009,1.68
2009-10-14,2009,1.63
2009-10-15,2009,1.63
2009-10-16,2009,1.63
2009-10-19,2009,1.6
2009-10-20,2009,1.6
2009-10-21,2009,1.6
2009-10-22,2009,1.6
2009-10-23,2009,1.6
2009-10-26,2009,1.56
2009-10-27,2009,1.56
2009-10-28,2009,1.58
2009-10-29,2009,1.58
2009-10-30,2009,1.56
2009-11-03,2009,1.6
2009-11-04,2009,1.56
2009-11-05,2009,1.5
2009-11-06,2009,1.5
2009-11-09,2009,1.5
2009-11-10,2009,1.5
2009-11-11,2009,1.5
2009-11-12,2009,1.5
2009-11-13,2009,1.5
2009-11-16,2009,1.5
2009-11-17,2009,1.5
2009-11-18,2009,1.5
2009-11-19,2009,1.5
2009-11-20,2009,1.5
2009-11-23,2009,1.5
2009-11-24,2009,1.5
2009-11-25,2009,1.5
2009-11-26,2009,1.5
2009-11-27,2009,1.5
2009-11-30,2009,1.5
2009-12-01,2009,1.5
2009-12-02,2009,1.5
2009-12-03,2009,1.5
2009-12-04,2009,1.5
2009-12-07,2009,1.5
2009-12-08,2009,1.5
2009-12-09,2009,1.5
2009-12-10,2009,1.5
2009-12-11,2009,1.5
2009-12-14,2009,1.5
2009-12-15,2009,1.5
2009-12-16,2009,1.5
2009-12-17,2009,1.5
2009-12-18,2009,1.5
2009-12-21,2009,1.5
2009-12-22,2009,1.5
2009-12-23,2009,1.5
2009-12-24,2009,1.5
2009-12-28,2009,1.5
2009-12-29,2009,1.5
2009-12-30,2009,1.5
2009-12-31,2009,1.5
2010-01-04,2009,1.5
2010-01-05,2009,1.53
2010-01-06,2009,1.5
2010-01-07,2009,1.53
2010-01-08,2009,1.53
2010-01-11,2009,1.56
2010-01-12,2009,1.56
2010-01-13,2009,1.56
2010-01-14,2009,1.56
2010-01-15,2009,1.56
2010-01-18,2009,1.6
2010-01-19,2009,1.6
2010-01-20,2009,1.6
2010-01-21,2009,1.6
2010-01-22,2009,1.7
2010-01-25,2009,1.7
2010-01-26,2009,1.7
2010-01-27,2009,1.7
2006-01-30,2010,4.25
2006-01-31,2010,4.25
2006-02-01,2010,4.25
2006-02-02,2010,4.23
2006-02-03,2010,4.25
2006-02-06,2010,4.2
2006-02-07,2010,4.23
2006-02-08,2010,4.25
2006-02-09,2010,4.25
2006-02-10,2010,4.23
2006-02-13,2010,4.23
2006-02-14,2010,4.23
2006-02-15,2010,4.25
2006-02-16,2010,4.25
2006-02-17,2010,4.25
2006-02-20,2010,4.25
2006-02-21,2010,4.23
2006-02-22,2010,4.23
2006-02-23,2010,4.23
2006-02-24,2010,4.23
2006-03-01,2010,4.23
2006-03-02,2010,4.23
2006-03-03,2010,4.23
2006-03-06,2010,4.23
2006-03-07,2010,4.23
2006-03-08,2010,4.23
2006-03-09,2010,4.2
2006-03-10,2010,4.2
2006-03-13,2010,4.1
2006-03-14,2010,4.0
2006-03-15,2010,4.0
2006-03-16,2010,4.0
2006-03-17,2010,4.0
2006-03-20,2010,4.0
2006-03-21,2010,4.0
2006-03-22,2010,4.1
2006-03-23,2010,4.1
2006-03-24,2010,4.2
2006-03-27,2010,4.23
2006-03-28,2010,4.2
2006-03-29,2010,4.1
2006-03-30,2010,4.1
2006-03-31,2010,4.0
2006-04-03,2010,4.0
2006-04-04,2010,4.0
2006-04-05,2010,4.0
2006-04-06,2010,4.0
2006-04-07,2010,4.0
2006-04-10,2010,4.1
2006-04-11,2010,4.1
2006-04-12,2010,4.1
2006-04-13,2010,4.1
2006-04-17,2010,4.0
2006-04-18,2010,4.1
2006-04-19,2010,4.2
2006-04-20,2010,4.2
2006-04-24,2010,4.2
2006-04-25,2010,4.23
2006-04-26,2010,4.25
2006-04-27,2010,4.25
2006-04-28,2010,4.25
2006-05-02,2010,4.25
2006-05-03,2010,4.25
2006-05-04,2010,4.25
2006-05-05,2010,4.25
2006-05-08,2010,4.25
2006-05-09,2010,4.25
2006-05-10,2010,4.25
2006-05-11,2010,4.25
2006-05-12,2010,4.25
2006-05-15,2010,4.25
2006-05-16,2010,4.25
2006-05-17,2010,4.25
2006-05-18,2010,4.25
2006-05-19,2010,4.25
2006-05-22,2010,4.25
2006-05-23,2010,4.25
2006-05-24,2010,4.25
2006-05-25,2010,4.25
2006-05-26,2010,4.25
2006-05-29,2010,4.25
2006-05-30,2010,4.25
2006-05-31,2010,4.23
2006-06-01,2010,4.23
2006-06-02,2010,4.23
2006-06-05,2010,4.23
2006-06-06,2010,4.23
2006-06-07,2010,4.23
2006-06-08,2010,4.2
2006-06-09,2010,4.2
2006-06-12,2010,4.2
2006-06-13,2010,4.1
2006-06-14,2010,4.1
2006-06-16,2010,4.1
2006-06-19,2010,4.2
2006-06-20,2010,4.2
2006-06-21,2010,4.2
2006-06-22,2010,4.1
2006-06-23,2010,4.0
2006-06-26,2010,4.1
2006-06-27,2010,4.1
2006-06-28,2010,4.1
2006-06-29,2010,4.1
2006-06-30,2010,4.1
2006-07-03,2010,4.1
2006-07-04,2010,4.1
2006-07-05,2010,4.1
2006-07-06,2010,4.1
2006-07-07,2010,4.1
2006-07-10,2010,4.1
2006-07-11,2010,4.1
2006-07-12,2010,4.1
2006-07-13,2010,4.0
2006-07-14,2010,4.0
2006-07-17,2010,4.0
2006-07-18,2010,4.0
2006-07-19,2010,4.0
2006-07-20,2010,4.0
2006-07-21,2010,4.1
2006-07-24,2010,4.2
2006-07-25,2010,4.2
2006-07-26,2010,4.2
2006-07-27,2010,4.2
2006-07-28,2010,4.2
2006-07-31,2010,4.2
2006-08-01,2010,4.2
2006-08-02,2010,4.2
2006-08-03,2010,4.2
2006-08-04,2010,4.2
2006-08-07,2010,4.2
2006-08-08,2010,4.2
2006-08-09,2010,4.2
2006-08-10,2010,4.2
2006-08-11,2010,4.2
2006-08-14,2010,4.2
2006-08-15,2010,4.2
2006-08-16,2010,4.2
2006-08-17,2010,4.2
2006-08-18,2010,4.1
2006-08-21,2010,4.0
2006-08-22,2010,4.0
2006-08-23,2010,4.1
2006-08-24,2010,4.0
2006-08-25,2010,4.1
2006-08-28,2010,4.2
2006-08-29,2010,4.2
2006-08-30,2010,4.2
2006-08-31,2010,4.0
2006-09-01,2010,4.0
2006-09-04,2010,4.0
2006-09-05,2010,4.0
2006-09-06,2010,4.0
2006-09-08,2010,4.0
2006-09-11,2010,4.0
2006-09-12,2010,4.0
2006-09-13,2010,4.0
2006-09-14,2010,4.0
2006-09-15,2010,4.0
2006-09-18,2010,4.0
2006-09-19,2010,4.0
2006-09-20,2010,4.0
2006-09-21,2010,4.0
2006-09-22,2010,4.0
2006-09-25,2010,4.0
2006-09-26,2010,4.0
2006-09-27,2010,4.0
2006-09-28,2010,4.0
2006-09-29,2010,4.0
2006-10-02,2010,4.1
2006-10-03,2010,4.1
2006-10-04,2010,4.1
2006-10-05,2010,4.2
2006-10-06,2010,4.2
2006-10-09,2010,4.2
2006-10-10,2010,4.2
2006-10-11,2010,4.2
2006-10-13,2010,4.2
2006-10-16,2010,4.2
2006-10-17,2010,4.2
2006-10-18,2010,4.23
2006-10-19,2010,4.25
2006-10-20,2010,4.25
2006-10-23,2010,4.25
2006-10-24,2010,4.25
2006-10-25,2010,4.25
2006-10-26,2010,4.25
2006-10-27,2010,4.25
2006-10-30,2010,4.23
2006-10-31,2010,4.25
2006-11-01,2010,4.25
2006-11-03,2010,4.25
2006-11-06,2010,4.25
2006-11-07,2010,4.25
2006-11-08,2010,4.25
2006-11-09,2010,4.25
2006-11-10,2010,4.25
2006-11-13,2010,4.25
2006-11-14,2010,4.25
2006-11-16,2010,4.25
2006-11-17,2010,4.25
2006-11-20,2010,4.25
2006-11-21,2010,4.25
2006-11-22,2010,4.25
2006-11-23,2010,4.25
2006-11-24,2010,4.23
2006-11-27,2010,4.23
2006-11-28,2010,4.23
2006-11-29,2010,4.25
2006-11-30,2010,4.25
2006-12-01,2010,4.25
2006-12-04,2010,4.25
2006-12-05,2010,4.25
2006-12-06,2010,4.25
2006-12-07,2010,4.25
2006-12-08,2010,4.25
2006-12-11,2010,4.25
2006-12-12,2010,4.25
2006-12-13,2010,4.25
2006-12-14,2010,4.25
2006-12-15,2010,4.25
2006-12-18,2010,4.25
2006-12-19,2010,4.25
2006-12-20,2010,4.25
2006-12-21,2010,4.25
2006-12-22,2010,4.25
2006-12-26,2010,4.25
2006-12-27,2010,4.25
2006-12-28,2010,4.25
2006-12-29,2010,4.25
2007-01-02,2010,4.25
2007-01-03,2010,4.25
2007-01-04,2010,4.25
2007-01-05,2010,4.25
2007-01-08,2010,4.25
2007-01-09,2010,4.25
2007-01-10,2010,4.25
2007-01-11,2010,4.25
2007-01-12,2010,4.2
2007-01-15,2010,4.0
2007-01-16,2010,4.0
2007-01-17,2010,4.0
2007-01-18,2010,4.0
2007-01-19,2010,4.0
2007-01-22,2010,4.0
2007-01-23,2010,4.0
2007-01-24,2010,4.0
2007-01-25,2010,4.0
2007-01-26,2010,4.0
2007-01-29,2010,4.0
2007-01-30,2010,4.0
2007-01-31,2010,4.0
2007-02-01,2010,4.0
2007-02-02,2010,4.0
2007-02-05,2010,3.9
2007-02-06,2010,3.9
2007-02-07,2010,3.95
2007-02-08,2010,3.9
2007-02-09,2010,3.95
2007-02-12,2010,3.85
2007-02-13,2010,3.85
2007-02-14,2010,3.8
2007-02-15,2010,3.8
2007-02-16,2010,3.8
2007-02-21,2010,3.8
2007-02-22,2010,3.8
2007-02-23,2010,3.8
2007-02-26,2010,3.8
2007-02-27,2010,3.8
2007-02-28,2010,3.8
2007-03-01,2010,3.8
2007-03-02,2010,3.8
2007-03-05,2010,3.8
2007-03-06,2010,3.8
2007-03-07,2010,3.83
2007-03-08,2010,3.8
2007-03-09,2010,3.8
2007-03-12,2010,3.75
2007-03-13,2010,3.75
2007-03-14,2010,3.75
2007-03-15,2010,3.75
2007-03-16,2010,3.75
2007-03-19,2010,3.75
2007-03-20,2010,3.75
2007-03-21,2010,3.75
2007-03-22,2010,3.75
2007-03-23,2010,3.75
2007-03-26,2010,3.75
2007-03-27,2010,3.75
2007-03-28,2010,3.75
2007-03-29,2010,3.75
2007-03-30,2010,3.75
2007-04-02,2010,3.75
2007-04-03,2010,3.75
2007-04-04,2010,3.75
2007-04-05,2010,3.75
2007-04-09,2010,3.75
2007-04-10,2010,3.75
2007-04-11,2010,3.7
2007-04-12,2010,3.6
2007-04-13,2010,3.6
2007-04-16,2010,3.6
2007-04-17,2010,3.6
2007-04-18,2010,3.6
2007-04-19,2010,3.6
2007-04-20,2010,3.65
2007-04-23,2010,3.65
2007-04-24,2010,3.6
2007-04-25,2010,3.6
2007-04-26,2010,3.6
2007-04-27,2010,3.6
2007-04-30,2010,3.6
2007-05-02,2010,3.6
2007-05-03,2010,3.6
2007-05-04,2010,3.6
2007-05-07,2010,3.6
2007-05-08,2010,3.6
2007-05-09,2010,3.6
2007-05-10,2010,3.6
2007-05-11,2010,3.6
2007-05-14,2010,3.6
2007-05-15,2010,3.55
2007-05-16,2010,3.55
2007-05-17,2010,3.55
2007-05-18,2010,3.5
2007-05-21,2010,3.5
2007-05-22,2010,3.5
2007-05-23,2010,3.5
2007-05-24,2010,3.5
2007-05-25,2010,3.5
2007-05-28,2010,3.5
2007-05-29,2010,3.5
2007-05-30,2010,3.5
2007-05-31,2010,3.5
2007-06-01,2010,3.5
2007-06-04,2010,3.5
2007-06-05,2010,3.5
2007-06-06,2010,3.5
2007-06-08,2010,3.5
2007-06-11,2010,3.5
2007-06-12,2010,3.5
2007-06-13,2010,3.5
2007-06-14,2010,3.5
2007-06-15,2010,3.5
2007-06-18,2010,3.5
2007-06-19,2010,3.5
2007-06-20,2010,3.5
2007-06-21,2010,3.5
2007-06-22,2010,3.5
2007-06-25,2010,3.5
2007-06-26,2010,3.5
2007-06-27,2010,3.5
2007-06-28,2010,3.5
2007-06-29,2010,3.5
2007-07-02,2010,3.5
2007-07-03,2010,3.5
2007-07-04,2010,3.5
2007-07-05,2010,3.5
2007-07-06,2010,3.5
2007-07-09,2010,3.5
2007-07-10,2010,3.5
2007-07-11,2010,3.5
2007-07-12,2010,3.5
2007-07-13,2010,3.5
2007-07-16,2010,3.5
2007-07-17,2010,3.5
2007-07-18,2010,3.5
2007-07-19,2010,3.5
2007-07-20,2010,3.5
2007-07-23,2010,3.5
2007-07-24,2010,3.5
2007-07-25,2010,3.5
2007-07-26,2010,3.5
2007-07-27,2010,3.5
2007-07-30,2010,3.5
2007-07-31,2010,3.5
2007-08-01,2010,3.5
2007-08-02,2010,3.5
2007-08-03,2010,3.5
2007-08-06,2010,3.5
2007-08-07,2010,3.5
2007-08-08,2010,3.5
2007-08-09,2010,3.5
2007-08-10,2010,3.5
2007-08-13,2010,3.5
2007-08-14,2010,3.5
2007-08-15,2010,3.5
2007-08-16,2010,3.5
2007-08-17,2010,3.5
2007-08-20,2010,3.5
2007-08-21,2010,3.5
2007-08-22,2010,3.5
2007-08-23,2010,3.5
2007-08-24,2010,3.5
2007-08-27,2010,3.5
2007-08-28,2010,3.5
2007-08-29,2010,3.5
2007-08-30,2010,3.5
2007-08-31,2010,3.5
2007-09-03,2010,3.5
2007-09-04,2010,3.5
2007-09-05,2010,3.5
2007-09-06,2010,3.5
2007-09-10,2010,3.5
2007-09-11,2010,3.5
2007-09-12,2010,3.5
2007-09-13,2010,3.5
2007-09-14,2010,3.5
2007-09-17,2010,3.5
2007-09-18,2010,3.5
2007-09-19,2010,3.5
2007-09-20,2010,3.5
2007-09-21,2010,3.5
2007-09-24,2010,3.5
2007-09-25,2010,3.5
2007-09-26,2010,3.5
2007-09-27,2010,3.5
2007-09-28,2010,3.5
2007-10-01,2010,3.5
2007-10-02,2010,3.5
2007-10-03,2010,3.5
2007-10-04,2010,3.5
2007-10-05,2010,3.5
2007-10-08,2010,3.5
2007-10-09,2010,3.5
2007-10-10,2010,3.5
2007-10-11,2010,3.5
2007-10-15,2010,3.5
2007-10-16,2010,3.5
2007-10-17,2010,3.5
2007-10-18,2010,3.5
2007-10-19,2010,3.5
2007-10-22,2010,3.5
2007-10-23,2010,3.5
2007-10-24,2010,3.5
2007-10-25,2010,3.5
2007-10-26,2010,3.5
2007-10-29,2010,3.5
2007-10-30,2010,3.5
2007-10-31,2010,3.5
2007-11-01,2010,3.5
2007-11-05,2010,3.5
2007-11-06,2010,3.5
2007-11-07,2010,3.5
2007-11-08,2010,3.5
2007-11-09,2010,3.5
2007-11-12,2010,3.5
2007-11-13,2010,3.5
2007-11-14,2010,3.5
2007-11-16,2010,3.5
2007-11-19,2010,3.5
2007-11-20,2010,3.5
2007-11-21,2010,3.5
2007-11-22,2010,3.5
2007-11-23,2010,3.5
2007-11-26,2010,3.5
2007-11-27,2010,3.5
2007-11-28,2010,3.5
2007-11-29,2010,3.5
2007-11-30,2010,3.5
2007-12-03,2010,3.5
2007-12-04,2010,3.5
2007-12-05,2010,3.5
2007-12-06,2010,3.5
2007-12-07,2010,3.5
2007-12-10,2010,3.5
2007-12-11,2010,3.5
2007-12-12,2010,3.5
2007-12-13,2010,3.5
2007-12-14,2010,3.5
2007-12-17,2010,3.5
2007-12-18,2010,3.5
2007-12-19,2010,3.5
2007-12-20,2010,3.5
2007-12-21,2010,3.5
2007-12-24,2010,3.5
2007-12-26,2010,3.5
2007-12-27,2010,3.5
2007-12-28,2010,3.5
2007-12-31,2010,3.5
2008-01-02,2010,3.5
2008-01-03,2010,3.5
2008-01-04,2010,3.5
2008-01-07,2010,3.5
2008-01-08,2010,3.5
2008-01-09,2010,3.5
2008-01-10,2010,3.5
2008-01-11,2010,3.5
2008-01-14,2010,3.5
2008-01-15,2010,3.5
2008-01-16,2010,3.5
2008-01-17,2010,3.5
2008-01-18,2010,3.5
2008-01-21,2010,3.5
2008-01-22,2010,3.5
2008-01-23,2010,3.5
2008-01-24,2010,3.5
2008-01-25,2010,3.5
2008-01-28,2010,3.5
2008-01-29,2010,3.5
2008-01-30,2010,3.5
2008-01-31,2010,3.5
2008-02-01,2010,3.5
2008-02-06,2010,3.5
2008-02-07,2010,3.5
2008-02-08,2010,3.5
2008-02-11,2010,3.5
2008-02-12,2010,3.5
2008-02-13,2010,3.5
2008-02-14,2010,3.5
2008-02-15,2010,3.5
2008-02-18,2010,3.5
2008-02-19,2010,3.5
2008-02-20,2010,3.5
2008-02-21,2010,3.48
2008-02-22,2010,3.48
2008-02-25,2010,3.45
2008-02-26,2010,3.45
2008-02-27,2010,3.48
2008-02-28,2010,3.48
2008-02-29,2010,3.48
2008-03-03,2010,3.48
2008-03-04,2010,3.48
2008-03-05,2010,3.45
2008-03-06,2010,3.45
2008-03-07,2010,3.45
2008-03-10,2010,3.48
2008-03-11,2010,3.5
2008-03-12,2010,3.5
2008-03-13,2010,3.5
2008-03-14,2010,3.5
2008-03-17,2010,3.5
2008-03-18,2010,3.5
2008-03-19,2010,3.5
2008-03-20,2010,3.5
2008-03-24,2010,3.5
2008-03-25,2010,3.5
2008-03-26,2010,3.5
2008-03-27,2010,3.5
2008-03-28,2010,3.5
2008-03-31,2010,3.5
2008-04-01,2010,3.5
2008-04-02,2010,3.5
2008-04-03,2010,3.5
2008-04-04,2010,3.5
2008-04-07,2010,3.5
2008-04-08,2010,3.5
2008-04-09,2010,3.5
2008-04-10,2010,3.5
2008-04-11,2010,3.5
2008-04-14,2010,3.5
2008-04-15,2010,3.5
2008-04-16,2010,3.5
2008-04-17,2010,3.5
2008-04-18,2010,3.5
2008-04-22,2010,3.5
2008-04-23,2010,3.5
2008-04-24,2010,3.5
2008-04-25,2010,3.5
2008-04-28,2010,3.5
2008-04-29,2010,3.5
2008-04-30,2010,3.5
2008-05-02,2010,3.5
2008-05-05,2010,3.5
2008-05-06,2010,3.5
2008-05-07,2010,3.5
2008-05-08,2010,3.5
2008-05-09,2010,3.5
2008-05-12,2010,3.5
2008-05-13,2010,3.5
2008-05-14,2010,3.5
2008-05-15,2010,3.5
2008-05-16,2010,3.5
2008-05-19,2010,3.5
2008-05-20,2010,3.5
2008-05-21,2010,3.5
2008-05-23,2010,3.5
2008-05-26,2010,3.5
2008-05-27,2010,3.5
2008-05-28,2010,3.5
2008-05-29,2010,3.5
2008-05-30,2010,3.5
2008-06-02,2010,3.5
2008-06-03,2010,3.5
2008-06-04,2010,3.5
2008-06-05,2010,3.5
2008-06-06,2010,3.5
2008-06-09,2010,3.5
2008-06-10,2010,3.5
2008-06-11,2010,3.5
2008-06-12,2010,3.5
2008-06-13,2010,3.5
2008-06-16,2010,3.5
2008-06-17,2010,3.5
2008-06-18,2010,3.5
2008-06-19,2010,3.5
2008-06-20,2010,3.5
2008-06-23,2010,3.55
2008-06-24,2010,3.55
2008-06-25,2010,3.55
2008-06-26,2010,3.5
2008-06-27,2010,3.5
2008-06-30,2010,3.5
2008-07-01,2010,3.55
2008-07-02,2010,3.55
2008-07-03,2010,3.55
2008-07-04,2010,3.6
2008-07-07,2010,3.68
2008-07-08,2010,3.68
2008-07-09,2010,3.68
2008-07-10,2010,3.78
2008-07-11,2010,3.8
2008-07-14,2010,3.8
2008-07-15,2010,3.8
2008-07-16,2010,3.8
2008-07-17,2010,3.8
2008-07-18,2010,3.8
2008-07-21,2010,3.8
2008-07-22,2010,3.8
2008-07-23,2010,3.8
2008-07-24,2010,3.8
2008-07-25,2010,3.8
2008-07-28,2010,3.8
2008-07-29,2010,3.8
2008-07-30,2010,3.8
2008-07-31,2010,3.8
2008-08-01,2010,3.8
2008-08-04,2010,3.8
2008-08-05,2010,3.8
2008-08-06,2010,3.8
2008-08-07,2010,3.8
2008-08-08,2010,3.8
2008-08-11,2010,3.8
2008-08-12,2010,3.8
2008-08-13,2010,3.8
2008-08-14,2010,3.8
2008-08-15,2010,3.8
2008-08-18,2010,3.8
2008-08-19,2010,3.8
2008-08-20,2010,3.8
2008-08-21,2010,3.8
2008-08-22,2010,3.8
2008-08-25,2010,3.8
2008-08-26,2010,3.8
2008-08-27,2010,3.8
2008-08-28,2010,3.8
2008-08-29,2010,3.8
2008-09-01,2010,3.8
2008-09-02,2010,3.8
2008-09-03,2010,3.8
2008-09-04,2010,3.8
2008-09-05,2010,3.8
2008-09-08,2010,3.8
2008-09-09,2010,3.8
2008-09-10,2010,3.8
2008-09-11,2010,3.8
2008-09-12,2010,3.8
2008-09-15,2010,3.8
2008-09-16,2010,3.8
2008-09-17,2010,3.8
2008-09-18,2010,3.8
2008-09-19,2010,3.8
2008-09-22,2010,3.8
2008-09-23,2010,3.8
2008-09-24,2010,3.8
2008-09-25,2010,3.8
2008-09-26,2010,3.8
2008-09-29,2010,3.8
2008-09-30,2010,3.8
2008-10-01,2010,3.8
2008-10-02,2010,3.8
2008-10-03,2010,3.8
2008-10-06,2010,3.8
2008-10-07,2010,3.8
2008-10-08,2010,3.8
2008-10-09,2010,3.8
2008-10-10,2010,3.8
2008-10-13,2010,3.8
2008-10-14,2010,3.8
2008-10-15,2010,3.8
2008-10-16,2010,3.8
2008-10-17,2010,3.8
2008-10-20,2010,3.8
2008-10-21,2010,3.8
2008-10-22,2010,3.8
2008-10-23,2010,3.8
2008-10-24,2010,3.8
2008-10-27,2010,3.8
2008-10-28,2010,3.8
2008-10-29,2010,3.8
2008-10-30,2010,3.8
2008-10-31,2010,3.8
2008-11-03,2010,3.8
2008-11-04,2010,3.8
2008-11-05,2010,3.8
2008-11-06,2010,3.8
2008-11-07,2010,3.8
2008-11-10,2010,3.8
2008-11-11,2010,3.8
2008-11-12,2010,3.8
2008-11-13,2010,3.75
2008-11-14,2010,3.75
2008-11-17,2010,3.78
2008-11-18,2010,3.8
2008-11-19,2010,3.8
2008-11-20,2010,3.8
2008-11-21,2010,3.8
2008-11-24,2010,3.8
2008-11-25,2010,3.78
2008-11-26,2010,3.8
2008-11-27,2010,3.8
2008-11-28,2010,3.8
2008-12-01,2010,3.8
2008-12-02,2010,3.8
2008-12-03,2010,3.8
2008-12-04,2010,3.8
2008-12-05,2010,3.8
2008-12-08,2010,3.8
2008-12-09,2010,3.8
2008-12-10,2010,3.8
2008-12-11,2010,3.8
2008-12-12,2010,3.8
2008-12-15,2010,3.8
2008-12-16,2010,3.8
2008-12-17,2010,3.8
2008-12-18,2010,3.8
2008-12-19,2010,3.6
2008-12-22,2010,3.5
2008-12-23,2010,3.5
2008-12-24,2010,3.5
2008-12-26,2010,3.55
2008-12-29,2010,3.55
2008-12-30,2010,3.5
2008-12-31,2010,3.5
2009-01-02,2010,3.5
2009-01-05,2010,3.5
2009-01-06,2010,3.5
2009-01-07,2010,3.5
2009-01-08,2010,3.5
2009-01-09,2010,3.5
2009-01-12,2010,3.5
2009-01-13,2010,3.5
2009-01-14,2010,3.5
2009-01-15,2010,3.5
2009-01-16,2010,3.5
2009-01-19,2010,3.5
2009-01-20,2010,3.5
2009-01-21,2010,3.5
2009-01-22,2010,3.5
2009-01-23,2010,3.5
2009-01-26,2010,3.5
2009-01-27,2010,3.5
2009-01-28,2010,3.5
2009-01-29,2010,3.5
2009-01-30,2010,3.5
2009-02-02,2010,3.5
2009-02-03,2010,3.5
2009-02-04,2010,3.5
2009-02-05,2010,3.5
2009-02-06,2010,3.5
2009-02-09,2010,3.5
2009-02-10,2010,3.5
2009-02-11,2010,3.5
2009-02-12,2010,3.5
2009-02-13,2010,3.5
2009-02-16,2010,3.5
2009-02-17,2010,3.5
2009-02-18,2010,3.5
2009-02-19,2010,3.5
2009-02-20,2010,3.5
2009-02-25,2010,3.5
2009-02-26,2010,3.5
2009-02-27,2010,3.45
2009-03-02,2010,3.4
2009-03-03,2010,3.4
2009-03-04,2010,3.45
2009-03-05,2010,3.45
2009-03-06,2010,3.5
2009-03-09,2010,3.5
2009-03-10,2010,3.5
2009-03-11,2010,3.5
2009-03-12,2010,3.4
2009-03-13,2010,3.3
2009-03-16,2010,3.3
2009-03-17,2010,3.3
2009-03-18,2010,3.35
2009-03-19,2010,3.4
2009-03-20,2010,3.35
2009-03-23,2010,3.35
2009-03-24,2010,3.4
2009-03-25,2010,3.38
2009-03-26,2010,3.3
2009-03-27,2010,3.3
2009-03-30,2010,3.3
2009-03-31,2010,3.3
2009-04-01,2010,3.3
2009-04-02,2010,3.3
2009-04-03,2010,3.3
2009-04-06,2010,3.3
2009-04-07,2010,3.3
2009-04-08,2010,3.3
2009-04-09,2010,3.3
2009-04-13,2010,3.34
2009-04-14,2010,3.34
2009-04-15,2010,3.3
2009-04-16,2010,3.3
2009-04-17,2010,3.3
2009-04-20,2010,3.3
2009-04-22,2010,3.3
2009-04-23,2010,3.3
2009-04-24,2010,3.3
2009-04-27,2010,3.3
2009-04-28,2010,3.3
2009-04-29,2010,3.3
2009-04-30,2010,3.3
2009-05-04,2010,3.3
2009-05-05,2010,3.3
2009-05-06,2010,3.3
2009-05-07,2010,3.3
2009-05-08,2010,3.3
2009-05-11,2010,3.3
2009-05-12,2010,3.0
2009-05-13,2010,3.0
2009-05-14,2010,3.15
2009-05-15,2010,3.0
2009-05-18,2010,3.0
2009-05-19,2010,3.0
2009-05-20,2010,3.0
2009-05-21,2010,3.0
2009-05-22,2010,3.0
2009-05-25,2010,3.0
2009-05-26,2010,3.0
2009-05-27,2010,3.0
2009-05-28,2010,3.0
2009-05-29,2010,3.0
2009-06-01,2010,3.0
2009-06-02,2010,3.0
2009-06-03,2010,3.0
2009-06-04,2010,3.0
2009-06-05,2010,2.8
2009-06-08,2010,3.0
2009-06-09,2010,3.0
2009-06-10,2010,3.0
2009-06-12,2010,2.9
2009-06-15,2010,2.8
2009-06-16,2010,2.8
2009-06-17,2010,2.8
2009-06-18,2010,2.8
2009-06-19,2010,2.9
2009-06-22,2010,3.0
2009-06-23,2010,3.0
2009-06-24,2010,3.0
2009-06-25,2010,3.0
2009-06-26,2010,3.0
2009-06-29,2010,3.0
2009-06-30,2010,3.0
2009-07-01,2010,3.0
2009-07-02,2010,3.0
2009-07-03,2010,3.0
2009-07-06,2010,3.05
2009-07-07,2010,3.0
2009-07-08,2010,3.0
2009-07-09,2010,3.0
2009-07-10,2010,3.0
2009-07-13,2010,3.0
2009-07-14,2010,3.0
2009-07-15,2010,3.0
2009-07-16,2010,3.0
2009-07-17,2010,3.0
2009-07-20,2010,3.0
2009-07-21,2010,3.0
2009-07-22,2010,3.0
2009-07-23,2010,2.9
2009-07-24,2010,2.9
2009-07-27,2010,3.0
2009-07-28,2010,3.0
2009-07-29,2010,3.0
2009-07-30,2010,3.0
2009-07-31,2010,3.0
2009-08-03,2010,3.0
2009-08-04,2010,3.0
2009-08-05,2010,2.9
2009-08-06,2010,2.9
2009-08-07,2010,2.9
2009-08-10,2010,2.9
2009-08-11,2010,2.8
2009-08-12,2010,2.8
2009-08-13,2010,2.8
2009-08-14,2010,2.8
2009-08-17,2010,2.8
2009-08-18,2010,2.8
2009-08-19,2010,2.8
2009-08-20,2010,2.8
2009-08-21,2010,2.8
2009-08-24,2010,2.75
2009-08-25,2010,2.75
2009-08-26,2010,2.7
2009-08-27,2010,2.7
2009-08-28,2010,2.75
2009-08-31,2010,2.75
2009-09-01,2010,2.75
2009-09-02,2010,2.75
2009-09-03,2010,2.75
2009-09-04,2010,2.8
2009-09-08,2010,2.75
2009-09-09,2010,2.7
2009-09-10,2010,2.7
2009-09-11,2010,2.5
2009-09-14,2010,2.5
2009-09-15,2010,2.5
2009-09-16,2010,2.5
2009-09-17,2010,2.5
2009-09-18,2010,2.5
2009-09-21,2010,2.5
2009-09-22,2010,2.5
2009-09-23,2010,2.5
2009-09-24,2010,2.5
2009-09-25,2010,2.5
2009-09-28,2010,2.5
2009-09-29,2010,2.5
2009-09-30,2010,2.5
2009-10-01,2010,2.5
2009-10-02,2010,2.5
2009-10-05,2010,2.5
2009-10-06,2010,2.5
2009-10-07,2010,2.5
2009-10-08,2010,2.5
2009-10-09,2010,2.5
2009-10-13,2010,2.35
2009-10-14,2010,2.5
2009-10-15,2010,2.5
2009-10-16,2010,2.5
2009-10-19,2010,2.5
2009-10-20,2010,2.5
2009-10-21,2010,2.5
2009-10-22,2010,2.5
2009-10-23,2010,2.5
2009-10-26,2010,2.5
2009-10-27,2010,2.5
2009-10-28,2010,2.5
2009-10-29,2010,2.45
2009-10-30,2010,2.5
2009-11-03,2010,2.45
2009-11-04,2010,2.5
2009-11-05,2010,2.5
2009-11-06,2010,2.5
2009-11-09,2010,2.5
2009-11-10,2010,2.5
2009-11-11,2010,2.5
2009-11-12,2010,2.5
2009-11-13,2010,2.5
2009-11-16,2010,2.5
2009-11-17,2010,2.5
2009-11-18,2010,2.5
2009-11-19,2010,2.5
2009-11-20,2010,2.5
2009-11-23,2010,2.5
2009-11-24,2010,2.5
2009-11-25,2010,2.5
2009-11-26,2010,2.45
2009-11-27,2010,2.45
2009-11-30,2010,2.3
2009-12-01,2010,2.3
2009-12-02,2010,2.4
2009-12-03,2010,2.4
2009-12-04,2010,2.2
2009-12-07,2010,2.3
2009-12-08,2010,2.3
2009-12-09,2010,2.4
2009-12-10,2010,2.4
2009-12-11,2010,2.4
2009-12-14,2010,2.5
2009-12-15,2010,2.5
2009-12-16,2010,2.5
2009-12-17,2010,2.5
2009-12-18,2010,2.5
2009-12-21,2010,2.5
2009-12-22,2010,2.5
2009-12-23,2010,2.5
2009-12-24,2010,2.5
2009-12-28,2010,2.5
2009-12-29,2010,2.5
2009-12-30,2010,2.5
2009-12-31,2010,2.5
2010-01-04,2010,2.5
2010-01-05,2010,2.5
2010-01-06,2010,2.5
2010-01-07,2010,2.5
2010-01-08,2010,2.5
2010-01-11,2010,2.45
2010-01-12,2010,2.4
2010-01-13,2010,2.4
2010-01-14,2010,2.4
2010-01-15,2010,2.4
2010-01-18,2010,2.4
2010-01-19,2010,2.4
2010-01-20,2010,2.4
2010-01-21,2010,2.4
2010-01-22,2010,2.45
2010-01-25,2010,2.5
2010-01-26,2010,2.5
2010-01-27,2010,2.5
2010-01-28,2010,2.5
2010-01-29,2010,2.5
2010-02-01,2010,2.5
2010-02-02,2010,2.5
2010-02-03,2010,2.47
2010-02-04,2010,2.4
2010-02-05,2010,2.43
2010-02-08,2010,2.5
2010-02-09,2010,2.5
2010-02-10,2010,2.5
2010-02-11,2010,2.5
2010-02-12,2010,2.5
2010-02-17,2010,2.5
2010-02-18,2010,2.5
2010-02-19,2010,2.5
2010-02-22,2010,2.5
2010-02-23,2010,2.5
2010-02-24,2010,2.5
2010-02-25,2010,2.5
2010-02-26,2010,2.5
2010-03-01,2010,2.5
2010-03-02,2010,2.5
2010-03-03,2010,2.5
2010-03-04,2010,2.5
2010-03-05,2010,2.5
2010-03-08,2010,2.5
2010-03-09,2010,2.5
2010-03-10,2010,2.5
2010-03-11,2010,2.5
2010-03-12,2010,2.5
2010-03-15,2010,2.5
2010-03-16,2010,2.5
2010-03-17,2010,2.5
2010-03-18,2010,2.5
2010-03-19,2010,2.5
2010-03-22,2010,2.5
2010-03-23,2010,2.5
2010-03-24,2010,2.5
2010-03-25,2010,2.5
2010-03-26,2010,2.5
2010-03-29,2010,2.5
2010-03-30,2010,2.5
2010-03-31,2010,2.5
2010-04-01,2010,2.5
2010-04-05,2010,2.5
2010-04-06,2010,2.5
2010-04-07,2010,2.5
2010-04-08,2010,2.5
2010-04-09,2010,2.5
2010-04-12,2010,2.5
2010-04-13,2010,2.5
2010-04-14,2010,2.5
2010-04-15,2010,2.5
2010-04-16,2010,2.5
2010-04-19,2010,2.5
2010-04-20,2010,2.5
2010-04-22,2010,2.5
2010-04-23,2010,2.5
2010-04-26,2010,2.5
2010-04-27,2010,2.5
2010-04-28,2010,2.5
2010-04-29,2010,2.5
2010-04-30,2010,2.5
2010-05-03,2010,2.5
2010-05-04,2010,2.5
2010-05-05,2010,2.5
2010-05-06,2010,2.5
2010-05-07,2010,2.5
2010-05-10,2010,2.5
2010-05-11,2010,2.5
2010-05-12,2010,2.5
2010-05-13,2010,2.5
2010-05-14,2010,2.5
2010-05-17,2010,2.5
2010-05-18,2010,2.5
2010-05-19,2010,2.5
2010-05-20,2010,2.5
2010-05-21,2010,2.5
2010-05-24,2010,2.5
2010-05-25,2010,2.5
2010-05-26,2010,2.5
2010-05-27,2010,2.5
2010-05-28,2010,2.5
2010-05-31,2010,2.5
2010-06-01,2010,2.5
2010-06-02,2010,2.5
2010-06-04,2010,2.5
2010-06-07,2010,2.5
2010-06-08,2010,2.5
2010-06-09,2010,2.5
2010-06-10,2010,2.5
2010-06-11,2010,2.5
2010-06-14,2010,2.5
2010-06-15,2010,2.5
2010-06-16,2010,2.5
2010-06-17,2010,2.5
2010-06-18,2010,2.5
2010-06-21,2010,2.5
2010-06-22,2010,2.5
2010-06-23,2010,2.5
2010-06-24,2010,2.5
2010-06-25,2010,2.5
2010-06-28,2010,2.5
2010-06-29,2010,2.5
2010-06-30,2010,2.5
2010-07-01,2010,2.5
2010-07-02,2010,2.53
2010-07-05,2010,2.55
2010-07-06,2010,2.55
2010-07-07,2010,2.53
2010-07-08,2010,2.6
2010-07-09,2010,2.6
2010-07-12,2010,2.6
2010-07-13,2010,2.6
2010-07-14,2010,2.6
2010-07-15,2010,2.6
2010-07-16,2010,2.6
2010-07-19,2010,2.6
2010-07-20,2010,2.6
2010-07-21,2010,2.6
2010-07-22,2010,2.6
2010-07-23,2010,2.6
2010-07-26,2010,2.6
2010-07-27,2010,2.6
2010-07-28,2010,2.6
2010-07-29,2010,2.6
2010-07-30,2010,2.6
2010-08-02,2010,2.6
2010-08-03,2010,2.6
2010-08-04,2010,2.6
2010-08-05,2010,2.6
2010-08-06,2010,2.6
2010-08-09,2010,2.6
2010-08-10,2010,2.6
2010-08-11,2010,2.6
2010-08-12,2010,2.6
2010-08-13,2010,2.6
2010-08-16,2010,2.6
2010-08-17,2010,2.6
2010-08-18,2010,2.6
2010-08-19,2010,2.6
2010-08-20,2010,2.6
2010-08-23,2010,2.5
2010-08-24,2010,2.5
2010-08-25,2010,2.5
2010-08-26,2010,2.5
2010-08-27,2010,2.6
2010-08-30,2010,2.6
2010-08-31,2010,2.6
2010-09-01,2010,2.6
2010-09-02,2010,2.6
2010-09-03,2010,2.55
2010-09-06,2010,2.5
2010-09-08,2010,2.5
2010-09-09,2010,2.5
2010-09-10,2010,2.5
2010-09-13,2010,2.5
2010-09-14,2010,2.55
2010-09-15,2010,2.5
2010-09-16,2010,2.55
2010-09-17,2010,2.55
2010-09-20,2010,2.6
2010-09-21,2010,2.6
2010-09-22,2010,2.6
2010-09-23,2010,2.6
2010-09-24,2010,2.6
2010-09-27,2010,2.6
2010-09-28,2010,2.6
2010-09-29,2010,2.6
2010-09-30,2010,2.6
2010-10-01,2010,2.6
2010-10-04,2010,2.6
2010-10-05,2010,2.63
2010-10-06,2010,2.63
2010-10-07,2010,2.63
2010-10-08,2010,2.6
2010-10-11,2010,2.6
2010-10-13,2010,2.63
2010-10-14,2010,2.6
2010-10-15,2010,2.6
2010-10-18,2010,2.6
2010-10-19,2010,2.6
2010-10-20,2010,2.6
2010-10-21,2010,2.6
2010-10-22,2010,2.6
2010-10-25,2010,2.6
2010-10-26,2010,2.6
2010-10-27,2010,2.6
2010-10-28,2010,2.6
2010-10-29,2010,2.6
2010-11-01,2010,2.65
2010-11-03,2010,2.6
2010-11-04,2010,2.6
2010-11-05,2010,2.6
2010-11-08,2010,2.65
2010-11-09,2010,2.7
2010-11-10,2010,2.7
2010-11-11,2010,2.7
2010-11-12,2010,2.7
2010-11-16,2010,2.8
2010-11-17,2010,2.8
2010-11-18,2010,2.8
2010-11-19,2010,2.8
2010-11-22,2010,2.84
2010-11-23,2010,2.84
2010-11-24,2010,2.84
2010-11-25,2010,2.8
2010-11-26,2010,2.8
2010-11-29,2010,2.8
2010-11-30,2010,2.8
2010-12-01,2010,2.8
2010-12-02,2010,2.8
2010-12-03,2010,2.8
2010-12-06,2010,2.8
2010-12-07,2010,2.8
2010-12-08,2010,2.8
2010-12-09,2010,2.8
2010-12-10,2010,2.8
2010-12-13,2010,2.8
2010-12-14,2010,2.8
2010-12-15,2010,2.8
2010-12-16,2010,2.8
2010-12-17,2010,2.8
2010-12-20,2010,2.8
2010-12-21,2010,2.8
2010-12-22,2010,2.8
2010-12-23,2010,2.8
2010-12-24,2010,2.8
2010-12-27,2010,2.8
2010-12-28,2010,2.8
2010-12-29,2010,2.8
2010-12-30,2010,2.8
2010-12-31,2010,2.8
2011-01-03,2010,2.8
2011-01-04,2010,2.8
2011-01-05,2010,2.8
2011-01-06,2010,2.8
2011-01-07,2010,2.75
2011-01-10,2010,2.75
2011-01-11,2010,2.8
2011-01-12,2010,2.8
2011-01-13,2010,2.8
2011-01-14,2010,2.8
2011-01-17,2010,2.8
2011-01-18,2010,2.8
2011-01-19,2010,2.8
2011-01-20,2010,2.8
2011-01-21,2010,2.8
2011-01-24,2010,2.8
2011-01-25,2010,2.8
2011-01-26,2010,2.8
2011-01-27,2010,2.8
2011-01-28,2010,2.8
2007-01-31,2011,3.88
2007-02-01,2011,4.0
2007-02-02,2011,4.0
2007-02-05,2011,3.88
2007-02-06,2011,3.75
2007-02-07,2011,3.88
2007-02-08,2011,3.88
2007-02-09,2011,3.88
2007-02-12,2011,3.78
2007-02-13,2011,3.78
2007-02-14,2011,3.78
2007-02-15,2011,3.78
2007-02-16,2011,3.78
2007-02-21,2011,3.78
2007-02-22,2011,3.78
2007-02-23,2011,3.78
2007-02-26,2011,3.78
2007-02-27,2011,3.78
2007-02-28,2011,3.78
2007-03-01,2011,3.8
2007-03-02,2011,3.8
2007-03-05,2011,3.9
2007-03-06,2011,3.9
2007-03-07,2011,3.8
2007-03-08,2011,3.9
2007-03-09,2011,3.79
2007-03-12,2011,3.77
2007-03-13,2011,3.77
2007-03-14,2011,3.77
2007-03-15,2011,3.76
2007-03-16,2011,3.76
2007-03-19,2011,3.76
2007-03-20,2011,3.76
2007-03-21,2011,3.76
2007-03-22,2011,3.75
2007-03-23,2011,3.75
2007-03-26,2011,3.75
2007-03-27,2011,3.75
2007-03-28,2011,3.75
2007-03-29,2011,3.75
2007-03-30,2011,3.75
2007-04-02,2011,3.75
2007-04-03,2011,3.75
2007-04-04,2011,3.75
2007-04-05,2011,3.75
2007-04-09,2011,3.5
2007-04-10,2011,3.5
2007-04-11,2011,3.5
2007-04-12,2011,3.5
2007-04-13,2011,3.5
2007-04-16,2011,3.5
2007-04-17,2011,3.5
2007-04-18,2011,3.5
2007-04-19,2011,3.5
2007-04-20,2011,3.5
2007-04-23,2011,3.5
2007-04-24,2011,3.5
2007-04-25,2011,3.5
2007-04-26,2011,3.5
2007-04-27,2011,3.5
2007-04-30,2011,3.5
2007-05-02,2011,3.5
2007-05-03,2011,3.5
2007-05-04,2011,3.5
2007-05-07,2011,3.5
2007-05-08,2011,3.5
2007-05-09,2011,3.5
2007-05-10,2011,3.5
2007-05-11,2011,3.5
2007-05-14,2011,3.5
2007-05-15,2011,3.5
2007-05-16,2011,3.5
2007-05-17,2011,3.5
2007-05-18,2011,3.5
2007-05-21,2011,3.5
2007-05-22,2011,3.5
2007-05-23,2011,3.5
2007-05-24,2011,3.5
2007-05-25,2011,3.5
2007-05-28,2011,3.5
2007-05-29,2011,3.5
2007-05-30,2011,3.5
2007-05-31,2011,3.5
2007-06-01,2011,3.5
2007-06-04,2011,3.5
2007-06-05,2011,3.5
2007-06-06,2011,3.5
2007-06-08,2011,3.5
2007-06-11,2011,3.5
2007-06-12,2011,3.5
2007-06-13,2011,3.5
2007-06-14,2011,3.5
2007-06-15,2011,3.5
2007-06-18,2011,3.5
2007-06-19,2011,3.5
2007-06-20,2011,3.5
2007-06-21,2011,3.5
2007-06-22,2011,3.5
2007-06-25,2011,3.5
2007-06-26,2011,3.5
2007-06-27,2011,3.5
2007-06-28,2011,3.5
2007-06-29,2011,3.5
2007-07-02,2011,3.48
2007-07-03,2011,3.48
2007-07-04,2011,3.48
2007-07-05,2011,3.48
2007-07-06,2011,3.45
2007-07-09,2011,3.45
2007-07-10,2011,3.45
2007-07-11,2011,3.45
2007-07-12,2011,3.45
2007-07-13,2011,3.48
2007-07-16,2011,3.5
2007-07-17,2011,3.5
2007-07-18,2011,3.5
2007-07-19,2011,3.5
2007-07-20,2011,3.5
2007-07-23,2011,3.5
2007-07-24,2011,3.5
2007-07-25,2011,3.5
2007-07-26,2011,3.5
2007-07-27,2011,3.5
2007-07-30,2011,3.5
2007-07-31,2011,3.5
2007-08-01,2011,3.5
2007-08-02,2011,3.5
2007-08-03,2011,3.5
2007-08-06,2011,3.48
2007-08-07,2011,3.5
2007-08-08,2011,3.5
2007-08-09,2011,3.5
2007-08-10,2011,3.5
2007-08-13,2011,3.5
2007-08-14,2011,3.5
2007-08-15,2011,3.5
2007-08-16,2011,3.5
2007-08-17,2011,3.5
2007-08-20,2011,3.48
2007-08-21,2011,3.48
2007-08-22,2011,3.48
2007-08-23,2011,3.48
2007-08-24,2011,3.48
2007-08-27,2011,3.5
2007-08-28,2011,3.5
2007-08-29,2011,3.5
2007-08-30,2011,3.5
2007-08-31,2011,3.5
2007-09-03,2011,3.5
2007-09-04,2011,3.5
2007-09-05,2011,3.5
2007-09-06,2011,3.5
2007-09-10,2011,3.45
2007-09-11,2011,3.45
2007-09-12,2011,3.45
2007-09-13,2011,3.45
2007-09-14,2011,3.45
2007-09-17,2011,3.45
2007-09-18,2011,3.45
2007-09-19,2011,3.45
2007-09-20,2011,3.45
2007-09-21,2011,3.45
2007-09-24,2011,3.45
2007-09-25,2011,3.45
2007-09-26,2011,3.45
2007-09-27,2011,3.45
2007-09-28,2011,3.43
2007-10-01,2011,3.43
2007-10-02,2011,3.43
2007-10-03,2011,3.4
2007-10-04,2011,3.38
2007-10-05,2011,3.38
2007-10-08,2011,3.4
2007-10-09,2011,3.4
2007-10-10,2011,3.4
2007-10-11,2011,3.4
2007-10-15,2011,3.38
2007-10-16,2011,3.38
2007-10-17,2011,3.4
2007-10-18,2011,3.4
2007-10-19,2011,3.4
2007-10-22,2011,3.45
2007-10-23,2011,3.4
2007-10-24,2011,3.4
2007-10-25,2011,3.43
2007-10-26,2011,3.43
2007-10-29,2011,3.4
2007-10-30,2011,3.4
2007-10-31,2011,3.43
2007-11-01,2011,3.45
2007-11-05,2011,3.5
2007-11-06,2011,3.5
2007-11-07,2011,3.48
2007-11-08,2011,3.45
2007-11-09,2011,3.45
2007-11-12,2011,3.48
2007-11-13,2011,3.48
2007-11-14,2011,3.48
2007-11-16,2011,3.45
2007-11-19,2011,3.45
2007-11-20,2011,3.45
2007-11-21,2011,3.45
2007-11-22,2011,3.45
2007-11-23,2011,3.45
2007-11-26,2011,3.45
2007-11-27,2011,3.45
2007-11-28,2011,3.45
2007-11-29,2011,3.45
2007-11-30,2011,3.45
2007-12-03,2011,3.45
2007-12-04,2011,3.45
2007-12-05,2011,3.45
2007-12-06,2011,3.45
2007-12-07,2011,3.45
2007-12-10,2011,3.35
2007-12-11,2011,3.4
2007-12-12,2011,3.4
2007-12-13,2011,3.4
2007-12-14,2011,3.4
2007-12-17,2011,3.43
2007-12-18,2011,3.43
2007-12-19,2011,3.43
2007-12-20,2011,3.45
2007-12-21,2011,3.45
2007-12-24,2011,3.45
2007-12-26,2011,3.45
2007-12-27,2011,3.45
2007-12-28,2011,3.45
2007-12-31,2011,3.45
2008-01-02,2011,3.45
2008-01-03,2011,3.45
2008-01-04,2011,3.45
2008-01-07,2011,3.45
2008-01-08,2011,3.45
2008-01-09,2011,3.45
2008-01-10,2011,3.45
2008-01-11,2011,3.45
2008-01-14,2011,3.45
2008-01-15,2011,3.45
2008-01-16,2011,3.45
2008-01-17,2011,3.45
2008-01-18,2011,3.4
2008-01-21,2011,3.4
2008-01-22,2011,3.4
2008-01-23,2011,3.4
2008-01-24,2011,3.4
2008-01-25,2011,3.4
2008-01-28,2011,3.43
2008-01-29,2011,3.4
2008-01-30,2011,3.4
2008-01-31,2011,3.43
2008-02-01,2011,3.4
2008-02-06,2011,3.4
2008-02-07,2011,3.43
2008-02-08,2011,3.4
2008-02-11,2011,3.43
2008-02-12,2011,3.43
2008-02-13,2011,3.4
2008-02-14,2011,3.4
2008-02-15,2011,3.43
2008-02-18,2011,3.4
2008-02-19,2011,3.4
2008-02-20,2011,3.4
2008-02-21,2011,3.4
2008-02-22,2011,3.4
2008-02-25,2011,3.4
2008-02-26,2011,3.4
2008-02-27,2011,3.4
2008-02-28,2011,3.4
2008-02-29,2011,3.4
2008-03-03,2011,3.4
2008-03-04,2011,3.4
2008-03-05,2011,3.37
2008-03-06,2011,3.37
2008-03-07,2011,3.37
2008-03-10,2011,3.4
2008-03-11,2011,3.4
2008-03-12,2011,3.4
2008-03-13,2011,3.37
2008-03-14,2011,3.33
2008-03-17,2011,3.4
2008-03-18,2011,3.37
2008-03-19,2011,3.4
2008-03-20,2011,3.4
2008-03-24,2011,3.4
2008-03-25,2011,3.4
2008-03-26,2011,3.4
2008-03-27,2011,3.4
2008-03-28,2011,3.4
2008-03-31,2011,3.38
2008-04-01,2011,3.4
2008-04-02,2011,3.4
2008-04-03,2011,3.38
2008-04-04,2011,3.38
2008-04-07,2011,3.38
2008-04-08,2011,3.4
2008-04-09,2011,3.4
2008-04-10,2011,3.4
2008-04-11,2011,3.4
2008-04-14,2011,3.38
2008-04-15,2011,3.4
2008-04-16,2011,3.4
2008-04-17,2011,3.4
2008-04-18,2011,3.4
2008-04-22,2011,3.43
2008-04-23,2011,3.43
2008-04-24,2011,3.43
2008-04-25,2011,3.43
2008-04-28,2011,3.43
2008-04-29,2011,3.4
2008-04-30,2011,3.4
2008-05-02,2011,3.43
2008-05-05,2011,3.45
2008-05-06,2011,3.45
2008-05-07,2011,3.45
2008-05-08,2011,3.45
2008-05-09,2011,3.43
2008-05-12,2011,3.4
2008-05-13,2011,3.4
2008-05-14,2011,3.4
2008-05-15,2011,3.4
2008-05-16,2011,3.4
2008-05-19,2011,3.4
2008-05-20,2011,3.4
2008-05-21,2011,3.4
2008-05-23,2011,3.4
2008-05-26,2011,3.4
2008-05-27,2011,3.4
2008-05-28,2011,3.4
2008-05-29,2011,3.4
2008-05-30,2011,3.4
2008-06-02,2011,3.4
2008-06-03,2011,3.4
2008-06-04,2011,3.4
2008-06-05,2011,3.4
2008-06-06,2011,3.4
2008-06-09,2011,3.4
2008-06-10,2011,3.45
2008-06-11,2011,3.5
2008-06-12,2011,3.45
2008-06-13,2011,3.45
2008-06-16,2011,3.45
2008-06-17,2011,3.45
2008-06-18,2011,3.45
2008-06-19,2011,3.45
2008-06-20,2011,3.45
2008-06-23,2011,3.5
2008-06-24,2011,3.5
2008-06-25,2011,3.5
2008-06-26,2011,3.5
2008-06-27,2011,3.45
2008-06-30,2011,3.5
2008-07-01,2011,3.5
2008-07-02,2011,3.5
2008-07-03,2011,3.5
2008-07-04,2011,3.5
2008-07-07,2011,3.5
2008-07-08,2011,3.5
2008-07-09,2011,3.5
2008-07-10,2011,3.5
2008-07-11,2011,3.5
2008-07-14,2011,3.63
2008-07-15,2011,3.63
2008-07-16,2011,3.78
2008-07-17,2011,3.78
2008-07-18,2011,3.75
2008-07-21,2011,3.63
2008-07-22,2011,3.63
2008-07-23,2011,3.63
2008-07-24,2011,3.63
2008-07-25,2011,3.73
2008-07-28,2011,3.75
2008-07-29,2011,3.75
2008-07-30,2011,3.75
2008-07-31,2011,3.75
2008-08-01,2011,3.6
2008-08-04,2011,3.7
2008-08-05,2011,3.6
2008-08-06,2011,3.7
2008-08-07,2011,3.7
2008-08-08,2011,3.5
2008-08-11,2011,3.5
2008-08-12,2011,3.5
2008-08-13,2011,3.75
2008-08-14,2011,3.75
2008-08-15,2011,3.63
2008-08-18,2011,3.75
2008-08-19,2011,3.75
2008-08-20,2011,3.75
2008-08-21,2011,3.75
2008-08-22,2011,3.75
2008-08-25,2011,3.75
2008-08-26,2011,3.63
2008-08-27,2011,3.63
2008-08-28,2011,3.5
2008-08-29,2011,3.5
2008-09-01,2011,3.63
2008-09-02,2011,3.63
2008-09-03,2011,3.63
2008-09-04,2011,3.63
2008-09-05,2011,3.63
2008-09-08,2011,3.5
2008-09-09,2011,3.66
2008-09-10,2011,3.71
2008-09-11,2011,3.71
2008-09-12,2011,3.71
2008-09-15,2011,3.66
2008-09-16,2011,3.66
2008-09-17,2011,3.66
2008-09-18,2011,3.71
2008-09-19,2011,3.71
2008-09-22,2011,3.71
2008-09-23,2011,3.66
2008-09-24,2011,3.66
2008-09-25,2011,3.63
2008-09-26,2011,3.63
2008-09-29,2011,3.66
2008-09-30,2011,3.66
2008-10-01,2011,3.63
2008-10-02,2011,3.63
2008-10-03,2011,3.6
2008-10-06,2011,3.63
2008-10-07,2011,3.66
2008-10-08,2011,3.63
2008-10-09,2011,3.6
2008-10-10,2011,3.55
2008-10-13,2011,3.55
2008-10-14,2011,3.6
2008-10-15,2011,3.6
2008-10-16,2011,3.5
2008-10-17,2011,3.6
2008-10-20,2011,3.6
2008-10-21,2011,3.68
2008-10-22,2011,3.68
2008-10-23,2011,3.68
2008-10-24,2011,3.75
2008-10-27,2011,3.68
2008-10-28,2011,3.68
2008-10-29,2011,3.68
2008-10-30,2011,3.68
2008-10-31,2011,3.6
2008-11-03,2011,3.56
2008-11-04,2011,3.56
2008-11-05,2011,3.52
2008-11-06,2011,3.51
2008-11-07,2011,3.51
2008-11-10,2011,3.51
2008-11-11,2011,3.5
2008-11-12,2011,3.5
2008-11-13,2011,3.5
2008-11-14,2011,3.5
2008-11-17,2011,3.5
2008-11-18,2011,3.5
2008-11-19,2011,3.5
2008-11-20,2011,3.5
2008-11-21,2011,3.5
2008-11-24,2011,3.5
2008-11-25,2011,3.5
2008-11-26,2011,3.51
2008-11-27,2011,3.5
2008-11-28,2011,3.5
2008-12-01,2011,3.5
2008-12-02,2011,3.5
2008-12-03,2011,3.5
2008-12-04,2011,3.5
2008-12-05,2011,3.5
2008-12-08,2011,3.55
2008-12-09,2011,3.55
2008-12-10,2011,3.55
2008-12-11,2011,3.5
2008-12-12,2011,3.5
2008-12-15,2011,3.68
2008-12-16,2011,3.68
2008-12-17,2011,3.68
2008-12-18,2011,3.68
2008-12-19,2011,3.6
2008-12-22,2011,3.5
2008-12-23,2011,3.5
2008-12-24,2011,3.5
2008-12-26,2011,3.5
2008-12-29,2011,3.5
2008-12-30,2011,3.5
2008-12-31,2011,3.5
2009-01-02,2011,3.5
2009-01-05,2011,3.5
2009-01-06,2011,3.5
2009-01-07,2011,3.5
2009-01-08,2011,3.5
2009-01-09,2011,3.5
2009-01-12,2011,3.5
2009-01-13,2011,3.5
2009-01-14,2011,3.5
2009-01-15,2011,3.5
2009-01-16,2011,3.5
2009-01-19,2011,3.5
2009-01-20,2011,3.5
2009-01-21,2011,3.5
2009-01-22,2011,3.5
2009-01-23,2011,3.5
2009-01-26,2011,3.5
2009-01-27,2011,3.5
2009-01-28,2011,3.5
2009-01-29,2011,3.5
2009-01-30,2011,3.5
2009-02-02,2011,3.5
2009-02-03,2011,3.5
2009-02-04,2011,3.5
2009-02-05,2011,3.5
2009-02-06,2011,3.5
2009-02-09,2011,3.5
2009-02-10,2011,3.5
2009-02-11,2011,3.5
2009-02-12,2011,3.5
2009-02-13,2011,3.5
2009-02-16,2011,3.5
2009-02-17,2011,3.5
2009-02-18,2011,3.5
2009-02-19,2011,3.5
2009-02-20,2011,3.5
2009-02-25,2011,3.5
2009-02-26,2011,3.5
2009-02-27,2011,3.45
2009-03-02,2011,3.5
2009-03-03,2011,3.5
2009-03-04,2011,3.5
2009-03-05,2011,3.5
2009-03-06,2011,3.5
2009-03-09,2011,3.5
2009-03-10,2011,3.5
2009-03-11,2011,3.5
2009-03-12,2011,3.4
2009-03-13,2011,3.4
2009-03-16,2011,3.4
2009-03-17,2011,3.4
2009-03-18,2011,3.45
2009-03-19,2011,3.45
2009-03-20,2011,3.4
2009-03-23,2011,3.4
2009-03-24,2011,3.45
2009-03-25,2011,3.41
2009-03-26,2011,3.41
2009-03-27,2011,3.41
2009-03-30,2011,3.41
2009-03-31,2011,3.41
2009-04-01,2011,3.46
2009-04-02,2011,3.46
2009-04-03,2011,3.41
2009-04-06,2011,3.4
2009-04-07,2011,3.41
2009-04-08,2011,3.41
2009-04-09,2011,3.41
2009-04-13,2011,3.46
2009-04-14,2011,3.46
2009-04-15,2011,3.41
2009-04-16,2011,3.41
2009-04-17,2011,3.5
2009-04-20,2011,3.41
2009-04-22,2011,3.41
2009-04-23,2011,3.46
2009-04-24,2011,3.41
2009-04-27,2011,3.4
2009-04-28,2011,3.4
2009-04-29,2011,3.3
2009-04-30,2011,3.3
2009-05-04,2011,3.3
2009-05-05,2011,3.3
2009-05-06,2011,3.3
2009-05-07,2011,3.3
2009-05-08,2011,3.3
2009-05-11,2011,3.3
2009-05-12,2011,3.3
2009-05-13,2011,3.3
2009-05-14,2011,3.3
2009-05-15,2011,3.3
2009-05-18,2011,3.3
2009-05-19,2011,3.3
2009-05-20,2011,3.3
2009-05-21,2011,3.3
2009-05-22,2011,3.3
2009-05-25,2011,3.3
2009-05-26,2011,3.3
2009-05-27,2011,3.3
2009-05-28,2011,3.3
2009-05-29,2011,3.3
2009-06-01,2011,3.3
2009-06-02,2011,3.3
2009-06-03,2011,3.3
2009-06-04,2011,3.3
2009-06-05,2011,3.3
2009-06-08,2011,3.3
2009-06-09,2011,3.3
2009-06-10,2011,3.3
2009-06-12,2011,3.3
2009-06-15,2011,3.3
2009-06-16,2011,3.3
2009-06-17,2011,3.3
2009-06-18,2011,3.3
2009-06-19,2011,3.3
2009-06-22,2011,3.3
2009-06-23,2011,3.3
2009-06-24,2011,3.3
2009-06-25,2011,3.3
2009-06-26,2011,3.3
2009-06-29,2011,3.3
2009-06-30,2011,3.3
2009-07-01,2011,3.3
2009-07-02,2011,3.3
2009-07-03,2011,3.3
2009-07-06,2011,3.3
2009-07-07,2011,3.3
2009-07-08,2011,3.3
2009-07-09,2011,3.3
2009-07-10,2011,3.3
2009-07-13,2011,3.3
2009-07-14,2011,3.3
2009-07-15,2011,3.3
2009-07-16,2011,3.3
2009-07-17,2011,3.3
2009-07-20,2011,3.3
2009-07-21,2011,3.3
2009-07-22,2011,3.3
2009-07-23,2011,3.3
2009-07-24,2011,3.3
2009-07-27,2011,3.3
2009-07-28,2011,3.3
2009-07-29,2011,3.3
2009-07-30,2011,3.3
2009-07-31,2011,3.3
2009-08-03,2011,3.3
2009-08-04,2011,3.3
2009-08-05,2011,3.3
2009-08-06,2011,3.3
2009-08-07,2011,3.3
2009-08-10,2011,3.3
2009-08-11,2011,3.3
2009-08-12,2011,3.3
2009-08-13,2011,3.3
2009-08-14,2011,3.3
2009-08-17,2011,3.3
2009-08-18,2011,3.3
2009-08-19,2011,3.3
2009-08-20,2011,3.3
2009-08-21,2011,3.3
2009-08-24,2011,3.3
2009-08-25,2011,3.3
2009-08-26,2011,3.15
2009-08-27,2011,3.15
2009-08-28,2011,3.0
2009-08-31,2011,3.3
2009-09-01,2011,3.3
2009-09-02,2011,3.3
2009-09-03,2011,3.3
2009-09-04,2011,3.3
2009-09-08,2011,3.3
2009-09-09,2011,3.3
2009-09-10,2011,3.3
2009-09-11,2011,3.2
2009-09-14,2011,3.2
2009-09-15,2011,3.2
2009-09-16,2011,3.1
2009-09-17,2011,3.1
2009-09-18,2011,3.1
2009-09-21,2011,3.15
2009-09-22,2011,3.15
2009-09-23,2011,3.1
2009-09-24,2011,3.1
2009-09-25,2011,3.1
2009-09-28,2011,3.1
2009-09-29,2011,3.1
2009-09-30,2011,3.1
2009-10-01,2011,3.15
2009-10-02,2011,3.15
2009-10-05,2011,3.15
2009-10-06,2011,3.1
2009-10-07,2011,3.0
2009-10-08,2011,3.0
2009-10-09,2011,3.05
2009-10-13,2011,3.0
2009-10-14,2011,3.0
2009-10-15,2011,3.0
2009-10-16,2011,3.0
2009-10-19,2011,3.0
2009-10-20,2011,3.0
2009-10-21,2011,3.0
2009-10-22,2011,3.0
2009-10-23,2011,3.0
2009-10-26,2011,3.0
2009-10-27,2011,3.0
2009-10-28,2011,3.0
2009-10-29,2011,3.0
2009-10-30,2011,3.0
2009-11-03,2011,3.0
2009-11-04,2011,3.0
2009-11-05,2011,3.0
2009-11-06,2011,3.0
2009-11-09,2011,3.0
2009-11-10,2011,3.0
2009-11-11,2011,3.0
2009-11-12,2011,3.0
2009-11-13,2011,3.0
2009-11-16,2011,3.0
2009-11-17,2011,3.0
2009-11-18,2011,3.0
2009-11-19,2011,3.0
2009-11-20,2011,3.0
2009-11-23,2011,3.0
2009-11-24,2011,3.0
2009-11-25,2011,3.0
2009-11-26,2011,3.0
2009-11-27,2011,3.0
2009-11-30,2011,3.0
2009-12-01,2011,3.0
2009-12-02,2011,3.0
2009-12-03,2011,3.0
2009-12-04,2011,3.0
2009-12-07,2011,3.0
2009-12-08,2011,3.0
2009-12-09,2011,3.0
2009-12-10,2011,3.0
2009-12-11,2011,3.0
2009-12-14,2011,3.0
2009-12-15,2011,3.0
2009-12-16,2011,3.0
2009-12-17,2011,3.0
2009-12-18,2011,3.0
2009-12-21,2011,3.0
2009-12-22,2011,3.0
2009-12-23,2011,3.0
2009-12-24,2011,3.0
2009-12-28,2011,3.0
2009-12-29,2011,3.0
2009-12-30,2011,3.0
2009-12-31,2011,3.0
2010-01-04,2011,3.0
2010-01-05,2011,3.0
2010-01-06,2011,3.0
2010-01-07,2011,3.0
2010-01-08,2011,3.0
2010-01-11,2011,3.0
2010-01-12,2011,3.0
2010-01-13,2011,3.0
2010-01-14,2011,3.0
2010-01-15,2011,3.0
2010-01-18,2011,3.0
2010-01-19,2011,3.0
2010-01-20,2011,3.0
2010-01-21,2011,3.0
2010-01-22,2011,3.0
2010-01-25,2011,3.0
2010-01-26,2011,3.0
2010-01-27,2011,3.0
2010-01-28,2011,3.0
2010-01-29,2011,3.0
2010-02-01,2011,3.0
2010-02-02,2011,3.0
2010-02-03,2011,3.0
2010-02-04,2011,3.0
2010-02-05,2011,3.0
2010-02-08,2011,3.0
2010-02-09,2011,3.0
2010-02-10,2011,3.0
2010-02-11,2011,3.0
2010-02-12,2011,3.0
2010-02-17,2011,3.0
2010-02-18,2011,3.0
2010-02-19,2011,3.0
2010-02-22,2011,3.0
2010-02-23,2011,3.0
2010-02-24,2011,3.0
2010-02-25,2011,3.0
2010-02-26,2011,3.0
2010-03-01,2011,3.0
2010-03-02,2011,3.0
2010-03-03,2011,3.0
2010-03-04,2011,3.0
2010-03-05,2011,3.0
2010-03-08,2011,3.0
2010-03-09,2011,3.0
2010-03-10,2011,3.0
2010-03-11,2011,3.0
2010-03-12,2011,3.0
2010-03-15,2011,3.0
2010-03-16,2011,3.0
2010-03-17,2011,3.0
2010-03-18,2011,3.0
2010-03-19,2011,3.0
2010-03-22,2011,3.0
2010-03-23,2011,3.0
2010-03-24,2011,3.0
2010-03-25,2011,3.0
2010-03-26,2011,3.0
2010-03-29,2011,3.0
2010-03-30,2011,3.0
2010-03-31,2011,3.0
2010-04-01,2011,3.0
2010-04-05,2011,3.0
2010-04-06,2011,3.0
2010-04-07,2011,3.0
2010-04-08,2011,3.0
2010-04-09,2011,3.0
2010-04-12,2011,3.0
2010-04-13,2011,3.0
2010-04-14,2011,3.0
2010-04-15,2011,3.0
2010-04-16,2011,3.0
2010-04-19,2011,3.0
2010-04-20,2011,3.0
2010-04-22,2011,3.0
2010-04-23,2011,3.0
2010-04-26,2011,3.0
2010-04-27,2011,3.0
2010-04-28,2011,3.0
2010-04-29,2011,3.0
2010-04-30,2011,2.96
2010-05-03,2011,3.0
2010-05-04,2011,3.0
2010-05-05,2011,3.0
2010-05-06,2011,3.0
2010-05-07,2011,3.0
2010-05-10,2011,3.0
2010-05-11,2011,3.0
2010-05-12,2011,3.0
2010-05-13,2011,3.0
2010-05-14,2011,3.0
2010-05-17,2011,3.0
2010-05-18,2011,3.0
2010-05-19,2011,3.0
2010-05-20,2011,3.0
2010-05-21,2011,3.0
2010-05-24,2011,3.0
2010-05-25,2011,3.0
2010-05-26,2011,3.0
2010-05-27,2011,3.0
2010-05-28,2011,3.0
2010-05-31,2011,3.0
2010-06-01,2011,3.0
2010-06-02,2011,3.0
2010-06-04,2011,3.0
2010-06-07,2011,3.0
2010-06-08,2011,3.0
2010-06-09,2011,3.0
2010-06-10,2011,3.0
2010-06-11,2011,3.0
2010-06-14,2011,3.0
2010-06-15,2011,3.0
2010-06-16,2011,3.0
2010-06-17,2011,3.0
2010-06-18,2011,3.0
2010-06-21,2011,3.0
2010-06-22,2011,3.0
2010-06-23,2011,3.0
2010-06-24,2011,3.0
2010-06-25,2011,2.9
2010-06-28,2011,3.0
2010-06-29,2011,3.0
2010-06-30,2011,3.0
2010-07-01,2011,3.0
2010-07-02,2011,3.0
2010-07-05,2011,2.9
2010-07-06,2011,2.9
2010-07-07,2011,3.0
2010-07-08,2011,3.0
2010-07-09,2011,3.0
2010-07-12,2011,3.0
2010-07-13,2011,3.0
2010-07-14,2011,3.0
2010-07-15,2011,3.0
2010-07-16,2011,3.0
2010-07-19,2011,3.0
2010-07-20,2011,3.0
2010-07-21,2011,3.0
2010-07-22,2011,3.0
2010-07-23,2011,3.0
2010-07-26,2011,3.0
2010-07-27,2011,3.0
2010-07-28,2011,3.0
2010-07-29,2011,3.0
2010-07-30,2011,2.99
2010-08-02,2011,3.0
2010-08-03,2011,3.0
2010-08-04,2011,2.99
2010-08-05,2011,2.99
2010-08-06,2011,2.93
2010-08-09,2011,2.97
2010-08-10,2011,2.97
2010-08-11,2011,2.97
2010-08-12,2011,2.97
2010-08-13,2011,2.97
2010-08-16,2011,2.93
2010-08-17,2011,2.93
2010-08-18,2011,2.93
2010-08-19,2011,2.9
2010-08-20,2011,2.9
2010-08-23,2011,2.85
2010-08-24,2011,2.85
2010-08-25,2011,2.85
2010-08-26,2011,2.9
2010-08-27,2011,2.92
2010-08-30,2011,2.9
2010-08-31,2011,2.9
2010-09-01,2011,2.9
2010-09-02,2011,2.84
2010-09-03,2011,2.82
2010-09-06,2011,2.87
2010-09-08,2011,2.9
2010-09-09,2011,2.87
2010-09-10,2011,2.82
2010-09-13,2011,2.89
2010-09-14,2011,2.93
2010-09-15,2011,2.89
2010-09-16,2011,2.84
2010-09-17,2011,2.93
2010-09-20,2011,2.93
2010-09-21,2011,2.97
2010-09-22,2011,2.97
2010-09-23,2011,2.97
2010-09-24,2011,2.93
2010-09-27,2011,2.89
2010-09-28,2011,2.89
2010-09-29,2011,2.89
2010-09-30,2011,2.87
2010-10-01,2011,2.8
2010-10-04,2011,2.8
2010-10-05,2011,2.87
2010-10-06,2011,2.87
2010-10-07,2011,2.87
2010-10-08,2011,2.8
2010-10-11,2011,2.8
2010-10-13,2011,2.87
2010-10-14,2011,2.8
2010-10-15,2011,2.8
2010-10-18,2011,2.8
2010-10-19,2011,2.8
2010-10-20,2011,2.8
2010-10-21,2011,2.8
2010-10-22,2011,2.8
2010-10-25,2011,2.9
2010-10-26,2011,2.9
2010-10-27,2011,2.8
2010-10-28,2011,2.8
2010-10-29,2011,2.8
2010-11-01,2011,2.8
2010-11-03,2011,2.8
2010-11-04,2011,2.8
2010-11-05,2011,2.8
2010-11-08,2011,2.8
2010-11-09,2011,2.8
2010-11-10,2011,2.9
2010-11-11,2011,2.9
2010-11-12,2011,2.9
2010-11-16,2011,2.82
2010-11-17,2011,2.83
2010-11-18,2011,2.92
2010-11-19,2011,2.83
2010-11-22,2011,2.82
2010-11-23,2011,2.82
2010-11-24,2011,2.82
2010-11-25,2011,2.8
2010-11-26,2011,2.8
2010-11-29,2011,2.8
2010-11-30,2011,2.8
2010-12-01,2011,2.8
2010-12-02,2011,2.8
2010-12-03,2011,2.8
2010-12-06,2011,2.8
2010-12-07,2011,2.8
2010-12-08,2011,2.8
2010-12-09,2011,2.8
2010-12-10,2011,2.8
2010-12-13,2011,2.8
2010-12-14,2011,2.8
2010-12-15,2011,2.8
2010-12-16,2011,2.8
2010-12-17,2011,2.8
2010-12-20,2011,2.8
2010-12-21,2011,2.8
2010-12-22,2011,2.8
2010-12-23,2011,2.8
2010-12-24,2011,2.8
2010-12-27,2011,2.8
2010-12-28,2011,2.8
2010-12-29,2011,2.8
2010-12-30,2011,2.8
2010-12-31,2011,2.8
2011-01-03,2011,2.8
2011-01-04,2011,2.8
2011-01-05,2011,2.8
2011-01-06,2011,2.8
2011-01-07,2011,2.8
2011-01-10,2011,2.8
2011-01-11,2011,2.8
2011-01-12,2011,2.8
2011-01-13,2011,2.8
2011-01-14,2011,2.8
2011-01-17,2011,2.8
2011-01-18,2011,2.8
2011-01-19,2011,2.8
2011-01-20,2011,2.8
2011-01-21,2011,2.8
2011-01-24,2011,2.8
2011-01-25,2011,2.8
2011-01-26,2011,2.8
2011-01-27,2011,2.8
2011-01-28,2011,2.8
2011-01-31,2011,2.8
2011-02-01,2011,2.8
2011-02-02,2011,2.8
2011-02-03,2011,2.8
2011-02-04,2011,2.8
2011-02-07,2011,2.8
2011-02-08,2011,2.8
2011-02-09,2011,2.8
2011-02-10,2011,2.8
2011-02-11,2011,2.8
2011-02-14,2011,2.8
2011-02-15,2011,2.8
2011-02-16,2011,2.8
2011-02-17,2011,2.8
2011-02-18,2011,2.8
2011-02-21,2011,2.76
2011-02-22,2011,2.73
2011-02-23,2011,2.7
2011-02-24,2011,2.7
2011-02-25,2011,2.7
2011-02-28,2011,2.7
2011-03-01,2011,2.7
2011-03-02,2011,2.73
2011-03-03,2011,2.73
2011-03-04,2011,2.7
2011-03-09,2011,2.78
2011-03-10,2011,2.76
2011-03-11,2011,2.7
2011-03-14,2011,2.7
2011-03-15,2011,2.7
2011-03-16,2011,2.73
2011-03-17,2011,2.7
2011-03-18,2011,2.7
2011-03-21,2011,2.7
2011-03-22,2011,2.7
2011-03-23,2011,2.7
2011-03-24,2011,2.7
2011-03-25,2011,2.7
2011-03-28,2011,2.7
2011-03-29,2011,2.7
2011-03-30,2011,2.7
2011-03-31,2011,2.7
2011-04-01,2011,2.7
2011-04-04,2011,2.7
2011-04-05,2011,2.7
2011-04-06,2011,2.7
2011-04-07,2011,2.7
2011-04-08,2011,2.7
2011-04-11,2011,2.7
2011-04-12,2011,2.7
2011-04-13,2011,2.7
2011-04-14,2011,2.73
2011-04-15,2011,2.73
2011-04-18,2011,2.73
2011-04-19,2011,2.74
2011-04-20,2011,2.74
2011-04-25,2011,2.76
2011-04-26,2011,2.78
2011-04-27,2011,2.78
2011-04-28,2011,2.8
2011-04-29,2011,2.8
2011-05-02,2011,2.8
2011-05-03,2011,2.8
2011-05-04,2011,2.8
2011-05-05,2011,2.8
2011-05-06,2011,2.8
2011-05-09,2011,2.8
2011-05-10,2011,2.8
2011-05-11,2011,2.8
2011-05-12,2011,2.8
2011-05-13,2011,2.8
2011-05-16,2011,2.8
2011-05-17,2011,2.8
2011-05-18,2011,2.8
2011-05-19,2011,2.8
2011-05-20,2011,2.8
2011-05-23,2011,2.8
2011-05-24,2011,2.8
2011-05-25,2011,2.8
2011-05-26,2011,2.8
2011-05-27,2011,2.8
2011-05-30,2011,2.8
2011-05-31,2011,2.9
2011-06-01,2011,2.9
2011-06-02,2011,2.87
2011-06-03,2011,2.87
2011-06-06,2011,2.9
2011-06-07,2011,2.82
2011-06-08,2011,2.82
2011-06-09,2011,2.83
2011-06-10,2011,2.83
2011-06-13,2011,2.83
2011-06-14,2011,2.83
2011-06-15,2011,2.86
2011-06-16,2011,2.86
2011-06-17,2011,2.83
2011-06-20,2011,2.83
2011-06-21,2011,2.83
2011-06-22,2011,2.88
2011-06-24,2011,2.89
2011-06-27,2011,2.9
2011-06-28,2011,2.9
2011-06-29,2011,2.9
2011-06-30,2011,2.89
2011-07-01,2011,2.88
2011-07-04,2011,2.88
2011-07-05,2011,2.89
2011-07-06,2011,2.89
2011-07-07,2011,2.89
2011-07-08,2011,2.9
2011-07-11,2011,2.89
2011-07-12,2011,2.89
2011-07-13,2011,2.89
2011-07-14,2011,2.89
2011-07-15,2011,2.89
2011-07-18,2011,2.89
2011-07-19,2011,2.89
2011-07-20,2011,2.89
2011-07-21,2011,2.9
2011-07-22,2011,2.9
2011-07-25,2011,2.89
2011-07-26,2011,2.89
2011-07-27,2011,2.89
2011-07-28,2011,2.89
2011-07-29,2011,2.89
2011-08-01,2011,2.86
2011-08-02,2011,2.86
2011-08-03,2011,2.9
2011-08-04,2011,2.9
2011-08-05,2011,2.83
2011-08-08,2011,2.83
2011-08-09,2011,2.9
2011-08-10,2011,2.9
2011-08-11,2011,2.9
2011-08-12,2011,2.9
2011-08-15,2011,2.9
2011-08-16,2011,2.9
2011-08-17,2011,2.9
2011-08-18,2011,2.9
2011-08-19,2011,2.9
2011-08-22,2011,2.9
2011-08-23,2011,2.9
2011-08-24,2011,2.9
2011-08-25,2011,2.9
2011-08-26,2011,2.9
2011-08-29,2011,2.9
2011-08-30,2011,2.9
2011-08-31,2011,2.9
2011-09-01,2011,2.9
2011-09-02,2011,2.9
2011-09-05,2011,2.9
2011-09-06,2011,2.9
2011-09-08,2011,2.9
2011-09-09,2011,2.9
2011-09-12,2011,2.9
2011-09-13,2011,2.9
2011-09-14,2011,2.9
2011-09-15,2011,2.9
2011-09-16,2011,2.9
2011-09-19,2011,3.0
2011-09-20,2011,3.0
2011-09-21,2011,3.0
2011-09-22,2011,3.0
2011-09-23,2011,3.0
2011-09-26,2011,3.0
2011-09-27,2011,3.0
2011-09-28,2011,3.0
2011-09-29,2011,3.0
2011-09-30,2011,3.0
2011-10-03,2011,3.0
2011-10-04,2011,3.0
2011-10-05,2011,3.0
2011-10-06,2011,3.0
2011-10-07,2011,3.04
2011-10-10,2011,3.0
2011-10-11,2011,3.1
2011-10-13,2011,3.1
2011-10-14,2011,3.1
2011-10-17,2011,3.07
2011-10-18,2011,3.07
2011-10-19,2011,3.07
2011-10-20,2011,3.04
2011-10-21,2011,3.04
2011-10-24,2011,3.0
2011-10-25,2011,3.0
2011-10-26,2011,3.0
2011-10-27,2011,3.0
2011-10-28,2011,3.0
2011-10-31,2011,3.0
2011-11-01,2011,3.02
2011-11-03,2011,3.04
2011-11-04,2011,3.07
2011-11-07,2011,3.09
2011-11-08,2011,3.09
2011-11-09,2011,3.09
2011-11-10,2011,3.1
2011-11-11,2011,3.1
2011-11-14,2011,3.1
2011-11-16,2011,3.1
2011-11-17,2011,3.1
2011-11-18,2011,3.1
2011-11-21,2011,3.1
2011-11-22,2011,3.1
2011-11-23,2011,3.1
2011-11-24,2011,3.1
2011-11-25,2011,3.1
2011-11-28,2011,3.1
2011-11-29,2011,3.1
2011-11-30,2011,3.1
2011-12-01,2011,3.1
2011-12-02,2011,3.1
2011-12-05,2011,3.1
2011-12-06,2011,3.1
2011-12-07,2011,3.1
2011-12-08,2011,3.1
2011-12-09,2011,3.1
2011-12-12,2011,3.1
2011-12-13,2011,3.1
2011-12-14,2011,3.1
2011-12-15,2011,3.1
2011-12-16,2011,3.1
2011-12-19,2011,3.1
2011-12-20,2011,3.1
2011-12-21,2011,3.1
2011-12-22,2011,3.1
2011-12-23,2011,3.1
2011-12-26,2011,3.1
2011-12-27,2011,3.1
2011-12-28,2011,3.1
2011-12-29,2011,3.1
2011-12-30,2011,3.1
2012-01-02,2011,3.1
2012-01-03,2011,3.1
2012-01-04,2011,3.1
2012-01-05,2011,3.1
2012-01-06,2011,3.1
2012-01-09,2011,3.1
2012-01-10,2011,3.1
2012-01-11,2011,3.1
2012-01-12,2011,3.1
2012-01-13,2011,3.1
2012-01-16,2011,3.1
2012-01-17,2011,3.1
2012-01-18,2011,3.1
2012-01-19,2011,3.1
2012-01-20,2011,3.1
2012-01-23,2011,3.1
2012-01-24,2011,3.1
2012-01-25,2011,3.1
2012-01-26,2011,3.1
2012-01-27,2011,3.1
2012-01-30,2011,3.1
2008-01-31,2012,3.0
2008-02-01,2012,3.2
2008-02-06,2012,3.35
2008-02-07,2012,3.35
2008-02-08,2012,3.35
2008-02-11,2012,3.5
2008-02-12,2012,3.4
2008-02-13,2012,3.4
2008-02-14,2012,3.4
2008-02-15,2012,3.4
2008-02-18,2012,3.34
2008-02-19,2012,3.42
2008-02-20,2012,3.42
2008-02-21,2012,3.42
2008-02-22,2012,3.42
2008-02-25,2012,3.5
2008-02-26,2012,3.5
2008-02-27,2012,3.5
2008-02-28,2012,3.5
2008-02-29,2012,3.5
2008-03-03,2012,3.5
2008-03-04,2012,3.5
2008-03-05,2012,3.5
2008-03-06,2012,3.5
2008-03-07,2012,3.5
2008-03-10,2012,3.5
2008-03-11,2012,3.5
2008-03-12,2012,3.5
2008-03-13,2012,3.42
2008-03-14,2012,3.48
2008-03-17,2012,3.45
2008-03-18,2012,3.45
2008-03-19,2012,3.45
2008-03-20,2012,3.45
2008-03-24,2012,3.45
2008-03-25,2012,3.43
2008-03-26,2012,3.43
2008-03-27,2012,3.43
2008-03-28,2012,3.43
2008-03-31,2012,3.43
2008-04-01,2012,3.43
2008-04-02,2012,3.43
2008-04-03,2012,3.43
2008-04-04,2012,3.4
2008-04-07,2012,3.4
2008-04-08,2012,3.4
2008-04-09,2012,3.4
2008-04-10,2012,3.4
2008-04-11,2012,3.4
2008-04-14,2012,3.35
2008-04-15,2012,3.45
2008-04-16,2012,3.45
2008-04-17,2012,3.5
2008-04-18,2012,3.45
2008-04-22,2012,3.48
2008-04-23,2012,3.45
2008-04-24,2012,3.45
2008-04-25,2012,3.45
2008-04-28,2012,3.45
2008-04-29,2012,3.45
2008-04-30,2012,3.45
2008-05-02,2012,3.45
2008-05-05,2012,3.48
2008-05-06,2012,3.48
2008-05-07,2012,3.48
2008-05-08,2012,3.5
2008-05-09,2012,3.48
2008-05-12,2012,3.45
2008-05-13,2012,3.43
2008-05-14,2012,3.43
2008-05-15,2012,3.43
2008-05-16,2012,3.35
2008-05-19,2012,3.25
2008-05-20,2012,3.25
2008-05-21,2012,3.25
2008-05-23,2012,3.25
2008-05-26,2012,3.33
2008-05-27,2012,3.35
2008-05-28,2012,3.35
2008-05-29,2012,3.35
2008-05-30,2012,3.3
2008-06-02,2012,3.3
2008-06-03,2012,3.3
2008-06-04,2012,3.3
2008-06-05,2012,3.3
2008-06-06,2012,3.3
2008-06-09,2012,3.34
2008-06-10,2012,3.34
2008-06-11,2012,3.37
2008-06-12,2012,3.37
2008-06-13,2012,3.37
2008-06-16,2012,3.37
2008-06-17,2012,3.37
2008-06-18,2012,3.37
2008-06-19,2012,3.37
2008-06-20,2012,3.4
2008-06-23,2012,3.4
2008-06-24,2012,3.4
2008-06-25,2012,3.4
2008-06-26,2012,3.37
2008-06-27,2012,3.34
2008-06-30,2012,3.34
2008-07-01,2012,3.37
2008-07-02,2012,3.37
2008-07-03,2012,3.37
2008-07-04,2012,3.4
2008-07-07,2012,3.5
2008-07-08,2012,3.5
2008-07-09,2012,3.5
2008-07-10,2012,3.5
2008-07-11,2012,3.45
2008-07-14,2012,3.4
2008-07-15,2012,3.4
2008-07-16,2012,3.5
2008-07-17,2012,3.5
2008-07-18,2012,3.45
2008-07-21,2012,3.5
2008-07-22,2012,3.5
2008-07-23,2012,3.5
2008-07-24,2012,3.5
2008-07-25,2012,3.5
2008-07-28,2012,3.5
2008-07-29,2012,3.5
2008-07-30,2012,3.5
2008-07-31,2012,3.5
2008-08-01,2012,3.5
2008-08-04,2012,3.5
2008-08-05,2012,3.5
2008-08-06,2012,3.5
2008-08-07,2012,3.5
2008-08-08,2012,3.5
2008-08-11,2012,3.5
2008-08-12,2012,3.5
2008-08-13,2012,3.5
2008-08-14,2012,3.5
2008-08-15,2012,3.5
2008-08-18,2012,3.5
2008-08-19,2012,3.5
2008-08-20,2012,3.5
2008-08-21,2012,3.5
2008-08-22,2012,3.5
2008-08-25,2012,3.5
2008-08-26,2012,3.5
2008-08-27,2012,3.5
2008-08-28,2012,3.5
2008-08-29,2012,3.5
2008-09-01,2012,3.5
2008-09-02,2012,3.5
2008-09-03,2012,3.5
2008-09-04,2012,3.5
2008-09-05,2012,3.5
2008-09-08,2012,3.5
2008-09-09,2012,3.5
2008-09-10,2012,3.5
2008-09-11,2012,3.5
2008-09-12,2012,3.5
2008-09-15,2012,3.5
2008-09-16,2012,3.5
2008-09-17,2012,3.5
2008-09-18,2012,3.5
2008-09-19,2012,3.5
2008-09-22,2012,3.5
2008-09-23,2012,3.5
2008-09-24,2012,3.5
2008-09-25,2012,3.5
2008-09-26,2012,3.5
2008-09-29,2012,3.5
2008-09-30,2012,3.5
2008-10-01,2012,3.5
2008-10-02,2012,3.5
2008-10-03,2012,3.5
2008-10-06,2012,3.5
2008-10-07,2012,3.5
2008-10-08,2012,3.5
2008-10-09,2012,3.5
2008-10-10,2012,3.5
2008-10-13,2012,3.5
2008-10-14,2012,3.5
2008-10-15,2012,3.5
2008-10-16,2012,3.5
2008-10-17,2012,3.5
2008-10-20,2012,3.5
2008-10-21,2012,3.54
2008-10-22,2012,3.54
2008-10-23,2012,3.54
2008-10-24,2012,3.57
2008-10-27,2012,3.54
2008-10-28,2012,3.54
2008-10-29,2012,3.54
2008-10-30,2012,3.54
2008-10-31,2012,3.5
2008-11-03,2012,3.5
2008-11-04,2012,3.5
2008-11-05,2012,3.5
2008-11-06,2012,3.5
2008-11-07,2012,3.5
2008-11-10,2012,3.5
2008-11-11,2012,3.5
2008-11-12,2012,3.5
2008-11-13,2012,3.5
2008-11-14,2012,3.5
2008-11-17,2012,3.5
2008-11-18,2012,3.5
2008-11-19,2012,3.5
2008-11-20,2012,3.5
2008-11-21,2012,3.5
2008-11-24,2012,3.5
2008-11-25,2012,3.5
2008-11-26,2012,3.5
2008-11-27,2012,3.5
2008-11-28,2012,3.5
2008-12-01,2012,3.5
2008-12-02,2012,3.5
2008-12-03,2012,3.5
2008-12-04,2012,3.5
2008-12-05,2012,3.5
2008-12-08,2012,3.5
2008-12-09,2012,3.5
2008-12-10,2012,3.5
2008-12-11,2012,3.5
2008-12-12,2012,3.5
2008-12-15,2012,3.5
2008-12-16,2012,3.5
2008-12-17,2012,3.5
2008-12-18,2012,3.5
2008-12-19,2012,3.5
2008-12-22,2012,3.5
2008-12-23,2012,3.5
2008-12-24,2012,3.5
2008-12-26,2012,3.5
2008-12-29,2012,3.5
2008-12-30,2012,3.5
2008-12-31,2012,3.5
2009-01-02,2012,3.5
2009-01-05,2012,3.5
2009-01-06,2012,3.5
2009-01-07,2012,3.5
2009-01-08,2012,3.5
2009-01-09,2012,3.5
2009-01-12,2012,3.5
2009-01-13,2012,3.5
2009-01-14,2012,3.5
2009-01-15,2012,3.5
2009-01-16,2012,3.5
2009-01-19,2012,3.5
2009-01-20,2012,3.5
2009-01-21,2012,3.5
2009-01-22,2012,3.5
2009-01-23,2012,3.5
2009-01-26,2012,3.5
2009-01-27,2012,3.5
2009-01-28,2012,3.5
2009-01-29,2012,3.5
2009-01-30,2012,3.5
2009-02-02,2012,3.5
2009-02-03,2012,3.5
2009-02-04,2012,3.5
2009-02-05,2012,3.5
2009-02-06,2012,3.5
2009-02-09,2012,3.5
2009-02-10,2012,3.5
2009-02-11,2012,3.5
2009-02-12,2012,3.5
2009-02-13,2012,3.5
2009-02-16,2012,3.5
2009-02-17,2012,3.5
2009-02-18,2012,3.5
2009-02-19,2012,3.5
2009-02-20,2012,3.5
2009-02-25,2012,3.5
2009-02-26,2012,3.45
2009-02-27,2012,3.4
2009-03-02,2012,3.45
2009-03-03,2012,3.45
2009-03-04,2012,3.45
2009-03-05,2012,3.45
2009-03-06,2012,3.5
2009-03-09,2012,3.5
2009-03-10,2012,3.5
2009-03-11,2012,3.45
2009-03-12,2012,3.4
2009-03-13,2012,3.4
2009-03-16,2012,3.4
2009-03-17,2012,3.4
2009-03-18,2012,3.4
2009-03-19,2012,3.4
2009-03-20,2012,3.4
2009-03-23,2012,3.4
2009-03-24,2012,3.4
2009-03-25,2012,3.4
2009-03-26,2012,3.4
2009-03-27,2012,3.4
2009-03-30,2012,3.4
2009-03-31,2012,3.4
2009-04-01,2012,3.4
2009-04-02,2012,3.4
2009-04-03,2012,3.4
2009-04-06,2012,3.4
2009-04-07,2012,3.4
2009-04-08,2012,3.4
2009-04-09,2012,3.4
2009-04-13,2012,3.4
2009-04-14,2012,3.4
2009-04-15,2012,3.4
2009-04-16,2012,3.4
2009-04-17,2012,3.4
2009-04-20,2012,3.4
2009-04-22,2012,3.4
2009-04-23,2012,3.4
2009-04-24,2012,3.4
2009-04-27,2012,3.4
2009-04-28,2012,3.4
2009-04-29,2012,3.3
2009-04-30,2012,3.3
2009-05-04,2012,3.3
2009-05-05,2012,3.3
2009-05-06,2012,3.3
2009-05-07,2012,3.3
2009-05-08,2012,3.15
2009-05-11,2012,3.15
2009-05-12,2012,3.0
2009-05-13,2012,3.0
2009-05-14,2012,3.15
2009-05-15,2012,3.15
2009-05-18,2012,3.3
2009-05-19,2012,3.3
2009-05-20,2012,3.3
2009-05-21,2012,3.3
2009-05-22,2012,3.3
2009-05-25,2012,3.3
2009-05-26,2012,3.3
2009-05-27,2012,3.3
2009-05-28,2012,3.3
2009-05-29,2012,3.3
2009-06-01,2012,3.3
2009-06-02,2012,3.3
2009-06-03,2012,3.3
2009-06-04,2012,3.3
2009-06-05,2012,3.3
2009-06-08,2012,3.3
2009-06-09,2012,3.3
2009-06-10,2012,3.3
2009-06-12,2012,3.3
2009-06-15,2012,3.3
2009-06-16,2012,3.3
2009-06-17,2012,3.3
2009-06-18,2012,3.3
2009-06-19,2012,3.3
2009-06-22,2012,3.3
2009-06-23,2012,3.3
2009-06-24,2012,3.3
2009-06-25,2012,3.3
2009-06-26,2012,3.3
2009-06-29,2012,3.3
2009-06-30,2012,3.3
2009-07-01,2012,3.3
2009-07-02,2012,3.3
2009-07-03,2012,3.3
2009-07-06,2012,3.3
2009-07-07,2012,3.3
2009-07-08,2012,3.3
2009-07-09,2012,3.3
2009-07-10,2012,3.3
2009-07-13,2012,3.3
2009-07-14,2012,3.3
2009-07-15,2012,3.3
2009-07-16,2012,3.15
2009-07-17,2012,3.15
2009-07-20,2012,3.2
2009-07-21,2012,3.2
2009-07-22,2012,3.2
2009-07-23,2012,3.25
2009-07-24,2012,3.25
2009-07-27,2012,3.2
2009-07-28,2012,3.2
2009-07-29,2012,3.2
2009-07-30,2012,3.1
2009-07-31,2012,3.1
2009-08-03,2012,3.1
2009-08-04,2012,3.1
2009-08-05,2012,3.0
2009-08-06,2012,3.2
2009-08-07,2012,3.25
2009-08-10,2012,3.25
2009-08-11,2012,3.15
2009-08-12,2012,3.15
2009-08-13,2012,3.15
2009-08-14,2012,3.15
2009-08-17,2012,3.15
2009-08-18,2012,3.15
2009-08-19,2012,3.15
2009-08-20,2012,3.15
2009-08-21,2012,3.15
2009-08-24,2012,3.1
2009-08-25,2012,3.1
2009-08-26,2012,3.15
2009-08-27,2012,3.15
2009-08-28,2012,3.1
2009-08-31,2012,3.15
2009-09-01,2012,3.15
2009-09-02,2012,3.15
2009-09-03,2012,3.15
2009-09-04,2012,3.2
2009-09-08,2012,3.2
2009-09-09,2012,3.15
2009-09-10,2012,3.2
2009-09-11,2012,3.2
2009-09-14,2012,3.2
2009-09-15,2012,3.2
2009-09-16,2012,3.1
2009-09-17,2012,3.1
2009-09-18,2012,3.1
2009-09-21,2012,3.2
2009-09-22,2012,3.2
2009-09-23,2012,3.1
2009-09-24,2012,3.1
2009-09-25,2012,3.1
2009-09-28,2012,3.1
2009-09-29,2012,3.1
2009-09-30,2012,3.1
2009-10-01,2012,3.2
2009-10-02,2012,3.0
2009-10-05,2012,3.0
2009-10-06,2012,3.0
2009-10-07,2012,3.0
2009-10-08,2012,3.0
2009-10-09,2012,3.0
2009-10-13,2012,3.0
2009-10-14,2012,3.0
2009-10-15,2012,3.0
2009-10-16,2012,3.0
2009-10-19,2012,3.0
2009-10-20,2012,3.0
2009-10-21,2012,3.0
2009-10-22,2012,3.0
2009-10-23,2012,3.0
2009-10-26,2012,3.0
2009-10-27,2012,3.0
2009-10-28,2012,3.0
2009-10-29,2012,3.0
2009-10-30,2012,3.0
2009-11-03,2012,3.0
2009-11-04,2012,3.0
2009-11-05,2012,3.0
2009-11-06,2012,3.0
2009-11-09,2012,3.0
2009-11-10,2012,3.0
2009-11-11,2012,3.0
2009-11-12,2012,3.0
2009-11-13,2012,3.0
2009-11-16,2012,3.0
2009-11-17,2012,3.0
2009-11-18,2012,3.0
2009-11-19,2012,3.0
2009-11-20,2012,3.0
2009-11-23,2012,3.0
2009-11-24,2012,3.0
2009-11-25,2012,3.0
2009-11-26,2012,3.0
2009-11-27,2012,3.0
2009-11-30,2012,3.0
2009-12-01,2012,3.0
2009-12-02,2012,3.0
2009-12-03,2012,3.0
2009-12-04,2012,3.0
2009-12-07,2012,3.0
2009-12-08,2012,3.0
2009-12-09,2012,3.0
2009-12-10,2012,3.0
2009-12-11,2012,3.0
2009-12-14,2012,3.0
2009-12-15,2012,3.0
2009-12-16,2012,3.0
2009-12-17,2012,3.0
2009-12-18,2012,3.0
2009-12-21,2012,3.0
2009-12-22,2012,3.0
2009-12-23,2012,3.0
2009-12-24,2012,3.0
2009-12-28,2012,3.0
2009-12-29,2012,3.0
2009-12-30,2012,3.0
2009-12-31,2012,3.0
2010-01-04,2012,3.0
2010-01-05,2012,3.0
2010-01-06,2012,3.0
2010-01-07,2012,3.0
2010-01-08,2012,3.0
2010-01-11,2012,3.0
2010-01-12,2012,3.0
2010-01-13,2012,3.0
2010-01-14,2012,3.0
2010-01-15,2012,3.0
2010-01-18,2012,3.0
2010-01-19,2012,3.0
2010-01-20,2012,3.0
2010-01-21,2012,3.0
2010-01-22,2012,3.0
2010-01-25,2012,3.0
2010-01-26,2012,3.0
2010-01-27,2012,3.0
2010-01-28,2012,3.0
2010-01-29,2012,3.0
2010-02-01,2012,3.0
2010-02-02,2012,3.0
2010-02-03,2012,3.0
2010-02-04,2012,3.0
2010-02-05,2012,3.0
2010-02-08,2012,3.0
2010-02-09,2012,3.0
2010-02-10,2012,3.0
2010-02-11,2012,3.0
2010-02-12,2012,3.0
2010-02-17,2012,3.0
2010-02-18,2012,3.0
2010-02-19,2012,3.0
2010-02-22,2012,3.0
2010-02-23,2012,3.0
2010-02-24,2012,3.0
2010-02-25,2012,3.0
2010-02-26,2012,3.0
2010-03-01,2012,3.0
2010-03-02,2012,3.0
2010-03-03,2012,3.0
2010-03-04,2012,3.0
2010-03-05,2012,3.0
2010-03-08,2012,3.0
2010-03-09,2012,3.0
2010-03-10,2012,3.0
2010-03-11,2012,3.0
2010-03-12,2012,3.0
2010-03-15,2012,3.0
2010-03-16,2012,3.0
2010-03-17,2012,3.0
2010-03-18,2012,3.0
2010-03-19,2012,3.0
2010-03-22,2012,3.0
2010-03-23,2012,3.0
2010-03-24,2012,3.0
2010-03-25,2012,3.0
2010-03-26,2012,3.0
2010-03-29,2012,3.0
2010-03-30,2012,3.0
2010-03-31,2012,3.0
2010-04-01,2012,3.0
2010-04-05,2012,3.0
2010-04-06,2012,3.0
2010-04-07,2012,3.0
2010-04-08,2012,3.0
2010-04-09,2012,3.0
2010-04-12,2012,3.0
2010-04-13,2012,3.0
2010-04-14,2012,3.0
2010-04-15,2012,3.0
2010-04-16,2012,3.0
2010-04-19,2012,3.0
2010-04-20,2012,3.0
2010-04-22,2012,3.0
2010-04-23,2012,3.0
2010-04-26,2012,3.0
2010-04-27,2012,3.0
2010-04-28,2012,3.0
2010-04-29,2012,3.0
2010-04-30,2012,3.0
2010-05-03,2012,3.0
2010-05-04,2012,3.0
2010-05-05,2012,3.0
2010-05-06,2012,3.0
2010-05-07,2012,3.0
2010-05-10,2012,3.0
2010-05-11,2012,3.0
2010-05-12,2012,3.0
2010-05-13,2012,3.0
2010-05-14,2012,3.0
2010-05-17,2012,3.0
2010-05-18,2012,3.0
2010-05-19,2012,3.0
2010-05-20,2012,2.9
2010-05-21,2012,2.9
2010-05-24,2012,3.0
2010-05-25,2012,3.0
2010-05-26,2012,3.0
2010-05-27,2012,3.0
2010-05-28,2012,2.99
2010-05-31,2012,3.0
2010-06-01,2012,3.0
2010-06-02,2012,3.0
2010-06-04,2012,3.0
2010-06-07,2012,3.0
2010-06-08,2012,3.0
2010-06-09,2012,3.0
2010-06-10,2012,3.0
2010-06-11,2012,3.0
2010-06-14,2012,3.0
2010-06-15,2012,3.0
2010-06-16,2012,3.0
2010-06-17,2012,3.0
2010-06-18,2012,3.0
2010-06-21,2012,3.0
2010-06-22,2012,3.0
2010-06-23,2012,3.0
2010-06-24,2012,3.0
2010-06-25,2012,3.0
2010-06-28,2012,3.0
2010-06-29,2012,3.0
2010-06-30,2012,3.0
2010-07-01,2012,3.0
2010-07-02,2012,3.0
2010-07-05,2012,2.9
2010-07-06,2012,2.9
2010-07-07,2012,2.9
2010-07-08,2012,3.0
2010-07-09,2012,3.0
2010-07-12,2012,3.0
2010-07-13,2012,3.0
2010-07-14,2012,2.9
2010-07-15,2012,2.8
2010-07-16,2012,2.9
2010-07-19,2012,3.0
2010-07-20,2012,3.0
2010-07-21,2012,3.0
2010-07-22,2012,3.0
2010-07-23,2012,3.0
2010-07-26,2012,3.0
2010-07-27,2012,3.0
2010-07-28,2012,3.0
2010-07-29,2012,3.0
2010-07-30,2012,3.0
2010-08-02,2012,3.0
2010-08-03,2012,3.0
2010-08-04,2012,3.0
2010-08-05,2012,3.0
2010-08-06,2012,3.0
2010-08-09,2012,3.0
2010-08-10,2012,3.0
2010-08-11,2012,3.0
2010-08-12,2012,3.0
2010-08-13,2012,3.0
2010-08-16,2012,3.0
2010-08-17,2012,3.0
2010-08-18,2012,3.0
2010-08-19,2012,3.0
2010-08-20,2012,3.0
2010-08-23,2012,2.99
2010-08-24,2012,2.99
2010-08-25,2012,2.99
2010-08-26,2012,3.0
2010-08-27,2012,3.0
2010-08-30,2012,2.99
2010-08-31,2012,2.99
2010-09-01,2012,2.99
2010-09-02,2012,2.95
2010-09-03,2012,2.9
2010-09-06,2012,2.99
2010-09-08,2012,3.0
2010-09-09,2012,3.0
2010-09-10,2012,3.0
2010-09-13,2012,3.0
2010-09-14,2012,3.0
2010-09-15,2012,3.0
2010-09-16,2012,3.0
2010-09-17,2012,3.0
2010-09-20,2012,3.0
2010-09-21,2012,3.0
2010-09-22,2012,3.0
2010-09-23,2012,3.0
2010-09-24,2012,3.0
2010-09-27,2012,3.0
2010-09-28,2012,3.0
2010-09-29,2012,3.0
2010-09-30,2012,3.0
2010-10-01,2012,3.0
2010-10-04,2012,3.0
2010-10-05,2012,3.0
2010-10-06,2012,3.0
2010-10-07,2012,3.0
2010-10-08,2012,3.0
2010-10-11,2012,3.0
2010-10-13,2012,3.0
2010-10-14,2012,3.0
2010-10-15,2012,3.0
2010-10-18,2012,3.0
2010-10-19,2012,3.0
2010-10-20,2012,3.0
2010-10-21,2012,3.0
2010-10-22,2012,3.0
2010-10-25,2012,3.0
2010-10-26,2012,3.0
2010-10-27,2012,3.0
2010-10-28,2012,3.0
2010-10-29,2012,3.0
2010-11-01,2012,3.0
2010-11-03,2012,3.0
2010-11-04,2012,3.0
2010-11-05,2012,3.0
2010-11-08,2012,3.0
2010-11-09,2012,3.0
2010-11-10,2012,3.0
2010-11-11,2012,3.0
2010-11-12,2012,3.0
2010-11-16,2012,3.0
2010-11-17,2012,3.0
2010-11-18,2012,3.0
2010-11-19,2012,3.0
2010-11-22,2012,3.0
2010-11-23,2012,3.0
2010-11-24,2012,3.0
2010-11-25,2012,3.0
2010-11-26,2012,3.0
2010-11-29,2012,3.0
2010-11-30,2012,3.0
2010-12-01,2012,3.0
2010-12-02,2012,3.0
2010-12-03,2012,3.0
2010-12-06,2012,3.0
2010-12-07,2012,3.0
2010-12-08,2012,3.0
2010-12-09,2012,3.0
2010-12-10,2012,3.0
2010-12-13,2012,3.0
2010-12-14,2012,3.0
2010-12-15,2012,3.0
2010-12-16,2012,3.0
2010-12-17,2012,3.0
2010-12-20,2012,3.0
2010-12-21,2012,3.0
2010-12-22,2012,3.0
2010-12-23,2012,3.0
2010-12-24,2012,3.0
2010-12-27,2012,3.0
2010-12-28,2012,3.0
2010-12-29,2012,3.0
2010-12-30,2012,3.0
2010-12-31,2012,3.0
2011-01-03,2012,3.0
2011-01-04,2012,3.0
2011-01-05,2012,3.0
2011-01-06,2012,3.0
2011-01-07,2012,3.0
2011-01-10,2012,3.0
2011-01-11,2012,3.0
2011-01-12,2012,3.0
2011-01-13,2012,3.0
2011-01-14,2012,3.0
2011-01-17,2012,3.0
2011-01-18,2012,3.0
2011-01-19,2012,3.0
2011-01-20,2012,3.0
2011-01-21,2012,3.0
2011-01-24,2012,3.0
2011-01-25,2012,3.0
2011-01-26,2012,3.0
2011-01-27,2012,3.0
2011-01-28,2012,3.0
2011-01-31,2012,3.0
2011-02-01,2012,3.0
2011-02-02,2012,3.0
2011-02-03,2012,3.0
2011-02-04,2012,3.0
2011-02-07,2012,3.0
2011-02-08,2012,3.0
2011-02-09,2012,3.0
2011-02-10,2012,3.0
2011-02-11,2012,3.0
2011-02-14,2012,3.0
2011-02-15,2012,3.0
2011-02-16,2012,3.0
2011-02-17,2012,3.0
2011-02-18,2012,3.0
2011-02-21,2012,3.0
2011-02-22,2012,3.0
2011-02-23,2012,3.0
2011-02-24,2012,3.0
2011-02-25,2012,3.0
2011-02-28,2012,3.0
2011-03-01,2012,3.0
2011-03-02,2012,3.0
2011-03-03,2012,3.0
2011-03-04,2012,3.0
2011-03-09,2012,3.0
2011-03-10,2012,3.0
2011-03-11,2012,3.0
2011-03-14,2012,3.0
2011-03-15,2012,3.0
2011-03-16,2012,2.95
2011-03-17,2012,2.9
2011-03-18,2012,2.9
2011-03-21,2012,2.9
2011-03-22,2012,2.9
2011-03-23,2012,2.9
2011-03-24,2012,2.9
2011-03-25,2012,2.9
2011-03-28,2012,2.9
2011-03-29,2012,2.9
2011-03-30,2012,2.9
2011-03-31,2012,2.9
2011-04-01,2012,2.9
2011-04-04,2012,2.9
2011-04-05,2012,2.9
2011-04-06,2012,2.9
2011-04-07,2012,2.9
2011-04-08,2012,2.8
2011-04-11,2012,2.8
2011-04-12,2012,2.8
2011-04-13,2012,2.85
2011-04-14,2012,2.85
2011-04-15,2012,2.85
2011-04-18,2012,2.85
2011-04-19,2012,2.8
2011-04-20,2012,2.8
2011-04-25,2012,2.85
2011-04-26,2012,2.8
2011-04-27,2012,2.8
2011-04-28,2012,2.85
2011-04-29,2012,2.8
2011-05-02,2012,2.8
2011-05-03,2012,2.8
2011-05-04,2012,2.8
2011-05-05,2012,2.8
2011-05-06,2012,2.8
2011-05-09,2012,2.9
2011-05-10,2012,2.8
2011-05-11,2012,2.8
2011-05-12,2012,2.8
2011-05-13,2012,2.8
2011-05-16,2012,2.8
2011-05-17,2012,2.8
2011-05-18,2012,2.8
2011-05-19,2012,2.8
2011-05-20,2012,2.8
2011-05-23,2012,2.8
2011-05-24,2012,2.8
2011-05-25,2012,2.8
2011-05-26,2012,2.8
2011-05-27,2012,2.8
2011-05-30,2012,2.8
2011-05-31,2012,2.8
2011-06-01,2012,2.8
2011-06-02,2012,2.8
2011-06-03,2012,2.8
2011-06-06,2012,2.8
2011-06-07,2012,2.8
2011-06-08,2012,2.8
2011-06-09,2012,2.8
2011-06-10,2012,2.8
2011-06-13,2012,2.8
2011-06-14,2012,2.8
2011-06-15,2012,2.8
2011-06-16,2012,2.8
2011-06-17,2012,2.8
2011-06-20,2012,2.8
2011-06-21,2012,2.8
2011-06-22,2012,2.8
2011-06-24,2012,2.8
2011-06-27,2012,2.8
2011-06-28,2012,2.8
2011-06-29,2012,2.8
2011-06-30,2012,2.8
2011-07-01,2012,2.8
2011-07-04,2012,2.8
2011-07-05,2012,2.8
2011-07-06,2012,2.8
2011-07-07,2012,2.8
2011-07-08,2012,2.8
2011-07-11,2012,2.8
2011-07-12,2012,2.8
2011-07-13,2012,2.8
2011-07-14,2012,2.8
2011-07-15,2012,2.8
2011-07-18,2012,2.8
2011-07-19,2012,2.8
2011-07-20,2012,2.8
2011-07-21,2012,2.8
2011-07-22,2012,2.8
2011-07-25,2012,2.8
2011-07-26,2012,2.8
2011-07-27,2012,2.8
2011-07-28,2012,2.8
2011-07-29,2012,2.8
2011-08-01,2012,2.75
2011-08-02,2012,2.75
2011-08-03,2012,2.75
2011-08-04,2012,2.8
2011-08-05,2012,2.8
2011-08-08,2012,2.7
2011-08-09,2012,2.7
2011-08-10,2012,2.7
2011-08-11,2012,2.7
2011-08-12,2012,2.75
2011-08-15,2012,2.75
2011-08-16,2012,2.8
2011-08-17,2012,2.8
2011-08-18,2012,2.8
2011-08-19,2012,2.8
2011-08-22,2012,2.7
2011-08-23,2012,2.75
2011-08-24,2012,2.75
2011-08-25,2012,2.75
2011-08-26,2012,2.75
2011-08-29,2012,2.75
2011-08-30,2012,2.75
2011-08-31,2012,2.75
2011-09-01,2012,2.7
2011-09-02,2012,2.6
2011-09-05,2012,2.6
2011-09-06,2012,2.65
2011-09-08,2012,2.65
2011-09-09,2012,2.6
2011-09-12,2012,2.6
2011-09-13,2012,2.6
2011-09-14,2012,2.65
2011-09-15,2012,2.65
2011-09-16,2012,2.6
2011-09-19,2012,2.7
2011-09-20,2012,2.7
2011-09-21,2012,2.7
2011-09-22,2012,2.7
2011-09-23,2012,2.7
2011-09-26,2012,2.65
2011-09-27,2012,2.65
2011-09-28,2012,2.65
2011-09-29,2012,2.65
2011-09-30,2012,2.65
2011-10-03,2012,2.75
2011-10-04,2012,2.8
2011-10-05,2012,2.8
2011-10-06,2012,2.8
2011-10-07,2012,2.7
2011-10-10,2012,2.6
2011-10-11,2012,2.6
2011-10-13,2012,2.6
2011-10-14,2012,2.6
2011-10-17,2012,2.6
2011-10-18,2012,2.6
2011-10-19,2012,2.65
2011-10-20,2012,2.6
2011-10-21,2012,2.6
2011-10-24,2012,2.7
2011-10-25,2012,2.7
2011-10-26,2012,2.7
2011-10-27,2012,2.7
2011-10-28,2012,2.7
2011-10-31,2012,2.7
2011-11-01,2012,2.65
2011-11-03,2012,2.6
2011-11-04,2012,2.6
2011-11-07,2012,2.6
2011-11-08,2012,2.6
2011-11-09,2012,2.6
2011-11-10,2012,2.6
2011-11-11,2012,2.6
2011-11-14,2012,2.6
2011-11-16,2012,2.6
2011-11-17,2012,2.6
2011-11-18,2012,2.6
2011-11-21,2012,2.6
2011-11-22,2012,2.6
2011-11-23,2012,2.6
2011-11-24,2012,2.6
2011-11-25,2012,2.6
2011-11-28,2012,2.6
2011-11-29,2012,2.6
2011-11-30,2012,2.6
2011-12-01,2012,2.6
2011-12-02,2012,2.65
2011-12-05,2012,2.7
2011-12-06,2012,2.7
2011-12-07,2012,2.7
2011-12-08,2012,2.7
2011-12-09,2012,2.7
2011-12-12,2012,2.7
2011-12-13,2012,2.75
2011-12-14,2012,2.7
2011-12-15,2012,2.8
2011-12-16,2012,2.8
2011-12-19,2012,2.8
2011-12-20,2012,2.8
2011-12-21,2012,2.8
2011-12-22,2012,2.8
2011-12-23,2012,2.8
2011-12-26,2012,2.77
2011-12-27,2012,2.8
2011-12-28,2012,2.8
2011-12-29,2012,2.8
2011-12-30,2012,2.8
2012-01-02,2012,2.8
2012-01-03,2012,2.8
2012-01-04,2012,2.8
2012-01-05,2012,2.8
2012-01-06,2012,2.8
2012-01-09,2012,2.8
2012-01-10,2012,2.8
2012-01-11,2012,2.8
2012-01-12,2012,2.79
2012-01-13,2012,2.8
2012-01-16,2012,2.79
2012-01-17,2012,2.8
2012-01-18,2012,2.8
2012-01-19,2012,2.8
2012-01-20,2012,2.8
2012-01-23,2012,2.8
2012-01-24,2012,2.8
2012-01-25,2012,2.8
2012-01-26,2012,2.8
2012-01-27,2012,2.8
2012-01-30,2012,2.79
2012-01-31,2012,2.79
2012-02-01,2012,2.8
2012-02-02,2012,2.8
2012-02-03,2012,2.79
2012-02-06,2012,2.74
2012-02-07,2012,2.78
2012-02-08,2012,2.78
2012-02-09,2012,2.8
2012-02-10,2012,2.8
2012-02-13,2012,2.8
2012-02-14,2012,2.8
2012-02-15,2012,2.8
2012-02-16,2012,2.8
2012-02-17,2012,2.8
2012-02-22,2012,2.8
2012-02-23,2012,2.8
2012-02-24,2012,2.8
2012-02-27,2012,2.8
2012-02-28,2012,2.8
2012-02-29,2012,2.8
2012-03-01,2012,2.8
2012-03-02,2012,2.8
2012-03-05,2012,2.8
2012-03-06,2012,2.8
2012-03-07,2012,2.8
2012-03-08,2012,2.8
2012-03-09,2012,2.8
2012-03-12,2012,2.85
2012-03-13,2012,2.8
2012-03-14,2012,2.8
2012-03-15,2012,2.8
2012-03-16,2012,2.85
2012-03-19,2012,2.9
2012-03-20,2012,2.9
2012-03-21,2012,2.9
2012-03-22,2012,2.9
2012-03-23,2012,2.9
2012-03-26,2012,2.8
2012-03-27,2012,2.8
2012-03-28,2012,2.8
2012-03-29,2012,2.85
2012-03-30,2012,2.9
2012-04-02,2012,2.9
2012-04-03,2012,2.9
2012-04-04,2012,2.9
2012-04-05,2012,2.9
2012-04-09,2012,2.9
2012-04-10,2012,2.9
2012-04-11,2012,2.9
2012-04-12,2012,2.9
2012-04-13,2012,2.95
2012-04-16,2012,2.9
2012-04-17,2012,2.9
2012-04-18,2012,2.9
2012-04-19,2012,2.9
2012-04-20,2012,3.0
2012-04-23,2012,3.0
2012-04-24,2012,3.0
2012-04-25,2012,3.0
2012-04-26,2012,3.0
2012-04-27,2012,3.0
2012-04-30,2012,3.1
2012-05-02,2012,3.1
2012-05-03,2012,3.05
2012-05-04,2012,3.1
2012-05-07,2012,3.1
2012-05-08,2012,3.1
2012-05-09,2012,3.1
2012-05-10,2012,3.1
2012-05-11,2012,3.1
2012-05-14,2012,3.1
2012-05-15,2012,3.1
2012-05-16,2012,3.1
2012-05-17,2012,3.1
2012-05-18,2012,3.1
2012-05-21,2012,3.1
2012-05-22,2012,3.1
2012-05-23,2012,3.1
2012-05-24,2012,3.1
2012-05-25,2012,3.1
2012-05-28,2012,3.1
2012-05-29,2012,3.1
2012-05-30,2012,3.1
2012-05-31,2012,3.1
2012-06-01,2012,3.1
2012-06-04,2012,3.1
2012-06-05,2012,3.1
2012-06-06,2012,3.1
2012-06-08,2012,3.1
2012-06-11,2012,3.1
2012-06-12,2012,3.1
2012-06-13,2012,3.1
2012-06-14,2012,3.1
2012-06-15,2012,3.1
2012-06-18,2012,3.07
2012-06-19,2012,3.03
2012-06-20,2012,3.07
2012-06-21,2012,3.1
2012-06-22,2012,3.1
2012-06-25,2012,3.1
2012-06-26,2012,3.1
2012-06-27,2012,3.1
2012-06-28,2012,3.07
2012-06-29,2012,3.07
2012-07-02,2012,3.02
2012-07-03,2012,3.0
2012-07-04,2012,3.0
2012-07-05,2012,3.0
2012-07-06,2012,3.0
2012-07-09,2012,2.98
2012-07-10,2012,2.98
2012-07-11,2012,2.98
2012-07-12,2012,2.95
2012-07-13,2012,2.95
2012-07-16,2012,2.98
2012-07-17,2012,2.95
2012-07-18,2012,2.95
2012-07-19,2012,2.9
2012-07-20,2012,2.9
2012-07-23,2012,2.9
2012-07-24,2012,2.9
2012-07-25,2012,2.9
2012-07-26,2012,2.9
2012-07-27,2012,2.9
2012-07-30,2012,2.9
2012-07-31,2012,2.9
2012-08-01,2012,2.9
2012-08-02,2012,2.9
2012-08-03,2012,2.9
2012-08-06,2012,2.88
2012-08-07,2012,2.9
2012-08-08,2012,2.9
2012-08-09,2012,2.85
2012-08-10,2012,2.8
2012-08-13,2012,2.8
2012-08-14,2012,2.8
2012-08-15,2012,2.8
2012-08-16,2012,2.8
2012-08-17,2012,2.8
2012-08-20,2012,2.8
2012-08-21,2012,2.8
2012-08-22,2012,2.8
2012-08-23,2012,2.8
2012-08-24,2012,2.8
2012-08-27,2012,2.8
2012-08-28,2012,2.8
2012-08-29,2012,2.8
2012-08-30,2012,2.8
2012-08-31,2012,2.8
2012-09-03,2012,2.8
2012-09-04,2012,2.8
2012-09-05,2012,2.8
2012-09-06,2012,2.8
2012-09-10,2012,2.8
2012-09-11,2012,2.8
2012-09-12,2012,2.8
2012-09-13,2012,2.8
2012-09-14,2012,2.8
2012-09-17,2012,2.8
2012-09-18,2012,2.8
2012-09-19,2012,2.8
2012-09-20,2012,2.8
2012-09-21,2012,2.8
2012-09-24,2012,2.8
2012-09-25,2012,2.8
2012-09-26,2012,2.8
2012-09-27,2012,2.8
2012-09-28,2012,2.8
2012-10-01,2012,2.8
2012-10-02,2012,2.8
2012-10-03,2012,2.8
2012-10-04,2012,2.8
2012-10-05,2012,2.8
2012-10-08,2012,2.75
2012-10-09,2012,2.75
2012-10-10,2012,2.7
2012-10-11,2012,2.75
2012-10-15,2012,2.7
2012-10-16,2012,2.7
2012-10-17,2012,2.7
2012-10-18,2012,2.7
2012-10-19,2012,2.7
2012-10-22,2012,2.7
2012-10-23,2012,2.7
2012-10-24,2012,2.7
2012-10-25,2012,2.7
2012-10-26,2012,2.7
2012-10-29,2012,2.7
2012-10-30,2012,2.7
2012-10-31,2012,2.7
2012-11-01,2012,2.7
2012-11-05,2012,2.7
2012-11-06,2012,2.66
2012-11-07,2012,2.66
2012-11-08,2012,2.6
2012-11-09,2012,2.6
2012-11-12,2012,2.6
2012-11-13,2012,2.6
2012-11-14,2012,2.6
2012-11-16,2012,2.6
2012-11-19,2012,2.6
2012-11-20,2012,2.6
2012-11-21,2012,2.6
2012-11-22,2012,2.58
2012-11-23,2012,2.53
2012-11-26,2012,2.55
2012-11-27,2012,2.55
2012-11-28,2012,2.55
2012-11-29,2012,2.55
2012-11-30,2012,2.55
2012-12-03,2012,2.55
2012-12-04,2012,2.55
2012-12-05,2012,2.5
2012-12-06,2012,2.5
2012-12-07,2012,2.5
2012-12-10,2012,2.5
2012-12-11,2012,2.5
2012-12-12,2012,2.5
2012-12-13,2012,2.5
2012-12-14,2012,2.5
2012-12-17,2012,2.5
2012-12-18,2012,2.5
2012-12-19,2012,2.5
2012-12-20,2012,2.5
2012-12-21,2012,2.5
2012-12-24,2012,2.5
2012-12-26,2012,2.5
2012-12-27,2012,2.5
2012-12-28,2012,2.4
2012-12-31,2012,2.4
2013-01-02,2012,2.4
2013-01-03,2012,2.4
2013-01-04,2012,2.4
2013-01-07,2012,2.39
2013-01-08,2012,2.3
2013-01-09,2012,2.35
2013-01-10,2012,2.4
2013-01-11,2012,2.4
2013-01-14,2012,2.4
2013-01-15,2012,2.4
2013-01-16,2012,2.4
2013-01-17,2012,2.4
2013-01-18,2012,2.4
2013-01-21,2012,2.45
2013-01-22,2012,2.4
2013-01-23,2012,2.4
2013-01-24,2012,2.4
2013-01-25,2012,2.4
2013-01-28,2012,2.4
2013-01-29,2012,2.4
2009-01-29,2013,3.6
2009-01-30,2013,3.8
2009-02-02,2013,3.8
2009-02-03,2013,3.6
2009-02-04,2013,3.6
2009-02-05,2013,3.6
2009-02-06,2013,3.6
2009-02-09,2013,3.4
2009-02-10,2013,3.2
2009-02-11,2013,3.0
2009-02-12,2013,3.1
2009-02-13,2013,3.25
2009-02-16,2013,3.25
2009-02-17,2013,3.2
2009-02-18,2013,3.25
2009-02-19,2013,3.2
2009-02-20,2013,3.25
2009-02-25,2013,3.25
2009-02-26,2013,3.25
2009-02-27,2013,3.25
2009-03-02,2013,3.25
2009-03-03,2013,3.25
2009-03-04,2013,3.25
2009-03-05,2013,3.25
2009-03-06,2013,3.25
2009-03-09,2013,3.25
2009-03-10,2013,3.25
2009-03-11,2013,3.25
2009-03-12,2013,3.2
2009-03-13,2013,3.2
2009-03-16,2013,3.1
2009-03-17,2013,3.1
2009-03-18,2013,3.1
2009-03-19,2013,3.1
2009-03-20,2013,3.2
2009-03-23,2013,3.2
2009-03-24,2013,3.2
2009-03-25,2013,3.2
2009-03-26,2013,3.1
2009-03-27,2013,3.1
2009-03-30,2013,3.1
2009-03-31,2013,3.1
2009-04-01,2013,3.1
2009-04-02,2013,3.1
2009-04-03,2013,3.1
2009-04-06,2013,3.1
2009-04-07,2013,3.1
2009-04-08,2013,3.1
2009-04-09,2013,3.1
2009-04-13,2013,3.2
2009-04-14,2013,3.2
2009-04-15,2013,3.1
2009-04-16,2013,3.1
2009-04-17,2013,3.1
2009-04-20,2013,3.21
2009-04-22,2013,3.21
2009-04-23,2013,3.21
2009-04-24,2013,3.21
2009-04-27,2013,3.25
2009-04-28,2013,3.25
2009-04-29,2013,3.19
2009-04-30,2013,3.09
2009-05-04,2013,3.0
2009-05-05,2013,3.0
2009-05-06,2013,3.0
2009-05-07,2013,3.0
2009-05-08,2013,3.0
2009-05-11,2013,3.0
2009-05-12,2013,3.0
2009-05-13,2013,3.0
2009-05-14,2013,3.0
2009-05-15,2013,3.0
2009-05-18,2013,3.0
2009-05-19,2013,3.0
2009-05-20,2013,3.0
2009-05-21,2013,3.0
2009-05-22,2013,3.0
2009-05-25,2013,3.0
2009-05-26,2013,3.0
2009-05-27,2013,3.0
2009-05-28,2013,3.0
2009-05-29,2013,3.0
2009-06-01,2013,3.0
2009-06-02,2013,3.0
2009-06-03,2013,3.0
2009-06-04,2013,3.0
2009-06-05,2013,3.0
2009-06-08,2013,3.0
2009-06-09,2013,3.0
2009-06-10,2013,3.0
2009-06-12,2013,3.0
2009-06-15,2013,3.0
2009-06-16,2013,3.0
2009-06-17,2013,3.0
2009-06-18,2013,3.0
2009-06-19,2013,3.0
2009-06-22,2013,3.0
2009-06-23,2013,3.0
2009-06-24,2013,3.0
2009-06-25,2013,3.0
2009-06-26,2013,3.0
2009-06-29,2013,3.0
2009-06-30,2013,3.0
2009-07-01,2013,3.0
2009-07-02,2013,3.0
2009-07-03,2013,3.0
2009-07-06,2013,3.0
2009-07-07,2013,3.0
2009-07-08,2013,3.0
2009-07-09,2013,3.0
2009-07-10,2013,3.0
2009-07-13,2013,3.0
2009-07-14,2013,3.0
2009-07-15,2013,3.0
2009-07-16,2013,3.0
2009-07-17,2013,3.0
2009-07-20,2013,3.0
2009-07-21,2013,3.0
2009-07-22,2013,3.0
2009-07-23,2013,3.0
2009-07-24,2013,3.0
2009-07-27,2013,3.0
2009-07-28,2013,3.0
2009-07-29,2013,3.0
2009-07-30,2013,3.0
2009-07-31,2013,3.0
2009-08-03,2013,3.0
2009-08-04,2013,3.0
2009-08-05,2013,3.0
2009-08-06,2013,3.0
2009-08-07,2013,3.0
2009-08-10,2013,3.0
2009-08-11,2013,3.0
2009-08-12,2013,3.0
2009-08-13,2013,3.0
2009-08-14,2013,3.0
2009-08-17,2013,3.0
2009-08-18,2013,3.0
2009-08-19,2013,3.0
2009-08-20,2013,3.0
2009-08-21,2013,3.0
2009-08-24,2013,3.0
2009-08-25,2013,3.0
2009-08-26,2013,3.0
2009-08-27,2013,3.0
2009-08-28,2013,3.0
2009-08-31,2013,3.0
2009-09-01,2013,3.0
2009-09-02,2013,3.0
2009-09-03,2013,3.0
2009-09-04,2013,3.0
2009-09-08,2013,3.0
2009-09-09,2013,3.0
2009-09-10,2013,3.0
2009-09-11,2013,3.0
2009-09-14,2013,3.0
2009-09-15,2013,3.0
2009-09-16,2013,3.0
2009-09-17,2013,3.0
2009-09-18,2013,3.0
2009-09-21,2013,3.0
2009-09-22,2013,3.0
2009-09-23,2013,3.0
2009-09-24,2013,3.0
2009-09-25,2013,3.0
2009-09-28,2013,3.0
2009-09-29,2013,3.0
2009-09-30,2013,3.0
2009-10-01,2013,3.0
2009-10-02,2013,3.0
2009-10-05,2013,3.0
2009-10-06,2013,3.0
2009-10-07,2013,3.0
2009-10-08,2013,3.0
2009-10-09,2013,3.0
2009-10-13,2013,3.0
2009-10-14,2013,3.0
2009-10-15,2013,3.0
2009-10-16,2013,3.0
2009-10-19,2013,3.0
2009-10-20,2013,3.0
2009-10-21,2013,3.0
2009-10-22,2013,3.0
2009-10-23,2013,3.0
2009-10-26,2013,3.0
2009-10-27,2013,3.0
2009-10-28,2013,3.0
2009-10-29,2013,3.0
2009-10-30,2013,3.0
2009-11-03,2013,3.0
2009-11-04,2013,3.0
2009-11-05,2013,3.0
2009-11-06,2013,3.0
2009-11-09,2013,3.0
2009-11-10,2013,3.0
2009-11-11,2013,3.0
2009-11-12,2013,3.0
2009-11-13,2013,3.0
2009-11-16,2013,3.0
2009-11-17,2013,3.0
2009-11-18,2013,3.0
2009-11-19,2013,3.0
2009-11-20,2013,3.0
2009-11-23,2013,3.0
2009-11-24,2013,3.0
2009-11-25,2013,3.0
2009-11-26,2013,3.0
2009-11-27,2013,3.0
2009-11-30,2013,3.0
2009-12-01,2013,3.0
2009-12-02,2013,3.0
2009-12-03,2013,3.0
2009-12-04,2013,3.0
2009-12-07,2013,3.0
2009-12-08,2013,3.0
2009-12-09,2013,3.0
2009-12-10,2013,3.0
2009-12-11,2013,3.0
2009-12-14,2013,3.0
2009-12-15,2013,3.0
2009-12-16,2013,3.0
2009-12-17,2013,3.0
2009-12-18,2013,3.0
2009-12-21,2013,3.0
2009-12-22,2013,3.0
2009-12-23,2013,3.0
2009-12-24,2013,3.0
2009-12-28,2013,3.0
2009-12-29,2013,3.0
2009-12-30,2013,3.0
2009-12-31,2013,3.0
2010-01-04,2013,3.0
2010-01-05,2013,3.0
2010-01-06,2013,3.0
2010-01-07,2013,3.0
2010-01-08,2013,3.0
2010-01-11,2013,3.0
2010-01-12,2013,3.0
2010-01-13,2013,3.0
2010-01-14,2013,3.0
2010-01-15,2013,3.0
2010-01-18,2013,3.0
2010-01-19,2013,3.0
2010-01-20,2013,3.0
2010-01-21,2013,3.0
2010-01-22,2013,3.0
2010-01-25,2013,3.0
2010-01-26,2013,3.0
2010-01-27,2013,3.0
2010-01-28,2013,3.0
2010-01-29,2013,3.0
2010-02-01,2013,3.0
2010-02-02,2013,3.0
2010-02-03,2013,3.0
2010-02-04,2013,3.0
2010-02-05,2013,3.0
2010-02-08,2013,3.0
2010-02-09,2013,3.0
2010-02-10,2013,3.0
2010-02-11,2013,3.0
2010-02-12,2013,3.0
2010-02-17,2013,3.0
2010-02-18,2013,3.0
2010-02-19,2013,3.0
2010-02-22,2013,3.0
2010-02-23,2013,3.0
2010-02-24,2013,3.0
2010-02-25,2013,3.0
2010-02-26,2013,3.0
2010-03-01,2013,3.0
2010-03-02,2013,3.0
2010-03-03,2013,3.0
2010-03-04,2013,3.0
2010-03-05,2013,3.0
2010-03-08,2013,3.0
2010-03-09,2013,3.0
2010-03-10,2013,3.0
2010-03-11,2013,2.9
2010-03-12,2013,3.0
2010-03-15,2013,3.0
2010-03-16,2013,3.0
2010-03-17,2013,3.0
2010-03-18,2013,3.0
2010-03-19,2013,3.0
2010-03-22,2013,3.0
2010-03-23,2013,3.0
2010-03-24,2013,3.0
2010-03-25,2013,3.0
2010-03-26,2013,3.0
2010-03-29,2013,3.0
2010-03-30,2013,3.0
2010-03-31,2013,3.0
2010-04-01,2013,3.0
2010-04-05,2013,2.95
2010-04-06,2013,2.95
2010-04-07,2013,2.95
2010-04-08,2013,2.95
2010-04-09,2013,2.95
2010-04-12,2013,3.0
2010-04-13,2013,3.0
2010-04-14,2013,3.0
2010-04-15,2013,3.0
2010-04-16,2013,3.0
2010-04-19,2013,3.0
2010-04-20,2013,3.0
2010-04-22,2013,3.0
2010-04-23,2013,3.0
2010-04-26,2013,3.0
2010-04-27,2013,3.0
2010-04-28,2013,3.0
2010-04-29,2013,3.0
2010-04-30,2013,2.9
2010-05-03,2013,2.9
2010-05-04,2013,2.9
2010-05-05,2013,2.9
2010-05-06,2013,2.9
2010-05-07,2013,2.9
2010-05-10,2013,3.0
2010-05-11,2013,3.0
2010-05-12,2013,3.0
2010-05-13,2013,2.9
2010-05-14,2013,2.9
2010-05-17,2013,3.0
2010-05-18,2013,2.9
2010-05-19,2013,2.9
2010-05-20,2013,2.8
2010-05-21,2013,2.8
2010-05-24,2013,2.9
2010-05-25,2013,2.9
2010-05-26,2013,2.9
2010-05-27,2013,3.0
2010-05-28,2013,3.0
2010-05-31,2013,3.0
2010-06-01,2013,3.0
2010-06-02,2013,3.0
2010-06-04,2013,3.0
2010-06-07,2013,3.0
2010-06-08,2013,3.0
2010-06-09,2013,3.0
2010-06-10,2013,3.0
2010-06-11,2013,3.0
2010-06-14,2013,3.0
2010-06-15,2013,3.0
2010-06-16,2013,3.0
2010-06-17,2013,3.0
2010-06-18,2013,3.0
2010-06-21,2013,3.0
2010-06-22,2013,3.0
2010-06-23,2013,3.0
2010-06-24,2013,3.0
2010-06-25,2013,3.0
2010-06-28,2013,2.9
2010-06-29,2013,2.9
2010-06-30,2013,2.9
2010-07-01,2013,2.9
2010-07-02,2013,2.9
2010-07-05,2013,2.85
2010-07-06,2013,2.85
2010-07-07,2013,2.85
2010-07-08,2013,2.9
2010-07-09,2013,2.9
2010-07-12,2013,2.85
2010-07-13,2013,2.85
2010-07-14,2013,2.8
2010-07-15,2013,2.8
2010-07-16,2013,2.85
2010-07-19,2013,2.95
2010-07-20,2013,2.95
2010-07-21,2013,2.95
2010-07-22,2013,2.95
2010-07-23,2013,2.95
2010-07-26,2013,3.0
2010-07-27,2013,2.9
2010-07-28,2013,2.9
2010-07-29,2013,2.9
2010-07-30,2013,3.0
2010-08-02,2013,3.0
2010-08-03,2013,3.0
2010-08-04,2013,2.9
2010-08-05,2013,2.9
2010-08-06,2013,3.0
2010-08-09,2013,3.0
2010-08-10,2013,3.0
2010-08-11,2013,3.0
2010-08-12,2013,3.0
2010-08-13,2013,3.0
2010-08-16,2013,3.0
2010-08-17,2013,3.0
2010-08-18,2013,3.0
2010-08-19,2013,3.0
2010-08-20,2013,3.0
2010-08-23,2013,2.9
2010-08-24,2013,2.9
2010-08-25,2013,2.9
2010-08-26,2013,3.0
2010-08-27,2013,3.0
2010-08-30,2013,2.98
2010-08-31,2013,2.98
2010-09-01,2013,2.98
2010-09-02,2013,2.95
2010-09-03,2013,2.88
2010-09-06,2013,2.95
2010-09-08,2013,2.98
2010-09-09,2013,2.98
2010-09-10,2013,2.98
2010-09-13,2013,3.0
2010-09-14,2013,3.0
2010-09-15,2013,3.0
2010-09-16,2013,3.0
2010-09-17,2013,3.0
2010-09-20,2013,3.0
2010-09-21,2013,3.0
2010-09-22,2013,3.0
2010-09-23,2013,3.0
2010-09-24,2013,3.0
2010-09-27,2013,3.0
2010-09-28,2013,3.0
2010-09-29,2013,3.0
2010-09-30,2013,3.0
2010-10-01,2013,3.0
2010-10-04,2013,3.0
2010-10-05,2013,3.0
2010-10-06,2013,3.0
2010-10-07,2013,3.0
2010-10-08,2013,3.0
2010-10-11,2013,2.98
2010-10-13,2013,3.0
2010-10-14,2013,2.98
2010-10-15,2013,2.98
2010-10-18,2013,3.0
2010-10-19,2013,3.0
2010-10-20,2013,3.0
2010-10-21,2013,3.0
2010-10-22,2013,3.0
2010-10-25,2013,3.0
2010-10-26,2013,3.0
2010-10-27,2013,3.0
2010-10-28,2013,3.0
2010-10-29,2013,3.0
2010-11-01,2013,3.0
2010-11-03,2013,3.0
2010-11-04,2013,3.0
2010-11-05,2013,3.0
2010-11-08,2013,3.0
2010-11-09,2013,3.0
2010-11-10,2013,3.0
2010-11-11,2013,3.0
2010-11-12,2013,3.0
2010-11-16,2013,3.0
2010-11-17,2013,3.0
2010-11-18,2013,3.0
2010-11-19,2013,3.0
2010-11-22,2013,3.0
2010-11-23,2013,3.0
2010-11-24,2013,3.0
2010-11-25,2013,3.0
2010-11-26,2013,3.0
2010-11-29,2013,3.0
2010-11-30,2013,3.0
2010-12-01,2013,3.0
2010-12-02,2013,3.0
2010-12-03,2013,3.0
2010-12-06,2013,3.0
2010-12-07,2013,3.0
2010-12-08,2013,3.0
2010-12-09,2013,3.0
2010-12-10,2013,3.0
2010-12-13,2013,3.0
2010-12-14,2013,3.0
2010-12-15,2013,3.0
2010-12-16,2013,3.0
2010-12-17,2013,3.0
2010-12-20,2013,3.0
2010-12-21,2013,3.0
2010-12-22,2013,3.0
2010-12-23,2013,3.0
2010-12-24,2013,3.0
2010-12-27,2013,3.0
2010-12-28,2013,3.0
2010-12-29,2013,3.0
2010-12-30,2013,3.0
2010-12-31,2013,3.0
2011-01-03,2013,3.0
2011-01-04,2013,3.0
2011-01-05,2013,3.0
2011-01-06,2013,3.0
2011-01-07,2013,3.0
2011-01-10,2013,3.0
2011-01-11,2013,3.0
2011-01-12,2013,3.0
2011-01-13,2013,3.0
2011-01-14,2013,3.0
2011-01-17,2013,3.0
2011-01-18,2013,3.0
2011-01-19,2013,3.0
2011-01-20,2013,3.0
2011-01-21,2013,3.0
2011-01-24,2013,3.0
2011-01-25,2013,3.0
2011-01-26,2013,3.0
2011-01-27,2013,3.0
2011-01-28,2013,3.0
2011-01-31,2013,3.0
2011-02-01,2013,3.0
2011-02-02,2013,3.0
2011-02-03,2013,3.0
2011-02-04,2013,3.0
2011-02-07,2013,3.0
2011-02-08,2013,3.0
2011-02-09,2013,3.0
2011-02-10,2013,3.0
2011-02-11,2013,3.0
2011-02-14,2013,3.0
2011-02-15,2013,3.0
2011-02-16,2013,3.0
2011-02-17,2013,3.0
2011-02-18,2013,3.0
2011-02-21,2013,3.0
2011-02-22,2013,3.0
2011-02-23,2013,3.0
2011-02-24,2013,3.0
2011-02-25,2013,3.0
2011-02-28,2013,3.0
2011-03-01,2013,3.0
2011-03-02,2013,3.0
2011-03-03,2013,3.0
2011-03-04,2013,3.0
2011-03-09,2013,3.0
2011-03-10,2013,3.0
2011-03-11,2013,3.0
2011-03-14,2013,3.0
2011-03-15,2013,3.0
2011-03-16,2013,3.0
2011-03-17,2013,3.0
2011-03-18,2013,3.0
2011-03-21,2013,3.0
2011-03-22,2013,3.0
2011-03-23,2013,3.0
2011-03-24,2013,3.0
2011-03-25,2013,3.0
2011-03-28,2013,3.0
2011-03-29,2013,3.0
2011-03-30,2013,3.0
2011-03-31,2013,3.0
2011-04-01,2013,3.0
2011-04-04,2013,3.0
2011-04-05,2013,3.0
2011-04-06,2013,3.0
2011-04-07,2013,3.0
2011-04-08,2013,3.0
2011-04-11,2013,3.0
2011-04-12,2013,3.0
2011-04-13,2013,3.0
2011-04-14,2013,3.0
2011-04-15,2013,3.0
2011-04-18,2013,3.0
2011-04-19,2013,3.0
2011-04-20,2013,3.0
2011-04-25,2013,3.0
2011-04-26,2013,3.0
2011-04-27,2013,3.0
2011-04-28,2013,3.0
2011-04-29,2013,3.0
2011-05-02,2013,3.0
2011-05-03,2013,3.0
2011-05-04,2013,3.0
2011-05-05,2013,3.0
2011-05-06,2013,3.0
2011-05-09,2013,3.0
2011-05-10,2013,3.0
2011-05-11,2013,3.0
2011-05-12,2013,3.0
2011-05-13,2013,3.0
2011-05-16,2013,3.0
2011-05-17,2013,3.0
2011-05-18,2013,3.0
2011-05-19,2013,3.0
2011-05-20,2013,3.0
2011-05-23,2013,3.0
2011-05-24,2013,3.0
2011-05-25,2013,3.0
2011-05-26,2013,3.0
2011-05-27,2013,3.0
2011-05-30,2013,3.0
2011-05-31,2013,3.0
2011-06-01,2013,3.0
2011-06-02,2013,3.0
2011-06-03,2013,3.0
2011-06-06,2013,3.0
2011-06-07,2013,3.0
2011-06-08,2013,3.0
2011-06-09,2013,3.0
2011-06-10,2013,3.0
2011-06-13,2013,3.0
2011-06-14,2013,3.0
2011-06-15,2013,3.0
2011-06-16,2013,3.0
2011-06-17,2013,3.0
2011-06-20,2013,3.0
2011-06-21,2013,3.0
2011-06-22,2013,3.0
2011-06-24,2013,3.0
2011-06-27,2013,3.0
2011-06-28,2013,3.0
2011-06-29,2013,3.0
2011-06-30,2013,3.0
2011-07-01,2013,3.0
2011-07-04,2013,3.0
2011-07-05,2013,3.0
2011-07-06,2013,3.0
2011-07-07,2013,3.0
2011-07-08,2013,3.0
2011-07-11,2013,3.0
2011-07-12,2013,3.0
2011-07-13,2013,3.0
2011-07-14,2013,3.0
2011-07-15,2013,3.0
2011-07-18,2013,3.0
2011-07-19,2013,3.0
2011-07-20,2013,3.0
2011-07-21,2013,3.0
2011-07-22,2013,3.0
2011-07-25,2013,3.0
2011-07-26,2013,3.0
2011-07-27,2013,3.0
2011-07-28,2013,3.0
2011-07-29,2013,3.0
2011-08-01,2013,3.0
2011-08-02,2013,3.0
2011-08-03,2013,3.0
2011-08-04,2013,3.0
2011-08-05,2013,3.0
2011-08-08,2013,3.0
2011-08-09,2013,3.0
2011-08-10,2013,3.0
2011-08-11,2013,3.0
2011-08-12,2013,3.0
2011-08-15,2013,3.0
2011-08-16,2013,3.0
2011-08-17,2013,3.0
2011-08-18,2013,3.0
2011-08-19,2013,3.0
2011-08-22,2013,3.0
2011-08-23,2013,3.0
2011-08-24,2013,3.0
2011-08-25,2013,3.0
2011-08-26,2013,3.0
2011-08-29,2013,3.0
2011-08-30,2013,3.0
2011-08-31,2013,3.0
2011-09-01,2013,3.0
2011-09-02,2013,2.95
2011-09-05,2013,2.95
2011-09-06,2013,2.95
2011-09-08,2013,2.95
2011-09-09,2013,2.9
2011-09-12,2013,2.8
2011-09-13,2013,2.85
2011-09-14,2013,2.85
2011-09-15,2013,2.85
2011-09-16,2013,2.8
2011-09-19,2013,2.8
2011-09-20,2013,2.8
2011-09-21,2013,2.8
2011-09-22,2013,2.8
2011-09-23,2013,2.8
2011-09-26,2013,2.8
2011-09-27,2013,2.8
2011-09-28,2013,2.8
2011-09-29,2013,2.8
2011-09-30,2013,2.8
2011-10-03,2013,2.8
2011-10-04,2013,2.85
2011-10-05,2013,2.85
2011-10-06,2013,2.85
2011-10-07,2013,2.9
2011-10-10,2013,2.8
2011-10-11,2013,2.9
2011-10-13,2013,3.0
2011-10-14,2013,3.0
2011-10-17,2013,3.0
2011-10-18,2013,3.0
2011-10-19,2013,3.0
2011-10-20,2013,2.9
2011-10-21,2013,2.9
2011-10-24,2013,3.0
2011-10-25,2013,3.0
2011-10-26,2013,3.0
2011-10-27,2013,3.0
2011-10-28,2013,2.9
2011-10-31,2013,2.9
2011-11-01,2013,2.8
2011-11-03,2013,2.8
2011-11-04,2013,2.8
2011-11-07,2013,2.9
2011-11-08,2013,2.8
2011-11-09,2013,2.8
2011-11-10,2013,2.9
2011-11-11,2013,2.9
2011-11-14,2013,2.8
2011-11-16,2013,2.8
2011-11-17,2013,2.8
2011-11-18,2013,2.9
2011-11-21,2013,3.0
2011-11-22,2013,3.0
2011-11-23,2013,3.0
2011-11-24,2013,3.0
2011-11-25,2013,3.0
2011-11-28,2013,3.0
2011-11-29,2013,2.9
2011-11-30,2013,2.9
2011-12-01,2013,2.8
2011-12-02,2013,2.9
2011-12-05,2013,2.9
2011-12-06,2013,2.8
2011-12-07,2013,2.8
2011-12-08,2013,2.8
2011-12-09,2013,2.9
2011-12-12,2013,2.9
2011-12-13,2013,2.9
2011-12-14,2013,3.0
2011-12-15,2013,3.0
2011-12-16,2013,2.9
2011-12-19,2013,2.9
2011-12-20,2013,2.9
2011-12-21,2013,2.9
2011-12-22,2013,2.9
2011-12-23,2013,2.8
2011-12-26,2013,2.85
2011-12-27,2013,2.85
2011-12-28,2013,2.85
2011-12-29,2013,2.9
2011-12-30,2013,2.9
2012-01-02,2013,2.8
2012-01-03,2013,2.8
2012-01-04,2013,2.85
2012-01-05,2013,2.85
2012-01-06,2013,2.9
2012-01-09,2013,2.85
2012-01-10,2013,2.8
2012-01-11,2013,2.8
2012-01-12,2013,2.8
2012-01-13,2013,2.85
2012-01-16,2013,2.86
2012-01-17,2013,2.8
2012-01-18,2013,2.8
2012-01-19,2013,2.8
2012-01-20,2013,2.8
2012-01-23,2013,2.85
2012-01-24,2013,2.85
2012-01-25,2013,2.85
2012-01-26,2013,2.8
2012-01-27,2013,2.8
2012-01-30,2013,2.8
2012-01-31,2013,2.85
2012-02-01,2013,2.8
2012-02-02,2013,2.8
2012-02-03,2013,2.8
2012-02-06,2013,2.8
2012-02-07,2013,2.8
2012-02-08,2013,2.8
2012-02-09,2013,2.8
2012-02-10,2013,2.8
2012-02-13,2013,2.8
2012-02-14,2013,2.8
2012-02-15,2013,2.8
2012-02-16,2013,2.8
2012-02-17,2013,2.8
2012-02-22,2013,2.8
2012-02-23,2013,2.8
2012-02-24,2013,2.8
2012-02-27,2013,2.8
2012-02-28,2013,2.8
2012-02-29,2013,2.8
2012-03-01,2013,2.8
2012-03-02,2013,2.8
2012-03-05,2013,2.8
2012-03-06,2013,2.8
2012-03-07,2013,2.8
2012-03-08,2013,2.83
2012-03-09,2013,2.85
2012-03-12,2013,3.0
2012-03-13,2013,2.93
2012-03-14,2013,2.85
2012-03-15,2013,3.0
2012-03-16,2013,2.93
2012-03-19,2013,2.93
2012-03-20,2013,2.9
2012-03-21,2013,2.88
2012-03-22,2013,2.85
2012-03-23,2013,2.88
2012-03-26,2013,2.95
2012-03-27,2013,2.95
2012-03-28,2013,2.95
2012-03-29,2013,3.0
2012-03-30,2013,3.0
2012-04-02,2013,2.95
2012-04-03,2013,2.95
2012-04-04,2013,2.9
2012-04-05,2013,2.9
2012-04-09,2013,2.88
2012-04-10,2013,2.9
2012-04-11,2013,2.9
2012-04-12,2013,2.88
2012-04-13,2013,3.0
2012-04-16,2013,3.0
2012-04-17,2013,3.0
2012-04-18,2013,2.85
2012-04-19,2013,2.85
2012-04-20,2013,2.93
2012-04-23,2013,2.85
2012-04-24,2013,2.85
2012-04-25,2013,2.85
2012-04-26,2013,2.85
2012-04-27,2013,2.85
2012-04-30,2013,2.93
2012-05-02,2013,2.85
2012-05-03,2013,2.93
2012-05-04,2013,2.85
2012-05-07,2013,2.93
2012-05-08,2013,2.93
2012-05-09,2013,2.93
2012-05-10,2013,2.93
2012-05-11,2013,3.0
2012-05-14,2013,3.0
2012-05-15,2013,3.0
2012-05-16,2013,3.0
2012-05-17,2013,3.0
2012-05-18,2013,3.0
2012-05-21,2013,3.0
2012-05-22,2013,3.0
2012-05-23,2013,3.0
2012-05-24,2013,3.0
2012-05-25,2013,3.0
2012-05-28,2013,3.0
2012-05-29,2013,3.0
2012-05-30,2013,3.0
2012-05-31,2013,3.0
2012-06-01,2013,3.0
2012-06-04,2013,3.0
2012-06-05,2013,3.0
2012-06-06,2013,3.0
2012-06-08,2013,3.0
2012-06-11,2013,3.0
2012-06-12,2013,3.0
2012-06-13,2013,3.0
2012-06-14,2013,3.0
2012-06-15,2013,2.95
2012-06-18,2013,2.95
2012-06-19,2013,2.9
2012-06-20,2013,2.88
2012-06-21,2013,2.9
2012-06-22,2013,2.9
2012-06-25,2013,2.9
2012-06-26,2013,2.95
2012-06-27,2013,2.95
2012-06-28,2013,2.95
2012-06-29,2013,2.95
2012-07-02,2013,2.9
2012-07-03,2013,2.93
2012-07-04,2013,3.0
2012-07-05,2013,3.0
2012-07-06,2013,3.0
2012-07-09,2013,3.0
2012-07-10,2013,3.0
2012-07-11,2013,3.0
2012-07-12,2013,2.93
2012-07-13,2013,2.93
2012-07-16,2013,2.83
2012-07-17,2013,2.83
2012-07-18,2013,2.83
2012-07-19,2013,2.93
2012-07-20,2013,2.93
2012-07-23,2013,2.83
2012-07-24,2013,2.83
2012-07-25,2013,2.83
2012-07-26,2013,2.83
2012-07-27,2013,2.8
2012-07-30,2013,2.8
2012-07-31,2013,2.8
2012-08-01,2013,2.8
2012-08-02,2013,2.8
2012-08-03,2013,2.8
2012-08-06,2013,2.8
2012-08-07,2013,2.8
2012-08-08,2013,2.8
2012-08-09,2013,2.8
2012-08-10,2013,2.8
2012-08-13,2013,2.8
2012-08-14,2013,2.8
2012-08-15,2013,2.8
2012-08-16,2013,2.8
2012-08-17,2013,2.8
2012-08-20,2013,2.8
2012-08-21,2013,2.8
2012-08-22,2013,2.8
2012-08-23,2013,2.8
2012-08-24,2013,2.83
2012-08-27,2013,2.83
2012-08-28,2013,2.83
2012-08-29,2013,2.83
2012-08-30,2013,2.83
2012-08-31,2013,2.83
2012-09-03,2013,2.87
2012-09-04,2013,2.87
2012-09-05,2013,2.87
2012-09-06,2013,2.87
2012-09-10,2013,2.85
2012-09-11,2013,2.85
2012-09-12,2013,2.88
2012-09-13,2013,2.85
2012-09-14,2013,2.83
2012-09-17,2013,2.8
2012-09-18,2013,2.8
2012-09-19,2013,2.8
2012-09-20,2013,2.8
2012-09-21,2013,2.8
2012-09-24,2013,2.8
2012-09-25,2013,2.8
2012-09-26,2013,2.8
2012-09-27,2013,2.8
2012-09-28,2013,2.8
2012-10-01,2013,2.8
2012-10-02,2013,2.8
2012-10-03,2013,2.8
2012-10-04,2013,2.8
2012-10-05,2013,2.8
2012-10-08,2013,2.78
2012-10-09,2013,2.78
2012-10-10,2013,2.8
2012-10-11,2013,2.8
2012-10-15,2013,2.8
2012-10-16,2013,2.78
2012-10-17,2013,2.78
2012-10-18,2013,2.75
2012-10-19,2013,2.7
2012-10-22,2013,2.7
2012-10-23,2013,2.7
2012-10-24,2013,2.7
2012-10-25,2013,2.7
2012-10-26,2013,2.7
2012-10-29,2013,2.7
2012-10-30,2013,2.7
2012-10-31,2013,2.7
2012-11-01,2013,2.7
2012-11-05,2013,2.7
2012-11-06,2013,2.7
2012-11-07,2013,2.7
2012-11-08,2013,2.7
2012-11-09,2013,2.7
2012-11-12,2013,2.7
2012-11-13,2013,2.6
2012-11-14,2013,2.6
2012-11-16,2013,2.55
2012-11-19,2013,2.65
2012-11-20,2013,2.6
2012-11-21,2013,2.6
2012-11-22,2013,2.5
2012-11-23,2013,2.5
2012-11-26,2013,2.5
2012-11-27,2013,2.5
2012-11-28,2013,2.5
2012-11-29,2013,2.5
2012-11-30,2013,2.5
2012-12-03,2013,2.5
2012-12-04,2013,2.5
2012-12-05,2013,2.5
2012-12-06,2013,2.5
2012-12-07,2013,2.5
2012-12-10,2013,2.5
2012-12-11,2013,2.5
2012-12-12,2013,2.5
2012-12-13,2013,2.5
2012-12-14,2013,2.5
2012-12-17,2013,2.5
2012-12-18,2013,2.5
2012-12-19,2013,2.5
2012-12-20,2013,2.5
2012-12-21,2013,2.5
2012-12-24,2013,2.5
2012-12-26,2013,2.5
2012-12-27,2013,2.5
2012-12-28,2013,2.5
2012-12-31,2013,2.5
2013-01-02,2013,2.5
2013-01-03,2013,2.5
2013-01-04,2013,2.5
2013-01-07,2013,2.43
2013-01-08,2013,2.43
2013-01-09,2013,2.45
2013-01-10,2013,2.45
2013-01-11,2013,2.45
2013-01-14,2013,2.45
2013-01-15,2013,2.45
2013-01-16,2013,2.4
2013-01-17,2013,2.4
2013-01-18,2013,2.4
2013-01-21,2013,2.45
2013-01-22,2013,2.3
2013-01-23,2013,2.3
2013-01-24,2013,2.3
2013-01-25,2013,2.3
2013-01-28,2013,2.3
2013-01-29,2013,2.3
2013-01-30,2013,2.3
2013-01-31,2013,2.3
2013-02-01,2013,2.3
2013-02-04,2013,2.3
2013-02-05,2013,2.3
2013-02-06,2013,2.3
2013-02-07,2013,2.3
2013-02-08,2013,2.3
2013-02-13,2013,2.3
2013-02-14,2013,2.3
2013-02-15,2013,2.3
2013-02-18,2013,2.3
2013-02-19,2013,2.3
2013-02-20,2013,2.3
2013-02-21,2013,2.3
2013-02-22,2013,2.3
2013-02-25,2013,2.3
2013-02-26,2013,2.3
2013-02-27,2013,2.3
2013-02-28,2013,2.3
2013-03-01,2013,2.3
2013-03-04,2013,2.24
2013-03-05,2013,2.2
2013-03-06,2013,2.2
2013-03-07,2013,2.2
2013-03-08,2013,2.2
2013-03-11,2013,2.2
2013-03-12,2013,2.2
2013-03-13,2013,2.2
2013-03-14,2013,2.2
2013-03-15,2013,2.2
2013-03-18,2013,2.2
2013-03-19,2013,2.2
2013-03-20,2013,2.2
2013-03-21,2013,2.2
2013-03-22,2013,2.2
2013-03-25,2013,2.2
2013-03-26,2013,2.2
2013-03-27,2013,2.2
2013-03-28,2013,2.2
2013-04-01,2013,2.2
2013-04-02,2013,2.19
2013-04-03,2013,2.2
2013-04-04,2013,2.11
2013-04-05,2013,2.11
2013-04-08,2013,2.11
2013-04-09,2013,2.1
2013-04-10,2013,2.11
2013-04-11,2013,2.1
2013-04-12,2013,2.1
2013-04-15,2013,2.1
2013-04-16,2013,2.1
2013-04-17,2013,2.1
2013-04-18,2013,2.05
2013-04-19,2013,2.05
2013-04-22,2013,2.1
2013-04-23,2013,2.0
2013-04-24,2013,2.05
2013-04-25,2013,2.0
2013-04-26,2013,2.0
2013-04-29,2013,2.0
2013-04-30,2013,2.0
2013-05-02,2013,2.0
2013-05-03,2013,2.0
2013-05-06,2013,2.0
2013-05-07,2013,2.0
2013-05-08,2013,2.0
2013-05-09,2013,2.0
2013-05-10,2013,2.0
2013-05-13,2013,1.9
2013-05-14,2013,1.8
2013-05-15,2013,1.8
2013-05-16,2013,1.8
2013-05-17,2013,1.8
2013-05-20,2013,1.8
2013-05-21,2013,1.75
2013-05-22,2013,1.75
2013-05-23,2013,1.75
2013-05-24,2013,1.8
2013-05-27,2013,1.8
2013-05-28,2013,1.7
2013-05-29,2013,1.7
2013-05-31,2013,1.7
2013-06-03,2013,1.75
2013-06-04,2013,1.75
2013-06-05,2013,1.75
2013-06-06,2013,1.8
2013-06-07,2013,1.8
2013-06-10,2013,1.7
2013-06-11,2013,1.75
2013-06-12,2013,1.75
2013-06-13,2013,1.7
2013-06-14,2013,1.7
2013-06-17,2013,1.7
2013-06-18,2013,1.7
2013-06-19,2013,1.8
2013-06-20,2013,1.8
2013-06-21,2013,1.8
2013-06-24,2013,1.8
2013-06-25,2013,1.8
2013-06-26,2013,1.8
2013-06-27,2013,1.8
2013-06-28,2013,1.8
2013-07-01,2013,1.8
2013-07-02,2013,1.8
2013-07-03,2013,1.8
2013-07-04,2013,1.8
2013-07-05,2013,1.8
2013-07-08,2013,1.8
2013-07-09,2013,1.8
2013-07-10,2013,1.8
2013-07-11,2013,1.8
2013-07-12,2013,1.76
2013-07-15,2013,1.8
2013-07-16,2013,1.8
2013-07-17,2013,1.8
2013-07-18,2013,1.72
2013-07-19,2013,1.8
2013-07-22,2013,1.7
2013-07-23,2013,1.7
2013-07-24,2013,1.7
2013-07-25,2013,1.7
2013-07-26,2013,1.7
2013-07-29,2013,1.7
2013-07-30,2013,1.7
2013-07-31,2013,1.7
2013-08-01,2013,1.7
2013-08-02,2013,1.7
2013-08-05,2013,1.7
2013-08-06,2013,1.7
2013-08-07,2013,1.7
2013-08-08,2013,1.7
2013-08-09,2013,1.7
2013-08-12,2013,1.7
2013-08-13,2013,1.7
2013-08-14,2013,1.7
2013-08-15,2013,1.7
2013-08-16,2013,1.7
2013-08-19,2013,1.7
2013-08-20,2013,1.7
2013-08-21,2013,1.7
2013-08-22,2013,1.7
2013-08-23,2013,1.7
2013-08-26,2013,1.7
2013-08-27,2013,1.7
2013-08-28,2013,1.7
2013-08-29,2013,1.7
2013-08-30,2013,1.7
2013-09-02,2013,1.7
2013-09-03,2013,1.7
2013-09-04,2013,1.7
2013-09-05,2013,1.7
2013-09-06,2013,1.7
2013-09-09,2013,1.7
2013-09-10,2013,1.7
2013-09-11,2013,1.7
2013-09-12,2013,1.7
2013-09-13,2013,1.7
2013-09-16,2013,1.7
2013-09-17,2013,1.7
2013-09-18,2013,1.7
2013-09-19,2013,1.7
2013-09-20,2013,1.7
2013-09-23,2013,1.7
2013-09-24,2013,1.7
2013-09-25,2013,1.7
2013-09-26,2013,1.7
2013-09-27,2013,1.7
2013-09-30,2013,1.7
2013-10-01,2013,1.7
2013-10-02,2013,1.7
2013-10-03,2013,1.7
2013-10-04,2013,1.7
2013-10-07,2013,1.7
2013-10-08,2013,1.7
2013-10-09,2013,1.7
2013-10-10,2013,1.7
2013-10-11,2013,1.7
2013-10-14,2013,1.7
2013-10-15,2013,1.7
2013-10-16,2013,1.7
2013-10-17,2013,1.7
2013-10-18,2013,1.7
2013-10-21,2013,1.7
2013-10-22,2013,1.7
2013-10-23,2013,1.7
2013-10-24,2013,1.7
2013-10-25,2013,1.7
2013-10-28,2013,1.7
2013-10-29,2013,1.73
2013-10-30,2013,1.73
2013-10-31,2013,1.72
2013-11-01,2013,1.7
2013-11-04,2013,1.7
2013-11-05,2013,1.7
2013-11-06,2013,1.7
2013-11-07,2013,1.7
2013-11-08,2013,1.7
2013-11-11,2013,1.7
2013-11-12,2013,1.7
2013-11-13,2013,1.7
2013-11-14,2013,1.7
2013-11-18,2013,1.7
2013-11-19,2013,1.7
2013-11-20,2013,1.7
2013-11-21,2013,1.7
2013-11-22,2013,1.7
2013-11-25,2013,1.7
2013-11-26,2013,1.7
2013-11-27,2013,1.7
2013-11-28,2013,1.7
2013-11-29,2013,1.7
2013-12-02,2013,1.7
2013-12-03,2013,1.7
2013-12-04,2013,1.7
2013-12-05,2013,1.7
2013-12-06,2013,1.7
2013-12-09,2013,1.7
2013-12-10,2013,1.7
2013-12-11,2013,1.7
2013-12-12,2013,1.7
2013-12-13,2013,1.7
2013-12-16,2013,1.7
2013-12-17,2013,1.7
2013-12-18,2013,1.7
2013-12-19,2013,1.7
2013-12-20,2013,1.7
2013-12-23,2013,1.7
2013-12-24,2013,1.7
2013-12-26,2013,1.7
2013-12-27,2013,1.75
2013-12-30,2013,1.78
2013-12-31,2013,1.78
2014-01-02,2013,1.78
2014-01-03,2013,1.78
2014-01-06,2013,1.8
2014-01-07,2013,1.8
2014-01-08,2013,1.8
2014-01-09,2013,1.8
2014-01-10,2013,1.8
2014-01-13,2013,1.8
2014-01-14,2013,1.8
2014-01-15,2013,1.8
2014-01-16,2013,1.8
2014-01-17,2013,1.8
2014-01-20,2013,1.8
2014-01-21,2013,1.8
2014-01-22,2013,1.8
2014-01-23,2013,1.8
2014-01-24,2013,1.8
2014-01-27,2013,1.8
2014-01-28,2013,1.8
2014-01-29,2013,1.8
2014-01-30,2013,1.8
2010-01-29,2014,3.5
2010-02-01,2014,3.5
2010-02-02,2014,3.4
2010-02-03,2014,3.3
2010-02-04,2014,3.25
2010-02-05,2014,3.2
2010-02-08,2014,3.2
2010-02-09,2014,3.2
2010-02-10,2014,3.2
2010-02-11,2014,3.1
2010-02-12,2014,3.0
2010-02-17,2014,3.0
2010-02-18,2014,3.0
2010-02-19,2014,3.0
2010-02-22,2014,3.0
2010-02-23,2014,3.0
2010-02-24,2014,3.0
2010-02-25,2014,3.0
2010-02-26,2014,3.0
2010-03-01,2014,3.0
2010-03-02,2014,3.0
2010-03-03,2014,3.0
2010-03-04,2014,3.0
2010-03-05,2014,3.0
2010-03-08,2014,3.0
2010-03-09,2014,3.0
2010-03-10,2014,2.75
2010-03-11,2014,2.5
2010-03-12,2014,2.75
2010-03-15,2014,3.0
2010-03-16,2014,3.0
2010-03-17,2014,3.0
2010-03-18,2014,3.0
2010-03-19,2014,2.75
2010-03-22,2014,2.75
2010-03-23,2014,2.75
2010-03-24,2014,2.8
2010-03-25,2014,2.8
2010-03-26,2014,2.8
2010-03-29,2014,2.8
2010-03-30,2014,2.8
2010-03-31,2014,2.8
2010-04-01,2014,2.9
2010-04-05,2014,2.8
2010-04-06,2014,2.8
2010-04-07,2014,2.8
2010-04-08,2014,2.8
2010-04-09,2014,2.75
2010-04-12,2014,3.0
2010-04-13,2014,3.0
2010-04-14,2014,3.0
2010-04-15,2014,2.75
2010-04-16,2014,2.75
2010-04-19,2014,3.0
2010-04-20,2014,2.5
2010-04-22,2014,2.75
2010-04-23,2014,2.75
2010-04-26,2014,3.0
2010-04-27,2014,3.0
2010-04-28,2014,3.0
2010-04-29,2014,2.75
2010-04-30,2014,2.5
2010-05-03,2014,2.5
2010-05-04,2014,2.5
2010-05-05,2014,2.65
2010-05-06,2014,2.65
2010-05-07,2014,2.65
2010-05-10,2014,2.8
2010-05-11,2014,2.8
2010-05-12,2014,2.8
2010-05-13,2014,2.65
2010-05-14,2014,2.65
2010-05-17,2014,2.8
2010-05-18,2014,2.65
2010-05-19,2014,2.65
2010-05-20,2014,2.5
2010-05-21,2014,2.5
2010-05-24,2014,2.6
2010-05-25,2014,2.6
2010-05-26,2014,2.6
2010-05-27,2014,2.7
2010-05-28,2014,2.7
2010-05-31,2014,2.9
2010-06-01,2014,2.8
2010-06-02,2014,2.8
2010-06-04,2014,2.8
2010-06-07,2014,2.8
2010-06-08,2014,2.8
2010-06-09,2014,2.8
2010-06-10,2014,2.8
2010-06-11,2014,2.8
2010-06-14,2014,2.8
2010-06-15,2014,2.8
2010-06-16,2014,2.8
2010-06-17,2014,2.8
2010-06-18,2014,2.8
2010-06-21,2014,2.8
2010-06-22,2014,2.8
2010-06-23,2014,2.8
2010-06-24,2014,2.8
2010-06-25,2014,2.8
2010-06-28,2014,2.75
2010-06-29,2014,2.75
2010-06-30,2014,2.75
2010-07-01,2014,2.75
2010-07-02,2014,2.75
2010-07-05,2014,2.7
2010-07-06,2014,2.7
2010-07-07,2014,2.7
2010-07-08,2014,2.75
2010-07-09,2014,2.75
2010-07-12,2014,2.7
2010-07-13,2014,2.7
2010-07-14,2014,2.75
2010-07-15,2014,2.75
2010-07-16,2014,2.8
2010-07-19,2014,2.8
2010-07-20,2014,2.8
2010-07-21,2014,2.8
2010-07-22,2014,2.8
2010-07-23,2014,2.8
2010-07-26,2014,2.8
2010-07-27,2014,2.8
2010-07-28,2014,2.8
2010-07-29,2014,2.8
2010-07-30,2014,2.8
2010-08-02,2014,2.8
2010-08-03,2014,2.8
2010-08-04,2014,2.8
2010-08-05,2014,2.8
2010-08-06,2014,2.8
2010-08-09,2014,2.8
2010-08-10,2014,2.8
2010-08-11,2014,2.8
2010-08-12,2014,2.8
2010-08-13,2014,2.8
2010-08-16,2014,2.8
2010-08-17,2014,2.8
2010-08-18,2014,2.8
2010-08-19,2014,2.8
2010-08-20,2014,2.8
2010-08-23,2014,2.8
2010-08-24,2014,2.8
2010-08-25,2014,2.8
2010-08-26,2014,2.8
2010-08-27,2014,2.8
2010-08-30,2014,2.8
2010-08-31,2014,2.8
2010-09-01,2014,2.8
2010-09-02,2014,2.8
2010-09-03,2014,2.8
2010-09-06,2014,2.81
2010-09-08,2014,2.81
2010-09-09,2014,2.81
2010-09-10,2014,2.8
2010-09-13,2014,2.81
2010-09-14,2014,2.81
2010-09-15,2014,2.81
2010-09-16,2014,2.81
2010-09-17,2014,2.81
2010-09-20,2014,2.91
2010-09-21,2014,2.91
2010-09-22,2014,2.91
2010-09-23,2014,2.91
2010-09-24,2014,2.91
2010-09-27,2014,2.91
2010-09-28,2014,2.91
2010-09-29,2014,2.91
2010-09-30,2014,2.9
2010-10-01,2014,2.81
2010-10-04,2014,2.81
2010-10-05,2014,2.81
2010-10-06,2014,2.81
2010-10-07,2014,2.81
2010-10-08,2014,2.81
2010-10-11,2014,2.8
2010-10-13,2014,2.81
2010-10-14,2014,2.8
2010-10-15,2014,2.8
2010-10-18,2014,2.81
2010-10-19,2014,2.81
2010-10-20,2014,2.81
2010-10-21,2014,2.81
2010-10-22,2014,2.81
2010-10-25,2014,2.81
2010-10-26,2014,2.81
2010-10-27,2014,2.81
2010-10-28,2014,2.81
2010-10-29,2014,2.81
2010-11-01,2014,2.8
2010-11-03,2014,2.81
2010-11-04,2014,2.81
2010-11-05,2014,2.81
2010-11-08,2014,2.81
2010-11-09,2014,2.81
2010-11-10,2014,2.81
2010-11-11,2014,2.81
2010-11-12,2014,2.81
2010-11-16,2014,2.8
2010-11-17,2014,2.81
2010-11-18,2014,2.81
2010-11-19,2014,2.81
2010-11-22,2014,2.81
2010-11-23,2014,2.81
2010-11-24,2014,2.81
2010-11-25,2014,2.81
2010-11-26,2014,2.81
2010-11-29,2014,2.81
2010-11-30,2014,2.81
2010-12-01,2014,2.81
2010-12-02,2014,2.81
2010-12-03,2014,2.81
2010-12-06,2014,2.9
2010-12-07,2014,2.9
2010-12-08,2014,2.9
2010-12-09,2014,2.9
2010-12-10,2014,3.0
2010-12-13,2014,3.0
2010-12-14,2014,3.0
2010-12-15,2014,3.0
2010-12-16,2014,3.0
2010-12-17,2014,3.0
2010-12-20,2014,3.0
2010-12-21,2014,3.0
2010-12-22,2014,3.0
2010-12-23,2014,2.9
2010-12-24,2014,2.9
2010-12-27,2014,2.8
2010-12-28,2014,2.8
2010-12-29,2014,3.0
2010-12-30,2014,3.0
2010-12-31,2014,3.0
2011-01-03,2014,3.0
2011-01-04,2014,3.0
2011-01-05,2014,3.0
2011-01-06,2014,3.0
2011-01-07,2014,3.0
2011-01-10,2014,3.0
2011-01-11,2014,3.0
2011-01-12,2014,3.0
2011-01-13,2014,3.0
2011-01-14,2014,3.0
2011-01-17,2014,3.0
2011-01-18,2014,3.0
2011-01-19,2014,3.0
2011-01-20,2014,3.0
2011-01-21,2014,3.0
2011-01-24,2014,3.0
2011-01-25,2014,3.0
2011-01-26,2014,3.0
2011-01-27,2014,3.0
2011-01-28,2014,3.0
2011-01-31,2014,3.0
2011-02-01,2014,3.0
2011-02-02,2014,3.0
2011-02-03,2014,3.0
2011-02-04,2014,3.0
2011-02-07,2014,3.0
2011-02-08,2014,3.0
2011-02-09,2014,3.0
2011-02-10,2014,3.0
2011-02-11,2014,3.0
2011-02-14,2014,2.9
2011-02-15,2014,2.9
2011-02-16,2014,2.9
2011-02-17,2014,2.9
2011-02-18,2014,2.8
2011-02-21,2014,2.8
2011-02-22,2014,2.9
2011-02-23,2014,2.9
2011-02-24,2014,2.9
2011-02-25,2014,3.0
2011-02-28,2014,3.0
2011-03-01,2014,3.0
2011-03-02,2014,3.0
2011-03-03,2014,3.0
2011-03-04,2014,3.0
2011-03-09,2014,3.0
2011-03-10,2014,3.0
2011-03-11,2014,3.0
2011-03-14,2014,3.0
2011-03-15,2014,3.0
2011-03-16,2014,3.0
2011-03-17,2014,3.0
2011-03-18,2014,3.0
2011-03-21,2014,3.0
2011-03-22,2014,3.0
2011-03-23,2014,3.0
2011-03-24,2014,3.0
2011-03-25,2014,3.0
2011-03-28,2014,3.0
2011-03-29,2014,3.0
2011-03-30,2014,3.0
2011-03-31,2014,3.0
2011-04-01,2014,3.0
2011-04-04,2014,3.0
2011-04-05,2014,3.0
2011-04-06,2014,3.0
2011-04-07,2014,3.0
2011-04-08,2014,2.9
2011-04-11,2014,2.9
2011-04-12,2014,2.9
2011-04-13,2014,3.0
2011-04-14,2014,3.0
2011-04-15,2014,3.0
2011-04-18,2014,3.0
2011-04-19,2014,3.0
2011-04-20,2014,3.0
2011-04-25,2014,3.0
2011-04-26,2014,3.0
2011-04-27,2014,3.0
2011-04-28,2014,2.9
2011-04-29,2014,2.9
2011-05-02,2014,2.9
2011-05-03,2014,2.9
2011-05-04,2014,2.9
2011-05-05,2014,2.9
2011-05-06,2014,2.9
2011-05-09,2014,3.0
2011-05-10,2014,3.0
2011-05-11,2014,3.0
2011-05-12,2014,3.0
2011-05-13,2014,3.0
2011-05-16,2014,3.0
2011-05-17,2014,3.0
2011-05-18,2014,3.0
2011-05-19,2014,3.0
2011-05-20,2014,3.0
2011-05-23,2014,3.0
2011-05-24,2014,3.0
2011-05-25,2014,3.0
2011-05-26,2014,3.0
2011-05-27,2014,3.0
2011-05-30,2014,3.0
2011-05-31,2014,2.9
2011-06-01,2014,2.9
2011-06-02,2014,3.0
2011-06-03,2014,3.0
2011-06-06,2014,2.9
2011-06-07,2014,2.9
2011-06-08,2014,2.9
2011-06-09,2014,2.9
2011-06-10,2014,3.0
2011-06-13,2014,3.0
2011-06-14,2014,3.0
2011-06-15,2014,2.9
2011-06-16,2014,2.9
2011-06-17,2014,2.9
2011-06-20,2014,2.9
2011-06-21,2014,2.9
2011-06-22,2014,2.9
2011-06-24,2014,2.9
2011-06-27,2014,3.0
2011-06-28,2014,3.0
2011-06-29,2014,3.0
2011-06-30,2014,3.0
2011-07-01,2014,3.0
2011-07-04,2014,3.0
2011-07-05,2014,2.8
2011-07-06,2014,2.8
2011-07-07,2014,2.9
2011-07-08,2014,2.8
2011-07-11,2014,2.9
2011-07-12,2014,2.9
2011-07-13,2014,2.9
2011-07-14,2014,2.9
2011-07-15,2014,3.0
2011-07-18,2014,2.9
2011-07-19,2014,2.9
2011-07-20,2014,2.9
2011-07-21,2014,2.8
2011-07-22,2014,2.8
2011-07-25,2014,2.8
2011-07-26,2014,2.8
2011-07-27,2014,2.8
2011-07-28,2014,2.8
2011-07-29,2014,2.8
2011-08-01,2014,2.8
2011-08-02,2014,2.8
2011-08-03,2014,2.8
2011-08-04,2014,2.8
2011-08-05,2014,2.8
2011-08-08,2014,2.9
2011-08-09,2014,2.8
2011-08-10,2014,2.8
2011-08-11,2014,2.8
2011-08-12,2014,2.8
2011-08-15,2014,2.8
2011-08-16,2014,2.8
2011-08-17,2014,2.8
2011-08-18,2014,2.8
2011-08-19,2014,2.8
2011-08-22,2014,2.8
2011-08-23,2014,2.8
2011-08-24,2014,2.8
2011-08-25,2014,2.8
2011-08-26,2014,2.8
2011-08-29,2014,2.8
2011-08-30,2014,2.8
2011-08-31,2014,2.8
2011-09-01,2014,2.8
2011-09-02,2014,2.8
2011-09-05,2014,2.8
2011-09-06,2014,2.8
2011-09-08,2014,2.8
2011-09-09,2014,2.8
2011-09-12,2014,2.8
2011-09-13,2014,2.8
2011-09-14,2014,2.8
2011-09-15,2014,2.8
2011-09-16,2014,2.8
2011-09-19,2014,2.8
2011-09-20,2014,2.8
2011-09-21,2014,2.8
2011-09-22,2014,2.8
2011-09-23,2014,2.8
2011-09-26,2014,2.78
2011-09-27,2014,2.78
2011-09-28,2014,2.78
2011-09-29,2014,2.78
2011-09-30,2014,2.78
2011-10-03,2014,2.8
2011-10-04,2014,2.8
2011-10-05,2014,2.8
2011-10-06,2014,2.8
2011-10-07,2014,2.8
2011-10-10,2014,2.8
2011-10-11,2014,2.8
2011-10-13,2014,2.8
2011-10-14,2014,2.8
2011-10-17,2014,2.8
2011-10-18,2014,2.8
2011-10-19,2014,2.8
2011-10-20,2014,2.8
2011-10-21,2014,2.8
2011-10-24,2014,2.8
2011-10-25,2014,2.8
2011-10-26,2014,2.8
2011-10-27,2014,2.8
2011-10-28,2014,2.8
2011-10-31,2014,2.8
2011-11-01,2014,2.8
2011-11-03,2014,2.8
2011-11-04,2014,2.8
2011-11-07,2014,2.8
2011-11-08,2014,2.8
2011-11-09,2014,2.8
2011-11-10,2014,2.8
2011-11-11,2014,2.8
2011-11-14,2014,2.78
2011-11-16,2014,2.8
2011-11-17,2014,2.8
2011-11-18,2014,2.8
2011-11-21,2014,2.8
2011-11-22,2014,2.8
2011-11-23,2014,2.8
2011-11-24,2014,2.8
2011-11-25,2014,2.8
2011-11-28,2014,2.8
2011-11-29,2014,2.8
2011-11-30,2014,2.8
2011-12-01,2014,2.8
2011-12-02,2014,2.8
2011-12-05,2014,2.8
2011-12-06,2014,2.8
2011-12-07,2014,2.8
2011-12-08,2014,2.8
2011-12-09,2014,2.8
2011-12-12,2014,2.8
2011-12-13,2014,2.8
2011-12-14,2014,2.8
2011-12-15,2014,2.8
2011-12-16,2014,2.8
2011-12-19,2014,2.8
2011-12-20,2014,2.8
2011-12-21,2014,2.8
2011-12-22,2014,2.8
2011-12-23,2014,2.8
2011-12-26,2014,2.8
2011-12-27,2014,2.8
2011-12-28,2014,2.8
2011-12-29,2014,2.8
2011-12-30,2014,2.8
2012-01-02,2014,2.78
2012-01-03,2014,2.78
2012-01-04,2014,2.8
2012-01-05,2014,2.8
2012-01-06,2014,2.8
2012-01-09,2014,2.5
2012-01-10,2014,2.75
2012-01-11,2014,2.75
2012-01-12,2014,2.75
2012-01-13,2014,2.8
2012-01-16,2014,2.8
2012-01-17,2014,2.78
2012-01-18,2014,2.63
2012-01-19,2014,2.63
2012-01-20,2014,2.75
2012-01-23,2014,2.75
2012-01-24,2014,2.75
2012-01-25,2014,2.75
2012-01-26,2014,2.78
2012-01-27,2014,2.75
2012-01-30,2014,2.63
2012-01-31,2014,2.75
2012-02-01,2014,2.75
2012-02-02,2014,2.75
2012-02-03,2014,2.75
2012-02-06,2014,2.63
2012-02-07,2014,2.73
2012-02-08,2014,2.73
2012-02-09,2014,2.73
2012-02-10,2014,2.75
2012-02-13,2014,2.6
2012-02-14,2014,2.6
2012-02-15,2014,2.6
2012-02-16,2014,2.69
2012-02-17,2014,2.69
2012-02-22,2014,2.7
2012-02-23,2014,2.7
2012-02-24,2014,2.7
2012-02-27,2014,2.75
2012-02-28,2014,2.75
2012-02-29,2014,2.75
2012-03-01,2014,2.75
2012-03-02,2014,2.7
2012-03-05,2014,2.7
2012-03-06,2014,2.75
2012-03-07,2014,2.7
2012-03-08,2014,2.7
2012-03-09,2014,2.7
2012-03-12,2014,2.75
2012-03-13,2014,2.7
2012-03-14,2014,2.73
2012-03-15,2014,2.8
2012-03-16,2014,2.8
2012-03-19,2014,2.8
2012-03-20,2014,2.78
2012-03-21,2014,2.75
2012-03-22,2014,2.73
2012-03-23,2014,2.73
2012-03-26,2014,2.73
2012-03-27,2014,2.73
2012-03-28,2014,2.78
2012-03-29,2014,2.75
2012-03-30,2014,2.73
2012-04-02,2014,2.7
2012-04-03,2014,2.7
2012-04-04,2014,2.7
2012-04-05,2014,2.7
2012-04-09,2014,2.7
2012-04-10,2014,2.7
2012-04-11,2014,2.7
2012-04-12,2014,2.7
2012-04-13,2014,2.73
2012-04-16,2014,2.7
2012-04-17,2014,2.75
2012-04-18,2014,2.7
2012-04-19,2014,2.7
2012-04-20,2014,2.75
2012-04-23,2014,2.75
2012-04-24,2014,2.75
2012-04-25,2014,2.75
2012-04-26,2014,2.8
2012-04-27,2014,2.8
2012-04-30,2014,2.8
2012-05-02,2014,2.8
2012-05-03,2014,2.8
2012-05-04,2014,2.8
2012-05-07,2014,2.8
2012-05-08,2014,2.78
2012-05-09,2014,2.78
2012-05-10,2014,2.78
2012-05-11,2014,2.78
2012-05-14,2014,2.78
2012-05-15,2014,2.78
2012-05-16,2014,2.78
2012-05-17,2014,2.78
2012-05-18,2014,2.78
2012-05-21,2014,2.78
2012-05-22,2014,2.78
2012-05-23,2014,2.78
2012-05-24,2014,2.8
2012-05-25,2014,2.8
2012-05-28,2014,2.8
2012-05-29,2014,2.78
2012-05-30,2014,2.78
2012-05-31,2014,2.8
2012-06-01,2014,2.8
2012-06-04,2014,2.8
2012-06-05,2014,2.8
2012-06-06,2014,2.8
2012-06-08,2014,2.8
2012-06-11,2014,2.8
2012-06-12,2014,2.8
2012-06-13,2014,2.8
2012-06-14,2014,2.8
2012-06-15,2014,2.8
2012-06-18,2014,2.8
2012-06-19,2014,2.8
2012-06-20,2014,2.8
2012-06-21,2014,2.8
2012-06-22,2014,2.8
2012-06-25,2014,2.8
2012-06-26,2014,2.8
2012-06-27,2014,2.8
2012-06-28,2014,2.8
2012-06-29,2014,2.8
2012-07-02,2014,2.8
2012-07-03,2014,2.75
2012-07-04,2014,2.75
2012-07-05,2014,2.8
2012-07-06,2014,2.78
2012-07-09,2014,2.78
2012-07-10,2014,2.78
2012-07-11,2014,2.78
2012-07-12,2014,2.75
2012-07-13,2014,2.75
2012-07-16,2014,2.73
2012-07-17,2014,2.73
2012-07-18,2014,2.73
2012-07-19,2014,2.75
2012-07-20,2014,2.75
2012-07-23,2014,2.75
2012-07-24,2014,2.75
2012-07-25,2014,2.75
2012-07-26,2014,2.75
2012-07-27,2014,2.73
2012-07-30,2014,2.78
2012-07-31,2014,2.78
2012-08-01,2014,2.8
2012-08-02,2014,2.8
2012-08-03,2014,2.78
2012-08-06,2014,2.73
2012-08-07,2014,2.78
2012-08-08,2014,2.78
2012-08-09,2014,2.73
2012-08-10,2014,2.72
2012-08-13,2014,2.74
2012-08-14,2014,2.74
2012-08-15,2014,2.72
2012-08-16,2014,2.74
2012-08-17,2014,2.74
2012-08-20,2014,2.74
2012-08-21,2014,2.78
2012-08-22,2014,2.78
2012-08-23,2014,2.78
2012-08-24,2014,2.78
2012-08-27,2014,2.78
2012-08-28,2014,2.78
2012-08-29,2014,2.74
2012-08-30,2014,2.74
2012-08-31,2014,2.74
2012-09-03,2014,2.72
2012-09-04,2014,2.72
2012-09-05,2014,2.72
2012-09-06,2014,2.74
2012-09-10,2014,2.78
2012-09-11,2014,2.78
2012-09-12,2014,2.8
2012-09-13,2014,2.78
2012-09-14,2014,2.8
2012-09-17,2014,2.8
2012-09-18,2014,2.8
2012-09-19,2014,2.8
2012-09-20,2014,2.78
2012-09-21,2014,2.75
2012-09-24,2014,2.75
2012-09-25,2014,2.78
2012-09-26,2014,2.78
2012-09-27,2014,2.75
2012-09-28,2014,2.75
2012-10-01,2014,2.78
2012-10-02,2014,2.78
2012-10-03,2014,2.78
2012-10-04,2014,2.75
2012-10-05,2014,2.75
2012-10-08,2014,2.7
2012-10-09,2014,2.7
2012-10-10,2014,2.7
2012-10-11,2014,2.7
2012-10-15,2014,2.7
2012-10-16,2014,2.7
2012-10-17,2014,2.7
2012-10-18,2014,2.7
2012-10-19,2014,2.7
2012-10-22,2014,2.7
2012-10-23,2014,2.7
2012-10-24,2014,2.7
2012-10-25,2014,2.7
2012-10-26,2014,2.7
2012-10-29,2014,2.7
2012-10-30,2014,2.7
2012-10-31,2014,2.7
2012-11-01,2014,2.7
2012-11-05,2014,2.7
2012-11-06,2014,2.7
2012-11-07,2014,2.7
2012-11-08,2014,2.7
2012-11-09,2014,2.7
2012-11-12,2014,2.7
2012-11-13,2014,2.65
2012-11-14,2014,2.65
2012-11-16,2014,2.65
2012-11-19,2014,2.7
2012-11-20,2014,2.65
2012-11-21,2014,2.65
2012-11-22,2014,2.5
2012-11-23,2014,2.5
2012-11-26,2014,2.5
2012-11-27,2014,2.5
2012-11-28,2014,2.5
2012-11-29,2014,2.5
2012-11-30,2014,2.5
2012-12-03,2014,2.5
2012-12-04,2014,2.5
2012-12-05,2014,2.5
2012-12-06,2014,2.5
2012-12-07,2014,2.5
2012-12-10,2014,2.5
2012-12-11,2014,2.5
2012-12-12,2014,2.5
2012-12-13,2014,2.5
2012-12-14,2014,2.5
2012-12-17,2014,2.5
2012-12-18,2014,2.5
2012-12-19,2014,2.5
2012-12-20,2014,2.5
2012-12-21,2014,2.5
2012-12-24,2014,2.5
2012-12-26,2014,2.5
2012-12-27,2014,2.5
2012-12-28,2014,2.5
2012-12-31,2014,2.5
2013-01-02,2014,2.5
2013-01-03,2014,2.5
2013-01-04,2014,2.5
2013-01-07,2014,2.5
2013-01-08,2014,2.5
2013-01-09,2014,2.5
2013-01-10,2014,2.5
2013-01-11,2014,2.5
2013-01-14,2014,2.5
2013-01-15,2014,2.5
2013-01-16,2014,2.5
2013-01-17,2014,2.5
2013-01-18,2014,2.5
2013-01-21,2014,2.5
2013-01-22,2014,2.5
2013-01-23,2014,2.5
2013-01-24,2014,2.5
2013-01-25,2014,2.5
2013-01-28,2014,2.5
2013-01-29,2014,2.5
2013-01-30,2014,2.5
2013-01-31,2014,2.5
2013-02-01,2014,2.5
2013-02-04,2014,2.5
2013-02-05,2014,2.5
2013-02-06,2014,2.4
2013-02-07,2014,2.4
2013-02-08,2014,2.4
2013-02-13,2014,2.4
2013-02-14,2014,2.4
2013-02-15,2014,2.4
2013-02-18,2014,2.4
2013-02-19,2014,2.4
2013-02-20,2014,2.4
2013-02-21,2014,2.4
2013-02-22,2014,2.4
2013-02-25,2014,2.4
2013-02-26,2014,2.4
2013-02-27,2014,2.4
2013-02-28,2014,2.4
2013-03-01,2014,2.4
2013-03-04,2014,2.35
2013-03-05,2014,2.3
2013-03-06,2014,2.25
2013-03-07,2014,2.3
2013-03-08,2014,2.3
2013-03-11,2014,2.35
2013-03-12,2014,2.35
2013-03-13,2014,2.35
2013-03-14,2014,2.3
2013-03-15,2014,2.3
2013-03-18,2014,2.3
2013-03-19,2014,2.3
2013-03-20,2014,2.3
2013-03-21,2014,2.3
2013-03-22,2014,2.3
2013-03-25,2014,2.25
2013-03-26,2014,2.25
2013-03-27,2014,2.25
2013-03-28,2014,2.3
2013-04-01,2014,2.2
2013-04-02,2014,2.1
2013-04-03,2014,2.15
2013-04-04,2014,2.1
2013-04-05,2014,2.1
2013-04-08,2014,2.1
2013-04-09,2014,2.1
2013-04-10,2014,2.1
2013-04-11,2014,2.1
2013-04-12,2014,2.1
2013-04-15,2014,2.1
2013-04-16,2014,2.1
2013-04-17,2014,2.0
2013-04-18,2014,2.0
2013-04-19,2014,2.0
2013-04-22,2014,2.0
2013-04-23,2014,2.0
2013-04-24,2014,2.0
2013-04-25,2014,2.0
2013-04-26,2014,2.0
2013-04-29,2014,2.0
2013-04-30,2014,2.0
2013-05-02,2014,2.0
2013-05-03,2014,2.0
2013-05-06,2014,2.0
2013-05-07,2014,2.0
2013-05-08,2014,2.0
2013-05-09,2014,2.0
2013-05-10,2014,2.0
2013-05-13,2014,1.8
2013-05-14,2014,1.8
2013-05-15,2014,1.8
2013-05-16,2014,1.8
2013-05-17,2014,1.8
2013-05-20,2014,1.7
2013-05-21,2014,1.65
2013-05-22,2014,1.65
2013-05-23,2014,1.65
2013-05-24,2014,1.7
2013-05-27,2014,1.65
2013-05-28,2014,1.55
2013-05-29,2014,1.55
2013-05-31,2014,1.55
2013-06-03,2014,1.6
2013-06-04,2014,1.6
2013-06-05,2014,1.6
2013-06-06,2014,1.6
2013-06-07,2014,1.6
2013-06-10,2014,1.55
2013-06-11,2014,1.6
2013-06-12,2014,1.6
2013-06-13,2014,1.5
2013-06-14,2014,1.6
2013-06-17,2014,1.55
2013-06-18,2014,1.55
2013-06-19,2014,1.55
2013-06-20,2014,1.55
2013-06-21,2014,1.5
2013-06-24,2014,1.5
2013-06-25,2014,1.5
2013-06-26,2014,1.5
2013-06-27,2014,1.54
2013-06-28,2014,1.58
2013-07-01,2014,1.58
2013-07-02,2014,1.59
2013-07-03,2014,1.54
2013-07-04,2014,1.54
2013-07-05,2014,1.54
2013-07-08,2014,1.5
2013-07-09,2014,1.5
2013-07-10,2014,1.5
2013-07-11,2014,1.5
2013-07-12,2014,1.5
2013-07-15,2014,1.5
2013-07-16,2014,1.5
2013-07-17,2014,1.5
2013-07-18,2014,1.5
2013-07-19,2014,1.54
2013-07-22,2014,1.5
2013-07-23,2014,1.5
2013-07-24,2014,1.5
2013-07-25,2014,1.5
2013-07-26,2014,1.5
2013-07-29,2014,1.5
2013-07-30,2014,1.45
2013-07-31,2014,1.45
2013-08-01,2014,1.4
2013-08-02,2014,1.4
2013-08-05,2014,1.4
2013-08-06,2014,1.45
2013-08-07,2014,1.45
2013-08-08,2014,1.45
2013-08-09,2014,1.45
2013-08-12,2014,1.45
2013-08-13,2014,1.5
2013-08-14,2014,1.4
2013-08-15,2014,1.5
2013-08-16,2014,1.45
2013-08-19,2014,1.4
2013-08-20,2014,1.4
2013-08-21,2014,1.4
2013-08-22,2014,1.4
2013-08-23,2014,1.4
2013-08-26,2014,1.4
2013-08-27,2014,1.4
2013-08-28,2014,1.4
2013-08-29,2014,1.4
2013-08-30,2014,1.4
2013-09-02,2014,1.45
2013-09-03,2014,1.5
2013-09-04,2014,1.45
2013-09-05,2014,1.4
2013-09-06,2014,1.4
2013-09-09,2014,1.5
2013-09-10,2014,1.5
2013-09-11,2014,1.5
2013-09-12,2014,1.45
2013-09-13,2014,1.45
2013-09-16,2014,1.4
2013-09-17,2014,1.5
2013-09-18,2014,1.5
2013-09-19,2014,1.5
2013-09-20,2014,1.5
2013-09-23,2014,1.5
2013-09-24,2014,1.5
2013-09-25,2014,1.5
2013-09-26,2014,1.5
2013-09-27,2014,1.5
2013-09-30,2014,1.5
2013-10-01,2014,1.5
2013-10-02,2014,1.5
2013-10-03,2014,1.5
2013-10-04,2014,1.5
2013-10-07,2014,1.5
2013-10-08,2014,1.5
2013-10-09,2014,1.5
2013-10-10,2014,1.5
2013-10-11,2014,1.5
2013-10-14,2014,1.5
2013-10-15,2014,1.5
2013-10-16,2014,1.5
2013-10-17,2014,1.5
2013-10-18,2014,1.5
2013-10-21,2014,1.5
2013-10-22,2014,1.5
2013-10-23,2014,1.5
2013-10-24,2014,1.5
2013-10-25,2014,1.5
2013-10-28,2014,1.5
2013-10-29,2014,1.5
2013-10-30,2014,1.5
2013-10-31,2014,1.5
2013-11-01,2014,1.5
2013-11-04,2014,1.45
2013-11-05,2014,1.5
2013-11-06,2014,1.45
2013-11-07,2014,1.5
2013-11-08,2014,1.45
2013-11-11,2014,1.5
2013-11-12,2014,1.45
2013-11-13,2014,1.5
2013-11-14,2014,1.5
2013-11-18,2014,1.5
2013-11-19,2014,1.5
2013-11-20,2014,1.5
2013-11-21,2014,1.5
2013-11-22,2014,1.5
2013-11-25,2014,1.5
2013-11-26,2014,1.5
2013-11-27,2014,1.5
2013-11-28,2014,1.5
2013-11-29,2014,1.5
2013-12-02,2014,1.5
2013-12-03,2014,1.5
2013-12-04,2014,1.45
2013-12-05,2014,1.45
2013-12-06,2014,1.5
2013-12-09,2014,1.5
2013-12-10,2014,1.5
2013-12-11,2014,1.45
2013-12-12,2014,1.45
2013-12-13,2014,1.45
2013-12-16,2014,1.5
2013-12-17,2014,1.45
2013-12-18,2014,1.45
2013-12-19,2014,1.5
2013-12-20,2014,1.5
2013-12-23,2014,1.5
2013-12-24,2014,1.5
2013-12-26,2014,1.5
2013-12-27,2014,1.45
2013-12-30,2014,1.4
2013-12-31,2014,1.4
2014-01-02,2014,1.4
2014-01-03,2014,1.4
2014-01-06,2014,1.5
2014-01-07,2014,1.5
2014-01-08,2014,1.5
2014-01-09,2014,1.5
2014-01-10,2014,1.45
2014-01-13,2014,1.5
2014-01-14,2014,1.4
2014-01-15,2014,1.4
2014-01-16,2014,1.4
2014-01-17,2014,1.4
2014-01-20,2014,1.4
2014-01-21,2014,1.4
2014-01-22,2014,1.4
2014-01-23,2014,1.4
2014-01-24,2014,1.4
2014-01-27,2014,1.4
2014-01-28,2014,1.4
2014-01-29,2014,1.4
2014-01-30,2014,1.45
2014-01-31,2014,1.5
2014-02-03,2014,1.5
2014-02-04,2014,1.5
2014-02-05,2014,1.5
2014-02-06,2014,1.5
2014-02-07,2014,1.45
2014-02-10,2014,1.5
2014-02-11,2014,1.5
2014-02-12,2014,1.5
2014-02-13,2014,1.5
2014-02-14,2014,1.5
2014-02-17,2014,1.5
2014-02-18,2014,1.5
2014-02-19,2014,1.5
2014-02-20,2014,1.45
2014-02-21,2014,1.4
2014-02-24,2014,1.5
2014-02-25,2014,1.5
2014-02-26,2014,1.45
2014-02-27,2014,1.45
2014-02-28,2014,1.4
2014-03-05,2014,1.4
2014-03-06,2014,1.45
2014-03-07,2014,1.4
2014-03-10,2014,1.4
2014-03-11,2014,1.5
2014-03-12,2014,1.5
2014-03-13,2014,1.45
2014-03-14,2014,1.5
2014-03-17,2014,1.45
2014-03-18,2014,1.5
2014-03-19,2014,1.5
2014-03-20,2014,1.5
2014-03-21,2014,1.5
2014-03-24,2014,1.5
2014-03-25,2014,1.5
2014-03-26,2014,1.5
2014-03-27,2014,1.5
2014-03-28,2014,1.5
2014-03-31,2014,1.5
2014-04-01,2014,1.5
2014-04-02,2014,1.5
2014-04-03,2014,1.5
2014-04-04,2014,1.5
2014-04-07,2014,1.5
2014-04-08,2014,1.5
2014-04-09,2014,1.5
2014-04-10,2014,1.5
2014-04-11,2014,1.5
2014-04-14,2014,1.5
2014-04-15,2014,1.5
2014-04-16,2014,1.5
2014-04-17,2014,1.5
2014-04-22,2014,1.5
2014-04-23,2014,1.5
2014-04-24,2014,1.5
2014-04-25,2014,1.5
2014-04-28,2014,1.5
2014-04-29,2014,1.5
2014-04-30,2014,1.5
2014-05-02,2014,1.5
2014-05-05,2014,1.5
2014-05-06,2014,1.5
2014-05-07,2014,1.5
2014-05-08,2014,1.5
2014-05-09,2014,1.5
2014-05-12,2014,1.5
2014-05-13,2014,1.5
2014-05-14,2014,1.5
2014-05-15,2014,1.5
2014-05-16,2014,1.5
2014-05-19,2014,1.5
2014-05-20,2014,1.5
2014-05-21,2014,1.5
2014-05-22,2014,1.5
2014-05-23,2014,1.5
2014-05-26,2014,1.5
2014-05-27,2014,1.5
2014-05-28,2014,1.5
2014-05-29,2014,1.5
2014-05-30,2014,1.5
2014-06-02,2014,1.4
2014-06-03,2014,1.45
2014-06-04,2014,1.45
2014-06-05,2014,1.5
2014-06-06,2014,1.5
2014-06-09,2014,1.5
2014-06-10,2014,1.5
2014-06-11,2014,1.5
2014-06-12,2014,1.5
2014-06-13,2014,1.5
2014-06-16,2014,1.5
2014-06-17,2014,1.5
2014-06-18,2014,1.45
2014-06-20,2014,1.5
2014-06-23,2014,1.5
2014-06-24,2014,1.5
2014-06-25,2014,1.5
2014-06-26,2014,1.5
2014-06-27,2014,1.5
2014-06-30,2014,1.4
2014-07-01,2014,1.4
2014-07-02,2014,1.45
2014-07-03,2014,1.5
2014-07-04,2014,1.4
2014-07-07,2014,1.4
2014-07-08,2014,1.4
2014-07-09,2014,1.4
2014-07-10,2014,1.4
2014-07-11,2014,1.3
2014-07-14,2014,1.4
2014-07-15,2014,1.4
2014-07-16,2014,1.4
2014-07-17,2014,1.35
2014-07-18,2014,1.3
2014-07-21,2014,1.3
2014-07-22,2014,1.3
2014-07-23,2014,1.3
2014-07-24,2014,1.3
2014-07-25,2014,1.3
2014-07-28,2014,1.3
2014-07-29,2014,1.3
2014-07-30,2014,1.3
2014-07-31,2014,1.3
2014-08-01,2014,1.3
2014-08-04,2014,1.3
2014-08-05,2014,1.3
2014-08-06,2014,1.3
2014-08-07,2014,1.3
2014-08-08,2014,1.3
2014-08-11,2014,1.3
2014-08-12,2014,1.3
2014-08-13,2014,1.3
2014-08-14,2014,1.3
2014-08-15,2014,1.3
2014-08-18,2014,1.3
2014-08-19,2014,1.3
2014-08-20,2014,1.3
2014-08-21,2014,1.3
2014-08-22,2014,1.3
2014-08-25,2014,1.3
2014-08-26,2014,1.3
2014-08-27,2014,1.3
2014-08-28,2014,1.3
2014-08-29,2014,1.3
2014-09-01,2014,1.3
2014-09-02,2014,1.3
2014-09-03,2014,1.3
2014-09-04,2014,1.3
2014-09-05,2014,1.3
2014-09-08,2014,1.3
2014-09-09,2014,1.3
2014-09-10,2014,1.3
2014-09-11,2014,1.3
2014-09-12,2014,1.23
2014-09-15,2014,1.2
2014-09-16,2014,1.2
2014-09-17,2014,1.2
2014-09-18,2014,1.2
2014-09-19,2014,1.2
2014-09-22,2014,1.2
2014-09-23,2014,1.2
2014-09-24,2014,1.2
2014-09-25,2014,1.1
2014-09-26,2014,1.1
2014-09-29,2014,1.15
2014-09-30,2014,1.1
2014-10-01,2014,1.1
2014-10-02,2014,1.1
2014-10-03,2014,1.0
2014-10-06,2014,1.0
2014-10-07,2014,1.0
2014-10-08,2014,1.0
2014-10-09,2014,1.0
2014-10-10,2014,1.0
2014-10-13,2014,1.0
2014-10-14,2014,1.0
2014-10-15,2014,1.0
2014-10-16,2014,1.0
2014-10-17,2014,1.0
2014-10-20,2014,0.95
2014-10-21,2014,0.95
2014-10-22,2014,0.95
2014-10-23,2014,0.95
2014-10-24,2014,0.9
2014-10-27,2014,0.9
2014-10-28,2014,0.9
2014-10-29,2014,0.9
2014-10-30,2014,0.9
2014-10-31,2014,0.85
2014-11-03,2014,0.8
2014-11-04,2014,0.8
2014-11-05,2014,0.75
2014-11-06,2014,0.7
2014-11-07,2014,0.7
2014-11-10,2014,0.55
2014-11-11,2014,0.5
2014-11-12,2014,0.5
2014-11-13,2014,0.5
2014-11-14,2014,0.5
2014-11-17,2014,0.5
2014-11-18,2014,0.5
2014-11-19,2014,0.5
2014-11-20,2014,0.45
2014-11-21,2014,0.4
2014-11-24,2014,0.3
2014-11-25,2014,0.3
2014-11-26,2014,0.3
2014-11-27,2014,0.2
2014-11-28,2014,0.2
2014-12-01,2014,0.2
2014-12-02,2014,0.2
2014-12-03,2014,0.2
2014-12-04,2014,0.2
2014-12-05,2014,0.2
2014-12-08,2014,0.2
2014-12-09,2014,0.2
2014-12-10,2014,0.2
2014-12-11,2014,0.18
2014-12-12,2014,0.18
2014-12-15,2014,0.15
2014-12-16,2014,0.13
2014-12-17,2014,0.1
2014-12-18,2014,0.1
2014-12-19,2014,0.1
2014-12-22,2014,0.1
2014-12-23,2014,0.1
2014-12-24,2014,0.1
2014-12-26,2014,0.1
2014-12-29,2014,0.1
2014-12-30,2014,0.0
2014-12-31,2014,0.0
2015-01-02,2014,0.0
2015-01-05,2014,0.0
2015-01-06,2014,0.0
2015-01-07,2014,0.0
2015-01-08,2014,0.0
2015-01-09,2014,0.0
2015-01-12,2014,0.0
2015-01-13,2014,0.0
2015-01-14,2014,0.0
2015-01-15,2014,0.0
2015-01-16,2014,0.0
2015-01-19,2014,0.0
2015-01-20,2014,0.0
2015-01-21,2014,0.0
2015-01-22,2014,0.0
2015-01-23,2014,0.0
2015-01-26,2014,0.0
2015-01-27,2014,0.0
2015-01-28,2014,0.0
2015-01-29,2014,0.0
2011-01-31,2015,2.5
2011-02-01,2015,2.5
2011-02-02,2015,2.5
2011-02-03,2015,2.5
2011-02-04,2015,3.0
2011-02-07,2015,3.0
2011-02-08,2015,2.75
2011-02-09,2015,2.8
2011-02-10,2015,2.5
2011-02-11,2015,2.8
2011-02-14,2015,2.5
2011-02-15,2015,2.7
2011-02-16,2015,2.75
2011-02-17,2015,2.75
2011-02-18,2015,2.75
2011-02-21,2015,2.75
2011-02-22,2015,2.8
2011-02-23,2015,2.8
2011-02-24,2015,2.8
2011-02-25,2015,2.8
2011-02-28,2015,2.8
2011-03-01,2015,2.8
2011-03-02,2015,2.8
2011-03-03,2015,2.8
2011-03-04,2015,2.8
2011-03-09,2015,2.8
2011-03-10,2015,2.8
2011-03-11,2015,2.8
2011-03-14,2015,2.8
2011-03-15,2015,2.8
2011-03-16,2015,2.8
2011-03-17,2015,2.8
2011-03-18,2015,2.8
2011-03-21,2015,2.9
2011-03-22,2015,2.8
2011-03-23,2015,2.8
2011-03-24,2015,2.8
2011-03-25,2015,2.8
2011-03-28,2015,2.8
2011-03-29,2015,2.8
2011-03-30,2015,2.8
2011-03-31,2015,2.8
2011-04-01,2015,2.8
2011-04-04,2015,2.8
2011-04-05,2015,2.85
2011-04-06,2015,2.85
2011-04-07,2015,2.85
2011-04-08,2015,2.8
2011-04-11,2015,2.8
2011-04-12,2015,2.8
2011-04-13,2015,2.8
2011-04-14,2015,2.8
2011-04-15,2015,2.8
2011-04-18,2015,2.8
2011-04-19,2015,2.8
2011-04-20,2015,2.8
2011-04-25,2015,2.85
2011-04-26,2015,2.8
2011-04-27,2015,2.8
2011-04-28,2015,2.8
2011-04-29,2015,2.8
2011-05-02,2015,2.8
2011-05-03,2015,2.8
2011-05-04,2015,2.8
2011-05-05,2015,2.8
2011-05-06,2015,2.8
2011-05-09,2015,2.8
2011-05-10,2015,2.9
2011-05-11,2015,2.9
2011-05-12,2015,2.95
2011-05-13,2015,2.95
2011-05-16,2015,2.95
2011-05-17,2015,2.95
2011-05-18,2015,2.95
2011-05-19,2015,2.95
2011-05-20,2015,2.95
2011-05-23,2015,2.95
2011-05-24,2015,2.95
2011-05-25,2015,2.95
2011-05-26,2015,2.95
2011-05-27,2015,3.0
2011-05-30,2015,2.95
2011-05-31,2015,2.9
2011-06-01,2015,2.9
2011-06-02,2015,2.95
2011-06-03,2015,2.95
2011-06-06,2015,2.9
2011-06-07,2015,2.9
2011-06-08,2015,2.9
2011-06-09,2015,2.9
2011-06-10,2015,2.9
2011-06-13,2015,2.9
2011-06-14,2015,2.9
2011-06-15,2015,2.85
2011-06-16,2015,2.85
2011-06-17,2015,2.85
2011-06-20,2015,2.85
2011-06-21,2015,2.85
2011-06-22,2015,2.85
2011-06-24,2015,2.85
2011-06-27,2015,2.9
2011-06-28,2015,2.9
2011-06-29,2015,2.9
2011-06-30,2015,2.95
2011-07-01,2015,2.95
2011-07-04,2015,2.9
2011-07-05,2015,2.8
2011-07-06,2015,2.8
2011-07-07,2015,2.85
2011-07-08,2015,2.8
2011-07-11,2015,2.85
2011-07-12,2015,2.85
2011-07-13,2015,2.85
2011-07-14,2015,2.85
2011-07-15,2015,2.8
2011-07-18,2015,2.8
2011-07-19,2015,2.8
2011-07-20,2015,2.8
2011-07-21,2015,2.8
2011-07-22,2015,2.8
2011-07-25,2015,2.8
2011-07-26,2015,2.8
2011-07-27,2015,2.8
2011-07-28,2015,2.8
2011-07-29,2015,2.8
2011-08-01,2015,2.8
2011-08-02,2015,2.8
2011-08-03,2015,2.8
2011-08-04,2015,2.8
2011-08-05,2015,2.8
2011-08-08,2015,2.7
2011-08-09,2015,2.6
2011-08-10,2015,2.6
2011-08-11,2015,2.6
2011-08-12,2015,2.7
2011-08-15,2015,2.7
2011-08-16,2015,2.7
2011-08-17,2015,2.7
2011-08-18,2015,2.8
2011-08-19,2015,2.8
2011-08-22,2015,2.8
2011-08-23,2015,2.8
2011-08-24,2015,2.8
2011-08-25,2015,2.8
2011-08-26,2015,2.8
2011-08-29,2015,2.8
2011-08-30,2015,2.8
2011-08-31,2015,2.8
2011-09-01,2015,2.8
2011-09-02,2015,2.8
2011-09-05,2015,2.8
2011-09-06,2015,2.8
2011-09-08,2015,2.8
2011-09-09,2015,2.8
2011-09-12,2015,2.78
2011-09-13,2015,2.8
2011-09-14,2015,2.8
2011-09-15,2015,2.8
2011-09-16,2015,2.8
2011-09-19,2015,2.8
2011-09-20,2015,2.8
2011-09-21,2015,2.8
2011-09-22,2015,2.8
2011-09-23,2015,2.8
2011-09-26,2015,2.78
2011-09-27,2015,2.78
2011-09-28,2015,2.78
2011-09-29,2015,2.78
2011-09-30,2015,2.78
2011-10-03,2015,2.8
2011-10-04,2015,2.8
2011-10-05,2015,2.8
2011-10-06,2015,2.8
2011-10-07,2015,2.8
2011-10-10,2015,2.8
2011-10-11,2015,2.78
2011-10-13,2015,2.8
2011-10-14,2015,2.8
2011-10-17,2015,2.8
2011-10-18,2015,2.8
2011-10-19,2015,2.8
2011-10-20,2015,2.7
2011-10-21,2015,2.7
2011-10-24,2015,2.8
2011-10-25,2015,2.8
2011-10-26,2015,2.8
2011-10-27,2015,2.8
2011-10-28,2015,2.7
2011-10-31,2015,2.7
2011-11-01,2015,2.75
2011-11-03,2015,2.75
2011-11-04,2015,2.75
2011-11-07,2015,2.78
2011-11-08,2015,2.75
2011-11-09,2015,2.75
2011-11-10,2015,2.78
2011-11-11,2015,2.78
2011-11-14,2015,2.68
2011-11-16,2015,2.75
2011-11-17,2015,2.75
2011-11-18,2015,2.78
2011-11-21,2015,2.8
2011-11-22,2015,2.8
2011-11-23,2015,2.8
2011-11-24,2015,2.8
2011-11-25,2015,2.8
2011-11-28,2015,2.8
2011-11-29,2015,2.78
2011-11-30,2015,2.78
2011-12-01,2015,2.78
2011-12-02,2015,2.8
2011-12-05,2015,2.8
2011-12-06,2015,2.78
2011-12-07,2015,2.78
2011-12-08,2015,2.78
2011-12-09,2015,2.8
2011-12-12,2015,2.8
2011-12-13,2015,2.8
2011-12-14,2015,2.8
2011-12-15,2015,2.8
2011-12-16,2015,2.8
2011-12-19,2015,2.8
2011-12-20,2015,2.8
2011-12-21,2015,2.8
2011-12-22,2015,2.8
2011-12-23,2015,2.8
2011-12-26,2015,2.8
2011-12-27,2015,2.8
2011-12-28,2015,2.8
2011-12-29,2015,2.8
2011-12-30,2015,2.8
2012-01-02,2015,2.8
2012-01-03,2015,2.8
2012-01-04,2015,2.78
2012-01-05,2015,2.78
2012-01-06,2015,2.8
2012-01-09,2015,2.6
2012-01-10,2015,2.68
2012-01-11,2015,2.68
2012-01-12,2015,2.68
2012-01-13,2015,2.8
2012-01-16,2015,2.8
2012-01-17,2015,2.8
2012-01-18,2015,2.75
2012-01-19,2015,2.75
2012-01-20,2015,2.78
2012-01-23,2015,2.8
2012-01-24,2015,2.8
2012-01-25,2015,2.8
2012-01-26,2015,2.8
2012-01-27,2015,2.8
2012-01-30,2015,2.8
2012-01-31,2015,2.8
2012-02-01,2015,2.8
2012-02-02,2015,2.8
2012-02-03,2015,2.8
2012-02-06,2015,2.8
2012-02-07,2015,2.8
2012-02-08,2015,2.8
2012-02-09,2015,2.8
2012-02-10,2015,2.8
2012-02-13,2015,2.8
2012-02-14,2015,2.8
2012-02-15,2015,2.8
2012-02-16,2015,2.8
2012-02-17,2015,2.8
2012-02-22,2015,2.8
2012-02-23,2015,2.8
2012-02-24,2015,2.8
2012-02-27,2015,2.8
2012-02-28,2015,2.8
2012-02-29,2015,2.8
2012-03-01,2015,2.8
2012-03-02,2015,2.8
2012-03-05,2015,2.8
2012-03-06,2015,2.8
2012-03-07,2015,2.8
2012-03-08,2015,2.8
2012-03-09,2015,2.8
2012-03-12,2015,2.8
2012-03-13,2015,2.8
2012-03-14,2015,2.8
2012-03-15,2015,2.8
2012-03-16,2015,2.8
2012-03-19,2015,2.8
2012-03-20,2015,2.8
2012-03-21,2015,2.8
2012-03-22,2015,2.8
2012-03-23,2015,2.8
2012-03-26,2015,2.8
2012-03-27,2015,2.8
2012-03-28,2015,2.8
2012-03-29,2015,2.8
2012-03-30,2015,2.8
2012-04-02,2015,2.8
2012-04-03,2015,2.8
2012-04-04,2015,2.8
2012-04-05,2015,2.8
2012-04-09,2015,2.8
2012-04-10,2015,2.8
2012-04-11,2015,2.8
2012-04-12,2015,2.8
2012-04-13,2015,2.78
2012-04-16,2015,2.75
2012-04-17,2015,2.8
2012-04-18,2015,2.8
2012-04-19,2015,2.8
2012-04-20,2015,2.8
2012-04-23,2015,2.8
2012-04-24,2015,2.8
2012-04-25,2015,2.8
2012-04-26,2015,2.8
2012-04-27,2015,2.8
2012-04-30,2015,2.8
2012-05-02,2015,2.8
2012-05-03,2015,2.8
2012-05-04,2015,2.8
2012-05-07,2015,2.8
2012-05-08,2015,2.8
2012-05-09,2015,2.8
2012-05-10,2015,2.8
2012-05-11,2015,2.8
2012-05-14,2015,2.8
2012-05-15,2015,2.8
2012-05-16,2015,2.8
2012-05-17,2015,2.8
2012-05-18,2015,2.8
2012-05-21,2015,2.8
2012-05-22,2015,2.8
2012-05-23,2015,2.8
2012-05-24,2015,2.8
2012-05-25,2015,2.8
2012-05-28,2015,2.8
2012-05-29,2015,2.8
2012-05-30,2015,2.8
2012-05-31,2015,2.8
2012-06-01,2015,2.8
2012-06-04,2015,2.8
2012-06-05,2015,2.8
2012-06-06,2015,2.8
2012-06-08,2015,2.8
2012-06-11,2015,2.8
2012-06-12,2015,2.8
2012-06-13,2015,2.8
2012-06-14,2015,2.8
2012-06-15,2015,2.8
2012-06-18,2015,2.8
2012-06-19,2015,2.8
2012-06-20,2015,2.8
2012-06-21,2015,2.8
2012-06-22,2015,2.8
2012-06-25,2015,2.8
2012-06-26,2015,2.8
2012-06-27,2015,2.8
2012-06-28,2015,2.8
2012-06-29,2015,2.8
2012-07-02,2015,2.8
2012-07-03,2015,2.8
2012-07-04,2015,2.8
2012-07-05,2015,2.8
2012-07-06,2015,2.8
2012-07-09,2015,2.8
2012-07-10,2015,2.8
2012-07-11,2015,2.8
2012-07-12,2015,2.78
2012-07-13,2015,2.78
2012-07-16,2015,2.75
2012-07-17,2015,2.75
2012-07-18,2015,2.75
2012-07-19,2015,2.75
2012-07-20,2015,2.75
2012-07-23,2015,2.78
2012-07-24,2015,2.78
2012-07-25,2015,2.78
2012-07-26,2015,2.78
2012-07-27,2015,2.75
2012-07-30,2015,2.65
2012-07-31,2015,2.65
2012-08-01,2015,2.7
2012-08-02,2015,2.7
2012-08-03,2015,2.73
2012-08-06,2015,2.65
2012-08-07,2015,2.73
2012-08-08,2015,2.73
2012-08-09,2015,2.73
2012-08-10,2015,2.7
2012-08-13,2015,2.73
2012-08-14,2015,2.73
2012-08-15,2015,2.7
2012-08-16,2015,2.73
2012-08-17,2015,2.78
2012-08-20,2015,2.78
2012-08-21,2015,2.8
2012-08-22,2015,2.8
2012-08-23,2015,2.8
2012-08-24,2015,2.8
2012-08-27,2015,2.8
2012-08-28,2015,2.8
2012-08-29,2015,2.78
2012-08-30,2015,2.78
2012-08-31,2015,2.78
2012-09-03,2015,2.75
2012-09-04,2015,2.75
2012-09-05,2015,2.75
2012-09-06,2015,2.78
2012-09-10,2015,2.8
2012-09-11,2015,2.8
2012-09-12,2015,2.8
2012-09-13,2015,2.8
2012-09-14,2015,2.8
2012-09-17,2015,2.8
2012-09-18,2015,2.78
2012-09-19,2015,2.78
2012-09-20,2015,2.75
2012-09-21,2015,2.73
2012-09-24,2015,2.78
2012-09-25,2015,2.8
2012-09-26,2015,2.8
2012-09-27,2015,2.8
2012-09-28,2015,2.8
2012-10-01,2015,2.8
2012-10-02,2015,2.8
2012-10-03,2015,2.8
2012-10-04,2015,2.8
2012-10-05,2015,2.8
2012-10-08,2015,2.73
2012-10-09,2015,2.73
2012-10-10,2015,2.73
2012-10-11,2015,2.75
2012-10-15,2015,2.73
2012-10-16,2015,2.7
2012-10-17,2015,2.7
2012-10-18,2015,2.7
2012-10-19,2015,2.7
2012-10-22,2015,2.7
2012-10-23,2015,2.7
2012-10-24,2015,2.7
2012-10-25,2015,2.7
2012-10-26,2015,2.7
2012-10-29,2015,2.7
2012-10-30,2015,2.7
2012-10-31,2015,2.7
2012-11-01,2015,2.7
2012-11-05,2015,2.7
2012-11-06,2015,2.7
2012-11-07,2015,2.7
2012-11-08,2015,2.7
2012-11-09,2015,2.7
2012-11-12,2015,2.7
2012-11-13,2015,2.7
2012-11-14,2015,2.7
2012-11-16,2015,2.7
2012-11-19,2015,2.7
2012-11-20,2015,2.7
2012-11-21,2015,2.7
2012-11-22,2015,2.7
2012-11-23,2015,2.7
2012-11-26,2015,2.7
2012-11-27,2015,2.7
2012-11-28,2015,2.7
2012-11-29,2015,2.7
2012-11-30,2015,2.7
2012-12-03,2015,2.7
2012-12-04,2015,2.7
2012-12-05,2015,2.7
2012-12-06,2015,2.7
2012-12-07,2015,2.6
2012-12-10,2015,2.7
2012-12-11,2015,2.7
2012-12-12,2015,2.7
2012-12-13,2015,2.7
2012-12-14,2015,2.7
2012-12-17,2015,2.7
2012-12-18,2015,2.6
2012-12-19,2015,2.5
2012-12-20,2015,2.5
2012-12-21,2015,2.5
2012-12-24,2015,2.6
2012-12-26,2015,2.6
2012-12-27,2015,2.5
2012-12-28,2015,2.5
2012-12-31,2015,2.5
2013-01-02,2015,2.5
2013-01-03,2015,2.5
2013-01-04,2015,2.5
2013-01-07,2015,2.7
2013-01-08,2015,2.6
2013-01-09,2015,2.5
2013-01-10,2015,2.5
2013-01-11,2015,2.5
2013-01-14,2015,2.5
2013-01-15,2015,2.5
2013-01-16,2015,2.5
2013-01-17,2015,2.5
2013-01-18,2015,2.5
2013-01-21,2015,2.5
2013-01-22,2015,2.5
2013-01-23,2015,2.5
2013-01-24,2015,2.5
2013-01-25,2015,2.5
2013-01-28,2015,2.5
2013-01-29,2015,2.5
2013-01-30,2015,2.5
2013-01-31,2015,2.5
2013-02-01,2015,2.5
2013-02-04,2015,2.5
2013-02-05,2015,2.5
2013-02-06,2015,2.5
2013-02-07,2015,2.5
2013-02-08,2015,2.5
2013-02-13,2015,2.5
2013-02-14,2015,2.5
2013-02-15,2015,2.5
2013-02-18,2015,2.5
2013-02-19,2015,2.5
2013-02-20,2015,2.5
2013-02-21,2015,2.5
2013-02-22,2015,2.5
2013-02-25,2015,2.5
2013-02-26,2015,2.5
2013-02-27,2015,2.5
2013-02-28,2015,2.5
2013-03-01,2015,2.5
2013-03-04,2015,2.4
2013-03-05,2015,2.4
2013-03-06,2015,2.4
2013-03-07,2015,2.45
2013-03-08,2015,2.45
2013-03-11,2015,2.5
2013-03-12,2015,2.5
2013-03-13,2015,2.5
2013-03-14,2015,2.5
2013-03-15,2015,2.5
2013-03-18,2015,2.5
2013-03-19,2015,2.5
2013-03-20,2015,2.5
2013-03-21,2015,2.5
2013-03-22,2015,2.5
2013-03-25,2015,2.5
2013-03-26,2015,2.5
2013-03-27,2015,2.5
2013-03-28,2015,2.45
2013-04-01,2015,2.45
2013-04-02,2015,2.45
2013-04-03,2015,2.5
2013-04-04,2015,2.45
2013-04-05,2015,2.45
2013-04-08,2015,2.45
2013-04-09,2015,2.45
2013-04-10,2015,2.4
2013-04-11,2015,2.4
2013-04-12,2015,2.4
2013-04-15,2015,2.4
2013-04-16,2015,2.35
2013-04-17,2015,2.3
2013-04-18,2015,2.3
2013-04-19,2015,2.3
2013-04-22,2015,2.25
2013-04-23,2015,2.25
2013-04-24,2015,2.3
2013-04-25,2015,2.3
2013-04-26,2015,2.3
2013-04-29,2015,2.3
2013-04-30,2015,2.3
2013-05-02,2015,2.3
2013-05-03,2015,2.3
2013-05-06,2015,2.3
2013-05-07,2015,2.3
2013-05-08,2015,2.25
2013-05-09,2015,2.3
2013-05-10,2015,2.3
2013-05-13,2015,2.2
2013-05-14,2015,2.1
2013-05-15,2015,2.05
2013-05-16,2015,2.05
2013-05-17,2015,2.05
2013-05-20,2015,2.1
2013-05-21,2015,2.0
2013-05-22,2015,2.0
2013-05-23,2015,2.0
2013-05-24,2015,2.0
2013-05-27,2015,2.0
2013-05-28,2015,2.0
2013-05-29,2015,2.0
2013-05-31,2015,2.0
2013-06-03,2015,2.0
2013-06-04,2015,2.0
2013-06-05,2015,2.0
2013-06-06,2015,2.05
2013-06-07,2015,2.0
2013-06-10,2015,2.0
2013-06-11,2015,2.0
2013-06-12,2015,2.0
2013-06-13,2015,2.0
2013-06-14,2015,2.0
2013-06-17,2015,2.0
2013-06-18,2015,2.0
2013-06-19,2015,2.0
2013-06-20,2015,2.0
2013-06-21,2015,2.0
2013-06-24,2015,2.0
2013-06-25,2015,2.0
2013-06-26,2015,2.0
2013-06-27,2015,2.0
2013-06-28,2015,2.0
2013-07-01,2015,2.0
2013-07-02,2015,2.0
2013-07-03,2015,2.0
2013-07-04,2015,2.0
2013-07-05,2015,2.0
2013-07-08,2015,2.0
2013-07-09,2015,2.0
2013-07-10,2015,2.0
2013-07-11,2015,2.0
2013-07-12,2015,2.0
2013-07-15,2015,2.0
2013-07-16,2015,2.0
2013-07-17,2015,2.0
2013-07-18,2015,2.0
2013-07-19,2015,2.0
2013-07-22,2015,2.0
2013-07-23,2015,2.0
2013-07-24,2015,2.0
2013-07-25,2015,2.0
2013-07-26,2015,2.0
2013-07-29,2015,2.0
2013-07-30,2015,2.0
2013-07-31,2015,2.0
2013-08-01,2015,2.0
2013-08-02,2015,2.0
2013-08-05,2015,2.0
2013-08-06,2015,2.0
2013-08-07,2015,2.0
2013-08-08,2015,2.0
2013-08-09,2015,2.0
2013-08-12,2015,2.0
2013-08-13,2015,2.0
2013-08-14,2015,2.0
2013-08-15,2015,2.0
2013-08-16,2015,2.0
2013-08-19,2015,2.0
2013-08-20,2015,2.0
2013-08-21,2015,2.0
2013-08-22,2015,2.0
2013-08-23,2015,2.0
2013-08-26,2015,2.0
2013-08-27,2015,2.0
2013-08-28,2015,2.0
2013-08-29,2015,2.0
2013-08-30,2015,2.0
2013-09-02,2015,2.0
2013-09-03,2015,2.0
2013-09-04,2015,2.0
2013-09-05,2015,2.0
2013-09-06,2015,2.0
2013-09-09,2015,2.0
2013-09-10,2015,2.0
2013-09-11,2015,2.0
2013-09-12,2015,2.0
2013-09-13,2015,2.0
2013-09-16,2015,2.05
2013-09-17,2015,2.0
2013-09-18,2015,2.0
2013-09-19,2015,2.0
2013-09-20,2015,2.0
2013-09-23,2015,2.0
2013-09-24,2015,2.0
2013-09-25,2015,2.0
2013-09-26,2015,2.0
2013-09-27,2015,2.0
2013-09-30,2015,2.05
2013-10-01,2015,2.05
2013-10-02,2015,2.05
2013-10-03,2015,2.05
2013-10-04,2015,2.05
2013-10-07,2015,2.1
2013-10-08,2015,2.05
2013-10-09,2015,2.05
2013-10-10,2015,2.0
2013-10-11,2015,2.0
2013-10-14,2015,2.0
2013-10-15,2015,2.0
2013-10-16,2015,2.0
2013-10-17,2015,2.0
2013-10-18,2015,2.0
2013-10-21,2015,2.0
2013-10-22,2015,2.0
2013-10-23,2015,2.0
2013-10-24,2015,2.0
2013-10-25,2015,2.0
2013-10-28,2015,2.0
2013-10-29,2015,2.0
2013-10-30,2015,2.0
2013-10-31,2015,2.0
2013-11-01,2015,2.0
2013-11-04,2015,2.0
2013-11-05,2015,2.0
2013-11-06,2015,2.0
2013-11-07,2015,2.0
2013-11-08,2015,2.0
2013-11-11,2015,2.0
2013-11-12,2015,2.0
2013-11-13,2015,2.0
2013-11-14,2015,2.0
2013-11-18,2015,2.0
2013-11-19,2015,2.0
2013-11-20,2015,2.0
2013-11-21,2015,2.0
2013-11-22,2015,2.0
2013-11-25,2015,2.05
2013-11-26,2015,2.0
2013-11-27,2015,2.0
2013-11-28,2015,2.0
2013-11-29,2015,2.0
2013-12-02,2015,2.0
2013-12-03,2015,2.0
2013-12-04,2015,2.0
2013-12-05,2015,2.0
2013-12-06,2015,2.0
2013-12-09,2015,2.0
2013-12-10,2015,2.0
2013-12-11,2015,2.0
2013-12-12,2015,2.0
2013-12-13,2015,2.05
2013-12-16,2015,2.0
2013-12-17,2015,2.0
2013-12-18,2015,2.0
2013-12-19,2015,2.0
2013-12-20,2015,2.0
2013-12-23,2015,2.0
2013-12-24,2015,2.0
2013-12-26,2015,2.0
2013-12-27,2015,2.0
2013-12-30,2015,2.0
2013-12-31,2015,2.0
2014-01-02,2015,2.0
2014-01-03,2015,2.0
2014-01-06,2015,2.0
2014-01-07,2015,2.0
2014-01-08,2015,2.0
2014-01-09,2015,2.0
2014-01-10,2015,2.0
2014-01-13,2015,2.05
2014-01-14,2015,2.0
2014-01-15,2015,2.0
2014-01-16,2015,2.0
2014-01-17,2015,2.05
2014-01-20,2015,2.05
2014-01-21,2015,2.0
2014-01-22,2015,2.0
2014-01-23,2015,2.0
2014-01-24,2015,2.0
2014-01-27,2015,2.0
2014-01-28,2015,2.0
2014-01-29,2015,2.0
2014-01-30,2015,2.05
2014-01-31,2015,2.0
2014-02-03,2015,2.0
2014-02-04,2015,2.0
2014-02-05,2015,2.0
2014-02-06,2015,2.0
2014-02-07,2015,2.0
2014-02-10,2015,2.0
2014-02-11,2015,2.0
2014-02-12,2015,2.0
2014-02-13,2015,2.0
2014-02-14,2015,2.0
2014-02-17,2015,2.0
2014-02-18,2015,2.0
2014-02-19,2015,2.0
2014-02-20,2015,2.0
2014-02-21,2015,2.0
2014-02-24,2015,2.0
2014-02-25,2015,2.0
2014-02-26,2015,2.0
2014-02-27,2015,2.0
2014-02-28,2015,2.0
2014-03-05,2015,2.0
2014-03-06,2015,2.0
2014-03-07,2015,2.0
2014-03-10,2015,2.0
2014-03-11,2015,2.0
2014-03-12,2015,2.0
2014-03-13,2015,2.0
2014-03-14,2015,2.0
2014-03-17,2015,2.0
2014-03-18,2015,2.0
2014-03-19,2015,2.0
2014-03-20,2015,2.0
2014-03-21,2015,2.0
2014-03-24,2015,2.0
2014-03-25,2015,2.0
2014-03-26,2015,2.0
2014-03-27,2015,2.0
2014-03-28,2015,2.0
2014-03-31,2015,2.0
2014-04-01,2015,2.0
2014-04-02,2015,2.0
2014-04-03,2015,2.0
2014-04-04,2015,2.0
2014-04-07,2015,2.0
2014-04-08,2015,2.0
2014-04-09,2015,2.0
2014-04-10,2015,2.0
2014-04-11,2015,2.0
2014-04-14,2015,2.0
2014-04-15,2015,2.0
2014-04-16,2015,2.0
2014-04-17,2015,2.0
2014-04-22,2015,2.0
2014-04-23,2015,2.0
2014-04-24,2015,2.0
2014-04-25,2015,2.0
2014-04-28,2015,2.0
2014-04-29,2015,2.0
2014-04-30,2015,2.0
2014-05-02,2015,2.0
2014-05-05,2015,2.0
2014-05-06,2015,2.0
2014-05-07,2015,2.0
2014-05-08,2015,2.0
2014-05-09,2015,2.0
2014-05-12,2015,2.0
2014-05-13,2015,2.0
2014-05-14,2015,2.0
2014-05-15,2015,2.0
2014-05-16,2015,2.0
2014-05-19,2015,2.0
2014-05-20,2015,2.0
2014-05-21,2015,2.0
2014-05-22,2015,2.0
2014-05-23,2015,2.0
2014-05-26,2015,2.0
2014-05-27,2015,2.0
2014-05-28,2015,2.0
2014-05-29,2015,2.0
2014-05-30,2015,2.0
2014-06-02,2015,2.0
2014-06-03,2015,2.0
2014-06-04,2015,2.0
2014-06-05,2015,2.0
2014-06-06,2015,2.0
2014-06-09,2015,2.0
2014-06-10,2015,2.0
2014-06-11,2015,2.0
2014-06-12,2015,2.0
2014-06-13,2015,1.99
2014-06-16,2015,1.99
2014-06-17,2015,1.99
2014-06-18,2015,1.98
2014-06-20,2015,1.9
2014-06-23,2015,1.9
2014-06-24,2015,1.9
2014-06-25,2015,1.9
2014-06-26,2015,1.9
2014-06-27,2015,1.9
2014-06-30,2015,1.9
2014-07-01,2015,1.9
2014-07-02,2015,1.9
2014-07-03,2015,1.9
2014-07-04,2015,1.9
2014-07-07,2015,1.9
2014-07-08,2015,1.93
2014-07-09,2015,1.93
2014-07-10,2015,1.9
2014-07-11,2015,1.9
2014-07-14,2015,1.95
2014-07-15,2015,1.95
2014-07-16,2015,1.95
2014-07-17,2015,1.98
2014-07-18,2015,1.93
2014-07-21,2015,1.93
2014-07-22,2015,1.95
2014-07-23,2015,1.9
2014-07-24,2015,1.9
2014-07-25,2015,1.9
2014-07-28,2015,1.9
2014-07-29,2015,1.9
2014-07-30,2015,1.9
2014-07-31,2015,1.9
2014-08-01,2015,1.9
2014-08-04,2015,1.9
2014-08-05,2015,1.9
2014-08-06,2015,1.9
2014-08-07,2015,1.9
2014-08-08,2015,1.9
2014-08-11,2015,1.9
2014-08-12,2015,1.9
2014-08-13,2015,1.9
2014-08-14,2015,1.9
2014-08-15,2015,1.9
2014-08-18,2015,1.9
2014-08-19,2015,1.9
2014-08-20,2015,1.9
2014-08-21,2015,1.9
2014-08-22,2015,1.9
2014-08-25,2015,2.0
2014-08-26,2015,2.0
2014-08-27,2015,1.9
2014-08-28,2015,1.9
2014-08-29,2015,1.9
2014-09-01,2015,1.9
2014-09-02,2015,1.9
2014-09-03,2015,1.9
2014-09-04,2015,1.9
2014-09-05,2015,1.9
2014-09-08,2015,1.9
2014-09-09,2015,1.9
2014-09-10,2015,1.9
2014-09-11,2015,1.85
2014-09-12,2015,1.8
2014-09-15,2015,1.8
2014-09-16,2015,1.8
2014-09-17,2015,1.8
2014-09-18,2015,1.8
2014-09-19,2015,1.8
2014-09-22,2015,1.8
2014-09-23,2015,1.8
2014-09-24,2015,1.8
2014-09-25,2015,1.8
2014-09-26,2015,1.8
2014-09-29,2015,1.8
2014-09-30,2015,1.8
2014-10-01,2015,1.8
2014-10-02,2015,1.8
2014-10-03,2015,1.75
2014-10-06,2015,1.65
2014-10-07,2015,1.7
2014-10-08,2015,1.65
2014-10-09,2015,1.6
2014-10-10,2015,1.65
2014-10-13,2015,1.7
2014-10-14,2015,1.7
2014-10-15,2015,1.7
2014-10-16,2015,1.7
2014-10-17,2015,1.65
2014-10-20,2015,1.6
2014-10-21,2015,1.6
2014-10-22,2015,1.6
2014-10-23,2015,1.6
2014-10-24,2015,1.6
2014-10-27,2015,1.55
2014-10-28,2015,1.55
2014-10-29,2015,1.5
2014-10-30,2015,1.5
2014-10-31,2015,1.5
2014-11-03,2015,1.5
2014-11-04,2015,1.5
2014-11-05,2015,1.5
2014-11-06,2015,1.5
2014-11-07,2015,1.5
2014-11-10,2015,1.5
2014-11-11,2015,1.5
2014-11-12,2015,1.5
2014-11-13,2015,1.2
2014-11-14,2015,1.2
2014-11-17,2015,1.2
2014-11-18,2015,1.0
2014-11-19,2015,1.0
2014-11-20,2015,1.0
2014-11-21,2015,1.0
2014-11-24,2015,1.0
2014-11-25,2015,1.0
2014-11-26,2015,1.0
2014-11-27,2015,1.0
2014-11-28,2015,1.0
2014-12-01,2015,1.0
2014-12-02,2015,1.0
2014-12-03,2015,1.0
2014-12-04,2015,1.0
2014-12-05,2015,1.0
2014-12-08,2015,1.0
2014-12-09,2015,1.0
2014-12-10,2015,1.0
2014-12-11,2015,1.0
2014-12-12,2015,1.0
2014-12-15,2015,1.0
2014-12-16,2015,1.0
2014-12-17,2015,1.0
2014-12-18,2015,1.0
2014-12-19,2015,1.0
2014-12-22,2015,1.0
2014-12-23,2015,1.0
2014-12-24,2015,1.0
2014-12-26,2015,1.0
2014-12-29,2015,1.0
2014-12-30,2015,1.0
2014-12-31,2015,1.0
2015-01-02,2015,1.0
2015-01-05,2015,1.0
2015-01-06,2015,1.0
2015-01-07,2015,1.0
2015-01-08,2015,1.0
2015-01-09,2015,1.0
2015-01-12,2015,1.0
2015-01-13,2015,1.0
2015-01-14,2015,1.0
2015-01-15,2015,1.0
2015-01-16,2015,1.05
2015-01-19,2015,1.0
2015-01-20,2015,1.05
2015-01-21,2015,1.1
2015-01-22,2015,1.1
2015-01-23,2015,1.1
2015-01-26,2015,1.15
2015-01-27,2015,1.15
2015-01-28,2015,1.15
2015-01-29,2015,1.1
2015-01-30,2015,1.15
2015-02-02,2015,1.1
2015-02-03,2015,1.1
2015-02-04,2015,1.05
2015-02-05,2015,1.05
2015-02-06,2015,1.0
2015-02-09,2015,1.0
2015-02-10,2015,1.0
2015-02-11,2015,1.0
2015-02-12,2015,1.0
2015-02-13,2015,1.0
2015-02-18,2015,1.0
2015-02-19,2015,1.0
2015-02-20,2015,1.0
2015-02-23,2015,1.0
2015-02-24,2015,1.0
2015-02-25,2015,1.0
2015-02-26,2015,1.0
2015-02-27,2015,1.0
2015-03-02,2015,1.0
2015-03-03,2015,1.0
2015-03-04,2015,1.0
2015-03-05,2015,1.0
2015-03-06,2015,1.0
2015-03-09,2015,1.0
2015-03-10,2015,1.0
2015-03-11,2015,1.0
2015-03-12,2015,1.0
2015-03-13,2015,1.0
2015-03-16,2015,0.85
2015-03-17,2015,0.85
2015-03-18,2015,0.85
2015-03-19,2015,0.8
2015-03-20,2015,0.8
2015-03-23,2015,0.9
2015-03-24,2015,0.9
2015-03-25,2015,0.9
2015-03-26,2015,0.9
2015-03-27,2015,0.9
2015-03-30,2015,0.9
2015-03-31,2015,0.95
2015-04-01,2015,0.9
2015-04-02,2015,0.9
2015-04-06,2015,0.9
2015-04-07,2015,0.9
2015-04-08,2015,0.9
2015-04-09,2015,0.9
2015-04-10,2015,0.9
2015-04-13,2015,0.9
2015-04-14,2015,0.9
2015-04-15,2015,0.9
2015-04-16,2015,0.9
2015-04-17,2015,0.9
2015-04-20,2015,0.9
2015-04-22,2015,0.9
2015-04-23,2015,0.9
2015-04-24,2015,0.9
2015-04-27,2015,0.9
2015-04-28,2015,0.9
2015-04-29,2015,0.9
2015-04-30,2015,0.9
2015-05-04,2015,0.9
2015-05-05,2015,0.9
2015-05-06,2015,0.9
2015-05-07,2015,0.9
2015-05-08,2015,0.9
2015-05-11,2015,0.9
2015-05-12,2015,0.9
2015-05-13,2015,0.9
2015-05-14,2015,0.8
2015-05-15,2015,0.8
2015-05-18,2015,0.8
2015-05-19,2015,0.8
2015-05-20,2015,0.8
2015-05-21,2015,0.8
2015-05-22,2015,0.8
2015-05-25,2015,0.8
2015-05-26,2015,0.8
2015-05-27,2015,0.8
2015-05-28,2015,0.8
2015-05-29,2015,0.8
2015-06-01,2015,0.8
2015-06-02,2015,0.8
2015-06-03,2015,0.8
2015-06-05,2015,0.8
2015-06-08,2015,0.8
2015-06-09,2015,0.8
2015-06-10,2015,0.8
2015-06-11,2015,0.8
2015-06-12,2015,0.8
2015-06-15,2015,0.8
2015-06-16,2015,0.8
2015-06-17,2015,0.8
2015-06-18,2015,0.75
2015-06-19,2015,0.75
2015-06-22,2015,0.7
2015-06-23,2015,0.7
2015-06-24,2015,0.7
2015-06-25,2015,0.7
2015-06-26,2015,0.7
2015-06-29,2015,0.7
2015-06-30,2015,0.7
2015-07-01,2015,0.7
2015-07-02,2015,0.7
2015-07-03,2015,0.7
2015-07-06,2015,0.7
2015-07-07,2015,0.7
2015-07-08,2015,0.7
2015-07-09,2015,0.6
2015-07-10,2015,0.6
2015-07-13,2015,0.6
2015-07-14,2015,0.6
2015-07-15,2015,0.6
2015-07-16,2015,0.6
2015-07-17,2015,0.6
2015-07-20,2015,0.6
2015-07-21,2015,0.6
2015-07-22,2015,0.6
2015-07-23,2015,0.5
2015-07-24,2015,0.5
2015-07-27,2015,0.5
2015-07-28,2015,0.5
2015-07-29,2015,0.5
2015-07-30,2015,0.5
2015-07-31,2015,0.5
2015-08-03,2015,0.5
2015-08-04,2015,0.3
2015-08-05,2015,0.23
2015-08-06,2015,0.23
2015-08-07,2015,0.2
2015-08-10,2015,0.15
2015-08-11,2015,0.1
2015-08-12,2015,0.1
2015-08-13,2015,0.1
2015-08-14,2015,0.1
2015-08-17,2015,0.0
2015-08-18,2015,0.0
2015-08-19,2015,0.0
2015-08-20,2015,0.0
2015-08-21,2015,0.0
2015-08-24,2015,0.0
2015-08-25,2015,0.0
2015-08-26,2015,0.0
2015-08-27,2015,0.0
2015-08-28,2015,0.0
2015-08-31,2015,0.0
2015-09-01,2015,0.0
2015-09-02,2015,0.0
2015-09-03,2015,-0.1
2015-09-04,2015,-0.1
2015-09-08,2015,-0.1
2015-09-09,2015,-0.2
2015-09-10,2015,-0.2
2015-09-11,2015,-0.2
2015-09-14,2015,-0.2
2015-09-15,2015,-0.2
2015-09-16,2015,-0.2
2015-09-17,2015,-0.2
2015-09-18,2015,-0.2
2015-09-21,2015,-0.2
2015-09-22,2015,-0.2
2015-09-23,2015,-0.2
2015-09-24,2015,-0.2
2015-09-25,2015,-0.2
2015-09-28,2015,-0.2
2015-09-29,2015,-0.2
2015-09-30,2015,-0.27
2015-10-01,2015,-0.27
2015-10-02,2015,-0.3
2015-10-05,2015,-0.3
2015-10-06,2015,-0.3
2015-10-07,2015,-0.29
2015-10-08,2015,-0.3
2015-10-09,2015,-0.3
2015-10-13,2015,-0.3
2015-10-14,2015,-0.3
2015-10-15,2015,-0.3
2015-10-16,2015,-0.3
2015-10-19,2015,-0.4
2015-10-20,2015,-0.4
2015-10-21,2015,-0.4
2015-10-22,2015,-0.4
2015-10-23,2015,-0.4
2015-10-26,2015,-0.4
2015-10-27,2015,-0.5
2015-10-28,2015,-0.5
2015-10-29,2015,-0.5
2015-10-30,2015,-0.5
2015-11-03,2015,-0.5
2015-11-04,2015,-0.7
2015-11-05,2015,-0.7
2015-11-06,2015,-0.9
2015-11-09,2015,-0.9
2015-11-10,2015,-0.9
2015-11-11,2015,-0.9
2015-11-12,2015,-0.9
2015-11-13,2015,-1.0
2015-11-16,2015,-1.0
2015-11-17,2015,-1.0
2015-11-18,2015,-1.0
2015-11-19,2015,-1.0
2015-11-20,2015,-1.0
2015-11-23,2015,-1.0
2015-11-24,2015,-1.0
2015-11-25,2015,-1.0
2015-11-26,2015,-1.0
2015-11-27,2015,-1.0
2015-11-30,2015,-1.0
2015-12-01,2015,-1.0
2015-12-02,2015,-1.0
2015-12-03,2015,-1.0
2015-12-04,2015,-1.0
2015-12-07,2015,-1.0
2015-12-08,2015,-1.1
2015-12-09,2015,-1.15
2015-12-10,2015,-1.2
2015-12-11,2015,-1.3
2015-12-14,2015,-1.3
2015-12-15,2015,-1.3
2015-12-16,2015,-1.3
2015-12-17,2015,-1.3
2015-12-18,2015,-1.3
2015-12-21,2015,-1.2
2015-12-22,2015,-1.2
2015-12-23,2015,-1.3
2015-12-24,2015,-1.3
2015-12-28,2015,-1.2
2015-12-29,2015,-1.25
2015-12-30,2015,-1.25
2015-12-31,2015,-1.25
2016-01-04,2015,-1.55
2016-01-05,2015,-1.7
2016-01-06,2015,-1.7
2016-01-07,2015,-1.55
2016-01-08,2015,-1.7
2016-01-11,2015,-1.7
2016-01-12,2015,-1.7
2016-01-13,2015,-1.7
2016-01-14,2015,-1.7
2016-01-15,2015,-1.7
2016-01-18,2015,-1.7
2016-01-19,2015,-1.7
2016-01-20,2015,-1.74
2016-01-21,2015,-1.78
2016-01-22,2015,-1.8
2016-01-25,2015,-1.85
2016-01-26,2015,-1.9
2016-01-27,2015,-1.9
2016-01-28,2015,-1.9
2012-01-31,2016,3.0
2012-02-01,2016,3.0
2012-02-02,2016,3.0
2012-02-03,2016,3.0
2012-02-06,2016,3.0
2012-02-07,2016,3.0
2012-02-08,2016,3.0
2012-02-09,2016,2.9
2012-02-10,2016,2.9
2012-02-13,2016,2.75
2012-02-14,2016,2.75
2012-02-15,2016,2.75
2012-02-16,2016,2.7
2012-02-17,2016,2.75
2012-02-22,2016,2.75
2012-02-23,2016,2.7
2012-02-24,2016,2.75
2012-02-27,2016,2.8
2012-02-28,2016,2.8
2012-02-29,2016,2.8
2012-03-01,2016,2.8
2012-03-02,2016,2.75
2012-03-05,2016,2.75
2012-03-06,2016,2.8
2012-03-07,2016,2.7
2012-03-08,2016,2.7
2012-03-09,2016,2.7
2012-03-12,2016,2.7
2012-03-13,2016,2.7
2012-03-14,2016,2.7
2012-03-15,2016,2.8
2012-03-16,2016,2.8
2012-03-19,2016,2.8
2012-03-20,2016,2.8
2012-03-21,2016,2.8
2012-03-22,2016,2.8
2012-03-23,2016,2.8
2012-03-26,2016,2.8
2012-03-27,2016,2.8
2012-03-28,2016,2.8
2012-03-29,2016,2.75
2012-03-30,2016,2.8
2012-04-02,2016,2.75
2012-04-03,2016,2.8
2012-04-04,2016,2.8
2012-04-05,2016,2.8
2012-04-09,2016,2.8
2012-04-10,2016,2.8
2012-04-11,2016,2.8
2012-04-12,2016,2.8
2012-04-13,2016,2.8
2012-04-16,2016,2.75
2012-04-17,2016,2.75
2012-04-18,2016,2.75
2012-04-19,2016,2.75
2012-04-20,2016,2.8
2012-04-23,2016,2.8
2012-04-24,2016,2.8
2012-04-25,2016,2.8
2012-04-26,2016,2.8
2012-04-27,2016,2.8
2012-04-30,2016,2.8
2012-05-02,2016,2.8
2012-05-03,2016,2.8
2012-05-04,2016,2.8
2012-05-07,2016,2.8
2012-05-08,2016,2.8
2012-05-09,2016,2.8
2012-05-10,2016,2.8
2012-05-11,2016,2.8
2012-05-14,2016,2.7
2012-05-15,2016,2.7
2012-05-16,2016,2.7
2012-05-17,2016,2.7
2012-05-18,2016,2.7
2012-05-21,2016,2.7
2012-05-22,2016,2.7
2012-05-23,2016,2.7
2012-05-24,2016,2.7
2012-05-25,2016,2.7
2012-05-28,2016,2.7
2012-05-29,2016,2.7
2012-05-30,2016,2.7
2012-05-31,2016,2.7
2012-06-01,2016,2.7
2012-06-04,2016,2.7
2012-06-05,2016,2.7
2012-06-06,2016,2.7
2012-06-08,2016,2.7
2012-06-11,2016,2.7
2012-06-12,2016,2.7
2012-06-13,2016,2.7
2012-06-14,2016,2.65
2012-06-15,2016,2.65
2012-06-18,2016,2.65
2012-06-19,2016,2.65
2012-06-20,2016,2.6
2012-06-21,2016,2.6
2012-06-22,2016,2.6
2012-06-25,2016,2.6
2012-06-26,2016,2.6
2012-06-27,2016,2.6
2012-06-28,2016,2.6
2012-06-29,2016,2.6
2012-07-02,2016,2.6
2012-07-03,2016,2.6
2012-07-04,2016,2.6
2012-07-05,2016,2.6
2012-07-06,2016,2.65
2012-07-09,2016,2.7
2012-07-10,2016,2.7
2012-07-11,2016,2.7
2012-07-12,2016,2.65
2012-07-13,2016,2.65
2012-07-16,2016,2.6
2012-07-17,2016,2.6
2012-07-18,2016,2.6
2012-07-19,2016,2.6
2012-07-20,2016,2.6
2012-07-23,2016,2.65
2012-07-24,2016,2.65
2012-07-25,2016,2.65
2012-07-26,2016,2.65
2012-07-27,2016,2.6
2012-07-30,2016,2.5
2012-07-31,2016,2.5
2012-08-01,2016,2.55
2012-08-02,2016,2.55
2012-08-03,2016,2.6
2012-08-06,2016,2.5
2012-08-07,2016,2.55
2012-08-08,2016,2.55
2012-08-09,2016,2.6
2012-08-10,2016,2.65
2012-08-13,2016,2.7
2012-08-14,2016,2.7
2012-08-15,2016,2.65
2012-08-16,2016,2.7
2012-08-17,2016,2.7
2012-08-20,2016,2.7
2012-08-21,2016,2.75
2012-08-22,2016,2.75
2012-08-23,2016,2.75
2012-08-24,2016,2.75
2012-08-27,2016,2.75
2012-08-28,2016,2.75
2012-08-29,2016,2.7
2012-08-30,2016,2.7
2012-08-31,2016,2.7
2012-09-03,2016,2.7
2012-09-04,2016,2.7
2012-09-05,2016,2.7
2012-09-06,2016,2.7
2012-09-10,2016,2.7
2012-09-11,2016,2.7
2012-09-12,2016,2.73
2012-09-13,2016,2.7
2012-09-14,2016,2.73
2012-09-17,2016,2.73
2012-09-18,2016,2.7
2012-09-19,2016,2.7
2012-09-20,2016,2.73
2012-09-21,2016,2.7
2012-09-24,2016,2.7
2012-09-25,2016,2.73
2012-09-26,2016,2.73
2012-09-27,2016,2.75
2012-09-28,2016,2.75
2012-10-01,2016,2.78
2012-10-02,2016,2.78
2012-10-03,2016,2.73
2012-10-04,2016,2.73
2012-10-05,2016,2.73
2012-10-08,2016,2.7
2012-10-09,2016,2.7
2012-10-10,2016,2.7
2012-10-11,2016,2.73
2012-10-15,2016,2.7
2012-10-16,2016,2.6
2012-10-17,2016,2.6
2012-10-18,2016,2.7
2012-10-19,2016,2.6
2012-10-22,2016,2.6
2012-10-23,2016,2.6
2012-10-24,2016,2.6
2012-10-25,2016,2.6
2012-10-26,2016,2.6
2012-10-29,2016,2.6
2012-10-30,2016,2.6
2012-10-31,2016,2.6
2012-11-01,2016,2.6
2012-11-05,2016,2.7
2012-11-06,2016,2.5
2012-11-07,2016,2.5
2012-11-08,2016,2.6
2012-11-09,2016,2.5
2012-11-12,2016,2.5
2012-11-13,2016,2.5
2012-11-14,2016,2.5
2012-11-16,2016,2.5
2012-11-19,2016,2.6
2012-11-20,2016,2.5
2012-11-21,2016,2.5
2012-11-22,2016,2.5
2012-11-23,2016,2.5
2012-11-26,2016,2.5
2012-11-27,2016,2.5
2012-11-28,2016,2.5
2012-11-29,2016,2.5
2012-11-30,2016,2.5
2012-12-03,2016,2.5
2012-12-04,2016,2.5
2012-12-05,2016,2.5
2012-12-06,2016,2.5
2012-12-07,2016,2.5
2012-12-10,2016,2.5
2012-12-11,2016,2.5
2012-12-12,2016,2.5
2012-12-13,2016,2.5
2012-12-14,2016,2.5
2012-12-17,2016,2.5
2012-12-18,2016,2.5
2012-12-19,2016,2.5
2012-12-20,2016,2.5
2012-12-21,2016,2.5
2012-12-24,2016,2.5
2012-12-26,2016,2.5
2012-12-27,2016,2.5
2012-12-28,2016,2.5
2012-12-31,2016,2.5
2013-01-02,2016,2.5
2013-01-03,2016,2.5
2013-01-04,2016,2.5
2013-01-07,2016,2.5
2013-01-08,2016,2.5
2013-01-09,2016,2.5
2013-01-10,2016,2.5
2013-01-11,2016,2.5
2013-01-14,2016,2.5
2013-01-15,2016,2.5
2013-01-16,2016,2.45
2013-01-17,2016,2.4
2013-01-18,2016,2.4
2013-01-21,2016,2.4
2013-01-22,2016,2.45
2013-01-23,2016,2.45
2013-01-24,2016,2.45
2013-01-25,2016,2.45
2013-01-28,2016,2.5
2013-01-29,2016,2.5
2013-01-30,2016,2.5
2013-01-31,2016,2.5
2013-02-01,2016,2.5
2013-02-04,2016,2.5
2013-02-05,2016,2.45
2013-02-06,2016,2.4
2013-02-07,2016,2.4
2013-02-08,2016,2.4
2013-02-13,2016,2.4
2013-02-14,2016,2.4
2013-02-15,2016,2.4
2013-02-18,2016,2.4
2013-02-19,2016,2.4
2013-02-20,2016,2.4
2013-02-21,2016,2.4
2013-02-22,2016,2.4
2013-02-25,2016,2.4
2013-02-26,2016,2.4
2013-02-27,2016,2.4
2013-02-28,2016,2.4
2013-03-01,2016,2.4
2013-03-04,2016,2.35
2013-03-05,2016,2.3
2013-03-06,2016,2.25
2013-03-07,2016,2.4
2013-03-08,2016,2.4
2013-03-11,2016,2.5
2013-03-12,2016,2.5
2013-03-13,2016,2.5
2013-03-14,2016,2.5
2013-03-15,2016,2.5
2013-03-18,2016,2.45
2013-03-19,2016,2.4
2013-03-20,2016,2.4
2013-03-21,2016,2.4
2013-03-22,2016,2.4
2013-03-25,2016,2.4
2013-03-26,2016,2.4
2013-03-27,2016,2.4
2013-03-28,2016,2.4
2013-04-01,2016,2.4
2013-04-02,2016,2.4
2013-04-03,2016,2.4
2013-04-04,2016,2.4
2013-04-05,2016,2.4
2013-04-08,2016,2.35
2013-04-09,2016,2.35
2013-04-10,2016,2.4
2013-04-11,2016,2.35
2013-04-12,2016,2.35
2013-04-15,2016,2.2
2013-04-16,2016,2.2
2013-04-17,2016,2.1
2013-04-18,2016,2.0
2013-04-19,2016,2.0
2013-04-22,2016,2.0
2013-04-23,2016,2.0
2013-04-24,2016,2.0
2013-04-25,2016,2.0
2013-04-26,2016,2.0
2013-04-29,2016,2.1
2013-04-30,2016,2.1
2013-05-02,2016,2.2
2013-05-03,2016,2.1
2013-05-06,2016,2.0
2013-05-07,2016,2.0
2013-05-08,2016,2.0
2013-05-09,2016,2.0
2013-05-10,2016,2.1
2013-05-13,2016,2.0
2013-05-14,2016,2.0
2013-05-15,2016,2.0
2013-05-16,2016,2.0
2013-05-17,2016,2.0
2013-05-20,2016,2.0
2013-05-21,2016,2.0
2013-05-22,2016,2.0
2013-05-23,2016,2.0
2013-05-24,2016,2.0
2013-05-27,2016,2.0
2013-05-28,2016,2.0
2013-05-29,2016,2.0
2013-05-31,2016,2.0
2013-06-03,2016,2.0
2013-06-04,2016,2.0
2013-06-05,2016,2.0
2013-06-06,2016,2.0
2013-06-07,2016,2.0
2013-06-10,2016,2.0
2013-06-11,2016,2.0
2013-06-12,2016,2.0
2013-06-13,2016,2.0
2013-06-14,2016,2.0
2013-06-17,2016,2.0
2013-06-18,2016,2.0
2013-06-19,2016,2.0
2013-06-20,2016,2.0
2013-06-21,2016,2.0
2013-06-24,2016,2.0
2013-06-25,2016,2.0
2013-06-26,2016,2.0
2013-06-27,2016,2.0
2013-06-28,2016,2.0
2013-07-01,2016,2.0
2013-07-02,2016,2.0
2013-07-03,2016,2.0
2013-07-04,2016,2.0
2013-07-05,2016,2.0
2013-07-08,2016,2.0
2013-07-09,2016,2.0
2013-07-10,2016,2.0
2013-07-11,2016,2.0
2013-07-12,2016,2.0
2013-07-15,2016,2.0
2013-07-16,2016,2.0
2013-07-17,2016,2.0
2013-07-18,2016,2.0
2013-07-19,2016,2.0
2013-07-22,2016,2.0
2013-07-23,2016,2.0
2013-07-24,2016,2.0
2013-07-25,2016,2.0
2013-07-26,2016,2.0
2013-07-29,2016,2.0
2013-07-30,2016,2.0
2013-07-31,2016,2.0
2013-08-01,2016,2.0
2013-08-02,2016,2.0
2013-08-05,2016,2.0
2013-08-06,2016,2.0
2013-08-07,2016,2.0
2013-08-08,2016,2.0
2013-08-09,2016,2.0
2013-08-12,2016,2.0
2013-08-13,2016,2.0
2013-08-14,2016,2.0
2013-08-15,2016,2.0
2013-08-16,2016,2.0
2013-08-19,2016,2.0
2013-08-20,2016,2.0
2013-08-21,2016,2.0
2013-08-22,2016,2.0
2013-08-23,2016,2.0
2013-08-26,2016,2.0
2013-08-27,2016,2.0
2013-08-28,2016,2.0
2013-08-29,2016,2.0
2013-08-30,2016,2.0
2013-09-02,2016,2.0
2013-09-03,2016,2.0
2013-09-04,2016,2.0
2013-09-05,2016,2.0
2013-09-06,2016,2.0
2013-09-09,2016,2.0
2013-09-10,2016,2.0
2013-09-11,2016,2.0
2013-09-12,2016,2.0
2013-09-13,2016,2.0
2013-09-16,2016,2.0
2013-09-17,2016,2.0
2013-09-18,2016,2.0
2013-09-19,2016,2.0
2013-09-20,2016,2.0
2013-09-23,2016,2.0
2013-09-24,2016,2.0
2013-09-25,2016,2.0
2013-09-26,2016,2.0
2013-09-27,2016,2.0
2013-09-30,2016,2.0
2013-10-01,2016,2.0
2013-10-02,2016,2.0
2013-10-03,2016,2.0
2013-10-04,2016,2.0
2013-10-07,2016,2.0
2013-10-08,2016,2.0
2013-10-09,2016,2.0
2013-10-10,2016,2.0
2013-10-11,2016,2.0
2013-10-14,2016,2.0
2013-10-15,2016,2.0
2013-10-16,2016,2.0
2013-10-17,2016,2.0
2013-10-18,2016,2.0
2013-10-21,2016,2.0
2013-10-22,2016,2.0
2013-10-23,2016,2.0
2013-10-24,2016,2.0
2013-10-25,2016,2.0
2013-10-28,2016,2.0
2013-10-29,2016,2.0
2013-10-30,2016,2.0
2013-10-31,2016,2.0
2013-11-01,2016,2.0
2013-11-04,2016,2.0
2013-11-05,2016,2.0
2013-11-06,2016,2.0
2013-11-07,2016,2.0
2013-11-08,2016,2.0
2013-11-11,2016,2.0
2013-11-12,2016,2.0
2013-11-13,2016,2.0
2013-11-14,2016,2.0
2013-11-18,2016,2.0
2013-11-19,2016,2.0
2013-11-20,2016,2.0
2013-11-21,2016,2.0
2013-11-22,2016,2.0
2013-11-25,2016,2.0
2013-11-26,2016,2.0
2013-11-27,2016,2.0
2013-11-28,2016,2.0
2013-11-29,2016,2.0
2013-12-02,2016,2.0
2013-12-03,2016,2.0
2013-12-04,2016,2.0
2013-12-05,2016,2.0
2013-12-06,2016,2.0
2013-12-09,2016,2.0
2013-12-10,2016,2.0
2013-12-11,2016,2.0
2013-12-12,2016,2.0
2013-12-13,2016,2.0
2013-12-16,2016,2.0
2013-12-17,2016,2.0
2013-12-18,2016,2.0
2013-12-19,2016,2.0
2013-12-20,2016,2.0
2013-12-23,2016,2.0
2013-12-24,2016,2.0
2013-12-26,2016,2.0
2013-12-27,2016,2.0
2013-12-30,2016,2.0
2013-12-31,2016,2.0
2014-01-02,2016,2.0
2014-01-03,2016,2.0
2014-01-06,2016,2.0
2014-01-07,2016,2.0
2014-01-08,2016,2.0
2014-01-09,2016,2.0
2014-01-10,2016,2.0
2014-01-13,2016,2.0
2014-01-14,2016,2.0
2014-01-15,2016,2.0
2014-01-16,2016,2.0
2014-01-17,2016,2.0
2014-01-20,2016,2.0
2014-01-21,2016,2.0
2014-01-22,2016,2.0
2014-01-23,2016,2.0
2014-01-24,2016,2.0
2014-01-27,2016,2.0
2014-01-28,2016,2.0
2014-01-29,2016,2.0
2014-01-30,2016,2.0
2014-01-31,2016,2.0
2014-02-03,2016,2.0
2014-02-04,2016,2.0
2014-02-05,2016,2.0
2014-02-06,2016,2.0
2014-02-07,2016,2.0
2014-02-10,2016,2.0
2014-02-11,2016,2.0
2014-02-12,2016,2.0
2014-02-13,2016,2.0
2014-02-14,2016,2.0
2014-02-17,2016,2.0
2014-02-18,2016,2.0
2014-02-19,2016,2.0
2014-02-20,2016,2.0
2014-02-21,2016,2.0
2014-02-24,2016,2.0
2014-02-25,2016,2.0
2014-02-26,2016,2.0
2014-02-27,2016,2.0
2014-02-28,2016,2.0
2014-03-05,2016,2.0
2014-03-06,2016,2.0
2014-03-07,2016,2.0
2014-03-10,2016,2.0
2014-03-11,2016,2.0
2014-03-12,2016,2.0
2014-03-13,2016,2.0
2014-03-14,2016,2.0
2014-03-17,2016,2.0
2014-03-18,2016,2.0
2014-03-19,2016,2.0
2014-03-20,2016,2.0
2014-03-21,2016,2.0
2014-03-24,2016,2.0
2014-03-25,2016,2.0
2014-03-26,2016,2.0
2014-03-27,2016,2.0
2014-03-28,2016,2.0
2014-03-31,2016,2.0
2014-04-01,2016,2.0
2014-04-02,2016,2.0
2014-04-03,2016,2.0
2014-04-04,2016,2.0
2014-04-07,2016,2.0
2014-04-08,2016,2.0
2014-04-09,2016,2.0
2014-04-10,2016,2.0
2014-04-11,2016,2.0
2014-04-14,2016,2.0
2014-04-15,2016,2.0
2014-04-16,2016,2.0
2014-04-17,2016,2.0
2014-04-22,2016,2.0
2014-04-23,2016,2.0
2014-04-24,2016,2.0
2014-04-25,2016,2.0
2014-04-28,2016,2.0
2014-04-29,2016,2.0
2014-04-30,2016,2.0
2014-05-02,2016,2.0
2014-05-05,2016,2.0
2014-05-06,2016,2.0
2014-05-07,2016,2.0
2014-05-08,2016,2.0
2014-05-09,2016,2.0
2014-05-12,2016,2.0
2014-05-13,2016,2.0
2014-05-14,2016,2.0
2014-05-15,2016,2.0
2014-05-16,2016,2.0
2014-05-19,2016,2.0
2014-05-20,2016,2.0
2014-05-21,2016,2.0
2014-05-22,2016,2.0
2014-05-23,2016,2.0
2014-05-26,2016,2.0
2014-05-27,2016,2.0
2014-05-28,2016,2.0
2014-05-29,2016,2.0
2014-05-30,2016,2.0
2014-06-02,2016,2.0
2014-06-03,2016,2.0
2014-06-04,2016,2.0
2014-06-05,2016,2.0
2014-06-06,2016,2.0
2014-06-09,2016,2.0
2014-06-10,2016,2.0
2014-06-11,2016,2.0
2014-06-12,2016,2.0
2014-06-13,2016,2.0
2014-06-16,2016,2.0
2014-06-17,2016,2.0
2014-06-18,2016,2.0
2014-06-20,2016,2.0
2014-06-23,2016,2.0
2014-06-24,2016,2.0
2014-06-25,2016,2.0
2014-06-26,2016,2.0
2014-06-27,2016,2.0
2014-06-30,2016,2.0
2014-07-01,2016,2.0
2014-07-02,2016,2.0
2014-07-03,2016,2.0
2014-07-04,2016,2.0
2014-07-07,2016,2.0
2014-07-08,2016,2.0
2014-07-09,2016,2.0
2014-07-10,2016,2.0
2014-07-11,2016,2.0
2014-07-14,2016,2.0
2014-07-15,2016,2.0
2014-07-16,2016,2.0
2014-07-17,2016,2.0
2014-07-18,2016,2.0
2014-07-21,2016,2.0
2014-07-22,2016,2.0
2014-07-23,2016,2.0
2014-07-24,2016,2.0
2014-07-25,2016,2.0
2014-07-28,2016,2.0
2014-07-29,2016,2.0
2014-07-30,2016,2.0
2014-07-31,2016,2.0
2014-08-01,2016,2.0
2014-08-04,2016,2.0
2014-08-05,2016,2.0
2014-08-06,2016,2.0
2014-08-07,2016,2.0
2014-08-08,2016,2.0
2014-08-11,2016,2.0
2014-08-12,2016,2.0
2014-08-13,2016,2.0
2014-08-14,2016,2.0
2014-08-15,2016,2.0
2014-08-18,2016,2.0
2014-08-19,2016,2.0
2014-08-20,2016,2.0
2014-08-21,2016,2.0
2014-08-22,2016,2.0
2014-08-25,2016,2.0
2014-08-26,2016,2.0
2014-08-27,2016,2.0
2014-08-28,2016,2.0
2014-08-29,2016,2.0
2014-09-01,2016,2.0
2014-09-02,2016,2.0
2014-09-03,2016,2.0
2014-09-04,2016,2.0
2014-09-05,2016,2.0
2014-09-08,2016,2.0
2014-09-09,2016,2.0
2014-09-10,2016,2.0
2014-09-11,2016,2.0
2014-09-12,2016,2.0
2014-09-15,2016,2.0
2014-09-16,2016,2.0
2014-09-17,2016,2.0
2014-09-18,2016,2.0
2014-09-19,2016,2.0
2014-09-22,2016,2.0
2014-09-23,2016,2.0
2014-09-24,2016,2.0
2014-09-25,2016,2.0
2014-09-26,2016,2.0
2014-09-29,2016,2.0
2014-09-30,2016,2.0
2014-10-01,2016,2.0
2014-10-02,2016,2.0
2014-10-03,2016,2.0
2014-10-06,2016,2.0
2014-10-07,2016,2.0
2014-10-08,2016,2.0
2014-10-09,2016,2.0
2014-10-10,2016,2.0
2014-10-13,2016,2.0
2014-10-14,2016,2.0
2014-10-15,2016,2.0
2014-10-16,2016,2.0
2014-10-17,2016,2.0
2014-10-20,2016,2.0
2014-10-21,2016,2.0
2014-10-22,2016,2.0
2014-10-23,2016,2.0
2014-10-24,2016,2.0
2014-10-27,2016,2.0
2014-10-28,2016,2.0
2014-10-29,2016,2.0
2014-10-30,2016,2.0
2014-10-31,2016,2.0
2014-11-03,2016,2.0
2014-11-04,2016,2.0
2014-11-05,2016,2.0
2014-11-06,2016,2.0
2014-11-07,2016,2.0
2014-11-10,2016,1.95
2014-11-11,2016,2.0
2014-11-12,2016,1.95
2014-11-13,2016,1.95
2014-11-14,2016,1.9
2014-11-17,2016,1.8
2014-11-18,2016,1.8
2014-11-19,2016,1.8
2014-11-20,2016,1.8
2014-11-21,2016,1.75
2014-11-24,2016,1.75
2014-11-25,2016,1.75
2014-11-26,2016,1.8
2014-11-27,2016,1.75
2014-11-28,2016,1.8
2014-12-01,2016,1.8
2014-12-02,2016,1.75
2014-12-03,2016,1.8
2014-12-04,2016,1.8
2014-12-05,2016,1.8
2014-12-08,2016,1.8
2014-12-09,2016,1.8
2014-12-10,2016,1.8
2014-12-11,2016,1.8
2014-12-12,2016,1.9
2014-12-15,2016,1.85
2014-12-16,2016,1.8
2014-12-17,2016,1.8
2014-12-18,2016,1.85
2014-12-19,2016,1.8
2014-12-22,2016,1.8
2014-12-23,2016,1.9
2014-12-24,2016,1.85
2014-12-26,2016,1.85
2014-12-29,2016,1.9
2014-12-30,2016,1.9
2014-12-31,2016,1.9
2015-01-02,2016,1.9
2015-01-05,2016,1.8
2015-01-06,2016,1.8
2015-01-07,2016,1.8
2015-01-08,2016,1.85
2015-01-09,2016,1.9
2015-01-12,2016,1.9
2015-01-13,2016,1.9
2015-01-14,2016,1.9
2015-01-15,2016,1.9
2015-01-16,2016,2.0
2015-01-19,2016,2.0
2015-01-20,2016,2.0
2015-01-21,2016,2.0
2015-01-22,2016,2.0
2015-01-23,2016,2.0
2015-01-26,2016,2.0
2015-01-27,2016,2.0
2015-01-28,2016,2.0
2015-01-29,2016,2.0
2015-01-30,2016,2.0
2015-02-02,2016,2.0
2015-02-03,2016,2.0
2015-02-04,2016,2.0
2015-02-05,2016,2.0
2015-02-06,2016,2.0
2015-02-09,2016,2.0
2015-02-10,2016,2.0
2015-02-11,2016,2.0
2015-02-12,2016,2.0
2015-02-13,2016,2.0
2015-02-18,2016,2.0
2015-02-19,2016,2.0
2015-02-20,2016,1.9
2015-02-23,2016,1.9
2015-02-24,2016,1.9
2015-02-25,2016,1.9
2015-02-26,2016,1.9
2015-02-27,2016,1.9
2015-03-02,2016,1.9
2015-03-03,2016,1.9
2015-03-04,2016,1.9
2015-03-05,2016,1.9
2015-03-06,2016,1.9
2015-03-09,2016,1.9
2015-03-10,2016,1.9
2015-03-11,2016,1.9
2015-03-12,2016,1.9
2015-03-13,2016,1.8
2015-03-16,2016,1.8
2015-03-17,2016,1.8
2015-03-18,2016,1.8
2015-03-19,2016,1.75
2015-03-20,2016,1.8
2015-03-23,2016,1.8
2015-03-24,2016,1.8
2015-03-25,2016,1.8
2015-03-26,2016,1.8
2015-03-27,2016,1.8
2015-03-30,2016,1.8
2015-03-31,2016,1.8
2015-04-01,2016,1.8
2015-04-02,2016,1.8
2015-04-06,2016,1.75
2015-04-07,2016,1.75
2015-04-08,2016,1.8
2015-04-09,2016,1.7
2015-04-10,2016,1.7
2015-04-13,2016,1.7
2015-04-14,2016,1.7
2015-04-15,2016,1.7
2015-04-16,2016,1.7
2015-04-17,2016,1.7
2015-04-20,2016,1.7
2015-04-22,2016,1.7
2015-04-23,2016,1.7
2015-04-24,2016,1.7
2015-04-27,2016,1.7
2015-04-28,2016,1.7
2015-04-29,2016,1.7
2015-04-30,2016,1.7
2015-05-04,2016,1.7
2015-05-05,2016,1.7
2015-05-06,2016,1.7
2015-05-07,2016,1.7
2015-05-08,2016,1.7
2015-05-11,2016,1.7
2015-05-12,2016,1.7
2015-05-13,2016,1.75
2015-05-14,2016,1.7
2015-05-15,2016,1.7
2015-05-18,2016,1.7
2015-05-19,2016,1.7
2015-05-20,2016,1.7
2015-05-21,2016,1.7
2015-05-22,2016,1.7
2015-05-25,2016,1.7
2015-05-26,2016,1.7
2015-05-27,2016,1.7
2015-05-28,2016,1.7
2015-05-29,2016,1.7
2015-06-01,2016,1.7
2015-06-02,2016,1.7
2015-06-03,2016,1.7
2015-06-05,2016,1.7
2015-06-08,2016,1.7
2015-06-09,2016,1.7
2015-06-10,2016,1.7
2015-06-11,2016,1.7
2015-06-12,2016,1.7
2015-06-15,2016,1.6
2015-06-16,2016,1.65
2015-06-17,2016,1.65
2015-06-18,2016,1.5
2015-06-19,2016,1.5
2015-06-22,2016,1.5
2015-06-23,2016,1.5
2015-06-24,2016,1.5
2015-06-25,2016,1.5
2015-06-26,2016,1.5
2015-06-29,2016,1.5
2015-06-30,2016,1.5
2015-07-01,2016,1.5
2015-07-02,2016,1.5
2015-07-03,2016,1.5
2015-07-06,2016,1.5
2015-07-07,2016,1.5
2015-07-08,2016,1.5
2015-07-09,2016,1.5
2015-07-10,2016,1.5
2015-07-13,2016,1.4
2015-07-14,2016,1.5
2015-07-15,2016,1.25
2015-07-16,2016,1.33
2015-07-17,2016,1.4
2015-07-20,2016,1.33
2015-07-21,2016,1.2
2015-07-22,2016,1.2
2015-07-23,2016,1.2
2015-07-24,2016,1.2
2015-07-27,2016,1.2
2015-07-28,2016,1.2
2015-07-29,2016,1.2
2015-07-30,2016,1.2
2015-07-31,2016,1.2
2015-08-03,2016,1.15
2015-08-04,2016,1.0
2015-08-05,2016,1.0
2015-08-06,2016,1.0
2015-08-07,2016,0.8
2015-08-10,2016,0.7
2015-08-11,2016,0.7
2015-08-12,2016,0.7
2015-08-13,2016,0.7
2015-08-14,2016,0.7
2015-08-17,2016,0.7
2015-08-18,2016,0.7
2015-08-19,2016,0.7
2015-08-20,2016,0.7
2015-08-21,2016,0.7
2015-08-24,2016,0.7
2015-08-25,2016,0.7
2015-08-26,2016,0.5
2015-08-27,2016,0.5
2015-08-28,2016,0.5
2015-08-31,2016,0.5
2015-09-01,2016,0.5
2015-09-02,2016,0.45
2015-09-03,2016,0.4
2015-09-04,2016,0.2
2015-09-08,2016,0.0
2015-09-09,2016,0.0
2015-09-10,2016,0.0
2015-09-11,2016,0.0
2015-09-14,2016,0.0
2015-09-15,2016,0.0
2015-09-16,2016,0.0
2015-09-17,2016,0.0
2015-09-18,2016,0.0
2015-09-21,2016,0.0
2015-09-22,2016,-0.05
2015-09-23,2016,-0.05
2015-09-24,2016,-0.05
2015-09-25,2016,-0.05
2015-09-28,2016,-0.2
2015-09-29,2016,-0.2
2015-09-30,2016,-0.2
2015-10-01,2016,-0.2
2015-10-02,2016,-0.2
2015-10-05,2016,-0.2
2015-10-06,2016,-0.2
2015-10-07,2016,-0.15
2015-10-08,2016,-0.15
2015-10-09,2016,-0.2
2015-10-13,2016,-0.2
2015-10-14,2016,-0.15
2015-10-15,2016,-0.2
2015-10-16,2016,-0.2
2015-10-19,2016,-0.23
2015-10-20,2016,-0.28
2015-10-21,2016,-0.3
2015-10-22,2016,-0.2
2015-10-23,2016,-0.2
2015-10-26,2016,-0.23
2015-10-27,2016,-0.23
2015-10-28,2016,-0.28
2015-10-29,2016,-0.35
2015-10-30,2016,-0.4
2015-11-03,2016,-0.45
2015-11-04,2016,-0.45
2015-11-05,2016,-0.5
2015-11-06,2016,-0.5
2015-11-09,2016,-0.5
2015-11-10,2016,-0.5
2015-11-11,2016,-0.5
2015-11-12,2016,-0.5
2015-11-13,2016,-0.56
2015-11-16,2016,-0.56
2015-11-17,2016,-0.56
2015-11-18,2016,-0.53
2015-11-19,2016,-0.61
2015-11-20,2016,-0.61
2015-11-23,2016,-0.61
2015-11-24,2016,-0.61
2015-11-25,2016,-0.61
2015-11-26,2016,-0.66
2015-11-27,2016,-0.7
2015-11-30,2016,-0.7
2015-12-01,2016,-0.7
2015-12-02,2016,-0.7
2015-12-03,2016,-0.7
2015-12-04,2016,-0.7
2015-12-07,2016,-0.8
2015-12-08,2016,-0.9
2015-12-09,2016,-0.88
2015-12-10,2016,-0.9
2015-12-11,2016,-0.9
2015-12-14,2016,-1.0
2015-12-15,2016,-1.0
2015-12-16,2016,-1.0
2015-12-17,2016,-1.0
2015-12-18,2016,-1.0
2015-12-21,2016,-1.0
2015-12-22,2016,-1.0
2015-12-23,2016,-1.0
2015-12-24,2016,-1.0
2015-12-28,2016,-0.95
2015-12-29,2016,-0.95
2015-12-30,2016,-0.95
2015-12-31,2016,-0.95
2016-01-04,2016,-0.95
2016-01-05,2016,-0.9
2016-01-06,2016,-1.0
2016-01-07,2016,-1.0
2016-01-08,2016,-1.0
2016-01-11,2016,-0.98
2016-01-12,2016,-1.0
2016-01-13,2016,-1.0
2016-01-14,2016,-0.99
2016-01-15,2016,-1.0
2016-01-18,2016,-1.0
2016-01-19,2016,-1.0
2016-01-20,2016,-1.0
2016-01-21,2016,-1.0
2016-01-22,2016,-1.0
2016-01-25,2016,-1.0
2016-01-26,2016,-1.0
2016-01-27,2016,-1.0
2016-01-28,2016,-1.0
2016-01-29,2016,-1.0
2016-02-01,2016,-1.0
2016-02-02,2016,-1.0
2016-02-03,2016,-1.0
2016-02-04,2016,-1.0
2016-02-05,2016,-1.0
2016-02-10,2016,-1.0
2016-02-11,2016,-1.1
2016-02-12,2016,-1.1
2016-02-15,2016,-1.15
2016-02-16,2016,-1.15
2016-02-17,2016,-1.2
2016-02-18,2016,-1.2
2016-02-19,2016,-1.25
2016-02-22,2016,-1.3
2016-02-23,2016,-1.3
2016-02-24,2016,-1.25
2016-02-25,2016,-1.3
2016-02-26,2016,-1.3
2016-02-29,2016,-1.3
2016-03-01,2016,-1.3
2016-03-02,2016,-1.3
2016-03-03,2016,-1.3
2016-03-04,2016,-1.35
2016-03-07,2016,-1.4
2016-03-08,2016,-1.4
2016-03-09,2016,-1.4
2016-03-10,2016,-1.4
2016-03-11,2016,-1.4
2016-03-14,2016,-1.5
2016-03-15,2016,-1.5
2016-03-16,2016,-1.5
2016-03-17,2016,-1.5
2016-03-18,2016,-1.5
2016-03-21,2016,-1.5
2016-03-22,2016,-1.5
2016-03-23,2016,-1.5
2016-03-24,2016,-1.5
2016-03-28,2016,-1.5
2016-03-29,2016,-1.5
2016-03-30,2016,-1.5
2016-03-31,2016,-1.5
2016-04-01,2016,-1.5
2016-04-04,2016,-1.5
2016-04-05,2016,-1.5
2016-04-06,2016,-1.5
2016-04-07,2016,-1.5
2016-04-08,2016,-1.6
2016-04-11,2016,-1.6
2016-04-12,2016,-1.6
2016-04-13,2016,-1.6
2016-04-14,2016,-1.6
2016-04-15,2016,-1.62
2016-04-18,2016,-1.7
2016-04-19,2016,-1.7
2016-04-20,2016,-1.7
2016-04-22,2016,-1.7
2016-04-25,2016,-1.7
2016-04-26,2016,-1.7
2016-04-27,2016,-1.7
2016-04-28,2016,-1.7
2016-04-29,2016,-1.7
2016-05-02,2016,-1.7
2016-05-03,2016,-1.7
2016-05-04,2016,-1.7
2016-05-05,2016,-1.7
2016-05-06,2016,-1.7
2016-05-09,2016,-1.7
2016-05-10,2016,-1.7
2016-05-11,2016,-1.7
2016-05-12,2016,-1.7
2016-05-13,2016,-1.7
2016-05-16,2016,-1.7
2016-05-17,2016,-1.7
2016-05-18,2016,-1.7
2016-05-19,2016,-1.7
2016-05-20,2016,-1.7
2016-05-23,2016,-1.7
2016-05-24,2016,-1.7
2016-05-25,2016,-1.7
2016-05-27,2016,-1.7
2016-05-30,2016,-1.74
2016-05-31,2016,-1.77
2016-06-01,2016,-1.8
2016-06-02,2016,-1.8
2016-06-03,2016,-1.8
2016-06-06,2016,-1.9
2016-06-07,2016,-1.95
2016-06-08,2016,-2.0
2016-06-09,2016,-2.0
2016-06-10,2016,-2.0
2016-06-13,2016,-2.1
2016-06-14,2016,-2.1
2016-06-15,2016,-2.1
2016-06-16,2016,-2.13
2016-06-17,2016,-2.19
2016-06-20,2016,-2.19
2016-06-21,2016,-2.25
2016-06-22,2016,-2.25
2016-06-23,2016,-2.25
2016-06-24,2016,-2.25
2016-06-27,2016,-2.25
2016-06-28,2016,-2.25
2016-06-29,2016,-2.26
2016-06-30,2016,-2.26
2016-07-01,2016,-2.3
2016-07-04,2016,-2.3
2016-07-05,2016,-2.3
2016-07-06,2016,-2.3
2016-07-07,2016,-2.3
2016-07-08,2016,-2.35
2016-07-11,2016,-2.4
2016-07-12,2016,-2.4
2016-07-13,2016,-2.4
2016-07-14,2016,-2.4
2016-07-15,2016,-2.4
2016-07-18,2016,-2.5
2016-07-19,2016,-2.5
2016-07-20,2016,-2.5
2016-07-21,2016,-2.5
2016-07-22,2016,-2.5
2016-07-25,2016,-2.5
2016-07-26,2016,-2.5
2016-07-27,2016,-2.5
2016-07-28,2016,-2.5
2016-07-29,2016,-2.5
2016-08-01,2016,-2.5
2016-08-02,2016,-2.5
2016-08-03,2016,-2.5
2016-08-04,2016,-2.5
2016-08-05,2016,-2.5
2016-08-08,2016,-2.5
2016-08-09,2016,-2.5
2016-08-10,2016,-2.5
2016-08-11,2016,-2.5
2016-08-12,2016,-2.5
2016-08-15,2016,-2.5
2016-08-16,2016,-2.55
2016-08-17,2016,-2.55
2016-08-18,2016,-2.5
2016-08-19,2016,-2.5
2016-08-22,2016,-2.55
2016-08-23,2016,-2.6
2016-08-24,2016,-2.6
2016-08-25,2016,-2.6
2016-08-26,2016,-2.6
2016-08-29,2016,-2.6
2016-08-30,2016,-2.6
2016-08-31,2016,-2.6
2016-09-01,2016,-2.6
2016-09-02,2016,-2.6
2016-09-05,2016,-2.6
2016-09-06,2016,-2.6
2016-09-08,2016,-2.65
2016-09-09,2016,-2.6
2016-09-12,2016,-2.6
2016-09-13,2016,-2.65
2016-09-14,2016,-2.6
2016-09-15,2016,-2.6
2016-09-16,2016,-2.6
2016-09-19,2016,-2.6
2016-09-20,2016,-2.7
2016-09-21,2016,-2.6
2016-09-22,2016,-2.6
2016-09-23,2016,-2.6
2016-09-26,2016,-2.6
2016-09-27,2016,-2.6
2016-09-28,2016,-2.6
2016-09-29,2016,-2.6
2016-09-30,2016,-2.6
2016-10-03,2016,-2.6
2016-10-04,2016,-2.6
2016-10-05,2016,-2.6
2016-10-06,2016,-2.6
2016-10-07,2016,-2.6
2016-10-10,2016,-2.6
2016-10-11,2016,-2.6
2016-10-13,2016,-2.6
2016-10-14,2016,-2.6
2016-10-17,2016,-2.6
2016-10-18,2016,-2.6
2016-10-19,2016,-2.6
2016-10-20,2016,-2.6
2016-10-21,2016,-2.6
2016-10-24,2016,-2.6
2016-10-25,2016,-2.6
2016-10-26,2016,-2.6
2016-10-27,2016,-2.6
2016-10-28,2016,-2.6
2016-10-31,2016,-2.6
2016-11-01,2016,-2.6
2016-11-03,2016,-2.6
2016-11-04,2016,-2.6
2016-11-07,2016,-2.6
2016-11-08,2016,-2.6
2016-11-09,2016,-2.6
2016-11-10,2016,-2.6
2016-11-11,2016,-2.6
2016-11-14,2016,-2.6
2016-11-16,2016,-2.6
2016-11-17,2016,-2.6
2016-11-18,2016,-2.6
2016-11-21,2016,-2.6
2016-11-22,2016,-2.6
2016-11-23,2016,-2.6
2016-11-24,2016,-2.6
2016-11-25,2016,-2.6
2016-11-28,2016,-2.6
2016-11-29,2016,-2.6
2016-11-30,2016,-2.6
2016-12-01,2016,-2.6
2016-12-02,2016,-2.6
2016-12-05,2016,-2.6
2016-12-06,2016,-2.6
2016-12-07,2016,-2.6
2016-12-08,2016,-2.6
2016-12-09,2016,-2.6
2016-12-12,2016,-2.6
2016-12-13,2016,-2.55
2016-12-14,2016,-2.55
2016-12-15,2016,-2.5
2016-12-16,2016,-2.6
2016-12-19,2016,-2.6
2016-12-20,2016,-2.6
2016-12-21,2016,-2.54
2016-12-22,2016,-2.54
2016-12-23,2016,-2.6
2016-12-26,2016,-2.54
2016-12-27,2016,-2.54
2016-12-28,2016,-2.54
2016-12-29,2016,-2.5
2016-12-30,2016,-2.52
2017-01-02,2016,-2.52
2017-01-03,2016,-2.57
2017-01-04,2016,-2.57
2017-01-05,2016,-2.57
2017-01-06,2016,-2.6
2017-01-09,2016,-2.6
2017-01-10,2016,-2.6
2017-01-11,2016,-2.6
2017-01-12,2016,-2.6
2017-01-13,2016,-2.6
2017-01-16,2016,-2.6
2017-01-17,2016,-2.6
2017-01-18,2016,-2.6
2017-01-19,2016,-2.6
2017-01-20,2016,-2.6
2017-01-23,2016,-2.6
2017-01-24,2016,-2.6
2017-01-25,2016,-2.6
2017-01-26,2016,-2.6
2017-01-27,2016,-2.6
2017-01-30,2016,-2.6
2013-01-31,2017,3.0
2013-02-01,2017,2.55
2013-02-04,2017,2.1
2013-02-05,2017,2.15
2013-02-06,2017,2.1
2013-02-07,2017,2.1
2013-02-08,2017,2.05
2013-02-13,2017,2.05
2013-02-14,2017,2.05
2013-02-15,2017,2.05
2013-02-18,2017,2.05
2013-02-19,2017,2.05
2013-02-20,2017,2.05
2013-02-21,2017,2.1
2013-02-22,2017,2.1
2013-02-25,2017,2.1
2013-02-26,2017,2.1
2013-02-27,2017,2.1
2013-02-28,2017,2.1
2013-03-01,2017,2.0
2013-03-04,2017,2.0
2013-03-05,2017,2.0
2013-03-06,2017,2.0
2013-03-07,2017,2.2
2013-03-08,2017,2.2
2013-03-11,2017,2.7
2013-03-12,2017,2.45
2013-03-13,2017,2.45
2013-03-14,2017,2.5
2013-03-15,2017,2.5
2013-03-18,2017,2.5
2013-03-19,2017,2.5
2013-03-20,2017,2.5
2013-03-21,2017,2.5
2013-03-22,2017,2.5
2013-03-25,2017,2.5
2013-03-26,2017,2.5
2013-03-27,2017,2.5
2013-03-28,2017,2.35
2013-04-01,2017,2.35
2013-04-02,2017,2.35
2013-04-03,2017,2.35
2013-04-04,2017,2.2
2013-04-05,2017,2.2
2013-04-08,2017,2.2
2013-04-09,2017,2.2
2013-04-10,2017,2.2
2013-04-11,2017,2.2
2013-04-12,2017,2.2
2013-04-15,2017,2.15
2013-04-16,2017,2.1
2013-04-17,2017,2.0
2013-04-18,2017,2.0
2013-04-19,2017,2.0
2013-04-22,2017,2.0
2013-04-23,2017,2.0
2013-04-24,2017,2.0
2013-04-25,2017,2.0
2013-04-26,2017,2.0
2013-04-29,2017,2.0
2013-04-30,2017,2.0
2013-05-02,2017,2.0
2013-05-03,2017,2.0
2013-05-06,2017,2.0
2013-05-07,2017,2.0
2013-05-08,2017,2.0
2013-05-09,2017,2.0
2013-05-10,2017,2.0
2013-05-13,2017,2.0
2013-05-14,2017,2.0
2013-05-15,2017,2.0
2013-05-16,2017,2.0
2013-05-17,2017,2.0
2013-05-20,2017,2.0
2013-05-21,2017,2.0
2013-05-22,2017,2.0
2013-05-23,2017,2.0
2013-05-24,2017,2.0
2013-05-27,2017,2.0
2013-05-28,2017,2.0
2013-05-29,2017,2.0
2013-05-31,2017,2.0
2013-06-03,2017,2.0
2013-06-04,2017,2.0
2013-06-05,2017,2.0
2013-06-06,2017,2.0
2013-06-07,2017,2.0
2013-06-10,2017,2.0
2013-06-11,2017,2.0
2013-06-12,2017,2.0
2013-06-13,2017,2.0
2013-06-14,2017,2.0
2013-06-17,2017,2.0
2013-06-18,2017,2.0
2013-06-19,2017,2.0
2013-06-20,2017,2.0
2013-06-21,2017,2.0
2013-06-24,2017,2.0
2013-06-25,2017,2.0
2013-06-26,2017,2.0
2013-06-27,2017,2.0
2013-06-28,2017,2.0
2013-07-01,2017,2.0
2013-07-02,2017,2.0
2013-07-03,2017,2.0
2013-07-04,2017,2.0
2013-07-05,2017,2.0
2013-07-08,2017,2.0
2013-07-09,2017,2.0
2013-07-10,2017,2.0
2013-07-11,2017,2.0
2013-07-12,2017,2.0
2013-07-15,2017,2.0
2013-07-16,2017,2.0
2013-07-17,2017,2.0
2013-07-18,2017,2.0
2013-07-19,2017,2.0
2013-07-22,2017,2.0
2013-07-23,2017,2.0
2013-07-24,2017,2.0
2013-07-25,2017,2.0
2013-07-26,2017,2.0
2013-07-29,2017,2.0
2013-07-30,2017,2.0
2013-07-31,2017,2.0
2013-08-01,2017,2.0
2013-08-02,2017,2.0
2013-08-05,2017,2.0
2013-08-06,2017,2.0
2013-08-07,2017,2.0
2013-08-08,2017,2.0
2013-08-09,2017,2.0
2013-08-12,2017,2.0
2013-08-13,2017,2.0
2013-08-14,2017,2.0
2013-08-15,2017,2.0
2013-08-16,2017,2.0
2013-08-19,2017,2.0
2013-08-20,2017,2.0
2013-08-21,2017,2.0
2013-08-22,2017,2.0
2013-08-23,2017,2.0
2013-08-26,2017,2.0
2013-08-27,2017,2.0
2013-08-28,2017,2.0
2013-08-29,2017,2.0
2013-08-30,2017,2.0
2013-09-02,2017,2.0
2013-09-03,2017,2.0
2013-09-04,2017,2.0
2013-09-05,2017,2.0
2013-09-06,2017,2.0
2013-09-09,2017,2.0
2013-09-10,2017,2.0
2013-09-11,2017,2.0
2013-09-12,2017,2.0
2013-09-13,2017,2.0
2013-09-16,2017,2.0
2013-09-17,2017,2.0
2013-09-18,2017,2.0
2013-09-19,2017,2.0
2013-09-20,2017,2.0
2013-09-23,2017,2.0
2013-09-24,2017,2.0
2013-09-25,2017,2.0
2013-09-26,2017,2.0
2013-09-27,2017,2.0
2013-09-30,2017,2.0
2013-10-01,2017,2.0
2013-10-02,2017,2.0
2013-10-03,2017,2.0
2013-10-04,2017,2.0
2013-10-07,2017,2.0
2013-10-08,2017,2.0
2013-10-09,2017,2.0
2013-10-10,2017,2.0
2013-10-11,2017,2.0
2013-10-14,2017,2.0
2013-10-15,2017,2.0
2013-10-16,2017,2.0
2013-10-17,2017,2.0
2013-10-18,2017,2.0
2013-10-21,2017,2.0
2013-10-22,2017,2.0
2013-10-23,2017,2.0
2013-10-24,2017,2.0
2013-10-25,2017,2.0
2013-10-28,2017,2.0
2013-10-29,2017,2.0
2013-10-30,2017,2.0
2013-10-31,2017,2.0
2013-11-01,2017,2.0
2013-11-04,2017,2.0
2013-11-05,2017,2.0
2013-11-06,2017,2.0
2013-11-07,2017,2.0
2013-11-08,2017,2.0
2013-11-11,2017,2.0
2013-11-12,2017,2.0
2013-11-13,2017,2.0
2013-11-14,2017,2.0
2013-11-18,2017,2.0
2013-11-19,2017,2.0
2013-11-20,2017,2.0
2013-11-21,2017,2.0
2013-11-22,2017,2.0
2013-11-25,2017,2.0
2013-11-26,2017,2.0
2013-11-27,2017,2.0
2013-11-28,2017,2.0
2013-11-29,2017,2.0
2013-12-02,2017,2.0
2013-12-03,2017,2.0
2013-12-04,2017,2.0
2013-12-05,2017,2.0
2013-12-06,2017,2.0
2013-12-09,2017,2.0
2013-12-10,2017,2.0
2013-12-11,2017,2.0
2013-12-12,2017,2.0
2013-12-13,2017,2.0
2013-12-16,2017,2.0
2013-12-17,2017,2.0
2013-12-18,2017,2.0
2013-12-19,2017,2.0
2013-12-20,2017,2.0
2013-12-23,2017,2.0
2013-12-24,2017,2.0
2013-12-26,2017,2.0
2013-12-27,2017,2.0
2013-12-30,2017,2.0
2013-12-31,2017,2.0
2014-01-02,2017,2.0
2014-01-03,2017,2.0
2014-01-06,2017,2.0
2014-01-07,2017,2.0
2014-01-08,2017,2.0
2014-01-09,2017,2.0
2014-01-10,2017,2.0
2014-01-13,2017,2.0
2014-01-14,2017,2.0
2014-01-15,2017,2.0
2014-01-16,2017,2.0
2014-01-17,2017,2.0
2014-01-20,2017,2.0
2014-01-21,2017,2.0
2014-01-22,2017,2.0
2014-01-23,2017,2.0
2014-01-24,2017,2.0
2014-01-27,2017,2.0
2014-01-28,2017,2.0
2014-01-29,2017,2.0
2014-01-30,2017,2.0
2014-01-31,2017,2.0
2014-02-03,2017,2.0
2014-02-04,2017,2.0
2014-02-05,2017,2.0
2014-02-06,2017,2.0
2014-02-07,2017,2.0
2014-02-10,2017,2.0
2014-02-11,2017,2.0
2014-02-12,2017,2.0
2014-02-13,2017,2.0
2014-02-14,2017,2.0
2014-02-17,2017,2.0
2014-02-18,2017,2.0
2014-02-19,2017,2.0
2014-02-20,2017,2.0
2014-02-21,2017,2.0
2014-02-24,2017,2.0
2014-02-25,2017,2.0
2014-02-26,2017,2.0
2014-02-27,2017,2.0
2014-02-28,2017,2.0
2014-03-05,2017,2.0
2014-03-06,2017,2.0
2014-03-07,2017,2.0
2014-03-10,2017,2.0
2014-03-11,2017,2.0
2014-03-12,2017,2.0
2014-03-13,2017,2.0
2014-03-14,2017,2.0
2014-03-17,2017,2.0
2014-03-18,2017,2.0
2014-03-19,2017,2.0
2014-03-20,2017,2.0
2014-03-21,2017,2.0
2014-03-24,2017,2.0
2014-03-25,2017,2.0
2014-03-26,2017,2.0
2014-03-27,2017,2.0
2014-03-28,2017,2.0
2014-03-31,2017,2.0
2014-04-01,2017,2.0
2014-04-02,2017,2.0
2014-04-03,2017,2.0
2014-04-04,2017,2.0
2014-04-07,2017,2.0
2014-04-08,2017,2.0
2014-04-09,2017,2.0
2014-04-10,2017,2.0
2014-04-11,2017,2.0
2014-04-14,2017,2.0
2014-04-15,2017,2.0
2014-04-16,2017,2.0
2014-04-17,2017,2.0
2014-04-22,2017,2.0
2014-04-23,2017,2.0
2014-04-24,2017,2.0
2014-04-25,2017,2.0
2014-04-28,2017,2.0
2014-04-29,2017,2.0
2014-04-30,2017,2.0
2014-05-02,2017,2.0
2014-05-05,2017,2.0
2014-05-06,2017,2.0
2014-05-07,2017,2.0
2014-05-08,2017,2.0
2014-05-09,2017,2.0
2014-05-12,2017,2.0
2014-05-13,2017,2.0
2014-05-14,2017,2.0
2014-05-15,2017,2.0
2014-05-16,2017,2.0
2014-05-19,2017,2.0
2014-05-20,2017,2.0
2014-05-21,2017,2.0
2014-05-22,2017,2.0
2014-05-23,2017,2.0
2014-05-26,2017,2.0
2014-05-27,2017,2.0
2014-05-28,2017,2.0
2014-05-29,2017,2.0
2014-05-30,2017,2.0
2014-06-02,2017,2.0
2014-06-03,2017,2.0
2014-06-04,2017,2.0
2014-06-05,2017,2.0
2014-06-06,2017,2.0
2014-06-09,2017,2.0
2014-06-10,2017,2.0
2014-06-11,2017,2.0
2014-06-12,2017,2.0
2014-06-13,2017,2.0
2014-06-16,2017,2.0
2014-06-17,2017,2.0
2014-06-18,2017,2.0
2014-06-20,2017,2.0
2014-06-23,2017,2.0
2014-06-24,2017,2.0
2014-06-25,2017,2.0
2014-06-26,2017,2.0
2014-06-27,2017,2.0
2014-06-30,2017,2.0
2014-07-01,2017,2.0
2014-07-02,2017,2.0
2014-07-03,2017,2.0
2014-07-04,2017,2.0
2014-07-07,2017,2.0
2014-07-08,2017,2.0
2014-07-09,2017,2.0
2014-07-10,2017,2.0
2014-07-11,2017,2.0
2014-07-14,2017,2.0
2014-07-15,2017,2.0
2014-07-16,2017,2.0
2014-07-17,2017,2.0
2014-07-18,2017,2.0
2014-07-21,2017,2.0
2014-07-22,2017,2.0
2014-07-23,2017,2.0
2014-07-24,2017,2.0
2014-07-25,2017,2.0
2014-07-28,2017,2.0
2014-07-29,2017,2.0
2014-07-30,2017,2.0
2014-07-31,2017,2.0
2014-08-01,2017,2.0
2014-08-04,2017,2.0
2014-08-05,2017,2.0
2014-08-06,2017,2.0
2014-08-07,2017,2.0
2014-08-08,2017,2.0
2014-08-11,2017,2.0
2014-08-12,2017,2.0
2014-08-13,2017,2.0
2014-08-14,2017,2.0
2014-08-15,2017,2.0
2014-08-18,2017,2.0
2014-08-19,2017,2.0
2014-08-20,2017,2.0
2014-08-21,2017,2.0
2014-08-22,2017,2.0
2014-08-25,2017,2.0
2014-08-26,2017,2.0
2014-08-27,2017,2.0
2014-08-28,2017,2.0
2014-08-29,2017,2.0
2014-09-01,2017,2.0
2014-09-02,2017,2.0
2014-09-03,2017,2.0
2014-09-04,2017,2.0
2014-09-05,2017,2.0
2014-09-08,2017,2.0
2014-09-09,2017,2.0
2014-09-10,2017,2.0
2014-09-11,2017,2.0
2014-09-12,2017,2.0
2014-09-15,2017,2.0
2014-09-16,2017,2.0
2014-09-17,2017,2.0
2014-09-18,2017,2.0
2014-09-19,2017,2.0
2014-09-22,2017,2.0
2014-09-23,2017,2.0
2014-09-24,2017,2.0
2014-09-25,2017,2.0
2014-09-26,2017,2.0
2014-09-29,2017,2.0
2014-09-30,2017,2.0
2014-10-01,2017,2.0
2014-10-02,2017,2.0
2014-10-03,2017,2.0
2014-10-06,2017,2.0
2014-10-07,2017,2.0
2014-10-08,2017,2.0
2014-10-09,2017,2.0
2014-10-10,2017,2.0
2014-10-13,2017,2.0
2014-10-14,2017,2.0
2014-10-15,2017,2.0
2014-10-16,2017,2.0
2014-10-17,2017,2.0
2014-10-20,2017,2.0
2014-10-21,2017,2.0
2014-10-22,2017,2.0
2014-10-23,2017,2.0
2014-10-24,2017,2.0
2014-10-27,2017,2.0
2014-10-28,2017,2.0
2014-10-29,2017,2.0
2014-10-30,2017,2.0
2014-10-31,2017,2.0
2014-11-03,2017,2.0
2014-11-04,2017,2.0
2014-11-05,2017,2.0
2014-11-06,2017,2.0
2014-11-07,2017,2.0
2014-11-10,2017,2.0
2014-11-11,2017,2.0
2014-11-12,2017,2.0
2014-11-13,2017,2.0
2014-11-14,2017,2.0
2014-11-17,2017,2.0
2014-11-18,2017,2.0
2014-11-19,2017,2.0
2014-11-20,2017,2.0
2014-11-21,2017,2.0
2014-11-24,2017,2.0
2014-11-25,2017,2.0
2014-11-26,2017,2.0
2014-11-27,2017,2.0
2014-11-28,2017,2.0
2014-12-01,2017,2.0
2014-12-02,2017,2.0
2014-12-03,2017,2.0
2014-12-04,2017,2.0
2014-12-05,2017,2.0
2014-12-08,2017,2.0
2014-12-09,2017,2.0
2014-12-10,2017,2.0
2014-12-11,2017,2.0
2014-12-12,2017,2.0
2014-12-15,2017,2.0
2014-12-16,2017,2.0
2014-12-17,2017,2.0
2014-12-18,2017,2.0
2014-12-19,2017,2.0
2014-12-22,2017,2.0
2014-12-23,2017,2.0
2014-12-24,2017,2.0
2014-12-26,2017,2.0
2014-12-29,2017,2.0
2014-12-30,2017,2.0
2014-12-31,2017,2.0
2015-01-02,2017,2.0
2015-01-05,2017,2.0
2015-01-06,2017,2.0
2015-01-07,2017,2.0
2015-01-08,2017,2.0
2015-01-09,2017,2.0
2015-01-12,2017,2.0
2015-01-13,2017,2.0
2015-01-14,2017,2.0
2015-01-15,2017,2.0
2015-01-16,2017,2.0
2015-01-19,2017,2.0
2015-01-20,2017,2.0
2015-01-21,2017,2.0
2015-01-22,2017,2.0
2015-01-23,2017,2.0
2015-01-26,2017,2.0
2015-01-27,2017,2.0
2015-01-28,2017,2.0
2015-01-29,2017,2.0
2015-01-30,2017,2.0
2015-02-02,2017,2.0
2015-02-03,2017,2.0
2015-02-04,2017,2.0
2015-02-05,2017,2.0
2015-02-06,2017,2.0
2015-02-09,2017,2.0
2015-02-10,2017,2.0
2015-02-11,2017,2.0
2015-02-12,2017,2.0
2015-02-13,2017,2.0
2015-02-18,2017,2.0
2015-02-19,2017,2.0
2015-02-20,2017,2.0
2015-02-23,2017,2.0
2015-02-24,2017,2.0
2015-02-25,2017,2.0
2015-02-26,2017,2.0
2015-02-27,2017,2.0
2015-03-02,2017,2.0
2015-03-03,2017,2.0
2015-03-04,2017,2.0
2015-03-05,2017,2.0
2015-03-06,2017,2.0
2015-03-09,2017,2.0
2015-03-10,2017,2.0
2015-03-11,2017,2.0
2015-03-12,2017,2.0
2015-03-13,2017,2.0
2015-03-16,2017,2.0
2015-03-17,2017,2.0
2015-03-18,2017,2.0
2015-03-19,2017,2.0
2015-03-20,2017,2.0
2015-03-23,2017,2.0
2015-03-24,2017,2.0
2015-03-25,2017,2.0
2015-03-26,2017,2.0
2015-03-27,2017,2.0
2015-03-30,2017,2.0
2015-03-31,2017,2.0
2015-04-01,2017,2.0
2015-04-02,2017,2.0
2015-04-06,2017,2.0
2015-04-07,2017,2.0
2015-04-08,2017,2.0
2015-04-09,2017,2.0
2015-04-10,2017,2.0
2015-04-13,2017,2.0
2015-04-14,2017,2.0
2015-04-15,2017,2.0
2015-04-16,2017,2.0
2015-04-17,2017,2.0
2015-04-20,2017,2.0
2015-04-22,2017,2.0
2015-04-23,2017,2.0
2015-04-24,2017,2.0
2015-04-27,2017,2.0
2015-04-28,2017,2.0
2015-04-29,2017,2.0
2015-04-30,2017,2.0
2015-05-04,2017,2.0
2015-05-05,2017,2.0
2015-05-06,2017,2.0
2015-05-07,2017,2.0
2015-05-08,2017,2.0
2015-05-11,2017,2.0
2015-05-12,2017,2.0
2015-05-13,2017,2.0
2015-05-14,2017,2.0
2015-05-15,2017,2.0
2015-05-18,2017,2.0
2015-05-19,2017,2.0
2015-05-20,2017,2.0
2015-05-21,2017,2.0
2015-05-22,2017,2.0
2015-05-25,2017,2.0
2015-05-26,2017,2.0
2015-05-27,2017,2.0
2015-05-28,2017,2.0
2015-05-29,2017,2.0
2015-06-01,2017,2.0
2015-06-02,2017,2.0
2015-06-03,2017,2.0
2015-06-05,2017,2.0
2015-06-08,2017,2.0
2015-06-09,2017,2.0
2015-06-10,2017,2.0
2015-06-11,2017,2.0
2015-06-12,2017,2.0
2015-06-15,2017,2.0
2015-06-16,2017,2.0
2015-06-17,2017,2.0
2015-06-18,2017,2.0
2015-06-19,2017,2.0
2015-06-22,2017,2.0
2015-06-23,2017,2.0
2015-06-24,2017,2.0
2015-06-25,2017,2.0
2015-06-26,2017,2.0
2015-06-29,2017,2.0
2015-06-30,2017,2.0
2015-07-01,2017,2.0
2015-07-02,2017,2.0
2015-07-03,2017,2.0
2015-07-06,2017,2.0
2015-07-07,2017,2.0
2015-07-08,2017,2.0
2015-07-09,2017,2.0
2015-07-10,2017,2.0
2015-07-13,2017,2.0
2015-07-14,2017,2.0
2015-07-15,2017,2.0
2015-07-16,2017,2.0
2015-07-17,2017,2.0
2015-07-20,2017,2.0
2015-07-21,2017,2.0
2015-07-22,2017,2.0
2015-07-23,2017,2.0
2015-07-24,2017,2.0
2015-07-27,2017,2.0
2015-07-28,2017,2.0
2015-07-29,2017,2.0
2015-07-30,2017,2.0
2015-07-31,2017,1.8
2015-08-03,2017,1.8
2015-08-04,2017,1.8
2015-08-05,2017,1.75
2015-08-06,2017,1.75
2015-08-07,2017,1.5
2015-08-10,2017,1.3
2015-08-11,2017,1.3
2015-08-12,2017,1.3
2015-08-13,2017,1.3
2015-08-14,2017,1.3
2015-08-17,2017,1.3
2015-08-18,2017,1.3
2015-08-19,2017,1.3
2015-08-20,2017,1.3
2015-08-21,2017,1.25
2015-08-24,2017,1.25
2015-08-25,2017,1.25
2015-08-26,2017,1.2
2015-08-27,2017,1.2
2015-08-28,2017,1.15
2015-08-31,2017,1.1
2015-09-01,2017,1.05
2015-09-02,2017,1.05
2015-09-03,2017,1.0
2015-09-04,2017,1.0
2015-09-08,2017,1.0
2015-09-09,2017,1.0
2015-09-10,2017,1.0
2015-09-11,2017,1.0
2015-09-14,2017,1.0
2015-09-15,2017,1.0
2015-09-16,2017,1.0
2015-09-17,2017,1.0
2015-09-18,2017,1.0
2015-09-21,2017,1.0
2015-09-22,2017,1.0
2015-09-23,2017,1.0
2015-09-24,2017,1.0
2015-09-25,2017,1.0
2015-09-28,2017,0.95
2015-09-29,2017,0.95
2015-09-30,2017,0.95
2015-10-01,2017,0.95
2015-10-02,2017,0.7
2015-10-05,2017,0.7
2015-10-06,2017,0.7
2015-10-07,2017,0.8
2015-10-08,2017,0.9
2015-10-09,2017,0.8
2015-10-13,2017,0.8
2015-10-14,2017,0.8
2015-10-15,2017,0.7
2015-10-16,2017,0.7
2015-10-19,2017,0.7
2015-10-20,2017,0.7
2015-10-21,2017,0.7
2015-10-22,2017,0.7
2015-10-23,2017,0.7
2015-10-26,2017,0.7
2015-10-27,2017,0.7
2015-10-28,2017,0.7
2015-10-29,2017,0.7
2015-10-30,2017,0.7
2015-11-03,2017,0.7
2015-11-04,2017,0.7
2015-11-05,2017,0.7
2015-11-06,2017,0.7
2015-11-09,2017,0.6
2015-11-10,2017,0.6
2015-11-11,2017,0.5
2015-11-12,2017,0.5
2015-11-13,2017,0.5
2015-11-16,2017,0.5
2015-11-17,2017,0.5
2015-11-18,2017,0.5
2015-11-19,2017,0.5
2015-11-20,2017,0.7
2015-11-23,2017,0.6
2015-11-24,2017,0.6
2015-11-25,2017,0.7
2015-11-26,2017,0.6
2015-11-27,2017,0.5
2015-11-30,2017,0.5
2015-12-01,2017,0.5
2015-12-02,2017,0.5
2015-12-03,2017,0.5
2015-12-04,2017,0.4
2015-12-07,2017,0.3
2015-12-08,2017,0.27
2015-12-09,2017,0.3
2015-12-10,2017,0.3
2015-12-11,2017,0.27
2015-12-14,2017,0.27
2015-12-15,2017,0.24
2015-12-16,2017,0.24
2015-12-17,2017,0.24
2015-12-18,2017,0.24
2015-12-21,2017,0.0
2015-12-22,2017,0.0
2015-12-23,2017,0.0
2015-12-24,2017,0.0
2015-12-28,2017,0.0
2015-12-29,2017,0.0
2015-12-30,2017,0.0
2015-12-31,2017,0.0
2016-01-04,2017,0.0
2016-01-05,2017,0.0
2016-01-06,2017,0.0
2016-01-07,2017,0.0
2016-01-08,2017,0.0
2016-01-11,2017,0.0
2016-01-12,2017,0.0
2016-01-13,2017,0.0
2016-01-14,2017,0.0
2016-01-15,2017,0.2
2016-01-18,2017,0.0
2016-01-19,2017,0.0
2016-01-20,2017,0.0
2016-01-21,2017,0.0
2016-01-22,2017,0.0
2016-01-25,2017,0.0
2016-01-26,2017,0.0
2016-01-27,2017,0.0
2016-01-28,2017,0.0
2016-01-29,2017,0.0
2016-02-01,2017,0.0
2016-02-02,2017,0.0
2016-02-03,2017,0.0
2016-02-04,2017,-0.1
2016-02-05,2017,-0.1
2016-02-10,2017,-0.1
2016-02-11,2017,-0.3
2016-02-12,2017,-0.39
2016-02-15,2017,-0.4
2016-02-16,2017,-0.4
2016-02-17,2017,-0.4
2016-02-18,2017,-0.4
2016-02-19,2017,-0.5
2016-02-22,2017,-0.5
2016-02-23,2017,-0.5
2016-02-24,2017,-0.5
2016-02-25,2017,-0.5
2016-02-26,2017,-0.5
2016-02-29,2017,-0.5
2016-03-01,2017,-0.5
2016-03-02,2017,-0.5
2016-03-03,2017,-0.5
2016-03-04,2017,-0.6
2016-03-07,2017,-1.0
2016-03-08,2017,-1.0
2016-03-09,2017,-1.0
2016-03-10,2017,-1.0
2016-03-11,2017,-1.0
2016-03-14,2017,-1.0
2016-03-15,2017,-1.0
2016-03-16,2017,-1.0
2016-03-17,2017,-1.0
2016-03-18,2017,-1.0
2016-03-21,2017,-1.0
2016-03-22,2017,-1.0
2016-03-23,2017,-1.0
2016-03-24,2017,-1.0
2016-03-28,2017,-1.05
2016-03-29,2017,-1.0
2016-03-30,2017,-1.05
2016-03-31,2017,-1.05
2016-04-01,2017,-1.05
2016-04-04,2017,-1.0
2016-04-05,2017,-1.0
2016-04-06,2017,-1.0
2016-04-07,2017,-1.0
2016-04-08,2017,-1.1
2016-04-11,2017,-1.1
2016-04-12,2017,-1.1
2016-04-13,2017,-1.1
2016-04-14,2017,-1.1
2016-04-15,2017,-1.1
2016-04-18,2017,-1.2
2016-04-19,2017,-1.2
2016-04-20,2017,-1.2
2016-04-22,2017,-1.15
2016-04-25,2017,-1.15
2016-04-26,2017,-1.15
2016-04-27,2017,-1.15
2016-04-28,2017,-1.05
2016-04-29,2017,-1.1
2016-05-02,2017,-1.05
2016-05-03,2017,-1.1
2016-05-04,2017,-1.2
2016-05-05,2017,-1.1
2016-05-06,2017,-1.15
2016-05-09,2017,-1.1
2016-05-10,2017,-1.25
2016-05-11,2017,-1.25
2016-05-12,2017,-1.25
2016-05-13,2017,-1.15
2016-05-16,2017,-1.0
2016-05-17,2017,-1.0
2016-05-18,2017,-1.0
2016-05-19,2017,-1.0
2016-05-20,2017,-1.0
2016-05-23,2017,-1.0
2016-05-24,2017,-1.0
2016-05-25,2017,-1.0
2016-05-27,2017,-1.0
2016-05-30,2017,-1.03
2016-05-31,2017,-1.02
2016-06-01,2017,-1.03
2016-06-02,2017,-1.03
2016-06-03,2017,-1.03
2016-06-06,2017,-1.1
2016-06-07,2017,-1.1
2016-06-08,2017,-1.15
2016-06-09,2017,-1.5
2016-06-10,2017,-1.5
2016-06-13,2017,-1.5
2016-06-14,2017,-1.5
2016-06-15,2017,-1.5
2016-06-16,2017,-1.5
2016-06-17,2017,-1.5
2016-06-20,2017,-1.5
2016-06-21,2017,-1.5
2016-06-22,2017,-1.5
2016-06-23,2017,-1.5
2016-06-24,2017,-1.5
2016-06-27,2017,-1.5
2016-06-28,2017,-1.5
2016-06-29,2017,-1.5
2016-06-30,2017,-1.5
2016-07-01,2017,-1.5
2016-07-04,2017,-1.5
2016-07-05,2017,-1.5
2016-07-06,2017,-1.5
2016-07-07,2017,-1.5
2016-07-08,2017,-1.5
2016-07-11,2017,-1.7
2016-07-12,2017,-1.8
2016-07-13,2017,-1.8
2016-07-14,2017,-1.83
2016-07-15,2017,-1.89
2016-07-18,2017,-2.0
2016-07-19,2017,-2.0
2016-07-20,2017,-2.0
2016-07-21,2017,-2.0
2016-07-22,2017,-2.0
2016-07-25,2017,-2.0
2016-07-26,2017,-2.0
2016-07-27,2017,-2.0
2016-07-28,2017,-2.0
2016-07-29,2017,-2.0
2016-08-01,2017,-2.0
2016-08-02,2017,-2.0
2016-08-03,2017,-2.0
2016-08-04,2017,-2.0
2016-08-05,2017,-2.1
2016-08-08,2017,-2.1
2016-08-09,2017,-2.1
2016-08-10,2017,-2.1
2016-08-11,2017,-2.1
2016-08-12,2017,-2.1
2016-08-15,2017,-2.1
2016-08-16,2017,-2.1
2016-08-17,2017,-2.1
2016-08-18,2017,-2.1
2016-08-19,2017,-2.1
2016-08-22,2017,-2.1
2016-08-23,2017,-2.1
2016-08-24,2017,-2.1
2016-08-25,2017,-2.1
2016-08-26,2017,-2.1
2016-08-29,2017,-2.1
2016-08-30,2017,-2.1
2016-08-31,2017,-2.1
2016-09-01,2017,-2.1
2016-09-02,2017,-2.1
2016-09-05,2017,-2.1
2016-09-06,2017,-2.1
2016-09-08,2017,-2.1
2016-09-09,2017,-2.1
2016-09-12,2017,-2.1
2016-09-13,2017,-2.1
2016-09-14,2017,-2.1
2016-09-15,2017,-2.1
2016-09-16,2017,-2.1
2016-09-19,2017,-2.1
2016-09-20,2017,-2.1
2016-09-21,2017,-2.14
2016-09-22,2017,-2.18
2016-09-23,2017,-2.19
2016-09-26,2017,-2.2
2016-09-27,2017,-2.2
2016-09-28,2017,-2.2
2016-09-29,2017,-2.2
2016-09-30,2017,-2.2
2016-10-03,2017,-2.19
2016-10-04,2017,-2.19
2016-10-05,2017,-2.2
2016-10-06,2017,-2.19
2016-10-07,2017,-2.2
2016-10-10,2017,-2.2
2016-10-11,2017,-2.2
2016-10-13,2017,-2.2
2016-10-14,2017,-2.2
2016-10-17,2017,-2.2
2016-10-18,2017,-2.2
2016-10-19,2017,-2.2
2016-10-20,2017,-2.2
2016-10-21,2017,-2.2
2016-10-24,2017,-2.2
2016-10-25,2017,-2.2
2016-10-26,2017,-2.2
2016-10-27,2017,-2.2
2016-10-28,2017,-2.2
2016-10-31,2017,-2.2
2016-11-01,2017,-2.2
2016-11-03,2017,-2.2
2016-11-04,2017,-2.2
2016-11-07,2017,-2.2
2016-11-08,2017,-2.2
2016-11-09,2017,-2.2
2016-11-10,2017,-2.2
2016-11-11,2017,-2.2
2016-11-14,2017,-2.2
2016-11-16,2017,-2.2
2016-11-17,2017,-2.2
2016-11-18,2017,-2.2
2016-11-21,2017,-2.2
2016-11-22,2017,-2.2
2016-11-23,2017,-2.2
2016-11-24,2017,-2.2
2016-11-25,2017,-2.2
2016-11-28,2017,-2.2
2016-11-29,2017,-2.2
2016-11-30,2017,-2.2
2016-12-01,2017,-2.2
2016-12-02,2017,-2.2
2016-12-05,2017,-2.2
2016-12-06,2017,-2.2
2016-12-07,2017,-2.2
2016-12-08,2017,-2.2
2016-12-09,2017,-2.2
2016-12-12,2017,-2.3
2016-12-13,2017,-2.3
2016-12-14,2017,-2.3
2016-12-15,2017,-2.3
2016-12-16,2017,-2.3
2016-12-19,2017,-2.22
2016-12-20,2017,-2.22
2016-12-21,2017,-2.22
2016-12-22,2017,-2.22
2016-12-23,2017,-2.22
2016-12-26,2017,-2.22
2016-12-27,2017,-2.22
2016-12-28,2017,-2.22
2016-12-29,2017,-2.2
2016-12-30,2017,-2.2
2017-01-02,2017,-2.2
2017-01-03,2017,-2.2
2017-01-04,2017,-2.2
2017-01-05,2017,-2.2
2017-01-06,2017,-2.2
2017-01-09,2017,-2.2
2017-01-10,2017,-2.2
2017-01-11,2017,-2.2
2017-01-12,2017,-2.2
2017-01-13,2017,-2.2
2017-01-16,2017,-2.2
2017-01-17,2017,-2.2
2017-01-18,2017,-2.2
2017-01-19,2017,-2.21
2017-01-20,2017,-2.2
2017-01-23,2017,-2.2
2017-01-24,2017,-2.2
2017-01-25,2017,-2.2
2017-01-26,2017,-2.2
2017-01-27,2017,-2.2
2017-01-30,2017,-2.3
2017-01-31,2017,-2.3
2017-02-01,2017,-2.3
2017-02-02,2017,-2.3
2017-02-03,2017,-2.3
2017-02-06,2017,-2.29
2017-02-07,2017,-2.3
2017-02-08,2017,-2.3
2017-02-09,2017,-2.3
2017-02-10,2017,-2.3
2017-02-13,2017,-2.3
2017-02-14,2017,-2.3
2017-02-15,2017,-2.3
2017-02-16,2017,-2.3
2017-02-17,2017,-2.3
2017-02-20,2017,-2.3
2017-02-21,2017,-2.3
2017-02-22,2017,-2.3
2017-02-23,2017,-2.3
2017-02-24,2017,-2.3
2017-03-01,2017,-2.3
2017-03-02,2017,-2.29
2017-03-03,2017,-2.29
2017-03-06,2017,-2.3
2017-03-07,2017,-2.3
2017-03-08,2017,-2.3
2017-03-09,2017,-2.3
2017-03-10,2017,-2.3
2017-03-13,2017,-2.3
2017-03-14,2017,-2.3
2017-03-15,2017,-2.3
2017-03-16,2017,-2.3
2017-03-17,2017,-2.3
2017-03-20,2017,-2.3
2017-03-21,2017,-2.27
2017-03-22,2017,-2.27
2017-03-23,2017,-2.27
2017-03-24,2017,-2.29
2017-03-27,2017,-2.3
2017-03-28,2017,-2.29
2017-03-29,2017,-2.29
2017-03-30,2017,-2.3
2017-03-31,2017,-2.3
2017-04-03,2017,-2.25
2017-04-04,2017,-2.23
2017-04-05,2017,-2.2
2017-04-06,2017,-2.2
2017-04-07,2017,-2.2
2017-04-10,2017,-2.2
2017-04-11,2017,-2.2
2017-04-12,2017,-2.2
2017-04-13,2017,-2.2
2017-04-17,2017,-2.2
2017-04-18,2017,-2.2
2017-04-19,2017,-2.2
2017-04-20,2017,-2.2
2017-04-24,2017,-2.2
2017-04-25,2017,-2.2
2017-04-26,2017,-2.2
2017-04-27,2017,-2.2
2017-04-28,2017,-2.2
2017-05-02,2017,-2.2
2017-05-03,2017,-2.2
2017-05-04,2017,-2.2
2017-05-05,2017,-2.2
2017-05-08,2017,-2.2
2017-05-09,2017,-2.2
2017-05-10,2017,-2.2
2017-05-11,2017,-2.2
2017-05-12,2017,-2.2
2017-05-15,2017,-2.2
2017-05-16,2017,-2.2
2017-05-17,2017,-2.2
2017-05-18,2017,-2.2
2017-05-19,2017,-2.2
2017-05-22,2017,-2.2
2017-05-23,2017,-2.2
2017-05-24,2017,-2.2
2017-05-25,2017,-2.2
2017-05-26,2017,-2.2
2017-05-29,2017,-2.2
2017-05-30,2017,-2.2
2017-05-31,2017,-2.2
2017-06-01,2017,-2.2
2017-06-02,2017,-2.2
2017-06-05,2017,-2.2
2017-06-06,2017,-2.2
2017-06-07,2017,-2.2
2017-06-08,2017,-2.2
2017-06-09,2017,-2.2
2017-06-12,2017,-2.2
2017-06-13,2017,-2.2
2017-06-14,2017,-2.2
2017-06-16,2017,-2.2
2017-06-19,2017,-2.2
2017-06-20,2017,-2.2
2017-06-21,2017,-2.2
2017-06-22,2017,-2.2
2017-06-23,2017,-2.2
2017-06-26,2017,-2.2
2017-06-27,2017,-2.2
2017-06-28,2017,-2.2
2017-06-29,2017,-2.2
2017-06-30,2017,-2.2
2017-07-03,2017,-2.2
2017-07-04,2017,-2.2
2017-07-05,2017,-2.2
2017-07-06,2017,-2.2
2017-07-07,2017,-2.2
2017-07-10,2017,-2.2
2017-07-11,2017,-2.2
2017-07-12,2017,-2.2
2017-07-13,2017,-2.2
2017-07-14,2017,-2.2
2017-07-17,2017,-2.2
2017-07-18,2017,-2.2
2017-07-19,2017,-2.2
2017-07-20,2017,-2.2
2017-07-21,2017,-2.2
2017-07-24,2017,-2.25
2017-07-25,2017,-2.21
2017-07-26,2017,-2.21
2017-07-27,2017,-2.21
2017-07-28,2017,-2.2
2017-07-31,2017,-2.2
2017-08-01,2017,-2.21
2017-08-02,2017,-2.25
2017-08-03,2017,-2.25
2017-08-04,2017,-2.3
2017-08-07,2017,-2.3
2017-08-08,2017,-2.3
2017-08-09,2017,-2.3
2017-08-10,2017,-2.3
2017-08-11,2017,-2.3
2017-08-14,2017,-2.3
2017-08-15,2017,-2.3
2017-08-16,2017,-2.3
2017-08-17,2017,-2.4
2017-08-18,2017,-2.4
2017-08-21,2017,-2.4
2017-08-22,2017,-2.4
2017-08-23,2017,-2.4
2017-08-24,2017,-2.4
2017-08-25,2017,-2.4
2017-08-28,2017,-2.4
2017-08-29,2017,-2.4
2017-08-30,2017,-2.4
2017-08-31,2017,-2.4
2017-09-01,2017,-2.4
2017-09-04,2017,-2.4
2017-09-05,2017,-2.4
2017-09-06,2017,-2.4
2017-09-08,2017,-2.4
2017-09-11,2017,-2.4
2017-09-12,2017,-2.4
2017-09-13,2017,-2.4
2017-09-14,2017,-2.4
2017-09-15,2017,-2.45
2017-09-18,2017,-2.4
2017-09-19,2017,-2.4
2017-09-20,2017,-2.4
2017-09-21,2017,-2.4
2017-09-22,2017,-2.4
2017-09-25,2017,-2.4
2017-09-26,2017,-2.4
2017-09-27,2017,-2.4
2017-09-28,2017,-2.4
2017-09-29,2017,-2.4
2017-10-02,2017,-2.45
2017-10-03,2017,-2.45
2017-10-04,2017,-2.45
2017-10-05,2017,-2.45
2017-10-06,2017,-2.4
2017-10-09,2017,-2.4
2017-10-10,2017,-2.4
2017-10-11,2017,-2.4
2017-10-13,2017,-2.4
2017-10-16,2017,-2.4
2017-10-17,2017,-2.4
2017-10-18,2017,-2.4
2017-10-19,2017,-2.4
2017-10-20,2017,-2.4
2017-10-23,2017,-2.4
2017-10-24,2017,-2.4
2017-10-25,2017,-2.4
2017-10-26,2017,-2.4
2017-10-27,2017,-2.4
2017-10-30,2017,-2.4
2017-10-31,2017,-2.4
2017-11-01,2017,-2.4
2017-11-03,2017,-2.4
2017-11-06,2017,-2.4
2017-11-07,2017,-2.4
2017-11-08,2017,-2.4
2017-11-09,2017,-2.4
2017-11-10,2017,-2.4
2017-11-13,2017,-2.4
2017-11-14,2017,-2.4
2017-11-16,2017,-2.4
2017-11-17,2017,-2.4
2017-11-20,2017,-2.4
2017-11-21,2017,-2.4
2017-11-22,2017,-2.4
2017-11-23,2017,-2.4
2017-11-24,2017,-2.4
2017-11-27,2017,-2.4
2017-11-28,2017,-2.4
2017-11-29,2017,-2.4
2017-11-30,2017,-2.4
2017-12-01,2017,-2.4
2017-12-04,2017,-2.4
2017-12-05,2017,-2.4
2017-12-06,2017,-2.4
2017-12-07,2017,-2.4
2017-12-08,2017,-2.4
2017-12-11,2017,-2.4
2017-12-12,2017,-2.4
2017-12-13,2017,-2.4
2017-12-14,2017,-2.4
2017-12-15,2017,-2.4
2017-12-18,2017,-2.4
2017-12-19,2017,-2.4
2017-12-20,2017,-2.4
2017-12-21,2017,-2.4
2017-12-22,2017,-2.4
2017-12-26,2017,-2.4
2017-12-27,2017,-2.4
2017-12-28,2017,-2.4
2017-12-29,2017,-2.4
2018-01-02,2017,-2.4
2018-01-03,2017,-2.38
2018-01-04,2017,-2.38
2018-01-05,2017,-2.33
2018-01-08,2017,-2.38
2018-01-09,2017,-2.35
2018-01-10,2017,-2.3
2018-01-11,2017,-2.3
2018-01-12,2017,-2.3
2018-01-15,2017,-2.3
2018-01-16,2017,-2.3
2018-01-17,2017,-2.3
2018-01-18,2017,-2.2
2018-01-19,2017,-2.2
2018-01-22,2017,-2.16
2018-01-23,2017,-2.2
2018-01-24,2017,-2.2
2018-01-25,2017,-2.2
2018-01-26,2017,-2.2
2018-01-29,2017,-2.16
2018-01-30,2017,-2.16
2014-01-31,2018,2.5
2014-02-03,2018,2.5
2014-02-04,2018,2.5
2014-02-05,2018,2.5
2014-02-06,2018,2.5
2014-02-07,2018,2.25
2014-02-10,2018,2.0
2014-02-11,2018,2.0
2014-02-12,2018,2.0
2014-02-13,2018,2.0
2014-02-14,2018,2.0
2014-02-17,2018,2.0
2014-02-18,2018,2.0
2014-02-19,2018,2.0
2014-02-20,2018,2.0
2014-02-21,2018,2.0
2014-02-24,2018,2.0
2014-02-25,2018,2.0
2014-02-26,2018,2.0
2014-02-27,2018,2.0
2014-02-28,2018,2.0
2014-03-05,2018,2.0
2014-03-06,2018,2.0
2014-03-07,2018,2.0
2014-03-10,2018,2.0
2014-03-11,2018,2.0
2014-03-12,2018,2.0
2014-03-13,2018,2.0
2014-03-14,2018,2.0
2014-03-17,2018,2.0
2014-03-18,2018,2.0
2014-03-19,2018,2.0
2014-03-20,2018,2.0
2014-03-21,2018,2.0
2014-03-24,2018,2.0
2014-03-25,2018,2.0
2014-03-26,2018,2.0
2014-03-27,2018,2.0
2014-03-28,2018,2.0
2014-03-31,2018,2.0
2014-04-01,2018,2.0
2014-04-02,2018,2.0
2014-04-03,2018,2.0
2014-04-04,2018,2.0
2014-04-07,2018,2.0
2014-04-08,2018,2.0
2014-04-09,2018,2.0
2014-04-10,2018,2.0
2014-04-11,2018,2.0
2014-04-14,2018,2.0
2014-04-15,2018,2.0
2014-04-16,2018,2.0
2014-04-17,2018,2.0
2014-04-22,2018,2.0
2014-04-23,2018,2.0
2014-04-24,2018,2.0
2014-04-25,2018,2.0
2014-04-28,2018,2.0
2014-04-29,2018,2.0
2014-04-30,2018,2.0
2014-05-02,2018,2.0
2014-05-05,2018,2.0
2014-05-06,2018,2.0
2014-05-07,2018,2.0
2014-05-08,2018,2.0
2014-05-09,2018,2.0
2014-05-12,2018,2.0
2014-05-13,2018,2.0
2014-05-14,2018,2.0
2014-05-15,2018,2.0
2014-05-16,2018,2.0
2014-05-19,2018,2.0
2014-05-20,2018,2.0
2014-05-21,2018,2.0
2014-05-22,2018,2.0
2014-05-23,2018,2.0
2014-05-26,2018,2.0
2014-05-27,2018,2.0
2014-05-28,2018,2.0
2014-05-29,2018,2.0
2014-05-30,2018,2.0
2014-06-02,2018,2.0
2014-06-03,2018,2.0
2014-06-04,2018,2.0
2014-06-05,2018,2.0
2014-06-06,2018,2.0
2014-06-09,2018,2.0
2014-06-10,2018,2.0
2014-06-11,2018,2.0
2014-06-12,2018,2.0
2014-06-13,2018,2.0
2014-06-16,2018,2.0
2014-06-17,2018,2.0
2014-06-18,2018,2.0
2014-06-20,2018,2.0
2014-06-23,2018,2.0
2014-06-24,2018,2.0
2014-06-25,2018,2.0
2014-06-26,2018,2.0
2014-06-27,2018,2.0
2014-06-30,2018,2.0
2014-07-01,2018,2.0
2014-07-02,2018,2.0
2014-07-03,2018,2.0
2014-07-04,2018,2.0
2014-07-07,2018,2.0
2014-07-08,2018,2.0
2014-07-09,2018,2.0
2014-07-10,2018,2.0
2014-07-11,2018,2.0
2014-07-14,2018,2.0
2014-07-15,2018,2.0
2014-07-16,2018,2.0
2014-07-17,2018,2.0
2014-07-18,2018,2.0
2014-07-21,2018,2.0
2014-07-22,2018,2.0
2014-07-23,2018,2.0
2014-07-24,2018,2.0
2014-07-25,2018,2.0
2014-07-28,2018,2.0
2014-07-29,2018,2.0
2014-07-30,2018,2.0
2014-07-31,2018,2.0
2014-08-01,2018,2.0
2014-08-04,2018,2.0
2014-08-05,2018,2.0
2014-08-06,2018,2.0
2014-08-07,2018,2.0
2014-08-08,2018,2.0
2014-08-11,2018,2.0
2014-08-12,2018,2.0
2014-08-13,2018,2.0
2014-08-14,2018,2.0
2014-08-15,2018,2.0
2014-08-18,2018,2.0
2014-08-19,2018,2.0
2014-08-20,2018,2.0
2014-08-21,2018,2.0
2014-08-22,2018,2.0
2014-08-25,2018,2.0
2014-08-26,2018,2.0
2014-08-27,2018,2.0
2014-08-28,2018,2.0
2014-08-29,2018,2.0
2014-09-01,2018,2.0
2014-09-02,2018,2.0
2014-09-03,2018,2.0
2014-09-04,2018,2.0
2014-09-05,2018,2.0
2014-09-08,2018,2.0
2014-09-09,2018,2.0
2014-09-10,2018,2.0
2014-09-11,2018,2.0
2014-09-12,2018,2.0
2014-09-15,2018,2.0
2014-09-16,2018,2.0
2014-09-17,2018,2.0
2014-09-18,2018,2.0
2014-09-19,2018,2.0
2014-09-22,2018,2.0
2014-09-23,2018,2.0
2014-09-24,2018,2.0
2014-09-25,2018,2.0
2014-09-26,2018,2.0
2014-09-29,2018,2.0
2014-09-30,2018,2.0
2014-10-01,2018,2.0
2014-10-02,2018,2.0
2014-10-03,2018,2.0
2014-10-06,2018,2.0
2014-10-07,2018,2.0
2014-10-08,2018,2.0
2014-10-09,2018,2.0
2014-10-10,2018,2.0
2014-10-13,2018,2.0
2014-10-14,2018,2.0
2014-10-15,2018,2.0
2014-10-16,2018,2.0
2014-10-17,2018,2.0
2014-10-20,2018,2.0
2014-10-21,2018,2.0
2014-10-22,2018,2.0
2014-10-23,2018,2.0
2014-10-24,2018,2.0
2014-10-27,2018,2.0
2014-10-28,2018,2.0
2014-10-29,2018,2.0
2014-10-30,2018,2.0
2014-10-31,2018,2.0
2014-11-03,2018,2.0
2014-11-04,2018,2.0
2014-11-05,2018,2.0
2014-11-06,2018,2.0
2014-11-07,2018,2.0
2014-11-10,2018,2.0
2014-11-11,2018,2.0
2014-11-12,2018,2.0
2014-11-13,2018,2.0
2014-11-14,2018,2.0
2014-11-17,2018,2.0
2014-11-18,2018,2.0
2014-11-19,2018,2.0
2014-11-20,2018,2.0
2014-11-21,2018,2.0
2014-11-24,2018,2.0
2014-11-25,2018,2.0
2014-11-26,2018,2.0
2014-11-27,2018,2.0
2014-11-28,2018,2.0
2014-12-01,2018,2.0
2014-12-02,2018,2.0
2014-12-03,2018,2.0
2014-12-04,2018,2.0
2014-12-05,2018,2.0
2014-12-08,2018,2.0
2014-12-09,2018,2.0
2014-12-10,2018,2.0
2014-12-11,2018,2.0
2014-12-12,2018,2.0
2014-12-15,2018,2.0
2014-12-16,2018,2.0
2014-12-17,2018,2.0
2014-12-18,2018,2.0
2014-12-19,2018,2.0
2014-12-22,2018,2.0
2014-12-23,2018,2.0
2014-12-24,2018,2.0
2014-12-26,2018,2.0
2014-12-29,2018,2.0
2014-12-30,2018,2.0
2014-12-31,2018,2.0
2015-01-02,2018,2.0
2015-01-05,2018,2.0
2015-01-06,2018,2.0
2015-01-07,2018,2.0
2015-01-08,2018,2.0
2015-01-09,2018,2.0
2015-01-12,2018,2.0
2015-01-13,2018,2.0
2015-01-14,2018,2.0
2015-01-15,2018,2.0
2015-01-16,2018,2.0
2015-01-19,2018,2.0
2015-01-20,2018,2.0
2015-01-21,2018,2.0
2015-01-22,2018,2.0
2015-01-23,2018,2.0
2015-01-26,2018,2.0
2015-01-27,2018,2.0
2015-01-28,2018,2.0
2015-01-29,2018,2.0
2015-01-30,2018,2.0
2015-02-02,2018,2.0
2015-02-03,2018,2.0
2015-02-04,2018,2.0
2015-02-05,2018,2.0
2015-02-06,2018,2.0
2015-02-09,2018,2.0
2015-02-10,2018,2.0
2015-02-11,2018,2.0
2015-02-12,2018,2.0
2015-02-13,2018,2.0
2015-02-18,2018,2.0
2015-02-19,2018,2.0
2015-02-20,2018,2.0
2015-02-23,2018,2.0
2015-02-24,2018,2.0
2015-02-25,2018,2.0
2015-02-26,2018,2.0
2015-02-27,2018,2.0
2015-03-02,2018,2.0
2015-03-03,2018,2.0
2015-03-04,2018,2.0
2015-03-05,2018,2.0
2015-03-06,2018,2.0
2015-03-09,2018,2.0
2015-03-10,2018,2.0
2015-03-11,2018,2.0
2015-03-12,2018,2.0
2015-03-13,2018,2.0
2015-03-16,2018,2.0
2015-03-17,2018,2.0
2015-03-18,2018,2.0
2015-03-19,2018,2.0
2015-03-20,2018,2.0
2015-03-23,2018,2.0
2015-03-24,2018,2.0
2015-03-25,2018,2.0
2015-03-26,2018,2.0
2015-03-27,2018,2.0
2015-03-30,2018,2.0
2015-03-31,2018,2.0
2015-04-01,2018,2.0
2015-04-02,2018,2.0
2015-04-06,2018,2.0
2015-04-07,2018,2.0
2015-04-08,2018,2.0
2015-04-09,2018,2.0
2015-04-10,2018,2.0
2015-04-13,2018,2.0
2015-04-14,2018,2.0
2015-04-15,2018,2.0
2015-04-16,2018,2.0
2015-04-17,2018,2.0
2015-04-20,2018,2.0
2015-04-22,2018,2.0
2015-04-23,2018,2.0
2015-04-24,2018,2.0
2015-04-27,2018,2.0
2015-04-28,2018,2.0
2015-04-29,2018,2.0
2015-04-30,2018,2.0
2015-05-04,2018,2.0
2015-05-05,2018,2.0
2015-05-06,2018,2.0
2015-05-07,2018,2.0
2015-05-08,2018,2.0
2015-05-11,2018,2.0
2015-05-12,2018,2.0
2015-05-13,2018,2.0
2015-05-14,2018,2.0
2015-05-15,2018,2.0
2015-05-18,2018,2.0
2015-05-19,2018,2.0
2015-05-20,2018,2.0
2015-05-21,2018,2.0
2015-05-22,2018,2.0
2015-05-25,2018,2.0
2015-05-26,2018,2.0
2015-05-27,2018,2.0
2015-05-28,2018,2.0
2015-05-29,2018,2.0
2015-06-01,2018,2.0
2015-06-02,2018,2.0
2015-06-03,2018,2.0
2015-06-05,2018,2.0
2015-06-08,2018,2.0
2015-06-09,2018,2.0
2015-06-10,2018,2.0
2015-06-11,2018,2.0
2015-06-12,2018,2.0
2015-06-15,2018,2.0
2015-06-16,2018,2.0
2015-06-17,2018,2.0
2015-06-18,2018,2.0
2015-06-19,2018,2.0
2015-06-22,2018,2.0
2015-06-23,2018,2.0
2015-06-24,2018,2.0
2015-06-25,2018,2.0
2015-06-26,2018,2.0
2015-06-29,2018,2.0
2015-06-30,2018,2.0
2015-07-01,2018,2.0
2015-07-02,2018,2.0
2015-07-03,2018,2.0
2015-07-06,2018,2.0
2015-07-07,2018,2.0
2015-07-08,2018,2.0
2015-07-09,2018,2.0
2015-07-10,2018,2.0
2015-07-13,2018,2.0
2015-07-14,2018,2.0
2015-07-15,2018,2.0
2015-07-16,2018,2.0
2015-07-17,2018,2.0
2015-07-20,2018,2.0
2015-07-21,2018,2.0
2015-07-22,2018,2.0
2015-07-23,2018,2.0
2015-07-24,2018,2.0
2015-07-27,2018,2.0
2015-07-28,2018,2.0
2015-07-29,2018,2.0
2015-07-30,2018,2.0
2015-07-31,2018,2.0
2015-08-03,2018,2.0
2015-08-04,2018,2.0
2015-08-05,2018,2.0
2015-08-06,2018,2.0
2015-08-07,2018,2.0
2015-08-10,2018,2.0
2015-08-11,2018,2.0
2015-08-12,2018,2.0
2015-08-13,2018,2.0
2015-08-14,2018,2.0
2015-08-17,2018,1.82
2015-08-18,2018,1.82
2015-08-19,2018,1.82
2015-08-20,2018,1.81
2015-08-21,2018,1.81
2015-08-24,2018,1.81
2015-08-25,2018,1.81
2015-08-26,2018,1.8
2015-08-27,2018,1.8
2015-08-28,2018,1.8
2015-08-31,2018,1.5
2015-09-01,2018,1.5
2015-09-02,2018,1.5
2015-09-03,2018,1.5
2015-09-04,2018,1.5
2015-09-08,2018,1.5
2015-09-09,2018,1.4
2015-09-10,2018,1.4
2015-09-11,2018,1.45
2015-09-14,2018,1.4
2015-09-15,2018,1.4
2015-09-16,2018,1.4
2015-09-17,2018,1.4
2015-09-18,2018,1.4
2015-09-21,2018,1.4
2015-09-22,2018,1.4
2015-09-23,2018,1.4
2015-09-24,2018,1.4
2015-09-25,2018,1.4
2015-09-28,2018,1.45
2015-09-29,2018,1.45
2015-09-30,2018,1.45
2015-10-01,2018,1.45
2015-10-02,2018,1.2
2015-10-05,2018,1.4
2015-10-06,2018,1.4
2015-10-07,2018,1.4
2015-10-08,2018,1.5
2015-10-09,2018,1.4
2015-10-13,2018,1.4
2015-10-14,2018,1.2
2015-10-15,2018,1.3
2015-10-16,2018,1.3
2015-10-19,2018,1.2
2015-10-20,2018,1.2
2015-10-21,2018,1.1
2015-10-22,2018,1.2
2015-10-23,2018,1.2
2015-10-26,2018,1.2
2015-10-27,2018,1.2
2015-10-28,2018,1.2
2015-10-29,2018,1.2
2015-10-30,2018,1.2
2015-11-03,2018,1.1
2015-11-04,2018,1.1
2015-11-05,2018,1.1
2015-11-06,2018,1.1
2015-11-09,2018,1.2
2015-11-10,2018,1.2
2015-11-11,2018,1.2
2015-11-12,2018,1.2
2015-11-13,2018,1.2
2015-11-16,2018,1.1
2015-11-17,2018,1.1
2015-11-18,2018,1.2
2015-11-19,2018,1.2
2015-11-20,2018,1.3
2015-11-23,2018,1.25
2015-11-24,2018,1.25
2015-11-25,2018,1.25
2015-11-26,2018,1.2
2015-11-27,2018,1.1
2015-11-30,2018,1.2
2015-12-01,2018,1.2
2015-12-02,2018,1.1
2015-12-03,2018,1.1
2015-12-04,2018,1.0
2015-12-07,2018,1.0
2015-12-08,2018,1.0
2015-12-09,2018,1.0
2015-12-10,2018,1.0
2015-12-11,2018,1.0
2015-12-14,2018,1.0
2015-12-15,2018,1.0
2015-12-16,2018,1.0
2015-12-17,2018,1.0
2015-12-18,2018,1.0
2015-12-21,2018,1.0
2015-12-22,2018,1.0
2015-12-23,2018,1.0
2015-12-24,2018,1.0
2015-12-28,2018,1.0
2015-12-29,2018,1.0
2015-12-30,2018,1.0
2015-12-31,2018,1.0
2016-01-04,2018,1.0
2016-01-05,2018,1.0
2016-01-06,2018,1.0
2016-01-07,2018,1.0
2016-01-08,2018,0.8
2016-01-11,2018,0.9
2016-01-12,2018,0.9
2016-01-13,2018,0.9
2016-01-14,2018,1.0
2016-01-15,2018,0.9
2016-01-18,2018,1.0
2016-01-19,2018,1.0
2016-01-20,2018,1.0
2016-01-21,2018,0.9
2016-01-22,2018,1.0
2016-01-25,2018,1.0
2016-01-26,2018,1.0
2016-01-27,2018,1.0
2016-01-28,2018,1.0
2016-01-29,2018,1.0
2016-02-01,2018,1.0
2016-02-02,2018,1.0
2016-02-03,2018,0.8
2016-02-04,2018,0.5
2016-02-05,2018,0.5
2016-02-10,2018,0.5
2016-02-11,2018,0.5
2016-02-12,2018,0.5
2016-02-15,2018,0.4
2016-02-16,2018,0.4
2016-02-17,2018,0.3
2016-02-18,2018,0.3
2016-02-19,2018,0.2
2016-02-22,2018,0.0
2016-02-23,2018,0.0
2016-02-24,2018,0.1
2016-02-25,2018,0.1
2016-02-26,2018,0.1
2016-02-29,2018,0.0
2016-03-01,2018,0.0
2016-03-02,2018,0.0
2016-03-03,2018,0.0
2016-03-04,2018,0.0
2016-03-07,2018,-0.1
2016-03-08,2018,-0.1
2016-03-09,2018,-0.1
2016-03-10,2018,-0.3
2016-03-11,2018,-0.3
2016-03-14,2018,-0.5
2016-03-15,2018,-0.5
2016-03-16,2018,-0.6
2016-03-17,2018,-0.7
2016-03-18,2018,-0.6
2016-03-21,2018,-0.5
2016-03-22,2018,-0.5
2016-03-23,2018,-0.5
2016-03-24,2018,-0.5
2016-03-28,2018,-0.7
2016-03-29,2018,-0.6
2016-03-30,2018,-0.5
2016-03-31,2018,-0.5
2016-04-01,2018,-0.5
2016-04-04,2018,-0.5
2016-04-05,2018,-0.5
2016-04-06,2018,-0.5
2016-04-07,2018,-0.5
2016-04-08,2018,-0.5
2016-04-11,2018,-0.5
2016-04-12,2018,-0.5
2016-04-13,2018,-0.5
2016-04-14,2018,-0.5
2016-04-15,2018,-0.7
2016-04-18,2018,-0.76
2016-04-19,2018,-0.76
2016-04-20,2018,-0.76
2016-04-22,2018,-0.71
2016-04-25,2018,-0.79
2016-04-26,2018,-0.79
2016-04-27,2018,-0.79
2016-04-28,2018,-0.7
2016-04-29,2018,-0.6
2016-05-02,2018,-0.75
2016-05-03,2018,-0.75
2016-05-04,2018,-0.79
2016-05-05,2018,-0.79
2016-05-06,2018,-0.79
2016-05-09,2018,-0.7
2016-05-10,2018,-0.8
2016-05-11,2018,-0.8
2016-05-12,2018,-0.8
2016-05-13,2018,-0.75
2016-05-16,2018,-0.5
2016-05-17,2018,-0.5
2016-05-18,2018,-0.5
2016-05-19,2018,-0.5
2016-05-20,2018,-0.5
2016-05-23,2018,-0.5
2016-05-24,2018,-0.5
2016-05-25,2018,-0.5
2016-05-27,2018,-0.5
2016-05-30,2018,-0.5
2016-05-31,2018,-0.5
2016-06-01,2018,-0.5
2016-06-02,2018,-0.5
2016-06-03,2018,-0.5
2016-06-06,2018,-0.5
2016-06-07,2018,-0.5
2016-06-08,2018,-0.75
2016-06-09,2018,-0.75
2016-06-10,2018,-0.75
2016-06-13,2018,-0.75
2016-06-14,2018,-0.75
2016-06-15,2018,-0.5
2016-06-16,2018,-0.75
2016-06-17,2018,-0.63
2016-06-20,2018,-0.7
2016-06-21,2018,-0.5
2016-06-22,2018,-0.5
2016-06-23,2018,-0.5
2016-06-24,2018,-0.5
2016-06-27,2018,-0.5
2016-06-28,2018,-0.5
2016-06-29,2018,-0.5
2016-06-30,2018,-0.5
2016-07-01,2018,-0.7
2016-07-04,2018,-0.75
2016-07-05,2018,-0.75
2016-07-06,2018,-1.0
2016-07-07,2018,-1.0
2016-07-08,2018,-1.0
2016-07-11,2018,-1.0
2016-07-12,2018,-1.0
2016-07-13,2018,-1.0
2016-07-14,2018,-1.0
2016-07-15,2018,-1.0
2016-07-18,2018,-1.0
2016-07-19,2018,-1.0
2016-07-20,2018,-1.0
2016-07-21,2018,-1.0
2016-07-22,2018,-1.0
2016-07-25,2018,-1.0
2016-07-26,2018,-1.0
2016-07-27,2018,-1.0
2016-07-28,2018,-1.0
2016-07-29,2018,-1.0
2016-08-01,2018,-1.0
2016-08-02,2018,-1.0
2016-08-03,2018,-1.0
2016-08-04,2018,-1.0
2016-08-05,2018,-1.0
2016-08-08,2018,-1.0
2016-08-09,2018,-1.0
2016-08-10,2018,-1.0
2016-08-11,2018,-1.1
2016-08-12,2018,-1.1
2016-08-15,2018,-1.05
2016-08-16,2018,-1.1
2016-08-17,2018,-1.1
2016-08-18,2018,-1.1
2016-08-19,2018,-1.1
2016-08-22,2018,-1.1
2016-08-23,2018,-1.13
2016-08-24,2018,-1.13
2016-08-25,2018,-1.13
2016-08-26,2018,-1.18
2016-08-29,2018,-1.2
2016-08-30,2018,-1.2
2016-08-31,2018,-1.2
2016-09-01,2018,-1.2
2016-09-02,2018,-1.2
2016-09-05,2018,-1.28
2016-09-06,2018,-1.28
2016-09-08,2018,-1.2
2016-09-09,2018,-1.36
2016-09-12,2018,-1.36
2016-09-13,2018,-1.28
2016-09-14,2018,-1.2
2016-09-15,2018,-1.36
2016-09-16,2018,-1.36
2016-09-19,2018,-1.36
2016-09-20,2018,-1.28
2016-09-21,2018,-1.28
2016-09-22,2018,-1.18
2016-09-23,2018,-1.2
2016-09-26,2018,-1.3
2016-09-27,2018,-1.3
2016-09-28,2018,-1.3
2016-09-29,2018,-1.2
2016-09-30,2018,-1.18
2016-10-03,2018,-1.13
2016-10-04,2018,-1.13
2016-10-05,2018,-1.1
2016-10-06,2018,-1.1
2016-10-07,2018,-1.13
2016-10-10,2018,-1.1
2016-10-11,2018,-1.1
2016-10-13,2018,-1.16
2016-10-14,2018,-1.13
2016-10-17,2018,-1.1
2016-10-18,2018,-1.13
2016-10-19,2018,-1.1
2016-10-20,2018,-1.13
2016-10-21,2018,-1.18
2016-10-24,2018,-1.2
2016-10-25,2018,-1.2
2016-10-26,2018,-1.2
2016-10-27,2018,-1.2
2016-10-28,2018,-1.2
2016-10-31,2018,-1.3
2016-11-01,2018,-1.3
2016-11-03,2018,-1.4
2016-11-04,2018,-1.4
2016-11-07,2018,-1.3
2016-11-08,2018,-1.3
2016-11-09,2018,-1.2
2016-11-10,2018,-1.3
2016-11-11,2018,-1.3
2016-11-14,2018,-1.2
2016-11-16,2018,-1.2
2016-11-17,2018,-1.2
2016-11-18,2018,-1.4
2016-11-21,2018,-1.2
2016-11-22,2018,-1.4
2016-11-23,2018,-1.4
2016-11-24,2018,-1.4
2016-11-25,2018,-1.4
2016-11-28,2018,-1.4
2016-11-29,2018,-1.4
2016-11-30,2018,-1.4
2016-12-01,2018,-1.4
2016-12-02,2018,-1.4
2016-12-05,2018,-1.4
2016-12-06,2018,-1.4
2016-12-07,2018,-1.4
2016-12-08,2018,-1.4
2016-12-09,2018,-1.4
2016-12-12,2018,-1.66
2016-12-13,2018,-1.66
2016-12-14,2018,-1.66
2016-12-15,2018,-1.66
2016-12-16,2018,-1.68
2016-12-19,2018,-1.66
2016-12-20,2018,-1.66
2016-12-21,2018,-1.66
2016-12-22,2018,-1.66
2016-12-23,2018,-1.66
2016-12-26,2018,-1.66
2016-12-27,2018,-1.65
2016-12-28,2018,-1.65
2016-12-29,2018,-1.65
2016-12-30,2018,-1.63
2017-01-02,2018,-1.68
2017-01-03,2018,-1.68
2017-01-04,2018,-1.68
2017-01-05,2018,-1.63
2017-01-06,2018,-1.59
2017-01-09,2018,-1.63
2017-01-10,2018,-1.63
2017-01-11,2018,-1.6
2017-01-12,2018,-1.6
2017-01-13,2018,-1.68
2017-01-16,2018,-1.65
2017-01-17,2018,-1.65
2017-01-18,2018,-1.65
2017-01-19,2018,-1.66
2017-01-20,2018,-1.6
2017-01-23,2018,-1.63
2017-01-24,2018,-1.63
2017-01-25,2018,-1.63
2017-01-26,2018,-1.63
2017-01-27,2018,-1.63
2017-01-30,2018,-1.68
2017-01-31,2018,-1.68
2017-02-01,2018,-1.68
2017-02-02,2018,-1.63
2017-02-03,2018,-1.63
2017-02-06,2018,-1.63
2017-02-07,2018,-1.63
2017-02-08,2018,-1.63
2017-02-09,2018,-1.63
2017-02-10,2018,-1.63
2017-02-13,2018,-1.62
2017-02-14,2018,-1.62
2017-02-15,2018,-1.62
2017-02-16,2018,-1.6
2017-02-17,2018,-1.6
2017-02-20,2018,-1.6
2017-02-21,2018,-1.6
2017-02-22,2018,-1.6
2017-02-23,2018,-1.6
2017-02-24,2018,-1.64
2017-03-01,2018,-1.62
2017-03-02,2018,-1.64
2017-03-03,2018,-1.64
2017-03-06,2018,-1.7
2017-03-07,2018,-1.7
2017-03-08,2018,-1.7
2017-03-09,2018,-1.7
2017-03-10,2018,-1.7
2017-03-13,2018,-1.7
2017-03-14,2018,-1.7
2017-03-15,2018,-1.7
2017-03-16,2018,-1.7
2017-03-17,2018,-1.7
2017-03-20,2018,-1.7
2017-03-21,2018,-1.7
2017-03-22,2018,-1.7
2017-03-23,2018,-1.7
2017-03-24,2018,-1.7
2017-03-27,2018,-1.7
2017-03-28,2018,-1.7
2017-03-29,2018,-1.7
2017-03-30,2018,-1.7
2017-03-31,2018,-1.7
2017-04-03,2018,-1.7
2017-04-04,2018,-1.7
2017-04-05,2018,-1.7
2017-04-06,2018,-1.7
2017-04-07,2018,-1.67
2017-04-10,2018,-1.7
2017-04-11,2018,-1.7
2017-04-12,2018,-1.7
2017-04-13,2018,-1.75
2017-04-17,2018,-1.8
2017-04-18,2018,-1.8
2017-04-19,2018,-1.8
2017-04-20,2018,-1.8
2017-04-24,2018,-1.8
2017-04-25,2018,-1.8
2017-04-26,2018,-1.8
2017-04-27,2018,-1.8
2017-04-28,2018,-1.8
2017-05-02,2018,-1.8
2017-05-03,2018,-1.8
2017-05-04,2018,-1.8
2017-05-05,2018,-1.8
2017-05-08,2018,-1.8
2017-05-09,2018,-1.8
2017-05-10,2018,-1.8
2017-05-11,2018,-1.8
2017-05-12,2018,-1.8
2017-05-15,2018,-1.8
2017-05-16,2018,-1.8
2017-05-17,2018,-1.8
2017-05-18,2018,-1.8
2017-05-19,2018,-1.8
2017-05-22,2018,-1.8
2017-05-23,2018,-1.8
2017-05-24,2018,-1.8
2017-05-25,2018,-1.8
2017-05-26,2018,-1.8
2017-05-29,2018,-1.8
2017-05-30,2018,-1.8
2017-05-31,2018,-1.8
2017-06-01,2018,-1.8
2017-06-02,2018,-1.8
2017-06-05,2018,-1.8
2017-06-06,2018,-1.8
2017-06-07,2018,-1.8
2017-06-08,2018,-1.8
2017-06-09,2018,-1.8
2017-06-12,2018,-1.8
2017-06-13,2018,-1.8
2017-06-14,2018,-1.8
2017-06-16,2018,-1.8
2017-06-19,2018,-1.8
2017-06-20,2018,-1.8
2017-06-21,2018,-1.8
2017-06-22,2018,-1.8
2017-06-23,2018,-1.8
2017-06-26,2018,-1.8
2017-06-27,2018,-1.8
2017-06-28,2018,-1.8
2017-06-29,2018,-1.8
2017-06-30,2018,-1.8
2017-07-03,2018,-1.8
2017-07-04,2018,-1.8
2017-07-05,2018,-1.8
2017-07-06,2018,-1.8
2017-07-07,2018,-1.8
2017-07-10,2018,-1.8
2017-07-11,2018,-1.82
2017-07-12,2018,-1.8
2017-07-13,2018,-1.8
2017-07-14,2018,-1.8
2017-07-17,2018,-1.84
2017-07-18,2018,-1.87
2017-07-19,2018,-1.87
2017-07-20,2018,-1.86
2017-07-21,2018,-1.84
2017-07-24,2018,-1.87
2017-07-25,2018,-1.86
2017-07-26,2018,-1.86
2017-07-27,2018,-1.89
2017-07-28,2018,-1.86
2017-07-31,2018,-1.84
2017-08-01,2018,-1.86
2017-08-02,2018,-1.87
2017-08-03,2018,-1.87
2017-08-04,2018,-1.86
2017-08-07,2018,-1.87
2017-08-08,2018,-1.86
2017-08-09,2018,-1.84
2017-08-10,2018,-1.83
2017-08-11,2018,-1.83
2017-08-14,2018,-1.87
2017-08-15,2018,-1.89
2017-08-16,2018,-1.9
2017-08-17,2018,-1.93
2017-08-18,2018,-1.98
2017-08-21,2018,-2.0
2017-08-22,2018,-2.0
2017-08-23,2018,-2.0
2017-08-24,2018,-2.0
2017-08-25,2018,-2.0
2017-08-28,2018,-2.0
2017-08-29,2018,-2.05
2017-08-30,2018,-2.14
2017-08-31,2018,-2.17
2017-09-01,2018,-2.2
2017-09-04,2018,-2.2
2017-09-05,2018,-2.2
2017-09-06,2018,-2.2
2017-09-08,2018,-2.2
2017-09-11,2018,-2.2
2017-09-12,2018,-2.2
2017-09-13,2018,-2.2
2017-09-14,2018,-2.3
2017-09-15,2018,-2.26
2017-09-18,2018,-2.21
2017-09-19,2018,-2.21
2017-09-20,2018,-2.2
2017-09-21,2018,-2.2
2017-09-22,2018,-2.2
2017-09-25,2018,-2.2
2017-09-26,2018,-2.2
2017-09-27,2018,-2.21
2017-09-28,2018,-2.21
2017-09-29,2018,-2.21
2017-10-02,2018,-2.21
2017-10-03,2018,-2.21
2017-10-04,2018,-2.21
2017-10-05,2018,-2.2
2017-10-06,2018,-2.2
2017-10-09,2018,-2.21
2017-10-10,2018,-2.21
2017-10-11,2018,-2.21
2017-10-13,2018,-2.21
2017-10-16,2018,-2.21
2017-10-17,2018,-2.21
2017-10-18,2018,-2.2
2017-10-19,2018,-2.2
2017-10-20,2018,-2.2
2017-10-23,2018,-2.2
2017-10-24,2018,-2.2
2017-10-25,2018,-2.2
2017-10-26,2018,-2.2
2017-10-27,2018,-2.2
2017-10-30,2018,-2.2
2017-10-31,2018,-2.2
2017-11-01,2018,-2.2
2017-11-03,2018,-2.2
2017-11-06,2018,-2.2
2017-11-07,2018,-2.2
2017-11-08,2018,-2.2
2017-11-09,2018,-2.26
2017-11-10,2018,-2.27
2017-11-13,2018,-2.27
2017-11-14,2018,-2.27
2017-11-16,2018,-2.27
2017-11-17,2018,-2.27
2017-11-20,2018,-2.26
2017-11-21,2018,-2.27
2017-11-22,2018,-2.2
2017-11-23,2018,-2.2
2017-11-24,2018,-2.2
2017-11-27,2018,-2.2
2017-11-28,2018,-2.2
2017-11-29,2018,-2.2
2017-11-30,2018,-2.2
2017-12-01,2018,-2.2
2017-12-04,2018,-2.2
2017-12-05,2018,-2.2
2017-12-06,2018,-2.2
2017-12-07,2018,-2.2
2017-12-08,2018,-2.2
2017-12-11,2018,-2.2
2017-12-12,2018,-2.2
2017-12-13,2018,-2.2
2017-12-14,2018,-2.2
2017-12-15,2018,-2.2
2017-12-18,2018,-2.2
2017-12-19,2018,-2.2
2017-12-20,2018,-2.2
2017-12-21,2018,-2.2
2017-12-22,2018,-2.2
2017-12-26,2018,-2.2
2017-12-27,2018,-2.2
2017-12-28,2018,-2.2
2017-12-29,2018,-2.2
2018-01-02,2018,-2.2
2018-01-03,2018,-2.2
2018-01-04,2018,-2.2
2018-01-05,2018,-2.2
2018-01-08,2018,-2.2
2018-01-09,2018,-2.2
2018-01-10,2018,-2.2
2018-01-11,2018,-2.2
2018-01-12,2018,-2.2
2018-01-15,2018,-2.2
2018-01-16,2018,-2.2
2018-01-17,2018,-2.2
2018-01-18,2018,-2.2
2018-01-19,2018,-2.2
2018-01-22,2018,-2.18
2018-01-23,2018,-2.2
2018-01-24,2018,-2.2
2018-01-25,2018,-2.2
2018-01-26,2018,-2.2
2018-01-29,2018,-2.2
2018-01-30,2018,-2.2
2018-01-31,2018,-2.18
2018-02-01,2018,-2.18
2018-02-02,2018,-2.19
2018-02-05,2018,-2.2
2018-02-06,2018,-2.18
2018-02-07,2018,-2.18
2018-02-08,2018,-2.14
2018-02-09,2018,-2.18
2018-02-14,2018,-2.18
2018-02-15,2018,-2.1
2018-02-16,2018,-2.1
2018-02-19,2018,-2.01
2018-02-20,2018,-2.01
2018-02-21,2018,-2.01
2018-02-22,2018,-2.06
2018-02-23,2018,-2.06
2018-02-26,2018,-2.0
2018-02-27,2018,-2.0
2018-02-28,2018,-2.0
2018-03-01,2018,-2.0
2018-03-02,2018,-2.0
2018-03-05,2018,-2.01
2018-03-06,2018,-2.01
2018-03-07,2018,-2.01
2018-03-08,2018,-2.01
2018-03-09,2018,-2.06
2018-03-12,2018,-2.01
2018-03-13,2018,-2.0
2018-03-14,2018,-1.95
2018-03-15,2018,-1.95
2018-03-16,2018,-1.95
2018-03-19,2018,-1.9
2018-03-20,2018,-1.9
2018-03-21,2018,-1.9
2018-03-22,2018,-1.9
2018-03-23,2018,-1.9
2018-03-26,2018,-1.9
2018-03-27,2018,-1.9
2018-03-28,2018,-1.9
2018-03-29,2018,-1.9
2018-04-02,2018,-1.9
2018-04-03,2018,-1.9
2018-04-04,2018,-1.9
2018-04-05,2018,-1.9
2018-04-06,2018,-1.9
2018-04-09,2018,-1.9
2018-04-10,2018,-1.9
2018-04-11,2018,-1.9
2018-04-12,2018,-1.9
2018-04-13,2018,-1.9
2018-04-16,2018,-1.9
2018-04-17,2018,-1.9
2018-04-18,2018,-1.9
2018-04-19,2018,-1.9
2018-04-20,2018,-1.9
2018-04-23,2018,-1.9
2018-04-24,2018,-1.9
2018-04-25,2018,-1.9
2018-04-26,2018,-1.9
2018-04-27,2018,-1.9
2018-04-30,2018,-1.9
2018-05-02,2018,-1.9
2018-05-03,2018,-1.9
2018-05-04,2018,-1.9
2018-05-07,2018,-1.9
2018-05-08,2018,-1.9
2018-05-09,2018,-1.9
2018-05-10,2018,-1.85
2018-05-11,2018,-1.9
2018-05-14,2018,-1.8
2018-05-15,2018,-1.8
2018-05-16,2018,-1.8
2018-05-17,2018,-1.85
2018-05-18,2018,-1.9
2018-05-21,2018,-1.9
2018-05-22,2018,-1.9
2018-05-23,2018,-1.9
2018-05-24,2018,-1.9
2018-05-25,2018,-1.9
2018-05-28,2018,-1.9
2018-05-29,2018,-1.9
2018-05-30,2018,-1.9
2018-06-01,2018,-1.9
2018-06-04,2018,-1.9
2018-06-05,2018,-1.9
2018-06-06,2018,-1.9
2018-06-07,2018,-1.9
2018-06-08,2018,-2.02
2018-06-11,2018,-2.05
2018-06-12,2018,-2.05
2018-06-13,2018,-2.1
2018-06-14,2018,-2.1
2018-06-15,2018,-2.1
2018-06-18,2018,-2.1
2018-06-19,2018,-2.1
2018-06-20,2018,-2.1
2018-06-21,2018,-2.1
2018-06-22,2018,-2.1
2018-06-25,2018,-2.1
2018-06-26,2018,-2.1
2018-06-27,2018,-2.1
2018-06-28,2018,-2.1
2018-06-29,2018,-2.1
2018-07-02,2018,-2.1
2018-07-03,2018,-2.1
2018-07-04,2018,-2.1
2018-07-05,2018,-2.1
2018-07-06,2018,-2.1
2018-07-09,2018,-2.05
2018-07-10,2018,-2.1
2018-07-11,2018,-2.05
2018-07-12,2018,-2.05
2018-07-13,2018,-2.05
2018-07-16,2018,-2.0
2018-07-17,2018,-2.0
2018-07-18,2018,-2.0
2018-07-19,2018,-2.0
2018-07-20,2018,-2.0
2018-07-23,2018,-2.0
2018-07-24,2018,-2.05
2018-07-25,2018,-2.05
2018-07-26,2018,-2.05
2018-07-27,2018,-2.05
2018-07-30,2018,-2.1
2018-07-31,2018,-2.05
2018-08-01,2018,-2.05
2018-08-02,2018,-2.1
2018-08-03,2018,-2.0
2018-08-06,2018,-2.0
2018-08-07,2018,-2.05
2018-08-08,2018,-2.05
2018-08-09,2018,-2.1
2018-08-10,2018,-2.05
2018-08-13,2018,-2.1
2018-08-14,2018,-2.1
2018-08-15,2018,-2.1
2018-08-16,2018,-2.1
2018-08-17,2018,-2.05
2018-08-20,2018,-2.03
2018-08-21,2018,-2.03
2018-08-22,2018,-2.1
2018-08-23,2018,-2.1
2018-08-24,2018,-2.1
2018-08-27,2018,-2.1
2018-08-28,2018,-2.1
2018-08-29,2018,-2.1
2018-08-30,2018,-2.1
2018-08-31,2018,-2.1
2018-09-03,2018,-2.1
2018-09-04,2018,-2.08
2018-09-05,2018,-2.05
2018-09-06,2018,-2.05
2018-09-10,2018,-2.03
2018-09-11,2018,-2.08
2018-09-12,2018,-2.05
2018-09-13,2018,-2.05
2018-09-14,2018,-2.05
2018-09-17,2018,-2.05
2018-09-18,2018,-2.05
2018-09-19,2018,-2.05
2018-09-20,2018,-2.05
2018-09-21,2018,-2.03
2018-09-24,2018,-2.0
2018-09-25,2018,-2.0
2018-09-26,2018,-2.0
2018-09-27,2018,-2.0
2018-09-28,2018,-2.0
2018-10-01,2018,-2.0
2018-10-02,2018,-2.0
2018-10-03,2018,-2.0
2018-10-04,2018,-2.0
2018-10-05,2018,-1.95
2018-10-08,2018,-1.9
2018-10-09,2018,-1.9
2018-10-10,2018,-1.9
2018-10-11,2018,-1.9
2018-10-15,2018,-1.9
2018-10-16,2018,-1.9
2018-10-17,2018,-1.9
2018-10-18,2018,-1.93
2018-10-19,2018,-1.9
2018-10-22,2018,-1.9
2018-10-23,2018,-1.9
2018-10-24,2018,-1.9
2018-10-25,2018,-1.9
2018-10-26,2018,-1.9
2018-10-29,2018,-1.9
2018-10-30,2018,-1.9
2018-10-31,2018,-1.9
2018-11-01,2018,-1.9
2018-11-05,2018,-1.9
2018-11-06,2018,-1.9
2018-11-07,2018,-1.9
2018-11-08,2018,-1.9
2018-11-09,2018,-1.9
2018-11-12,2018,-1.9
2018-11-13,2018,-1.9
2018-11-14,2018,-1.85
2018-11-16,2018,-1.9
2018-11-19,2018,-1.9
2018-11-20,2018,-1.9
2018-11-21,2018,-1.9
2018-11-22,2018,-1.9
2018-11-23,2018,-1.9
2018-11-26,2018,-1.8
2018-11-27,2018,-1.8
2018-11-28,2018,-1.8
2018-11-29,2018,-1.8
2018-11-30,2018,-1.8
2018-12-03,2018,-1.8
2018-12-04,2018,-1.8
2018-12-05,2018,-1.8
2018-12-06,2018,-1.8
2018-12-07,2018,-1.8
2018-12-10,2018,-1.8
2018-12-11,2018,-1.8
2018-12-12,2018,-1.8
2018-12-13,2018,-1.8
2018-12-14,2018,-1.8
2018-12-17,2018,-1.8
2018-12-18,2018,-1.8
2018-12-19,2018,-1.8
2018-12-20,2018,-1.8
2018-12-21,2018,-1.8
2018-12-24,2018,-1.8
2018-12-26,2018,-1.8
2018-12-27,2018,-1.8
2018-12-28,2018,-1.8
2018-12-31,2018,-1.8
2019-01-02,2018,-1.8
2019-01-03,2018,-1.79
2019-01-04,2018,-1.79
2019-01-07,2018,-1.75
2019-01-08,2018,-1.75
2019-01-09,2018,-1.75
2019-01-10,2018,-1.7
2019-01-11,2018,-1.75
2019-01-14,2018,-1.79
2019-01-15,2018,-1.8
2019-01-16,2018,-1.8
2019-01-17,2018,-1.8
2019-01-18,2018,-1.8
2019-01-21,2018,-1.8
2019-01-22,2018,-1.8
2019-01-23,2018,-1.8
2019-01-24,2018,-1.8
2019-01-25,2018,-1.8
2019-01-28,2018,-1.8
2019-01-29,2018,-1.7
2019-01-30,2018,-1.7
2015-01-30,2019,0.0
2015-02-02,2019,0.0
2015-02-03,2019,1.65
2015-02-04,2019,1.8
2015-02-05,2019,1.9
2015-02-06,2019,1.9
2015-02-09,2019,1.9
2015-02-10,2019,1.9
2015-02-11,2019,1.9
2015-02-12,2019,2.0
2015-02-13,2019,2.0
2015-02-18,2019,2.0
2015-02-19,2019,2.0
2015-02-20,2019,2.0
2015-02-23,2019,2.0
2015-02-24,2019,2.0
2015-02-25,2019,2.0
2015-02-26,2019,2.0
2015-02-27,2019,2.0
2015-03-02,2019,2.0
2015-03-03,2019,2.0
2015-03-04,2019,2.0
2015-03-05,2019,2.0
2015-03-06,2019,2.0
2015-03-09,2019,2.0
2015-03-10,2019,2.0
2015-03-11,2019,2.0
2015-03-12,2019,2.0
2015-03-13,2019,2.0
2015-03-16,2019,2.0
2015-03-17,2019,2.0
2015-03-18,2019,2.0
2015-03-19,2019,2.0
2015-03-20,2019,2.0
2015-03-23,2019,2.0
2015-03-24,2019,2.0
2015-03-25,2019,2.0
2015-03-26,2019,2.0
2015-03-27,2019,2.0
2015-03-30,2019,2.0
2015-03-31,2019,2.0
2015-04-01,2019,2.0
2015-04-02,2019,2.0
2015-04-06,2019,2.0
2015-04-07,2019,2.0
2015-04-08,2019,2.0
2015-04-09,2019,2.0
2015-04-10,2019,2.0
2015-04-13,2019,2.0
2015-04-14,2019,2.0
2015-04-15,2019,2.0
2015-04-16,2019,2.0
2015-04-17,2019,2.0
2015-04-20,2019,2.0
2015-04-22,2019,2.0
2015-04-23,2019,2.0
2015-04-24,2019,2.0
2015-04-27,2019,2.0
2015-04-28,2019,2.0
2015-04-29,2019,2.0
2015-04-30,2019,2.0
2015-05-04,2019,2.0
2015-05-05,2019,2.0
2015-05-06,2019,2.0
2015-05-07,2019,2.0
2015-05-08,2019,2.0
2015-05-11,2019,2.0
2015-05-12,2019,2.0
2015-05-13,2019,2.0
2015-05-14,2019,2.0
2015-05-15,2019,2.0
2015-05-18,2019,2.0
2015-05-19,2019,2.0
2015-05-20,2019,2.0
2015-05-21,2019,2.0
2015-05-22,2019,2.0
2015-05-25,2019,2.0
2015-05-26,2019,2.0
2015-05-27,2019,2.0
2015-05-28,2019,2.0
2015-05-29,2019,2.0
2015-06-01,2019,2.0
2015-06-02,2019,2.0
2015-06-03,2019,2.0
2015-06-05,2019,2.0
2015-06-08,2019,2.0
2015-06-09,2019,2.0
2015-06-10,2019,2.0
2015-06-11,2019,2.0
2015-06-12,2019,2.0
2015-06-15,2019,2.0
2015-06-16,2019,2.0
2015-06-17,2019,2.0
2015-06-18,2019,2.0
2015-06-19,2019,2.0
2015-06-22,2019,2.0
2015-06-23,2019,2.0
2015-06-24,2019,2.0
2015-06-25,2019,2.0
2015-06-26,2019,2.0
2015-06-29,2019,2.0
2015-06-30,2019,2.0
2015-07-01,2019,2.0
2015-07-02,2019,2.0
2015-07-03,2019,2.0
2015-07-06,2019,2.0
2015-07-07,2019,2.0
2015-07-08,2019,2.0
2015-07-09,2019,2.0
2015-07-10,2019,2.0
2015-07-13,2019,2.0
2015-07-14,2019,2.0
2015-07-15,2019,2.0
2015-07-16,2019,2.0
2015-07-17,2019,2.0
2015-07-20,2019,2.0
2015-07-21,2019,2.0
2015-07-22,2019,2.0
2015-07-23,2019,2.0
2015-07-24,2019,2.0
2015-07-27,2019,2.0
2015-07-28,2019,2.0
2015-07-29,2019,2.0
2015-07-30,2019,2.0
2015-07-31,2019,2.0
2015-08-03,2019,2.0
2015-08-04,2019,2.0
2015-08-05,2019,2.0
2015-08-06,2019,2.0
2015-08-07,2019,2.0
2015-08-10,2019,2.0
2015-08-11,2019,2.0
2015-08-12,2019,2.0
2015-08-13,2019,2.0
2015-08-14,2019,2.0
2015-08-17,2019,2.0
2015-08-18,2019,2.0
2015-08-19,2019,2.0
2015-08-20,2019,2.0
2015-08-21,2019,2.0
2015-08-24,2019,2.0
2015-08-25,2019,2.0
2015-08-26,2019,2.0
2015-08-27,2019,2.0
2015-08-28,2019,2.0
2015-08-31,2019,2.0
2015-09-01,2019,2.0
2015-09-02,2019,2.0
2015-09-03,2019,2.0
2015-09-04,2019,1.81
2015-09-08,2019,1.81
2015-09-09,2019,1.81
2015-09-10,2019,1.69
2015-09-11,2019,1.58
2015-09-14,2019,1.58
2015-09-15,2019,1.69
2015-09-16,2019,1.69
2015-09-17,2019,1.69
2015-09-18,2019,1.69
2015-09-21,2019,1.58
2015-09-22,2019,1.58
2015-09-23,2019,1.58
2015-09-24,2019,1.58
2015-09-25,2019,1.58
2015-09-28,2019,1.58
2015-09-29,2019,1.58
2015-09-30,2019,1.58
2015-10-01,2019,1.58
2015-10-02,2019,1.58
2015-10-05,2019,1.69
2015-10-06,2019,1.69
2015-10-07,2019,1.69
2015-10-08,2019,1.69
2015-10-09,2019,1.58
2015-10-13,2019,1.58
2015-10-14,2019,1.58
2015-10-15,2019,1.58
2015-10-16,2019,1.58
2015-10-19,2019,1.5
2015-10-20,2019,1.5
2015-10-21,2019,1.5
2015-10-22,2019,1.5
2015-10-23,2019,1.5
2015-10-26,2019,1.5
2015-10-27,2019,1.5
2015-10-28,2019,1.5
2015-10-29,2019,1.5
2015-10-30,2019,1.5
2015-11-03,2019,1.5
2015-11-04,2019,1.5
2015-11-05,2019,1.5
2015-11-06,2019,1.5
2015-11-09,2019,1.5
2015-11-10,2019,1.5
2015-11-11,2019,1.5
2015-11-12,2019,1.5
2015-11-13,2019,1.5
2015-11-16,2019,1.5
2015-11-17,2019,1.5
2015-11-18,2019,1.5
2015-11-19,2019,1.5
2015-11-20,2019,1.5
2015-11-23,2019,1.5
2015-11-24,2019,1.5
2015-11-25,2019,1.5
2015-11-26,2019,1.5
2015-11-27,2019,1.5
2015-11-30,2019,1.5
2015-12-01,2019,1.5
2015-12-02,2019,1.5
2015-12-03,2019,1.5
2015-12-04,2019,1.5
2015-12-07,2019,1.5
2015-12-08,2019,1.5
2015-12-09,2019,1.5
2015-12-10,2019,1.5
2015-12-11,2019,1.5
2015-12-14,2019,1.5
2015-12-15,2019,1.5
2015-12-16,2019,1.5
2015-12-17,2019,1.5
2015-12-18,2019,1.5
2015-12-21,2019,1.5
2015-12-22,2019,1.5
2015-12-23,2019,1.5
2015-12-24,2019,1.5
2015-12-28,2019,1.5
2015-12-29,2019,1.5
2015-12-30,2019,1.5
2015-12-31,2019,1.5
2016-01-04,2019,1.5
2016-01-05,2019,1.5
2016-01-06,2019,1.5
2016-01-07,2019,1.5
2016-01-08,2019,1.5
2016-01-11,2019,1.5
2016-01-12,2019,1.5
2016-01-13,2019,1.5
2016-01-14,2019,1.5
2016-01-15,2019,1.2
2016-01-18,2019,1.35
2016-01-19,2019,1.35
2016-01-20,2019,1.35
2016-01-21,2019,1.5
2016-01-22,2019,1.5
2016-01-25,2019,1.5
2016-01-26,2019,1.5
2016-01-27,2019,1.5
2016-01-28,2019,1.5
2016-01-29,2019,1.25
2016-02-01,2019,1.0
2016-02-02,2019,1.0
2016-02-03,2019,1.25
2016-02-04,2019,1.25
2016-02-05,2019,1.13
2016-02-10,2019,1.0
2016-02-11,2019,1.0
2016-02-12,2019,1.0
2016-02-15,2019,1.0
2016-02-16,2019,1.0
2016-02-17,2019,1.0
2016-02-18,2019,1.0
2016-02-19,2019,1.0
2016-02-22,2019,1.0
2016-02-23,2019,1.0
2016-02-24,2019,1.0
2016-02-25,2019,1.0
2016-02-26,2019,1.0
2016-02-29,2019,1.0
2016-03-01,2019,1.0
2016-03-02,2019,1.0
2016-03-03,2019,1.0
2016-03-04,2019,1.0
2016-03-07,2019,0.85
2016-03-08,2019,0.85
2016-03-09,2019,0.85
2016-03-10,2019,0.85
2016-03-11,2019,0.85
2016-03-14,2019,0.85
2016-03-15,2019,0.85
2016-03-16,2019,0.85
2016-03-17,2019,0.7
2016-03-18,2019,0.85
2016-03-21,2019,1.0
2016-03-22,2019,1.0
2016-03-23,2019,1.0
2016-03-24,2019,0.85
2016-03-28,2019,0.75
2016-03-29,2019,1.0
2016-03-30,2019,0.75
2016-03-31,2019,1.0
2016-04-01,2019,1.0
2016-04-04,2019,1.0
2016-04-05,2019,1.0
2016-04-06,2019,0.75
2016-04-07,2019,1.0
2016-04-08,2019,1.0
2016-04-11,2019,1.0
2016-04-12,2019,1.0
2016-04-13,2019,1.0
2016-04-14,2019,1.0
2016-04-15,2019,1.0
2016-04-18,2019,0.5
2016-04-19,2019,0.5
2016-04-20,2019,0.5
2016-04-22,2019,0.65
2016-04-25,2019,0.65
2016-04-26,2019,0.65
2016-04-27,2019,0.65
2016-04-28,2019,0.9
2016-04-29,2019,0.9
2016-05-02,2019,0.9
2016-05-03,2019,0.9
2016-05-04,2019,0.8
2016-05-05,2019,0.8
2016-05-06,2019,0.8
2016-05-09,2019,0.8
2016-05-10,2019,0.65
2016-05-11,2019,0.65
2016-05-12,2019,0.65
2016-05-13,2019,0.9
2016-05-16,2019,1.0
2016-05-17,2019,1.0
2016-05-18,2019,1.0
2016-05-19,2019,1.0
2016-05-20,2019,1.0
2016-05-23,2019,1.0
2016-05-24,2019,1.0
2016-05-25,2019,1.0
2016-05-27,2019,1.0
2016-05-30,2019,1.0
2016-05-31,2019,0.95
2016-06-01,2019,0.9
2016-06-02,2019,0.95
2016-06-03,2019,0.95
2016-06-06,2019,0.95
2016-06-07,2019,0.95
2016-06-08,2019,0.9
2016-06-09,2019,0.9
2016-06-10,2019,0.9
2016-06-13,2019,0.7
2016-06-14,2019,0.7
2016-06-15,2019,0.8
2016-06-16,2019,0.7
2016-06-17,2019,0.6
2016-06-20,2019,0.5
2016-06-21,2019,0.5
2016-06-22,2019,0.5
2016-06-23,2019,0.5
2016-06-24,2019,0.5
2016-06-27,2019,0.5
2016-06-28,2019,0.5
2016-06-29,2019,0.5
2016-06-30,2019,0.5
2016-07-01,2019,0.3
2016-07-04,2019,0.5
2016-07-05,2019,0.5
2016-07-06,2019,0.5
2016-07-07,2019,0.1
2016-07-08,2019,0.1
2016-07-11,2019,0.1
2016-07-12,2019,0.1
2016-07-13,2019,0.0
2016-07-14,2019,0.0
2016-07-15,2019,0.0
2016-07-18,2019,0.0
2016-07-19,2019,0.0
2016-07-20,2019,0.0
2016-07-21,2019,0.0
2016-07-22,2019,0.0
2016-07-25,2019,0.0
2016-07-26,2019,0.0
2016-07-27,2019,0.0
2016-07-28,2019,0.0
2016-07-29,2019,0.0
2016-08-01,2019,0.0
2016-08-02,2019,0.0
2016-08-03,2019,0.0
2016-08-04,2019,0.0
2016-08-05,2019,0.0
2016-08-08,2019,0.0
2016-08-09,2019,0.0
2016-08-10,2019,0.0
2016-08-11,2019,0.0
2016-08-12,2019,0.0
2016-08-15,2019,0.0
2016-08-16,2019,0.0
2016-08-17,2019,0.0
2016-08-18,2019,0.0
2016-08-19,2019,0.0
2016-08-22,2019,0.0
2016-08-23,2019,0.0
2016-08-24,2019,0.0
2016-08-25,2019,0.0
2016-08-26,2019,0.0
2016-08-29,2019,0.0
2016-08-30,2019,0.0
2016-08-31,2019,0.0
2016-09-01,2019,0.0
2016-09-02,2019,0.0
2016-09-05,2019,0.0
2016-09-06,2019,0.0
2016-09-08,2019,0.0
2016-09-09,2019,0.0
2016-09-12,2019,0.0
2016-09-13,2019,0.0
2016-09-14,2019,0.0
2016-09-15,2019,0.0
2016-09-16,2019,0.0
2016-09-19,2019,0.0
2016-09-20,2019,0.0
2016-09-21,2019,0.0
2016-09-22,2019,0.0
2016-09-23,2019,0.0
2016-09-26,2019,0.0
2016-09-27,2019,0.0
2016-09-28,2019,0.0
2016-09-29,2019,0.0
2016-09-30,2019,0.0
2016-10-03,2019,0.0
2016-10-04,2019,0.0
2016-10-05,2019,0.0
2016-10-06,2019,0.0
2016-10-07,2019,0.0
2016-10-10,2019,0.0
2016-10-11,2019,0.0
2016-10-13,2019,0.0
2016-10-14,2019,0.0
2016-10-17,2019,0.0
2016-10-18,2019,0.0
2016-10-19,2019,0.0
2016-10-20,2019,0.0
2016-10-21,2019,-0.15
2016-10-24,2019,-0.3
2016-10-25,2019,-0.3
2016-10-26,2019,-0.3
2016-10-27,2019,-0.3
2016-10-28,2019,-0.3
2016-10-31,2019,-0.35
2016-11-01,2019,-0.35
2016-11-03,2019,-0.35
2016-11-04,2019,-0.35
2016-11-07,2019,-0.4
2016-11-08,2019,-0.4
2016-11-09,2019,-0.3
2016-11-10,2019,-0.3
2016-11-11,2019,-0.35
2016-11-14,2019,-0.4
2016-11-16,2019,-0.4
2016-11-17,2019,-0.4
2016-11-18,2019,-0.4
2016-11-21,2019,-0.4
2016-11-22,2019,-0.4
2016-11-23,2019,-0.4
2016-11-24,2019,-0.4
2016-11-25,2019,-0.4
2016-11-28,2019,-0.4
2016-11-29,2019,-0.4
2016-11-30,2019,-0.4
2016-12-01,2019,-0.4
2016-12-02,2019,-0.4
2016-12-05,2019,-0.4
2016-12-06,2019,-0.4
2016-12-07,2019,-0.4
2016-12-08,2019,-0.45
2016-12-09,2019,-0.49
2016-12-12,2019,-0.5
2016-12-13,2019,-0.6
2016-12-14,2019,-0.6
2016-12-15,2019,-0.75
2016-12-16,2019,-0.8
2016-12-19,2019,-0.83
2016-12-20,2019,-0.83
2016-12-21,2019,-0.8
2016-12-22,2019,-0.8
2016-12-23,2019,-0.75
2016-12-26,2019,-0.75
2016-12-27,2019,-0.75
2016-12-28,2019,-0.75
2016-12-29,2019,-0.83
2016-12-30,2019,-0.8
2017-01-02,2019,-0.85
2017-01-03,2019,-0.85
2017-01-04,2019,-0.85
2017-01-05,2019,-0.8
2017-01-06,2019,-0.75
2017-01-09,2019,-0.83
2017-01-10,2019,-0.83
2017-01-11,2019,-0.8
2017-01-12,2019,-0.75
2017-01-13,2019,-0.8
2017-01-16,2019,-0.8
2017-01-17,2019,-0.8
2017-01-18,2019,-0.8
2017-01-19,2019,-0.7
2017-01-20,2019,-0.62
2017-01-23,2019,-0.7
2017-01-24,2019,-0.7
2017-01-25,2019,-0.7
2017-01-26,2019,-0.7
2017-01-27,2019,-0.7
2017-01-30,2019,-0.7
2017-01-31,2019,-0.7
2017-02-01,2019,-0.7
2017-02-02,2019,-0.75
2017-02-03,2019,-0.8
2017-02-06,2019,-0.9
2017-02-07,2019,-0.9
2017-02-08,2019,-0.9
2017-02-09,2019,-0.9
2017-02-10,2019,-0.9
2017-02-13,2019,-1.0
2017-02-14,2019,-1.0
2017-02-15,2019,-1.0
2017-02-16,2019,-0.9
2017-02-17,2019,-1.0
2017-02-20,2019,-0.8
2017-02-21,2019,-0.8
2017-02-22,2019,-0.8
2017-02-23,2019,-0.9
2017-02-24,2019,-0.9
2017-03-01,2019,-0.8
2017-03-02,2019,-0.9
2017-03-03,2019,-0.9
2017-03-06,2019,-1.0
2017-03-07,2019,-1.0
2017-03-08,2019,-1.0
2017-03-09,2019,-1.0
2017-03-10,2019,-1.0
2017-03-13,2019,-1.0
2017-03-14,2019,-1.0
2017-03-15,2019,-0.9
2017-03-16,2019,-1.0
2017-03-17,2019,-1.05
2017-03-20,2019,-1.0
2017-03-21,2019,-1.0
2017-03-22,2019,-1.0
2017-03-23,2019,-1.0
2017-03-24,2019,-1.0
2017-03-27,2019,-1.0
2017-03-28,2019,-1.0
2017-03-29,2019,-1.0
2017-03-30,2019,-1.0
2017-03-31,2019,-1.0
2017-04-03,2019,-1.0
2017-04-04,2019,-0.9
2017-04-05,2019,-0.9
2017-04-06,2019,-0.9
2017-04-07,2019,-0.8
2017-04-10,2019,-0.9
2017-04-11,2019,-1.0
2017-04-12,2019,-0.9
2017-04-13,2019,-0.9
2017-04-17,2019,-1.0
2017-04-18,2019,-1.0
2017-04-19,2019,-1.0
2017-04-20,2019,-1.0
2017-04-24,2019,-1.0
2017-04-25,2019,-1.0
2017-04-26,2019,-1.0
2017-04-27,2019,-1.0
2017-04-28,2019,-1.0
2017-05-02,2019,-1.0
2017-05-03,2019,-1.0
2017-05-04,2019,-1.0
2017-05-05,2019,-1.0
2017-05-08,2019,-1.05
2017-05-09,2019,-1.0
2017-05-10,2019,-1.0
2017-05-11,2019,-1.0
2017-05-12,2019,-1.1
2017-05-15,2019,-1.1
2017-05-16,2019,-1.1
2017-05-17,2019,-1.0
2017-05-18,2019,-1.0
2017-05-19,2019,-1.0
2017-05-22,2019,-1.0
2017-05-23,2019,-1.0
2017-05-24,2019,-1.0
2017-05-25,2019,-1.0
2017-05-26,2019,-1.0
2017-05-29,2019,-1.0
2017-05-30,2019,-1.0
2017-05-31,2019,-1.0
2017-06-01,2019,-1.0
2017-06-02,2019,-1.0
2017-06-05,2019,-1.0
2017-06-06,2019,-1.0
2017-06-07,2019,-1.0
2017-06-08,2019,-1.0
2017-06-09,2019,-1.0
2017-06-12,2019,-1.0
2017-06-13,2019,-1.0
2017-06-14,2019,-1.02
2017-06-16,2019,-1.0
2017-06-19,2019,-1.07
2017-06-20,2019,-1.07
2017-06-21,2019,-1.07
2017-06-22,2019,-1.07
2017-06-23,2019,-1.07
2017-06-26,2019,-1.04
2017-06-27,2019,-1.07
2017-06-28,2019,-1.07
2017-06-29,2019,-1.2
2017-06-30,2019,-1.15
2017-07-03,2019,-1.15
2017-07-04,2019,-1.2
2017-07-05,2019,-1.2
2017-07-06,2019,-1.15
2017-07-07,2019,-1.1
2017-07-10,2019,-1.15
2017-07-11,2019,-1.2
2017-07-12,2019,-1.15
2017-07-13,2019,-1.1
2017-07-14,2019,-1.15
2017-07-17,2019,-1.15
2017-07-18,2019,-1.2
2017-07-19,2019,-1.2
2017-07-20,2019,-1.2
2017-07-21,2019,-1.15
2017-07-24,2019,-1.1
2017-07-25,2019,-1.07
2017-07-26,2019,-1.1
2017-07-27,2019,-1.1
2017-07-28,2019,-1.05
2017-07-31,2019,-1.1
2017-08-01,2019,-1.15
2017-08-02,2019,-1.1
2017-08-03,2019,-1.1
2017-08-04,2019,-1.1
2017-08-07,2019,-1.2
2017-08-08,2019,-1.1
2017-08-09,2019,-1.1
2017-08-10,2019,-1.13
2017-08-11,2019,-1.13
2017-08-14,2019,-1.18
2017-08-15,2019,-1.2
2017-08-16,2019,-1.2
2017-08-17,2019,-1.3
2017-08-18,2019,-1.3
2017-08-21,2019,-1.3
2017-08-22,2019,-1.3
2017-08-23,2019,-1.3
2017-08-24,2019,-1.3
2017-08-25,2019,-1.5
2017-08-28,2019,-1.5
2017-08-29,2019,-1.5
2017-08-30,2019,-1.5
2017-08-31,2019,-1.5
2017-09-01,2019,-1.5
2017-09-04,2019,-1.5
2017-09-05,2019,-1.64
2017-09-06,2019,-1.65
2017-09-08,2019,-1.68
2017-09-11,2019,-1.68
2017-09-12,2019,-1.68
2017-09-13,2019,-1.67
2017-09-14,2019,-1.8
2017-09-15,2019,-1.8
2017-09-18,2019,-1.75
2017-09-19,2019,-1.75
2017-09-20,2019,-1.8
2017-09-21,2019,-1.8
2017-09-22,2019,-1.8
2017-09-25,2019,-1.75
2017-09-26,2019,-1.75
2017-09-27,2019,-1.8
2017-09-28,2019,-1.8
2017-09-29,2019,-1.8
2017-10-02,2019,-1.8
2017-10-03,2019,-1.79
2017-10-04,2019,-1.75
2017-10-05,2019,-1.75
2017-10-06,2019,-1.75
2017-10-09,2019,-1.8
2017-10-10,2019,-1.79
2017-10-11,2019,-1.79
2017-10-13,2019,-1.79
2017-10-16,2019,-1.7
2017-10-17,2019,-1.7
2017-10-18,2019,-1.7
2017-10-19,2019,-1.7
2017-10-20,2019,-1.7
2017-10-23,2019,-1.7
2017-10-24,2019,-1.7
2017-10-25,2019,-1.7
2017-10-26,2019,-1.7
2017-10-27,2019,-1.7
2017-10-30,2019,-1.7
2017-10-31,2019,-1.7
2017-11-01,2019,-1.7
2017-11-03,2019,-1.7
2017-11-06,2019,-1.75
2017-11-07,2019,-1.75
2017-11-08,2019,-1.7
2017-11-09,2019,-1.79
2017-11-10,2019,-1.8
2017-11-13,2019,-1.8
2017-11-14,2019,-1.8
2017-11-16,2019,-1.8
2017-11-17,2019,-1.79
2017-11-20,2019,-1.79
2017-11-21,2019,-1.79
2017-11-22,2019,-1.7
2017-11-23,2019,-1.7
2017-11-24,2019,-1.7
2017-11-27,2019,-1.7
2017-11-28,2019,-1.68
2017-11-29,2019,-1.68
2017-11-30,2019,-1.68
2017-12-01,2019,-1.6
2017-12-04,2019,-1.6
2017-12-05,2019,-1.6
2017-12-06,2019,-1.6
2017-12-07,2019,-1.6
2017-12-08,2019,-1.55
2017-12-11,2019,-1.6
2017-12-12,2019,-1.6
2017-12-13,2019,-1.6
2017-12-14,2019,-1.58
2017-12-15,2019,-1.58
2017-12-18,2019,-1.6
2017-12-19,2019,-1.6
2017-12-20,2019,-1.6
2017-12-21,2019,-1.6
2017-12-22,2019,-1.6
2017-12-26,2019,-1.6
2017-12-27,2019,-1.6
2017-12-28,2019,-1.6
2017-12-29,2019,-1.6
2018-01-02,2019,-1.6
2018-01-03,2019,-1.6
2018-01-04,2019,-1.6
2018-01-05,2019,-1.53
2018-01-08,2019,-1.58
2018-01-09,2019,-1.55
2018-01-10,2019,-1.55
2018-01-11,2019,-1.53
2018-01-12,2019,-1.53
2018-01-15,2019,-1.5
2018-01-16,2019,-1.5
2018-01-17,2019,-1.5
2018-01-18,2019,-1.55
2018-01-19,2019,-1.6
2018-01-22,2019,-1.6
2018-01-23,2019,-1.6
2018-01-24,2019,-1.6
2018-01-25,2019,-1.58
2018-01-26,2019,-1.58
2018-01-29,2019,-1.53
2018-01-30,2019,-1.5
2018-01-31,2019,-1.5
2018-02-01,2019,-1.5
2018-02-02,2019,-1.5
2018-02-05,2019,-1.5
2018-02-06,2019,-1.5
2018-02-07,2019,-1.5
2018-02-08,2019,-1.5
2018-02-09,2019,-1.5
2018-02-14,2019,-1.5
2018-02-15,2019,-1.5
2018-02-16,2019,-1.5
2018-02-19,2019,-1.5
2018-02-20,2019,-1.5
2018-02-21,2019,-1.5
2018-02-22,2019,-1.5
2018-02-23,2019,-1.5
2018-02-26,2019,-1.42
2018-02-27,2019,-1.42
2018-02-28,2019,-1.42
2018-03-01,2019,-1.42
2018-03-02,2019,-1.33
2018-03-05,2019,-1.32
2018-03-06,2019,-1.32
2018-03-07,2019,-1.32
2018-03-08,2019,-1.32
2018-03-09,2019,-1.42
2018-03-12,2019,-1.42
2018-03-13,2019,-1.33
2018-03-14,2019,-1.33
2018-03-15,2019,-1.33
2018-03-16,2019,-1.33
2018-03-19,2019,-1.45
2018-03-20,2019,-1.4
2018-03-21,2019,-1.35
2018-03-22,2019,-1.35
2018-03-23,2019,-1.4
2018-03-26,2019,-1.35
2018-03-27,2019,-1.35
2018-03-28,2019,-1.3
2018-03-29,2019,-1.3
2018-04-02,2019,-1.3
2018-04-03,2019,-1.3
2018-04-04,2019,-1.3
2018-04-05,2019,-1.3
2018-04-06,2019,-1.3
2018-04-09,2019,-1.3
2018-04-10,2019,-1.3
2018-04-11,2019,-1.3
2018-04-12,2019,-1.3
2018-04-13,2019,-1.3
2018-04-16,2019,-1.3
2018-04-17,2019,-1.3
2018-04-18,2019,-1.3
2018-04-19,2019,-1.3
2018-04-20,2019,-1.3
2018-04-23,2019,-1.3
2018-04-24,2019,-1.3
2018-04-25,2019,-1.3
2018-04-26,2019,-1.3
2018-04-27,2019,-1.3
2018-04-30,2019,-1.3
2018-05-02,2019,-1.3
2018-05-03,2019,-1.3
2018-05-04,2019,-1.3
2018-05-07,2019,-1.3
2018-05-08,2019,-1.3
2018-05-09,2019,-1.3
2018-05-10,2019,-1.3
2018-05-11,2019,-1.3
2018-05-14,2019,-1.3
2018-05-15,2019,-1.3
2018-05-16,2019,-1.3
2018-05-17,2019,-1.3
2018-05-18,2019,-1.3
2018-05-21,2019,-1.3
2018-05-22,2019,-1.3
2018-05-23,2019,-1.3
2018-05-24,2019,-1.3
2018-05-25,2019,-1.35
2018-05-28,2019,-1.35
2018-05-29,2019,-1.35
2018-05-30,2019,-1.35
2018-06-01,2019,-1.39
2018-06-04,2019,-1.39
2018-06-05,2019,-1.39
2018-06-06,2019,-1.39
2018-06-07,2019,-1.4
2018-06-08,2019,-1.4
2018-06-11,2019,-1.45
2018-06-12,2019,-1.45
2018-06-13,2019,-1.5
2018-06-14,2019,-1.5
2018-06-15,2019,-1.5
2018-06-18,2019,-1.5
2018-06-19,2019,-1.5
2018-06-20,2019,-1.5
2018-06-21,2019,-1.5
2018-06-22,2019,-1.5
2018-06-25,2019,-1.5
2018-06-26,2019,-1.5
2018-06-27,2019,-1.5
2018-06-28,2019,-1.5
2018-06-29,2019,-1.5
2018-07-02,2019,-1.5
2018-07-03,2019,-1.5
2018-07-04,2019,-1.5
2018-07-05,2019,-1.5
2018-07-06,2019,-1.5
2018-07-09,2019,-1.5
2018-07-10,2019,-1.5
2018-07-11,2019,-1.5
2018-07-12,2019,-1.5
2018-07-13,2019,-1.5
2018-07-16,2019,-1.5
2018-07-17,2019,-1.5
2018-07-18,2019,-1.5
2018-07-19,2019,-1.5
2018-07-20,2019,-1.5
2018-07-23,2019,-1.5
2018-07-24,2019,-1.5
2018-07-25,2019,-1.5
2018-07-26,2019,-1.5
2018-07-27,2019,-1.5
2018-07-30,2019,-1.5
2018-07-31,2019,-1.5
2018-08-01,2019,-1.5
2018-08-02,2019,-1.5
2018-08-03,2019,-1.5
2018-08-06,2019,-1.5
2018-08-07,2019,-1.5
2018-08-08,2019,-1.5
2018-08-09,2019,-1.5
2018-08-10,2019,-1.5
2018-08-13,2019,-1.5
2018-08-14,2019,-1.5
2018-08-15,2019,-1.5
2018-08-16,2019,-1.5
2018-08-17,2019,-1.5
2018-08-20,2019,-1.5
2018-08-21,2019,-1.5
2018-08-22,2019,-1.5
2018-08-23,2019,-1.5
2018-08-24,2019,-1.5
2018-08-27,2019,-1.5
2018-08-28,2019,-1.5
2018-08-29,2019,-1.5
2018-08-30,2019,-1.55
2018-08-31,2019,-1.55
2018-09-03,2019,-1.5
2018-09-04,2019,-1.5
2018-09-05,2019,-1.5
2018-09-06,2019,-1.5
2018-09-10,2019,-1.5
2018-09-11,2019,-1.5
2018-09-12,2019,-1.5
2018-09-13,2019,-1.5
2018-09-14,2019,-1.5
2018-09-17,2019,-1.5
2018-09-18,2019,-1.5
2018-09-19,2019,-1.5
2018-09-20,2019,-1.5
2018-09-21,2019,-1.5
2018-09-24,2019,-1.53
2018-09-25,2019,-1.53
2018-09-26,2019,-1.53
2018-09-27,2019,-1.53
2018-09-28,2019,-1.5
2018-10-01,2019,-1.5
2018-10-02,2019,-1.5
2018-10-03,2019,-1.5
2018-10-04,2019,-1.5
2018-10-05,2019,-1.5
2018-10-08,2019,-1.5
2018-10-09,2019,-1.5
2018-10-10,2019,-1.5
2018-10-11,2019,-1.5
2018-10-15,2019,-1.5
2018-10-16,2019,-1.5
2018-10-17,2019,-1.5
2018-10-18,2019,-1.5
2018-10-19,2019,-1.5
2018-10-22,2019,-1.5
2018-10-23,2019,-1.5
2018-10-24,2019,-1.5
2018-10-25,2019,-1.5
2018-10-26,2019,-1.5
2018-10-29,2019,-1.5
2018-10-30,2019,-1.5
2018-10-31,2019,-1.5
2018-11-01,2019,-1.5
2018-11-05,2019,-1.5
2018-11-06,2019,-1.5
2018-11-07,2019,-1.5
2018-11-08,2019,-1.5
2018-11-09,2019,-1.5
2018-11-12,2019,-1.5
2018-11-13,2019,-1.5
2018-11-14,2019,-1.5
2018-11-16,2019,-1.5
2018-11-19,2019,-1.5
2018-11-20,2019,-1.5
2018-11-21,2019,-1.5
2018-11-22,2019,-1.5
2018-11-23,2019,-1.5
2018-11-26,2019,-1.5
2018-11-27,2019,-1.5
2018-11-28,2019,-1.5
2018-11-29,2019,-1.5
2018-11-30,2019,-1.5
2018-12-03,2019,-1.5
2018-12-04,2019,-1.5
2018-12-05,2019,-1.5
2018-12-06,2019,-1.5
2018-12-07,2019,-1.45
2018-12-10,2019,-1.5
2018-12-11,2019,-1.5
2018-12-12,2019,-1.5
2018-12-13,2019,-1.5
2018-12-14,2019,-1.5
2018-12-17,2019,-1.5
2018-12-18,2019,-1.45
2018-12-19,2019,-1.45
2018-12-20,2019,-1.5
2018-12-21,2019,-1.45
2018-12-24,2019,-1.5
2018-12-26,2019,-1.5
2018-12-27,2019,-1.5
2018-12-28,2019,-1.4
2018-12-31,2019,-1.4
2019-01-02,2019,-1.4
2019-01-03,2019,-1.4
2019-01-04,2019,-1.4
2019-01-07,2019,-1.4
2019-01-08,2019,-1.4
2019-01-09,2019,-1.4
2019-01-10,2019,-1.4
2019-01-11,2019,-1.4
2019-01-14,2019,-1.4
2019-01-15,2019,-1.4
2019-01-16,2019,-1.4
2019-01-17,2019,-1.4
2019-01-18,2019,-1.4
2019-01-21,2019,-1.4
2019-01-22,2019,-1.4
2019-01-23,2019,-1.4
2019-01-24,2019,-1.4
2019-01-25,2019,-1.4
2019-01-28,2019,-1.4
2019-01-29,2019,-1.4
2019-01-30,2019,-1.4
2019-01-31,2019,-1.4
2019-02-01,2019,-1.4
2019-02-04,2019,-1.4
2019-02-05,2019,-1.4
2019-02-06,2019,-1.4
2019-02-07,2019,-1.4
2019-02-08,2019,-1.37
2019-02-11,2019,-1.4
2019-02-12,2019,-1.4
2019-02-13,2019,-1.4
2019-02-14,2019,-1.4
2019-02-15,2019,-1.4
2019-02-18,2019,-1.32
2019-02-19,2019,-1.32
2019-02-20,2019,-1.32
2019-02-21,2019,-1.35
2019-02-22,2019,-1.35
2019-02-25,2019,-1.35
2019-02-26,2019,-1.35
2019-02-27,2019,-1.35
2019-02-28,2019,-1.35
2019-03-01,2019,-1.37
2019-03-06,2019,-1.4
2019-03-07,2019,-1.4
2019-03-08,2019,-1.4
2019-03-11,2019,-1.4
2019-03-12,2019,-1.4
2019-03-13,2019,-1.4
2019-03-14,2019,-1.37
2019-03-15,2019,-1.37
2019-03-18,2019,-1.35
2019-03-19,2019,-1.35
2019-03-20,2019,-1.32
2019-03-21,2019,-1.32
2019-03-22,2019,-1.32
2019-03-25,2019,-1.3
2019-03-26,2019,-1.3
2019-03-27,2019,-1.3
2019-03-28,2019,-1.3
2019-03-29,2019,-1.3
2019-04-01,2019,-1.3
2019-04-02,2019,-1.3
2019-04-03,2019,-1.3
2019-04-04,2019,-1.3
2019-04-05,2019,-1.3
2019-04-08,2019,-1.3
2019-04-09,2019,-1.3
2019-04-10,2019,-1.3
2019-04-11,2019,-1.32
2019-04-12,2019,-1.37
2019-04-15,2019,-1.37
2019-04-16,2019,-1.35
2019-04-17,2019,-1.35
2019-04-18,2019,-1.35
2019-04-22,2019,-1.32
2019-04-23,2019,-1.32
2019-04-24,2019,-1.32
2019-04-25,2019,-1.32
2019-04-26,2019,-1.35
2019-04-29,2019,-1.37
2019-04-30,2019,-1.4
2019-05-02,2019,-1.4
2019-05-03,2019,-1.4
2019-05-06,2019,-1.4
2019-05-07,2019,-1.39
2019-05-08,2019,-1.36
2019-05-09,2019,-1.37
2019-05-10,2019,-1.37
2019-05-13,2019,-1.3
2019-05-14,2019,-1.3
2019-05-15,2019,-1.3
2019-05-16,2019,-1.3
2019-05-17,2019,-1.39
2019-05-20,2019,-1.37
2019-05-21,2019,-1.37
2019-05-22,2019,-1.37
2019-05-23,2019,-1.37
2019-05-24,2019,-1.37
2019-05-27,2019,-1.37
2019-05-28,2019,-1.37
2019-05-29,2019,-1.37
2019-05-30,2019,-1.34
2019-05-31,2019,-1.37
2019-06-03,2019,-1.3
2019-06-04,2019,-1.3
2019-06-05,2019,-1.3
2019-06-06,2019,-1.3
2019-06-07,2019,-1.3
2019-06-10,2019,-1.3
2019-06-11,2019,-1.34
2019-06-12,2019,-1.34
2019-06-13,2019,-1.39
2019-06-14,2019,-1.39
2019-06-17,2019,-1.4
2019-06-18,2019,-1.4
2019-06-19,2019,-1.4
2019-06-21,2019,-1.4
2019-06-24,2019,-1.4
2019-06-25,2019,-1.4
2019-06-26,2019,-1.4
2019-06-27,2019,-1.4
2019-06-28,2019,-1.4
2019-07-01,2019,-1.4
2019-07-02,2019,-1.4
2019-07-03,2019,-1.4
2019-07-04,2019,-1.4
2019-07-05,2019,-1.4
2019-07-08,2019,-1.4
2019-07-09,2019,-1.4
2019-07-10,2019,-1.4
2019-07-11,2019,-1.4
2019-07-12,2019,-1.4
2019-07-15,2019,-1.35
2019-07-16,2019,-1.4
2019-07-17,2019,-1.4
2019-07-18,2019,-1.35
2019-07-19,2019,-1.4
2019-07-22,2019,-1.3
2019-07-23,2019,-1.3
2019-07-24,2019,-1.3
2019-07-25,2019,-1.3
2019-07-26,2019,-1.3
2019-07-29,2019,-1.3
2019-07-30,2019,-1.3
2019-07-31,2019,-1.3
2019-08-01,2019,-1.3
2019-08-02,2019,-1.3
2019-08-05,2019,-1.35
2019-08-06,2019,-1.3
2019-08-07,2019,-1.34
2019-08-08,2019,-1.34
2019-08-09,2019,-1.3
2019-08-12,2019,-1.3
2019-08-13,2019,-1.3
2019-08-14,2019,-1.3
2019-08-15,2019,-1.3
2019-08-16,2019,-1.34
2019-08-19,2019,-1.34
2019-08-20,2019,-1.34
2019-08-21,2019,-1.34
2019-08-22,2019,-1.37
2019-08-23,2019,-1.37
2019-08-26,2019,-1.37
2019-08-27,2019,-1.37
2019-08-28,2019,-1.37
2019-08-29,2019,-1.37
2019-08-30,2019,-1.37
2019-09-02,2019,-1.37
2019-09-03,2019,-1.37
2019-09-04,2019,-1.37
2019-09-05,2019,-1.37
2019-09-06,2019,-1.37
2019-09-09,2019,-1.39
2019-09-10,2019,-1.39
2019-09-11,2019,-1.39
2019-09-12,2019,-1.4
2019-09-13,2019,-1.39
2019-09-16,2019,-1.3
2019-09-17,2019,-1.34
2019-09-18,2019,-1.34
2019-09-19,2019,-1.34
2019-09-20,2019,-1.37
2019-09-23,2019,-1.41
2019-09-24,2019,-1.41
2019-09-25,2019,-1.41
2019-09-26,2019,-1.4
2019-09-27,2019,-1.4
2019-09-30,2019,-1.4
2019-10-01,2019,-1.4
2019-10-02,2019,-1.4
2019-10-03,2019,-1.4
2019-10-04,2019,-1.4
2019-10-07,2019,-1.4
2019-10-08,2019,-1.4
2019-10-09,2019,-1.4
2019-10-10,2019,-1.4
2019-10-11,2019,-1.4
2019-10-14,2019,-1.45
2019-10-15,2019,-1.45
2019-10-16,2019,-1.4
2019-10-17,2019,-1.4
2019-10-18,2019,-1.39
2019-10-21,2019,-1.37
2019-10-22,2019,-1.39
2019-10-23,2019,-1.39
2019-10-24,2019,-1.4
2019-10-25,2019,-1.34
2019-10-28,2019,-1.34
2019-10-29,2019,-1.34
2019-10-30,2019,-1.34
2019-10-31,2019,-1.37
2019-11-01,2019,-1.34
2019-11-04,2019,-1.3
2019-11-05,2019,-1.3
2019-11-06,2019,-1.3
2019-11-07,2019,-1.25
2019-11-08,2019,-1.2
2019-11-11,2019,-1.25
2019-11-12,2019,-1.25
2019-11-13,2019,-1.2
2019-11-14,2019,-1.2
2019-11-18,2019,-1.2
2019-11-19,2019,-1.2
2019-11-20,2019,-1.2
2019-11-21,2019,-1.2
2019-11-22,2019,-1.2
2019-11-25,2019,-1.2
2019-11-26,2019,-1.2
2019-11-27,2019,-1.2
2019-11-28,2019,-1.2
2019-11-29,2019,-1.2
2019-12-02,2019,-1.2
2019-12-03,2019,-1.2
2019-12-04,2019,-1.2
2019-12-05,2019,-1.2
2019-12-06,2019,-1.1
2019-12-09,2019,-1.15
2019-12-10,2019,-1.15
2019-12-11,2019,-1.15
2019-12-12,2019,-1.1
2019-12-13,2019,-1.1
2019-12-16,2019,-1.1
2019-12-17,2019,-1.1
2019-12-18,2019,-1.1
2019-12-19,2019,-1.1
2019-12-20,2019,-1.1
2019-12-23,2019,-1.1
2019-12-24,2019,-1.1
2019-12-26,2019,-1.1
2019-12-27,2019,-1.1
2019-12-30,2019,-1.1
2019-12-31,2019,-1.1
2020-01-02,2019,-1.1
2020-01-03,2019,-1.1
2020-01-06,2019,-1.1
2020-01-07,2019,-1.1
2020-01-08,2019,-1.1
2020-01-09,2019,-1.1
2020-01-10,2019,-1.1
2020-01-13,2019,-1.1
2020-01-14,2019,-1.1
2020-01-15,2019,-1.1
2020-01-16,2019,-1.1
2020-01-17,2019,-1.1
2020-01-20,2019,-1.1
2020-01-21,2019,-1.1
2020-01-22,2019,-1.1
2020-01-23,2019,-1.0
2020-01-24,2019,-1.1
2020-01-27,2019,-1.1
2020-01-28,2019,-1.1
2020-01-29,2019,-1.1
2020-01-30,2019,-1.05
2016-01-29,2020,1.7
2016-02-01,2020,1.7
2016-02-02,2020,1.7
2016-02-03,2020,1.7
2016-02-04,2020,1.7
2016-02-05,2020,1.7
2016-02-10,2020,1.7
2016-02-11,2020,1.5
2016-02-12,2020,1.5
2016-02-15,2020,1.5
2016-02-16,2020,1.5
2016-02-17,2020,1.5
2016-02-18,2020,1.5
2016-02-19,2020,1.5
2016-02-22,2020,1.5
2016-02-23,2020,1.5
2016-02-24,2020,1.5
2016-02-25,2020,1.5
2016-02-26,2020,1.5
2016-02-29,2020,1.5
2016-03-01,2020,1.5
2016-03-02,2020,1.5
2016-03-03,2020,1.5
2016-03-04,2020,1.5
2016-03-07,2020,0.75
2016-03-08,2020,0.75
2016-03-09,2020,0.75
2016-03-10,2020,0.75
2016-03-11,2020,0.75
2016-03-14,2020,1.0
2016-03-15,2020,1.0
2016-03-16,2020,1.0
2016-03-17,2020,1.0
2016-03-18,2020,1.0
2016-03-21,2020,1.1
2016-03-22,2020,1.1
2016-03-23,2020,1.1
2016-03-24,2020,1.1
2016-03-28,2020,1.1
2016-03-29,2020,1.1
2016-03-30,2020,1.0
2016-03-31,2020,1.1
2016-04-01,2020,1.1
2016-04-04,2020,1.1
2016-04-05,2020,1.1
2016-04-06,2020,1.0
2016-04-07,2020,1.1
2016-04-08,2020,1.0
2016-04-11,2020,1.0
2016-04-12,2020,1.0
2016-04-13,2020,1.0
2016-04-14,2020,1.0
2016-04-15,2020,1.0
2016-04-18,2020,1.0
2016-04-19,2020,1.0
2016-04-20,2020,1.0
2016-04-22,2020,0.85
2016-04-25,2020,0.85
2016-04-26,2020,0.85
2016-04-27,2020,0.85
2016-04-28,2020,0.85
2016-04-29,2020,0.85
2016-05-02,2020,0.85
2016-05-03,2020,0.85
2016-05-04,2020,0.7
2016-05-05,2020,0.7
2016-05-06,2020,0.7
2016-05-09,2020,1.0
2016-05-10,2020,1.0
2016-05-11,2020,1.0
2016-05-12,2020,1.0
2016-05-13,2020,1.0
2016-05-16,2020,1.0
2016-05-17,2020,1.0
2016-05-18,2020,1.0
2016-05-19,2020,1.0
2016-05-20,2020,1.0
2016-05-23,2020,1.0
2016-05-24,2020,1.0
2016-05-25,2020,1.0
2016-05-27,2020,1.0
2016-05-30,2020,1.0
2016-05-31,2020,1.0
2016-06-01,2020,1.0
2016-06-02,2020,1.0
2016-06-03,2020,1.0
2016-06-06,2020,1.0
2016-06-07,2020,1.0
2016-06-08,2020,1.0
2016-06-09,2020,1.0
2016-06-10,2020,1.0
2016-06-13,2020,1.0
2016-06-14,2020,1.0
2016-06-15,2020,1.0
2016-06-16,2020,1.0
2016-06-17,2020,1.0
2016-06-20,2020,1.0
2016-06-21,2020,1.0
2016-06-22,2020,1.0
2016-06-23,2020,1.0
2016-06-24,2020,1.0
2016-06-27,2020,1.0
2016-06-28,2020,1.0
2016-06-29,2020,1.0
2016-06-30,2020,1.0
2016-07-01,2020,1.0
2016-07-04,2020,1.0
2016-07-05,2020,1.0
2016-07-06,2020,1.0
2016-07-07,2020,1.0
2016-07-08,2020,1.0
2016-07-11,2020,1.0
2016-07-12,2020,1.0
2016-07-13,2020,1.0
2016-07-14,2020,1.0
2016-07-15,2020,1.0
2016-07-18,2020,1.0
2016-07-19,2020,1.0
2016-07-20,2020,1.0
2016-07-21,2020,1.0
2016-07-22,2020,1.0
2016-07-25,2020,1.0
2016-07-26,2020,1.0
2016-07-27,2020,1.0
2016-07-28,2020,1.0
2016-07-29,2020,1.0
2016-08-01,2020,1.0
2016-08-02,2020,1.0
2016-08-03,2020,1.0
2016-08-04,2020,1.0
2016-08-05,2020,1.0
2016-08-08,2020,1.0
2016-08-09,2020,1.0
2016-08-10,2020,1.0
2016-08-11,2020,1.0
2016-08-12,2020,1.0
2016-08-15,2020,0.8
2016-08-16,2020,0.8
2016-08-17,2020,0.8
2016-08-18,2020,0.9
2016-08-19,2020,0.7
2016-08-22,2020,0.7
2016-08-23,2020,0.7
2016-08-24,2020,0.7
2016-08-25,2020,0.7
2016-08-26,2020,0.55
2016-08-29,2020,0.55
2016-08-30,2020,0.55
2016-08-31,2020,0.55
2016-09-01,2020,0.55
2016-09-02,2020,0.55
2016-09-05,2020,0.5
2016-09-06,2020,0.55
2016-09-08,2020,0.6
2016-09-09,2020,0.5
2016-09-12,2020,0.5
2016-09-13,2020,0.55
2016-09-14,2020,0.6
2016-09-15,2020,0.55
2016-09-16,2020,0.55
2016-09-19,2020,0.55
2016-09-20,2020,0.6
2016-09-21,2020,0.6
2016-09-22,2020,0.55
2016-09-23,2020,0.55
2016-09-26,2020,0.55
2016-09-27,2020,0.55
2016-09-28,2020,0.55
2016-09-29,2020,0.55
2016-09-30,2020,0.6
2016-10-03,2020,0.8
2016-10-04,2020,0.8
2016-10-05,2020,0.8
2016-10-06,2020,0.8
2016-10-07,2020,0.9
2016-10-10,2020,0.8
2016-10-11,2020,0.8
2016-10-13,2020,0.8
2016-10-14,2020,0.8
2016-10-17,2020,0.8
2016-10-18,2020,0.8
2016-10-19,2020,0.8
2016-10-20,2020,0.6
2016-10-21,2020,0.6
2016-10-24,2020,0.55
2016-10-25,2020,0.55
2016-10-26,2020,0.5
2016-10-27,2020,0.55
2016-10-28,2020,0.55
2016-10-31,2020,0.5
2016-11-01,2020,0.5
2016-11-03,2020,0.5
2016-11-04,2020,0.5
2016-11-07,2020,0.5
2016-11-08,2020,0.5
2016-11-09,2020,0.5
2016-11-10,2020,0.5
2016-11-11,2020,0.5
2016-11-14,2020,0.5
2016-11-16,2020,0.5
2016-11-17,2020,0.5
2016-11-18,2020,0.5
2016-11-21,2020,0.5
2016-11-22,2020,0.4
2016-11-23,2020,0.3
2016-11-24,2020,0.3
2016-11-25,2020,0.3
2016-11-28,2020,0.4
2016-11-29,2020,0.4
2016-11-30,2020,0.4
2016-12-01,2020,0.5
2016-12-02,2020,0.4
2016-12-05,2020,0.4
2016-12-06,2020,0.4
2016-12-07,2020,0.4
2016-12-08,2020,0.35
2016-12-09,2020,0.3
2016-12-12,2020,0.0
2016-12-13,2020,0.0
2016-12-14,2020,0.0
2016-12-15,2020,-0.05
2016-12-16,2020,-0.1
2016-12-19,2020,-0.23
2016-12-20,2020,-0.18
2016-12-21,2020,-0.15
2016-12-22,2020,-0.15
2016-12-23,2020,-0.13
2016-12-26,2020,-0.13
2016-12-27,2020,-0.15
2016-12-28,2020,-0.15
2016-12-29,2020,-0.2
2016-12-30,2020,-0.18
2017-01-02,2020,-0.25
2017-01-03,2020,-0.25
2017-01-04,2020,-0.25
2017-01-05,2020,-0.18
2017-01-06,2020,-0.15
2017-01-09,2020,-0.2
2017-01-10,2020,-0.2
2017-01-11,2020,-0.18
2017-01-12,2020,-0.2
2017-01-13,2020,-0.25
2017-01-16,2020,-0.25
2017-01-17,2020,-0.25
2017-01-18,2020,-0.25
2017-01-19,2020,-0.2
2017-01-20,2020,-0.2
2017-01-23,2020,-0.3
2017-01-24,2020,-0.3
2017-01-25,2020,-0.3
2017-01-26,2020,-0.3
2017-01-27,2020,-0.3
2017-01-30,2020,-0.3
2017-01-31,2020,-0.3
2017-02-01,2020,-0.3
2017-02-02,2020,-0.35
2017-02-03,2020,-0.4
2017-02-06,2020,-0.4
2017-02-07,2020,-0.4
2017-02-08,2020,-0.4
2017-02-09,2020,-0.4
2017-02-10,2020,-0.4
2017-02-13,2020,-0.4
2017-02-14,2020,-0.4
2017-02-15,2020,-0.4
2017-02-16,2020,-0.45
2017-02-17,2020,-0.5
2017-02-20,2020,-0.4
2017-02-21,2020,-0.4
2017-02-22,2020,-0.4
2017-02-23,2020,-0.4
2017-02-24,2020,-0.4
2017-03-01,2020,-0.4
2017-03-02,2020,-0.4
2017-03-03,2020,-0.4
2017-03-06,2020,-0.4
2017-03-07,2020,-0.4
2017-03-08,2020,-0.4
2017-03-09,2020,-0.4
2017-03-10,2020,-0.5
2017-03-13,2020,-0.5
2017-03-14,2020,-0.4
2017-03-15,2020,-0.4
2017-03-16,2020,-0.43
2017-03-17,2020,-0.4
2017-03-20,2020,-0.4
2017-03-21,2020,-0.4
2017-03-22,2020,-0.4
2017-03-23,2020,-0.4
2017-03-24,2020,-0.4
2017-03-27,2020,-0.4
2017-03-28,2020,-0.35
2017-03-29,2020,-0.35
2017-03-30,2020,-0.4
2017-03-31,2020,-0.4
2017-04-03,2020,-0.4
2017-04-04,2020,-0.35
2017-04-05,2020,-0.35
2017-04-06,2020,-0.35
2017-04-07,2020,-0.3
2017-04-10,2020,-0.25
2017-04-11,2020,-0.3
2017-04-12,2020,-0.3
2017-04-13,2020,-0.3
2017-04-17,2020,-0.31
2017-04-18,2020,-0.31
2017-04-19,2020,-0.36
2017-04-20,2020,-0.31
2017-04-24,2020,-0.36
2017-04-25,2020,-0.36
2017-04-26,2020,-0.5
2017-04-27,2020,-0.5
2017-04-28,2020,-0.5
2017-05-02,2020,-0.5
2017-05-03,2020,-0.5
2017-05-04,2020,-0.5
2017-05-05,2020,-0.5
2017-05-08,2020,-0.5
2017-05-09,2020,-0.5
2017-05-10,2020,-0.5
2017-05-11,2020,-0.5
2017-05-12,2020,-0.5
2017-05-15,2020,-0.5
2017-05-16,2020,-0.5
2017-05-17,2020,-0.5
2017-05-18,2020,-0.5
2017-05-19,2020,-0.5
2017-05-22,2020,-0.5
2017-05-23,2020,-0.5
2017-05-24,2020,-0.5
2017-05-25,2020,-0.45
2017-05-26,2020,-0.5
2017-05-29,2020,-0.45
2017-05-30,2020,-0.45
2017-05-31,2020,-0.45
2017-06-01,2020,-0.45
2017-06-02,2020,-0.4
2017-06-05,2020,-0.5
2017-06-06,2020,-0.41
2017-06-07,2020,-0.41
2017-06-08,2020,-0.41
2017-06-09,2020,-0.5
2017-06-12,2020,-0.5
2017-06-13,2020,-0.5
2017-06-14,2020,-0.5
2017-06-16,2020,-0.5
2017-06-19,2020,-0.5
2017-06-20,2020,-0.5
2017-06-21,2020,-0.5
2017-06-22,2020,-0.5
2017-06-23,2020,-0.5
2017-06-26,2020,-0.5
2017-06-27,2020,-0.5
2017-06-28,2020,-0.5
2017-06-29,2020,-0.5
2017-06-30,2020,-0.52
2017-07-03,2020,-0.52
2017-07-04,2020,-0.54
2017-07-05,2020,-0.54
2017-07-06,2020,-0.52
2017-07-07,2020,-0.54
2017-07-10,2020,-0.55
2017-07-11,2020,-0.56
2017-07-12,2020,-0.55
2017-07-13,2020,-0.54
2017-07-14,2020,-0.55
2017-07-17,2020,-0.54
2017-07-18,2020,-0.54
2017-07-19,2020,-0.54
2017-07-20,2020,-0.52
2017-07-21,2020,-0.52
2017-07-24,2020,-0.5
2017-07-25,2020,-0.5
2017-07-26,2020,-0.5
2017-07-27,2020,-0.5
2017-07-28,2020,-0.5
2017-07-31,2020,-0.5
2017-08-01,2020,-0.5
2017-08-02,2020,-0.5
2017-08-03,2020,-0.5
2017-08-04,2020,-0.5
2017-08-07,2020,-0.5
2017-08-08,2020,-0.5
2017-08-09,2020,-0.5
2017-08-10,2020,-0.5
2017-08-11,2020,-0.5
2017-08-14,2020,-0.5
2017-08-15,2020,-0.5
2017-08-16,2020,-0.5
2017-08-17,2020,-0.5
2017-08-18,2020,-0.54
2017-08-21,2020,-0.5
2017-08-22,2020,-0.6
2017-08-23,2020,-0.6
2017-08-24,2020,-0.61
2017-08-25,2020,-0.62
2017-08-28,2020,-0.62
2017-08-29,2020,-0.62
2017-08-30,2020,-0.73
2017-08-31,2020,-0.77
2017-09-01,2020,-0.77
2017-09-04,2020,-0.77
2017-09-05,2020,-0.8
2017-09-06,2020,-0.8
2017-09-08,2020,-0.8
2017-09-11,2020,-0.8
2017-09-12,2020,-0.8
2017-09-13,2020,-0.8
2017-09-14,2020,-1.0
2017-09-15,2020,-0.8
2017-09-18,2020,-0.8
2017-09-19,2020,-0.8
2017-09-20,2020,-0.9
2017-09-21,2020,-1.0
2017-09-22,2020,-0.9
2017-09-25,2020,-1.0
2017-09-26,2020,-1.0
2017-09-27,2020,-1.0
2017-09-28,2020,-1.0
2017-09-29,2020,-1.0
2017-10-02,2020,-1.0
2017-10-03,2020,-1.0
2017-10-04,2020,-1.0
2017-10-05,2020,-1.0
2017-10-06,2020,-1.0
2017-10-09,2020,-1.0
2017-10-10,2020,-1.0
2017-10-11,2020,-1.0
2017-10-13,2020,-1.0
2017-10-16,2020,-1.0
2017-10-17,2020,-1.0
2017-10-18,2020,-1.0
2017-10-19,2020,-1.0
2017-10-20,2020,-1.0
2017-10-23,2020,-1.0
2017-10-24,2020,-1.0
2017-10-25,2020,-1.0
2017-10-26,2020,-1.0
2017-10-27,2020,-1.0
2017-10-30,2020,-1.0
2017-10-31,2020,-1.0
2017-11-01,2020,-1.0
2017-11-03,2020,-1.0
2017-11-06,2020,-1.0
2017-11-07,2020,-1.0
2017-11-08,2020,-1.0
2017-11-09,2020,-1.0
2017-11-10,2020,-1.0
2017-11-13,2020,-1.0
2017-11-14,2020,-1.0
2017-11-16,2020,-1.0
2017-11-17,2020,-1.0
2017-11-20,2020,-1.0
2017-11-21,2020,-1.0
2017-11-22,2020,-1.0
2017-11-23,2020,-1.0
2017-11-24,2020,-1.0
2017-11-27,2020,-1.0
2017-11-28,2020,-1.0
2017-11-29,2020,-1.0
2017-11-30,2020,-1.0
2017-12-01,2020,-1.0
2017-12-04,2020,-1.0
2017-12-05,2020,-1.0
2017-12-06,2020,-1.0
2017-12-07,2020,-1.0
2017-12-08,2020,-1.0
2017-12-11,2020,-1.0
2017-12-12,2020,-1.0
2017-12-13,2020,-1.0
2017-12-14,2020,-1.0
2017-12-15,2020,-1.0
2017-12-18,2020,-1.0
2017-12-19,2020,-1.0
2017-12-20,2020,-1.0
2017-12-21,2020,-1.0
2017-12-22,2020,-1.0
2017-12-26,2020,-1.0
2017-12-27,2020,-1.0
2017-12-28,2020,-1.1
2017-12-29,2020,-1.0
2018-01-02,2020,-1.0
2018-01-03,2020,-1.0
2018-01-04,2020,-1.0
2018-01-05,2020,-1.0
2018-01-08,2020,-1.0
2018-01-09,2020,-1.0
2018-01-10,2020,-1.0
2018-01-11,2020,-1.0
2018-01-12,2020,-1.0
2018-01-15,2020,-0.8
2018-01-16,2020,-0.9
2018-01-17,2020,-0.9
2018-01-18,2020,-0.9
2018-01-19,2020,-1.0
2018-01-22,2020,-1.0
2018-01-23,2020,-1.0
2018-01-24,2020,-1.0
2018-01-25,2020,-1.0
2018-01-26,2020,-1.0
2018-01-29,2020,-0.9
2018-01-30,2020,-0.9
2018-01-31,2020,-0.8
2018-02-01,2020,-0.8
2018-02-02,2020,-0.9
2018-02-05,2020,-0.8
2018-02-06,2020,-0.84
2018-02-07,2020,-0.84
2018-02-08,2020,-0.88
2018-02-09,2020,-0.94
2018-02-14,2020,-1.0
2018-02-15,2020,-0.84
2018-02-16,2020,-0.8
2018-02-19,2020,-0.85
2018-02-20,2020,-0.85
2018-02-21,2020,-0.81
2018-02-22,2020,-0.81
2018-02-23,2020,-0.81
2018-02-26,2020,-0.81
2018-02-27,2020,-0.81
2018-02-28,2020,-0.81
2018-03-01,2020,-0.81
2018-03-02,2020,-0.81
2018-03-05,2020,-0.81
2018-03-06,2020,-0.81
2018-03-07,2020,-0.81
2018-03-08,2020,-0.81
2018-03-09,2020,-0.9
2018-03-12,2020,-0.81
2018-03-13,2020,-0.81
2018-03-14,2020,-0.8
2018-03-15,2020,-0.8
2018-03-16,2020,-0.8
2018-03-19,2020,-0.86
2018-03-20,2020,-0.81
2018-03-21,2020,-0.81
2018-03-22,2020,-0.81
2018-03-23,2020,-0.81
2018-03-26,2020,-0.81
2018-03-27,2020,-0.81
2018-03-28,2020,-0.8
2018-03-29,2020,-0.8
2018-04-02,2020,-0.8
2018-04-03,2020,-0.8
2018-04-04,2020,-0.8
2018-04-05,2020,-0.8
2018-04-06,2020,-0.8
2018-04-09,2020,-0.8
2018-04-10,2020,-0.8
2018-04-11,2020,-0.8
2018-04-12,2020,-0.8
2018-04-13,2020,-0.8
2018-04-16,2020,-0.81
2018-04-17,2020,-0.81
2018-04-18,2020,-0.81
2018-04-19,2020,-0.8
2018-04-20,2020,-0.8
2018-04-23,2020,-0.8
2018-04-24,2020,-0.8
2018-04-25,2020,-0.8
2018-04-26,2020,-0.8
2018-04-27,2020,-0.8
2018-04-30,2020,-0.8
2018-05-02,2020,-0.8
2018-05-03,2020,-0.8
2018-05-04,2020,-0.8
2018-05-07,2020,-0.8
2018-05-08,2020,-0.8
2018-05-09,2020,-0.8
2018-05-10,2020,-0.8
2018-05-11,2020,-0.8
2018-05-14,2020,-0.8
2018-05-15,2020,-0.8
2018-05-16,2020,-0.8
2018-05-17,2020,-0.8
2018-05-18,2020,-0.8
2018-05-21,2020,-0.8
2018-05-22,2020,-0.8
2018-05-23,2020,-0.8
2018-05-24,2020,-0.8
2018-05-25,2020,-0.8
2018-05-28,2020,-0.8
2018-05-29,2020,-0.8
2018-05-30,2020,-0.8
2018-06-01,2020,-0.8
2018-06-04,2020,-0.8
2018-06-05,2020,-0.8
2018-06-06,2020,-0.8
2018-06-07,2020,-0.8
2018-06-08,2020,-0.81
2018-06-11,2020,-1.0
2018-06-12,2020,-1.0
2018-06-13,2020,-1.0
2018-06-14,2020,-1.0
2018-06-15,2020,-1.0
2018-06-18,2020,-1.0
2018-06-19,2020,-1.0
2018-06-20,2020,-1.0
2018-06-21,2020,-1.0
2018-06-22,2020,-1.0
2018-06-25,2020,-1.0
2018-06-26,2020,-1.0
2018-06-27,2020,-1.0
2018-06-28,2020,-1.0
2018-06-29,2020,-1.0
2018-07-02,2020,-1.0
2018-07-03,2020,-1.0
2018-07-04,2020,-1.0
2018-07-05,2020,-1.0
2018-07-06,2020,-1.0
2018-07-09,2020,-0.81
2018-07-10,2020,-0.86
2018-07-11,2020,-0.9
2018-07-12,2020,-0.9
2018-07-13,2020,-0.9
2018-07-16,2020,-0.9
2018-07-17,2020,-0.95
2018-07-18,2020,-0.95
2018-07-19,2020,-0.95
2018-07-20,2020,-1.0
2018-07-23,2020,-1.0
2018-07-24,2020,-1.0
2018-07-25,2020,-1.0
2018-07-26,2020,-1.0
2018-07-27,2020,-1.0
2018-07-30,2020,-1.0
2018-07-31,2020,-0.95
2018-08-01,2020,-0.95
2018-08-02,2020,-0.95
2018-08-03,2020,-0.95
2018-08-06,2020,-0.91
2018-08-07,2020,-1.0
2018-08-08,2020,-1.0
2018-08-09,2020,-1.0
2018-08-10,2020,-1.0
2018-08-13,2020,-0.91
2018-08-14,2020,-0.91
2018-08-15,2020,-0.91
2018-08-16,2020,-0.91
2018-08-17,2020,-0.91
2018-08-20,2020,-1.0
2018-08-21,2020,-1.0
2018-08-22,2020,-1.0
2018-08-23,2020,-0.91
2018-08-24,2020,-0.91
2018-08-27,2020,-0.91
2018-08-28,2020,-0.91
2018-08-29,2020,-0.91
2018-08-30,2020,-1.0
2018-08-31,2020,-1.0
2018-09-03,2020,-1.0
2018-09-04,2020,-1.0
2018-09-05,2020,-1.0
2018-09-06,2020,-1.0
2018-09-10,2020,-0.81
2018-09-11,2020,-0.81
2018-09-12,2020,-0.81
2018-09-13,2020,-0.91
2018-09-14,2020,-0.81
2018-09-17,2020,-0.91
2018-09-18,2020,-0.91
2018-09-19,2020,-0.91
2018-09-20,2020,-0.91
2018-09-21,2020,-0.81
2018-09-24,2020,-0.81
2018-09-25,2020,-0.81
2018-09-26,2020,-0.81
2018-09-27,2020,-0.81
2018-09-28,2020,-0.91
2018-10-01,2020,-0.91
2018-10-02,2020,-0.91
2018-10-03,2020,-0.91
2018-10-04,2020,-0.91
2018-10-05,2020,-0.91
2018-10-08,2020,-0.81
2018-10-09,2020,-0.81
2018-10-10,2020,-0.81
2018-10-11,2020,-0.91
2018-10-15,2020,-0.91
2018-10-16,2020,-0.91
2018-10-17,2020,-0.91
2018-10-18,2020,-0.86
2018-10-19,2020,-0.86
2018-10-22,2020,-0.91
2018-10-23,2020,-0.91
2018-10-24,2020,-0.91
2018-10-25,2020,-0.91
2018-10-26,2020,-0.86
2018-10-29,2020,-0.86
2018-10-30,2020,-0.81
2018-10-31,2020,-0.81
2018-11-01,2020,-0.81
2018-11-05,2020,-0.8
2018-11-06,2020,-0.8
2018-11-07,2020,-0.8
2018-11-08,2020,-0.81
2018-11-09,2020,-0.81
2018-11-12,2020,-0.8
2018-11-13,2020,-0.8
2018-11-14,2020,-0.8
2018-11-16,2020,-0.75
2018-11-19,2020,-0.75
2018-11-20,2020,-0.75
2018-11-21,2020,-0.75
2018-11-22,2020,-0.7
2018-11-23,2020,-0.75
2018-11-26,2020,-0.73
2018-11-27,2020,-0.73
2018-11-28,2020,-0.73
2018-11-29,2020,-0.73
2018-11-30,2020,-0.73
2018-12-03,2020,-0.73
2018-12-04,2020,-0.73
2018-12-05,2020,-0.75
2018-12-06,2020,-0.8
2018-12-07,2020,-0.8
2018-12-10,2020,-0.8
2018-12-11,2020,-0.8
2018-12-12,2020,-0.8
2018-12-13,2020,-0.8
2018-12-14,2020,-0.8
2018-12-17,2020,-0.8
2018-12-18,2020,-0.78
2018-12-19,2020,-0.78
2018-12-20,2020,-0.78
2018-12-21,2020,-0.75
2018-12-24,2020,-0.8
2018-12-26,2020,-0.8
2018-12-27,2020,-0.8
2018-12-28,2020,-0.78
2018-12-31,2020,-0.78
2019-01-02,2020,-0.78
2019-01-03,2020,-0.78
2019-01-04,2020,-0.75
2019-01-07,2020,-0.78
2019-01-08,2020,-0.78
2019-01-09,2020,-0.78
2019-01-10,2020,-0.75
2019-01-11,2020,-0.73
2019-01-14,2020,-0.73
2019-01-15,2020,-0.75
2019-01-16,2020,-0.78
2019-01-17,2020,-0.75
2019-01-18,2020,-0.8
2019-01-21,2020,-0.78
2019-01-22,2020,-0.73
2019-01-23,2020,-0.73
2019-01-24,2020,-0.73
2019-01-25,2020,-0.73
2019-01-28,2020,-0.7
2019-01-29,2020,-0.7
2019-01-30,2020,-0.7
2019-01-31,2020,-0.68
2019-02-01,2020,-0.64
2019-02-04,2020,-0.64
2019-02-05,2020,-0.64
2019-02-06,2020,-0.64
2019-02-07,2020,-0.64
2019-02-08,2020,-0.63
2019-02-11,2020,-0.62
2019-02-12,2020,-0.66
2019-02-13,2020,-0.66
2019-02-14,2020,-0.68
2019-02-15,2020,-0.66
2019-02-18,2020,-0.65
2019-02-19,2020,-0.65
2019-02-20,2020,-0.65
2019-02-21,2020,-0.66
2019-02-22,2020,-0.7
2019-02-25,2020,-0.7
2019-02-26,2020,-0.7
2019-02-27,2020,-0.7
2019-02-28,2020,-0.7
2019-03-01,2020,-0.7
2019-03-06,2020,-0.7
2019-03-07,2020,-0.76
2019-03-08,2020,-0.73
2019-03-11,2020,-0.76
2019-03-12,2020,-0.76
2019-03-13,2020,-0.76
2019-03-14,2020,-0.8
2019-03-15,2020,-0.71
2019-03-18,2020,-0.7
2019-03-19,2020,-0.7
2019-03-20,2020,-0.71
2019-03-21,2020,-0.71
2019-03-22,2020,-0.71
2019-03-25,2020,-0.7
2019-03-26,2020,-0.73
2019-03-27,2020,-0.73
2019-03-28,2020,-0.76
2019-03-29,2020,-0.76
2019-04-01,2020,-0.76
2019-04-02,2020,-0.76
2019-04-03,2020,-0.76
2019-04-04,2020,-0.76
2019-04-05,2020,-0.8
2019-04-08,2020,-0.8
2019-04-09,2020,-0.8
2019-04-10,2020,-0.8
2019-04-11,2020,-0.8
2019-04-12,2020,-0.8
2019-04-15,2020,-0.85
2019-04-16,2020,-0.9
2019-04-17,2020,-0.9
2019-04-18,2020,-0.9
2019-04-22,2020,-0.85
2019-04-23,2020,-0.85
2019-04-24,2020,-0.85
2019-04-25,2020,-0.85
2019-04-26,2020,-0.8
2019-04-29,2020,-0.8
2019-04-30,2020,-0.8
2019-05-02,2020,-0.8
2019-05-03,2020,-0.8
2019-05-06,2020,-0.8
2019-05-07,2020,-0.8
2019-05-08,2020,-0.85
2019-05-09,2020,-0.9
2019-05-10,2020,-0.9
2019-05-13,2020,-0.8
2019-05-14,2020,-0.8
2019-05-15,2020,-0.8
2019-05-16,2020,-0.9
2019-05-17,2020,-0.9
2019-05-20,2020,-0.9
2019-05-21,2020,-0.9
2019-05-22,2020,-0.9
2019-05-23,2020,-0.9
2019-05-24,2020,-0.9
2019-05-27,2020,-0.9
2019-05-28,2020,-0.9
2019-05-29,2020,-0.9
2019-05-30,2020,-0.9
2019-05-31,2020,-0.9
2019-06-03,2020,-0.9
2019-06-04,2020,-0.9
2019-06-05,2020,-0.9
2019-06-06,2020,-0.9
2019-06-07,2020,-0.9
2019-06-10,2020,-0.9
2019-06-11,2020,-0.9
2019-06-12,2020,-0.9
2019-06-13,2020,-0.9
2019-06-14,2020,-0.9
2019-06-17,2020,-1.0
2019-06-18,2020,-1.0
2019-06-19,2020,-1.0
2019-06-21,2020,-1.0
2019-06-24,2020,-1.0
2019-06-25,2020,-1.0
2019-06-26,2020,-1.0
2019-06-27,2020,-1.0
2019-06-28,2020,-1.0
2019-07-01,2020,-1.0
2019-07-02,2020,-1.0
2019-07-03,2020,-1.0
2019-07-04,2020,-1.0
2019-07-05,2020,-1.0
2019-07-08,2020,-1.0
2019-07-09,2020,-1.0
2019-07-10,2020,-1.0
2019-07-11,2020,-1.0
2019-07-12,2020,-1.0
2019-07-15,2020,-1.0
2019-07-16,2020,-1.0
2019-07-17,2020,-1.0
2019-07-18,2020,-1.0
2019-07-19,2020,-1.0
2019-07-22,2020,-1.0
2019-07-23,2020,-1.0
2019-07-24,2020,-1.0
2019-07-25,2020,-1.0
2019-07-26,2020,-1.0
2019-07-29,2020,-1.0
2019-07-30,2020,-1.0
2019-07-31,2020,-1.0
2019-08-01,2020,-1.0
2019-08-02,2020,-1.0
2019-08-05,2020,-1.0
2019-08-06,2020,-1.0
2019-08-07,2020,-1.0
2019-08-08,2020,-1.0
2019-08-09,2020,-1.0
2019-08-12,2020,-1.0
2019-08-13,2020,-1.0
2019-08-14,2020,-1.0
2019-08-15,2020,-1.0
2019-08-16,2020,-1.0
2019-08-19,2020,-1.0
2019-08-20,2020,-1.0
2019-08-21,2020,-1.0
2019-08-22,2020,-1.0
2019-08-23,2020,-1.0
2019-08-26,2020,-1.0
2019-08-27,2020,-1.0
2019-08-28,2020,-1.0
2019-08-29,2020,-1.0
2019-08-30,2020,-1.0
2019-09-02,2020,-1.0
2019-09-03,2020,-1.0
2019-09-04,2020,-1.0
2019-09-05,2020,-1.0
2019-09-06,2020,-1.0
2019-09-09,2020,-1.0
2019-09-10,2020,-1.0
2019-09-11,2020,-1.0
2019-09-12,2020,-1.0
2019-09-13,2020,-1.0
2019-09-16,2020,-1.0
2019-09-17,2020,-1.0
2019-09-18,2020,-1.0
2019-09-19,2020,-1.0
2019-09-20,2020,-1.0
2019-09-23,2020,-1.05
2019-09-24,2020,-1.05
2019-09-25,2020,-1.05
2019-09-26,2020,-1.13
2019-09-27,2020,-1.13
2019-09-30,2020,-1.13
2019-10-01,2020,-1.13
2019-10-02,2020,-1.13
2019-10-03,2020,-1.16
2019-10-04,2020,-1.16
2019-10-07,2020,-1.16
2019-10-08,2020,-1.16
2019-10-09,2020,-1.16
2019-10-10,2020,-1.16
2019-10-11,2020,-1.18
2019-10-14,2020,-1.13
2019-10-15,2020,-1.13
2019-10-16,2020,-1.1
2019-10-17,2020,-1.1
2019-10-18,2020,-1.05
2019-10-21,2020,-1.0
2019-10-22,2020,-1.0
2019-10-23,2020,-1.0
2019-10-24,2020,-1.0
2019-10-25,2020,-1.05
2019-10-28,2020,-1.05
2019-10-29,2020,-1.05
2019-10-30,2020,-1.05
2019-10-31,2020,-1.0
2019-11-01,2020,-1.0
2019-11-04,2020,-1.05
2019-11-05,2020,-1.05
2019-11-06,2020,-1.05
2019-11-07,2020,-1.1
2019-11-08,2020,-1.1
2019-11-11,2020,-1.1
2019-11-12,2020,-1.1
2019-11-13,2020,-1.1
2019-11-14,2020,-1.1
2019-11-18,2020,-1.1
2019-11-19,2020,-1.1
2019-11-20,2020,-1.1
2019-11-21,2020,-1.1
2019-11-22,2020,-1.1
2019-11-25,2020,-1.1
2019-11-26,2020,-1.1
2019-11-27,2020,-1.1
2019-11-28,2020,-1.1
2019-11-29,2020,-1.1
2019-12-02,2020,-1.1
2019-12-03,2020,-1.1
2019-12-04,2020,-1.1
2019-12-05,2020,-1.1
2019-12-06,2020,-1.1
2019-12-09,2020,-1.1
2019-12-10,2020,-1.1
2019-12-11,2020,-1.1
2019-12-12,2020,-1.1
2019-12-13,2020,-1.1
2019-12-16,2020,-1.1
2019-12-17,2020,-1.1
2019-12-18,2020,-1.1
2019-12-19,2020,-1.1
2019-12-20,2020,-1.1
2019-12-23,2020,-1.1
2019-12-24,2020,-1.1
2019-12-26,2020,-1.1
2019-12-27,2020,-1.1
2019-12-30,2020,-1.1
2019-12-31,2020,-1.1
2020-01-02,2020,-1.1
2020-01-03,2020,-1.1
2020-01-06,2020,-1.1
2020-01-07,2020,-1.1
2020-01-08,2020,-1.1
2020-01-09,2020,-1.1
2020-01-10,2020,-1.1
2020-01-13,2020,-1.1
2020-01-14,2020,-1.1
2020-01-15,2020,-1.1
2020-01-16,2020,-1.1
2020-01-17,2020,-1.1
2020-01-20,2020,-1.05
2020-01-21,2020,-1.05
2020-01-22,2020,-1.05
2020-01-23,2020,-1.0
2020-01-24,2020,-1.1
2020-01-27,2020,-1.1
2020-01-28,2020,-1.1
2020-01-29,2020,-1.1
2020-01-30,2020,-1.1
2020-01-31,2020,-1.1
2020-02-03,2020,-1.1
2020-02-04,2020,-1.1
2020-02-05,2020,-1.1
2020-02-06,2020,-1.1
2020-02-07,2020,-1.1
2020-02-10,2020,-1.1
2020-02-11,2020,-1.1
2020-02-12,2020,-1.1
2020-02-13,2020,-1.1
2020-02-14,2020,-1.1
2020-02-17,2020,-1.1
2020-02-18,2020,-1.1
2020-02-19,2020,-1.1
2020-02-20,2020,-1.1
2020-02-21,2020,-1.1
2020-02-26,2020,-1.1
2020-02-27,2020,-1.1
2020-02-28,2020,-1.1
2020-03-02,2020,-1.1
2020-03-03,2020,-1.1
2020-03-04,2020,-1.1
2020-03-05,2020,-1.1
2020-03-06,2020,-1.1
2020-03-09,2020,-1.1
2020-03-10,2020,-1.1
2020-03-11,2020,-1.1
2020-03-12,2020,-1.1
2020-03-13,2020,-1.15
2020-03-16,2020,-1.1
2020-03-17,2020,-1.1
2020-03-18,2020,-1.1
2020-03-19,2020,-1.1
2020-03-20,2020,-1.2
2020-03-23,2020,-1.2
2020-03-24,2020,-1.2
2020-03-25,2020,-1.2
2020-03-26,2020,-1.2
2020-03-27,2020,-1.3
2020-03-30,2020,-1.5
2020-03-31,2020,-1.5
2020-04-01,2020,-1.5
2020-04-02,2020,-1.51
2020-04-03,2020,-1.65
2020-04-06,2020,-2.7
2020-04-07,2020,-3.1
2020-04-08,2020,-3.5
2020-04-09,2020,-4.14
2020-04-13,2020,-4.95
2020-04-14,2020,-5.0
2020-04-15,2020,-5.0
2020-04-16,2020,-5.0
2020-04-17,2020,-5.0
2020-04-20,2020,-5.0
2020-04-22,2020,-5.0
2020-04-23,2020,-6.0
2020-04-24,2020,-6.2
2020-04-27,2020,-6.4
2020-04-28,2020,-6.45
2020-04-29,2020,-6.85
2020-04-30,2020,-7.2
2020-05-04,2020,-7.4
2020-05-05,2020,-7.5
2020-05-06,2020,-7.51
2020-05-07,2020,-7.51
2020-05-08,2020,-7.52
2020-05-11,2020,-7.52
2020-05-12,2020,-7.52
2020-05-13,2020,-7.51
2020-05-14,2020,-7.52
2020-05-15,2020,-7.8
2020-05-18,2020,-7.56
2020-05-19,2020,-7.56
2020-05-20,2020,-7.56
2020-05-21,2020,-7.6
2020-05-22,2020,-8.0
2020-05-25,2020,-8.0
2020-05-26,2020,-8.0
2020-05-27,2020,-8.0
2020-05-28,2020,-8.0
2020-05-29,2020,-8.0
2020-06-01,2020,-8.0
2020-06-02,2020,-8.0
2020-06-03,2020,-8.0
2020-06-04,2020,-8.0
2020-06-05,2020,-8.0
2020-06-08,2020,-8.0
2020-06-09,2020,-8.3
2020-06-10,2020,-8.3
2020-06-12,2020,-9.96
2020-06-15,2020,-10.0
2020-06-16,2020,-10.0
2020-06-17,2020,-10.0
2020-06-18,2020,-10.0
2020-06-19,2020,-10.1
2020-06-22,2020,-10.2
2020-06-23,2020,-10.2
2020-06-24,2020,-10.2
2020-06-25,2020,-10.2
2020-06-26,2020,-10.2
2020-06-29,2020,-10.2
2020-06-30,2020,-10.2
2020-07-01,2020,-10.2
2020-07-02,2020,-10.2
2020-07-03,2020,-10.5
2020-07-06,2020,-10.95
2020-07-07,2020,-10.95
2020-07-08,2020,-11.0
2020-07-09,2020,-11.0
2020-07-10,2020,-11.0
2020-07-13,2020,-11.5
2020-07-14,2020,-11.5
2020-07-15,2020,-11.65
2020-07-16,2020,-11.65
2020-07-17,2020,-11.65
2020-07-20,2020,-11.8
2020-07-21,2020,-11.8
2020-07-22,2020,-11.8
2020-07-23,2020,-11.8
2020-07-24,2020,-11.5
2020-07-27,2020,-11.58
2020-07-28,2020,-11.58
2020-07-29,2020,-11.73
2020-07-30,2020,-11.73
2020-07-31,2020,-11.66
2020-08-03,2020,-11.73
2020-08-04,2020,-11.73
2020-08-05,2020,-11.73
2020-08-06,2020,-11.8
2020-08-07,2020,-11.66
2020-08-10,2020,-11.5
2020-08-11,2020,-11.66
2020-08-12,2020,-11.73
2020-08-13,2020,-11.73
2020-08-14,2020,-11.73
2020-08-17,2020,-11.63
2020-08-18,2020,-11.63
2020-08-19,2020,-11.63
2020-08-20,2020,-11.63
2020-08-21,2020,-11.63
2020-08-24,2020,-11.6
2020-08-25,2020,-11.6
2020-08-26,2020,-11.6
2020-08-27,2020,-11.6
2020-08-28,2020,-11.63
2020-08-31,2020,-11.68
2020-09-01,2020,-11.66
2020-09-02,2020,-11.66
2020-09-03,2020,-11.66
2020-09-04,2020,-11.7
2020-09-08,2020,-12.0
2020-09-09,2020,-12.0
2020-09-10,2020,-12.0
2020-09-11,2020,-12.0
2020-09-14,2020,-12.0
2020-09-15,2020,-12.0
2020-09-16,2020,-12.0
2020-09-17,2020,-12.0
2020-09-18,2020,-12.0
2020-09-21,2020,-12.0
2020-09-22,2020,-12.0
2020-09-23,2020,-12.0
2020-09-24,2020,-12.0
2020-09-25,2020,-12.0
2020-09-28,2020,-12.0
2020-09-29,2020,-12.0
2020-09-30,2020,-12.0
2020-10-01,2020,-12.0
2020-10-02,2020,-12.05
2020-10-05,2020,-12.05
2020-10-06,2020,-12.05
2020-10-07,2020,-12.0
2020-10-08,2020,-12.0
2020-10-09,2020,-12.0
2020-10-13,2020,-12.0
2020-10-14,2020,-12.0
2020-10-15,2020,-12.0
2020-10-16,2020,-12.0
2020-10-19,2020,-12.0
2020-10-20,2020,-12.0
2020-10-21,2020,-12.0
2020-10-22,2020,-12.0
2020-10-23,2020,-12.0
2020-10-26,2020,-12.0
2020-10-27,2020,-12.0
2020-10-28,2020,-12.0
2020-10-29,2020,-12.0
2020-10-30,2020,-12.0
2020-11-03,2020,-11.95
2020-11-04,2020,-11.95
2020-11-05,2020,-11.95
2020-11-06,2020,-11.9
2020-11-09,2020,-11.9
2020-11-10,2020,-11.8
2020-11-11,2020,-11.8
2020-11-12,2020,-11.9
2020-11-13,2020,-12.0
2020-11-16,2020,-11.9
2020-11-17,2020,-11.8
2020-11-18,2020,-11.8
2020-11-19,2020,-11.6
2020-11-20,2020,-11.8
2020-11-23,2020,-11.8
2020-11-24,2020,-11.8
2020-11-25,2020,-11.7
2020-11-26,2020,-11.7
2020-11-27,2020,-11.5
2020-11-30,2020,-11.5
2020-12-01,2020,-11.5
2020-12-02,2020,-11.5
2020-12-03,2020,-11.5
2020-12-04,2020,-11.5
2020-12-07,2020,-11.5
2020-12-08,2020,-11.5
2020-12-09,2020,-11.5
2020-12-10,2020,-11.5
2020-12-11,2020,-11.5
2020-12-14,2020,-11.45
2020-12-15,2020,-11.3
2020-12-16,2020,-11.1
2020-12-17,2020,-11.1
2020-12-18,2020,-11.0
2020-12-21,2020,-10.8
2020-12-22,2020,-10.8
2020-12-23,2020,-10.8
2020-12-24,2020,-10.6
2020-12-28,2020,-10.6
2020-12-29,2020,-10.6
2020-12-30,2020,-10.6
2020-12-31,2020,-10.6
2021-01-04,2020,-10.6
2021-01-05,2020,-10.6
2021-01-06,2020,-10.59
2021-01-07,2020,-10.6
2021-01-08,2020,-10.6
2021-01-11,2020,-10.6
2021-01-12,2020,-10.6
2021-01-13,2020,-10.55
2021-01-14,2020,-10.55
2021-01-15,2020,-10.2
2021-01-18,2020,-10.15
2021-01-19,2020,-10.15
2021-01-20,2020,-10.2
2021-01-21,2020,-10.15
2021-01-22,2020,-10.15
2021-01-25,2020,-10.1
2021-01-26,2020,-10.1
2021-01-27,2020,-10.1
2021-01-28,2020,-10.1
2017-02-01,2021,1.5
2017-02-02,2021,1.5
2017-02-03,2021,1.0
2017-02-06,2021,1.0
2017-02-07,2021,0.55
2017-02-08,2021,0.55
2017-02-09,2021,0.6
2017-02-10,2021,0.6
2017-02-13,2021,0.55
2017-02-14,2021,0.5
2017-02-15,2021,0.5
2017-02-16,2021,0.55
2017-02-17,2021,0.5
2017-02-20,2021,0.45
2017-02-21,2021,0.4
2017-02-22,2021,0.4
2017-02-23,2021,0.4
2017-02-24,2021,0.45
2017-03-01,2021,0.45
2017-03-02,2021,0.4
2017-03-03,2021,0.4
2017-03-06,2021,0.2
2017-03-07,2021,0.2
2017-03-08,2021,0.2
2017-03-09,2021,0.2
2017-03-10,2021,0.2
2017-03-13,2021,0.2
2017-03-14,2021,0.3
2017-03-15,2021,0.35
2017-03-16,2021,0.35
2017-03-17,2021,0.35
2017-03-20,2021,0.38
2017-03-21,2021,0.47
2017-03-22,2021,0.47
2017-03-23,2021,0.47
2017-03-24,2021,0.41
2017-03-27,2021,0.41
2017-03-28,2021,0.46
2017-03-29,2021,0.46
2017-03-30,2021,0.46
2017-03-31,2021,0.46
2017-04-03,2021,0.46
2017-04-04,2021,0.47
2017-04-05,2021,0.48
2017-04-06,2021,0.48
2017-04-07,2021,0.48
2017-04-10,2021,0.47
2017-04-11,2021,0.48
2017-04-12,2021,0.49
2017-04-13,2021,0.49
2017-04-17,2021,0.5
2017-04-18,2021,0.5
2017-04-19,2021,0.45
2017-04-20,2021,0.5
2017-04-24,2021,0.39
2017-04-25,2021,0.39
2017-04-26,2021,0.36
2017-04-27,2021,0.36
2017-04-28,2021,0.35
2017-05-02,2021,0.28
2017-05-03,2021,0.35
2017-05-04,2021,0.36
2017-05-05,2021,0.35
2017-05-08,2021,0.28
2017-05-09,2021,0.35
2017-05-10,2021,0.36
2017-05-11,2021,0.36
2017-05-12,2021,0.36
2017-05-15,2021,0.35
2017-05-16,2021,0.28
2017-05-17,2021,0.2
2017-05-18,2021,0.15
2017-05-19,2021,0.35
2017-05-22,2021,0.2
2017-05-23,2021,0.2
2017-05-24,2021,0.2
2017-05-25,2021,0.28
2017-05-26,2021,0.35
2017-05-29,2021,0.38
2017-05-30,2021,0.38
2017-05-31,2021,0.38
2017-06-01,2021,0.38
2017-06-02,2021,0.4
2017-06-05,2021,0.4
2017-06-06,2021,0.39
2017-06-07,2021,0.39
2017-06-08,2021,0.39
2017-06-09,2021,0.39
2017-06-12,2021,0.36
2017-06-13,2021,0.36
2017-06-14,2021,0.35
2017-06-16,2021,0.35
2017-06-19,2021,0.1
2017-06-20,2021,0.1
2017-06-21,2021,0.1
2017-06-22,2021,0.23
2017-06-23,2021,0.23
2017-06-26,2021,0.1
2017-06-27,2021,0.15
2017-06-28,2021,0.15
2017-06-29,2021,0.05
2017-06-30,2021,0.0
2017-07-03,2021,0.0
2017-07-04,2021,0.0
2017-07-05,2021,0.0
2017-07-06,2021,0.0
2017-07-07,2021,0.0
2017-07-10,2021,0.0
2017-07-11,2021,0.0
2017-07-12,2021,0.0
2017-07-13,2021,0.0
2017-07-14,2021,0.0
2017-07-17,2021,0.05
2017-07-18,2021,0.05
2017-07-19,2021,0.05
2017-07-20,2021,0.05
2017-07-21,2021,0.05
2017-07-24,2021,0.05
2017-07-25,2021,0.1
2017-07-26,2021,0.1
2017-07-27,2021,0.1
2017-07-28,2021,0.1
2017-07-31,2021,0.3
2017-08-01,2021,0.25
2017-08-02,2021,0.3
2017-08-03,2021,0.3
2017-08-04,2021,0.33
2017-08-07,2021,0.2
2017-08-08,2021,0.25
2017-08-09,2021,0.2
2017-08-10,2021,0.15
2017-08-11,2021,0.15
2017-08-14,2021,0.1
2017-08-15,2021,0.15
2017-08-16,2021,0.1
2017-08-17,2021,0.0
2017-08-18,2021,0.0
2017-08-21,2021,0.0
2017-08-22,2021,0.0
2017-08-23,2021,0.0
2017-08-24,2021,0.0
2017-08-25,2021,0.0
2017-08-28,2021,0.0
2017-08-29,2021,0.0
2017-08-30,2021,0.0
2017-08-31,2021,-0.05
2017-09-01,2021,-0.05
2017-09-04,2021,-0.1
2017-09-05,2021,-0.1
2017-09-06,2021,-0.1
2017-09-08,2021,-0.1
2017-09-11,2021,-0.1
2017-09-12,2021,-0.1
2017-09-13,2021,-0.1
2017-09-14,2021,-0.25
2017-09-15,2021,-0.25
2017-09-18,2021,-0.25
2017-09-19,2021,-0.35
2017-09-20,2021,-0.35
2017-09-21,2021,-0.4
2017-09-22,2021,-0.4
2017-09-25,2021,-0.4
2017-09-26,2021,-0.4
2017-09-27,2021,-0.4
2017-09-28,2021,-0.4
2017-09-29,2021,-0.4
2017-10-02,2021,-0.4
2017-10-03,2021,-0.3
2017-10-04,2021,-0.3
2017-10-05,2021,-0.3
2017-10-06,2021,-0.3
2017-10-09,2021,-0.35
2017-10-10,2021,-0.35
2017-10-11,2021,-0.35
2017-10-13,2021,-0.35
2017-10-16,2021,-0.3
2017-10-17,2021,-0.4
2017-10-18,2021,-0.35
2017-10-19,2021,-0.35
2017-10-20,2021,-0.4
2017-10-23,2021,-0.4
2017-10-24,2021,-0.4
2017-10-25,2021,-0.4
2017-10-26,2021,-0.4
2017-10-27,2021,-0.4
2017-10-30,2021,-0.4
2017-10-31,2021,-0.4
2017-11-01,2021,-0.4
2017-11-03,2021,-0.29
2017-11-06,2021,-0.3
2017-11-07,2021,-0.3
2017-11-08,2021,-0.3
2017-11-09,2021,-0.3
2017-11-10,2021,-0.3
2017-11-13,2021,-0.3
2017-11-14,2021,-0.3
2017-11-16,2021,-0.3
2017-11-17,2021,-0.24
2017-11-20,2021,-0.35
2017-11-21,2021,-0.35
2017-11-22,2021,-0.3
2017-11-23,2021,-0.3
2017-11-24,2021,-0.3
2017-11-27,2021,-0.3
2017-11-28,2021,-0.3
2017-11-29,2021,-0.3
2017-11-30,2021,-0.3
2017-12-01,2021,-0.3
2017-12-04,2021,-0.3
2017-12-05,2021,-0.3
2017-12-06,2021,-0.3
2017-12-07,2021,-0.34
2017-12-08,2021,-0.34
2017-12-11,2021,-0.37
2017-12-12,2021,-0.37
2017-12-13,2021,-0.37
2017-12-14,2021,-0.39
2017-12-15,2021,-0.39
2017-12-18,2021,-0.4
2017-12-19,2021,-0.4
2017-12-20,2021,-0.39
2017-12-21,2021,-0.39
2017-12-22,2021,-0.39
2017-12-26,2021,-0.4
2017-12-27,2021,-0.4
2017-12-28,2021,-0.4
2017-12-29,2021,-0.4
2018-01-02,2021,-0.4
2018-01-03,2021,-0.4
2018-01-04,2021,-0.4
2018-01-05,2021,-0.4
2018-01-08,2021,-0.4
2018-01-09,2021,-0.37
2018-01-10,2021,-0.37
2018-01-11,2021,-0.33
2018-01-12,2021,-0.32
2018-01-15,2021,-0.3
2018-01-16,2021,-0.32
2018-01-17,2021,-0.32
2018-01-18,2021,-0.33
2018-01-19,2021,-0.4
2018-01-22,2021,-0.4
2018-01-23,2021,-0.4
2018-01-24,2021,-0.4
2018-01-25,2021,-0.4
2018-01-26,2021,-0.4
2018-01-29,2021,-0.37
2018-01-30,2021,-0.37
2018-01-31,2021,-0.33
2018-02-01,2021,-0.33
2018-02-02,2021,-0.37
2018-02-05,2021,-0.32
2018-02-06,2021,-0.32
2018-02-07,2021,-0.32
2018-02-08,2021,-0.4
2018-02-09,2021,-0.4
2018-02-14,2021,-0.4
2018-02-15,2021,-0.4
2018-02-16,2021,-0.4
2018-02-19,2021,-0.33
2018-02-20,2021,-0.33
2018-02-21,2021,-0.33
2018-02-22,2021,-0.33
2018-02-23,2021,-0.33
2018-02-26,2021,-0.33
2018-02-27,2021,-0.33
2018-02-28,2021,-0.33
2018-03-01,2021,-0.33
2018-03-02,2021,-0.33
2018-03-05,2021,-0.33
2018-03-06,2021,-0.33
2018-03-07,2021,-0.33
2018-03-08,2021,-0.33
2018-03-09,2021,-0.37
2018-03-12,2021,-0.3
2018-03-13,2021,-0.3
2018-03-14,2021,-0.3
2018-03-15,2021,-0.3
2018-03-16,2021,-0.3
2018-03-19,2021,-0.03
2018-03-20,2021,-0.17
2018-03-21,2021,-0.17
2018-03-22,2021,-0.17
2018-03-23,2021,-0.3
2018-03-26,2021,-0.03
2018-03-27,2021,-0.03
2018-03-28,2021,-0.02
2018-03-29,2021,-0.02
2018-04-02,2021,0.0
2018-04-03,2021,0.0
2018-04-04,2021,0.0
2018-04-05,2021,0.0
2018-04-06,2021,0.0
2018-04-09,2021,-0.02
2018-04-10,2021,-0.02
2018-04-11,2021,-0.02
2018-04-12,2021,-0.02
2018-04-13,2021,-0.03
2018-04-16,2021,-0.3
2018-04-17,2021,-0.3
2018-04-18,2021,-0.3
2018-04-19,2021,-0.3
2018-04-20,2021,-0.3
2018-04-23,2021,-0.3
2018-04-24,2021,-0.3
2018-04-25,2021,-0.3
2018-04-26,2021,-0.3
2018-04-27,2021,-0.3
2018-04-30,2021,-0.3
2018-05-02,2021,-0.3
2018-05-03,2021,-0.3
2018-05-04,2021,-0.3
2018-05-07,2021,-0.3
2018-05-08,2021,-0.3
2018-05-09,2021,-0.3
2018-05-10,2021,-0.3
2018-05-11,2021,-0.3
2018-05-14,2021,-0.3
2018-05-15,2021,-0.3
2018-05-16,2021,-0.3
2018-05-17,2021,-0.3
2018-05-18,2021,-0.3
2018-05-21,2021,-0.3
2018-05-22,2021,-0.3
2018-05-23,2021,-0.3
2018-05-24,2021,-0.3
2018-05-25,2021,-0.3
2018-05-28,2021,-0.3
2018-05-29,2021,-0.3
2018-05-30,2021,-0.3
2018-06-01,2021,-0.3
2018-06-04,2021,-0.3
2018-06-05,2021,-0.3
2018-06-06,2021,-0.3
2018-06-07,2021,-0.3
2018-06-08,2021,-0.3
2018-06-11,2021,-0.35
2018-06-12,2021,-0.35
2018-06-13,2021,-0.3
2018-06-14,2021,-0.3
2018-06-15,2021,-0.3
2018-06-18,2021,-0.3
2018-06-19,2021,-0.3
2018-06-20,2021,-0.3
2018-06-21,2021,-0.3
2018-06-22,2021,-0.3
2018-06-25,2021,-0.3
2018-06-26,2021,-0.3
2018-06-27,2021,-0.3
2018-06-28,2021,-0.3
2018-06-29,2021,-0.3
2018-07-02,2021,-0.3
2018-07-03,2021,-0.3
2018-07-04,2021,-0.3
2018-07-05,2021,-0.3
2018-07-06,2021,-0.3
2018-07-09,2021,-0.3
2018-07-10,2021,-0.3
2018-07-11,2021,-0.35
2018-07-12,2021,-0.35
2018-07-13,2021,-0.35
2018-07-16,2021,-0.35
2018-07-17,2021,-0.4
2018-07-18,2021,-0.4
2018-07-19,2021,-0.4
2018-07-20,2021,-0.35
2018-07-23,2021,-0.35
2018-07-24,2021,-0.35
2018-07-25,2021,-0.35
2018-07-26,2021,-0.35
2018-07-27,2021,-0.35
2018-07-30,2021,-0.35
2018-07-31,2021,-0.4
2018-08-01,2021,-0.4
2018-08-02,2021,-0.4
2018-08-03,2021,-0.4
2018-08-06,2021,-0.3
2018-08-07,2021,-0.35
2018-08-08,2021,-0.35
2018-08-09,2021,-0.4
2018-08-10,2021,-0.35
2018-08-13,2021,-0.3
2018-08-14,2021,-0.3
2018-08-15,2021,-0.3
2018-08-16,2021,-0.3
2018-08-17,2021,-0.35
2018-08-20,2021,-0.38
2018-08-21,2021,-0.38
2018-08-22,2021,-0.35
2018-08-23,2021,-0.33
2018-08-24,2021,-0.33
2018-08-27,2021,-0.33
2018-08-28,2021,-0.33
2018-08-29,2021,-0.33
2018-08-30,2021,-0.33
2018-08-31,2021,-0.38
2018-09-03,2021,-0.4
2018-09-04,2021,-0.4
2018-09-05,2021,-0.38
2018-09-06,2021,-0.38
2018-09-10,2021,-0.33
2018-09-11,2021,-0.33
2018-09-12,2021,-0.33
2018-09-13,2021,-0.35
2018-09-14,2021,-0.25
2018-09-17,2021,-0.2
2018-09-18,2021,-0.2
2018-09-19,2021,-0.2
2018-09-20,2021,-0.2
2018-09-21,2021,-0.23
2018-09-24,2021,-0.25
2018-09-25,2021,-0.25
2018-09-26,2021,-0.25
2018-09-27,2021,-0.25
2018-09-28,2021,-0.23
2018-10-01,2021,-0.23
2018-10-02,2021,-0.23
2018-10-03,2021,-0.23
2018-10-04,2021,-0.23
2018-10-05,2021,-0.23
2018-10-08,2021,-0.22
2018-10-09,2021,-0.22
2018-10-10,2021,-0.22
2018-10-11,2021,-0.22
2018-10-15,2021,-0.22
2018-10-16,2021,-0.22
2018-10-17,2021,-0.22
2018-10-18,2021,-0.23
2018-10-19,2021,-0.22
2018-10-22,2021,-0.26
2018-10-23,2021,-0.26
2018-10-24,2021,-0.26
2018-10-25,2021,-0.26
2018-10-26,2021,-0.22
2018-10-29,2021,-0.22
2018-10-30,2021,-0.2
2018-10-31,2021,-0.2
2018-11-01,2021,-0.2
2018-11-05,2021,-0.18
2018-11-06,2021,-0.18
2018-11-07,2021,-0.18
2018-11-08,2021,-0.2
2018-11-09,2021,-0.03
2018-11-12,2021,0.0
2018-11-13,2021,0.0
2018-11-14,2021,-0.02
2018-11-16,2021,-0.03
2018-11-19,2021,-0.03
2018-11-20,2021,-0.03
2018-11-21,2021,-0.03
2018-11-22,2021,-0.02
2018-11-23,2021,-0.02
2018-11-26,2021,-0.02
2018-11-27,2021,-0.02
2018-11-28,2021,-0.02
2018-11-29,2021,-0.02
2018-11-30,2021,-0.03
2018-12-03,2021,-0.03
2018-12-04,2021,-0.03
2018-12-05,2021,-0.03
2018-12-06,2021,-0.03
2018-12-07,2021,-0.03
2018-12-10,2021,-0.03
2018-12-11,2021,-0.03
2018-12-12,2021,-0.03
2018-12-13,2021,-0.03
2018-12-14,2021,-0.03
2018-12-17,2021,-0.03
2018-12-18,2021,-0.03
2018-12-19,2021,-0.03
2018-12-20,2021,-0.03
2018-12-21,2021,-0.02
2018-12-24,2021,-0.03
2018-12-26,2021,-0.03
2018-12-27,2021,-0.03
2018-12-28,2021,-0.03
2018-12-31,2021,-0.03
2019-01-02,2021,-0.03
2019-01-03,2021,-0.03
2019-01-04,2021,-0.05
2019-01-07,2021,-0.03
2019-01-08,2021,-0.03
2019-01-09,2021,-0.03
2019-01-10,2021,-0.03
2019-01-11,2021,-0.03
2019-01-14,2021,-0.03
2019-01-15,2021,-0.03
2019-01-16,2021,-0.03
2019-01-17,2021,-0.03
2019-01-18,2021,-0.06
2019-01-21,2021,-0.05
2019-01-22,2021,-0.03
2019-01-23,2021,-0.03
2019-01-24,2021,-0.03
2019-01-25,2021,-0.03
2019-01-28,2021,-0.02
2019-01-29,2021,-0.02
2019-01-30,2021,-0.02
2019-01-31,2021,-0.02
2019-02-01,2021,-0.02
2019-02-04,2021,-0.02
2019-02-05,2021,-0.02
2019-02-06,2021,-0.02
2019-02-07,2021,-0.02
2019-02-08,2021,0.0
2019-02-11,2021,0.0
2019-02-12,2021,0.0
2019-02-13,2021,0.0
2019-02-14,2021,-0.01
2019-02-15,2021,-0.01
2019-02-18,2021,0.0
2019-02-19,2021,0.0
2019-02-20,2021,0.0
2019-02-21,2021,-0.01
2019-02-22,2021,-0.01
2019-02-25,2021,-0.01
2019-02-26,2021,-0.01
2019-02-27,2021,-0.01
2019-02-28,2021,-0.01
2019-03-01,2021,-0.01
2019-03-06,2021,-0.01
2019-03-07,2021,-0.1
2019-03-08,2021,-0.15
2019-03-11,2021,-0.1
2019-03-12,2021,-0.1
2019-03-13,2021,-0.1
2019-03-14,2021,-0.15
2019-03-15,2021,-0.1
2019-03-18,2021,-0.05
2019-03-19,2021,-0.05
2019-03-20,2021,0.0
2019-03-21,2021,0.0
2019-03-22,2021,0.0
2019-03-25,2021,-0.05
2019-03-26,2021,-0.05
2019-03-27,2021,-0.15
2019-03-28,2021,-0.2
2019-03-29,2021,-0.2
2019-04-01,2021,-0.2
2019-04-02,2021,-0.2
2019-04-03,2021,-0.2
2019-04-04,2021,-0.2
2019-04-05,2021,-0.2
2019-04-08,2021,-0.18
2019-04-09,2021,-0.18
2019-04-10,2021,-0.18
2019-04-11,2021,-0.25
2019-04-12,2021,-0.25
2019-04-15,2021,-0.28
2019-04-16,2021,-0.3
2019-04-17,2021,-0.3
2019-04-18,2021,-0.3
2019-04-22,2021,-0.25
2019-04-23,2021,-0.25
2019-04-24,2021,-0.25
2019-04-25,2021,-0.25
2019-04-26,2021,-0.18
2019-04-29,2021,-0.1
2019-04-30,2021,-0.1
2019-05-02,2021,-0.1
2019-05-03,2021,-0.1
2019-05-06,2021,-0.18
2019-05-07,2021,-0.1
2019-05-08,2021,-0.1
2019-05-09,2021,-0.18
2019-05-10,2021,-0.18
2019-05-13,2021,-0.1
2019-05-14,2021,-0.1
2019-05-15,2021,-0.1
2019-05-16,2021,-0.18
2019-05-17,2021,-0.28
2019-05-20,2021,-0.28
2019-05-21,2021,-0.28
2019-05-22,2021,-0.28
2019-05-23,2021,-0.28
2019-05-24,2021,-0.28
2019-05-27,2021,-0.28
2019-05-28,2021,-0.28
2019-05-29,2021,-0.28
2019-05-30,2021,-0.28
2019-05-31,2021,-0.28
2019-06-03,2021,-0.3
2019-06-04,2021,-0.28
2019-06-05,2021,-0.28
2019-06-06,2021,-0.28
2019-06-07,2021,-0.28
2019-06-10,2021,-0.28
2019-06-11,2021,-0.28
2019-06-12,2021,-0.3
2019-06-13,2021,-0.3
2019-06-14,2021,-0.3
2019-06-17,2021,-0.5
2019-06-18,2021,-0.5
2019-06-19,2021,-0.5
2019-06-21,2021,-0.41
2019-06-24,2021,-0.41
2019-06-25,2021,-0.41
2019-06-26,2021,-0.41
2019-06-27,2021,-0.41
2019-06-28,2021,-0.32
2019-07-01,2021,-0.32
2019-07-02,2021,-0.32
2019-07-03,2021,-0.32
2019-07-04,2021,-0.32
2019-07-05,2021,-0.41
2019-07-08,2021,-0.32
2019-07-09,2021,-0.32
2019-07-10,2021,-0.32
2019-07-11,2021,-0.32
2019-07-12,2021,-0.32
2019-07-15,2021,-0.32
2019-07-16,2021,-0.31
2019-07-17,2021,-0.31
2019-07-18,2021,-0.3
2019-07-19,2021,-0.3
2019-07-22,2021,-0.3
2019-07-23,2021,-0.3
2019-07-24,2021,-0.3
2019-07-25,2021,-0.4
2019-07-26,2021,-0.4
2019-07-29,2021,-0.5
2019-07-30,2021,-0.5
2019-07-31,2021,-0.5
2019-08-01,2021,-0.5
2019-08-02,2021,-0.5
2019-08-05,2021,-0.5
2019-08-06,2021,-0.4
2019-08-07,2021,-0.4
2019-08-08,2021,-0.4
2019-08-09,2021,-0.4
2019-08-12,2021,-0.4
2019-08-13,2021,-0.4
2019-08-14,2021,-0.4
2019-08-15,2021,-0.4
2019-08-16,2021,-0.4
2019-08-19,2021,-0.4
2019-08-20,2021,-0.4
2019-08-21,2021,-0.4
2019-08-22,2021,-0.4
2019-08-23,2021,-0.4
2019-08-26,2021,-0.4
2019-08-27,2021,-0.4
2019-08-28,2021,-0.4
2019-08-29,2021,-0.4
2019-08-30,2021,-0.45
2019-09-02,2021,-0.45
2019-09-03,2021,-0.45
2019-09-04,2021,-0.45
2019-09-05,2021,-0.45
2019-09-06,2021,-0.5
2019-09-09,2021,-0.5
2019-09-10,2021,-0.5
2019-09-11,2021,-0.5
2019-09-12,2021,-0.5
2019-09-13,2021,-0.5
2019-09-16,2021,-0.5
2019-09-17,2021,-0.5
2019-09-18,2021,-0.5
2019-09-19,2021,-0.5
2019-09-20,2021,-0.5
2019-09-23,2021,-0.5
2019-09-24,2021,-0.5
2019-09-25,2021,-0.5
2019-09-26,2021,-0.6
2019-09-27,2021,-0.6
2019-09-30,2021,-0.6
2019-10-01,2021,-0.6
2019-10-02,2021,-0.6
2019-10-03,2021,-0.6
2019-10-04,2021,-0.6
2019-10-07,2021,-0.6
2019-10-08,2021,-0.6
2019-10-09,2021,-0.6
2019-10-10,2021,-0.6
2019-10-11,2021,-0.6
2019-10-14,2021,-0.6
2019-10-15,2021,-0.6
2019-10-16,2021,-0.6
2019-10-17,2021,-0.6
2019-10-18,2021,-0.6
2019-10-21,2021,-0.5
2019-10-22,2021,-0.55
2019-10-23,2021,-0.55
2019-10-24,2021,-0.5
2019-10-25,2021,-0.55
2019-10-28,2021,-0.55
2019-10-29,2021,-0.55
2019-10-30,2021,-0.55
2019-10-31,2021,-0.5
2019-11-01,2021,-0.5
2019-11-04,2021,-0.5
2019-11-05,2021,-0.5
2019-11-06,2021,-0.5
2019-11-07,2021,-0.5
2019-11-08,2021,-0.5
2019-11-11,2021,-0.5
2019-11-12,2021,-0.5
2019-11-13,2021,-0.5
2019-11-14,2021,-0.5
2019-11-18,2021,-0.5
2019-11-19,2021,-0.5
2019-11-20,2021,-0.5
2019-11-21,2021,-0.5
2019-11-22,2021,-0.55
2019-11-25,2021,-0.55
2019-11-26,2021,-0.55
2019-11-27,2021,-0.6
2019-11-28,2021,-0.6
2019-11-29,2021,-0.6
2019-12-02,2021,-0.6
2019-12-03,2021,-0.6
2019-12-04,2021,-0.6
2019-12-05,2021,-0.6
2019-12-06,2021,-0.6
2019-12-09,2021,-0.6
2019-12-10,2021,-0.6
2019-12-11,2021,-0.6
2019-12-12,2021,-0.6
2019-12-13,2021,-0.6
2019-12-16,2021,-0.6
2019-12-17,2021,-0.6
2019-12-18,2021,-0.6
2019-12-19,2021,-0.56
2019-12-20,2021,-0.6
2019-12-23,2021,-0.53
2019-12-24,2021,-0.53
2019-12-26,2021,-0.53
2019-12-27,2021,-0.53
2019-12-30,2021,-0.53
2019-12-31,2021,-0.53
2020-01-02,2021,-0.51
2020-01-03,2021,-0.51
2020-01-06,2021,-0.5
2020-01-07,2021,-0.51
2020-01-08,2021,-0.51
2020-01-09,2021,-0.5
2020-01-10,2021,-0.5
2020-01-13,2021,-0.51
2020-01-14,2021,-0.51
2020-01-15,2021,-0.51
2020-01-16,2021,-0.5
2020-01-17,2021,-0.5
2020-01-20,2021,-0.5
2020-01-21,2021,-0.5
2020-01-22,2021,-0.5
2020-01-23,2021,-0.5
2020-01-24,2021,-0.51
2020-01-27,2021,-0.51
2020-01-28,2021,-0.51
2020-01-29,2021,-0.51
2020-01-30,2021,-0.51
2020-01-31,2021,-0.5
2020-02-03,2021,-0.5
2020-02-04,2021,-0.5
2020-02-05,2021,-0.51
2020-02-06,2021,-0.51
2020-02-07,2021,-0.51
2020-02-10,2021,-0.51
2020-02-11,2021,-0.51
2020-02-12,2021,-0.51
2020-02-13,2021,-0.5
2020-02-14,2021,-0.5
2020-02-17,2021,-0.51
2020-02-18,2021,-0.53
2020-02-19,2021,-0.53
2020-02-20,2021,-0.53
2020-02-21,2021,-0.53
2020-02-26,2021,-0.5
2020-02-27,2021,-0.5
2020-02-28,2021,-0.5
2020-03-02,2021,-0.51
2020-03-03,2021,-0.5
2020-03-04,2021,-0.5
2020-03-05,2021,-0.5
2020-03-06,2021,-0.51
2020-03-09,2021,-0.51
2020-03-10,2021,-0.51
2020-03-11,2021,-0.51
2020-03-12,2021,-0.51
2020-03-13,2021,-0.56
2020-03-16,2021,-0.6
2020-03-17,2021,-0.6
2020-03-18,2021,-0.6
2020-03-19,2021,-0.56
2020-03-20,2021,-0.53
2020-03-23,2021,-0.56
2020-03-24,2021,-0.56
2020-03-25,2021,-0.56
2020-03-26,2021,-0.6
2020-03-27,2021,-0.6
2020-03-30,2021,-0.79
2020-03-31,2021,-0.79
2020-04-01,2021,-0.79
2020-04-02,2021,-0.8
2020-04-03,2021,-0.8
2020-04-06,2021,-0.95
2020-04-07,2021,-1.0
2020-04-08,2021,-1.0
2020-04-09,2021,-1.0
2020-04-13,2021,-1.12
2020-04-14,2021,-1.2
2020-04-15,2021,-1.3
2020-04-16,2021,-1.3
2020-04-17,2021,-1.5
2020-04-20,2021,-1.5
2020-04-22,2021,-1.5
2020-04-23,2021,-1.55
2020-04-24,2021,-1.6
2020-04-27,2021,-1.6
2020-04-28,2021,-1.6
2020-04-29,2021,-1.6
2020-04-30,2021,-1.9
2020-05-04,2021,-1.9
2020-05-05,2021,-2.0
2020-05-06,2021,-2.0
2020-05-07,2021,-2.0
2020-05-08,2021,-2.0
2020-05-11,2021,-2.0
2020-05-12,2021,-2.0
2020-05-13,2021,-1.9
2020-05-14,2021,-1.9
2020-05-15,2021,-2.01
2020-05-18,2021,-2.0
2020-05-19,2021,-2.0
2020-05-20,2021,-2.0
2020-05-21,2021,-2.01
2020-05-22,2021,-2.06
2020-05-25,2021,-2.06
2020-05-26,2021,-2.06
2020-05-27,2021,-2.06
2020-05-28,2021,-2.06
2020-05-29,2021,-2.06
2020-06-01,2021,-2.01
2020-06-02,2021,-2.01
2020-06-03,2021,-2.01
2020-06-04,2021,-2.01
2020-06-05,2021,-2.15
2020-06-08,2021,-2.15
2020-06-09,2021,-2.1
2020-06-10,2021,-2.1
2020-06-12,2021,-2.23
2020-06-15,2021,-2.27
2020-06-16,2021,-2.27
2020-06-17,2021,-2.27
2020-06-18,2021,-2.27
2020-06-19,2021,-2.3
2020-06-22,2021,-2.32
2020-06-23,2021,-2.32
2020-06-24,2021,-2.32
2020-06-25,2021,-2.32
2020-06-26,2021,-2.32
2020-06-29,2021,-2.3
2020-06-30,2021,-2.3
2020-07-01,2021,-2.45
2020-07-02,2021,-2.45
2020-07-03,2021,-2.55
2020-07-06,2021,-3.0
2020-07-07,2021,-3.0
2020-07-08,2021,-2.8
2020-07-09,2021,-2.8
2020-07-10,2021,-3.0
2020-07-13,2021,-3.0
2020-07-14,2021,-3.0
2020-07-15,2021,-3.0
2020-07-16,2021,-3.0
2020-07-17,2021,-3.0
2020-07-20,2021,-2.9
2020-07-21,2021,-2.9
2020-07-22,2021,-2.9
2020-07-23,2021,-2.9
2020-07-24,2021,-2.9
2020-07-27,2021,-2.87
2020-07-28,2021,-2.87
2020-07-29,2021,-2.87
2020-07-30,2021,-2.87
2020-07-31,2021,-2.84
2020-08-03,2021,-2.87
2020-08-04,2021,-2.87
2020-08-05,2021,-2.87
2020-08-06,2021,-2.84
2020-08-07,2021,-2.84
2020-08-10,2021,-2.84
2020-08-11,2021,-2.84
2020-08-12,2021,-2.8
2020-08-13,2021,-2.8
2020-08-14,2021,-2.8
2020-08-17,2021,-2.77
2020-08-18,2021,-2.67
2020-08-19,2021,-2.67
2020-08-20,2021,-2.67
2020-08-21,2021,-2.67
2020-08-24,2021,-2.5
2020-08-25,2021,-2.5
2020-08-26,2021,-2.5
2020-08-27,2021,-2.5
2020-08-28,2021,-2.62
2020-08-31,2021,-2.5
2020-09-01,2021,-2.5
2020-09-02,2021,-2.5
2020-09-03,2021,-2.5
2020-09-04,2021,-2.6
2020-09-08,2021,-2.7
2020-09-09,2021,-2.7
2020-09-10,2021,-2.7
2020-09-11,2021,-2.8
2020-09-14,2021,-2.8
2020-09-15,2021,-2.8
2020-09-16,2021,-2.8
2020-09-17,2021,-2.8
2020-09-18,2021,-2.8
2020-09-21,2021,-2.8
2020-09-22,2021,-2.8
2020-09-23,2021,-2.8
2020-09-24,2021,-2.8
2020-09-25,2021,-2.84
2020-09-28,2021,-2.8
2020-09-29,2021,-2.8
2020-09-30,2021,-2.8
2020-10-01,2021,-2.8
2020-10-02,2021,-3.0
2020-10-05,2021,-3.0
2020-10-06,2021,-3.0
2020-10-07,2021,-2.94
2020-10-08,2021,-2.94
2020-10-09,2021,-3.0
2020-10-13,2021,-3.0
2020-10-14,2021,-3.0
2020-10-15,2021,-3.0
2020-10-16,2021,-3.0
2020-10-19,2021,-3.1
2020-10-20,2021,-3.1
2020-10-21,2021,-3.1
2020-10-22,2021,-3.1
2020-10-23,2021,-3.1
2020-10-26,2021,-3.05
2020-10-27,2021,-3.05
2020-10-28,2021,-3.05
2020-10-29,2021,-3.05
2020-10-30,2021,-3.0
2020-11-03,2021,-3.0
2020-11-04,2021,-3.0
2020-11-05,2021,-3.0
2020-11-06,2021,-3.0
2020-11-09,2021,-3.0
2020-11-10,2021,-3.0
2020-11-11,2021,-3.0
2020-11-12,2021,-3.0
2020-11-13,2021,-3.0
2020-11-16,2021,-3.0
2020-11-17,2021,-3.0
2020-11-18,2021,-3.0
2020-11-19,2021,-3.0
2020-11-20,2021,-3.0
2020-11-23,2021,-2.95
2020-11-24,2021,-2.95
2020-11-25,2021,-3.0
2020-11-26,2021,-3.0
2020-11-27,2021,-2.9
2020-11-30,2021,-2.9
2020-12-01,2021,-2.9
2020-12-02,2021,-2.9
2020-12-03,2021,-2.9
2020-12-04,2021,-2.9
2020-12-07,2021,-2.9
2020-12-08,2021,-2.9
2020-12-09,2021,-2.9
2020-12-10,2021,-2.9
2020-12-11,2021,-2.9
2020-12-14,2021,-2.95
2020-12-15,2021,-2.95
2020-12-16,2021,-2.95
2020-12-17,2021,-2.95
2020-12-18,2021,-3.0
2020-12-21,2021,-3.0
2020-12-22,2021,-3.0
2020-12-23,2021,-3.0
2020-12-24,2021,-3.0
2020-12-28,2021,-3.0
2020-12-29,2021,-3.0
2020-12-30,2021,-3.0
2020-12-31,2021,-3.0
2021-01-04,2021,-2.95
2021-01-05,2021,-3.0
2021-01-06,2021,-3.0
2021-01-07,2021,-3.0
2021-01-08,2021,-3.0
2021-01-11,2021,-3.0
2021-01-12,2021,-3.0
2021-01-13,2021,-2.9
2021-01-14,2021,-2.9
2021-01-15,2021,-2.8
2021-01-18,2021,-2.8
2021-01-19,2021,-2.83
2021-01-20,2021,-2.86
2021-01-21,2021,-2.83
2021-01-22,2021,-2.8
2021-01-25,2021,-2.8
2021-01-26,2021,-2.8
2021-01-27,2021,-2.8
2021-01-28,2021,-2.8
2021-01-29,2021,-2.75
2021-02-01,2021,-2.75
2021-02-02,2021,-2.7
2021-02-03,2021,-2.7
2021-02-04,2021,-2.7
2021-02-05,2021,-2.7
2021-02-08,2021,-2.7
2021-02-09,2021,-2.7
2021-02-10,2021,-2.7
2021-02-11,2021,-2.7
2021-02-12,2021,-2.7
2021-02-17,2021,-2.7
2021-02-18,2021,-2.75
2021-02-19,2021,-2.8
2021-02-22,2021,-2.7
2021-02-23,2021,-2.7
2021-02-24,2021,-2.7
2021-02-25,2021,-2.75
2021-02-26,2021,-2.8
2021-03-01,2021,-2.8
2021-03-02,2021,-2.8
2021-03-03,2021,-2.8
2021-03-04,2021,-2.8
2021-03-05,2021,-2.8
2021-03-08,2021,-2.8
2021-03-09,2021,-2.8
2021-03-10,2021,-2.8
2021-03-11,2021,-2.8
2021-03-12,2021,-2.9
2021-03-15,2021,-2.9
2021-03-16,2021,-2.9
2021-03-17,2021,-2.95
2021-03-18,2021,-2.95
2021-03-19,2021,-3.0
2021-03-22,2021,-3.0
2021-03-23,2021,-3.0
2021-03-24,2021,-3.0
2021-03-25,2021,-3.0
2021-03-26,2021,-3.1
2021-03-29,2021,-3.05
2021-03-30,2021,-3.05
2021-03-31,2021,-3.0
2021-04-01,2021,-3.05
2021-04-05,2021,-3.05
2021-04-06,2021,-3.0484
2021-04-07,2021,-3.0484
2021-04-08,2021,-3.0484
2021-04-09,2021,-3.0484
2021-04-12,2021,-3.05
2021-04-13,2021,-3.05
2021-04-14,2021,-3.05
2021-04-15,2021,-3.1
2021-04-16,2021,-3.05
2021-04-19,2021,-3.1
2021-04-20,2021,-3.1
2021-04-22,2021,-3.1
2021-04-23,2021,-3.1
2021-04-26,2021,-3.1
2021-04-27,2021,-3.1
2021-04-28,2021,-3.1
2021-04-29,2021,-3.1
2021-04-30,2021,-3.1
2021-05-03,2021,-3.1
2021-05-04,2021,-3.1
2021-05-05,2021,-3.1
2021-05-06,2021,-3.1
2021-05-07,2021,-3.1
2021-05-10,2021,-3.1
2021-05-11,2021,-3.1
2021-05-12,2021,-3.1
2021-05-13,2021,-3.3
2021-05-14,2021,-3.1
2021-05-17,2021,-3.1
2021-05-18,2021,-3.1
2021-05-19,2021,-3.0
2021-05-20,2021,-3.05
2021-05-21,2021,-3.0
2021-05-24,2021,-3.05
2021-05-25,2021,-3.05
2021-05-26,2021,-3.0
2021-05-27,2021,-3.0
2021-05-28,2021,-3.0
2021-05-31,2021,-2.95
2021-06-01,2021,-2.95
2021-06-02,2021,-2.95
2021-06-04,2021,-2.85
2021-06-07,2021,-2.8
2021-06-08,2021,-2.7573
2021-06-09,2021,-2.7
2021-06-10,2021,-2.7
2021-06-11,2021,-2.5207
2021-06-14,2021,-2.5104
2021-06-15,2021,-2.5104
2021-06-16,2021,-2.5207
2021-06-17,2021,-2.5207
2021-06-18,2021,-2.5207
2021-06-21,2021,-2.5
2021-06-22,2021,-2.5
2021-06-23,2021,-2.5
2021-06-24,2021,-2.5
2021-06-25,2021,-2.5
2021-06-28,2021,-2.5
2021-06-29,2021,-2.5
2021-06-30,2021,-2.445
2021-07-01,2021,-2.39
2021-07-02,2021,-2.39
2021-07-05,2021,-2.4
2021-07-06,2021,-2.395
2021-07-07,2021,-2.39
2021-07-08,2021,-2.3
2021-07-09,2021,-2.3
2021-07-12,2021,-2.1
2021-07-13,2021,-2.1
2021-07-14,2021,-2.1
2021-07-15,2021,-2.1
2021-07-16,2021,-2.05
2021-07-19,2021,-2.0
2021-07-20,2021,-2.0
2021-07-21,2021,-2.05
2021-07-22,2021,-2.0
2021-07-23,2021,-2.0
2021-07-26,2021,-2.0
2021-07-27,2021,-2.0
2021-07-28,2021,-2.0
2021-07-29,2021,-2.0
2021-07-30,2021,-1.95
2021-08-02,2021,-1.8995
2021-08-03,2021,-1.8995
2021-08-04,2021,-1.8995
2021-08-05,2021,-1.899
2021-08-06,2021,-1.8995
2021-08-09,2021,-1.9
2021-08-10,2021,-1.9
2021-08-11,2021,-1.9
2021-08-12,2021,-1.8
2021-08-13,2021,-1.8
2021-08-16,2021,-1.8
2021-08-17,2021,-1.8
2021-08-18,2021,-1.7948
2021-08-19,2021,-1.7948
2021-08-20,2021,-1.7448
2021-08-23,2021,-1.7448
2021-08-24,2021,-1.7
2021-08-25,2021,-1.7
2021-08-26,2021,-1.7448
2021-08-27,2021,-1.7448
2021-08-30,2021,-1.5663
2021-08-31,2021,-1.5663
2021-09-01,2021,-1.5663
2021-09-02,2021,-1.5663
2021-09-03,2021,-1.5663
2021-09-06,2021,-1.6
2021-09-08,2021,-1.6
2021-09-09,2021,-1.6
2021-09-10,2021,-1.5325
2021-09-13,2021,-1.5663
2021-09-14,2021,-1.5663
2021-09-15,2021,-1.5663
2021-09-16,2021,-1.5663
2021-09-17,2021,-1.5
2021-09-20,2021,-1.5
2021-09-21,2021,-1.5
2021-09-22,2021,-1.5
2021-09-23,2021,-1.5
2021-09-24,2021,-1.5
2021-09-27,2021,-1.5
2021-09-28,2021,-1.5
2021-09-29,2021,-1.5
2021-09-30,2021,-1.5
2021-10-01,2021,-1.5
2021-10-04,2021,-1.4
2021-10-05,2021,-1.4
2021-10-06,2021,-1.4
2021-10-07,2021,-1.4
2021-10-08,2021,-1.4
2021-10-11,2021,-1.4
2021-10-13,2021,-1.4
2021-10-14,2021,-1.4
2021-10-15,2021,-1.4
2021-10-18,2021,-1.2
2021-10-19,2021,-1.2
2021-10-20,2021,-1.2
2021-10-21,2021,-1.2
2021-10-22,2021,-1.2
2021-10-25,2021,-1.25
2021-10-26,2021,-1.25
2021-10-27,2021,-1.25
2021-10-28,2021,-1.3
2021-10-29,2021,-1.2
2021-11-01,2021,-1.2
2021-11-03,2021,-1.2
2021-11-04,2021,-1.2
2021-11-05,2021,-1.0
2021-11-08,2021,-1.0
2021-11-09,2021,-1.0
2021-11-10,2021,-1.0
2021-11-11,2021,-1.0
2021-11-12,2021,-0.95
2021-11-16,2021,-0.8
2021-11-17,2021,-0.8
2021-11-18,2021,-0.7555
2021-11-19,2021,-0.7
2021-11-22,2021,-0.7278
2021-11-23,2021,-0.7278
2021-11-24,2021,-0.7
2021-11-25,2021,-0.7
2021-11-26,2021,-0.7
2021-11-29,2021,-0.6866
2021-11-30,2021,-0.6866
2021-12-01,2021,-0.6866
2021-12-02,2021,-0.6
2021-12-03,2021,-0.6
2021-12-06,2021,-0.6
2021-12-07,2021,-0.6
2021-12-08,2021,-0.6
2021-12-09,2021,-0.6
2021-12-10,2021,-0.6
2021-12-13,2021,-0.6
2021-12-14,2021,-0.6
2021-12-15,2021,-0.6
2021-12-16,2021,-0.6
2021-12-17,2021,-0.6
2021-12-20,2021,-0.6
2021-12-21,2021,-0.6
2021-12-22,2021,-0.6
2021-12-23,2021,-0.6
2021-12-24,2021,-0.6
2021-12-27,2021,-0.55
2021-12-28,2021,-0.55
2021-12-29,2021,-0.55
2021-12-30,2021,-0.1278
2021-12-31,2021,-0.1278
2022-01-03,2021,-0.1
2022-01-04,2021,-0.1
2022-01-05,2021,-0.1
2022-01-06,2021,-0.1
2022-01-07,2021,-0.05
2022-01-10,2021,-0.05
2022-01-11,2021,-0.05
2022-01-12,2021,-0.05
2022-01-13,2021,-0.05
2022-01-14,2021,-0.025
2022-01-17,2021,0.0429
2022-01-18,2021,0.0429
2022-01-19,2021,0.0429
2022-01-20,2021,0.0429
2022-01-21,2021,0.1
2022-01-24,2021,0.1
2022-01-25,2021,0.1
2022-01-26,2021,0.1
2022-01-27,2021,0.1
2022-01-28,2021,0.1
2018-01-22,2022,0.0
2018-01-23,2022,0.03
2018-01-24,2022,0.03
2018-01-25,2022,0.03
2018-01-26,2022,0.03
2018-01-29,2022,0.08
2018-01-30,2022,0.08
2018-01-31,2022,0.08
2018-02-01,2022,0.08
2018-02-02,2022,0.05
2018-02-05,2022,0.05
2018-02-06,2022,0.05
2018-02-07,2022,0.05
2018-02-08,2022,0.0
2018-02-09,2022,0.0
2018-02-14,2022,0.0
2018-02-15,2022,0.0
2018-02-16,2022,0.0
2018-02-19,2022,0.0
2018-02-20,2022,0.0
2018-02-21,2022,0.0
2018-02-22,2022,0.0
2018-02-23,2022,0.0
2018-02-26,2022,0.0
2018-02-27,2022,0.0
2018-02-28,2022,0.0
2018-03-01,2022,0.0
2018-03-02,2022,0.0
2018-03-05,2022,0.0
2018-03-06,2022,0.0
2018-03-07,2022,0.0
2018-03-08,2022,0.0
2018-03-09,2022,0.0
2018-03-12,2022,0.03
2018-03-13,2022,0.03
2018-03-14,2022,0.05
2018-03-15,2022,0.05
2018-03-16,2022,0.05
2018-03-19,2022,0.1
2018-03-20,2022,0.0
2018-03-21,2022,0.0
2018-03-22,2022,0.0
2018-03-23,2022,0.0
2018-03-26,2022,0.25
2018-03-27,2022,0.25
2018-03-28,2022,0.19
2018-03-29,2022,0.19
2018-04-02,2022,0.35
2018-04-03,2022,0.35
2018-04-04,2022,0.35
2018-04-05,2022,0.35
2018-04-06,2022,0.35
2018-04-09,2022,0.1
2018-04-10,2022,0.1
2018-04-11,2022,0.1
2018-04-12,2022,0.1
2018-04-13,2022,0.1
2018-04-16,2022,0.0
2018-04-17,2022,0.0
2018-04-18,2022,0.0
2018-04-19,2022,0.1
2018-04-20,2022,0.1
2018-04-23,2022,0.1
2018-04-24,2022,0.1
2018-04-25,2022,0.1
2018-04-26,2022,0.1
2018-04-27,2022,0.1
2018-04-30,2022,0.0
2018-05-02,2022,0.0
2018-05-03,2022,0.0
2018-05-04,2022,0.0
2018-05-07,2022,0.0
2018-05-08,2022,0.0
2018-05-09,2022,0.0
2018-05-10,2022,0.0
2018-05-11,2022,0.0
2018-05-14,2022,0.0
2018-05-15,2022,0.0
2018-05-16,2022,0.0
2018-05-17,2022,0.0
2018-05-18,2022,0.0
2018-05-21,2022,0.0
2018-05-22,2022,0.0
2018-05-23,2022,0.0
2018-05-24,2022,0.0
2018-05-25,2022,0.0
2018-05-28,2022,0.0
2018-05-29,2022,0.0
2018-05-30,2022,0.0
2018-06-01,2022,0.0
2018-06-04,2022,0.0
2018-06-05,2022,0.0
2018-06-06,2022,0.0
2018-06-07,2022,0.0
2018-06-08,2022,0.0
2018-06-11,2022,0.0
2018-06-12,2022,0.0
2018-06-13,2022,0.0
2018-06-14,2022,0.0
2018-06-15,2022,0.0
2018-06-18,2022,0.0
2018-06-19,2022,0.0
2018-06-20,2022,0.0
2018-06-21,2022,0.0
2018-06-22,2022,0.0
2018-06-25,2022,0.0
2018-06-26,2022,0.0
2018-06-27,2022,0.0
2018-06-28,2022,0.0
2018-06-29,2022,0.0
2018-07-02,2022,0.0
2018-07-03,2022,0.0
2018-07-04,2022,0.0
2018-07-05,2022,0.0
2018-07-06,2022,0.0
2018-07-09,2022,0.0
2018-07-10,2022,0.0
2018-07-11,2022,0.0
2018-07-12,2022,0.0
2018-07-13,2022,0.0
2018-07-16,2022,0.0
2018-07-17,2022,0.0
2018-07-18,2022,0.0
2018-07-19,2022,0.0
2018-07-20,2022,0.0
2018-07-23,2022,0.0
2018-07-24,2022,0.0
2018-07-25,2022,0.0
2018-07-26,2022,0.0
2018-07-27,2022,0.0
2018-07-30,2022,0.0
2018-07-31,2022,0.0
2018-08-01,2022,0.0
2018-08-02,2022,0.0
2018-08-03,2022,0.0
2018-08-06,2022,0.0
2018-08-07,2022,0.0
2018-08-08,2022,0.0
2018-08-09,2022,0.0
2018-08-10,2022,0.0
2018-08-13,2022,0.0
2018-08-14,2022,0.0
2018-08-15,2022,0.0
2018-08-16,2022,0.0
2018-08-17,2022,0.0
2018-08-20,2022,0.0
2018-08-21,2022,0.0
2018-08-22,2022,0.0
2018-08-23,2022,0.0
2018-08-24,2022,0.0
2018-08-27,2022,0.0
2018-08-28,2022,0.0
2018-08-29,2022,0.0
2018-08-30,2022,0.0
2018-08-31,2022,0.0
2018-09-03,2022,0.0
2018-09-04,2022,0.0
2018-09-05,2022,0.0
2018-09-06,2022,0.0
2018-09-10,2022,0.0
2018-09-11,2022,0.0
2018-09-12,2022,0.0
2018-09-13,2022,0.0
2018-09-14,2022,0.1
2018-09-17,2022,0.19
2018-09-18,2022,0.19
2018-09-19,2022,0.19
2018-09-20,2022,0.19
2018-09-21,2022,0.15
2018-09-24,2022,0.1
2018-09-25,2022,0.1
2018-09-26,2022,0.1
2018-09-27,2022,0.1
2018-09-28,2022,0.15
2018-10-01,2022,0.15
2018-10-02,2022,0.15
2018-10-03,2022,0.15
2018-10-04,2022,0.15
2018-10-05,2022,0.15
2018-10-08,2022,0.17
2018-10-09,2022,0.17
2018-10-10,2022,0.17
2018-10-11,2022,0.17
2018-10-15,2022,0.17
2018-10-16,2022,0.17
2018-10-17,2022,0.17
2018-10-18,2022,0.15
2018-10-19,2022,0.0
2018-10-22,2022,0.0
2018-10-23,2022,0.0
2018-10-24,2022,0.0
2018-10-25,2022,0.0
2018-10-26,2022,0.0
2018-10-29,2022,0.0
2018-10-30,2022,0.0
2018-10-31,2022,0.0
2018-11-01,2022,0.0
2018-11-05,2022,0.1
2018-11-06,2022,0.1
2018-11-07,2022,0.1
2018-11-08,2022,0.0
2018-11-09,2022,0.0
2018-11-12,2022,0.19
2018-11-13,2022,0.19
2018-11-14,2022,0.1
2018-11-16,2022,0.1
2018-11-19,2022,0.1
2018-11-20,2022,0.1
2018-11-21,2022,0.15
2018-11-22,2022,0.19
2018-11-23,2022,0.19
2018-11-26,2022,0.19
2018-11-27,2022,0.19
2018-11-28,2022,0.19
2018-11-29,2022,0.19
2018-11-30,2022,0.15
2018-12-03,2022,0.15
2018-12-04,2022,0.15
2018-12-05,2022,0.15
2018-12-06,2022,0.15
2018-12-07,2022,0.15
2018-12-10,2022,0.2
2018-12-11,2022,0.2
2018-12-12,2022,0.2
2018-12-13,2022,0.2
2018-12-14,2022,0.2
2018-12-17,2022,0.2
2018-12-18,2022,0.19
2018-12-19,2022,0.19
2018-12-20,2022,0.19
2018-12-21,2022,0.2
2018-12-24,2022,0.15
2018-12-26,2022,0.15
2018-12-27,2022,0.15
2018-12-28,2022,0.15
2018-12-31,2022,0.15
2019-01-02,2022,0.15
2019-01-03,2022,0.15
2019-01-04,2022,0.15
2019-01-07,2022,0.15
2019-01-08,2022,0.15
2019-01-09,2022,0.15
2019-01-10,2022,0.15
2019-01-11,2022,0.19
2019-01-14,2022,0.19
2019-01-15,2022,0.19
2019-01-16,2022,0.19
2019-01-17,2022,0.19
2019-01-18,2022,0.15
2019-01-21,2022,0.15
2019-01-22,2022,0.15
2019-01-23,2022,0.15
2019-01-24,2022,0.15
2019-01-25,2022,0.15
2019-01-28,2022,0.19
2019-01-29,2022,0.19
2019-01-30,2022,0.19
2019-01-31,2022,0.19
2019-02-01,2022,0.2
2019-02-04,2022,0.2
2019-02-05,2022,0.2
2019-02-06,2022,0.2
2019-02-07,2022,0.2
2019-02-08,2022,0.2
2019-02-11,2022,0.2
2019-02-12,2022,0.2
2019-02-13,2022,0.2
2019-02-14,2022,0.2
2019-02-15,2022,0.2
2019-02-18,2022,0.2
2019-02-19,2022,0.2
2019-02-20,2022,0.2
2019-02-21,2022,0.2
2019-02-22,2022,0.2
2019-02-25,2022,0.2
2019-02-26,2022,0.2
2019-02-27,2022,0.2
2019-02-28,2022,0.2
2019-03-01,2022,0.2
2019-03-06,2022,0.2
2019-03-07,2022,0.19
2019-03-08,2022,0.2
2019-03-11,2022,0.2
2019-03-12,2022,0.2
2019-03-13,2022,0.2
2019-03-14,2022,0.2
2019-03-15,2022,0.2
2019-03-18,2022,0.25
2019-03-19,2022,0.25
2019-03-20,2022,0.4
2019-03-21,2022,0.4
2019-03-22,2022,0.4
2019-03-25,2022,0.45
2019-03-26,2022,0.45
2019-03-27,2022,0.35
2019-03-28,2022,0.3
2019-03-29,2022,0.3
2019-04-01,2022,0.3
2019-04-02,2022,0.3
2019-04-03,2022,0.3
2019-04-04,2022,0.3
2019-04-05,2022,0.3
2019-04-08,2022,0.35
2019-04-09,2022,0.35
2019-04-10,2022,0.35
2019-04-11,2022,0.3
2019-04-12,2022,0.3
2019-04-15,2022,0.25
2019-04-16,2022,0.25
2019-04-17,2022,0.25
2019-04-18,2022,0.2
2019-04-22,2022,0.2
2019-04-23,2022,0.2
2019-04-24,2022,0.2
2019-04-25,2022,0.2
2019-04-26,2022,0.2
2019-04-29,2022,0.2
2019-04-30,2022,0.2
2019-05-02,2022,0.2
2019-05-03,2022,0.2
2019-05-06,2022,0.2
2019-05-07,2022,0.2
2019-05-08,2022,0.2
2019-05-09,2022,0.2
2019-05-10,2022,0.2
2019-05-13,2022,0.2
2019-05-14,2022,0.2
2019-05-15,2022,0.2
2019-05-16,2022,0.2
2019-05-17,2022,0.2
2019-05-20,2022,0.2
2019-05-21,2022,0.2
2019-05-22,2022,0.2
2019-05-23,2022,0.2
2019-05-24,2022,0.2
2019-05-27,2022,0.2
2019-05-28,2022,0.2
2019-05-29,2022,0.2
2019-05-30,2022,0.2
2019-05-31,2022,0.2
2019-06-03,2022,0.19
2019-06-04,2022,0.2
2019-06-05,2022,0.2
2019-06-06,2022,0.2
2019-06-07,2022,0.2
2019-06-10,2022,0.25
2019-06-11,2022,0.25
2019-06-12,2022,0.25
2019-06-13,2022,0.25
2019-06-14,2022,0.25
2019-06-17,2022,0.2
2019-06-18,2022,0.2
2019-06-19,2022,0.2
2019-06-21,2022,0.2
2019-06-24,2022,0.2
2019-06-25,2022,0.2
2019-06-26,2022,0.2
2019-06-27,2022,0.2
2019-06-28,2022,0.2
2019-07-01,2022,0.2
2019-07-02,2022,0.2
2019-07-03,2022,0.2
2019-07-04,2022,0.2
2019-07-05,2022,0.2
2019-07-08,2022,0.2
2019-07-09,2022,0.2
2019-07-10,2022,0.2
2019-07-11,2022,0.1
2019-07-12,2022,0.1
2019-07-15,2022,0.15
2019-07-16,2022,0.2
2019-07-17,2022,0.2
2019-07-18,2022,0.25
2019-07-19,2022,0.25
2019-07-22,2022,0.25
2019-07-23,2022,0.2
2019-07-24,2022,0.2
2019-07-25,2022,0.1
2019-07-26,2022,0.1
2019-07-29,2022,0.0
2019-07-30,2022,0.0
2019-07-31,2022,0.0
2019-08-01,2022,0.0
2019-08-02,2022,0.0
2019-08-05,2022,0.0
2019-08-06,2022,0.1
2019-08-07,2022,0.2
2019-08-08,2022,0.2
2019-08-09,2022,0.2
2019-08-12,2022,0.2
2019-08-13,2022,0.2
2019-08-14,2022,0.2
2019-08-15,2022,0.2
2019-08-16,2022,0.2
2019-08-19,2022,0.2
2019-08-20,2022,0.2
2019-08-21,2022,0.2
2019-08-22,2022,0.2
2019-08-23,2022,0.2
2019-08-26,2022,0.2
2019-08-27,2022,0.2
2019-08-28,2022,0.2
2019-08-29,2022,0.2
2019-08-30,2022,0.1
2019-09-02,2022,0.1
2019-09-03,2022,0.1
2019-09-04,2022,0.1
2019-09-05,2022,0.1
2019-09-06,2022,0.0
2019-09-09,2022,-0.1
2019-09-10,2022,-0.1
2019-09-11,2022,-0.1
2019-09-12,2022,0.0
2019-09-13,2022,-0.1
2019-09-16,2022,-0.2
2019-09-17,2022,-0.1
2019-09-18,2022,-0.1
2019-09-19,2022,0.0
2019-09-20,2022,0.0
2019-09-23,2022,0.0
2019-09-24,2022,0.0
2019-09-25,2022,0.0
2019-09-26,2022,-0.2
2019-09-27,2022,-0.2
2019-09-30,2022,0.2
2019-10-01,2022,0.2
2019-10-02,2022,0.2
2019-10-03,2022,0.0
2019-10-04,2022,0.0
2019-10-07,2022,0.0
2019-10-08,2022,-0.05
2019-10-09,2022,-0.05
2019-10-10,2022,-0.05
2019-10-11,2022,0.1
2019-10-14,2022,0.1
2019-10-15,2022,0.1
2019-10-16,2022,0.1
2019-10-17,2022,0.1
2019-10-18,2022,0.1
2019-10-21,2022,0.1
2019-10-22,2022,0.1
2019-10-23,2022,0.1
2019-10-24,2022,0.1
2019-10-25,2022,0.1
2019-10-28,2022,0.1
2019-10-29,2022,0.1
2019-10-30,2022,0.1
2019-10-31,2022,-0.05
2019-11-01,2022,-0.05
2019-11-04,2022,0.1
2019-11-05,2022,0.1
2019-11-06,2022,0.1
2019-11-07,2022,0.1
2019-11-08,2022,0.1
2019-11-11,2022,-0.05
2019-11-12,2022,-0.05
2019-11-13,2022,0.1
2019-11-14,2022,0.1
2019-11-18,2022,0.1
2019-11-19,2022,0.1
2019-11-20,2022,0.1
2019-11-21,2022,0.1
2019-11-22,2022,-0.15
2019-11-25,2022,-0.15
2019-11-26,2022,-0.15
2019-11-27,2022,-0.15
2019-11-28,2022,-0.15
2019-11-29,2022,-0.15
2019-12-02,2022,-0.2
2019-12-03,2022,-0.2
2019-12-04,2022,-0.2
2019-12-05,2022,-0.2
2019-12-06,2022,-0.2
2019-12-09,2022,-0.21
2019-12-10,2022,-0.21
2019-12-11,2022,-0.21
2019-12-12,2022,-0.21
2019-12-13,2022,-0.21
2019-12-16,2022,-0.21
2019-12-17,2022,-0.21
2019-12-18,2022,-0.21
2019-12-19,2022,-0.2
2019-12-20,2022,-0.2
2019-12-23,2022,-0.15
2019-12-24,2022,-0.15
2019-12-26,2022,-0.15
2019-12-27,2022,-0.15
2019-12-30,2022,-0.15
2019-12-31,2022,-0.15
2020-01-02,2022,-0.1
2020-01-03,2022,-0.1
2020-01-06,2022,-0.1
2020-01-07,2022,-0.05
2020-01-08,2022,-0.05
2020-01-09,2022,0.0
2020-01-10,2022,0.0
2020-01-13,2022,-0.02
2020-01-14,2022,-0.02
2020-01-15,2022,-0.02
2020-01-16,2022,-0.01
2020-01-17,2022,-0.01
2020-01-20,2022,0.0
2020-01-21,2022,0.0
2020-01-22,2022,0.0
2020-01-23,2022,0.04
2020-01-24,2022,-0.06
2020-01-27,2022,-0.06
2020-01-28,2022,-0.06
2020-01-29,2022,-0.06
2020-01-30,2022,-0.02
2020-01-31,2022,-0.06
2020-02-03,2022,-0.06
2020-02-04,2022,-0.06
2020-02-05,2022,-0.1
2020-02-06,2022,-0.1
2020-02-07,2022,-0.1
2020-02-10,2022,-0.1
2020-02-11,2022,-0.1
2020-02-12,2022,-0.1
2020-02-13,2022,-0.1
2020-02-14,2022,-0.1
2020-02-17,2022,-0.1
2020-02-18,2022,-0.2
2020-02-19,2022,-0.2
2020-02-20,2022,-0.2
2020-02-21,2022,-0.2
2020-02-26,2022,-0.1
2020-02-27,2022,-0.1
2020-02-28,2022,-0.1
2020-03-02,2022,-0.1
2020-03-03,2022,-0.1
2020-03-04,2022,0.0
2020-03-05,2022,0.1
2020-03-06,2022,0.1
2020-03-09,2022,0.0
2020-03-10,2022,0.0
2020-03-11,2022,0.0
2020-03-12,2022,0.0
2020-03-13,2022,-0.1
2020-03-16,2022,-0.1
2020-03-17,2022,-0.1
2020-03-18,2022,-0.1
2020-03-19,2022,-0.1
2020-03-20,2022,-0.1
2020-03-23,2022,-0.1
2020-03-24,2022,-0.1
2020-03-25,2022,-0.1
2020-03-26,2022,-0.1
2020-03-27,2022,-0.15
2020-03-30,2022,-0.3
2020-03-31,2022,-0.3
2020-04-01,2022,-0.3
2020-04-02,2022,-0.3
2020-04-03,2022,-0.3
2020-04-06,2022,-0.32
2020-04-07,2022,-0.37
2020-04-08,2022,-0.37
2020-04-09,2022,-0.37
2020-04-13,2022,-0.8
2020-04-14,2022,-0.8
2020-04-15,2022,-0.8
2020-04-16,2022,-0.8
2020-04-17,2022,-0.8
2020-04-20,2022,-0.9
2020-04-22,2022,-0.9
2020-04-23,2022,-1.0
2020-04-24,2022,-1.0
2020-04-27,2022,-1.0
2020-04-28,2022,-1.0
2020-04-29,2022,-1.0
2020-04-30,2022,-1.05
2020-05-04,2022,-1.2
2020-05-05,2022,-1.2
2020-05-06,2022,-1.2
2020-05-07,2022,-1.2
2020-05-08,2022,-1.2
2020-05-11,2022,-1.1
2020-05-12,2022,-1.1
2020-05-13,2022,-1.05
2020-05-14,2022,-1.05
2020-05-15,2022,-1.3
2020-05-18,2022,-1.1
2020-05-19,2022,-1.1
2020-05-20,2022,-1.1
2020-05-21,2022,-1.1
2020-05-22,2022,-1.3
2020-05-25,2022,-1.3
2020-05-26,2022,-1.3
2020-05-27,2022,-1.3
2020-05-28,2022,-1.3
2020-05-29,2022,-1.3
2020-06-01,2022,-1.2
2020-06-02,2022,-1.2
2020-06-03,2022,-1.3
2020-06-04,2022,-1.3
2020-06-05,2022,-1.4
2020-06-08,2022,-1.4
2020-06-09,2022,-1.25
2020-06-10,2022,-1.45
2020-06-12,2022,-1.5
2020-06-15,2022,-1.5
2020-06-16,2022,-1.5
2020-06-17,2022,-1.5
2020-06-18,2022,-1.5
2020-06-19,2022,-1.5
2020-06-22,2022,-1.5
2020-06-23,2022,-1.5
2020-06-24,2022,-1.5
2020-06-25,2022,-1.5
2020-06-26,2022,-1.5
2020-06-29,2022,-1.5
2020-06-30,2022,-1.5
2020-07-01,2022,-1.5
2020-07-02,2022,-1.5
2020-07-03,2022,-1.5
2020-07-06,2022,-1.7
2020-07-07,2022,-1.7
2020-07-08,2022,-1.7
2020-07-09,2022,-1.7
2020-07-10,2022,-2.0
2020-07-13,2022,-1.95
2020-07-14,2022,-1.95
2020-07-15,2022,-1.95
2020-07-16,2022,-1.95
2020-07-17,2022,-1.95
2020-07-20,2022,-1.95
2020-07-21,2022,-1.95
2020-07-22,2022,-1.95
2020-07-23,2022,-1.95
2020-07-24,2022,-1.95
2020-07-27,2022,-2.0
2020-07-28,2022,-2.0
2020-07-29,2022,-2.0
2020-07-30,2022,-2.0
2020-07-31,2022,-2.03
2020-08-03,2022,-2.03
2020-08-04,2022,-2.03
2020-08-05,2022,-2.03
2020-08-06,2022,-2.0
2020-08-07,2022,-2.03
2020-08-10,2022,-2.06
2020-08-11,2022,-2.0
2020-08-12,2022,-2.0
2020-08-13,2022,-2.0
2020-08-14,2022,-2.0
2020-08-17,2022,-2.0
2020-08-18,2022,-2.0
2020-08-19,2022,-2.0
2020-08-20,2022,-2.0
2020-08-21,2022,-2.0
2020-08-24,2022,-1.9
2020-08-25,2022,-1.9
2020-08-26,2022,-1.9
2020-08-27,2022,-1.9
2020-08-28,2022,-1.95
2020-08-31,2022,-1.9
2020-09-01,2022,-1.8
2020-09-02,2022,-1.8
2020-09-03,2022,-1.8
2020-09-04,2022,-1.95
2020-09-08,2022,-1.95
2020-09-09,2022,-2.0
2020-09-10,2022,-2.0
2020-09-11,2022,-2.0
2020-09-14,2022,-2.0
2020-09-15,2022,-2.0
2020-09-16,2022,-2.0
2020-09-17,2022,-2.0
2020-09-18,2022,-2.0
2020-09-21,2022,-2.0
2020-09-22,2022,-2.0
2020-09-23,2022,-2.0
2020-09-24,2022,-2.0
2020-09-25,2022,-1.95
2020-09-28,2022,-1.9
2020-09-29,2022,-1.9
2020-09-30,2022,-1.9
2020-10-01,2022,-1.9
2020-10-02,2022,-2.0
2020-10-05,2022,-2.0
2020-10-06,2022,-2.0
2020-10-07,2022,-2.0
2020-10-08,2022,-2.0
2020-10-09,2022,-2.0
2020-10-13,2022,-2.0
2020-10-14,2022,-1.95
2020-10-15,2022,-1.95
2020-10-16,2022,-2.0
2020-10-19,2022,-2.0
2020-10-20,2022,-2.0
2020-10-21,2022,-2.0
2020-10-22,2022,-2.05
2020-10-23,2022,-2.05
2020-10-26,2022,-2.05
2020-10-27,2022,-2.05
2020-10-28,2022,-2.05
2020-10-29,2022,-2.05
2020-10-30,2022,-2.0
2020-11-03,2022,-2.1
2020-11-04,2022,-2.1
2020-11-05,2022,-2.1
2020-11-06,2022,-2.05
2020-11-09,2022,-2.0
2020-11-10,2022,-2.05
2020-11-11,2022,-2.05
2020-11-12,2022,-2.1
2020-11-13,2022,-2.01
2020-11-16,2022,-2.06
2020-11-17,2022,-2.01
2020-11-18,2022,-2.01
2020-11-19,2022,-2.1
2020-11-20,2022,-2.01
2020-11-23,2022,-2.01
2020-11-24,2022,-2.01
2020-11-25,2022,-2.01
2020-11-26,2022,-2.01
2020-11-27,2022,-2.0
2020-11-30,2022,-2.01
2020-12-01,2022,-2.01
2020-12-02,2022,-2.01
2020-12-03,2022,-2.01
2020-12-04,2022,-2.2
2020-12-07,2022,-2.2
2020-12-08,2022,-2.2
2020-12-09,2022,-2.2
2020-12-10,2022,-2.2
2020-12-11,2022,-2.2
2020-12-14,2022,-2.2
2020-12-15,2022,-2.2
2020-12-16,2022,-2.2
2020-12-17,2022,-2.2
2020-12-18,2022,-2.2
2020-12-21,2022,-2.2
2020-12-22,2022,-2.2
2020-12-23,2022,-2.2
2020-12-24,2022,-2.2
2020-12-28,2022,-2.11
2020-12-29,2022,-2.11
2020-12-30,2022,-2.11
2020-12-31,2022,-2.11
2021-01-04,2022,-2.11
2021-01-05,2022,-2.2
2021-01-06,2022,-2.2
2021-01-07,2022,-2.01
2021-01-08,2022,-2.01
2021-01-11,2022,-2.01
2021-01-12,2022,-2.01
2021-01-13,2022,-2.0
2021-01-14,2022,-2.0
2021-01-15,2022,-2.0
2021-01-18,2022,-2.01
2021-01-19,2022,-2.16
2021-01-20,2022,-2.18
2021-01-21,2022,-2.16
2021-01-22,2022,-2.16
2021-01-25,2022,-2.09
2021-01-26,2022,-2.09
2021-01-27,2022,-2.09
2021-01-28,2022,-2.16
2021-01-29,2022,-2.08
2021-02-01,2022,-2.08
2021-02-02,2022,-2.0
2021-02-03,2022,-2.0
2021-02-04,2022,-2.0
2021-02-05,2022,-2.1
2021-02-08,2022,-2.05
2021-02-09,2022,-2.05
2021-02-10,2022,-2.05
2021-02-11,2022,-2.1
2021-02-12,2022,-2.1
2021-02-17,2022,-2.1
2021-02-18,2022,-2.1
2021-02-19,2022,-2.0
2021-02-22,2022,-2.0
2021-02-23,2022,-2.0
2021-02-24,2022,-2.0
2021-02-25,2022,-2.0
2021-02-26,2022,-2.0
2021-03-01,2022,-2.04
2021-03-02,2022,-2.04
2021-03-03,2022,-2.04
2021-03-04,2022,-2.04
2021-03-05,2022,-2.1
2021-03-08,2022,-2.1
2021-03-09,2022,-2.07
2021-03-10,2022,-2.07
2021-03-11,2022,-2.09
2021-03-12,2022,-2.04
2021-03-15,2022,-2.04
2021-03-16,2022,-2.04
2021-03-17,2022,-2.07
2021-03-18,2022,-2.07
2021-03-19,2022,-2.09
2021-03-22,2022,-2.1
2021-03-23,2022,-2.1
2021-03-24,2022,-2.1
2021-03-25,2022,-2.1
2021-03-26,2022,-2.1
2021-03-29,2022,-2.1
2021-03-30,2022,-2.1
2021-03-31,2022,-2.15
2021-04-01,2022,-2.15
2021-04-05,2022,-2.15
2021-04-06,2022,-2.1
2021-04-07,2022,-2.1
2021-04-08,2022,-2.1
2021-04-09,2022,-2.1
2021-04-12,2022,-2.15
2021-04-13,2022,-2.15
2021-04-14,2022,-2.15
2021-04-15,2022,-2.2
2021-04-16,2022,-2.15
2021-04-19,2022,-2.05
2021-04-20,2022,-2.05
2021-04-22,2022,-2.0
2021-04-23,2022,-2.0
2021-04-26,2022,-2.0
2021-04-27,2022,-2.0
2021-04-28,2022,-2.0
2021-04-29,2022,-2.0
2021-04-30,2022,-2.0
2021-05-03,2022,-2.0
2021-05-04,2022,-2.0
2021-05-05,2022,-2.0
2021-05-06,2022,-2.0
2021-05-07,2022,-2.0
2021-05-10,2022,-2.0
2021-05-11,2022,-2.0
2021-05-12,2022,-2.0
2021-05-13,2022,-2.0
2021-05-14,2022,-2.0
2021-05-17,2022,-2.0
2021-05-18,2022,-2.0
2021-05-19,2022,-2.0
2021-05-20,2022,-2.0
2021-05-21,2022,-2.0
2021-05-24,2022,-2.0
2021-05-25,2022,-2.0
2021-05-26,2022,-2.0
2021-05-27,2022,-2.0
2021-05-28,2022,-2.0
2021-05-31,2022,-2.0
2021-06-01,2022,-2.0
2021-06-02,2022,-2.0
2021-06-04,2022,-1.9
2021-06-07,2022,-1.95
2021-06-08,2022,-1.9
2021-06-09,2022,-1.8657
2021-06-10,2022,-1.8157
2021-06-11,2022,-1.8
2021-06-14,2022,-1.8
2021-06-15,2022,-1.8
2021-06-16,2022,-1.8
2021-06-17,2022,-1.8
2021-06-18,2022,-1.8
2021-06-21,2022,-1.77
2021-06-22,2022,-1.735
2021-06-23,2022,-1.7
2021-06-24,2022,-1.7
2021-06-25,2022,-1.65
2021-06-28,2022,-1.7
2021-06-29,2022,-1.7
2021-06-30,2022,-1.7
2021-07-01,2022,-1.65
2021-07-02,2022,-1.65
2021-07-05,2022,-1.675
2021-07-06,2022,-1.65
2021-07-07,2022,-1.675
2021-07-08,2022,-1.625
2021-07-09,2022,-1.6
2021-07-12,2022,-1.5
2021-07-13,2022,-1.5
2021-07-14,2022,-1.5
2021-07-15,2022,-1.5
2021-07-16,2022,-1.5
2021-07-19,2022,-1.5
2021-07-20,2022,-1.5
2021-07-21,2022,-1.5
2021-07-22,2022,-1.5
2021-07-23,2022,-1.5
2021-07-26,2022,-1.5
2021-07-27,2022,-1.5
2021-07-28,2022,-1.5
2021-07-29,2022,-1.5
2021-07-30,2022,-1.5
2021-08-02,2022,-1.5
2021-08-03,2022,-1.5
2021-08-04,2022,-1.5
2021-08-05,2022,-1.5
2021-08-06,2022,-1.35
2021-08-09,2022,-1.35
2021-08-10,2022,-1.2
2021-08-11,2022,-1.2
2021-08-12,2022,-1.2
2021-08-13,2022,-1.2
2021-08-16,2022,-1.2
2021-08-17,2022,-1.2
2021-08-18,2022,-1.2
2021-08-19,2022,-1.2
2021-08-20,2022,-1.2
2021-08-23,2022,-1.15
2021-08-24,2022,-1.1
2021-08-25,2022,-1.1
2021-08-26,2022,-1.1
2021-08-27,2022,-1.1
2021-08-30,2022,-1.1
2021-08-31,2022,-1.1
2021-09-01,2022,-1.1
2021-09-02,2022,-1.1
2021-09-03,2022,-1.1
2021-09-06,2022,-1.1
2021-09-08,2022,-1.1
2021-09-09,2022,-1.1
2021-09-10,2022,-1.1
2021-09-13,2022,-1.05
2021-09-14,2022,-1.05
2021-09-15,2022,-1.1
2021-09-16,2022,-1.1
2021-09-17,2022,-1.0
2021-09-20,2022,-1.0
2021-09-21,2022,-1.0
2021-09-22,2022,-1.0
2021-09-23,2022,-1.0
2021-09-24,2022,-1.0
2021-09-27,2022,-1.0
2021-09-28,2022,-1.0
2021-09-29,2022,-1.0
2021-09-30,2022,-1.0
2021-10-01,2022,-1.0
2021-10-04,2022,-1.0
2021-10-05,2022,-1.0
2021-10-06,2022,-1.0
2021-10-07,2022,-1.0
2021-10-08,2022,-1.0
2021-10-11,2022,-1.0
2021-10-13,2022,-1.0
2021-10-14,2022,-1.0
2021-10-15,2022,-1.0
2021-10-18,2022,-1.0
2021-10-19,2022,-1.0
2021-10-20,2022,-1.0
2021-10-21,2022,-1.0
2021-10-22,2022,-1.0
2021-10-25,2022,-1.05
2021-10-26,2022,-1.05
2021-10-27,2022,-1.05
2021-10-28,2022,-1.1
2021-10-29,2022,-1.2
2021-11-01,2022,-1.1
2021-11-03,2022,-1.1
2021-11-04,2022,-1.1
2021-11-05,2022,-1.15
2021-11-08,2022,-1.1
2021-11-09,2022,-1.1
2021-11-10,2022,-1.15
2021-11-11,2022,-1.15
2021-11-12,2022,-1.175
2021-11-16,2022,-1.2
2021-11-17,2022,-1.2
2021-11-18,2022,-1.2
2021-11-19,2022,-1.2
2021-11-22,2022,-1.2
2021-11-23,2022,-1.2
2021-11-24,2022,-1.2
2021-11-25,2022,-1.2
2021-11-26,2022,-1.2
2021-11-29,2022,-1.2
2021-11-30,2022,-1.2
2021-12-01,2022,-1.2
2021-12-02,2022,-1.2
2021-12-03,2022,-1.2
2021-12-06,2022,-1.2
2021-12-07,2022,-1.2
2021-12-08,2022,-1.2
2021-12-09,2022,-1.2
2021-12-10,2022,-1.2
2021-12-13,2022,-1.2
2021-12-14,2022,-1.2
2021-12-15,2022,-1.2
2021-12-16,2022,-1.2
2021-12-17,2022,-1.1
2021-12-20,2022,-1.1
2021-12-21,2022,-1.1
2021-12-22,2022,-1.1
2021-12-23,2022,-1.1
2021-12-24,2022,-1.1
2021-12-27,2022,-1.1
2021-12-28,2022,-1.1
2021-12-29,2022,-1.1
2021-12-30,2022,-1.05
2021-12-31,2022,-1.05
2022-01-03,2022,-0.9612
2022-01-04,2022,-1.0
2022-01-05,2022,-1.0
2022-01-06,2022,-1.0
2022-01-07,2022,-1.0
2022-01-10,2022,-1.0
2022-01-11,2022,-1.0
2022-01-12,2022,-1.0
2022-01-13,2022,-0.9612
2022-01-14,2022,-0.9612
2022-01-17,2022,-0.9702
2022-01-18,2022,-0.9702
2022-01-19,2022,-0.9702
2022-01-20,2022,-0.9702
2022-01-21,2022,-0.9403
2022-01-24,2022,-1.0
2022-01-25,2022,-1.0
2022-01-26,2022,-1.0
2022-01-27,2022,-1.0
2022-01-28,2022,-1.0
2022-01-31,2022,-1.0
2022-02-01,2022,-1.0
2022-02-02,2022,-1.0
2022-02-03,2022,-1.0
2022-02-04,2022,-1.0
2022-02-07,2022,-0.9679
2022-02-08,2022,-0.9679
2022-02-09,2022,-0.9679
2022-02-10,2022,-0.9679
2022-02-11,2022,-0.9679
2022-02-14,2022,-1.0
2022-02-15,2022,-1.0
2022-02-16,2022,-1.0
2022-02-17,2022,-1.0
2022-02-18,2022,-0.875
2022-02-21,2022,-0.875
2022-02-22,2022,-0.875
2022-02-23,2022,-0.875
2022-02-24,2022,-0.875
2022-02-25,2022,-0.8
2022-03-02,2022,-0.75
2022-03-03,2022,-0.75
2022-03-04,2022,-0.75
2022-03-07,2022,-0.8
2022-03-08,2022,-0.8
2022-03-09,2022,-0.85
2022-03-10,2022,-0.8
2022-03-11,2022,-0.7
2022-03-14,2022,-0.7
2022-03-15,2022,-0.7
2022-03-16,2022,-0.7
2022-03-17,2022,-0.6
2022-03-18,2022,-0.5
2022-03-21,2022,-0.55
2022-03-22,2022,-0.55
2022-03-23,2022,-0.55
2022-03-24,2022,-0.55
2022-03-25,2022,-0.5
2022-03-28,2022,-0.5
2022-03-29,2022,-0.5
2022-03-30,2022,-0.5
2022-03-31,2022,-0.5
2022-04-01,2022,-0.5
2022-04-04,2022,-0.45
2022-04-05,2022,-0.5
2022-04-06,2022,-0.5
2022-04-07,2022,-0.5
2022-04-08,2022,-0.5
2022-04-11,2022,-0.5
2022-04-12,2022,-0.5
2022-04-13,2022,-0.5
2022-04-14,2022,-0.5
2022-04-18,2022,-0.5
2022-04-19,2022,-0.5
2022-04-20,2022,-0.5
2022-04-22,2022,-0.45
2022-04-25,2022,-0.4
2022-04-26,2022,-0.4
2022-04-27,2022,-0.4
2022-04-28,2022,-0.4
2022-04-29,2022,-0.27
2022-05-02,2022,-0.2
2022-05-03,2022,-0.2
2022-05-04,2022,-0.2
2022-05-05,2022,-0.2
2022-05-06,2022,-0.2
2022-05-09,2022,-0.2
2022-05-10,2022,-0.2
2022-05-11,2022,-0.11
2022-05-12,2022,-0.105
2022-05-13,2022,-0.105
2022-05-16,2022,-0.1
2022-05-17,2022,-0.1
2022-05-18,2022,-0.1
2022-05-19,2022,-0.1
2022-05-20,2022,0.1
2022-05-23,2022,0.1
2022-05-24,2022,0.1
2022-05-25,2022,0.1
2022-05-26,2022,-0.05
2022-05-27,2022,-0.05
2022-05-30,2022,0.1
2022-05-31,2022,0.1
2022-06-01,2022,0.1
2022-06-02,2022,0.1
2022-06-03,2022,0.1
2022-06-06,2022,0.1
2022-06-07,2022,0.1
2022-06-08,2022,0.15
2022-06-09,2022,0.1
2022-06-10,2022,0.15
2022-06-13,2022,0.25
2022-06-14,2022,0.25
2022-06-15,2022,0.2
2022-06-17,2022,0.15
2022-06-20,2022,0.1
2022-06-21,2022,0.1
2022-06-22,2022,0.05
2022-06-23,2022,0.05
2022-06-24,2022,0.1
2022-06-27,2022,0.1
2022-06-28,2022,0.1
2022-06-29,2022,0.1
2022-06-30,2022,0.1
2022-07-01,2022,0.1
2022-07-04,2022,0.1
2022-07-05,2022,0.1
2022-07-06,2022,0.1
2022-07-07,2022,0.1
2022-07-08,2022,0.1
2022-07-11,2022,0.1
2022-07-12,2022,0.1
2022-07-13,2022,0.1
2022-07-14,2022,0.05
2022-07-15,2022,0.1
2022-07-18,2022,0.1
2022-07-19,2022,0.1
2022-07-20,2022,0.22
2022-07-21,2022,0.22
2022-07-22,2022,0.22
2022-07-25,2022,0.265
2022-07-26,2022,0.265
2022-07-27,2022,0.295
2022-07-28,2022,0.3
2022-07-29,2022,0.3
2022-08-01,2022,0.3
2022-08-02,2022,0.3
2022-08-03,2022,0.3
2022-08-04,2022,0.3
2022-08-05,2022,0.3
2022-08-08,2022,0.3
2022-08-09,2022,0.3
2022-08-10,2022,0.3
2022-08-11,2022,0.3
2022-08-12,2022,0.3
2022-08-15,2022,0.3
2022-08-16,2022,0.3
2022-08-17,2022,0.3
2022-08-18,2022,0.3
2022-08-19,2022,0.3
2022-08-22,2022,0.3
2022-08-23,2022,0.3
2022-08-24,2022,0.3
2022-08-25,2022,0.3
2022-08-26,2022,0.3
2022-08-29,2022,0.3
2022-08-30,2022,0.3
2022-08-31,2022,0.3
2022-09-01,2022,0.3
2022-09-02,2022,0.3
2022-09-05,2022,0.3074
2022-09-06,2022,0.3074
2022-09-08,2022,0.3148
2022-09-09,2022,0.5
2022-09-12,2022,0.5
2022-09-13,2022,0.5
2022-09-14,2022,0.5
2022-09-15,2022,0.7
2022-09-16,2022,0.75
2022-09-19,2022,0.895
2022-09-20,2022,0.895
2022-09-21,2022,0.895
2022-09-22,2022,0.895
2022-09-23,2022,0.9
2022-09-26,2022,0.9
2022-09-27,2022,0.9
2022-09-28,2022,0.9
2022-09-29,2022,0.9
2022-09-30,2022,0.9
2022-10-03,2022,0.9
2022-10-04,2022,0.9
2022-10-05,2022,0.9
2022-10-06,2022,0.9
2022-10-07,2022,0.91
2022-10-10,2022,1.0
2022-10-11,2022,1.0
2022-10-13,2022,1.0
2022-10-14,2022,1.0
2022-10-17,2022,1.09
2022-10-18,2022,1.09
2022-10-19,2022,1.09
2022-10-20,2022,1.0
2022-10-21,2022,1.0
2022-10-24,2022,1.0
2022-10-25,2022,1.0
2022-10-26,2022,1.0
2022-10-27,2022,1.0
2022-10-28,2022,1.0
2022-10-31,2022,1.0
2022-11-01,2022,1.0
2022-11-03,2022,1.0
2022-11-04,2022,1.0
2022-11-07,2022,0.95
2022-11-08,2022,0.95
2022-11-09,2022,1.0
2022-11-10,2022,1.1
2022-11-11,2022,1.1
2022-11-14,2022,1.14
2022-11-16,2022,1.14
2022-11-17,2022,1.14
2022-11-18,2022,1.2
2022-11-21,2022,1.2
2022-11-22,2022,1.2
2022-11-23,2022,1.2
2022-11-24,2022,1.245
2022-11-25,2022,1.245
2022-11-28,2022,1.245
2022-11-29,2022,1.245
2022-11-30,2022,1.245
2022-12-01,2022,1.245
2022-12-02,2022,1.29
2022-12-05,2022,1.295
2022-12-06,2022,1.29
2022-12-07,2022,1.29
2022-12-08,2022,1.29
2022-12-09,2022,1.29
2022-12-12,2022,1.3
2022-12-13,2022,1.3
2022-12-14,2022,1.3
2022-12-15,2022,1.3
2022-12-16,2022,1.3
2022-12-19,2022,1.3
2022-12-20,2022,1.3
2022-12-21,2022,1.3
2022-12-22,2022,1.3
2022-12-23,2022,1.2
2022-12-26,2022,1.2
2022-12-27,2022,1.2
2022-12-28,2022,1.2
2022-12-29,2022,1.2
2022-12-30,2022,1.2
2023-01-02,2022,1.2
2023-01-03,2022,1.2
2023-01-04,2022,1.2
2023-01-05,2022,1.2
2023-01-06,2022,1.2
2023-01-09,2022,1.2
2023-01-10,2022,1.2
2023-01-11,2022,1.2
2023-01-12,2022,1.2
2023-01-13,2022,1.2
2023-01-16,2022,1.2
2023-01-17,2022,1.2
2023-01-18,2022,1.2
2023-01-19,2022,1.2
2023-01-20,2022,1.28
2023-01-23,2022,1.29
2023-01-24,2022,1.24
2023-01-25,2022,1.24
2023-01-26,2022,1.28
2023-01-27,2022,1.24
2018-01-22,2023,0.6
2018-01-23,2023,0.5
2018-01-24,2023,0.5
2018-01-25,2023,0.5
2018-01-26,2023,0.5
2018-01-29,2023,0.7
2018-01-30,2023,0.7
2018-01-31,2023,0.7
2018-02-01,2023,0.7
2018-02-02,2023,0.6
2018-02-05,2023,0.6
2018-02-06,2023,0.5
2018-02-07,2023,0.5
2018-02-08,2023,0.5
2018-02-09,2023,0.5
2018-02-14,2023,0.5
2018-02-15,2023,0.5
2018-02-16,2023,0.5
2018-02-19,2023,0.5
2018-02-20,2023,0.4
2018-02-21,2023,0.4
2018-02-22,2023,0.4
2018-02-23,2023,0.4
2018-02-26,2023,0.4
2018-02-27,2023,0.4
2018-02-28,2023,0.4
2018-03-01,2023,0.4
2018-03-02,2023,0.4
2018-03-05,2023,0.4
2018-03-06,2023,0.4
2018-03-07,2023,0.4
2018-03-08,2023,0.4
2018-03-09,2023,0.4
2018-03-12,2023,0.4
2018-03-13,2023,0.4
2018-03-14,2023,0.45
2018-03-15,2023,0.45
2018-03-16,2023,0.45
2018-03-19,2023,0.5
2018-03-20,2023,0.5
2018-03-21,2023,0.5
2018-03-22,2023,0.5
2018-03-23,2023,0.5
2018-03-26,2023,1.4
2018-03-27,2023,1.4
2018-03-28,2023,0.95
2018-03-29,2023,0.95
2018-04-02,2023,1.23
2018-04-03,2023,1.23
2018-04-04,2023,1.23
2018-04-05,2023,1.23
2018-04-06,2023,1.23
2018-04-09,2023,1.0
2018-04-10,2023,1.0
2018-04-11,2023,1.0
2018-04-12,2023,1.0
2018-04-13,2023,1.0
2018-04-16,2023,0.5
2018-04-17,2023,0.5
2018-04-18,2023,0.5
2018-04-19,2023,0.8
2018-04-20,2023,0.8
2018-04-23,2023,0.8
2018-04-24,2023,0.8
2018-04-25,2023,0.8
2018-04-26,2023,0.8
2018-04-27,2023,0.8
2018-04-30,2023,0.85
2018-05-02,2023,0.85
2018-05-03,2023,0.8
2018-05-04,2023,0.8
2018-05-07,2023,0.8
2018-05-08,2023,0.8
2018-05-09,2023,0.65
2018-05-10,2023,0.8
2018-05-11,2023,0.65
2018-05-14,2023,0.5
2018-05-15,2023,0.65
2018-05-16,2023,0.65
2018-05-17,2023,0.8
2018-05-18,2023,0.8
2018-05-21,2023,0.9
2018-05-22,2023,0.7
2018-05-23,2023,0.7
2018-05-24,2023,0.7
2018-05-25,2023,0.7
2018-05-28,2023,0.7
2018-05-29,2023,0.7
2018-05-30,2023,0.7
2018-06-01,2023,0.7
2018-06-04,2023,0.7
2018-06-05,2023,0.7
2018-06-06,2023,0.7
2018-06-07,2023,0.7
2018-06-08,2023,0.7
2018-06-11,2023,0.5
2018-06-12,2023,0.5
2018-06-13,2023,0.7
2018-06-14,2023,0.7
2018-06-15,2023,0.7
2018-06-18,2023,0.7
2018-06-19,2023,0.7
2018-06-20,2023,0.7
2018-06-21,2023,0.7
2018-06-22,2023,0.7
2018-06-25,2023,0.7
2018-06-26,2023,0.7
2018-06-27,2023,0.7
2018-06-28,2023,0.7
2018-06-29,2023,0.8
2018-07-02,2023,0.8
2018-07-03,2023,0.8
2018-07-04,2023,0.85
2018-07-05,2023,0.85
2018-07-06,2023,0.85
2018-07-09,2023,0.85
2018-07-10,2023,0.85
2018-07-11,2023,0.8
2018-07-12,2023,0.8
2018-07-13,2023,0.8
2018-07-16,2023,0.8
2018-07-17,2023,0.65
2018-07-18,2023,0.65
2018-07-19,2023,0.65
2018-07-20,2023,0.8
2018-07-23,2023,0.8
2018-07-24,2023,0.8
2018-07-25,2023,0.8
2018-07-26,2023,0.8
2018-07-27,2023,0.8
2018-07-30,2023,0.9
2018-07-31,2023,0.7
2018-08-01,2023,0.7
2018-08-02,2023,0.7
2018-08-03,2023,0.7
2018-08-06,2023,0.9
2018-08-07,2023,0.9
2018-08-08,2023,0.9
2018-08-09,2023,0.7
2018-08-10,2023,0.7
2018-08-13,2023,0.9
2018-08-14,2023,0.9
2018-08-15,2023,0.9
2018-08-16,2023,0.9
2018-08-17,2023,0.9
2018-08-20,2023,0.7
2018-08-21,2023,0.7
2018-08-22,2023,0.8
2018-08-23,2023,0.85
2018-08-24,2023,0.85
2018-08-27,2023,0.85
2018-08-28,2023,0.85
2018-08-29,2023,0.85
2018-08-30,2023,0.85
2018-08-31,2023,0.65
2018-09-03,2023,0.65
2018-09-04,2023,0.65
2018-09-05,2023,0.65
2018-09-06,2023,0.65
2018-09-10,2023,0.8
2018-09-11,2023,0.8
2018-09-12,2023,0.8
2018-09-13,2023,0.65
2018-09-14,2023,0.5
2018-09-17,2023,0.5
2018-09-18,2023,0.5
2018-09-19,2023,0.5
2018-09-20,2023,0.5
2018-09-21,2023,0.5
2018-09-24,2023,0.5
2018-09-25,2023,0.5
2018-09-26,2023,0.5
2018-09-27,2023,0.5
2018-09-28,2023,0.5
2018-10-01,2023,0.5
2018-10-02,2023,0.5
2018-10-03,2023,0.5
2018-10-04,2023,0.5
2018-10-05,2023,0.5
2018-10-08,2023,0.5
2018-10-09,2023,0.5
2018-10-10,2023,0.5
2018-10-11,2023,0.5
2018-10-15,2023,0.8
2018-10-16,2023,0.8
2018-10-17,2023,0.8
2018-10-18,2023,0.7
2018-10-19,2023,0.7
2018-10-22,2023,0.5
2018-10-23,2023,0.5
2018-10-24,2023,0.5
2018-10-25,2023,0.45
2018-10-26,2023,0.5
2018-10-29,2023,0.5
2018-10-30,2023,0.7
2018-10-31,2023,0.7
2018-11-01,2023,0.45
2018-11-05,2023,0.5
2018-11-06,2023,0.5
2018-11-07,2023,0.5
2018-11-08,2023,0.45
2018-11-09,2023,0.45
2018-11-12,2023,0.7
2018-11-13,2023,0.7
2018-11-14,2023,0.5
2018-11-16,2023,0.5
2018-11-19,2023,0.5
2018-11-20,2023,0.5
2018-11-21,2023,0.6
2018-11-22,2023,0.75
2018-11-23,2023,0.75
2018-11-26,2023,0.75
2018-11-27,2023,0.75
2018-11-28,2023,0.75
2018-11-29,2023,0.75
2018-11-30,2023,0.6
2018-12-03,2023,0.6
2018-12-04,2023,0.6
2018-12-05,2023,0.6
2018-12-06,2023,0.6
2018-12-07,2023,0.6
2018-12-10,2023,0.8
2018-12-11,2023,0.7
2018-12-12,2023,0.7
2018-12-13,2023,0.7
2018-12-14,2023,0.7
2018-12-17,2023,0.7
2018-12-18,2023,0.55
2018-12-19,2023,0.55
2018-12-20,2023,0.55
2018-12-21,2023,0.7
2018-12-24,2023,0.4
2018-12-26,2023,0.4
2018-12-27,2023,0.4
2018-12-28,2023,0.6
2018-12-31,2023,0.6
2019-01-02,2023,0.6
2019-01-03,2023,0.6
2019-01-04,2023,0.6
2019-01-07,2023,0.6
2019-01-08,2023,0.6
2019-01-09,2023,0.6
2019-01-10,2023,0.6
2019-01-11,2023,0.65
2019-01-14,2023,0.65
2019-01-15,2023,0.65
2019-01-16,2023,0.65
2019-01-17,2023,0.65
2019-01-18,2023,0.6
2019-01-21,2023,0.6
2019-01-22,2023,0.6
2019-01-23,2023,0.6
2019-01-24,2023,0.6
2019-01-25,2023,0.6
2019-01-28,2023,0.65
2019-01-29,2023,0.65
2019-01-30,2023,0.65
2019-01-31,2023,0.65
2019-02-01,2023,0.85
2019-02-04,2023,0.85
2019-02-05,2023,0.85
2019-02-06,2023,0.85
2019-02-07,2023,0.85
2019-02-08,2023,0.8
2019-02-11,2023,0.85
2019-02-12,2023,0.83
2019-02-13,2023,0.83
2019-02-14,2023,0.8
2019-02-15,2023,0.8
2019-02-18,2023,0.83
2019-02-19,2023,0.83
2019-02-20,2023,0.83
2019-02-21,2023,0.83
2019-02-22,2023,0.83
2019-02-25,2023,0.83
2019-02-26,2023,0.83
2019-02-27,2023,0.83
2019-02-28,2023,0.83
2019-03-01,2023,0.83
2019-03-06,2023,0.73
2019-03-07,2023,0.6
2019-03-08,2023,0.7
2019-03-11,2023,0.8
2019-03-12,2023,0.8
2019-03-13,2023,0.8
2019-03-14,2023,0.7
2019-03-15,2023,0.8
2019-03-18,2023,0.85
2019-03-19,2023,0.85
2019-03-20,2023,0.9
2019-03-21,2023,0.9
2019-03-22,2023,0.9
2019-03-25,2023,0.95
2019-03-26,2023,0.95
2019-03-27,2023,0.85
2019-03-28,2023,0.8
2019-03-29,2023,0.8
2019-04-01,2023,0.8
2019-04-02,2023,0.8
2019-04-03,2023,0.8
2019-04-04,2023,0.8
2019-04-05,2023,0.8
2019-04-08,2023,0.85
2019-04-09,2023,0.85
2019-04-10,2023,0.85
2019-04-11,2023,0.8
2019-04-12,2023,0.8
2019-04-15,2023,0.65
2019-04-16,2023,0.45
2019-04-17,2023,0.45
2019-04-18,2023,0.44
2019-04-22,2023,0.8
2019-04-23,2023,0.8
2019-04-24,2023,0.8
2019-04-25,2023,0.8
2019-04-26,2023,0.65
2019-04-29,2023,0.8
2019-04-30,2023,0.8
2019-05-02,2023,0.8
2019-05-03,2023,0.65
2019-05-06,2023,0.5
2019-05-07,2023,0.5
2019-05-08,2023,0.5
2019-05-09,2023,0.5
2019-05-10,2023,0.5
2019-05-13,2023,0.8
2019-05-14,2023,0.8
2019-05-15,2023,0.8
2019-05-16,2023,0.5
2019-05-17,2023,0.5
2019-05-20,2023,0.5
2019-05-21,2023,0.5
2019-05-22,2023,0.5
2019-05-23,2023,0.5
2019-05-24,2023,0.5
2019-05-27,2023,0.5
2019-05-28,2023,0.5
2019-05-29,2023,0.5
2019-05-30,2023,0.5
2019-05-31,2023,0.5
2019-06-03,2023,0.37
2019-06-04,2023,0.65
2019-06-05,2023,0.65
2019-06-06,2023,0.65
2019-06-07,2023,0.65
2019-06-10,2023,0.65
2019-06-11,2023,0.65
2019-06-12,2023,0.65
2019-06-13,2023,0.65
2019-06-14,2023,0.65
2019-06-17,2023,0.5
2019-06-18,2023,0.5
2019-06-19,2023,0.5
2019-06-21,2023,0.5
2019-06-24,2023,0.5
2019-06-25,2023,0.5
2019-06-26,2023,0.5
2019-06-27,2023,0.5
2019-06-28,2023,0.65
2019-07-01,2023,0.65
2019-07-02,2023,0.65
2019-07-03,2023,0.65
2019-07-04,2023,0.65
2019-07-05,2023,0.5
2019-07-08,2023,0.65
2019-07-09,2023,0.65
2019-07-10,2023,0.65
2019-07-11,2023,0.65
2019-07-12,2023,0.65
2019-07-15,2023,0.65
2019-07-16,2023,0.8
2019-07-17,2023,0.8
2019-07-18,2023,0.8
2019-07-19,2023,0.8
2019-07-22,2023,0.8
2019-07-23,2023,0.8
2019-07-24,2023,0.8
2019-07-25,2023,0.65
2019-07-26,2023,0.65
2019-07-29,2023,0.5
2019-07-30,2023,0.5
2019-07-31,2023,0.5
2019-08-01,2023,0.5
2019-08-02,2023,0.5
2019-08-05,2023,0.5
2019-08-06,2023,0.65
2019-08-07,2023,0.5
2019-08-08,2023,0.5
2019-08-09,2023,0.5
2019-08-12,2023,0.5
2019-08-13,2023,0.5
2019-08-14,2023,0.5
2019-08-15,2023,0.5
2019-08-16,2023,0.45
2019-08-19,2023,0.45
2019-08-20,2023,0.45
2019-08-21,2023,0.45
2019-08-22,2023,0.45
2019-08-23,2023,0.45
2019-08-26,2023,0.45
2019-08-27,2023,0.45
2019-08-28,2023,0.45
2019-08-29,2023,0.45
2019-08-30,2023,0.4
2019-09-02,2023,0.4
2019-09-03,2023,0.4
2019-09-04,2023,0.4
2019-09-05,2023,0.4
2019-09-06,2023,0.35
2019-09-09,2023,0.3
2019-09-10,2023,0.4
2019-09-11,2023,0.4
2019-09-12,2023,0.4
2019-09-13,2023,0.4
2019-09-16,2023,0.35
2019-09-17,2023,0.4
2019-09-18,2023,0.4
2019-09-19,2023,0.45
2019-09-20,2023,0.45
2019-09-23,2023,0.45
2019-09-24,2023,0.45
2019-09-25,2023,0.45
2019-09-26,2023,0.35
2019-09-27,2023,0.35
2019-09-30,2023,0.55
2019-10-01,2023,0.55
2019-10-02,2023,0.55
2019-10-03,2023,0.4
2019-10-04,2023,0.4
2019-10-07,2023,0.4
2019-10-08,2023,0.4
2019-10-09,2023,0.4
2019-10-10,2023,0.4
2019-10-11,2023,0.55
2019-10-14,2023,0.45
2019-10-15,2023,0.45
2019-10-16,2023,0.45
2019-10-17,2023,0.45
2019-10-18,2023,0.45
2019-10-21,2023,0.6
2019-10-22,2023,0.45
2019-10-23,2023,0.45
2019-10-24,2023,0.6
2019-10-25,2023,0.5
2019-10-28,2023,0.5
2019-10-29,2023,0.5
2019-10-30,2023,0.5
2019-10-31,2023,0.4
2019-11-01,2023,0.4
2019-11-04,2023,0.5
2019-11-05,2023,0.5
2019-11-06,2023,0.5
2019-11-07,2023,0.4
2019-11-08,2023,0.4
2019-11-11,2023,0.4
2019-11-12,2023,0.4
2019-11-13,2023,0.4
2019-11-14,2023,0.4
2019-11-18,2023,0.4
2019-11-19,2023,0.4
2019-11-20,2023,0.4
2019-11-21,2023,0.4
2019-11-22,2023,0.3
2019-11-25,2023,0.3
2019-11-26,2023,0.3
2019-11-27,2023,0.3
2019-11-28,2023,0.3
2019-11-29,2023,0.3
2019-12-02,2023,0.25
2019-12-03,2023,0.25
2019-12-04,2023,0.25
2019-12-05,2023,0.25
2019-12-06,2023,0.25
2019-12-09,2023,0.2
2019-12-10,2023,0.2
2019-12-11,2023,0.2
2019-12-12,2023,0.2
2019-12-13,2023,0.2
2019-12-16,2023,0.2
2019-12-17,2023,0.2
2019-12-18,2023,0.2
2019-12-19,2023,0.23
2019-12-20,2023,0.23
2019-12-23,2023,0.25
2019-12-24,2023,0.25
2019-12-26,2023,0.25
2019-12-27,2023,0.25
2019-12-30,2023,0.25
2019-12-31,2023,0.25
2020-01-02,2023,0.25
2020-01-03,2023,0.25
2020-01-06,2023,0.25
2020-01-07,2023,0.3
2020-01-08,2023,0.3
2020-01-09,2023,0.3
2020-01-10,2023,0.3
2020-01-13,2023,0.28
2020-01-14,2023,0.28
2020-01-15,2023,0.28
2020-01-16,2023,0.3
2020-01-17,2023,0.3
2020-01-20,2023,0.3
2020-01-21,2023,0.3
2020-01-22,2023,0.3
2020-01-23,2023,0.3
2020-01-24,2023,0.3
2020-01-27,2023,0.3
2020-01-28,2023,0.3
2020-01-29,2023,0.3
2020-01-30,2023,0.3
2020-01-31,2023,0.25
2020-02-03,2023,0.25
2020-02-04,2023,0.25
2020-02-05,2023,0.2
2020-02-06,2023,0.2
2020-02-07,2023,0.2
2020-02-10,2023,0.2
2020-02-11,2023,0.2
2020-02-12,2023,0.2
2020-02-13,2023,0.23
2020-02-14,2023,0.23
2020-02-17,2023,0.2
2020-02-18,2023,0.15
2020-02-19,2023,0.15
2020-02-20,2023,0.15
2020-02-21,2023,0.15
2020-02-26,2023,0.15
2020-02-27,2023,0.15
2020-02-28,2023,0.2
2020-03-02,2023,0.23
2020-03-03,2023,0.23
2020-03-04,2023,0.28
2020-03-05,2023,0.28
2020-03-06,2023,0.25
2020-03-09,2023,0.23
2020-03-10,2023,0.23
2020-03-11,2023,0.23
2020-03-12,2023,0.23
2020-03-13,2023,0.2
2020-03-16,2023,0.2
2020-03-17,2023,0.2
2020-03-18,2023,0.2
2020-03-19,2023,0.2
2020-03-20,2023,0.2
2020-03-23,2023,0.2
2020-03-24,2023,0.2
2020-03-25,2023,0.2
2020-03-26,2023,0.2
2020-03-27,2023,0.15
2020-03-30,2023,0.1
2020-03-31,2023,0.1
2020-04-01,2023,0.1
2020-04-02,2023,0.1
2020-04-03,2023,0.1
2020-04-06,2023,0.05
2020-04-07,2023,0.0
2020-04-08,2023,0.0
2020-04-09,2023,0.0
2020-04-13,2023,-0.5
2020-04-14,2023,-0.4
2020-04-15,2023,-0.5
2020-04-16,2023,-0.5
2020-04-17,2023,-0.5
2020-04-20,2023,-0.5
2020-04-22,2023,-0.5
2020-04-23,2023,-0.5
2020-04-24,2023,-0.5
2020-04-27,2023,-0.5
2020-04-28,2023,-0.5
2020-04-29,2023,-0.5
2020-04-30,2023,-0.55
2020-05-04,2023,-0.7
2020-05-05,2023,-0.7
2020-05-06,2023,-0.7
2020-05-07,2023,-0.7
2020-05-08,2023,-0.7
2020-05-11,2023,-0.6
2020-05-12,2023,-0.6
2020-05-13,2023,-0.55
2020-05-14,2023,-0.55
2020-05-15,2023,-0.8
2020-05-18,2023,-0.6
2020-05-19,2023,-0.6
2020-05-20,2023,-0.6
2020-05-21,2023,-0.6
2020-05-22,2023,-0.8
2020-05-25,2023,-0.8
2020-05-26,2023,-0.8
2020-05-27,2023,-0.8
2020-05-28,2023,-0.8
2020-05-29,2023,-0.8
2020-06-01,2023,-0.75
2020-06-02,2023,-0.75
2020-06-03,2023,-0.8
2020-06-04,2023,-0.8
2020-06-05,2023,-0.8
2020-06-08,2023,-0.8
2020-06-09,2023,-0.7
2020-06-10,2023,-0.85
2020-06-12,2023,-1.0
2020-06-15,2023,-1.0
2020-06-16,2023,-1.0
2020-06-17,2023,-1.0
2020-06-18,2023,-1.0
2020-06-19,2023,-1.0
2020-06-22,2023,-1.0
2020-06-23,2023,-1.0
2020-06-24,2023,-1.0
2020-06-25,2023,-1.0
2020-06-26,2023,-1.0
2020-06-29,2023,-1.0
2020-06-30,2023,-1.0
2020-07-01,2023,-1.0
2020-07-02,2023,-1.0
2020-07-03,2023,-1.0
2020-07-06,2023,-1.0
2020-07-07,2023,-1.0
2020-07-08,2023,-1.0
2020-07-09,2023,-1.0
2020-07-10,2023,-1.0
2020-07-13,2023,-1.0
2020-07-14,2023,-1.0
2020-07-15,2023,-1.0
2020-07-16,2023,-1.0
2020-07-17,2023,-1.0
2020-07-20,2023,-1.0
2020-07-21,2023,-1.0
2020-07-22,2023,-1.0
2020-07-23,2023,-1.0
2020-07-24,2023,-1.0
2020-07-27,2023,-1.0
2020-07-28,2023,-1.0
2020-07-29,2023,-1.25
2020-07-30,2023,-1.25
2020-07-31,2023,-1.48
2020-08-03,2023,-1.48
2020-08-04,2023,-1.48
2020-08-05,2023,-1.48
2020-08-06,2023,-1.24
2020-08-07,2023,-1.48
2020-08-10,2023,-1.24
2020-08-11,2023,-1.24
2020-08-12,2023,-1.48
2020-08-13,2023,-1.48
2020-08-14,2023,-1.5
2020-08-17,2023,-1.49
2020-08-18,2023,-1.24
2020-08-19,2023,-1.24
2020-08-20,2023,-1.24
2020-08-21,2023,-1.24
2020-08-24,2023,-1.48
2020-08-25,2023,-1.48
2020-08-26,2023,-1.48
2020-08-27,2023,-1.48
2020-08-28,2023,-1.24
2020-08-31,2023,-1.0
2020-09-01,2023,-1.0
2020-09-02,2023,-1.0
2020-09-03,2023,-1.0
2020-09-04,2023,-1.25
2020-09-08,2023,-1.25
2020-09-09,2023,-1.44
2020-09-10,2023,-1.44
2020-09-11,2023,-1.47
2020-09-14,2023,-1.44
2020-09-15,2023,-1.44
2020-09-16,2023,-1.44
2020-09-17,2023,-1.5
2020-09-18,2023,-1.5
2020-09-21,2023,-1.5
2020-09-22,2023,-1.5
2020-09-23,2023,-1.5
2020-09-24,2023,-1.5
2020-09-25,2023,-1.47
2020-09-28,2023,-1.47
2020-09-29,2023,-1.47
2020-09-30,2023,-1.47
2020-10-01,2023,-1.47
2020-10-02,2023,-1.44
2020-10-05,2023,-1.44
2020-10-06,2023,-1.44
2020-10-07,2023,-1.47
2020-10-08,2023,-1.47
2020-10-09,2023,-1.47
2020-10-13,2023,-1.25
2020-10-14,2023,-1.0
2020-10-15,2023,-1.0
2020-10-16,2023,-1.25
2020-10-19,2023,-1.0
2020-10-20,2023,-1.0
2020-10-21,2023,-1.0
2020-10-22,2023,-1.0
2020-10-23,2023,-1.5
2020-10-26,2023,-1.5
2020-10-27,2023,-1.5
2020-10-28,2023,-1.5
2020-10-29,2023,-1.5
2020-10-30,2023,-1.25
2020-11-03,2023,-1.5
2020-11-04,2023,-1.5
2020-11-05,2023,-1.5
2020-11-06,2023,-1.5
2020-11-09,2023,-1.5
2020-11-10,2023,-1.5
2020-11-11,2023,-1.5
2020-11-12,2023,-1.5
2020-11-13,2023,-1.5
2020-11-16,2023,-1.47
2020-11-17,2023,-1.44
2020-11-18,2023,-1.44
2020-11-19,2023,-1.47
2020-11-20,2023,-1.47
2020-11-23,2023,-1.44
2020-11-24,2023,-1.44
2020-11-25,2023,-1.47
2020-11-26,2023,-1.47
2020-11-27,2023,-1.42
2020-11-30,2023,-1.44
2020-12-01,2023,-1.47
2020-12-02,2023,-1.47
2020-12-03,2023,-1.47
2020-12-04,2023,-1.47
2020-12-07,2023,-1.47
2020-12-08,2023,-1.47
2020-12-09,2023,-1.47
2020-12-10,2023,-1.47
2020-12-11,2023,-1.47
2020-12-14,2023,-1.5
2020-12-15,2023,-1.5
2020-12-16,2023,-1.5
2020-12-17,2023,-1.5
2020-12-18,2023,-1.5
2020-12-21,2023,-1.5
2020-12-22,2023,-1.5
2020-12-23,2023,-1.5
2020-12-24,2023,-1.5
2020-12-28,2023,-1.47
2020-12-29,2023,-1.47
2020-12-30,2023,-1.47
2020-12-31,2023,-1.47
2021-01-04,2023,-1.5
2021-01-05,2023,-1.5
2021-01-06,2023,-1.5
2021-01-07,2023,-1.47
2021-01-08,2023,-1.47
2021-01-11,2023,-1.44
2021-01-12,2023,-1.44
2021-01-13,2023,-1.44
2021-01-14,2023,-1.44
2021-01-15,2023,-1.47
2021-01-18,2023,-1.65
2021-01-19,2023,-1.65
2021-01-20,2023,-1.8
2021-01-21,2023,-1.65
2021-01-22,2023,-1.65
2021-01-25,2023,-1.47
2021-01-26,2023,-1.47
2021-01-27,2023,-1.47
2021-01-28,2023,-1.5
2021-01-29,2023,-1.5
2021-02-01,2023,-1.5
2021-02-02,2023,-1.45
2021-02-03,2023,-1.45
2021-02-04,2023,-1.4
2021-02-05,2023,-1.45
2021-02-08,2023,-1.4
2021-02-09,2023,-1.4
2021-02-10,2023,-1.4
2021-02-11,2023,-1.45
2021-02-12,2023,-1.45
2021-02-17,2023,-1.4
2021-02-18,2023,-1.4
2021-02-19,2023,-1.4
2021-02-22,2023,-1.4
2021-02-23,2023,-1.4
2021-02-24,2023,-1.4
2021-02-25,2023,-1.45
2021-02-26,2023,-1.45
2021-03-01,2023,-1.5
2021-03-02,2023,-1.5
2021-03-03,2023,-1.5
2021-03-04,2023,-1.5
2021-03-05,2023,-1.5
2021-03-08,2023,-1.5
2021-03-09,2023,-1.5
2021-03-10,2023,-1.5
2021-03-11,2023,-1.5
2021-03-12,2023,-1.5
2021-03-15,2023,-1.6
2021-03-16,2023,-1.6
2021-03-17,2023,-1.6
2021-03-18,2023,-1.6
2021-03-19,2023,-1.6
2021-03-22,2023,-1.6
2021-03-23,2023,-1.6
2021-03-24,2023,-1.6
2021-03-25,2023,-1.6
2021-03-26,2023,-1.6
2021-03-29,2023,-1.6
2021-03-30,2023,-1.6
2021-03-31,2023,-1.6
2021-04-01,2023,-1.6
2021-04-05,2023,-1.6
2021-04-06,2023,-1.6
2021-04-07,2023,-1.6
2021-04-08,2023,-1.6
2021-04-09,2023,-1.6
2021-04-12,2023,-1.6
2021-04-13,2023,-1.6
2021-04-14,2023,-1.6
2021-04-15,2023,-1.7
2021-04-16,2023,-1.6
2021-04-19,2023,-1.6
2021-04-20,2023,-1.6
2021-04-22,2023,-1.6
2021-04-23,2023,-1.3
2021-04-26,2023,-1.2
2021-04-27,2023,-1.2
2021-04-28,2023,-1.2
2021-04-29,2023,-1.2
2021-04-30,2023,-1.2
2021-05-03,2023,-1.1
2021-05-04,2023,-1.1
2021-05-05,2023,-1.1
2021-05-06,2023,-1.1
2021-05-07,2023,-1.1
2021-05-10,2023,-1.1
2021-05-11,2023,-1.1
2021-05-12,2023,-1.1
2021-05-13,2023,-1.1
2021-05-14,2023,-1.1
2021-05-17,2023,-1.1
2021-05-18,2023,-1.1
2021-05-19,2023,-1.1
2021-05-20,2023,-1.3
2021-05-21,2023,-1.2
2021-05-24,2023,-1.3
2021-05-25,2023,-1.3
2021-05-26,2023,-1.2
2021-05-27,2023,-1.2
2021-05-28,2023,-1.1
2021-05-31,2023,-1.11
2021-06-01,2023,-1.11
2021-06-02,2023,-1.11
2021-06-04,2023,-1.1
2021-06-07,2023,-1.1
2021-06-08,2023,-1.1
2021-06-09,2023,-1.1
2021-06-10,2023,-1.1
2021-06-11,2023,-1.1
2021-06-14,2023,-1.1
2021-06-15,2023,-1.1
2021-06-16,2023,-1.11
2021-06-17,2023,-1.1
2021-06-18,2023,-1.1
2021-06-21,2023,-1.1
2021-06-22,2023,-1.1
2021-06-23,2023,-1.1
2021-06-24,2023,-1.1
2021-06-25,2023,-1.1
2021-06-28,2023,-1.1
2021-06-29,2023,-1.1
2021-06-30,2023,-1.1
2021-07-01,2023,-1.1
2021-07-02,2023,-1.1
2021-07-05,2023,-1.1
2021-07-06,2023,-1.1
2021-07-07,2023,-1.1
2021-07-08,2023,-1.1
2021-07-09,2023,-1.1
2021-07-12,2023,-0.97
2021-07-13,2023,-0.97
2021-07-14,2023,-0.97
2021-07-15,2023,-0.97
2021-07-16,2023,-0.9
2021-07-19,2023,-0.8
2021-07-20,2023,-0.8
2021-07-21,2023,-0.9
2021-07-22,2023,-0.935
2021-07-23,2023,-0.935
2021-07-26,2023,-0.8
2021-07-27,2023,-0.8
2021-07-28,2023,-0.8
2021-07-29,2023,-0.9
2021-07-30,2023,-0.7
2021-08-02,2023,-0.7
2021-08-03,2023,-0.7
2021-08-04,2023,-0.7
2021-08-05,2023,-0.7
2021-08-06,2023,-0.7
2021-08-09,2023,-0.7
2021-08-10,2023,-0.7
2021-08-11,2023,-0.7
2021-08-12,2023,-0.7
2021-08-13,2023,-0.7
2021-08-16,2023,-0.7
2021-08-17,2023,-0.7
2021-08-18,2023,-0.7
2021-08-19,2023,-0.7
2021-08-20,2023,-0.7
2021-08-23,2023,-0.7
2021-08-24,2023,-0.7
2021-08-25,2023,-0.65
2021-08-26,2023,-0.7
2021-08-27,2023,-0.7
2021-08-30,2023,-0.7
2021-08-31,2023,-0.7
2021-09-01,2023,-0.7
2021-09-02,2023,-0.7
2021-09-03,2023,-0.7
2021-09-06,2023,-0.75
2021-09-08,2023,-0.75
2021-09-09,2023,-0.75
2021-09-10,2023,-0.7
2021-09-13,2023,-0.7
2021-09-14,2023,-0.7
2021-09-15,2023,-0.7
2021-09-16,2023,-0.7
2021-09-17,2023,-0.65
2021-09-20,2023,-0.6
2021-09-21,2023,-0.6
2021-09-22,2023,-0.6
2021-09-23,2023,-0.6
2021-09-24,2023,-0.55
2021-09-27,2023,-0.55
2021-09-28,2023,-0.55
2021-09-29,2023,-0.55
2021-09-30,2023,-0.55
2021-10-01,2023,-0.55
2021-10-04,2023,-0.5
2021-10-05,2023,-0.5
2021-10-06,2023,-0.5
2021-10-07,2023,-0.5
2021-10-08,2023,-0.5
2021-10-11,2023,-0.5
2021-10-13,2023,-0.5
2021-10-14,2023,-0.525
2021-10-15,2023,-0.5
2021-10-18,2023,-0.525
2021-10-19,2023,-0.525
2021-10-20,2023,-0.525
2021-10-21,2023,-0.525
2021-10-22,2023,-0.6
2021-10-25,2023,-0.6
2021-10-26,2023,-0.6
2021-10-27,2023,-0.6
2021-10-28,2023,-0.65
2021-10-29,2023,-0.65
2021-11-01,2023,-0.65
2021-11-03,2023,-0.65
2021-11-04,2023,-0.65
2021-11-05,2023,-0.7
2021-11-08,2023,-0.8
2021-11-09,2023,-0.8
2021-11-10,2023,-0.8407
2021-11-11,2023,-0.8407
2021-11-12,2023,-0.8407
2021-11-16,2023,-0.8
2021-11-17,2023,-0.8
2021-11-18,2023,-0.8
2021-11-19,2023,-0.8
2021-11-22,2023,-0.8
2021-11-23,2023,-0.8
2021-11-24,2023,-0.8
2021-11-25,2023,-0.8
2021-11-26,2023,-0.8
2021-11-29,2023,-0.8
2021-11-30,2023,-0.8
2021-12-01,2023,-0.8
2021-12-02,2023,-0.8
2021-12-03,2023,-0.8
2021-12-06,2023,-0.8
2021-12-07,2023,-0.7
2021-12-08,2023,-0.75
2021-12-09,2023,-0.7
2021-12-10,2023,-0.7
2021-12-13,2023,-0.75
2021-12-14,2023,-0.7
2021-12-15,2023,-0.7
2021-12-16,2023,-0.7
2021-12-17,2023,-0.7
2021-12-20,2023,-0.65
2021-12-21,2023,-0.7
2021-12-22,2023,-0.7
2021-12-23,2023,-0.7
2021-12-24,2023,-0.7
2021-12-27,2023,-0.7
2021-12-28,2023,-0.7
2021-12-29,2023,-0.7
2021-12-30,2023,-0.7
2021-12-31,2023,-0.7
2022-01-03,2023,-0.6
2022-01-04,2023,-0.6
2022-01-05,2023,-0.6
2022-01-06,2023,-0.6
2022-01-07,2023,-0.65
2022-01-10,2023,-0.65
2022-01-11,2023,-0.65
2022-01-12,2023,-0.65
2022-01-13,2023,-0.65
2022-01-14,2023,-0.625
2022-01-17,2023,-0.6
2022-01-18,2023,-0.625
2022-01-19,2023,-0.625
2022-01-20,2023,-0.625
2022-01-21,2023,-0.6
2022-01-24,2023,-0.65
2022-01-25,2023,-0.65
2022-01-26,2023,-0.65
2022-01-27,2023,-0.65
2022-01-28,2023,-0.65
2022-01-31,2023,-0.6
2022-02-01,2023,-0.6
2022-02-02,2023,-0.6
2022-02-03,2023,-0.55
2022-02-04,2023,-0.5
2022-02-07,2023,-0.5
2022-02-08,2023,-0.5
2022-02-09,2023,-0.5
2022-02-10,2023,-0.5
2022-02-11,2023,-0.5
2022-02-14,2023,-0.5
2022-02-15,2023,-0.5
2022-02-16,2023,-0.5
2022-02-17,2023,-0.5
2022-02-18,2023,-0.5
2022-02-21,2023,-0.5
2022-02-22,2023,-0.5
2022-02-23,2023,-0.5
2022-02-24,2023,-0.5
2022-02-25,2023,-0.5
2022-03-02,2023,-0.5
2022-03-03,2023,-0.5
2022-03-04,2023,-0.5
2022-03-07,2023,-0.5
2022-03-08,2023,-0.5
2022-03-09,2023,-0.5
2022-03-10,2023,-0.5
2022-03-11,2023,-0.5
2022-03-14,2023,-0.5
2022-03-15,2023,-0.5
2022-03-16,2023,-0.5
2022-03-17,2023,-0.5
2022-03-18,2023,-0.5
2022-03-21,2023,-0.5
2022-03-22,2023,-0.5
2022-03-23,2023,-0.5
2022-03-24,2023,-0.5
2022-03-25,2023,-0.5
2022-03-28,2023,-0.5
2022-03-29,2023,-0.5
2022-03-30,2023,-0.5
2022-03-31,2023,-0.5
2022-04-01,2023,-0.5
2022-04-04,2023,-0.5
2022-04-05,2023,-0.5
2022-04-06,2023,-0.5
2022-04-07,2023,-0.5
2022-04-08,2023,-0.5
2022-04-11,2023,-0.565
2022-04-12,2023,-0.565
2022-04-13,2023,-0.565
2022-04-14,2023,-0.5
2022-04-18,2023,-0.5
2022-04-19,2023,-0.5
2022-04-20,2023,-0.5
2022-04-22,2023,-0.5
2022-04-25,2023,-0.5
2022-04-26,2023,-0.5
2022-04-27,2023,-0.5
2022-04-28,2023,-0.5
2022-04-29,2023,-0.45
2022-05-02,2023,-0.4
2022-05-03,2023,-0.4
2022-05-04,2023,-0.4
2022-05-05,2023,-0.4
2022-05-06,2023,-0.3273
2022-05-09,2023,-0.3273
2022-05-10,2023,-0.3273
2022-05-11,2023,-0.3273
2022-05-12,2023,-0.3137
2022-05-13,2023,-0.3137
2022-05-16,2023,-0.3273
2022-05-17,2023,-0.3273
2022-05-18,2023,-0.3273
2022-05-19,2023,-0.3273
2022-05-20,2023,-0.3
2022-05-23,2023,-0.3
2022-05-24,2023,-0.3
2022-05-25,2023,-0.3273
2022-05-26,2023,-0.3273
2022-05-27,2023,-0.3273
2022-05-30,2023,-0.35
2022-05-31,2023,-0.35
2022-06-01,2023,-0.35
2022-06-02,2023,-0.35
2022-06-03,2023,-0.35
2022-06-06,2023,-0.35
2022-06-07,2023,-0.35
2022-06-08,2023,-0.35
2022-06-09,2023,-0.4
2022-06-10,2023,-0.3
2022-06-13,2023,-0.3
2022-06-14,2023,-0.3
2022-06-15,2023,-0.2
2022-06-17,2023,-0.25
2022-06-20,2023,-0.1
2022-06-21,2023,-0.1
2022-06-22,2023,-0.1
2022-06-23,2023,-0.1
2022-06-24,2023,-0.1
2022-06-27,2023,-0.1
2022-06-28,2023,-0.1
2022-06-29,2023,-0.1
2022-06-30,2023,-0.1
2022-07-01,2023,-0.1
2022-07-04,2023,-0.1
2022-07-05,2023,-0.1
2022-07-06,2023,-0.1
2022-07-07,2023,-0.2
2022-07-08,2023,-0.2
2022-07-11,2023,-0.25
2022-07-12,2023,-0.15
2022-07-13,2023,-0.1
2022-07-14,2023,-0.1
2022-07-15,2023,-0.2
2022-07-18,2023,-0.2
2022-07-19,2023,-0.2
2022-07-20,2023,-0.3
2022-07-21,2023,-0.3
2022-07-22,2023,-0.3
2022-07-25,2023,-0.3
2022-07-26,2023,-0.3
2022-07-27,2023,-0.3
2022-07-28,2023,-0.3
2022-07-29,2023,-0.3
2022-08-01,2023,-0.3
2022-08-02,2023,-0.3
2022-08-03,2023,-0.3
2022-08-04,2023,-0.3
2022-08-05,2023,-0.3
2022-08-08,2023,-0.3
2022-08-09,2023,-0.3
2022-08-10,2023,-0.3
2022-08-11,2023,-0.3
2022-08-12,2023,-0.3666
2022-08-15,2023,-0.4
2022-08-16,2023,-0.4
2022-08-17,2023,-0.4
2022-08-18,2023,-0.47
2022-08-19,2023,-0.47
2022-08-22,2023,-0.47
2022-08-23,2023,-0.47
2022-08-24,2023,-0.485
2022-08-25,2023,-0.485
2022-08-26,2023,-0.485
2022-08-29,2023,-0.5
2022-08-30,2023,-0.5
2022-08-31,2023,-0.5
2022-09-01,2023,-0.5
2022-09-02,2023,-0.5
2022-09-05,2023,-0.5
2022-09-06,2023,-0.5
2022-09-08,2023,-0.5
2022-09-09,2023,-0.5
2022-09-12,2023,-0.5
2022-09-13,2023,-0.5
2022-09-14,2023,-0.5
2022-09-15,2023,-0.5
2022-09-16,2023,-0.5
2022-09-19,2023,-0.5
2022-09-20,2023,-0.5
2022-09-21,2023,-0.5
2022-09-22,2023,-0.5
2022-09-23,2023,-0.5
2022-09-26,2023,-0.5
2022-09-27,2023,-0.5
2022-09-28,2023,-0.5
2022-09-29,2023,-0.5
2022-09-30,2023,-0.5
2022-10-03,2023,-0.5
2022-10-04,2023,-0.5
2022-10-05,2023,-0.5
2022-10-06,2023,-0.5
2022-10-07,2023,-0.5
2022-10-10,2023,-0.5
2022-10-11,2023,-0.5
2022-10-13,2023,-0.5
2022-10-14,2023,-0.5
2022-10-17,2023,-0.5
2022-10-18,2023,-0.5
2022-10-19,2023,-0.55
2022-10-20,2023,-0.5
2022-10-21,2023,-0.5
2022-10-24,2023,-0.5
2022-10-25,2023,-0.5
2022-10-26,2023,-0.5
2022-10-27,2023,-0.5
2022-10-28,2023,-0.5
2022-10-31,2023,-0.5
2022-11-01,2023,-0.5
2022-11-03,2023,-0.55
2022-11-04,2023,-0.5
2022-11-07,2023,-0.5
2022-11-08,2023,-0.5
2022-11-09,2023,-0.5
2022-11-10,2023,-0.5
2022-11-11,2023,-0.55
2022-11-14,2023,-0.65
2022-11-16,2023,-0.65
2022-11-17,2023,-0.65
2022-11-18,2023,-0.8
2022-11-21,2023,-0.8
2022-11-22,2023,-0.8
2022-11-23,2023,-0.8
2022-11-24,2023,-0.8
2022-11-25,2023,-0.8
2022-11-28,2023,-0.8
2022-11-29,2023,-0.8
2022-11-30,2023,-0.8
2022-12-01,2023,-0.8
2022-12-02,2023,-0.9
2022-12-05,2023,-0.9244
2022-12-06,2023,-0.9
2022-12-07,2023,-0.9
2022-12-08,2023,-0.8
2022-12-09,2023,-0.9488
2022-12-12,2023,-0.9244
2022-12-13,2023,-0.9244
2022-12-14,2023,-0.9244
2022-12-15,2023,-0.9488
2022-12-16,2023,-1.0
2022-12-19,2023,-1.1
2022-12-20,2023,-1.1
2022-12-21,2023,-1.135
2022-12-22,2023,-1.135
2022-12-23,2023,-1.17
2022-12-26,2023,-1.185
2022-12-27,2023,-1.185
2022-12-28,2023,-1.185
2022-12-29,2023,-1.185
2022-12-30,2023,-1.2
2023-01-02,2023,-1.2
2023-01-03,2023,-1.2
2023-01-04,2023,-1.2
2023-01-05,2023,-1.2
2023-01-06,2023,-1.2
2023-01-09,2023,-1.2
2023-01-10,2023,-1.2
2023-01-11,2023,-1.2
2023-01-12,2023,-1.2
2023-01-13,2023,-1.185
2023-01-16,2023,-1.2
2023-01-17,2023,-1.2
2023-01-18,2023,-1.2
2023-01-19,2023,-1.2
2023-01-20,2023,-1.11
2023-01-23,2023,-1.1
2023-01-24,2023,-1.1
2023-01-25,2023,-1.1
2023-01-26,2023,-1.1
2023-01-27,2023,-1.1
2023-01-30,2023,-1.1
2023-01-31,2023,-1.1
2023-02-01,2023,-1.1
2023-02-02,2023,-1.1
2023-02-03,2023,-1.1
2023-02-06,2023,-1.1
2023-02-07,2023,-1.1
2023-02-08,2023,-1.1
2023-02-09,2023,-1.1
2023-02-10,2023,-1.1
2023-02-13,2023,-1.1
2023-02-14,2023,-1.1
2023-02-15,2023,-1.1
2023-02-16,2023,-1.065
2023-02-17,2023,-1.05
2023-02-22,2023,-1.1
2023-02-23,2023,-1.1
2023-02-24,2023,-1.0336
2023-02-27,2023,-1.0168
2023-02-28,2023,-1.0
2023-03-01,2023,-1.0
2023-03-02,2023,-1.0
2023-03-03,2023,-1.0
2023-03-06,2023,-1.0
2023-03-07,2023,-1.0
2023-03-08,2023,-1.0
2023-03-09,2023,-1.0
2023-03-10,2023,-1.0
2023-03-13,2023,-1.0
2023-03-14,2023,-1.005
2023-03-15,2023,-1.01
2023-03-16,2023,-1.005
2023-03-17,2023,-1.005
2023-03-20,2023,-1.01
2023-03-21,2023,-1.0218
2023-03-22,2023,-1.0218
2023-03-23,2023,-1.0218
2023-03-24,2023,-1.0218
2023-03-27,2023,-1.01
2023-03-28,2023,-1.01
2023-03-29,2023,-1.01
2023-03-30,2023,-1.01
2023-03-31,2023,-1.005
2023-04-03,2023,-1.01
2023-04-04,2023,-1.01
2023-04-05,2023,-1.01
2023-04-06,2023,-1.005
2023-04-10,2023,-1.0
2023-04-11,2023,-1.0
2023-04-12,2023,-1.0
2023-04-13,2023,-1.0
2023-04-14,2023,-1.0
2023-04-17,2023,-1.01
2023-04-18,2023,-1.01
2023-04-19,2023,-1.01
2023-04-20,2023,-1.0
2023-04-24,2023,-1.0
2023-04-25,2023,-1.0
2023-04-26,2023,-1.0
2023-04-27,2023,-1.0
2023-04-28,2023,-1.0
2023-05-02,2023,-1.0
2023-05-03,2023,-1.0
2023-05-04,2023,-1.0
2023-05-05,2023,-1.0
2023-05-08,2023,-1.0
2023-05-09,2023,-1.0
2023-05-10,2023,-1.0
2023-05-11,2023,-1.0
2023-05-12,2023,-1.0
2023-05-15,2023,-1.0
2023-05-16,2023,-1.0
2023-05-17,2023,-1.0
2023-05-18,2023,-1.0
2023-05-19,2023,-1.0
2023-05-22,2023,-1.005
2023-05-23,2023,-1.005
2023-05-24,2023,-1.005
2023-05-25,2023,-1.01
2023-05-26,2023,-1.1
2023-05-29,2023,-1.055
2023-05-30,2023,-1.055
2023-05-31,2023,-1.1
2023-06-01,2023,-1.1
2023-06-02,2023,-1.1
2023-06-05,2023,-1.1
2023-06-06,2023,-1.1
2023-06-07,2023,-1.055
2023-06-09,2023,-1.045
2023-06-12,2023,-1.09
2023-06-13,2023,-1.08
2023-06-14,2023,-1.08
2023-06-15,2023,-1.08
2023-06-16,2023,-1.01
2023-06-19,2023,-1.01
2023-06-20,2023,-1.01
2023-06-21,2023,-1.01
2023-06-22,2023,-1.01
2023-06-23,2023,-1.005
2023-06-26,2023,-1.005
2023-06-27,2023,-1.0
2023-06-28,2023,-1.0
2023-06-29,2023,-1.0
2023-06-30,2023,-1.015
2023-07-03,2023,-1.015
2023-07-04,2023,-1.015
2023-07-05,2023,-1.015
2023-07-06,2023,-1.03
2023-07-07,2023,-1.0
2023-07-10,2023,-1.0
2023-07-11,2023,-1.0
2023-07-12,2023,-1.0
2023-07-13,2023,-1.0
2023-07-14,2023,-1.0
2023-07-17,2023,-1.0
2023-07-18,2023,-1.0
2023-07-19,2023,-1.0
2023-07-20,2023,-1.0
2023-07-21,2023,-1.0
2023-07-24,2023,-1.0
2023-07-25,2023,-1.0
2023-07-26,2023,-1.0
2023-07-27,2023,-1.0
2023-07-28,2023,-1.0
2023-07-31,2023,-1.0
2023-08-01,2023,-1.0
2023-08-02,2023,-1.0
2023-08-03,2023,-1.0
2023-08-04,2023,-1.0
2023-08-07,2023,-1.0
2023-08-08,2023,-1.0
2023-08-09,2023,-1.0
2023-08-10,2023,-1.0
2023-08-11,2023,-1.0
2023-08-14,2023,-1.0
2023-08-15,2023,-1.0
2023-08-16,2023,-1.0
2023-08-17,2023,-1.0
2023-08-18,2023,-1.0
2023-08-21,2023,-1.0
2023-08-22,2023,-1.0
2023-08-23,2023,-1.0
2023-08-24,2023,-1.0
2023-08-25,2023,-1.0
2023-08-28,2023,-1.0
2023-08-29,2023,-1.0
2023-08-30,2023,-1.0
2023-08-31,2023,-1.0
2023-09-01,2023,-1.0
2023-09-04,2023,-1.0
2023-09-05,2023,-1.0
2023-09-06,2023,-1.0
2023-09-08,2023,-1.0
2023-09-11,2023,-1.0
2023-09-12,2023,-1.0
2023-09-13,2023,-1.0
2023-09-14,2023,-1.0
2023-09-15,2023,-1.0
2023-09-18,2023,-1.0
2023-09-19,2023,-1.0
2023-09-20,2023,-1.0
2023-09-21,2023,-1.0
2023-09-22,2023,-1.0
2023-09-25,2023,-1.1
2023-09-26,2023,-1.1
2023-09-27,2023,-1.1
2023-09-28,2023,-1.1
2023-09-29,2023,-1.1
2023-10-02,2023,-1.1
2023-10-03,2023,-1.1
2023-10-04,2023,-1.1
2023-10-05,2023,-1.1
2023-10-06,2023,-1.1
2023-10-09,2023,-1.1
2023-10-10,2023,-1.1
2023-10-11,2023,-1.1
2023-10-13,2023,-1.1
2023-10-16,2023,-1.1
2023-10-17,2023,-1.1
2023-10-18,2023,-1.1
2023-10-19,2023,-1.1
2023-10-20,2023,-1.1
2023-10-23,2023,-1.1
2023-10-24,2023,-1.1
2023-10-25,2023,-1.1
2023-10-26,2023,-1.1
2023-10-27,2023,-1.1
2023-10-30,2023,-1.1
2023-10-31,2023,-1.1
2023-11-01,2023,-1.1
2023-11-03,2023,-1.1
2023-11-06,2023,-1.1
2023-11-07,2023,-1.1
2023-11-08,2023,-1.1
2023-11-09,2023,-1.1
2023-11-10,2023,-1.1
2023-11-13,2023,-1.1
2023-11-14,2023,-1.1
2023-11-16,2023,-1.1
2023-11-17,2023,-1.1
2023-11-20,2023,-1.1
2023-11-21,2023,-1.1
2023-11-22,2023,-1.1
2023-11-23,2023,-1.1
2023-11-24,2023,-1.1
2023-11-27,2023,-1.1
2023-11-28,2023,-1.1
2023-11-29,2023,-1.1
2023-11-30,2023,-1.1
2023-12-01,2023,-1.1
2023-12-04,2023,-1.1325
2023-12-05,2023,-1.1325
2023-12-06,2023,-1.16
2023-12-07,2023,-1.16
2023-12-08,2023,-1.2
2023-12-11,2023,-1.2
2023-12-12,2023,-1.2
2023-12-13,2023,-1.2
2023-12-14,2023,-1.2
2023-12-15,2023,-1.3
2023-12-18,2023,-1.3
2023-12-19,2023,-1.345
2023-12-20,2023,-1.395
2023-12-21,2023,-1.4
2023-12-22,2023,-1.4
2023-12-26,2023,-1.4
2023-12-27,2023,-1.4
2023-12-28,2023,-1.5
2023-12-29,2023,-1.5
2024-01-02,2023,-1.65
2024-01-03,2023,-1.65
2024-01-04,2023,-1.8
2024-01-05,2023,-2.0
2024-01-08,2023,-2.0
2024-01-09,2023,-2.0
2024-01-10,2023,-2.0
2024-01-11,2023,-2.0
2024-01-12,2023,-2.0
2024-01-15,2023,-2.1
2024-01-16,2023,-2.1
2024-01-17,2023,-2.1
2024-01-18,2023,-2.1
2024-01-19,2023,-2.1
2024-01-22,2023,-2.1
2024-01-23,2023,-2.1
2024-01-24,2023,-2.1
2024-01-25,2023,-2.1
2024-01-26,2023,-2.1
2024-01-29,2023,-2.1
2024-01-30,2023,-2.1
2024-01-31,2023,-2.1
2024-02-01,2023,-2.1
2024-02-02,2023,-2.1
2024-02-05,2023,-2.1
2024-02-06,2023,-2.1
2018-01-22,2024,1.0
2018-01-23,2024,1.0
2018-01-24,2024,1.0
2018-01-25,2024,1.0
2018-01-26,2024,1.0
2018-01-29,2024,1.0
2018-01-30,2024,1.0
2018-01-31,2024,1.0
2018-02-01,2024,1.0
2018-02-02,2024,1.0
2018-02-05,2024,1.0
2018-02-06,2024,1.0
2018-02-07,2024,1.0
2018-02-08,2024,1.0
2018-02-09,2024,1.0
2018-02-14,2024,1.0
2018-02-15,2024,1.0
2018-02-16,2024,1.0
2018-02-19,2024,1.0
2018-02-20,2024,0.9
2018-02-21,2024,0.9
2018-02-22,2024,0.9
2018-02-23,2024,0.9
2018-02-26,2024,0.9
2018-02-27,2024,0.9
2018-02-28,2024,0.9
2018-03-01,2024,0.9
2018-03-02,2024,0.9
2018-03-05,2024,0.8
2018-03-06,2024,0.8
2018-03-07,2024,0.8
2018-03-08,2024,0.8
2018-03-09,2024,0.8
2018-03-12,2024,0.9
2018-03-13,2024,0.9
2018-03-14,2024,1.0
2018-03-15,2024,1.0
2018-03-16,2024,1.0
2018-03-19,2024,1.5
2018-03-20,2024,1.0
2018-03-21,2024,1.0
2018-03-22,2024,1.0
2018-03-23,2024,1.5
2018-03-26,2024,2.0
2018-03-27,2024,2.0
2018-03-28,2024,1.5
2018-03-29,2024,1.5
2018-04-02,2024,1.82
2018-04-03,2024,1.82
2018-04-04,2024,1.82
2018-04-05,2024,1.82
2018-04-06,2024,1.82
2018-04-09,2024,1.5
2018-04-10,2024,1.5
2018-04-11,2024,1.5
2018-04-12,2024,1.5
2018-04-13,2024,1.5
2018-04-16,2024,1.25
2018-04-17,2024,1.25
2018-04-18,2024,1.25
2018-04-19,2024,1.3
2018-04-20,2024,1.3
2018-04-23,2024,1.3
2018-04-24,2024,1.3
2018-04-25,2024,1.3
2018-04-26,2024,1.3
2018-04-27,2024,1.3
2018-04-30,2024,1.4
2018-05-02,2024,1.4
2018-05-03,2024,1.3
2018-05-04,2024,1.3
2018-05-07,2024,1.3
2018-05-08,2024,1.3
2018-05-09,2024,1.2
2018-05-10,2024,1.3
2018-05-11,2024,1.2
2018-05-14,2024,1.1
2018-05-15,2024,1.2
2018-05-16,2024,1.2
2018-05-17,2024,1.2
2018-05-18,2024,1.2
2018-05-21,2024,1.4
2018-05-22,2024,1.4
2018-05-23,2024,1.4
2018-05-24,2024,1.4
2018-05-25,2024,1.4
2018-05-28,2024,1.4
2018-05-29,2024,1.4
2018-05-30,2024,1.4
2018-06-01,2024,1.4
2018-06-04,2024,1.4
2018-06-05,2024,1.4
2018-06-06,2024,1.4
2018-06-07,2024,1.4
2018-06-08,2024,1.4
2018-06-11,2024,1.2
2018-06-12,2024,1.2
2018-06-13,2024,1.4
2018-06-14,2024,1.4
2018-06-15,2024,1.4
2018-06-18,2024,1.4
2018-06-19,2024,1.4
2018-06-20,2024,1.4
2018-06-21,2024,1.4
2018-06-22,2024,1.4
2018-06-25,2024,1.4
2018-06-26,2024,1.4
2018-06-27,2024,1.4
2018-06-28,2024,1.4
2018-06-29,2024,1.3
2018-07-02,2024,1.3
2018-07-03,2024,1.3
2018-07-04,2024,1.4
2018-07-05,2024,1.4
2018-07-06,2024,1.4
2018-07-09,2024,1.4
2018-07-10,2024,1.4
2018-07-11,2024,1.3
2018-07-12,2024,1.3
2018-07-13,2024,1.3
2018-07-16,2024,1.3
2018-07-17,2024,1.2
2018-07-18,2024,1.2
2018-07-19,2024,1.2
2018-07-20,2024,1.3
2018-07-23,2024,1.3
2018-07-24,2024,1.3
2018-07-25,2024,1.3
2018-07-26,2024,1.3
2018-07-27,2024,1.3
2018-07-30,2024,1.45
2018-07-31,2024,1.4
2018-08-01,2024,1.4
2018-08-02,2024,1.4
2018-08-03,2024,1.4
2018-08-06,2024,1.4
2018-08-07,2024,1.4
2018-08-08,2024,1.4
2018-08-09,2024,1.4
2018-08-10,2024,1.4
2018-08-13,2024,1.45
2018-08-14,2024,1.45
2018-08-15,2024,1.45
2018-08-16,2024,1.45
2018-08-17,2024,1.45
2018-08-20,2024,1.4
2018-08-21,2024,1.4
2018-08-22,2024,1.3
2018-08-23,2024,1.4
2018-08-24,2024,1.4
2018-08-27,2024,1.4
2018-08-28,2024,1.4
2018-08-29,2024,1.4
2018-08-30,2024,1.4
2018-08-31,2024,1.2
2018-09-03,2024,1.2
2018-09-04,2024,1.2
2018-09-05,2024,1.2
2018-09-06,2024,1.2
2018-09-10,2024,1.2
2018-09-11,2024,1.2
2018-09-12,2024,1.2
2018-09-13,2024,1.1
2018-09-14,2024,1.0
2018-09-17,2024,1.0
2018-09-18,2024,1.0
2018-09-19,2024,1.0
2018-09-20,2024,1.0
2018-09-21,2024,1.0
2018-09-24,2024,1.0
2018-09-25,2024,1.0
2018-09-26,2024,1.0
2018-09-27,2024,1.0
2018-09-28,2024,1.0
2018-10-01,2024,1.0
2018-10-02,2024,1.0
2018-10-03,2024,1.0
2018-10-04,2024,1.0
2018-10-05,2024,1.0
2018-10-08,2024,1.0
2018-10-09,2024,1.0
2018-10-10,2024,1.0
2018-10-11,2024,1.0
2018-10-15,2024,1.2
2018-10-16,2024,1.2
2018-10-17,2024,1.2
2018-10-18,2024,1.2
2018-10-19,2024,1.2
2018-10-22,2024,1.0
2018-10-23,2024,1.0
2018-10-24,2024,1.0
2018-10-25,2024,0.95
2018-10-26,2024,1.0
2018-10-29,2024,1.0
2018-10-30,2024,1.2
2018-10-31,2024,1.2
2018-11-01,2024,0.95
2018-11-05,2024,1.0
2018-11-06,2024,1.0
2018-11-07,2024,1.0
2018-11-08,2024,0.95
2018-11-09,2024,0.95
2018-11-12,2024,1.2
2018-11-13,2024,1.2
2018-11-14,2024,1.2
2018-11-16,2024,1.2
2018-11-19,2024,1.2
2018-11-20,2024,1.2
2018-11-21,2024,1.25
2018-11-22,2024,1.4
2018-11-23,2024,1.4
2018-11-26,2024,1.4
2018-11-27,2024,1.4
2018-11-28,2024,1.4
2018-11-29,2024,1.4
2018-11-30,2024,1.25
2018-12-03,2024,1.25
2018-12-04,2024,1.25
2018-12-05,2024,1.25
2018-12-06,2024,1.15
2018-12-07,2024,1.15
2018-12-10,2024,1.4
2018-12-11,2024,1.2
2018-12-12,2024,1.2
2018-12-13,2024,1.2
2018-12-14,2024,1.2
2018-12-17,2024,1.2
2018-12-18,2024,1.2
2018-12-19,2024,1.2
2018-12-20,2024,1.2
2018-12-21,2024,1.2
2018-12-24,2024,1.05
2018-12-26,2024,1.05
2018-12-27,2024,1.05
2018-12-28,2024,1.1
2018-12-31,2024,1.1
2019-01-02,2024,1.1
2019-01-03,2024,1.1
2019-01-04,2024,1.1
2019-01-07,2024,1.0
2019-01-08,2024,1.0
2019-01-09,2024,1.0
2019-01-10,2024,1.0
2019-01-11,2024,1.1
2019-01-14,2024,1.1
2019-01-15,2024,1.1
2019-01-16,2024,1.1
2019-01-17,2024,1.1
2019-01-18,2024,1.0
2019-01-21,2024,1.0
2019-01-22,2024,1.0
2019-01-23,2024,1.0
2019-01-24,2024,1.1
2019-01-25,2024,1.1
2019-01-28,2024,1.15
2019-01-29,2024,1.15
2019-01-30,2024,1.15
2019-01-31,2024,1.15
2019-02-01,2024,1.15
2019-02-04,2024,1.15
2019-02-05,2024,1.15
2019-02-06,2024,1.15
2019-02-07,2024,1.15
2019-02-08,2024,1.15
2019-02-11,2024,1.2
2019-02-12,2024,1.15
2019-02-13,2024,1.15
2019-02-14,2024,1.1
2019-02-15,2024,1.1
2019-02-18,2024,1.15
2019-02-19,2024,1.15
2019-02-20,2024,1.15
2019-02-21,2024,1.15
2019-02-22,2024,1.15
2019-02-25,2024,1.15
2019-02-26,2024,1.15
2019-02-27,2024,1.15
2019-02-28,2024,1.15
2019-03-01,2024,1.15
2019-03-06,2024,1.05
2019-03-07,2024,1.0
2019-03-08,2024,1.05
2019-03-11,2024,1.05
2019-03-12,2024,1.05
2019-03-13,2024,1.05
2019-03-14,2024,1.05
2019-03-15,2024,1.1
2019-03-18,2024,1.15
2019-03-19,2024,1.15
2019-03-20,2024,1.2
2019-03-21,2024,1.2
2019-03-22,2024,1.2
2019-03-25,2024,1.3
2019-03-26,2024,1.3
2019-03-27,2024,1.1
2019-03-28,2024,1.0
2019-03-29,2024,1.0
2019-04-01,2024,1.0
2019-04-02,2024,1.0
2019-04-03,2024,1.0
2019-04-04,2024,1.0
2019-04-05,2024,1.0
2019-04-08,2024,1.1
2019-04-09,2024,1.1
2019-04-10,2024,1.1
2019-04-11,2024,1.0
2019-04-12,2024,1.0
2019-04-15,2024,1.1
2019-04-16,2024,0.9
2019-04-17,2024,0.9
2019-04-18,2024,0.9
2019-04-22,2024,1.0
2019-04-23,2024,1.0
2019-04-24,2024,1.0
2019-04-25,2024,1.0
2019-04-26,2024,1.0
2019-04-29,2024,1.0
2019-04-30,2024,1.0
2019-05-02,2024,1.0
2019-05-03,2024,1.0
2019-05-06,2024,0.9
2019-05-07,2024,1.0
2019-05-08,2024,0.9
2019-05-09,2024,0.9
2019-05-10,2024,0.9
2019-05-13,2024,1.0
2019-05-14,2024,1.0
2019-05-15,2024,1.0
2019-05-16,2024,0.9
2019-05-17,2024,0.9
2019-05-20,2024,0.9
2019-05-21,2024,0.9
2019-05-22,2024,0.9
2019-05-23,2024,0.9
2019-05-24,2024,0.9
2019-05-27,2024,0.9
2019-05-28,2024,0.9
2019-05-29,2024,0.9
2019-05-30,2024,0.9
2019-05-31,2024,0.9
2019-06-03,2024,0.5
2019-06-04,2024,0.8
2019-06-05,2024,0.8
2019-06-06,2024,0.8
2019-06-07,2024,0.5
2019-06-10,2024,1.0
2019-06-11,2024,1.0
2019-06-12,2024,1.0
2019-06-13,2024,1.0
2019-06-14,2024,1.0
2019-06-17,2024,1.0
2019-06-18,2024,1.0
2019-06-19,2024,1.0
2019-06-21,2024,1.0
2019-06-24,2024,1.0
2019-06-25,2024,1.0
2019-06-26,2024,1.0
2019-06-27,2024,1.0
2019-06-28,2024,1.0
2019-07-01,2024,1.0
2019-07-02,2024,1.0
2019-07-03,2024,1.0
2019-07-04,2024,1.0
2019-07-05,2024,0.75
2019-07-08,2024,1.0
2019-07-09,2024,1.0
2019-07-10,2024,1.0
2019-07-11,2024,0.75
2019-07-12,2024,0.75
2019-07-15,2024,0.75
2019-07-16,2024,1.0
2019-07-17,2024,1.0
2019-07-18,2024,1.0
2019-07-19,2024,1.0
2019-07-22,2024,1.0
2019-07-23,2024,1.0
2019-07-24,2024,1.0
2019-07-25,2024,0.75
2019-07-26,2024,0.75
2019-07-29,2024,0.5
2019-07-30,2024,0.5
2019-07-31,2024,0.5
2019-08-01,2024,0.5
2019-08-02,2024,0.5
2019-08-05,2024,0.75
2019-08-06,2024,0.75
2019-08-07,2024,0.75
2019-08-08,2024,0.75
2019-08-09,2024,0.75
2019-08-12,2024,0.75
2019-08-13,2024,0.75
2019-08-14,2024,0.75
2019-08-15,2024,0.75
2019-08-16,2024,0.5
2019-08-19,2024,0.5
2019-08-20,2024,0.5
2019-08-21,2024,0.5
2019-08-22,2024,0.5
2019-08-23,2024,0.5
2019-08-26,2024,0.5
2019-08-27,2024,0.5
2019-08-28,2024,0.5
2019-08-29,2024,0.5
2019-08-30,2024,0.5
2019-09-02,2024,0.5
2019-09-03,2024,0.5
2019-09-04,2024,0.5
2019-09-05,2024,0.5
2019-09-06,2024,0.5
2019-09-09,2024,0.5
2019-09-10,2024,0.5
2019-09-11,2024,0.5
2019-09-12,2024,0.6
2019-09-13,2024,0.5
2019-09-16,2024,0.4
2019-09-17,2024,0.5
2019-09-18,2024,0.5
2019-09-19,2024,0.6
2019-09-20,2024,0.6
2019-09-23,2024,0.6
2019-09-24,2024,0.6
2019-09-25,2024,0.6
2019-09-26,2024,0.5
2019-09-27,2024,0.5
2019-09-30,2024,0.6
2019-10-01,2024,0.6
2019-10-02,2024,0.6
2019-10-03,2024,0.5
2019-10-04,2024,0.5
2019-10-07,2024,0.5
2019-10-08,2024,0.5
2019-10-09,2024,0.5
2019-10-10,2024,0.5
2019-10-11,2024,0.6
2019-10-14,2024,0.7
2019-10-15,2024,0.7
2019-10-16,2024,0.7
2019-10-17,2024,0.7
2019-10-18,2024,0.6
2019-10-21,2024,0.7
2019-10-22,2024,0.6
2019-10-23,2024,0.6
2019-10-24,2024,0.7
2019-10-25,2024,0.6
2019-10-28,2024,0.6
2019-10-29,2024,0.6
2019-10-30,2024,0.6
2019-10-31,2024,0.5
2019-11-01,2024,0.5
2019-11-04,2024,0.6
2019-11-05,2024,0.6
2019-11-06,2024,0.6
2019-11-07,2024,0.5
2019-11-08,2024,0.5
2019-11-11,2024,0.5
2019-11-12,2024,0.5
2019-11-13,2024,0.5
2019-11-14,2024,0.5
2019-11-18,2024,0.5
2019-11-19,2024,0.5
2019-11-20,2024,0.5
2019-11-21,2024,0.5
2019-11-22,2024,0.5
2019-11-25,2024,0.5
2019-11-26,2024,0.5
2019-11-27,2024,0.5
2019-11-28,2024,0.5
2019-11-29,2024,0.5
2019-12-02,2024,0.5
2019-12-03,2024,0.5
2019-12-04,2024,0.5
2019-12-05,2024,0.5
2019-12-06,2024,0.5
2019-12-09,2024,0.3
2019-12-10,2024,0.3
2019-12-11,2024,0.3
2019-12-12,2024,0.3
2019-12-13,2024,0.3
2019-12-16,2024,0.3
2019-12-17,2024,0.3
2019-12-18,2024,0.3
2019-12-19,2024,0.4
2019-12-20,2024,0.4
2019-12-23,2024,0.5
2019-12-24,2024,0.5
2019-12-26,2024,0.5
2019-12-27,2024,0.5
2019-12-30,2024,0.5
2019-12-31,2024,0.5
2020-01-02,2024,0.5
2020-01-03,2024,0.5
2020-01-06,2024,0.5
2020-01-07,2024,0.55
2020-01-08,2024,0.55
2020-01-09,2024,0.6
2020-01-10,2024,0.6
2020-01-13,2024,0.55
2020-01-14,2024,0.55
2020-01-15,2024,0.55
2020-01-16,2024,0.55
2020-01-17,2024,0.55
2020-01-20,2024,0.5
2020-01-21,2024,0.5
2020-01-22,2024,0.5
2020-01-23,2024,0.5
2020-01-24,2024,0.5
2020-01-27,2024,0.5
2020-01-28,2024,0.5
2020-01-29,2024,0.5
2020-01-30,2024,0.55
2020-01-31,2024,0.5
2020-02-03,2024,0.5
2020-02-04,2024,0.5
2020-02-05,2024,0.4
2020-02-06,2024,0.4
2020-02-07,2024,0.4
2020-02-10,2024,0.4
2020-02-11,2024,0.4
2020-02-12,2024,0.4
2020-02-13,2024,0.45
2020-02-14,2024,0.45
2020-02-17,2024,0.45
2020-02-18,2024,0.45
2020-02-19,2024,0.45
2020-02-20,2024,0.45
2020-02-21,2024,0.45
2020-02-26,2024,0.5
2020-02-27,2024,0.5
2020-02-28,2024,0.5
2020-03-02,2024,0.5
2020-03-03,2024,0.5
2020-03-04,2024,0.5
2020-03-05,2024,0.5
2020-03-06,2024,0.55
2020-03-09,2024,0.5
2020-03-10,2024,0.5
2020-03-11,2024,0.5
2020-03-12,2024,0.5
2020-03-13,2024,0.5
2020-03-16,2024,0.5
2020-03-17,2024,0.5
2020-03-18,2024,0.5
2020-03-19,2024,0.5
2020-03-20,2024,0.5
2020-03-23,2024,0.45
2020-03-24,2024,0.45
2020-03-25,2024,0.45
2020-03-26,2024,0.45
2020-03-27,2024,0.35
2020-03-30,2024,0.35
2020-03-31,2024,0.35
2020-04-01,2024,0.35
2020-04-02,2024,0.3
2020-04-03,2024,0.3
2020-04-06,2024,0.3
2020-04-07,2024,0.25
2020-04-08,2024,0.25
2020-04-09,2024,0.25
2020-04-13,2024,0.0
2020-04-14,2024,0.0
2020-04-15,2024,0.1
2020-04-16,2024,0.0
2020-04-17,2024,0.0
2020-04-20,2024,0.0
2020-04-22,2024,0.0
2020-04-23,2024,0.0
2020-04-24,2024,0.0
2020-04-27,2024,0.0
2020-04-28,2024,0.0
2020-04-29,2024,0.0
2020-04-30,2024,0.0
2020-05-04,2024,-0.05
2020-05-05,2024,-0.05
2020-05-06,2024,-0.05
2020-05-07,2024,-0.05
2020-05-08,2024,-0.05
2020-05-11,2024,0.0
2020-05-12,2024,0.0
2020-05-13,2024,0.0
2020-05-14,2024,0.0
2020-05-15,2024,-0.25
2020-05-18,2024,-0.05
2020-05-19,2024,-0.05
2020-05-20,2024,-0.05
2020-05-21,2024,-0.05
2020-05-22,2024,-0.25
2020-05-25,2024,-0.25
2020-05-26,2024,-0.25
2020-05-27,2024,-0.25
2020-05-28,2024,-0.25
2020-05-29,2024,-0.25
2020-06-01,2024,-0.4
2020-06-02,2024,-0.4
2020-06-03,2024,-0.25
2020-06-04,2024,-0.25
2020-06-05,2024,-0.3
2020-06-08,2024,-0.3
2020-06-09,2024,-0.1
2020-06-10,2024,-0.4
2020-06-12,2024,-0.5
2020-06-15,2024,-0.5
2020-06-16,2024,-0.5
2020-06-17,2024,-0.5
2020-06-18,2024,-0.5
2020-06-19,2024,-0.5
2020-06-22,2024,-0.5
2020-06-23,2024,-0.5
2020-06-24,2024,-0.5
2020-06-25,2024,-0.5
2020-06-26,2024,-0.5
2020-06-29,2024,-0.5
2020-06-30,2024,-0.5
2020-07-01,2024,-0.5
2020-07-02,2024,-0.5
2020-07-03,2024,-0.5
2020-07-06,2024,-0.5
2020-07-07,2024,-0.5
2020-07-08,2024,-0.5
2020-07-09,2024,-0.5
2020-07-10,2024,-0.5
2020-07-13,2024,-0.5
2020-07-14,2024,-0.5
2020-07-15,2024,-0.5
2020-07-16,2024,-0.5
2020-07-17,2024,-0.5
2020-07-20,2024,-0.5
2020-07-21,2024,-0.5
2020-07-22,2024,-0.5
2020-07-23,2024,-0.5
2020-07-24,2024,-0.5
2020-07-27,2024,-0.5
2020-07-28,2024,-0.5
2020-07-29,2024,-0.6
2020-07-30,2024,-0.6
2020-07-31,2024,-0.7
2020-08-03,2024,-0.7
2020-08-04,2024,-0.7
2020-08-05,2024,-0.7
2020-08-06,2024,-0.6
2020-08-07,2024,-0.7
2020-08-10,2024,-0.6
2020-08-11,2024,-0.6
2020-08-12,2024,-0.7
2020-08-13,2024,-0.7
2020-08-14,2024,-0.8
2020-08-17,2024,-0.75
2020-08-18,2024,-0.65
2020-08-19,2024,-0.65
2020-08-20,2024,-0.65
2020-08-21,2024,-0.65
2020-08-24,2024,-0.8
2020-08-25,2024,-0.8
2020-08-26,2024,-0.8
2020-08-27,2024,-0.8
2020-08-28,2024,-0.65
2020-08-31,2024,-0.5
2020-09-01,2024,-0.5
2020-09-02,2024,-0.5
2020-09-03,2024,-0.5
2020-09-04,2024,-0.65
2020-09-08,2024,-0.7
2020-09-09,2024,-0.9
2020-09-10,2024,-0.9
2020-09-11,2024,-0.85
2020-09-14,2024,-0.8
2020-09-15,2024,-0.8
2020-09-16,2024,-0.8
2020-09-17,2024,-0.9
2020-09-18,2024,-0.9
2020-09-21,2024,-0.9
2020-09-22,2024,-0.9
2020-09-23,2024,-0.9
2020-09-24,2024,-0.9
2020-09-25,2024,-0.85
2020-09-28,2024,-0.85
2020-09-29,2024,-0.85
2020-09-30,2024,-0.85
2020-10-01,2024,-0.85
2020-10-02,2024,-0.85
2020-10-05,2024,-0.85
2020-10-06,2024,-0.85
2020-10-07,2024,-0.9
2020-10-08,2024,-0.9
2020-10-09,2024,-0.9
2020-10-13,2024,-0.9
2020-10-14,2024,-0.5
2020-10-15,2024,-0.5
2020-10-16,2024,-0.9
2020-10-19,2024,-0.7
2020-10-20,2024,-0.7
2020-10-21,2024,-0.7
2020-10-22,2024,-0.75
2020-10-23,2024,-0.85
2020-10-26,2024,-0.85
2020-10-27,2024,-0.85
2020-10-28,2024,-0.85
2020-10-29,2024,-0.85
2020-10-30,2024,-0.85
2020-11-03,2024,-0.9
2020-11-04,2024,-0.9
2020-11-05,2024,-0.9
2020-11-06,2024,-0.9
2020-11-09,2024,-0.85
2020-11-10,2024,-0.9
2020-11-11,2024,-0.9
2020-11-12,2024,-0.9
2020-11-13,2024,-0.9
2020-11-16,2024,-0.89
2020-11-17,2024,-0.89
2020-11-18,2024,-0.89
2020-11-19,2024,-0.98
2020-11-20,2024,-0.98
2020-11-23,2024,-0.99
2020-11-24,2024,-0.99
2020-11-25,2024,-0.98
2020-11-26,2024,-0.98
2020-11-27,2024,-0.98
2020-11-30,2024,-0.98
2020-12-01,2024,-0.99
2020-12-02,2024,-0.99
2020-12-03,2024,-0.99
2020-12-04,2024,-0.99
2020-12-07,2024,-0.99
2020-12-08,2024,-0.99
2020-12-09,2024,-0.99
2020-12-10,2024,-0.99
2020-12-11,2024,-0.99
2020-12-14,2024,-1.0
2020-12-15,2024,-1.0
2020-12-16,2024,-1.0
2020-12-17,2024,-1.0
2020-12-18,2024,-0.9
2020-12-21,2024,-0.9
2020-12-22,2024,-0.9
2020-12-23,2024,-0.9
2020-12-24,2024,-0.9
2020-12-28,2024,-0.99
2020-12-29,2024,-0.99
2020-12-30,2024,-0.99
2020-12-31,2024,-0.99
2021-01-04,2024,-1.0
2021-01-05,2024,-1.0
2021-01-06,2024,-1.0
2021-01-07,2024,-0.99
2021-01-08,2024,-0.99
2021-01-11,2024,-0.98
2021-01-12,2024,-0.98
2021-01-13,2024,-0.98
2021-01-14,2024,-0.98
2021-01-15,2024,-0.99
2021-01-18,2024,-1.0
2021-01-19,2024,-1.0
2021-01-20,2024,-1.0
2021-01-21,2024,-1.0
2021-01-22,2024,-1.0
2021-01-25,2024,-0.99
2021-01-26,2024,-0.99
2021-01-27,2024,-0.99
2021-01-28,2024,-1.0
2021-01-29,2024,-0.85
2021-02-01,2024,-0.85
2021-02-02,2024,-1.0
2021-02-03,2024,-1.0
2021-02-04,2024,-0.85
2021-02-05,2024,-1.0
2021-02-08,2024,-0.95
2021-02-09,2024,-0.95
2021-02-10,2024,-0.95
2021-02-11,2024,-1.0
2021-02-12,2024,-1.0
2021-02-17,2024,-0.9
2021-02-18,2024,-0.9
2021-02-19,2024,-0.95
2021-02-22,2024,-0.7
2021-02-23,2024,-0.95
2021-02-24,2024,-0.95
2021-02-25,2024,-1.0
2021-02-26,2024,-1.0
2021-03-01,2024,-1.0
2021-03-02,2024,-1.0
2021-03-03,2024,-1.0
2021-03-04,2024,-1.0
2021-03-05,2024,-1.0
2021-03-08,2024,-1.0
2021-03-09,2024,-1.0
2021-03-10,2024,-1.0
2021-03-11,2024,-1.0
2021-03-12,2024,-1.0
2021-03-15,2024,-1.0
2021-03-16,2024,-1.0
2021-03-17,2024,-1.0
2021-03-18,2024,-1.0
2021-03-19,2024,-1.0
2021-03-22,2024,-1.1
2021-03-23,2024,-1.1
2021-03-24,2024,-1.1
2021-03-25,2024,-1.1
2021-03-26,2024,-1.0
2021-03-29,2024,-1.0
2021-03-30,2024,-1.0
2021-03-31,2024,-1.05
2021-04-01,2024,-1.05
2021-04-05,2024,-1.1
2021-04-06,2024,-1.1
2021-04-07,2024,-1.1
2021-04-08,2024,-1.1
2021-04-09,2024,-1.1
2021-04-12,2024,-1.1
2021-04-13,2024,-1.1
2021-04-14,2024,-1.1
2021-04-15,2024,-1.05
2021-04-16,2024,-1.05
2021-04-19,2024,-1.0
2021-04-20,2024,-1.0
2021-04-22,2024,-0.95
2021-04-23,2024,-0.9
2021-04-26,2024,-0.85
2021-04-27,2024,-0.85
2021-04-28,2024,-0.85
2021-04-29,2024,-0.85
2021-04-30,2024,-0.85
2021-05-03,2024,-0.8
2021-05-04,2024,-0.8
2021-05-05,2024,-0.8
2021-05-06,2024,-0.8
2021-05-07,2024,-0.8
2021-05-10,2024,-0.8
2021-05-11,2024,-0.8
2021-05-12,2024,-0.8
2021-05-13,2024,-0.8
2021-05-14,2024,-0.8
2021-05-17,2024,-0.8
2021-05-18,2024,-0.8
2021-05-19,2024,-0.8
2021-05-20,2024,-0.8
2021-05-21,2024,-0.8
2021-05-24,2024,-0.8
2021-05-25,2024,-0.8
2021-05-26,2024,-0.8
2021-05-27,2024,-0.8
2021-05-28,2024,-0.8
2021-05-31,2024,-0.725
2021-06-01,2024,-0.725
2021-06-02,2024,-0.725
2021-06-04,2024,-0.525
2021-06-07,2024,-0.4
2021-06-08,2024,-0.4
2021-06-09,2024,-0.5626
2021-06-10,2024,-0.5626
2021-06-11,2024,-0.5313
2021-06-14,2024,-0.5626
2021-06-15,2024,-0.5626
2021-06-16,2024,-0.6063
2021-06-17,2024,-0.6063
2021-06-18,2024,-0.6063
2021-06-21,2024,-0.5626
2021-06-22,2024,-0.5813
2021-06-23,2024,-0.5626
2021-06-24,2024,-0.5626
2021-06-25,2024,-0.5626
2021-06-28,2024,-0.5
2021-06-29,2024,-0.5
2021-06-30,2024,-0.5
2021-07-01,2024,-0.455
2021-07-02,2024,-0.455
2021-07-05,2024,-0.5
2021-07-06,2024,-0.5
2021-07-07,2024,-0.5
2021-07-08,2024,-0.5
2021-07-09,2024,-0.5
2021-07-12,2024,-0.41
2021-07-13,2024,-0.41
2021-07-14,2024,-0.41
2021-07-15,2024,-0.41
2021-07-16,2024,-0.41
2021-07-19,2024,-0.355
2021-07-20,2024,-0.355
2021-07-21,2024,-0.41
2021-07-22,2024,-0.455
2021-07-23,2024,-0.455
2021-07-26,2024,-0.5
2021-07-27,2024,-0.5
2021-07-28,2024,-0.5
2021-07-29,2024,-0.5
2021-07-30,2024,-0.4
2021-08-02,2024,-0.4
2021-08-03,2024,-0.4
2021-08-04,2024,-0.4
2021-08-05,2024,-0.3
2021-08-06,2024,-0.3
2021-08-09,2024,-0.3
2021-08-10,2024,-0.35
2021-08-11,2024,-0.35
2021-08-12,2024,-0.3
2021-08-13,2024,-0.3
2021-08-16,2024,-0.3
2021-08-17,2024,-0.3
2021-08-18,2024,-0.3
2021-08-19,2024,-0.3
2021-08-20,2024,-0.3
2021-08-23,2024,-0.35
2021-08-24,2024,-0.3
2021-08-25,2024,-0.1
2021-08-26,2024,-0.2
2021-08-27,2024,-0.2
2021-08-30,2024,-0.3
2021-08-31,2024,-0.3
2021-09-01,2024,-0.3
2021-09-02,2024,-0.3
2021-09-03,2024,-0.3
2021-09-06,2024,-0.3
2021-09-08,2024,-0.3
2021-09-09,2024,-0.3
2021-09-10,2024,-0.1
2021-09-13,2024,-0.15
2021-09-14,2024,-0.15
2021-09-15,2024,-0.2
2021-09-16,2024,-0.2
2021-09-17,2024,-0.1
2021-09-20,2024,-0.1
2021-09-21,2024,-0.1
2021-09-22,2024,-0.1
2021-09-23,2024,-0.1
2021-09-24,2024,-0.1
2021-09-27,2024,-0.1
2021-09-28,2024,-0.1
2021-09-29,2024,-0.1
2021-09-30,2024,-0.1
2021-10-01,2024,-0.1
2021-10-04,2024,-0.1
2021-10-05,2024,-0.1
2021-10-06,2024,0.0
2021-10-07,2024,-0.1
2021-10-08,2024,-0.1
2021-10-11,2024,0.0
2021-10-13,2024,0.0
2021-10-14,2024,-0.05
2021-10-15,2024,-0.1
2021-10-18,2024,-0.05
2021-10-19,2024,-0.05
2021-10-20,2024,-0.05
2021-10-21,2024,-0.05
2021-10-22,2024,-0.2
2021-10-25,2024,-0.2
2021-10-26,2024,-0.2
2021-10-27,2024,-0.2
2021-10-28,2024,-0.2
2021-10-29,2024,-0.2
2021-11-01,2024,-0.2
2021-11-03,2024,-0.2
2021-11-04,2024,-0.2
2021-11-05,2024,-0.3
2021-11-08,2024,-0.3
2021-11-09,2024,-0.3
2021-11-10,2024,-0.315
2021-11-11,2024,-0.315
2021-11-12,2024,-0.365
2021-11-16,2024,-0.4
2021-11-17,2024,-0.4
2021-11-18,2024,-0.4
2021-11-19,2024,-0.365
2021-11-22,2024,-0.4
2021-11-23,2024,-0.4
2021-11-24,2024,-0.4
2021-11-25,2024,-0.4
2021-11-26,2024,-0.4
2021-11-29,2024,-0.4
2021-11-30,2024,-0.4
2021-12-01,2024,-0.4
2021-12-02,2024,-0.4
2021-12-03,2024,-0.4
2021-12-06,2024,-0.35
2021-12-07,2024,-0.35
2021-12-08,2024,-0.4
2021-12-09,2024,-0.4
2021-12-10,2024,-0.4
2021-12-13,2024,-0.35
2021-12-14,2024,-0.4
2021-12-15,2024,-0.4
2021-12-16,2024,-0.4
2021-12-17,2024,-0.35
2021-12-20,2024,-0.4
2021-12-21,2024,-0.375
2021-12-22,2024,-0.375
2021-12-23,2024,-0.375
2021-12-24,2024,-0.375
2021-12-27,2024,-0.375
2021-12-28,2024,-0.375
2021-12-29,2024,-0.375
2021-12-30,2024,-0.375
2021-12-31,2024,-0.375
2022-01-03,2024,-0.35
2022-01-04,2024,-0.375
2022-01-05,2024,-0.375
2022-01-06,2024,-0.375
2022-01-07,2024,-0.4
2022-01-10,2024,-0.4
2022-01-11,2024,-0.4
2022-01-12,2024,-0.4
2022-01-13,2024,-0.4
2022-01-14,2024,-0.4
2022-01-17,2024,-0.4
2022-01-18,2024,-0.4
2022-01-19,2024,-0.4
2022-01-20,2024,-0.4
2022-01-21,2024,-0.35
2022-01-24,2024,-0.35
2022-01-25,2024,-0.35
2022-01-26,2024,-0.35
2022-01-27,2024,-0.35
2022-01-28,2024,-0.3
2022-01-31,2024,-0.3
2022-02-01,2024,-0.3
2022-02-02,2024,-0.3
2022-02-03,2024,-0.3
2022-02-04,2024,-0.25
2022-02-07,2024,-0.3
2022-02-08,2024,-0.3
2022-02-09,2024,-0.3
2022-02-10,2024,-0.2
2022-02-11,2024,-0.225
2022-02-14,2024,-0.2
2022-02-15,2024,-0.2
2022-02-16,2024,-0.2
2022-02-17,2024,-0.2
2022-02-18,2024,-0.2
2022-02-21,2024,-0.15
2022-02-22,2024,-0.15
2022-02-23,2024,-0.15
2022-02-24,2024,-0.15
2022-02-25,2024,-0.2
2022-03-02,2024,-0.2
2022-03-03,2024,-0.2
2022-03-04,2024,-0.2
2022-03-07,2024,-0.2
2022-03-08,2024,-0.2
2022-03-09,2024,-0.2
2022-03-10,2024,-0.2
2022-03-11,2024,-0.2
2022-03-14,2024,-0.2
2022-03-15,2024,-0.2
2022-03-16,2024,-0.2
2022-03-17,2024,-0.2
2022-03-18,2024,-0.225
2022-03-21,2024,-0.25
2022-03-22,2024,-0.25
2022-03-23,2024,-0.25
2022-03-24,2024,-0.3
2022-03-25,2024,-0.275
2022-03-28,2024,-0.15
2022-03-29,2024,-0.15
2022-03-30,2024,-0.15
2022-03-31,2024,-0.15
2022-04-01,2024,-0.2
2022-04-04,2024,-0.15
2022-04-05,2024,-0.2
2022-04-06,2024,-0.2
2022-04-07,2024,-0.2
2022-04-08,2024,-0.2
2022-04-11,2024,-0.2
2022-04-12,2024,-0.2
2022-04-13,2024,-0.2
2022-04-14,2024,-0.2
2022-04-18,2024,-0.225
2022-04-19,2024,-0.225
2022-04-20,2024,-0.225
2022-04-22,2024,-0.225
2022-04-25,2024,-0.2
2022-04-26,2024,-0.2
2022-04-27,2024,-0.2
2022-04-28,2024,-0.2
2022-04-29,2024,-0.2
2022-05-02,2024,-0.2
2022-05-03,2024,-0.2
2022-05-04,2024,-0.2
2022-05-05,2024,-0.2
2022-05-06,2024,-0.2
2022-05-09,2024,-0.2
2022-05-10,2024,-0.2
2022-05-11,2024,-0.2
2022-05-12,2024,-0.2
2022-05-13,2024,-0.2
2022-05-16,2024,-0.2
2022-05-17,2024,-0.2
2022-05-18,2024,-0.2
2022-05-19,2024,-0.2
2022-05-20,2024,-0.2
2022-05-23,2024,-0.2
2022-05-24,2024,-0.2
2022-05-25,2024,-0.2
2022-05-26,2024,-0.25
2022-05-27,2024,-0.25
2022-05-30,2024,-0.225
2022-05-31,2024,-0.225
2022-06-01,2024,-0.225
2022-06-02,2024,-0.225
2022-06-03,2024,-0.225
2022-06-06,2024,-0.225
2022-06-07,2024,-0.225
2022-06-08,2024,-0.225
2022-06-09,2024,-0.225
2022-06-10,2024,0.0
2022-06-13,2024,0.0
2022-06-14,2024,0.0
2022-06-15,2024,-0.1
2022-06-17,2024,-0.1
2022-06-20,2024,-0.1
2022-06-21,2024,-0.1
2022-06-22,2024,-0.1
2022-06-23,2024,-0.1
2022-06-24,2024,0.0
2022-06-27,2024,0.0
2022-06-28,2024,0.0
2022-06-29,2024,0.0
2022-06-30,2024,0.0
2022-07-01,2024,0.0
2022-07-04,2024,0.0
2022-07-05,2024,0.0
2022-07-06,2024,0.0
2022-07-07,2024,0.0
2022-07-08,2024,0.0
2022-07-11,2024,0.0
2022-07-12,2024,0.05
2022-07-13,2024,0.05
2022-07-14,2024,0.0
2022-07-15,2024,0.0
2022-07-18,2024,0.0
2022-07-19,2024,0.0
2022-07-20,2024,0.0
2022-07-21,2024,0.0
2022-07-22,2024,0.0
2022-07-25,2024,0.0
2022-07-26,2024,0.0
2022-07-27,2024,0.0
2022-07-28,2024,0.0
2022-07-29,2024,0.0
2022-08-01,2024,0.0
2022-08-02,2024,0.0
2022-08-03,2024,0.0
2022-08-04,2024,0.0
2022-08-05,2024,0.0
2022-08-08,2024,0.0
2022-08-09,2024,0.0
2022-08-10,2024,0.0
2022-08-11,2024,0.0
2022-08-12,2024,0.0
2022-08-15,2024,0.0
2022-08-16,2024,0.0
2022-08-17,2024,0.0
2022-08-18,2024,0.0
2022-08-19,2024,0.0
2022-08-22,2024,0.0
2022-08-23,2024,0.0
2022-08-24,2024,0.0
2022-08-25,2024,0.0
2022-08-26,2024,0.0
2022-08-29,2024,0.0
2022-08-30,2024,0.0
2022-08-31,2024,0.0
2022-09-01,2024,0.0
2022-09-02,2024,0.0
2022-09-05,2024,0.0
2022-09-06,2024,0.0
2022-09-08,2024,0.0
2022-09-09,2024,0.0
2022-09-12,2024,0.0
2022-09-13,2024,0.0
2022-09-14,2024,0.0
2022-09-15,2024,0.0
2022-09-16,2024,0.0
2022-09-19,2024,0.0
2022-09-20,2024,0.0
2022-09-21,2024,0.0
2022-09-22,2024,0.0
2022-09-23,2024,0.0
2022-09-26,2024,0.0
2022-09-27,2024,0.0
2022-09-28,2024,0.0
2022-09-29,2024,0.0
2022-09-30,2024,0.0
2022-10-03,2024,0.0
2022-10-04,2024,0.0
2022-10-05,2024,0.0
2022-10-06,2024,0.0
2022-10-07,2024,0.0
2022-10-10,2024,0.0
2022-10-11,2024,0.0
2022-10-13,2024,0.0
2022-10-14,2024,0.0
2022-10-17,2024,0.0
2022-10-18,2024,0.0
2022-10-19,2024,0.0
2022-10-20,2024,0.0
2022-10-21,2024,0.0
2022-10-24,2024,0.0
2022-10-25,2024,0.0
2022-10-26,2024,0.0
2022-10-27,2024,0.0
2022-10-28,2024,0.0
2022-10-31,2024,0.0
2022-11-01,2024,0.0
2022-11-03,2024,0.0
2022-11-04,2024,0.0
2022-11-07,2024,0.0
2022-11-08,2024,0.0
2022-11-09,2024,0.0
2022-11-10,2024,0.0
2022-11-11,2024,0.0
2022-11-14,2024,-0.2
2022-11-16,2024,-0.2
2022-11-17,2024,-0.2
2022-11-18,2024,-0.2
2022-11-21,2024,-0.2
2022-11-22,2024,-0.2
2022-11-23,2024,-0.2
2022-11-24,2024,-0.2
2022-11-25,2024,-0.35
2022-11-28,2024,-0.35
2022-11-29,2024,-0.35
2022-11-30,2024,-0.35
2022-12-01,2024,-0.35
2022-12-02,2024,-0.5
2022-12-05,2024,-0.5
2022-12-06,2024,-0.5
2022-12-07,2024,-0.5
2022-12-08,2024,-0.5
2022-12-09,2024,-0.6
2022-12-12,2024,-0.6
2022-12-13,2024,-0.6
2022-12-14,2024,-0.6
2022-12-15,2024,-0.6
2022-12-16,2024,-0.8
2022-12-19,2024,-0.9
2022-12-20,2024,-0.9
2022-12-21,2024,-0.8
2022-12-22,2024,-0.8
2022-12-23,2024,-1.0
2022-12-26,2024,-1.0
2022-12-27,2024,-1.0
2022-12-28,2024,-1.0
2022-12-29,2024,-1.0
2022-12-30,2024,-1.0
2023-01-02,2024,-1.0
2023-01-03,2024,-1.0
2023-01-04,2024,-1.0
2023-01-05,2024,-1.0
2023-01-06,2024,-1.0
2023-01-09,2024,-1.0
2023-01-10,2024,-1.0
2023-01-11,2024,-1.0
2023-01-12,2024,-1.0
2023-01-13,2024,-1.0
2023-01-16,2024,-1.0
2023-01-17,2024,-1.0
2023-01-18,2024,-1.0
2023-01-19,2024,-1.0
2023-01-20,2024,-1.0
2023-01-23,2024,-1.0
2023-01-24,2024,-1.0
2023-01-25,2024,-1.0
2023-01-26,2024,-1.0
2023-01-27,2024,-1.0
2023-01-30,2024,-1.0
2023-01-31,2024,-1.0
2023-02-01,2024,-1.0
2023-02-02,2024,-1.0
2023-02-03,2024,-1.0
2023-02-06,2024,-1.0
2023-02-07,2024,-1.0
2023-02-08,2024,-1.0
2023-02-09,2024,-0.995
2023-02-10,2024,-0.9
2023-02-13,2024,-0.9
2023-02-14,2024,-0.9
2023-02-15,2024,-0.9
2023-02-16,2024,-0.8
2023-02-17,2024,-0.8
2023-02-22,2024,-0.8
2023-02-23,2024,-0.8
2023-02-24,2024,-0.8
2023-02-27,2024,-0.8
2023-02-28,2024,-0.775
2023-03-01,2024,-0.775
2023-03-02,2024,-0.775
2023-03-03,2024,-0.75
2023-03-06,2024,-0.75
2023-03-07,2024,-0.75
2023-03-08,2024,-0.75
2023-03-09,2024,-0.75
2023-03-10,2024,-0.75
2023-03-13,2024,-0.75
2023-03-14,2024,-0.775
2023-03-15,2024,-0.75
2023-03-16,2024,-0.775
2023-03-17,2024,-0.8
2023-03-20,2024,-0.8
2023-03-21,2024,-0.8
2023-03-22,2024,-0.8
2023-03-23,2024,-0.8
2023-03-24,2024,-0.8
2023-03-27,2024,-0.8
2023-03-28,2024,-0.8
2023-03-29,2024,-0.8
2023-03-30,2024,-0.8
2023-03-31,2024,-0.8
2023-04-03,2024,-0.8
2023-04-04,2024,-0.8
2023-04-05,2024,-0.8
2023-04-06,2024,-0.8
2023-04-10,2024,-0.8
2023-04-11,2024,-0.8
2023-04-12,2024,-0.8
2023-04-13,2024,-0.8
2023-04-14,2024,-0.8
2023-04-17,2024,-0.8
2023-04-18,2024,-0.8
2023-04-19,2024,-0.8
2023-04-20,2024,-0.8
2023-04-24,2024,-0.8
2023-04-25,2024,-0.8
2023-04-26,2024,-0.8
2023-04-27,2024,-0.8
2023-04-28,2024,-0.8
2023-05-02,2024,-0.8
2023-05-03,2024,-0.8
2023-05-04,2024,-0.8
2023-05-05,2024,-0.8
2023-05-08,2024,-0.75
2023-05-09,2024,-0.8
2023-05-10,2024,-0.8
2023-05-11,2024,-0.775
2023-05-12,2024,-0.8
2023-05-15,2024,-0.8
2023-05-16,2024,-0.775
2023-05-17,2024,-0.75
2023-05-18,2024,-0.748
2023-05-19,2024,-0.7
2023-05-22,2024,-0.7
2023-05-23,2024,-0.7
2023-05-24,2024,-0.7
2023-05-25,2024,-0.7
2023-05-26,2024,-0.7
2023-05-29,2024,-0.7
2023-05-30,2024,-0.7
2023-05-31,2024,-0.7
2023-06-01,2024,-0.7
2023-06-02,2024,-0.7
2023-06-05,2024,-0.725
2023-06-06,2024,-0.725
2023-06-07,2024,-0.7
2023-06-09,2024,-0.7
2023-06-12,2024,-0.75
2023-06-13,2024,-0.725
2023-06-14,2024,-0.725
2023-06-15,2024,-0.775
2023-06-16,2024,-0.8
2023-06-19,2024,-0.8
2023-06-20,2024,-0.8
2023-06-21,2024,-0.8
2023-06-22,2024,-0.8
2023-06-23,2024,-0.8
2023-06-26,2024,-0.8
2023-06-27,2024,-0.8
2023-06-28,2024,-0.8
2023-06-29,2024,-0.8
2023-06-30,2024,-0.8001
2023-07-03,2024,-0.8001
2023-07-04,2024,-0.8001
2023-07-05,2024,-0.8
2023-07-06,2024,-0.8
2023-07-07,2024,-0.8
2023-07-10,2024,-0.8
2023-07-11,2024,-0.8
2023-07-12,2024,-0.8
2023-07-13,2024,-0.8
2023-07-14,2024,-0.8
2023-07-17,2024,-0.8
2023-07-18,2024,-0.8
2023-07-19,2024,-0.8
2023-07-20,2024,-0.8
2023-07-21,2024,-0.8
2023-07-24,2024,-0.8
2023-07-25,2024,-0.8
2023-07-26,2024,-0.8
2023-07-27,2024,-0.8
2023-07-28,2024,-0.8
2023-07-31,2024,-0.8
2023-08-01,2024,-0.8
2023-08-02,2024,-0.8
2023-08-03,2024,-0.8
2023-08-04,2024,-0.8
2023-08-07,2024,-0.8
2023-08-08,2024,-0.8
2023-08-09,2024,-0.8
2023-08-10,2024,-0.8
2023-08-11,2024,-0.8
2023-08-14,2024,-0.8
2023-08-15,2024,-0.8
2023-08-16,2024,-0.8
2023-08-17,2024,-0.8
2023-08-18,2024,-0.75
2023-08-21,2024,-0.75
2023-08-22,2024,-0.775
2023-08-23,2024,-0.775
2023-08-24,2024,-0.775
2023-08-25,2024,-0.75
2023-08-28,2024,-0.71
2023-08-29,2024,-0.73
2023-08-30,2024,-0.73
2023-08-31,2024,-0.71
2023-09-01,2024,-0.71
2023-09-04,2024,-0.705
2023-09-05,2024,-0.705
2023-09-06,2024,-0.705
2023-09-08,2024,-0.705
2023-09-11,2024,-0.725
2023-09-12,2024,-0.725
2023-09-13,2024,-0.725
2023-09-14,2024,-0.725
2023-09-15,2024,-0.725
2023-09-18,2024,-0.775
2023-09-19,2024,-0.775
2023-09-20,2024,-0.775
2023-09-21,2024,-0.775
2023-09-22,2024,-0.8
2023-09-25,2024,-0.775
2023-09-26,2024,-0.75
2023-09-27,2024,-0.75
2023-09-28,2024,-0.75
2023-09-29,2024,-0.75
2023-10-02,2024,-0.75
2023-10-03,2024,-0.75
2023-10-04,2024,-0.75
2023-10-05,2024,-0.75
2023-10-06,2024,-0.825
2023-10-09,2024,-0.85
2023-10-10,2024,-0.875
2023-10-11,2024,-0.85
2023-10-13,2024,-0.825
2023-10-16,2024,-0.825
2023-10-17,2024,-0.8
2023-10-18,2024,-0.8
2023-10-19,2024,-0.8
2023-10-20,2024,-0.75
2023-10-23,2024,-0.75
2023-10-24,2024,-0.75
2023-10-25,2024,-0.75
2023-10-26,2024,-0.75
2023-10-27,2024,-0.775
2023-10-30,2024,-0.8
2023-10-31,2024,-0.8
2023-11-01,2024,-0.775
2023-11-03,2024,-0.8
2023-11-06,2024,-0.8
2023-11-07,2024,-0.8
2023-11-08,2024,-0.8
2023-11-09,2024,-0.8
2023-11-10,2024,-0.8
2023-11-13,2024,-0.8
2023-11-14,2024,-0.8
2023-11-16,2024,-0.8
2023-11-17,2024,-0.8
2023-11-20,2024,-0.8
2023-11-21,2024,-0.8
2023-11-22,2024,-0.8
2023-11-23,2024,-0.8
2023-11-24,2024,-0.8
2023-11-27,2024,-0.8
2023-11-28,2024,-0.8
2023-11-29,2024,-0.8
2023-11-30,2024,-0.8
2023-12-01,2024,-0.8
2023-12-04,2024,-0.785
2023-12-05,2024,-0.785
2023-12-06,2024,-0.8
2023-12-07,2024,-0.8
2023-12-08,2024,-0.76
2023-12-11,2024,-0.785
2023-12-12,2024,-0.785
2023-12-13,2024,-0.785
2023-12-14,2024,-0.8
2023-12-15,2024,-0.8
2023-12-18,2024,-0.8
2023-12-19,2024,-0.8
2023-12-20,2024,-0.8
2023-12-21,2024,-0.8
2023-12-22,2024,-0.8
2023-12-26,2024,-0.8
2023-12-27,2024,-0.8
2023-12-28,2024,-0.8
2023-12-29,2024,-0.8
2024-01-02,2024,-0.8
2024-01-03,2024,-0.8
2024-01-04,2024,-0.8
2024-01-05,2024,-0.8
2024-01-08,2024,-0.8
2024-01-09,2024,-0.8
2024-01-10,2024,-0.8
2024-01-11,2024,-0.8
2024-01-12,2024,-0.8
2024-01-15,2024,-0.8
2024-01-16,2024,-0.83
2024-01-17,2024,-0.8
2024-01-18,2024,-0.8
2024-01-19,2024,-0.8
2024-01-22,2024,-0.8
2024-01-23,2024,-0.8
2024-01-24,2024,-0.8
2024-01-25,2024,-0.8
2024-01-26,2024,-0.8
2024-01-29,2024,-0.8
2024-01-30,2024,-0.8
2024-01-31,2024,-0.8
2024-02-01,2024,-0.8
2024-02-02,2024,-0.8
2024-02-05,2024,-0.8
2024-02-06,2024,-0.8
2024-02-07,2024,-0.8
2024-02-08,2024,-0.8
2024-02-09,2024,-0.8
2024-02-14,2024,-0.8
2024-02-15,2024,-0.8
2024-02-16,2024,-0.8
2024-02-19,2024,-0.785
2024-02-20,2024,-0.78
2024-02-21,2024,-0.78
2024-02-22,2024,-0.775
2024-02-23,2024,-0.775
2024-02-26,2024,-0.775
2024-02-27,2024,-0.78
2024-02-28,2024,-0.78
2024-02-29,2024,-0.78
2024-03-01,2024,-0.78
2024-03-04,2024,-0.78
2024-03-05,2024,-0.78
2024-03-06,2024,-0.78
2024-03-07,2024,-0.79
2024-03-08,2024,-0.79
2024-03-11,2024,-0.75
2024-03-12,2024,-0.75
2024-03-13,2024,-0.75
2024-03-14,2024,-0.75
2024-03-15,2024,-0.75
2024-03-18,2024,-0.75
2024-03-19,2024,-0.75
2024-03-20,2024,-0.75
2024-03-21,2024,-0.75
2024-03-22,2024,-0.75
2024-03-25,2024,-0.75
2024-03-26,2024,-0.75
2024-03-27,2024,-0.75
2024-03-28,2024,-0.7026
2024-04-01,2024,-0.7051
2024-04-02,2024,-0.7051
2024-04-03,2024,-0.7051
2024-04-04,2024,-0.7051
2024-04-05,2024,-0.7026
2024-04-08,2024,-0.7051
2024-04-09,2024,-0.7051
2024-04-10,2024,-0.7051
2024-04-11,2024,-0.701
2024-04-12,2024,-0.7
2024-04-15,2024,-0.7
2024-04-16,2024,-0.7
2024-04-17,2024,-0.7
2024-04-18,2024,-0.7
2024-04-19,2024,-0.7
2024-04-22,2024,-0.7
2024-04-23,2024,-0.7
2024-04-24,2024,-0.7
2024-04-25,2024,-0.7
2024-04-26,2024,-0.7
2024-04-29,2024,-0.7
2024-04-30,2024,-0.7
2024-05-02,2024,-0.7
2024-05-03,2024,-0.6711
2024-05-06,2024,-0.6711
2024-05-07,2024,-0.6711
2024-05-08,2024,-0.6711
2024-05-09,2024,-0.6711
2024-05-10,2024,-0.64
2024-05-13,2024,-0.66
2024-05-14,2024,-0.6856
2024-05-15,2024,-0.6956
2024-05-16,2024,-0.6911
2024-05-17,2024,-0.7
2024-05-20,2024,-0.7
2024-05-21,2024,-0.7
2024-05-22,2024,-0.7
2024-05-23,2024,-0.7
2024-05-24,2024,-0.7
2024-05-27,2024,-0.7
2024-05-28,2024,-0.7
2024-05-29,2024,-0.7
2024-05-31,2024,-0.7
2024-06-03,2024,-0.7
2024-06-04,2024,-0.7
2024-06-05,2024,-0.7
2024-06-06,2024,-0.7
2024-06-07,2024,-0.7
2024-06-10,2024,-0.7
2024-06-11,2024,-0.7
2024-06-12,2024,-0.7
2024-06-13,2024,-0.7
2024-06-14,2024,-0.71
2024-06-17,2024,-0.71
2024-06-18,2024,-0.71
2024-06-19,2024,-0.72
2024-06-20,2024,-0.705
2024-06-21,2024,-0.7001
2024-06-24,2024,-0.7
2024-06-25,2024,-0.7
2024-06-26,2024,-0.7
2024-06-27,2024,-0.7
2024-06-28,2024,-0.7
2024-07-01,2024,-0.7001
2024-07-02,2024,-0.7001
2024-07-03,2024,-0.7001
2024-07-04,2024,-0.7001
2024-07-05,2024,-0.7
2024-07-08,2024,-0.7
2024-07-09,2024,-0.7
2024-07-10,2024,-0.7
2024-07-11,2024,-0.7
2024-07-12,2024,-0.7
2024-07-15,2024,-0.7
2024-07-16,2024,-0.7
2024-07-17,2024,-0.7
2024-07-18,2024,-0.7
2024-07-19,2024,-0.7
2024-07-22,2024,-0.7
2024-07-23,2024,-0.7
2024-07-24,2024,-0.7
2024-07-25,2024,-0.7
2024-07-26,2024,-0.7
2024-07-29,2024,-0.7
2024-07-30,2024,-0.7
2024-07-31,2024,-0.7
2024-08-01,2024,-0.7
2024-08-02,2024,-0.695
2024-08-05,2024,-0.695
2024-08-06,2024,-0.695
2024-08-07,2024,-0.695
2024-08-08,2024,-0.695
2024-08-09,2024,-0.6854
2024-08-12,2024,-0.69
2024-08-13,2024,-0.69
2024-08-14,2024,-0.69
2024-08-15,2024,-0.6808
2024-08-16,2024,-0.6404
2024-08-19,2024,-0.6904
2024-08-20,2024,-0.6808
2024-08-21,2024,-0.6654
2024-08-22,2024,-0.65
2024-08-23,2024,-0.65
2024-08-26,2024,-0.6
2024-08-27,2024,-0.6
2024-08-28,2024,-0.6
2024-08-29,2024,-0.6
2024-08-30,2024,-0.6
2024-09-02,2024,-0.6
2024-09-03,2024,-0.6
2024-09-04,2024,-0.6
2024-09-05,2024,-0.6
2024-09-06,2024,-0.6
2024-09-09,2024,-0.6
2024-09-10,2024,-0.6
2024-09-11,2024,-0.6
2024-09-12,2024,-0.6
2024-09-13,2024,-0.6
2024-09-16,2024,-0.6
2024-09-17,2024,-0.6
2024-09-18,2024,-0.6
2024-09-19,2024,-0.6
2024-09-20,2024,-0.6
2024-09-23,2024,-0.6
2024-09-24,2024,-0.6
2024-09-25,2024,-0.6
2024-09-26,2024,-0.6
2024-09-27,2024,-0.6
2024-09-30,2024,-0.6
2024-10-01,2024,-0.6
2024-10-02,2024,-0.6
2024-10-03,2024,-0.6
2024-10-04,2024,-0.6
2024-10-07,2024,-0.6
2024-10-08,2024,-0.6
2024-10-09,2024,-0.6
2024-10-10,2024,-0.6
2024-10-11,2024,-0.6
2024-10-14,2024,-0.6
2024-10-15,2024,-0.6
2024-10-16,2024,-0.6
2024-10-17,2024,-0.6
2024-10-18,2024,-0.6
2024-10-21,2024,-0.6
2024-10-22,2024,-0.6
2024-10-23,2024,-0.6
2024-10-24,2024,-0.6
2024-10-25,2024,-0.6
2024-10-28,2024,-0.6
2024-10-29,2024,-0.6
2024-10-30,2024,-0.6
2024-10-31,2024,-0.6
2024-11-01,2024,-0.6
2024-11-04,2024,-0.6
2024-11-05,2024,-0.6
2024-11-06,2024,-0.6
2024-11-07,2024,-0.6
2024-11-08,2024,-0.6
2024-11-11,2024,-0.6
2024-11-12,2024,-0.6
2024-11-13,2024,-0.6
2024-11-14,2024,-0.6
2024-11-18,2024,-0.6
2024-11-19,2024,-0.6
2024-11-21,2024,-0.6
2024-11-22,2024,-0.5
2024-11-25,2024,-0.5
2024-11-26,2024,-0.5
2024-11-27,2024,-0.5
2024-11-28,2024,-0.5
2024-11-29,2024,-0.5
2024-12-02,2024,-0.5
2024-12-03,2024,-0.5
2024-12-04,2024,-0.5
2024-12-05,2024,-0.5
2024-12-06,2024,-0.5
2024-12-09,2024,-0.5
2024-12-10,2024,-0.5
2024-12-11,2024,-0.5
2024-12-12,2024,-0.5
2024-12-13,2024,-0.5
2024-12-16,2024,-0.5
2024-12-17,2024,-0.5
2024-12-18,2024,-0.5
2024-12-19,2024,-0.5
2024-12-20,2024,-0.5
2024-12-23,2024,-0.5
2024-12-24,2024,-0.5
2024-12-26,2024,-0.5
2024-12-27,2024,-0.5
2024-12-30,2024,-0.5
2024-12-31,2024,-0.5
2025-01-02,2024,-0.5
2025-01-03,2024,-0.5
2025-01-06,2024,-0.5
2025-01-07,2024,-0.5
2025-01-08,2024,-0.5
2025-01-09,2024,-0.5
2025-01-10,2024,-0.5
2025-01-13,2024,-0.5
2025-01-14,2024,-0.5
2025-01-15,2024,-0.5
2025-01-16,2024,-0.5
2025-01-17,2024,-0.5
2025-01-20,2024,-0.5
2025-01-21,2024,-0.5
2025-01-22,2024,-0.494
2025-01-23,2024,-0.465
2025-01-24,2024,-0.4
2025-01-27,2024,-0.4
2025-01-28,2024,-0.4
2025-01-29,2024,-0.4
2025-01-30,2024,-0.4
2018-01-22,2025,1.33
2018-01-23,2025,1.15
2018-01-24,2025,1.15
2018-01-25,2025,1.15
2018-01-26,2025,1.15
2018-01-29,2025,1.33
2018-01-30,2025,1.5
2018-01-31,2025,1.5
2018-02-01,2025,1.5
2018-02-02,2025,1.5
2018-02-05,2025,1.5
2018-02-06,2025,1.5
2018-02-07,2025,1.5
2018-02-08,2025,1.33
2018-02-09,2025,1.5
2018-02-14,2025,1.33
2018-02-15,2025,1.33
2018-02-16,2025,1.33
2018-02-19,2025,1.33
2018-02-20,2025,1.18
2018-02-21,2025,1.18
2018-02-22,2025,1.18
2018-02-23,2025,1.18
2018-02-26,2025,1.18
2018-02-27,2025,1.18
2018-02-28,2025,1.18
2018-03-01,2025,1.18
2018-03-02,2025,1.18
2018-03-05,2025,1.15
2018-03-06,2025,1.15
2018-03-07,2025,1.15
2018-03-08,2025,1.15
2018-03-09,2025,1.15
2018-03-12,2025,1.18
2018-03-13,2025,1.18
2018-03-14,2025,1.2
2018-03-15,2025,1.2
2018-03-16,2025,1.2
2018-03-19,2025,1.6
2018-03-20,2025,1.5
2018-03-21,2025,1.5
2018-03-22,2025,1.5
2018-03-23,2025,1.75
2018-03-26,2025,2.0
2018-03-27,2025,2.0
2018-03-28,2025,1.75
2018-03-29,2025,1.75
2018-04-02,2025,2.0
2018-04-03,2025,2.0
2018-04-04,2025,2.0
2018-04-05,2025,2.0
2018-04-06,2025,2.0
2018-04-09,2025,1.7
2018-04-10,2025,1.7
2018-04-11,2025,1.7
2018-04-12,2025,1.7
2018-04-13,2025,1.7
2018-04-16,2025,1.6
2018-04-17,2025,1.6
2018-04-18,2025,1.6
2018-04-19,2025,1.7
2018-04-20,2025,1.7
2018-04-23,2025,1.7
2018-04-24,2025,1.7
2018-04-25,2025,1.7
2018-04-26,2025,1.7
2018-04-27,2025,1.7
2018-04-30,2025,1.7
2018-05-02,2025,1.7
2018-05-03,2025,1.7
2018-05-04,2025,1.7
2018-05-07,2025,1.7
2018-05-08,2025,1.7
2018-05-09,2025,1.7
2018-05-10,2025,1.7
2018-05-11,2025,1.7
2018-05-14,2025,1.6
2018-05-15,2025,1.7
2018-05-16,2025,1.7
2018-05-17,2025,1.7
2018-05-18,2025,1.7
2018-05-21,2025,1.7
2018-05-22,2025,1.7
2018-05-23,2025,1.7
2018-05-24,2025,1.7
2018-05-25,2025,1.7
2018-05-28,2025,1.7
2018-05-29,2025,1.7
2018-05-30,2025,1.7
2018-06-01,2025,1.7
2018-06-04,2025,1.7
2018-06-05,2025,1.7
2018-06-06,2025,1.7
2018-06-07,2025,1.7
2018-06-08,2025,1.7
2018-06-11,2025,1.6
2018-06-12,2025,1.6
2018-06-13,2025,1.7
2018-06-14,2025,1.7
2018-06-15,2025,1.7
2018-06-18,2025,1.7
2018-06-19,2025,1.7
2018-06-20,2025,1.7
2018-06-21,2025,1.7
2018-06-22,2025,1.7
2018-06-25,2025,1.7
2018-06-26,2025,1.7
2018-06-27,2025,1.7
2018-06-28,2025,1.7
2018-06-29,2025,1.7
2018-07-02,2025,1.7
2018-07-03,2025,1.7
2018-07-04,2025,1.7
2018-07-05,2025,1.7
2018-07-06,2025,1.7
2018-07-09,2025,1.7
2018-07-10,2025,1.7
2018-07-11,2025,1.7
2018-07-12,2025,1.7
2018-07-13,2025,1.7
2018-07-16,2025,1.7
2018-07-17,2025,1.7
2018-07-18,2025,1.7
2018-07-19,2025,1.7
2018-07-20,2025,1.7
2018-07-23,2025,1.7
2018-07-24,2025,1.7
2018-07-25,2025,1.7
2018-07-26,2025,1.7
2018-07-27,2025,1.7
2018-07-30,2025,1.8
2018-07-31,2025,1.7
2018-08-01,2025,1.7
2018-08-02,2025,1.7
2018-08-03,2025,1.7
2018-08-06,2025,1.7
2018-08-07,2025,1.7
2018-08-08,2025,1.7
2018-08-09,2025,1.7
2018-08-10,2025,1.7
2018-08-13,2025,1.8
2018-08-14,2025,1.8
2018-08-15,2025,1.8
2018-08-16,2025,1.8
2018-08-17,2025,1.8
2018-08-20,2025,1.7
2018-08-21,2025,1.7
2018-08-22,2025,1.7
2018-08-23,2025,1.7
2018-08-24,2025,1.7
2018-08-27,2025,1.7
2018-08-28,2025,1.7
2018-08-29,2025,1.7
2018-08-30,2025,1.7
2018-08-31,2025,1.7
2018-09-03,2025,1.7
2018-09-04,2025,1.7
2018-09-05,2025,1.7
2018-09-06,2025,1.7
2018-09-10,2025,1.7
2018-09-11,2025,1.7
2018-09-12,2025,1.7
2018-09-13,2025,1.6
2018-09-14,2025,1.5
2018-09-17,2025,1.5
2018-09-18,2025,1.5
2018-09-19,2025,1.5
2018-09-20,2025,1.5
2018-09-21,2025,1.5
2018-09-24,2025,1.5
2018-09-25,2025,1.5
2018-09-26,2025,1.5
2018-09-27,2025,1.5
2018-09-28,2025,1.5
2018-10-01,2025,1.5
2018-10-02,2025,1.5
2018-10-03,2025,1.5
2018-10-04,2025,1.5
2018-10-05,2025,1.5
2018-10-08,2025,1.5
2018-10-09,2025,1.5
2018-10-10,2025,1.5
2018-10-11,2025,1.5
2018-10-15,2025,1.7
2018-10-16,2025,1.7
2018-10-17,2025,1.7
2018-10-18,2025,1.6
2018-10-19,2025,1.6
2018-10-22,2025,1.5
2018-10-23,2025,1.5
2018-10-24,2025,1.5
2018-10-25,2025,1.45
2018-10-26,2025,1.5
2018-10-29,2025,1.5
2018-10-30,2025,1.6
2018-10-31,2025,1.6
2018-11-01,2025,1.45
2018-11-05,2025,1.5
2018-11-06,2025,1.5
2018-11-07,2025,1.5
2018-11-08,2025,1.45
2018-11-09,2025,1.45
2018-11-12,2025,1.65
2018-11-13,2025,1.65
2018-11-14,2025,1.65
2018-11-16,2025,1.65
2018-11-19,2025,1.65
2018-11-20,2025,1.65
2018-11-21,2025,1.7
2018-11-22,2025,1.8
2018-11-23,2025,1.8
2018-11-26,2025,1.8
2018-11-27,2025,1.8
2018-11-28,2025,1.8
2018-11-29,2025,1.8
2018-11-30,2025,1.7
2018-12-03,2025,1.7
2018-12-04,2025,1.7
2018-12-05,2025,1.7
2018-12-06,2025,1.65
2018-12-07,2025,1.65
2018-12-10,2025,1.9
2018-12-11,2025,1.7
2018-12-12,2025,1.7
2018-12-13,2025,1.7
2018-12-14,2025,1.7
2018-12-17,2025,1.7
2018-12-18,2025,1.7
2018-12-19,2025,1.7
2018-12-20,2025,1.7
2018-12-21,2025,1.7
2018-12-24,2025,1.55
2018-12-26,2025,1.55
2018-12-27,2025,1.55
2018-12-28,2025,1.6
2018-12-31,2025,1.6
2019-01-02,2025,1.6
2019-01-03,2025,1.6
2019-01-04,2025,1.6
2019-01-07,2025,1.5
2019-01-08,2025,1.5
2019-01-09,2025,1.5
2019-01-10,2025,1.5
2019-01-11,2025,1.6
2019-01-14,2025,1.6
2019-01-15,2025,1.6
2019-01-16,2025,1.6
2019-01-17,2025,1.6
2019-01-18,2025,1.5
2019-01-21,2025,1.5
2019-01-22,2025,1.5
2019-01-23,2025,1.5
2019-01-24,2025,1.5
2019-01-25,2025,1.5
2019-01-28,2025,1.6
2019-01-29,2025,1.6
2019-01-30,2025,1.6
2019-01-31,2025,1.6
2019-02-01,2025,1.6
2019-02-04,2025,1.6
2019-02-05,2025,1.6
2019-02-06,2025,1.6
2019-02-07,2025,1.6
2019-02-08,2025,1.6
2019-02-11,2025,1.7
2019-02-12,2025,1.6
2019-02-13,2025,1.6
2019-02-14,2025,1.5
2019-02-15,2025,1.5
2019-02-18,2025,1.6
2019-02-19,2025,1.6
2019-02-20,2025,1.6
2019-02-21,2025,1.6
2019-02-22,2025,1.6
2019-02-25,2025,1.6
2019-02-26,2025,1.6
2019-02-27,2025,1.6
2019-02-28,2025,1.6
2019-03-01,2025,1.6
2019-03-06,2025,1.35
2019-03-07,2025,1.2
2019-03-08,2025,1.35
2019-03-11,2025,1.35
2019-03-12,2025,1.35
2019-03-13,2025,1.35
2019-03-14,2025,1.35
2019-03-15,2025,1.5
2019-03-18,2025,1.55
2019-03-19,2025,1.55
2019-03-20,2025,1.6
2019-03-21,2025,1.6
2019-03-22,2025,1.6
2019-03-25,2025,1.65
2019-03-26,2025,1.55
2019-03-27,2025,1.5
2019-03-28,2025,1.5
2019-03-29,2025,1.5
2019-04-01,2025,1.5
2019-04-02,2025,1.5
2019-04-03,2025,1.5
2019-04-04,2025,1.5
2019-04-05,2025,1.5
2019-04-08,2025,1.5
2019-04-09,2025,1.5
2019-04-10,2025,1.5
2019-04-11,2025,1.5
2019-04-12,2025,1.5
2019-04-15,2025,1.5
2019-04-16,2025,1.5
2019-04-17,2025,1.5
2019-04-18,2025,1.5
2019-04-22,2025,1.5
2019-04-23,2025,1.5
2019-04-24,2025,1.5
2019-04-25,2025,1.5
2019-04-26,2025,1.25
2019-04-29,2025,1.5
2019-04-30,2025,1.5
2019-05-02,2025,1.5
2019-05-03,2025,1.5
2019-05-06,2025,1.2
2019-05-07,2025,1.35
2019-05-08,2025,1.2
2019-05-09,2025,1.2
2019-05-10,2025,1.2
2019-05-13,2025,1.5
2019-05-14,2025,1.5
2019-05-15,2025,1.5
2019-05-16,2025,1.2
2019-05-17,2025,1.2
2019-05-20,2025,1.2
2019-05-21,2025,1.2
2019-05-22,2025,1.2
2019-05-23,2025,1.2
2019-05-24,2025,1.2
2019-05-27,2025,1.2
2019-05-28,2025,1.2
2019-05-29,2025,1.2
2019-05-30,2025,1.2
2019-05-31,2025,1.2
2019-06-03,2025,1.0
2019-06-04,2025,1.1
2019-06-05,2025,1.1
2019-06-06,2025,1.1
2019-06-07,2025,1.0
2019-06-10,2025,1.25
2019-06-11,2025,1.25
2019-06-12,2025,1.25
2019-06-13,2025,1.2
2019-06-14,2025,1.2
2019-06-17,2025,1.0
2019-06-18,2025,1.0
2019-06-19,2025,1.0
2019-06-21,2025,1.0
2019-06-24,2025,1.0
2019-06-25,2025,1.0
2019-06-26,2025,1.0
2019-06-27,2025,1.0
2019-06-28,2025,1.2
2019-07-01,2025,1.2
2019-07-02,2025,1.2
2019-07-03,2025,1.2
2019-07-04,2025,1.2
2019-07-05,2025,1.0
2019-07-08,2025,1.0
2019-07-09,2025,1.0
2019-07-10,2025,1.0
2019-07-11,2025,1.0
2019-07-12,2025,1.0
2019-07-15,2025,1.0
2019-07-16,2025,1.0
2019-07-17,2025,1.0
2019-07-18,2025,1.2
2019-07-19,2025,1.2
2019-07-22,2025,1.2
2019-07-23,2025,1.0
2019-07-24,2025,1.0
2019-07-25,2025,1.0
2019-07-26,2025,1.0
2019-07-29,2025,1.0
2019-07-30,2025,1.0
2019-07-31,2025,1.0
2019-08-01,2025,1.0
2019-08-02,2025,1.0
2019-08-05,2025,1.0
2019-08-06,2025,1.0
2019-08-07,2025,1.0
2019-08-08,2025,1.0
2019-08-09,2025,1.0
2019-08-12,2025,1.0
2019-08-13,2025,1.0
2019-08-14,2025,1.0
2019-08-15,2025,1.0
2019-08-16,2025,1.0
2019-08-19,2025,1.0
2019-08-20,2025,1.0
2019-08-21,2025,1.0
2019-08-22,2025,1.0
2019-08-23,2025,1.0
2019-08-26,2025,1.0
2019-08-27,2025,1.0
2019-08-28,2025,1.0
2019-08-29,2025,1.0
2019-08-30,2025,1.0
2019-09-02,2025,1.0
2019-09-03,2025,1.0
2019-09-04,2025,1.0
2019-09-05,2025,1.0
2019-09-06,2025,1.0
2019-09-09,2025,1.0
2019-09-10,2025,1.0
2019-09-11,2025,1.0
2019-09-12,2025,1.0
2019-09-13,2025,1.0
2019-09-16,2025,0.9
2019-09-17,2025,1.0
2019-09-18,2025,1.0
2019-09-19,2025,1.0
2019-09-20,2025,1.0
2019-09-23,2025,1.0
2019-09-24,2025,1.0
2019-09-25,2025,1.0
2019-09-26,2025,1.0
2019-09-27,2025,1.0
2019-09-30,2025,1.0
2019-10-01,2025,1.0
2019-10-02,2025,1.0
2019-10-03,2025,1.0
2019-10-04,2025,1.0
2019-10-07,2025,1.0
2019-10-08,2025,1.0
2019-10-09,2025,1.0
2019-10-10,2025,1.0
2019-10-11,2025,1.0
2019-10-14,2025,1.0
2019-10-15,2025,1.0
2019-10-16,2025,1.0
2019-10-17,2025,1.0
2019-10-18,2025,1.0
2019-10-21,2025,1.0
2019-10-22,2025,1.0
2019-10-23,2025,1.0
2019-10-24,2025,1.0
2019-10-25,2025,1.0
2019-10-28,2025,1.0
2019-10-29,2025,1.0
2019-10-30,2025,1.0
2019-10-31,2025,1.0
2019-11-01,2025,1.0
2019-11-04,2025,1.0
2019-11-05,2025,1.0
2019-11-06,2025,1.0
2019-11-07,2025,1.0
2019-11-08,2025,1.0
2019-11-11,2025,1.0
2019-11-12,2025,1.0
2019-11-13,2025,1.0
2019-11-14,2025,1.0
2019-11-18,2025,1.0
2019-11-19,2025,1.0
2019-11-20,2025,1.0
2019-11-21,2025,1.0
2019-11-22,2025,1.0
2019-11-25,2025,1.0
2019-11-26,2025,1.0
2019-11-27,2025,1.0
2019-11-28,2025,1.0
2019-11-29,2025,1.0
2019-12-02,2025,1.0
2019-12-03,2025,1.0
2019-12-04,2025,1.0
2019-12-05,2025,1.0
2019-12-06,2025,1.0
2019-12-09,2025,0.6
2019-12-10,2025,0.6
2019-12-11,2025,0.6
2019-12-12,2025,0.6
2019-12-13,2025,0.6
2019-12-16,2025,0.6
2019-12-17,2025,0.6
2019-12-18,2025,0.6
2019-12-19,2025,0.8
2019-12-20,2025,0.8
2019-12-23,2025,1.0
2019-12-24,2025,1.0
2019-12-26,2025,1.0
2019-12-27,2025,1.0
2019-12-30,2025,1.0
2019-12-31,2025,1.0
2020-01-02,2025,1.0
2020-01-03,2025,1.0
2020-01-06,2025,1.0
2020-01-07,2025,1.0
2020-01-08,2025,1.0
2020-01-09,2025,1.0
2020-01-10,2025,1.0
2020-01-13,2025,1.0
2020-01-14,2025,1.0
2020-01-15,2025,1.0
2020-01-16,2025,1.0
2020-01-17,2025,1.0
2020-01-20,2025,1.0
2020-01-21,2025,1.0
2020-01-22,2025,1.0
2020-01-23,2025,1.0
2020-01-24,2025,1.0
2020-01-27,2025,1.0
2020-01-28,2025,1.0
2020-01-29,2025,1.0
2020-01-30,2025,1.0
2020-01-31,2025,1.0
2020-02-03,2025,1.0
2020-02-04,2025,1.0
2020-02-05,2025,0.7
2020-02-06,2025,0.7
2020-02-07,2025,0.7
2020-02-10,2025,0.7
2020-02-11,2025,0.7
2020-02-12,2025,0.7
2020-02-13,2025,0.85
2020-02-14,2025,0.85
2020-02-17,2025,0.85
2020-02-18,2025,0.85
2020-02-19,2025,0.85
2020-02-20,2025,0.85
2020-02-21,2025,0.85
2020-02-26,2025,1.0
2020-02-27,2025,1.0
2020-02-28,2025,1.0
2020-03-02,2025,1.0
2020-03-03,2025,1.0
2020-03-04,2025,1.0
2020-03-05,2025,1.0
2020-03-06,2025,1.0
2020-03-09,2025,1.0
2020-03-10,2025,1.0
2020-03-11,2025,1.0
2020-03-12,2025,1.0
2020-03-13,2025,1.0
2020-03-16,2025,1.0
2020-03-17,2025,1.0
2020-03-18,2025,1.0
2020-03-19,2025,1.0
2020-03-20,2025,1.0
2020-03-23,2025,1.0
2020-03-24,2025,1.0
2020-03-25,2025,1.0
2020-03-26,2025,1.0
2020-03-27,2025,1.0
2020-03-30,2025,1.0
2020-03-31,2025,1.0
2020-04-01,2025,1.0
2020-04-02,2025,0.85
2020-04-03,2025,0.85
2020-04-06,2025,0.7
2020-04-07,2025,0.7
2020-04-08,2025,0.7
2020-04-09,2025,0.7
2020-04-13,2025,0.5
2020-04-14,2025,0.5
2020-04-15,2025,0.5
2020-04-16,2025,0.5
2020-04-17,2025,0.5
2020-04-20,2025,0.5
2020-04-22,2025,0.5
2020-04-23,2025,0.5
2020-04-24,2025,0.5
2020-04-27,2025,0.5
2020-04-28,2025,0.5
2020-04-29,2025,0.5
2020-04-30,2025,0.45
2020-05-04,2025,0.33
2020-05-05,2025,0.33
2020-05-06,2025,0.33
2020-05-07,2025,0.33
2020-05-08,2025,0.33
2020-05-11,2025,0.4
2020-05-12,2025,0.4
2020-05-13,2025,0.4
2020-05-14,2025,0.4
2020-05-15,2025,0.13
2020-05-18,2025,0.28
2020-05-19,2025,0.28
2020-05-20,2025,0.28
2020-05-21,2025,0.28
2020-05-22,2025,0.15
2020-05-25,2025,0.15
2020-05-26,2025,0.15
2020-05-27,2025,0.15
2020-05-28,2025,0.15
2020-05-29,2025,0.15
2020-06-01,2025,0.05
2020-06-02,2025,0.05
2020-06-03,2025,0.15
2020-06-04,2025,0.15
2020-06-05,2025,0.15
2020-06-08,2025,0.15
2020-06-09,2025,0.25
2020-06-10,2025,0.1
2020-06-12,2025,0.0
2020-06-15,2025,0.0
2020-06-16,2025,0.0
2020-06-17,2025,0.0
2020-06-18,2025,0.0
2020-06-19,2025,0.0
2020-06-22,2025,0.0
2020-06-23,2025,0.0
2020-06-24,2025,0.0
2020-06-25,2025,0.0
2020-06-26,2025,0.0
2020-06-29,2025,0.0
2020-06-30,2025,0.0
2020-07-01,2025,0.0
2020-07-02,2025,0.0
2020-07-03,2025,0.0
2020-07-06,2025,0.0
2020-07-07,2025,0.0
2020-07-08,2025,0.0
2020-07-09,2025,0.0
2020-07-10,2025,-0.15
2020-07-13,2025,-0.3
2020-07-14,2025,-0.3
2020-07-15,2025,-0.3
2020-07-16,2025,-0.3
2020-07-17,2025,-0.3
2020-07-20,2025,-0.3
2020-07-21,2025,-0.3
2020-07-22,2025,-0.3
2020-07-23,2025,-0.3
2020-07-24,2025,0.0
2020-07-27,2025,-0.15
2020-07-28,2025,-0.15
2020-07-29,2025,-0.15
2020-07-30,2025,-0.15
2020-07-31,2025,-0.18
2020-08-03,2025,-0.18
2020-08-04,2025,-0.18
2020-08-05,2025,-0.18
2020-08-06,2025,-0.09
2020-08-07,2025,-0.18
2020-08-10,2025,-0.09
2020-08-11,2025,-0.09
2020-08-12,2025,-0.18
2020-08-13,2025,-0.18
2020-08-14,2025,-0.3
2020-08-17,2025,-0.3
2020-08-18,2025,-0.18
2020-08-19,2025,-0.18
2020-08-20,2025,-0.18
2020-08-21,2025,-0.18
2020-08-24,2025,-0.24
2020-08-25,2025,-0.24
2020-08-26,2025,-0.24
2020-08-27,2025,-0.24
2020-08-28,2025,-0.18
2020-08-31,2025,-0.15
2020-09-01,2025,-0.15
2020-09-02,2025,-0.15
2020-09-03,2025,-0.15
2020-09-04,2025,-0.3
2020-09-08,2025,-0.3
2020-09-09,2025,-0.3
2020-09-10,2025,-0.3
2020-09-11,2025,-0.3
2020-09-14,2025,-0.3
2020-09-15,2025,-0.3
2020-09-16,2025,-0.3
2020-09-17,2025,-0.3
2020-09-18,2025,-0.3
2020-09-21,2025,-0.3
2020-09-22,2025,-0.3
2020-09-23,2025,-0.3
2020-09-24,2025,-0.3
2020-09-25,2025,-0.3
2020-09-28,2025,-0.3
2020-09-29,2025,-0.3
2020-09-30,2025,-0.3
2020-10-01,2025,-0.3
2020-10-02,2025,-0.3
2020-10-05,2025,-0.3
2020-10-06,2025,-0.3
2020-10-07,2025,-0.3
2020-10-08,2025,-0.3
2020-10-09,2025,-0.3
2020-10-13,2025,-0.3
2020-10-14,2025,0.0
2020-10-15,2025,0.0
2020-10-16,2025,0.0
2020-10-19,2025,0.0
2020-10-20,2025,0.0
2020-10-21,2025,0.0
2020-10-22,2025,-0.1
2020-10-23,2025,-0.25
2020-10-26,2025,-0.25
2020-10-27,2025,-0.25
2020-10-28,2025,-0.25
2020-10-29,2025,-0.25
2020-10-30,2025,-0.25
2020-11-03,2025,-0.3
2020-11-04,2025,-0.3
2020-11-05,2025,-0.3
2020-11-06,2025,-0.3
2020-11-09,2025,-0.3
2020-11-10,2025,-0.3
2020-11-11,2025,-0.3
2020-11-12,2025,-0.3
2020-11-13,2025,-0.3
2020-11-16,2025,-0.3
2020-11-17,2025,-0.3
2020-11-18,2025,-0.3
2020-11-19,2025,-0.3
2020-11-20,2025,-0.3
2020-11-23,2025,-0.38
2020-11-24,2025,-0.38
2020-11-25,2025,-0.3
2020-11-26,2025,-0.3
2020-11-27,2025,-0.3
2020-11-30,2025,-0.3
2020-12-01,2025,-0.38
2020-12-02,2025,-0.38
2020-12-03,2025,-0.38
2020-12-04,2025,-0.38
2020-12-07,2025,-0.38
2020-12-08,2025,-0.38
2020-12-09,2025,-0.38
2020-12-10,2025,-0.38
2020-12-11,2025,-0.38
2020-12-14,2025,-0.3
2020-12-15,2025,-0.3
2020-12-16,2025,-0.3
2020-12-17,2025,-0.3
2020-12-18,2025,-0.2
2020-12-21,2025,-0.2
2020-12-22,2025,-0.2
2020-12-23,2025,-0.2
2020-12-24,2025,-0.2
2020-12-28,2025,-0.28
2020-12-29,2025,-0.28
2020-12-30,2025,-0.28
2020-12-31,2025,-0.28
2021-01-04,2025,-0.45
2021-01-05,2025,-0.45
2021-01-06,2025,-0.45
2021-01-07,2025,-0.25
2021-01-08,2025,-0.25
2021-01-11,2025,0.0
2021-01-12,2025,0.0
2021-01-13,2025,0.0
2021-01-14,2025,0.0
2021-01-15,2025,-0.25
2021-01-18,2025,-0.53
2021-01-19,2025,-0.53
2021-01-20,2025,-0.55
2021-01-21,2025,-0.53
2021-01-22,2025,-0.53
2021-01-25,2025,-0.35
2021-01-26,2025,-0.35
2021-01-27,2025,-0.35
2021-01-28,2025,-0.2
2021-01-29,2025,-0.15
2021-02-01,2025,-0.15
2021-02-02,2025,-0.2
2021-02-03,2025,-0.2
2021-02-04,2025,-0.35
2021-02-05,2025,-0.5
2021-02-08,2025,-0.5
2021-02-09,2025,-0.5
2021-02-10,2025,-0.5
2021-02-11,2025,-0.5
2021-02-12,2025,-0.5
2021-02-17,2025,-0.5
2021-02-18,2025,-0.5
2021-02-19,2025,-0.5
2021-02-22,2025,-0.3
2021-02-23,2025,-0.5
2021-02-24,2025,-0.5
2021-02-25,2025,-0.5
2021-02-26,2025,-0.5
2021-03-01,2025,-0.5
2021-03-02,2025,-0.5
2021-03-03,2025,-0.5
2021-03-04,2025,-0.5
2021-03-05,2025,-0.5
2021-03-08,2025,-0.5
2021-03-09,2025,-0.5
2021-03-10,2025,-0.5
2021-03-11,2025,-0.5
2021-03-12,2025,-0.5
2021-03-15,2025,-0.5
2021-03-16,2025,-0.5
2021-03-17,2025,-0.5
2021-03-18,2025,-0.5
2021-03-19,2025,-0.5
2021-03-22,2025,-0.6
2021-03-23,2025,-0.6
2021-03-24,2025,-0.6
2021-03-25,2025,-0.6
2021-03-26,2025,-0.5
2021-03-29,2025,-0.5
2021-03-30,2025,-0.5
2021-03-31,2025,-0.55
2021-04-01,2025,-0.55
2021-04-05,2025,-0.6
2021-04-06,2025,-0.6
2021-04-07,2025,-0.6
2021-04-08,2025,-0.6
2021-04-09,2025,-0.6
2021-04-12,2025,-0.6
2021-04-13,2025,-0.6
2021-04-14,2025,-0.6
2021-04-15,2025,-0.6
2021-04-16,2025,-0.6
2021-04-19,2025,-0.5
2021-04-20,2025,-0.5
2021-04-22,2025,-0.5
2021-04-23,2025,-0.5
2021-04-26,2025,-0.45
2021-04-27,2025,-0.45
2021-04-28,2025,-0.45
2021-04-29,2025,-0.45
2021-04-30,2025,-0.45
2021-05-03,2025,-0.4
2021-05-04,2025,-0.4
2021-05-05,2025,-0.4
2021-05-06,2025,-0.4
2021-05-07,2025,-0.35
2021-05-10,2025,-0.35
2021-05-11,2025,-0.35
2021-05-12,2025,-0.35
2021-05-13,2025,-0.35
2021-05-14,2025,-0.3
2021-05-17,2025,-0.3
2021-05-18,2025,-0.3
2021-05-19,2025,-0.3
2021-05-20,2025,-0.4
2021-05-21,2025,-0.35
2021-05-24,2025,-0.35
2021-05-25,2025,-0.35
2021-05-26,2025,-0.3
2021-05-27,2025,-0.3
2021-05-28,2025,-0.3
2021-05-31,2025,-0.3
2021-06-01,2025,-0.3
2021-06-02,2025,-0.3
2021-06-04,2025,0.1
2021-06-07,2025,0.15
2021-06-08,2025,0.15
2021-06-09,2025,0.1
2021-06-10,2025,0.1
2021-06-11,2025,0.0
2021-06-14,2025,0.0
2021-06-15,2025,0.0
2021-06-16,2025,-0.2
2021-06-17,2025,-0.2
2021-06-18,2025,-0.2
2021-06-21,2025,0.0
2021-06-22,2025,-0.15
2021-06-23,2025,-0.02
2021-06-24,2025,-0.02
2021-06-25,2025,-0.02
2021-06-28,2025,-0.02
2021-06-29,2025,-0.02
2021-06-30,2025,-0.02
2021-07-01,2025,-0.02
2021-07-02,2025,-0.02
2021-07-05,2025,-0.2
2021-07-06,2025,-0.2
2021-07-07,2025,-0.11
2021-07-08,2025,-0.02
2021-07-09,2025,-0.02
2021-07-12,2025,0.0
2021-07-13,2025,0.0
2021-07-14,2025,0.0
2021-07-15,2025,0.0
2021-07-16,2025,0.0
2021-07-19,2025,0.0
2021-07-20,2025,0.0
2021-07-21,2025,0.0
2021-07-22,2025,0.0
2021-07-23,2025,0.0
2021-07-26,2025,0.0
2021-07-27,2025,0.0
2021-07-28,2025,0.0
2021-07-29,2025,0.0
2021-07-30,2025,0.0
2021-08-02,2025,0.0
2021-08-03,2025,0.0
2021-08-04,2025,0.0
2021-08-05,2025,0.0
2021-08-06,2025,0.1
2021-08-09,2025,0.1
2021-08-10,2025,0.05
2021-08-11,2025,0.05
2021-08-12,2025,0.1
2021-08-13,2025,0.1
2021-08-16,2025,0.1
2021-08-17,2025,0.1
2021-08-18,2025,0.1
2021-08-19,2025,0.1
2021-08-20,2025,0.1
2021-08-23,2025,0.15
2021-08-24,2025,0.2
2021-08-25,2025,0.2
2021-08-26,2025,0.2
2021-08-27,2025,0.2
2021-08-30,2025,0.2
2021-08-31,2025,0.2
2021-09-01,2025,0.2
2021-09-02,2025,0.2
2021-09-03,2025,0.0
2021-09-06,2025,0.0
2021-09-08,2025,0.0
2021-09-09,2025,0.0
2021-09-10,2025,0.15
2021-09-13,2025,0.1
2021-09-14,2025,0.1
2021-09-15,2025,0.1
2021-09-16,2025,0.1
2021-09-17,2025,0.1
2021-09-20,2025,0.1
2021-09-21,2025,0.1
2021-09-22,2025,0.1
2021-09-23,2025,0.1
2021-09-24,2025,0.1
2021-09-27,2025,0.1
2021-09-28,2025,0.1
2021-09-29,2025,0.1
2021-09-30,2025,0.1
2021-10-01,2025,0.2
2021-10-04,2025,0.2
2021-10-05,2025,0.2
2021-10-06,2025,0.3
2021-10-07,2025,0.25
2021-10-08,2025,0.25
2021-10-11,2025,0.4
2021-10-13,2025,0.4
2021-10-14,2025,0.3
2021-10-15,2025,0.2
2021-10-18,2025,0.4
2021-10-19,2025,0.4
2021-10-20,2025,0.4
2021-10-21,2025,0.4
2021-10-22,2025,0.2
2021-10-25,2025,0.2
2021-10-26,2025,0.2
2021-10-27,2025,0.2
2021-10-28,2025,0.2
2021-10-29,2025,0.05
2021-11-01,2025,0.05
2021-11-03,2025,0.05
2021-11-04,2025,0.05
2021-11-05,2025,0.0
2021-11-08,2025,0.0
2021-11-09,2025,0.0
2021-11-10,2025,0.0
2021-11-11,2025,0.0
2021-11-12,2025,0.0
2021-11-16,2025,0.0
2021-11-17,2025,0.0
2021-11-18,2025,0.0
2021-11-19,2025,0.0
2021-11-22,2025,0.0
2021-11-23,2025,0.0
2021-11-24,2025,0.0
2021-11-25,2025,0.0
2021-11-26,2025,0.0
2021-11-29,2025,0.0
2021-11-30,2025,0.0
2021-12-01,2025,0.0
2021-12-02,2025,0.0
2021-12-03,2025,0.0
2021-12-06,2025,0.0
2021-12-07,2025,0.0
2021-12-08,2025,0.0
2021-12-09,2025,0.0
2021-12-10,2025,0.0
2021-12-13,2025,-0.05
2021-12-14,2025,-0.1
2021-12-15,2025,-0.1
2021-12-16,2025,-0.1
2021-12-17,2025,-0.05
2021-12-20,2025,-0.1
2021-12-21,2025,-0.05
2021-12-22,2025,-0.05
2021-12-23,2025,-0.05
2021-12-24,2025,-0.05
2021-12-27,2025,-0.05
2021-12-28,2025,-0.05
2021-12-29,2025,-0.05
2021-12-30,2025,-0.05
2021-12-31,2025,-0.05
2022-01-03,2025,-0.1
2022-01-04,2025,-0.1
2022-01-05,2025,-0.1
2022-01-06,2025,-0.1
2022-01-07,2025,-0.1
2022-01-10,2025,-0.1
2022-01-11,2025,-0.1
2022-01-12,2025,-0.1
2022-01-13,2025,-0.1
2022-01-14,2025,-0.1
2022-01-17,2025,-0.1
2022-01-18,2025,-0.1
2022-01-19,2025,-0.1
2022-01-20,2025,-0.1
2022-01-21,2025,-0.05
2022-01-24,2025,-0.05
2022-01-25,2025,-0.05
2022-01-26,2025,-0.05
2022-01-27,2025,-0.05
2022-01-28,2025,0.0
2022-01-31,2025,0.0
2022-02-01,2025,0.0
2022-02-02,2025,0.0
2022-02-03,2025,0.0
2022-02-04,2025,0.1
2022-02-07,2025,0.1
2022-02-08,2025,0.1
2022-02-09,2025,0.1
2022-02-10,2025,0.2
2022-02-11,2025,0.2
2022-02-14,2025,0.2
2022-02-15,2025,0.2
2022-02-16,2025,0.2
2022-02-17,2025,0.2
2022-02-18,2025,0.15
2022-02-21,2025,0.05
2022-02-22,2025,0.05
2022-02-23,2025,0.05
2022-02-24,2025,0.05
2022-02-25,2025,0.1
2022-03-02,2025,0.2
2022-03-03,2025,0.2
2022-03-04,2025,0.2
2022-03-07,2025,0.1
2022-03-08,2025,0.1
2022-03-09,2025,0.1
2022-03-10,2025,0.1
2022-03-11,2025,0.0
2022-03-14,2025,0.0
2022-03-15,2025,0.0
2022-03-16,2025,0.0
2022-03-17,2025,0.0
2022-03-18,2025,0.0
2022-03-21,2025,0.0
2022-03-22,2025,0.0
2022-03-23,2025,0.0
2022-03-24,2025,0.0
2022-03-25,2025,0.0
2022-03-28,2025,0.1
2022-03-29,2025,0.1
2022-03-30,2025,0.1
2022-03-31,2025,0.1
2022-04-01,2025,0.05
2022-04-04,2025,0.1
2022-04-05,2025,0.05
2022-04-06,2025,0.05
2022-04-07,2025,0.05
2022-04-08,2025,0.05
2022-04-11,2025,0.05
2022-04-12,2025,0.05
2022-04-13,2025,0.05
2022-04-14,2025,0.0
2022-04-18,2025,0.0
2022-04-19,2025,0.0
2022-04-20,2025,0.0
2022-04-22,2025,0.0
2022-04-25,2025,0.0
2022-04-26,2025,0.0
2022-04-27,2025,0.0
2022-04-28,2025,0.0
2022-04-29,2025,0.0
2022-05-02,2025,0.0
2022-05-03,2025,0.0
2022-05-04,2025,0.0
2022-05-05,2025,0.0
2022-05-06,2025,0.0
2022-05-09,2025,0.0
2022-05-10,2025,0.0
2022-05-11,2025,0.0
2022-05-12,2025,0.0
2022-05-13,2025,0.0
2022-05-16,2025,0.0
2022-05-17,2025,0.0
2022-05-18,2025,0.0
2022-05-19,2025,0.0
2022-05-20,2025,0.0
2022-05-23,2025,0.0
2022-05-24,2025,0.0
2022-05-25,2025,0.0
2022-05-26,2025,0.0
2022-05-27,2025,0.0
2022-05-30,2025,0.0
2022-05-31,2025,0.0
2022-06-01,2025,0.0
2022-06-02,2025,0.0
2022-06-03,2025,0.0
2022-06-06,2025,0.0
2022-06-07,2025,0.0
2022-06-08,2025,0.0
2022-06-09,2025,0.0
2022-06-10,2025,0.06
2022-06-13,2025,0.06
2022-06-14,2025,0.06
2022-06-15,2025,0.03
2022-06-17,2025,0.0
2022-06-20,2025,0.0
2022-06-21,2025,0.0
2022-06-22,2025,0.0
2022-06-23,2025,0.0
2022-06-24,2025,0.0
2022-06-27,2025,0.0
2022-06-28,2025,0.0
2022-06-29,2025,0.0
2022-06-30,2025,0.0
2022-07-01,2025,0.0
2022-07-04,2025,0.0
2022-07-05,2025,0.0
2022-07-06,2025,0.0
2022-07-07,2025,0.0
2022-07-08,2025,0.0
2022-07-11,2025,0.0
2022-07-12,2025,0.2
2022-07-13,2025,0.2
2022-07-14,2025,0.4
2022-07-15,2025,0.4
2022-07-18,2025,0.4
2022-07-19,2025,0.4
2022-07-20,2025,0.2
2022-07-21,2025,0.2
2022-07-22,2025,0.0
2022-07-25,2025,0.0
2022-07-26,2025,0.0
2022-07-27,2025,0.0
2022-07-28,2025,0.0
2022-07-29,2025,0.0
2022-08-01,2025,0.0
2022-08-02,2025,0.0
2022-08-03,2025,0.0
2022-08-04,2025,0.0
2022-08-05,2025,0.0
2022-08-08,2025,0.0
2022-08-09,2025,0.0
2022-08-10,2025,0.0
2022-08-11,2025,-0.0475
2022-08-12,2025,0.0
2022-08-15,2025,0.0
2022-08-16,2025,0.0
2022-08-17,2025,0.0
2022-08-18,2025,0.0
2022-08-19,2025,0.0
2022-08-22,2025,0.0
2022-08-23,2025,0.0
2022-08-24,2025,0.0
2022-08-25,2025,0.0
2022-08-26,2025,0.0
2022-08-29,2025,0.01
2022-08-30,2025,0.01
2022-08-31,2025,0.01
2022-09-01,2025,0.01
2022-09-02,2025,0.0
2022-09-05,2025,0.0
2022-09-06,2025,0.0
2022-09-08,2025,0.01
2022-09-09,2025,0.0
2022-09-12,2025,0.0
2022-09-13,2025,0.0
2022-09-14,2025,0.0
2022-09-15,2025,0.0
2022-09-16,2025,0.0
2022-09-19,2025,0.0416
2022-09-20,2025,0.0416
2022-09-21,2025,0.0416
2022-09-22,2025,0.0416
2022-09-23,2025,0.0
2022-09-26,2025,0.0
2022-09-27,2025,0.0
2022-09-28,2025,0.0
2022-09-29,2025,0.0
2022-09-30,2025,0.0
2022-10-03,2025,0.3
2022-10-04,2025,0.3
2022-10-05,2025,0.3
2022-10-06,2025,0.3
2022-10-07,2025,0.3
2022-10-10,2025,0.3
2022-10-11,2025,0.3
2022-10-13,2025,0.3
2022-10-14,2025,0.3
2022-10-17,2025,0.3
2022-10-18,2025,0.3
2022-10-19,2025,0.25
2022-10-20,2025,0.2
2022-10-21,2025,0.0
2022-10-24,2025,0.0
2022-10-25,2025,0.0
2022-10-26,2025,0.0
2022-10-27,2025,0.1
2022-10-28,2025,0.1
2022-10-31,2025,0.0
2022-11-01,2025,0.0
2022-11-03,2025,0.1
2022-11-04,2025,0.2
2022-11-07,2025,0.1
2022-11-08,2025,0.1
2022-11-09,2025,0.0
2022-11-10,2025,0.0
2022-11-11,2025,0.0
2022-11-14,2025,-0.005
2022-11-16,2025,-0.005
2022-11-17,2025,-0.055
2022-11-18,2025,-0.3
2022-11-21,2025,-0.3
2022-11-22,2025,-0.3
2022-11-23,2025,-0.3
2022-11-24,2025,-0.2
2022-11-25,2025,-0.4
2022-11-28,2025,-0.4
2022-11-29,2025,-0.4
2022-11-30,2025,-0.4
2022-12-01,2025,-0.4
2022-12-02,2025,-0.4
2022-12-05,2025,-0.4
2022-12-06,2025,-0.4
2022-12-07,2025,-0.4
2022-12-08,2025,-0.4
2022-12-09,2025,-0.45
2022-12-12,2025,-0.5
2022-12-13,2025,-0.5
2022-12-14,2025,-0.5
2022-12-15,2025,-0.5
2022-12-16,2025,-0.5
2022-12-19,2025,-0.55
2022-12-20,2025,-0.55
2022-12-21,2025,-0.5
2022-12-22,2025,-0.5
2022-12-23,2025,-0.65
2022-12-26,2025,-0.7
2022-12-27,2025,-0.7
2022-12-28,2025,-0.7
2022-12-29,2025,-0.7
2022-12-30,2025,-0.7
2023-01-02,2025,-0.7
2023-01-03,2025,-0.7
2023-01-04,2025,-0.7
2023-01-05,2025,-0.7
2023-01-06,2025,-0.7
2023-01-09,2025,-0.7
2023-01-10,2025,-0.7
2023-01-11,2025,-0.7
2023-01-12,2025,-0.7
2023-01-13,2025,-0.65
2023-01-16,2025,-0.7
2023-01-17,2025,-0.7
2023-01-18,2025,-0.7
2023-01-19,2025,-0.7
2023-01-20,2025,-0.55
2023-01-23,2025,-0.55
2023-01-24,2025,-0.55
2023-01-25,2025,-0.55
2023-01-26,2025,-0.55
2023-01-27,2025,-0.45
2023-01-30,2025,-0.45
2023-01-31,2025,-0.45
2023-02-01,2025,-0.5
2023-02-02,2025,-0.5
2023-02-03,2025,-0.5
2023-02-06,2025,-0.5
2023-02-07,2025,-0.45
2023-02-08,2025,-0.45
2023-02-09,2025,-0.4
2023-02-10,2025,-0.44
2023-02-13,2025,-0.44
2023-02-14,2025,-0.44
2023-02-15,2025,-0.44
2023-02-16,2025,-0.48
2023-02-17,2025,-0.425
2023-02-22,2025,-0.45
2023-02-23,2025,-0.45
2023-02-24,2025,-0.45
2023-02-27,2025,-0.425
2023-02-28,2025,-0.4
2023-03-01,2025,-0.4
2023-03-02,2025,-0.4
2023-03-03,2025,-0.4
2023-03-06,2025,-0.1
2023-03-07,2025,-0.1
2023-03-08,2025,-0.1
2023-03-09,2025,-0.1
2023-03-10,2025,-0.1
2023-03-13,2025,-0.4
2023-03-14,2025,-0.425
2023-03-15,2025,-0.425
2023-03-16,2025,-0.425
2023-03-17,2025,-0.5
2023-03-20,2025,-0.5
2023-03-21,2025,-0.5
2023-03-22,2025,-0.5
2023-03-23,2025,-0.5
2023-03-24,2025,-0.5
2023-03-27,2025,-0.5
2023-03-28,2025,-0.5
2023-03-29,2025,-0.5
2023-03-30,2025,-0.5
2023-03-31,2025,-0.5
2023-04-03,2025,-0.5
2023-04-04,2025,-0.5
2023-04-05,2025,-0.5
2023-04-06,2025,-0.5
2023-04-10,2025,-0.5
2023-04-11,2025,-0.5
2023-04-12,2025,-0.5
2023-04-13,2025,-0.5
2023-04-14,2025,-0.5
2023-04-17,2025,-0.435
2023-04-18,2025,-0.435
2023-04-19,2025,-0.435
2023-04-20,2025,-0.37
2023-04-24,2025,-0.385
2023-04-25,2025,-0.385
2023-04-26,2025,-0.385
2023-04-27,2025,-0.4
2023-04-28,2025,-0.4
2023-05-02,2025,-0.45
2023-05-03,2025,-0.4
2023-05-04,2025,-0.4
2023-05-05,2025,-0.385
2023-05-08,2025,-0.21
2023-05-09,2025,-0.21
2023-05-10,2025,-0.21
2023-05-11,2025,-0.05
2023-05-12,2025,-0.385
2023-05-15,2025,-0.385
2023-05-16,2025,-0.37
2023-05-17,2025,-0.21
2023-05-18,2025,-0.21
2023-05-19,2025,-0.37
2023-05-22,2025,-0.37
2023-05-23,2025,-0.37
2023-05-24,2025,-0.37
2023-05-25,2025,-0.21
2023-05-26,2025,-0.21
2023-05-29,2025,-0.37
2023-05-30,2025,-0.37
2023-05-31,2025,-0.37
2023-06-01,2025,-0.37
2023-06-02,2025,-0.335
2023-06-05,2025,-0.435
2023-06-06,2025,-0.435
2023-06-07,2025,-0.37
2023-06-09,2025,-0.37
2023-06-12,2025,-0.335
2023-06-13,2025,-0.335
2023-06-14,2025,-0.335
2023-06-15,2025,-0.37
2023-06-16,2025,-0.5
2023-06-19,2025,-0.4
2023-06-20,2025,-0.4
2023-06-21,2025,-0.4
2023-06-22,2025,-0.4
2023-06-23,2025,-0.45
2023-06-26,2025,-0.5
2023-06-27,2025,-0.5
2023-06-28,2025,-0.5
2023-06-29,2025,-0.5
2023-06-30,2025,-0.5
2023-07-03,2025,-0.5
2023-07-04,2025,-0.5
2023-07-05,2025,-0.5
2023-07-06,2025,-0.5
2023-07-07,2025,-0.5
2023-07-10,2025,-0.5
2023-07-11,2025,-0.5
2023-07-12,2025,-0.5
2023-07-13,2025,-0.5
2023-07-14,2025,-0.5
2023-07-17,2025,-0.5
2023-07-18,2025,-0.5
2023-07-19,2025,-0.5
2023-07-20,2025,-0.5
2023-07-21,2025,-0.5
2023-07-24,2025,-0.5
2023-07-25,2025,-0.5
2023-07-26,2025,-0.5
2023-07-27,2025,-0.5
2023-07-28,2025,-0.6
2023-07-31,2025,-0.6
2023-08-01,2025,-0.6
2023-08-02,2025,-0.6
2023-08-03,2025,-0.6
2023-08-04,2025,-0.6
2023-08-07,2025,-0.6
2023-08-08,2025,-0.6
2023-08-09,2025,-0.6
2023-08-10,2025,-0.6
2023-08-11,2025,-0.6
2023-08-14,2025,-0.6
2023-08-15,2025,-0.6
2023-08-16,2025,-0.6
2023-08-17,2025,-0.6
2023-08-18,2025,-0.6
2023-08-21,2025,-0.6
2023-08-22,2025,-0.6
2023-08-23,2025,-0.6
2023-08-24,2025,-0.6
2023-08-25,2025,-0.6
2023-08-28,2025,-0.55
2023-08-29,2025,-0.5
2023-08-30,2025,-0.5
2023-08-31,2025,-0.5
2023-09-01,2025,-0.55
2023-09-04,2025,-0.55
2023-09-05,2025,-0.5
2023-09-06,2025,-0.5
2023-09-08,2025,-0.5
2023-09-11,2025,-0.5
2023-09-12,2025,-0.5
2023-09-13,2025,-0.5
2023-09-14,2025,-0.5
2023-09-15,2025,-0.55
2023-09-18,2025,-0.5
2023-09-19,2025,-0.5
2023-09-20,2025,-0.5
2023-09-21,2025,-0.5
2023-09-22,2025,-0.55
2023-09-25,2025,-0.6
2023-09-26,2025,-0.6
2023-09-27,2025,-0.6
2023-09-28,2025,-0.6
2023-09-29,2025,-0.6
2023-10-02,2025,-0.6
2023-10-03,2025,-0.6
2023-10-04,2025,-0.6
2023-10-05,2025,-0.6
2023-10-06,2025,-0.6
2023-10-09,2025,-0.6
2023-10-10,2025,-0.6
2023-10-11,2025,-0.6
2023-10-13,2025,-0.6
2023-10-16,2025,-0.6
2023-10-17,2025,-0.6
2023-10-18,2025,-0.6
2023-10-19,2025,-0.6
2023-10-20,2025,-0.55
2023-10-23,2025,-0.55
2023-10-24,2025,-0.55
2023-10-25,2025,-0.5
2023-10-26,2025,-0.525
2023-10-27,2025,-0.55
2023-10-30,2025,-0.6
2023-10-31,2025,-0.6
2023-11-01,2025,-0.6
2023-11-03,2025,-0.6
2023-11-06,2025,-0.6
2023-11-07,2025,-0.6
2023-11-08,2025,-0.6
2023-11-09,2025,-0.6
2023-11-10,2025,-0.6
2023-11-13,2025,-0.6
2023-11-14,2025,-0.6
2023-11-16,2025,-0.6
2023-11-17,2025,-0.6
2023-11-20,2025,-0.6
2023-11-21,2025,-0.6
2023-11-22,2025,-0.6
2023-11-23,2025,-0.6
2023-11-24,2025,-0.6
2023-11-27,2025,-0.6
2023-11-28,2025,-0.6
2023-11-29,2025,-0.6
2023-11-30,2025,-0.6
2023-12-01,2025,-0.6
2023-12-04,2025,-0.6
2023-12-05,2025,-0.6
2023-12-06,2025,-0.6
2023-12-07,2025,-0.6
2023-12-08,2025,-0.6
2023-12-11,2025,-0.6
2023-12-12,2025,-0.6
2023-12-13,2025,-0.6
2023-12-14,2025,-0.6
2023-12-15,2025,-0.6
2023-12-18,2025,-0.6
2023-12-19,2025,-0.6
2023-12-20,2025,-0.6
2023-12-21,2025,-0.6
2023-12-22,2025,-0.6
2023-12-26,2025,-0.6
2023-12-27,2025,-0.6
2023-12-28,2025,-0.6
2023-12-29,2025,-0.6
2024-01-02,2025,-0.6
2024-01-03,2025,-0.6
2024-01-04,2025,-0.6
2024-01-05,2025,-0.6
2024-01-08,2025,-0.605
2024-01-09,2025,-0.605
2024-01-10,2025,-0.655
2024-01-11,2025,-0.6557
2024-01-12,2025,-0.6557
2024-01-15,2025,-0.7
2024-01-16,2025,-0.7
2024-01-17,2025,-0.65
2024-01-18,2025,-0.7
2024-01-19,2025,-0.6
2024-01-22,2025,-0.6
2024-01-23,2025,-0.6
2024-01-24,2025,-0.6
2024-01-25,2025,-0.6
2024-01-26,2025,-0.6
2024-01-29,2025,-0.6
2024-01-30,2025,-0.6
2024-01-31,2025,-0.6
2024-02-01,2025,-0.6
2024-02-02,2025,-0.6
2024-02-05,2025,-0.6
2024-02-06,2025,-0.6
2024-02-07,2025,-0.6
2024-02-08,2025,-0.6
2024-02-09,2025,-0.6
2024-02-14,2025,-0.6
2024-02-15,2025,-0.6
2024-02-16,2025,-0.6
2024-02-19,2025,-0.6
2024-02-20,2025,-0.6
2024-02-21,2025,-0.6
2024-02-22,2025,-0.6
2024-02-23,2025,-0.6
2024-02-26,2025,-0.6
2024-02-27,2025,-0.6
2024-02-28,2025,-0.6
2024-02-29,2025,-0.6
2024-03-01,2025,-0.6
2024-03-04,2025,-0.6
2024-03-05,2025,-0.6
2024-03-06,2025,-0.6
2024-03-07,2025,-0.6
2024-03-08,2025,-0.6
2024-03-11,2025,-0.6
2024-03-12,2025,-0.6
2024-03-13,2025,-0.6
2024-03-14,2025,-0.6
2024-03-15,2025,-0.6
2024-03-18,2025,-0.6
2024-03-19,2025,-0.6
2024-03-20,2025,-0.6
2024-03-21,2025,-0.6
2024-03-22,2025,-0.6
2024-03-25,2025,-0.6
2024-03-26,2025,-0.6
2024-03-27,2025,-0.6
2024-03-28,2025,-0.6
2024-04-01,2025,-0.6
2024-04-02,2025,-0.6
2024-04-03,2025,-0.6
2024-04-04,2025,-0.6
2024-04-05,2025,-0.6
2024-04-08,2025,-0.6
2024-04-09,2025,-0.6
2024-04-10,2025,-0.6
2024-04-11,2025,-0.6
2024-04-12,2025,-0.6
2024-04-15,2025,-0.6
2024-04-16,2025,-0.6
2024-04-17,2025,-0.6
2024-04-18,2025,-0.625
2024-04-19,2025,-0.6
2024-04-22,2025,-0.65
2024-04-23,2025,-0.65
2024-04-24,2025,-0.65
2024-04-25,2025,-0.675
2024-04-26,2025,-0.675
2024-04-29,2025,-0.675
2024-04-30,2025,-0.675
2024-05-02,2025,-0.625
2024-05-03,2025,-0.675
2024-05-06,2025,-0.625
2024-05-07,2025,-0.625
2024-05-08,2025,-0.625
2024-05-09,2025,-0.625
2024-05-10,2025,-0.6
2024-05-13,2025,-0.6
2024-05-14,2025,-0.6
2024-05-15,2025,-0.6
2024-05-16,2025,-0.6
2024-05-17,2025,-0.633
2024-05-20,2025,-0.6
2024-05-21,2025,-0.6
2024-05-22,2025,-0.6
2024-05-23,2025,-0.6
2024-05-24,2025,-0.633
2024-05-27,2025,-0.6
2024-05-28,2025,-0.6
2024-05-29,2025,-0.6
2024-05-31,2025,-0.6
2024-06-03,2025,-0.67
2024-06-04,2025,-0.67
2024-06-05,2025,-0.67
2024-06-06,2025,-0.67
2024-06-07,2025,-0.67
2024-06-10,2025,-0.67
2024-06-11,2025,-0.67
2024-06-12,2025,-0.67
2024-06-13,2025,-0.6535
2024-06-14,2025,-0.6
2024-06-17,2025,-0.6
2024-06-18,2025,-0.6
2024-06-19,2025,-0.6
2024-06-20,2025,-0.6
2024-06-21,2025,-0.6
2024-06-24,2025,-0.605
2024-06-25,2025,-0.605
2024-06-26,2025,-0.605
2024-06-27,2025,-0.61
2024-06-28,2025,-0.637
2024-07-01,2025,-0.637
2024-07-02,2025,-0.637
2024-07-03,2025,-0.637
2024-07-04,2025,-0.637
2024-07-05,2025,-0.61
2024-07-08,2025,-0.61
2024-07-09,2025,-0.625
2024-07-10,2025,-0.625
2024-07-11,2025,-0.64
2024-07-12,2025,-0.655
2024-07-15,2025,-0.725
2024-07-16,2025,-0.7
2024-07-17,2025,-0.7
2024-07-18,2025,-0.7
2024-07-19,2025,-0.67
2024-07-22,2025,-0.7
2024-07-23,2025,-0.7
2024-07-24,2025,-0.7
2024-07-25,2025,-0.685
2024-07-26,2025,-0.7
2024-07-29,2025,-0.67
2024-07-30,2025,-0.67
2024-07-31,2025,-0.67
2024-08-01,2025,-0.67
2024-08-02,2025,-0.7
2024-08-05,2025,-0.7
2024-08-06,2025,-0.7
2024-08-07,2025,-0.7
2024-08-08,2025,-0.7
2024-08-09,2025,-0.7
2024-08-12,2025,-0.7
2024-08-13,2025,-0.7
2024-08-14,2025,-0.7
2024-08-15,2025,-0.7
2024-08-16,2025,-0.7
2024-08-19,2025,-0.75
2024-08-20,2025,-0.77
2024-08-21,2025,-0.75
2024-08-22,2025,-0.77
2024-08-23,2025,-0.77
2024-08-26,2025,-0.735
2024-08-27,2025,-0.735
2024-08-28,2025,-0.735
2024-08-29,2025,-0.77
2024-08-30,2025,-0.755
2024-09-02,2025,-0.755
2024-09-03,2025,-0.755
2024-09-04,2025,-0.755
2024-09-05,2025,-0.75
2024-09-06,2025,-0.75
2024-09-09,2025,-0.76
2024-09-10,2025,-0.755
2024-09-11,2025,-0.755
2024-09-12,2025,-0.76
2024-09-13,2025,-0.75
2024-09-16,2025,-0.75
2024-09-17,2025,-0.74
2024-09-18,2025,-0.74
2024-09-19,2025,-0.73
2024-09-20,2025,-0.74
2024-09-23,2025,-0.72
2024-09-24,2025,-0.72
2024-09-25,2025,-0.725
2024-09-26,2025,-0.725
2024-09-27,2025,-0.725
2024-09-30,2025,-0.73
2024-10-01,2025,-0.73
2024-10-02,2025,-0.73
2024-10-03,2025,-0.73
2024-10-04,2025,-0.73
2024-10-07,2025,-0.73
2024-10-08,2025,-0.73
2024-10-09,2025,-0.73
2024-10-10,2025,-0.73
2024-10-11,2025,-0.73
2024-10-14,2025,-0.72
2024-10-15,2025,-0.715
2024-10-16,2025,-0.73
2024-10-17,2025,-0.73
2024-10-18,2025,-0.7
2024-10-21,2025,-0.7
2024-10-22,2025,-0.7
2024-10-23,2025,-0.7
2024-10-24,2025,-0.7
2024-10-25,2025,-0.7
2024-10-28,2025,-0.7
2024-10-29,2025,-0.7
2024-10-30,2025,-0.7
2024-10-31,2025,-0.7
2024-11-01,2025,-0.7
2024-11-04,2025,-0.7
2024-11-05,2025,-0.7
2024-11-06,2025,-0.7
2024-11-07,2025,-0.7
2024-11-08,2025,-0.7
2024-11-11,2025,-0.7
2024-11-12,2025,-0.7
2024-11-13,2025,-0.7
2024-11-14,2025,-0.7
2024-11-18,2025,-0.7
2024-11-19,2025,-0.7
2024-11-21,2025,-0.7
2024-11-22,2025,-0.7
2024-11-25,2025,-0.7
2024-11-26,2025,-0.7
2024-11-27,2025,-0.7
2024-11-28,2025,-0.7
2024-11-29,2025,-0.7
2024-12-02,2025,-0.7
2024-12-03,2025,-0.7
2024-12-04,2025,-0.7
2024-12-05,2025,-0.7
2024-12-06,2025,-0.695
2024-12-09,2025,-0.69
2024-12-10,2025,-0.69
2024-12-11,2025,-0.69
2024-12-12,2025,-0.64
2024-12-13,2025,-0.64
2024-12-16,2025,-0.625
2024-12-17,2025,-0.625
2024-12-18,2025,-0.625
2024-12-19,2025,-0.625
2024-12-20,2025,-0.6
2024-12-23,2025,-0.6
2024-12-24,2025,-0.6
2024-12-26,2025,-0.6
2024-12-27,2025,-0.6
2024-12-30,2025,-0.6
2024-12-31,2025,-0.6
2025-01-02,2025,-0.6
2025-01-03,2025,-0.6
2025-01-06,2025,-0.6
2025-01-07,2025,-0.6
2025-01-08,2025,-0.6
2025-01-09,2025,-0.6
2025-01-10,2025,-0.6
2025-01-13,2025,-0.6
2025-01-14,2025,-0.6
2025-01-15,2025,-0.6
2025-01-16,2025,-0.6
2025-01-17,2025,-0.6
2025-01-20,2025,-0.6
2025-01-21,2025,-0.6
2025-01-22,2025,-0.6
2025-01-23,2025,-0.6
2025-01-24,2025,-0.6
2025-01-27,2025,-0.6
2025-01-28,2025,-0.6
2025-01-29,2025,-0.6
2025-01-30,2025,-0.6
2025-01-31,2025,-0.6
2025-02-03,2025,-0.6
2025-02-04,2025,-0.6
2025-02-05,2025,-0.6
2025-02-06,2025,-0.6
2025-02-07,2025,-0.6
2025-02-10,2025,-0.6
2025-02-11,2025,-0.6
2025-02-12,2025,-0.6
2025-02-13,2025,-0.6
2025-02-14,2025,-0.6
2025-02-17,2025,-0.6
2025-02-18,2025,-0.6
2025-02-19,2025,-0.6
2025-02-20,2025,-0.6
2025-02-21,2025,-0.6
2025-02-24,2025,-0.59
2025-02-25,2025,-0.59
2025-02-26,2025,-0.6
2025-02-27,2025,-0.6
2025-02-28,2025,-0.6
2025-03-05,2025,-0.6
2025-03-06,2025,-0.6
2025-03-07,2025,-0.6
2025-03-10,2025,-0.59
2025-03-11,2025,-0.6
2025-03-12,2025,-0.6
2025-03-13,2025,-0.6
2025-03-14,2025,-0.6
2025-03-17,2025,-0.6
2025-03-18,2025,-0.6
2025-03-19,2025,-0.6
2025-03-20,2025,-0.6
2025-03-21,2025,-0.6
2025-03-24,2025,-0.6
2025-03-25,2025,-0.6
2025-03-26,2025,-0.6
2025-03-27,2025,-0.6
2025-03-28,2025,-0.6
2025-03-31,2025,-0.6
2025-04-01,2025,-0.6
2025-04-02,2025,-0.6
2025-04-03,2025,-0.6
2025-04-04,2025,-0.6
2025-04-07,2025,-0.6
2025-04-08,2025,-0.6
2025-04-09,2025,-0.6
2025-04-10,2025,-0.6
2025-04-11,2025,-0.6
2025-04-14,2025,-0.5923
2025-04-15,2025,-0.5962
2025-04-16,2025,-0.6
2025-04-17,2025,-0.6
2025-04-22,2025,-0.6
2025-04-23,2025,-0.6
2025-04-24,2025,-0.6
2025-04-25,2025,-0.6
2025-04-28,2025,-0.6
2025-04-29,2025,-0.6
2025-04-30,2025,-0.59
2025-05-02,2025,-0.6
2025-05-05,2025,-0.6
2025-05-06,2025,-0.6
2025-05-07,2025,-0.6
2025-05-08,2025,-0.6
2025-05-09,2025,-0.6
2025-05-12,2025,-0.6
2025-05-13,2025,-0.6
2025-05-14,2025,-0.6
2025-05-15,2025,-0.6
2025-05-16,2025,-0.6
2025-05-19,2025,-0.6
2025-05-20,2025,-0.6
2025-05-21,2025,-0.6
2025-05-22,2025,-0.6
2025-05-23,2025,-0.6
2025-05-26,2025,-0.6
2025-05-27,2025,-0.6
2025-05-28,2025,-0.6
2025-05-29,2025,-0.6
2025-05-30,2025,-0.6
2025-06-02,2025,-0.6
2025-06-03,2025,-0.6
2025-06-04,2025,-0.6
2025-06-05,2025,-0.6
2025-06-06,2025,-0.6
2025-06-09,2025,-0.6
2025-06-10,2025,-0.6
2025-06-11,2025,-0.6
2025-06-12,2025,-0.6
2025-06-13,2025,-0.6
2025-06-16,2025,-0.6
2025-06-17,2025,-0.6
2025-06-18,2025,-0.6
2025-06-20,2025,-0.6
2025-06-23,2025,-0.6
2025-06-24,2025,-0.6
2025-06-25,2025,-0.6
2025-06-26,2025,-0.58
2025-06-27,2025,-0.59
2025-06-30,2025,-0.58
2025-07-01,2025,-0.59
2025-07-02,2025,-0.59
2025-07-03,2025,-0.59
2025-07-04,2025,-0.57
2025-07-07,2025,-0.55
2025-07-08,2025,-0.55
2025-07-09,2025,-0.56
2025-07-10,2025,-0.56
2025-07-11,2025,-0.56
2025-07-14,2025,-0.55
2025-07-15,2025,-0.535
2025-07-16,2025,-0.535
2025-07-17,2025,-0.555
2025-07-18,2025,-0.55
2025-07-21,2025,-0.55
2025-07-22,2025,-0.55
2025-07-23,2025,-0.55
2025-07-24,2025,-0.55
2025-07-25,2025,-0.55
2025-07-28,2025,-0.55
2025-07-29,2025,-0.55
2025-07-30,2025,-0.55
2025-07-31,2025,-0.55
2025-08-01,2025,-0.55
2025-08-04,2025,-0.53
2025-08-05,2025,-0.53
2025-08-06,2025,-0.53
2025-08-07,2025,-0.53
2025-08-08,2025,-0.53
2025-08-11,2025,-0.51
2025-08-12,2025,-0.505
2025-08-13,2025,-0.5
2025-08-14,2025,-0.5
2025-08-15,2025,-0.5
2025-08-18,2025,-0.505
2025-08-19,2025,-0.505
2025-08-20,2025,-0.505
2025-08-21,2025,-0.5
2025-08-22,2025,-0.5274
2025-08-25,2025,-0.51
2025-08-26,2025,-0.51
2025-08-27,2025,-0.51
2025-08-28,2025,-0.51
2025-08-29,2025,-0.5187
2025-09-01,2025,-0.5
2025-09-02,2025,-0.5
2025-09-03,2025,-0.5
2025-09-04,2025,-0.5
2025-09-05,2025,-0.515
2025-09-08,2025,-0.505
2025-09-09,2025,-0.515
2025-09-10,2025,-0.515
2025-09-11,2025,-0.52
2025-09-12,2025,-0.515
2025-09-15,2025,-0.53
2025-09-16,2025,-0.53
2025-09-17,2025,-0.53
2025-09-18,2025,-0.525
2025-09-19,2025,-0.5051
2025-09-22,2025,-0.5
2025-09-23,2025,-0.5
2025-09-24,2025,-0.5001
2025-09-25,2025,-0.5001
2025-09-26,2025,-0.5051
2025-09-29,2025,-0.5001
2025-09-30,2025,-0.5001
2025-10-01,2025,-0.5001
2025-10-02,2025,-0.5
2025-10-03,2025,-0.5021
2025-10-06,2025,-0.5021
2025-10-07,2025,-0.5021
2025-10-08,2025,-0.5021
2025-10-09,2025,-0.5021
2025-10-10,2025,-0.5021
2025-10-13,2025,-0.5001
2025-10-14,2025,-0.5001
2025-10-15,2025,-0.5001
2025-10-16,2025,-0.5001
2025-10-17,2025,-0.5
2025-10-20,2025,-0.5
2025-10-21,2025,-0.5
2025-10-22,2025,-0.5
2025-10-23,2025,-0.5
2025-10-24,2025,-0.5
2025-10-27,2025,-0.5
2025-10-28,2025,-0.5
2025-10-29,2025,-0.5
2025-10-30,2025,-0.5
2025-10-31,2025,-0.504
2025-11-03,2025,-0.504
2025-11-04,2025,-0.5
2025-11-05,2025,-0.502
2025-11-06,2025,-0.5
2025-11-07,2025,-0.502
2025-11-10,2025,-0.5
2025-11-11,2025,-0.5
2025-11-12,2025,-0.5
2025-11-13,2025,-0.5
2025-11-14,2025,-0.5
2025-11-17,2025,-0.5
2025-11-18,2025,-0.5
2025-11-19,2025,-0.5
2025-11-21,2025,-0.5
2025-11-24,2025,-0.5
2025-11-25,2025,-0.5
2025-11-26,2025,-0.5
2025-11-27,2025,-0.5
2025-11-28,2025,-0.5
2025-12-01,2025,-0.5
2025-12-02,2025,-0.5
2025-12-03,2025,-0.5
2025-12-04,2025,-0.5
2025-12-05,2025,-0.5
2025-12-08,2025,-0.5
2025-12-09,2025,-0.5
2025-12-10,2025,-0.5
2025-12-11,2025,-0.5
2025-12-12,2025,-0.5
2025-12-15,2025,-0.5
2025-12-16,2025,-0.5
2025-12-17,2025,-0.5
2025-12-18,2025,-0.5
2025-12-19,2025,-0.5
2025-12-22,2025,-0.5
2025-12-23,2025,-0.5
2025-12-24,2025,-0.5
2025-12-26,2025,-0.5
2025-12-29,2025,-0.5
2025-12-30,2025,-0.5
2025-12-31,2025,-0.5
2026-01-02,2025,-0.5
2026-01-05,2025,-0.5
2026-01-06,2025,-0.5
2026-01-07,2025,-0.5
2026-01-08,2025,-0.5
2026-01-09,2025,-0.5
2026-01-12,2025,-0.5
2026-01-13,2025,-0.5
2026-01-14,2025,-0.5
2026-01-15,2025,-0.5
2026-01-16,2025,-0.5
2026-01-19,2025,-0.5
2026-01-20,2025,-0.5
2026-01-21,2025,-0.5
2026-01-22,2025,-0.5
2026-01-23,2025,-0.5
2026-01-26,2025,-0.5
2026-01-27,2025,-0.5
2026-01-28,2025,-0.5
2026-01-29,2025,-0.5
2018-01-22,2026,2.0
2018-01-23,2026,1.75
2018-01-24,2026,1.75
2018-01-25,2026,1.75
2018-01-26,2026,1.75
2018-01-29,2026,2.0
2018-01-30,2026,2.0
2018-01-31,2026,2.0
2018-02-01,2026,2.0
2018-02-02,2026,2.0
2018-02-05,2026,2.0
2018-02-06,2026,2.0
2018-02-07,2026,2.0
2018-02-08,2026,2.0
2018-02-09,2026,2.0
2018-02-14,2026,1.75
2018-02-15,2026,2.0
2018-02-16,2026,2.0
2018-02-19,2026,2.0
2018-02-20,2026,1.7
2018-02-21,2026,1.7
2018-02-22,2026,1.7
2018-02-23,2026,1.7
2018-02-26,2026,1.7
2018-02-27,2026,1.7
2018-02-28,2026,1.7
2018-03-01,2026,1.7
2018-03-02,2026,1.7
2018-03-05,2026,1.6
2018-03-06,2026,1.6
2018-03-07,2026,1.6
2018-03-08,2026,1.6
2018-03-09,2026,1.6
2018-03-12,2026,1.7
2018-03-13,2026,1.7
2018-03-14,2026,1.85
2018-03-15,2026,1.85
2018-03-16,2026,1.85
2018-03-19,2026,1.85
2018-03-20,2026,2.0
2018-03-21,2026,2.0
2018-03-22,2026,2.0
2018-03-23,2026,2.0
2018-03-26,2026,2.0
2018-03-27,2026,2.0
2018-03-28,2026,2.0
2018-03-29,2026,2.0
2018-04-02,2026,2.0
2018-04-03,2026,2.0
2018-04-04,2026,2.0
2018-04-05,2026,2.0
2018-04-06,2026,2.0
2018-04-09,2026,2.0
2018-04-10,2026,2.0
2018-04-11,2026,2.0
2018-04-12,2026,2.0
2018-04-13,2026,2.0
2018-04-16,2026,2.0
2018-04-17,2026,2.0
2018-04-18,2026,2.0
2018-04-19,2026,2.0
2018-04-20,2026,2.0
2018-04-23,2026,2.0
2018-04-24,2026,2.0
2018-04-25,2026,2.0
2018-04-26,2026,2.0
2018-04-27,2026,2.0
2018-04-30,2026,2.0
2018-05-02,2026,2.0
2018-05-03,2026,2.0
2018-05-04,2026,2.0
2018-05-07,2026,2.0
2018-05-08,2026,2.0
2018-05-09,2026,2.0
2018-05-10,2026,2.0
2018-05-11,2026,2.0
2018-05-14,2026,2.0
2018-05-15,2026,2.0
2018-05-16,2026,2.0
2018-05-17,2026,2.0
2018-05-18,2026,2.0
2018-05-21,2026,2.0
2018-05-22,2026,2.0
2018-05-23,2026,2.0
2018-05-24,2026,2.0
2018-05-25,2026,2.0
2018-05-28,2026,2.0
2018-05-29,2026,2.0
2018-05-30,2026,2.0
2018-06-01,2026,2.0
2018-06-04,2026,2.0
2018-06-05,2026,2.0
2018-06-06,2026,2.0
2018-06-07,2026,2.0
2018-06-08,2026,2.0
2018-06-11,2026,2.0
2018-06-12,2026,2.0
2018-06-13,2026,2.0
2018-06-14,2026,2.0
2018-06-15,2026,2.0
2018-06-18,2026,2.0
2018-06-19,2026,2.0
2018-06-20,2026,2.0
2018-06-21,2026,2.0
2018-06-22,2026,2.0
2018-06-25,2026,2.0
2018-06-26,2026,2.0
2018-06-27,2026,2.0
2018-06-28,2026,2.0
2018-06-29,2026,2.0
2018-07-02,2026,2.0
2018-07-03,2026,2.0
2018-07-04,2026,2.0
2018-07-05,2026,2.0
2018-07-06,2026,2.0
2018-07-09,2026,2.0
2018-07-10,2026,2.0
2018-07-11,2026,2.0
2018-07-12,2026,2.0
2018-07-13,2026,2.0
2018-07-16,2026,2.0
2018-07-17,2026,2.0
2018-07-18,2026,2.0
2018-07-19,2026,2.0
2018-07-20,2026,2.0
2018-07-23,2026,2.0
2018-07-24,2026,2.0
2018-07-25,2026,2.0
2018-07-26,2026,2.0
2018-07-27,2026,2.0
2018-07-30,2026,2.0
2018-07-31,2026,2.0
2018-08-01,2026,2.0
2018-08-02,2026,2.0
2018-08-03,2026,2.0
2018-08-06,2026,2.0
2018-08-07,2026,2.0
2018-08-08,2026,2.0
2018-08-09,2026,2.0
2018-08-10,2026,2.0
2018-08-13,2026,2.0
2018-08-14,2026,2.0
2018-08-15,2026,2.0
2018-08-16,2026,2.0
2018-08-17,2026,2.0
2018-08-20,2026,2.0
2018-08-21,2026,2.0
2018-08-22,2026,2.0
2018-08-23,2026,2.0
2018-08-24,2026,2.0
2018-08-27,2026,2.0
2018-08-28,2026,2.0
2018-08-29,2026,2.0
2018-08-30,2026,2.0
2018-08-31,2026,2.0
2018-09-03,2026,2.0
2018-09-04,2026,2.0
2018-09-05,2026,2.0
2018-09-06,2026,2.0
2018-09-10,2026,2.0
2018-09-11,2026,2.0
2018-09-12,2026,2.0
2018-09-13,2026,2.0
2018-09-14,2026,2.0
2018-09-17,2026,2.0
2018-09-18,2026,2.0
2018-09-19,2026,2.0
2018-09-20,2026,2.0
2018-09-21,2026,2.0
2018-09-24,2026,1.9
2018-09-25,2026,1.9
2018-09-26,2026,1.9
2018-09-27,2026,1.9
2018-09-28,2026,1.9
2018-10-01,2026,1.9
2018-10-02,2026,1.9
2018-10-03,2026,1.9
2018-10-04,2026,1.9
2018-10-05,2026,1.9
2018-10-08,2026,2.0
2018-10-09,2026,2.0
2018-10-10,2026,2.0
2018-10-11,2026,2.0
2018-10-15,2026,2.0
2018-10-16,2026,2.0
2018-10-17,2026,2.0
2018-10-18,2026,1.9
2018-10-19,2026,1.9
2018-10-22,2026,1.8
2018-10-23,2026,1.8
2018-10-24,2026,1.8
2018-10-25,2026,1.65
2018-10-26,2026,1.8
2018-10-29,2026,1.8
2018-10-30,2026,1.9
2018-10-31,2026,1.9
2018-11-01,2026,1.65
2018-11-05,2026,1.5
2018-11-06,2026,1.5
2018-11-07,2026,1.5
2018-11-08,2026,1.65
2018-11-09,2026,1.65
2018-11-12,2026,1.9
2018-11-13,2026,1.9
2018-11-14,2026,1.9
2018-11-16,2026,1.9
2018-11-19,2026,1.9
2018-11-20,2026,1.9
2018-11-21,2026,1.9
2018-11-22,2026,2.0
2018-11-23,2026,2.0
2018-11-26,2026,2.0
2018-11-27,2026,2.0
2018-11-28,2026,2.0
2018-11-29,2026,2.0
2018-11-30,2026,1.9
2018-12-03,2026,1.9
2018-12-04,2026,1.9
2018-12-05,2026,1.9
2018-12-06,2026,1.9
2018-12-07,2026,1.9
2018-12-10,2026,2.0
2018-12-11,2026,2.0
2018-12-12,2026,2.0
2018-12-13,2026,2.0
2018-12-14,2026,2.0
2018-12-17,2026,1.9
2018-12-18,2026,1.8
2018-12-19,2026,1.8
2018-12-20,2026,1.8
2018-12-21,2026,1.9
2018-12-24,2026,1.75
2018-12-26,2026,1.75
2018-12-27,2026,1.75
2018-12-28,2026,1.9
2018-12-31,2026,1.9
2019-01-02,2026,1.9
2019-01-03,2026,1.9
2019-01-04,2026,1.9
2019-01-07,2026,1.8
2019-01-08,2026,1.8
2019-01-09,2026,1.7
2019-01-10,2026,1.7
2019-01-11,2026,1.85
2019-01-14,2026,1.85
2019-01-15,2026,1.85
2019-01-16,2026,1.85
2019-01-17,2026,1.85
2019-01-18,2026,1.85
2019-01-21,2026,1.85
2019-01-22,2026,1.85
2019-01-23,2026,1.85
2019-01-24,2026,1.85
2019-01-25,2026,1.85
2019-01-28,2026,2.0
2019-01-29,2026,2.0
2019-01-30,2026,2.0
2019-01-31,2026,2.0
2019-02-01,2026,2.0
2019-02-04,2026,2.0
2019-02-05,2026,2.0
2019-02-06,2026,2.0
2019-02-07,2026,2.0
2019-02-08,2026,2.0
2019-02-11,2026,2.0
2019-02-12,2026,2.0
2019-02-13,2026,2.0
2019-02-14,2026,1.85
2019-02-15,2026,1.85
2019-02-18,2026,1.85
2019-02-19,2026,1.85
2019-02-20,2026,1.85
2019-02-21,2026,1.85
2019-02-22,2026,1.85
2019-02-25,2026,1.85
2019-02-26,2026,1.85
2019-02-27,2026,1.85
2019-02-28,2026,1.85
2019-03-01,2026,1.85
2019-03-06,2026,1.7
2019-03-07,2026,1.6
2019-03-08,2026,1.65
2019-03-11,2026,1.65
2019-03-12,2026,1.65
2019-03-13,2026,1.65
2019-03-14,2026,1.65
2019-03-15,2026,1.7
2019-03-18,2026,1.85
2019-03-19,2026,1.85
2019-03-20,2026,1.7
2019-03-21,2026,1.7
2019-03-22,2026,1.7
2019-03-25,2026,1.85
2019-03-26,2026,1.65
2019-03-27,2026,1.55
2019-03-28,2026,1.5
2019-03-29,2026,1.5
2019-04-01,2026,1.5
2019-04-02,2026,1.5
2019-04-03,2026,1.5
2019-04-04,2026,1.5
2019-04-05,2026,1.5
2019-04-08,2026,1.55
2019-04-09,2026,1.55
2019-04-10,2026,1.55
2019-04-11,2026,1.5
2019-04-12,2026,1.5
2019-04-15,2026,1.55
2019-04-16,2026,1.5
2019-04-17,2026,1.5
2019-04-18,2026,1.5
2019-04-22,2026,1.5
2019-04-23,2026,1.5
2019-04-24,2026,1.5
2019-04-25,2026,1.5
2019-04-26,2026,1.5
2019-04-29,2026,1.5
2019-04-30,2026,1.5
2019-05-02,2026,1.5
2019-05-03,2026,1.5
2019-05-06,2026,1.5
2019-05-07,2026,1.55
2019-05-08,2026,1.5
2019-05-09,2026,1.5
2019-05-10,2026,1.5
2019-05-13,2026,1.6
2019-05-14,2026,1.6
2019-05-15,2026,1.6
2019-05-16,2026,1.5
2019-05-17,2026,1.5
2019-05-20,2026,1.5
2019-05-21,2026,1.5
2019-05-22,2026,1.5
2019-05-23,2026,1.5
2019-05-24,2026,1.5
2019-05-27,2026,1.5
2019-05-28,2026,1.5
2019-05-29,2026,1.5
2019-05-30,2026,1.5
2019-05-31,2026,1.5
2019-06-03,2026,1.5
2019-06-04,2026,1.5
2019-06-05,2026,1.5
2019-06-06,2026,1.5
2019-06-07,2026,1.5
2019-06-10,2026,1.5
2019-06-11,2026,1.5
2019-06-12,2026,1.5
2019-06-13,2026,1.5
2019-06-14,2026,1.5
2019-06-17,2026,1.5
2019-06-18,2026,1.5
2019-06-19,2026,1.5
2019-06-21,2026,1.5
2019-06-24,2026,1.5
2019-06-25,2026,1.5
2019-06-26,2026,1.5
2019-06-27,2026,1.5
2019-06-28,2026,1.5
2019-07-01,2026,1.5
2019-07-02,2026,1.5
2019-07-03,2026,1.5
2019-07-04,2026,1.5
2019-07-05,2026,1.5
2019-07-08,2026,1.5
2019-07-09,2026,1.5
2019-07-10,2026,1.5
2019-07-11,2026,1.5
2019-07-12,2026,1.5
2019-07-15,2026,1.5
2019-07-16,2026,1.5
2019-07-17,2026,1.5
2019-07-18,2026,1.5
2019-07-19,2026,1.5
2019-07-22,2026,1.5
2019-07-23,2026,1.45
2019-07-24,2026,1.45
2019-07-25,2026,1.4
2019-07-26,2026,1.4
2019-07-29,2026,1.3
2019-07-30,2026,1.3
2019-07-31,2026,1.3
2019-08-01,2026,1.3
2019-08-02,2026,1.3
2019-08-05,2026,1.3
2019-08-06,2026,1.3
2019-08-07,2026,1.25
2019-08-08,2026,1.25
2019-08-09,2026,1.25
2019-08-12,2026,1.25
2019-08-13,2026,1.25
2019-08-14,2026,1.25
2019-08-15,2026,1.25
2019-08-16,2026,1.3
2019-08-19,2026,1.3
2019-08-20,2026,1.3
2019-08-21,2026,1.3
2019-08-22,2026,1.3
2019-08-23,2026,1.3
2019-08-26,2026,1.3
2019-08-27,2026,1.3
2019-08-28,2026,1.3
2019-08-29,2026,1.3
2019-08-30,2026,1.25
2019-09-02,2026,1.25
2019-09-03,2026,1.25
2019-09-04,2026,1.25
2019-09-05,2026,1.25
2019-09-06,2026,1.25
2019-09-09,2026,1.3
2019-09-10,2026,1.2
2019-09-11,2026,1.2
2019-09-12,2026,1.35
2019-09-13,2026,1.2
2019-09-16,2026,1.2
2019-09-17,2026,1.2
2019-09-18,2026,1.2
2019-09-19,2026,1.2
2019-09-20,2026,1.2
2019-09-23,2026,1.2
2019-09-24,2026,1.2
2019-09-25,2026,1.2
2019-09-26,2026,1.2
2019-09-27,2026,1.2
2019-09-30,2026,1.35
2019-10-01,2026,1.35
2019-10-02,2026,1.35
2019-10-03,2026,1.2
2019-10-04,2026,1.2
2019-10-07,2026,1.2
2019-10-08,2026,1.2
2019-10-09,2026,1.2
2019-10-10,2026,1.2
2019-10-11,2026,1.35
2019-10-14,2026,1.5
2019-10-15,2026,1.5
2019-10-16,2026,1.5
2019-10-17,2026,1.5
2019-10-18,2026,1.35
2019-10-21,2026,1.5
2019-10-22,2026,1.35
2019-10-23,2026,1.35
2019-10-24,2026,1.5
2019-10-25,2026,1.35
2019-10-28,2026,1.35
2019-10-29,2026,1.35
2019-10-30,2026,1.35
2019-10-31,2026,1.2
2019-11-01,2026,1.2
2019-11-04,2026,1.35
2019-11-05,2026,1.35
2019-11-06,2026,1.35
2019-11-07,2026,1.2
2019-11-08,2026,1.35
2019-11-11,2026,1.2
2019-11-12,2026,1.2
2019-11-13,2026,1.35
2019-11-14,2026,1.35
2019-11-18,2026,1.5
2019-11-19,2026,1.5
2019-11-20,2026,1.5
2019-11-21,2026,1.5
2019-11-22,2026,1.3
2019-11-25,2026,1.3
2019-11-26,2026,1.3
2019-11-27,2026,1.3
2019-11-28,2026,1.3
2019-11-29,2026,1.3
2019-12-02,2026,1.0
2019-12-03,2026,1.0
2019-12-04,2026,1.0
2019-12-05,2026,1.0
2019-12-06,2026,1.3
2019-12-09,2026,1.0
2019-12-10,2026,1.0
2019-12-11,2026,1.0
2019-12-12,2026,1.0
2019-12-13,2026,1.0
2019-12-16,2026,1.0
2019-12-17,2026,1.0
2019-12-18,2026,1.0
2019-12-19,2026,1.15
2019-12-20,2026,1.15
2019-12-23,2026,1.3
2019-12-24,2026,1.3
2019-12-26,2026,1.3
2019-12-27,2026,1.3
2019-12-30,2026,1.3
2019-12-31,2026,1.3
2020-01-02,2026,1.3
2020-01-03,2026,1.3
2020-01-06,2026,1.3
2020-01-07,2026,1.4
2020-01-08,2026,1.4
2020-01-09,2026,1.5
2020-01-10,2026,1.5
2020-01-13,2026,1.4
2020-01-14,2026,1.4
2020-01-15,2026,1.4
2020-01-16,2026,1.4
2020-01-17,2026,1.4
2020-01-20,2026,1.5
2020-01-21,2026,1.5
2020-01-22,2026,1.5
2020-01-23,2026,1.4
2020-01-24,2026,1.3
2020-01-27,2026,1.3
2020-01-28,2026,1.3
2020-01-29,2026,1.3
2020-01-30,2026,1.3
2020-01-31,2026,1.3
2020-02-03,2026,1.3
2020-02-04,2026,1.3
2020-02-05,2026,1.1
2020-02-06,2026,1.1
2020-02-07,2026,1.1
2020-02-10,2026,1.1
2020-02-11,2026,1.1
2020-02-12,2026,1.1
2020-02-13,2026,1.2
2020-02-14,2026,1.2
2020-02-17,2026,1.05
2020-02-18,2026,1.05
2020-02-19,2026,1.05
2020-02-20,2026,1.05
2020-02-21,2026,1.05
2020-02-26,2026,1.1
2020-02-27,2026,1.3
2020-02-28,2026,1.3
2020-03-02,2026,1.4
2020-03-03,2026,1.4
2020-03-04,2026,1.5
2020-03-05,2026,1.5
2020-03-06,2026,1.4
2020-03-09,2026,1.3
2020-03-10,2026,1.3
2020-03-11,2026,1.3
2020-03-12,2026,1.3
2020-03-13,2026,1.2
2020-03-16,2026,1.2
2020-03-17,2026,1.2
2020-03-18,2026,1.2
2020-03-19,2026,1.2
2020-03-20,2026,1.2
2020-03-23,2026,1.1
2020-03-24,2026,1.1
2020-03-25,2026,1.1
2020-03-26,2026,1.1
2020-03-27,2026,1.0
2020-03-30,2026,1.0
2020-03-31,2026,1.0
2020-04-01,2026,1.0
2020-04-02,2026,1.0
2020-04-03,2026,1.0
2020-04-06,2026,1.0
2020-04-07,2026,1.0
2020-04-08,2026,1.0
2020-04-09,2026,1.0
2020-04-13,2026,1.0
2020-04-14,2026,1.0
2020-04-15,2026,1.0
2020-04-16,2026,1.0
2020-04-17,2026,0.95
2020-04-20,2026,0.95
2020-04-22,2026,0.95
2020-04-23,2026,0.95
2020-04-24,2026,0.95
2020-04-27,2026,0.9
2020-04-28,2026,0.9
2020-04-29,2026,0.9
2020-04-30,2026,0.85
2020-05-04,2026,0.85
2020-05-05,2026,0.85
2020-05-06,2026,0.85
2020-05-07,2026,0.85
2020-05-08,2026,0.85
2020-05-11,2026,0.9
2020-05-12,2026,0.9
2020-05-13,2026,0.9
2020-05-14,2026,0.9
2020-05-15,2026,0.78
2020-05-18,2026,0.78
2020-05-19,2026,0.78
2020-05-20,2026,0.78
2020-05-21,2026,0.78
2020-05-22,2026,0.71
2020-05-25,2026,0.71
2020-05-26,2026,0.71
2020-05-27,2026,0.71
2020-05-28,2026,0.71
2020-05-29,2026,0.71
2020-06-01,2026,0.66
2020-06-02,2026,0.66
2020-06-03,2026,0.71
2020-06-04,2026,0.71
2020-06-05,2026,0.71
2020-06-08,2026,0.71
2020-06-09,2026,0.75
2020-06-10,2026,0.66
2020-06-12,2026,0.5
2020-06-15,2026,0.5
2020-06-16,2026,0.5
2020-06-17,2026,0.5
2020-06-18,2026,0.5
2020-06-19,2026,0.5
2020-06-22,2026,0.5
2020-06-23,2026,0.5
2020-06-24,2026,0.5
2020-06-25,2026,0.5
2020-06-26,2026,0.5
2020-06-29,2026,0.5
2020-06-30,2026,0.5
2020-07-01,2026,0.5
2020-07-02,2026,0.5
2020-07-03,2026,0.5
2020-07-06,2026,0.5
2020-07-07,2026,0.5
2020-07-08,2026,0.5
2020-07-09,2026,0.5
2020-07-10,2026,0.28
2020-07-13,2026,0.25
2020-07-14,2026,0.25
2020-07-15,2026,0.25
2020-07-16,2026,0.25
2020-07-17,2026,0.25
2020-07-20,2026,0.25
2020-07-21,2026,0.25
2020-07-22,2026,0.25
2020-07-23,2026,0.25
2020-07-24,2026,0.3
2020-07-27,2026,0.28
2020-07-28,2026,0.28
2020-07-29,2026,0.28
2020-07-30,2026,0.28
2020-07-31,2026,0.25
2020-08-03,2026,0.25
2020-08-04,2026,0.25
2020-08-05,2026,0.25
2020-08-06,2026,0.28
2020-08-07,2026,0.25
2020-08-10,2026,0.24
2020-08-11,2026,0.24
2020-08-12,2026,0.25
2020-08-13,2026,0.25
2020-08-14,2026,0.23
2020-08-17,2026,0.23
2020-08-18,2026,0.25
2020-08-19,2026,0.25
2020-08-20,2026,0.25
2020-08-21,2026,0.25
2020-08-24,2026,0.24
2020-08-25,2026,0.24
2020-08-26,2026,0.24
2020-08-27,2026,0.24
2020-08-28,2026,0.25
2020-08-31,2026,0.28
2020-09-01,2026,0.28
2020-09-02,2026,0.28
2020-09-03,2026,0.28
2020-09-04,2026,0.3
2020-09-08,2026,0.3
2020-09-09,2026,0.26
2020-09-10,2026,0.26
2020-09-11,2026,0.21
2020-09-14,2026,0.26
2020-09-15,2026,0.26
2020-09-16,2026,0.26
2020-09-17,2026,0.21
2020-09-18,2026,0.21
2020-09-21,2026,0.21
2020-09-22,2026,0.21
2020-09-23,2026,0.21
2020-09-24,2026,0.21
2020-09-25,2026,0.26
2020-09-28,2026,0.15
2020-09-29,2026,0.15
2020-09-30,2026,0.15
2020-10-01,2026,0.15
2020-10-02,2026,0.15
2020-10-05,2026,0.15
2020-10-06,2026,0.15
2020-10-07,2026,0.21
2020-10-08,2026,0.21
2020-10-09,2026,0.21
2020-10-13,2026,0.3
2020-10-14,2026,0.5
2020-10-15,2026,0.5
2020-10-16,2026,0.5
2020-10-19,2026,0.7
2020-10-20,2026,0.7
2020-10-21,2026,0.7
2020-10-22,2026,0.4
2020-10-23,2026,0.3
2020-10-26,2026,0.3
2020-10-27,2026,0.3
2020-10-28,2026,0.3
2020-10-29,2026,0.3
2020-10-30,2026,0.3
2020-11-03,2026,0.21
2020-11-04,2026,0.21
2020-11-05,2026,0.21
2020-11-06,2026,0.21
2020-11-09,2026,0.2
2020-11-10,2026,0.21
2020-11-11,2026,0.21
2020-11-12,2026,0.21
2020-11-13,2026,0.21
2020-11-16,2026,0.16
2020-11-17,2026,0.1
2020-11-18,2026,0.1
2020-11-19,2026,0.05
2020-11-20,2026,0.05
2020-11-23,2026,0.1
2020-11-24,2026,0.1
2020-11-25,2026,0.05
2020-11-26,2026,0.05
2020-11-27,2026,0.05
2020-11-30,2026,0.05
2020-12-01,2026,0.05
2020-12-02,2026,0.05
2020-12-03,2026,0.05
2020-12-04,2026,0.11
2020-12-07,2026,0.11
2020-12-08,2026,0.11
2020-12-09,2026,0.11
2020-12-10,2026,0.11
2020-12-11,2026,0.11
2020-12-14,2026,0.21
2020-12-15,2026,0.21
2020-12-16,2026,0.21
2020-12-17,2026,0.21
2020-12-18,2026,0.26
2020-12-21,2026,0.26
2020-12-22,2026,0.26
2020-12-23,2026,0.26
2020-12-24,2026,0.26
2020-12-28,2026,0.26
2020-12-29,2026,0.26
2020-12-30,2026,0.26
2020-12-31,2026,0.26
2021-01-04,2026,0.21
2021-01-05,2026,0.21
2021-01-06,2026,0.21
2021-01-07,2026,0.3
2021-01-08,2026,0.3
2021-01-11,2026,0.6
2021-01-12,2026,0.6
2021-01-13,2026,0.6
2021-01-14,2026,0.6
2021-01-15,2026,0.3
2021-01-18,2026,-0.07
2021-01-19,2026,-0.07
2021-01-20,2026,-0.13
2021-01-21,2026,-0.07
2021-01-22,2026,-0.07
2021-01-25,2026,0.1
2021-01-26,2026,0.1
2021-01-27,2026,0.1
2021-01-28,2026,0.2
2021-01-29,2026,0.3
2021-02-01,2026,0.3
2021-02-02,2026,0.2
2021-02-03,2026,0.2
2021-02-04,2026,0.2
2021-02-05,2026,0.0
2021-02-08,2026,0.0
2021-02-09,2026,0.0
2021-02-10,2026,0.0
2021-02-11,2026,0.0
2021-02-12,2026,0.0
2021-02-17,2026,0.1
2021-02-18,2026,0.1
2021-02-19,2026,0.1
2021-02-22,2026,0.3
2021-02-23,2026,0.1
2021-02-24,2026,0.1
2021-02-25,2026,0.05
2021-02-26,2026,0.05
2021-03-01,2026,0.0
2021-03-02,2026,0.0
2021-03-03,2026,0.0
2021-03-04,2026,0.0
2021-03-05,2026,0.05
2021-03-08,2026,0.05
2021-03-09,2026,0.05
2021-03-10,2026,0.05
2021-03-11,2026,0.0
2021-03-12,2026,0.0
2021-03-15,2026,0.0
2021-03-16,2026,0.0
2021-03-17,2026,0.0
2021-03-18,2026,0.0
2021-03-19,2026,0.0
2021-03-22,2026,0.0
2021-03-23,2026,0.0
2021-03-24,2026,0.0
2021-03-25,2026,0.0
2021-03-26,2026,0.0
2021-03-29,2026,0.0
2021-03-30,2026,0.0
2021-03-31,2026,0.0
2021-04-01,2026,0.0
2021-04-05,2026,0.0
2021-04-06,2026,0.0
2021-04-07,2026,0.0
2021-04-08,2026,0.0
2021-04-09,2026,0.0
2021-04-12,2026,0.0
2021-04-13,2026,0.0
2021-04-14,2026,0.0
2021-04-15,2026,-0.15
2021-04-16,2026,-0.15
2021-04-19,2026,0.0
2021-04-20,2026,0.0
2021-04-22,2026,0.0
2021-04-23,2026,0.0
2021-04-26,2026,0.0
2021-04-27,2026,0.0
2021-04-28,2026,0.0
2021-04-29,2026,0.0
2021-04-30,2026,0.0
2021-05-03,2026,0.0
2021-05-04,2026,0.0
2021-05-05,2026,0.0
2021-05-06,2026,0.0
2021-05-07,2026,0.0
2021-05-10,2026,0.0
2021-05-11,2026,0.0
2021-05-12,2026,0.0
2021-05-13,2026,0.0
2021-05-14,2026,0.0
2021-05-17,2026,0.0
2021-05-18,2026,0.0
2021-05-19,2026,0.0
2021-05-20,2026,0.0
2021-05-21,2026,0.125
2021-05-24,2026,0.175
2021-05-25,2026,0.175
2021-05-26,2026,0.35
2021-05-27,2026,0.35
2021-05-28,2026,0.35
2021-05-31,2026,0.35
2021-06-01,2026,0.35
2021-06-02,2026,0.35
2021-06-04,2026,0.5
2021-06-07,2026,0.5
2021-06-08,2026,0.5
2021-06-09,2026,0.475
2021-06-10,2026,0.475
2021-06-11,2026,0.3
2021-06-14,2026,0.15
2021-06-15,2026,0.15
2021-06-16,2026,0.1
2021-06-17,2026,0.1
2021-06-18,2026,0.1
2021-06-21,2026,0.2
2021-06-22,2026,0.2
2021-06-23,2026,0.24
2021-06-24,2026,0.24
2021-06-25,2026,0.24
2021-06-28,2026,0.15
2021-06-29,2026,0.15
2021-06-30,2026,0.15
2021-07-01,2026,0.15
2021-07-02,2026,0.15
2021-07-05,2026,0.15
2021-07-06,2026,0.15
2021-07-07,2026,0.2
2021-07-08,2026,0.2
2021-07-09,2026,0.2
2021-07-12,2026,0.28
2021-07-13,2026,0.28
2021-07-14,2026,0.28
2021-07-15,2026,0.28
2021-07-16,2026,0.5
2021-07-19,2026,0.5
2021-07-20,2026,0.5
2021-07-21,2026,0.5
2021-07-22,2026,0.39
2021-07-23,2026,0.5
2021-07-26,2026,0.5
2021-07-27,2026,0.5
2021-07-28,2026,0.5
2021-07-29,2026,0.5
2021-07-30,2026,0.5
2021-08-02,2026,0.5
2021-08-03,2026,0.5
2021-08-04,2026,0.5
2021-08-05,2026,0.5
2021-08-06,2026,0.6
2021-08-09,2026,0.55
2021-08-10,2026,0.5
2021-08-11,2026,0.5
2021-08-12,2026,0.5
2021-08-13,2026,0.5
2021-08-16,2026,0.5
2021-08-17,2026,0.5
2021-08-18,2026,0.5
2021-08-19,2026,0.5
2021-08-20,2026,0.5
2021-08-23,2026,0.6
2021-08-24,2026,0.6
2021-08-25,2026,0.65
2021-08-26,2026,0.6
2021-08-27,2026,0.6
2021-08-30,2026,0.6
2021-08-31,2026,0.6
2021-09-01,2026,0.6
2021-09-02,2026,0.6
2021-09-03,2026,0.35
2021-09-06,2026,0.35
2021-09-08,2026,0.35
2021-09-09,2026,0.35
2021-09-10,2026,0.6
2021-09-13,2026,0.45
2021-09-14,2026,0.45
2021-09-15,2026,0.45
2021-09-16,2026,0.45
2021-09-17,2026,0.3
2021-09-20,2026,0.3
2021-09-21,2026,0.3
2021-09-22,2026,0.3
2021-09-23,2026,0.3
2021-09-24,2026,0.3
2021-09-27,2026,0.3
2021-09-28,2026,0.3
2021-09-29,2026,0.3
2021-09-30,2026,0.3
2021-10-01,2026,0.5
2021-10-04,2026,0.55
2021-10-05,2026,0.55
2021-10-06,2026,0.55
2021-10-07,2026,0.55
2021-10-08,2026,0.55
2021-10-11,2026,0.6
2021-10-13,2026,0.6
2021-10-14,2026,0.6
2021-10-15,2026,0.6
2021-10-18,2026,1.0
2021-10-19,2026,1.0
2021-10-20,2026,1.0
2021-10-21,2026,1.0
2021-10-22,2026,0.7
2021-10-25,2026,0.7
2021-10-26,2026,0.7
2021-10-27,2026,0.7
2021-10-28,2026,0.7
2021-10-29,2026,0.5
2021-11-01,2026,0.5
2021-11-03,2026,0.5
2021-11-04,2026,0.5
2021-11-05,2026,0.5
2021-11-08,2026,0.5
2021-11-09,2026,0.5
2021-11-10,2026,0.5
2021-11-11,2026,0.5
2021-11-12,2026,0.5
2021-11-16,2026,0.45
2021-11-17,2026,0.45
2021-11-18,2026,0.45
2021-11-19,2026,0.5
2021-11-22,2026,0.5
2021-11-23,2026,0.5
2021-11-24,2026,0.5
2021-11-25,2026,0.5
2021-11-26,2026,0.45
2021-11-29,2026,0.45
2021-11-30,2026,0.45
2021-12-01,2026,0.45
2021-12-02,2026,0.45
2021-12-03,2026,0.4
2021-12-06,2026,0.4
2021-12-07,2026,0.4
2021-12-08,2026,0.35
2021-12-09,2026,0.35
2021-12-10,2026,0.35
2021-12-13,2026,0.3
2021-12-14,2026,0.2
2021-12-15,2026,0.2
2021-12-16,2026,0.2
2021-12-17,2026,0.2
2021-12-20,2026,0.1
2021-12-21,2026,0.1
2021-12-22,2026,0.1
2021-12-23,2026,0.1
2021-12-24,2026,0.1
2021-12-27,2026,0.1
2021-12-28,2026,0.1
2021-12-29,2026,0.1
2021-12-30,2026,0.1
2021-12-31,2026,0.1
2022-01-03,2026,0.2
2022-01-04,2026,0.2
2022-01-05,2026,0.2
2022-01-06,2026,0.2
2022-01-07,2026,0.25
2022-01-10,2026,0.25
2022-01-11,2026,0.25
2022-01-12,2026,0.25
2022-01-13,2026,0.25
2022-01-14,2026,0.25
2022-01-17,2026,0.2
2022-01-18,2026,0.25
2022-01-19,2026,0.25
2022-01-20,2026,0.25
2022-01-21,2026,0.3
2022-01-24,2026,0.3
2022-01-25,2026,0.3
2022-01-26,2026,0.3
2022-01-27,2026,0.3
2022-01-28,2026,0.3
2022-01-31,2026,0.35
2022-02-01,2026,0.35
2022-02-02,2026,0.35
2022-02-03,2026,0.4
2022-02-04,2026,0.4
2022-02-07,2026,0.4
2022-02-08,2026,0.4
2022-02-09,2026,0.4
2022-02-10,2026,0.5
2022-02-11,2026,0.5
2022-02-14,2026,0.5
2022-02-15,2026,0.5
2022-02-16,2026,0.5
2022-02-17,2026,0.5
2022-02-18,2026,0.45
2022-02-21,2026,0.4
2022-02-22,2026,0.4
2022-02-23,2026,0.4
2022-02-24,2026,0.4
2022-02-25,2026,0.5
2022-03-02,2026,0.515
2022-03-03,2026,0.515
2022-03-04,2026,0.515
2022-03-07,2026,0.5
2022-03-08,2026,0.5
2022-03-09,2026,0.5
2022-03-10,2026,0.525
2022-03-11,2026,0.5
2022-03-14,2026,0.4
2022-03-15,2026,0.4
2022-03-16,2026,0.4
2022-03-17,2026,0.3
2022-03-18,2026,0.4
2022-03-21,2026,0.4
2022-03-22,2026,0.4
2022-03-23,2026,0.4
2022-03-24,2026,0.3
2022-03-25,2026,0.3
2022-03-28,2026,0.55
2022-03-29,2026,0.55
2022-03-30,2026,0.55
2022-03-31,2026,0.55
2022-04-01,2026,0.5
2022-04-04,2026,0.55
2022-04-05,2026,0.5
2022-04-06,2026,0.5
2022-04-07,2026,0.5
2022-04-08,2026,0.5
2022-04-11,2026,0.4
2022-04-12,2026,0.4
2022-04-13,2026,0.4
2022-04-14,2026,0.3
2022-04-18,2026,0.2
2022-04-19,2026,0.2
2022-04-20,2026,0.2
2022-04-22,2026,0.3
2022-04-25,2026,0.2
2022-04-26,2026,0.2
2022-04-27,2026,0.2
2022-04-28,2026,0.2
2022-04-29,2026,0.2
2022-05-02,2026,0.2
2022-05-03,2026,0.2
2022-05-04,2026,0.2
2022-05-05,2026,0.2
2022-05-06,2026,0.25
2022-05-09,2026,0.25
2022-05-10,2026,0.25
2022-05-11,2026,0.25
2022-05-12,2026,0.3
2022-05-13,2026,0.3
2022-05-16,2026,0.35
2022-05-17,2026,0.35
2022-05-18,2026,0.35
2022-05-19,2026,0.35
2022-05-20,2026,0.3
2022-05-23,2026,0.3
2022-05-24,2026,0.3
2022-05-25,2026,0.3
2022-05-26,2026,0.3
2022-05-27,2026,0.3
2022-05-30,2026,0.35
2022-05-31,2026,0.35
2022-06-01,2026,0.35
2022-06-02,2026,0.35
2022-06-03,2026,0.35
2022-06-06,2026,0.3
2022-06-07,2026,0.3
2022-06-08,2026,0.3
2022-06-09,2026,0.3
2022-06-10,2026,0.4
2022-06-13,2026,0.3
2022-06-14,2026,0.3
2022-06-15,2026,0.3
2022-06-17,2026,0.285
2022-06-20,2026,0.285
2022-06-21,2026,0.285
2022-06-22,2026,0.285
2022-06-23,2026,0.285
2022-06-24,2026,0.3
2022-06-27,2026,0.3
2022-06-28,2026,0.3
2022-06-29,2026,0.3
2022-06-30,2026,0.3
2022-07-01,2026,0.3
2022-07-04,2026,0.3
2022-07-05,2026,0.3
2022-07-06,2026,0.3
2022-07-07,2026,0.3
2022-07-08,2026,0.3
2022-07-11,2026,0.27
2022-07-12,2026,0.285
2022-07-13,2026,0.285
2022-07-14,2026,0.3
2022-07-15,2026,0.3
2022-07-18,2026,0.5
2022-07-19,2026,0.5
2022-07-20,2026,0.3
2022-07-21,2026,0.3
2022-07-22,2026,0.275
2022-07-25,2026,0.275
2022-07-26,2026,0.275
2022-07-27,2026,0.275
2022-07-28,2026,0.275
2022-07-29,2026,0.25
2022-08-01,2026,0.25
2022-08-02,2026,0.25
2022-08-03,2026,0.25
2022-08-04,2026,0.25
2022-08-05,2026,0.25
2022-08-08,2026,0.225
2022-08-09,2026,0.225
2022-08-10,2026,0.225
2022-08-11,2026,0.2
2022-08-12,2026,0.225
2022-08-15,2026,0.225
2022-08-16,2026,0.225
2022-08-17,2026,0.225
2022-08-18,2026,0.225
2022-08-19,2026,0.225
2022-08-22,2026,0.25
2022-08-23,2026,0.25
2022-08-24,2026,0.275
2022-08-25,2026,0.275
2022-08-26,2026,0.275
2022-08-29,2026,0.3
2022-08-30,2026,0.3
2022-08-31,2026,0.3
2022-09-01,2026,0.3
2022-09-02,2026,0.275
2022-09-05,2026,0.25
2022-09-06,2026,0.25
2022-09-08,2026,0.3
2022-09-09,2026,0.3
2022-09-12,2026,0.2
2022-09-13,2026,0.2
2022-09-14,2026,0.3
2022-09-15,2026,0.3
2022-09-16,2026,0.205
2022-09-19,2026,0.3
2022-09-20,2026,0.3
2022-09-21,2026,0.3
2022-09-22,2026,0.3
2022-09-23,2026,0.4
2022-09-26,2026,0.4
2022-09-27,2026,0.4
2022-09-28,2026,0.4
2022-09-29,2026,0.4
2022-09-30,2026,0.4
2022-10-03,2026,0.55
2022-10-04,2026,0.55
2022-10-05,2026,0.55
2022-10-06,2026,0.55
2022-10-07,2026,0.55
2022-10-10,2026,0.65
2022-10-11,2026,0.65
2022-10-13,2026,0.65
2022-10-14,2026,0.7
2022-10-17,2026,0.7
2022-10-18,2026,0.7
2022-10-19,2026,0.6
2022-10-20,2026,0.55
2022-10-21,2026,0.4
2022-10-24,2026,0.4
2022-10-25,2026,0.4
2022-10-26,2026,0.4
2022-10-27,2026,0.5
2022-10-28,2026,0.5
2022-10-31,2026,0.4
2022-11-01,2026,0.4
2022-11-03,2026,0.5
2022-11-04,2026,0.55
2022-11-07,2026,0.5
2022-11-08,2026,0.5
2022-11-09,2026,0.5
2022-11-10,2026,0.3
2022-11-11,2026,0.375
2022-11-14,2026,0.125
2022-11-16,2026,0.125
2022-11-17,2026,0.0
2022-11-18,2026,-0.1
2022-11-21,2026,-0.1
2022-11-22,2026,0.0
2022-11-23,2026,0.0
2022-11-24,2026,0.0
2022-11-25,2026,0.0
2022-11-28,2026,0.0
2022-11-29,2026,0.0
2022-11-30,2026,0.0
2022-12-01,2026,0.0
2022-12-02,2026,-0.2
2022-12-05,2026,-0.25
2022-12-06,2026,-0.25
2022-12-07,2026,-0.25
2022-12-08,2026,-0.25
2022-12-09,2026,-0.3
2022-12-12,2026,-0.3
2022-12-13,2026,-0.3
2022-12-14,2026,-0.3
2022-12-15,2026,-0.395
2022-12-16,2026,-0.49
2022-12-19,2026,-0.3
2022-12-20,2026,-0.3
2022-12-21,2026,-0.3
2022-12-22,2026,-0.3
2022-12-23,2026,-0.5
2022-12-26,2026,-0.5
2022-12-27,2026,-0.5
2022-12-28,2026,-0.5
2022-12-29,2026,-0.5
2022-12-30,2026,-0.5
2023-01-02,2026,-0.5
2023-01-03,2026,-0.5
2023-01-04,2026,-0.5
2023-01-05,2026,-0.5
2023-01-06,2026,-0.5
2023-01-09,2026,-0.5
2023-01-10,2026,-0.5
2023-01-11,2026,-0.5
2023-01-12,2026,-0.5
2023-01-13,2026,-0.5
2023-01-16,2026,-0.5
2023-01-17,2026,-0.5
2023-01-18,2026,-0.5
2023-01-19,2026,-0.5
2023-01-20,2026,-0.48
2023-01-23,2026,-0.48
2023-01-24,2026,-0.48
2023-01-25,2026,-0.48
2023-01-26,2026,-0.48
2023-01-27,2026,-0.3
2023-01-30,2026,-0.3
2023-01-31,2026,-0.3
2023-02-01,2026,-0.29
2023-02-02,2026,-0.29
2023-02-03,2026,-0.29
2023-02-06,2026,-0.3
2023-02-07,2026,-0.3
2023-02-08,2026,-0.3
2023-02-09,2026,-0.29
2023-02-10,2026,-0.28
2023-02-13,2026,-0.28
2023-02-14,2026,-0.28
2023-02-15,2026,-0.28
2023-02-16,2026,-0.265
2023-02-17,2026,-0.175
2023-02-22,2026,-0.175
2023-02-23,2026,-0.175
2023-02-24,2026,-0.175
2023-02-27,2026,-0.25
2023-02-28,2026,-0.175
2023-03-01,2026,-0.175
2023-03-02,2026,-0.175
2023-03-03,2026,-0.175
2023-03-06,2026,-0.175
2023-03-07,2026,-0.175
2023-03-08,2026,-0.175
2023-03-09,2026,-0.175
2023-03-10,2026,-0.175
2023-03-13,2026,-0.175
2023-03-14,2026,-0.25
2023-03-15,2026,-0.25
2023-03-16,2026,-0.25
2023-03-17,2026,-0.225
2023-03-20,2026,-0.25
2023-03-21,2026,-0.275
2023-03-22,2026,-0.275
2023-03-23,2026,-0.275
2023-03-24,2026,-0.275
2023-03-27,2026,-0.275
2023-03-28,2026,-0.275
2023-03-29,2026,-0.275
2023-03-30,2026,-0.275
2023-03-31,2026,-0.3
2023-04-03,2026,-0.3
2023-04-04,2026,-0.3
2023-04-05,2026,-0.3
2023-04-06,2026,-0.3
2023-04-10,2026,-0.3424
2023-04-11,2026,-0.3424
2023-04-12,2026,-0.3212
2023-04-13,2026,-0.3212
2023-04-14,2026,-0.3
2023-04-17,2026,-0.3212
2023-04-18,2026,-0.3212
2023-04-19,2026,-0.3212
2023-04-20,2026,-0.2
2023-04-24,2026,-0.2
2023-04-25,2026,-0.2
2023-04-26,2026,-0.2
2023-04-27,2026,-0.2
2023-04-28,2026,-0.15
2023-05-02,2026,-0.2
2023-05-03,2026,-0.15
2023-05-04,2026,-0.15
2023-05-05,2026,-0.1
2023-05-08,2026,-0.06
2023-05-09,2026,-0.06
2023-05-10,2026,-0.06
2023-05-11,2026,-0.03
2023-05-12,2026,-0.1
2023-05-15,2026,-0.1
2023-05-16,2026,-0.08
2023-05-17,2026,-0.1
2023-05-18,2026,-0.06
2023-05-19,2026,-0.15
2023-05-22,2026,-0.2
2023-05-23,2026,-0.2
2023-05-24,2026,-0.2
2023-05-25,2026,-0.2
2023-05-26,2026,-0.2
2023-05-29,2026,-0.2
2023-05-30,2026,-0.2
2023-05-31,2026,-0.2
2023-06-01,2026,-0.2
2023-06-02,2026,-0.2
2023-06-05,2026,-0.2
2023-06-06,2026,-0.2
2023-06-07,2026,-0.2
2023-06-09,2026,-0.2
2023-06-12,2026,-0.2
2023-06-13,2026,-0.2
2023-06-14,2026,-0.2
2023-06-15,2026,-0.215
2023-06-16,2026,-0.25
2023-06-19,2026,-0.23
2023-06-20,2026,-0.23
2023-06-21,2026,-0.23
2023-06-22,2026,-0.23
2023-06-23,2026,-0.24
2023-06-26,2026,-0.24
2023-06-27,2026,-0.24
2023-06-28,2026,-0.25
2023-06-29,2026,-0.25
2023-06-30,2026,-0.281
2023-07-03,2026,-0.281
2023-07-04,2026,-0.281
2023-07-05,2026,-0.281
2023-07-06,2026,-0.3
2023-07-07,2026,-0.3
2023-07-10,2026,-0.3
2023-07-11,2026,-0.3
2023-07-12,2026,-0.3
2023-07-13,2026,-0.3
2023-07-14,2026,-0.3
2023-07-17,2026,-0.3
2023-07-18,2026,-0.3
2023-07-19,2026,-0.3
2023-07-20,2026,-0.3
2023-07-21,2026,-0.3
2023-07-24,2026,-0.3
2023-07-25,2026,-0.3
2023-07-26,2026,-0.3
2023-07-27,2026,-0.3
2023-07-28,2026,-0.3
2023-07-31,2026,-0.35
2023-08-01,2026,-0.35
2023-08-02,2026,-0.35
2023-08-03,2026,-0.35
2023-08-04,2026,-0.35
2023-08-07,2026,-0.3
2023-08-08,2026,-0.3
2023-08-09,2026,-0.3
2023-08-10,2026,-0.3
2023-08-11,2026,-0.3
2023-08-14,2026,-0.3
2023-08-15,2026,-0.3
2023-08-16,2026,-0.3
2023-08-17,2026,-0.3
2023-08-18,2026,-0.35
2023-08-21,2026,-0.4
2023-08-22,2026,-0.4
2023-08-23,2026,-0.4
2023-08-24,2026,-0.4
2023-08-25,2026,-0.4
2023-08-28,2026,-0.3
2023-08-29,2026,-0.3
2023-08-30,2026,-0.3
2023-08-31,2026,-0.3
2023-09-01,2026,-0.3
2023-09-04,2026,-0.3
2023-09-05,2026,-0.3
2023-09-06,2026,-0.3
2023-09-08,2026,-0.3
2023-09-11,2026,-0.3
2023-09-12,2026,-0.3
2023-09-13,2026,-0.3
2023-09-14,2026,-0.3
2023-09-15,2026,-0.35
2023-09-18,2026,-0.3
2023-09-19,2026,-0.3
2023-09-20,2026,-0.3
2023-09-21,2026,-0.3
2023-09-22,2026,-0.35
2023-09-25,2026,-0.3
2023-09-26,2026,-0.3
2023-09-27,2026,-0.35
2023-09-28,2026,-0.35
2023-09-29,2026,-0.4
2023-10-02,2026,-0.4
2023-10-03,2026,-0.4
2023-10-04,2026,-0.4
2023-10-05,2026,-0.4
2023-10-06,2026,-0.4
2023-10-09,2026,-0.45
2023-10-10,2026,-0.45
2023-10-11,2026,-0.45
2023-10-13,2026,-0.5
2023-10-16,2026,-0.5
2023-10-17,2026,-0.5
2023-10-18,2026,-0.5
2023-10-19,2026,-0.45
2023-10-20,2026,-0.4
2023-10-23,2026,-0.4
2023-10-24,2026,-0.4
2023-10-25,2026,-0.4
2023-10-26,2026,-0.45
2023-10-27,2026,-0.45
2023-10-30,2026,-0.4
2023-10-31,2026,-0.4
2023-11-01,2026,-0.4
2023-11-03,2026,-0.45
2023-11-06,2026,-0.4
2023-11-07,2026,-0.4
2023-11-08,2026,-0.4
2023-11-09,2026,-0.4
2023-11-10,2026,-0.4
2023-11-13,2026,-0.4
2023-11-14,2026,-0.4
2023-11-16,2026,-0.4
2023-11-17,2026,-0.45
2023-11-20,2026,-0.45
2023-11-21,2026,-0.45
2023-11-22,2026,-0.45
2023-11-23,2026,-0.5
2023-11-24,2026,-0.5
2023-11-27,2026,-0.5
2023-11-28,2026,-0.5
2023-11-29,2026,-0.5
2023-11-30,2026,-0.5
2023-12-01,2026,-0.5
2023-12-04,2026,-0.5
2023-12-05,2026,-0.5
2023-12-06,2026,-0.5
2023-12-07,2026,-0.5
2023-12-08,2026,-0.5
2023-12-11,2026,-0.5
2023-12-12,2026,-0.5
2023-12-13,2026,-0.5
2023-12-14,2026,-0.5
2023-12-15,2026,-0.5
2023-12-18,2026,-0.5
2023-12-19,2026,-0.5
2023-12-20,2026,-0.5
2023-12-21,2026,-0.5
2023-12-22,2026,-0.5
2023-12-26,2026,-0.5
2023-12-27,2026,-0.5
2023-12-28,2026,-0.5
2023-12-29,2026,-0.5
2024-01-02,2026,-0.5
2024-01-03,2026,-0.5
2024-01-04,2026,-0.5
2024-01-05,2026,-0.5
2024-01-08,2026,-0.5
2024-01-09,2026,-0.5
2024-01-10,2026,-0.5
2024-01-11,2026,-0.5
2024-01-12,2026,-0.5
2024-01-15,2026,-0.5
2024-01-16,2026,-0.5
2024-01-17,2026,-0.5
2024-01-18,2026,-0.5
2024-01-19,2026,-0.5
2024-01-22,2026,-0.5
2024-01-23,2026,-0.5
2024-01-24,2026,-0.5
2024-01-25,2026,-0.5
2024-01-26,2026,-0.5
2024-01-29,2026,-0.5401
2024-01-30,2026,-0.5401
2024-01-31,2026,-0.5
2024-02-01,2026,-0.5
2024-02-02,2026,-0.5
2024-02-05,2026,-0.5
2024-02-06,2026,-0.5
2024-02-07,2026,-0.5
2024-02-08,2026,-0.5
2024-02-09,2026,-0.5
2024-02-14,2026,-0.5
2024-02-15,2026,-0.5
2024-02-16,2026,-0.5
2024-02-19,2026,-0.4
2024-02-20,2026,-0.4
2024-02-21,2026,-0.4
2024-02-22,2026,-0.4
2024-02-23,2026,-0.4
2024-02-26,2026,-0.5
2024-02-27,2026,-0.5
2024-02-28,2026,-0.5
2024-02-29,2026,-0.5
2024-03-01,2026,-0.5
2024-03-04,2026,-0.5
2024-03-05,2026,-0.5
2024-03-06,2026,-0.5
2024-03-07,2026,-0.5
2024-03-08,2026,-0.5
2024-03-11,2026,-0.5
2024-03-12,2026,-0.5
2024-03-13,2026,-0.5
2024-03-14,2026,-0.5
2024-03-15,2026,-0.5
2024-03-18,2026,-0.5
2024-03-19,2026,-0.5
2024-03-20,2026,-0.5
2024-03-21,2026,-0.5
2024-03-22,2026,-0.5
2024-03-25,2026,-0.5
2024-03-26,2026,-0.5
2024-03-27,2026,-0.5
2024-03-28,2026,-0.5
2024-04-01,2026,-0.5
2024-04-02,2026,-0.5
2024-04-03,2026,-0.5
2024-04-04,2026,-0.5
2024-04-05,2026,-0.5
2024-04-08,2026,-0.5
2024-04-09,2026,-0.5
2024-04-10,2026,-0.5
2024-04-11,2026,-0.5
2024-04-12,2026,-0.5
2024-04-15,2026,-0.4
2024-04-16,2026,-0.4
2024-04-17,2026,-0.4
2024-04-18,2026,-0.4
2024-04-19,2026,-0.5
2024-04-22,2026,-0.5
2024-04-23,2026,-0.5
2024-04-24,2026,-0.5
2024-04-25,2026,-0.5
2024-04-26,2026,-0.5
2024-04-29,2026,-0.5
2024-04-30,2026,-0.5
2024-05-02,2026,-0.5
2024-05-03,2026,-0.5
2024-05-06,2026,-0.5
2024-05-07,2026,-0.5
2024-05-08,2026,-0.5
2024-05-09,2026,-0.5
2024-05-10,2026,-0.5
2024-05-13,2026,-0.5
2024-05-14,2026,-0.5
2024-05-15,2026,-0.5
2024-05-16,2026,-0.5
2024-05-17,2026,-0.5
2024-05-20,2026,-0.5
2024-05-21,2026,-0.5
2024-05-22,2026,-0.5
2024-05-23,2026,-0.5
2024-05-24,2026,-0.5
2024-05-27,2026,-0.5
2024-05-28,2026,-0.5
2024-05-29,2026,-0.5
2024-05-31,2026,-0.5
2024-06-03,2026,-0.5
2024-06-04,2026,-0.5
2024-06-05,2026,-0.5
2024-06-06,2026,-0.5
2024-06-07,2026,-0.5
2024-06-10,2026,-0.5
2024-06-11,2026,-0.5
2024-06-12,2026,-0.5
2024-06-13,2026,-0.5
2024-06-14,2026,-0.5
2024-06-17,2026,-0.5
2024-06-18,2026,-0.5
2024-06-19,2026,-0.5
2024-06-20,2026,-0.5
2024-06-21,2026,-0.5
2024-06-24,2026,-0.5001
2024-06-25,2026,-0.5001
2024-06-26,2026,-0.5001
2024-06-27,2026,-0.5001
2024-06-28,2026,-0.5501
2024-07-01,2026,-0.5501
2024-07-02,2026,-0.5501
2024-07-03,2026,-0.5501
2024-07-04,2026,-0.5501
2024-07-05,2026,-0.5001
2024-07-08,2026,-0.5251
2024-07-09,2026,-0.55
2024-07-10,2026,-0.55
2024-07-11,2026,-0.575
2024-07-12,2026,-0.6
2024-07-15,2026,-0.615
2024-07-16,2026,-0.6
2024-07-17,2026,-0.6
2024-07-18,2026,-0.6
2024-07-19,2026,-0.55
2024-07-22,2026,-0.55
2024-07-23,2026,-0.55
2024-07-24,2026,-0.55
2024-07-25,2026,-0.525
2024-07-26,2026,-0.525
2024-07-29,2026,-0.5
2024-07-30,2026,-0.5
2024-07-31,2026,-0.5
2024-08-01,2026,-0.5
2024-08-02,2026,-0.5
2024-08-05,2026,-0.5
2024-08-06,2026,-0.5
2024-08-07,2026,-0.5
2024-08-08,2026,-0.5
2024-08-09,2026,-0.5
2024-08-12,2026,-0.5
2024-08-13,2026,-0.5
2024-08-14,2026,-0.5
2024-08-15,2026,-0.5
2024-08-16,2026,-0.5
2024-08-19,2026,-0.6
2024-08-20,2026,-0.55
2024-08-21,2026,-0.5
2024-08-22,2026,-0.6
2024-08-23,2026,-0.5
2024-08-26,2026,-0.5
2024-08-27,2026,-0.5
2024-08-28,2026,-0.5
2024-08-29,2026,-0.55
2024-08-30,2026,-0.65
2024-09-02,2026,-0.65
2024-09-03,2026,-0.65
2024-09-04,2026,-0.65
2024-09-05,2026,-0.65
2024-09-06,2026,-0.65
2024-09-09,2026,-0.675
2024-09-10,2026,-0.65
2024-09-11,2026,-0.65
2024-09-12,2026,-0.675
2024-09-13,2026,-0.685
2024-09-16,2026,-0.7
2024-09-17,2026,-0.7
2024-09-18,2026,-0.7
2024-09-19,2026,-0.685
2024-09-20,2026,-0.685
2024-09-23,2026,-0.66
2024-09-24,2026,-0.66
2024-09-25,2026,-0.65
2024-09-26,2026,-0.67
2024-09-27,2026,-0.67
2024-09-30,2026,-0.66
2024-10-01,2026,-0.66
2024-10-02,2026,-0.66
2024-10-03,2026,-0.66
2024-10-04,2026,-0.67
2024-10-07,2026,-0.67
2024-10-08,2026,-0.67
2024-10-09,2026,-0.67
2024-10-10,2026,-0.66
2024-10-11,2026,-0.66
2024-10-14,2026,-0.5751
2024-10-15,2026,-0.5001
2024-10-16,2026,-0.5001
2024-10-17,2026,-0.5001
2024-10-18,2026,-0.5
2024-10-21,2026,-0.5
2024-10-22,2026,-0.5
2024-10-23,2026,-0.5
2024-10-24,2026,-0.5
2024-10-25,2026,-0.5
2024-10-28,2026,-0.5
2024-10-29,2026,-0.5
2024-10-30,2026,-0.5
2024-10-31,2026,-0.5
2024-11-01,2026,-0.5
2024-11-04,2026,-0.5
2024-11-05,2026,-0.5
2024-11-06,2026,-0.5
2024-11-07,2026,-0.5
2024-11-08,2026,-0.5
2024-11-11,2026,-0.5
2024-11-12,2026,-0.5
2024-11-13,2026,-0.5
2024-11-14,2026,-0.5
2024-11-18,2026,-0.5
2024-11-19,2026,-0.5
2024-11-21,2026,-0.55
2024-11-22,2026,-0.6
2024-11-25,2026,-0.6
2024-11-26,2026,-0.6
2024-11-27,2026,-0.6
2024-11-28,2026,-0.6
2024-11-29,2026,-0.6
2024-12-02,2026,-0.59
2024-12-03,2026,-0.59
2024-12-04,2026,-0.59
2024-12-05,2026,-0.5
2024-12-06,2026,-0.6
2024-12-09,2026,-0.55
2024-12-10,2026,-0.55
2024-12-11,2026,-0.55
2024-12-12,2026,-0.5
2024-12-13,2026,-0.5
2024-12-16,2026,-0.5
2024-12-17,2026,-0.5
2024-12-18,2026,-0.5
2024-12-19,2026,-0.5
2024-12-20,2026,-0.5
2024-12-23,2026,-0.5
2024-12-24,2026,-0.5
2024-12-26,2026,-0.5
2024-12-27,2026,-0.5
2024-12-30,2026,-0.5
2024-12-31,2026,-0.5
2025-01-02,2026,-0.5
2025-01-03,2026,-0.5
2025-01-06,2026,-0.5
2025-01-07,2026,-0.5
2025-01-08,2026,-0.5
2025-01-09,2026,-0.5
2025-01-10,2026,-0.5
2025-01-13,2026,-0.5
2025-01-14,2026,-0.5
2025-01-15,2026,-0.5
2025-01-16,2026,-0.5
2025-01-17,2026,-0.5
2025-01-20,2026,-0.5
2025-01-21,2026,-0.5
2025-01-22,2026,-0.5
2025-01-23,2026,-0.5
2025-01-24,2026,-0.6001
2025-01-27,2026,-0.6001
2025-01-28,2026,-0.6001
2025-01-29,2026,-0.6001
2025-01-30,2026,-0.6001
2025-01-31,2026,-0.6001
2025-02-03,2026,-0.6
2025-02-04,2026,-0.6
2025-02-05,2026,-0.6
2025-02-06,2026,-0.6
2025-02-07,2026,-0.6
2025-02-10,2026,-0.6
2025-02-11,2026,-0.6
2025-02-12,2026,-0.6
2025-02-13,2026,-0.6
2025-02-14,2026,-0.6
2025-02-17,2026,-0.6
2025-02-18,2026,-0.6
2025-02-19,2026,-0.6
2025-02-20,2026,-0.6
2025-02-21,2026,-0.6
2025-02-24,2026,-0.6
2025-02-25,2026,-0.6
2025-02-26,2026,-0.6
2025-02-27,2026,-0.6
2025-02-28,2026,-0.6
2025-03-05,2026,-0.6
2025-03-06,2026,-0.6
2025-03-07,2026,-0.6
2025-03-10,2026,-0.6
2025-03-11,2026,-0.6
2025-03-12,2026,-0.6
2025-03-13,2026,-0.6
2025-03-14,2026,-0.645
2025-03-17,2026,-0.62
2025-03-18,2026,-0.62
2025-03-19,2026,-0.62
2025-03-20,2026,-0.62
2025-03-21,2026,-0.66
2025-03-24,2026,-0.7
2025-03-25,2026,-0.7
2025-03-26,2026,-0.7
2025-03-27,2026,-0.7
2025-03-28,2026,-0.7
2025-03-31,2026,-0.7
2025-04-01,2026,-0.7
2025-04-02,2026,-0.7
2025-04-03,2026,-0.7
2025-04-04,2026,-0.7
2025-04-07,2026,-0.7
2025-04-08,2026,-0.7
2025-04-09,2026,-0.7
2025-04-10,2026,-0.7
2025-04-11,2026,-0.7
2025-04-14,2026,-0.65
2025-04-15,2026,-0.66
2025-04-16,2026,-0.67
2025-04-17,2026,-0.67
2025-04-22,2026,-0.685
2025-04-23,2026,-0.685
2025-04-24,2026,-0.685
2025-04-25,2026,-0.67
2025-04-28,2026,-0.645
2025-04-29,2026,-0.67
2025-04-30,2026,-0.67
2025-05-02,2026,-0.64
2025-05-05,2026,-0.66
2025-05-06,2026,-0.66
2025-05-07,2026,-0.66
2025-05-08,2026,-0.66
2025-05-09,2026,-0.66
2025-05-12,2026,-0.665
2025-05-13,2026,-0.665
2025-05-14,2026,-0.665
2025-05-15,2026,-0.66
2025-05-16,2026,-0.66
2025-05-19,2026,-0.66
2025-05-20,2026,-0.66
2025-05-21,2026,-0.66
2025-05-22,2026,-0.66
2025-05-23,2026,-0.66
2025-05-26,2026,-0.665
2025-05-27,2026,-0.665
2025-05-28,2026,-0.665
2025-05-29,2026,-0.67
2025-05-30,2026,-0.66
2025-06-02,2026,-0.66
2025-06-03,2026,-0.66
2025-06-04,2026,-0.66
2025-06-05,2026,-0.66
2025-06-06,2026,-0.67
2025-06-09,2026,-0.7
2025-06-10,2026,-0.7
2025-06-11,2026,-0.7
2025-06-12,2026,-0.685
2025-06-13,2026,-0.66
2025-06-16,2026,-0.66
2025-06-17,2026,-0.66
2025-06-18,2026,-0.66
2025-06-20,2026,-0.66
2025-06-23,2026,-0.66
2025-06-24,2026,-0.66
2025-06-25,2026,-0.66
2025-06-26,2026,-0.655
2025-06-27,2026,-0.66
2025-06-30,2026,-0.66
2025-07-01,2026,-0.66
2025-07-02,2026,-0.655
2025-07-03,2026,-0.655
2025-07-04,2026,-0.655
2025-07-07,2026,-0.62
2025-07-08,2026,-0.62
2025-07-09,2026,-0.65
2025-07-10,2026,-0.65
2025-07-11,2026,-0.65
2025-07-14,2026,-0.65
2025-07-15,2026,-0.635
2025-07-16,2026,-0.655
2025-07-17,2026,-0.64
2025-07-18,2026,-0.66
2025-07-21,2026,-0.65
2025-07-22,2026,-0.65
2025-07-23,2026,-0.65
2025-07-24,2026,-0.655
2025-07-25,2026,-0.62
2025-07-28,2026,-0.62
2025-07-29,2026,-0.62
2025-07-30,2026,-0.62
2025-07-31,2026,-0.62
2025-08-01,2026,-0.65
2025-08-04,2026,-0.62
2025-08-05,2026,-0.62
2025-08-06,2026,-0.62
2025-08-07,2026,-0.62
2025-08-08,2026,-0.61
2025-08-11,2026,-0.6075
2025-08-12,2026,-0.6038
2025-08-13,2026,-0.6
2025-08-14,2026,-0.6
2025-08-15,2026,-0.6
2025-08-18,2026,-0.615
2025-08-19,2026,-0.615
2025-08-20,2026,-0.615
2025-08-21,2026,-0.61
2025-08-22,2026,-0.6
2025-08-25,2026,-0.6
2025-08-26,2026,-0.6
2025-08-27,2026,-0.6
2025-08-28,2026,-0.6
2025-08-29,2026,-0.6
2025-09-01,2026,-0.6
2025-09-02,2026,-0.6
2025-09-03,2026,-0.6
2025-09-04,2026,-0.6
2025-09-05,2026,-0.6
2025-09-08,2026,-0.6
2025-09-09,2026,-0.6
2025-09-10,2026,-0.6
2025-09-11,2026,-0.6
2025-09-12,2026,-0.6
2025-09-15,2026,-0.6
2025-09-16,2026,-0.6
2025-09-17,2026,-0.6
2025-09-18,2026,-0.6
2025-09-19,2026,-0.6
2025-09-22,2026,-0.6
2025-09-23,2026,-0.6
2025-09-24,2026,-0.6
2025-09-25,2026,-0.6
2025-09-26,2026,-0.6
2025-09-29,2026,-0.6
2025-09-30,2026,-0.6
2025-10-01,2026,-0.6
2025-10-02,2026,-0.6
2025-10-03,2026,-0.6
2025-10-06,2026,-0.6
2025-10-07,2026,-0.6
2025-10-08,2026,-0.6
2025-10-09,2026,-0.6
2025-10-10,2026,-0.6
2025-10-13,2026,-0.6
2025-10-14,2026,-0.6
2025-10-15,2026,-0.6
2025-10-16,2026,-0.6
2025-10-17,2026,-0.6
2025-10-20,2026,-0.6
2025-10-21,2026,-0.6
2025-10-22,2026,-0.6
2025-10-23,2026,-0.6
2025-10-24,2026,-0.6
2025-10-27,2026,-0.6
2025-10-28,2026,-0.6
2025-10-29,2026,-0.6
2025-10-30,2026,-0.6
2025-10-31,2026,-0.6
2025-11-03,2026,-0.6
2025-11-04,2026,-0.6
2025-11-05,2026,-0.6
2025-11-06,2026,-0.6
2025-11-07,2026,-0.6
2025-11-10,2026,-0.6
2025-11-11,2026,-0.6
2025-11-12,2026,-0.6
2025-11-13,2026,-0.6
2025-11-14,2026,-0.6
2025-11-17,2026,-0.6
2025-11-18,2026,-0.6
2025-11-19,2026,-0.6
2025-11-21,2026,-0.6
2025-11-24,2026,-0.6
2025-11-25,2026,-0.6
2025-11-26,2026,-0.6
2025-11-27,2026,-0.6
2025-11-28,2026,-0.6
2025-12-01,2026,-0.6
2025-12-02,2026,-0.6
2025-12-03,2026,-0.6
2025-12-04,2026,-0.6
2025-12-05,2026,-0.6
2025-12-08,2026,-0.6
2025-12-09,2026,-0.6
2025-12-10,2026,-0.6
2025-12-11,2026,-0.6
2025-12-12,2026,-0.6
2025-12-15,2026,-0.6
2025-12-16,2026,-0.6
2025-12-17,2026,-0.6
2025-12-18,2026,-0.6
2025-12-19,2026,-0.6
2025-12-22,2026,-0.585
2025-12-23,2026,-0.585
2025-12-24,2026,-0.585
2025-12-26,2026,-0.56
2025-12-29,2026,-0.57
2025-12-30,2026,-0.57
2025-12-31,2026,-0.57
2026-01-02,2026,-0.55
2026-01-05,2026,-0.5294
2026-01-06,2026,-0.53
2026-01-07,2026,-0.53
2026-01-08,2026,-0.53
2026-01-09,2026,-0.5348
2026-01-12,2026,-0.5396
2026-01-13,2026,-0.5448
2026-01-14,2026,-0.55
2026-01-15,2026,-0.55
2026-01-16,2026,-0.5348
2026-01-19,2026,-0.5
2026-01-20,2026,-0.5
2026-01-21,2026,-0.5
2026-01-22,2026,-0.515
2026-01-23,2026,-0.5348
2026-01-26,2026,-0.5348
2026-01-27,2026,-0.5348
2026-01-28,2026,-0.5348
2026-01-29,2026,-0.53
2026-01-30,2026,-0.5348
2026-02-02,2026,-0.5348
2026-02-03,2026,-0.53
2026-02-04,2026,-0.53
2026-02-05,2026,-0.52
2026-02-06,2026,-0.52
2026-02-09,2026,-0.51
2026-02-10,2026,-0.51
2026-02-11,2026,-0.51
2026-02-12,2026,-0.51
2026-02-13,2026,-0.5
2026-02-18,2026,-0.5
2026-02-19,2026,-0.52
2026-02-20,2026,-0.5
2026-02-23,2026,-0.5
2026-02-24,2026,-0.5
2026-02-25,2026,-0.5
2026-02-26,2026,-0.5
2026-02-27,2026,-0.5
2026-03-02,2026,-0.5
2026-03-03,2026,-0.5
2026-03-04,2026,-0.5
2026-03-05,2026,-0.5
2026-03-06,2026,-0.5
2026-03-09,2026,-0.5
2026-03-10,2026,-0.5
2026-03-11,2026,-0.5
2026-03-12,2026,-0.5
2026-03-13,2026,-0.5
2026-03-16,2026,-0.5
2026-03-17,2026,-0.5
2026-03-18,2026,-0.5
2026-03-19,2026,-0.5
2026-03-20,2026,-0.5
2026-03-23,2026,-0.5
2026-03-24,2026,-0.5
2026-03-25,2026,-0.5
2026-03-26,2026,-0.5
2026-03-27,2026,-0.5
2026-03-30,2026,-0.5
2026-03-31,2026,-0.5
2026-04-01,2026,-0.5
2026-04-02,2026,-0.5
2026-04-06,2026,-0.5
2026-04-07,2026,-0.5
2026-04-08,2026,-0.5
2026-04-09,2026,-0.5
2026-04-10,2026,-0.5
2026-04-13,2026,-0.5
2026-04-14,2026,-0.5
2026-04-15,2026,-0.5
2026-04-16,2026,-0.5
2026-04-17,2026,-0.5
2026-04-20,2026,-0.5
2026-04-22,2026,-0.5
2026-04-23,2026,-0.5
2026-04-24,2026,-0.5
2026-04-27,2026,-0.5
2026-04-28,2026,-0.5
2026-04-29,2026,-0.5
2026-04-30,2026,-0.5
2026-05-04,2026,-0.5
2026-05-05,2026,-0.5
2026-05-06,2026,-0.5
2026-05-07,2026,-0.5
2026-05-08,2026,-0.5
2026-05-11,2026,-0.5
2026-05-12,2026,-0.5
2026-05-13,2026,-0.5
2026-05-14,2026,-0.5
2026-05-15,2026,-0.5
2026-05-18,2026,-0.5
2026-05-19,2026,-0.5
2026-05-20,2026,-0.5
2026-05-21,2026,-0.5
2026-05-22,2026,-0.5
2026-05-25,2026,-0.5
2026-05-26,2026,-0.5
2026-05-27,2026,-0.5
2026-05-28,2026,-0.5
2026-05-29,2026,-0.5
2026-06-01,2026,-0.5
2026-06-02,2026,-0.5
2026-06-03,2026,-0.5
2026-06-05,2026,-0.5
2026-06-08,2026,-0.5
2026-06-09,2026,-0.5
2026-06-10,2026,-0.5
2026-06-11,2026,-0.5
2026-06-12,2026,-0.5
2018-02-02,2027,1.7
2018-02-05,2027,1.7
2018-02-06,2027,1.7
2018-02-07,2027,1.85
2018-02-08,2027,2.25
2018-02-09,2027,2.25
2018-02-14,2027,2.25
2018-02-15,2027,2.0
2018-02-16,2027,2.0
2018-02-19,2027,2.0
2018-02-20,2027,2.0
2018-02-21,2027,2.0
2018-02-22,2027,2.0
2018-02-23,2027,2.0
2018-02-26,2027,2.0
2018-02-27,2027,2.0
2018-02-28,2027,2.0
2018-03-01,2027,2.0
2018-03-02,2027,2.0
2018-03-05,2027,2.0
2018-03-06,2027,2.0
2018-03-07,2027,2.0
2018-03-08,2027,2.0
2018-03-09,2027,2.0
2018-03-12,2027,2.0
2018-03-13,2027,2.0
2018-03-14,2027,2.1
2018-03-15,2027,2.1
2018-03-16,2027,2.1
2018-03-19,2027,2.2
2018-03-20,2027,2.35
2018-03-21,2027,2.35
2018-03-22,2027,2.35
2018-03-23,2027,2.5
2018-03-26,2027,2.5
2018-03-27,2027,2.5
2018-03-28,2027,2.35
2018-03-29,2027,2.35
2018-04-02,2027,2.5
2018-04-03,2027,2.5
2018-04-04,2027,2.35
2018-04-05,2027,2.35
2018-04-06,2027,2.35
2018-04-09,2027,2.5
2018-04-10,2027,2.5
2018-04-11,2027,2.5
2018-04-12,2027,2.5
2018-04-13,2027,2.5
2018-04-16,2027,2.35
2018-04-17,2027,2.35
2018-04-18,2027,2.35
2018-04-19,2027,2.35
2018-04-20,2027,2.35
2018-04-23,2027,2.35
2018-04-24,2027,2.35
2018-04-25,2027,2.35
2018-04-26,2027,2.35
2018-04-27,2027,2.35
2018-04-30,2027,2.5
2018-05-02,2027,2.5
2018-05-03,2027,2.35
2018-05-04,2027,2.35
2018-05-07,2027,2.35
2018-05-08,2027,2.35
2018-05-09,2027,2.2
2018-05-10,2027,2.2
2018-05-11,2027,2.2
2018-05-14,2027,2.1
2018-05-15,2027,2.2
2018-05-16,2027,2.2
2018-05-17,2027,2.2
2018-05-18,2027,2.2
2018-05-21,2027,2.35
2018-05-22,2027,2.35
2018-05-23,2027,2.35
2018-05-24,2027,2.35
2018-05-25,2027,2.35
2018-05-28,2027,2.35
2018-05-29,2027,2.35
2018-05-30,2027,2.35
2018-06-01,2027,2.35
2018-06-04,2027,2.35
2018-06-05,2027,2.25
2018-06-06,2027,2.25
2018-06-07,2027,2.25
2018-06-08,2027,2.25
2018-06-11,2027,2.0
2018-06-12,2027,2.0
2018-06-13,2027,2.25
2018-06-14,2027,2.25
2018-06-15,2027,2.25
2018-06-18,2027,2.25
2018-06-19,2027,2.25
2018-06-20,2027,2.25
2018-06-21,2027,2.25
2018-06-22,2027,2.25
2018-06-25,2027,2.25
2018-06-26,2027,2.25
2018-06-27,2027,2.25
2018-06-28,2027,2.25
2018-06-29,2027,2.25
2018-07-02,2027,2.25
2018-07-03,2027,2.25
2018-07-04,2027,2.5
2018-07-05,2027,2.5
2018-07-06,2027,2.5
2018-07-09,2027,2.5
2018-07-10,2027,2.5
2018-07-11,2027,2.25
2018-07-12,2027,2.25
2018-07-13,2027,2.25
2018-07-16,2027,2.25
2018-07-17,2027,2.0
2018-07-18,2027,2.0
2018-07-19,2027,2.0
2018-07-20,2027,2.25
2018-07-23,2027,2.25
2018-07-24,2027,2.25
2018-07-25,2027,2.25
2018-07-26,2027,2.25
2018-07-27,2027,2.25
2018-07-30,2027,2.0
2018-07-31,2027,2.25
2018-08-01,2027,2.25
2018-08-02,2027,2.25
2018-08-03,2027,2.25
2018-08-06,2027,2.25
2018-08-07,2027,2.25
2018-08-08,2027,2.25
2018-08-09,2027,2.25
2018-08-10,2027,2.0
2018-08-13,2027,2.25
2018-08-14,2027,2.25
2018-08-15,2027,2.25
2018-08-16,2027,2.25
2018-08-17,2027,2.25
2018-08-20,2027,2.5
2018-08-21,2027,2.5
2018-08-22,2027,2.0
2018-08-23,2027,2.25
2018-08-24,2027,2.25
2018-08-27,2027,2.25
2018-08-28,2027,2.25
2018-08-29,2027,2.25
2018-08-30,2027,2.25
2018-08-31,2027,1.9
2018-09-03,2027,1.9
2018-09-04,2027,2.15
2018-09-05,2027,2.15
2018-09-06,2027,2.15
2018-09-10,2027,2.15
2018-09-11,2027,2.15
2018-09-12,2027,2.15
2018-09-13,2027,2.15
2018-09-14,2027,2.0
2018-09-17,2027,2.0
2018-09-18,2027,2.0
2018-09-19,2027,2.0
2018-09-20,2027,2.0
2018-09-21,2027,2.0
2018-09-24,2027,1.75
2018-09-25,2027,1.75
2018-09-26,2027,1.75
2018-09-27,2027,1.75
2018-09-28,2027,1.75
2018-10-01,2027,1.75
2018-10-02,2027,1.75
2018-10-03,2027,1.75
2018-10-04,2027,1.75
2018-10-05,2027,1.75
2018-10-08,2027,2.0
2018-10-09,2027,2.0
2018-10-10,2027,2.0
2018-10-11,2027,2.0
2018-10-15,2027,2.0
2018-10-16,2027,2.0
2018-10-17,2027,2.0
2018-10-18,2027,2.0
2018-10-19,2027,2.0
2018-10-22,2027,1.75
2018-10-23,2027,1.75
2018-10-24,2027,1.75
2018-10-25,2027,1.5
2018-10-26,2027,1.75
2018-10-29,2027,1.75
2018-10-30,2027,2.0
2018-10-31,2027,2.0
2018-11-01,2027,1.7
2018-11-05,2027,1.6
2018-11-06,2027,1.6
2018-11-07,2027,1.6
2018-11-08,2027,1.7
2018-11-09,2027,1.7
2018-11-12,2027,2.0
2018-11-13,2027,2.0
2018-11-14,2027,2.0
2018-11-16,2027,2.0
2018-11-19,2027,2.0
2018-11-20,2027,2.0
2018-11-21,2027,2.0
2018-11-22,2027,2.0
2018-11-23,2027,2.0
2018-11-26,2027,2.0
2018-11-27,2027,2.0
2018-11-28,2027,2.0
2018-11-29,2027,2.0
2018-11-30,2027,2.0
2018-12-03,2027,2.0
2018-12-04,2027,2.0
2018-12-05,2027,2.0
2018-12-06,2027,2.0
2018-12-07,2027,2.0
2018-12-10,2027,2.0
2018-12-11,2027,2.0
2018-12-12,2027,2.0
2018-12-13,2027,2.0
2018-12-14,2027,2.0
2018-12-17,2027,2.0
2018-12-18,2027,1.85
2018-12-19,2027,1.85
2018-12-20,2027,1.85
2018-12-21,2027,2.0
2018-12-24,2027,1.7
2018-12-26,2027,1.7
2018-12-27,2027,1.7
2018-12-28,2027,2.0
2018-12-31,2027,2.0
2019-01-02,2027,2.0
2019-01-03,2027,2.0
2019-01-04,2027,2.0
2019-01-07,2027,2.0
2019-01-08,2027,2.0
2019-01-09,2027,2.0
2019-01-10,2027,2.0
2019-01-11,2027,2.0
2019-01-14,2027,2.0
2019-01-15,2027,2.0
2019-01-16,2027,2.0
2019-01-17,2027,2.0
2019-01-18,2027,2.0
2019-01-21,2027,2.0
2019-01-22,2027,2.0
2019-01-23,2027,2.0
2019-01-24,2027,2.0
2019-01-25,2027,2.0
2019-01-28,2027,2.0
2019-01-29,2027,2.0
2019-01-30,2027,2.0
2019-01-31,2027,2.0
2019-02-01,2027,2.0
2019-02-04,2027,2.0
2019-02-05,2027,2.0
2019-02-06,2027,2.0
2019-02-07,2027,2.0
2019-02-08,2027,2.0
2019-02-11,2027,2.0
2019-02-12,2027,1.85
2019-02-13,2027,1.85
2019-02-14,2027,1.7
2019-02-15,2027,1.7
2019-02-18,2027,1.7
2019-02-19,2027,1.7
2019-02-20,2027,1.7
2019-02-21,2027,1.7
2019-02-22,2027,1.7
2019-02-25,2027,1.7
2019-02-26,2027,1.7
2019-02-27,2027,1.7
2019-02-28,2027,1.7
2019-03-01,2027,1.7
2019-03-06,2027,1.7
2019-03-07,2027,1.7
2019-03-08,2027,1.7
2019-03-11,2027,1.7
2019-03-12,2027,1.7
2019-03-13,2027,1.7
2019-03-14,2027,1.7
2019-03-15,2027,2.0
2019-03-18,2027,2.0
2019-03-19,2027,2.0
2019-03-20,2027,2.0
2019-03-21,2027,2.0
2019-03-22,2027,2.0
2019-03-25,2027,2.0
2019-03-26,2027,2.0
2019-03-27,2027,1.8
2019-03-28,2027,1.75
2019-03-29,2027,1.75
2019-04-01,2027,1.75
2019-04-02,2027,1.75
2019-04-03,2027,1.75
2019-04-04,2027,1.75
2019-04-05,2027,1.75
2019-04-08,2027,1.7
2019-04-09,2027,1.7
2019-04-10,2027,1.7
2019-04-11,2027,1.75
2019-04-12,2027,1.75
2019-04-15,2027,1.7
2019-04-16,2027,1.75
2019-04-17,2027,1.75
2019-04-18,2027,1.65
2019-04-22,2027,1.55
2019-04-23,2027,1.55
2019-04-24,2027,1.55
2019-04-25,2027,1.55
2019-04-26,2027,1.6
2019-04-29,2027,1.65
2019-04-30,2027,1.65
2019-05-02,2027,1.65
2019-05-03,2027,1.65
2019-05-06,2027,1.85
2019-05-07,2027,1.7
2019-05-08,2027,1.65
2019-05-09,2027,1.65
2019-05-10,2027,1.65
2019-05-13,2027,1.55
2019-05-14,2027,1.55
2019-05-15,2027,1.55
2019-05-16,2027,1.55
2019-05-17,2027,1.65
2019-05-20,2027,1.65
2019-05-21,2027,1.65
2019-05-22,2027,1.65
2019-05-23,2027,1.65
2019-05-24,2027,1.65
2019-05-27,2027,1.65
2019-05-28,2027,1.65
2019-05-29,2027,1.65
2019-05-30,2027,1.65
2019-05-31,2027,1.65
2019-06-03,2027,1.6
2019-06-04,2027,1.7
2019-06-05,2027,1.7
2019-06-06,2027,1.7
2019-06-07,2027,1.6
2019-06-10,2027,1.6
2019-06-11,2027,1.6
2019-06-12,2027,1.6
2019-06-13,2027,1.5
2019-06-14,2027,1.5
2019-06-17,2027,1.5
2019-06-18,2027,1.5
2019-06-19,2027,1.5
2019-06-21,2027,1.5
2019-06-24,2027,1.5
2019-06-25,2027,1.5
2019-06-26,2027,1.5
2019-06-27,2027,1.5
2019-06-28,2027,1.5
2019-07-01,2027,1.5
2019-07-02,2027,1.5
2019-07-03,2027,1.5
2019-07-04,2027,1.5
2019-07-05,2027,1.5
2019-07-08,2027,1.5
2019-07-09,2027,1.5
2019-07-10,2027,1.5
2019-07-11,2027,1.5
2019-07-12,2027,1.5
2019-07-15,2027,1.5
2019-07-16,2027,1.5
2019-07-17,2027,1.5
2019-07-18,2027,1.5
2019-07-19,2027,1.5
2019-07-22,2027,1.5
2019-07-23,2027,1.5
2019-07-24,2027,1.5
2019-07-25,2027,1.5
2019-07-26,2027,1.5
2019-07-29,2027,1.5
2019-07-30,2027,1.5
2019-07-31,2027,1.5
2019-08-01,2027,1.5
2019-08-02,2027,1.5
2019-08-05,2027,1.5
2019-08-06,2027,1.5
2019-08-07,2027,1.5
2019-08-08,2027,1.5
2019-08-09,2027,1.5
2019-08-12,2027,1.5
2019-08-13,2027,1.5
2019-08-14,2027,1.5
2019-08-15,2027,1.5
2019-08-16,2027,1.5
2019-08-19,2027,1.5
2019-08-20,2027,1.5
2019-08-21,2027,1.5
2019-08-22,2027,1.5
2019-08-23,2027,1.5
2019-08-26,2027,1.5
2019-08-27,2027,1.5
2019-08-28,2027,1.5
2019-08-29,2027,1.5
2019-08-30,2027,1.5
2019-09-02,2027,1.5
2019-09-03,2027,1.5
2019-09-04,2027,1.5
2019-09-05,2027,1.5
2019-09-06,2027,1.5
2019-09-09,2027,1.5
2019-09-10,2027,1.5
2019-09-11,2027,1.5
2019-09-12,2027,1.5
2019-09-13,2027,1.5
2019-09-16,2027,1.35
2019-09-17,2027,1.5
2019-09-18,2027,1.5
2019-09-19,2027,1.35
2019-09-20,2027,1.5
2019-09-23,2027,1.5
2019-09-24,2027,1.5
2019-09-25,2027,1.5
2019-09-26,2027,1.5
2019-09-27,2027,1.5
2019-09-30,2027,1.5
2019-10-01,2027,1.5
2019-10-02,2027,1.5
2019-10-03,2027,1.5
2019-10-04,2027,1.5
2019-10-07,2027,1.5
2019-10-08,2027,1.5
2019-10-09,2027,1.5
2019-10-10,2027,1.5
2019-10-11,2027,1.5
2019-10-14,2027,1.5
2019-10-15,2027,1.5
2019-10-16,2027,1.5
2019-10-17,2027,1.5
2019-10-18,2027,1.5
2019-10-21,2027,1.5
2019-10-22,2027,1.5
2019-10-23,2027,1.5
2019-10-24,2027,1.5
2019-10-25,2027,1.5
2019-10-28,2027,1.5
2019-10-29,2027,1.5
2019-10-30,2027,1.5
2019-10-31,2027,1.5
2019-11-01,2027,1.5
2019-11-04,2027,1.5
2019-11-05,2027,1.5
2019-11-06,2027,1.5
2019-11-07,2027,1.5
2019-11-08,2027,1.5
2019-11-11,2027,1.5
2019-11-12,2027,1.5
2019-11-13,2027,1.5
2019-11-14,2027,1.5
2019-11-18,2027,1.5
2019-11-19,2027,1.5
2019-11-20,2027,1.5
2019-11-21,2027,1.5
2019-11-22,2027,1.5
2019-11-25,2027,1.5
2019-11-26,2027,1.5
2019-11-27,2027,1.5
2019-11-28,2027,1.5
2019-11-29,2027,1.5
2019-12-02,2027,1.5
2019-12-03,2027,1.5
2019-12-04,2027,1.5
2019-12-05,2027,1.5
2019-12-06,2027,1.5
2019-12-09,2027,1.3
2019-12-10,2027,1.3
2019-12-11,2027,1.3
2019-12-12,2027,1.3
2019-12-13,2027,1.3
2019-12-16,2027,1.3
2019-12-17,2027,1.3
2019-12-18,2027,1.3
2019-12-19,2027,1.4
2019-12-20,2027,1.4
2019-12-23,2027,1.5
2019-12-24,2027,1.5
2019-12-26,2027,1.5
2019-12-27,2027,1.5
2019-12-30,2027,1.5
2019-12-31,2027,1.5
2020-01-02,2027,1.5
2020-01-03,2027,1.5
2020-01-06,2027,1.5
2020-01-07,2027,1.5
2020-01-08,2027,1.5
2020-01-09,2027,1.6
2020-01-10,2027,1.6
2020-01-13,2027,1.5
2020-01-14,2027,1.5
2020-01-15,2027,1.5
2020-01-16,2027,1.5
2020-01-17,2027,1.5
2020-01-20,2027,1.5
2020-01-21,2027,1.5
2020-01-22,2027,1.5
2020-01-23,2027,1.5
2020-01-24,2027,1.5
2020-01-27,2027,1.5
2020-01-28,2027,1.5
2020-01-29,2027,1.5
2020-01-30,2027,1.5
2020-01-31,2027,1.4
2020-02-03,2027,1.4
2020-02-04,2027,1.4
2020-02-05,2027,1.4
2020-02-06,2027,1.4
2020-02-07,2027,1.4
2020-02-10,2027,1.4
2020-02-11,2027,1.4
2020-02-12,2027,1.4
2020-02-13,2027,1.5
2020-02-14,2027,1.5
2020-02-17,2027,1.3
2020-02-18,2027,1.3
2020-02-19,2027,1.3
2020-02-20,2027,1.3
2020-02-21,2027,1.3
2020-02-26,2027,1.25
2020-02-27,2027,1.4
2020-02-28,2027,1.4
2020-03-02,2027,1.5
2020-03-03,2027,1.5
2020-03-04,2027,1.5
2020-03-05,2027,1.5
2020-03-06,2027,1.6
2020-03-09,2027,1.5
2020-03-10,2027,1.5
2020-03-11,2027,1.5
2020-03-12,2027,1.5
2020-03-13,2027,1.35
2020-03-16,2027,1.35
2020-03-17,2027,1.35
2020-03-18,2027,1.35
2020-03-19,2027,1.35
2020-03-20,2027,1.35
2020-03-23,2027,1.35
2020-03-24,2027,1.35
2020-03-25,2027,1.35
2020-03-26,2027,1.35
2020-03-27,2027,1.25
2020-03-30,2027,1.2
2020-03-31,2027,1.2
2020-04-01,2027,1.2
2020-04-02,2027,1.2
2020-04-03,2027,1.2
2020-04-06,2027,1.2
2020-04-07,2027,1.2
2020-04-08,2027,1.2
2020-04-09,2027,1.2
2020-04-13,2027,1.3
2020-04-14,2027,1.3
2020-04-15,2027,1.25
2020-04-16,2027,1.25
2020-04-17,2027,1.25
2020-04-20,2027,1.25
2020-04-22,2027,1.25
2020-04-23,2027,1.25
2020-04-24,2027,1.25
2020-04-27,2027,1.2
2020-04-28,2027,1.2
2020-04-29,2027,1.2
2020-04-30,2027,1.1
2020-05-04,2027,1.1
2020-05-05,2027,1.1
2020-05-06,2027,1.1
2020-05-07,2027,1.1
2020-05-08,2027,1.1
2020-05-11,2027,1.1
2020-05-12,2027,1.1
2020-05-13,2027,1.1
2020-05-14,2027,1.1
2020-05-15,2027,1.0
2020-05-18,2027,1.0
2020-05-19,2027,1.0
2020-05-20,2027,1.0
2020-05-21,2027,1.0
2020-05-22,2027,1.0
2020-05-25,2027,1.0
2020-05-26,2027,1.0
2020-05-27,2027,1.0
2020-05-28,2027,1.0
2020-05-29,2027,1.0
2020-06-01,2027,1.0
2020-06-02,2027,1.0
2020-06-03,2027,1.0
2020-06-04,2027,1.0
2020-06-05,2027,1.0
2020-06-08,2027,1.0
2020-06-09,2027,1.0
2020-06-10,2027,0.95
2020-06-12,2027,0.9
2020-06-15,2027,0.9
2020-06-16,2027,0.9
2020-06-17,2027,0.9
2020-06-18,2027,0.9
2020-06-19,2027,0.9
2020-06-22,2027,0.9
2020-06-23,2027,0.9
2020-06-24,2027,0.9
2020-06-25,2027,0.9
2020-06-26,2027,0.9
2020-06-29,2027,0.9
2020-06-30,2027,0.9
2020-07-01,2027,0.9
2020-07-02,2027,0.9
2020-07-03,2027,0.9
2020-07-06,2027,0.9
2020-07-07,2027,0.9
2020-07-08,2027,0.9
2020-07-09,2027,0.9
2020-07-10,2027,0.75
2020-07-13,2027,0.6
2020-07-14,2027,0.6
2020-07-15,2027,0.6
2020-07-16,2027,0.6
2020-07-17,2027,0.6
2020-07-20,2027,0.6
2020-07-21,2027,0.6
2020-07-22,2027,0.6
2020-07-23,2027,0.6
2020-07-24,2027,0.75
2020-07-27,2027,0.86
2020-07-28,2027,0.86
2020-07-29,2027,0.86
2020-07-30,2027,0.86
2020-07-31,2027,0.75
2020-08-03,2027,0.75
2020-08-04,2027,0.75
2020-08-05,2027,0.75
2020-08-06,2027,0.75
2020-08-07,2027,0.75
2020-08-10,2027,0.86
2020-08-11,2027,0.86
2020-08-12,2027,0.75
2020-08-13,2027,0.75
2020-08-14,2027,0.62
2020-08-17,2027,0.62
2020-08-18,2027,0.75
2020-08-19,2027,0.75
2020-08-20,2027,0.75
2020-08-21,2027,0.75
2020-08-24,2027,0.64
2020-08-25,2027,0.64
2020-08-26,2027,0.64
2020-08-27,2027,0.64
2020-08-28,2027,0.75
2020-08-31,2027,0.86
2020-09-01,2027,0.86
2020-09-02,2027,0.86
2020-09-03,2027,0.86
2020-09-04,2027,0.88
2020-09-08,2027,0.86
2020-09-09,2027,0.73
2020-09-10,2027,0.73
2020-09-11,2027,0.73
2020-09-14,2027,0.86
2020-09-15,2027,0.86
2020-09-16,2027,0.86
2020-09-17,2027,0.73
2020-09-18,2027,0.73
2020-09-21,2027,0.73
2020-09-22,2027,0.73
2020-09-23,2027,0.73
2020-09-24,2027,0.73
2020-09-25,2027,0.86
2020-09-28,2027,0.6
2020-09-29,2027,0.6
2020-09-30,2027,0.6
2020-10-01,2027,0.6
2020-10-02,2027,0.6
2020-10-05,2027,0.6
2020-10-06,2027,0.6
2020-10-07,2027,0.73
2020-10-08,2027,0.73
2020-10-09,2027,0.73
2020-10-13,2027,0.86
2020-10-14,2027,0.9
2020-10-15,2027,0.9
2020-10-16,2027,0.9
2020-10-19,2027,0.95
2020-10-20,2027,0.95
2020-10-21,2027,0.95
2020-10-22,2027,0.88
2020-10-23,2027,0.86
2020-10-26,2027,0.86
2020-10-27,2027,0.86
2020-10-28,2027,0.86
2020-10-29,2027,0.86
2020-10-30,2027,0.86
2020-11-03,2027,0.7
2020-11-04,2027,0.7
2020-11-05,2027,0.7
2020-11-06,2027,0.7
2020-11-09,2027,0.6
2020-11-10,2027,0.7
2020-11-11,2027,0.7
2020-11-12,2027,0.7
2020-11-13,2027,0.7
2020-11-16,2027,0.8
2020-11-17,2027,0.65
2020-11-18,2027,0.65
2020-11-19,2027,0.5
2020-11-20,2027,0.5
2020-11-23,2027,0.5
2020-11-24,2027,0.5
2020-11-25,2027,0.5
2020-11-26,2027,0.5
2020-11-27,2027,0.5
2020-11-30,2027,0.5
2020-12-01,2027,0.5
2020-12-02,2027,0.5
2020-12-03,2027,0.5
2020-12-04,2027,0.7
2020-12-07,2027,0.7
2020-12-08,2027,0.7
2020-12-09,2027,0.7
2020-12-10,2027,0.7
2020-12-11,2027,0.7
2020-12-14,2027,0.78
2020-12-15,2027,0.78
2020-12-16,2027,0.78
2020-12-17,2027,0.78
2020-12-18,2027,0.86
2020-12-21,2027,0.86
2020-12-22,2027,0.86
2020-12-23,2027,0.86
2020-12-24,2027,0.86
2020-12-28,2027,0.78
2020-12-29,2027,0.78
2020-12-30,2027,0.78
2020-12-31,2027,0.78
2021-01-04,2027,0.7
2021-01-05,2027,0.7
2021-01-06,2027,0.7
2021-01-07,2027,0.6
2021-01-08,2027,0.6
2021-01-11,2027,0.9
2021-01-12,2027,0.9
2021-01-13,2027,0.9
2021-01-14,2027,0.9
2021-01-15,2027,0.6
2021-01-18,2027,0.29
2021-01-19,2027,0.29
2021-01-20,2027,0.27
2021-01-21,2027,0.29
2021-01-22,2027,0.29
2021-01-25,2027,0.45
2021-01-26,2027,0.45
2021-01-27,2027,0.45
2021-01-28,2027,0.6
2021-01-29,2027,0.6
2021-02-01,2027,0.6
2021-02-02,2027,0.6
2021-02-03,2027,0.6
2021-02-04,2027,0.6
2021-02-05,2027,0.4
2021-02-08,2027,0.5
2021-02-09,2027,0.5
2021-02-10,2027,0.5
2021-02-11,2027,0.4
2021-02-12,2027,0.4
2021-02-17,2027,0.55
2021-02-18,2027,0.55
2021-02-19,2027,0.6
2021-02-22,2027,0.6
2021-02-23,2027,0.6
2021-02-24,2027,0.6
2021-02-25,2027,0.55
2021-02-26,2027,0.55
2021-03-01,2027,0.5
2021-03-02,2027,0.5
2021-03-03,2027,0.5
2021-03-04,2027,0.5
2021-03-05,2027,0.55
2021-03-08,2027,0.55
2021-03-09,2027,0.55
2021-03-10,2027,0.55
2021-03-11,2027,0.5
2021-03-12,2027,0.5
2021-03-15,2027,0.5
2021-03-16,2027,0.5
2021-03-17,2027,0.5
2021-03-18,2027,0.5
2021-03-19,2027,0.5
2021-03-22,2027,0.3
2021-03-23,2027,0.3
2021-03-24,2027,0.3
2021-03-25,2027,0.3
2021-03-26,2027,0.5
2021-03-29,2027,0.5
2021-03-30,2027,0.5
2021-03-31,2027,0.4
2021-04-01,2027,0.4
2021-04-05,2027,0.3
2021-04-06,2027,0.2
2021-04-07,2027,0.2
2021-04-08,2027,0.2
2021-04-09,2027,0.2
2021-04-12,2027,0.2
2021-04-13,2027,0.2
2021-04-14,2027,0.2
2021-04-15,2027,0.1
2021-04-16,2027,0.1
2021-04-19,2027,0.3
2021-04-20,2027,0.3
2021-04-22,2027,0.5
2021-04-23,2027,0.25
2021-04-26,2027,0.3
2021-04-27,2027,0.3
2021-04-28,2027,0.3
2021-04-29,2027,0.3
2021-04-30,2027,0.3
2021-05-03,2027,0.4
2021-05-04,2027,0.4
2021-05-05,2027,0.4
2021-05-06,2027,0.4
2021-05-07,2027,0.5
2021-05-10,2027,0.5
2021-05-11,2027,0.5
2021-05-12,2027,0.5
2021-05-13,2027,0.525
2021-05-14,2027,0.525
2021-05-17,2027,0.525
2021-05-18,2027,0.525
2021-05-19,2027,0.525
2021-05-20,2027,0.4
2021-05-21,2027,0.5
2021-05-24,2027,0.5
2021-05-25,2027,0.5
2021-05-26,2027,0.525
2021-05-27,2027,0.525
2021-05-28,2027,0.525
2021-05-31,2027,0.525
2021-06-01,2027,0.525
2021-06-02,2027,0.525
2021-06-04,2027,0.675
2021-06-07,2027,0.675
2021-06-08,2027,0.675
2021-06-09,2027,0.55
2021-06-10,2027,0.55
2021-06-11,2027,0.525
2021-06-14,2027,0.5
2021-06-15,2027,0.5
2021-06-16,2027,0.5
2021-06-17,2027,0.5
2021-06-18,2027,0.5
2021-06-21,2027,0.5
2021-06-22,2027,0.525
2021-06-23,2027,0.5
2021-06-24,2027,0.5
2021-06-25,2027,0.5
2021-06-28,2027,0.5
2021-06-29,2027,0.5
2021-06-30,2027,0.5
2021-07-01,2027,0.5
2021-07-02,2027,0.5
2021-07-05,2027,0.5
2021-07-06,2027,0.5
2021-07-07,2027,0.5
2021-07-08,2027,0.5
2021-07-09,2027,0.5
2021-07-12,2027,0.6
2021-07-13,2027,0.6
2021-07-14,2027,0.6
2021-07-15,2027,0.6
2021-07-16,2027,0.75
2021-07-19,2027,0.8
2021-07-20,2027,0.8
2021-07-21,2027,0.75
2021-07-22,2027,0.7
2021-07-23,2027,0.8
2021-07-26,2027,0.9
2021-07-27,2027,0.9
2021-07-28,2027,0.9
2021-07-29,2027,0.9
2021-07-30,2027,0.95
2021-08-02,2027,0.95
2021-08-03,2027,0.95
2021-08-04,2027,0.95
2021-08-05,2027,1.0
2021-08-06,2027,1.0
2021-08-09,2027,1.0
2021-08-10,2027,1.0
2021-08-11,2027,1.0
2021-08-12,2027,1.0
2021-08-13,2027,1.0
2021-08-16,2027,1.0
2021-08-17,2027,1.0
2021-08-18,2027,1.0
2021-08-19,2027,1.0
2021-08-20,2027,1.0
2021-08-23,2027,1.0
2021-08-24,2027,1.0
2021-08-25,2027,1.05
2021-08-26,2027,1.1
2021-08-27,2027,1.1
2021-08-30,2027,1.05
2021-08-31,2027,1.05
2021-09-01,2027,1.05
2021-09-02,2027,1.05
2021-09-03,2027,0.9
2021-09-06,2027,0.9
2021-09-08,2027,0.9
2021-09-09,2027,0.9
2021-09-10,2027,1.0
2021-09-13,2027,0.75
2021-09-14,2027,0.75
2021-09-15,2027,0.75
2021-09-16,2027,0.75
2021-09-17,2027,0.5
2021-09-20,2027,0.5
2021-09-21,2027,0.5
2021-09-22,2027,0.5
2021-09-23,2027,0.5
2021-09-24,2027,0.5
2021-09-27,2027,0.5
2021-09-28,2027,0.5
2021-09-29,2027,0.5
2021-09-30,2027,0.5
2021-10-01,2027,0.75
2021-10-04,2027,1.0
2021-10-05,2027,1.0
2021-10-06,2027,1.0
2021-10-07,2027,1.0
2021-10-08,2027,1.0
2021-10-11,2027,1.1
2021-10-13,2027,1.1
2021-10-14,2027,1.1
2021-10-15,2027,1.1
2021-10-18,2027,1.4
2021-10-19,2027,1.4
2021-10-20,2027,1.4
2021-10-21,2027,1.4
2021-10-22,2027,1.05
2021-10-25,2027,1.05
2021-10-26,2027,1.05
2021-10-27,2027,1.05
2021-10-28,2027,1.05
2021-10-29,2027,1.05
2021-11-01,2027,1.05
2021-11-03,2027,1.05
2021-11-04,2027,1.05
2021-11-05,2027,1.0
2021-11-08,2027,1.0
2021-11-09,2027,1.0
2021-11-10,2027,0.9
2021-11-11,2027,0.9
2021-11-12,2027,0.9
2021-11-16,2027,0.8
2021-11-17,2027,0.8
2021-11-18,2027,0.8
2021-11-19,2027,0.855
2021-11-22,2027,0.91
2021-11-23,2027,0.91
2021-11-24,2027,0.91
2021-11-25,2027,0.91
2021-11-26,2027,0.8
2021-11-29,2027,0.8
2021-11-30,2027,0.8
2021-12-01,2027,0.8
2021-12-02,2027,0.8
2021-12-03,2027,0.8
2021-12-06,2027,0.8
2021-12-07,2027,0.8
2021-12-08,2027,0.7
2021-12-09,2027,0.7
2021-12-10,2027,0.7
2021-12-13,2027,0.6
2021-12-14,2027,0.55
2021-12-15,2027,0.55
2021-12-16,2027,0.55
2021-12-17,2027,0.5
2021-12-20,2027,0.4
2021-12-21,2027,0.4
2021-12-22,2027,0.4
2021-12-23,2027,0.4
2021-12-24,2027,0.4
2021-12-27,2027,0.4
2021-12-28,2027,0.4
2021-12-29,2027,0.4
2021-12-30,2027,0.5
2021-12-31,2027,0.5
2022-01-03,2027,0.5
2022-01-04,2027,0.5
2022-01-05,2027,0.5
2022-01-06,2027,0.5
2022-01-07,2027,0.5
2022-01-10,2027,0.5
2022-01-11,2027,0.5
2022-01-12,2027,0.5
2022-01-13,2027,0.5
2022-01-14,2027,0.5
2022-01-17,2027,0.5
2022-01-18,2027,0.5
2022-01-19,2027,0.5
2022-01-20,2027,0.5
2022-01-21,2027,0.6
2022-01-24,2027,0.6
2022-01-25,2027,0.6
2022-01-26,2027,0.6
2022-01-27,2027,0.6
2022-01-28,2027,0.6
2022-01-31,2027,0.6
2022-02-01,2027,0.6
2022-02-02,2027,0.6
2022-02-03,2027,0.6
2022-02-04,2027,0.6
2022-02-07,2027,0.625
2022-02-08,2027,0.625
2022-02-09,2027,0.625
2022-02-10,2027,0.71
2022-02-11,2027,0.625
2022-02-14,2027,0.7
2022-02-15,2027,0.7
2022-02-16,2027,0.675
2022-02-17,2027,0.675
2022-02-18,2027,0.65
2022-02-21,2027,0.65
2022-02-22,2027,0.65
2022-02-23,2027,0.65
2022-02-24,2027,0.65
2022-02-25,2027,0.65
2022-03-02,2027,0.65
2022-03-03,2027,0.65
2022-03-04,2027,0.65
2022-03-07,2027,0.65
2022-03-08,2027,0.65
2022-03-09,2027,0.65
2022-03-10,2027,0.7
2022-03-11,2027,0.65
2022-03-14,2027,0.6
2022-03-15,2027,0.6
2022-03-16,2027,0.6
2022-03-17,2027,0.55
2022-03-18,2027,0.6
2022-03-21,2027,0.6
2022-03-22,2027,0.6
2022-03-23,2027,0.6
2022-03-24,2027,0.5
2022-03-25,2027,0.55
2022-03-28,2027,0.8
2022-03-29,2027,0.8
2022-03-30,2027,0.8
2022-03-31,2027,0.8
2022-04-01,2027,0.7
2022-04-04,2027,0.8
2022-04-05,2027,0.7
2022-04-06,2027,0.7
2022-04-07,2027,0.7
2022-04-08,2027,0.7
2022-04-11,2027,0.6
2022-04-12,2027,0.6
2022-04-13,2027,0.6
2022-04-14,2027,0.55
2022-04-18,2027,0.5
2022-04-19,2027,0.5
2022-04-20,2027,0.5
2022-04-22,2027,0.55
2022-04-25,2027,0.5
2022-04-26,2027,0.5
2022-04-27,2027,0.5
2022-04-28,2027,0.5
2022-04-29,2027,0.5
2022-05-02,2027,0.5
2022-05-03,2027,0.5
2022-05-04,2027,0.5
2022-05-05,2027,0.5
2022-05-06,2027,0.5
2022-05-09,2027,0.5
2022-05-10,2027,0.5
2022-05-11,2027,0.5
2022-05-12,2027,0.55
2022-05-13,2027,0.55
2022-05-16,2027,0.6
2022-05-17,2027,0.6
2022-05-18,2027,0.6
2022-05-19,2027,0.6
2022-05-20,2027,0.55
2022-05-23,2027,0.55
2022-05-24,2027,0.55
2022-05-25,2027,0.55
2022-05-26,2027,0.55
2022-05-27,2027,0.55
2022-05-30,2027,0.6
2022-05-31,2027,0.6
2022-06-01,2027,0.6
2022-06-02,2027,0.6
2022-06-03,2027,0.6
2022-06-06,2027,0.6
2022-06-07,2027,0.6
2022-06-08,2027,0.6
2022-06-09,2027,0.6
2022-06-10,2027,0.6
2022-06-13,2027,0.6
2022-06-14,2027,0.6
2022-06-15,2027,0.55
2022-06-17,2027,0.55
2022-06-20,2027,0.35
2022-06-21,2027,0.35
2022-06-22,2027,0.35
2022-06-23,2027,0.35
2022-06-24,2027,0.3
2022-06-27,2027,0.3
2022-06-28,2027,0.3
2022-06-29,2027,0.3
2022-06-30,2027,0.3
2022-07-01,2027,0.3
2022-07-04,2027,0.3
2022-07-05,2027,0.3
2022-07-06,2027,0.3
2022-07-07,2027,0.3
2022-07-08,2027,0.3
2022-07-11,2027,0.0
2022-07-12,2027,0.15
2022-07-13,2027,0.15
2022-07-14,2027,0.3
2022-07-15,2027,0.66
2022-07-18,2027,0.7
2022-07-19,2027,0.7
2022-07-20,2027,0.66
2022-07-21,2027,0.66
2022-07-22,2027,0.5
2022-07-25,2027,0.5
2022-07-26,2027,0.5
2022-07-27,2027,0.5
2022-07-28,2027,0.5
2022-07-29,2027,0.5
2022-08-01,2027,0.5
2022-08-02,2027,0.5
2022-08-03,2027,0.5
2022-08-04,2027,0.5
2022-08-05,2027,0.5
2022-08-08,2027,0.5
2022-08-09,2027,0.5
2022-08-10,2027,0.5
2022-08-11,2027,0.5
2022-08-12,2027,0.5
2022-08-15,2027,0.5
2022-08-16,2027,0.5
2022-08-17,2027,0.5
2022-08-18,2027,0.5
2022-08-19,2027,0.47
2022-08-22,2027,0.5
2022-08-23,2027,0.5
2022-08-24,2027,0.5
2022-08-25,2027,0.5
2022-08-26,2027,0.5
2022-08-29,2027,0.5
2022-08-30,2027,0.5
2022-08-31,2027,0.5
2022-09-01,2027,0.5
2022-09-02,2027,0.5
2022-09-05,2027,0.5
2022-09-06,2027,0.5
2022-09-08,2027,0.5
2022-09-09,2027,0.5
2022-09-12,2027,0.5
2022-09-13,2027,0.5
2022-09-14,2027,0.5
2022-09-15,2027,0.5
2022-09-16,2027,0.5
2022-09-19,2027,0.5
2022-09-20,2027,0.5
2022-09-21,2027,0.5
2022-09-22,2027,0.5
2022-09-23,2027,0.5
2022-09-26,2027,0.5
2022-09-27,2027,0.5
2022-09-28,2027,0.5
2022-09-29,2027,0.5
2022-09-30,2027,0.5
2022-10-03,2027,0.55
2022-10-04,2027,0.55
2022-10-05,2027,0.55
2022-10-06,2027,0.55
2022-10-07,2027,0.55
2022-10-10,2027,0.6
2022-10-11,2027,0.6
2022-10-13,2027,0.6
2022-10-14,2027,0.6
2022-10-17,2027,0.6
2022-10-18,2027,0.6
2022-10-19,2027,0.6
2022-10-20,2027,0.6
2022-10-21,2027,0.55
2022-10-24,2027,0.55
2022-10-25,2027,0.55
2022-10-26,2027,0.55
2022-10-27,2027,0.6
2022-10-28,2027,0.6
2022-10-31,2027,0.55
2022-11-01,2027,0.55
2022-11-03,2027,0.6
2022-11-04,2027,0.6
2022-11-07,2027,0.6
2022-11-08,2027,0.6
2022-11-09,2027,0.6
2022-11-10,2027,0.55
2022-11-11,2027,0.4
2022-11-14,2027,0.4
2022-11-16,2027,0.4
2022-11-17,2027,0.265
2022-11-18,2027,0.15
2022-11-21,2027,0.15
2022-11-22,2027,0.3
2022-11-23,2027,0.3
2022-11-24,2027,0.3
2022-11-25,2027,0.3
2022-11-28,2027,0.3
2022-11-29,2027,0.3
2022-11-30,2027,0.3
2022-12-01,2027,0.3
2022-12-02,2027,0.0
2022-12-05,2027,0.0
2022-12-06,2027,0.0
2022-12-07,2027,0.0
2022-12-08,2027,0.0
2022-12-09,2027,0.0
2022-12-12,2027,0.0
2022-12-13,2027,0.0
2022-12-14,2027,0.0
2022-12-15,2027,0.0
2022-12-16,2027,0.0
2022-12-19,2027,0.0
2022-12-20,2027,0.0
2022-12-21,2027,0.0
2022-12-22,2027,0.0
2022-12-23,2027,0.0
2022-12-26,2027,0.0
2022-12-27,2027,0.0
2022-12-28,2027,0.0
2022-12-29,2027,0.0
2022-12-30,2027,0.0
2023-01-02,2027,-0.15
2023-01-03,2027,-0.15
2023-01-04,2027,-0.15
2023-01-05,2027,0.0
2023-01-06,2027,0.0
2023-01-09,2027,0.0
2023-01-10,2027,0.0
2023-01-11,2027,0.0
2023-01-12,2027,0.0
2023-01-13,2027,0.0
2023-01-16,2027,0.0
2023-01-17,2027,0.0
2023-01-18,2027,0.0
2023-01-19,2027,0.0
2023-01-20,2027,-0.115
2023-01-23,2027,-0.115
2023-01-24,2027,-0.115
2023-01-25,2027,-0.115
2023-01-26,2027,-0.115
2023-01-27,2027,0.0
2023-01-30,2027,0.0
2023-01-31,2027,0.0
2023-02-01,2027,0.0
2023-02-02,2027,0.0
2023-02-03,2027,0.0
2023-02-06,2027,-0.115
2023-02-07,2027,0.0
2023-02-08,2027,0.0
2023-02-09,2027,0.0
2023-02-10,2027,0.0
2023-02-13,2027,0.0
2023-02-14,2027,0.0
2023-02-15,2027,0.0
2023-02-16,2027,0.0
2023-02-17,2027,0.0
2023-02-22,2027,0.0
2023-02-23,2027,0.0
2023-02-24,2027,0.0
2023-02-27,2027,0.0
2023-02-28,2027,0.0
2023-03-01,2027,0.0
2023-03-02,2027,0.0
2023-03-03,2027,0.0
2023-03-06,2027,0.0
2023-03-07,2027,0.0
2023-03-08,2027,0.0
2023-03-09,2027,0.0
2023-03-10,2027,0.0
2023-03-13,2027,0.0
2023-03-14,2027,0.0
2023-03-15,2027,0.0
2023-03-16,2027,0.0
2023-03-17,2027,0.0
2023-03-20,2027,0.0
2023-03-21,2027,0.0
2023-03-22,2027,0.0
2023-03-23,2027,0.0
2023-03-24,2027,0.0
2023-03-27,2027,0.0
2023-03-28,2027,0.0
2023-03-29,2027,0.0
2023-03-30,2027,0.0
2023-03-31,2027,-0.1
2023-04-03,2027,-0.1
2023-04-04,2027,-0.1
2023-04-05,2027,-0.1
2023-04-06,2027,0.0
2023-04-10,2027,-0.1
2023-04-11,2027,-0.1
2023-04-12,2027,0.0
2023-04-13,2027,0.0
2023-04-14,2027,0.0
2023-04-17,2027,0.0
2023-04-18,2027,0.0
2023-04-19,2027,0.0
2023-04-20,2027,0.0
2023-04-24,2027,0.0
2023-04-25,2027,0.0
2023-04-26,2027,0.0
2023-04-27,2027,0.0
2023-04-28,2027,0.0
2023-05-02,2027,0.0
2023-05-03,2027,0.0
2023-05-04,2027,0.0
2023-05-05,2027,0.0
2023-05-08,2027,0.0
2023-05-09,2027,0.0
2023-05-10,2027,0.0
2023-05-11,2027,0.0
2023-05-12,2027,0.0
2023-05-15,2027,0.0
2023-05-16,2027,0.0
2023-05-17,2027,0.0
2023-05-18,2027,0.22
2023-05-19,2027,0.05
2023-05-22,2027,0.0
2023-05-23,2027,0.0
2023-05-24,2027,0.0
2023-05-25,2027,0.0
2023-05-26,2027,0.0
2023-05-29,2027,0.0
2023-05-30,2027,0.0
2023-05-31,2027,0.0
2023-06-01,2027,0.0
2023-06-02,2027,0.0
2023-06-05,2027,0.0
2023-06-06,2027,0.0
2023-06-07,2027,0.0
2023-06-09,2027,0.0
2023-06-12,2027,0.0
2023-06-13,2027,0.0
2023-06-14,2027,0.0
2023-06-15,2027,0.0
2023-06-16,2027,0.0
2023-06-19,2027,0.0
2023-06-20,2027,0.0
2023-06-21,2027,0.0
2023-06-22,2027,0.0
2023-06-23,2027,0.0
2023-06-26,2027,0.0
2023-06-27,2027,0.0
2023-06-28,2027,0.0
2023-06-29,2027,0.0
2023-06-30,2027,0.0
2023-07-03,2027,0.0
2023-07-04,2027,0.0
2023-07-05,2027,0.0
2023-07-06,2027,0.0
2023-07-07,2027,0.0
2023-07-10,2027,-0.3
2023-07-11,2027,-0.3
2023-07-12,2027,-0.3
2023-07-13,2027,-0.2
2023-07-14,2027,-0.2
2023-07-17,2027,-0.3
2023-07-18,2027,-0.3
2023-07-19,2027,-0.25
2023-07-20,2027,-0.3
2023-07-21,2027,-0.25
2023-07-24,2027,-0.2
2023-07-25,2027,-0.2
2023-07-26,2027,-0.2
2023-07-27,2027,-0.2
2023-07-28,2027,-0.3
2023-07-31,2027,-0.35
2023-08-01,2027,-0.35
2023-08-02,2027,-0.35
2023-08-03,2027,-0.35
2023-08-04,2027,-0.35
2023-08-07,2027,-0.3
2023-08-08,2027,-0.3
2023-08-09,2027,-0.3
2023-08-10,2027,-0.3
2023-08-11,2027,-0.15
2023-08-14,2027,-0.2
2023-08-15,2027,-0.2
2023-08-16,2027,-0.15
2023-08-17,2027,-0.15
2023-08-18,2027,-0.15
2023-08-21,2027,-0.3
2023-08-22,2027,-0.3
2023-08-23,2027,-0.3
2023-08-24,2027,-0.3
2023-08-25,2027,-0.2
2023-08-28,2027,-0.1
2023-08-29,2027,-0.1
2023-08-30,2027,-0.1
2023-08-31,2027,-0.1
2023-09-01,2027,-0.1
2023-09-04,2027,-0.1
2023-09-05,2027,-0.1
2023-09-06,2027,-0.1
2023-09-08,2027,-0.1
2023-09-11,2027,-0.1
2023-09-12,2027,-0.1
2023-09-13,2027,-0.1
2023-09-14,2027,-0.1
2023-09-15,2027,-0.1
2023-09-18,2027,-0.15
2023-09-19,2027,-0.15
2023-09-20,2027,-0.15
2023-09-21,2027,-0.2
2023-09-22,2027,-0.2
2023-09-25,2027,-0.2
2023-09-26,2027,-0.2
2023-09-27,2027,-0.15
2023-09-28,2027,-0.15
2023-09-29,2027,-0.2
2023-10-02,2027,-0.2
2023-10-03,2027,-0.2
2023-10-04,2027,-0.2
2023-10-05,2027,-0.2
2023-10-06,2027,-0.225
2023-10-09,2027,-0.225
2023-10-10,2027,-0.225
2023-10-11,2027,-0.225
2023-10-13,2027,-0.25
2023-10-16,2027,-0.225
2023-10-17,2027,-0.2
2023-10-18,2027,-0.2
2023-10-19,2027,-0.225
2023-10-20,2027,-0.15
2023-10-23,2027,-0.15
2023-10-24,2027,-0.15
2023-10-25,2027,-0.15
2023-10-26,2027,-0.2
2023-10-27,2027,-0.25
2023-10-30,2027,-0.3
2023-10-31,2027,-0.3
2023-11-01,2027,-0.3
2023-11-03,2027,-0.4
2023-11-06,2027,-0.5
2023-11-07,2027,-0.5
2023-11-08,2027,-0.5
2023-11-09,2027,-0.5
2023-11-10,2027,-0.5
2023-11-13,2027,-0.6
2023-11-14,2027,-0.6
2023-11-16,2027,-0.6
2023-11-17,2027,-0.6
2023-11-20,2027,-0.5
2023-11-21,2027,-0.5
2023-11-22,2027,-0.5
2023-11-23,2027,-0.5
2023-11-24,2027,-0.5
2023-11-27,2027,-0.5
2023-11-28,2027,-0.5
2023-11-29,2027,-0.5
2023-11-30,2027,-0.5246
2023-12-01,2027,-0.45
2023-12-04,2027,-0.3
2023-12-05,2027,-0.3
2023-12-06,2027,-0.35
2023-12-07,2027,-0.35
2023-12-08,2027,-0.3
2023-12-11,2027,-0.3
2023-12-12,2027,-0.3
2023-12-13,2027,-0.3
2023-12-14,2027,-0.3
2023-12-15,2027,-0.3
2023-12-18,2027,-0.3
2023-12-19,2027,-0.3
2023-12-20,2027,-0.3
2023-12-21,2027,-0.3
2023-12-22,2027,-0.25
2023-12-26,2027,-0.2
2023-12-27,2027,-0.2
2023-12-28,2027,-0.2
2023-12-29,2027,-0.2
2024-01-02,2027,-0.2
2024-01-03,2027,-0.2
2024-01-04,2027,-0.2
2024-01-05,2027,-0.2
2024-01-08,2027,-0.2
2024-01-09,2027,-0.2
2024-01-10,2027,-0.25
2024-01-11,2027,-0.2
2024-01-12,2027,-0.2
2024-01-15,2027,-0.25
2024-01-16,2027,-0.25
2024-01-17,2027,-0.225
2024-01-18,2027,-0.25
2024-01-19,2027,-0.2
2024-01-22,2027,-0.275
2024-01-23,2027,-0.275
2024-01-24,2027,-0.3
2024-01-25,2027,-0.3
2024-01-26,2027,-0.275
2024-01-29,2027,-0.3
2024-01-30,2027,-0.3
2024-01-31,2027,-0.3
2024-02-01,2027,-0.275
2024-02-02,2027,-0.3
2024-02-05,2027,-0.3
2024-02-06,2027,-0.3
2024-02-07,2027,-0.3
2024-02-08,2027,-0.3
2024-02-09,2027,-0.3
2024-02-14,2027,-0.3
2024-02-15,2027,-0.3
2024-02-16,2027,-0.3
2024-02-19,2027,-0.25
2024-02-20,2027,-0.265
2024-02-21,2027,-0.265
2024-02-22,2027,-0.225
2024-02-23,2027,-0.2
2024-02-26,2027,-0.28
2024-02-27,2027,-0.29
2024-02-28,2027,-0.29
2024-02-29,2027,-0.29
2024-03-01,2027,-0.29
2024-03-04,2027,-0.3
2024-03-05,2027,-0.3
2024-03-06,2027,-0.3
2024-03-07,2027,-0.3
2024-03-08,2027,-0.3
2024-03-11,2027,-0.28
2024-03-12,2027,-0.28
2024-03-13,2027,-0.28
2024-03-14,2027,-0.28
2024-03-15,2027,-0.3
2024-03-18,2027,-0.29
2024-03-19,2027,-0.3
2024-03-20,2027,-0.3
2024-03-21,2027,-0.3
2024-03-22,2027,-0.3
2024-03-25,2027,-0.29
2024-03-26,2027,-0.29
2024-03-27,2027,-0.28
2024-03-28,2027,-0.28
2024-04-01,2027,-0.265
2024-04-02,2027,-0.265
2024-04-03,2027,-0.265
2024-04-04,2027,-0.25
2024-04-05,2027,-0.25
2024-04-08,2027,-0.25
2024-04-09,2027,-0.25
2024-04-10,2027,-0.25
2024-04-11,2027,-0.25
2024-04-12,2027,-0.2
2024-04-15,2027,-0.225
2024-04-16,2027,-0.225
2024-04-17,2027,-0.225
2024-04-18,2027,-0.2
2024-04-19,2027,-0.225
2024-04-22,2027,-0.225
2024-04-23,2027,-0.225
2024-04-24,2027,-0.225
2024-04-25,2027,-0.25
2024-04-26,2027,-0.25
2024-04-29,2027,-0.25
2024-04-30,2027,-0.25
2024-05-02,2027,-0.2
2024-05-03,2027,-0.225
2024-05-06,2027,-0.2
2024-05-07,2027,-0.2
2024-05-08,2027,-0.2
2024-05-09,2027,-0.2
2024-05-10,2027,-0.2
2024-05-13,2027,-0.3
2024-05-14,2027,-0.3
2024-05-15,2027,-0.3
2024-05-16,2027,-0.3
2024-05-17,2027,-0.3
2024-05-20,2027,-0.3
2024-05-21,2027,-0.3
2024-05-22,2027,-0.3
2024-05-23,2027,-0.3
2024-05-24,2027,-0.35
2024-05-27,2027,-0.35
2024-05-28,2027,-0.35
2024-05-29,2027,-0.35
2024-05-31,2027,-0.3
2024-06-03,2027,-0.5
2024-06-04,2027,-0.5
2024-06-05,2027,-0.5
2024-06-06,2027,-0.5
2024-06-07,2027,-0.5
2024-06-10,2027,-0.5
2024-06-11,2027,-0.5
2024-06-12,2027,-0.5
2024-06-13,2027,-0.45
2024-06-14,2027,-0.5
2024-06-17,2027,-0.5
2024-06-18,2027,-0.5
2024-06-19,2027,-0.5
2024-06-20,2027,-0.45
2024-06-21,2027,-0.45
2024-06-24,2027,-0.5
2024-06-25,2027,-0.5
2024-06-26,2027,-0.5
2024-06-27,2027,-0.5463
2024-06-28,2027,-0.5
2024-07-01,2027,-0.5
2024-07-02,2027,-0.5
2024-07-03,2027,-0.5
2024-07-04,2027,-0.5
2024-07-05,2027,-0.5
2024-07-08,2027,-0.5
2024-07-09,2027,-0.5
2024-07-10,2027,-0.5
2024-07-11,2027,-0.5
2024-07-12,2027,-0.5
2024-07-15,2027,-0.5
2024-07-16,2027,-0.5
2024-07-17,2027,-0.5
2024-07-18,2027,-0.5
2024-07-19,2027,-0.405
2024-07-22,2027,-0.405
2024-07-23,2027,-0.405
2024-07-24,2027,-0.405
2024-07-25,2027,-0.31
2024-07-26,2027,-0.31
2024-07-29,2027,-0.3
2024-07-30,2027,-0.3
2024-07-31,2027,-0.3
2024-08-01,2027,-0.3
2024-08-02,2027,-0.3
2024-08-05,2027,-0.3
2024-08-06,2027,-0.3
2024-08-07,2027,-0.3
2024-08-08,2027,-0.3
2024-08-09,2027,-0.305
2024-08-12,2027,-0.31
2024-08-13,2027,-0.31
2024-08-14,2027,-0.31
2024-08-15,2027,-0.31
2024-08-16,2027,-0.3
2024-08-19,2027,-0.5
2024-08-20,2027,-0.4
2024-08-21,2027,-0.4
2024-08-22,2027,-0.45
2024-08-23,2027,-0.4
2024-08-26,2027,-0.4
2024-08-27,2027,-0.4
2024-08-28,2027,-0.4
2024-08-29,2027,-0.4
2024-08-30,2027,-0.5
2024-09-02,2027,-0.5
2024-09-03,2027,-0.5
2024-09-04,2027,-0.5
2024-09-05,2027,-0.45
2024-09-06,2027,-0.5
2024-09-09,2027,-0.45
2024-09-10,2027,-0.4
2024-09-11,2027,-0.4
2024-09-12,2027,-0.45
2024-09-13,2027,-0.45
2024-09-16,2027,-0.4
2024-09-17,2027,-0.4
2024-09-18,2027,-0.4
2024-09-19,2027,-0.35
2024-09-20,2027,-0.3
2024-09-23,2027,-0.25
2024-09-24,2027,-0.25
2024-09-25,2027,-0.2
2024-09-26,2027,-0.3
2024-09-27,2027,-0.3
2024-09-30,2027,-0.25
2024-10-01,2027,-0.25
2024-10-02,2027,-0.25
2024-10-03,2027,-0.25
2024-10-04,2027,-0.3
2024-10-07,2027,-0.3
2024-10-08,2027,-0.3
2024-10-09,2027,-0.3
2024-10-10,2027,-0.3
2024-10-11,2027,-0.3
2024-10-14,2027,-0.3
2024-10-15,2027,-0.3
2024-10-16,2027,-0.3
2024-10-17,2027,-0.3
2024-10-18,2027,-0.3
2024-10-21,2027,-0.3
2024-10-22,2027,-0.3
2024-10-23,2027,-0.3
2024-10-24,2027,-0.3
2024-10-25,2027,-0.3
2024-10-28,2027,-0.3
2024-10-29,2027,-0.3
2024-10-30,2027,-0.3
2024-10-31,2027,-0.3
2024-11-01,2027,-0.3
2024-11-04,2027,-0.3
2024-11-05,2027,-0.3
2024-11-06,2027,-0.3
2024-11-07,2027,-0.3
2024-11-08,2027,-0.3
2024-11-11,2027,-0.3
2024-11-12,2027,-0.3
2024-11-13,2027,-0.3
2024-11-14,2027,-0.3
2024-11-18,2027,-0.4
2024-11-19,2027,-0.4
2024-11-21,2027,-0.4
2024-11-22,2027,-0.425
2024-11-25,2027,-0.425
2024-11-26,2027,-0.4
2024-11-27,2027,-0.4
2024-11-28,2027,-0.4
2024-11-29,2027,-0.4
2024-12-02,2027,-0.4
2024-12-03,2027,-0.4
2024-12-04,2027,-0.4
2024-12-05,2027,-0.4
2024-12-06,2027,-0.4
2024-12-09,2027,-0.35
2024-12-10,2027,-0.35
2024-12-11,2027,-0.35
2024-12-12,2027,-0.3
2024-12-13,2027,-0.3
2024-12-16,2027,-0.3
2024-12-17,2027,-0.3
2024-12-18,2027,-0.3
2024-12-19,2027,-0.3
2024-12-20,2027,-0.3
2024-12-23,2027,-0.3
2024-12-24,2027,-0.3
2024-12-26,2027,-0.3
2024-12-27,2027,-0.3
2024-12-30,2027,-0.3
2024-12-31,2027,-0.3
2025-01-02,2027,-0.3
2025-01-03,2027,-0.3
2025-01-06,2027,-0.3
2025-01-07,2027,-0.3
2025-01-08,2027,-0.3
2025-01-09,2027,-0.3
2025-01-10,2027,-0.3
2025-01-13,2027,-0.3
2025-01-14,2027,-0.3
2025-01-15,2027,-0.3
2025-01-16,2027,-0.3
2025-01-17,2027,-0.3
2025-01-20,2027,-0.4
2025-01-21,2027,-0.35
2025-01-22,2027,-0.3
2025-01-23,2027,-0.3
2025-01-24,2027,-0.4577
2025-01-27,2027,-0.4577
2025-01-28,2027,-0.4577
2025-01-29,2027,-0.4577
2025-01-30,2027,-0.4577
2025-01-31,2027,-0.4577
2025-02-03,2027,-0.4
2025-02-04,2027,-0.4
2025-02-05,2027,-0.4
2025-02-06,2027,-0.4
2025-02-07,2027,-0.4
2025-02-10,2027,-0.4
2025-02-11,2027,-0.4
2025-02-12,2027,-0.4
2025-02-13,2027,-0.4
2025-02-14,2027,-0.4
2025-02-17,2027,-0.4
2025-02-18,2027,-0.4
2025-02-19,2027,-0.4
2025-02-20,2027,-0.4
2025-02-21,2027,-0.4
2025-02-24,2027,-0.4
2025-02-25,2027,-0.4
2025-02-26,2027,-0.4
2025-02-27,2027,-0.4
2025-02-28,2027,-0.4
2025-03-05,2027,-0.4
2025-03-06,2027,-0.4
2025-03-07,2027,-0.4
2025-03-10,2027,-0.4
2025-03-11,2027,-0.4
2025-03-12,2027,-0.4
2025-03-13,2027,-0.4
2025-03-14,2027,-0.4
2025-03-17,2027,-0.4
2025-03-18,2027,-0.4
2025-03-19,2027,-0.4
2025-03-20,2027,-0.4
2025-03-21,2027,-0.4289
2025-03-24,2027,-0.4789
2025-03-25,2027,-0.4789
2025-03-26,2027,-0.4789
2025-03-27,2027,-0.4789
2025-03-28,2027,-0.4789
2025-03-31,2027,-0.5
2025-04-01,2027,-0.5
2025-04-02,2027,-0.5
2025-04-03,2027,-0.5
2025-04-04,2027,-0.5
2025-04-07,2027,-0.5
2025-04-08,2027,-0.5
2025-04-09,2027,-0.5
2025-04-10,2027,-0.5
2025-04-11,2027,-0.4789
2025-04-14,2027,-0.4289
2025-04-15,2027,-0.4289
2025-04-16,2027,-0.4
2025-04-17,2027,-0.4689
2025-04-22,2027,-0.48
2025-04-23,2027,-0.48
2025-04-24,2027,-0.48
2025-04-25,2027,-0.4577
2025-04-28,2027,-0.4577
2025-04-29,2027,-0.4639
2025-04-30,2027,-0.47
2025-05-02,2027,-0.4639
2025-05-05,2027,-0.47
2025-05-06,2027,-0.47
2025-05-07,2027,-0.47
2025-05-08,2027,-0.47
2025-05-09,2027,-0.47
2025-05-12,2027,-0.485
2025-05-13,2027,-0.485
2025-05-14,2027,-0.485
2025-05-15,2027,-0.47
2025-05-16,2027,-0.485
2025-05-19,2027,-0.4577
2025-05-20,2027,-0.4577
2025-05-21,2027,-0.4577
2025-05-22,2027,-0.4289
2025-05-23,2027,-0.4289
2025-05-26,2027,-0.4289
2025-05-27,2027,-0.4
2025-05-28,2027,-0.4
2025-05-29,2027,-0.4
2025-05-30,2027,-0.4
2025-06-02,2027,-0.4
2025-06-03,2027,-0.4
2025-06-04,2027,-0.4
2025-06-05,2027,-0.4
2025-06-06,2027,-0.4
2025-06-09,2027,-0.4
2025-06-10,2027,-0.4
2025-06-11,2027,-0.4
2025-06-12,2027,-0.35
2025-06-13,2027,-0.4
2025-06-16,2027,-0.4
2025-06-17,2027,-0.4
2025-06-18,2027,-0.4
2025-06-20,2027,-0.4
2025-06-23,2027,-0.4
2025-06-24,2027,-0.4
2025-06-25,2027,-0.4
2025-06-26,2027,-0.4
2025-06-27,2027,-0.4
2025-06-30,2027,-0.4
2025-07-01,2027,-0.4
2025-07-02,2027,-0.4
2025-07-03,2027,-0.4
2025-07-04,2027,-0.4
2025-07-07,2027,-0.4
2025-07-08,2027,-0.4
2025-07-09,2027,-0.4
2025-07-10,2027,-0.4
2025-07-11,2027,-0.4
2025-07-14,2027,-0.4
2025-07-15,2027,-0.4
2025-07-16,2027,-0.4
2025-07-17,2027,-0.4
2025-07-18,2027,-0.3
2025-07-21,2027,-0.3
2025-07-22,2027,-0.3
2025-07-23,2027,-0.3
2025-07-24,2027,-0.3
2025-07-25,2027,-0.3
2025-07-28,2027,-0.3
2025-07-29,2027,-0.3
2025-07-30,2027,-0.3
2025-07-31,2027,-0.3
2025-08-01,2027,-0.3
2025-08-04,2027,-0.325
2025-08-05,2027,-0.325
2025-08-06,2027,-0.3
2025-08-07,2027,-0.3
2025-08-08,2027,-0.3
2025-08-11,2027,-0.3
2025-08-12,2027,-0.3
2025-08-13,2027,-0.3
2025-08-14,2027,-0.3
2025-08-15,2027,-0.3
2025-08-18,2027,-0.375
2025-08-19,2027,-0.375
2025-08-20,2027,-0.375
2025-08-21,2027,-0.325
2025-08-22,2027,-0.3
2025-08-25,2027,-0.3
2025-08-26,2027,-0.3
2025-08-27,2027,-0.3
2025-08-28,2027,-0.3
2025-08-29,2027,-0.3
2025-09-01,2027,-0.3
2025-09-02,2027,-0.3
2025-09-03,2027,-0.3
2025-09-04,2027,-0.3
2025-09-05,2027,-0.3
2025-09-08,2027,-0.3
2025-09-09,2027,-0.3
2025-09-10,2027,-0.3
2025-09-11,2027,-0.3
2025-09-12,2027,-0.3
2025-09-15,2027,-0.3
2025-09-16,2027,-0.3
2025-09-17,2027,-0.3
2025-09-18,2027,-0.3
2025-09-19,2027,-0.3
2025-09-22,2027,-0.375
2025-09-23,2027,-0.39
2025-09-24,2027,-0.4
2025-09-25,2027,-0.4
2025-09-26,2027,-0.4
2025-09-29,2027,-0.395
2025-09-30,2027,-0.4
2025-10-01,2027,-0.4
2025-10-02,2027,-0.4
2025-10-03,2027,-0.4
2025-10-06,2027,-0.4
2025-10-07,2027,-0.4
2025-10-08,2027,-0.4
2025-10-09,2027,-0.4
2025-10-10,2027,-0.4
2025-10-13,2027,-0.4
2025-10-14,2027,-0.4
2025-10-15,2027,-0.4
2025-10-16,2027,-0.4
2025-10-17,2027,-0.4
2025-10-20,2027,-0.5
2025-10-21,2027,-0.5
2025-10-22,2027,-0.5
2025-10-23,2027,-0.5
2025-10-24,2027,-0.4
2025-10-27,2027,-0.4
2025-10-28,2027,-0.4
2025-10-29,2027,-0.4
2025-10-30,2027,-0.4
2025-10-31,2027,-0.4
2025-11-03,2027,-0.4
2025-11-04,2027,-0.4
2025-11-05,2027,-0.4
2025-11-06,2027,-0.4
2025-11-07,2027,-0.4
2025-11-10,2027,-0.4
2025-11-11,2027,-0.4
2025-11-12,2027,-0.4
2025-11-13,2027,-0.4
2025-11-14,2027,-0.4
2025-11-17,2027,-0.4
2025-11-18,2027,-0.4
2025-11-19,2027,-0.4
2025-11-21,2027,-0.4
2025-11-24,2027,-0.4
2025-11-25,2027,-0.4
2025-11-26,2027,-0.4
2025-11-27,2027,-0.4
2025-11-28,2027,-0.4
2025-12-01,2027,-0.4
2025-12-02,2027,-0.4
2025-12-03,2027,-0.4
2025-12-04,2027,-0.4
2025-12-05,2027,-0.375
2025-12-08,2027,-0.375
2025-12-09,2027,-0.375
2025-12-10,2027,-0.375
2025-12-11,2027,-0.4
2025-12-12,2027,-0.4
2025-12-15,2027,-0.4
2025-12-16,2027,-0.4
2025-12-17,2027,-0.4
2025-12-18,2027,-0.4
2025-12-19,2027,-0.335
2025-12-22,2027,-0.35
2025-12-23,2027,-0.35
2025-12-24,2027,-0.35
2025-12-26,2027,-0.35
2025-12-29,2027,-0.37
2025-12-30,2027,-0.37
2025-12-31,2027,-0.37
2026-01-02,2027,-0.395
2026-01-05,2027,-0.35
2026-01-06,2027,-0.37
2026-01-07,2027,-0.37
2026-01-08,2027,-0.37
2026-01-09,2027,-0.335
2026-01-12,2027,-0.3
2026-01-13,2027,-0.3
2026-01-14,2027,-0.31
2026-01-15,2027,-0.3
2026-01-16,2027,-0.3
2026-01-19,2027,-0.32
2026-01-20,2027,-0.32
2026-01-21,2027,-0.32
2026-01-22,2027,-0.32
2026-01-23,2027,-0.395
2026-01-26,2027,-0.395
2026-01-27,2027,-0.395
2026-01-28,2027,-0.395
2026-01-29,2027,-0.39
2026-01-30,2027,-0.395
2026-02-02,2027,-0.375
2026-02-03,2027,-0.39
2026-02-04,2027,-0.4
2026-02-05,2027,-0.4
2026-02-06,2027,-0.4
2026-02-09,2027,-0.405
2026-02-10,2027,-0.405
2026-02-11,2027,-0.405
2026-02-12,2027,-0.405
2026-02-13,2027,-0.405
2026-02-18,2027,-0.405
2026-02-19,2027,-0.41
2026-02-20,2027,-0.42
2026-02-23,2027,-0.42
2026-02-24,2027,-0.415
2026-02-25,2027,-0.42
2026-02-26,2027,-0.42
2026-02-27,2027,-0.42
2026-03-02,2027,-0.42
2026-03-03,2027,-0.42
2026-03-04,2027,-0.42
2026-03-05,2027,-0.42
2026-03-06,2027,-0.425
2026-03-09,2027,-0.425
2026-03-10,2027,-0.425
2026-03-11,2027,-0.425
2026-03-12,2027,-0.425
2026-03-13,2027,-0.405
2026-03-16,2027,-0.42
2026-03-17,2027,-0.42
2026-03-18,2027,-0.42
2026-03-19,2027,-0.42
2026-03-20,2027,-0.4025
2026-03-23,2027,-0.4
2026-03-24,2027,-0.4
2026-03-25,2027,-0.4
2026-03-26,2027,-0.4
2026-03-27,2027,-0.4
2026-03-30,2027,-0.4
2026-03-31,2027,-0.4
2026-04-01,2027,-0.4
2026-04-02,2027,-0.4
2026-04-06,2027,-0.4
2026-04-07,2027,-0.4
2026-04-08,2027,-0.4
2026-04-09,2027,-0.4
2026-04-10,2027,-0.4
2026-04-13,2027,-0.4
2026-04-14,2027,-0.4
2026-04-15,2027,-0.4
2026-04-16,2027,-0.4
2026-04-17,2027,-0.4
2026-04-20,2027,-0.4
2026-04-22,2027,-0.4
2026-04-23,2027,-0.4
2026-04-24,2027,-0.4
2026-04-27,2027,-0.4
2026-04-28,2027,-0.4
2026-04-29,2027,-0.4
2026-04-30,2027,-0.4
2026-05-04,2027,-0.4
2026-05-05,2027,-0.4
2026-05-06,2027,-0.4
2026-05-07,2027,-0.4
2026-05-08,2027,-0.4
2026-05-11,2027,-0.4
2026-05-12,2027,-0.4
2026-05-13,2027,-0.4
2026-05-14,2027,-0.4
2026-05-15,2027,-0.4
2026-05-18,2027,-0.4
2026-05-19,2027,-0.4
2026-05-20,2027,-0.4
2026-05-21,2027,-0.4
2026-05-22,2027,-0.4
2026-05-25,2027,-0.4
2026-05-26,2027,-0.4
2026-05-27,2027,-0.4
2026-05-28,2027,-0.4
2026-05-29,2027,-0.4
2026-06-01,2027,-0.4
2026-06-02,2027,-0.4
2026-06-03,2027,-0.4
2026-06-05,2027,-0.4
2026-06-08,2027,-0.4
2026-06-09,2027,-0.4
2026-06-10,2027,-0.4
2026-06-11,2027,-0.4
2026-06-12,2027,-0.4
2019-02-01,2028,2.0
2019-02-04,2028,2.0
2019-02-05,2028,2.0
2019-02-06,2028,2.0
2019-02-07,2028,2.0
2019-02-08,2028,2.0
2019-02-11,2028,2.0
2019-02-12,2028,2.0
2019-02-13,2028,2.0
2019-02-14,2028,2.0
2019-02-15,2028,1.85
2019-02-18,2028,1.85
2019-02-19,2028,2.0
2019-02-20,2028,2.0
2019-02-21,2028,2.0
2019-02-22,2028,2.0
2019-02-25,2028,2.0
2019-02-26,2028,2.0
2019-02-27,2028,2.0
2019-02-28,2028,2.0
2019-03-01,2028,2.0
2019-03-06,2028,2.0
2019-03-07,2028,2.0
2019-03-08,2028,2.0
2019-03-11,2028,2.0
2019-03-12,2028,2.0
2019-03-13,2028,2.0
2019-03-14,2028,2.0
2019-03-15,2028,2.0
2019-03-18,2028,2.0
2019-03-19,2028,2.0
2019-03-20,2028,2.0
2019-03-21,2028,2.0
2019-03-22,2028,2.0
2019-03-25,2028,2.0
2019-03-26,2028,2.0
2019-03-27,2028,2.0
2019-03-28,2028,2.0
2019-03-29,2028,2.0
2019-04-01,2028,2.0
2019-04-02,2028,2.0
2019-04-03,2028,2.0
2019-04-04,2028,2.0
2019-04-05,2028,2.0
2019-04-08,2028,2.0
2019-04-09,2028,2.0
2019-04-10,2028,2.0
2019-04-11,2028,2.0
2019-04-12,2028,2.0
2019-04-15,2028,2.0
2019-04-16,2028,2.0
2019-04-17,2028,2.0
2019-04-18,2028,2.0
2019-04-22,2028,1.6
2019-04-23,2028,1.6
2019-04-24,2028,1.6
2019-04-25,2028,1.6
2019-04-26,2028,1.6
2019-04-29,2028,1.6
2019-04-30,2028,1.6
2019-05-02,2028,1.6
2019-05-03,2028,1.6
2019-05-06,2028,2.0
2019-05-07,2028,1.8
2019-05-08,2028,1.8
2019-05-09,2028,1.8
2019-05-10,2028,1.8
2019-05-13,2028,1.6
2019-05-14,2028,1.6
2019-05-15,2028,1.6
2019-05-16,2028,1.55
2019-05-17,2028,1.8
2019-05-20,2028,1.75
2019-05-21,2028,1.75
2019-05-22,2028,1.75
2019-05-23,2028,1.75
2019-05-24,2028,1.75
2019-05-27,2028,1.75
2019-05-28,2028,1.75
2019-05-29,2028,1.75
2019-05-30,2028,1.75
2019-05-31,2028,1.75
2019-06-03,2028,1.75
2019-06-04,2028,1.75
2019-06-05,2028,1.75
2019-06-06,2028,1.75
2019-06-07,2028,1.7
2019-06-10,2028,1.7
2019-06-11,2028,1.7
2019-06-12,2028,1.7
2019-06-13,2028,1.65
2019-06-14,2028,1.65
2019-06-17,2028,1.5
2019-06-18,2028,1.5
2019-06-19,2028,1.5
2019-06-21,2028,1.5
2019-06-24,2028,1.5
2019-06-25,2028,1.5
2019-06-26,2028,1.5
2019-06-27,2028,1.5
2019-06-28,2028,1.65
2019-07-01,2028,1.65
2019-07-02,2028,1.65
2019-07-03,2028,1.65
2019-07-04,2028,1.65
2019-07-05,2028,1.65
2019-07-08,2028,1.8
2019-07-09,2028,1.8
2019-07-10,2028,1.8
2019-07-11,2028,1.8
2019-07-12,2028,1.8
2019-07-15,2028,1.5
2019-07-16,2028,1.5
2019-07-17,2028,1.5
2019-07-18,2028,1.5
2019-07-19,2028,1.5
2019-07-22,2028,1.5
2019-07-23,2028,1.5
2019-07-24,2028,1.5
2019-07-25,2028,1.5
2019-07-26,2028,1.5
2019-07-29,2028,1.5
2019-07-30,2028,1.5
2019-07-31,2028,1.5
2019-08-01,2028,1.5
2019-08-02,2028,1.5
2019-08-05,2028,1.5
2019-08-06,2028,1.5
2019-08-07,2028,1.5
2019-08-08,2028,1.5
2019-08-09,2028,1.5
2019-08-12,2028,1.5
2019-08-13,2028,1.5
2019-08-14,2028,1.5
2019-08-15,2028,1.5
2019-08-16,2028,1.5
2019-08-19,2028,1.5
2019-08-20,2028,1.5
2019-08-21,2028,1.5
2019-08-22,2028,1.5
2019-08-23,2028,1.5
2019-08-26,2028,1.5
2019-08-27,2028,1.5
2019-08-28,2028,1.5
2019-08-29,2028,1.5
2019-08-30,2028,1.5
2019-09-02,2028,1.5
2019-09-03,2028,1.5
2019-09-04,2028,1.5
2019-09-05,2028,1.5
2019-09-06,2028,1.5
2019-09-09,2028,1.5
2019-09-10,2028,1.5
2019-09-11,2028,1.5
2019-09-12,2028,1.65
2019-09-13,2028,1.5
2019-09-16,2028,1.5
2019-09-17,2028,1.5
2019-09-18,2028,1.5
2019-09-19,2028,1.5
2019-09-20,2028,1.5
2019-09-23,2028,1.5
2019-09-24,2028,1.5
2019-09-25,2028,1.5
2019-09-26,2028,1.5
2019-09-27,2028,1.5
2019-09-30,2028,1.5
2019-10-01,2028,1.5
2019-10-02,2028,1.5
2019-10-03,2028,1.5
2019-10-04,2028,1.5
2019-10-07,2028,1.5
2019-10-08,2028,1.5
2019-10-09,2028,1.5
2019-10-10,2028,1.5
2019-10-11,2028,1.65
2019-10-14,2028,1.8
2019-10-15,2028,1.8
2019-10-16,2028,1.8
2019-10-17,2028,1.85
2019-10-18,2028,1.8
2019-10-21,2028,1.65
2019-10-22,2028,1.8
2019-10-23,2028,1.8
2019-10-24,2028,1.8
2019-10-25,2028,1.65
2019-10-28,2028,1.65
2019-10-29,2028,1.65
2019-10-30,2028,1.65
2019-10-31,2028,1.65
2019-11-01,2028,1.65
2019-11-04,2028,1.5
2019-11-05,2028,1.5
2019-11-06,2028,1.5
2019-11-07,2028,1.5
2019-11-08,2028,1.5
2019-11-11,2028,1.5
2019-11-12,2028,1.5
2019-11-13,2028,1.5
2019-11-14,2028,1.5
2019-11-18,2028,1.65
2019-11-19,2028,1.65
2019-11-20,2028,1.65
2019-11-21,2028,1.65
2019-11-22,2028,1.5
2019-11-25,2028,1.7
2019-11-26,2028,1.7
2019-11-27,2028,1.7
2019-11-28,2028,1.7
2019-11-29,2028,1.7
2019-12-02,2028,1.5
2019-12-03,2028,1.5
2019-12-04,2028,1.5
2019-12-05,2028,1.5
2019-12-06,2028,1.5
2019-12-09,2028,1.5
2019-12-10,2028,1.5
2019-12-11,2028,1.5
2019-12-12,2028,1.5
2019-12-13,2028,1.5
2019-12-16,2028,1.5
2019-12-17,2028,1.5
2019-12-18,2028,1.5
2019-12-19,2028,1.5
2019-12-20,2028,1.5
2019-12-23,2028,1.7
2019-12-24,2028,1.7
2019-12-26,2028,1.7
2019-12-27,2028,1.7
2019-12-30,2028,1.7
2019-12-31,2028,1.7
2020-01-02,2028,1.9
2020-01-03,2028,1.9
2020-01-06,2028,1.95
2020-01-07,2028,1.8
2020-01-08,2028,1.8
2020-01-09,2028,1.8
2020-01-10,2028,1.8
2020-01-13,2028,1.7
2020-01-14,2028,1.7
2020-01-15,2028,1.7
2020-01-16,2028,1.7
2020-01-17,2028,1.7
2020-01-20,2028,1.6
2020-01-21,2028,1.6
2020-01-22,2028,1.6
2020-01-23,2028,1.5
2020-01-24,2028,1.7
2020-01-27,2028,1.7
2020-01-28,2028,1.7
2020-01-29,2028,1.7
2020-01-30,2028,1.6
2020-01-31,2028,1.5
2020-02-03,2028,1.5
2020-02-04,2028,1.5
2020-02-05,2028,1.5
2020-02-06,2028,1.5
2020-02-07,2028,1.5
2020-02-10,2028,1.5
2020-02-11,2028,1.5
2020-02-12,2028,1.5
2020-02-13,2028,1.6
2020-02-14,2028,1.6
2020-02-17,2028,1.6
2020-02-18,2028,1.6
2020-02-19,2028,1.6
2020-02-20,2028,1.6
2020-02-21,2028,1.6
2020-02-26,2028,1.5
2020-02-27,2028,1.5
2020-02-28,2028,1.5
2020-03-02,2028,1.6
2020-03-03,2028,1.6
2020-03-04,2028,1.6
2020-03-05,2028,1.6
2020-03-06,2028,1.7
2020-03-09,2028,1.6
2020-03-10,2028,1.6
2020-03-11,2028,1.6
2020-03-12,2028,1.6
2020-03-13,2028,1.5
2020-03-16,2028,1.5
2020-03-17,2028,1.5
2020-03-18,2028,1.5
2020-03-19,2028,1.5
2020-03-20,2028,1.5
2020-03-23,2028,1.5
2020-03-24,2028,1.5
2020-03-25,2028,1.5
2020-03-26,2028,1.5
2020-03-27,2028,1.5
2020-03-30,2028,1.5
2020-03-31,2028,1.5
2020-04-01,2028,1.5
2020-04-02,2028,1.5
2020-04-03,2028,1.5
2020-04-06,2028,1.5
2020-04-07,2028,1.5
2020-04-08,2028,1.5
2020-04-09,2028,1.5
2020-04-13,2028,1.5
2020-04-14,2028,1.5
2020-04-15,2028,1.5
2020-04-16,2028,1.5
2020-04-17,2028,1.5
2020-04-20,2028,1.5
2020-04-22,2028,1.5
2020-04-23,2028,1.5
2020-04-24,2028,1.5
2020-04-27,2028,1.5
2020-04-28,2028,1.5
2020-04-29,2028,1.5
2020-04-30,2028,1.5
2020-05-04,2028,1.5
2020-05-05,2028,1.5
2020-05-06,2028,1.5
2020-05-07,2028,1.5
2020-05-08,2028,1.5
2020-05-11,2028,1.5
2020-05-12,2028,1.5
2020-05-13,2028,1.5
2020-05-14,2028,1.5
2020-05-15,2028,1.3
2020-05-18,2028,1.2
2020-05-19,2028,1.2
2020-05-20,2028,1.2
2020-05-21,2028,1.2
2020-05-22,2028,1.2
2020-05-25,2028,1.2
2020-05-26,2028,1.2
2020-05-27,2028,1.2
2020-05-28,2028,1.2
2020-05-29,2028,1.2
2020-06-01,2028,1.2
2020-06-02,2028,1.2
2020-06-03,2028,1.2
2020-06-04,2028,1.2
2020-06-05,2028,1.1
2020-06-08,2028,1.1
2020-06-09,2028,1.15
2020-06-10,2028,1.15
2020-06-12,2028,1.2
2020-06-15,2028,1.2
2020-06-16,2028,1.2
2020-06-17,2028,1.2
2020-06-18,2028,1.2
2020-06-19,2028,1.2
2020-06-22,2028,1.15
2020-06-23,2028,1.15
2020-06-24,2028,1.15
2020-06-25,2028,1.15
2020-06-26,2028,1.15
2020-06-29,2028,1.15
2020-06-30,2028,1.15
2020-07-01,2028,1.15
2020-07-02,2028,1.15
2020-07-03,2028,1.1
2020-07-06,2028,1.2
2020-07-07,2028,1.2
2020-07-08,2028,1.2
2020-07-09,2028,1.2
2020-07-10,2028,1.0
2020-07-13,2028,0.95
2020-07-14,2028,0.95
2020-07-15,2028,0.95
2020-07-16,2028,0.95
2020-07-17,2028,0.95
2020-07-20,2028,0.95
2020-07-21,2028,0.95
2020-07-22,2028,0.95
2020-07-23,2028,0.95
2020-07-24,2028,1.0
2020-07-27,2028,1.0
2020-07-28,2028,1.0
2020-07-29,2028,1.0
2020-07-30,2028,1.0
2020-07-31,2028,1.02
2020-08-03,2028,1.02
2020-08-04,2028,1.02
2020-08-05,2028,1.02
2020-08-06,2028,1.02
2020-08-07,2028,1.02
2020-08-10,2028,1.03
2020-08-11,2028,1.03
2020-08-12,2028,1.02
2020-08-13,2028,1.02
2020-08-14,2028,1.0
2020-08-17,2028,1.0
2020-08-18,2028,1.02
2020-08-19,2028,1.02
2020-08-20,2028,1.02
2020-08-21,2028,1.02
2020-08-24,2028,1.0
2020-08-25,2028,1.0
2020-08-26,2028,1.0
2020-08-27,2028,1.0
2020-08-28,2028,1.02
2020-08-31,2028,1.0
2020-09-01,2028,1.0
2020-09-02,2028,1.0
2020-09-03,2028,1.0
2020-09-04,2028,1.15
2020-09-08,2028,1.0
2020-09-09,2028,1.0
2020-09-10,2028,1.0
2020-09-11,2028,1.0
2020-09-14,2028,1.0
2020-09-15,2028,1.0
2020-09-16,2028,1.0
2020-09-17,2028,1.0
2020-09-18,2028,1.0
2020-09-21,2028,1.0
2020-09-22,2028,1.0
2020-09-23,2028,1.0
2020-09-24,2028,1.0
2020-09-25,2028,1.0
2020-09-28,2028,1.0
2020-09-29,2028,1.0
2020-09-30,2028,1.0
2020-10-01,2028,1.0
2020-10-02,2028,1.0
2020-10-05,2028,1.0
2020-10-06,2028,1.0
2020-10-07,2028,1.0
2020-10-08,2028,1.0
2020-10-09,2028,1.0
2020-10-13,2028,1.15
2020-10-14,2028,1.4
2020-10-15,2028,1.4
2020-10-16,2028,1.4
2020-10-19,2028,1.5
2020-10-20,2028,1.5
2020-10-21,2028,1.5
2020-10-22,2028,1.3
2020-10-23,2028,1.3
2020-10-26,2028,1.3
2020-10-27,2028,1.3
2020-10-28,2028,1.3
2020-10-29,2028,1.3
2020-10-30,2028,1.3
2020-11-03,2028,0.95
2020-11-04,2028,0.95
2020-11-05,2028,0.95
2020-11-06,2028,0.95
2020-11-09,2028,0.9
2020-11-10,2028,0.95
2020-11-11,2028,0.95
2020-11-12,2028,0.95
2020-11-13,2028,0.95
2020-11-16,2028,1.0
2020-11-17,2028,0.95
2020-11-18,2028,0.95
2020-11-19,2028,0.9
2020-11-20,2028,0.9
2020-11-23,2028,0.9
2020-11-24,2028,0.9
2020-11-25,2028,0.9
2020-11-26,2028,0.9
2020-11-27,2028,0.9
2020-11-30,2028,0.9
2020-12-01,2028,0.9
2020-12-02,2028,0.9
2020-12-03,2028,0.9
2020-12-04,2028,1.0
2020-12-07,2028,1.0
2020-12-08,2028,1.0
2020-12-09,2028,1.0
2020-12-10,2028,1.0
2020-12-11,2028,1.0
2020-12-14,2028,1.05
2020-12-15,2028,1.05
2020-12-16,2028,1.05
2020-12-17,2028,1.05
2020-12-18,2028,1.1
2020-12-21,2028,1.5
2020-12-22,2028,1.5
2020-12-23,2028,1.5
2020-12-24,2028,1.5
2020-12-28,2028,1.3
2020-12-29,2028,1.3
2020-12-30,2028,1.3
2020-12-31,2028,1.3
2021-01-04,2028,1.1
2021-01-05,2028,1.1
2021-01-06,2028,1.1
2021-01-07,2028,0.99
2021-01-08,2028,0.99
2021-01-11,2028,1.3
2021-01-12,2028,1.3
2021-01-13,2028,1.3
2021-01-14,2028,1.3
2021-01-15,2028,0.99
2021-01-18,2028,0.64
2021-01-19,2028,0.64
2021-01-20,2028,0.6
2021-01-21,2028,0.64
2021-01-22,2028,0.64
2021-01-25,2028,0.74
2021-01-26,2028,0.74
2021-01-27,2028,0.74
2021-01-28,2028,0.8
2021-01-29,2028,0.85
2021-02-01,2028,0.85
2021-02-02,2028,0.8
2021-02-03,2028,0.8
2021-02-04,2028,0.8
2021-02-05,2028,0.7
2021-02-08,2028,0.8
2021-02-09,2028,0.8
2021-02-10,2028,0.8
2021-02-11,2028,0.7
2021-02-12,2028,0.7
2021-02-17,2028,0.8
2021-02-18,2028,0.8
2021-02-19,2028,0.8
2021-02-22,2028,0.9
2021-02-23,2028,0.8
2021-02-24,2028,0.8
2021-02-25,2028,0.85
2021-02-26,2028,0.85
2021-03-01,2028,0.8
2021-03-02,2028,0.8
2021-03-03,2028,0.8
2021-03-04,2028,0.8
2021-03-05,2028,0.85
2021-03-08,2028,0.85
2021-03-09,2028,0.85
2021-03-10,2028,0.85
2021-03-11,2028,0.8
2021-03-12,2028,0.8
2021-03-15,2028,0.8
2021-03-16,2028,0.8
2021-03-17,2028,0.8
2021-03-18,2028,0.8
2021-03-19,2028,0.8
2021-03-22,2028,0.6
2021-03-23,2028,0.6
2021-03-24,2028,0.6
2021-03-25,2028,0.6
2021-03-26,2028,0.8
2021-03-29,2028,0.8
2021-03-30,2028,0.8
2021-03-31,2028,0.7
2021-04-01,2028,0.7
2021-04-05,2028,0.6
2021-04-06,2028,0.595
2021-04-07,2028,0.595
2021-04-08,2028,0.595
2021-04-09,2028,0.595
2021-04-12,2028,0.55
2021-04-13,2028,0.55
2021-04-14,2028,0.55
2021-04-15,2028,0.5
2021-04-16,2028,0.5
2021-04-19,2028,0.65
2021-04-20,2028,0.65
2021-04-22,2028,0.8
2021-04-23,2028,0.55
2021-04-26,2028,0.6
2021-04-27,2028,0.6
2021-04-28,2028,0.6
2021-04-29,2028,0.6
2021-04-30,2028,0.6
2021-05-03,2028,0.7
2021-05-04,2028,0.7
2021-05-05,2028,0.7
2021-05-06,2028,0.7
2021-05-07,2028,0.8
2021-05-10,2028,0.8
2021-05-11,2028,0.8
2021-05-12,2028,0.8
2021-05-13,2028,0.81
2021-05-14,2028,0.81
2021-05-17,2028,0.81
2021-05-18,2028,0.81
2021-05-19,2028,0.81
2021-05-20,2028,0.7
2021-05-21,2028,0.8
2021-05-24,2028,0.8
2021-05-25,2028,0.8
2021-05-26,2028,0.81
2021-05-27,2028,0.81
2021-05-28,2028,0.81
2021-05-31,2028,0.81
2021-06-01,2028,0.81
2021-06-02,2028,0.81
2021-06-04,2028,1.01
2021-06-07,2028,1.01
2021-06-08,2028,1.01
2021-06-09,2028,0.82
2021-06-10,2028,0.82
2021-06-11,2028,0.91
2021-06-14,2028,0.82
2021-06-15,2028,0.82
2021-06-16,2028,0.81
2021-06-17,2028,0.81
2021-06-18,2028,0.81
2021-06-21,2028,0.82
2021-06-22,2028,0.86
2021-06-23,2028,0.9
2021-06-24,2028,0.9
2021-06-25,2028,0.9
2021-06-28,2028,0.82
2021-06-29,2028,0.82
2021-06-30,2028,0.82
2021-07-01,2028,0.82
2021-07-02,2028,0.82
2021-07-05,2028,0.9
2021-07-06,2028,0.9
2021-07-07,2028,0.9
2021-07-08,2028,0.9
2021-07-09,2028,0.9
2021-07-12,2028,0.9
2021-07-13,2028,0.9
2021-07-14,2028,0.9
2021-07-15,2028,0.9
2021-07-16,2028,1.0
2021-07-19,2028,1.1
2021-07-20,2028,1.1
2021-07-21,2028,1.0
2021-07-22,2028,0.9
2021-07-23,2028,1.1
2021-07-26,2028,1.18
2021-07-27,2028,1.18
2021-07-28,2028,1.18
2021-07-29,2028,1.18
2021-07-30,2028,1.24
2021-08-02,2028,1.24
2021-08-03,2028,1.24
2021-08-04,2028,1.24
2021-08-05,2028,1.18
2021-08-06,2028,1.3
2021-08-09,2028,1.24
2021-08-10,2028,1.3
2021-08-11,2028,1.3
2021-08-12,2028,1.3
2021-08-13,2028,1.3
2021-08-16,2028,1.3
2021-08-17,2028,1.3
2021-08-18,2028,1.3
2021-08-19,2028,1.3
2021-08-20,2028,1.3
2021-08-23,2028,1.3
2021-08-24,2028,1.3
2021-08-25,2028,1.4
2021-08-26,2028,1.5
2021-08-27,2028,1.5
2021-08-30,2028,1.4
2021-08-31,2028,1.4
2021-09-01,2028,1.4
2021-09-02,2028,1.4
2021-09-03,2028,1.3
2021-09-06,2028,1.3
2021-09-08,2028,1.3
2021-09-09,2028,1.3
2021-09-10,2028,1.3
2021-09-13,2028,0.95
2021-09-14,2028,0.95
2021-09-15,2028,0.95
2021-09-16,2028,0.95
2021-09-17,2028,0.75
2021-09-20,2028,0.8
2021-09-21,2028,0.8
2021-09-22,2028,0.8
2021-09-23,2028,0.8
2021-09-24,2028,0.8
2021-09-27,2028,0.8
2021-09-28,2028,0.8
2021-09-29,2028,0.8
2021-09-30,2028,0.8
2021-10-01,2028,1.0
2021-10-04,2028,1.2
2021-10-05,2028,1.2
2021-10-06,2028,1.2
2021-10-07,2028,1.2
2021-10-08,2028,1.2
2021-10-11,2028,1.2
2021-10-13,2028,1.2
2021-10-14,2028,1.2
2021-10-15,2028,1.4
2021-10-18,2028,1.55
2021-10-19,2028,1.55
2021-10-20,2028,1.55
2021-10-21,2028,1.55
2021-10-22,2028,1.3
2021-10-25,2028,1.3
2021-10-26,2028,1.3
2021-10-27,2028,1.3
2021-10-28,2028,1.3
2021-10-29,2028,1.25
2021-11-01,2028,1.25
2021-11-03,2028,1.25
2021-11-04,2028,1.25
2021-11-05,2028,1.2
2021-11-08,2028,1.2
2021-11-09,2028,1.2
2021-11-10,2028,1.2
2021-11-11,2028,1.2
2021-11-12,2028,1.2
2021-11-16,2028,1.2
2021-11-17,2028,1.2
2021-11-18,2028,1.2
2021-11-19,2028,1.15
2021-11-22,2028,1.1
2021-11-23,2028,1.1
2021-11-24,2028,1.1
2021-11-25,2028,1.1
2021-11-26,2028,1.2
2021-11-29,2028,1.2
2021-11-30,2028,1.2
2021-12-01,2028,1.2
2021-12-02,2028,1.07
2021-12-03,2028,1.0
2021-12-06,2028,1.0
2021-12-07,2028,1.0
2021-12-08,2028,1.0
2021-12-09,2028,1.0
2021-12-10,2028,1.0
2021-12-13,2028,1.0
2021-12-14,2028,0.95
2021-12-15,2028,0.95
2021-12-16,2028,0.95
2021-12-17,2028,0.9
2021-12-20,2028,0.7
2021-12-21,2028,0.7
2021-12-22,2028,0.7
2021-12-23,2028,0.7
2021-12-24,2028,0.7
2021-12-27,2028,0.7
2021-12-28,2028,0.7
2021-12-29,2028,0.7
2021-12-30,2028,0.9
2021-12-31,2028,0.9
2022-01-03,2028,1.0
2022-01-04,2028,0.95
2022-01-05,2028,0.95
2022-01-06,2028,0.95
2022-01-07,2028,0.9
2022-01-10,2028,0.9
2022-01-11,2028,0.9
2022-01-12,2028,0.9
2022-01-13,2028,0.9
2022-01-14,2028,0.9
2022-01-17,2028,0.9
2022-01-18,2028,0.9
2022-01-19,2028,0.9
2022-01-20,2028,0.9
2022-01-21,2028,0.9
2022-01-24,2028,0.9
2022-01-25,2028,0.9
2022-01-26,2028,0.9
2022-01-27,2028,0.9
2022-01-28,2028,0.95
2022-01-31,2028,1.0
2022-02-01,2028,1.0
2022-02-02,2028,1.0
2022-02-03,2028,0.95
2022-02-04,2028,0.9
2022-02-07,2028,0.95
2022-02-08,2028,0.95
2022-02-09,2028,0.95
2022-02-10,2028,0.97
2022-02-11,2028,0.92
2022-02-14,2028,1.0
2022-02-15,2028,1.0
2022-02-16,2028,0.97
2022-02-17,2028,0.97
2022-02-18,2028,0.94
2022-02-21,2028,0.94
2022-02-22,2028,0.94
2022-02-23,2028,0.94
2022-02-24,2028,0.94
2022-02-25,2028,0.94
2022-03-02,2028,0.94
2022-03-03,2028,0.94
2022-03-04,2028,0.94
2022-03-07,2028,0.97
2022-03-08,2028,0.97
2022-03-09,2028,0.97
2022-03-10,2028,1.0
2022-03-11,2028,0.97
2022-03-14,2028,1.0
2022-03-15,2028,1.0
2022-03-16,2028,1.0
2022-03-17,2028,0.95
2022-03-18,2028,0.9
2022-03-21,2028,0.9
2022-03-22,2028,0.9
2022-03-23,2028,0.9
2022-03-24,2028,0.9
2022-03-25,2028,0.9
2022-03-28,2028,1.0
2022-03-29,2028,1.0
2022-03-30,2028,1.0
2022-03-31,2028,1.0
2022-04-01,2028,0.95
2022-04-04,2028,1.0
2022-04-05,2028,0.95
2022-04-06,2028,0.95
2022-04-07,2028,0.95
2022-04-08,2028,0.95
2022-04-11,2028,0.9
2022-04-12,2028,0.9
2022-04-13,2028,0.9
2022-04-14,2028,0.9
2022-04-18,2028,0.85
2022-04-19,2028,0.85
2022-04-20,2028,0.85
2022-04-22,2028,0.9
2022-04-25,2028,0.85
2022-04-26,2028,0.85
2022-04-27,2028,0.85
2022-04-28,2028,0.85
2022-04-29,2028,0.8
2022-05-02,2028,0.75
2022-05-03,2028,0.75
2022-05-04,2028,0.75
2022-05-05,2028,0.75
2022-05-06,2028,0.8
2022-05-09,2028,0.8
2022-05-10,2028,0.8
2022-05-11,2028,0.8
2022-05-12,2028,0.8
2022-05-13,2028,0.8
2022-05-16,2028,0.8
2022-05-17,2028,0.8
2022-05-18,2028,0.8
2022-05-19,2028,0.8
2022-05-20,2028,0.8
2022-05-23,2028,0.8
2022-05-24,2028,0.8
2022-05-25,2028,0.8
2022-05-26,2028,0.8
2022-05-27,2028,0.8
2022-05-30,2028,0.835
2022-05-31,2028,0.835
2022-06-01,2028,0.835
2022-06-02,2028,0.835
2022-06-03,2028,0.835
2022-06-06,2028,0.8
2022-06-07,2028,0.8
2022-06-08,2028,0.8
2022-06-09,2028,0.8
2022-06-10,2028,0.835
2022-06-13,2028,0.835
2022-06-14,2028,0.835
2022-06-15,2028,0.8
2022-06-17,2028,0.8
2022-06-20,2028,0.8
2022-06-21,2028,0.8
2022-06-22,2028,0.8
2022-06-23,2028,0.8
2022-06-24,2028,0.65
2022-06-27,2028,0.65
2022-06-28,2028,0.65
2022-06-29,2028,0.65
2022-06-30,2028,0.65
2022-07-01,2028,0.62
2022-07-04,2028,0.62
2022-07-05,2028,0.62
2022-07-06,2028,0.62
2022-07-07,2028,0.62
2022-07-08,2028,0.635
2022-07-11,2028,0.5
2022-07-12,2028,0.635
2022-07-13,2028,0.635
2022-07-14,2028,0.77
2022-07-15,2028,0.77
2022-07-18,2028,0.965
2022-07-19,2028,0.965
2022-07-20,2028,0.9
2022-07-21,2028,0.9
2022-07-22,2028,0.7
2022-07-25,2028,0.7
2022-07-26,2028,0.7
2022-07-27,2028,0.7
2022-07-28,2028,0.7
2022-07-29,2028,0.5
2022-08-01,2028,0.5
2022-08-02,2028,0.5
2022-08-03,2028,0.5
2022-08-04,2028,0.5
2022-08-05,2028,0.5
2022-08-08,2028,0.5
2022-08-09,2028,0.5
2022-08-10,2028,0.5
2022-08-11,2028,0.655
2022-08-12,2028,0.655
2022-08-15,2028,0.655
2022-08-16,2028,0.655
2022-08-17,2028,0.655
2022-08-18,2028,0.655
2022-08-19,2028,0.655
2022-08-22,2028,0.81
2022-08-23,2028,0.81
2022-08-24,2028,0.855
2022-08-25,2028,0.855
2022-08-26,2028,0.855
2022-08-29,2028,0.9
2022-08-30,2028,0.9
2022-08-31,2028,0.9
2022-09-01,2028,0.9
2022-09-02,2028,0.855
2022-09-05,2028,0.855
2022-09-06,2028,0.855
2022-09-08,2028,0.81
2022-09-09,2028,0.81
2022-09-12,2028,0.655
2022-09-13,2028,0.655
2022-09-14,2028,0.81
2022-09-15,2028,0.81
2022-09-16,2028,0.705
2022-09-19,2028,0.6
2022-09-20,2028,0.6
2022-09-21,2028,0.6
2022-09-22,2028,0.6
2022-09-23,2028,0.75
2022-09-26,2028,0.75
2022-09-27,2028,0.75
2022-09-28,2028,0.75
2022-09-29,2028,0.75
2022-09-30,2028,0.75
2022-10-03,2028,0.95
2022-10-04,2028,0.95
2022-10-05,2028,0.95
2022-10-06,2028,0.95
2022-10-07,2028,0.95
2022-10-10,2028,0.95
2022-10-11,2028,0.95
2022-10-13,2028,0.95
2022-10-14,2028,1.0
2022-10-17,2028,1.0
2022-10-18,2028,1.0
2022-10-19,2028,1.0
2022-10-20,2028,0.95
2022-10-21,2028,0.85
2022-10-24,2028,0.85
2022-10-25,2028,0.85
2022-10-26,2028,0.85
2022-10-27,2028,0.9
2022-10-28,2028,0.9
2022-10-31,2028,0.95
2022-11-01,2028,0.95
2022-11-03,2028,1.0
2022-11-04,2028,0.95
2022-11-07,2028,0.95
2022-11-08,2028,0.95
2022-11-09,2028,0.95
2022-11-10,2028,0.85
2022-11-11,2028,0.7
2022-11-14,2028,0.585
2022-11-16,2028,0.585
2022-11-17,2028,0.535
2022-11-18,2028,0.4
2022-11-21,2028,0.4
2022-11-22,2028,0.5
2022-11-23,2028,0.5
2022-11-24,2028,0.5
2022-11-25,2028,0.4
2022-11-28,2028,0.4
2022-11-29,2028,0.4
2022-11-30,2028,0.4
2022-12-01,2028,0.4
2022-12-02,2028,0.26
2022-12-05,2028,0.22
2022-12-06,2028,0.22
2022-12-07,2028,0.22
2022-12-08,2028,0.22
2022-12-09,2028,0.22
2022-12-12,2028,0.22
2022-12-13,2028,0.22
2022-12-14,2028,0.22
2022-12-15,2028,0.21
2022-12-16,2028,0.22
2022-12-19,2028,0.55
2022-12-20,2028,0.55
2022-12-21,2028,0.5
2022-12-22,2028,0.5
2022-12-23,2028,0.5
2022-12-26,2028,0.4
2022-12-27,2028,0.4
2022-12-28,2028,0.4
2022-12-29,2028,0.4
2022-12-30,2028,0.5
2023-01-02,2028,0.25
2023-01-03,2028,0.25
2023-01-04,2028,0.25
2023-01-05,2028,0.55
2023-01-06,2028,0.55
2023-01-09,2028,0.55
2023-01-10,2028,0.55
2023-01-11,2028,0.55
2023-01-12,2028,0.55
2023-01-13,2028,0.55
2023-01-16,2028,0.5
2023-01-17,2028,0.5
2023-01-18,2028,0.5
2023-01-19,2028,0.5
2023-01-20,2028,0.24
2023-01-23,2028,0.24
2023-01-24,2028,0.24
2023-01-25,2028,0.24
2023-01-26,2028,0.24
2023-01-27,2028,0.4
2023-01-30,2028,0.4
2023-01-31,2028,0.4
2023-02-01,2028,0.4
2023-02-02,2028,0.4
2023-02-03,2028,0.4
2023-02-06,2028,0.24
2023-02-07,2028,0.08
2023-02-08,2028,0.08
2023-02-09,2028,0.24
2023-02-10,2028,0.24
2023-02-13,2028,0.24
2023-02-14,2028,0.24
2023-02-15,2028,0.24
2023-02-16,2028,0.24
2023-02-17,2028,0.4
2023-02-22,2028,0.4
2023-02-23,2028,0.4
2023-02-24,2028,0.4
2023-02-27,2028,0.24
2023-02-28,2028,0.24
2023-03-01,2028,0.24
2023-03-02,2028,0.24
2023-03-03,2028,0.24
2023-03-06,2028,0.29
2023-03-07,2028,0.29
2023-03-08,2028,0.29
2023-03-09,2028,0.29
2023-03-10,2028,0.29
2023-03-13,2028,0.05
2023-03-14,2028,0.02
2023-03-15,2028,0.02
2023-03-16,2028,0.02
2023-03-17,2028,0.11
2023-03-20,2028,0.06
2023-03-21,2028,0.06
2023-03-22,2028,0.06
2023-03-23,2028,0.06
2023-03-24,2028,0.06
2023-03-27,2028,0.06
2023-03-28,2028,0.06
2023-03-29,2028,0.06
2023-03-30,2028,0.06
2023-03-31,2028,0.06
2023-04-03,2028,0.06
2023-04-04,2028,0.06
2023-04-05,2028,0.06
2023-04-06,2028,0.1
2023-04-10,2028,0.15
2023-04-11,2028,0.15
2023-04-12,2028,0.2
2023-04-13,2028,0.2
2023-04-14,2028,0.2
2023-04-17,2028,0.2
2023-04-18,2028,0.2
2023-04-19,2028,0.2
2023-04-20,2028,0.45
2023-04-24,2028,0.45
2023-04-25,2028,0.45
2023-04-26,2028,0.45
2023-04-27,2028,0.45
2023-04-28,2028,0.5
2023-05-02,2028,0.5
2023-05-03,2028,0.5
2023-05-04,2028,0.5
2023-05-05,2028,0.5
2023-05-08,2028,0.5
2023-05-09,2028,0.5
2023-05-10,2028,0.5
2023-05-11,2028,0.5
2023-05-12,2028,0.5
2023-05-15,2028,0.5
2023-05-16,2028,0.5
2023-05-17,2028,0.5
2023-05-18,2028,0.5
2023-05-19,2028,0.5
2023-05-22,2028,0.4
2023-05-23,2028,0.4
2023-05-24,2028,0.4
2023-05-25,2028,0.4
2023-05-26,2028,0.4
2023-05-29,2028,0.3
2023-05-30,2028,0.3
2023-05-31,2028,0.3
2023-06-01,2028,0.3
2023-06-02,2028,0.3
2023-06-05,2028,0.3
2023-06-06,2028,0.3
2023-06-07,2028,0.3
2023-06-09,2028,0.3
2023-06-12,2028,0.3
2023-06-13,2028,0.3
2023-06-14,2028,0.3
2023-06-15,2028,0.3
2023-06-16,2028,0.2
2023-06-19,2028,0.3
2023-06-20,2028,0.3
2023-06-21,2028,0.3
2023-06-22,2028,0.3
2023-06-23,2028,0.25
2023-06-26,2028,0.25
2023-06-27,2028,0.25
2023-06-28,2028,0.2
2023-06-29,2028,0.2
2023-06-30,2028,0.2
2023-07-03,2028,0.2
2023-07-04,2028,0.2
2023-07-05,2028,0.2
2023-07-06,2028,0.2
2023-07-07,2028,0.2
2023-07-10,2028,0.2
2023-07-11,2028,0.2
2023-07-12,2028,0.2
2023-07-13,2028,0.2
2023-07-14,2028,0.2
2023-07-17,2028,0.2
2023-07-18,2028,0.2
2023-07-19,2028,0.2
2023-07-20,2028,0.2
2023-07-21,2028,0.2
2023-07-24,2028,0.25
2023-07-25,2028,0.25
2023-07-26,2028,0.25
2023-07-27,2028,0.25
2023-07-28,2028,0.2
2023-07-31,2028,0.2
2023-08-01,2028,0.2
2023-08-02,2028,0.2
2023-08-03,2028,0.2
2023-08-04,2028,0.2
2023-08-07,2028,0.2
2023-08-08,2028,0.2
2023-08-09,2028,0.2
2023-08-10,2028,0.2
2023-08-11,2028,0.25
2023-08-14,2028,0.2
2023-08-15,2028,0.2
2023-08-16,2028,0.2
2023-08-17,2028,0.2
2023-08-18,2028,0.2
2023-08-21,2028,0.2
2023-08-22,2028,0.2
2023-08-23,2028,0.2
2023-08-24,2028,0.2
2023-08-25,2028,0.15
2023-08-28,2028,0.2
2023-08-29,2028,0.2
2023-08-30,2028,0.2
2023-08-31,2028,0.2
2023-09-01,2028,0.2
2023-09-04,2028,0.2
2023-09-05,2028,0.2
2023-09-06,2028,0.2
2023-09-08,2028,0.2
2023-09-11,2028,0.2
2023-09-12,2028,0.2
2023-09-13,2028,0.2
2023-09-14,2028,0.2
2023-09-15,2028,0.15
2023-09-18,2028,0.2
2023-09-19,2028,0.2
2023-09-20,2028,0.2
2023-09-21,2028,0.2
2023-09-22,2028,0.2
2023-09-25,2028,0.15
2023-09-26,2028,0.15
2023-09-27,2028,0.1
2023-09-28,2028,0.1
2023-09-29,2028,0.1
2023-10-02,2028,0.1
2023-10-03,2028,0.1
2023-10-04,2028,0.1
2023-10-05,2028,0.1
2023-10-06,2028,0.1
2023-10-09,2028,0.1
2023-10-10,2028,0.1
2023-10-11,2028,0.1
2023-10-13,2028,0.0
2023-10-16,2028,0.0
2023-10-17,2028,0.0
2023-10-18,2028,0.0
2023-10-19,2028,0.0
2023-10-20,2028,0.1
2023-10-23,2028,0.1
2023-10-24,2028,0.1
2023-10-25,2028,0.1
2023-10-26,2028,0.095
2023-10-27,2028,0.035
2023-10-30,2028,0.035
2023-10-31,2028,0.035
2023-11-01,2028,0.035
2023-11-03,2028,0.0
2023-11-06,2028,0.0
2023-11-07,2028,0.0
2023-11-08,2028,0.0
2023-11-09,2028,0.0
2023-11-10,2028,0.0
2023-11-13,2028,0.135
2023-11-14,2028,0.135
2023-11-16,2028,0.135
2023-11-17,2028,0.01
2023-11-20,2028,0.0
2023-11-21,2028,0.0
2023-11-22,2028,0.0
2023-11-23,2028,0.0
2023-11-24,2028,-0.05
2023-11-27,2028,-0.05
2023-11-28,2028,-0.05
2023-11-29,2028,-0.05
2023-11-30,2028,-0.1
2023-12-01,2028,-0.1
2023-12-04,2028,-0.05
2023-12-05,2028,-0.05
2023-12-06,2028,-0.1
2023-12-07,2028,-0.1
2023-12-08,2028,-0.05
2023-12-11,2028,-0.05
2023-12-12,2028,-0.05
2023-12-13,2028,-0.05
2023-12-14,2028,-0.05
2023-12-15,2028,-0.1
2023-12-18,2028,-0.1
2023-12-19,2028,-0.1
2023-12-20,2028,-0.2
2023-12-21,2028,-0.2
2023-12-22,2028,-0.01
2023-12-26,2028,0.0
2023-12-27,2028,0.0
2023-12-28,2028,0.0
2023-12-29,2028,0.0
2024-01-02,2028,0.0
2024-01-03,2028,0.0
2024-01-04,2028,0.0
2024-01-05,2028,0.0
2024-01-08,2028,0.0
2024-01-09,2028,0.0
2024-01-10,2028,-0.02
2024-01-11,2028,0.0
2024-01-12,2028,0.0
2024-01-15,2028,-0.01
2024-01-16,2028,-0.01
2024-01-17,2028,0.0
2024-01-18,2028,0.0
2024-01-19,2028,0.0
2024-01-22,2028,0.0
2024-01-23,2028,0.0
2024-01-24,2028,0.0
2024-01-25,2028,0.0
2024-01-26,2028,0.0
2024-01-29,2028,-0.01
2024-01-30,2028,-0.01
2024-01-31,2028,0.0
2024-02-01,2028,0.0
2024-02-02,2028,0.0
2024-02-05,2028,0.0
2024-02-06,2028,0.0
2024-02-07,2028,0.0
2024-02-08,2028,0.0
2024-02-09,2028,0.0
2024-02-14,2028,-0.01
2024-02-15,2028,-0.01
2024-02-16,2028,-0.01
2024-02-19,2028,0.0
2024-02-20,2028,0.0
2024-02-21,2028,0.0
2024-02-22,2028,0.0
2024-02-23,2028,0.0
2024-02-26,2028,0.0
2024-02-27,2028,0.0
2024-02-28,2028,0.0
2024-02-29,2028,0.0
2024-03-01,2028,0.0
2024-03-04,2028,-0.004
2024-03-05,2028,-0.004
2024-03-06,2028,-0.004
2024-03-07,2028,-0.004
2024-03-08,2028,-0.004
2024-03-11,2028,-0.008
2024-03-12,2028,-0.008
2024-03-13,2028,-0.008
2024-03-14,2028,-0.008
2024-03-15,2028,-0.008
2024-03-18,2028,-0.004
2024-03-19,2028,-0.008
2024-03-20,2028,-0.008
2024-03-21,2028,-0.008
2024-03-22,2028,-0.008
2024-03-25,2028,-0.004
2024-03-26,2028,-0.004
2024-03-27,2028,0.0
2024-03-28,2028,0.0
2024-04-01,2028,-0.004
2024-04-02,2028,-0.004
2024-04-03,2028,-0.004
2024-04-04,2028,0.0
2024-04-05,2028,0.0
2024-04-08,2028,0.0
2024-04-09,2028,0.0
2024-04-10,2028,0.0
2024-04-11,2028,0.0
2024-04-12,2028,0.0
2024-04-15,2028,0.0
2024-04-16,2028,0.0
2024-04-17,2028,0.0
2024-04-18,2028,0.0
2024-04-19,2028,0.0
2024-04-22,2028,0.0
2024-04-23,2028,0.0
2024-04-24,2028,0.0
2024-04-25,2028,0.0
2024-04-26,2028,0.0
2024-04-29,2028,0.0
2024-04-30,2028,0.0
2024-05-02,2028,0.0
2024-05-03,2028,0.0
2024-05-06,2028,0.0
2024-05-07,2028,0.0
2024-05-08,2028,0.0
2024-05-09,2028,0.0
2024-05-10,2028,0.0
2024-05-13,2028,0.0
2024-05-14,2028,0.0
2024-05-15,2028,0.0
2024-05-16,2028,0.0
2024-05-17,2028,0.0
2024-05-20,2028,0.0
2024-05-21,2028,0.0
2024-05-22,2028,0.0
2024-05-23,2028,0.0
2024-05-24,2028,0.0
2024-05-27,2028,0.0
2024-05-28,2028,0.0
2024-05-29,2028,0.0
2024-05-31,2028,0.0
2024-06-03,2028,0.0
2024-06-04,2028,0.0
2024-06-05,2028,0.0
2024-06-06,2028,0.0
2024-06-07,2028,-0.1
2024-06-10,2028,-0.1
2024-06-11,2028,-0.15
2024-06-12,2028,-0.15
2024-06-13,2028,-0.1
2024-06-14,2028,-0.3
2024-06-17,2028,-0.3
2024-06-18,2028,-0.3
2024-06-19,2028,-0.3
2024-06-20,2028,-0.3
2024-06-21,2028,-0.3
2024-06-24,2028,-0.3
2024-06-25,2028,-0.3
2024-06-26,2028,-0.3
2024-06-27,2028,-0.35
2024-06-28,2028,-0.3
2024-07-01,2028,-0.3
2024-07-02,2028,-0.3
2024-07-03,2028,-0.3
2024-07-04,2028,-0.3
2024-07-05,2028,-0.3
2024-07-08,2028,-0.3
2024-07-09,2028,-0.3
2024-07-10,2028,-0.3
2024-07-11,2028,-0.3
2024-07-12,2028,-0.3
2024-07-15,2028,-0.2
2024-07-16,2028,-0.2
2024-07-17,2028,-0.2
2024-07-18,2028,-0.35
2024-07-19,2028,-0.22
2024-07-22,2028,-0.2
2024-07-23,2028,-0.2
2024-07-24,2028,-0.2
2024-07-25,2028,-0.15
2024-07-26,2028,-0.15
2024-07-29,2028,-0.1
2024-07-30,2028,-0.1
2024-07-31,2028,-0.1
2024-08-01,2028,-0.1
2024-08-02,2028,-0.1
2024-08-05,2028,-0.1
2024-08-06,2028,-0.1
2024-08-07,2028,-0.1
2024-08-08,2028,-0.1
2024-08-09,2028,-0.1
2024-08-12,2028,-0.15
2024-08-13,2028,-0.15
2024-08-14,2028,-0.15
2024-08-15,2028,-0.15
2024-08-16,2028,-0.1
2024-08-19,2028,-0.1
2024-08-20,2028,-0.1
2024-08-21,2028,-0.1
2024-08-22,2028,-0.25
2024-08-23,2028,-0.125
2024-08-26,2028,-0.125
2024-08-27,2028,-0.125
2024-08-28,2028,-0.125
2024-08-29,2028,-0.125
2024-08-30,2028,-0.25
2024-09-02,2028,-0.25
2024-09-03,2028,-0.25
2024-09-04,2028,-0.25
2024-09-05,2028,-0.3
2024-09-06,2028,-0.305
2024-09-09,2028,-0.31
2024-09-10,2028,-0.305
2024-09-11,2028,-0.305
2024-09-12,2028,-0.3
2024-09-13,2028,-0.1
2024-09-16,2028,-0.075
2024-09-17,2028,-0.075
2024-09-18,2028,-0.075
2024-09-19,2028,-0.05
2024-09-20,2028,-0.05
2024-09-23,2028,-0.045
2024-09-24,2028,-0.045
2024-09-25,2028,-0.04
2024-09-26,2028,-0.05
2024-09-27,2028,-0.05
2024-09-30,2028,-0.045
2024-10-01,2028,-0.045
2024-10-02,2028,-0.045
2024-10-03,2028,-0.045
2024-10-04,2028,-0.05
2024-10-07,2028,-0.05
2024-10-08,2028,-0.05
2024-10-09,2028,-0.05
2024-10-10,2028,-0.075
2024-10-11,2028,-0.075
2024-10-14,2028,-0.05
2024-10-15,2028,-0.05
2024-10-16,2028,-0.05
2024-10-17,2028,-0.05
2024-10-18,2028,-0.05
2024-10-21,2028,-0.1
2024-10-22,2028,-0.1
2024-10-23,2028,-0.1
2024-10-24,2028,-0.1
2024-10-25,2028,-0.1
2024-10-28,2028,-0.1
2024-10-29,2028,-0.1
2024-10-30,2028,-0.1
2024-10-31,2028,-0.12
2024-11-01,2028,-0.1
2024-11-04,2028,-0.1
2024-11-05,2028,-0.1
2024-11-06,2028,-0.1
2024-11-07,2028,-0.1
2024-11-08,2028,-0.12
2024-11-11,2028,-0.12
2024-11-12,2028,-0.12
2024-11-13,2028,-0.12
2024-11-14,2028,-0.14
2024-11-18,2028,-0.2
2024-11-19,2028,-0.2
2024-11-21,2028,-0.2
2024-11-22,2028,-0.2
2024-11-25,2028,-0.2
2024-11-26,2028,-0.15
2024-11-27,2028,-0.15
2024-11-28,2028,-0.15
2024-11-29,2028,-0.1
2024-12-02,2028,-0.07
2024-12-03,2028,-0.07
2024-12-04,2028,-0.07
2024-12-05,2028,-0.1
2024-12-06,2028,-0.055
2024-12-09,2028,-0.04
2024-12-10,2028,-0.04
2024-12-11,2028,-0.04
2024-12-12,2028,-0.055
2024-12-13,2028,-0.055
2024-12-16,2028,-0.04
2024-12-17,2028,-0.04
2024-12-18,2028,-0.04
2024-12-19,2028,-0.04
2024-12-20,2028,-0.04
2024-12-23,2028,-0.035
2024-12-24,2028,-0.035
2024-12-26,2028,-0.035
2024-12-27,2028,-0.035
2024-12-30,2028,-0.035
2024-12-31,2028,-0.035
2025-01-02,2028,-0.035
2025-01-03,2028,-0.055
2025-01-06,2028,-0.135
2025-01-07,2028,-0.07
2025-01-08,2028,-0.07
2025-01-09,2028,-0.07
2025-01-10,2028,-0.055
2025-01-13,2028,-0.055
2025-01-14,2028,-0.055
2025-01-15,2028,-0.055
2025-01-16,2028,-0.055
2025-01-17,2028,-0.04
2025-01-20,2028,-0.035
2025-01-21,2028,-0.03
2025-01-22,2028,-0.015
2025-01-23,2028,-0.015
2025-01-24,2028,-0.3
2025-01-27,2028,-0.3
2025-01-28,2028,-0.3
2025-01-29,2028,-0.3
2025-01-30,2028,-0.3
2025-01-31,2028,-0.3
2025-02-03,2028,-0.1
2025-02-04,2028,-0.2
2025-02-05,2028,-0.2
2025-02-06,2028,-0.3
2025-02-07,2028,-0.26
2025-02-10,2028,-0.26
2025-02-11,2028,-0.23
2025-02-12,2028,-0.23
2025-02-13,2028,-0.23
2025-02-14,2028,-0.23
2025-02-17,2028,-0.26
2025-02-18,2028,-0.26
2025-02-19,2028,-0.26
2025-02-20,2028,-0.23
2025-02-21,2028,-0.23
2025-02-24,2028,-0.23
2025-02-25,2028,-0.23
2025-02-26,2028,-0.245
2025-02-27,2028,-0.245
2025-02-28,2028,-0.245
2025-03-05,2028,-0.245
2025-03-06,2028,-0.26
2025-03-07,2028,-0.245
2025-03-10,2028,-0.23
2025-03-11,2028,-0.215
2025-03-12,2028,-0.215
2025-03-13,2028,-0.215
2025-03-14,2028,-0.215
2025-03-17,2028,-0.215
2025-03-18,2028,-0.215
2025-03-19,2028,-0.215
2025-03-20,2028,-0.215
2025-03-21,2028,-0.23
2025-03-24,2028,-0.26
2025-03-25,2028,-0.26
2025-03-26,2028,-0.26
2025-03-27,2028,-0.26
2025-03-28,2028,-0.26
2025-03-31,2028,-0.26
2025-04-01,2028,-0.26
2025-04-02,2028,-0.26
2025-04-03,2028,-0.26
2025-04-04,2028,-0.26
2025-04-07,2028,-0.26
2025-04-08,2028,-0.26
2025-04-09,2028,-0.26
2025-04-10,2028,-0.26
2025-04-11,2028,-0.23
2025-04-14,2028,-0.17
2025-04-15,2028,-0.17
2025-04-16,2028,-0.14
2025-04-17,2028,-0.14
2025-04-22,2028,-0.17
2025-04-23,2028,-0.17
2025-04-24,2028,-0.17
2025-04-25,2028,-0.12
2025-04-28,2028,-0.1
2025-04-29,2028,-0.12
2025-04-30,2028,-0.1
2025-05-02,2028,-0.1
2025-05-05,2028,-0.1
2025-05-06,2028,-0.1
2025-05-07,2028,-0.1
2025-05-08,2028,-0.1
2025-05-09,2028,-0.12
2025-05-12,2028,-0.1
2025-05-13,2028,-0.1
2025-05-14,2028,-0.1
2025-05-15,2028,-0.13
2025-05-16,2028,-0.16
2025-05-19,2028,-0.1
2025-05-20,2028,-0.1
2025-05-21,2028,-0.1
2025-05-22,2028,-0.1
2025-05-23,2028,-0.1
2025-05-26,2028,-0.1
2025-05-27,2028,-0.1
2025-05-28,2028,-0.1
2025-05-29,2028,-0.1
2025-05-30,2028,-0.1
2025-06-02,2028,-0.12
2025-06-03,2028,-0.12
2025-06-04,2028,-0.14
2025-06-05,2028,-0.12
2025-06-06,2028,-0.12
2025-06-09,2028,-0.12
2025-06-10,2028,-0.12
2025-06-11,2028,-0.12
2025-06-12,2028,-0.1
2025-06-13,2028,-0.14
2025-06-16,2028,-0.17
2025-06-17,2028,-0.17
2025-06-18,2028,-0.17
2025-06-20,2028,-0.17
2025-06-23,2028,-0.15
2025-06-24,2028,-0.15
2025-06-25,2028,-0.15
2025-06-26,2028,-0.15
2025-06-27,2028,-0.21
2025-06-30,2028,-0.2
2025-07-01,2028,-0.2
2025-07-02,2028,-0.1
2025-07-03,2028,-0.1
2025-07-04,2028,-0.1
2025-07-07,2028,-0.09
2025-07-08,2028,-0.09
2025-07-09,2028,-0.1
2025-07-10,2028,-0.1
2025-07-11,2028,-0.1
2025-07-14,2028,-0.1
2025-07-15,2028,-0.1
2025-07-16,2028,-0.1
2025-07-17,2028,-0.09
2025-07-18,2028,-0.08
2025-07-21,2028,-0.055
2025-07-22,2028,-0.055
2025-07-23,2028,-0.04
2025-07-24,2028,-0.04
2025-07-25,2028,-0.04
2025-07-28,2028,-0.08
2025-07-29,2028,-0.08
2025-07-30,2028,-0.08
2025-07-31,2028,-0.08
2025-08-01,2028,-0.04
2025-08-04,2028,-0.08
2025-08-05,2028,-0.08
2025-08-06,2028,-0.065
2025-08-07,2028,-0.08
2025-08-08,2028,-0.08
2025-08-11,2028,-0.08
2025-08-12,2028,-0.08
2025-08-13,2028,-0.08
2025-08-14,2028,-0.08
2025-08-15,2028,-0.08
2025-08-18,2028,-0.08
2025-08-19,2028,-0.08
2025-08-20,2028,-0.08
2025-08-21,2028,-0.08
2025-08-22,2028,-0.05
2025-08-25,2028,-0.05
2025-08-26,2028,-0.05
2025-08-27,2028,-0.05
2025-08-28,2028,-0.05
2025-08-29,2028,-0.065
2025-09-01,2028,-0.065
2025-09-02,2028,-0.065
2025-09-03,2028,-0.08
2025-09-04,2028,-0.09
2025-09-05,2028,-0.09
2025-09-08,2028,-0.1
2025-09-09,2028,-0.1
2025-09-10,2028,-0.1
2025-09-11,2028,-0.1
2025-09-12,2028,-0.1
2025-09-15,2028,-0.1
2025-09-16,2028,-0.1
2025-09-17,2028,-0.1
2025-09-18,2028,-0.11
2025-09-19,2028,-0.135
2025-09-22,2028,-0.2
2025-09-23,2028,-0.18
2025-09-24,2028,-0.18
2025-09-25,2028,-0.18
2025-09-26,2028,-0.18
2025-09-29,2028,-0.16
2025-09-30,2028,-0.155
2025-10-01,2028,-0.155
2025-10-02,2028,-0.15
2025-10-03,2028,-0.15
2025-10-06,2028,-0.15
2025-10-07,2028,-0.15
2025-10-08,2028,-0.15
2025-10-09,2028,-0.15
2025-10-10,2028,-0.15
2025-10-13,2028,-0.1
2025-10-14,2028,-0.1
2025-10-15,2028,-0.1
2025-10-16,2028,-0.1
2025-10-17,2028,-0.12
2025-10-20,2028,-0.195
2025-10-21,2028,-0.195
2025-10-22,2028,-0.15
2025-10-23,2028,-0.155
2025-10-24,2028,-0.12
2025-10-27,2028,-0.125
2025-10-28,2028,-0.125
2025-10-29,2028,-0.125
2025-10-30,2028,-0.125
2025-10-31,2028,-0.14
2025-11-03,2028,-0.14
2025-11-04,2028,-0.14
2025-11-05,2028,-0.14
2025-11-06,2028,-0.15
2025-11-07,2028,-0.14
2025-11-10,2028,-0.14
2025-11-11,2028,-0.15
2025-11-12,2028,-0.16
2025-11-13,2028,-0.16
2025-11-14,2028,-0.125
2025-11-17,2028,-0.125
2025-11-18,2028,-0.125
2025-11-19,2028,-0.125
2025-11-21,2028,-0.15
2025-11-24,2028,-0.135
2025-11-25,2028,-0.11
2025-11-26,2028,-0.12
2025-11-27,2028,-0.13
2025-11-28,2028,-0.13
2025-12-01,2028,-0.16
2025-12-02,2028,-0.16
2025-12-03,2028,-0.16
2025-12-04,2028,-0.225
2025-12-05,2028,-0.13
2025-12-08,2028,-0.13
2025-12-09,2028,-0.13
2025-12-10,2028,-0.13
2025-12-11,2028,-0.12
2025-12-12,2028,-0.12
2025-12-15,2028,-0.11
2025-12-16,2028,-0.11
2025-12-17,2028,-0.12
2025-12-18,2028,-0.12
2025-12-19,2028,-0.155
2025-12-22,2028,-0.18
2025-12-23,2028,-0.18
2025-12-24,2028,-0.18
2025-12-26,2028,-0.18
2025-12-29,2028,-0.19
2025-12-30,2028,-0.19
2025-12-31,2028,-0.19
2026-01-02,2028,-0.19
2026-01-05,2028,-0.18
2026-01-06,2028,-0.15
2026-01-07,2028,-0.15
2026-01-08,2028,-0.15
2026-01-09,2028,-0.185
2026-01-12,2028,-0.18
2026-01-13,2028,-0.145
2026-01-14,2028,-0.18
2026-01-15,2028,-0.185
2026-01-16,2028,-0.18
2026-01-19,2028,-0.195
2026-01-20,2028,-0.2
2026-01-21,2028,-0.2
2026-01-22,2028,-0.195
2026-01-23,2028,-0.2
2026-01-26,2028,-0.2
2026-01-27,2028,-0.2
2026-01-28,2028,-0.2
2026-01-29,2028,-0.2
2026-01-30,2028,-0.2
2026-02-02,2028,-0.2
2026-02-03,2028,-0.2
2026-02-04,2028,-0.2
2026-02-05,2028,-0.2
2026-02-06,2028,-0.2
2026-02-09,2028,-0.2
2026-02-10,2028,-0.2
2026-02-11,2028,-0.2
2026-02-12,2028,-0.2
2026-02-13,2028,-0.2
2026-02-18,2028,-0.2
2026-02-19,2028,-0.2
2026-02-20,2028,-0.2416
2026-02-23,2028,-0.263
2026-02-24,2028,-0.2565
2026-02-25,2028,-0.25
2026-02-26,2028,-0.25
2026-02-27,2028,-0.25
2026-03-02,2028,-0.25
2026-03-03,2028,-0.25
2026-03-04,2028,-0.25
2026-03-05,2028,-0.25
2026-03-06,2028,-0.2565
2026-03-09,2028,-0.263
2026-03-10,2028,-0.263
2026-03-11,2028,-0.263
2026-03-12,2028,-0.263
2026-03-13,2028,-0.2583
2026-03-16,2028,-0.2615
2026-03-17,2028,-0.2615
2026-03-18,2028,-0.2615
2026-03-19,2028,-0.2615
2026-03-20,2028,-0.2615
2026-03-23,2028,-0.2592
2026-03-24,2028,-0.2592
2026-03-25,2028,-0.2592
2026-03-26,2028,-0.2592
2026-03-27,2028,-0.2592
2026-03-30,2028,-0.26
2026-03-31,2028,-0.26
2026-04-01,2028,-0.26
2026-04-02,2028,-0.26
2026-04-06,2028,-0.2512
2026-04-07,2028,-0.2512
2026-04-08,2028,-0.2512
2026-04-09,2028,-0.2512
2026-04-10,2028,-0.2512
2026-04-13,2028,-0.2548
2026-04-14,2028,-0.2548
2026-04-15,2028,-0.2512
2026-04-16,2028,-0.2512
2026-04-17,2028,-0.2512
2026-04-20,2028,-0.2512
2026-04-22,2028,-0.2512
2026-04-23,2028,-0.2512
2026-04-24,2028,-0.2512
2026-04-27,2028,-0.2512
2026-04-28,2028,-0.2512
2026-04-29,2028,-0.2512
2026-04-30,2028,-0.2512
2026-05-04,2028,-0.2556
2026-05-05,2028,-0.2556
2026-05-06,2028,-0.2512
2026-05-07,2028,-0.26
2026-05-08,2028,-0.26
2026-05-11,2028,-0.26
2026-05-12,2028,-0.2556
2026-05-13,2028,-0.2556
2026-05-14,2028,-0.26
2026-05-15,2028,-0.2512
2026-05-18,2028,-0.2512
2026-05-19,2028,-0.2512
2026-05-20,2028,-0.2512
2026-05-21,2028,-0.2512
2026-05-22,2028,-0.25
2026-05-25,2028,-0.25
2026-05-26,2028,-0.25
2026-05-27,2028,-0.25
2026-05-28,2028,-0.22
2026-05-29,2028,-0.22
2026-06-01,2028,-0.22
2026-06-02,2028,-0.235
2026-06-03,2028,-0.235
2026-06-05,2028,-0.235
2026-06-08,2028,-0.25
2026-06-09,2028,-0.25
2026-06-10,2028,-0.25
2026-06-11,2028,-0.25
2026-06-12,2028,-0.235
2020-01-31,2029,0.5
2020-02-03,2029,0.5
2020-02-04,2029,0.5
2020-02-05,2029,1.35
2020-02-06,2029,1.35
2020-02-07,2029,1.35
2020-02-10,2029,1.35
2020-02-11,2029,1.8
2020-02-12,2029,1.8
2020-02-13,2029,1.8
2020-02-14,2029,1.8
2020-02-17,2029,1.4
2020-02-18,2029,1.8
2020-02-19,2029,1.8
2020-02-20,2029,1.8
2020-02-21,2029,1.8
2020-02-26,2029,1.8
2020-02-27,2029,1.8
2020-02-28,2029,1.8
2020-03-02,2029,1.8
2020-03-03,2029,1.8
2020-03-04,2029,1.8
2020-03-05,2029,1.45
2020-03-06,2029,1.45
2020-03-09,2029,1.1
2020-03-10,2029,1.1
2020-03-11,2029,1.1
2020-03-12,2029,1.05
2020-03-13,2029,1.05
2020-03-16,2029,1.05
2020-03-17,2029,1.0
2020-03-18,2029,1.0
2020-03-19,2029,1.0
2020-03-20,2029,1.0
2020-03-23,2029,1.0
2020-03-24,2029,1.0
2020-03-25,2029,1.0
2020-03-26,2029,1.0
2020-03-27,2029,1.0
2020-03-30,2029,1.0
2020-03-31,2029,1.0
2020-04-01,2029,1.0
2020-04-02,2029,1.0
2020-04-03,2029,1.0
2020-04-06,2029,1.0
2020-04-07,2029,1.2
2020-04-08,2029,1.2
2020-04-09,2029,1.5
2020-04-13,2029,1.5
2020-04-14,2029,1.6
2020-04-15,2029,1.5
2020-04-16,2029,1.7
2020-04-17,2029,1.7
2020-04-20,2029,1.7
2020-04-22,2029,1.7
2020-04-23,2029,1.7
2020-04-24,2029,1.7
2020-04-27,2029,1.65
2020-04-28,2029,1.65
2020-04-29,2029,1.65
2020-04-30,2029,1.5
2020-05-04,2029,1.5
2020-05-05,2029,1.5
2020-05-06,2029,1.5
2020-05-07,2029,1.5
2020-05-08,2029,1.5
2020-05-11,2029,1.5
2020-05-12,2029,1.5
2020-05-13,2029,1.5
2020-05-14,2029,1.5
2020-05-15,2029,1.25
2020-05-18,2029,1.25
2020-05-19,2029,1.25
2020-05-20,2029,1.25
2020-05-21,2029,1.25
2020-05-22,2029,1.25
2020-05-25,2029,1.25
2020-05-26,2029,1.25
2020-05-27,2029,1.25
2020-05-28,2029,1.25
2020-05-29,2029,1.25
2020-06-01,2029,1.25
2020-06-02,2029,1.25
2020-06-03,2029,1.25
2020-06-04,2029,1.25
2020-06-05,2029,1.25
2020-06-08,2029,1.25
2020-06-09,2029,1.5
2020-06-10,2029,1.5
2020-06-12,2029,1.5
2020-06-15,2029,1.5
2020-06-16,2029,1.5
2020-06-17,2029,1.5
2020-06-18,2029,1.5
2020-06-19,2029,1.5
2020-06-22,2029,1.5
2020-06-23,2029,1.5
2020-06-24,2029,1.5
2020-06-25,2029,1.5
2020-06-26,2029,1.5
2020-06-29,2029,1.5
2020-06-30,2029,1.5
2020-07-01,2029,1.5
2020-07-02,2029,1.5
2020-07-03,2029,1.5
2020-07-06,2029,1.5
2020-07-07,2029,1.5
2020-07-08,2029,1.5
2020-07-09,2029,1.5
2020-07-10,2029,1.45
2020-07-13,2029,1.2
2020-07-14,2029,1.2
2020-07-15,2029,1.2
2020-07-16,2029,1.2
2020-07-17,2029,1.2
2020-07-20,2029,1.2
2020-07-21,2029,1.2
2020-07-22,2029,1.2
2020-07-23,2029,1.2
2020-07-24,2029,1.45
2020-07-27,2029,1.5
2020-07-28,2029,1.5
2020-07-29,2029,1.5
2020-07-30,2029,1.5
2020-07-31,2029,1.46
2020-08-03,2029,1.46
2020-08-04,2029,1.46
2020-08-05,2029,1.46
2020-08-06,2029,1.46
2020-08-07,2029,1.46
2020-08-10,2029,1.5
2020-08-11,2029,1.5
2020-08-12,2029,1.5
2020-08-13,2029,1.5
2020-08-14,2029,1.46
2020-08-17,2029,1.46
2020-08-18,2029,1.46
2020-08-19,2029,1.46
2020-08-20,2029,1.46
2020-08-21,2029,1.46
2020-08-24,2029,1.41
2020-08-25,2029,1.41
2020-08-26,2029,1.41
2020-08-27,2029,1.41
2020-08-28,2029,1.46
2020-08-31,2029,1.5
2020-09-01,2029,1.5
2020-09-02,2029,1.5
2020-09-03,2029,1.5
2020-09-04,2029,1.5
2020-09-08,2029,1.5
2020-09-09,2029,1.28
2020-09-10,2029,1.28
2020-09-11,2029,1.28
2020-09-14,2029,1.5
2020-09-15,2029,1.5
2020-09-16,2029,1.5
2020-09-17,2029,1.28
2020-09-18,2029,1.28
2020-09-21,2029,1.28
2020-09-22,2029,1.28
2020-09-23,2029,1.28
2020-09-24,2029,1.28
2020-09-25,2029,1.5
2020-09-28,2029,1.06
2020-09-29,2029,1.06
2020-09-30,2029,1.06
2020-10-01,2029,1.06
2020-10-02,2029,1.28
2020-10-05,2029,1.28
2020-10-06,2029,1.28
2020-10-07,2029,1.5
2020-10-08,2029,1.5
2020-10-09,2029,1.5
2020-10-13,2029,1.5
2020-10-14,2029,1.6
2020-10-15,2029,1.6
2020-10-16,2029,1.6
2020-10-19,2029,1.7
2020-10-20,2029,1.7
2020-10-21,2029,1.7
2020-10-22,2029,1.7
2020-10-23,2029,1.5
2020-10-26,2029,1.5
2020-10-27,2029,1.5
2020-10-28,2029,1.5
2020-10-29,2029,1.5
2020-10-30,2029,1.5
2020-11-03,2029,1.15
2020-11-04,2029,1.15
2020-11-05,2029,1.15
2020-11-06,2029,1.15
2020-11-09,2029,1.0
2020-11-10,2029,1.15
2020-11-11,2029,1.15
2020-11-12,2029,1.15
2020-11-13,2029,1.18
2020-11-16,2029,1.3
2020-11-17,2029,1.18
2020-11-18,2029,1.18
2020-11-19,2029,1.06
2020-11-20,2029,1.06
2020-11-23,2029,1.06
2020-11-24,2029,1.06
2020-11-25,2029,1.06
2020-11-26,2029,1.06
2020-11-27,2029,1.06
2020-11-30,2029,1.06
2020-12-01,2029,1.06
2020-12-02,2029,1.06
2020-12-03,2029,1.06
2020-12-04,2029,1.06
2020-12-07,2029,1.06
2020-12-08,2029,1.06
2020-12-09,2029,1.06
2020-12-10,2029,1.06
2020-12-11,2029,1.06
2020-12-14,2029,1.25
2020-12-15,2029,1.25
2020-12-16,2029,1.25
2020-12-17,2029,1.25
2020-12-18,2029,1.5
2020-12-21,2029,1.5
2020-12-22,2029,1.5
2020-12-23,2029,1.5
2020-12-24,2029,1.5
2020-12-28,2029,1.5
2020-12-29,2029,1.5
2020-12-30,2029,1.5
2020-12-31,2029,1.5
2021-01-04,2029,1.5
2021-01-05,2029,1.5
2021-01-06,2029,1.5
2021-01-07,2029,1.28
2021-01-08,2029,1.28
2021-01-11,2029,1.5
2021-01-12,2029,1.5
2021-01-13,2029,1.5
2021-01-14,2029,1.5
2021-01-15,2029,1.28
2021-01-18,2029,0.98
2021-01-19,2029,0.98
2021-01-20,2029,0.9
2021-01-21,2029,0.98
2021-01-22,2029,0.98
2021-01-25,2029,0.98
2021-01-26,2029,0.98
2021-01-27,2029,0.98
2021-01-28,2029,0.9
2021-01-29,2029,1.05
2021-02-01,2029,1.05
2021-02-02,2029,0.9
2021-02-03,2029,0.9
2021-02-04,2029,0.9
2021-02-05,2029,0.9
2021-02-08,2029,0.9
2021-02-09,2029,0.9
2021-02-10,2029,0.9
2021-02-11,2029,0.9
2021-02-12,2029,0.9
2021-02-17,2029,0.95
2021-02-18,2029,0.95
2021-02-19,2029,1.0
2021-02-22,2029,1.07
2021-02-23,2029,1.0
2021-02-24,2029,1.0
2021-02-25,2029,1.04
2021-02-26,2029,1.04
2021-03-01,2029,1.0
2021-03-02,2029,1.0
2021-03-03,2029,1.0
2021-03-04,2029,1.0
2021-03-05,2029,1.04
2021-03-08,2029,1.04
2021-03-09,2029,1.04
2021-03-10,2029,1.04
2021-03-11,2029,1.0
2021-03-12,2029,1.0
2021-03-15,2029,1.0
2021-03-16,2029,1.0
2021-03-17,2029,1.0
2021-03-18,2029,1.0
2021-03-19,2029,1.0
2021-03-22,2029,1.0
2021-03-23,2029,1.0
2021-03-24,2029,1.0
2021-03-25,2029,1.0
2021-03-26,2029,1.0
2021-03-29,2029,1.0
2021-03-30,2029,1.0
2021-03-31,2029,1.0
2021-04-01,2029,1.0
2021-04-05,2029,1.0
2021-04-06,2029,1.0
2021-04-07,2029,1.0
2021-04-08,2029,1.0
2021-04-09,2029,1.0
2021-04-12,2029,0.95
2021-04-13,2029,0.95
2021-04-14,2029,0.95
2021-04-15,2029,1.0
2021-04-16,2029,1.0
2021-04-19,2029,1.0
2021-04-20,2029,1.0
2021-04-22,2029,1.0
2021-04-23,2029,0.95
2021-04-26,2029,1.0
2021-04-27,2029,1.0
2021-04-28,2029,1.0
2021-04-29,2029,1.0
2021-04-30,2029,1.0
2021-05-03,2029,0.95
2021-05-04,2029,0.95
2021-05-05,2029,0.95
2021-05-06,2029,0.95
2021-05-07,2029,1.0
2021-05-10,2029,1.0
2021-05-11,2029,1.0
2021-05-12,2029,1.0
2021-05-13,2029,1.05
2021-05-14,2029,1.05
2021-05-17,2029,1.05
2021-05-18,2029,1.05
2021-05-19,2029,1.05
2021-05-20,2029,0.95
2021-05-21,2029,1.0
2021-05-24,2029,1.0
2021-05-25,2029,1.0
2021-05-26,2029,1.05
2021-05-27,2029,1.05
2021-05-28,2029,1.05
2021-05-31,2029,1.05
2021-06-01,2029,1.05
2021-06-02,2029,1.15
2021-06-04,2029,1.3
2021-06-07,2029,1.3
2021-06-08,2029,1.3
2021-06-09,2029,1.2
2021-06-10,2029,1.2
2021-06-11,2029,1.25
2021-06-14,2029,1.2
2021-06-15,2029,1.2
2021-06-16,2029,1.15
2021-06-17,2029,1.15
2021-06-18,2029,1.15
2021-06-21,2029,1.2
2021-06-22,2029,1.15
2021-06-23,2029,1.1
2021-06-24,2029,1.1
2021-06-25,2029,1.1
2021-06-28,2029,1.1
2021-06-29,2029,1.1
2021-06-30,2029,1.1
2021-07-01,2029,1.1
2021-07-02,2029,1.1
2021-07-05,2029,1.1
2021-07-06,2029,1.1
2021-07-07,2029,1.15
2021-07-08,2029,1.15
2021-07-09,2029,1.15
2021-07-12,2029,1.15
2021-07-13,2029,1.15
2021-07-14,2029,1.15
2021-07-15,2029,1.15
2021-07-16,2029,1.15
2021-07-19,2029,1.2
2021-07-20,2029,1.2
2021-07-21,2029,1.15
2021-07-22,2029,1.1
2021-07-23,2029,1.2
2021-07-26,2029,1.3
2021-07-27,2029,1.3
2021-07-28,2029,1.3
2021-07-29,2029,1.3
2021-07-30,2029,1.335
2021-08-02,2029,1.335
2021-08-03,2029,1.335
2021-08-04,2029,1.335
2021-08-05,2029,1.3
2021-08-06,2029,1.37
2021-08-09,2029,1.335
2021-08-10,2029,1.37
2021-08-11,2029,1.37
2021-08-12,2029,1.37
2021-08-13,2029,1.37
2021-08-16,2029,1.37
2021-08-17,2029,1.37
2021-08-18,2029,1.37
2021-08-19,2029,1.37
2021-08-20,2029,1.37
2021-08-23,2029,1.37
2021-08-24,2029,1.485
2021-08-25,2029,1.55
2021-08-26,2029,1.6
2021-08-27,2029,1.6
2021-08-30,2029,1.55
2021-08-31,2029,1.55
2021-09-01,2029,1.55
2021-09-02,2029,1.55
2021-09-03,2029,1.4
2021-09-06,2029,1.4
2021-09-08,2029,1.4
2021-09-09,2029,1.4
2021-09-10,2029,1.3
2021-09-13,2029,1.1
2021-09-14,2029,1.1
2021-09-15,2029,1.1
2021-09-16,2029,1.1
2021-09-17,2029,0.95
2021-09-20,2029,1.0
2021-09-21,2029,1.0
2021-09-22,2029,1.0
2021-09-23,2029,1.0
2021-09-24,2029,1.0
2021-09-27,2029,1.0
2021-09-28,2029,1.0
2021-09-29,2029,1.0
2021-09-30,2029,1.0
2021-10-01,2029,1.1
2021-10-04,2029,1.2
2021-10-05,2029,1.2
2021-10-06,2029,1.2
2021-10-07,2029,1.2
2021-10-08,2029,1.2
2021-10-11,2029,1.2
2021-10-13,2029,1.2
2021-10-14,2029,1.2
2021-10-15,2029,1.4
2021-10-18,2029,1.75
2021-10-19,2029,1.75
2021-10-20,2029,1.75
2021-10-21,2029,1.75
2021-10-22,2029,1.5
2021-10-25,2029,1.5
2021-10-26,2029,1.5
2021-10-27,2029,1.5
2021-10-28,2029,1.5
2021-10-29,2029,1.5
2021-11-01,2029,1.5
2021-11-03,2029,1.5
2021-11-04,2029,1.5
2021-11-05,2029,1.5
2021-11-08,2029,1.5
2021-11-09,2029,1.5
2021-11-10,2029,1.5
2021-11-11,2029,1.5
2021-11-12,2029,1.5
2021-11-16,2029,1.5
2021-11-17,2029,1.5
2021-11-18,2029,1.5
2021-11-19,2029,1.37
2021-11-22,2029,1.24
2021-11-23,2029,1.24
2021-11-24,2029,1.24
2021-11-25,2029,1.24
2021-11-26,2029,1.24
2021-11-29,2029,1.24
2021-11-30,2029,1.24
2021-12-01,2029,1.24
2021-12-02,2029,1.2
2021-12-03,2029,1.2
2021-12-06,2029,1.0
2021-12-07,2029,1.0
2021-12-08,2029,1.0
2021-12-09,2029,1.0
2021-12-10,2029,1.0
2021-12-13,2029,1.0
2021-12-14,2029,1.0
2021-12-15,2029,1.0
2021-12-16,2029,1.0
2021-12-17,2029,1.0
2021-12-20,2029,1.0
2021-12-21,2029,1.0
2021-12-22,2029,1.0
2021-12-23,2029,1.0
2021-12-24,2029,1.0
2021-12-27,2029,1.0
2021-12-28,2029,1.0
2021-12-29,2029,1.0
2021-12-30,2029,1.0
2021-12-31,2029,1.0
2022-01-03,2029,1.0
2022-01-04,2029,1.0
2022-01-05,2029,1.0
2022-01-06,2029,1.0
2022-01-07,2029,1.0
2022-01-10,2029,1.0
2022-01-11,2029,1.0
2022-01-12,2029,1.0
2022-01-13,2029,1.0
2022-01-14,2029,1.2
2022-01-17,2029,1.2
2022-01-18,2029,1.2
2022-01-19,2029,1.2
2022-01-20,2029,1.2
2022-01-21,2029,1.2
2022-01-24,2029,1.2
2022-01-25,2029,1.2
2022-01-26,2029,1.2
2022-01-27,2029,1.2
2022-01-28,2029,1.2
2022-01-31,2029,1.2
2022-02-01,2029,1.2
2022-02-02,2029,1.2
2022-02-03,2029,1.1
2022-02-04,2029,1.0
2022-02-07,2029,1.1
2022-02-08,2029,1.1
2022-02-09,2029,1.1
2022-02-10,2029,1.175
2022-02-11,2029,1.075
2022-02-14,2029,1.2
2022-02-15,2029,1.2
2022-02-16,2029,1.175
2022-02-17,2029,1.175
2022-02-18,2029,1.2
2022-02-21,2029,1.2
2022-02-22,2029,1.2
2022-02-23,2029,1.2
2022-02-24,2029,1.2
2022-02-25,2029,1.2
2022-03-02,2029,1.2
2022-03-03,2029,1.2
2022-03-04,2029,1.2
2022-03-07,2029,1.2
2022-03-08,2029,1.2
2022-03-09,2029,1.2
2022-03-10,2029,1.2
2022-03-11,2029,1.2
2022-03-14,2029,1.2
2022-03-15,2029,1.2
2022-03-16,2029,1.2
2022-03-17,2029,1.2
2022-03-18,2029,1.2
2022-03-21,2029,1.2
2022-03-22,2029,1.2
2022-03-23,2029,1.2
2022-03-24,2029,1.2
2022-03-25,2029,1.2
2022-03-28,2029,1.2
2022-03-29,2029,1.2
2022-03-30,2029,1.2
2022-03-31,2029,1.2
2022-04-01,2029,1.2
2022-04-04,2029,1.2
2022-04-05,2029,1.2
2022-04-06,2029,1.2
2022-04-07,2029,1.2
2022-04-08,2029,1.2
2022-04-11,2029,1.2
2022-04-12,2029,1.2
2022-04-13,2029,1.2
2022-04-14,2029,1.2
2022-04-18,2029,1.2
2022-04-19,2029,1.2
2022-04-20,2029,1.2
2022-04-22,2029,1.2
2022-04-25,2029,1.1
2022-04-26,2029,1.1
2022-04-27,2029,1.1
2022-04-28,2029,1.1
2022-04-29,2029,1.0
2022-05-02,2029,1.0
2022-05-03,2029,1.0
2022-05-04,2029,1.0
2022-05-05,2029,1.0
2022-05-06,2029,1.0
2022-05-09,2029,1.0
2022-05-10,2029,1.0
2022-05-11,2029,1.0
2022-05-12,2029,1.05
2022-05-13,2029,1.0
2022-05-16,2029,1.0
2022-05-17,2029,1.0
2022-05-18,2029,1.0
2022-05-19,2029,1.0
2022-05-20,2029,1.0
2022-05-23,2029,1.0
2022-05-24,2029,1.0
2022-05-25,2029,1.0
2022-05-26,2029,1.0
2022-05-27,2029,1.0
2022-05-30,2029,1.05
2022-05-31,2029,1.05
2022-06-01,2029,1.05
2022-06-02,2029,1.05
2022-06-03,2029,1.05
2022-06-06,2029,1.0
2022-06-07,2029,1.0
2022-06-08,2029,1.0
2022-06-09,2029,1.0
2022-06-10,2029,1.0
2022-06-13,2029,1.0
2022-06-14,2029,1.0
2022-06-15,2029,1.0
2022-06-17,2029,1.0
2022-06-20,2029,0.915
2022-06-21,2029,0.915
2022-06-22,2029,0.915
2022-06-23,2029,0.915
2022-06-24,2029,0.82
2022-06-27,2029,0.82
2022-06-28,2029,0.82
2022-06-29,2029,0.82
2022-06-30,2029,0.82
2022-07-01,2029,0.8
2022-07-04,2029,0.8
2022-07-05,2029,0.8
2022-07-06,2029,0.8
2022-07-07,2029,0.8
2022-07-08,2029,0.8
2022-07-11,2029,0.65
2022-07-12,2029,0.8
2022-07-13,2029,0.8
2022-07-14,2029,1.25
2022-07-15,2029,1.15
2022-07-18,2029,1.35
2022-07-19,2029,1.35
2022-07-20,2029,1.2
2022-07-21,2029,1.2
2022-07-22,2029,0.85
2022-07-25,2029,0.85
2022-07-26,2029,0.85
2022-07-27,2029,0.85
2022-07-28,2029,0.85
2022-07-29,2029,0.7
2022-08-01,2029,0.7
2022-08-02,2029,0.7
2022-08-03,2029,0.7
2022-08-04,2029,0.7
2022-08-05,2029,0.7
2022-08-08,2029,0.7
2022-08-09,2029,0.7
2022-08-10,2029,0.7
2022-08-11,2029,0.8
2022-08-12,2029,0.8
2022-08-15,2029,0.8
2022-08-16,2029,0.8
2022-08-17,2029,0.8
2022-08-18,2029,0.8
2022-08-19,2029,0.8
2022-08-22,2029,0.9
2022-08-23,2029,0.9
2022-08-24,2029,0.95
2022-08-25,2029,0.95
2022-08-26,2029,0.95
2022-08-29,2029,1.0
2022-08-30,2029,1.0
2022-08-31,2029,1.0
2022-09-01,2029,1.0
2022-09-02,2029,0.95
2022-09-05,2029,0.95
2022-09-06,2029,0.95
2022-09-08,2029,0.9
2022-09-09,2029,0.9
2022-09-12,2029,0.775
2022-09-13,2029,0.775
2022-09-14,2029,0.9
2022-09-15,2029,0.9
2022-09-16,2029,0.8667
2022-09-19,2029,0.8334
2022-09-20,2029,0.8334
2022-09-21,2029,0.8334
2022-09-22,2029,0.8334
2022-09-23,2029,0.85
2022-09-26,2029,0.85
2022-09-27,2029,0.85
2022-09-28,2029,0.85
2022-09-29,2029,0.85
2022-09-30,2029,0.85
2022-10-03,2029,1.0
2022-10-04,2029,1.0
2022-10-05,2029,1.0
2022-10-06,2029,1.0
2022-10-07,2029,1.0
2022-10-10,2029,1.1
2022-10-11,2029,1.1
2022-10-13,2029,1.1
2022-10-14,2029,1.0
2022-10-17,2029,1.0
2022-10-18,2029,1.0
2022-10-19,2029,1.0
2022-10-20,2029,1.045
2022-10-21,2029,1.0
2022-10-24,2029,1.0
2022-10-25,2029,1.0
2022-10-26,2029,1.0
2022-10-27,2029,1.0
2022-10-28,2029,1.0
2022-10-31,2029,1.045
2022-11-01,2029,1.045
2022-11-03,2029,1.09
2022-11-04,2029,1.045
2022-11-07,2029,1.045
2022-11-08,2029,1.045
2022-11-09,2029,1.045
2022-11-10,2029,1.0
2022-11-11,2029,1.0
2022-11-14,2029,0.95
2022-11-16,2029,0.95
2022-11-17,2029,0.9
2022-11-18,2029,0.54
2022-11-21,2029,0.54
2022-11-22,2029,0.58
2022-11-23,2029,0.58
2022-11-24,2029,0.74
2022-11-25,2029,0.74
2022-11-28,2029,0.74
2022-11-29,2029,0.74
2022-11-30,2029,0.74
2022-12-01,2029,0.74
2022-12-02,2029,0.54
2022-12-05,2029,0.5
2022-12-06,2029,0.5
2022-12-07,2029,0.5
2022-12-08,2029,0.5
2022-12-09,2029,0.5
2022-12-12,2029,0.5
2022-12-13,2029,0.5
2022-12-14,2029,0.5
2022-12-15,2029,0.5
2022-12-16,2029,0.5
2022-12-19,2029,0.85
2022-12-20,2029,0.85
2022-12-21,2029,0.8
2022-12-22,2029,0.8
2022-12-23,2029,0.8
2022-12-26,2029,0.65
2022-12-27,2029,0.65
2022-12-28,2029,0.65
2022-12-29,2029,0.65
2022-12-30,2029,0.8
2023-01-02,2029,0.45
2023-01-03,2029,0.45
2023-01-04,2029,0.45
2023-01-05,2029,0.85
2023-01-06,2029,0.85
2023-01-09,2029,0.85
2023-01-10,2029,0.85
2023-01-11,2029,0.85
2023-01-12,2029,0.85
2023-01-13,2029,0.85
2023-01-16,2029,0.8
2023-01-17,2029,0.8
2023-01-18,2029,0.8
2023-01-19,2029,0.8
2023-01-20,2029,0.425
2023-01-23,2029,0.425
2023-01-24,2029,0.425
2023-01-25,2029,0.425
2023-01-26,2029,0.425
2023-01-27,2029,0.5
2023-01-30,2029,0.5
2023-01-31,2029,0.5
2023-02-01,2029,0.5
2023-02-02,2029,0.5
2023-02-03,2029,0.5
2023-02-06,2029,0.425
2023-02-07,2029,0.35
2023-02-08,2029,0.35
2023-02-09,2029,0.425
2023-02-10,2029,0.425
2023-02-13,2029,0.425
2023-02-14,2029,0.425
2023-02-15,2029,0.425
2023-02-16,2029,0.425
2023-02-17,2029,0.5
2023-02-22,2029,0.5
2023-02-23,2029,0.5
2023-02-24,2029,0.5
2023-02-27,2029,0.425
2023-02-28,2029,0.425
2023-03-01,2029,0.425
2023-03-02,2029,0.425
2023-03-03,2029,0.425
2023-03-06,2029,0.425
2023-03-07,2029,0.425
2023-03-08,2029,0.425
2023-03-09,2029,0.425
2023-03-10,2029,0.425
2023-03-13,2029,0.185
2023-03-14,2029,0.02
2023-03-15,2029,0.02
2023-03-16,2029,0.02
2023-03-17,2029,0.21
2023-03-20,2029,0.21
2023-03-21,2029,0.21
2023-03-22,2029,0.21
2023-03-23,2029,0.21
2023-03-24,2029,0.21
2023-03-27,2029,0.21
2023-03-28,2029,0.21
2023-03-29,2029,0.21
2023-03-30,2029,0.21
2023-03-31,2029,0.21
2023-04-03,2029,0.21
2023-04-04,2029,0.21
2023-04-05,2029,0.21
2023-04-06,2029,0.4
2023-04-10,2029,0.4
2023-04-11,2029,0.4
2023-04-12,2029,0.4
2023-04-13,2029,0.4
2023-04-14,2029,0.45
2023-04-17,2029,0.4
2023-04-18,2029,0.4
2023-04-19,2029,0.4
2023-04-20,2029,0.5
2023-04-24,2029,0.5
2023-04-25,2029,0.5
2023-04-26,2029,0.5
2023-04-27,2029,0.5
2023-04-28,2029,0.65
2023-05-02,2029,0.6
2023-05-03,2029,0.65
2023-05-04,2029,0.65
2023-05-05,2029,0.7
2023-05-08,2029,0.7
2023-05-09,2029,0.7
2023-05-10,2029,0.7
2023-05-11,2029,0.75
2023-05-12,2029,0.7
2023-05-15,2029,0.7
2023-05-16,2029,0.7
2023-05-17,2029,0.7
2023-05-18,2029,0.7
2023-05-19,2029,0.7
2023-05-22,2029,0.6
2023-05-23,2029,0.6
2023-05-24,2029,0.6
2023-05-25,2029,0.6
2023-05-26,2029,0.6
2023-05-29,2029,0.5
2023-05-30,2029,0.5
2023-05-31,2029,0.5
2023-06-01,2029,0.5
2023-06-02,2029,0.5
2023-06-05,2029,0.5
2023-06-06,2029,0.5
2023-06-07,2029,0.5
2023-06-09,2029,0.5
2023-06-12,2029,0.5
2023-06-13,2029,0.5
2023-06-14,2029,0.5
2023-06-15,2029,0.5
2023-06-16,2029,0.45
2023-06-19,2029,0.5
2023-06-20,2029,0.5
2023-06-21,2029,0.5
2023-06-22,2029,0.5
2023-06-23,2029,0.475
2023-06-26,2029,0.475
2023-06-27,2029,0.475
2023-06-28,2029,0.475
2023-06-29,2029,0.5
2023-06-30,2029,0.5
2023-07-03,2029,0.5
2023-07-04,2029,0.5
2023-07-05,2029,0.5
2023-07-06,2029,0.5
2023-07-07,2029,0.5
2023-07-10,2029,0.475
2023-07-11,2029,0.475
2023-07-12,2029,0.5
2023-07-13,2029,0.5
2023-07-14,2029,0.5
2023-07-17,2029,0.5
2023-07-18,2029,0.5
2023-07-19,2029,0.5
2023-07-20,2029,0.5
2023-07-21,2029,0.5
2023-07-24,2029,0.5
2023-07-25,2029,0.5
2023-07-26,2029,0.5
2023-07-27,2029,0.5
2023-07-28,2029,0.5
2023-07-31,2029,0.475
2023-08-01,2029,0.475
2023-08-02,2029,0.475
2023-08-03,2029,0.475
2023-08-04,2029,0.475
2023-08-07,2029,0.45
2023-08-08,2029,0.45
2023-08-09,2029,0.45
2023-08-10,2029,0.45
2023-08-11,2029,0.5
2023-08-14,2029,0.5
2023-08-15,2029,0.5
2023-08-16,2029,0.475
2023-08-17,2029,0.475
2023-08-18,2029,0.475
2023-08-21,2029,0.4
2023-08-22,2029,0.4
2023-08-23,2029,0.4
2023-08-24,2029,0.4
2023-08-25,2029,0.4
2023-08-28,2029,0.475
2023-08-29,2029,0.45
2023-08-30,2029,0.45
2023-08-31,2029,0.45
2023-09-01,2029,0.45
2023-09-04,2029,0.45
2023-09-05,2029,0.45
2023-09-06,2029,0.45
2023-09-08,2029,0.45
2023-09-11,2029,0.4
2023-09-12,2029,0.4
2023-09-13,2029,0.4
2023-09-14,2029,0.4
2023-09-15,2029,0.4
2023-09-18,2029,0.4
2023-09-19,2029,0.4
2023-09-20,2029,0.4
2023-09-21,2029,0.4
2023-09-22,2029,0.4
2023-09-25,2029,0.4
2023-09-26,2029,0.4
2023-09-27,2029,0.4
2023-09-28,2029,0.4
2023-09-29,2029,0.3
2023-10-02,2029,0.3
2023-10-03,2029,0.3
2023-10-04,2029,0.3
2023-10-05,2029,0.3
2023-10-06,2029,0.3
2023-10-09,2029,0.3
2023-10-10,2029,0.3
2023-10-11,2029,0.3
2023-10-13,2029,0.0
2023-10-16,2029,0.0
2023-10-17,2029,0.0
2023-10-18,2029,0.0
2023-10-19,2029,0.15
2023-10-20,2029,0.3
2023-10-23,2029,0.3
2023-10-24,2029,0.3
2023-10-25,2029,0.3
2023-10-26,2029,0.3
2023-10-27,2029,0.0
2023-10-30,2029,0.2
2023-10-31,2029,0.2
2023-11-01,2029,0.2
2023-11-03,2029,0.0
2023-11-06,2029,0.1
2023-11-07,2029,0.1
2023-11-08,2029,0.1
2023-11-09,2029,0.1
2023-11-10,2029,0.1
2023-11-13,2029,0.4
2023-11-14,2029,0.4
2023-11-16,2029,0.4
2023-11-17,2029,0.3
2023-11-20,2029,0.1
2023-11-21,2029,0.1
2023-11-22,2029,0.1
2023-11-23,2029,0.1
2023-11-24,2029,0.0
2023-11-27,2029,0.0
2023-11-28,2029,0.0
2023-11-29,2029,0.0
2023-11-30,2029,-0.1
2023-12-01,2029,-0.1
2023-12-04,2029,0.0
2023-12-05,2029,0.0
2023-12-06,2029,-0.1
2023-12-07,2029,-0.1
2023-12-08,2029,0.0
2023-12-11,2029,0.0
2023-12-12,2029,0.0
2023-12-13,2029,0.0
2023-12-14,2029,0.0
2023-12-15,2029,0.0
2023-12-18,2029,0.0
2023-12-19,2029,0.0
2023-12-20,2029,0.0
2023-12-21,2029,0.0
2023-12-22,2029,0.0
2023-12-26,2029,0.1
2023-12-27,2029,0.1
2023-12-28,2029,0.1
2023-12-29,2029,0.1
2024-01-02,2029,0.1
2024-01-03,2029,0.1
2024-01-04,2029,0.1
2024-01-05,2029,0.1
2024-01-08,2029,0.0
2024-01-09,2029,0.0
2024-01-10,2029,0.0
2024-01-11,2029,0.0
2024-01-12,2029,0.0
2024-01-15,2029,0.0
2024-01-16,2029,0.0
2024-01-17,2029,0.0
2024-01-18,2029,0.0
2024-01-19,2029,0.1
2024-01-22,2029,0.0
2024-01-23,2029,0.0
2024-01-24,2029,0.0
2024-01-25,2029,0.0
2024-01-26,2029,0.0
2024-01-29,2029,0.0
2024-01-30,2029,0.0
2024-01-31,2029,0.0
2024-02-01,2029,0.0
2024-02-02,2029,0.0
2024-02-05,2029,0.0
2024-02-06,2029,0.0
2024-02-07,2029,0.0
2024-02-08,2029,0.0
2024-02-09,2029,0.0
2024-02-14,2029,0.0
2024-02-15,2029,0.0
2024-02-16,2029,0.0
2024-02-19,2029,0.1
2024-02-20,2029,0.05
2024-02-21,2029,0.05
2024-02-22,2029,0.05
2024-02-23,2029,0.125
2024-02-26,2029,0.2
2024-02-27,2029,0.125
2024-02-28,2029,0.125
2024-02-29,2029,0.125
2024-03-01,2029,0.125
2024-03-04,2029,0.025
2024-03-05,2029,0.025
2024-03-06,2029,0.025
2024-03-07,2029,0.025
2024-03-08,2029,0.025
2024-03-11,2029,0.05
2024-03-12,2029,0.05
2024-03-13,2029,0.05
2024-03-14,2029,0.05
2024-03-15,2029,0.0
2024-03-18,2029,0.025
2024-03-19,2029,0.0
2024-03-20,2029,0.0
2024-03-21,2029,0.0
2024-03-22,2029,0.0
2024-03-25,2029,0.025
2024-03-26,2029,0.025
2024-03-27,2029,0.05
2024-03-28,2029,0.05
2024-04-01,2029,0.025
2024-04-02,2029,0.025
2024-04-03,2029,0.025
2024-04-04,2029,0.05
2024-04-05,2029,0.05
2024-04-08,2029,0.05
2024-04-09,2029,0.05
2024-04-10,2029,0.05
2024-04-11,2029,0.05
2024-04-12,2029,0.05
2024-04-15,2029,0.05
2024-04-16,2029,0.05
2024-04-17,2029,0.05
2024-04-18,2029,0.15
2024-04-19,2029,0.25
2024-04-22,2029,0.25
2024-04-23,2029,0.25
2024-04-24,2029,0.25
2024-04-25,2029,0.15
2024-04-26,2029,0.15
2024-04-29,2029,0.15
2024-04-30,2029,0.15
2024-05-02,2029,0.275
2024-05-03,2029,0.25
2024-05-06,2029,0.275
2024-05-07,2029,0.275
2024-05-08,2029,0.275
2024-05-09,2029,0.275
2024-05-10,2029,0.3
2024-05-13,2029,0.275
2024-05-14,2029,0.25
2024-05-15,2029,0.25
2024-05-16,2029,0.25
2024-05-17,2029,0.25
2024-05-20,2029,0.275
2024-05-21,2029,0.275
2024-05-22,2029,0.275
2024-05-23,2029,0.3
2024-05-24,2029,0.275
2024-05-27,2029,0.275
2024-05-28,2029,0.275
2024-05-29,2029,0.275
2024-05-31,2029,0.3
2024-06-03,2029,0.275
2024-06-04,2029,0.275
2024-06-05,2029,0.275
2024-06-06,2029,0.275
2024-06-07,2029,0.225
2024-06-10,2029,0.225
2024-06-11,2029,0.2
2024-06-12,2029,0.2
2024-06-13,2029,0.225
2024-06-14,2029,0.1
2024-06-17,2029,0.0
2024-06-18,2029,0.0
2024-06-19,2029,0.05
2024-06-20,2029,0.0
2024-06-21,2029,0.0
2024-06-24,2029,0.0
2024-06-25,2029,0.0
2024-06-26,2029,0.0
2024-06-27,2029,0.0
2024-06-28,2029,0.0
2024-07-01,2029,0.0
2024-07-02,2029,0.0
2024-07-03,2029,0.0
2024-07-04,2029,0.0
2024-07-05,2029,0.0
2024-07-08,2029,0.0
2024-07-09,2029,0.0
2024-07-10,2029,0.0
2024-07-11,2029,0.0
2024-07-12,2029,0.0
2024-07-15,2029,0.0
2024-07-16,2029,0.0
2024-07-17,2029,0.0
2024-07-18,2029,0.0
2024-07-19,2029,0.0
2024-07-22,2029,0.015
2024-07-23,2029,0.015
2024-07-24,2029,0.015
2024-07-25,2029,0.03
2024-07-26,2029,0.03
2024-07-29,2029,0.2
2024-07-30,2029,0.2
2024-07-31,2029,0.2
2024-08-01,2029,0.2
2024-08-02,2029,0.2
2024-08-05,2029,0.2
2024-08-06,2029,0.2
2024-08-07,2029,0.2
2024-08-08,2029,0.2
2024-08-09,2029,0.115
2024-08-12,2029,0.03
2024-08-13,2029,0.03
2024-08-14,2029,0.03
2024-08-15,2029,0.03
2024-08-16,2029,0.03
2024-08-19,2029,0.015
2024-08-20,2029,0.03
2024-08-21,2029,0.03
2024-08-22,2029,0.0
2024-08-23,2029,0.0
2024-08-26,2029,0.0
2024-08-27,2029,0.0
2024-08-28,2029,0.0
2024-08-29,2029,0.0
2024-08-30,2029,0.0
2024-09-02,2029,0.0
2024-09-03,2029,0.0
2024-09-04,2029,0.0
2024-09-05,2029,0.0
2024-09-06,2029,0.0
2024-09-09,2029,0.0
2024-09-10,2029,0.0
2024-09-11,2029,0.0
2024-09-12,2029,0.05
2024-09-13,2029,0.125
2024-09-16,2029,0.2
2024-09-17,2029,0.2
2024-09-18,2029,0.2
2024-09-19,2029,0.21
2024-09-20,2029,0.21
2024-09-23,2029,0.22
2024-09-24,2029,0.22
2024-09-25,2029,0.235
2024-09-26,2029,0.235
2024-09-27,2029,0.235
2024-09-30,2029,0.25
2024-10-01,2029,0.25
2024-10-02,2029,0.25
2024-10-03,2029,0.25
2024-10-04,2029,0.225
2024-10-07,2029,0.225
2024-10-08,2029,0.225
2024-10-09,2029,0.225
2024-10-10,2029,0.2
2024-10-11,2029,0.2
2024-10-14,2029,0.0
2024-10-15,2029,0.0
2024-10-16,2029,0.0
2024-10-17,2029,0.0
2024-10-18,2029,0.0
2024-10-21,2029,0.0
2024-10-22,2029,0.0
2024-10-23,2029,0.0
2024-10-24,2029,0.0
2024-10-25,2029,0.0
2024-10-28,2029,0.0
2024-10-29,2029,0.0
2024-10-30,2029,0.0
2024-10-31,2029,0.03
2024-11-01,2029,0.04
2024-11-04,2029,0.04
2024-11-05,2029,0.04
2024-11-06,2029,0.04
2024-11-07,2029,0.04
2024-11-08,2029,0.04
2024-11-11,2029,0.04
2024-11-12,2029,0.04
2024-11-13,2029,0.04
2024-11-14,2029,0.03
2024-11-18,2029,0.0
2024-11-19,2029,0.0
2024-11-21,2029,0.0
2024-11-22,2029,0.0
2024-11-25,2029,0.0
2024-11-26,2029,0.06
2024-11-27,2029,0.06
2024-11-28,2029,0.06
2024-11-29,2029,0.12
2024-12-02,2029,0.16
2024-12-03,2029,0.16
2024-12-04,2029,0.16
2024-12-05,2029,0.06
2024-12-06,2029,0.2
2024-12-09,2029,0.2
2024-12-10,2029,0.2
2024-12-11,2029,0.2
2024-12-12,2029,0.16
2024-12-13,2029,0.16
2024-12-16,2029,0.16
2024-12-17,2029,0.16
2024-12-18,2029,0.16
2024-12-19,2029,0.16
2024-12-20,2029,0.16
2024-12-23,2029,0.0
2024-12-24,2029,0.0
2024-12-26,2029,0.0
2024-12-27,2029,0.0
2024-12-30,2029,0.0
2024-12-31,2029,0.0
2025-01-02,2029,0.0
2025-01-03,2029,0.0
2025-01-06,2029,0.0
2025-01-07,2029,0.0
2025-01-08,2029,0.0
2025-01-09,2029,0.0
2025-01-10,2029,0.0
2025-01-13,2029,0.0
2025-01-14,2029,0.0
2025-01-15,2029,0.0
2025-01-16,2029,0.0
2025-01-17,2029,0.0
2025-01-20,2029,0.0
2025-01-21,2029,0.0
2025-01-22,2029,0.0
2025-01-23,2029,0.0
2025-01-24,2029,0.0
2025-01-27,2029,0.0
2025-01-28,2029,0.0
2025-01-29,2029,0.0
2025-01-30,2029,0.0
2025-01-31,2029,0.0
2025-02-03,2029,0.0
2025-02-04,2029,0.0
2025-02-05,2029,0.0
2025-02-06,2029,0.0
2025-02-07,2029,0.0
2025-02-10,2029,0.0
2025-02-11,2029,0.0
2025-02-12,2029,0.0
2025-02-13,2029,0.0
2025-02-14,2029,0.0
2025-02-17,2029,0.0
2025-02-18,2029,0.0
2025-02-19,2029,0.0
2025-02-20,2029,0.0
2025-02-21,2029,0.0
2025-02-24,2029,0.0
2025-02-25,2029,0.0
2025-02-26,2029,0.0
2025-02-27,2029,0.0
2025-02-28,2029,0.0
2025-03-05,2029,0.0
2025-03-06,2029,0.0
2025-03-07,2029,0.0
2025-03-10,2029,0.1
2025-03-11,2029,0.0
2025-03-12,2029,0.0
2025-03-13,2029,0.0
2025-03-14,2029,0.075
2025-03-17,2029,0.075
2025-03-18,2029,0.075
2025-03-19,2029,0.075
2025-03-20,2029,0.075
2025-03-21,2029,0.0
2025-03-24,2029,0.0
2025-03-25,2029,0.0
2025-03-26,2029,0.0
2025-03-27,2029,0.0
2025-03-28,2029,0.0
2025-03-31,2029,0.0
2025-04-01,2029,0.0
2025-04-02,2029,0.0
2025-04-03,2029,0.0
2025-04-04,2029,0.0
2025-04-07,2029,0.0
2025-04-08,2029,0.0
2025-04-09,2029,0.0
2025-04-10,2029,0.0
2025-04-11,2029,0.0
2025-04-14,2029,0.0
2025-04-15,2029,0.0
2025-04-16,2029,0.0
2025-04-17,2029,0.0
2025-04-22,2029,0.0
2025-04-23,2029,0.0
2025-04-24,2029,0.0
2025-04-25,2029,0.065
2025-04-28,2029,0.13
2025-04-29,2029,0.115
2025-04-30,2029,0.13
2025-05-02,2029,0.13
2025-05-05,2029,0.115
2025-05-06,2029,0.115
2025-05-07,2029,0.115
2025-05-08,2029,0.115
2025-05-09,2029,0.05
2025-05-12,2029,0.1
2025-05-13,2029,0.1
2025-05-14,2029,0.1
2025-05-15,2029,0.05
2025-05-16,2029,0.0
2025-05-19,2029,0.05
2025-05-20,2029,0.05
2025-05-21,2029,0.05
2025-05-22,2029,0.0
2025-05-23,2029,0.0
2025-05-26,2029,0.0
2025-05-27,2029,0.0
2025-05-28,2029,0.0
2025-05-29,2029,0.0
2025-05-30,2029,0.1
2025-06-02,2029,0.05
2025-06-03,2029,0.05
2025-06-04,2029,0.0
2025-06-05,2029,0.0
2025-06-06,2029,0.0
2025-06-09,2029,0.05
2025-06-10,2029,0.05
2025-06-11,2029,0.05
2025-06-12,2029,0.1
2025-06-13,2029,0.0
2025-06-16,2029,0.0
2025-06-17,2029,0.0
2025-06-18,2029,0.0
2025-06-20,2029,0.0
2025-06-23,2029,0.0
2025-06-24,2029,0.0
2025-06-25,2029,0.0
2025-06-26,2029,0.0
2025-06-27,2029,0.0
2025-06-30,2029,0.0
2025-07-01,2029,0.0
2025-07-02,2029,0.0
2025-07-03,2029,0.0
2025-07-04,2029,0.0
2025-07-07,2029,0.0
2025-07-08,2029,0.0
2025-07-09,2029,0.0
2025-07-10,2029,0.0
2025-07-11,2029,0.0
2025-07-14,2029,0.0
2025-07-15,2029,0.0
2025-07-16,2029,0.0
2025-07-17,2029,0.0
2025-07-18,2029,0.0
2025-07-21,2029,0.03
2025-07-22,2029,0.03
2025-07-23,2029,0.055
2025-07-24,2029,0.055
2025-07-25,2029,0.055
2025-07-28,2029,0.05
2025-07-29,2029,0.05
2025-07-30,2029,0.05
2025-07-31,2029,0.05
2025-08-01,2029,0.055
2025-08-04,2029,0.025
2025-08-05,2029,0.025
2025-08-06,2029,0.05
2025-08-07,2029,0.025
2025-08-08,2029,0.025
2025-08-11,2029,0.05
2025-08-12,2029,0.05
2025-08-13,2029,0.05
2025-08-14,2029,0.05
2025-08-15,2029,0.05
2025-08-18,2029,0.025
2025-08-19,2029,0.025
2025-08-20,2029,0.025
2025-08-21,2029,0.0
2025-08-22,2029,0.03
2025-08-25,2029,0.03
2025-08-26,2029,0.03
2025-08-27,2029,0.03
2025-08-28,2029,0.03
2025-08-29,2029,0.015
2025-09-01,2029,0.015
2025-09-02,2029,0.015
2025-09-03,2029,0.0
2025-09-04,2029,0.0
2025-09-05,2029,0.0
2025-09-08,2029,0.0
2025-09-09,2029,0.0
2025-09-10,2029,0.0
2025-09-11,2029,0.0
2025-09-12,2029,0.0
2025-09-15,2029,0.0
2025-09-16,2029,0.0
2025-09-17,2029,0.0
2025-09-18,2029,0.0
2025-09-19,2029,0.0
2025-09-22,2029,-0.08
2025-09-23,2029,-0.04
2025-09-24,2029,-0.03
2025-09-25,2029,-0.03
2025-09-26,2029,-0.03
2025-09-29,2029,-0.015
2025-09-30,2029,0.0
2025-10-01,2029,0.0
2025-10-02,2029,0.0
2025-10-03,2029,0.0
2025-10-06,2029,0.0
2025-10-07,2029,0.0
2025-10-08,2029,0.0
2025-10-09,2029,0.0
2025-10-10,2029,0.0
2025-10-13,2029,0.0
2025-10-14,2029,0.0
2025-10-15,2029,0.0
2025-10-16,2029,0.0
2025-10-17,2029,0.0
2025-10-20,2029,-0.03
2025-10-21,2029,-0.03
2025-10-22,2029,-0.015
2025-10-23,2029,0.0
2025-10-24,2029,0.0
2025-10-27,2029,0.0
2025-10-28,2029,0.0
2025-10-29,2029,0.0
2025-10-30,2029,0.0
2025-10-31,2029,0.005
2025-11-03,2029,0.005
2025-11-04,2029,0.005
2025-11-05,2029,0.005
2025-11-06,2029,0.0
2025-11-07,2029,0.005
2025-11-10,2029,0.005
2025-11-11,2029,0.0
2025-11-12,2029,0.0
2025-11-13,2029,0.0
2025-11-14,2029,0.01
2025-11-17,2029,0.01
2025-11-18,2029,0.01
2025-11-19,2029,0.01
2025-11-21,2029,0.0
2025-11-24,2029,0.0
2025-11-25,2029,0.0
2025-11-26,2029,0.0
2025-11-27,2029,0.0
2025-11-28,2029,0.0
2025-12-01,2029,0.0
2025-12-02,2029,0.0
2025-12-03,2029,0.0
2025-12-04,2029,-0.05
2025-12-05,2029,0.03
2025-12-08,2029,0.03
2025-12-09,2029,0.03
2025-12-10,2029,0.03
2025-12-11,2029,0.015
2025-12-12,2029,0.015
2025-12-15,2029,0.03
2025-12-16,2029,0.03
2025-12-17,2029,0.015
2025-12-18,2029,0.015
2025-12-19,2029,0.03
2025-12-22,2029,0.015
2025-12-23,2029,0.015
2025-12-24,2029,0.015
2025-12-26,2029,0.015
2025-12-29,2029,0.0
2025-12-30,2029,0.0
2025-12-31,2029,0.0
2026-01-02,2029,0.0
2026-01-05,2029,0.0
2026-01-06,2029,0.0
2026-01-07,2029,0.0
2026-01-08,2029,0.0
2026-01-09,2029,0.0
2026-01-12,2029,0.07
2026-01-13,2029,0.08
2026-01-14,2029,0.07
2026-01-15,2029,0.06
2026-01-16,2029,0.03
2026-01-19,2029,0.0
2026-01-20,2029,0.0
2026-01-21,2029,0.0
2026-01-22,2029,0.0
2026-01-23,2029,-0.03
2026-01-26,2029,-0.03
2026-01-27,2029,-0.03
2026-01-28,2029,-0.03
2026-01-29,2029,0.0
2026-01-30,2029,-0.03
2026-02-02,2029,-0.03
2026-02-03,2029,0.0
2026-02-04,2029,0.0
2026-02-05,2029,0.0
2026-02-06,2029,0.0
2026-02-09,2029,0.0
2026-02-10,2029,0.0
2026-02-11,2029,0.0
2026-02-12,2029,0.0
2026-02-13,2029,-0.04
2026-02-18,2029,0.0
2026-02-19,2029,0.0
2026-02-20,2029,-0.1
2026-02-23,2029,-0.1
2026-02-24,2029,-0.1
2026-02-25,2029,-0.1
2026-02-26,2029,-0.1
2026-02-27,2029,-0.1
2026-03-02,2029,-0.1
2026-03-03,2029,-0.1
2026-03-04,2029,-0.1
2026-03-05,2029,-0.1
2026-03-06,2029,-0.1
2026-03-09,2029,-0.1
2026-03-10,2029,-0.1
2026-03-11,2029,-0.1
2026-03-12,2029,-0.1
2026-03-13,2029,-0.1
2026-03-16,2029,-0.1
2026-03-17,2029,-0.1
2026-03-18,2029,-0.1
2026-03-19,2029,-0.1
2026-03-20,2029,-0.1
2026-03-23,2029,-0.1
2026-03-24,2029,-0.1
2026-03-25,2029,-0.1
2026-03-26,2029,-0.1
2026-03-27,2029,-0.1
2026-03-30,2029,-0.1
2026-03-31,2029,-0.1
2026-04-01,2029,-0.1
2026-04-02,2029,-0.1
2026-04-06,2029,-0.1
2026-04-07,2029,-0.1
2026-04-08,2029,-0.1
2026-04-09,2029,-0.1
2026-04-10,2029,-0.1
2026-04-13,2029,-0.1
2026-04-14,2029,-0.1
2026-04-15,2029,-0.1
2026-04-16,2029,-0.1
2026-04-17,2029,-0.1
2026-04-20,2029,-0.1
2026-04-22,2029,-0.1
2026-04-23,2029,-0.1
2026-04-24,2029,-0.1
2026-04-27,2029,-0.1
2026-04-28,2029,-0.1
2026-04-29,2029,-0.1
2026-04-30,2029,-0.1
2026-05-04,2029,-0.1
2026-05-05,2029,-0.1
2026-05-06,2029,-0.1
2026-05-07,2029,-0.1
2026-05-08,2029,-0.1
2026-05-11,2029,-0.1
2026-05-12,2029,-0.1
2026-05-13,2029,-0.1
2026-05-14,2029,-0.1
2026-05-15,2029,-0.1
2026-05-18,2029,-0.1
2026-05-19,2029,-0.1
2026-05-20,2029,-0.1
2026-05-21,2029,-0.1
2026-05-22,2029,-0.1
2026-05-25,2029,-0.1
2026-05-26,2029,-0.1
2026-05-27,2029,-0.1
2026-05-28,2029,-0.1
2026-05-29,2029,-0.1
2026-06-01,2029,-0.1
2026-06-02,2029,-0.1
2026-06-03,2029,-0.1
2026-06-05,2029,-0.1
2026-06-08,2029,-0.1
2026-06-09,2029,-0.1
2026-06-10,2029,-0.1
2026-06-11,2029,-0.1
2026-06-12,2029,-0.12
2021-01-29,2030,1.2
2021-02-01,2030,1.2
2021-02-02,2030,1.0
2021-02-03,2030,1.0
2021-02-04,2030,1.2
2021-02-05,2030,1.15
2021-02-08,2030,1.13
2021-02-09,2030,1.13
2021-02-10,2030,1.13
2021-02-11,2030,1.13
2021-02-12,2030,1.13
2021-02-17,2030,1.13
2021-02-18,2030,1.13
2021-02-19,2030,1.3
2021-02-22,2030,1.3
2021-02-23,2030,1.3
2021-02-24,2030,1.3
2021-02-25,2030,1.3
2021-02-26,2030,1.35
2021-03-01,2030,1.3
2021-03-02,2030,1.3
2021-03-03,2030,1.3
2021-03-04,2030,1.3
2021-03-05,2030,1.4
2021-03-08,2030,1.4
2021-03-09,2030,1.4
2021-03-10,2030,1.4
2021-03-11,2030,1.5
2021-03-12,2030,1.5
2021-03-15,2030,1.5
2021-03-16,2030,1.5
2021-03-17,2030,1.5
2021-03-18,2030,1.5
2021-03-19,2030,1.5
2021-03-22,2030,1.5
2021-03-23,2030,1.5
2021-03-24,2030,1.5
2021-03-25,2030,1.5
2021-03-26,2030,1.5
2021-03-29,2030,1.5
2021-03-30,2030,1.5
2021-03-31,2030,1.5
2021-04-01,2030,1.5
2021-04-05,2030,1.5
2021-04-06,2030,1.35
2021-04-07,2030,1.35
2021-04-08,2030,1.35
2021-04-09,2030,1.35
2021-04-12,2030,1.2
2021-04-13,2030,1.2
2021-04-14,2030,1.2
2021-04-15,2030,1.2
2021-04-16,2030,1.2
2021-04-19,2030,1.35
2021-04-20,2030,1.35
2021-04-22,2030,1.5
2021-04-23,2030,1.2
2021-04-26,2030,1.2
2021-04-27,2030,1.2
2021-04-28,2030,1.2
2021-04-29,2030,1.2
2021-04-30,2030,1.2
2021-05-03,2030,1.2
2021-05-04,2030,1.2
2021-05-05,2030,1.2
2021-05-06,2030,1.2
2021-05-07,2030,1.2
2021-05-10,2030,1.2
2021-05-11,2030,1.2
2021-05-12,2030,1.2
2021-05-13,2030,1.2
2021-05-14,2030,1.2
2021-05-17,2030,1.2
2021-05-18,2030,1.2
2021-05-19,2030,1.2
2021-05-20,2030,1.15
2021-05-21,2030,1.2
2021-05-24,2030,1.2
2021-05-25,2030,1.2
2021-05-26,2030,1.2
2021-05-27,2030,1.2
2021-05-28,2030,1.25
2021-05-31,2030,1.25
2021-06-01,2030,1.25
2021-06-02,2030,1.4
2021-06-04,2030,1.585
2021-06-07,2030,1.585
2021-06-08,2030,1.585
2021-06-09,2030,1.5
2021-06-10,2030,1.5
2021-06-11,2030,1.585
2021-06-14,2030,1.5
2021-06-15,2030,1.5
2021-06-16,2030,1.5
2021-06-17,2030,1.5
2021-06-18,2030,1.5
2021-06-21,2030,1.5
2021-06-22,2030,1.585
2021-06-23,2030,1.5
2021-06-24,2030,1.5
2021-06-25,2030,1.5
2021-06-28,2030,1.5
2021-06-29,2030,1.5
2021-06-30,2030,1.3
2021-07-01,2030,1.3
2021-07-02,2030,1.3
2021-07-05,2030,1.5
2021-07-06,2030,1.5
2021-07-07,2030,1.5
2021-07-08,2030,1.5
2021-07-09,2030,1.5
2021-07-12,2030,1.5
2021-07-13,2030,1.5
2021-07-14,2030,1.5
2021-07-15,2030,1.5
2021-07-16,2030,1.5
2021-07-19,2030,1.5
2021-07-20,2030,1.5
2021-07-21,2030,1.45
2021-07-22,2030,1.4
2021-07-23,2030,1.4
2021-07-26,2030,1.5
2021-07-27,2030,1.5
2021-07-28,2030,1.5
2021-07-29,2030,1.5
2021-07-30,2030,1.5
2021-08-02,2030,1.5
2021-08-03,2030,1.5
2021-08-04,2030,1.5
2021-08-05,2030,1.5
2021-08-06,2030,1.5
2021-08-09,2030,1.5
2021-08-10,2030,1.5
2021-08-11,2030,1.5
2021-08-12,2030,1.5
2021-08-13,2030,1.5
2021-08-16,2030,1.5
2021-08-17,2030,1.5
2021-08-18,2030,1.5
2021-08-19,2030,1.5
2021-08-20,2030,1.5
2021-08-23,2030,1.55
2021-08-24,2030,1.775
2021-08-25,2030,1.775
2021-08-26,2030,2.0
2021-08-27,2030,2.0
2021-08-30,2030,1.75
2021-08-31,2030,1.75
2021-09-01,2030,1.75
2021-09-02,2030,1.75
2021-09-03,2030,1.4
2021-09-06,2030,1.4
2021-09-08,2030,1.4
2021-09-09,2030,1.4
2021-09-10,2030,1.3
2021-09-13,2030,1.25
2021-09-14,2030,1.25
2021-09-15,2030,1.25
2021-09-16,2030,1.25
2021-09-17,2030,1.25
2021-09-20,2030,1.3
2021-09-21,2030,1.3
2021-09-22,2030,1.3
2021-09-23,2030,1.3
2021-09-24,2030,1.3
2021-09-27,2030,1.3
2021-09-28,2030,1.3
2021-09-29,2030,1.3
2021-09-30,2030,1.3
2021-10-01,2030,1.4
2021-10-04,2030,1.5
2021-10-05,2030,1.5
2021-10-06,2030,1.5
2021-10-07,2030,1.5
2021-10-08,2030,1.5
2021-10-11,2030,1.5
2021-10-13,2030,1.5
2021-10-14,2030,1.5
2021-10-15,2030,1.5
2021-10-18,2030,1.75
2021-10-19,2030,1.75
2021-10-20,2030,1.75
2021-10-21,2030,1.75
2021-10-22,2030,1.65
2021-10-25,2030,1.65
2021-10-26,2030,1.65
2021-10-27,2030,1.65
2021-10-28,2030,1.65
2021-10-29,2030,1.65
2021-11-01,2030,1.65
2021-11-03,2030,1.65
2021-11-04,2030,1.65
2021-11-05,2030,1.7
2021-11-08,2030,1.7
2021-11-09,2030,1.7
2021-11-10,2030,1.75
2021-11-11,2030,1.75
2021-11-12,2030,1.75
2021-11-16,2030,1.7
2021-11-17,2030,1.7
2021-11-18,2030,1.7
2021-11-19,2030,1.6
2021-11-22,2030,1.5
2021-11-23,2030,1.5
2021-11-24,2030,1.5
2021-11-25,2030,1.5
2021-11-26,2030,1.5
2021-11-29,2030,1.5
2021-11-30,2030,1.5
2021-12-01,2030,1.5
2021-12-02,2030,1.5
2021-12-03,2030,1.4
2021-12-06,2030,1.2
2021-12-07,2030,1.0
2021-12-08,2030,1.1
2021-12-09,2030,1.1
2021-12-10,2030,1.1
2021-12-13,2030,1.0
2021-12-14,2030,1.0
2021-12-15,2030,1.0
2021-12-16,2030,1.0
2021-12-17,2030,1.0
2021-12-20,2030,1.0
2021-12-21,2030,1.0
2021-12-22,2030,1.0
2021-12-23,2030,1.0
2021-12-24,2030,1.0
2021-12-27,2030,1.0
2021-12-28,2030,1.0
2021-12-29,2030,1.0
2021-12-30,2030,1.0
2021-12-31,2030,1.0
2022-01-03,2030,1.0
2022-01-04,2030,1.05
2022-01-05,2030,1.05
2022-01-06,2030,1.05
2022-01-07,2030,1.1
2022-01-10,2030,1.1
2022-01-11,2030,1.1
2022-01-12,2030,1.1
2022-01-13,2030,1.1
2022-01-14,2030,1.2
2022-01-17,2030,1.2
2022-01-18,2030,1.2
2022-01-19,2030,1.2
2022-01-20,2030,1.2
2022-01-21,2030,1.2
2022-01-24,2030,1.5
2022-01-25,2030,1.5
2022-01-26,2030,1.5
2022-01-27,2030,1.5
2022-01-28,2030,1.35
2022-01-31,2030,1.2
2022-02-01,2030,1.2
2022-02-02,2030,1.2
2022-02-03,2030,1.15
2022-02-04,2030,1.1
2022-02-07,2030,1.15
2022-02-08,2030,1.15
2022-02-09,2030,1.15
2022-02-10,2030,1.26
2022-02-11,2030,1.21
2022-02-14,2030,1.32
2022-02-15,2030,1.32
2022-02-16,2030,1.26
2022-02-17,2030,1.26
2022-02-18,2030,1.32
2022-02-21,2030,1.5
2022-02-22,2030,1.5
2022-02-23,2030,1.5
2022-02-24,2030,1.5
2022-02-25,2030,1.5
2022-03-02,2030,1.5
2022-03-03,2030,1.5
2022-03-04,2030,1.5
2022-03-07,2030,1.5
2022-03-08,2030,1.5
2022-03-09,2030,1.5
2022-03-10,2030,1.5
2022-03-11,2030,1.5
2022-03-14,2030,1.5
2022-03-15,2030,1.5
2022-03-16,2030,1.5
2022-03-17,2030,1.5
2022-03-18,2030,1.5
2022-03-21,2030,1.5
2022-03-22,2030,1.5
2022-03-23,2030,1.5
2022-03-24,2030,1.5
2022-03-25,2030,1.465
2022-03-28,2030,1.5
2022-03-29,2030,1.5
2022-03-30,2030,1.5
2022-03-31,2030,1.5
2022-04-01,2030,1.45
2022-04-04,2030,1.5
2022-04-05,2030,1.45
2022-04-06,2030,1.45
2022-04-07,2030,1.45
2022-04-08,2030,1.495
2022-04-11,2030,1.49
2022-04-12,2030,1.49
2022-04-13,2030,1.49
2022-04-14,2030,1.29
2022-04-18,2030,1.29
2022-04-19,2030,1.29
2022-04-20,2030,1.29
2022-04-22,2030,1.295
2022-04-25,2030,1.2
2022-04-26,2030,1.2
2022-04-27,2030,1.2
2022-04-28,2030,1.2
2022-04-29,2030,1.2
2022-05-02,2030,1.2
2022-05-03,2030,1.2
2022-05-04,2030,1.2
2022-05-05,2030,1.2
2022-05-06,2030,1.2
2022-05-09,2030,1.2
2022-05-10,2030,1.2
2022-05-11,2030,1.2
2022-05-12,2030,1.2
2022-05-13,2030,1.2
2022-05-16,2030,1.2
2022-05-17,2030,1.2
2022-05-18,2030,1.2
2022-05-19,2030,1.2
2022-05-20,2030,1.1
2022-05-23,2030,1.1
2022-05-24,2030,1.1
2022-05-25,2030,1.1
2022-05-26,2030,1.1
2022-05-27,2030,1.1
2022-05-30,2030,1.25
2022-05-31,2030,1.25
2022-06-01,2030,1.25
2022-06-02,2030,1.25
2022-06-03,2030,1.25
2022-06-06,2030,1.2
2022-06-07,2030,1.2
2022-06-08,2030,1.2
2022-06-09,2030,1.2
2022-06-10,2030,1.1
2022-06-13,2030,1.0
2022-06-14,2030,1.0
2022-06-15,2030,1.0
2022-06-17,2030,1.0
2022-06-20,2030,0.95
2022-06-21,2030,0.95
2022-06-22,2030,0.95
2022-06-23,2030,0.95
2022-06-24,2030,0.9
2022-06-27,2030,0.9
2022-06-28,2030,0.9
2022-06-29,2030,0.9
2022-06-30,2030,0.9
2022-07-01,2030,0.9
2022-07-04,2030,0.9
2022-07-05,2030,0.9
2022-07-06,2030,0.9
2022-07-07,2030,0.9
2022-07-08,2030,0.9
2022-07-11,2030,0.65
2022-07-12,2030,0.8
2022-07-13,2030,0.8
2022-07-14,2030,1.25
2022-07-15,2030,1.15
2022-07-18,2030,1.5
2022-07-19,2030,1.5
2022-07-20,2030,1.5
2022-07-21,2030,1.5
2022-07-22,2030,0.96
2022-07-25,2030,0.96
2022-07-26,2030,0.96
2022-07-27,2030,0.96
2022-07-28,2030,0.96
2022-07-29,2030,0.92
2022-08-01,2030,0.92
2022-08-02,2030,0.92
2022-08-03,2030,0.92
2022-08-04,2030,0.92
2022-08-05,2030,0.92
2022-08-08,2030,0.92
2022-08-09,2030,0.92
2022-08-10,2030,0.92
2022-08-11,2030,0.96
2022-08-12,2030,0.96
2022-08-15,2030,0.96
2022-08-16,2030,0.96
2022-08-17,2030,0.96
2022-08-18,2030,0.95
2022-08-19,2030,0.95
2022-08-22,2030,1.0
2022-08-23,2030,1.0
2022-08-24,2030,1.0
2022-08-25,2030,1.0
2022-08-26,2030,1.0
2022-08-29,2030,1.0
2022-08-30,2030,1.0
2022-08-31,2030,1.0
2022-09-01,2030,1.0
2022-09-02,2030,0.945
2022-09-05,2030,0.945
2022-09-06,2030,0.945
2022-09-08,2030,0.89
2022-09-09,2030,0.89
2022-09-12,2030,0.695
2022-09-13,2030,0.695
2022-09-14,2030,0.89
2022-09-15,2030,0.89
2022-09-16,2030,0.945
2022-09-19,2030,0.8
2022-09-20,2030,0.8
2022-09-21,2030,0.8
2022-09-22,2030,0.8
2022-09-23,2030,0.65
2022-09-26,2030,0.65
2022-09-27,2030,0.65
2022-09-28,2030,0.65
2022-09-29,2030,0.65
2022-09-30,2030,0.65
2022-10-03,2030,0.9
2022-10-04,2030,0.9
2022-10-05,2030,0.9
2022-10-06,2030,0.9
2022-10-07,2030,0.9
2022-10-10,2030,0.9
2022-10-11,2030,0.9
2022-10-13,2030,0.9
2022-10-14,2030,1.0
2022-10-17,2030,1.0
2022-10-18,2030,1.0
2022-10-19,2030,1.0
2022-10-20,2030,1.0
2022-10-21,2030,1.0
2022-10-24,2030,1.0
2022-10-25,2030,1.0
2022-10-26,2030,1.0
2022-10-27,2030,1.0
2022-10-28,2030,1.0
2022-10-31,2030,1.09
2022-11-01,2030,1.09
2022-11-03,2030,1.18
2022-11-04,2030,1.09
2022-11-07,2030,1.09
2022-11-08,2030,1.09
2022-11-09,2030,1.09
2022-11-10,2030,1.09
2022-11-11,2030,1.09
2022-11-14,2030,1.09
2022-11-16,2030,1.09
2022-11-17,2030,1.0
2022-11-18,2030,0.845
2022-11-21,2030,0.845
2022-11-22,2030,0.89
2022-11-23,2030,0.89
2022-11-24,2030,0.945
2022-11-25,2030,0.945
2022-11-28,2030,0.945
2022-11-29,2030,0.945
2022-11-30,2030,0.945
2022-12-01,2030,0.945
2022-12-02,2030,0.845
2022-12-05,2030,0.8
2022-12-06,2030,0.8
2022-12-07,2030,0.8
2022-12-08,2030,0.8
2022-12-09,2030,0.8
2022-12-12,2030,0.8
2022-12-13,2030,0.8
2022-12-14,2030,0.8
2022-12-15,2030,0.65
2022-12-16,2030,0.8
2022-12-19,2030,0.95
2022-12-20,2030,0.95
2022-12-21,2030,0.9
2022-12-22,2030,0.9
2022-12-23,2030,0.9
2022-12-26,2030,0.7
2022-12-27,2030,0.7
2022-12-28,2030,0.7
2022-12-29,2030,0.7
2022-12-30,2030,0.9
2023-01-02,2030,0.6
2023-01-03,2030,0.6
2023-01-04,2030,0.6
2023-01-05,2030,0.95
2023-01-06,2030,0.95
2023-01-09,2030,0.95
2023-01-10,2030,0.95
2023-01-11,2030,0.95
2023-01-12,2030,0.95
2023-01-13,2030,0.95
2023-01-16,2030,0.9
2023-01-17,2030,0.9
2023-01-18,2030,0.9
2023-01-19,2030,0.9
2023-01-20,2030,0.545
2023-01-23,2030,0.545
2023-01-24,2030,0.545
2023-01-25,2030,0.545
2023-01-26,2030,0.545
2023-01-27,2030,0.59
2023-01-30,2030,0.59
2023-01-31,2030,0.59
2023-02-01,2030,0.59
2023-02-02,2030,0.59
2023-02-03,2030,0.59
2023-02-06,2030,0.545
2023-02-07,2030,0.5
2023-02-08,2030,0.5
2023-02-09,2030,0.5
2023-02-10,2030,0.5
2023-02-13,2030,0.5
2023-02-14,2030,0.5
2023-02-15,2030,0.5
2023-02-16,2030,0.5
2023-02-17,2030,0.545
2023-02-22,2030,0.545
2023-02-23,2030,0.545
2023-02-24,2030,0.545
2023-02-27,2030,0.5
2023-02-28,2030,0.5
2023-03-01,2030,0.5
2023-03-02,2030,0.5
2023-03-03,2030,0.5
2023-03-06,2030,0.5
2023-03-07,2030,0.5
2023-03-08,2030,0.5
2023-03-09,2030,0.5
2023-03-10,2030,0.5
2023-03-13,2030,0.02
2023-03-14,2030,0.01
2023-03-15,2030,0.01
2023-03-16,2030,0.01
2023-03-17,2030,0.02
2023-03-20,2030,0.02
2023-03-21,2030,0.02
2023-03-22,2030,0.02
2023-03-23,2030,0.02
2023-03-24,2030,0.02
2023-03-27,2030,0.02
2023-03-28,2030,0.02
2023-03-29,2030,0.02
2023-03-30,2030,0.02
2023-03-31,2030,0.02
2023-04-03,2030,0.02
2023-04-04,2030,0.02
2023-04-05,2030,0.02
2023-04-06,2030,0.26
2023-04-10,2030,0.5
2023-04-11,2030,0.5
2023-04-12,2030,0.55
2023-04-13,2030,0.55
2023-04-14,2030,0.6
2023-04-17,2030,0.55
2023-04-18,2030,0.55
2023-04-19,2030,0.55
2023-04-20,2030,0.7
2023-04-24,2030,0.7
2023-04-25,2030,0.7
2023-04-26,2030,0.7
2023-04-27,2030,0.7
2023-04-28,2030,0.8
2023-05-02,2030,0.8
2023-05-03,2030,0.85
2023-05-04,2030,0.85
2023-05-05,2030,0.9
2023-05-08,2030,0.9
2023-05-09,2030,0.9
2023-05-10,2030,0.9
2023-05-11,2030,0.9
2023-05-12,2030,0.9
2023-05-15,2030,0.9
2023-05-16,2030,0.9
2023-05-17,2030,0.9
2023-05-18,2030,0.9
2023-05-19,2030,0.9
2023-05-22,2030,0.9
2023-05-23,2030,0.9
2023-05-24,2030,0.9
2023-05-25,2030,0.9
2023-05-26,2030,0.9
2023-05-29,2030,0.85
2023-05-30,2030,0.85
2023-05-31,2030,0.85
2023-06-01,2030,0.85
2023-06-02,2030,0.85
2023-06-05,2030,0.8
2023-06-06,2030,0.8
2023-06-07,2030,0.8
2023-06-09,2030,0.8
2023-06-12,2030,0.85
2023-06-13,2030,0.85
2023-06-14,2030,0.85
2023-06-15,2030,0.8
2023-06-16,2030,0.8
2023-06-19,2030,0.8
2023-06-20,2030,0.8
2023-06-21,2030,0.8
2023-06-22,2030,0.8
2023-06-23,2030,0.75
2023-06-26,2030,0.75
2023-06-27,2030,0.75
2023-06-28,2030,0.75
2023-06-29,2030,0.75
2023-06-30,2030,0.75
2023-07-03,2030,0.75
2023-07-04,2030,0.75
2023-07-05,2030,0.75
2023-07-06,2030,0.7
2023-07-07,2030,0.7
2023-07-10,2030,0.7
2023-07-11,2030,0.7
2023-07-12,2030,0.7
2023-07-13,2030,0.7
2023-07-14,2030,0.7
2023-07-17,2030,0.7
2023-07-18,2030,0.7
2023-07-19,2030,0.75
2023-07-20,2030,0.8
2023-07-21,2030,0.75
2023-07-24,2030,0.8
2023-07-25,2030,0.8
2023-07-26,2030,0.8
2023-07-27,2030,0.8
2023-07-28,2030,0.7
2023-07-31,2030,0.6
2023-08-01,2030,0.6
2023-08-02,2030,0.6
2023-08-03,2030,0.6
2023-08-04,2030,0.6
2023-08-07,2030,0.6
2023-08-08,2030,0.6
2023-08-09,2030,0.6
2023-08-10,2030,0.6
2023-08-11,2030,0.7
2023-08-14,2030,0.7
2023-08-15,2030,0.7
2023-08-16,2030,0.65
2023-08-17,2030,0.65
2023-08-18,2030,0.65
2023-08-21,2030,0.5
2023-08-22,2030,0.5
2023-08-23,2030,0.5
2023-08-24,2030,0.5
2023-08-25,2030,0.5
2023-08-28,2030,0.65
2023-08-29,2030,0.6
2023-08-30,2030,0.6
2023-08-31,2030,0.6
2023-09-01,2030,0.6
2023-09-04,2030,0.6
2023-09-05,2030,0.6
2023-09-06,2030,0.6
2023-09-08,2030,0.6
2023-09-11,2030,0.6
2023-09-12,2030,0.6
2023-09-13,2030,0.6
2023-09-14,2030,0.6
2023-09-15,2030,0.6
2023-09-18,2030,0.6
2023-09-19,2030,0.6
2023-09-20,2030,0.6
2023-09-21,2030,0.6
2023-09-22,2030,0.6
2023-09-25,2030,0.6
2023-09-26,2030,0.6
2023-09-27,2030,0.6
2023-09-28,2030,0.6
2023-09-29,2030,0.5
2023-10-02,2030,0.5
2023-10-03,2030,0.5
2023-10-04,2030,0.5
2023-10-05,2030,0.5
2023-10-06,2030,0.5
2023-10-09,2030,0.5
2023-10-10,2030,0.5
2023-10-11,2030,0.5
2023-10-13,2030,0.25
2023-10-16,2030,0.125
2023-10-17,2030,0.25
2023-10-18,2030,0.25
2023-10-19,2030,0.375
2023-10-20,2030,0.5
2023-10-23,2030,0.5
2023-10-24,2030,0.5
2023-10-25,2030,0.5
2023-10-26,2030,0.5
2023-10-27,2030,0.25
2023-10-30,2030,0.4
2023-10-31,2030,0.4
2023-11-01,2030,0.4
2023-11-03,2030,0.25
2023-11-06,2030,0.325
2023-11-07,2030,0.325
2023-11-08,2030,0.325
2023-11-09,2030,0.325
2023-11-10,2030,0.325
2023-11-13,2030,0.5
2023-11-14,2030,0.5
2023-11-16,2030,0.5
2023-11-17,2030,0.45
2023-11-20,2030,0.2
2023-11-21,2030,0.2
2023-11-22,2030,0.2
2023-11-23,2030,0.2
2023-11-24,2030,0.0
2023-11-27,2030,0.0
2023-11-28,2030,0.0
2023-11-29,2030,0.0
2023-11-30,2030,-0.055
2023-12-01,2030,-0.055
2023-12-04,2030,0.0
2023-12-05,2030,0.0
2023-12-06,2030,0.05
2023-12-07,2030,0.05
2023-12-08,2030,0.1
2023-12-11,2030,0.3
2023-12-12,2030,0.3
2023-12-13,2030,0.3
2023-12-14,2030,0.3
2023-12-15,2030,0.2
2023-12-18,2030,0.2
2023-12-19,2030,0.2
2023-12-20,2030,0.15
2023-12-21,2030,0.15
2023-12-22,2030,0.3
2023-12-26,2030,0.35
2023-12-27,2030,0.35
2023-12-28,2030,0.35
2023-12-29,2030,0.35
2024-01-02,2030,0.35
2024-01-03,2030,0.35
2024-01-04,2030,0.35
2024-01-05,2030,0.35
2024-01-08,2030,0.3
2024-01-09,2030,0.3
2024-01-10,2030,0.2
2024-01-11,2030,0.2
2024-01-12,2030,0.2
2024-01-15,2030,0.15
2024-01-16,2030,0.15
2024-01-17,2030,0.2
2024-01-18,2030,0.2
2024-01-19,2030,0.3
2024-01-22,2030,0.2
2024-01-23,2030,0.2
2024-01-24,2030,0.2
2024-01-25,2030,0.2
2024-01-26,2030,0.2
2024-01-29,2030,0.2
2024-01-30,2030,0.2
2024-01-31,2030,0.2
2024-02-01,2030,0.2
2024-02-02,2030,0.2
2024-02-05,2030,0.2
2024-02-06,2030,0.2
2024-02-07,2030,0.2
2024-02-08,2030,0.2
2024-02-09,2030,0.2
2024-02-14,2030,0.2
2024-02-15,2030,0.2
2024-02-16,2030,0.2
2024-02-19,2030,0.2
2024-02-20,2030,0.2
2024-02-21,2030,0.2
2024-02-22,2030,0.2
2024-02-23,2030,0.2
2024-02-26,2030,0.3
2024-02-27,2030,0.2
2024-02-28,2030,0.2
2024-02-29,2030,0.2
2024-03-01,2030,0.2
2024-03-04,2030,0.2
2024-03-05,2030,0.2
2024-03-06,2030,0.2
2024-03-07,2030,0.2
2024-03-08,2030,0.2
2024-03-11,2030,0.3
2024-03-12,2030,0.3
2024-03-13,2030,0.3
2024-03-14,2030,0.3
2024-03-15,2030,0.2
2024-03-18,2030,0.2
2024-03-19,2030,0.2
2024-03-20,2030,0.2
2024-03-21,2030,0.2
2024-03-22,2030,0.2
2024-03-25,2030,0.2
2024-03-26,2030,0.2
2024-03-27,2030,0.3
2024-03-28,2030,0.3
2024-04-01,2030,0.2
2024-04-02,2030,0.2
2024-04-03,2030,0.2
2024-04-04,2030,0.2
2024-04-05,2030,0.2
2024-04-08,2030,0.2
2024-04-09,2030,0.2
2024-04-10,2030,0.2
2024-04-11,2030,0.2
2024-04-12,2030,0.3
2024-04-15,2030,0.3
2024-04-16,2030,0.3
2024-04-17,2030,0.3
2024-04-18,2030,0.3
2024-04-19,2030,0.35
2024-04-22,2030,0.35
2024-04-23,2030,0.35
2024-04-24,2030,0.35
2024-04-25,2030,0.3
2024-04-26,2030,0.3
2024-04-29,2030,0.3
2024-04-30,2030,0.3
2024-05-02,2030,0.3
2024-05-03,2030,0.275
2024-05-06,2030,0.3
2024-05-07,2030,0.3
2024-05-08,2030,0.3
2024-05-09,2030,0.3
2024-05-10,2030,0.4
2024-05-13,2030,0.25
2024-05-14,2030,0.225
2024-05-15,2030,0.225
2024-05-16,2030,0.225
2024-05-17,2030,0.225
2024-05-20,2030,0.2
2024-05-21,2030,0.2
2024-05-22,2030,0.2
2024-05-23,2030,0.35
2024-05-24,2030,0.5
2024-05-27,2030,0.5
2024-05-28,2030,0.5
2024-05-29,2030,0.5
2024-05-31,2030,0.5
2024-06-03,2030,0.35
2024-06-04,2030,0.35
2024-06-05,2030,0.35
2024-06-06,2030,0.35
2024-06-07,2030,0.35
2024-06-10,2030,0.35
2024-06-11,2030,0.2
2024-06-12,2030,0.2
2024-06-13,2030,0.35
2024-06-14,2030,0.15
2024-06-17,2030,0.1
2024-06-18,2030,0.1
2024-06-19,2030,0.125
2024-06-20,2030,0.1
2024-06-21,2030,0.15
2024-06-24,2030,0.125
2024-06-25,2030,0.125
2024-06-26,2030,0.125
2024-06-27,2030,0.1
2024-06-28,2030,0.1
2024-07-01,2030,0.1
2024-07-02,2030,0.1
2024-07-03,2030,0.1
2024-07-04,2030,0.1
2024-07-05,2030,0.125
2024-07-08,2030,0.1
2024-07-09,2030,0.125
2024-07-10,2030,0.125
2024-07-11,2030,0.1
2024-07-12,2030,0.125
2024-07-15,2030,0.15
2024-07-16,2030,0.125
2024-07-17,2030,0.125
2024-07-18,2030,0.1
2024-07-19,2030,0.16
2024-07-22,2030,0.275
2024-07-23,2030,0.275
2024-07-24,2030,0.275
2024-07-25,2030,0.15
2024-07-26,2030,0.15
2024-07-29,2030,0.4
2024-07-30,2030,0.4
2024-07-31,2030,0.4
2024-08-01,2030,0.4
2024-08-02,2030,0.4
2024-08-05,2030,0.4
2024-08-06,2030,0.4
2024-08-07,2030,0.4
2024-08-08,2030,0.4
2024-08-09,2030,0.275
2024-08-12,2030,0.15
2024-08-13,2030,0.15
2024-08-14,2030,0.15
2024-08-15,2030,0.15
2024-08-16,2030,0.15
2024-08-19,2030,0.155
2024-08-20,2030,0.16
2024-08-21,2030,0.16
2024-08-22,2030,0.05
2024-08-23,2030,0.16
2024-08-26,2030,0.16
2024-08-27,2030,0.16
2024-08-28,2030,0.16
2024-08-29,2030,0.16
2024-08-30,2030,0.05
2024-09-02,2030,0.05
2024-09-03,2030,0.05
2024-09-04,2030,0.05
2024-09-05,2030,0.025
2024-09-06,2030,0.025
2024-09-09,2030,0.05
2024-09-10,2030,0.105
2024-09-11,2030,0.105
2024-09-12,2030,0.24
2024-09-13,2030,0.4
2024-09-16,2030,0.4
2024-09-17,2030,0.4
2024-09-18,2030,0.4
2024-09-19,2030,0.4
2024-09-20,2030,0.4
2024-09-23,2030,0.4
2024-09-24,2030,0.4
2024-09-25,2030,0.4
2024-09-26,2030,0.4
2024-09-27,2030,0.4
2024-09-30,2030,0.4
2024-10-01,2030,0.4
2024-10-02,2030,0.4
2024-10-03,2030,0.4
2024-10-04,2030,0.4
2024-10-07,2030,0.4
2024-10-08,2030,0.4
2024-10-09,2030,0.4
2024-10-10,2030,0.3
2024-10-11,2030,0.3
2024-10-14,2030,0.105
2024-10-15,2030,0.105
2024-10-16,2030,0.105
2024-10-17,2030,0.105
2024-10-18,2030,0.18
2024-10-21,2030,0.18
2024-10-22,2030,0.18
2024-10-23,2030,0.18
2024-10-24,2030,0.18
2024-10-25,2030,0.18
2024-10-28,2030,0.18
2024-10-29,2030,0.18
2024-10-30,2030,0.18
2024-10-31,2030,0.18
2024-11-01,2030,0.2
2024-11-04,2030,0.2
2024-11-05,2030,0.2
2024-11-06,2030,0.2
2024-11-07,2030,0.2
2024-11-08,2030,0.2
2024-11-11,2030,0.2
2024-11-12,2030,0.2
2024-11-13,2030,0.2
2024-11-14,2030,0.18
2024-11-18,2030,0.05
2024-11-19,2030,0.05
2024-11-21,2030,0.05
2024-11-22,2030,0.2
2024-11-25,2030,0.2
2024-11-26,2030,0.2
2024-11-27,2030,0.2
2024-11-28,2030,0.2
2024-11-29,2030,0.21
2024-12-02,2030,0.3
2024-12-03,2030,0.3
2024-12-04,2030,0.3
2024-12-05,2030,0.22
2024-12-06,2030,0.45
2024-12-09,2030,0.45
2024-12-10,2030,0.45
2024-12-11,2030,0.45
2024-12-12,2030,0.4
2024-12-13,2030,0.4
2024-12-16,2030,0.4
2024-12-17,2030,0.4
2024-12-18,2030,0.4
2024-12-19,2030,0.4
2024-12-20,2030,0.4
2024-12-23,2030,0.175
2024-12-24,2030,0.175
2024-12-26,2030,0.175
2024-12-27,2030,0.175
2024-12-30,2030,0.175
2024-12-31,2030,0.175
2025-01-02,2030,0.175
2025-01-03,2030,0.1
2025-01-06,2030,0.075
2025-01-07,2030,0.05
2025-01-08,2030,0.05
2025-01-09,2030,0.05
2025-01-10,2030,0.075
2025-01-13,2030,0.1001
2025-01-14,2030,0.1001
2025-01-15,2030,0.1001
2025-01-16,2030,0.1001
2025-01-17,2030,0.1001
2025-01-20,2030,0.1001
2025-01-21,2030,0.1001
2025-01-22,2030,0.1001
2025-01-23,2030,0.1001
2025-01-24,2030,0.1
2025-01-27,2030,0.1
2025-01-28,2030,0.1
2025-01-29,2030,0.1
2025-01-30,2030,0.1
2025-01-31,2030,0.1
2025-02-03,2030,0.1501
2025-02-04,2030,0.1001
2025-02-05,2030,0.1001
2025-02-06,2030,0.1001
2025-02-07,2030,0.15
2025-02-10,2030,0.125
2025-02-11,2030,0.15
2025-02-12,2030,0.15
2025-02-13,2030,0.15
2025-02-14,2030,0.15
2025-02-17,2030,0.125
2025-02-18,2030,0.125
2025-02-19,2030,0.125
2025-02-20,2030,0.15
2025-02-21,2030,0.175
2025-02-24,2030,0.125
2025-02-25,2030,0.125
2025-02-26,2030,0.15
2025-02-27,2030,0.15
2025-02-28,2030,0.15
2025-03-05,2030,0.15
2025-03-06,2030,0.125
2025-03-07,2030,0.15
2025-03-10,2030,0.275
2025-03-11,2030,0.2
2025-03-12,2030,0.2
2025-03-13,2030,0.2
2025-03-14,2030,0.2
2025-03-17,2030,0.2
2025-03-18,2030,0.2
2025-03-19,2030,0.2
2025-03-20,2030,0.2
2025-03-21,2030,0.2
2025-03-24,2030,0.2
2025-03-25,2030,0.2
2025-03-26,2030,0.2
2025-03-27,2030,0.2
2025-03-28,2030,0.2
2025-03-31,2030,0.2
2025-04-01,2030,0.2
2025-04-02,2030,0.2
2025-04-03,2030,0.2
2025-04-04,2030,0.2
2025-04-07,2030,0.2
2025-04-08,2030,0.2
2025-04-09,2030,0.2
2025-04-10,2030,0.2
2025-04-11,2030,0.2
2025-04-14,2030,0.2
2025-04-15,2030,0.2
2025-04-16,2030,0.2
2025-04-17,2030,0.2
2025-04-22,2030,0.2
2025-04-23,2030,0.2
2025-04-24,2030,0.2
2025-04-25,2030,0.2
2025-04-28,2030,0.3
2025-04-29,2030,0.3
2025-04-30,2030,0.35
2025-05-02,2030,0.35
2025-05-05,2030,0.3
2025-05-06,2030,0.3
2025-05-07,2030,0.3
2025-05-08,2030,0.3
2025-05-09,2030,0.3
2025-05-12,2030,0.3
2025-05-13,2030,0.3
2025-05-14,2030,0.3
2025-05-15,2030,0.25
2025-05-16,2030,0.2
2025-05-19,2030,0.25
2025-05-20,2030,0.25
2025-05-21,2030,0.25
2025-05-22,2030,0.25
2025-05-23,2030,0.3
2025-05-26,2030,0.3
2025-05-27,2030,0.3
2025-05-28,2030,0.3
2025-05-29,2030,0.3
2025-05-30,2030,0.275
2025-06-02,2030,0.25
2025-06-03,2030,0.25
2025-06-04,2030,0.225
2025-06-05,2030,0.2
2025-06-06,2030,0.2
2025-06-09,2030,0.225
2025-06-10,2030,0.225
2025-06-11,2030,0.225
2025-06-12,2030,0.25
2025-06-13,2030,0.2
2025-06-16,2030,0.205
2025-06-17,2030,0.205
2025-06-18,2030,0.205
2025-06-20,2030,0.205
2025-06-23,2030,0.2
2025-06-24,2030,0.2
2025-06-25,2030,0.2
2025-06-26,2030,0.2
2025-06-27,2030,0.2
2025-06-30,2030,0.205
2025-07-01,2030,0.205
2025-07-02,2030,0.205
2025-07-03,2030,0.205
2025-07-04,2030,0.205
2025-07-07,2030,0.21
2025-07-08,2030,0.21
2025-07-09,2030,0.255
2025-07-10,2030,0.255
2025-07-11,2030,0.255
2025-07-14,2030,0.255
2025-07-15,2030,0.255
2025-07-16,2030,0.255
2025-07-17,2030,0.21
2025-07-18,2030,0.3
2025-07-21,2030,0.3
2025-07-22,2030,0.3
2025-07-23,2030,0.3
2025-07-24,2030,0.3
2025-07-25,2030,0.3
2025-07-28,2030,0.3
2025-07-29,2030,0.3
2025-07-30,2030,0.3
2025-07-31,2030,0.3
2025-08-01,2030,0.3
2025-08-04,2030,0.3
2025-08-05,2030,0.3
2025-08-06,2030,0.3
2025-08-07,2030,0.3
2025-08-08,2030,0.3
2025-08-11,2030,0.3
2025-08-12,2030,0.3
2025-08-13,2030,0.3
2025-08-14,2030,0.3
2025-08-15,2030,0.3
2025-08-18,2030,0.165
2025-08-19,2030,0.165
2025-08-20,2030,0.165
2025-08-21,2030,0.13
2025-08-22,2030,0.13
2025-08-25,2030,0.165
2025-08-26,2030,0.165
2025-08-27,2030,0.165
2025-08-28,2030,0.165
2025-08-29,2030,0.13
2025-09-01,2030,0.13
2025-09-02,2030,0.13
2025-09-03,2030,0.115
2025-09-04,2030,0.1
2025-09-05,2030,0.1
2025-09-08,2030,0.1
2025-09-09,2030,0.1
2025-09-10,2030,0.1
2025-09-11,2030,0.095
2025-09-12,2030,0.1
2025-09-15,2030,0.1
2025-09-16,2030,0.1
2025-09-17,2030,0.1
2025-09-18,2030,0.09
2025-09-19,2030,0.095
2025-09-22,2030,0.1
2025-09-23,2030,0.1
2025-09-24,2030,0.1
2025-09-25,2030,0.1
2025-09-26,2030,0.1
2025-09-29,2030,0.12
2025-09-30,2030,0.14
2025-10-01,2030,0.14
2025-10-02,2030,0.165
2025-10-03,2030,0.165
2025-10-06,2030,0.165
2025-10-07,2030,0.165
2025-10-08,2030,0.165
2025-10-09,2030,0.165
2025-10-10,2030,0.165
2025-10-13,2030,0.2
2025-10-14,2030,0.2
2025-10-15,2030,0.2
2025-10-16,2030,0.2
2025-10-17,2030,0.195
2025-10-20,2030,0.19
2025-10-21,2030,0.19
2025-10-22,2030,0.195
2025-10-23,2030,0.2
2025-10-24,2030,0.2
2025-10-27,2030,0.2
2025-10-28,2030,0.2
2025-10-29,2030,0.2
2025-10-30,2030,0.2
2025-10-31,2030,0.2
2025-11-03,2030,0.2
2025-11-04,2030,0.2
2025-11-05,2030,0.2
2025-11-06,2030,0.2
2025-11-07,2030,0.2
2025-11-10,2030,0.2
2025-11-11,2030,0.2
2025-11-12,2030,0.2
2025-11-13,2030,0.2
2025-11-14,2030,0.2
2025-11-17,2030,0.2
2025-11-18,2030,0.2
2025-11-19,2030,0.2
2025-11-21,2030,0.2
2025-11-24,2030,0.15
2025-11-25,2030,0.2
2025-11-26,2030,0.2
2025-11-27,2030,0.2
2025-11-28,2030,0.2
2025-12-01,2030,0.2
2025-12-02,2030,0.2
2025-12-03,2030,0.2
2025-12-04,2030,0.15
2025-12-05,2030,0.2
2025-12-08,2030,0.2
2025-12-09,2030,0.2
2025-12-10,2030,0.2
2025-12-11,2030,0.2
2025-12-12,2030,0.2
2025-12-15,2030,0.2
2025-12-16,2030,0.2
2025-12-17,2030,0.2
2025-12-18,2030,0.2
2025-12-19,2030,0.2
2025-12-22,2030,0.2
2025-12-23,2030,0.2
2025-12-24,2030,0.2
2025-12-26,2030,0.2
2025-12-29,2030,0.15
2025-12-30,2030,0.15
2025-12-31,2030,0.15
2026-01-02,2030,0.15
2026-01-05,2030,0.2
2026-01-06,2030,0.2
2026-01-07,2030,0.2
2026-01-08,2030,0.2
2026-01-09,2030,0.2
2026-01-12,2030,0.2
2026-01-13,2030,0.22
2026-01-14,2030,0.2
2026-01-15,2030,0.2
2026-01-16,2030,0.2
2026-01-19,2030,0.15
2026-01-20,2030,0.125
2026-01-21,2030,0.125
2026-01-22,2030,0.15
2026-01-23,2030,0.05
2026-01-26,2030,0.05
2026-01-27,2030,0.05
2026-01-28,2030,0.05
2026-01-29,2030,0.1
2026-01-30,2030,0.05
2026-02-02,2030,0.05
2026-02-03,2030,0.0
2026-02-04,2030,0.0
2026-02-05,2030,0.0
2026-02-06,2030,0.0
2026-02-09,2030,0.0
2026-02-10,2030,0.0
2026-02-11,2030,0.0
2026-02-12,2030,0.0
2026-02-13,2030,0.0
2026-02-18,2030,0.0
2026-02-19,2030,0.0
2026-02-20,2030,0.0
2026-02-23,2030,0.0
2026-02-24,2030,0.0
2026-02-25,2030,0.0
2026-02-26,2030,0.0
2026-02-27,2030,0.0
2026-03-02,2030,0.0
2026-03-03,2030,0.0
2026-03-04,2030,0.0
2026-03-05,2030,0.0
2026-03-06,2030,0.0
2026-03-09,2030,0.0
2026-03-10,2030,0.0
2026-03-11,2030,0.0
2026-03-12,2030,0.0
2026-03-13,2030,0.0
2026-03-16,2030,0.0
2026-03-17,2030,0.0
2026-03-18,2030,0.0
2026-03-19,2030,0.0
2026-03-20,2030,0.0
2026-03-23,2030,0.0
2026-03-24,2030,0.0
2026-03-25,2030,0.0
2026-03-26,2030,0.0
2026-03-27,2030,0.0
2026-03-30,2030,0.0
2026-03-31,2030,0.0
2026-04-01,2030,0.0
2026-04-02,2030,0.0
2026-04-06,2030,0.0
2026-04-07,2030,0.0
2026-04-08,2030,0.0
2026-04-09,2030,0.0
2026-04-10,2030,0.0
2026-04-13,2030,0.0
2026-04-14,2030,0.0
2026-04-15,2030,0.0
2026-04-16,2030,0.0
2026-04-17,2030,0.0
2026-04-20,2030,0.0
2026-04-22,2030,0.0
2026-04-23,2030,0.0
2026-04-24,2030,0.0
2026-04-27,2030,0.0
2026-04-28,2030,0.0
2026-04-29,2030,0.0
2026-04-30,2030,0.0
2026-05-04,2030,0.0
2026-05-05,2030,0.0
2026-05-06,2030,0.0
2026-05-07,2030,0.0
2026-05-08,2030,0.0
2026-05-11,2030,0.0
2026-05-12,2030,0.0
2026-05-13,2030,0.0
2026-05-14,2030,0.0
2026-05-15,2030,0.0
2026-05-18,2030,0.0
2026-05-19,2030,0.0
2026-05-20,2030,0.0
2026-05-21,2030,0.0
2026-05-22,2030,0.0
2026-05-25,2030,0.0
2026-05-26,2030,0.0
2026-05-27,2030,0.0
2026-05-28,2030,0.0
2026-05-29,2030,0.0
2026-06-01,2030,0.0
2026-06-02,2030,0.0
2026-06-03,2030,0.0
2026-06-05,2030,0.0
2026-06-08,2030,0.0
2026-06-09,2030,0.0
2026-06-10,2030,0.0
2026-06-11,2030,0.0
2026-06-12,2030,0.0
2022-02-04,2031,1.2
2022-02-07,2031,1.5
2022-02-08,2031,1.35
2022-02-09,2031,1.35
2022-02-10,2031,1.5
2022-02-11,2031,1.35
2022-02-14,2031,1.35
2022-02-15,2031,1.35
2022-02-16,2031,1.2
2022-02-17,2031,1.2
2022-02-18,2031,1.5
2022-02-21,2031,1.5
2022-02-22,2031,1.5
2022-02-23,2031,1.5
2022-02-24,2031,1.5
2022-02-25,2031,1.5
2022-03-02,2031,1.5
2022-03-03,2031,1.5
2022-03-04,2031,1.5
2022-03-07,2031,1.51
2022-03-08,2031,1.51
2022-03-09,2031,1.51
2022-03-10,2031,1.5
2022-03-11,2031,1.5
2022-03-14,2031,1.5
2022-03-15,2031,1.5
2022-03-16,2031,1.5
2022-03-17,2031,1.5
2022-03-18,2031,1.5
2022-03-21,2031,1.5
2022-03-22,2031,1.5
2022-03-23,2031,1.5
2022-03-24,2031,1.25
2022-03-25,2031,1.39
2022-03-28,2031,1.295
2022-03-29,2031,1.295
2022-03-30,2031,1.295
2022-03-31,2031,1.295
2022-04-01,2031,1.3
2022-04-04,2031,1.335
2022-04-05,2031,1.3
2022-04-06,2031,1.3
2022-04-07,2031,1.3
2022-04-08,2031,1.3
2022-04-11,2031,1.25
2022-04-12,2031,1.25
2022-04-13,2031,1.25
2022-04-14,2031,1.3
2022-04-18,2031,1.3
2022-04-19,2031,1.3
2022-04-20,2031,1.3
2022-04-22,2031,1.3
2022-04-25,2031,1.25
2022-04-26,2031,1.25
2022-04-27,2031,1.25
2022-04-28,2031,1.25
2022-04-29,2031,1.2
2022-05-02,2031,1.2
2022-05-03,2031,1.2
2022-05-04,2031,1.2
2022-05-05,2031,1.2
2022-05-06,2031,1.25
2022-05-09,2031,1.25
2022-05-10,2031,1.25
2022-05-11,2031,1.25
2022-05-12,2031,1.3
2022-05-13,2031,1.2
2022-05-16,2031,1.1
2022-05-17,2031,1.1
2022-05-18,2031,1.1
2022-05-19,2031,1.1
2022-05-20,2031,1.1
2022-05-23,2031,1.1
2022-05-24,2031,1.1
2022-05-25,2031,1.1
2022-05-26,2031,1.1
2022-05-27,2031,1.1
2022-05-30,2031,1.2
2022-05-31,2031,1.2
2022-06-01,2031,1.2
2022-06-02,2031,1.2
2022-06-03,2031,1.2
2022-06-06,2031,1.15
2022-06-07,2031,1.15
2022-06-08,2031,1.15
2022-06-09,2031,1.15
2022-06-10,2031,1.2
2022-06-13,2031,1.0
2022-06-14,2031,1.0
2022-06-15,2031,1.0
2022-06-17,2031,1.0
2022-06-20,2031,1.0
2022-06-21,2031,1.0
2022-06-22,2031,1.0
2022-06-23,2031,1.0
2022-06-24,2031,1.0
2022-06-27,2031,1.0
2022-06-28,2031,1.0
2022-06-29,2031,1.0
2022-06-30,2031,1.0
2022-07-01,2031,1.0
2022-07-04,2031,1.0
2022-07-05,2031,1.0
2022-07-06,2031,1.0
2022-07-07,2031,1.0
2022-07-08,2031,1.0
2022-07-11,2031,0.675
2022-07-12,2031,0.85
2022-07-13,2031,0.85
2022-07-14,2031,0.85
2022-07-15,2031,0.85
2022-07-18,2031,1.5
2022-07-19,2031,1.5
2022-07-20,2031,1.175
2022-07-21,2031,1.175
2022-07-22,2031,1.0
2022-07-25,2031,1.0
2022-07-26,2031,1.0
2022-07-27,2031,1.0
2022-07-28,2031,1.0
2022-07-29,2031,1.0
2022-08-01,2031,1.0
2022-08-02,2031,1.0
2022-08-03,2031,1.0
2022-08-04,2031,1.0
2022-08-05,2031,1.0
2022-08-08,2031,1.0
2022-08-09,2031,1.0
2022-08-10,2031,1.0
2022-08-11,2031,1.0
2022-08-12,2031,1.0
2022-08-15,2031,1.0
2022-08-16,2031,1.0
2022-08-17,2031,1.0
2022-08-18,2031,1.0
2022-08-19,2031,1.0
2022-08-22,2031,1.0
2022-08-23,2031,1.0
2022-08-24,2031,1.05
2022-08-25,2031,1.05
2022-08-26,2031,1.05
2022-08-29,2031,1.1
2022-08-30,2031,1.1
2022-08-31,2031,1.1
2022-09-01,2031,1.1
2022-09-02,2031,1.05
2022-09-05,2031,1.05
2022-09-06,2031,1.05
2022-09-08,2031,1.0
2022-09-09,2031,1.0
2022-09-12,2031,1.0
2022-09-13,2031,1.0
2022-09-14,2031,1.05
2022-09-15,2031,1.05
2022-09-16,2031,1.1
2022-09-19,2031,1.0
2022-09-20,2031,1.0
2022-09-21,2031,1.0
2022-09-22,2031,1.0
2022-09-23,2031,1.0
2022-09-26,2031,1.0
2022-09-27,2031,1.0
2022-09-28,2031,1.0
2022-09-29,2031,1.0
2022-09-30,2031,1.0
2022-10-03,2031,1.0
2022-10-04,2031,1.0
2022-10-05,2031,1.0
2022-10-06,2031,1.0
2022-10-07,2031,1.0
2022-10-10,2031,1.0
2022-10-11,2031,1.0
2022-10-13,2031,1.0
2022-10-14,2031,1.0
2022-10-17,2031,1.0
2022-10-18,2031,1.0
2022-10-19,2031,1.0
2022-10-20,2031,1.0
2022-10-21,2031,1.0
2022-10-24,2031,1.0
2022-10-25,2031,1.0
2022-10-26,2031,1.0
2022-10-27,2031,1.1
2022-10-28,2031,1.1
2022-10-31,2031,1.2
2022-11-01,2031,1.2
2022-11-03,2031,1.35
2022-11-04,2031,1.2
2022-11-07,2031,1.2
2022-11-08,2031,1.2
2022-11-09,2031,1.2
2022-11-10,2031,1.2
2022-11-11,2031,1.2
2022-11-14,2031,1.0
2022-11-16,2031,1.0
2022-11-17,2031,1.0
2022-11-18,2031,1.0
2022-11-21,2031,1.0
2022-11-22,2031,1.0
2022-11-23,2031,1.0
2022-11-24,2031,1.0
2022-11-25,2031,1.0
2022-11-28,2031,1.0
2022-11-29,2031,1.0
2022-11-30,2031,1.0
2022-12-01,2031,1.0
2022-12-02,2031,1.0
2022-12-05,2031,0.945
2022-12-06,2031,0.945
2022-12-07,2031,0.945
2022-12-08,2031,0.945
2022-12-09,2031,0.945
2022-12-12,2031,0.945
2022-12-13,2031,0.945
2022-12-14,2031,0.945
2022-12-15,2031,0.89
2022-12-16,2031,0.945
2022-12-19,2031,1.0
2022-12-20,2031,1.0
2022-12-21,2031,0.75
2022-12-22,2031,0.75
2022-12-23,2031,0.75
2022-12-26,2031,0.5
2022-12-27,2031,0.5
2022-12-28,2031,0.5
2022-12-29,2031,0.5
2022-12-30,2031,0.75
2023-01-02,2031,0.5
2023-01-03,2031,0.5
2023-01-04,2031,0.5
2023-01-05,2031,1.0
2023-01-06,2031,1.0
2023-01-09,2031,1.0
2023-01-10,2031,1.0
2023-01-11,2031,1.0
2023-01-12,2031,1.0
2023-01-13,2031,1.0
2023-01-16,2031,0.55
2023-01-17,2031,0.55
2023-01-18,2031,0.55
2023-01-19,2031,0.55
2023-01-20,2031,0.5
2023-01-23,2031,0.5
2023-01-24,2031,0.5
2023-01-25,2031,0.5
2023-01-26,2031,0.5
2023-01-27,2031,0.635
2023-01-30,2031,0.635
2023-01-31,2031,0.635
2023-02-01,2031,0.635
2023-02-02,2031,0.635
2023-02-03,2031,0.635
2023-02-06,2031,0.5
2023-02-07,2031,0.26
2023-02-08,2031,0.26
2023-02-09,2031,0.26
2023-02-10,2031,0.26
2023-02-13,2031,0.26
2023-02-14,2031,0.26
2023-02-15,2031,0.26
2023-02-16,2031,0.26
2023-02-17,2031,0.5
2023-02-22,2031,0.5
2023-02-23,2031,0.5
2023-02-24,2031,0.5
2023-02-27,2031,0.26
2023-02-28,2031,0.26
2023-03-01,2031,0.26
2023-03-02,2031,0.26
2023-03-03,2031,0.26
2023-03-06,2031,0.26
2023-03-07,2031,0.26
2023-03-08,2031,0.26
2023-03-09,2031,0.26
2023-03-10,2031,0.26
2023-03-13,2031,0.01
2023-03-14,2031,0.0
2023-03-15,2031,0.0
2023-03-16,2031,0.0
2023-03-17,2031,0.02
2023-03-20,2031,0.02
2023-03-21,2031,0.02
2023-03-22,2031,0.02
2023-03-23,2031,0.02
2023-03-24,2031,0.02
2023-03-27,2031,0.02
2023-03-28,2031,0.02
2023-03-29,2031,0.02
2023-03-30,2031,0.02
2023-03-31,2031,0.02
2023-04-03,2031,0.02
2023-04-04,2031,0.02
2023-04-05,2031,0.02
2023-04-06,2031,0.26
2023-04-10,2031,0.5
2023-04-11,2031,0.5
2023-04-12,2031,0.6
2023-04-13,2031,0.6
2023-04-14,2031,0.7
2023-04-17,2031,0.5
2023-04-18,2031,0.5
2023-04-19,2031,0.5
2023-04-20,2031,0.75
2023-04-24,2031,0.75
2023-04-25,2031,0.75
2023-04-26,2031,0.75
2023-04-27,2031,0.75
2023-04-28,2031,0.9
2023-05-02,2031,0.9
2023-05-03,2031,0.9
2023-05-04,2031,0.9
2023-05-05,2031,0.9
2023-05-08,2031,1.0
2023-05-09,2031,1.0
2023-05-10,2031,1.0
2023-05-11,2031,1.0
2023-05-12,2031,0.9
2023-05-15,2031,0.9
2023-05-16,2031,1.0
2023-05-17,2031,1.0
2023-05-18,2031,1.0
2023-05-19,2031,1.0
2023-05-22,2031,0.9
2023-05-23,2031,0.9
2023-05-24,2031,0.9
2023-05-25,2031,0.9
2023-05-26,2031,0.9
2023-05-29,2031,0.9
2023-05-30,2031,0.9
2023-05-31,2031,0.9
2023-06-01,2031,0.9
2023-06-02,2031,0.8
2023-06-05,2031,0.8
2023-06-06,2031,0.8
2023-06-07,2031,0.9
2023-06-09,2031,0.9
2023-06-12,2031,1.0
2023-06-13,2031,1.0
2023-06-14,2031,1.0
2023-06-15,2031,0.9
2023-06-16,2031,0.8
2023-06-19,2031,0.8
2023-06-20,2031,0.8
2023-06-21,2031,0.8
2023-06-22,2031,0.8
2023-06-23,2031,0.8
2023-06-26,2031,0.8
2023-06-27,2031,0.8
2023-06-28,2031,0.8
2023-06-29,2031,0.8
2023-06-30,2031,0.8
2023-07-03,2031,0.8
2023-07-04,2031,0.8
2023-07-05,2031,0.8
2023-07-06,2031,0.8
2023-07-07,2031,0.8
2023-07-10,2031,0.8
2023-07-11,2031,0.8
2023-07-12,2031,0.8
2023-07-13,2031,0.8
2023-07-14,2031,0.8
2023-07-17,2031,0.8
2023-07-18,2031,0.8
2023-07-19,2031,0.8
2023-07-20,2031,0.8
2023-07-21,2031,0.8
2023-07-24,2031,0.8
2023-07-25,2031,0.8
2023-07-26,2031,0.8
2023-07-27,2031,0.8
2023-07-28,2031,0.8
2023-07-31,2031,0.75
2023-08-01,2031,0.75
2023-08-02,2031,0.75
2023-08-03,2031,0.75
2023-08-04,2031,0.75
2023-08-07,2031,0.8
2023-08-08,2031,0.8
2023-08-09,2031,0.8
2023-08-10,2031,0.8
2023-08-11,2031,0.85
2023-08-14,2031,0.8
2023-08-15,2031,0.8
2023-08-16,2031,0.8
2023-08-17,2031,0.8
2023-08-18,2031,0.8
2023-08-21,2031,0.7
2023-08-22,2031,0.7
2023-08-23,2031,0.7
2023-08-24,2031,0.7
2023-08-25,2031,0.7
2023-08-28,2031,0.8
2023-08-29,2031,0.8
2023-08-30,2031,0.8
2023-08-31,2031,0.8
2023-09-01,2031,0.8
2023-09-04,2031,0.8
2023-09-05,2031,0.8
2023-09-06,2031,0.8
2023-09-08,2031,0.8
2023-09-11,2031,0.8
2023-09-12,2031,0.8
2023-09-13,2031,0.8
2023-09-14,2031,0.8
2023-09-15,2031,0.8
2023-09-18,2031,0.8
2023-09-19,2031,0.8
2023-09-20,2031,0.8
2023-09-21,2031,0.8
2023-09-22,2031,0.8
2023-09-25,2031,0.8
2023-09-26,2031,0.8
2023-09-27,2031,0.8
2023-09-28,2031,0.8
2023-09-29,2031,0.7
2023-10-02,2031,0.7
2023-10-03,2031,0.7
2023-10-04,2031,0.7
2023-10-05,2031,0.7
2023-10-06,2031,0.6
2023-10-09,2031,0.6
2023-10-10,2031,0.6
2023-10-11,2031,0.6
2023-10-13,2031,0.5
2023-10-16,2031,0.5
2023-10-17,2031,0.5
2023-10-18,2031,0.5
2023-10-19,2031,0.5
2023-10-20,2031,0.55
2023-10-23,2031,0.55
2023-10-24,2031,0.55
2023-10-25,2031,0.55
2023-10-26,2031,0.5
2023-10-27,2031,0.5
2023-10-30,2031,0.5
2023-10-31,2031,0.5
2023-11-01,2031,0.5
2023-11-03,2031,0.35
2023-11-06,2031,0.5
2023-11-07,2031,0.5
2023-11-08,2031,0.5
2023-11-09,2031,0.5
2023-11-10,2031,0.5
2023-11-13,2031,0.6
2023-11-14,2031,0.6
2023-11-16,2031,0.6
2023-11-17,2031,0.5
2023-11-20,2031,0.35
2023-11-21,2031,0.35
2023-11-22,2031,0.35
2023-11-23,2031,0.35
2023-11-24,2031,0.35
2023-11-27,2031,0.35
2023-11-28,2031,0.35
2023-11-29,2031,0.35
2023-11-30,2031,0.2
2023-12-01,2031,0.2
2023-12-04,2031,0.35
2023-12-05,2031,0.35
2023-12-06,2031,0.2
2023-12-07,2031,0.2
2023-12-08,2031,0.35
2023-12-11,2031,0.45
2023-12-12,2031,0.45
2023-12-13,2031,0.45
2023-12-14,2031,0.45
2023-12-15,2031,0.35
2023-12-18,2031,0.35
2023-12-19,2031,0.35
2023-12-20,2031,0.35
2023-12-21,2031,0.35
2023-12-22,2031,0.4
2023-12-26,2031,0.4
2023-12-27,2031,0.4
2023-12-28,2031,0.4
2023-12-29,2031,0.4
2024-01-02,2031,0.4
2024-01-03,2031,0.4
2024-01-04,2031,0.4
2024-01-05,2031,0.4
2024-01-08,2031,0.35
2024-01-09,2031,0.35
2024-01-10,2031,0.35
2024-01-11,2031,0.35
2024-01-12,2031,0.35
2024-01-15,2031,0.35
2024-01-16,2031,0.35
2024-01-17,2031,0.5
2024-01-18,2031,0.5
2024-01-19,2031,0.45
2024-01-22,2031,0.45
2024-01-23,2031,0.45
2024-01-24,2031,0.4
2024-01-25,2031,0.4
2024-01-26,2031,0.45
2024-01-29,2031,0.3
2024-01-30,2031,0.3
2024-01-31,2031,0.4
2024-02-01,2031,0.45
2024-02-02,2031,0.4
2024-02-05,2031,0.4
2024-02-06,2031,0.4
2024-02-07,2031,0.4
2024-02-08,2031,0.4
2024-02-09,2031,0.4
2024-02-14,2031,0.3
2024-02-15,2031,0.3
2024-02-16,2031,0.3
2024-02-19,2031,0.5
2024-02-20,2031,0.5
2024-02-21,2031,0.5
2024-02-22,2031,0.35
2024-02-23,2031,0.5
2024-02-26,2031,0.5
2024-02-27,2031,0.5
2024-02-28,2031,0.5
2024-02-29,2031,0.5
2024-03-01,2031,0.5
2024-03-04,2031,0.5
2024-03-05,2031,0.5
2024-03-06,2031,0.5
2024-03-07,2031,0.5
2024-03-08,2031,0.5
2024-03-11,2031,0.5
2024-03-12,2031,0.5
2024-03-13,2031,0.5
2024-03-14,2031,0.5
2024-03-15,2031,0.5
2024-03-18,2031,0.5
2024-03-19,2031,0.5
2024-03-20,2031,0.5
2024-03-21,2031,0.5
2024-03-22,2031,0.5
2024-03-25,2031,0.5
2024-03-26,2031,0.5
2024-03-27,2031,0.5
2024-03-28,2031,0.5
2024-04-01,2031,0.5
2024-04-02,2031,0.5
2024-04-03,2031,0.5
2024-04-04,2031,0.5
2024-04-05,2031,0.5
2024-04-08,2031,0.5
2024-04-09,2031,0.5
2024-04-10,2031,0.5
2024-04-11,2031,0.5
2024-04-12,2031,0.5
2024-04-15,2031,0.5
2024-04-16,2031,0.5
2024-04-17,2031,0.5
2024-04-18,2031,0.5
2024-04-19,2031,0.5
2024-04-22,2031,0.5
2024-04-23,2031,0.5
2024-04-24,2031,0.5
2024-04-25,2031,0.5
2024-04-26,2031,0.5
2024-04-29,2031,0.5
2024-04-30,2031,0.5
2024-05-02,2031,0.5
2024-05-03,2031,0.5
2024-05-06,2031,0.5
2024-05-07,2031,0.5
2024-05-08,2031,0.5
2024-05-09,2031,0.5
2024-05-10,2031,0.5
2024-05-13,2031,0.5
2024-05-14,2031,0.35
2024-05-15,2031,0.35
2024-05-16,2031,0.35
2024-05-17,2031,0.35
2024-05-20,2031,0.2
2024-05-21,2031,0.2
2024-05-22,2031,0.2
2024-05-23,2031,0.35
2024-05-24,2031,0.5
2024-05-27,2031,0.5
2024-05-28,2031,0.5
2024-05-29,2031,0.5
2024-05-31,2031,0.5
2024-06-03,2031,0.2
2024-06-04,2031,0.2
2024-06-05,2031,0.2
2024-06-06,2031,0.2
2024-06-07,2031,0.2
2024-06-10,2031,0.2
2024-06-11,2031,0.2
2024-06-12,2031,0.2
2024-06-13,2031,0.2
2024-06-14,2031,0.2
2024-06-17,2031,0.2
2024-06-18,2031,0.2
2024-06-19,2031,0.2
2024-06-20,2031,0.2
2024-06-21,2031,0.2
2024-06-24,2031,0.2
2024-06-25,2031,0.2
2024-06-26,2031,0.2
2024-06-27,2031,0.2
2024-06-28,2031,0.2
2024-07-01,2031,0.2
2024-07-02,2031,0.2
2024-07-03,2031,0.2
2024-07-04,2031,0.2
2024-07-05,2031,0.2
2024-07-08,2031,0.2
2024-07-09,2031,0.2
2024-07-10,2031,0.2
2024-07-11,2031,0.2
2024-07-12,2031,0.2
2024-07-15,2031,0.2
2024-07-16,2031,0.2
2024-07-17,2031,0.2
2024-07-18,2031,0.2
2024-07-19,2031,0.22
2024-07-22,2031,0.22
2024-07-23,2031,0.22
2024-07-24,2031,0.22
2024-07-25,2031,0.21
2024-07-26,2031,0.21
2024-07-29,2031,0.36
2024-07-30,2031,0.36
2024-07-31,2031,0.36
2024-08-01,2031,0.36
2024-08-02,2031,0.36
2024-08-05,2031,0.36
2024-08-06,2031,0.36
2024-08-07,2031,0.36
2024-08-08,2031,0.36
2024-08-09,2031,0.22
2024-08-12,2031,0.21
2024-08-13,2031,0.21
2024-08-14,2031,0.21
2024-08-15,2031,0.21
2024-08-16,2031,0.21
2024-08-19,2031,0.2
2024-08-20,2031,0.2
2024-08-21,2031,0.2
2024-08-22,2031,0.15
2024-08-23,2031,0.2
2024-08-26,2031,0.2
2024-08-27,2031,0.2
2024-08-28,2031,0.2
2024-08-29,2031,0.2
2024-08-30,2031,0.2
2024-09-02,2031,0.2
2024-09-03,2031,0.2
2024-09-04,2031,0.2
2024-09-05,2031,0.2
2024-09-06,2031,0.2
2024-09-09,2031,0.2
2024-09-10,2031,0.2
2024-09-11,2031,0.2
2024-09-12,2031,0.44
2024-09-13,2031,0.5
2024-09-16,2031,0.5
2024-09-17,2031,0.5
2024-09-18,2031,0.5
2024-09-19,2031,0.5
2024-09-20,2031,0.5
2024-09-23,2031,0.5
2024-09-24,2031,0.5
2024-09-25,2031,0.55
2024-09-26,2031,0.55
2024-09-27,2031,0.55
2024-09-30,2031,0.5
2024-10-01,2031,0.5
2024-10-02,2031,0.5
2024-10-03,2031,0.5
2024-10-04,2031,0.5
2024-10-07,2031,0.5
2024-10-08,2031,0.5
2024-10-09,2031,0.5
2024-10-10,2031,0.5
2024-10-11,2031,0.5
2024-10-14,2031,0.2
2024-10-15,2031,0.2
2024-10-16,2031,0.2
2024-10-17,2031,0.2
2024-10-18,2031,0.5
2024-10-21,2031,0.3
2024-10-22,2031,0.3
2024-10-23,2031,0.3
2024-10-24,2031,0.3
2024-10-25,2031,0.3
2024-10-28,2031,0.3
2024-10-29,2031,0.3
2024-10-30,2031,0.3
2024-10-31,2031,0.3
2024-11-01,2031,0.4
2024-11-04,2031,0.4
2024-11-05,2031,0.4
2024-11-06,2031,0.4
2024-11-07,2031,0.4
2024-11-08,2031,0.4
2024-11-11,2031,0.4
2024-11-12,2031,0.4
2024-11-13,2031,0.4
2024-11-14,2031,0.3
2024-11-18,2031,0.25
2024-11-19,2031,0.25
2024-11-21,2031,0.35
2024-11-22,2031,0.4
2024-11-25,2031,0.4
2024-11-26,2031,0.45
2024-11-27,2031,0.45
2024-11-28,2031,0.45
2024-11-29,2031,0.5
2024-12-02,2031,0.5
2024-12-03,2031,0.5
2024-12-04,2031,0.5
2024-12-05,2031,0.5
2024-12-06,2031,0.5
2024-12-09,2031,0.5
2024-12-10,2031,0.5
2024-12-11,2031,0.5
2024-12-12,2031,0.485
2024-12-13,2031,0.485
2024-12-16,2031,0.485
2024-12-17,2031,0.485
2024-12-18,2031,0.485
2024-12-19,2031,0.485
2024-12-20,2031,0.485
2024-12-23,2031,0.3
2024-12-24,2031,0.3
2024-12-26,2031,0.3
2024-12-27,2031,0.3
2024-12-30,2031,0.3
2024-12-31,2031,0.3
2025-01-02,2031,0.3
2025-01-03,2031,0.2
2025-01-06,2031,0.2
2025-01-07,2031,0.15
2025-01-08,2031,0.15
2025-01-09,2031,0.15
2025-01-10,2031,0.2
2025-01-13,2031,0.2
2025-01-14,2031,0.2
2025-01-15,2031,0.2
2025-01-16,2031,0.2501
2025-01-17,2031,0.2501
2025-01-20,2031,0.2001
2025-01-21,2031,0.25
2025-01-22,2031,0.2751
2025-01-23,2031,0.2751
2025-01-24,2031,0.275
2025-01-27,2031,0.275
2025-01-28,2031,0.275
2025-01-29,2031,0.275
2025-01-30,2031,0.275
2025-01-31,2031,0.275
2025-02-03,2031,0.3
2025-02-04,2031,0.3
2025-02-05,2031,0.3
2025-02-06,2031,0.3
2025-02-07,2031,0.3
2025-02-10,2031,0.3
2025-02-11,2031,0.3
2025-02-12,2031,0.3
2025-02-13,2031,0.3
2025-02-14,2031,0.3
2025-02-17,2031,0.3
2025-02-18,2031,0.3
2025-02-19,2031,0.3
2025-02-20,2031,0.3
2025-02-21,2031,0.3
2025-02-24,2031,0.3
2025-02-25,2031,0.3
2025-02-26,2031,0.37
2025-02-27,2031,0.37
2025-02-28,2031,0.37
2025-03-05,2031,0.37
2025-03-06,2031,0.3
2025-03-07,2031,0.37
2025-03-10,2031,0.44
2025-03-11,2031,0.42
2025-03-12,2031,0.42
2025-03-13,2031,0.3
2025-03-14,2031,0.4
2025-03-17,2031,0.4
2025-03-18,2031,0.4
2025-03-19,2031,0.4
2025-03-20,2031,0.4
2025-03-21,2031,0.385
2025-03-24,2031,0.26
2025-03-25,2031,0.26
2025-03-26,2031,0.26
2025-03-27,2031,0.26
2025-03-28,2031,0.26
2025-03-31,2031,0.26
2025-04-01,2031,0.26
2025-04-02,2031,0.26
2025-04-03,2031,0.26
2025-04-04,2031,0.26
2025-04-07,2031,0.26
2025-04-08,2031,0.26
2025-04-09,2031,0.26
2025-04-10,2031,0.26
2025-04-11,2031,0.26
2025-04-14,2031,0.26
2025-04-15,2031,0.26
2025-04-16,2031,0.37
2025-04-17,2031,0.4
2025-04-22,2031,0.385
2025-04-23,2031,0.385
2025-04-24,2031,0.385
2025-04-25,2031,0.43
2025-04-28,2031,0.46
2025-04-29,2031,0.46
2025-04-30,2031,0.48
2025-05-02,2031,0.48
2025-05-05,2031,0.46
2025-05-06,2031,0.46
2025-05-07,2031,0.46
2025-05-08,2031,0.46
2025-05-09,2031,0.46
2025-05-12,2031,0.46
2025-05-13,2031,0.46
2025-05-14,2031,0.46
2025-05-15,2031,0.43
2025-05-16,2031,0.4
2025-05-19,2031,0.45
2025-05-20,2031,0.45
2025-05-21,2031,0.45
2025-05-22,2031,0.45
2025-05-23,2031,0.45
2025-05-26,2031,0.45
2025-05-27,2031,0.45
2025-05-28,2031,0.45
2025-05-29,2031,0.45
2025-05-30,2031,0.45
2025-06-02,2031,0.4
2025-06-03,2031,0.4
2025-06-04,2031,0.385
2025-06-05,2031,0.37
2025-06-06,2031,0.37
2025-06-09,2031,0.3
2025-06-10,2031,0.3
2025-06-11,2031,0.3
2025-06-12,2031,0.4
2025-06-13,2031,0.2
2025-06-16,2031,0.3
2025-06-17,2031,0.3
2025-06-18,2031,0.3
2025-06-20,2031,0.275
2025-06-23,2031,0.275
2025-06-24,2031,0.275
2025-06-25,2031,0.275
2025-06-26,2031,0.275
2025-06-27,2031,0.275
2025-06-30,2031,0.4
2025-07-01,2031,0.4
2025-07-02,2031,0.4
2025-07-03,2031,0.4
2025-07-04,2031,0.4
2025-07-07,2031,0.435
2025-07-08,2031,0.435
2025-07-09,2031,0.435
2025-07-10,2031,0.435
2025-07-11,2031,0.435
2025-07-14,2031,0.435
2025-07-15,2031,0.435
2025-07-16,2031,0.435
2025-07-17,2031,0.4
2025-07-18,2031,0.5
2025-07-21,2031,0.5
2025-07-22,2031,0.5
2025-07-23,2031,0.5
2025-07-24,2031,0.5
2025-07-25,2031,0.5
2025-07-28,2031,0.5
2025-07-29,2031,0.5
2025-07-30,2031,0.5
2025-07-31,2031,0.5
2025-08-01,2031,0.5
2025-08-04,2031,0.45
2025-08-05,2031,0.45
2025-08-06,2031,0.5
2025-08-07,2031,0.43
2025-08-08,2031,0.43
2025-08-11,2031,0.5
2025-08-12,2031,0.5
2025-08-13,2031,0.5
2025-08-14,2031,0.5
2025-08-15,2031,0.5
2025-08-18,2031,0.35
2025-08-19,2031,0.35
2025-08-20,2031,0.35
2025-08-21,2031,0.34
2025-08-22,2031,0.34
2025-08-25,2031,0.34
2025-08-26,2031,0.34
2025-08-27,2031,0.34
2025-08-28,2031,0.34
2025-08-29,2031,0.32
2025-09-01,2031,0.32
2025-09-02,2031,0.32
2025-09-03,2031,0.3
2025-09-04,2031,0.3
2025-09-05,2031,0.3
2025-09-08,2031,0.3
2025-09-09,2031,0.3
2025-09-10,2031,0.3
2025-09-11,2031,0.3
2025-09-12,2031,0.3
2025-09-15,2031,0.3
2025-09-16,2031,0.3
2025-09-17,2031,0.3
2025-09-18,2031,0.3
2025-09-19,2031,0.3
2025-09-22,2031,0.32
2025-09-23,2031,0.34
2025-09-24,2031,0.34
2025-09-25,2031,0.34
2025-09-26,2031,0.34
2025-09-29,2031,0.355
2025-09-30,2031,0.37
2025-10-01,2031,0.37
2025-10-02,2031,0.385
2025-10-03,2031,0.385
2025-10-06,2031,0.435
2025-10-07,2031,0.435
2025-10-08,2031,0.435
2025-10-09,2031,0.435
2025-10-10,2031,0.435
2025-10-13,2031,0.5
2025-10-14,2031,0.5
2025-10-15,2031,0.5
2025-10-16,2031,0.5
2025-10-17,2031,0.5
2025-10-20,2031,0.435
2025-10-21,2031,0.435
2025-10-22,2031,0.5
2025-10-23,2031,0.5
2025-10-24,2031,0.5
2025-10-27,2031,0.5
2025-10-28,2031,0.5
2025-10-29,2031,0.5
2025-10-30,2031,0.5
2025-10-31,2031,0.5
2025-11-03,2031,0.5
2025-11-04,2031,0.5
2025-11-05,2031,0.5
2025-11-06,2031,0.5
2025-11-07,2031,0.5
2025-11-10,2031,0.5
2025-11-11,2031,0.5
2025-11-12,2031,0.5
2025-11-13,2031,0.5
2025-11-14,2031,0.5
2025-11-17,2031,0.5
2025-11-18,2031,0.5
2025-11-19,2031,0.5
2025-11-21,2031,0.38
2025-11-24,2031,0.38
2025-11-25,2031,0.42
2025-11-26,2031,0.435
2025-11-27,2031,0.45
2025-11-28,2031,0.45
2025-12-01,2031,0.42
2025-12-02,2031,0.42
2025-12-03,2031,0.42
2025-12-04,2031,0.38
2025-12-05,2031,0.4
2025-12-08,2031,0.4
2025-12-09,2031,0.4
2025-12-10,2031,0.4
2025-12-11,2031,0.4
2025-12-12,2031,0.4
2025-12-15,2031,0.4
2025-12-16,2031,0.4
2025-12-17,2031,0.4
2025-12-18,2031,0.4
2025-12-19,2031,0.375
2025-12-22,2031,0.35
2025-12-23,2031,0.35
2025-12-24,2031,0.35
2025-12-26,2031,0.35
2025-12-29,2031,0.345
2025-12-30,2031,0.345
2025-12-31,2031,0.345
2026-01-02,2031,0.345
2026-01-05,2031,0.4
2026-01-06,2031,0.4
2026-01-07,2031,0.4
2026-01-08,2031,0.4
2026-01-09,2031,0.4
2026-01-12,2031,0.46
2026-01-13,2031,0.48
2026-01-14,2031,0.46
2026-01-15,2031,0.43
2026-01-16,2031,0.43
2026-01-19,2031,0.34
2026-01-20,2031,0.32
2026-01-21,2031,0.32
2026-01-22,2031,0.34
2026-01-23,2031,0.3
2026-01-26,2031,0.3
2026-01-27,2031,0.3
2026-01-28,2031,0.3
2026-01-29,2031,0.3
2026-01-30,2031,0.3
2026-02-02,2031,0.3
2026-02-03,2031,0.3
2026-02-04,2031,0.3
2026-02-05,2031,0.3
2026-02-06,2031,0.2986
2026-02-09,2031,0.3
2026-02-10,2031,0.3
2026-02-11,2031,0.3
2026-02-12,2031,0.2986
2026-02-13,2031,0.3
2026-02-18,2031,0.2986
2026-02-19,2031,0.2972
2026-02-20,2031,0.29
2026-02-23,2031,0.295
2026-02-24,2031,0.3
2026-02-25,2031,0.3
2026-02-26,2031,0.3
2026-02-27,2031,0.3
2026-03-02,2031,0.3
2026-03-03,2031,0.3
2026-03-04,2031,0.3
2026-03-05,2031,0.3
2026-03-06,2031,0.295
2026-03-09,2031,0.3
2026-03-10,2031,0.3
2026-03-11,2031,0.3
2026-03-12,2031,0.3
2026-03-13,2031,0.295
2026-03-16,2031,0.295
2026-03-17,2031,0.295
2026-03-18,2031,0.295
2026-03-19,2031,0.295
2026-03-20,2031,0.295
2026-03-23,2031,0.3
2026-03-24,2031,0.3
2026-03-25,2031,0.3
2026-03-26,2031,0.295
2026-03-27,2031,0.295
2026-03-30,2031,0.295
2026-03-31,2031,0.295
2026-04-01,2031,0.295
2026-04-02,2031,0.295
2026-04-06,2031,0.3
2026-04-07,2031,0.3
2026-04-08,2031,0.3
2026-04-09,2031,0.3
2026-04-10,2031,0.3
2026-04-13,2031,0.2975
2026-04-14,2031,0.3
2026-04-15,2031,0.2975
2026-04-16,2031,0.2975
2026-04-17,2031,0.2901
2026-04-20,2031,0.29
2026-04-22,2031,0.29
2026-04-23,2031,0.29
2026-04-24,2031,0.29
2026-04-27,2031,0.3
2026-04-28,2031,0.3
2026-04-29,2031,0.3
2026-04-30,2031,0.295
2026-05-04,2031,0.29
2026-05-05,2031,0.29
2026-05-06,2031,0.27
2026-05-07,2031,0.225
2026-05-08,2031,0.225
2026-05-11,2031,0.225
2026-05-12,2031,0.2
2026-05-13,2031,0.2
2026-05-14,2031,0.2125
2026-05-15,2031,0.2125
2026-05-18,2031,0.2125
2026-05-19,2031,0.2125
2026-05-20,2031,0.2125
2026-05-21,2031,0.2125
2026-05-22,2031,0.2
2026-05-25,2031,0.2
2026-05-26,2031,0.2
2026-05-27,2031,0.2
2026-05-28,2031,0.2
2026-05-29,2031,0.2
2026-06-01,2031,0.2
2026-06-02,2031,0.2
2026-06-03,2031,0.2
2026-06-05,2031,0.2
2026-06-08,2031,0.2
2026-06-09,2031,0.2
2026-06-10,2031,0.2
2026-06-11,2031,0.2
2026-06-12,2031,0.2
2023-02-03,2032,0.0
2023-02-06,2032,0.5
2023-02-07,2032,0.02
2023-02-08,2032,0.02
2023-02-09,2032,0.02
2023-02-10,2032,1.0
2023-02-13,2032,1.0
2023-02-14,2032,1.0
2023-02-15,2032,1.0
2023-02-16,2032,1.0
2023-02-17,2032,1.0
2023-02-22,2032,1.0
2023-02-23,2032,1.0
2023-02-24,2032,1.0
2023-02-27,2032,1.0
2023-02-28,2032,1.0
2023-03-01,2032,1.0
2023-03-02,2032,1.0
2023-03-03,2032,1.0
2023-03-06,2032,1.0
2023-03-07,2032,1.0
2023-03-08,2032,1.0
2023-03-09,2032,1.0
2023-03-10,2032,1.0
2023-03-13,2032,0.51
2023-03-14,2032,0.02
2023-03-15,2032,0.02
2023-03-16,2032,0.02
2023-03-17,2032,0.8
2023-03-20,2032,0.8
2023-03-21,2032,0.8
2023-03-22,2032,0.8
2023-03-23,2032,0.8
2023-03-24,2032,0.8
2023-03-27,2032,0.41
2023-03-28,2032,0.41
2023-03-29,2032,0.41
2023-03-30,2032,0.41
2023-03-31,2032,0.41
2023-04-03,2032,0.41
2023-04-04,2032,0.41
2023-04-05,2032,0.41
2023-04-06,2032,0.8
2023-04-10,2032,0.8
2023-04-11,2032,0.8
2023-04-12,2032,0.8
2023-04-13,2032,0.8
2023-04-14,2032,0.9
2023-04-17,2032,0.8
2023-04-18,2032,0.8
2023-04-19,2032,0.8
2023-04-20,2032,0.9
2023-04-24,2032,0.9
2023-04-25,2032,0.9
2023-04-26,2032,0.9
2023-04-27,2032,0.9
2023-04-28,2032,1.0
2023-05-02,2032,1.0
2023-05-03,2032,1.0
2023-05-04,2032,1.0
2023-05-05,2032,1.0
2023-05-08,2032,1.1
2023-05-09,2032,1.1
2023-05-10,2032,1.1
2023-05-11,2032,1.05
2023-05-12,2032,1.0
2023-05-15,2032,1.0
2023-05-16,2032,1.0
2023-05-17,2032,1.0
2023-05-18,2032,1.0
2023-05-19,2032,1.0
2023-05-22,2032,1.0
2023-05-23,2032,1.0
2023-05-24,2032,1.0
2023-05-25,2032,1.0
2023-05-26,2032,1.0
2023-05-29,2032,1.0
2023-05-30,2032,1.0
2023-05-31,2032,1.0
2023-06-01,2032,1.0
2023-06-02,2032,1.0
2023-06-05,2032,1.0
2023-06-06,2032,1.0
2023-06-07,2032,1.0
2023-06-09,2032,1.0
2023-06-12,2032,1.0
2023-06-13,2032,1.0
2023-06-14,2032,1.0
2023-06-15,2032,1.0
2023-06-16,2032,1.0
2023-06-19,2032,1.0
2023-06-20,2032,1.0
2023-06-21,2032,1.0
2023-06-22,2032,1.0
2023-06-23,2032,0.95
2023-06-26,2032,0.95
2023-06-27,2032,0.95
2023-06-28,2032,0.95
2023-06-29,2032,0.95
2023-06-30,2032,0.95
2023-07-03,2032,0.95
2023-07-04,2032,0.95
2023-07-05,2032,0.95
2023-07-06,2032,0.95
2023-07-07,2032,0.95
2023-07-10,2032,0.85
2023-07-11,2032,0.85
2023-07-12,2032,0.85
2023-07-13,2032,0.85
2023-07-14,2032,0.85
2023-07-17,2032,0.8
2023-07-18,2032,0.8
2023-07-19,2032,0.85
2023-07-20,2032,0.9
2023-07-21,2032,0.85
2023-07-24,2032,0.9
2023-07-25,2032,0.9
2023-07-26,2032,0.9
2023-07-27,2032,0.9
2023-07-28,2032,0.8
2023-07-31,2032,0.8
2023-08-01,2032,0.8
2023-08-02,2032,0.8
2023-08-03,2032,0.8
2023-08-04,2032,0.8
2023-08-07,2032,0.9
2023-08-08,2032,0.9
2023-08-09,2032,0.9
2023-08-10,2032,0.9
2023-08-11,2032,0.95
2023-08-14,2032,0.9
2023-08-15,2032,0.9
2023-08-16,2032,0.9
2023-08-17,2032,0.9
2023-08-18,2032,0.9
2023-08-21,2032,0.8
2023-08-22,2032,0.8
2023-08-23,2032,0.8
2023-08-24,2032,0.8
2023-08-25,2032,0.8
2023-08-28,2032,0.9
2023-08-29,2032,0.9
2023-08-30,2032,0.9
2023-08-31,2032,0.9
2023-09-01,2032,0.9
2023-09-04,2032,0.9
2023-09-05,2032,0.9
2023-09-06,2032,0.9
2023-09-08,2032,0.9
2023-09-11,2032,0.9
2023-09-12,2032,0.9
2023-09-13,2032,0.9
2023-09-14,2032,0.9
2023-09-15,2032,0.9
2023-09-18,2032,0.9
2023-09-19,2032,0.9
2023-09-20,2032,0.9
2023-09-21,2032,1.0
2023-09-22,2032,1.0
2023-09-25,2032,0.95
2023-09-26,2032,0.95
2023-09-27,2032,0.95
2023-09-28,2032,0.95
2023-09-29,2032,0.9
2023-10-02,2032,0.9
2023-10-03,2032,0.9
2023-10-04,2032,0.9
2023-10-05,2032,0.9
2023-10-06,2032,0.7
2023-10-09,2032,0.7
2023-10-10,2032,0.7
2023-10-11,2032,0.7
2023-10-13,2032,0.625
2023-10-16,2032,0.5
2023-10-17,2032,0.625
2023-10-18,2032,0.625
2023-10-19,2032,0.625
2023-10-20,2032,0.725
2023-10-23,2032,0.725
2023-10-24,2032,0.725
2023-10-25,2032,0.725
2023-10-26,2032,0.7
2023-10-27,2032,0.5
2023-10-30,2032,0.625
2023-10-31,2032,0.625
2023-11-01,2032,0.625
2023-11-03,2032,0.4
2023-11-06,2032,0.5
2023-11-07,2032,0.5
2023-11-08,2032,0.5
2023-11-09,2032,0.5
2023-11-10,2032,0.5
2023-11-13,2032,0.75
2023-11-14,2032,0.75
2023-11-16,2032,0.75
2023-11-17,2032,0.5
2023-11-20,2032,0.4
2023-11-21,2032,0.4
2023-11-22,2032,0.4
2023-11-23,2032,0.4
2023-11-24,2032,0.4
2023-11-27,2032,0.4
2023-11-28,2032,0.4
2023-11-29,2032,0.4
2023-11-30,2032,0.3
2023-12-01,2032,0.3
2023-12-04,2032,0.4
2023-12-05,2032,0.4
2023-12-06,2032,0.5
2023-12-07,2032,0.5
2023-12-08,2032,0.45
2023-12-11,2032,0.5
2023-12-12,2032,0.5
2023-12-13,2032,0.5
2023-12-14,2032,0.5
2023-12-15,2032,0.45
2023-12-18,2032,0.45
2023-12-19,2032,0.45
2023-12-20,2032,0.45
2023-12-21,2032,0.45
2023-12-22,2032,0.5
2023-12-26,2032,0.5
2023-12-27,2032,0.5
2023-12-28,2032,0.5
2023-12-29,2032,0.5
2024-01-02,2032,0.5
2024-01-03,2032,0.5
2024-01-04,2032,0.5
2024-01-05,2032,0.5
2024-01-08,2032,0.6
2024-01-09,2032,0.6
2024-01-10,2032,0.6
2024-01-11,2032,0.6
2024-01-12,2032,0.6
2024-01-15,2032,0.6
2024-01-16,2032,0.6
2024-01-17,2032,0.7
2024-01-18,2032,0.7
2024-01-19,2032,0.75
2024-01-22,2032,0.75
2024-01-23,2032,0.75
2024-01-24,2032,0.7
2024-01-25,2032,0.7
2024-01-26,2032,0.75
2024-01-29,2032,0.6
2024-01-30,2032,0.6
2024-01-31,2032,0.7
2024-02-01,2032,0.75
2024-02-02,2032,0.7
2024-02-05,2032,0.7
2024-02-06,2032,0.7
2024-02-07,2032,0.7
2024-02-08,2032,0.7
2024-02-09,2032,0.7
2024-02-14,2032,0.6
2024-02-15,2032,0.6
2024-02-16,2032,0.6
2024-02-19,2032,0.7
2024-02-20,2032,0.7
2024-02-21,2032,0.7
2024-02-22,2032,0.6
2024-02-23,2032,0.75
2024-02-26,2032,0.75
2024-02-27,2032,0.7
2024-02-28,2032,0.7
2024-02-29,2032,0.7
2024-03-01,2032,0.7
2024-03-04,2032,0.7
2024-03-05,2032,0.7
2024-03-06,2032,0.7
2024-03-07,2032,0.7
2024-03-08,2032,0.7
2024-03-11,2032,0.8
2024-03-12,2032,0.8
2024-03-13,2032,0.8
2024-03-14,2032,0.8
2024-03-15,2032,0.7
2024-03-18,2032,0.8
2024-03-19,2032,0.7
2024-03-20,2032,0.7
2024-03-21,2032,0.7
2024-03-22,2032,0.7
2024-03-25,2032,0.7
2024-03-26,2032,0.7
2024-03-27,2032,0.7
2024-03-28,2032,0.7
2024-04-01,2032,0.7
2024-04-02,2032,0.7
2024-04-03,2032,0.7
2024-04-04,2032,0.7
2024-04-05,2032,0.7
2024-04-08,2032,0.7
2024-04-09,2032,0.7
2024-04-10,2032,0.7
2024-04-11,2032,0.7
2024-04-12,2032,0.7
2024-04-15,2032,0.7
2024-04-16,2032,0.7
2024-04-17,2032,0.7
2024-04-18,2032,0.7
2024-04-19,2032,0.8
2024-04-22,2032,0.8
2024-04-23,2032,0.8
2024-04-24,2032,0.8
2024-04-25,2032,0.8
2024-04-26,2032,0.8
2024-04-29,2032,0.8
2024-04-30,2032,0.8
2024-05-02,2032,0.8
2024-05-03,2032,0.75
2024-05-06,2032,0.8
2024-05-07,2032,0.8
2024-05-08,2032,0.8
2024-05-09,2032,0.8
2024-05-10,2032,0.8
2024-05-13,2032,0.8
2024-05-14,2032,0.65
2024-05-15,2032,0.65
2024-05-16,2032,0.65
2024-05-17,2032,0.65
2024-05-20,2032,0.5
2024-05-21,2032,0.5
2024-05-22,2032,0.5
2024-05-23,2032,0.65
2024-05-24,2032,0.8
2024-05-27,2032,0.8
2024-05-28,2032,0.8
2024-05-29,2032,0.8
2024-05-31,2032,0.8
2024-06-03,2032,0.5
2024-06-04,2032,0.5
2024-06-05,2032,0.5
2024-06-06,2032,0.5
2024-06-07,2032,0.5
2024-06-10,2032,0.5
2024-06-11,2032,0.55
2024-06-12,2032,0.55
2024-06-13,2032,0.6
2024-06-14,2032,0.6
2024-06-17,2032,0.55
2024-06-18,2032,0.55
2024-06-19,2032,0.5
2024-06-20,2032,0.475
2024-06-21,2032,0.55
2024-06-24,2032,0.5
2024-06-25,2032,0.5
2024-06-26,2032,0.5
2024-06-27,2032,0.475
2024-06-28,2032,0.45
2024-07-01,2032,0.45
2024-07-02,2032,0.45
2024-07-03,2032,0.45
2024-07-04,2032,0.45
2024-07-05,2032,0.5
2024-07-08,2032,0.475
2024-07-09,2032,0.5
2024-07-10,2032,0.5
2024-07-11,2032,0.475
2024-07-12,2032,0.45
2024-07-15,2032,0.375
2024-07-16,2032,0.3
2024-07-17,2032,0.3
2024-07-18,2032,0.3
2024-07-19,2032,0.335
2024-07-22,2032,0.435
2024-07-23,2032,0.435
2024-07-24,2032,0.435
2024-07-25,2032,0.37
2024-07-26,2032,0.37
2024-07-29,2032,0.5
2024-07-30,2032,0.5
2024-07-31,2032,0.5
2024-08-01,2032,0.5
2024-08-02,2032,0.5
2024-08-05,2032,0.5
2024-08-06,2032,0.5
2024-08-07,2032,0.5
2024-08-08,2032,0.5
2024-08-09,2032,0.435
2024-08-12,2032,0.37
2024-08-13,2032,0.37
2024-08-14,2032,0.37
2024-08-15,2032,0.37
2024-08-16,2032,0.3
2024-08-19,2032,0.25
2024-08-20,2032,0.3
2024-08-21,2032,0.3
2024-08-22,2032,0.12
2024-08-23,2032,0.3
2024-08-26,2032,0.3
2024-08-27,2032,0.3
2024-08-28,2032,0.3
2024-08-29,2032,0.3
2024-08-30,2032,0.3
2024-09-02,2032,0.3
2024-09-03,2032,0.3
2024-09-04,2032,0.3
2024-09-05,2032,0.21
2024-09-06,2032,0.21
2024-09-09,2032,0.3
2024-09-10,2032,0.3
2024-09-11,2032,0.3
2024-09-12,2032,0.5
2024-09-13,2032,0.5
2024-09-16,2032,0.55
2024-09-17,2032,0.55
2024-09-18,2032,0.55
2024-09-19,2032,0.5
2024-09-20,2032,0.5
2024-09-23,2032,0.55
2024-09-24,2032,0.55
2024-09-25,2032,0.6
2024-09-26,2032,0.6
2024-09-27,2032,0.6
2024-09-30,2032,0.55
2024-10-01,2032,0.55
2024-10-02,2032,0.55
2024-10-03,2032,0.55
2024-10-04,2032,0.6
2024-10-07,2032,0.6
2024-10-08,2032,0.6
2024-10-09,2032,0.6
2024-10-10,2032,0.6
2024-10-11,2032,0.6
2024-10-14,2032,0.3
2024-10-15,2032,0.3
2024-10-16,2032,0.3
2024-10-17,2032,0.3
2024-10-18,2032,0.4
2024-10-21,2032,0.355
2024-10-22,2032,0.355
2024-10-23,2032,0.355
2024-10-24,2032,0.355
2024-10-25,2032,0.355
2024-10-28,2032,0.355
2024-10-29,2032,0.355
2024-10-30,2032,0.355
2024-10-31,2032,0.355
2024-11-01,2032,0.41
2024-11-04,2032,0.41
2024-11-05,2032,0.41
2024-11-06,2032,0.41
2024-11-07,2032,0.41
2024-11-08,2032,0.41
2024-11-11,2032,0.41
2024-11-12,2032,0.41
2024-11-13,2032,0.41
2024-11-14,2032,0.355
2024-11-18,2032,0.3
2024-11-19,2032,0.3
2024-11-21,2032,0.3
2024-11-22,2032,0.4
2024-11-25,2032,0.4
2024-11-26,2032,0.5
2024-11-27,2032,0.5
2024-11-28,2032,0.5
2024-11-29,2032,0.55
2024-12-02,2032,0.8
2024-12-03,2032,0.8
2024-12-04,2032,0.8
2024-12-05,2032,0.6
2024-12-06,2032,0.625
2024-12-09,2032,0.625
2024-12-10,2032,0.625
2024-12-11,2032,0.625
2024-12-12,2032,0.6
2024-12-13,2032,0.6
2024-12-16,2032,0.6
2024-12-17,2032,0.6
2024-12-18,2032,0.6
2024-12-19,2032,0.6
2024-12-20,2032,0.5
2024-12-23,2032,0.5
2024-12-24,2032,0.5
2024-12-26,2032,0.5
2024-12-27,2032,0.5
2024-12-30,2032,0.5
2024-12-31,2032,0.5
2025-01-02,2032,0.5
2025-01-03,2032,0.4
2025-01-06,2032,0.3
2025-01-07,2032,0.3
2025-01-08,2032,0.3
2025-01-09,2032,0.3
2025-01-10,2032,0.3
2025-01-13,2032,0.4
2025-01-14,2032,0.4
2025-01-15,2032,0.4
2025-01-16,2032,0.5
2025-01-17,2032,0.5
2025-01-20,2032,0.5
2025-01-21,2032,0.5
2025-01-22,2032,0.5
2025-01-23,2032,0.5
2025-01-24,2032,0.5
2025-01-27,2032,0.5
2025-01-28,2032,0.5
2025-01-29,2032,0.5
2025-01-30,2032,0.5
2025-01-31,2032,0.5
2025-02-03,2032,0.5
2025-02-04,2032,0.5
2025-02-05,2032,0.5
2025-02-06,2032,0.5
2025-02-07,2032,0.5
2025-02-10,2032,0.5
2025-02-11,2032,0.5
2025-02-12,2032,0.5
2025-02-13,2032,0.5
2025-02-14,2032,0.5
2025-02-17,2032,0.5
2025-02-18,2032,0.5
2025-02-19,2032,0.5
2025-02-20,2032,0.5
2025-02-21,2032,0.5
2025-02-24,2032,0.5
2025-02-25,2032,0.5
2025-02-26,2032,0.5
2025-02-27,2032,0.5
2025-02-28,2032,0.5
2025-03-05,2032,0.5
2025-03-06,2032,0.5
2025-03-07,2032,0.5
2025-03-10,2032,0.5
2025-03-11,2032,0.5
2025-03-12,2032,0.5
2025-03-13,2032,0.5
2025-03-14,2032,0.5
2025-03-17,2032,0.5
2025-03-18,2032,0.5
2025-03-19,2032,0.5
2025-03-20,2032,0.5
2025-03-21,2032,0.5
2025-03-24,2032,0.47
2025-03-25,2032,0.47
2025-03-26,2032,0.47
2025-03-27,2032,0.47
2025-03-28,2032,0.47
2025-03-31,2032,0.47
2025-04-01,2032,0.47
2025-04-02,2032,0.47
2025-04-03,2032,0.47
2025-04-04,2032,0.47
2025-04-07,2032,0.47
2025-04-08,2032,0.47
2025-04-09,2032,0.47
2025-04-10,2032,0.47
2025-04-11,2032,0.47
2025-04-14,2032,0.47
2025-04-15,2032,0.47
2025-04-16,2032,0.5
2025-04-17,2032,0.5
2025-04-22,2032,0.5
2025-04-23,2032,0.5
2025-04-24,2032,0.5
2025-04-25,2032,0.5
2025-04-28,2032,0.5
2025-04-29,2032,0.5
2025-04-30,2032,0.5
2025-05-02,2032,0.5
2025-05-05,2032,0.5
2025-05-06,2032,0.5
2025-05-07,2032,0.5
2025-05-08,2032,0.5
2025-05-09,2032,0.5
2025-05-12,2032,0.5
2025-05-13,2032,0.5
2025-05-14,2032,0.5
2025-05-15,2032,0.5
2025-05-16,2032,0.5
2025-05-19,2032,0.5
2025-05-20,2032,0.5
2025-05-21,2032,0.5
2025-05-22,2032,0.5
2025-05-23,2032,0.5
2025-05-26,2032,0.5
2025-05-27,2032,0.5
2025-05-28,2032,0.5
2025-05-29,2032,0.5
2025-05-30,2032,0.5
2025-06-02,2032,0.5
2025-06-03,2032,0.5
2025-06-04,2032,0.5
2025-06-05,2032,0.5
2025-06-06,2032,0.5
2025-06-09,2032,0.47
2025-06-10,2032,0.47
2025-06-11,2032,0.47
2025-06-12,2032,0.5
2025-06-13,2032,0.5
2025-06-16,2032,0.5
2025-06-17,2032,0.5
2025-06-18,2032,0.5
2025-06-20,2032,0.5
2025-06-23,2032,0.5
2025-06-24,2032,0.5
2025-06-25,2032,0.5
2025-06-26,2032,0.5
2025-06-27,2032,0.5
2025-06-30,2032,0.5
2025-07-01,2032,0.5
2025-07-02,2032,0.5
2025-07-03,2032,0.5
2025-07-04,2032,0.5
2025-07-07,2032,0.5
2025-07-08,2032,0.5
2025-07-09,2032,0.5
2025-07-10,2032,0.5
2025-07-11,2032,0.5
2025-07-14,2032,0.5
2025-07-15,2032,0.5
2025-07-16,2032,0.5
2025-07-17,2032,0.5
2025-07-18,2032,0.52
2025-07-21,2032,0.545
2025-07-22,2032,0.545
2025-07-23,2032,0.545
2025-07-24,2032,0.545
2025-07-25,2032,0.545
2025-07-28,2032,0.52
2025-07-29,2032,0.52
2025-07-30,2032,0.52
2025-07-31,2032,0.52
2025-08-01,2032,0.545
2025-08-04,2032,0.545
2025-08-05,2032,0.545
2025-08-06,2032,0.56
2025-08-07,2032,0.535
2025-08-08,2032,0.535
2025-08-11,2032,0.55
2025-08-12,2032,0.55
2025-08-13,2032,0.55
2025-08-14,2032,0.55
2025-08-15,2032,0.55
2025-08-18,2032,0.51
2025-08-19,2032,0.51
2025-08-20,2032,0.51
2025-08-21,2032,0.5
2025-08-22,2032,0.5
2025-08-25,2032,0.5
2025-08-26,2032,0.5
2025-08-27,2032,0.5
2025-08-28,2032,0.5
2025-08-29,2032,0.485
2025-09-01,2032,0.485
2025-09-02,2032,0.485
2025-09-03,2032,0.5
2025-09-04,2032,0.485
2025-09-05,2032,0.485
2025-09-08,2032,0.485
2025-09-09,2032,0.485
2025-09-10,2032,0.485
2025-09-11,2032,0.47
2025-09-12,2032,0.485
2025-09-15,2032,0.485
2025-09-16,2032,0.485
2025-09-17,2032,0.485
2025-09-18,2032,0.47
2025-09-19,2032,0.47
2025-09-22,2032,0.5
2025-09-23,2032,0.5
2025-09-24,2032,0.5
2025-09-25,2032,0.5
2025-09-26,2032,0.5
2025-09-29,2032,0.5
2025-09-30,2032,0.5
2025-10-01,2032,0.5
2025-10-02,2032,0.5
2025-10-03,2032,0.5
2025-10-06,2032,0.545
2025-10-07,2032,0.545
2025-10-08,2032,0.545
2025-10-09,2032,0.545
2025-10-10,2032,0.545
2025-10-13,2032,0.59
2025-10-14,2032,0.59
2025-10-15,2032,0.59
2025-10-16,2032,0.59
2025-10-17,2032,0.645
2025-10-20,2032,0.545
2025-10-21,2032,0.545
2025-10-22,2032,0.59
2025-10-23,2032,0.59
2025-10-24,2032,0.6
2025-10-27,2032,0.5
2025-10-28,2032,0.5
2025-10-29,2032,0.5
2025-10-30,2032,0.5
2025-10-31,2032,0.5
2025-11-03,2032,0.5
2025-11-04,2032,0.5
2025-11-05,2032,0.5
2025-11-06,2032,0.5
2025-11-07,2032,0.5
2025-11-10,2032,0.5
2025-11-11,2032,0.5
2025-11-12,2032,0.5
2025-11-13,2032,0.5
2025-11-14,2032,0.5
2025-11-17,2032,0.5
2025-11-18,2032,0.5
2025-11-19,2032,0.5
2025-11-21,2032,0.5
2025-11-24,2032,0.5
2025-11-25,2032,0.5
2025-11-26,2032,0.5
2025-11-27,2032,0.5
2025-11-28,2032,0.5
2025-12-01,2032,0.5
2025-12-02,2032,0.5
2025-12-03,2032,0.5
2025-12-04,2032,0.5
2025-12-05,2032,0.5
2025-12-08,2032,0.5
2025-12-09,2032,0.5
2025-12-10,2032,0.5
2025-12-11,2032,0.5
2025-12-12,2032,0.5
2025-12-15,2032,0.5
2025-12-16,2032,0.5
2025-12-17,2032,0.5
2025-12-18,2032,0.5
2025-12-19,2032,0.5
2025-12-22,2032,0.5
2025-12-23,2032,0.5
2025-12-24,2032,0.5
2025-12-26,2032,0.5
2025-12-29,2032,0.5
2025-12-30,2032,0.5
2025-12-31,2032,0.5
2026-01-02,2032,0.5
2026-01-05,2032,0.5
2026-01-06,2032,0.5
2026-01-07,2032,0.5
2026-01-08,2032,0.485
2026-01-09,2032,0.485
2026-01-12,2032,0.5
2026-01-13,2032,0.53
2026-01-14,2032,0.5
2026-01-15,2032,0.485
2026-01-16,2032,0.485
2026-01-19,2032,0.47
2026-01-20,2032,0.485
2026-01-21,2032,0.485
2026-01-22,2032,0.5
2026-01-23,2032,0.58
2026-01-26,2032,0.58
2026-01-27,2032,0.58
2026-01-28,2032,0.58
2026-01-29,2032,0.58
2026-01-30,2032,0.58
2026-02-02,2032,0.58
2026-02-03,2032,0.58
2026-02-04,2032,0.55
2026-02-05,2032,0.55
2026-02-06,2032,0.55
2026-02-09,2032,0.55
2026-02-10,2032,0.55
2026-02-11,2032,0.55
2026-02-12,2032,0.525
2026-02-13,2032,0.55
2026-02-18,2032,0.525
2026-02-19,2032,0.5
2026-02-20,2032,0.5
2026-02-23,2032,0.5
2026-02-24,2032,0.5
2026-02-25,2032,0.5
2026-02-26,2032,0.5
2026-02-27,2032,0.5
2026-03-02,2032,0.5
2026-03-03,2032,0.5
2026-03-04,2032,0.5
2026-03-05,2032,0.5
2026-03-06,2032,0.5
2026-03-09,2032,0.5
2026-03-10,2032,0.5
2026-03-11,2032,0.5
2026-03-12,2032,0.5
2026-03-13,2032,0.5
2026-03-16,2032,0.5
2026-03-17,2032,0.5
2026-03-18,2032,0.5
2026-03-19,2032,0.5
2026-03-20,2032,0.5
2026-03-23,2032,0.5
2026-03-24,2032,0.5
2026-03-25,2032,0.5
2026-03-26,2032,0.5
2026-03-27,2032,0.5
2026-03-30,2032,0.5
2026-03-31,2032,0.5
2026-04-01,2032,0.5
2026-04-02,2032,0.5
2026-04-06,2032,0.5
2026-04-07,2032,0.5
2026-04-08,2032,0.5
2026-04-09,2032,0.5
2026-04-10,2032,0.5
2026-04-13,2032,0.5
2026-04-14,2032,0.5
2026-04-15,2032,0.5
2026-04-16,2032,0.5
2026-04-17,2032,0.5
2026-04-20,2032,0.5
2026-04-22,2032,0.5
2026-04-23,2032,0.5
2026-04-24,2032,0.5
2026-04-27,2032,0.5
2026-04-28,2032,0.5
2026-04-29,2032,0.5
2026-04-30,2032,0.5
2026-05-04,2032,0.5
2026-05-05,2032,0.5
2026-05-06,2032,0.5
2026-05-07,2032,0.5
2026-05-08,2032,0.5
2026-05-11,2032,0.5
2026-05-12,2032,0.49
2026-05-13,2032,0.49
2026-05-14,2032,0.5
2026-05-15,2032,0.5
2026-05-18,2032,0.49
2026-05-19,2032,0.49
2026-05-20,2032,0.49
2026-05-21,2032,0.49
2026-05-22,2032,0.48
2026-05-25,2032,0.49
2026-05-26,2032,0.49
2026-05-27,2032,0.49
2026-05-28,2032,0.5
2026-05-29,2032,0.5
2026-06-01,2032,0.4
2026-06-02,2032,0.4
2026-06-03,2032,0.4
2026-06-05,2032,0.5
2026-06-08,2032,0.45
2026-06-09,2032,0.45
2026-06-10,2032,0.45
2026-06-11,2032,0.45
2026-06-12,2032,0.4
2024-02-07,2033,0.5
2024-02-08,2033,0.8
2024-02-09,2033,0.8
2024-02-14,2033,0.8
2024-02-15,2033,0.8
2024-02-16,2033,0.65
2024-02-19,2033,0.65
2024-02-20,2033,0.65
2024-02-21,2033,0.5
2024-02-22,2033,0.5
2024-02-23,2033,0.65
2024-02-26,2033,0.8
2024-02-27,2033,0.65
2024-02-28,2033,0.65
2024-02-29,2033,0.65
2024-03-01,2033,0.65
2024-03-04,2033,0.8
2024-03-05,2033,0.9
2024-03-06,2033,0.8
2024-03-07,2033,0.8
2024-03-08,2033,0.65
2024-03-11,2033,0.7
2024-03-12,2033,0.7
2024-03-13,2033,0.7
2024-03-14,2033,0.7
2024-03-15,2033,0.75
2024-03-18,2033,0.75
2024-03-19,2033,0.5
2024-03-20,2033,0.5
2024-03-21,2033,0.5
2024-03-22,2033,0.75
2024-03-25,2033,0.75
2024-03-26,2033,0.75
2024-03-27,2033,0.75
2024-03-28,2033,0.75
2024-04-01,2033,0.75
2024-04-02,2033,0.75
2024-04-03,2033,0.75
2024-04-04,2033,0.75
2024-04-05,2033,0.75
2024-04-08,2033,0.75
2024-04-09,2033,0.75
2024-04-10,2033,0.75
2024-04-11,2033,0.65
2024-04-12,2033,0.9
2024-04-15,2033,0.8
2024-04-16,2033,0.8
2024-04-17,2033,0.8
2024-04-18,2033,0.8
2024-04-19,2033,0.95
2024-04-22,2033,0.95
2024-04-23,2033,0.95
2024-04-24,2033,0.95
2024-04-25,2033,0.95
2024-04-26,2033,0.95
2024-04-29,2033,0.95
2024-04-30,2033,0.95
2024-05-02,2033,0.9
2024-05-03,2033,0.9
2024-05-06,2033,0.9
2024-05-07,2033,0.9
2024-05-08,2033,0.9
2024-05-09,2033,0.9
2024-05-10,2033,0.9
2024-05-13,2033,0.9
2024-05-14,2033,0.75
2024-05-15,2033,0.9
2024-05-16,2033,0.9
2024-05-17,2033,0.75
2024-05-20,2033,0.6
2024-05-21,2033,0.6
2024-05-22,2033,0.6
2024-05-23,2033,0.75
2024-05-24,2033,0.9
2024-05-27,2033,0.9
2024-05-28,2033,0.9
2024-05-29,2033,0.9
2024-05-31,2033,0.9
2024-06-03,2033,0.6
2024-06-04,2033,0.6
2024-06-05,2033,0.6
2024-06-06,2033,0.6
2024-06-07,2033,0.6
2024-06-10,2033,0.6
2024-06-11,2033,0.7
2024-06-12,2033,0.7
2024-06-13,2033,0.8
2024-06-14,2033,0.8
2024-06-17,2033,0.8
2024-06-18,2033,0.8
2024-06-19,2033,0.7
2024-06-20,2033,0.6
2024-06-21,2033,0.6
2024-06-24,2033,0.55
2024-06-25,2033,0.55
2024-06-26,2033,0.55
2024-06-27,2033,0.55
2024-06-28,2033,0.5
2024-07-01,2033,0.5
2024-07-02,2033,0.5
2024-07-03,2033,0.5
2024-07-04,2033,0.5
2024-07-05,2033,0.6
2024-07-08,2033,0.55
2024-07-09,2033,0.6
2024-07-10,2033,0.6
2024-07-11,2033,0.55
2024-07-12,2033,0.5
2024-07-15,2033,0.45
2024-07-16,2033,0.4
2024-07-17,2033,0.4
2024-07-18,2033,0.365
2024-07-19,2033,0.45
2024-07-22,2033,0.5
2024-07-23,2033,0.5
2024-07-24,2033,0.5
2024-07-25,2033,0.5
2024-07-26,2033,0.5
2024-07-29,2033,0.51
2024-07-30,2033,0.51
2024-07-31,2033,0.51
2024-08-01,2033,0.51
2024-08-02,2033,0.51
2024-08-05,2033,0.51
2024-08-06,2033,0.51
2024-08-07,2033,0.51
2024-08-08,2033,0.51
2024-08-09,2033,0.5
2024-08-12,2033,0.45
2024-08-13,2033,0.45
2024-08-14,2033,0.45
2024-08-15,2033,0.45
2024-08-16,2033,0.375
2024-08-19,2033,0.25
2024-08-20,2033,0.3
2024-08-21,2033,0.3
2024-08-22,2033,0.14
2024-08-23,2033,0.35
2024-08-26,2033,0.35
2024-08-27,2033,0.35
2024-08-28,2033,0.35
2024-08-29,2033,0.35
2024-08-30,2033,0.35
2024-09-02,2033,0.35
2024-09-03,2033,0.35
2024-09-04,2033,0.35
2024-09-05,2033,0.3
2024-09-06,2033,0.3
2024-09-09,2033,0.35
2024-09-10,2033,0.425
2024-09-11,2033,0.425
2024-09-12,2033,0.5
2024-09-13,2033,0.5
2024-09-16,2033,0.55
2024-09-17,2033,0.55
2024-09-18,2033,0.55
2024-09-19,2033,0.5
2024-09-20,2033,0.5
2024-09-23,2033,0.5
2024-09-24,2033,0.5
2024-09-25,2033,0.55
2024-09-26,2033,0.6
2024-09-27,2033,0.6
2024-09-30,2033,0.6
2024-10-01,2033,0.6
2024-10-02,2033,0.6
2024-10-03,2033,0.6
2024-10-04,2033,0.6
2024-10-07,2033,0.6
2024-10-08,2033,0.6
2024-10-09,2033,0.6
2024-10-10,2033,0.75
2024-10-11,2033,0.75
2024-10-14,2033,0.425
2024-10-15,2033,0.425
2024-10-16,2033,0.425
2024-10-17,2033,0.425
2024-10-18,2033,0.5
2024-10-21,2033,0.5
2024-10-22,2033,0.5
2024-10-23,2033,0.5
2024-10-24,2033,0.5
2024-10-25,2033,0.5
2024-10-28,2033,0.5
2024-10-29,2033,0.5
2024-10-30,2033,0.5
2024-10-31,2033,0.5
2024-11-01,2033,0.5
2024-11-04,2033,0.5
2024-11-05,2033,0.5
2024-11-06,2033,0.5
2024-11-07,2033,0.5
2024-11-08,2033,0.5
2024-11-11,2033,0.5
2024-11-12,2033,0.5
2024-11-13,2033,0.5
2024-11-14,2033,0.5
2024-11-18,2033,0.5
2024-11-19,2033,0.5
2024-11-21,2033,0.5
2024-11-22,2033,0.5
2024-11-25,2033,0.5
2024-11-26,2033,0.5
2024-11-27,2033,0.5
2024-11-28,2033,0.5
2024-11-29,2033,0.65
2024-12-02,2033,0.8
2024-12-03,2033,0.8
2024-12-04,2033,0.8
2024-12-05,2033,0.8
2024-12-06,2033,0.75
2024-12-09,2033,0.75
2024-12-10,2033,0.75
2024-12-11,2033,0.75
2024-12-12,2033,0.7
2024-12-13,2033,0.7
2024-12-16,2033,0.7
2024-12-17,2033,0.7
2024-12-18,2033,0.7
2024-12-19,2033,0.7
2024-12-20,2033,0.7
2024-12-23,2033,0.6
2024-12-24,2033,0.6
2024-12-26,2033,0.6
2024-12-27,2033,0.6
2024-12-30,2033,0.6
2024-12-31,2033,0.6
2025-01-02,2033,0.6
2025-01-03,2033,0.5
2025-01-06,2033,0.45
2025-01-07,2033,0.4
2025-01-08,2033,0.4
2025-01-09,2033,0.4
2025-01-10,2033,0.45
2025-01-13,2033,0.45
2025-01-14,2033,0.45
2025-01-15,2033,0.45
2025-01-16,2033,0.5
2025-01-17,2033,0.5
2025-01-20,2033,0.5
2025-01-21,2033,0.5
2025-01-22,2033,0.5
2025-01-23,2033,0.5
2025-01-24,2033,0.515
2025-01-27,2033,0.515
2025-01-28,2033,0.515
2025-01-29,2033,0.515
2025-01-30,2033,0.515
2025-01-31,2033,0.515
2025-02-03,2033,0.55
2025-02-04,2033,0.54
2025-02-05,2033,0.54
2025-02-06,2033,0.54
2025-02-07,2033,0.53
2025-02-10,2033,0.53
2025-02-11,2033,0.515
2025-02-12,2033,0.515
2025-02-13,2033,0.515
2025-02-14,2033,0.515
2025-02-17,2033,0.5
2025-02-18,2033,0.5
2025-02-19,2033,0.5
2025-02-20,2033,0.515
2025-02-21,2033,0.55
2025-02-24,2033,0.5
2025-02-25,2033,0.5
2025-02-26,2033,0.525
2025-02-27,2033,0.525
2025-02-28,2033,0.525
2025-03-05,2033,0.615
2025-03-06,2033,0.55
2025-03-07,2033,0.615
2025-03-10,2033,0.55
2025-03-11,2033,0.575
2025-03-12,2033,0.575
2025-03-13,2033,0.525
2025-03-14,2033,0.6
2025-03-17,2033,0.6
2025-03-18,2033,0.6
2025-03-19,2033,0.6
2025-03-20,2033,0.6
2025-03-21,2033,0.575
2025-03-24,2033,0.55
2025-03-25,2033,0.55
2025-03-26,2033,0.55
2025-03-27,2033,0.55
2025-03-28,2033,0.55
2025-03-31,2033,0.55
2025-04-01,2033,0.55
2025-04-02,2033,0.55
2025-04-03,2033,0.55
2025-04-04,2033,0.55
2025-04-07,2033,0.55
2025-04-08,2033,0.55
2025-04-09,2033,0.55
2025-04-10,2033,0.55
2025-04-11,2033,0.55
2025-04-14,2033,0.6075
2025-04-15,2033,0.6075
2025-04-16,2033,0.6
2025-04-17,2033,0.6
2025-04-22,2033,0.575
2025-04-23,2033,0.575
2025-04-24,2033,0.575
2025-04-25,2033,0.6075
2025-04-28,2033,0.615
2025-04-29,2033,0.615
2025-04-30,2033,0.6175
2025-05-02,2033,0.71
2025-05-05,2033,0.62
2025-05-06,2033,0.62
2025-05-07,2033,0.62
2025-05-08,2033,0.62
2025-05-09,2033,0.62
2025-05-12,2033,0.62
2025-05-13,2033,0.62
2025-05-14,2033,0.62
2025-05-15,2033,0.6175
2025-05-16,2033,0.6175
2025-05-19,2033,0.8
2025-05-20,2033,0.8
2025-05-21,2033,0.8
2025-05-22,2033,0.8
2025-05-23,2033,0.8
2025-05-26,2033,0.8
2025-05-27,2033,0.8
2025-05-28,2033,0.8
2025-05-29,2033,0.8
2025-05-30,2033,0.8
2025-06-02,2033,0.6175
2025-06-03,2033,0.6175
2025-06-04,2033,0.615
2025-06-05,2033,0.6075
2025-06-06,2033,0.6075
2025-06-09,2033,0.6
2025-06-10,2033,0.6
2025-06-11,2033,0.6
2025-06-12,2033,0.64
2025-06-13,2033,0.55
2025-06-16,2033,0.6
2025-06-17,2033,0.6
2025-06-18,2033,0.6
2025-06-20,2033,0.6
2025-06-23,2033,0.6
2025-06-24,2033,0.6
2025-06-25,2033,0.6
2025-06-26,2033,0.6
2025-06-27,2033,0.6
2025-06-30,2033,0.6
2025-07-01,2033,0.6
2025-07-02,2033,0.61
2025-07-03,2033,0.61
2025-07-04,2033,0.61
2025-07-07,2033,0.645
2025-07-08,2033,0.645
2025-07-09,2033,0.645
2025-07-10,2033,0.645
2025-07-11,2033,0.645
2025-07-14,2033,0.605
2025-07-15,2033,0.605
2025-07-16,2033,0.605
2025-07-17,2033,0.6
2025-07-18,2033,0.68
2025-07-21,2033,0.72
2025-07-22,2033,0.72
2025-07-23,2033,0.72
2025-07-24,2033,0.72
2025-07-25,2033,0.72
2025-07-28,2033,0.68
2025-07-29,2033,0.68
2025-07-30,2033,0.68
2025-07-31,2033,0.68
2025-08-01,2033,0.72
2025-08-04,2033,0.72
2025-08-05,2033,0.72
2025-08-06,2033,0.73
2025-08-07,2033,0.69
2025-08-08,2033,0.69
2025-08-11,2033,0.7
2025-08-12,2033,0.7
2025-08-13,2033,0.7
2025-08-14,2033,0.7
2025-08-15,2033,0.7
2025-08-18,2033,0.645
2025-08-19,2033,0.645
2025-08-20,2033,0.645
2025-08-21,2033,0.61
2025-08-22,2033,0.61
2025-08-25,2033,0.61
2025-08-26,2033,0.61
2025-08-27,2033,0.61
2025-08-28,2033,0.61
2025-08-29,2033,0.555
2025-09-01,2033,0.555
2025-09-02,2033,0.555
2025-09-03,2033,0.555
2025-09-04,2033,0.5
2025-09-05,2033,0.5
2025-09-08,2033,0.5
2025-09-09,2033,0.5
2025-09-10,2033,0.5
2025-09-11,2033,0.5
2025-09-12,2033,0.5
2025-09-15,2033,0.5
2025-09-16,2033,0.5
2025-09-17,2033,0.5
2025-09-18,2033,0.5
2025-09-19,2033,0.5
2025-09-22,2033,0.5
2025-09-23,2033,0.555
2025-09-24,2033,0.555
2025-09-25,2033,0.555
2025-09-26,2033,0.555
2025-09-29,2033,0.61
2025-09-30,2033,0.555
2025-10-01,2033,0.555
2025-10-02,2033,0.61
2025-10-03,2033,0.61
2025-10-06,2033,0.78
2025-10-07,2033,0.78
2025-10-08,2033,0.78
2025-10-09,2033,0.78
2025-10-10,2033,0.78
2025-10-13,2033,0.84
2025-10-14,2033,0.84
2025-10-15,2033,0.84
2025-10-16,2033,0.84
2025-10-17,2033,0.85
2025-10-20,2033,0.78
2025-10-21,2033,0.78
2025-10-22,2033,0.815
2025-10-23,2033,0.815
2025-10-24,2033,0.85
2025-10-27,2033,0.7
2025-10-28,2033,0.7
2025-10-29,2033,0.7
2025-10-30,2033,0.7
2025-10-31,2033,0.775
2025-11-03,2033,0.775
2025-11-04,2033,0.775
2025-11-05,2033,0.775
2025-11-06,2033,0.7
2025-11-07,2033,0.775
2025-11-10,2033,0.775
2025-11-11,2033,0.85
2025-11-12,2033,0.775
2025-11-13,2033,0.775
2025-11-14,2033,0.78
2025-11-17,2033,0.71
2025-11-18,2033,0.71
2025-11-19,2033,0.71
2025-11-21,2033,0.7
2025-11-24,2033,0.7
2025-11-25,2033,0.705
2025-11-26,2033,0.71
2025-11-27,2033,0.735
2025-11-28,2033,0.735
2025-12-01,2033,0.705
2025-12-02,2033,0.705
2025-12-03,2033,0.705
2025-12-04,2033,0.71
2025-12-05,2033,0.715
2025-12-08,2033,0.715
2025-12-09,2033,0.715
2025-12-10,2033,0.715
2025-12-11,2033,0.71
2025-12-12,2033,0.71
2025-12-15,2033,0.71
2025-12-16,2033,0.71
2025-12-17,2033,0.705
2025-12-18,2033,0.705
2025-12-19,2033,0.7
2025-12-22,2033,0.7
2025-12-23,2033,0.7
2025-12-24,2033,0.7
2025-12-26,2033,0.7
2025-12-29,2033,0.7
2025-12-30,2033,0.7
2025-12-31,2033,0.7
2026-01-02,2033,0.7
2026-01-05,2033,0.7
2026-01-06,2033,0.7
2026-01-07,2033,0.7
2026-01-08,2033,0.655
2026-01-09,2033,0.655
2026-01-12,2033,0.7
2026-01-13,2033,0.71
2026-01-14,2033,0.7
2026-01-15,2033,0.655
2026-01-16,2033,0.655
2026-01-19,2033,0.6
2026-01-20,2033,0.605
2026-01-21,2033,0.605
2026-01-22,2033,0.61
2026-01-23,2033,0.715
2026-01-26,2033,0.715
2026-01-27,2033,0.715
2026-01-28,2033,0.715
2026-01-29,2033,0.73
2026-01-30,2033,0.715
2026-02-02,2033,0.715
2026-02-03,2033,0.7
2026-02-04,2033,0.68
2026-02-05,2033,0.68
2026-02-06,2033,0.69
2026-02-09,2033,0.7
2026-02-10,2033,0.7
2026-02-11,2033,0.7
2026-02-12,2033,0.69
2026-02-13,2033,0.7
2026-02-18,2033,0.705
2026-02-19,2033,0.68
2026-02-20,2033,0.61
2026-02-23,2033,0.645
2026-02-24,2033,0.68
2026-02-25,2033,0.68
2026-02-26,2033,0.68
2026-02-27,2033,0.68
2026-03-02,2033,0.68
2026-03-03,2033,0.68
2026-03-04,2033,0.68
2026-03-05,2033,0.68
2026-03-06,2033,0.645
2026-03-09,2033,0.645
2026-03-10,2033,0.645
2026-03-11,2033,0.645
2026-03-12,2033,0.645
2026-03-13,2033,0.61
2026-03-16,2033,0.61
2026-03-17,2033,0.61
2026-03-18,2033,0.61
2026-03-19,2033,0.61
2026-03-20,2033,0.61
2026-03-23,2033,0.61
2026-03-24,2033,0.61
2026-03-25,2033,0.61
2026-03-26,2033,0.61
2026-03-27,2033,0.61
2026-03-30,2033,0.61
2026-03-31,2033,0.61
2026-04-01,2033,0.61
2026-04-02,2033,0.61
2026-04-06,2033,0.61
2026-04-07,2033,0.61
2026-04-08,2033,0.61
2026-04-09,2033,0.61
2026-04-10,2033,0.61
2026-04-13,2033,0.605
2026-04-14,2033,0.61
2026-04-15,2033,0.605
2026-04-16,2033,0.605
2026-04-17,2033,0.6
2026-04-20,2033,0.65
2026-04-22,2033,0.65
2026-04-23,2033,0.65
2026-04-24,2033,0.65
2026-04-27,2033,0.75
2026-04-28,2033,0.75
2026-04-29,2033,0.75
2026-04-30,2033,0.75
2026-05-04,2033,0.725
2026-05-05,2033,0.725
2026-05-06,2033,0.7
2026-05-07,2033,0.7
2026-05-08,2033,0.7
2026-05-11,2033,0.7
2026-05-12,2033,0.65
2026-05-13,2033,0.65
2026-05-14,2033,0.7
2026-05-15,2033,0.7
2026-05-18,2033,0.645
2026-05-19,2033,0.645
2026-05-20,2033,0.645
2026-05-21,2033,0.645
2026-05-22,2033,0.7
2026-05-25,2033,0.6671
2026-05-26,2033,0.6671
2026-05-27,2033,0.6671
2026-05-28,2033,0.7
2026-05-29,2033,0.6342
2026-06-01,2033,0.6342
2026-06-02,2033,0.6342
2026-06-03,2033,0.6342
2026-06-05,2033,0.6342
2026-06-08,2033,0.6342
2026-06-09,2033,0.6342
2026-06-10,2033,0.6342
2026-06-11,2033,0.6342
2026-06-12,2033,0.6342
2025-01-31,2034,0.3
2025-02-03,2034,0.3
2025-02-04,2034,0.3
2025-02-05,2034,0.3
2025-02-06,2034,0.3
2025-02-07,2034,0.4
2025-02-10,2034,0.525
2025-02-11,2034,0.525
2025-02-12,2034,0.525
2025-02-13,2034,0.5
2025-02-14,2034,0.5
2025-02-17,2034,0.5
2025-02-18,2034,0.5
2025-02-19,2034,0.5
2025-02-20,2034,0.5
2025-02-21,2034,0.68
2025-02-24,2034,0.68
2025-02-25,2034,0.68
2025-02-26,2034,0.76
2025-02-27,2034,0.76
2025-02-28,2034,0.76
2025-03-05,2034,0.78
2025-03-06,2034,0.76
2025-03-07,2034,0.78
2025-03-10,2034,0.78
2025-03-11,2034,0.8
2025-03-12,2034,0.8
2025-03-13,2034,0.76
2025-03-14,2034,0.81
2025-03-17,2034,0.81
2025-03-18,2034,0.81
2025-03-19,2034,0.81
2025-03-20,2034,0.8
2025-03-21,2034,0.79
2025-03-24,2034,0.79
2025-03-25,2034,0.79
2025-03-26,2034,0.79
2025-03-27,2034,0.79
2025-03-28,2034,0.79
2025-03-31,2034,0.79
2025-04-01,2034,0.79
2025-04-02,2034,0.79
2025-04-03,2034,0.79
2025-04-04,2034,0.79
2025-04-07,2034,0.79
2025-04-08,2034,0.79
2025-04-09,2034,0.79
2025-04-10,2034,0.79
2025-04-11,2034,0.79
2025-04-14,2034,0.8
2025-04-15,2034,0.8
2025-04-16,2034,0.79
2025-04-17,2034,0.79
2025-04-22,2034,0.765
2025-04-23,2034,0.765
2025-04-24,2034,0.765
2025-04-25,2034,0.78
2025-04-28,2034,0.765
2025-04-29,2034,0.765
2025-04-30,2034,0.78
2025-05-02,2034,0.82
2025-05-05,2034,0.81
2025-05-06,2034,0.81
2025-05-07,2034,0.81
2025-05-08,2034,0.81
2025-05-09,2034,0.81
2025-05-12,2034,0.81
2025-05-13,2034,0.81
2025-05-14,2034,0.81
2025-05-15,2034,0.81
2025-05-16,2034,0.81
2025-05-19,2034,1.0
2025-05-20,2034,1.0
2025-05-21,2034,1.0
2025-05-22,2034,1.0
2025-05-23,2034,1.0
2025-05-26,2034,1.0
2025-05-27,2034,1.0
2025-05-28,2034,1.0
2025-05-29,2034,1.0
2025-05-30,2034,1.0
2025-06-02,2034,0.81
2025-06-03,2034,0.81
2025-06-04,2034,0.8
2025-06-05,2034,0.79
2025-06-06,2034,0.79
2025-06-09,2034,0.8
2025-06-10,2034,0.8
2025-06-11,2034,0.8
2025-06-12,2034,0.785
2025-06-13,2034,0.76
2025-06-16,2034,0.77
2025-06-17,2034,0.77
2025-06-18,2034,0.77
2025-06-20,2034,0.77
2025-06-23,2034,0.77
2025-06-24,2034,0.77
2025-06-25,2034,0.77
2025-06-26,2034,0.77
2025-06-27,2034,0.77
2025-06-30,2034,0.77
2025-07-01,2034,0.77
2025-07-02,2034,0.77
2025-07-03,2034,0.77
2025-07-04,2034,0.77
2025-07-07,2034,0.785
2025-07-08,2034,0.785
2025-07-09,2034,0.785
2025-07-10,2034,0.785
2025-07-11,2034,0.785
2025-07-14,2034,0.76
2025-07-15,2034,0.76
2025-07-16,2034,0.76
2025-07-17,2034,0.75
2025-07-18,2034,0.8
2025-07-21,2034,0.875
2025-07-22,2034,0.875
2025-07-23,2034,0.875
2025-07-24,2034,0.875
2025-07-25,2034,0.875
2025-07-28,2034,0.8
2025-07-29,2034,0.8
2025-07-30,2034,0.8
2025-07-31,2034,0.8
2025-08-01,2034,0.8
2025-08-04,2034,0.8
2025-08-05,2034,0.8
2025-08-06,2034,0.8
2025-08-07,2034,0.77
2025-08-08,2034,0.77
2025-08-11,2034,0.785
2025-08-12,2034,0.785
2025-08-13,2034,0.785
2025-08-14,2034,0.785
2025-08-15,2034,0.785
2025-08-18,2034,0.72
2025-08-19,2034,0.72
2025-08-20,2034,0.72
2025-08-21,2034,0.7
2025-08-22,2034,0.7
2025-08-25,2034,0.7
2025-08-26,2034,0.7
2025-08-27,2034,0.7
2025-08-28,2034,0.7
2025-08-29,2034,0.65
2025-09-01,2034,0.65
2025-09-02,2034,0.65
2025-09-03,2034,0.65
2025-09-04,2034,0.6
2025-09-05,2034,0.6
2025-09-08,2034,0.6
2025-09-09,2034,0.6
2025-09-10,2034,0.6
2025-09-11,2034,0.6
2025-09-12,2034,0.6
2025-09-15,2034,0.6
2025-09-16,2034,0.6
2025-09-17,2034,0.6
2025-09-18,2034,0.6
2025-09-19,2034,0.6
2025-09-22,2034,0.65
2025-09-23,2034,0.7
2025-09-24,2034,0.7
2025-09-25,2034,0.7
2025-09-26,2034,0.7
2025-09-29,2034,0.72
2025-09-30,2034,0.7
2025-10-01,2034,0.7
2025-10-02,2034,0.72
2025-10-03,2034,0.72
2025-10-06,2034,0.82
2025-10-07,2034,0.82
2025-10-08,2034,0.82
2025-10-09,2034,0.82
2025-10-10,2034,0.82
2025-10-13,2034,0.9
2025-10-14,2034,0.9
2025-10-15,2034,0.9
2025-10-16,2034,0.9
2025-10-17,2034,0.93
2025-10-20,2034,0.82
2025-10-21,2034,0.82
2025-10-22,2034,0.9
2025-10-23,2034,0.9
2025-10-24,2034,0.9
2025-10-27,2034,0.82
2025-10-28,2034,0.82
2025-10-29,2034,0.82
2025-10-30,2034,0.82
2025-10-31,2034,0.9
2025-11-03,2034,0.9
2025-11-04,2034,0.9
2025-11-05,2034,0.9
2025-11-06,2034,0.9
2025-11-07,2034,0.9
2025-11-10,2034,0.9
2025-11-11,2034,0.9
2025-11-12,2034,0.9
2025-11-13,2034,0.9
2025-11-14,2034,0.9
2025-11-17,2034,0.9
2025-11-18,2034,0.9
2025-11-19,2034,0.9
2025-11-21,2034,0.85
2025-11-24,2034,0.85
2025-11-25,2034,0.875
2025-11-26,2034,0.9
2025-11-27,2034,0.9
2025-11-28,2034,0.9
2025-12-01,2034,0.875
2025-12-02,2034,0.875
2025-12-03,2034,0.875
2025-12-04,2034,0.9
2025-12-05,2034,0.885
2025-12-08,2034,0.885
2025-12-09,2034,0.885
2025-12-10,2034,0.885
2025-12-11,2034,0.9
2025-12-12,2034,0.9
2025-12-15,2034,0.9
2025-12-16,2034,0.9
2025-12-17,2034,0.885
2025-12-18,2034,0.885
2025-12-19,2034,0.9
2025-12-22,2034,0.885
2025-12-23,2034,0.885
2025-12-24,2034,0.885
2025-12-26,2034,0.885
2025-12-29,2034,0.87
2025-12-30,2034,0.87
2025-12-31,2034,0.87
2026-01-02,2034,0.87
2026-01-05,2034,0.87
2026-01-06,2034,0.885
2026-01-07,2034,0.885
2026-01-08,2034,0.81
2026-01-09,2034,0.81
2026-01-12,2034,0.87
2026-01-13,2034,0.885
2026-01-14,2034,0.87
2026-01-15,2034,0.775
2026-01-16,2034,0.775
2026-01-19,2034,0.7
2026-01-20,2034,0.72
2026-01-21,2034,0.72
2026-01-22,2034,0.74
2026-01-23,2034,0.835
2026-01-26,2034,0.835
2026-01-27,2034,0.835
2026-01-28,2034,0.835
2026-01-29,2034,0.87
2026-01-30,2034,0.835
2026-02-02,2034,0.835
2026-02-03,2034,0.8
2026-02-04,2034,0.8
2026-02-05,2034,0.8
2026-02-06,2034,0.815
2026-02-09,2034,0.83
2026-02-10,2034,0.8
2026-02-11,2034,0.8
2026-02-12,2034,0.77
2026-02-13,2034,0.8
2026-02-18,2034,0.785
2026-02-19,2034,0.74
2026-02-20,2034,0.74
2026-02-23,2034,0.745
2026-02-24,2034,0.75
2026-02-25,2034,0.75
2026-02-26,2034,0.75
2026-02-27,2034,0.75
2026-03-02,2034,0.75
2026-03-03,2034,0.75
2026-03-04,2034,0.75
2026-03-05,2034,0.75
2026-03-06,2034,0.745
2026-03-09,2034,0.745
2026-03-10,2034,0.745
2026-03-11,2034,0.745
2026-03-12,2034,0.745
2026-03-13,2034,0.745
2026-03-16,2034,0.745
2026-03-17,2034,0.745
2026-03-18,2034,0.745
2026-03-19,2034,0.745
2026-03-20,2034,0.745
2026-03-23,2034,0.745
2026-03-24,2034,0.745
2026-03-25,2034,0.745
2026-03-26,2034,0.745
2026-03-27,2034,0.745
2026-03-30,2034,0.745
2026-03-31,2034,0.745
2026-04-01,2034,0.745
2026-04-02,2034,0.745
2026-04-06,2034,0.75
2026-04-07,2034,0.75
2026-04-08,2034,0.75
2026-04-09,2034,0.75
2026-04-10,2034,0.75
2026-04-13,2034,0.7425
2026-04-14,2034,0.75
2026-04-15,2034,0.7475
2026-04-16,2034,0.7475
2026-04-17,2034,0.75
2026-04-20,2034,0.775
2026-04-22,2034,0.775
2026-04-23,2034,0.775
2026-04-24,2034,0.775
2026-04-27,2034,0.9
2026-04-28,2034,0.9
2026-04-29,2034,0.9
2026-04-30,2034,0.8
2026-05-04,2034,0.8
2026-05-05,2034,0.8
2026-05-06,2034,0.8
2026-05-07,2034,0.8
2026-05-08,2034,0.8
2026-05-11,2034,0.8
2026-05-12,2034,0.775
2026-05-13,2034,0.775
2026-05-14,2034,0.8
2026-05-15,2034,0.8
2026-05-18,2034,0.75
2026-05-19,2034,0.75
2026-05-20,2034,0.75
2026-05-21,2034,0.75
2026-05-22,2034,0.8
2026-05-25,2034,0.8
2026-05-26,2034,0.8
2026-05-27,2034,0.8
2026-05-28,2034,0.8
2026-05-29,2034,0.8
2026-06-01,2034,0.8
2026-06-02,2034,0.8
2026-06-03,2034,0.8
2026-06-05,2034,0.87
2026-06-08,2034,0.835
2026-06-09,2034,0.835
2026-06-10,2034,0.835
2026-06-11,2034,0.835
2026-06-12,2034,0.8
2026-01-30,2035,0.3
2026-02-02,2035,0.3
2026-02-03,2035,0.3
2026-02-04,2035,0.5
2026-02-05,2035,0.5
2026-02-06,2035,0.75
2026-02-09,2035,0.5
2026-02-10,2035,0.5
2026-02-11,2035,0.5
2026-02-12,2035,0.5
2026-02-13,2035,1.0
2026-02-18,2035,0.5
2026-02-19,2035,0.5
2026-02-20,2035,0.96
2026-02-23,2035,0.83
2026-02-24,2035,0.96
2026-02-25,2035,0.96
2026-02-26,2035,0.96
2026-02-27,2035,0.96
2026-03-02,2035,0.96
2026-03-03,2035,0.96
2026-03-04,2035,0.96
2026-03-05,2035,0.96
2026-03-06,2035,0.83
2026-03-09,2035,0.83
2026-03-10,2035,0.83
2026-03-11,2035,0.83
2026-03-12,2035,0.83
2026-03-13,2035,1.0
2026-03-16,2035,1.0
2026-03-17,2035,1.0
2026-03-18,2035,1.0
2026-03-19,2035,1.0
2026-03-20,2035,1.0
2026-03-23,2035,1.0
2026-03-24,2035,1.0
2026-03-25,2035,1.0
2026-03-26,2035,1.0
2026-03-27,2035,1.0
2026-03-30,2035,1.0
2026-03-31,2035,1.0
2026-04-01,2035,1.0
2026-04-02,2035,1.0
2026-04-06,2035,1.0
2026-04-07,2035,1.0
2026-04-08,2035,1.0
2026-04-09,2035,1.0
2026-04-10,2035,1.0
2026-04-13,2035,1.0
2026-04-14,2035,1.0
2026-04-15,2035,1.0
2026-04-16,2035,1.0
2026-04-17,2035,0.95
2026-04-20,2035,0.96
2026-04-22,2035,0.96
2026-04-23,2035,0.95
2026-04-24,2035,0.95
2026-04-27,2035,1.0
2026-04-28,2035,1.0
2026-04-29,2035,1.0
2026-04-30,2035,1.0
2026-05-04,2035,1.0
2026-05-05,2035,1.0
2026-05-06,2035,1.0
2026-05-07,2035,1.0
2026-05-08,2035,1.0
2026-05-11,2035,1.0
2026-05-12,2035,0.98
2026-05-13,2035,0.98
2026-05-14,2035,1.0
2026-05-15,2035,1.0
2026-05-18,2035,0.95
2026-05-19,2035,0.95
2026-05-20,2035,0.95
2026-05-21,2035,0.95
2026-05-22,2035,1.0
2026-05-25,2035,1.0
2026-05-26,2035,1.0
2026-05-27,2035,1.0
2026-05-28,2035,1.0
2026-05-29,2035,1.0
2026-06-01,2035,1.0
2026-06-02,2035,1.0
2026-06-03,2035,1.0
2026-06-05,2035,1.0
2026-06-08,2035,1.0
2026-06-09,2035,1.0
2026-06-10,2035,1.0
2026-06-11,2035,1.0
2026-06-12,2035,1.0
