,EUR,AUD,CAD,GBP,JPY,SEK,NOK,NZD,CHF,MXN,CLP,BRL,COP,PEN,KRW,IDR,INR,THB,PHP,SGD,PLN,HUF,CZK,ZAR,TRY
2006-12-14,,,1.1573,,,,,,1.2147,,,,,,,,,,,1.5411,,,,,
2006-12-15,,,1.1577,,118.16,,,,1.2213,,,,,,,,,,,1.542,,,,,
2006-12-18,,,1.157,,118.13,,,,1.2224,,,,,,,,,,,1.5476,,,,,
2006-12-19,,,1.1529,,118.1,,,,1.2139,,,,,,,,,,,1.5423,,,,,
2006-12-20,,,1.1488,,118.43,,,,1.2178,,,,,,,,,,,1.5389,,,,,
2006-12-21,,,1.1549,,118.33,,,,1.2163,,,,,,,,,,,1.5395,,,,,
2006-12-22,,,1.1583,,118.84,,,,1.2199,,,,,,,,,,,1.5418,,,,,
2006-12-25,,,1.1573,,118.73,,,,1.219,,,,,,,,,,,1.5416,,,,,
2006-12-26,,,1.1613,,119.14,,,,1.2232,,,,,,,,,,,1.5412,,,,,
2006-12-27,,,1.1618,,118.77,,,,1.2263,,,,,,,,,,,1.5364,,,,,
2006-12-28,,,1.1604,,118.91,,,,1.2215,,,,,,,,,,,1.5341,,,,,
2006-12-29,,,1.1658,,119.05,,,,1.219,,,,,,,,,,,1.5329,,,,,
2007-01-01,,,1.1655,,119.02,,,,1.2184,,,,,,,,,,,,,,,,
2007-01-02,,,1.1652,,118.83,,,,1.2134,,,,,,,,,,,1.5305,,,,,
2007-01-03,,,1.1732,,119.36,,,,1.2261,,,,,,,,,,,1.5346,,,,,
2007-01-04,,,1.1776,,119.04,,,,1.233,,,,,,,,,,,1.5365,,,,,
2007-01-05,,,1.1726,,118.62,,,,1.2358,,,,,,,,,,,1.5362,,,,,
2007-01-08,,,1.175,,118.8,,,,1.2365,,,,,,,,,,,1.538,,,,,
2007-01-09,,,1.1767,,119.38,,,,1.2413,,,,,,,,,,,1.5364,,,,,
2007-01-10,,,1.1741,,119.67,,,,1.2465,,,,,,,,,,,1.5354,,,,,
2007-01-11,,,1.1778,,120.49,,,,1.2495,,,,,,,,,,,1.5444,,,,,
2007-01-12,,,1.1699,,120.32,,,,1.247,,,,,,,,,,,1.5422,,,,,
2007-01-15,,,1.1679,,120.43,,,,1.2487,,,,,,,,,,,1.5413,,,,,
2007-01-16,,,1.1758,,120.66,,,,1.2484,,,,,,,,,,,1.5388,,,,,
2007-01-17,,,1.1725,,120.66,,,,1.2472,,,,,,,,,,,1.5375,,,,,
2007-01-18,,,1.174,,121.21,,,,1.2468,,,,,,,,,,,1.5365,,,,,
2007-01-19,,,1.1723,,121.22,,,,1.2479,,,,,,,,,,,1.5373,,,,,
2007-01-22,,,1.1821,,121.67,,,,1.2489,,,,,,,,,,,1.5379,,,,,
2007-01-23,,,1.1804,,121.65,,,,1.2423,,,,,,,,,,,1.5345,,,,,
2007-01-24,,,1.1788,,121.19,,,,1.2476,,,,,,,,,,,1.536,,,,,
2007-01-25,,,1.183,,121.24,,,,1.2486,,,,,,,,,,,1.538,,,,,
2007-01-26,,,1.1797,,121.52,,,,1.2534,,,,,,,,,,,1.5376,,,,,
2007-01-29,,,1.1827,,121.75,,,,1.2532,,,,,,,,,,,1.539,,,,,
2007-01-30,,,1.1794,,121.63,,,,1.2514,,,,,,,,,,,1.5368,,,,,
2007-01-31,,,1.1763,,120.63,,,,1.244,,,,,,,,,,,1.5357,,,,,
2007-02-01,,,1.1783,,120.78,,,,1.2435,,,,,,,,,,,1.5339,,,,,
2007-02-02,,,1.1843,,121.1,,,,1.2479,,,,,,,,,,,1.5342,,,,,
2007-02-05,,,1.1825,,120.32,,,,1.2486,,,,,,,,,,,1.5336,,,,,
2007-02-06,,,1.1818,,120.11,,,,1.2398,,,,,,,,,,,1.5322,,,,,
2007-02-07,,,1.1844,,120.68,,,,1.2413,,,,,,,,,,,1.5317,,,,,
2007-02-08,,,1.1825,,121.03,,,,1.2459,,,,,,,,,,,1.5324,,,,,
2007-02-09,,,1.1722,,121.7,,,,1.2474,,,,,,,,,,,1.533,,,,,
2007-02-12,,,1.1754,,121.93,,,,1.2536,,,,,,,,,,,1.5401,,,,,
2007-02-13,,,1.1667,,121.16,,,,1.2468,,,,,,,,,,,1.5412,,,,,
2007-02-14,,,1.1654,,120.78,,,,1.2397,,,,,,,,,,,1.5369,,,,,
2007-02-15,,,1.1627,,119.25,,,,1.2344,,,,,,,,,,,1.5336,,,,,
2007-02-16,,,1.1628,,119.41,,,,1.2349,,,,,,,,,,,1.5306,,,,,
2007-02-19,,,1.164,,119.54,,,,1.2324,,,,,,,,,,,1.5321,,,,,
2007-02-20,,,1.1701,,120.01,,,,1.2365,,,,,,,,,,,1.5331,,,,,
2007-02-21,,,1.1597,,120.88,,,,1.2379,,,,,,,,,,,1.5337,,,,,
2007-02-22,,,1.1619,,121.56,,,,1.2381,,,,,,,,,,,1.5335,,,,,
2007-02-23,,,1.1595,,121.06,,,,1.2325,,,,,,,,,,,1.5304,,,,,
2007-02-26,,,1.1606,,120.65,,,,1.2298,,,,,,,,,,,1.5272,,,,,
2007-02-27,,,1.167,,117.92,,,,1.2178,,,,,,,,,,,1.5273,,,,,
2007-02-28,,,1.1695,,118.52,,,,1.2196,,,,,,,,,,,1.5281,,,,,
2007-03-01,,,1.1725,,117.54,,,,1.2217,,,,,,,,,,,1.5271,,,,,
2007-03-02,,,1.1773,,116.8,,,,1.2163,,,,,,,,,,,1.526,,,,,
2007-03-05,,,1.1808,,115.51,,,,1.2207,,,,,,,,,,,1.5298,,,,,
2007-03-06,,,1.1764,,116.6,,,,1.223,,,,,,,,,,,1.5285,,,,,
2007-03-07,,,1.1785,,116.01,,,,1.2174,,,,,,,,,,,1.5265,,,,,
2007-03-08,,,1.1801,,117.15,,,,1.2276,,,,,,,,,,,1.5275,,,,,
2007-03-09,,,1.1723,,118.32,,,,1.2346,,,,,,,,,,,1.5263,,,,,
2007-03-12,,,1.1718,,117.66,,,,1.2245,,,,,,,,,,,1.5262,,,,,
2007-03-13,,,1.1751,,116.28,,,,1.2177,,,,,,,,,,,1.5288,,,,,
2007-03-14,,,1.1761,,117.06,,,,1.2167,,,,,,,,,,,1.5337,,,,,
2007-03-15,,,1.177,,117.57,,,,1.2173,,,,,,,,,,,1.5332,,,,,
2007-03-16,,,1.1753,,116.73,,,,1.2069,,,,,,,,,,,1.5249,,,,,
2007-03-19,,,1.1771,,117.52,,,,1.2121,,,,,,,,,,,1.5258,,,,,
2007-03-20,,,1.1614,,117.27,,,,1.2118,,,,,,,,,,,1.5264,,,,,
2007-03-21,,,1.1555,,117.5,,,,1.2095,,,,,,,,,,,1.5207,,,,,
2007-03-22,,,1.1572,,118.13,,,,1.2143,,,,,,,,,,,1.519,,,,,
2007-03-23,,,1.1606,,118.07,,,,1.219,,,,,,,,,,,1.5168,,,,,
2007-03-26,,,1.1614,,118.11,,,,1.2155,,,,,,,,,,,1.5161,,,,,
2007-03-27,,,1.1571,,117.8,,,,1.2129,,,,,,,,,,,1.5153,,,,,
2007-03-28,,,1.1587,,116.84,,,,1.2162,,,,,,,,,,,1.518,,,,,
2007-03-29,,,1.1588,,118.06,,,,1.2176,,,,,,,,,,,1.5173,,,,,
2007-03-30,,,1.1538,,117.81,,,,1.2154,,,,,,,,,,,1.5174,,,,,
2007-04-02,,,1.1561,,117.85,,,,1.2153,,,,,,,,,,,1.5191,,,,,
2007-04-03,,,1.1585,,118.94,,,,1.2225,,,,,,,,,,,1.5197,,,,,
2007-04-04,,,1.1593,,118.7,,,,1.2199,,,,,,,,,,,1.5141,,,,,
2007-04-05,,,1.1508,,118.72,,,,1.2149,,,,,,,,,,,1.5127,,,,,
2007-04-06,,,1.1511,,119.25,,,,1.222,,,,,,,,,,,1.514,,,,,
2007-04-09,,,1.1528,,119.31,,,,1.2267,,,,,,,,,,,1.5127,,,,,
2007-04-10,,,1.1472,,119.05,,,,1.2165,,,,,,,,,,,1.5158,,,,,
2007-04-11,,,1.1393,,119.33,,,,1.2207,,,,,,,,,,,1.5179,,,,,
2007-04-12,,,1.1346,,119.15,,,,1.217,,,,,,,,,,,1.5175,,,,,
2007-04-13,,,1.1377,,119.23,,,,1.2146,,,,,,,,,,,1.5159,,,,,
2007-04-16,,,1.1315,,119.73,,,,1.2142,,,,,,,,,,,1.514,,,,,
2007-04-17,,,1.1307,,118.91,,,,1.2085,,,,,,,,,,,1.5135,,,,,
2007-04-18,,,1.1276,,118.67,,,,1.2037,,,,,,,,,,,1.5116,,,,,
2007-04-19,,,1.1294,,118.43,,,,1.2045,,,,,,,,,,,1.5112,,,,,
2007-04-20,,,1.1236,,118.67,,,,1.2084,,,,,,,,,,,1.5099,,,,,
2007-04-23,,,1.1219,,118.64,,,,1.2095,,,,,,,,,,,1.5119,,,,,
2007-04-24,,,1.1216,,118.58,,,,1.2014,,,,,,,,,,,1.5134,,,,,
2007-04-25,,,1.1148,,118.74,,,,1.2044,,,,,,,,,,,1.5139,,,,,
2007-04-26,,,1.1215,,119.58,,,,1.2086,,,,,,,,,,,1.5153,,,,,
2007-04-27,,,1.1164,,119.61,,,,1.2055,,,,,,,,,,,1.5154,,,,,
2007-04-30,,,1.1095,,119.49,,,,1.2072,,,,,,,,,,,1.5194,,,,,
2007-05-01,,,1.1108,,119.83,,,,1.2145,,,,,,,,,,,1.5197,,,,,
2007-05-02,,,1.109,,120.15,,,,1.2135,,,,,,,,,,,1.5253,,,,,
2007-05-03,,,1.1074,,120.42,,,,1.216,,,,,,,,,,,1.5226,,,,,
2007-05-04,,,1.1075,,120.18,,,,1.2113,,,,,,,,,,,1.5168,,,,,
2007-05-07,,,1.1017,,120.09,,,,1.2111,,,,,,,,,,,1.5157,,,,,
2007-05-08,,,1.1047,,120.03,,,,1.2182,,,,,,,,,,,1.5169,,,,,
2007-05-09,,,1.1048,,120.09,,,,1.2186,,,,,,,,,,,1.515,,,,,
2007-05-10,,,1.1112,,119.88,,,,1.2198,,,,,,,,,,,1.5184,,,,,
2007-05-11,,,1.1105,,120.18,,,,1.2189,,,,,,,,,,,1.5174,,,,,
2007-05-14,,,1.1057,,120.34,,,,1.2191,,,,,,,,,,,1.5154,,,,,
2007-05-15,,,1.0984,,120.26,,,,1.2153,,,,,,,,,,,1.5159,,,,,
2007-05-16,,,1.1045,,120.8,,,,1.2235,,,,,,,,,,,1.5222,,,,,
2007-05-17,,,1.0997,,121.29,,,,1.2271,,,,,,,,,,,1.524,,,,,
2007-05-18,,,1.0885,,121.11,,,,1.2271,,,,,,,,,,,1.525,,,,,
2007-05-21,,,1.0845,,121.45,,,,1.2306,,,,,,,,,,,1.5268,,,,,
2007-05-22,,,1.0863,,121.54,,,,1.2297,,,,,,,,,,,1.5312,,,,,
2007-05-23,,,1.0821,,121.65,,,,1.2277,,,,,,,,,,,1.5297,,,,,
2007-05-24,,,1.0836,,121.39,,,,1.2278,,,,,,,,,,,1.5287,,,,,
2007-05-25,,,1.08,,121.78,,,,1.2282,,,,,,,,,,,1.5272,,,,,
2007-05-28,,,1.0798,,121.71,,,,1.2286,,,,,,,,,,,1.5282,,,,,
2007-05-29,,,1.0735,,121.65,,,,1.2254,,,,,,,,,,,1.5279,,,,,
2007-05-30,,,1.074,,121.65,,,,1.2256,,,,,,,,,,,1.5294,,,,,
2007-05-31,,,1.0687,,121.72,,,,1.2252,,,,,,,,,,,1.5283,,,,,
2007-06-01,,,1.0607,,122.07,,,,1.2297,,,,,,,,,,,1.5307,,,,,
2007-06-04,,,1.0586,,121.77,,,,1.2235,,,,,,,,,,,1.5299,,,,,
2007-06-05,,,1.0632,,121.37,,,,1.218,,,,,,,,,,,1.5301,,,,,
2007-06-06,,,1.0584,,121.07,,,,1.2162,,,,,,,,,,,1.5326,,,,,
2007-06-07,,,1.0647,,120.97,,,,1.2238,,,,,,,,,,,1.5367,,,,,
2007-06-08,,,1.0606,,121.71,,,,1.2351,,,,,,,,,,,1.5398,,,,,
2007-06-11,,,1.0597,,121.71,,,,1.2381,,,,,,,,,,,1.5417,,,,,
2007-06-12,,,1.0676,,121.69,,,,1.2424,,,,,,,,,,,1.5413,,,,,
2007-06-13,,,1.066,,122.7,,,,1.2444,,,,,,,,,,,1.5421,,,,,
2007-06-14,,,1.0681,,122.91,,,,1.2462,,,,,,,,,,,1.5423,,,,,
2007-06-15,,,1.0678,,123.43,,,,1.2412,,,,,,,,,,,1.5386,,,,,
2007-06-18,,,1.0709,,123.66,,,,1.2421,,,,,,,,,,,1.5396,,,,,
2007-06-19,,,1.0624,,123.34,,,,1.2406,,,,,,,,,,,1.5365,,,,,
2007-06-20,,,1.0661,,123.56,,,,1.2372,,,,,,,,,,,1.5363,,,,,
2007-06-21,,,1.0746,,123.72,,,,1.2414,,,,,,,,,,,1.5348,,,,,
2007-06-22,,,1.0677,,123.87,,,,1.2291,,,,,,,,,,,1.5382,,,,,
2007-06-25,,,1.07,,123.66,,,,1.2284,,,,,,,,,,,1.5377,,,,,
2007-06-26,,,1.0693,,123.25,,,,1.2279,,,,,,,,,,,1.5386,,,,,
2007-06-27,,,1.0704,,122.83,,,,1.2292,,,,,,,,,,,1.538,,,,,
2007-06-28,,,1.059,,123.16,,,,1.2311,,,,,,,,,,,1.5351,,,,,
2007-06-29,,,1.0652,,123.16,,,,1.2214,,,,,,,,,,,1.5302,,,,,
2007-07-02,,,1.0556,,122.41,,,,1.2106,,,,,,,,,,,1.5231,,,,,
2007-07-03,,,1.0612,,122.44,,,,1.2157,,,,,,,,,,,1.5231,,,,,
2007-07-04,,,1.0575,,122.69,,,,1.2163,,,,,,,,,,,1.5214,,,,,
2007-07-05,,,1.0561,,122.92,,,,1.2171,,,,,,,,,,,1.5214,,,,,
2007-07-06,,,1.0493,,123.33,,,,1.2179,,,,,,,,,,,1.5203,,,,,
2007-07-09,,,1.0498,,123.39,,,,1.2166,,,,,,,,,,,1.5194,,,,,
2007-07-10,,,1.0538,,121.72,,,,1.202,,,,,,,,,,,1.5162,,,,,
2007-07-11,,,1.0543,,122.48,,,,1.2064,,,,,,,,,,,1.5157,,,,,
2007-07-12,,,1.0456,,122.41,,,,1.2029,,,,,,,,,,,1.5141,,,,,
2007-07-13,,,1.0476,,121.91,,,,1.2024,,,,,,,,,,,1.515,,,,,
2007-07-16,,,1.0437,,121.88,,,,1.2034,,,,,,,,,,,1.5165,,,,,
2007-07-17,,,1.0436,,122.32,,,,1.2028,,,,,,,,,,,1.5172,,,,,
2007-07-18,,,1.0436,,121.94,,,,1.2007,,,,,,,,,,,1.5162,,,,,
2007-07-19,,,1.0432,,122.0,,,,1.2034,,,,,,,,,,,1.5113,,,,,
2007-07-20,,,1.0486,,121.26,,,,1.2007,,,,,,,,,,,1.5113,,,,,
2007-07-23,,,1.0467,,121.09,,,,1.2059,,,,,,,,,,,1.5066,,,,,
2007-07-24,,,1.0357,,120.24,,,,1.2029,,,,,,,,,,,1.5059,,,,,
2007-07-25,,,1.0415,,120.49,,,,1.2133,,,,,,,,,,,1.5092,,,,,
2007-07-26,,,1.0534,,118.67,,,,1.2036,,,,,,,,,,,1.5153,,,,,
2007-07-27,,,1.0639,,118.6,,,,1.2084,,,,,,,,,,,1.5157,,,,,
2007-07-30,,,1.067,,119.05,,,,1.2028,,,,,,,,,,,1.5129,,,,,
2007-07-31,,,1.0664,,118.59,,,,1.2011,,,,,,,,,,,1.5162,,,,,
2007-08-01,,,1.056,,118.93,,,,1.2043,,,,,,,,,,,1.5169,,,,,
2007-08-02,,,1.0521,,119.2,,,,1.2045,,,,,,,,,,,1.5174,,,,,
2007-08-03,,,1.0567,,118.04,,,,1.1905,,,,,,,,,,,1.5167,,,,,
2007-08-06,,,1.0526,,118.86,,,,1.1915,,,,,,,,,,,1.514,,,,,
2007-08-07,,,1.0548,,118.81,,,,1.1969,,,,,,,,,,,1.5145,,,,,
2007-08-08,,,1.0485,,119.71,,,,1.1964,,,,,,,,,,,1.5102,,,,,
2007-08-09,,,1.0581,,118.15,,,,1.1963,,,,,,,,,,,1.5183,,,,,
2007-08-10,,,1.0529,,118.39,,,,1.1985,,,,,,,,,,,1.5206,,,,,
2007-08-13,,,1.0538,,118.24,,,,1.2052,,,,,,,,,,,1.5187,,,,,
2007-08-14,,,1.0671,,117.56,,,,1.2109,,,,,,,,,,,1.5284,,,,,
2007-08-15,,,1.0785,,116.6,,,,1.2191,,,,,,,,,,,1.5336,,,,,
2007-08-16,,,1.0761,,113.87,,,,1.2163,,,,,,,,,,,1.5338,,,,,
2007-08-17,,,1.0598,,114.37,,,,1.2077,,,,,,,,,,,1.5278,,,,,
2007-08-20,,,1.0551,,114.87,,,,1.2057,,,,,,,,,,,1.5281,,,,,
2007-08-21,,,1.0621,,114.42,,,,1.2061,,,,,,,,,,,1.5317,,,,,
2007-08-22,,,1.062,,115.31,,,,1.2063,,,,,,,,,,,1.5241,,,,,
2007-08-23,,,1.0527,,116.33,,,,1.2069,,,,,,,,,,,1.5199,,,,,
2007-08-24,,,1.0514,,116.1,,,,1.2009,,,,,,,,,,,1.5209,,,,,
2007-08-27,,,1.0544,,115.67,,,,1.2028,,,,,,,,,,,1.521,,,,,
2007-08-28,,,1.0651,,114.15,,,,1.2009,,,,,,,,,,,1.5279,,,,,
2007-08-29,,,1.0588,,116.12,,,,1.1992,,,,,,,,,,,1.5209,,,,,
2007-08-30,,,1.0574,,115.84,,,,1.2043,,,,,,,,,,,1.5228,,,,,
2007-08-31,,,1.0555,,115.76,,,,1.2085,,,,,,,,,,,1.525,,,,,
2007-09-03,,,1.0531,,115.93,,,,1.2087,,,,,,,,,,,1.5233,,,,,
2007-09-04,,,1.0493,,116.15,,,,1.2113,,,,,,,,,,,1.5251,,,,,
2007-09-05,,,1.0538,,115.08,,,,1.2041,,,,,,,,,,,1.5267,,,,,
2007-09-06,,,1.0514,,115.4,,,,1.2007,,,,,,,,,,,1.5228,,,,,
2007-09-07,,,1.055,,113.37,,,,1.1883,,,,,,,,,,,1.5251,,,,,
2007-09-10,,,1.0519,,113.64,,,,1.1858,,,,,,,,,,,1.5232,,,,,
2007-09-11,,,1.042,,114.31,,,,1.189,,,,,,,,,,,1.5184,,,,,
2007-09-12,,,1.0368,,114.17,,,,1.1843,,,,,,,,,,,1.5124,,,,,
2007-09-13,,,1.0362,,114.79,,,,1.186,,,,,,,,,,,1.5112,,,,,
2007-09-14,,,1.0297,,115.36,,,,1.1893,,,,,,,,,,,1.5123,,,,,
2007-09-17,,,1.0275,,115.07,,,,1.1874,,,,,,,,,,,1.5164,,,,,
2007-09-18,,,1.0137,,115.99,,,,1.1805,,,,,,,,,,,1.5084,,,,,
2007-09-19,,,1.0143,,115.89,,,,1.1835,,,,,,,,,,,1.5074,,,,,
2007-09-20,,,1.0014,,114.61,,,,1.172,,,,,,,,,,,1.5056,,,,,
2007-09-21,,,1.0006,,115.47,,,,1.1723,,,,,,,,,,,1.5049,,,,,
2007-09-24,,,1.0021,,114.9,,,,1.1733,,,,,,,,,,,1.4993,,,,,
2007-09-25,,,1.0035,,114.61,,,,1.1656,,,,,,,,,,,1.4985,,,,,
2007-09-26,,,1.0042,,115.45,,,,1.1696,,,,,,,,,,,1.4973,,,,,
2007-09-27,,,1.0014,,115.57,,,,1.1734,,,,,,,,,,,1.4899,,,,,
2007-09-28,,,0.9922,,114.79,,,,1.1639,,,,,,,,,,,1.4851,,,,,
2007-10-01,,,0.9915,,115.75,,,,1.1683,,,,,,,,,,,1.4769,,,,,
2007-10-02,,,0.9986,,115.64,,,,1.1755,,,,,,,,,,,1.4816,,,,,
2007-10-03,,,0.998,,116.68,,,,1.1803,,,,,,,,,,,1.4815,,,,,
2007-10-04,,,0.9964,,116.36,,,,1.1743,,,,,,,,,,,1.4803,,,,,
2007-10-05,,,0.9804,,116.97,,,,1.1782,,,,,,,,,,,1.472,,,,,
2007-10-08,,,0.986,,117.37,,,,1.1854,,,,,,,,,,,1.4743,,,,,
2007-10-09,,,0.9812,,117.09,,,,1.1834,,,,,,,,,,,1.4714,,,,,
2007-10-10,,,0.9817,,117.19,,,,1.1827,,,,,,,,,,,1.4661,,,,,
2007-10-11,,,0.9756,,117.3,,,,1.1814,,,,,,,,,,,1.4635,,,,,
2007-10-12,,,0.9717,,117.6,,,,1.1844,,,,,,,,,,,1.463,,,,,
2007-10-15,,,0.976,,117.42,,,,1.1799,,,,,,,,,,,1.4655,,,,,
2007-10-16,,,0.979,,116.86,,,,1.1824,,,,,,,,,,,1.4678,,,,,
2007-10-17,,,0.9738,,116.58,,,,1.1792,,,,,,,,,,,1.4657,,,,,
2007-10-18,,,0.9738,,115.6,,,,1.1703,,,,,,,,,,,1.4605,,,,,
2007-10-19,,,0.9668,,114.51,,,,1.1663,,,,,,,,,,,1.4628,,,,,
2007-10-22,,,0.9781,,114.49,,,,1.1781,,,,,,,,,,,1.464,,,,,
2007-10-23,,,0.9655,,114.69,,,,1.1728,,,,,,,,,,,1.4629,,,,,
2007-10-24,,,0.9682,,114.18,,,,1.1716,,,,,,,,,,,1.4607,,,,,
2007-10-25,,,0.9656,,114.17,,,,1.165,,,,,,,,,,,1.4553,,,,,
2007-10-26,,,0.9618,,114.17,,,,1.1641,,,,,,,,,,,1.4524,,,,,
2007-10-29,,,0.9528,,114.62,,,,1.1645,,,,,,,,,,,1.4515,,,,,
2007-10-30,,,0.9528,,114.64,,,,1.1577,,,,,,,,,,,1.4499,,,,,
2007-10-31,,,0.9429,,115.23,,,,1.1586,,,,,,,,,,,1.448,,,,,
2007-11-01,,,0.9511,,114.54,,,,1.158,,,,,,,,,,,1.4499,,,,,
2007-11-02,,,0.9345,,114.83,,,,1.1541,,,,,,,,,,,1.4487,,,,,
2007-11-05,,,0.9331,,114.52,,,,1.1537,,,,,,,,,,,1.4498,,,,,
2007-11-06,,,0.9202,,114.71,,,,1.1444,,,,,,,,,,,1.4462,,,,,
2007-11-07,,,0.9303,,112.61,,,,1.1334,,,,,,,,,,,1.4416,,,,,
2007-11-08,,,0.9348,,112.65,,,,1.1279,,,,,,,,,,,1.439,,,,,
2007-11-09,,,0.9446,,110.67,,,,1.1224,,,,,,,,,,,1.4414,,,,,
2007-11-12,,,0.9685,,109.4,,,,1.1287,,,,,,,,,,,1.455,,,,,
2007-11-13,,,0.9586,,110.92,,,,1.1274,,,,,,,,,,,1.4457,,,,,
2007-11-14,,,0.9672,,111.33,,,,1.1238,,,,,,,,,,,1.4471,,,,,
2007-11-15,,,0.9852,,110.29,,,,1.1227,,,,,,,,,,,1.4534,,,,,
2007-11-16,,,0.9734,,111.07,,,,1.1174,,,,,,,,,,,1.4508,,,,,
2007-11-19,,,0.984,,109.79,,,,1.115,,,,,,,,,,,1.4486,,,,,
2007-11-20,,,0.979,,109.98,,,,1.1057,,,,,,,,,,,1.4465,,,,,
2007-11-21,,,0.9866,,108.37,,,,1.1015,,,,,,,,,,,1.4516,,,,,
2007-11-22,,,0.9854,,108.41,,,,1.1009,,,,,,,,,,,1.4499,,,,,
2007-11-23,,,0.988,,108.26,,,,1.102,,,,,,,,,,,1.4414,,,,,
2007-11-26,,,0.9893,,107.39,,,,1.0968,,,,,,,,,,,1.4446,,,,,
2007-11-27,,,0.9961,,108.97,,,,1.1052,,,,,,,,,,,1.4417,,,,,
2007-11-28,,,0.9851,,110.03,,,,1.1107,,,,,,,,,,,1.4429,,,,,
2007-11-29,,,0.9981,,109.93,,,,1.1179,,,,,,,,,,,1.4489,,,,,
2007-11-30,,,0.9985,,111.2,,,,1.1316,,,,,,,,,,,1.4478,,,,,
2007-12-03,,,0.9997,,110.44,,,,1.1273,,,,,,,,,,,1.4504,,,,,
2007-12-04,,,1.011,,109.79,,,,1.1165,,,,,,,,,,,1.4453,,,,,
2007-12-05,,,1.0119,,110.89,,,,1.1274,,,,,,,,,,,1.4485,,,,,
2007-12-06,,,1.0082,,111.28,,,,1.1295,,,,,,,,,,,1.4438,,,,,
2007-12-07,,,1.0046,,111.65,,,,1.128,,,,,,,,,,,1.4404,,,,,
2007-12-10,,,1.0071,,111.68,,,,1.1278,,,,,,,,,,,1.4391,,,,,
2007-12-11,,,1.0147,,110.63,,,,1.131,,,,,,,,,,,1.4457,,,,,
2007-12-12,,,1.012,,112.22,,,,1.1346,,,,,,,,,,,1.4429,,,,,
2007-12-13,,,1.0206,,112.2,,,,1.1409,,,,,,,,,,,1.4407,,,,,
2007-12-14,,,1.0165,,113.26,,,,1.1528,,,,,,,,,,,1.4512,,,,,
2007-12-17,,,1.0052,,112.91,,,,1.1488,,,,,,,,,,,1.4602,,,,,
2007-12-18,,,1.0053,,113.36,,,,1.1517,,,,,,,,,,,1.4584,,,,,
2007-12-19,,,1.0022,,113.42,,,,1.155,,,,,,,,,,,1.46,,,,,
2007-12-20,,,1.0009,,113.12,,,,1.158,,,,,,,,,,,1.4612,,,,,
2007-12-21,,,0.9916,,113.97,,,,1.1553,,,,,,,,,,,1.4538,,,,,
2007-12-24,,,0.9836,,114.27,,,,1.1567,,,,,,,,,,,1.4514,,,,,
2007-12-25,,,0.9851,,114.15,,,,1.1571,,,,,,,,,,,1.4531,,,,,
2007-12-26,,,0.9812,,114.32,,,,1.1513,,,,,,,,,,,1.4533,,,,,
2007-12-27,,,0.9804,,113.69,,,,1.1387,,,,,,,,,,,1.449,,,,,
2007-12-28,,,0.9812,,112.79,,,,1.1268,,,,,,,,,,,1.4454,,,,,
2007-12-31,,,0.9981,,111.66,,,,1.1334,,,,,,,,,,,1.4409,,,,,
2008-01-01,,,0.992,,111.64,,,,1.1329,,,,,,,,,,,1.4392,,,,,
2008-01-02,,,0.9934,,109.62,,,,1.1184,,,,,,,,,,,1.438,,,,,
2008-01-03,,,0.9893,,109.28,,,,1.1109,,,,,,,,,,,1.4341,,,,,
2008-01-04,,,1.0011,,108.45,,,,1.1054,,,,,,,,,,,1.4335,,,,,
2008-01-07,,,1.0045,,109.16,,,,1.1164,,,,,,,,,,,1.4349,,,,,
2008-01-08,,,1.0071,,108.91,,,,1.1124,,,,,,,,,,,1.4319,,,,,
2008-01-09,,,1.01,,110.01,,,,1.1164,,,,,,,,,,,1.4316,,,,,
2008-01-10,,,1.0098,,109.3,,,,1.1031,,,,,,,,,,,1.4312,,,,,
2008-01-11,,,1.0188,,108.82,,,,1.1013,,,,,,,,,,,1.4335,,,,,
2008-01-14,,,1.0169,,108.16,,,,1.0929,,,,,,,,,,,1.4286,,,,,
2008-01-15,,,1.0181,,106.76,,,,1.0927,,,,,,,,,,,1.4282,,,,,
2008-01-16,,,1.0252,,107.62,,,,1.1006,,,,,,,,,,,1.4318,,,,,
2008-01-17,,,1.0287,,106.55,,,,1.1009,,,,,,,,,,,1.4372,,,,,
2008-01-18,,,1.0267,,106.82,,,,1.0992,,,,,,,,,,,1.4381,,,,,
2008-01-21,,,1.0348,,105.94,,,,1.1081,,,,,,,,,,,1.4473,,,,,
2008-01-22,,,1.0293,,106.43,,,,1.0949,,,,,,,,,,,1.4491,,,,,
2008-01-23,,,1.0234,,106.7,,,,1.0915,,,,,,,,,,,1.4299,,,,,
2008-01-24,,,1.0034,,107.14,,,,1.0878,,,,,,,,,,,1.426,,,,,
2008-01-25,,,1.0055,,107.01,,,,1.0969,,,,,,,,,,,1.4237,,,,,
2008-01-28,,,1.0042,,106.89,,,,1.089,,,,,,,,,,,1.4204,,,,,
2008-01-29,,,0.9979,,107.08,,,,1.0935,,,,,,,,,,,1.4217,,,,,
2008-01-30,,,0.9931,,106.27,,,,1.083,,,,,,,,,,,1.4178,,,,,
2008-01-31,,,1.0026,,106.41,,,,1.0816,,,,,,,,,,,1.4164,,,,,
2008-02-01,,,0.9934,,106.42,,,,1.0886,,,,,,,,,,,1.4136,,,,,
2008-02-04,,,0.9931,,106.67,,,,1.088,,,,,,,,,,,1.4138,,,,,
2008-02-05,,,1.0069,,106.78,,,,1.0996,,,,,,,,,,,1.4214,,,,,
2008-02-06,,,1.0058,,106.59,,,,1.0983,,,,,,,,,,,1.4152,,,,,
2008-02-07,,,1.009,,107.48,,,,1.1042,,,,,,,,,,,1.4167,,,,,
2008-02-08,,,1.0001,,107.36,,,,1.1018,,,,,,,,,,,1.4169,,,,,
2008-02-11,,,1.0013,,106.94,,,,1.1021,,,,,,,,,,,1.4181,,,,,
2008-02-12,,,1.0015,,107.33,,,,1.1024,,,,,,,,,,,1.4151,,,,,
2008-02-13,,,0.9966,,108.31,,,,1.1084,,,,,,,,,,,1.4187,,,,,
2008-02-14,,,0.9997,,107.84,,,,1.0978,,,,,,,,,,,1.4179,,,,,
2008-02-15,,,1.0089,,107.69,,,,1.0923,,,,,,,,,,,1.4121,,,,,
2008-02-18,,,1.0072,,108.2,,,,1.1021,,,,,,,,,,,1.4113,,,,,
2008-02-19,,,1.0172,,107.73,,,,1.094,,,,,,,,,,,1.4132,,,,,
2008-02-20,,,1.0122,,108.13,,,,1.0994,,,,,,,,,,,1.4104,,,,,
2008-02-21,,,1.011,,107.38,,,,1.0899,,,,,,,,,,,1.41,,,,,
2008-02-22,,,1.0152,,106.92,,,,1.0841,,,,,,,,,,,1.4052,,,,,
2008-02-25,,,0.9962,,108.05,,,,1.0887,,,,,,,,,,,1.4054,,,,,
2008-02-26,,,0.9822,,107.3,,,,1.0758,,,,,,,,,,,1.4045,,,,,
2008-02-27,,,0.9807,,106.44,,,,1.0629,,,,,,,,,,,1.396,,,,,
2008-02-28,,,0.975,,105.31,,,,1.0515,,,,,,,,,,,1.3944,,,,,
2008-02-29,,,0.9824,,103.94,,,,1.0429,,,,,,,,,,,1.3945,,,,,
2008-03-03,,,0.9899,,103.43,,,,1.0422,,,,,,,,,,,1.3904,,,,,
2008-03-04,,,0.9931,,103.33,,,,1.0375,,,,,,,,,,,1.3884,,,,,
2008-03-05,,,0.9842,,104.02,,,,1.0366,,,,,,,,,,,1.3889,,,,,
2008-03-06,,,0.9849,,102.63,,,,1.0225,,,,,,,,,,,1.3875,,,,,
2008-03-07,,,0.9914,,102.55,,,,1.0244,,,,,,,,,,,1.3839,,,,,
2008-03-10,,,0.996,,101.71,,,,1.019,,,,,,,,,,,1.3867,,,,,
2008-03-11,,,0.9915,,103.42,,,,1.0331,,,,,,,,,,,1.3877,,,,,
2008-03-12,,,0.9894,,101.34,,,,1.0138,,,,,,,,,,,1.3829,,,,,
2008-03-13,,,0.9826,,100.43,,,,1.0086,,,,,,,,,,,1.379,,,,,
2008-03-14,,,0.9858,,99.25,,,,0.9985,,,,,,,,,,,1.38,,,,,
2008-03-17,,,0.9983,,97.22,,,,0.9844,,,,,,,,,,,1.3801,,,,,
2008-03-18,,,0.9917,,100.02,,,,1.0035,,,,,,,,,,,1.3766,,,,,
2008-03-19,,,1.0114,,98.61,,,,0.9961,,,,,,,,,,,1.3903,,,,,
2008-03-20,,,1.0243,,99.3,,,,1.0077,,,,,,,,,,,1.3899,,,,,
2008-03-21,,,1.0231,,99.57,,,,1.009,,,,,,,,,,,1.3857,,,,,
2008-03-24,,,1.0169,,100.57,,,,1.0188,,,,,,,,,,,1.3885,,,,,
2008-03-25,,,1.0163,,99.98,,,,1.005,,,,,,,,,,,1.3803,,,,,
2008-03-26,,,1.0176,,99.18,,,,0.9887,,,,,,,,,,,1.3786,,,,,
2008-03-27,,,1.018,,99.67,,,,0.9936,,,,,,,,,,,1.3791,,,,,
2008-03-28,,,1.0223,,99.19,,,,0.9954,,,,,,,,,,,1.3799,,,,,
2008-03-31,,,1.0256,,99.91,,,,0.9948,,,,,,,,,,,1.3771,,,,,
2008-04-01,,,1.0225,,101.77,,,,1.0117,,,,,,,,,,,1.3781,,,,,
2008-04-02,,,1.0144,,102.29,,,,1.0082,,,,,,,,,,,1.3787,,,,,
2008-04-03,,,1.0043,,102.26,,,,1.0097,,,,,,,,,,,1.3838,,,,,
2008-04-04,,,1.0085,,101.46,,,,1.0056,,,,,,,,,,,1.3798,,,,,
2008-04-07,,,1.0137,,102.37,,,,1.013,,,,,,,,,,,1.3804,,,,,
2008-04-08,,,1.0138,,102.55,,,,1.0146,,,,,,,,,,,1.3784,,,,,
2008-04-09,,,1.0186,,101.72,,,,1.0009,,,,,,,,,,,1.3772,,,,,
2008-04-10,,,1.0195,,101.76,,,,1.0073,,,,,,,,,,,1.357,,,,,
2008-04-11,,,1.0228,,100.97,,,,1.0011,,,,,,,,,,,1.3566,,,,,
2008-04-14,,,1.0183,,101.09,,,,0.999,,,,,,,,,,,1.3575,,,,,
2008-04-15,,,1.0178,,101.83,,,,1.0067,,,,,,,,,,,1.3578,,,,,
2008-04-16,,,1.0005,,101.78,,,,1.0,,,,,,,,,,,1.3513,,,,,
2008-04-17,,,1.0106,,102.5,,,,1.0066,,,,,,,,,,,1.351,,,,,
2008-04-18,,,1.004,,103.67,,,,1.0178,,,,,,,,,,,1.3549,,,,,
2008-04-21,,,1.0057,,103.24,,,,1.0085,,,,,,,,,,,1.3526,,,,,
2008-04-22,,,1.0072,,102.86,,,,1.0028,,,,,,,,,,,1.3505,,,,,
2008-04-23,,,1.017,,103.42,,,,1.0152,,,,,,,,,,,1.3513,,,,,
2008-04-24,,,1.0144,,104.3,,,,1.0354,,,,,,,,,,,1.3583,,,,,
2008-04-25,,,1.0137,,104.41,,,,1.0337,,,,,,,,,,,1.3612,,,,,
2008-04-28,,,1.0134,,104.21,,,,1.0338,,,,,,,,,,,1.3603,,,,,
2008-04-29,,,1.0131,,104.08,,,,1.0379,,,,,,,,,,,1.3612,,,,,
2008-04-30,,,1.0063,,103.97,,,,1.0351,,,,,,,,,,,1.356,,,,,
2008-05-01,,,1.0194,,104.39,,,,1.0477,,,,,,,,,,,1.361,,,,,
2008-05-02,,,1.0192,,105.39,,,,1.0571,,,,,,,,,,,1.3635,,,,,
2008-05-05,,,1.0122,,104.93,,,,1.053,,,,,,,,,,,1.3583,,,,,
2008-05-06,,,1.0025,,104.72,,,,1.0518,,,,,,,,,,,1.3581,,,,,
2008-05-07,,,1.0096,,104.65,,,,1.0546,,,,,,,,,,,1.3667,,,,,
2008-05-08,,,1.0172,,103.75,,,,1.0504,,,,,,,,,,,1.374,,,,,
2008-05-09,,,1.0049,,102.85,,,,1.041,,,,,,,,,,,1.3633,,,,,
2008-05-12,,,1.0056,,103.84,,,,1.0441,,,,,,,,,,,1.3636,,,,,
2008-05-13,,,1.0036,,104.67,,,,1.0533,,,,,,,,,,,1.3721,,,,,
2008-05-14,,,1.0025,,104.96,,,,1.0542,,,,,,,,,,,1.3785,,,,,
2008-05-15,,,1.0002,,104.69,,,,1.0565,,,,,,,,,,,1.3757,,,,,
2008-05-16,,,0.9989,,104.03,,,,1.0475,,,,,,,,,,,1.3672,,,,,
2008-05-19,,,0.9926,,104.32,,,,1.0539,,,,,,,,,,,1.3719,,,,,
2008-05-20,,,0.9914,,103.62,,,,1.0367,,,,,,,,,,,1.3652,,,,,
2008-05-21,,,0.9909,,103.25,,,,1.0355,,,,,,,,,,,1.3647,,,,,
2008-05-22,,,0.9848,,104.12,,,,1.031,,,,,,,,,,,1.3599,,,,,
2008-05-23,,,0.9898,,103.36,,,,1.0238,,,,,,,,,,,1.3578,,,,,
2008-05-26,,,0.992,,103.37,,,,1.0241,,,,,,,,,,,1.3615,,,,,
2008-05-27,,,0.9942,,104.28,,,,1.0346,,,,,,,,,,,1.3635,,,,,
2008-05-28,,,0.9895,,104.67,,,,1.0373,,,,,,,,,,,1.364,,,,,
2008-05-29,,,0.9892,,105.57,,,,1.0495,,,,,,,,,,,1.3663,,,,,
2008-05-30,,,0.993,,105.5,,,,1.042,,,,,,,,,,,1.362,,,,,
2008-06-02,,,1.0013,,104.41,,,,1.037,,,,,,,,,,,1.3624,,,,,
2008-06-03,,,1.0094,,105.14,,,,1.0432,,,,,,,,,,,1.3635,,,,,
2008-06-04,,,1.0168,,105.26,,,,1.0423,,,,,,,,,,,1.3664,,,,,
2008-06-05,,,1.0173,,105.95,,,,1.0389,,,,,,,,,,,1.3654,,,,,
2008-06-06,,,1.0194,,104.91,,,,1.0184,,,,,,,,,,,1.3632,,,,,
2008-06-09,,,1.0226,,106.27,,,,1.0275,,,,,,,,,,,1.3655,,,,,
2008-06-10,,,1.0215,,107.36,,,,1.0424,,,,,,,,,,,1.3735,,,,,
2008-06-11,,,1.0196,,106.82,,,,1.031,,,,,,,,,,,1.3709,,,,,
2008-06-12,,,1.0233,,107.89,,,,1.0403,,,,,,,,,,,1.378,,,,,
2008-06-13,,,1.0291,,108.18,,,,1.0467,,,,,,,,,,,1.3799,,,,,
2008-06-16,,,1.0242,,108.2,,,,1.0449,,,,,,,,,,,1.3716,,,,,
2008-06-17,,,1.0188,,107.96,,,,1.0417,,,,,,,,,,,1.3663,,,,,
2008-06-18,,,1.0173,,107.85,,,,1.0367,,,,,,,,,,,1.3685,,,,,
2008-06-19,,,1.0146,,107.93,,,,1.0447,,,,,,,,,,,1.369,,,,,
2008-06-20,,,1.016,,107.32,,,,1.0355,,,,,,,,,,,1.3642,,,,,
2008-06-23,,,1.0155,,107.85,,,,1.0454,,,,,,,,,,,1.3684,,,,,
2008-06-24,,,1.0119,,107.83,,,,1.0411,,,,,,,,,,,1.3669,,,,,
2008-06-25,,,1.0092,,107.87,,,,1.0351,,,,,,,,,,,1.3656,,,,,
2008-06-26,,,1.0132,,106.85,,,,1.0241,,,,,,,,,,,1.3646,,,,,
2008-06-27,,,1.0105,,106.13,,,,1.0182,,,,,,,,,,,1.3624,,,,,
2008-06-30,,,1.0204,,106.07,,,,1.0208,,,,,,,,,,,1.3588,,,,,
2008-07-01,,,1.0212,,106.03,,,,1.0194,,,,,,,,,,,1.3617,,,,,
2008-07-02,,,1.011,,105.83,,,,1.013,,,,,,,,,,,1.3584,,,,,
2008-07-03,,,1.0181,,106.77,,,,1.0266,,,,,,,,,,,1.3618,,,,,
2008-07-04,,,1.0187,,106.79,,,,1.0252,,,,,,,,,,,1.3611,,,,,
2008-07-07,,,1.0169,,107.13,,,,1.0264,,,,,,,,,,,1.3626,,,,,
2008-07-08,,,1.0187,,107.43,,,,1.0334,,,,,,,,,,,1.3632,,,,,
2008-07-09,,,1.0116,,106.8,,,,1.0286,,,,,,,,,,,1.3585,,,,,
2008-07-10,,,1.0084,,107.05,,,,1.0278,,,,,,,,,,,1.3596,,,,,
2008-07-11,,,1.009,,106.28,,,,1.0159,,,,,,,,,,,1.3552,,,,,
2008-07-14,,,1.0065,,106.18,,,,1.0166,,,,,,,,,,,1.3524,,,,,
2008-07-15,,,1.0012,,104.63,,,,1.0084,,,,,,,,,,,1.3476,,,,,
2008-07-16,,,1.0011,,105.09,,,,1.0175,,,,,,,,,,,1.3486,,,,,
2008-07-17,,,1.0049,,106.16,,,,1.0193,,,,,,,,,,,1.3514,,,,,
2008-07-18,,,1.0055,,106.94,,,,1.0226,,,,,,,,,,,1.3521,,,,,
2008-07-21,,,0.9995,,106.44,,,,1.0172,,,,,,,,,,,1.3505,,,,,
2008-07-22,,,1.0073,,107.29,,,,1.03,,,,,,,,,,,1.3585,,,,,
2008-07-23,,,1.0114,,107.91,,,,1.0381,,,,,,,,,,,1.3642,,,,,
2008-07-24,,,1.0152,,107.39,,,,1.0366,,,,,,,,,,,1.3611,,,,,
2008-07-25,,,1.0195,,107.82,,,,1.0362,,,,,,,,,,,1.36,,,,,
2008-07-28,,,1.0221,,107.49,,,,1.0344,,,,,,,,,,,1.3624,,,,,
2008-07-29,,,1.0237,,108.15,,,,1.0467,,,,,,,,,,,1.3674,,,,,
2008-07-30,,,1.023,,108.07,,,,1.0482,,,,,,,,,,,1.3678,,,,,
2008-07-31,,,1.0231,,107.83,,,,1.0473,,,,,,,,,,,1.3685,,,,,
2008-08-01,,,1.027,,107.68,,,,1.0495,,,,,,,,,,,1.3721,,,,,
2008-08-04,,,1.0365,,108.2,,,,1.0483,,,,,,,,,,,1.3719,,,,,
2008-08-05,,,1.0426,,108.29,,,,1.0547,,,,,,,,,,,1.3797,,,,,
2008-08-06,,,1.0478,,109.59,,,,1.0592,,,,,,,,,,,1.3827,,,,,
2008-08-07,,,1.0526,,109.33,,,,1.0612,,,,,,,,,,,1.39,,,,,
2008-08-08,,,1.0665,,110.17,,,,1.0822,,,,,,,,,,,1.4054,,,,,
2008-08-11,,,1.0691,,110.12,,,,1.087,,,,,,,,,,,1.4124,,,,,
2008-08-12,,,1.0645,,109.29,,,,1.0865,,,,,,,,,,,1.408,,,,,
2008-08-13,,,1.0621,,109.49,,,,1.085,,,,,,,,,,,1.4038,,,,,
2008-08-14,,,1.0648,,109.78,,,,1.0942,,,,,,,,,,,1.4103,,,,,
2008-08-15,,,1.059,,110.49,,,,1.0959,,,,,,,,,,,1.418,,,,,
2008-08-18,,,1.0647,,110.13,,,,1.0982,,,,,,,,,,,1.4129,,,,,
2008-08-19,,,1.0606,,109.66,,,,1.0914,,,,,,,,,,,1.4111,,,,,
2008-08-20,,,1.0601,,109.81,,,,1.0986,,,,,,,,,,,1.4125,,,,,
2008-08-21,,,1.0442,,108.47,,,,1.0863,,,,,,,,,,,1.4041,,,,,
2008-08-22,,,1.0468,,110.09,,,,1.0984,,,,,,,,,,,1.412,,,,,
2008-08-25,,,1.0504,,109.32,,,,1.0956,,,,,,,,,,,1.4183,,,,,
2008-08-26,,,1.0481,,109.65,,,,1.1002,,,,,,,,,,,1.4256,,,,,
2008-08-27,,,1.0472,,109.52,,,,1.0973,,,,,,,,,,,1.4169,,,,,
2008-08-28,,,1.0512,,109.43,,,,1.0989,,,,,,,,,,,1.4175,,,,,
2008-08-29,,,1.0635,,108.77,,,,1.1011,,,,,,,,,,,1.4158,,,,,
2008-09-01,,,1.0673,,108.13,,,,1.1021,,,,,,,,,,,1.4237,,,,,
2008-09-02,,,1.067,,108.59,,,,1.1066,,,,,,,,,,,1.4326,,,,,
2008-09-03,,,1.0611,,108.22,,,,1.1061,,,,,,,,,,,1.4349,,,,,
2008-09-04,,,1.0714,,106.47,,,,1.1132,,,,,,,,,,,1.4393,,,,,
2008-09-05,,,1.0621,,107.72,,,,1.118,,,,,,,,,,,1.4351,,,,,
2008-09-08,,,1.0661,,108.13,,,,1.1316,,,,,,,,,,,1.4327,,,,,
2008-09-09,,,1.072,,106.82,,,,1.128,,,,,,,,,,,1.4353,,,,,
2008-09-10,,,1.0737,,107.77,,,,1.1388,,,,,,,,,,,1.4394,,,,,
2008-09-11,,,1.0737,,107.14,,,,1.1368,,,,,,,,,,,1.4357,,,,,
2008-09-12,,,1.0598,,107.92,,,,1.1305,,,,,,,,,,,1.4342,,,,,
2008-09-15,,,1.0689,,104.29,,,,1.1122,,,,,,,,,,,1.425,,,,,
2008-09-16,,,1.0716,,105.64,,,,1.1236,,,,,,,,,,,1.4373,,,,,
2008-09-17,,,1.0712,,104.33,,,,1.1038,,,,,,,,,,,1.4284,,,,,
2008-09-18,,,1.058,,105.54,,,,1.1069,,,,,,,,,,,1.4322,,,,,
2008-09-19,,,1.0465,,107.43,,,,1.1049,,,,,,,,,,,1.4268,,,,,
2008-09-22,,,1.035,,105.42,,,,1.0727,,,,,,,,,,,1.4074,,,,,
2008-09-23,,,1.0375,,105.8,,,,,,,,,,,,,,,1.4173,,,,,
2008-09-24,,,1.0384,,106.18,,,,1.0919,,,,,,,,,,,1.4235,,,,,
2008-09-25,,,1.0329,,106.45,,,,1.0894,,,,,,,,,,,1.4226,,,,,
2008-09-26,,,1.0316,,106.03,,,,1.0903,,,,,,,,,,,1.4228,,,,,
2008-09-29,,,1.0441,,103.98,,,,1.0898,,,,,,,,,,,1.4304,,,,,
2008-09-30,,,1.0628,,105.98,,,,1.1217,,,,,,,,,,,1.4348,,,,,
2008-10-01,,,1.0626,,105.83,,,,1.1256,,,,,,,,,,,1.4376,,,,,
2008-10-02,,,1.0792,,105.34,,,,1.137,,,,,,,,,,,1.4482,,,,,
2008-10-03,,,1.0819,,105.3,,,,1.129,,,,,,,,,,,1.45,,,,,
2008-10-06,,,1.1038,,101.53,,,,1.1483,,,,,,,,,,,1.4663,,,,,
2008-10-07,,,1.1038,,101.53,,,,1.137,,,,,,,,,,,1.4667,,,,,
2008-10-08,,,1.1259,,99.1,,,,1.1272,,,,,,,,,,,1.4672,,,,,
2008-10-09,,,1.147,,99.66,,,,1.1274,,,,,,,,,,,1.4737,,,,,
2008-10-10,,,1.1752,,100.72,,,,1.1386,,,,,,,,,,,1.483,,,,,
2008-10-13,,,1.1462,,101.94,,,,1.1376,,,,,,,,,,,1.4602,,,,,
2008-10-14,,,1.1615,,102.13,,,,1.1362,,,,,,,,,,,1.4657,,,,,
2008-10-15,,,1.191,,99.84,,,,1.1316,,,,,,,,,,,1.4792,,,,,
2008-10-16,,,1.1789,,101.66,,,,1.1348,,,,,,,,,,,1.4773,,,,,
2008-10-17,,,1.1797,,101.65,,,,1.1369,,,,,,,,,,,1.4792,,,,,
2008-10-20,,,1.1924,,102.12,,,,1.1504,,,,,,,,,,,1.4764,,,,,
2008-10-21,,,1.2131,,100.36,,,,1.1524,,,,,,,,,,,1.4823,,,,,
2008-10-22,,,1.2551,,97.95,,,,1.1646,,,,,,,,,,,1.4992,,,,,
2008-10-23,,,1.2442,,97.96,,,,1.1581,,,,,,,,,,,1.4996,,,,,
2008-10-24,,,1.2772,,94.28,,,,1.1676,,,,,,,,,,,1.5076,,,,,
2008-10-27,,,1.294,,93.62,,,,1.1565,,,,,,,,,,,1.508,,,,,
2008-10-28,,,1.2707,,99.3,,,,1.1535,,,,,,,,,,,1.487,,,,,
2008-10-29,,,1.2208,,97.36,,,,1.1271,,,,,,,,,,,1.4878,,,,,
2008-10-30,,,1.2007,,98.59,,,,1.1439,,,,,,,,,,,1.4688,,,,,
2008-10-31,,,1.2129,,98.41,,,,1.1579,,,,,,,,,,,1.4835,,,,,
2008-11-03,,,1.1813,,99.1,,,,1.1747,,,,,,,,,,,1.4784,,,,,
2008-11-04,,,1.1494,,99.67,,,,1.1631,,,,,,,,,,,1.4746,,,,,
2008-11-05,,,1.1692,,97.92,,,,1.1572,,,,,,,,,,,1.4803,,,,,
2008-11-06,,,1.1976,,97.72,,,,1.1777,,,,,,,,,,,1.5024,,,,,
2008-11-07,,,1.1884,,98.21,,,,1.178,,,,,,,,,,,1.4944,,,,,
2008-11-10,,,1.1941,,97.98,,,,1.1786,,,,,,,,,,,1.4888,,,,,
2008-11-11,,,1.2064,,97.63,,,,1.1874,,,,,,,,,,,1.5037,,,,,
2008-11-12,,,1.2373,,95.0,,,,1.1866,,,,,,,,,,,1.5097,,,,,
2008-11-13,,,1.21,,97.67,,,,1.1863,,,,,,,,,,,1.5097,,,,,
2008-11-14,,,1.2357,,97.1,,,,1.1942,,,,,,,,,,,1.518,,,,,
2008-11-17,,,1.229,,96.24,,,,1.1987,,,,,,,,,,,1.5222,,,,,
2008-11-18,,,1.2314,,96.89,,,,1.2027,,,,,,,,,,,1.5246,,,,,
2008-11-19,,,1.2541,,95.9,,,,1.2115,,,,,,,,,,,1.5285,,,,,
2008-11-20,,,1.2957,,93.71,,,,1.2234,,,,,,,,,,,1.5289,,,,,
2008-11-21,,,1.2703,,95.9,,,,1.2226,,,,,,,,,,,1.5277,,,,,
2008-11-24,,,1.231,,97.07,,,,1.1933,,,,,,,,,,,1.5067,,,,,
2008-11-25,,,1.2244,,95.28,,,,1.1834,,,,,,,,,,,1.5096,,,,,
2008-11-26,,,1.2333,,95.64,,,,1.2035,,,,,,,,,,,1.5095,,,,,
2008-11-27,,,1.2315,,95.25,,,,1.2,,,,,,,,,,,1.5084,,,,,
2008-11-28,,,1.2381,,95.48,,,,1.2131,,,,,,,,,,,1.5125,,,,,
2008-12-01,,,1.2469,,93.18,,,,1.2062,,,,,,,,,,,1.5294,,,,,
2008-12-02,,,1.2474,,93.18,,,,1.2062,,,,,,,,,,,1.5273,,,,,
2008-12-03,,,1.253,,93.29,,,,1.2091,,,,,,,,,,,1.5232,,,,,
2008-12-04,,,1.2761,,92.21,,,,1.1951,,,,,,,,,,,1.5261,,,,,
2008-12-05,,,1.2703,,92.79,,,,1.2192,,,,,,,,,,,1.5233,,,,,
2008-12-08,,,1.2503,,92.81,,,,1.2031,,,,,,,,,,,1.5017,,,,,
2008-12-09,,,1.2632,,92.1,,,,1.205,,,,,,,,,,,1.5057,,,,,
2008-12-10,,,1.2575,,92.73,,,,1.1989,,,,,,,,,,,1.4996,,,,,
2008-12-11,,,1.2347,,91.4,,,,1.1835,,,,,,,,,,,1.4877,,,,,
2008-12-12,,,1.2481,,91.09,,,,1.1781,,,,,,,,,,,1.4896,,,,,
2008-12-15,,,1.2331,,90.64,,,,1.1594,,,,,,,,,,,1.475,,,,,
2008-12-16,,,1.2047,,89.04,,,,1.1235,,,,,,,,,,,1.4595,,,,,
2008-12-17,,,1.191,,87.2,,,,1.0718,,,,,,,,,,,1.4333,,,,,
2008-12-18,,,1.2025,,89.41,,,,1.083,,,,,,,,,,,1.4403,,,,,
2008-12-19,,,1.2166,,89.34,,,,1.1033,,,,,,,,,,,1.4595,,,,,
2008-12-22,,,1.2212,,90.26,,,,1.0931,,,,,,,,,,,1.4453,,,,,
2008-12-23,,,1.219,,90.96,,,,1.0876,,,,,,,,,,,1.4513,,,,,
2008-12-24,,,1.2134,,90.43,,,,1.0729,,,,,,,,,,,1.4471,,,,,
2008-12-25,,,1.2165,,90.33,,,,1.0778,,,,,,,,,,,1.445,,,,,
2008-12-26,,,1.2209,,90.75,,,,1.0702,,,,,,,,,,,1.4459,,,,,
2008-12-29,,,1.22,,90.65,,,,1.0613,,,,,,,,,,,1.4461,,,,,
2008-12-30,,,1.2175,,90.28,,,,1.0599,,,,,,,,,,,1.4364,,,,,
2008-12-31,,,1.2176,,90.65,,,,1.0702,,,,,,,,,,,1.43,,,,,
2009-01-01,,,1.2201,,90.71,,,,1.0614,,,,,,,,,,,1.4343,,,,,
2009-01-02,,,1.2052,,91.78,,,,1.0802,,,,,,,,,,,1.4582,,,,,
2009-01-05,,,1.1891,,93.32,,,,1.1088,,,,,,,,,,,1.4745,,,,,
2009-01-06,,,1.1801,,94.03,,,,1.1175,,,,,,,,,,,1.4706,,,,,
2009-01-07,,,1.1943,,92.61,,,,1.1014,,,,,,,,,,,1.471,,,,,
2009-01-08,,,1.1793,,91.19,,,,1.0925,,,,,,,,,,,1.4775,,,,,
2009-01-09,,,1.185,,90.36,,,,1.1127,,,,,,,,,,,1.4836,,,,,
2009-01-12,,,1.2161,,89.03,,,,1.1136,,,,,,,,,,,1.4891,,,,,
2009-01-13,,,1.2242,,89.35,,,,1.1185,,,,,,,,,,,1.4876,,,,,
2009-01-14,,,1.2486,,89.01,,,,1.1156,,,,,,,,,,,1.4924,,,,,
2009-01-15,,,1.2523,,89.79,,,,1.1242,,,,,,,,,,,1.494,,,,,
2009-01-16,,,1.2438,,90.64,,,,1.1197,,,,,,,,,,,1.4892,,,,,
2009-01-19,,,1.2534,,90.64,,,,1.1331,,,,,,,,,,,1.4957,,,,,
2009-01-20,,,1.2671,,89.76,,,,1.1459,,,,,,,,,,,1.5065,,,,,
2009-01-21,,,1.2561,,89.43,,,,1.1528,,,,,,,,,,,1.4968,,,,,
2009-01-22,,,1.2526,,88.88,,,,1.1527,,,,,,,,,,,1.4976,,,,,
2009-01-23,,,1.2299,,88.72,,,,1.1541,,,,,,,,,,,1.5023,,,,,
2009-01-26,,,1.2231,,89.07,,,,1.1371,,,,,,,,,,,1.499,,,,,
2009-01-27,,,1.2299,,88.94,,,,1.1421,,,,,,,,,,,1.5052,,,,,
2009-01-28,,,1.2119,,90.29,,,,1.151,,,,,,,,,,,1.5005,,,,,
2009-01-29,,,1.2258,,89.98,,,,1.153,,,,,,,,,,,1.5068,,,,,
2009-01-30,,,1.2285,,89.94,,,,1.1599,,,,,,,,,,,1.5097,,,,,
2009-02-02,,,1.24,,89.87,,,,1.1617,,,,,,,,,,,1.5141,,,,,
2009-02-03,,,1.2294,,89.41,,,,1.1423,,,,,,,,,,,1.5043,,,,,
2009-02-04,,,1.2321,,89.42,,,,1.1581,,,,,,,,,,,1.508,,,,,
2009-02-05,,,1.232,,91.15,,,,1.1697,,,,,,,,,,,1.5042,,,,,
2009-02-06,,,1.2193,,91.84,,,,1.1616,,,,,,,,,,,1.4933,,,,,
2009-02-09,,,1.2168,,91.46,,,,1.1636,,,,,,,,,,,1.4936,,,,,
2009-02-10,,,1.2427,,90.47,,,,1.1561,,,,,,,,,,,1.5057,,,,,
2009-02-11,,,1.2387,,90.39,,,,1.1582,,,,,,,,,,,1.5042,,,,,
2009-02-12,,,1.2434,,90.96,,,,1.1626,,,,,,,,,,,1.5085,,,,,
2009-02-13,,,1.2351,,91.86,,,,1.1606,,,,,,,,,,,1.5087,,,,,
2009-02-16,,,1.2423,,91.72,,,,1.1594,,,,,,,,,,,1.514,,,,,
2009-02-17,,,1.2648,,92.38,,,,1.169,,,,,,,,,,,1.5302,,,,,
2009-02-18,,,1.2607,,93.76,,,,1.1782,,,,,,,,,,,1.5316,,,,,
2009-02-19,,,1.258,,94.17,,,,1.1733,,,,,,,,,,,1.5274,,,,,
2009-02-20,,,1.2514,,93.29,,,,1.1558,,,,,,,,,,,1.5302,,,,,
2009-02-23,,,1.25,,94.66,,,,1.1648,,,,,,,,,,,1.5284,,,,,
2009-02-24,,,1.2425,,96.64,,,,1.1601,,,,,,,,,,,1.5199,,,,,
2009-02-25,,,1.2573,,97.37,,,,1.1698,,,,,,,,,,,1.529,,,,,
2009-02-26,,,1.2528,,98.47,,,,1.1641,,,,,,,,,,,1.539,,,,,
2009-02-27,,,1.2749,,97.56,,,,1.1691,,,,,,,,,,,1.547,,,,,
2009-03-02,,,1.2927,,97.41,,,,1.1752,,,,,,,,,,,1.5537,,,,,
2009-03-03,,,1.2926,,98.13,,,,1.1756,,,,,,,,,,,1.5524,,,,,
2009-03-04,,,1.2731,,99.16,,,,1.1673,,,,,,,,,,,1.5439,,,,,
2009-03-05,,,1.2904,,98.06,,,,1.171,,,,,,,,,,,1.5541,,,,,
2009-03-06,,,1.2854,,98.29,,,,1.1591,,,,,,,,,,,1.5448,,,,,
2009-03-09,,,1.2992,,98.77,,,,1.1594,,,,,,,,,,,1.5493,,,,,
2009-03-10,,,1.281,,98.74,,,,1.16,,,,,,,,,,,1.5336,,,,,
2009-03-11,,,1.2837,,97.3,,,,1.1523,,,,,,,,,,,1.5268,,,,,
2009-03-12,,,1.2775,,97.6,,,,1.1858,,,,,,,,,,,1.529,,,,,
2009-03-13,,,1.2719,,97.93,,,,1.1849,,,,,,,,,,,1.5406,,,,,
2009-03-16,,,1.2711,,98.18,,,,1.1841,,,,,,,,,,,1.5334,,,,,
2009-03-17,,,1.2693,,98.64,,,,1.182,,,,,,,,,,,1.5296,,,,,
2009-03-18,,,1.2453,,96.01,,,,1.1385,,,,,,,,,,,1.5115,,,,,
2009-03-19,,,1.2377,,94.51,,,,1.1238,,,,,,,,,,,1.5101,,,,,
2009-03-20,,,1.2403,,95.91,,,,1.1271,,,,,,,,,,,1.5155,,,,,
2009-03-23,,,1.2234,,97.16,,,,1.1253,,,,,,,,,,,1.5079,,,,,
2009-03-24,,,1.2298,,97.84,,,,1.131,,,,,,,,,,,1.5121,,,,,
2009-03-25,,,1.2311,,97.66,,,,1.1216,,,,,,,,,,,1.5087,,,,,
2009-03-26,,,1.2285,,98.83,,,,1.1273,,,,,,,,,,,1.5075,,,,,
2009-03-27,,,1.2417,,97.85,,,,1.1439,,,,,,,,,,,1.5148,,,,,
2009-03-30,,,1.261,,97.38,,,,1.1486,,,,,,,,,,,1.5224,,,,,
2009-03-31,,,1.2627,,98.87,,,,1.1397,,,,,,,,,,,1.5225,,,,,
2009-04-01,,,1.2593,,98.63,,,,1.146,,,,,,,,,,,1.5195,,,,,
2009-04-02,,,1.2379,,99.58,,,,1.1337,,,,,,,,,,,1.5012,,,,,
2009-04-03,,,1.2295,,100.29,,,,1.1305,,,,,,,,,,,1.5055,,,,,
2009-04-06,,,1.2391,,101.05,,,,1.1367,,,,,,,,,,,1.5072,,,,,
2009-04-07,,,1.2372,,100.53,,,,1.1427,,,,,,,,,,,1.5115,,,,,
2009-04-08,,,1.2359,,99.73,,,,1.1472,,,,,,,,,,,1.5162,,,,,
2009-04-09,,,1.2246,,100.43,,,,1.1562,,,,,,,,,,,1.5146,,,,,
2009-04-10,,,1.2255,,100.2,,,,1.1542,,,,,,,,,,,1.5137,,,,,
2009-04-13,,,1.2201,,100.05,,,,1.1329,,,,,,,,,,,1.5147,,,,,
2009-04-14,,,1.2142,,98.8,,,,1.1371,,,,,,,,,,,1.4996,,,,,
2009-04-15,,,1.2046,,99.37,,,,1.1436,,,,,,,,,,,1.5001,,,,,
2009-04-16,,,1.2098,,99.37,,,,1.1471,,,,,,,,,,,1.4969,,,,,
2009-04-17,,,1.2128,,99.12,,,,1.1647,,,,,,,,,,,1.501,,,,,
2009-04-20,,,1.2383,,97.98,,,,1.1686,,,,,,,,,,,1.5109,,,,,
2009-04-21,,,1.2359,,98.67,,,,1.1675,,,,,,,,,,,1.5059,,,,,
2009-04-22,,,1.239,,97.95,,,,1.1637,,,,,,,,,,,1.5071,,,,,
2009-04-23,,,1.2235,,98.04,,,,1.1512,,,,,,,,,,,1.4981,,,,,
2009-04-24,,,1.2091,,97.14,,,,1.1387,,,,,,,,,,,1.4901,,,,,
2009-04-27,,,1.2189,,96.71,,,,1.1565,,,,,,,,,,,1.4977,,,,,
2009-04-28,,,1.2202,,96.39,,,,1.1439,,,,,,,,,,,1.497,,,,,
2009-04-29,,,1.2046,,97.63,,,,1.1369,,,,,,,,,,,1.4862,,,,,
2009-04-30,,,1.194,,98.56,,,,1.1408,,,,,,,,,,,1.4816,,,,,
2009-05-01,,,1.1847,,99.08,,,,1.1355,,,,,,,,,,,1.481,,,,,
2009-05-04,,,1.1724,,98.93,,,,1.126,,,,,,,,,,,1.471,,,,,
2009-05-05,,,1.1761,,98.91,,,,1.1339,,,,,,,,,,,1.4737,,,,,
2009-05-06,,,1.167,,98.45,,,,1.1331,,,,,,,,,,,1.472,,,,,
2009-05-07,,,1.1692,,99.27,,,,1.1299,,,,,,,,,,,1.4714,,,,,
2009-05-08,,,1.1491,,98.38,,,,1.1053,,,,,,,,,,,1.4584,,,,,
2009-05-11,,,1.1668,,97.38,,,,1.11,,,,,,,,,,,1.4655,,,,,
2009-05-12,,,1.162,,96.35,,,,1.1056,,,,,,,,,,,1.4612,,,,,
2009-05-13,,,1.1736,,95.33,,,,1.1074,,,,,,,,,,,1.4656,,,,,
2009-05-14,,,1.1709,,95.93,,,,1.1044,,,,,,,,,,,1.464,,,,,
2009-05-15,,,1.1773,,95.24,,,,1.1212,,,,,,,,,,,1.4716,,,,,
2009-05-18,,,1.163,,96.24,,,,1.1144,,,,,,,,,,,1.4644,,,,,
2009-05-19,,,1.1557,,96.02,,,,1.1093,,,,,,,,,,,1.4627,,,,,
2009-05-20,,,1.1372,,94.84,,,,1.0985,,,,,,,,,,,1.4558,,,,,
2009-05-21,,,1.1366,,94.34,,,,1.0932,,,,,,,,,,,1.4523,,,,,
2009-05-22,,,1.1191,,94.76,,,,1.0855,,,,,,,,,,,1.4425,,,,,
2009-05-25,,,1.1235,,94.82,,,,1.0828,,,,,,,,,,,1.4459,,,,,
2009-05-26,,,1.116,,94.93,,,,1.0839,,,,,,,,,,,1.4494,,,,,
2009-05-27,,,1.122,,95.27,,,,1.0926,,,,,,,,,,,1.4567,,,,,
2009-05-28,,,1.1145,,96.97,,,,1.085,,,,,,,,,,,1.4528,,,,,
2009-05-29,,,1.0911,,95.32,,,,1.0667,,,,,,,,,,,1.4443,,,,,
2009-06-01,,,1.0913,,96.54,,,,1.0707,,,,,,,,,,,1.442,,,,,
2009-06-02,,,1.0815,,95.64,,,,1.0615,,,,,,,,,,,1.4374,,,,,
2009-06-03,,,1.1136,,95.9,,,,1.0711,,,,,,,,,,,1.4457,,,,,
2009-06-04,,,1.0982,,96.64,,,,1.0689,,,,,,,,,,,1.4476,,,,,
2009-06-05,,,1.1191,,98.63,,,,1.0853,,,,,,,,,,,1.4559,,,,,
2009-06-08,,,1.1158,,98.47,,,,1.0915,,,,,,,,,,,1.4564,,,,,
2009-06-09,,,1.1037,,97.39,,,,1.0774,,,,,,,,,,,1.454,,,,,
2009-06-10,,,1.1092,,98.23,,,,1.0819,,,,,,,,,,,1.4551,,,,,
2009-06-11,,,1.1033,,97.7,,,,1.0708,,,,,,,,,,,1.4496,,,,,
2009-06-12,,,1.1207,,98.37,,,,1.0791,,,,,,,,,,,1.4509,,,,,
2009-06-15,,,1.1321,,97.85,,,,1.0924,,,,,,,,,,,1.4609,,,,,
2009-06-16,,,1.1348,,96.37,,,,1.0885,,,,,,,,,,,1.4624,,,,,
2009-06-17,,,1.1322,,95.66,,,,1.0798,,,,,,,,,,,1.4544,,,,,
2009-06-18,,,1.1323,,96.56,,,,1.0856,,,,,,,,,,,1.4559,,,,,
2009-06-19,,,1.1356,,96.24,,,,1.0812,,,,,,,,,,,1.4541,,,,,
2009-06-22,,,1.1532,,95.92,,,,1.0864,,,,,,,,,,,1.4593,,,,,
2009-06-23,,,1.1499,,95.21,,,,1.0667,,,,,,,,,,,1.4536,,,,,
2009-06-24,,,1.155,,95.73,,,,1.0977,,,,,,,,,,,1.4569,,,,,
2009-06-25,,,1.1554,,95.98,,,,1.093,,,,,,,,,,,1.4562,,,,,
2009-06-26,,,1.1532,,95.13,,,,1.0835,,,,,,,,,,,1.4541,,,,,
2009-06-29,,,1.1567,,96.1,,,,1.084,,,,,,,,,,,1.4516,,,,,
2009-06-30,,,1.1626,,96.33,,,,1.086,,,,,,,,,,,1.4473,,,,,
2009-07-01,,,1.1483,,96.55,,,,1.0742,,,,,,,,,,,1.4447,,,,,
2009-07-02,,,1.1635,,95.96,,,,1.0888,,,,,,,,,,,1.4541,,,,,
2009-07-03,,,1.1576,,95.98,,,,1.0857,,,,,,,,,,,1.453,,,,,
2009-07-06,,,1.1591,,95.32,,,,1.0851,,,,,,,,,,,1.4542,,,,,
2009-07-07,,,1.1663,,94.79,,,,1.0889,,,,,,,,,,,1.4591,,,,,
2009-07-08,,,1.1665,,92.67,,,,1.0904,,,,,,,,,,,1.4639,,,,,
2009-07-09,,,1.1619,,92.96,,,,1.0783,,,,,,,,,,,1.4584,,,,,
2009-07-10,,,1.164,,92.47,,,,1.0865,,,,,,,,,,,1.4621,,,,,
2009-07-13,,,1.1506,,93.0,,,,1.0826,,,,,,,,,,,1.4605,,,,,
2009-07-14,,,1.1337,,93.58,,,,1.0882,,,,,,,,,,,1.4586,,,,,
2009-07-15,,,1.1129,,94.23,,,,1.0749,,,,,,,,,,,1.4511,,,,,
2009-07-16,,,1.1173,,93.77,,,,1.0732,,,,,,,,,,,1.4512,,,,,
2009-07-17,,,1.1143,,94.19,,,,1.0766,,,,,,,,,,,1.4501,,,,,
2009-07-20,,,1.1059,,94.24,,,,1.0678,,,,,,,,,,,1.4404,,,,,
2009-07-21,,,1.1047,,93.65,,,,1.0664,,,,,,,,,,,1.4416,,,,,
2009-07-22,,,1.1001,,93.59,,,,1.0668,,,,,,,,,,,1.4416,,,,,
2009-07-23,,,1.0894,,95.05,,,,1.074,,,,,,,,,,,1.442,,,,,
2009-07-24,,,1.0863,,94.77,,,,1.0724,,,,,,,,,,,1.4397,,,,,
2009-07-27,,,1.0807,,95.2,,,,1.0699,,,,,,,,,,,1.4399,,,,,
2009-07-28,,,1.0805,,94.49,,,,1.0751,,,,,,,,,,,1.4405,,,,,
2009-07-29,,,1.0907,,95.06,,,,1.088,,,,,,,,,,,1.4474,,,,,
2009-07-30,,,1.0848,,95.57,,,,1.0882,,,,,,,,,,,1.444,,,,,
2009-07-31,,,1.0777,,94.64,,,,1.0689,,,,,,,,,,,1.4386,,,,,
2009-08-03,,,1.066,,95.26,,,,1.0592,,,,,,,,,,,1.4323,,,,,
2009-08-04,,,1.0731,,95.21,,,,1.0605,,,,,,,,,,,1.4334,,,,,
2009-08-05,,,1.0699,,94.91,,,,1.0612,,,,,,,,,,,1.4337,,,,,
2009-08-06,,,1.0777,,95.4,,,,1.065,,,,,,,,,,,1.4368,,,,,
2009-08-07,,,1.0811,,97.4,,,,1.081,,,,,,,,,,,1.4394,,,,,
2009-08-10,,,1.0881,,97.05,,,,1.0852,,,,,,,,,,,1.4441,,,,,
2009-08-11,,,1.1013,,95.93,,,,1.0818,,,,,,,,,,,1.4478,,,,,
2009-08-12,,,1.0887,,96.08,,,,1.0766,,,,,,,,,,,1.4445,,,,,
2009-08-13,,,1.0873,,95.36,,,,1.0709,,,,,,,,,,,1.4421,,,,,
2009-08-14,,,1.0981,,94.92,,,,1.072,,,,,,,,,,,1.4429,,,,,
2009-08-17,,,1.1071,,94.48,,,,1.0783,,,,,,,,,,,1.4512,,,,,
2009-08-18,,,1.1013,,94.72,,,,1.0758,,,,,,,,,,,1.4486,,,,,
2009-08-19,,,1.0947,,94.08,,,,1.065,,,,,,,,,,,1.448,,,,,
2009-08-20,,,1.0879,,94.19,,,,1.0634,,,,,,,,,,,1.44,,,,,
2009-08-21,,,1.0818,,94.42,,,,1.0585,,,,,,,,,,,1.4396,,,,,
2009-08-24,,,1.077,,94.49,,,,1.0615,,,,,,,,,,,1.444,,,,,
2009-08-25,,,1.0861,,94.19,,,,1.0614,,,,,,,,,,,1.4425,,,,,
2009-08-26,,,1.0973,,94.2,,,,1.0683,,,,,,,,,,,1.4447,,,,,
2009-08-27,,,1.0875,,93.43,,,,1.0586,,,,,,,,,,,1.4418,,,,,
2009-08-28,,,1.091,,93.57,,,,1.0596,,,,,,,,,,,1.4419,,,,,
2009-08-31,,,1.0942,,92.97,,,,1.0592,,,,,,,,,,,1.4408,,,,,
2009-09-01,,,1.1035,,92.93,,,,1.0656,,,,,,,,,,,1.4439,,,,,
2009-09-02,,,1.1048,,92.23,,,,1.0612,,,,,,,,,,,1.4425,,,,,
2009-09-03,,,1.1022,,92.6,,,,1.062,,,,,,,,,,,1.4398,,,,,
2009-09-04,,,1.0861,,93.02,,,,1.0605,,,,,,,,,,,1.4381,,,,,
2009-09-07,,,1.077,,93.03,,,,1.0596,,,,,,,,,,,1.4339,,,,,
2009-09-08,,,1.0791,,92.29,,,,1.0465,,,,,,,,,,,1.425,,,,,
2009-09-09,,,1.0787,,91.95,,,,1.0401,,,,,,,,,,,1.4241,,,,,
2009-09-10,,,1.0773,,91.76,,,,1.0386,,,,,,,,,,,1.4249,,,,,
2009-09-11,,,1.0761,,90.69,,,,1.0384,,,,,,,,,,,1.4214,,,,,
2009-09-14,,,1.0826,,90.88,,,,1.0337,,,,,,,,,,,1.4233,,,,,
2009-09-15,,,1.0723,,91.0,,,,1.0344,,,,,,,,,,,1.418,,,,,
2009-09-16,,,1.0666,,90.88,,,,1.032,,,,,,,,,,,1.4111,,,,,
2009-09-17,,,1.0653,,91.06,,,,1.0283,,,,,,,,,,,1.4148,,,,,
2009-09-18,,,1.0689,,91.22,,,,1.0295,,,,,,,,,,,1.4148,,,,,
2009-09-21,,,1.0783,,91.92,,,,1.0324,,,,,,,,,,,1.418,,,,,
2009-09-22,,,1.0689,,91.17,,,,1.0235,,,,,,,,,,,1.4122,,,,,
2009-09-23,,,1.0766,,91.45,,,,1.0284,,,,,,,,,,,1.4165,,,,,
2009-09-24,,,1.0888,,91.25,,,,1.0293,,,,,,,,,,,1.4186,,,,,
2009-09-25,,,1.0904,,89.65,,,,1.0275,,,,,,,,,,,1.4159,,,,,
2009-09-28,,,1.0853,,89.68,,,,1.0326,,,,,,,,,,,1.4184,,,,,
2009-09-29,,,1.0846,,90.13,,,,1.0362,,,,,,,,,,,1.4179,,,,,
2009-09-30,,,1.0693,,89.72,,,,1.0357,,,,,,,,,,,1.4086,,,,,
2009-10-01,,,1.0837,,89.56,,,,1.0411,,,,,,,,,,,1.4143,,,,,
2009-10-02,,,1.0792,,89.78,,,,1.0351,,,,,,,,,,,1.4156,,,,,
2009-10-05,,,1.0702,,89.54,,,,1.032,,,,,,,,,,,1.4085,,,,,
2009-10-06,,,1.0592,,88.77,,,,1.0269,,,,,,,,,,,1.401,,,,,
2009-10-07,,,1.0614,,88.59,,,,1.0332,,,,,,,,,,,1.3994,,,,,
2009-10-08,,,1.0518,,88.38,,,,1.0259,,,,,,,,,,,1.3888,,,,,
2009-10-09,,,1.0424,,89.73,,,,1.0314,,,,,,,,,,,1.3959,,,,,
2009-10-12,,,1.0345,,89.8,,,,1.0265,,,,,,,,,,,1.3977,,,,,
2009-10-13,,,1.0317,,89.69,,,,1.0215,,,,,,,,,,,1.3955,,,,,
2009-10-14,,,1.0243,,89.31,,,,1.0141,,,,,,,,,,,1.3894,,,,,
2009-10-15,,,1.0335,,90.57,,,,1.0152,,,,,,,,,,,1.3897,,,,,
2009-10-16,,,1.0366,,90.87,,,,1.0181,,,,,,,,,,,1.3919,,,,,
2009-10-19,,,1.0274,,90.66,,,,1.0108,,,,,,,,,,,1.389,,,,,
2009-10-20,,,1.049,,90.67,,,,1.0123,,,,,,,,,,,1.3946,,,,,
2009-10-21,,,1.0431,0.60284,90.99,,,,1.0063,,,,,,,,,,,1.3891,,,,,
2009-10-22,,,1.0468,0.60187,91.33,,,,1.0048,,,,,,,,,,,1.3917,,,,,
2009-10-23,,,1.0537,0.61342,92.04,,,,1.0086,,,,,,,,,,,1.3942,,,,,
2009-10-26,,,1.0691,0.61301,92.21,,,,1.0185,,,,,,,,,,,1.3975,,,,,
2009-10-27,,,1.0642,0.61065,91.79,,,,1.0212,,,,,,,,,,,1.3967,,,,,
2009-10-28,,,1.0798,0.61046,90.69,,,,1.0259,,,,,,,,,,,1.4025,,,,,
2009-10-29,,,1.0668,0.60386,91.48,,,,1.0183,,,,,,,,,,,1.3972,,,,,
2009-10-30,,,1.0846,0.60809,90.04,,,,1.0261,,,,,,,,,,,1.4012,,,,,
2009-11-02,,,1.0773,0.60961,90.25,,,,1.0215,,,,,,,,,,,1.3998,,,,,
2009-11-03,,,1.0657,0.60842,90.32,,,,1.0257,,,,,,,,,,,1.3994,,,,,
2009-11-04,,,1.0625,0.60405,90.76,,,,1.0159,,,,,,,,,,,1.3954,,,,,
2009-11-05,,,1.0657,0.60325,90.71,,,,1.016,,,,,,,,,,,1.395,,,,,
2009-11-06,,,1.075,0.60208,89.87,,,,1.0172,,,,,,,,,,,1.3923,,,,,
2009-11-09,,,1.0555,0.59673,89.96,,,,1.008,,,,,,,,,,,1.3861,,,,,
2009-11-10,,,1.0496,0.59734,89.81,,,,1.0076,,,,,,,,,,,1.3876,,,,,
2009-11-11,,,1.0449,0.60332,89.84,,,,1.0077,,,,,,,,,,,1.3863,,,,,
2009-11-12,,,1.0558,0.60325,90.38,,,,1.0174,,,,,,,,,,,1.3897,,,,,
2009-11-13,,,1.0521,0.59948,89.66,,,,1.0124,,,,,,,,,,,1.3852,,,,,
2009-11-16,,,1.0473,0.59457,89.06,,,,1.0075,,,,,,,,,,,1.3835,,,,,
2009-11-17,,,1.0508,0.59485,89.25,,,,1.0161,,,,,,,,,,,1.3846,,,,,
2009-11-18,,,1.0542,0.59727,89.32,,,,1.0097,,,,,,,,,,,1.3829,,,,,
2009-11-19,,,1.0631,0.60002,88.97,,,,1.0128,,,,,,,,,,,1.3876,,,,,
2009-11-20,,,1.0698,0.60624,88.86,,,,1.0176,,,,,,,,,,,1.3885,,,,,
2009-11-23,,,1.0555,0.60223,88.96,,,,1.0098,,,,,,,,,,,1.385,,,,,
2009-11-24,,,1.058,0.60317,88.49,,,,1.0091,,,,,,,,,,,1.3847,,,,,
2009-11-25,,,1.0451,0.59866,87.32,,,,0.9963,,,,,,,,,,,1.379,,,,,
2009-11-26,,,1.0588,0.60536,86.54,,,,1.0028,,,,,,,,,,,1.3843,,,,,
2009-11-27,,,1.0619,0.60661,86.4,,,,1.0056,,,,,,,,,,,1.3871,,,,,
2009-11-30,,,1.0559,0.60827,86.31,,,,1.0052,,,,,,,,,,,1.3835,,,,,
2009-12-01,,,1.0456,0.60208,86.69,,,,0.9994,,,,,,,,,,,1.3802,,,,,
2009-12-02,,,1.051,0.60136,87.34,,,,1.0019,,,,,,,,,,,1.3797,,,,,
2009-12-03,,,1.0571,0.60471,88.25,,,,1.001,,,,,,,,,,,1.3811,,,,,
2009-12-04,,,1.0578,0.60716,90.52,,,,1.0157,,,,,,,,,,,1.3885,,,,,
2009-12-07,,,1.0516,0.60824,89.47,,,,1.0195,,,,,,,,,,,1.3891,,,,,
2009-12-08,,,1.0632,0.61406,88.41,,,,1.027,,,,,,,,,,,1.3937,,,,,
2009-12-09,,,1.0544,0.61504,87.87,,,,1.0267,,,,,,,,,,,1.3913,,,,,
2009-12-10,,,1.0515,0.61429,88.19,,,,1.0256,,,,,,,,,,,1.389,,,,,
2009-12-11,,,1.0603,0.61512,89.08,,,,1.0342,,,,,,,,,,,1.3905,,,,,
2009-12-14,,,1.0584,0.61335,88.58,,,,1.0316,,,,,,,,,,,1.39,,,,,
2009-12-15,,,1.0611,0.61482,89.63,,,,1.0403,,,,,,,,,,,1.3956,,,,,
2009-12-16,,,1.0608,0.61222,89.77,,,,1.0383,,,,,,,,,,,1.3968,,,,,
2009-12-17,,,1.0705,0.61916,89.94,,,,1.0473,,,,,,,,,,,1.4029,,,,,
2009-12-18,,,1.0659,0.61885,90.45,,,,1.0416,,,,,,,,,,,1.4019,,,,,
2009-12-21,,,1.0621,0.62325,91.12,,,,1.0459,,,,,,,,,,,1.4061,,,,,
2009-12-22,,,1.0572,0.62633,91.82,,,,1.0489,,,,,,,,,,,1.4065,,,,,
2009-12-23,,,1.0484,0.62696,91.63,,,,1.0389,,,,,,,,,,,1.4075,,,,,
2009-12-24,,,1.0495,0.62665,91.52,,,,1.037,,,,,,,,,,,1.4059,,,,,
2009-12-25,,,1.0499,0.62645,91.11,,,,1.0355,,,,,,,,,,,1.4072,,,,,
2009-12-28,,,1.0422,0.62504,91.62,,,,1.0347,,,,,,,,,,,1.405,,,,,
2009-12-29,,1.11757,1.0431,0.62925,91.99,,,,1.0365,,,,,,,,,,,1.405,,,,,
2009-12-30,,1.11919,1.0549,0.62208,92.42,,,,1.0365,,,,,,,,,,,1.4047,,,,,
2009-12-31,,1.11582,1.0525,0.61881,93.02,,,,1.0352,,,,,,,,,,,1.4039,,,,,
2010-01-01,,1.11483,1.0517,0.61851,93.0,,,,1.0351,,,,,,,,,,,1.4022,,,,,
2010-01-04,,1.09613,1.0419,0.6215,92.52,,,,1.0301,,,,,,,,,,,1.3984,,,,,
2010-01-05,,1.09637,1.0386,0.62539,91.67,,,,1.0336,,,,,,,,,,,1.3972,,,,,
2010-01-06,,1.08696,1.032,0.62445,92.31,,,,1.0274,,,,,,,,,,,1.3952,,,,,
2010-01-07,,1.09004,1.0339,0.62775,93.3,,,1.36649,1.0335,,,,,,,,,,,1.398,,,,,
2010-01-08,,1.08155,1.0298,0.6241,92.66,,,1.35814,1.0236,,,,,,,,,,,1.3944,,,,,
2010-01-11,,1.07596,1.0334,0.62062,92.08,,,1.34789,1.0163,,,,,,,,,,,1.387,,,,,
2010-01-12,,1.08731,1.0384,0.61877,90.98,,,1.35446,1.0182,,,,,,,,,,,1.3903,,,,,
2010-01-13,,1.0826,1.0301,0.61433,91.37,,,1.35153,1.0181,,,,,,,,,,,1.3887,,,,,
2010-01-14,,1.07354,1.023,0.61226,91.16,,,1.34698,1.0184,,,,,,,,,,,1.3875,,,,,
2010-01-15,,1.08366,1.0288,0.61497,90.78,,,1.35575,1.0257,,,,,,,,,,,1.3906,,,,,
2010-01-18,,1.07968,1.0256,0.61215,90.76,,,1.35446,1.0245,,,,,,,,,,,1.3888,,,,,
2010-01-19,,1.08331,1.0312,0.61125,91.11,,,1.3611,1.0327,,,,,,,,,,,1.3907,,,,,
2010-01-20,,1.09902,1.0462,0.61406,91.25,,,1.386,1.0441,,,,,,,,,,,1.4008,,,,,
2010-01-21,,1.11136,1.0515,0.61782,90.45,,,1.40865,1.0425,,,,,,,,,,,1.4045,,,,,
2010-01-22,,1.11086,1.0575,0.62077,89.84,,,1.41024,1.0406,,,,,,,,,,,1.4042,,,,,
2010-01-25,,1.1062,1.0575,0.61573,90.25,,,1.40135,1.0396,,,,,,,,,,,1.3984,,,,,
2010-01-26,,1.11383,1.0627,0.61958,89.63,,,1.41243,1.0463,,,,,,,,,,,1.4037,,,,,
2010-01-27,,1.11719,1.0641,0.61866,89.95,,,1.41583,1.0501,,,,,,,,,,,1.404,,,,,
2010-01-28,,1.11844,1.0661,0.61981,89.9,,,1.41925,1.0521,,,,,,,,,,,1.4045,,,,,
2010-01-29,,1.13186,1.07,0.62582,90.27,,,1.42735,1.0601,,,,,,,,,,,1.4065,,,,,
2010-02-01,,1.12208,1.0607,0.62672,90.59,,,1.41183,1.0561,,,,,,,,,,,1.409,,,,,
2010-02-02,,1.12854,1.0566,0.6261,90.36,,,1.40469,1.0549,,,,,,,,,,,1.4083,,,,,
2010-02-03,,1.13314,1.0621,0.62953,90.96,,,1.4243,1.0591,,,,,,,,,,,1.4127,,,,,
2010-02-04,,1.15714,1.0735,0.63464,89.05,,,1.45603,1.0666,,,,,,,,,,,1.4209,,,,,
2010-02-05,,1.15274,1.0705,0.63947,89.13,,,1.4518,1.0723,,,,,,,,,,,1.4219,,,,,
2010-02-08,,1.15674,1.0754,0.64185,89.21,,,1.46477,1.0734,,,,,,,,,,,1.4235,,,,,
2010-02-09,,1.13817,1.066,0.63629,89.68,,,1.4372,1.0641,,,,,,,,,,,1.4168,,,,,
2010-02-10,,1.14234,1.0616,0.64127,89.92,,,1.44383,1.0672,,,,,,,,,,,1.4175,,,,,
2010-02-11,,1.12309,1.0499,0.63686,89.75,,,1.43164,1.0704,,,,,,,,,,,1.412,,,,,
2010-02-12,,1.12537,1.0502,0.6369,89.96,,,1.4339,1.0752,,,,,,,,,,,1.4112,,,,,
2010-02-15,,1.12587,1.0489,0.63869,90.0,,,1.43637,1.0775,,,,,,,,,,,1.4126,,,,,
2010-02-16,,1.10877,1.0437,0.63343,90.14,,,1.41503,1.0663,,,,,,,,,,,1.4039,,,,,
2010-02-17,,1.1121,1.0461,0.63816,91.25,,,1.42207,1.0781,,,,,,,,,,,1.407,,,,,
2010-02-18,,1.11869,1.0466,0.64445,91.74,,,1.43349,1.0838,,,,,,,,,,,1.4106,,,,,
2010-02-19,,1.11346,1.039,0.64633,91.48,,,1.43061,1.0753,,,,,,,,,,,1.4114,,,,,
2010-02-22,,1.11086,1.0428,0.64604,91.11,,,1.42674,1.0759,,,,,,,,,,,1.4101,,,,,
2010-02-23,,1.12233,1.0562,0.64847,90.2,,,1.44488,1.0835,,,,,,,,,,,1.41,,,,,
2010-02-24,,1.11919,1.0536,0.64918,90.14,,,1.44321,1.0807,,,,,,,,,,,1.4102,,,,,
2010-02-25,,1.12575,1.0608,0.65522,89.13,,,1.44634,1.0798,,,,,,,,,,,1.4092,,,,,
2010-02-26,,1.11694,1.0512,0.65651,88.91,,,1.43308,1.0734,,,,,,,,,,,1.4059,,,,,
2010-03-01,,1.11012,1.0411,0.6672,89.12,,,1.4298,1.0788,,,,,,,,,,,1.4058,,,,,
2010-03-02,,1.10693,1.0355,0.668,88.84,,,1.43761,1.0747,,,,,,,,,,,1.4029,,,,,
2010-03-03,,1.10473,1.0317,0.66247,88.47,,,1.43989,1.0678,,,,,,,,,,,1.3992,,,,,
2010-03-04,,1.11111,1.0314,0.66538,89.03,,,1.45709,1.077,,,,,,,,,,,1.4006,,,,,
2010-03-05,,1.10217,1.029,0.66081,90.28,,,1.43575,1.0737,,,,,,,,,,,1.4014,,,,,
2010-03-08,,1.09987,1.0271,0.66388,90.29,,,1.42735,1.0729,,,,,,,,,,,1.3992,,,,,
2010-03-09,,1.09421,1.0262,0.66693,89.95,,,1.42349,1.0748,,,,,,,,,,,1.3991,,,,,
2010-03-10,,1.09266,1.0248,0.66773,90.49,,,1.4245,1.0695,,,,,,,,,,,1.3979,,,,,
2010-03-11,,1.0929,1.0241,0.66397,90.48,,,1.42878,1.0682,,,,,,,,,,,1.3975,,,,,
2010-03-12,,1.0929,1.0189,0.65777,90.56,,,1.42633,1.0576,,,,,,,,,,,1.3929,,,,,
2010-03-15,,1.09445,1.0187,0.66445,90.49,,,1.42491,1.0618,,,,,,,,,,,1.3967,,,,,
2010-03-16,,1.08743,1.0137,0.65582,90.22,,,1.40292,1.0545,,,,,,,,,,,1.394,,,,,
2010-03-17,,1.08295,1.0098,0.653,90.31,,,1.40135,1.0541,,,,,,,,,,,1.3923,,,,,
2010-03-18,,1.08708,1.0143,0.656,90.35,,,1.39978,1.0581,,,,,,,,,,,1.3961,,,,,
2010-03-19,,1.09242,1.0171,0.66609,90.54,,,1.41243,1.0613,,,,,,,,,,,1.3988,,,,,
2010-03-22,,1.08909,1.0178,0.66195,90.05,,,1.41603,1.0575,,,,,,,,,,,1.4006,,,,,
2010-03-23,,1.08897,1.0163,0.66516,90.46,,,1.41824,1.0575,,,,,,,,,,,1.4003,,,,,
2010-03-24,,1.10072,1.0246,0.67213,92.16,,,1.42389,1.0724,,,,,,,,,,,1.4054,,,,,
2010-03-25,,1.10108,1.024,0.67485,92.67,,,1.42046,1.0733,,,,,,,,,,,1.4075,,,,,
2010-03-26,,1.10632,1.0264,0.67114,92.52,,,1.42106,1.065,,,,,,,,,,,1.404,,,,,
2010-03-29,,1.09075,1.0211,0.66769,92.53,,,1.41024,1.0625,,,,,,,,,,,1.399,,,,,
2010-03-30,,1.08909,1.0198,0.66357,92.76,,,1.40925,1.066,,,,,,,,,,,1.3997,,,,,
2010-03-31,,1.09123,1.0152,0.65889,93.44,,,1.40667,1.0539,,,,,,,,,,,1.3985,,,,,
2010-04-01,,1.08719,1.0086,0.65471,93.87,,,1.41443,1.0555,,,,,,,,,,,1.3971,,,,,
2010-04-02,,1.08861,1.0105,0.65794,94.6,,,1.41583,1.0606,,,,,,,,,,,1.4008,,,,,
2010-04-05,,1.08589,1.0016,0.65415,94.33,,,1.42187,1.0622,,,,,,,,,,,1.3963,,,,,
2010-04-06,,1.07863,1.0013,0.65522,93.76,,,1.41743,1.069,,,,,,,,,,,1.396,,,,,
2010-04-07,,1.07886,1.0051,0.65638,93.24,,,1.41463,1.0736,,,,,,,,,,,1.3953,,,,,
2010-04-08,,1.07701,1.0022,0.65449,93.39,,,1.41503,1.0729,,,,,,,,,,,1.3939,,,,,
2010-04-09,,1.07193,1.0024,0.65079,93.18,,,1.39782,1.0651,,,,,,,,,,,1.3889,,,,,
2010-04-12,,1.08237,1.0027,0.65117,93.19,,,1.40647,1.0598,,,,,,,,,,,1.3906,,,,,
2010-04-13,,1.07701,1.0017,0.65032,93.19,,,1.40233,1.0538,,,,,,,,,,,1.3922,,,,,
2010-04-14,,1.06918,0.9986,0.64662,93.26,,,1.39958,1.0517,,,,,,,,,,,1.3733,,,,,
2010-04-15,,1.07032,1.002,0.64645,93.07,,,1.40449,1.0554,,,,,,,,,,,1.3737,,,,,
2010-04-16,,1.08307,1.0128,0.65104,92.16,,,1.41143,1.0613,,,,,,,,,,,1.3756,,,,,
2010-04-19,,1.08096,1.0147,0.65206,92.42,,,1.40056,1.0628,,,,,,,,,,,1.3774,,,,,
2010-04-20,,1.07285,0.9982,0.65024,93.21,,,1.40489,1.068,,,,,,,,,,,1.3749,,,,,
2010-04-21,,1.07921,0.9989,0.64901,93.17,,,1.40825,1.0702,,,,,,,,,,,1.3725,,,,,
2010-04-22,,1.0791,1.0006,0.6499,93.42,,,1.40786,1.0782,,,,,,,,,,,1.3718,,,,,
2010-04-23,,1.07805,0.9995,0.65036,93.96,,,1.39489,1.0723,,,,,,,,,,,1.3705,,,,,
2010-04-26,,1.0784,1.0006,0.64708,94.01,,,1.38408,1.0711,,,,,,,,,,,1.3665,,,,,
2010-04-27,,1.09278,1.0161,0.6557,93.1,,,1.40568,1.0882,,,,,,,,,,,1.3734,,,,,
2010-04-28,,1.08096,1.0095,0.65781,94.15,,,1.39159,1.0855,,,,,,,,,,,1.3725,,,,,
2010-04-29,,1.07828,1.006,0.65227,94.02,,,1.38351,1.083,,,,,,,,,,,1.3691,,,,,
2010-04-30,,1.08213,1.0178,0.65479,93.81,,,1.37589,1.0775,,,,,,,,,,,1.37,,,,,
2010-05-03,,1.07968,1.0102,0.6566,94.57,,,1.36892,1.0861,,,,,,,,,,,1.3701,,,,,
2010-05-04,,1.10011,1.0245,0.66076,94.67,,,1.38947,1.1043,,,,,,,,,,,1.3805,,,,,
2010-05-05,,1.10363,1.0311,0.66208,93.96,,,1.39121,1.1176,,,,,,,,,,,1.3925,,,,,
2010-05-06,,1.12803,1.0522,0.67719,90.81,,,1.4039,1.1125,,,,,,,,,,,1.4023,,,,,
2010-05-07,,1.12689,1.0439,0.67563,91.58,,,1.40017,1.1078,,,,,,,,,,,1.3961,,,,,
2010-05-10,,1.10754,1.0238,0.67322,93.34,,,1.38504,1.1099,,,,,,,,,,,1.3815,,,,,
2010-05-11,,1.11782,1.0201,0.67002,92.67,,,1.39665,1.1122,,,,,,,,,,,1.3817,,,,,
2010-05-12,,1.11757,1.0191,0.67454,93.25,,,1.40056,1.1105,,,,,,,,,,,1.3798,,,,,
2010-05-13,,1.11794,1.0217,0.68517,92.68,,,1.40174,1.1184,,,,,,,,,,,1.3825,,,,,
2010-05-14,,1.12918,1.0341,0.68823,92.5,,,1.41563,1.1331,,,,,,,,,,,1.388,,,,,
2010-05-17,,1.1396,1.0315,0.69023,92.59,,,1.43308,1.1308,,,,,,,,,,,1.389,,,,,
2010-05-18,,1.16198,1.0408,0.70018,92.03,,,1.45075,1.1502,,,,,,,,,,,1.3956,,,,,
2010-05-19,,1.17675,1.0424,0.69185,91.8,,,1.46886,1.1506,,,,,,,,,,,1.396,,,,,
2010-05-20,,1.23016,1.0714,0.69691,89.26,,,1.49925,1.1516,,,,,,,,,,,1.4092,,,,,
2010-05-21,,1.20178,1.059,0.69128,90.0,,,1.47558,1.1494,,,,,,,,,,,1.406,,,,,
2010-05-24,,1.213,1.0626,0.69425,90.26,,,1.49209,1.1603,,,,,,,,,,,1.408,,,,,
2010-05-25,,1.20671,1.0653,0.69295,90.29,,,1.49187,1.1549,,,,,,,,,,,1.4118,,,,,
2010-05-26,,1.21699,1.0704,0.69575,89.97,,,1.50466,1.1602,,,,,,,,,,,1.413,,,,,
2010-05-27,,1.17578,1.0496,0.68658,90.94,,,1.46392,1.1515,,,,,,,,,,,1.4,,,,,
2010-05-28,,1.1805,1.0539,0.69142,91.05,,,1.47232,1.1589,,,,,,,,,,,1.4079,,,,,
2010-05-31,,1.18064,1.0431,0.68799,91.17,,,1.46843,1.1551,,,,,,,,,,,1.3995,,,,,
2010-06-01,,1.20424,1.0542,0.68301,90.99,,,1.47973,1.1573,,,,,,,,,,,1.412,,,,,
2010-06-02,,1.18864,1.0385,0.6825,92.24,,,1.46778,1.155,,,,,,,,,,,1.4044,,,,,
2010-06-03,,1.18807,1.0407,0.68409,92.57,,,1.46434,1.1567,,,,,,,,,,,1.4062,,,,,
2010-06-04,,1.21521,1.0627,0.69204,91.88,,,1.49209,1.1625,,,,,,,,,,,1.413,,,,,
2010-06-07,,1.23533,1.0603,0.69118,91.46,,,1.51814,1.1633,,,,,,,,,,,1.4173,,,,,
2010-06-08,,1.20963,1.0477,0.69195,91.52,,,1.4997,1.1533,,,,,,,,,,,1.4135,,,,,
2010-06-09,,1.20817,1.0444,0.6879,91.31,,,1.4892,1.1483,,,,,,,,,,,1.4135,,,,,
2010-06-10,,1.17855,1.0306,0.68046,91.39,,,1.46028,1.1434,,,,,,,,,,,1.4033,,,,,
2010-06-11,,1.17633,1.0325,0.68729,91.63,,,1.4497,1.1488,,,,,,,,,,,1.4012,,,,,
2010-06-14,,1.16591,1.0333,0.67884,91.61,,,1.43968,1.1427,,,,,,,,,,,1.3964,,,,,
2010-06-15,,1.15647,1.025,0.67558,91.5,,,1.43123,1.1337,,,,,,,,,,,1.3903,,,,,
2010-06-16,,1.15996,1.0252,0.67944,91.38,,,1.43637,1.1315,,,,,,,,,,,1.393,,,,,
2010-06-17,,1.15314,1.0275,0.67513,90.89,,,1.41985,1.112,,,,,,,,,,,1.3911,,,,,
2010-06-18,,1.14718,1.0213,0.67472,90.67,,,1.41703,1.1083,,,,,,,,,,,1.3849,,,,,
2010-06-21,,1.14234,1.0234,0.67778,91.03,,,1.41243,1.1119,,,,,,,,,,,1.3776,,,,,
2010-06-22,,1.14771,1.0286,0.67554,90.48,,,1.42167,1.1069,,,,,,,,,,,1.3858,,,,,
2010-06-23,,1.1443,1.0387,0.66863,89.94,,,1.40233,1.1051,,,,,,,,,,,1.3875,,,,,
2010-06-24,,1.15434,1.043,0.6702,89.58,,,1.41283,1.102,,,,,,,,,,,1.3925,,,,,
2010-06-25,,1.14469,1.0355,0.66397,89.23,,,1.40056,1.0926,,,,,,,,,,,1.3871,,,,,
2010-06-28,,1.14732,1.0356,0.66256,89.37,,,1.41163,1.0866,,,,,,,,,,,1.3855,,,,,
2010-06-29,,1.17744,1.0544,0.6641,88.52,,,1.44425,1.0818,,,,,,,,,,,1.402,,,,,
2010-06-30,,1.18963,1.0629,0.66939,88.39,,,1.46028,1.0774,,,,,,,,,,,1.3987,,,,,
2010-07-01,,1.17966,1.058,0.65941,87.75,,,1.44467,1.0597,,,,,,,,,,,1.393,,,,,
2010-07-02,,1.18864,1.0625,0.65802,87.74,,,1.45307,1.0623,,,,,,,,,,,1.3907,,,,,
2010-07-05,,1.19118,1.0634,0.66085,87.75,,,1.45307,1.0647,,,,,,,,,,,1.3918,,,,,
2010-07-06,,1.17426,1.0542,0.66015,87.55,,,1.44259,1.0593,,,,,,,,,,,1.3851,,,,,
2010-07-07,,1.15929,1.0477,0.65889,87.76,,,1.42369,1.0521,,,,,,,,,,,1.3827,,,,,
2010-07-08,,1.14116,1.0434,0.65963,88.43,,,1.41143,1.0493,,,,,,,,,,,1.3795,,,,,
2010-07-09,,1.14116,1.0332,0.66388,88.57,,,1.40627,1.0572,,,,,,,,,,,1.3805,,,,,
2010-07-12,,1.14064,1.0363,0.66551,88.62,,,1.40351,1.0604,,,,,,,,,,,1.3823,,,,,
2010-07-13,,1.13199,1.0308,0.65872,88.67,,,1.38966,1.0544,,,,,,,,,,,1.3748,,,,,
2010-07-14,,1.13173,1.0318,0.65514,88.39,,,1.38217,1.0511,,,,,,,,,,,1.3733,,,,,
2010-07-15,,1.13148,1.0383,0.64742,87.35,,,1.37514,1.0411,,,,,,,,,,,1.3726,,,,,
2010-07-16,,1.15128,1.0555,0.65372,86.56,,,1.40766,1.0504,,,,,,,,,,,1.3765,,,,,
2010-07-19,,1.15101,1.0545,0.65656,86.76,,,1.41583,1.054,,,,,,,,,,,1.3769,,,,,
2010-07-20,,1.13148,1.0429,0.65462,87.43,,,1.3947,1.0516,,,,,,,,,,,1.3738,,,,,
2010-07-21,,1.14064,1.049,0.6595,86.94,,,1.4043,1.0505,,,,,,,,,,,1.378,,,,,
2010-07-22,,1.11957,1.0377,0.65548,87.02,,,1.38045,1.0433,,,,,,,,,,,1.3714,,,,,
2010-07-23,,1.11707,1.0357,0.64863,87.41,,,1.37495,1.0545,,,,,,,,,,,1.37,,,,,
2010-07-26,,1.10902,1.0318,0.64595,86.95,,,1.36444,1.0488,,,,,,,,,,,1.3607,,,,,
2010-07-27,,1.11,1.0349,0.64127,87.85,,,1.36612,1.0597,,,,,,,,,,,1.3625,,,,,
2010-07-28,,1.12259,1.0382,0.64152,87.37,,,1.38677,1.0566,,,,,,,,,,,1.3669,,,,,
2010-07-29,,1.11012,1.0356,0.64057,86.9,,,1.38102,1.0411,,,,,,,,,,,1.3625,,,,,
2010-07-30,,1.10595,1.0285,0.63775,86.46,,,1.37798,1.0409,,,,,,,,,,,1.3595,,,,,
2010-08-02,,1.09613,1.0234,0.62941,86.42,,,1.36762,1.0389,,,,,,,,,,,1.3486,,,,,
2010-08-03,,1.09577,1.024,0.62712,85.81,,,1.36407,1.0395,,,,,,,,,,,1.35,,,,,
2010-08-04,,1.09135,1.0179,0.62956,86.32,,,1.36203,1.0534,,,,,,,,,,,1.3522,,,,,
2010-08-05,,1.09242,1.0169,0.62941,85.84,,,1.37099,1.0462,,,,,,,,,,,1.3532,,,,,
2010-08-06,,1.08921,1.0263,0.62735,85.5,,,1.36426,1.0388,,,,,,,,,,,1.3468,,,,,
2010-08-09,,1.0917,1.0274,0.62893,85.93,,,1.37306,1.0485,,,,,,,,,,,1.348,,,,,
2010-08-10,,1.09565,1.0304,0.63107,85.33,,,1.38255,1.0481,,,,,,,,,,,1.3535,,,,,
2010-08-11,,1.11832,1.0466,0.63943,85.24,,,1.40311,1.06,,,,,,,,,,,1.3657,,,,,
2010-08-12,,1.11607,1.0422,0.64206,85.86,,,1.41143,1.0499,,,,,,,,,,,1.3614,,,,,
2010-08-13,,1.12032,1.0414,0.64148,86.18,,,1.41884,1.0509,,,,,,,,,,,1.3625,,,,,
2010-08-16,,1.11483,1.0429,0.63894,85.31,,,1.41643,1.0394,,,,,,,,,,,1.3611,,,,,
2010-08-17,,1.10448,1.0326,0.64206,85.56,,,1.40489,1.0433,,,,,,,,,,,1.3545,,,,,
2010-08-18,,1.11321,1.0287,0.64123,85.38,,,1.40115,1.0422,,,,,,,,,,,1.3518,,,,,
2010-08-19,,1.12145,1.0398,0.6414,85.29,,,1.41483,1.0322,,,,,,,,,,,1.3542,,,,,
2010-08-20,,1.11857,1.0459,0.64392,85.56,,,1.41583,1.0335,,,,,,,,,,,1.3562,,,,,
2010-08-23,,1.12296,1.0514,0.64508,85.1,,,1.41723,1.0411,,,,,,,,,,,1.3569,,,,,
2010-08-24,,1.13366,1.0609,0.64918,84.12,,,1.42247,1.0316,,,,,,,,,,,1.3613,,,,,
2010-08-25,,1.12969,1.0593,0.64629,84.59,,,1.4243,1.0298,,,,,,,,,,,1.3577,,,,,
2010-08-26,,1.12854,1.0571,0.64429,84.46,,,1.42247,1.0237,,,,,,,,,,,1.3549,,,,,
2010-08-27,,1.11297,1.0505,0.64408,85.21,,,1.40746,1.0276,,,,,,,,,,,1.3521,,,,,
2010-08-30,,1.12208,1.0597,0.64679,84.57,,,1.42207,1.0257,,,,,,,,,,,1.3549,,,,,
2010-08-31,,1.12045,1.0645,0.65142,84.17,,,1.43021,1.0142,,,,,,,,,,,1.3539,,,,,
2010-09-01,,1.0983,1.0506,0.64721,84.45,,,1.40469,1.0156,,,,,,,,,,,1.3466,,,,,
2010-09-02,,1.09818,1.0527,0.64969,84.28,,,1.39938,1.0125,,,,,,,,,,,1.3456,,,,,
2010-09-03,,1.09111,1.0391,0.64729,84.33,,,1.38889,1.016,,,,,,,,,,,1.3424,,,,,
2010-09-06,,1.09087,1.035,0.64969,84.12,,,1.38351,1.011,,,,,,,,,,,1.3449,,,,,
2010-09-07,,1.09818,1.0475,0.65134,83.77,,,1.39179,1.0111,,,,,,,,,,,1.3482,,,,,
2010-09-08,,1.08897,1.0368,0.64633,83.86,,,1.3837,1.0109,,,,,,,,,,,1.3446,,,,,
2010-09-09,,1.08354,1.0338,0.64809,83.84,,,1.37931,1.0152,,,,,,,,,,,1.3427,,,,,
2010-09-10,,1.07956,1.0371,0.65155,84.16,,,1.37212,1.0192,,,,,,,,,,,1.3401,,,,,
2010-09-13,,1.06986,1.0277,0.64834,83.71,,,1.3637,1.0075,,,,,,,,,,,1.336,,,,,
2010-09-14,,1.06485,1.0279,0.64387,83.02,,,1.36277,0.9959,,,,,,,,,,,1.333,,,,,
2010-09-15,,1.06667,1.0257,0.6398,85.74,,,1.37646,1.0028,,,,,,,,,,,1.3377,,,,,
2010-09-16,,1.0686,1.0263,0.63996,85.84,,,1.38102,1.0156,,,,,,,,,,,1.3368,,,,,
2010-09-17,,1.06849,1.0326,0.63984,85.84,,,1.37931,1.0097,,,,,,,,,,,1.3356,,,,,
2010-09-20,,1.05775,1.0298,0.64338,85.68,,,1.37306,1.005,,,,,,,,,,,1.3336,,,,,
2010-09-21,,1.04877,1.0256,0.6409,85.15,,,1.36444,0.9969,,,,,,,,,,,1.3294,,,,,
2010-09-22,,1.0469,1.0296,0.63906,84.54,,,1.35556,0.9867,,,,,,,,,,,1.325,,,,,
2010-09-23,,1.05374,1.0341,0.63771,84.39,,,1.37306,0.9856,,,,,,,,,,,1.329,,,,,
2010-09-24,,1.04275,1.0239,0.63207,84.2,,,1.3624,0.9827,,,,,,,,,,,1.3219,,,,,
2010-09-27,,1.04123,1.03,0.63263,84.28,,,1.36277,0.9861,,,,,,,,,,,1.3205,,,,,
2010-09-28,,1.03381,1.0302,0.63275,83.81,,,1.35281,0.9758,,,,,,,,,,,1.3179,,,,,
2010-09-29,,1.03284,1.0325,0.63331,83.71,,,1.3598,0.9768,,,,,,,,,,,1.3181,,,,,
2010-09-30,,1.03573,1.0298,0.63654,83.5,,,1.36277,0.9831,,,,,,,,,,,1.3155,,,,,
2010-10-01,,1.02891,1.0193,0.63219,83.21,,,1.34445,0.9735,,,,,,,,,,,1.3121,,,,,
2010-10-04,,1.03391,1.0231,0.63207,83.41,,,1.35465,0.971,,,,,,,,,,,1.3144,,,,,
2010-10-05,,1.02987,1.0155,0.62933,83.23,,,1.33511,0.9665,,,,,,,,,,,1.3089,,,,,
2010-10-06,,1.02386,1.0108,0.6296,82.91,,,1.33138,0.9619,,,,,,,,,,,1.308,,,,,
2010-10-07,,1.01885,1.0176,0.63,82.32,,,1.33387,0.9663,,,,,,,,,,,1.3072,,,,,
2010-10-08,,1.01574,1.0103,0.62645,81.91,,,1.32415,0.9626,,,,,,,,,,,1.3056,,,,,
2010-10-11,,1.01678,1.0136,0.62953,82.07,,,1.3312,0.9643,,,,,,,,,,,1.3068,,,,,
2010-10-12,,1.01441,1.0102,0.63275,81.82,,,1.32503,0.9573,,,,,,,,,,,1.3048,,,,,
2010-10-13,,1.01031,1.0034,0.62929,81.8,,,1.32013,0.9583,,,,,,,,,,,1.3025,,,,,
2010-10-14,,1.00685,1.004,0.62473,81.43,,,1.31822,0.9528,,,,,,,,,,,1.2957,,,,,
2010-10-15,,1.0102,1.0101,0.62539,81.44,,,1.32258,0.9587,,,,,,,,,,,1.2959,,,,,
2010-10-18,,1.0102,1.0175,0.62929,81.26,,,1.3217,0.9586,,,,,,,,,,,1.2997,,,,,
2010-10-19,,1.02965,1.0324,0.63674,81.61,,,1.34354,0.9705,,,,,,,,,,,1.3131,,,,,
2010-10-20,,1.01399,1.0217,0.63143,81.13,,,1.32696,0.9622,,,,,,,,,,,1.3022,,,,,
2010-10-21,,1.02166,1.0262,0.63654,81.29,,,1.33994,0.9669,,,,,,,,,,,1.3013,,,,,
2010-10-22,,1.01781,1.0253,0.63763,81.37,,,1.33976,0.9766,,,,,,,,,,,1.296,,,,,
2010-10-25,,1.01031,1.0198,0.63589,80.78,,,1.33032,0.971,,,,,,,,,,,1.2932,,,,,
2010-10-26,,1.01441,1.0235,0.63115,81.41,,,1.33583,0.984,,,,,,,,,,,1.2967,,,,,
2010-10-27,,1.02828,1.0276,0.63379,81.71,,,1.3403,0.9899,,,,,,,,,,,1.3032,,,,,
2010-10-28,,1.02218,1.0206,0.62743,81.0,,,1.32908,0.983,,,,,,,,,,,1.296,,,,,
2010-10-29,,1.01678,1.0192,0.62356,80.31,,,1.30548,0.9823,,,,,,,,,,,1.2939,,,,,
2010-11-01,,1.01297,1.0152,0.62348,80.48,,,1.30463,0.9918,,,,,,,,,,,1.2911,,,,,
2010-11-02,,1.0012,1.0087,0.62364,80.67,,,1.29719,0.9792,,,,,,,,,,,1.2877,,,,,
2010-11-03,,0.99404,1.0086,0.6212,81.14,,,1.27081,0.971,,,,,,,,,,,1.285,,,,,
2010-11-04,,0.98542,1.0022,0.61467,80.7,,,1.25802,0.9581,,,,,,,,,,,1.2832,,,,,
2010-11-05,,0.98493,1.0001,0.61805,81.26,,,1.25786,0.9608,,,,,,,,,,,1.2849,,,,,
2010-11-08,,0.98697,1.0034,0.61962,81.17,,,1.26871,0.9657,,,,,,,,,,,1.2878,,,,,
2010-11-09,,0.99651,1.0078,0.6257,81.68,,,1.28601,0.9681,,,,,,,,,,,1.29,,,,,
2010-11-10,,0.99503,1.0006,0.62042,82.27,,,1.27779,0.9706,,,,,,,,,,,1.2877,,,,,
2010-11-11,,1.00231,1.0031,0.62039,82.47,,,1.28205,0.9751,,,,,,,,,,,1.2891,,,,,
2010-11-12,,1.01523,1.0113,0.6205,82.52,,,1.29366,0.9807,,,,,,,,,,,1.2973,,,,,
2010-11-15,,1.01513,1.0095,0.62305,83.1,,,1.29483,0.9844,,,,,,,,,,,1.3025,,,,,
2010-11-16,,1.02386,1.0221,0.62948,83.31,,,1.30259,0.9956,,,,,,,,,,,1.3045,,,,,
2010-11-17,,1.02093,1.0246,0.62877,83.19,,,1.29853,0.9914,,,,,,,,,,,1.301,,,,,
2010-11-18,,1.01031,1.019,0.62348,83.51,,,1.28452,0.9958,,,,,,,,,,,1.2956,,,,,
2010-11-19,,1.0142,1.0167,0.62586,83.53,,,1.28535,0.992,,,,,,,,,,,1.2953,,,,,
2010-11-22,,1.01174,1.0186,0.62676,83.31,,,1.29634,0.9895,,,,,,,,,,,1.2969,,,,,
2010-11-23,,1.0287,1.024,0.63396,83.14,,,1.31874,0.997,,,,,,,,,,,1.3144,,,,,
2010-11-24,,1.01926,1.0098,0.63424,83.53,,,1.31648,0.9961,,,,,,,,,,,1.3093,,,,,
2010-11-25,,1.02041,1.0091,0.63456,83.57,,,1.31735,1.0,,,,,,,,,,,1.3062,,,,,
2010-11-26,,1.03724,1.0209,0.64156,84.09,,,1.3344,1.0026,,,,,,,,,,,1.3187,,,,,
2010-11-29,,1.03853,1.0178,0.64218,84.23,,,1.34174,0.9995,,,,,,,,,,,1.3186,,,,,
2010-11-30,,1.04308,1.0262,0.64255,83.64,,,1.34735,1.003,,,,,,,,,,,1.3201,,,,,
2010-12-01,,1.03274,1.0171,0.64029,84.19,,,1.33547,1.0023,,,,,,,,,,,1.3101,,,,,
2010-12-02,,1.02375,1.0028,0.64123,83.8,,,1.32415,0.9924,,,,,,,,,,,1.3064,,,,,
2010-12-03,,1.00735,1.0039,0.63396,82.53,,,1.30634,0.9734,,,,,,,,,,,1.3025,,,,,
2010-12-06,,1.01041,1.0054,0.63642,82.62,,,1.31406,0.9818,,,,,,,,,,,1.3045,,,,,
2010-12-07,,1.01771,1.0121,0.63472,83.48,,,1.32153,0.9875,,,,,,,,,,,1.3103,,,,,
2010-12-08,,1.02083,1.0114,0.63283,84.03,,,1.33833,0.9862,,,,,,,,,,,1.314,,,,,
2010-12-09,,1.01667,1.0103,0.63428,83.72,,,1.33654,0.9833,,,,,,,,,,,1.3104,,,,,
2010-12-10,,1.01513,1.0095,0.63287,83.9,,,1.33779,0.9806,,,,,,,,,,,1.3063,,,,,
2010-12-13,,1.00422,1.0076,0.63052,83.4,,,1.33209,0.9679,,,,,,,,,,,1.3024,,,,,
2010-12-14,,1.001,1.0063,0.63391,83.65,,,1.33103,0.9593,,,,,,,,,,,1.3022,,,,,
2010-12-15,,1.01327,1.0047,0.64342,84.24,,,1.35263,0.968,,,,,,,,,,,1.3173,,,,,
2010-12-16,,1.01,1.0062,0.63975,83.98,,,1.35062,0.9642,,,,,,,,,,,1.3131,,,,,
2010-12-17,,1.01215,1.0139,0.64371,83.99,,,1.35759,0.9688,,,,,,,,,,,1.313,,,,,
2010-12-20,,1.00675,1.0167,0.64475,83.77,,,1.34789,0.9649,,,,,,,,,,,1.3164,,,,,
2010-12-21,,1.00241,1.0166,0.6465,83.73,,,1.34463,0.958,,,,,,,,,,,1.3117,,,,,
2010-12-22,,1.0013,1.0128,0.65003,83.56,,,1.35153,0.952,,,,,,,,,,,1.3065,,,,,
2010-12-23,,0.99592,1.0094,0.6483,82.91,,,1.33869,0.9587,,,,,,,,,,,1.3053,,,,,
2010-12-24,,0.99562,1.008,0.64763,82.87,,,1.33636,0.9621,,,,,,,,,,,1.2989,,,,,
2010-12-27,,0.99542,1.0069,0.64851,82.77,,,1.33316,0.96,,,,,,,,,,,1.2989,,,,,
2010-12-28,,0.99,1.0009,0.65079,82.37,,,1.32415,0.9517,,,,,,,,,,,1.2994,,,,,
2010-12-29,,0.98242,1.0007,0.64524,81.6,,,1.30242,0.9456,,,,,,,,,,,1.2916,,,,,
2010-12-30,,0.98309,0.9998,0.64834,81.52,,,1.2982,0.9351,,,,,,,,,,,1.2882,,,,,
2010-12-31,,0.97771,0.9975,0.6407,81.12,,,1.28287,0.9339,,,,,,,,,,,1.2826,,,,,
2011-01-03,,0.98357,0.9936,0.6457,81.73,,,1.29316,0.9333,,,,,,,,,,,1.2847,,,,,
2011-01-04,,0.99483,0.9983,0.64181,82.07,,,1.3048,0.9485,,,,,,,,,,,1.2864,,,,,
2011-01-05,,1.0008,0.9957,0.64466,83.22,,,1.32223,0.9655,,,,,,,,,,,1.2918,,,,,
2011-01-06,,1.00583,0.9964,0.64658,83.31,,,1.3217,0.9652,,,,,,,,,,,1.2946,,,,,
2011-01-07,,1.00422,0.9927,0.64333,83.13,,,1.31648,0.9672,,,,,,,,,,,1.2932,,,,,
2011-01-10,,1.00452,0.9933,0.64234,82.71,,,1.30993,0.9675,,,,,,,,,,,1.2975,,,,,
2011-01-11,,1.01307,0.9903,0.64115,83.23,,,1.31527,0.9735,,,,,,,,,,,1.2929,,,,,
2011-01-12,,1.00371,0.9855,0.63432,82.98,,,1.30993,0.9664,,,,,,,,,,,1.2885,,,,,
2011-01-13,,1.00261,0.9888,0.63151,82.8,,,1.29735,0.9636,,,,,,,,,,,1.2851,,,,,
2011-01-14,,1.01163,0.9912,0.63024,82.85,,,1.30668,0.9632,,,,,,,,,,,1.2872,,,,,
2011-01-17,,1.00644,0.9866,0.62945,82.67,,,1.29517,0.9645,,,,,,,,,,,1.2877,,,,,
2011-01-18,,1.0008,0.9911,0.62665,82.6,,,1.29584,0.9633,,,,,,,,,,,1.2822,,,,,
2011-01-19,,0.9994,0.9955,0.62527,82.0,,,1.30107,0.9546,,,,,,,,,,,1.2827,,,,,
2011-01-20,,1.01327,0.9973,0.62905,82.99,,,1.32083,0.9669,,,,,,,,,,,1.2878,,,,,
2011-01-21,,1.01041,0.993,0.62508,82.53,,,1.31752,0.9581,,,,,,,,,,,1.2832,,,,,
2011-01-24,,1.00281,0.9935,0.62559,82.52,,,1.31062,0.949,,,,,,,,,,,1.2808,,,,,
2011-01-25,,1.00361,0.9962,0.63227,82.24,,,1.3009,0.9421,,,,,,,,,,,1.2788,,,,,
2011-01-26,,1.0014,0.994,0.62782,82.17,,,1.29433,0.9418,,,,,,,,,,,1.2787,,,,,
2011-01-27,,1.00847,0.9934,0.6279,82.9,,,1.29567,0.9453,,,,,,,,,,,1.2784,,,,,
2011-01-28,,1.00614,1.0011,0.6306,82.12,,,1.29333,0.9419,,,,,,,,,,,1.2845,,,,,
2011-01-31,,1.00291,1.0007,0.62457,82.03,,,1.295,0.9437,,,,,,,,,,,1.2789,,,,,
2011-02-01,,0.98912,0.9905,0.61943,81.34,,,1.28008,0.9351,,,,,,,,,,,1.2706,,,,,
2011-02-02,,0.9901,0.9876,0.61778,81.53,,,1.29333,0.94,,,,,,,,,,,1.2716,,,,,
2011-02-03,,0.98513,0.9909,0.61969,81.61,,,1.29316,0.9456,,,,,,,,,,,1.274,,,,,
2011-02-04,,0.98629,0.9873,0.62081,82.16,,,1.29921,0.9545,,,,,,,,,,,1.2747,,,,,
2011-02-07,,0.98678,0.9908,0.62073,82.3,,,1.29904,0.9554,,,,,,,,,,,1.273,,,,,
2011-02-08,,0.98561,0.9948,0.62243,82.33,,,1.29049,0.9631,,,,,,,,,,,1.2732,,,,,
2011-02-09,,0.98775,0.9937,0.621,82.34,,,1.295,0.9576,,,,,,,,,,,1.2741,,,,,
2011-02-10,,0.99562,0.9954,0.62123,83.21,,,1.30907,0.969,,,,,,,,,,,1.278,,,,,
2011-02-11,,0.9986,0.9881,0.62488,83.43,,,1.31562,0.9729,,,,,,,,,,,1.2813,,,,,
2011-02-14,,0.99721,0.989,0.6236,83.32,,,1.3217,0.9699,,,,,,,,,,,1.2806,,,,,
2011-02-15,,1.00371,0.9895,0.62027,83.74,,,1.33049,0.9671,,,,,,,,,,,1.2805,,,,,
2011-02-16,,0.99681,0.9848,0.62139,83.67,,,1.32608,0.9588,,,,,,,,,,,1.2786,,,,,
2011-02-17,,0.98843,0.9841,0.61835,83.3,,,1.3177,0.9497,,,,,,,,,,,1.2756,,,,,
2011-02-18,,0.9858,0.9866,0.61535,83.15,,,1.31268,0.9444,,,,,,,,,,,1.2739,,,,,
2011-02-21,,0.99088,0.9826,0.61648,83.12,,,1.30976,0.9465,,,,,,,,,,,1.2751,,,,,
2011-02-22,,1.0014,0.9905,0.61973,82.76,,,1.33994,0.9386,,,,,,,,,,,1.2805,,,,,
2011-02-23,,0.9982,0.9893,0.61694,82.48,,,1.3412,0.933,,,,,,,,,,,1.2769,,,,,
2011-02-24,,0.99128,0.9825,0.61977,81.88,,,1.33779,0.9262,,,,,,,,,,,1.2766,,,,,
2011-02-25,,0.9829,0.9778,0.62058,81.71,,,1.3312,0.9285,,,,,,,,,,,1.2718,,,,,
2011-02-28,,0.98193,0.9716,0.6152,81.78,,,1.32961,0.9286,,,,,,,,,,,1.2714,,,,,
2011-03-01,,0.98678,0.9743,0.61508,81.84,,,1.33887,0.9284,,,,,,,,,,,1.2733,,,,,
2011-03-02,,0.98348,0.9728,0.61256,81.86,,,1.3459,0.9233,,,,,,,,,,,1.2686,,,,,
2011-03-03,,0.98571,0.9722,0.61444,82.44,,,1.34971,0.9314,,,,,,,,,,,1.2675,,,,,
2011-03-04,,0.98658,0.973,0.61474,82.31,,,1.3541,0.9244,,,,,,,,,,,1.266,,,,,
2011-03-07,,0.98834,0.9728,0.61732,82.24,,,1.35759,0.9265,,,,,,,,,,,1.2655,,,,,
2011-03-08,,0.99039,0.9709,0.61881,82.66,,,1.35245,0.9349,,,,,,,,,,,1.2674,,,,,
2011-03-09,,0.98961,0.9684,0.61732,82.72,,,1.3574,0.9295,,,,,,,,,,,1.2679,,,,,
2011-03-10,,0.9995,0.9751,0.6227,82.97,,,1.35999,0.9317,,,,,,,,,,,1.2723,,,,,
2011-03-11,,0.98648,0.9727,0.62201,81.83,,,1.3468,0.9295,,,,,,,,,,,1.2673,,,,,
2011-03-14,,0.99098,0.9735,0.61843,81.68,,,1.35245,0.9241,,,,,,,,,,,1.2673,,,,,
2011-03-15,,1.01102,0.9855,0.62189,80.75,,,1.36762,0.9162,,,,,,,,,,,1.2809,,,,,
2011-03-16,,1.02828,0.9904,0.62547,77.36,,,1.39997,0.8982,,,,,,,,,,,1.2841,,,,,
2011-03-17,,1.01906,0.9854,0.61954,79.1,,,1.39005,0.8984,,,,,,,,,,,1.2774,,,,,
2011-03-18,,1.00432,0.984,0.61614,80.59,,,1.36855,0.9007,,,,,,,,,,,1.2727,,,,,
2011-03-21,,0.99404,0.9782,0.6135,81.1,,,1.36073,0.9049,,,,,,,,,,,1.2658,,,,,
2011-03-22,,0.98941,0.9803,0.61084,80.98,,,1.35062,0.9033,,,,,,,,,,,1.2631,,,,,
2011-03-23,,0.98717,0.981,0.61584,80.92,,,1.34735,0.9078,,,,,,,,,,,1.2649,,,,,
2011-03-24,,0.97982,0.9764,0.62042,80.99,,,1.33404,0.9081,,,,,,,,,,,1.2601,,,,,
2011-03-25,,0.97475,0.9809,0.6234,81.34,,,1.32784,0.9198,,,,,,,,,,,1.2615,,,,,
2011-03-28,,0.97628,0.9781,0.62535,81.72,,,1.33245,0.9167,,,,,,,,,,,1.2626,,,,,
2011-03-29,,0.9722,0.9742,0.62488,82.47,,,1.32188,0.9203,,,,,,,,,,,1.2606,,,,,
2011-03-30,,0.96918,0.9715,0.62204,82.9,,,1.31251,0.9183,,,,,,,,,,,1.2615,,,,,
2011-03-31,,0.96815,0.9697,0.62348,83.19,,,1.31389,0.9181,,,,,,,,,,,1.2601,,,,,
2011-04-01,,0.96302,0.9631,0.62073,84.05,,,1.3031,0.9235,,,,,,,,,,,1.2599,,,,,
2011-04-04,,0.96506,0.9672,0.62008,84.02,,,1.30225,0.9231,,,,,,,,,,,1.2599,,,,,
2011-04-05,,0.96899,0.9638,0.61361,85.15,,,1.30361,0.9252,,,,,,,,,,,1.2602,,,,,
2011-04-06,,0.95822,0.9604,0.61248,85.4,,,1.28634,0.9183,,,,,,,,,,,1.2602,,,,,
2011-04-07,,0.9552,0.9588,0.61282,85.03,,,1.28485,0.9162,,,,,,,,,,,1.26,,,,,
2011-04-08,,0.9467,0.9553,0.6105,84.75,,,1.27795,0.9063,,,,,,,,,,,1.2568,,,,,
2011-04-11,,0.95329,0.9563,0.61188,84.63,,,1.28123,0.9064,,,,,,,,,,,1.2556,,,,,
2011-04-12,,0.95795,0.9627,0.6152,83.56,,,1.2773,0.8968,,,,,,,,,,,1.2563,,,,,
2011-04-13,,0.95256,0.9624,0.61482,83.92,,,1.26871,0.8961,,,,,,,,,,,1.2552,,,,,
2011-04-14,,0.94895,0.9603,0.61166,83.48,,,1.2604,0.8924,,,,,,,,,,,1.2459,,,,,
2011-04-15,,0.94634,0.9594,0.61286,83.12,,,1.2511,0.8921,,,,,,,,,,,1.2426,,,,,
2011-04-18,,0.95256,0.9642,0.6147,82.47,,,1.26807,0.8963,,,,,,,,,,,1.2466,,,,,
2011-04-19,,0.95003,0.9561,0.61293,82.57,,,1.26904,0.8993,,,,,,,,,,,1.243,,,,,
2011-04-20,,0.93475,0.9525,0.60983,82.52,,,1.25455,0.8881,,,,,,,,,,,1.2384,,,,,
2011-04-21,,0.93049,0.9525,0.60555,81.87,,,1.24875,0.886,,,,,,,,,,,1.2354,,,,,
2011-04-22,,0.93127,0.9539,0.60602,81.83,,,1.24813,0.8855,,,,,,,,,,,1.2345,,,,,
2011-04-25,,0.93249,0.9543,0.60624,81.83,,,1.25,0.8811,,,,,,,,,,,1.2358,,,,,
2011-04-26,,0.92687,0.9511,0.60669,81.58,,,1.23962,0.8733,,,,,,,,,,,1.232,,,,,
2011-04-27,,0.92123,0.9504,0.60158,82.23,,,1.24642,0.8755,,,,,,,,,,,1.2293,,,,,
2011-04-28,,0.91525,0.9505,0.60107,81.55,,,1.24611,0.8736,,,,,,,,,,,1.2273,,,,,
2011-04-29,,0.91158,0.9446,0.59852,81.21,,,1.23503,0.8656,,,,,,,,,,,1.2239,,,,,
2011-05-02,,0.91441,0.9507,0.60064,81.24,,,1.24147,0.8649,,,,,,,,,,,1.2229,,,,,
2011-05-03,,0.92328,0.9529,0.6068,80.96,,,1.25282,0.8612,,,,,,,,,,,1.2289,,,,,
2011-05-04,,0.93197,0.9585,0.60643,80.6,,,1.2663,0.8611,,,,,,,,,,,1.2313,,,,,
2011-05-05,,0.94322,0.9662,0.61039,80.32,,,1.26984,0.8699,,,,,,,,,,,1.2403,,,,,
2011-05-06,,0.93362,0.9665,0.61095,80.62,,,1.26534,0.8784,,,,,,,,,,,1.2393,,,,,
2011-05-09,,0.92721,0.9634,0.61002,80.29,,,1.25976,0.8721,,,,,,,,,,,1.2316,,,,,
2011-05-10,,0.92268,0.9571,0.61091,80.87,,,1.25929,0.8798,,,,,,,,,,,1.2312,,,,,
2011-05-11,,0.93441,0.9605,0.61147,81.16,,,1.2663,0.8864,,,,,,,,,,,1.236,,,,,
2011-05-12,,0.93756,0.9627,0.61402,80.99,,,1.25834,0.8841,,,,,,,,,,,1.2389,,,,,
2011-05-13,,0.94572,0.9689,0.61736,80.79,,,1.27081,0.8924,,,,,,,,,,,1.2445,,,,,
2011-05-16,,0.94581,0.9749,0.61736,80.84,,,1.2809,0.8841,,,,,,,,,,,1.2493,,,,,
2011-05-17,,0.94144,0.9715,0.61554,81.4,,,1.27551,0.8802,,,,,,,,,,,1.2454,,,,,
2011-05-18,,0.94064,0.9696,0.61851,81.67,,,1.26679,0.881,,,,,,,,,,,1.2394,,,,,
2011-05-19,,0.93729,0.9675,0.6163,81.66,,,1.26358,0.8806,,,,,,,,,,,1.2368,,,,,
2011-05-20,,0.93835,0.9734,0.61607,81.71,,,1.25691,0.8772,,,,,,,,,,,1.2381,,,,,
2011-05-23,,0.95147,0.9774,0.62054,81.94,,,1.26582,0.8837,,,,,,,,,,,1.2492,,,,,
2011-05-24,,0.94751,0.9762,0.61812,82.0,,,1.25486,0.8796,,,,,,,,,,,1.2469,,,,,
2011-05-25,,0.9503,0.9777,0.61455,82.04,,,1.25518,0.8724,,,,,,,,,,,1.2468,,,,,
2011-05-26,,0.94056,0.9785,0.61035,81.35,,,1.23503,0.8649,,,,,,,,,,,1.243,,,,,
2011-05-27,,0.93379,0.9763,0.60584,80.79,,,1.22175,0.849,,,,,,,,,,,1.2356,,,,,
2011-05-30,,0.93563,0.9768,0.60702,80.94,,,1.22519,0.8521,,,,,,,,,,,1.2349,,,,,
2011-05-31,,0.93835,0.9682,0.6079,81.48,,,1.21521,0.8537,,,,,,,,,,,1.2331,,,,,
2011-06-01,,0.94242,0.977,0.61263,80.89,,,1.22895,0.8421,,,,,,,,,,,1.2391,,,,,
2011-06-02,,0.93703,0.9755,0.61106,80.96,,,1.22549,0.8424,,,,,,,,,,,1.2327,,,,,
2011-06-03,,0.93327,0.978,0.60879,80.26,,,1.22624,0.8337,,,,,,,,,,,1.2289,,,,,
2011-06-06,,0.93214,0.9801,0.61136,80.11,,,1.22865,0.835,,,,,,,,,,,1.2301,,,,,
2011-06-07,,0.9331,0.9744,0.60835,80.11,,,1.21862,0.8363,,,,,,,,,,,1.2267,,,,,
2011-06-08,,0.94109,0.9794,0.61002,79.9,,,1.21803,0.836,,,,,,,,,,,1.2335,,,,,
2011-06-09,,0.94118,0.9733,0.61099,80.37,,,1.21124,0.841,,,,,,,,,,,1.2297,,,,,
2011-06-10,,0.94913,0.9791,0.6163,80.3,,,1.21818,0.8428,,,,,,,,,,,1.2376,,,,,
2011-06-13,,0.94251,0.9758,0.61072,80.21,,,1.22504,0.837,,,,,,,,,,,1.2349,,,,,
2011-06-14,,0.93642,0.9683,0.61069,80.53,,,1.2219,0.845,,,,,,,,,,,1.2303,,,,,
2011-06-15,,0.94733,0.9793,0.61816,80.95,,,1.241,0.853,,,,,,,,,,,1.2376,,,,,
2011-06-16,,0.94688,0.9812,0.61851,80.61,,,1.24116,0.8475,,,,,,,,,,,1.2396,,,,,
2011-06-17,,0.9418,0.9794,0.61744,80.05,,,1.23047,0.8486,,,,,,,,,,,1.2337,,,,,
2011-06-20,,0.94536,0.9795,0.61717,80.25,,,1.23503,0.8459,,,,,,,,,,,1.235,,,,,
2011-06-21,,0.94384,0.9721,0.6158,80.28,,,1.23122,0.8407,,,,,,,,,,,1.2316,,,,,
2011-06-22,,0.94616,0.9736,0.62243,80.31,,,1.22835,0.8394,,,,,,,,,,,1.2329,,,,,
2011-06-23,,0.94931,0.9782,0.6243,80.41,,,1.2276,0.8381,,,,,,,,,,,1.2354,,,,,
2011-06-24,,0.95293,0.9882,0.62668,80.43,,,1.23381,0.8332,,,,,,,,,,,1.2387,,,,,
2011-06-27,,0.95676,0.9859,0.62555,80.88,,,1.24054,0.835,,,,,,,,,,,1.2412,,,,,
2011-06-28,,0.94886,0.9807,0.62519,81.02,,,1.23305,0.832,,,,,,,,,,,1.238,,,,,
2011-06-29,,0.93729,0.9699,0.62263,80.81,,,1.21227,0.8343,,,,,,,,,,,1.2329,,,,,
2011-06-30,,0.93379,0.9637,0.6234,80.56,,,1.20817,0.841,,,,,,,,,,,1.2278,,,,,
2011-07-01,,0.92868,0.9583,0.62212,80.81,,,1.2086,0.8476,,,,,,,,,,,1.226,,,,,
2011-07-04,,0.93075,0.9601,0.62158,80.73,,,1.20135,0.8475,,,,,,,,,,,1.2248,,,,,
2011-07-05,,0.93615,0.963,0.62255,81.08,,,1.21051,0.8409,,,,,,,,,,,1.2284,,,,,
2011-07-06,,0.93502,0.9652,0.62488,80.94,,,1.20978,0.8395,,,,,,,,,,,1.2275,,,,,
2011-07-07,,0.92842,0.9588,0.62629,81.22,,,1.2012,0.8449,,,,,,,,,,,1.2228,,,,,
2011-07-08,,0.92945,0.9626,0.62297,80.66,,,1.19403,0.8367,,,,,,,,,,,1.2206,,,,,
2011-07-11,,0.93844,0.9685,0.62854,80.25,,,1.20584,0.8361,,,,,,,,,,,1.2271,,,,,
2011-07-12,,0.94411,0.9651,0.62759,79.14,,,1.22339,0.8296,,,,,,,,,,,1.2247,,,,,
2011-07-13,,0.92851,0.957,0.61854,78.85,,,1.18821,0.8089,,,,,,,,,,,1.217,,,,,
2011-07-14,,0.93275,0.9597,0.61954,79.14,,,1.18751,0.8153,,,,,,,,,,,1.2173,,,,,
2011-07-15,,0.93914,0.9532,0.62004,79.14,,,1.18385,0.8154,,,,,,,,,,,1.2191,,,,,
2011-07-18,,0.94295,0.9595,0.62321,79.05,,,1.18511,0.818,,,,,,,,,,,1.2169,,,,,
2011-07-19,,0.93249,0.9498,0.62027,79.16,,,1.16932,0.8243,,,,,,,,,,,1.2158,,,,,
2011-07-20,,0.93093,0.9475,0.61912,78.85,,,1.16809,0.82,,,,,,,,,,,1.2137,,,,,
2011-07-21,,0.92285,0.9436,0.61297,78.55,,,1.15902,0.8166,,,,,,,,,,,1.2099,,,,,
2011-07-22,,0.92166,0.9478,0.6135,78.54,,,1.15714,0.8199,,,,,,,,,,,1.2086,,,,,
2011-07-25,,0.92191,0.947,0.61418,78.24,,,1.15768,0.8057,,,,,,,,,,,1.2071,,,,,
2011-07-26,,0.91299,0.9433,0.60905,77.93,,,1.14679,0.8011,,,,,,,,,,,1.2029,,,,,
2011-07-27,,0.90728,0.9487,0.61241,77.9,,,1.14679,0.801,,,,,,,,,,,1.2037,,,,,
2011-07-28,,0.9086,0.9489,0.61087,77.68,,,1.14837,0.8012,,,,,,,,,,,1.2022,,,,,
2011-07-29,,0.90868,0.9554,0.6089,76.77,,,1.13895,0.7854,,,,,,,,,,,1.2034,,,,,
2011-08-01,,0.91166,0.9559,0.61327,77.36,,,1.14168,0.7837,,,,,,,,,,,1.2015,,,,,
2011-08-02,,0.92764,0.9612,0.6141,77.32,,,1.15754,0.7642,,,,,,,,,,,1.2058,,,,,
2011-08-03,,0.92842,0.9611,0.60842,77.03,,,1.15741,0.7688,,,,,,,,,,,1.2051,,,,,
2011-08-04,,0.95712,0.9806,0.61516,79.18,,,1.20322,0.767,,,,,,,,,,,1.2239,,,,,
2011-08-05,,0.95694,0.9809,0.61009,78.39,,,1.18596,0.767,,,,,,,,,,,1.2159,,,,,
2011-08-08,,0.98145,0.9925,0.61305,77.85,,,1.22011,0.7552,,,,,,,,,,,1.2225,,,,,
2011-08-09,,0.96246,0.9769,0.61241,77.26,,,1.19062,0.7212,,,,,,,,,,,1.2076,,,,,
2011-08-10,,0.98474,0.9944,0.62,76.78,,,1.23381,0.7269,,,,,,,,,,,1.2208,,,,,
2011-08-11,,0.96684,0.9843,0.61591,76.87,,,1.20496,0.7635,,,,,,,,,,,1.2097,,,,,
2011-08-12,,0.96656,0.9875,0.61448,76.67,,,1.20207,0.7777,,,,,,,,,,,1.2123,,,,,
2011-08-15,,0.95156,0.9799,0.61035,76.81,,,1.19933,0.7838,,,,,,,,,,,1.2003,,,,,
2011-08-16,,0.9552,0.9822,0.60801,76.82,,,1.19789,0.7971,,,,,,,,,,,1.2011,,,,,
2011-08-17,,0.94904,0.98,0.60467,76.59,,,1.19503,0.7896,,,,,,,,,,,1.2014,,,,,
2011-08-18,,0.96395,0.9907,0.60595,76.53,,,1.21669,0.7936,,,,,,,,,,,1.2175,,,,,
2011-08-19,,0.96098,0.9896,0.60742,76.5,,,1.22249,0.7853,,,,,,,,,,,1.2088,,,,,
2011-08-22,,0.962,0.9903,0.60753,76.84,,,1.21448,0.7901,,,,,,,,,,,1.209,,,,,
2011-08-23,,0.95003,0.9878,0.60639,76.65,,,1.19761,0.7922,,,,,,,,,,,1.2036,,,,,
2011-08-24,,0.95566,0.9874,0.61132,76.95,,,1.20744,0.7954,,,,,,,,,,,1.2064,,,,,
2011-08-25,,0.95932,0.9882,0.61429,77.45,,,1.2086,0.7938,,,,,,,,,,,1.2103,,,,,
2011-08-26,,0.94572,0.9807,0.61099,76.65,,,1.19033,0.8064,,,,,,,,,,,1.2024,,,,,
2011-08-29,,0.93756,0.9763,0.60931,76.85,,,1.18092,0.8162,,,,,,,,,,,1.2041,,,,,
2011-08-30,,0.93694,0.9786,0.61342,76.73,,,1.17302,0.8195,,,,,,,,,,,1.2058,,,,,
2011-08-31,,0.9358,0.9782,0.6152,76.66,,,1.17302,0.8065,,,,,,,,,,,1.2036,,,,,
2011-09-01,,0.93258,0.9761,0.61808,76.94,,,1.17385,0.7943,,,,,,,,,,,1.2037,,,,,
2011-09-02,,0.9395,0.9851,0.6166,76.79,,,1.18036,0.7885,,,,,,,,,,,1.2035,,,,,
2011-09-05,,0.94814,0.9899,0.62069,76.92,,,1.20135,0.7858,,,,,,,,,,,1.2076,,,,,
2011-09-06,,0.95311,0.9898,0.62731,77.54,,,1.21345,0.8615,,,,,,,,,,,1.2098,,,,,
2011-09-07,,0.93879,0.9838,0.6257,77.17,,,1.20048,0.8576,,,,,,,,,,,1.2073,,,,,
2011-09-08,,0.94509,0.9891,0.62653,77.5,,,1.20337,0.8747,,,,,,,,,,,1.2146,,,,,
2011-09-09,,0.9552,0.9966,0.62972,77.59,,,1.21684,0.8836,,,,,,,,,,,1.2286,,,,,
2011-09-12,,0.96618,0.9926,0.63068,77.12,,,1.2133,0.8812,,,,,,,,,,,1.2342,,,,,
2011-09-13,,0.96965,0.9859,0.63375,76.91,,,1.21581,0.8798,,,,,,,,,,,1.2391,,,,,
2011-09-14,,0.97504,0.9902,0.63436,76.69,,,1.22384,0.876,,,,,,,,,,,1.2439,,,,,
2011-09-15,,0.96787,0.9837,0.63311,76.71,,,1.21448,0.8696,,,,,,,,,,,1.2417,,,,,
2011-09-16,,0.96553,0.9775,0.63347,76.76,,,1.20686,0.8743,,,,,,,,,,,1.2406,,,,,
2011-09-19,,0.97934,0.9905,0.63731,76.56,,,1.21462,0.8821,,,,,,,,,,,1.2611,,,,,
2011-09-20,,0.97418,0.9928,0.63545,76.47,,,1.21477,0.8867,,,,,,,,,,,1.2592,,,,,
2011-09-21,,0.99503,1.0056,0.64483,76.47,,,1.24502,0.899,,,,,,,,,,,1.2914,,,,,
2011-09-22,,1.02617,1.0292,0.65197,76.25,,,1.28107,0.9079,,,,,,,,,,,1.3051,,,,,
2011-09-23,,1.02197,1.0279,0.6467,76.54,,,1.28932,0.9043,,,,,,,,,,,1.298,,,,,
2011-09-26,,1.01667,1.0243,0.64304,76.36,,,1.28255,0.9015,,,,,,,,,,,1.2931,,,,,
2011-09-27,,1.00939,1.0193,0.63967,76.74,,,1.26775,0.8963,,,,,,,,,,,1.2825,,,,,
2011-09-28,,1.02511,1.0341,0.64251,76.53,,,1.29166,0.9009,,,,,,,,,,,1.2988,,,,,
2011-09-29,,1.02365,1.0371,0.64099,76.82,,,1.29921,0.8975,,,,,,,,,,,1.2965,,,,,
2011-09-30,,1.0352,1.05,0.64172,77.01,,,1.31406,0.9079,,,,,,,,,,,1.3069,,,,,
2011-10-03,,1.04987,1.0535,0.648,76.61,,,1.32961,0.9206,,,,,,,,,,,1.3169,,,,,
2011-10-04,,1.04734,1.0525,0.64624,76.85,,,1.31544,0.9172,,,,,,,,,,,1.3071,,,,,
2011-10-05,,1.03563,1.0404,0.64662,76.78,,,1.30412,0.9226,,,,,,,,,,,1.3014,,,,,
2011-10-06,,1.02754,1.0378,0.64796,76.68,,,1.2987,0.9211,,,,,,,,,,,1.2988,,,,,
2011-10-07,,1.02386,1.0392,0.6428,76.7,,,1.29836,0.9269,,,,,,,,,,,1.2988,,,,,
2011-10-10,,1.0006,1.0267,0.63873,76.67,,,1.27519,0.9041,,,,,,,,,,,1.2753,,,,,
2011-10-11,,1.00412,1.0283,0.64144,76.68,,,1.28205,0.9074,,,,,,,,,,,1.2819,,,,,
2011-10-12,,0.98668,1.0181,0.6352,77.24,,,1.26008,0.8949,,,,,,,,,,,1.2745,,,,,
2011-10-13,,0.98174,1.0207,0.63448,76.86,,,1.25929,0.898,,,,,,,,,,,1.2782,,,,,
2011-10-14,,0.9673,1.0097,0.63207,77.21,,,1.24208,0.8925,,,,,,,,,,,1.2655,,,,,
2011-10-17,,0.98367,1.0233,0.6352,76.85,,,1.26263,0.8992,,,,,,,,,,,1.2742,,,,,
2011-10-18,,0.97447,1.015,0.63686,76.78,,,1.25739,0.8992,,,,,,,,,,,1.2677,,,,,
2011-10-19,,0.97761,1.0189,0.6342,76.81,,,1.26215,0.9022,,,,,,,,,,,1.2672,,,,,
2011-10-20,,0.97771,1.0162,0.63351,76.82,,,1.26135,0.894,,,,,,,,,,,1.2742,,,,,
2011-10-21,,0.96581,1.0066,0.62708,76.27,,,1.24595,0.882,,,,,,,,,,,1.2729,,,,,
2011-10-24,,0.95529,1.0038,0.62531,76.11,,,1.24316,0.8802,,,,,,,,,,,1.2627,,,,,
2011-10-25,,0.95886,1.0159,0.62492,76.07,,,1.25581,0.8779,,,,,,,,,,,1.2619,,,,,
2011-10-26,,0.96209,1.0046,0.62668,76.26,,,1.25016,0.8815,,,,,,,,,,,1.2682,,,,,
2011-10-27,,0.93353,0.9917,0.62116,75.96,,,1.21669,0.8595,,,,,,,,,,,1.242,,,,,
2011-10-28,,0.93458,0.9917,0.61996,75.81,,,1.21862,0.8627,,,,,,,,,,,1.2414,,,,,
2011-10-31,,0.94868,0.9995,0.62189,78.18,,,1.239,0.8764,,,,,,,,,,,1.2539,,,,,
2011-11-01,,0.96824,1.019,0.62708,78.36,,,1.25849,0.8871,,,,,,,,,,,1.2759,,,,,
2011-11-02,,0.96749,1.014,0.62704,78.07,,,1.26936,0.8836,,,,,,,,,,,1.2737,,,,,
2011-11-03,,0.96154,1.0076,0.62375,78.04,,,1.25849,0.8784,,,,,,,,,,,1.2636,,,,,
2011-11-04,,0.96395,1.0186,0.62379,78.23,,,1.26072,0.8845,,,,,,,,,,,1.2647,,,,,
2011-11-07,,0.96395,1.0124,0.6227,78.06,,,1.25549,0.9002,,,,,,,,,,,1.2679,,,,,
2011-11-08,,0.96246,1.0091,0.62158,77.72,,,1.25298,0.8948,,,,,,,,,,,1.265,,,,,
2011-11-09,,0.9861,1.0238,0.62806,77.81,,,1.28057,0.9095,,,,,,,,,,,1.289,,,,,
2011-11-10,,0.98483,1.0173,0.62767,77.63,,,1.28684,0.9063,,,,,,,,,,,1.2905,,,,,
2011-11-11,,0.97267,1.0105,0.62263,77.11,,,1.27356,0.8998,,,,,,,,,,,1.2785,,,,,
2011-11-14,,0.9802,1.0161,0.62865,77.06,,,1.28189,0.9081,,,,,,,,,,,1.2886,,,,,
2011-11-15,,0.9827,1.0208,0.63215,77.02,,,1.29685,0.9149,,,,,,,,,,,1.2914,,,,,
2011-11-16,,0.99177,1.024,0.63565,77.05,,,1.30582,0.9191,,,,,,,,,,,1.2955,,,,,
2011-11-17,,1.0001,1.029,0.6348,76.96,,,1.31822,0.9218,,,,,,,,,,,1.297,,,,,
2011-11-18,,0.9994,1.0277,0.63295,76.9,,,1.32275,0.9163,,,,,,,,,,,1.2977,,,,,
2011-11-21,,1.01626,1.0393,0.63947,76.86,,,1.3394,0.917,,,,,,,,,,,1.3035,,,,,
2011-11-22,,1.01657,1.0381,0.63975,76.97,,,1.33797,0.9139,,,,,,,,,,,1.301,,,,,
2011-11-23,,1.03252,1.0476,0.64421,77.3,,,1.35172,0.9194,,,,,,,,,,,1.3101,,,,,
2011-11-24,,1.02743,1.0466,0.64549,77.11,,,1.34862,0.9191,,,,,,,,,,,1.3076,,,,,
2011-11-25,,1.02997,1.047,0.648,77.71,,,1.35245,0.9301,,,,,,,,,,,1.3127,,,,,
2011-11-28,,1.0099,1.0345,0.64491,77.98,,,1.3245,0.9224,,,,,,,,,,,1.3015,,,,,
2011-11-29,,0.9997,1.0316,0.64127,77.92,,,1.31423,0.9207,,,,,,,,,,,1.297,,,,,
2011-11-30,,0.97257,1.0181,0.63674,77.61,,,1.28156,0.9129,,,,,,,,,,,1.2812,,,,,
2011-12-01,,0.97656,1.0138,0.63743,77.69,,,1.28403,0.9154,,,,,,,,,,,1.2813,,,,,
2011-12-02,,0.97934,1.0191,0.64131,77.99,,,1.287,0.9214,,,,,,,,,,,1.2843,,,,,
2011-12-05,,0.97371,1.0166,0.63918,77.82,,,1.28222,0.9204,,,,,,,,,,,1.2813,,,,,
2011-12-06,,0.97618,1.0095,0.64111,77.72,,,1.28238,0.9257,,,,,,,,,,,1.283,,,,,
2011-12-07,,0.97172,1.0092,0.63662,77.68,,,1.28255,0.9235,,,,,,,,,,,1.2824,,,,,
2011-12-08,,0.98386,1.0228,0.63996,77.62,,,1.29517,0.9257,,,,,,,,,,,1.2956,,,,,
2011-12-09,,0.97876,1.017,0.63824,77.61,,,1.29016,0.9226,,,,,,,,,,,1.292,,,,,
2011-12-12,,0.99285,1.0266,0.64189,77.89,,,1.31113,0.9371,,,,,,,,,,,1.2998,,,,,
2011-12-13,,0.9985,1.0339,0.64595,77.99,,,1.32188,0.9455,,,,,,,,,,,1.3054,,,,,
2011-12-14,,1.00908,1.0392,0.64662,78.01,,,1.33298,0.9533,,,,,,,,,,,1.3093,,,,,
2011-12-15,,1.00806,1.0346,0.6447,77.86,,,1.32784,0.9398,,,,,,,,,,,1.3073,,,,,
2011-12-16,,1.00271,1.038,0.64333,77.79,,,1.31406,0.9357,,,,,,,,,,,1.3061,,,,,
2011-12-19,,1.01061,1.0385,0.64537,78.04,,,1.32398,0.9373,,,,,,,,,,,1.3074,,,,,
2011-12-20,,0.99206,1.0298,0.63857,77.89,,,1.30225,0.9315,,,,,,,,,,,1.2972,,,,,
2011-12-21,,0.99,1.0258,0.63808,78.05,,,1.29836,0.9355,,,,,,,,,,,1.2962,,,,,
2011-12-22,,0.98746,1.0207,0.63792,78.17,,,1.29349,0.936,,,,,,,,,,,1.2927,,,,,
2011-12-23,,0.98648,1.0202,0.64168,78.05,,,1.29182,0.9363,,,,,,,,,,,1.2915,,,,,
2011-12-26,,0.98357,1.0195,0.64004,77.95,,,1.29232,0.9353,,,,,,,,,,,1.2913,,,,,
2011-12-27,,0.98483,1.0184,0.63824,77.88,,,1.29467,0.9338,,,,,,,,,,,1.2951,,,,,
2011-12-28,,0.99098,1.0243,0.64704,77.94,,,1.30107,0.9422,,,,,,,,,,,1.2973,,,,,
2011-12-29,,0.98668,1.02,0.64889,77.63,,,1.29702,0.9402,,,,,,,,,,,1.299,,,,,
2011-12-30,,0.97982,1.0211,0.64379,76.86,,,1.28667,0.9387,,,,,,,,,,,1.296,,,,,
2012-01-02,,0.97733,1.0185,0.64475,76.88,,,1.28502,0.9395,,,,,,,,,,,1.2969,,,,,
2012-01-03,,0.96376,1.0106,0.6391,76.73,,,1.26582,0.932,,,,,,,,,,,1.2831,,,,,
2012-01-04,,0.96432,1.0124,0.64021,76.68,,,1.27016,0.9413,,,,,,,,,,,1.2866,,,,,
2012-01-05,,0.97447,1.0196,0.64549,77.1,,,1.28074,0.9521,,,,,,,,,,,1.2913,,,,,
2012-01-06,,0.97771,1.028,0.64838,76.96,,,1.28189,0.9549,,,,,,,,,,,1.2943,,,,,
2012-01-09,,0.97685,1.0233,0.64683,76.83,,,1.27065,0.9492,,,,,,,,,,,1.2949,,,,,
2012-01-10,,0.96937,1.0156,0.64591,76.84,,,1.25976,0.9489,,,,,,,,,,,1.2881,,,,,
2012-01-11,,0.96993,1.0192,0.65257,76.86,,,1.25502,0.9541,,,,,,,,,,,1.2908,,,,,
2012-01-12,,0.96796,1.0187,0.65227,76.76,,,1.2604,0.9443,,,,,,,,,,,1.2897,,,,,
2012-01-13,,0.96909,1.0229,0.65312,76.95,,,1.25897,0.9516,,,,,,,,,,,1.2921,,,,,
2012-01-16,,0.96965,1.0175,0.65257,76.77,,,1.26024,0.954,,,,,,,,,,,1.2911,,,,,
2012-01-17,,0.96386,1.0151,0.65223,76.82,,,1.25016,0.9492,,,,,,,,,,,1.2851,,,,,
2012-01-18,,0.9585,1.011,0.64788,76.81,,,1.24347,0.9393,,,,,,,,,,,1.2768,,,,,
2012-01-19,,0.95988,1.0113,0.64575,77.1,,,1.24595,0.9319,,,,,,,,,,,1.2707,,,,,
2012-01-20,,0.95393,1.013,0.64214,77.01,,,1.24054,0.9341,,,,,,,,,,,1.2714,,,,,
2012-01-23,,0.9503,1.008,0.64238,77.01,,,1.23487,0.9273,,,,,,,,,,,1.267,,,,,
2012-01-24,,0.9532,1.0087,0.64,77.67,,,1.23198,0.9273,,,,,,,,,,,1.2673,,,,,
2012-01-25,,0.94384,1.0043,0.63873,77.77,,,1.22459,0.9214,,,,,,,,,,,1.2615,,,,,
2012-01-26,,0.94091,1.0016,0.63743,77.45,,,1.21773,0.9203,,,,,,,,,,,1.2573,,,,,
2012-01-27,,0.93879,1.0019,0.63593,76.69,,,1.213,0.9122,,,,,,,,,,,1.2511,,,,,
2012-01-30,,0.94366,1.0013,0.6367,76.33,,,1.22145,0.9171,,,,,,,,,,,1.2569,,,,,
2012-01-31,,0.94171,1.0024,0.63456,76.26,,,1.21124,0.9201,,,,,,,,,,,1.2575,,,,,
2012-02-01,,0.93432,0.9983,0.63179,76.21,,,1.20135,0.915,,,,,,,,,,,1.2503,,,,,
2012-02-02,,0.93362,0.999,0.63283,76.21,,,1.20062,0.9167,,,,,,,,,,,1.2467,,,,,
2012-02-03,,0.92851,0.9932,0.63235,76.6,,,1.19818,0.9179,,,,,,,,,,,1.2421,,,,,
2012-02-06,,0.93223,0.9956,0.63195,76.54,,,1.19904,0.9185,,,,,,,,,,,1.2478,,,,,
2012-02-07,,0.9255,0.9946,0.62909,76.74,,,1.19674,0.9116,,,,,,,,,,,1.2451,,,,,
2012-02-08,,0.92601,0.9957,0.63235,77.03,,,1.19875,0.9123,,,,,,,,,,,1.246,,,,,
2012-02-09,,0.92713,0.9948,0.63231,77.65,,,1.19933,0.9116,,,,,,,,,,,1.248,,,,,
2012-02-10,,0.93712,1.0012,0.63488,77.59,,,1.21021,0.9163,,,,,,,,,,,1.2608,,,,,
2012-02-13,,0.93188,0.9995,0.63436,77.56,,,1.19904,0.9164,,,,,,,,,,,1.2546,,,,,
2012-02-14,,0.93537,0.9986,0.63727,78.42,,,1.19904,0.9195,,,,,,,,,,,1.2631,,,,,
2012-02-15,,0.93467,0.9996,0.63727,78.43,,,1.19962,0.9233,,,,,,,,,,,1.2632,,,,,
2012-02-16,,0.92989,0.9964,0.63303,78.93,,,1.20048,0.9188,,,,,,,,,,,1.2605,,,,,
2012-02-17,,0.93475,0.9966,0.63219,79.57,,,1.20265,0.9193,,,,,,,,,,,1.2581,,,,,
2012-02-20,,0.92989,0.9932,0.63107,79.62,,,1.19133,0.9114,,,,,,,,,,,1.2518,,,,,
2012-02-21,,0.93817,0.9967,0.63387,79.73,,,1.19947,0.9122,,,,,,,,,,,1.2572,,,,,
2012-02-22,,0.9402,0.9996,0.63837,80.26,,,1.20613,0.9099,,,,,,,,,,,1.2581,,,,,
2012-02-23,,0.9331,0.9974,0.63528,79.99,,,1.19632,0.9012,,,,,,,,,,,1.2537,,,,,
2012-02-24,,0.93519,0.9995,0.62992,81.2,,,1.19703,0.8958,,,,,,,,,,,1.2553,,,,,
2012-02-27,,0.92963,0.9985,0.63199,80.61,,,1.1909,0.8992,,,,,,,,,,,1.2552,,,,,
2012-02-28,,0.92876,0.9951,0.62901,80.44,,,1.19389,0.895,,,,,,,,,,,1.2503,,,,,
2012-02-29,,0.93179,0.9896,0.62834,81.14,,,1.19904,0.9043,,,,,,,,,,,1.2514,,,,,
2012-03-01,,0.92541,0.9855,0.62668,81.1,,,1.19175,0.9058,,,,,,,,,,,1.2494,,,,,
2012-03-02,,0.93197,0.989,0.63167,81.79,,,1.20613,0.9138,,,,,,,,,,,1.2515,,,,,
2012-03-05,,0.93729,0.9943,0.63036,81.54,,,1.21877,0.9122,,,,,,,,,,,1.2573,,,,,
2012-03-06,,0.94778,1.0015,0.63633,80.87,,,1.23107,0.9185,,,,,,,,,,,1.2636,,,,,
2012-03-07,,0.94482,0.9974,0.63536,81.08,,,1.22519,0.9164,,,,,,,,,,,1.2573,,,,,
2012-03-08,,0.93994,0.9901,0.63179,81.56,,,1.21374,0.9079,,,,,,,,,,,1.2507,,,,,
2012-03-09,,0.94572,0.9906,0.63816,82.46,,,1.21877,0.9187,,,,,,,,,,,1.2541,,,,,
2012-03-12,,0.95147,0.9926,0.63967,82.31,,,1.22234,0.9169,,,,,,,,,,,1.2595,,,,,
2012-03-13,,0.94904,0.9888,0.63678,82.87,,,1.21654,0.9232,,,,,,,,,,,1.2575,,,,,
2012-03-14,,0.95712,0.9932,0.63833,83.68,,,1.23503,0.9306,,,,,,,,,,,1.2677,,,,,
2012-03-15,,0.95003,0.9917,0.6365,83.54,,,1.22026,0.9229,,,,,,,,,,,1.2612,,,,,
2012-03-16,,0.94411,0.9917,0.63167,83.43,,,1.21345,0.9154,,,,,,,,,,,1.2575,,,,,
2012-03-19,,0.94251,0.987,0.62937,83.39,,,1.21065,0.9112,,,,,,,,,,,1.2554,,,,,
2012-03-20,,0.95465,0.9914,0.63072,83.72,,,1.22474,0.9117,,,,,,,,,,,1.264,,,,,
2012-03-21,,0.95712,0.9919,0.6304,83.37,,,1.23289,0.9123,,,,,,,,,,,1.2636,,,,,
2012-03-22,,0.96219,0.9994,0.63235,82.56,,,1.23487,0.9133,,,,,,,,,,,1.2657,,,,,
2012-03-23,,0.95511,0.9976,0.6302,82.33,,,1.221,0.9078,,,,,,,,,,,1.2613,,,,,
2012-03-26,,0.94868,0.9909,0.62633,82.85,,,1.21448,0.9027,,,,,,,,,,,1.2567,,,,,
2012-03-27,,0.95666,0.9953,0.62712,83.19,,,1.21936,0.9048,,,,,,,,,,,1.2572,,,,,
2012-03-28,,0.96265,0.9984,0.62945,82.88,,,1.22354,0.9052,,,,,,,,,,,1.2577,,,,,
2012-03-29,,0.96348,0.9967,0.62688,82.38,,,1.22429,0.9062,,,,,,,,,,,1.2578,,,,,
2012-03-30,,0.96693,0.9986,0.62481,82.84,,,1.21981,0.9015,,,,,,,,,,,1.2571,,,,,
2012-04-02,,0.96071,0.9905,0.62422,82.08,,,1.21433,0.9038,,,,,,,,,,,1.2529,,,,,
2012-04-03,,0.96824,0.9909,0.6285,82.79,,,1.2207,0.9094,,,,,,,,,,,1.2552,,,,,
2012-04-04,,0.97437,0.9961,0.62933,82.42,,,1.22805,0.9158,,,,,,,,,,,1.2587,,,,,
2012-04-05,,0.9705,0.9929,0.63187,82.35,,,1.22594,0.9197,,,,,,,,,,,1.2591,,,,,
2012-04-06,,0.97021,0.9965,0.63016,81.62,,,1.21996,0.9166,,,,,,,,,,,1.26,,,,,
2012-04-09,,0.97003,0.9969,0.62909,81.53,,,1.21728,0.9166,,,,,,,,,,,1.2615,,,,,
2012-04-10,,0.97523,1.004,0.63052,80.73,,,1.22609,0.9182,,,,,,,,,,,1.2615,,,,,
2012-04-11,,0.9705,1.0033,0.62865,80.86,,,1.22219,0.9173,,,,,,,,,,,1.258,,,,,
2012-04-12,,0.95804,0.9945,0.62668,80.87,,,1.20846,0.911,,,,,,,,,,,1.2523,,,,,
2012-04-13,,0.96376,0.9993,0.63076,80.91,,,1.21477,0.9191,,,,,,,,,,,1.2483,,,,,
2012-04-16,,0.96581,0.9996,0.62913,80.42,,,1.21981,0.9151,,,,,,,,,,,1.2483,,,,,
2012-04-17,,0.96209,0.99,0.6279,80.87,,,1.21758,0.9151,,,,,,,,,,,1.2484,,,,,
2012-04-18,,0.96581,0.9909,0.62434,81.28,,,1.22609,0.9159,,,,,,,,,,,1.2507,,,,,
2012-04-19,,0.96777,0.9949,0.62301,81.59,,,1.22805,0.915,,,,,,,,,,,1.2511,,,,,
2012-04-20,,0.96451,0.9918,0.62039,81.49,,,1.22264,0.9082,,,,,,,,,,,1.2479,,,,,
2012-04-23,,0.96937,0.9906,0.62027,81.16,,,1.23001,0.9133,,,,,,,,,,,1.247,,,,,
2012-04-24,,0.9689,0.9872,0.61954,81.32,,,1.23062,0.9103,,,,,,,,,,,1.2458,,,,,
2012-04-25,,0.96506,0.9833,0.61851,81.31,,,1.22519,0.9087,,,,,,,,,,,1.2427,,,,,
2012-04-26,,0.96441,0.9859,0.61805,80.97,,,1.23001,0.9106,,,,,,,,,,,1.2409,,,,,
2012-04-27,,0.95639,0.9811,0.61501,80.24,,,1.2164,0.9064,,,,,,,,,,,1.2374,,,,,
2012-04-30,,0.95905,0.9868,0.61588,79.82,,,1.22205,0.907,,,,,,,,,,,1.237,,,,,
2012-05-01,,0.96796,0.9854,0.6166,80.08,,,1.22714,0.9075,,,,,,,,,,,1.2356,,,,,
2012-05-02,,0.96852,0.9866,0.61751,80.12,,,1.2367,0.9134,,,,,,,,,,,1.2394,,,,,
2012-05-03,,0.97428,0.9883,0.61812,80.19,,,1.24984,0.9134,,,,,,,,,,,1.2432,,,,,
2012-05-04,,0.98145,0.9948,0.61943,79.83,,,1.25786,0.918,,,,,,,,,,,1.2435,,,,,
2012-05-07,,0.9802,0.9928,0.61755,79.89,,,1.25754,0.9199,,,,,,,,,,,1.2453,,,,,
2012-05-08,,0.98922,0.9988,0.61912,79.88,,,1.27,0.9237,,,,,,,,,,,1.247,,,,,
2012-05-09,,0.99582,1.0024,0.61992,79.64,,,1.276,0.9284,,,,,,,,,,,1.2527,,,,,
2012-05-10,,0.99443,1.0029,0.61992,79.88,,,1.27584,0.9285,,,,,,,,,,,1.2516,,,,,
2012-05-11,,0.9979,1.0012,0.62243,79.91,,,1.27943,0.929,,,,,,,,,,,1.2526,,,,,
2012-05-14,,1.00432,1.0031,0.62127,79.84,,,1.287,0.9362,,,,,,,,,,,1.2575,,,,,
2012-05-15,,1.00634,1.0065,0.62508,80.22,,,1.30022,0.9431,,,,,,,,,,,1.2614,,,,,
2012-05-16,,1.00888,1.012,0.6285,80.32,,,1.30856,0.9443,,,,,,,,,,,1.268,,,,,
2012-05-17,,1.01143,1.0195,0.63367,79.3,,,1.31044,0.9468,,,,,,,,,,,1.2726,,,,,
2012-05-18,,1.01626,1.0193,0.63227,79.01,,,1.32205,0.9397,,,,,,,,,,,1.2749,,,,,
2012-05-21,,1.00878,1.0174,0.63207,79.29,,,1.30804,0.9378,,,,,,,,,,,1.2689,,,,,
2012-05-22,,1.02103,1.0212,0.6344,79.98,,,1.32573,0.9471,,,,,,,,,,,1.2743,,,,,
2012-05-23,,1.02533,1.0244,0.63735,79.44,,,1.33085,0.9541,,,,,,,,,,,1.2765,,,,,
2012-05-24,,1.02396,1.0264,0.63824,79.57,,,1.32573,0.958,,,,,,,,,,,1.2765,,,,,
2012-05-25,,1.02606,1.0292,0.63869,79.67,,,1.32696,0.9591,,,,,,,,,,,1.2775,,,,,
2012-05-28,,1.01502,1.0237,0.6378,79.47,,,1.3132,0.9582,,,,,,,,,,,1.2766,,,,,
2012-05-29,,1.01678,1.0229,0.63971,79.53,,,1.3132,0.9617,,,,,,,,,,,1.2784,,,,,
2012-05-30,,1.02987,1.0294,0.64604,79.11,,,1.32837,0.9708,,,,,,,,,,,1.2876,,,,,
2012-05-31,,1.02828,1.0324,0.64922,78.36,,,1.3282,0.9714,,,,,,,,,,,1.2886,,,,,
2012-06-01,,1.03146,1.0409,0.651,77.95,,,1.32679,0.9659,,,,,,,,,,,1.2928,,,,,
2012-06-04,,1.02912,1.0395,0.65015,78.33,,,1.32345,0.9611,,,,,,,,,,,1.2872,,,,,
2012-06-05,,1.02627,1.0378,0.65036,78.75,,,1.32223,0.9646,,,,,,,,,,,1.286,,,,,
2012-06-06,,1.00837,1.0276,0.64566,79.24,,,1.29853,0.9547,,,,,,,,,,,1.2735,,,,,
2012-06-07,,1.01092,1.0279,0.64383,79.64,,,1.30395,0.9558,,,,,,,,,,,1.2766,,,,,
2012-06-08,,1.00867,1.0265,0.64708,79.47,,,1.29853,0.9594,,,,,,,,,,,1.2823,,,,,
2012-06-11,,1.01461,1.0321,0.64633,79.39,,,1.30259,0.9634,,,,,,,,,,,1.2866,,,,,
2012-06-12,,1.00472,1.026,0.64238,79.56,,,1.28766,0.9603,,,,,,,,,,,1.2817,,,,,
2012-06-13,,1.00553,1.0293,0.64479,79.41,,,1.28883,0.9557,,,,,,,,,,,1.2821,,,,,
2012-06-14,,0.998,1.0229,0.64304,79.38,,,1.27861,0.9508,,,,,,,,,,,1.2771,,,,,
2012-06-15,,0.99246,1.0214,0.63682,78.69,,,1.27081,0.95,,,,,,,,,,,1.2687,,,,,
2012-06-18,,0.98834,1.0235,0.63833,79.09,,,1.26247,0.9548,,,,,,,,,,,1.2702,,,,,
2012-06-19,,0.98116,1.0178,0.63597,78.97,,,1.25313,0.9462,,,,,,,,,,,1.2657,,,,,
2012-06-20,,0.98213,1.0184,0.63678,79.47,,,1.2566,0.9455,,,,,,,,,,,1.2689,,,,,
2012-06-21,,0.99483,1.0283,0.64119,80.19,,,1.26952,0.9572,,,,,,,,,,,1.278,,,,,
2012-06-22,,0.99384,1.024,0.64201,80.41,,,1.26566,0.9547,,,,,,,,,,,1.2774,,,,,
2012-06-25,,0.9993,1.029,0.64222,79.61,,,1.27,0.9605,,,,,,,,,,,1.2814,,,,,
2012-06-26,,0.99413,1.0239,0.63959,79.48,,,1.26486,0.9613,,,,,,,,,,,1.2772,,,,,
2012-06-27,,0.99187,1.0249,0.64247,79.68,,,1.2631,0.963,,,,,,,,,,,1.2763,,,,,
2012-06-28,,0.99602,1.0332,0.64454,79.42,,,1.26952,0.9652,,,,,,,,,,,1.2796,,,,,
2012-06-29,,0.97694,1.0165,0.6367,79.78,,,1.24859,0.9481,,,,,,,,,,,1.2675,,,,,
2012-07-02,,0.97532,1.0163,0.63735,79.52,,,1.24502,0.9542,,,,,,,,,,,1.2669,,,,,
2012-07-03,,0.97276,1.012,0.63755,79.8,,,1.2444,0.9525,,,,,,,,,,,1.2628,,,,,
2012-07-04,,0.97333,1.0129,0.64131,79.86,,,1.24394,0.9587,,,,,,,,,,,1.2658,,,,,
2012-07-05,,0.9722,1.0145,0.64425,79.91,,,1.24456,0.9694,,,,,,,,,,,1.2637,,,,,
2012-07-06,,0.97953,1.0195,0.64562,79.65,,,1.24937,0.9772,,,,,,,,,,,1.2695,,,,,
2012-07-09,,0.97972,1.019,0.64416,79.55,,,1.25534,0.9751,,,,,,,,,,,1.2692,,,,,
2012-07-10,,0.98126,1.0224,0.64454,79.38,,,1.25976,0.9801,,,,,,,,,,,1.2685,,,,,
2012-07-11,,0.97552,1.019,0.64508,79.72,,,1.25408,0.9809,,,,,,,,,,,1.2632,,,,,
2012-07-12,,0.98697,1.0191,0.64805,79.27,,,1.26646,0.984,,,,,,,,,,,1.2688,,,,,
2012-07-13,,0.97771,1.0138,0.6421,79.25,,,1.25691,0.9802,,,,,,,,,,,1.2651,,,,,
2012-07-16,,0.97637,1.0148,0.63975,78.86,,,1.25423,0.9786,,,,,,,,,,,1.2641,,,,,
2012-07-17,,0.97078,1.0126,0.63926,79.06,,,1.25518,0.9777,,,,,,,,,,,1.2606,,,,,
2012-07-18,,0.96506,1.0101,0.6389,78.79,,,1.25047,0.978,,,,,,,,,,,1.2574,,,,,
2012-07-19,,0.95988,1.0076,0.63625,78.63,,,1.24533,0.9784,,,,,,,,,,,1.2533,,,,,
2012-07-20,,0.96191,1.0117,0.64025,78.48,,,1.2511,0.9878,,,,,,,,,,,1.2554,,,,,
2012-07-23,,0.97504,1.0188,0.64512,78.31,,,1.26968,0.9914,,,,,,,,,,,1.2617,,,,,
2012-07-24,,0.97838,1.0218,0.64499,78.16,,,1.27502,0.9956,,,,,,,,,,,1.26,,,,,
2012-07-25,,0.96993,1.0154,0.64545,78.15,,,1.2647,0.9883,,,,,,,,,,,1.2556,,,,,
2012-07-26,,0.962,1.01,0.63763,78.2,,,1.24891,0.9778,,,,,,,,,,,1.2507,,,,,
2012-07-27,,0.95593,1.003,0.6352,78.46,,,1.23503,0.9747,,,,,,,,,,,1.2471,,,,,
2012-07-30,,0.95311,1.0017,0.63674,78.16,,,1.23793,0.9799,,,,,,,,,,,1.2461,,,,,
2012-07-31,,0.9532,1.003,0.63808,78.11,,,1.2367,0.9765,,,,,,,,,,,1.2449,,,,,
2012-08-01,,0.95611,1.005,0.64363,78.42,,,1.23747,0.9824,,,,,,,,,,,1.2477,,,,,
2012-08-02,,0.95611,1.0071,0.64458,78.24,,,1.23518,0.9859,,,,,,,,,,,1.2482,,,,,
2012-08-03,,0.94634,1.0011,0.6393,78.45,,,1.221,0.9702,,,,,,,,,,,1.2415,,,,,
2012-08-06,,0.9467,0.9999,0.64111,78.21,,,1.21981,0.9688,,,,,,,,,,,1.2408,,,,,
2012-08-07,,0.94724,0.9966,0.64021,78.58,,,1.22624,0.9689,,,,,,,,,,,1.2418,,,,,
2012-08-08,,0.94598,0.9946,0.63873,78.42,,,1.22654,0.9715,,,,,,,,,,,1.2451,,,,,
2012-08-09,,0.94581,0.991,0.63967,78.58,,,1.23183,0.976,,,,,,,,,,,1.2442,,,,,
2012-08-10,,0.94563,0.9907,0.63763,78.27,,,1.23032,0.9765,,,,,,,,,,,1.2437,,,,,
2012-08-13,,0.95102,0.9925,0.63775,78.32,,,1.2364,0.9736,,,,,,,,,,,1.246,,,,,
2012-08-14,,0.95356,0.9919,0.638,78.72,,,1.24177,0.975,,,,,,,,,,,1.2463,,,,,
2012-08-15,,0.95229,0.9891,0.6378,78.95,,,1.239,0.9774,,,,,,,,,,,1.2496,,,,,
2012-08-16,,0.95129,0.9864,0.63557,79.33,,,1.2335,0.9719,,,,,,,,,,,1.2493,,,,,
2012-08-17,,0.95822,0.9879,0.63706,79.5,,,1.23808,0.9739,,,,,,,,,,,1.2535,,,,,
2012-08-20,,0.95785,0.9886,0.63662,79.46,,,1.23655,0.9727,,,,,,,,,,,1.2527,,,,,
2012-08-21,,0.95374,0.9888,0.63363,79.28,,,1.2332,0.9628,,,,,,,,,,,1.2504,,,,,
2012-08-22,,0.95156,0.9908,0.62968,78.56,,,1.22895,0.9584,,,,,,,,,,,1.2476,,,,,
2012-08-23,,0.95776,0.9938,0.6306,78.54,,,1.23077,0.9556,,,,,,,,,,,1.2472,,,,,
2012-08-24,,0.96172,0.9921,0.63291,78.63,,,1.23381,0.9595,,,,,,,,,,,1.251,,,,,
2012-08-27,,0.96534,0.9904,0.63335,78.73,,,1.23732,0.9608,,,,,,,,,,,1.2528,,,,,
2012-08-28,,0.96488,0.9877,0.63223,78.52,,,1.24378,0.9556,,,,,,,,,,,1.2527,,,,,
2012-08-29,,0.96674,0.9894,0.63183,78.69,,,1.24953,0.9583,,,,,,,,,,,1.2536,,,,,
2012-08-30,,0.97163,0.9922,0.63359,78.6,,,1.25219,0.9601,,,,,,,,,,,1.2523,,,,,
2012-08-31,,0.96871,0.9859,0.6304,78.37,,,1.24487,0.9545,,,,,,,,,,,1.247,,,,,
2012-09-03,,0.97647,0.986,0.62964,78.29,,,1.25392,0.954,,,,,,,,,,,1.2451,,,,,
2012-09-04,,0.97809,0.9858,0.62992,78.38,,,1.25881,0.9556,,,,,,,,,,,1.2464,,,,,
2012-09-05,,0.98116,0.9903,0.62889,78.39,,,1.25754,0.9555,,,,,,,,,,,1.2473,,,,,
2012-09-06,,0.97267,0.9826,0.62755,78.83,,,1.24782,0.9537,,,,,,,,,,,1.2426,,,,,
2012-09-07,,0.96311,0.9784,0.62406,78.18,,,1.23183,0.944,,,,,,,,,,,1.2365,,,,,
2012-09-10,,0.96787,0.9773,0.62559,78.26,,,1.23686,0.9459,,,,,,,,,,,1.2365,,,,,
2012-09-11,,0.95896,0.9732,0.62243,77.79,,,1.22384,0.9387,,,,,,,,,,,1.2296,,,,,
2012-09-12,,0.95712,0.9757,0.62085,77.84,,,1.21981,0.9372,,,,,,,,,,,1.2292,,,,,
2012-09-13,,0.94868,0.9693,0.61923,77.47,,,1.20366,0.9351,,,,,,,,,,,1.2244,,,,,
2012-09-14,,0.94643,0.9705,0.61686,78.23,,,1.20773,0.9254,,,,,,,,,,,1.2197,,,,,
2012-09-17,,0.95493,0.9747,0.61554,78.71,,,1.21021,0.9273,,,,,,,,,,,1.2247,,,,,
2012-09-18,,0.95676,0.9745,0.61576,78.78,,,1.20904,0.9283,,,,,,,,,,,1.2249,,,,,
2012-09-19,,0.95474,0.9746,0.61652,78.34,,,1.2108,0.9273,,,,,,,,,,,1.224,,,,,
2012-09-20,,0.95896,0.9767,0.61675,78.23,,,1.20671,0.9328,,,,,,,,,,,1.2238,,,,,
2012-09-21,,0.9563,0.9772,0.61656,78.11,,,1.20744,0.9325,,,,,,,,,,,1.2242,,,,,
2012-09-24,,0.95914,0.9784,0.61648,77.85,,,1.21595,0.9353,,,,,,,,,,,1.2275,,,,,
2012-09-25,,0.96293,0.98,0.61759,77.79,,,1.21758,0.9372,,,,,,,,,,,1.228,,,,,
2012-09-26,,0.96413,0.9847,0.61854,77.73,,,1.2133,0.9392,,,,,,,,,,,1.2311,,,,,
2012-09-27,,0.95721,0.9801,0.61599,77.62,,,1.20279,0.937,,,,,,,,,,,1.2255,,,,,
2012-09-28,,0.96386,0.9833,0.61881,77.96,,,1.2054,0.9396,,,,,,,,,,,1.227,,,,,
2012-10-01,,0.96562,0.9819,0.62,77.99,,,1.20831,0.9383,,,,,,,,,,,1.2299,,,,,
2012-10-02,,0.97447,0.9839,0.62,78.17,,,1.21021,0.9364,,,,,,,,,,,1.2309,,,,,
2012-10-03,,0.97876,0.9871,0.62193,78.48,,,1.2207,0.9382,,,,,,,,,,,1.2313,,,,,
2012-10-04,,0.97609,0.9803,0.61763,78.49,,,1.21684,0.9302,,,,,,,,,,,1.2283,,,,,
2012-10-05,,0.98184,0.978,0.61996,78.65,,,1.22309,0.9295,,,,,,,,,,,1.2285,,,,,
2012-10-08,,0.98126,0.9769,0.62426,78.31,,,1.21996,0.9331,,,,,,,,,,,1.2302,,,,,
2012-10-09,,0.97982,0.9779,0.62496,78.26,,,1.22354,0.9403,,,,,,,,,,,1.2304,,,,,
2012-10-10,,0.97886,0.9819,0.62496,78.16,,,1.22579,0.9391,,,,,,,,,,,1.2306,,,,,
2012-10-11,,0.97418,0.9784,0.62317,78.4,,,1.22324,0.9346,,,,,,,,,,,1.2285,,,,,
2012-10-12,,0.97713,0.9782,0.62228,78.39,,,1.22474,0.9332,,,,,,,,,,,1.2216,,,,,
2012-10-15,,0.97552,0.9808,0.62224,78.7,,,1.22579,0.9331,,,,,,,,,,,1.2217,,,,,
2012-10-16,,0.97059,0.9863,0.62035,78.87,,,1.22414,0.923,,,,,,,,,,,1.2187,,,,,
2012-10-17,,0.96404,0.9778,0.61954,79.02,,,1.21728,0.9222,,,,,,,,,,,1.2164,,,,,
2012-10-18,,0.9646,0.9856,0.62317,79.29,,,1.2213,0.9244,,,,,,,,,,,1.219,,,,,
2012-10-19,,0.96805,0.9928,0.62516,79.33,,,1.22654,0.9275,,,,,,,,,,,1.2213,,,,,
2012-10-22,,0.96843,0.9925,0.62453,79.92,,,1.22279,0.9266,,,,,,,,,,,1.2213,,,,,
2012-10-23,,0.97409,0.9922,0.62696,79.87,,,1.23183,0.9324,,,,,,,,,,,1.2251,,,,,
2012-10-24,,0.96637,0.9934,0.62344,79.79,,,1.221,0.9326,,,,,,,,,,,1.2217,,,,,
2012-10-25,,0.96572,0.9943,0.62039,80.35,,,1.221,0.9348,,,,,,,,,,,1.2199,,,,,
2012-10-26,,0.96469,0.9967,0.62147,79.58,,,1.21595,0.9346,,,,,,,,,,,1.222,,,,,
2012-10-29,,0.96787,1.0009,0.62395,79.79,,,1.22055,0.9362,,,,,,,,,,,1.2213,,,,,
2012-10-30,,0.96506,0.999,0.62201,79.59,,,1.21818,0.9321,,,,,,,,,,,1.2191,,,,,
2012-10-31,,0.96386,0.9999,0.62004,79.79,,,1.21625,0.9317,,,,,,,,,,,1.2197,,,,,
2012-11-01,,0.96145,0.9965,0.62023,80.14,,,1.21036,0.9318,,,,,,,,,,,1.2199,,,,,
2012-11-02,,0.96759,0.9958,0.62379,80.44,,,1.21286,0.9399,,,,,,,,,,,1.2231,,,,,
2012-11-05,,0.96488,0.9961,0.6259,80.29,,,1.21197,0.9435,,,,,,,,,,,1.2244,,,,,
2012-11-06,,0.9585,0.9918,0.62523,80.34,,,1.20934,0.9426,,,,,,,,,,,1.222,,,,,
2012-11-07,,0.96052,0.9964,0.62555,79.99,,,1.22294,0.9446,,,,,,,,,,,1.222,,,,,
2012-11-08,,0.96098,1.0001,0.62578,79.46,,,1.22669,0.9458,,,,,,,,,,,1.2244,,,,,
2012-11-09,,0.96339,1.0012,0.62925,79.46,,,1.2282,0.9482,,,,,,,,,,,1.2251,,,,,
2012-11-12,,0.95905,0.9997,0.62992,79.48,,,1.22324,0.9482,,,,,,,,,,,1.2227,,,,,
2012-11-13,,0.95831,1.0022,0.63016,79.37,,,1.22579,0.9473,,,,,,,,,,,1.2224,,,,,
2012-11-14,,0.96376,1.0035,0.63135,80.23,,,1.23411,0.9449,,,,,,,,,,,1.2228,,,,,
2012-11-15,,0.96796,1.0006,0.63044,81.15,,,1.23609,0.942,,,,,,,,,,,1.2235,,,,,
2012-11-16,,0.96712,1.001,0.62968,81.31,,,1.23077,0.9453,,,,,,,,,,,1.2267,,,,,
2012-11-19,,0.96043,0.996,0.62862,81.4,,,1.21981,0.9395,,,,,,,,,,,1.2234,,,,,
2012-11-20,,0.96265,0.9968,0.62798,81.66,,,1.22399,0.9398,,,,,,,,,,,1.2241,,,,,
2012-11-21,,0.96451,0.9961,0.62692,82.53,,,1.22805,0.9387,,,,,,,,,,,1.2243,,,,,
2012-11-22,,0.96283,0.9968,0.62735,82.47,,,1.22669,0.9345,,,,,,,,,,,1.2243,,,,,
2012-11-23,,0.9563,0.9926,0.62379,82.38,,,1.21448,0.9278,,,,,,,,,,,1.222,,,,,
2012-11-26,,0.95593,0.9932,0.62399,82.05,,,1.21714,0.9276,,,,,,,,,,,1.2211,,,,,
2012-11-27,,0.95712,0.9942,0.6241,82.14,,,1.21921,0.9302,,,,,,,,,,,1.2224,,,,,
2012-11-28,,0.95447,0.9918,0.62442,82.07,,,1.21433,0.9289,,,,,,,,,,,1.2221,,,,,
2012-11-29,,0.9585,0.9924,0.62348,82.11,,,1.21581,0.9274,,,,,,,,,,,1.2201,,,,,
2012-11-30,,0.95942,0.9943,0.62469,82.45,,,1.21981,0.9278,,,,,,,,,,,1.2199,,,,,
2012-12-03,,0.95969,0.995,0.62154,82.24,,,1.21862,0.9255,,,,,,,,,,,1.2183,,,,,
2012-12-04,,0.95502,0.9927,0.62127,81.89,,,1.21403,0.9262,,,,,,,,,,,1.2174,,,,,
2012-12-05,,0.95639,0.9917,0.62154,82.46,,,1.20686,0.9264,,,,,,,,,,,1.219,,,,,
2012-12-06,,0.95374,0.9911,0.62309,82.39,,,1.2012,0.9323,,,,,,,,,,,1.22,,,,,
2012-12-07,,0.95402,0.9886,0.62356,82.49,,,1.20149,0.9341,,,,,,,,,,,1.2206,,,,,
2012-12-10,,0.95347,0.9864,0.6222,82.36,,,1.19803,0.9331,,,,,,,,,,,1.2215,,,,,
2012-12-11,,0.94985,0.986,0.62065,82.49,,,1.19204,0.9322,,,,,,,,,,,1.2207,,,,,
2012-12-12,,0.9476,0.9842,0.61931,83.27,,,1.18582,0.9262,,,,,,,,,,,1.2206,,,,,
2012-12-13,,0.94994,0.9846,0.62069,83.64,,,1.18652,0.9236,,,,,,,,,,,1.221,,,,,
2012-12-14,,0.94661,0.9858,0.61851,83.5,,,1.18203,0.9175,,,,,,,,,,,1.2191,,,,,
2012-12-17,,0.94769,0.9835,0.61717,83.85,,,1.18385,0.9174,,,,,,,,,,,1.219,,,,,
2012-12-18,,0.94931,0.9854,0.61535,84.19,,,1.18864,0.9129,,,,,,,,,,,1.2168,,,,,
2012-12-19,,0.9542,0.9886,0.61561,84.36,,,1.19933,0.9133,,,,,,,,,,,1.2183,,,,,
2012-12-20,,0.95411,0.9875,0.61436,84.38,,,1.19976,0.9114,,,,,,,,,,,1.218,,,,,
2012-12-21,,0.96163,0.9931,0.61847,84.22,,,1.21448,0.9154,,,,,,,,,,,1.22,,,,,
2012-12-24,,0.96544,0.9926,0.62031,84.93,,,1.21654,0.9156,,,,,,,,,,,1.2207,,,,,
2012-12-25,,0.96572,0.992,0.62019,84.81,,,1.21714,0.916,,,,,,,,,,,1.221,,,,,
2012-12-26,,0.96386,0.994,0.61977,85.61,,,1.22055,0.9131,,,,,,,,,,,1.2238,,,,,
2012-12-27,,0.96376,0.995,0.62123,86.09,,,1.21877,0.9131,,,,,,,,,,,1.2225,,,,,
2012-12-28,,0.96423,0.9967,0.61854,85.97,,,1.22026,0.9134,,,,,,,,,,,1.2235,,,,,
2012-12-31,,0.96228,0.9919,0.61557,86.72,,,1.20773,0.915,,,,,,,,,,,1.221,,,,,
2013-01-01,,0.96191,0.9929,0.61561,86.66,,,1.20875,0.9148,,,,,,,,,,,1.2209,,,,,
2013-01-02,,0.9522,0.9849,0.61531,87.33,,,1.19918,0.9178,,,,,,,,,,,1.2204,,,,,
2013-01-03,,0.95547,0.9874,0.62092,87.22,,,1.20788,0.9266,,,,,,,,,,,1.2256,,,,,
2013-01-04,,0.95447,0.9872,0.62243,88.14,,,1.20294,0.9244,,,,,,,,,,,1.2274,,,,,
2013-01-07,,0.95229,0.9858,0.62062,87.78,,,1.19503,0.9211,,,,,,,,,,,1.2288,,,,,
2013-01-08,,0.9522,0.9866,0.62294,87.03,,,1.19546,0.924,,,,,,,,,,,1.229,,,,,
2013-01-09,,0.95129,0.9875,0.62414,87.87,,,1.19133,0.9253,,,,,,,,,,,1.2271,,,,,
2013-01-10,,0.94366,0.9832,0.6187,88.74,,,1.18259,0.9141,,,,,,,,,,,1.2224,,,,,
2013-01-11,,0.94922,0.9849,0.62004,89.17,,,1.19617,0.9133,,,,,,,,,,,1.224,,,,,
2013-01-14,,0.94652,0.9835,0.62212,89.47,,,1.18568,0.9215,,,,,,,,,,,1.2254,,,,,
2013-01-15,,0.9467,0.9841,0.62255,88.76,,,1.19118,0.9317,,,,,,,,,,,1.2254,,,,,
2013-01-16,,0.94598,0.9856,0.62484,88.37,,,1.18963,0.9308,,,,,,,,,,,1.2239,,,,,
2013-01-17,,0.94832,0.9854,0.62523,89.85,,,1.1956,0.9325,,,,,,,,,,,1.2229,,,,,
2013-01-18,,0.95193,0.9913,0.63056,90.08,,,1.19603,0.9339,,,,,,,,,,,1.2275,,,,,
2013-01-21,,0.95102,0.9927,0.63183,89.63,,,1.19674,0.9324,,,,,,,,,,,1.2277,,,,,
2013-01-22,,0.94643,0.9918,0.63151,88.69,,,1.18948,0.9293,,,,,,,,,,,1.2262,,,,,
2013-01-23,,0.94751,0.9991,0.63107,88.61,,,1.18694,0.9293,,,,,,,,,,,1.2268,,,,,
2013-01-24,,0.95703,1.0022,0.63343,90.32,,,1.19375,0.9287,,,,,,,,,,,1.2289,,,,,
2013-01-25,,0.95978,1.0057,0.63315,90.82,,,1.19432,0.9266,,,,,,,,,,,1.234,,,,,
2013-01-28,,0.96006,1.006,0.63731,90.8,,,1.19918,0.9262,,,,,,,,,,,1.2378,,,,,
2013-01-29,,0.95493,1.0008,0.6344,90.72,,,1.19161,0.921,,,,,,,,,,,1.2335,,,,,
2013-01-30,,0.96025,1.0011,0.63295,91.08,,,1.1966,0.9108,,,,,,,,,,,1.2356,,,,,
2013-01-31,,0.95932,0.9972,0.63072,91.72,,,1.19232,0.9103,,,,,,,,,,,1.2372,,,,,
2013-02-01,,0.96108,0.9964,0.63706,92.83,,,1.18385,0.9077,,,,,,,,,,,1.2403,,,,,
2013-02-04,,0.95822,0.9986,0.63448,92.37,,,1.18652,0.9082,,,,,,,,,,,1.2386,,,,,
2013-02-05,,0.96256,0.9954,0.63865,93.64,,,1.18343,0.9083,,,,,,,,,,,1.2362,,,,,
2013-02-06,,0.96909,0.9954,0.63869,93.62,,,1.19147,0.9099,,,,,,,,,,,1.2384,,,,,
2013-02-07,,0.97267,0.9975,0.63658,93.62,,,1.20048,0.918,,,,,,,,,,,1.2396,,,,,
2013-02-08,,0.96965,1.0023,0.63323,92.69,,,1.19746,0.9172,,,,,,,,,,,1.2372,,,,,
2013-02-11,,0.97523,1.0045,0.63865,94.31,,,1.19775,0.9198,,,,,,,,,,,1.2417,,,,,
2013-02-12,,0.97031,1.0021,0.63861,93.46,,,1.19033,0.9169,,,,,,,,,,,1.2389,,,,,
2013-02-13,,0.96534,1.0012,0.6435,93.43,,,1.18329,0.9168,,,,,,,,,,,1.2364,,,,,
2013-02-14,,0.96525,1.0008,0.64549,92.84,,,1.17495,0.9211,,,,,,,,,,,1.2346,,,,,
2013-02-15,,0.97069,1.006,0.64458,93.49,,,1.18497,0.9216,,,,,,,,,,,1.2364,,,,,
2013-02-18,,0.9705,1.0106,0.6467,93.96,,,1.18329,0.9231,,,,,,,,,,,1.2394,,,,,
2013-02-19,,0.9659,1.0113,0.64834,93.56,,,1.18078,0.9223,,,,,,,,,,,1.2357,,,,,
2013-02-20,,0.97513,1.0164,0.65651,93.56,,,1.1966,0.9266,,,,,,,,,,,1.2393,,,,,
2013-02-21,,0.97589,1.0185,0.65574,93.11,,,1.19933,0.9309,,,,,,,,,,,1.2416,,,,,
2013-02-22,,0.96937,1.0207,0.6595,93.39,,,1.19417,0.9294,,,,,,,,,,,1.237,,,,,
2013-02-25,,0.97475,1.0258,0.65972,91.83,,,1.20135,0.9318,,,,,,,,,,,1.2392,,,,,
2013-02-26,,0.9778,1.0258,0.66116,91.97,,,1.21315,0.9319,,,,,,,,,,,1.2384,,,,,
2013-02-27,,0.97713,1.0231,0.6598,92.21,,,1.20875,0.9295,,,,,,,,,,,1.2362,,,,,
2013-02-28,,0.97914,1.0306,0.6595,92.56,,,1.213,0.9364,,,,,,,,,,,1.2384,,,,,
2013-03-01,,0.9802,1.0263,0.66498,93.57,,,1.21212,0.9422,,,,,,,,,,,1.2398,,,,,
2013-03-04,,0.98097,1.0272,0.66181,93.45,,,1.20846,0.9406,,,,,,,,,,,1.2452,,,,,
2013-03-05,,0.97504,1.0268,0.66116,93.28,,,1.20366,0.9408,,,,,,,,,,,1.245,,,,,
2013-03-06,,0.97723,1.0319,0.66591,94.06,,,1.20758,0.9486,,,,,,,,,,,1.2483,,,,,
2013-03-07,,0.97399,1.0294,0.66609,94.81,,,1.20758,0.9422,,,,,,,,,,,1.2443,,,,,
2013-03-08,,0.97752,1.0284,0.67047,96.01,,,1.21758,0.9512,,,,,,,,,,,1.2473,,,,,
2013-03-11,,0.97342,1.0259,0.67047,96.32,,,1.20978,0.9468,,,,,,,,,,,1.2484,,,,,
2013-03-12,,0.9688,1.0259,0.67132,95.96,,,1.21109,0.9474,,,,,,,,,,,1.2467,,,,,
2013-03-13,,0.97116,1.0279,0.67033,96.07,,,1.2213,0.9525,,,,,,,,,,,1.2491,,,,,
2013-03-14,,0.96293,1.022,0.66295,96.09,,,1.21728,0.9468,,,,,,,,,,,1.2492,,,,,
2013-03-15,,0.96191,1.0197,0.66164,95.29,,,1.20875,0.9377,,,,,,,,,,,1.247,,,,,
2013-03-18,,0.96154,1.0215,0.66195,95.25,,,1.21007,0.9458,,,,,,,,,,,1.2489,,,,,
2013-03-19,,0.96488,1.0274,0.66269,95.09,,,1.21315,0.9473,,,,,,,,,,,1.251,,,,,
2013-03-20,,0.96367,1.0255,0.66221,96.02,,,1.21036,0.9441,,,,,,,,,,,1.2503,,,,,
2013-03-21,,0.9585,1.0247,0.65924,95.04,,,1.20294,0.947,,,,,,,,,,,1.2495,,,,,
2013-03-22,,0.95758,1.0224,0.65664,94.45,,,1.19761,0.9405,,,,,,,,,,,1.249,,,,,
2013-03-25,,0.95657,1.0214,0.65915,94.17,,,1.19746,0.9492,,,,,,,,,,,1.2438,,,,,
2013-03-26,,0.95411,1.0162,0.6598,94.51,,,1.19218,0.9483,,,,,,,,,,,1.2405,,,,,
2013-03-27,,0.95758,1.0163,0.66111,94.37,,,1.1956,0.9538,,,,,,,,,,,1.2424,,,,,
2013-03-28,,0.9608,1.0164,0.65841,94.19,,,1.19546,0.9497,,,,,,,,,,,1.2402,,,,,
2013-03-29,,0.95997,1.0176,0.65742,94.2,,,1.19474,0.9492,,,,,,,,,,,1.2406,,,,,
2013-04-01,,0.95951,1.0166,0.65677,93.18,,,1.1936,0.9468,,,,,,,,,,,1.2396,,,,,
2013-04-02,,0.95666,1.0141,0.66212,93.36,,,1.18821,0.9485,,,,,,,,,,,1.2378,,,,,
2013-04-03,,0.9563,1.0145,0.6609,93.06,,,1.18821,0.9452,,,,,,,,,,,1.2376,,,,,
2013-04-04,,0.95896,1.0127,0.65664,96.35,,,1.18807,0.9397,,,,,,,,,,,1.24,,,,,
2013-04-05,,0.96302,1.0175,0.6521,97.51,,,1.18666,0.9355,,,,,,,,,,,1.2405,,,,,
2013-04-08,,0.96025,1.0164,0.65514,99.47,,,1.18161,0.9347,,,,,,,,,,,1.2419,,,,,
2013-04-09,,0.95347,1.0162,0.65274,99.15,,,1.17357,0.9324,,,,,,,,,,,1.2394,,,,,
2013-04-10,,0.94868,1.0142,0.65244,99.79,,,1.16455,0.9326,,,,,,,,,,,1.238,,,,,
2013-04-11,,0.94877,1.0102,0.65003,99.77,,,1.15888,0.9308,,,,,,,,,,,1.2369,,,,,
2013-04-12,,0.95211,1.0128,0.65197,98.35,,,1.16523,0.927,,,,,,,,,,,1.2371,,,,,
2013-04-15,,0.96956,1.0242,0.65402,96.59,,,1.18779,0.9307,,,,,,,,,,,1.239,,,,,
2013-04-16,,0.96302,1.0209,0.65083,97.75,,,1.17772,0.9221,,,,,,,,,,,1.2349,,,,,
2013-04-17,,0.97012,1.0261,0.65608,98.26,,,1.18441,0.9326,,,,,,,,,,,1.2359,,,,,
2013-04-18,,0.97069,1.0257,0.65441,98.2,,,1.18892,0.9325,,,,,,,,,,,1.2358,,,,,
2013-04-19,,0.97494,1.0265,0.65664,99.51,,,1.18779,0.9336,,,,,,,,,,,1.2367,,,,,
2013-04-22,,0.97362,1.0258,0.65424,99.3,,,1.18708,0.9341,,,,,,,,,,,1.2404,,,,,
2013-04-23,,0.97371,1.0261,0.65634,99.37,,,1.18596,0.9453,,,,,,,,,,,1.2406,,,,,
2013-04-24,,0.97286,1.0256,0.65509,99.52,,,1.17994,0.9472,,,,,,,,,,,1.2419,,,,,
2013-04-25,,0.97153,1.0199,0.64796,99.32,,,1.17647,0.9448,,,,,,,,,,,1.2385,,,,,
2013-04-26,,0.97352,1.0168,0.64725,98.04,,,1.18064,0.9429,,,,,,,,,,,1.2372,,,,,
2013-04-29,,0.96665,1.0118,0.64549,97.82,,,1.16891,0.9371,,,,,,,,,,,1.2337,,,,,
2013-04-30,,0.96469,1.0068,0.64363,97.37,,,1.16768,0.9294,,,,,,,,,,,1.2318,,,,,
2013-05-01,,0.97286,1.0082,0.64288,97.29,,,1.17592,0.9269,,,,,,,,,,,1.2326,,,,,
2013-05-02,,0.97589,1.0106,0.64387,97.92,,,1.1773,0.935,,,,,,,,,,,1.235,,,,,
2013-05-03,,0.96956,1.0091,0.64234,99.0,,,1.17206,0.9348,,,,,,,,,,,1.2338,,,,,
2013-05-06,,0.97552,1.0068,0.6435,99.33,,,1.17481,0.9383,,,,,,,,,,,1.2311,,,,,
2013-05-07,,0.98213,1.0045,0.64591,98.96,,,1.18441,0.9402,,,,,,,,,,,1.2317,,,,,
2013-05-08,,0.9828,1.0025,0.64342,98.93,,,1.18906,0.9349,,,,,,,,,,,1.2275,,,,,
2013-05-09,,0.99118,1.0067,0.64733,100.63,,,1.19076,0.948,,,,,,,,,,,1.2333,,,,,
2013-05-10,,0.9983,1.0095,0.651,101.59,,,1.20467,0.956,,,,,,,,,,,1.237,,,,,
2013-05-13,,1.00472,1.0104,0.65355,101.76,,,1.21242,0.957,,,,,,,,,,,1.2404,,,,,
2013-05-14,,1.01061,1.0182,0.65712,102.27,,,1.21892,0.966,,,,,,,,,,,1.2428,,,,,
2013-05-15,,1.01133,1.0163,0.65677,102.25,,,1.21507,0.9655,,,,,,,,,,,1.2455,,,,,
2013-05-16,,1.01843,1.0184,0.65475,102.22,,,1.22429,0.9643,,,,,,,,,,,1.2504,,,,,
2013-05-17,,1.02828,1.0279,0.65928,103.13,,,1.24039,0.9722,,,,,,,,,,,1.256,,,,,
2013-05-20,,1.01989,1.0241,0.65544,102.25,,,1.22354,0.9665,,,,,,,,,,,1.2541,,,,,
2013-05-21,,1.0203,1.0269,0.66002,102.5,,,1.22429,0.9702,,,,,,,,,,,1.2598,,,,,
2013-05-22,,1.0321,1.0371,0.66476,103.11,,,1.24131,0.9791,,,,,,,,,,,1.2673,,,,,
2013-05-23,,1.02669,1.0302,0.66199,101.99,,,1.23047,0.9688,,,,,,,,,,,1.2636,,,,,
2013-05-24,,1.03691,1.03,0.66111,101.12,,,1.23579,0.9605,,,,,,,,,,,1.2637,,,,,
2013-05-27,,1.03821,1.0317,0.66085,101.15,,,1.23548,0.9613,,,,,,,,,,,1.2642,,,,,
2013-05-28,,1.04091,1.0402,0.66516,102.26,,,1.2364,0.9766,,,,,,,,,,,1.2704,,,,,
2013-05-29,,1.03799,1.0349,0.66107,101.13,,,1.23442,0.9618,,,,,,,,,,,1.2659,,,,,
2013-05-30,,1.0353,1.0299,0.65656,100.77,,,1.23824,0.9532,,,,,,,,,,,1.2577,,,,,
2013-05-31,,1.04482,1.0367,0.65807,100.47,,,1.25849,0.9555,,,,,,,,,,,1.264,,,,,
2013-06-03,,1.02375,1.0279,0.65287,99.44,,,1.23487,0.9471,,,,,,,,,,,1.2517,,,,,
2013-06-04,,1.03648,1.0339,0.653,100.03,,,1.24751,0.947,,,,,,,,,,,1.2522,,,,,
2013-06-05,,1.0491,1.0341,0.64918,99.14,,,1.25439,0.9418,,,,,,,,,,,1.2497,,,,,
2013-06-06,,1.04614,1.0273,0.6416,97.43,,,1.25298,0.9304,,,,,,,,,,,1.2444,,,,,
2013-06-07,,1.05153,1.0185,0.643,97.55,,,1.27097,0.9355,,,,,,,,,,,1.248,,,,,
2013-06-10,,1.05697,1.019,0.64226,98.72,,,1.26598,0.9333,,,,,,,,,,,1.2571,,,,,
2013-06-11,,1.05977,1.0187,0.63922,96.04,,,1.27,0.9245,,,,,,,,,,,1.2545,,,,,
2013-06-12,,1.05552,1.0207,0.63796,95.86,,,1.2577,0.9206,,,,,,,,,,,1.2556,,,,,
2013-06-13,,1.03605,1.0156,0.63621,95.61,,,1.23503,0.922,,,,,,,,,,,1.2499,,,,,
2013-06-14,,1.04526,1.0169,0.63694,94.06,,,1.24378,0.9211,,,,,,,,,,,1.2515,,,,,
2013-06-17,,1.04734,1.0186,0.63625,94.67,,,1.24984,0.9226,,,,,,,,,,,1.2547,,,,,
2013-06-18,,1.05441,1.0213,0.63947,95.38,,,1.25156,0.9199,,,,,,,,,,,1.2615,,,,,
2013-06-19,,1.07759,1.027,0.64566,96.3,,,1.26839,0.9279,,,,,,,,,,,1.268,,,,,
2013-06-20,,1.08648,1.038,0.64504,97.32,,,1.28816,0.927,,,,,,,,,,,1.2731,,,,,
2013-06-21,,1.0853,1.0455,0.6483,97.8,,,1.29099,0.9345,,,,,,,,,,,1.2762,,,,,
2013-06-24,,1.08096,1.0501,0.64792,97.71,,,1.29016,0.9329,,,,,,,,,,,1.2749,,,,,
2013-06-25,,1.08015,1.0513,0.64838,97.94,,,1.29149,0.9379,,,,,,,,,,,1.2691,,,,,
2013-06-26,,1.07782,1.0475,0.65304,97.76,,,1.28518,0.9428,,,,,,,,,,,1.2739,,,,,
2013-06-27,,1.07735,1.0474,0.65544,98.43,,,1.28271,0.945,,,,,,,,,,,1.2663,,,,,
2013-06-28,,1.09385,1.0508,0.65703,99.12,,,1.29266,0.9439,,,,,,,,,,,1.2662,,,,,
2013-07-01,,1.08307,1.0495,0.6572,99.62,,,1.2791,0.945,,,,,,,,,,,1.264,,,,,
2013-07-02,,1.09349,1.0546,0.65994,100.62,,,1.28883,0.9503,,,,,,,,,,,1.2711,,,,,
2013-07-03,,1.10096,1.0501,0.65454,99.96,,,1.28783,0.9466,,,,,,,,,,,1.2731,,,,,
2013-07-04,,1.09397,1.0517,0.66353,100.11,,,1.27763,0.9561,,,,,,,,,,,1.2727,,,,,
2013-07-05,,1.10302,1.0572,0.67146,101.17,,,1.29651,0.964,,,,,,,,,,,1.2811,,,,,
2013-07-08,,1.10229,1.0563,0.67137,101.34,,,1.29299,0.964,,,,,,,,,,,1.2819,,,,,
2013-07-09,,1.09028,1.0525,0.67277,101.07,,,1.27421,0.9725,,,,,,,,,,,1.2781,,,,,
2013-07-10,,1.08448,1.0427,0.66392,99.52,,,1.2663,0.9534,,,,,,,,,,,1.2694,,,,,
2013-07-11,,1.0898,1.0368,0.65859,98.99,,,1.27486,0.9466,,,,,,,,,,,1.2581,,,,,
2013-07-12,,1.1062,1.0399,0.66234,99.21,,,1.28436,0.9458,,,,,,,,,,,1.2611,,,,,
2013-07-15,,1.09842,1.0427,0.66225,99.93,,,1.28025,0.9481,,,,,,,,,,,1.2621,,,,,
2013-07-16,,1.08225,1.0375,0.66024,99.15,,,1.26823,0.9399,,,,,,,,,,,1.2582,,,,,
2013-07-17,,1.0826,1.0404,0.65729,99.57,,,1.26438,0.9409,,,,,,,,,,,1.2604,,,,,
2013-07-18,,1.09039,1.0374,0.65668,100.5,,,1.26566,0.9442,,,,,,,,,,,1.2663,,,,,
2013-07-19,,1.09087,1.0367,0.65539,100.35,,,1.26534,0.9408,,,,,,,,,,,1.2652,,,,,
2013-07-22,,1.08167,1.0337,0.65121,99.61,,,1.25486,0.936,,,,,,,,,,,1.2605,,,,,
2013-07-23,,1.07654,1.0291,0.65053,99.47,,,1.25094,0.9348,,,,,,,,,,,1.2638,,,,,
2013-07-24,,1.09111,1.0314,0.65295,100.25,,,1.25392,0.9371,,,,,,,,,,,1.2674,,,,,
2013-07-25,,1.08284,1.0283,0.65011,99.25,,,1.24039,0.9298,,,,,,,,,,,1.2641,,,,,
2013-07-26,,1.07875,1.0275,0.65003,98.2,,,1.23716,0.9284,,,,,,,,,,,1.2642,,,,,
2013-07-29,,1.08672,1.0263,0.65193,97.92,,,1.24487,0.9311,,,,,,,,,,,1.2661,,,,,
2013-07-30,,1.1029,1.0306,0.65625,98.04,,,1.25188,0.9296,,,,,,,,,,,1.2709,,,,,
2013-07-31,,1.11644,1.0278,0.65807,97.79,,,1.25408,0.9265,,,,,,,,,,,1.2706,,,,,
2013-08-01,,1.11932,1.0349,0.66151,99.5,,,1.26662,0.9364,,,,,,,,,,,1.2757,,,,,
2013-08-02,,1.12296,1.0385,0.65419,98.9,,,1.27584,0.9285,,,,,,,,,,,1.2715,,,,,
2013-08-05,,1.11957,1.0358,0.6513,98.25,,,1.27405,0.9276,,,,,,,,,,,1.2683,,,,,
2013-08-06,,1.11371,1.0374,0.65155,97.76,,,1.26566,0.9257,,,,,,,,,,,1.2663,,,,,
2013-08-07,,1.11198,1.0422,0.64566,96.33,,,1.25691,0.9214,,,,,,,,,,,1.2665,,,,,
2013-08-08,,1.09866,1.0324,0.64367,96.61,,,1.25016,0.9198,,,,,,,,,,,1.2597,,,,,
2013-08-09,,1.08719,1.0286,0.64558,96.18,,,1.24425,0.9228,,,,,,,,,,,1.2567,,,,,
2013-08-12,,1.09433,1.0306,0.64679,97.08,,,1.25094,0.9259,,,,,,,,,,,1.2629,,,,,
2013-08-13,,1.09902,1.0343,0.64738,98.23,,,1.25549,0.933,,,,,,,,,,,1.2672,,,,,
2013-08-14,,1.09601,1.0338,0.64512,98.01,,,1.24579,0.9349,,,,,,,,,,,1.2695,,,,,
2013-08-15,,1.09421,1.0301,0.63926,97.25,,,1.23916,0.9257,,,,,,,,,,,1.2679,,,,,
2013-08-16,,1.09039,1.0345,0.63967,97.53,,,1.23426,0.9264,,,,,,,,,,,1.2698,,,,,
2013-08-19,,1.09685,1.0343,0.63914,97.62,,,1.23977,0.9241,,,,,,,,,,,1.2771,,,,,
2013-08-20,,1.10314,1.0393,0.63849,97.3,,,1.25691,0.9171,,,,,,,,,,,1.2732,,,,,
2013-08-21,,1.11445,1.0476,0.63877,97.69,,,1.27372,0.9219,,,,,,,,,,,1.284,,,,,
2013-08-22,,1.10951,1.0519,0.64164,98.76,,,1.27649,0.9232,,,,,,,,,,,1.2815,,,,,
2013-08-23,,1.10828,1.0495,0.6423,98.71,,,1.28172,0.9216,,,,,,,,,,,1.2781,,,,,
2013-08-26,,1.10779,1.0498,0.64197,98.44,,,1.27372,0.9226,,,,,,,,,,,1.2809,,,,,
2013-08-27,,1.11408,1.0477,0.64338,97.01,,,1.28436,0.9174,,,,,,,,,,,1.2824,,,,,
2013-08-28,,1.11882,1.0486,0.64412,97.71,,,1.28238,0.9219,,,,,,,,,,,1.2749,,,,,
2013-08-29,,1.12108,1.0537,0.64516,98.33,,,1.28932,0.9312,,,,,,,,,,,1.2748,,,,,
2013-08-30,,1.12372,1.0537,0.64508,98.17,,,1.29534,0.9282,,,,,,,,,,,1.274,,,,,
2013-09-02,,1.11222,1.0547,0.64325,99.36,,,1.27747,0.9342,,,,,,,,,,,1.2729,,,,,
2013-09-03,,1.10424,1.0535,0.6428,99.55,,,1.28255,0.9367,,,,,,,,,,,1.2784,,,,,
2013-09-04,,1.09158,1.0494,0.64016,99.75,,,1.26711,0.9357,,,,,,,,,,,1.2741,,,,,
2013-09-05,,1.09553,1.0504,0.64152,100.16,,,1.26839,0.9449,,,,,,,,,,,1.2807,,,,,
2013-09-06,,1.08933,1.0415,0.63963,99.08,,,1.25016,0.9378,,,,,,,,,,,1.273,,,,,
2013-09-09,,1.08366,1.037,0.63723,99.61,,,1.24766,0.9323,,,,,,,,,,,1.2688,,,,,
2013-09-10,,1.07435,1.0349,0.63569,100.38,,,1.24023,0.9348,,,,,,,,,,,1.2682,,,,,
2013-09-11,,1.0717,1.0313,0.63199,99.97,,,1.22971,0.9303,,,,,,,,,,,1.2656,,,,,
2013-09-12,,1.07968,1.0326,0.63267,99.49,,,1.22941,0.9303,,,,,,,,,,,1.2671,,,,,
2013-09-13,,1.0819,1.035,0.63012,99.36,,,1.23001,0.9297,,,,,,,,,,,1.2685,,,,,
2013-09-16,,1.07319,1.0321,0.62909,99.08,,,1.22384,0.9272,,,,,,,,,,,1.2625,,,,,
2013-09-17,,1.06895,1.0294,0.62873,99.12,,,1.21462,0.9258,,,,,,,,,,,1.2594,,,,,
2013-09-18,,1.05319,1.0226,0.61977,98.13,,,1.1989,0.9132,,,,,,,,,,,1.2475,,,,,
2013-09-19,,1.05932,1.0264,0.62391,99.4,,,1.19346,0.9106,,,,,,,,,,,1.2461,,,,,
2013-09-20,,1.06474,1.0305,0.62481,99.3,,,1.19589,0.9102,,,,,,,,,,,1.251,,,,,
2013-09-23,,1.06112,1.0281,0.6234,98.77,,,1.19489,0.9108,,,,,,,,,,,1.2501,,,,,
2013-09-24,,1.06553,1.0301,0.625,98.72,,,1.20846,0.9127,,,,,,,,,,,1.2542,,,,,
2013-09-25,,1.06838,1.0315,0.62201,98.42,,,1.21359,0.9095,,,,,,,,,,,1.2544,,,,,
2013-09-26,,1.06826,1.031,0.62352,98.97,,,1.20671,0.9102,,,,,,,,,,,1.2545,,,,,
2013-09-27,,1.07331,1.0301,0.6192,98.24,,,1.20773,0.9052,,,,,,,,,,,1.2555,,,,,
2013-09-30,,1.07308,1.0313,0.61789,98.23,,,1.20496,0.9049,,,,,,,,,,,1.2555,,,,,
2013-10-01,,1.06462,1.0332,0.61763,98.03,,,1.20919,0.9058,,,,,,,,,,,1.2506,,,,,
2013-10-02,,1.06564,1.0332,0.61626,97.38,,,1.20265,0.9026,,,,,,,,,,,1.2485,,,,,
2013-10-03,,1.06485,1.0328,0.61889,97.21,,,1.20569,0.8991,,,,,,,,,,,1.2481,,,,,
2013-10-04,,1.06078,1.03,0.62453,97.43,,,1.20265,0.9071,,,,,,,,,,,1.2455,,,,,
2013-10-07,,1.06101,1.0313,0.62154,96.69,,,1.20496,0.9033,,,,,,,,,,,1.2474,,,,,
2013-10-08,,1.06168,1.0368,0.62181,96.88,,,1.20729,0.9039,,,,,,,,,,,1.2496,,,,,
2013-10-09,,1.05876,1.0391,0.62688,97.37,,,1.20511,0.91,,,,,,,,,,,1.2496,,,,,
2013-10-10,,1.05686,1.0397,0.62613,98.28,,,1.20715,0.911,,,,,,,,,,,1.2482,,,,,
2013-10-11,,1.05708,1.035,0.62688,98.58,,,1.20192,0.9119,,,,,,,,,,,1.2455,,,,,
2013-10-14,,1.05363,1.0354,0.62578,98.65,,,1.19689,0.9104,,,,,,,,,,,1.2434,,,,,
2013-10-15,,1.04932,1.0374,0.62516,98.2,,,1.19118,0.9123,,,,,,,,,,,1.2429,,,,,
2013-10-16,,1.04635,1.0325,0.62676,98.76,,,1.18737,0.9132,,,,,,,,,,,1.2432,,,,,
2013-10-17,,1.03885,1.0294,0.61885,97.88,,,1.17952,0.9024,,,,,,,,,,,1.2396,,,,,
2013-10-18,,1.0337,1.0283,0.61828,97.72,,,1.17938,0.9015,,,,,,,,,,,1.2373,,,,,
2013-10-21,,1.03616,1.0305,0.61943,98.17,,,1.18413,0.9021,,,,,,,,,,,1.2417,,,,,
2013-10-22,,1.03029,1.0288,0.61614,98.1,,,1.17509,0.8948,,,,,,,,,,,1.2353,,,,,
2013-10-23,,1.04026,1.0382,0.61866,97.32,,,1.19062,0.8922,,,,,,,,,,,1.2383,,,,,
2013-10-24,,1.04004,1.0419,0.61725,97.32,,,1.1989,0.8923,,,,,,,,,,,1.2371,,,,,
2013-10-25,,1.04351,1.045,0.61858,97.4,,,1.20992,0.892,,,,,,,,,,,1.2365,,,,,
2013-10-28,,1.04482,1.0444,0.61969,97.7,,,1.2054,0.8956,,,,,,,,,,,1.2371,,,,,
2013-10-29,,1.05507,1.0466,0.62321,98.21,,,1.21109,0.8987,,,,,,,,,,,1.2406,,,,,
2013-10-30,,1.05474,1.0475,0.62352,98.41,,,1.21007,0.899,,,,,,,,,,,1.2388,,,,,
2013-10-31,,1.05719,1.0434,0.62348,98.36,,,1.21168,0.9067,,,,,,,,,,,1.2407,,,,,
2013-11-01,,1.05988,1.0418,0.62846,98.69,,,1.20978,0.9118,,,,,,,,,,,1.2424,,,,,
2013-11-04,,1.05153,1.0423,0.62629,98.6,,,1.20715,0.9097,,,,,,,,,,,1.2421,,,,,
2013-11-05,,1.05186,1.0453,0.62333,98.5,,,1.19589,0.9134,,,,,,,,,,,1.2418,,,,,
2013-11-06,,1.04987,1.0417,0.62193,98.65,,,1.19375,0.9119,,,,,,,,,,,1.2424,,,,,
2013-11-07,,1.05764,1.0457,0.62143,98.07,,,1.20178,0.9157,,,,,,,,,,,1.2452,,,,,
2013-11-08,,1.06553,1.0477,0.62442,99.05,,,1.21345,0.9209,,,,,,,,,,,1.2463,,,,,
2013-11-11,,1.0686,1.0473,0.62551,99.14,,,1.21197,0.9193,,,,,,,,,,,1.2488,,,,,
2013-11-12,,1.07515,1.0494,0.62881,99.63,,,1.21669,0.9174,,,,,,,,,,,1.2491,,,,,
2013-11-13,,1.0686,1.0455,0.62286,99.22,,,1.20686,0.9134,,,,,,,,,,,1.2458,,,,,
2013-11-14,,1.07365,1.0463,0.62251,100.0,,,1.2089,0.9164,,,,,,,,,,,1.2471,,,,,
2013-11-15,,1.06781,1.0436,0.62046,100.17,,,1.19933,0.9149,,,,,,,,,,,1.246,,,,,
2013-11-18,,1.06655,1.0427,0.62081,99.98,,,1.20005,0.9128,,,,,,,,,,,1.2461,,,,,
2013-11-19,,1.06056,1.0469,0.62039,100.12,,,1.19489,0.9109,,,,,,,,,,,1.243,,,,,
2013-11-20,,1.07147,1.0445,0.62092,100.02,,,1.20948,0.916,,,,,,,,,,,1.2461,,,,,
2013-11-21,,1.08307,1.0517,0.61736,101.15,,,1.21892,0.9128,,,,,,,,,,,1.2497,,,,,
2013-11-22,,1.09075,1.0512,0.61645,101.27,,,1.22085,0.9065,,,,,,,,,,,1.2495,,,,,
2013-11-25,,1.09194,1.0542,0.61908,101.67,,,1.21892,0.9117,,,,,,,,,,,1.25,,,,,
2013-11-26,,1.09589,1.054,0.61675,101.27,,,1.2207,0.9064,,,,,,,,,,,1.2512,,,,,
2013-11-27,,1.10181,1.0593,0.61399,102.15,,,1.2276,0.9075,,,,,,,,,,,1.2546,,,,,
2013-11-28,,1.09866,1.058,0.61192,102.3,,,1.23198,0.9055,,,,,,,,,,,1.2551,,,,,
2013-11-29,,1.09806,1.061,0.61106,102.39,,,1.23213,0.906,,,,,,,,,,,1.2543,,,,,
2013-12-02,,1.09842,1.064,0.61143,102.93,,,1.2219,0.9085,,,,,,,,,,,1.2558,,,,,
2013-12-03,,1.09481,1.0648,0.61016,102.5,,,1.21345,0.9042,,,,,,,,,,,1.2523,,,,,
2013-12-04,,1.10766,1.0682,0.61043,102.34,,,1.22026,0.9022,,,,,,,,,,,1.2542,,,,,
2013-12-05,,1.10363,1.0651,0.61226,101.77,,,1.21684,0.8966,,,,,,,,,,,1.2531,,,,,
2013-12-06,,1.09866,1.0634,0.61177,102.9,,,1.20802,0.8919,,,,,,,,,,,1.2487,,,,,
2013-12-09,,1.09806,1.0625,0.60875,103.26,,,1.20773,0.8904,,,,,,,,,,,1.2491,,,,,
2013-12-10,,1.09337,1.0602,0.60816,102.85,,,1.20351,0.8874,,,,,,,,,,,1.2483,,,,,
2013-12-11,,1.10522,1.0588,0.61072,102.42,,,1.21124,0.8863,,,,,,,,,,,1.2513,,,,,
2013-12-12,,1.11907,1.0637,0.61166,103.35,,,1.21242,0.8892,,,,,,,,,,,1.2555,,,,,
2013-12-13,,1.11607,1.0581,0.61372,103.21,,,1.2108,0.8891,,,,,,,,,,,1.2542,,,,,
2013-12-16,,1.11782,1.0593,0.61369,102.98,,,1.21109,0.8872,,,,,,,,,,,1.2545,,,,,
2013-12-17,,1.1241,1.0605,0.61493,102.67,,,1.20948,0.8847,,,,,,,,,,,1.2569,,,,,
2013-12-18,,1.1288,1.0696,0.61013,104.27,,,1.21433,0.8937,,,,,,,,,,,1.2605,,,,,
2013-12-19,,1.1279,1.0663,0.6108,104.23,,,1.221,0.8976,,,,,,,,,,,1.2657,,,,,
2013-12-20,,1.12158,1.0632,0.61237,104.07,,,1.22115,0.8953,,,,,,,,,,,1.2659,,,,,
2013-12-23,,1.11945,1.0603,0.61143,104.11,,,1.21981,0.8937,,,,,,,,,,,1.2663,,,,,
2013-12-24,,1.12196,1.0631,0.61121,104.2,,,1.22384,0.8955,,,,,,,,,,,1.2673,,,,,
2013-12-25,,1.12108,1.0626,0.61199,104.36,,,1.22354,0.8953,,,,,,,,,,,1.2667,,,,,
2013-12-26,,1.12435,1.0644,0.60946,104.8,,,1.22489,0.8965,,,,,,,,,,,1.2689,,,,,
2013-12-27,,1.12778,1.0701,0.60687,105.16,,,1.22775,0.8912,,,,,,,,,,,1.2681,,,,,
2013-12-30,,1.12322,1.0647,0.60606,105.14,,,1.21921,0.8874,,,,,,,,,,,1.2672,,,,,
2013-12-31,,1.1217,1.062,0.60394,105.29,,,1.21728,0.8928,,,,,,,,,,,1.2616,,,,,
2014-01-01,,1.12575,1.064,0.60365,105.19,,,1.2204,0.8917,,,,,,,,,,,1.2627,,,,,
2014-01-02,,1.12246,1.0668,0.60787,104.79,,,1.22175,0.8988,,,,,,,,,,,1.2668,,,,,
2014-01-03,,1.11832,1.063,0.60913,104.81,,,1.20978,0.9048,,,,,,,,,,,1.2667,,,,,
2014-01-06,,1.11545,1.0653,0.60964,104.21,,,1.20642,0.9039,,,,,,,,,,,1.2676,,,,,
2014-01-07,,1.12032,1.0765,0.60976,104.58,,,1.20758,0.9087,,,,,,,,,,,1.2708,,,,,
2014-01-08,,1.12347,1.0824,0.60794,104.86,,,1.21021,0.9111,,,,,,,,,,,1.2735,,,,,
2014-01-09,,1.12385,1.0842,0.60687,104.81,,,1.21183,0.9069,,,,,,,,,,,1.2703,,,,,
2014-01-10,,1.11185,1.0896,0.60676,104.15,,,1.20496,0.9026,,,,,,,,,,,1.2633,,,,,
2014-01-13,,1.10473,1.0858,0.61028,102.99,,,1.19403,0.8988,,,,,,,,,,,1.2646,,,,,
2014-01-14,,1.11532,1.0944,0.60838,104.2,,,1.19346,0.9023,,,,,,,,,,,1.269,,,,,
2014-01-15,,1.12183,1.0934,0.61087,104.54,,,1.19962,0.9085,,,,,,,,,,,1.2727,,,,,
2014-01-16,,1.13366,1.0928,0.61147,104.32,,,1.19746,0.9048,,,,,,,,,,,1.271,,,,,
2014-01-17,,1.13882,1.0962,0.60913,104.3,,,1.21242,0.9098,,,,,,,,,,,1.2756,,,,,
2014-01-20,,1.13507,1.0944,0.60868,104.16,,,1.20135,0.9098,,,,,,,,,,,1.2761,,,,,
2014-01-21,,1.13559,1.0968,0.60691,104.29,,,1.20294,0.9099,,,,,,,,,,,1.2781,,,,,
2014-01-22,,1.12969,1.1087,0.60343,104.49,,,1.20395,0.9112,,,,,,,,,,,1.2785,,,,,
2014-01-23,,1.14064,1.11,0.60111,103.26,,,1.20467,0.8973,,,,,,,,,,,1.2782,,,,,
2014-01-24,,1.15154,1.1082,0.60665,102.27,,,1.21536,0.8941,,,,,,,,,,,1.2782,,,,,
2014-01-27,,1.14443,1.1114,0.60299,102.54,,,1.21521,0.8961,,,,,,,,,,,1.2756,,,,,
2014-01-28,,1.13934,1.1151,0.60317,102.92,,,1.21153,0.8972,,,,,,,,,,,1.2742,,,,,
2014-01-29,,1.14443,1.1171,0.60386,102.27,,,1.21773,0.8942,,,,,,,,,,,1.2769,,,,,
2014-01-30,,1.1374,1.1159,0.60669,102.71,,,1.22474,0.9026,,,,,,,,,,,1.2748,,,,,
2014-01-31,,1.14273,1.1129,0.60842,102.05,,,1.23778,0.9058,,,,,,,,,,,1.2763,,,,,
2014-02-03,,1.14247,1.1114,0.61323,100.95,,,1.23732,0.9006,,,,,,,,,,,1.2754,,,,,
2014-02-04,,1.1207,1.1081,0.61267,101.63,,,1.21359,0.9036,,,,,,,,,,,1.2684,,,,,
2014-02-05,,1.12246,1.1082,0.61316,101.45,,,1.21803,0.9035,,,,,,,,,,,1.2674,,,,,
2014-02-06,,1.11632,1.1068,0.61274,102.1,,,1.21286,0.9008,,,,,,,,,,,1.2682,,,,,
2014-02-07,,1.11669,1.1028,0.60942,102.36,,,1.20642,0.8976,,,,,,,,,,,1.2675,,,,,
2014-02-10,,1.11757,1.1057,0.60972,102.25,,,1.20992,0.8964,,,,,,,,,,,1.2704,,,,,
2014-02-11,,1.10668,1.1007,0.60801,102.62,,,1.20192,0.8982,,,,,,,,,,,1.267,,,,,
2014-02-12,,1.10791,1.1001,0.60259,102.51,,,1.20221,0.9005,,,,,,,,,,,1.2656,,,,,
2014-02-13,,1.11383,1.0976,0.60035,102.15,,,1.19904,0.8933,,,,,,,,,,,1.2649,,,,,
2014-02-14,,1.1073,1.0977,0.59719,101.77,,,1.19574,0.8923,,,,,,,,,,,1.259,,,,,
2014-02-17,,1.1073,1.0962,0.5983,101.89,,,1.19574,0.8914,,,,,,,,,,,1.2585,,,,,
2014-02-18,,1.10779,1.0949,0.59945,102.35,,,1.20496,0.8878,,,,,,,,,,,1.2609,,,,,
2014-02-19,,1.11111,1.1077,0.59959,102.3,,,1.2089,0.8885,,,,,,,,,,,1.2629,,,,,
2014-02-20,,1.11037,1.1099,0.60064,102.27,,,1.20467,0.8891,,,,,,,,,,,1.2634,,,,,
2014-02-21,,1.11433,1.1113,0.60187,102.49,,,1.20831,0.8876,,,,,,,,,,,1.2671,,,,,
2014-02-24,,1.10705,1.1057,0.60049,102.49,,,1.20091,0.8886,,,,,,,,,,,1.2626,,,,,
2014-02-25,,1.10877,1.1084,0.59952,102.23,,,1.20106,0.8867,,,,,,,,,,,1.2633,,,,,
2014-02-26,,1.11532,1.1126,0.59995,102.35,,,1.20308,0.8906,,,,,,,,,,,1.2664,,,,,
2014-02-27,,1.1157,1.112,0.59927,102.12,,,1.19517,0.8882,,,,,,,,,,,1.2637,,,,,
2014-02-28,,1.12057,1.1056,0.59737,101.77,,,1.19332,0.8793,,,,,,,,,,,1.2673,,,,,
2014-03-03,,1.11919,1.1074,0.6001,101.44,,,1.19503,0.883,,,,,,,,,,,1.2706,,,,,
2014-03-04,,1.11744,1.1092,0.60017,102.2,,,1.19204,0.887,,,,,,,,,,,1.2689,,,,,
2014-03-05,,1.11309,1.1028,0.59805,102.29,,,1.1885,0.887,,,,,,,,,,,1.27,,,,,
2014-03-06,,1.10023,1.0984,0.59737,103.06,,,1.17994,0.8803,,,,,,,,,,,1.2631,,,,,
2014-03-07,,1.10327,1.1081,0.59837,103.28,,,1.18106,0.8778,,,,,,,,,,,1.2679,,,,,
2014-03-10,,1.10865,1.1102,0.60078,103.28,,,1.18036,0.8776,,,,,,,,,,,1.2676,,,,,
2014-03-11,,1.11421,1.1104,0.60187,102.99,,,1.18078,0.8777,,,,,,,,,,,1.2672,,,,,
2014-03-12,,1.11235,1.112,0.60179,102.77,,,1.17399,0.874,,,,,,,,,,,1.2664,,,,,
2014-03-13,,1.10644,1.1067,0.60161,101.86,,,1.17027,0.8742,,,,,,,,,,,1.2667,,,,,
2014-03-14,,1.1073,1.1105,0.60082,101.35,,,1.17192,0.8723,,,,,,,,,,,1.2648,,,,,
2014-03-17,,1.10059,1.1056,0.60118,101.8,,,1.16782,0.8733,,,,,,,,,,,1.2651,,,,,
2014-03-18,,1.09577,1.1136,0.60274,101.36,,,1.16023,0.8731,,,,,,,,,,,1.2635,,,,,
2014-03-19,,1.10742,1.124,0.60496,102.39,,,1.17165,0.882,,,,,,,,,,,1.2732,,,,,
2014-03-20,,1.10668,1.1237,0.60577,102.41,,,1.17247,0.8834,,,,,,,,,,,1.2764,,,,,
2014-03-21,,1.10181,1.1224,0.60669,102.27,,,1.1722,0.8825,,,,,,,,,,,1.2738,,,,,
2014-03-24,,1.09577,1.1192,0.60624,102.23,,,1.17082,0.8808,,,,,,,,,,,1.2717,,,,,
2014-03-25,,1.09182,1.1168,0.605,102.27,,,1.16686,0.8827,,,,,,,,,,,1.2677,,,,,
2014-03-26,,1.08448,1.1101,0.60328,102.05,,,1.1632,0.8847,,,,,,,,,,,1.2667,,,,,
2014-03-27,,1.08003,1.1032,0.60234,102.22,,,1.1538,0.8865,,,,,,,,,,,1.2641,,,,,
2014-03-28,,1.08155,1.1059,0.60107,102.8,,,1.155,0.8869,,,,,,,,,,,1.2585,,,,,
2014-03-31,,1.07921,1.1051,0.60013,103.21,,,1.15314,0.8841,,,,,,,,,,,1.2576,,,,,
2014-04-01,,1.08272,1.1027,0.60132,103.69,,,1.16009,0.8835,,,,,,,,,,,1.2591,,,,,
2014-04-02,,1.08108,1.103,0.60154,103.86,,,1.16645,0.8866,,,,,,,,,,,1.2624,,,,,
2014-04-03,,1.08366,1.1036,0.60263,103.92,,,1.1711,0.891,,,,,,,,,,,1.2631,,,,,
2014-04-04,,1.07666,1.0981,0.60339,103.31,,,1.16252,0.8923,,,,,,,,,,,1.2587,,,,,
2014-04-07,,1.0791,1.097,0.60212,103.06,,,1.16198,0.8877,,,,,,,,,,,1.2587,,,,,
2014-04-08,,1.06895,1.0922,0.59709,101.86,,,1.1538,0.8837,,,,,,,,,,,1.2515,,,,,
2014-04-09,,1.06598,1.0879,0.59556,101.99,,,1.14797,0.8793,,,,,,,,,,,1.2463,,,,,
2014-04-10,,1.0627,1.0933,0.59584,101.45,,,1.1534,0.8762,,,,,,,,,,,1.2495,,,,,
2014-04-11,,1.06474,1.098,0.59776,101.59,,,1.15234,0.8759,,,,,,,,,,,1.2485,,,,,
2014-04-14,,1.06202,1.0964,0.59794,101.86,,,1.15207,0.8793,,,,,,,,,,,1.2533,,,,,
2014-04-15,,1.06849,1.098,0.59787,101.84,,,1.1566,0.8802,,,,,,,,,,,1.2525,,,,,
2014-04-16,,1.06746,1.1013,0.59538,102.22,,,1.15875,0.8816,,,,,,,,,,,1.2506,,,,,
2014-04-17,,1.07193,1.1008,0.59552,102.4,,,1.16686,0.8829,,,,,,,,,,,1.2524,,,,,
2014-04-18,,1.07204,1.1022,0.59566,102.42,,,1.16618,0.8831,,,,,,,,,,,1.2522,,,,,
2014-04-21,,1.07273,1.1012,0.59549,102.6,,,1.16673,0.8848,,,,,,,,,,,1.2524,,,,,
2014-04-22,,1.06792,1.1026,0.59442,102.59,,,1.16198,0.8848,,,,,,,,,,,1.2557,,,,,
2014-04-23,,1.07677,1.1031,0.59602,102.54,,,1.16009,0.8832,,,,,,,,,,,1.2555,,,,,
2014-04-24,,1.07968,1.1023,0.5952,102.27,,,1.16754,0.8816,,,,,,,,,,,1.2572,,,,,
2014-04-25,,1.07782,1.1039,0.59542,102.18,,,1.16686,0.8809,,,,,,,,,,,1.2565,,,,,
2014-04-28,,1.08003,1.1027,0.59499,102.48,,,1.17151,0.88,,,,,,,,,,,1.2563,,,,,
2014-04-29,,1.0791,1.0943,0.59435,102.62,,,1.17,0.8836,,,,,,,,,,,1.2557,,,,,
2014-04-30,,1.07724,1.096,0.59266,102.22,,,1.1609,0.88,,,,,,,,,,,1.2532,,,,,
2014-05-01,,1.07956,1.0958,0.59217,102.32,,,1.15915,0.8792,,,,,,,,,,,1.2531,,,,,
2014-05-02,,1.07805,1.0971,0.59266,102.16,,,1.15447,0.8778,,,,,,,,,,,1.2529,,,,,
2014-05-05,,1.07782,1.0951,0.59287,102.14,,,1.15194,0.8776,,,,,,,,,,,1.2503,,,,,
2014-05-06,,1.07066,1.0895,0.58924,101.73,,,1.14863,0.8742,,,,,,,,,,,1.2474,,,,,
2014-05-07,,1.07216,1.0896,0.58983,101.86,,,1.15553,0.8762,,,,,,,,,,,1.2495,,,,,
2014-05-08,,1.06746,1.0831,0.59063,101.65,,,1.15714,0.8801,,,,,,,,,,,1.2474,,,,,
2014-05-09,,1.06838,1.0899,0.5933,101.86,,,1.16077,0.8864,,,,,,,,,,,1.2485,,,,,
2014-05-12,,1.06815,1.0894,0.59284,102.14,,,1.16036,0.8877,,,,,,,,,,,1.2498,,,,,
2014-05-13,,1.0686,1.0906,0.59435,102.25,,,1.15781,0.8899,,,,,,,,,,,1.2514,,,,,
2014-05-14,,1.06655,1.0886,0.59648,101.84,,,1.15393,0.8897,,,,,,,,,,,1.2505,,,,,
2014-05-15,,1.0686,1.0878,0.59563,101.57,,,1.15687,0.8908,,,,,,,,,,,1.2518,,,,,
2014-05-16,,1.06849,1.0857,0.59471,101.52,,,1.15955,0.8915,,,,,,,,,,,1.2505,,,,,
2014-05-19,,1.0725,1.0871,0.59478,101.47,,,1.15942,0.8922,,,,,,,,,,,1.2502,,,,,
2014-05-20,,1.08225,1.0906,0.59393,101.31,,,1.16673,0.892,,,,,,,,,,,1.2525,,,,,
2014-05-21,,1.08155,1.0914,0.59179,101.43,,,1.16673,0.8932,,,,,,,,,,,1.2506,,,,,
2014-05-22,,1.08425,1.0891,0.59287,101.75,,,1.16822,0.894,,,,,,,,,,,1.2511,,,,,
2014-05-23,,1.08342,1.086,0.59418,101.95,,,1.1711,0.8956,,,,,,,,,,,1.2527,,,,,
2014-05-26,,1.08225,1.0859,0.59386,101.93,,,1.17041,0.8948,,,,,,,,,,,1.2525,,,,,
2014-05-27,,1.08003,1.0856,0.59492,102.01,,,1.16782,0.8968,,,,,,,,,,,1.2562,,,,,
2014-05-28,,1.08307,1.0872,0.59837,101.81,,,1.17702,0.8983,,,,,,,,,,,1.2553,,,,,
2014-05-29,,1.07469,1.0836,0.59823,101.7,,,1.17786,0.8977,,,,,,,,,,,1.2544,,,,,
2014-05-30,,1.07446,1.0844,0.59723,101.77,,,1.17716,0.8942,,,,,,,,,,,1.254,,,,,
2014-06-02,,1.08213,1.0898,0.59716,102.37,,,1.18343,0.8985,,,,,,,,,,,1.2566,,,,,
2014-06-03,,1.0791,1.0906,0.59709,102.52,,,1.18582,0.8961,,,,,,,,,,,1.2565,,,,,
2014-06-04,,1.07794,1.094,0.59751,102.73,,,1.18765,0.897,,,,,,,,,,,1.2575,,,,,
2014-06-05,,1.07124,1.0923,0.59478,102.41,,,1.1773,0.8913,,,,,,,,,,,1.252,,,,,
2014-06-06,,1.0717,1.093,0.59542,102.5,,,1.17675,0.8934,,,,,,,,,,,1.2509,,,,,
2014-06-09,,1.06952,1.0903,0.59517,102.54,,,1.17744,0.897,,,,,,,,,,,1.2497,,,,,
2014-06-10,,1.06724,1.0903,0.59687,102.34,,,1.17316,0.8992,,,,,,,,,,,1.2494,,,,,
2014-06-11,,1.06542,1.0866,0.59559,101.98,,,1.16117,0.8996,,,,,,,,,,,1.2499,,,,,
2014-06-12,,1.06123,1.0854,0.59091,101.74,,,1.15141,0.8981,,,,,,,,,,,1.248,,,,,
2014-06-13,,1.06372,1.0855,0.58959,102.04,,,1.1546,0.9,,,,,,,,,,,1.2503,,,,,
2014-06-16,,1.06394,1.0839,0.589,101.82,,,1.15247,0.8971,,,,,,,,,,,1.2506,,,,,
2014-06-17,,1.07124,1.0857,0.58955,102.16,,,1.15553,0.8993,,,,,,,,,,,1.2536,,,,,
2014-06-18,,1.06406,1.0837,0.58855,101.93,,,1.146,0.8961,,,,,,,,,,,1.2484,,,,,
2014-06-19,,1.06428,1.0819,0.58692,101.93,,,1.14811,0.8941,,,,,,,,,,,1.2493,,,,,
2014-06-20,,1.06553,1.0757,0.58789,102.06,,,1.14995,0.894,,,,,,,,,,,1.2479,,,,,
2014-06-23,,1.06112,1.0729,0.5873,101.9,,,1.14679,0.8941,,,,,,,,,,,1.2484,,,,,
2014-06-24,,1.06769,1.0744,0.58882,101.95,,,1.1534,0.8939,,,,,,,,,,,1.2488,,,,,
2014-06-25,,1.06394,1.072,0.58889,101.83,,,1.14561,0.8927,,,,,,,,,,,1.2495,,,,,
2014-06-26,,1.06259,1.0692,0.58741,101.67,,,1.1396,0.8935,,,,,,,,,,,1.2492,,,,,
2014-06-27,,1.06112,1.0662,0.58703,101.36,,,1.1396,0.8905,,,,,,,,,,,1.2492,,,,,
2014-06-30,,1.06045,1.0668,0.58449,101.3,,,1.14168,0.8865,,,,,,,,,,,1.2469,,,,,
2014-07-01,,1.05341,1.0632,0.58316,101.55,,,1.14025,0.8873,,,,,,,,,,,1.2457,,,,,
2014-07-02,,1.0591,1.0667,0.58265,101.77,,,1.14012,0.8889,,,,,,,,,,,1.2475,,,,,
2014-07-03,,1.07032,1.064,0.58309,102.19,,,1.14325,0.8931,,,,,,,,,,,1.2469,,,,,
2014-07-04,,1.06781,1.0652,0.58282,102.07,,,1.14469,0.8942,,,,,,,,,,,1.2454,,,,,
2014-07-07,,1.06746,1.0681,0.58374,101.87,,,1.14273,0.8934,,,,,,,,,,,1.2463,,,,,
2014-07-08,,1.06406,1.0677,0.58377,101.53,,,1.13856,0.8929,,,,,,,,,,,1.2432,,,,,
2014-07-09,,1.06304,1.0653,0.58289,101.62,,,1.13417,0.891,,,,,,,,,,,1.2414,,,,,
2014-07-10,,1.06496,1.0652,0.5837,101.31,,,1.13443,0.8925,,,,,,,,,,,1.2411,,,,,
2014-07-11,,1.06508,1.0732,0.58432,101.24,,,1.13533,0.892,,,,,,,,,,,1.2401,,,,,
2014-07-14,,1.06474,1.0711,0.58538,101.54,,,1.13598,0.8917,,,,,,,,,,,1.241,,,,,
2014-07-15,,1.06746,1.0755,0.5834,101.68,,,1.14129,0.8956,,,,,,,,,,,1.2435,,,,,
2014-07-16,,1.06838,1.0744,0.58357,101.66,,,1.14797,0.8982,,,,,,,,,,,1.242,,,,,
2014-07-17,,1.06998,1.0759,0.58479,101.15,,,1.15407,0.8975,,,,,,,,,,,1.2435,,,,,
2014-07-18,,1.06485,1.0733,0.58538,101.32,,,1.15101,0.8983,,,,,,,,,,,1.241,,,,,
2014-07-21,,1.06701,1.0738,0.58572,101.41,,,1.15115,0.898,,,,,,,,,,,1.2393,,,,,
2014-07-22,,1.06451,1.0737,0.58603,101.47,,,1.15354,0.9023,,,,,,,,,,,1.2398,,,,,
2014-07-23,,1.0591,1.0726,0.58689,101.54,,,1.16023,0.9022,,,,,,,,,,,1.237,,,,,
2014-07-24,,1.06225,1.0744,0.58869,101.8,,,1.16754,0.9025,,,,,,,,,,,1.2412,,,,,
2014-07-25,,1.0644,1.0815,0.58917,101.82,,,1.16973,0.9048,,,,,,,,,,,1.2416,,,,,
2014-07-28,,1.06338,1.0798,0.58882,101.83,,,1.16986,0.9039,,,,,,,,,,,1.2411,,,,,
2014-07-29,,1.06587,1.0849,0.59021,102.11,,,1.17564,0.9069,,,,,,,,,,,1.2424,,,,,
2014-07-30,,1.07227,1.0902,0.5913,102.81,,,1.17841,0.9086,,,,,,,,,,,1.2437,,,,,
2014-07-31,,1.07596,1.0905,0.59228,102.8,,,1.17661,0.9088,,,,,,,,,,,1.2473,,,,,
2014-08-01,,1.07435,1.0915,0.5946,102.57,,,1.17426,0.9055,,,,,,,,,,,1.2465,,,,,
2014-08-04,,1.07147,1.0905,0.59315,102.55,,,1.17302,0.9067,,,,,,,,,,,1.2459,,,,,
2014-08-05,,1.07481,1.096,0.59235,102.61,,,1.18147,0.9093,,,,,,,,,,,1.2477,,,,,
2014-08-06,,1.06975,1.0917,0.59347,102.12,,,1.18036,0.9074,,,,,,,,,,,1.2478,,,,,
2014-08-07,,1.07898,1.0927,0.59411,102.1,,,1.18134,0.9088,,,,,,,,,,,1.252,,,,,
2014-08-08,,1.07863,1.0972,0.59627,102.0,,,1.18203,0.9053,,,,,,,,,,,1.2513,,,,,
2014-08-11,,1.07945,1.0924,0.5957,102.18,,,1.18245,0.9065,,,,,,,,,,,1.25,,,,,
2014-08-12,,1.07945,1.0925,0.59492,102.25,,,1.1861,0.9074,,,,,,,,,,,1.2503,,,,,
2014-08-13,,1.07504,1.0915,0.5992,102.42,,,1.18231,0.9075,,,,,,,,,,,1.2496,,,,,
2014-08-14,,1.07365,1.0902,0.59941,102.47,,,1.17813,0.9065,,,,,,,,,,,1.2459,,,,,
2014-08-15,,1.07342,1.0894,0.59923,102.36,,,1.17897,0.902,,,,,,,,,,,1.2448,,,,,
2014-08-18,,1.07262,1.0888,0.59791,102.57,,,1.17952,0.9066,,,,,,,,,,,1.2444,,,,,
2014-08-19,,1.07562,1.0941,0.60187,102.92,,,1.18751,0.9093,,,,,,,,,,,1.2477,,,,,
2014-08-20,,1.07712,1.0969,0.60266,103.69,,,1.19517,0.9135,,,,,,,,,,,1.2501,,,,,
2014-08-21,,1.07481,1.094,0.60317,103.82,,,1.18963,0.9113,,,,,,,,,,,1.2493,,,,,
2014-08-22,,1.07365,1.0942,0.60368,103.92,,,1.18948,0.9137,,,,,,,,,,,1.2485,,,,,
2014-08-25,,1.07562,1.0984,0.6035,104.04,,,1.1989,0.9155,,,,,,,,,,,1.25,,,,,
2014-08-26,,1.07446,1.0953,0.60456,104.1,,,1.20019,0.9174,,,,,,,,,,,1.2495,,,,,
2014-08-27,,1.07147,1.0865,0.60339,103.87,,,1.19417,0.9147,,,,,,,,,,,1.2474,,,,,
2014-08-28,,1.06872,1.0858,0.60284,103.7,,,1.19318,0.9147,,,,,,,,,,,1.2494,,,,,
2014-08-29,,1.07078,1.0877,0.60255,104.07,,,1.19617,0.918,,,,,,,,,,,1.2483,,,,,
2014-09-01,,1.07158,1.0876,0.60212,104.32,,,1.19346,0.9196,,,,,,,,,,,1.2494,,,,,
2014-09-02,,1.07805,1.0929,0.6072,105.09,,,1.20207,0.9191,,,,,,,,,,,1.2535,,,,,
2014-09-03,,1.07044,1.0888,0.6075,104.85,,,1.20135,0.9177,,,,,,,,,,,1.2514,,,,,
2014-09-04,,1.07044,1.0875,0.61289,105.29,,,1.20496,0.9325,,,,,,,,,,,1.2556,,,,,
2014-09-05,,1.06644,1.0878,0.61263,105.06,,,1.20106,0.9309,,,,,,,,,,,1.2527,,,,,
2014-09-08,,1.0777,1.0979,0.62143,105.97,,,1.20788,0.9352,,,,,,,,,,,1.2593,,,,,
2014-09-09,,1.08648,1.098,0.62096,106.18,,,1.21271,0.9326,,,,,,,,,,,1.2623,,,,,
2014-09-10,,1.09218,1.0946,0.61725,106.84,,,1.21966,0.9367,,,,,,,,,,,1.2635,,,,,
2014-09-11,,1.09806,1.1037,0.61452,107.0,,,1.22175,0.9355,,,,,,,,,,,1.2631,,,,,
2014-09-12,,1.10644,1.109,0.61486,107.32,,,1.22805,0.9332,,,,,,,,,,,1.2625,,,,,
2014-09-15,,1.10717,1.1054,0.61626,107.19,,,1.22324,0.9353,,,,,,,,,,,1.2635,,,,,
2014-09-16,,1.10072,1.097,0.61463,107.14,,,1.22055,0.9325,,,,,,,,,,,1.2609,,,,,
2014-09-17,,1.11669,1.1017,0.61512,108.47,,,1.23564,0.9423,,,,,,,,,,,1.268,,,,,
2014-09-18,,1.11297,1.0936,0.60835,108.76,,,1.22489,0.9341,,,,,,,,,,,1.2665,,,,,
2014-09-19,,1.12057,1.0963,0.61406,109.01,,,1.23047,0.9407,,,,,,,,,,,1.266,,,,,
2014-09-22,,1.12727,1.1038,0.61121,108.81,,,1.23274,0.94,,,,,,,,,,,1.2701,,,,,
2014-09-23,,1.13045,1.1075,0.61013,108.86,,,1.23977,0.9397,,,,,,,,,,,1.2687,,,,,
2014-09-24,,1.12613,1.106,0.61215,109.07,,,1.23839,0.9457,,,,,,,,,,,1.2669,,,,,
2014-09-25,,1.13753,1.1113,0.61286,108.74,,,1.2604,0.9467,,,,,,,,,,,1.2702,,,,,
2014-09-26,,1.14129,1.1152,0.61565,109.27,,,1.2721,0.9512,,,,,,,,,,,1.2742,,,,,
2014-09-29,,1.14705,1.116,0.61573,109.45,,,1.28766,0.9512,,,,,,,,,,,1.2735,,,,,
2014-09-30,,1.14338,1.1197,0.61675,109.6,,,1.27992,0.955,,,,,,,,,,,1.2757,,,,,
2014-10-01,,1.14521,1.1162,0.61797,108.97,,,1.28502,0.9564,,,,,,,,,,,1.2719,,,,,
2014-10-02,,1.13662,1.1156,0.61923,108.38,,,1.2655,0.9536,,,,,,,,,,,1.2722,,,,,
2014-10-03,,1.15287,1.1243,0.62645,109.76,,,1.28833,0.9671,,,,,,,,,,,1.2814,,,,,
2014-10-06,,1.14181,1.1137,0.62189,108.73,,,1.27665,0.9583,,,,,,,,,,,1.2753,,,,,
2014-10-07,,1.13572,1.1161,0.62127,108.14,,,1.27828,0.9568,,,,,,,,,,,1.2746,,,,,
2014-10-08,,1.13237,1.1109,0.61885,108.13,,,1.26646,0.9521,,,,,,,,,,,1.2734,,,,,
2014-10-09,,1.14012,1.1181,0.62039,107.8,,,1.27194,0.9543,,,,,,,,,,,1.2717,,,,,
2014-10-10,,1.15194,1.1199,0.62228,107.63,,,1.27959,0.9571,,,,,,,,,,,1.276,,,,,
2014-10-13,,1.14181,1.1191,0.6222,106.97,,,1.26823,0.9487,,,,,,,,,,,1.2715,,,,,
2014-10-14,,1.14692,1.1293,0.62881,107.13,,,1.27584,0.9538,,,,,,,,,,,1.2742,,,,,
2014-10-15,,1.13507,1.1266,0.62484,106.05,,,1.25392,0.9419,,,,,,,,,,,1.2725,,,,,
2014-10-16,,1.14312,1.1264,0.62228,106.28,,,1.26008,0.943,,,,,,,,,,,1.2731,,,,,
2014-10-17,,1.14377,1.1275,0.62147,106.87,,,1.26279,0.945,,,,,,,,,,,1.2745,,,,,
2014-10-20,,1.13895,1.1288,0.61881,106.96,,,1.25534,0.9432,,,,,,,,,,,1.2696,,,,,
2014-10-21,,1.13908,1.1225,0.62046,107.08,,,1.2566,0.9493,,,,,,,,,,,1.2713,,,,,
2014-10-22,,1.14129,1.124,0.62344,107.2,,,1.27065,0.9539,,,,,,,,,,,1.2734,,,,,
2014-10-23,,1.14168,1.1231,0.62387,108.3,,,1.27959,0.9541,,,,,,,,,,,1.2768,,,,,
2014-10-24,,1.13817,1.123,0.6217,108.1,,,1.2734,0.9518,,,,,,,,,,,1.2745,,,,,
2014-10-27,,1.13624,1.125,0.62054,107.84,,,1.26759,0.9495,,,,,,,,,,,1.2741,,,,,
2014-10-28,,1.12982,1.1168,0.61992,108.14,,,1.26263,0.9471,,,,,,,,,,,1.2719,,,,,
2014-10-29,,1.1374,1.1185,0.62453,108.84,,,1.2809,0.9545,,,,,,,,,,,1.2777,,,,,
2014-10-30,,1.13122,1.1185,0.62492,109.25,,,1.27453,0.9559,,,,,,,,,,,1.2772,,,,,
2014-10-31,,1.13714,1.1265,0.62539,112.3,,,1.28403,0.9624,,,,,,,,,,,1.2855,,,,,
2014-11-03,,1.15207,1.1357,0.62617,114.04,,,1.2955,0.9656,,,,,,,,,,,1.2908,,,,,
2014-11-04,,1.14456,1.1408,0.62492,113.6,,,1.28057,0.9598,,,,,,,,,,,1.2885,,,,,
2014-11-05,,1.16387,1.1385,0.62602,114.64,,,1.29333,0.9639,,,,,,,,,,,1.293,,,,,
2014-11-06,,1.16836,1.1423,0.63167,115.2,,,1.30073,0.9731,,,,,,,,,,,1.2954,,,,,
2014-11-07,0.8025,1.15835,1.1327,0.6302,114.53,7.3877,6.7999,1.28982,0.9657,13.5493,586.25,2.559,2099.0,2.927,1086.0,12135.0,61.4,32.78,44.98,1.2883,3.3992,248.58,22.228,11.255,2.2669
2014-11-08,,,,,,,,1.29016,,,,,,,,,,,,,,,,,
2014-11-09,,1.15719,,0.62968,,,,1.28788,,,,,,,,,,,,,,,,,
2014-11-10,0.8046,1.16003,1.13737,0.63111,114.827,7.4278,6.80983,1.29066,0.96795,13.6096,587.09998,2.5525,2094.0,2.927,1089.69995,12150.0,61.495,32.78,44.88,1.28975,3.3966,247.0,22.192,11.2618,2.2583
2014-11-11,0.8015,1.15072,1.134,0.6283,115.826,7.38693,6.7961,1.28074,0.9643,13.6007,590.54999,2.5645,2108.0,2.928,1094.90002,12200.0,61.508,32.84,44.9,1.2922,3.3801,246.39999,22.121,11.223,2.2553
2014-11-12,0.8044,1.14821,1.13213,0.6343,115.59,7.43498,6.81047,1.2717,0.9672,13.5533,593.96997,2.5667,2115.0,2.935,1092.0,12197.0,61.391,32.82,44.85,1.2894,3.3925,246.28,22.2175,11.2035,2.2505
2014-11-13,0.8013,1.14824,1.13728,0.63675,115.755,7.43105,6.79002,1.27117,0.96358,13.5975,595.23999,2.5943,2129.0,2.9345,1091.65002,12200.0,61.565,32.77,44.84,1.29162,3.3951,244.88,22.1365,11.2167,2.2424
2014-11-14,0.7982,1.14358,1.1286,0.63837,116.264,7.382,6.7448,1.26502,0.9589,13.514,593.20001,2.6025,2158.0,2.935,1103.40002,12210.0,61.83,32.87,45.02,1.29625,3.3855,246.2,22.157,11.0725,2.242
2014-11-15,,,,0.63824,,,,1.26454,,,,,,,,,,,,,,,,,
2014-11-16,,1.14214,,0.63837,,,,1.26029,,,,,,,,,,,,,,,,,
2014-11-17,0.8029,1.14966,1.12979,0.63962,116.661,7.43585,6.7846,1.26323,0.96486,13.5849,595.84998,2.5965,2157.0,2.931,1100.98999,12202.0,61.771,32.77,44.94,1.29803,3.389,246.09,22.2155,11.1133,2.2304
2014-11-18,0.7977,1.14725,1.1303,0.64015,116.91,7.37605,6.73287,1.26294,0.9585,13.5633,597.15997,2.5973,2149.80005,2.928,1096.25,12145.0,61.715,32.74,44.97,1.29746,3.363,243.87,22.1005,11.0234,2.2204
2014-11-19,0.7968,1.16283,1.13436,0.63777,118.165,7.3919,6.7928,1.27514,0.95748,13.6234,600.72998,2.5835,2150.0,2.929,1108.19995,12145.0,61.938,32.75,45.12,1.30955,3.3624,243.14,22.0495,11.05,2.2313
2014-11-20,0.7971,1.16052,1.13093,0.63723,118.257,7.3926,6.7647,1.27194,0.9584,13.6508,599.59998,2.572,2160.0,2.925,1112.15002,12170.0,61.923,32.78,44.98,1.29973,3.3579,242.71001,22.0445,10.9553,2.2204
2014-11-21,0.807,1.15367,1.1229,0.63874,117.83,7.4651,6.8016,1.26871,0.96971,13.6308,593.90002,2.5149,2140.0,2.921,1110.93994,12145.0,61.68,32.69,44.9,1.29895,3.3871,245.17,22.322,10.9405,2.2206
2014-11-22,,,,,,,,1.26887,,,,,,,,,,,,,,,,,
2014-11-23,,1.15397,,0.63907,,,,1.26912,,,,,,,,,,,,,,,,,
2014-11-24,0.8036,1.16112,1.1283,0.63682,118.31,7.4441,6.7964,1.2721,0.96672,13.6552,595.62,2.5475,2149.5,2.911,1116.0,12148.0,61.853,32.82,44.97,1.30274,3.373,245.63,22.158,11.0124,2.2292
2014-11-25,0.8014,1.172,1.12572,0.63667,117.903,7.4246,6.7973,1.28084,0.96415,13.6745,598.77002,2.525,2168.0,2.917,1110.84998,12159.0,61.84,32.8,44.94,1.30009,3.3457,245.3,22.0935,10.9557,2.2188
2014-11-26,0.7993,1.17117,1.12504,0.63316,117.595,7.3974,6.8277,1.27076,0.96114,13.7174,598.76001,2.4995,2164.0,2.914,1106.34998,12170.0,61.788,32.74,44.95,1.29763,3.3403,245.44,22.0426,10.9492,2.2096
2014-11-27,0.8022,1.17349,1.13407,0.63612,117.88,7.4351,6.92322,1.2732,0.96471,13.7601,600.71002,2.5301,2162.19995,2.914,1101.0,12157.0,61.853,32.77,44.94,1.29889,3.3524,246.35001,22.1475,10.9656,2.206
2014-11-28,0.8028,1.17613,1.1413,0.6391,118.63,7.4461,7.0275,1.27567,0.964,13.92,607.94,2.5661,2216.5,2.918,1109.69995,12199.0,62.23,32.83,44.91,1.30275,3.3475,245.39999,22.157,11.013,2.2198
2014-11-29,,,,,,,,1.27584,,,,,,,,,,,,,,,,,
2014-11-30,,1.17983,,0.6397,,,,1.27954,,,,,,,,,,,,,,,,,
2014-12-01,0.8015,1.17752,1.1319,0.63558,118.261,7.4334,6.93824,1.27097,0.96442,13.9803,611.92999,2.552,2267.5,2.9225,1107.09998,12270.0,61.948,32.76,44.79,1.3047,3.3469,245.47,22.1055,10.9932,2.2136
2014-12-02,0.8073,1.18401,1.14071,0.63954,119.21,7.5227,7.0277,1.28307,0.97214,14.1021,614.02002,2.5733,2298.0,2.939,1115.0,12267.0,61.788,32.85,44.77,1.31112,3.3598,247.95,22.2887,11.1189,2.2297
2014-12-03,0.8123,1.19235,1.13716,0.63766,119.829,7.524,7.03212,1.29137,0.97776,14.0963,609.03998,2.5553,2292.0,2.9412,1113.5,12297.0,61.856,32.84,44.58,1.31229,3.3728,249.34,22.4161,11.2105,2.2384
2014-12-04,0.8076,1.19345,1.1387,0.63812,119.814,7.4933,7.05833,1.28578,0.97124,14.1528,609.41998,2.5833,2292.0,2.9412,1114.69995,12305.0,61.62,32.87,44.55,1.3113,3.3574,247.72,22.2935,11.1989,2.2333
2014-12-05,0.8136,1.20308,1.1432,0.64177,121.41,7.5491,7.1379,1.29692,0.97906,14.3475,612.29999,2.5893,2318.19995,2.951,1121.39001,12295.0,61.97,33.0,44.65,1.32195,3.3805,249.38,22.455,11.33,2.2601
2014-12-06,,1.20308,,,,,,1.29735,,,,,,,,,,,,,,,,,
2014-12-07,,1.2055,,0.64252,,,,1.30215,,,,,,,,,,,,,,,,,
2014-12-08,0.8117,1.20504,1.14787,0.6389,120.538,7.5429,7.1582,1.30535,0.97599,14.3757,611.09998,2.612,2323.0,2.9555,1113.5,12347.0,61.82,33.0,44.66,1.31892,3.3766,248.42999,22.416,11.53,2.2674
2014-12-09,0.8077,1.20624,1.14414,0.63814,119.543,7.5263,7.11753,1.30337,0.97092,14.4045,613.70001,2.5903,2352.0,2.964,1104.75,12327.0,61.873,32.9,44.49,1.31577,3.3574,247.14,22.2905,11.4347,2.2647
2014-12-10,0.8031,1.2024,1.14771,0.63631,117.938,7.5285,7.15976,1.28266,0.96667,14.5524,615.59998,2.617,2367.0,2.956,1104.19995,12335.0,62.108,32.76,44.55,1.31118,3.3546,246.46001,22.1775,11.5343,2.2648
2014-12-11,0.8058,1.21005,1.15215,0.6358,118.835,7.51504,7.2944,1.27998,0.96807,14.7721,617.02002,2.6463,2407.0,2.969,1100.30005,12347.0,62.473,32.81,44.45,1.31286,3.3638,248.05,22.253,11.6184,2.2777
2014-12-12,0.802,1.2133,1.1581,0.63633,118.8,7.5549,7.3607,1.28617,0.9633,14.7595,618.37,2.6555,2405.0,2.963,1100.0,12455.0,62.6,32.8,44.5,1.3127,3.3525,247.75,22.12,11.5775,2.2984
2014-12-13,,1.21345,,0.63633,,,,1.28651,,,,,,,,,,,,,,,,,
2014-12-14,,1.21205,,0.63589,,,,1.28571,,,,,,,,,,,,,,,,,
2014-12-15,0.8035,1.218,1.16562,0.63923,117.831,7.63208,7.44913,1.29171,0.96486,14.7,619.08002,2.6952,2398.0,2.9625,1100.0,12695.0,63.168,32.95,44.68,1.31145,3.3601,248.12,22.142,11.7003,2.3578
2014-12-16,0.799,1.2169,1.16266,0.63505,116.499,7.60125,7.44061,1.2856,0.95983,14.7371,620.33002,2.753,2454.0,2.97,1080.05005,12695.0,63.653,32.99,44.81,1.302,3.3679,249.34,22.029,11.6434,2.359
2014-12-17,0.8107,1.22982,1.16439,0.64234,118.869,7.66889,7.41051,1.29941,0.97377,14.5709,616.20001,2.715,2425.0,2.967,1093.19995,12655.0,63.518,32.92,44.76,1.31151,3.4311,254.47,22.3575,11.6336,2.3363
2014-12-18,0.8135,1.2235,1.15825,0.63825,118.938,7.68564,7.38423,1.28642,0.97972,14.5382,613.98999,2.6575,2318.3999,2.944,1096.5,12560.0,62.983,32.86,44.72,1.31386,3.4588,255.92,22.4468,11.5491,2.3208
2014-12-19,0.8175,1.22844,1.1597,0.63988,119.49,7.7324,7.3556,1.29121,0.98415,14.6212,610.79999,2.656,2300.0,2.935,1097.05005,12475.0,63.255,32.85,44.7,1.31617,3.4765,257.0,22.595,11.5643,2.3125
2014-12-20,,,,0.63992,,,,1.29199,,,,,,,,,,,,,,,,,
2014-12-21,,1.22897,,0.64,,,,1.29212,,,,,,,,,,,,,,,,,
2014-12-22,0.8175,1.23136,1.16347,0.6417,120.063,7.79152,7.42708,1.29492,0.98398,14.666,608.34998,2.6619,2310.0,2.9685,1096.0,12438.0,63.223,32.86,44.59,1.31855,3.4848,256.41,22.5505,11.5598,2.3133
2014-12-23,0.8213,1.23361,1.1625,0.64453,120.735,7.79812,7.4299,1.29725,0.98786,14.7395,609.95001,2.7065,2340.0,2.96,1101.0,12445.0,63.433,32.9,44.67,1.3251,3.5302,259.54001,22.7415,11.6382,2.3203
2014-12-24,0.8191,1.23251,1.16208,0.64286,120.342,7.7741,7.44082,1.295,0.98528,14.698,608.25,2.6955,2350.0,2.9795,1103.5,12465.0,63.515,32.86,44.62,1.32263,3.56,259.44,22.6885,11.635,2.3132
2014-12-25,0.8181,1.23192,1.16165,0.6426,120.246,7.767,7.42652,1.29304,0.98364,14.7233,608.20001,2.6955,2350.0,2.9795,1103.5,12465.0,63.513,32.88,44.63,1.32199,3.5612,258.98001,22.6606,11.619,2.3181
2014-12-26,0.8208,1.23183,1.1626,0.64276,120.49,7.8516,7.4645,1.28876,0.98711,14.744,607.0,2.668,2350.0,2.9795,1103.5,12465.0,63.515,32.88,44.62,1.32325,3.5902,259.91,22.787,11.6575,2.3168
2014-12-27,,1.23244,,0.6428,,,,1.28899,,,,,,,,,,,,,,,,,
2014-12-30,0.8223,1.22237,1.16103,0.64268,119.433,7.73467,7.43286,1.27747,0.98881,14.723,607.0,2.6557,2391.0,2.9855,1097.90002,12445.0,63.378,32.84,44.74,1.32083,3.5163,258.76001,22.7727,11.5595,2.3243
2014-12-31,0.8262,1.22479,1.16146,0.64206,119.66,7.8217,7.4669,1.28348,0.9939,14.736,606.40002,2.6575,2391.0,2.9855,1091.0,12380.0,63.028,32.87,44.77,1.32475,3.5305,258.04999,22.824,11.556,2.3325
2015-01-01,0.8261,1.22393,1.16075,0.64186,119.823,7.79188,7.44508,1.28271,0.99358,14.7288,606.20001,2.6575,2391.0,2.9855,1091.0,12380.0,63.028,32.87,44.77,1.32215,3.54,260.67999,22.867,11.546,2.3291
2015-01-02,0.8333,1.2364,1.1782,0.65249,120.49,7.9185,7.5822,1.29803,1.0015,14.839,613.13,2.702,2394.0,2.967,1104.55005,12535.0,63.27,32.94,44.85,1.33045,3.577,265.01999,22.99,11.7055,2.3446
2015-01-03,,1.2367,,0.65253,,,,1.29921,,,,,,,,,,,,,,,,,
2015-01-04,,1.23873,,0.65497,,,,1.30417,,,,,,,,,,,,,,,,,
2015-01-05,0.8378,1.23697,1.176,0.65567,119.286,7.93299,7.63237,1.30149,1.00681,14.9373,617.27002,2.7064,2429.0,2.982,1109.19995,12625.0,63.338,32.95,45.02,1.33431,3.5928,266.14001,23.2012,11.698,2.3297
2015-01-06,0.8421,1.23882,1.18403,0.66055,118.588,7.92507,7.73755,1.29069,1.01156,14.8882,616.0,2.7001,2458.0,2.983,1098.0,12655.0,63.568,32.85,45.0,1.33408,3.637,269.01999,23.2785,11.7157,2.3232
2015-01-07,0.8448,1.2383,1.18168,0.66209,119.322,7.9706,7.6976,1.28607,1.01477,14.7067,613.59998,2.6979,2432.0,2.987,1099.0,12737.0,63.273,32.87,45.2,1.33852,3.6275,268.48001,23.527,11.6744,2.3202
2015-01-08,0.8479,1.23271,1.18374,0.66313,119.724,8.0293,7.62163,1.28154,1.0186,14.6629,612.58002,2.672,2413.0,2.992,1096.40002,12675.0,62.668,32.85,44.95,1.33693,3.6309,267.70001,23.6261,11.5768,2.2975
2015-01-09,0.844,1.21936,1.1866,0.65973,118.52,8.0538,7.6616,1.276,1.0135,14.5697,613.98999,2.6298,2416.30005,2.984,1090.69995,12650.0,62.11,32.84,44.88,1.3332,3.5977,267.20001,23.752,11.4815,2.2943
2015-01-10,,1.21936,,,,,,1.27632,,,,,,,,,,,,,,,,,
2015-01-11,,1.21678,,0.65834,,,,1.27283,,,,,,,,,,,,,,,,,
2015-01-12,0.845,1.22681,1.19725,0.65937,118.359,8.07829,7.73632,1.2866,1.01509,14.6517,616.25,2.6665,2414.0,2.9915,1084.09998,12595.0,62.068,32.88,44.9,1.33445,3.6121,268.16,23.9102,11.5204,2.2839
2015-01-13,0.8489,1.22473,1.19503,0.65955,117.887,8.06398,7.73799,1.29282,1.01981,14.6054,618.97998,2.6423,2440.0,2.985,1077.5,12595.0,61.973,32.83,44.73,1.33302,3.6343,270.03,23.857,11.519,2.2816
2015-01-14,0.848,1.22599,1.1956,0.65647,117.25,8.08194,7.6188,1.2952,1.01863,14.4834,625.33002,2.6205,2442.0,2.993,1081.40002,12612.0,62.088,32.75,44.62,1.33348,3.6104,270.87,23.766,11.4323,2.2809
2015-01-15,0.8597,1.22085,1.1968,0.65872,116.18,8.1,7.5971,1.28011,0.85975,14.6449,625.02002,2.634,2415.0,2.997,1078.0,12555.0,62.055,32.75,44.55,1.32599,3.7073,277.45999,23.955,11.5491,2.3064
2015-01-16,0.8644,1.21551,1.1977,0.66011,117.62,8.0869,7.5534,1.2832,0.85857,14.5529,627.70001,2.622,2398.0,3.005,1075.80005,12585.0,61.61,32.58,44.59,1.3255,3.7315,276.39999,24.052,11.5505,2.324
2015-01-17,,1.21595,,,,,,1.28353,,,,,,,,,,,,,,,,,
2015-01-18,,1.21623,,0.66086,,,,1.28502,,,,,,,,,,,,,,,,,
2015-01-19,0.8615,1.21991,1.1942,0.66208,117.654,8.1366,7.6388,1.28664,0.87917,14.624,628.0,2.6519,2352.0,3.014,1078.09998,12618.0,61.638,32.58,44.55,1.33113,3.7301,275.48999,24.051,11.6223,2.3317
2015-01-20,0.8651,1.22513,1.21065,0.66013,118.671,8.16396,7.671,1.3094,0.8744,14.6493,628.25,2.6148,2375.80005,3.01,1087.19995,12580.0,61.648,32.69,44.55,1.33734,3.7483,273.26999,24.097,11.5802,2.3429
2015-01-21,0.8606,1.23608,1.23276,0.66042,117.913,8.16186,7.57486,1.32188,0.86018,14.7556,627.65997,2.5985,2370.0,3.009,1082.0,12475.0,61.553,32.55,44.34,1.33491,3.7022,271.14001,24.051,11.5161,2.3482
2015-01-22,0.8797,1.24691,1.23934,0.6663,118.634,8.21147,7.6569,1.33374,0.8705,14.628,624.0,2.575,2372.0,3.005,1082.5,12425.0,61.598,32.6,44.16,1.33901,3.7401,274.62,24.468,11.4001,2.3266
2015-01-23,0.8921,1.26518,1.2419,0.66716,117.78,8.33555,7.7566,1.34138,0.8803,14.6292,625.0,2.5805,2384.0,3.015,1076.0,12470.0,61.455,32.58,44.06,1.34375,3.7408,275.92001,24.737,11.3945,2.3497
2015-01-24,,1.26326,,,,,,1.34174,,,,,,,,,,,,,,,,,
2015-01-25,,1.26762,,0.66651,,,,1.34836,,,,,,,,,,,,,,,,,
2015-01-26,0.8897,1.26272,1.2473,0.66306,118.409,8.31681,7.79362,1.34644,0.9017,14.5712,623.08002,2.5845,2389.5,3.015,1081.0,12483.0,61.473,32.54,44.05,1.34401,3.7482,276.56,24.687,11.4501,2.355
2015-01-27,0.8791,1.26167,1.23913,0.65855,117.739,8.1838,7.7306,1.3421,0.9025,14.579,623.0,2.5725,2385.0,3.052,1076.0,12473.0,61.343,32.5,44.03,1.33837,3.7215,273.54999,24.533,11.5677,2.3631
2015-01-28,0.8866,1.2682,1.2529,0.66025,117.485,8.3026,7.8171,1.36648,0.9053,14.7291,622.15002,2.576,2363.0,3.031,1084.69995,12485.0,61.351,32.55,44.12,1.35294,3.7622,276.82001,24.578,11.5731,2.388
2015-01-29,0.8826,1.28733,1.26188,0.66357,118.339,8.26269,7.8168,1.37416,0.92239,14.7892,627.14001,2.6109,2412.0,3.044,1100.30005,12565.0,61.777,32.76,43.99,1.35263,3.7166,274.14001,24.469,11.5467,2.4139
2015-01-30,0.8857,1.28733,1.2731,0.66371,117.45,8.27275,7.7227,1.3776,0.92081,14.9575,632.83002,2.6895,2453.0,3.058,1101.5,12665.0,62.13,32.77,44.19,1.3525,3.7128,274.66,24.548,11.6528,2.4416
2015-01-31,,1.28783,,0.6641,,,,1.37969,,,,,,,,,,,,,,,,,
2015-02-01,,1.28793,,0.66276,,,,1.37958,,,,,,,,,,,,,,,,,
2015-02-02,0.8818,1.28271,1.2577,0.66559,117.681,8.31554,7.6519,1.37031,0.92788,14.8637,629.65002,2.714,2405.0,3.062,1099.19995,12682.0,61.748,32.55,44.12,1.3516,3.6915,273.82999,24.485,11.494,2.4297
2015-02-03,0.872,1.28761,1.24301,0.66041,117.556,8.22657,7.5252,1.36295,0.92451,14.653,625.32001,2.702,2375.0,3.059,1096.5,12650.0,61.594,32.6,43.99,1.34639,3.6359,269.14001,24.209,11.3675,2.4007
2015-02-04,0.882,1.29016,1.2572,0.65873,117.32,8.28543,7.612,1.35918,0.92499,14.871,626.5,2.7415,2392.69995,3.0545,1085.09998,12630.0,61.809,32.54,44.11,1.34852,3.6732,272.07999,24.47,11.4645,2.4602
2015-02-05,0.8708,1.28154,1.24304,0.6522,117.5,8.24183,7.519,1.34993,0.92109,14.78,623.5,2.7451,2377.5,3.057,1088.0,12630.0,61.741,32.58,44.1,1.34385,3.6309,267.14001,24.15,11.2668,2.4359
2015-02-06,0.8836,1.28271,1.2527,0.65613,119.123,8.39285,7.6203,1.35943,0.92627,14.8476,627.25,2.7762,2385.0,3.061,1091.5,12611.0,61.84,32.55,44.24,1.3528,3.6755,270.57999,24.462,11.4805,2.4625
2015-02-07,,,,,,,,1.35925,,,,,,,,,,,,,,,,,
2015-02-08,,1.28748,,0.65645,,,,1.36065,,,,,,,,,,,,,,,,,
2015-02-09,0.8826,1.28292,1.24707,0.65742,118.639,8.3613,7.6054,1.35188,0.9244,14.7931,623.90002,2.782,2363.5,3.068,1096.25,12665.0,62.151,32.57,44.36,1.35353,3.6936,271.63,24.461,11.5822,2.4745
2015-02-10,0.8833,1.28781,1.2587,0.65557,119.427,8.32641,7.5762,1.35148,0.9269,14.9404,626.21002,2.8343,2381.30005,3.071,1097.65002,12670.0,62.32,32.62,44.39,1.35443,3.7108,272.67001,24.438,11.6757,2.4929
2015-02-11,0.8824,1.29465,1.2608,0.65622,120.296,8.38213,7.6551,1.3563,0.92804,15.0603,629.88,2.861,2404.0,3.08,1104.0,12710.0,62.399,32.63,44.39,1.36027,3.7082,272.62,24.368,11.8147,2.4984
2015-02-12,0.8766,1.29316,1.25122,0.65022,119.143,8.4393,7.64099,1.34787,0.9308,14.919,622.47998,2.8205,2414.0,3.075,1107.0,12770.0,62.134,32.68,44.26,1.35581,3.6516,268.03,24.2355,11.7049,2.4631
2015-02-13,0.8784,1.287,1.2447,0.64935,118.73,8.41035,7.591,1.34174,0.9317,14.864,618.40002,2.8328,2370.0,3.056,1098.40002,12770.0,62.05,32.59,44.22,1.3535,3.6675,268.54999,24.26,11.6485,2.4565
2015-02-14,,1.288,,0.64935,,,,1.3421,,,,,,,,,,,,,,,,,
2015-02-15,,1.2878,,0.6489,,,,1.33745,,,,,,,,,,,,,,,,,
2015-02-16,0.8811,1.28791,1.2469,0.65112,118.498,8.41864,7.57128,1.33547,0.93188,14.9126,621.5,2.8296,2388.0,3.078,1101.0,12750.0,62.213,32.51,44.24,1.35618,3.6796,270.04001,24.349,11.645,2.4544
2015-02-17,0.8761,1.28057,1.23899,0.65166,119.192,8.31806,7.50875,1.32703,0.93667,14.8963,619.58002,2.8295,2407.0,3.0808,1104.5,12768.0,62.151,32.57,44.17,1.3548,3.671,269.60999,24.156,11.6676,2.4515
2015-02-18,0.8768,1.28002,1.24523,0.64784,118.717,8.35006,7.52123,1.32607,0.9416,14.8774,619.40002,2.8295,2429.0,3.082,1112.5,12840.0,62.083,32.58,44.23,1.35508,3.6671,268.19,23.8885,11.588,2.4422
2015-02-19,0.8796,1.28322,1.24942,0.64873,119.028,8.42238,7.5876,1.3298,0.94937,15.001,619.0,2.8545,2447.0,3.085,1111.94995,12740.0,62.18,32.54,44.18,1.35821,3.6692,268.79999,24.0585,11.6639,2.4514
2015-02-20,0.8785,1.27584,1.2526,0.64938,119.017,8.3677,7.5253,1.32917,0.93839,15.0092,615.79999,2.8685,2458.69995,3.084,1110.15002,12810.0,62.266,32.55,44.21,1.35945,3.6562,270.34,24.209,11.6273,2.4601
2015-02-21,,1.27535,,,,,,,,,,,,,,,,,,,,,,,
2015-02-22,,1.27559,,0.6498,,,,1.32929,,,,,,,,,,,,,,,,,
2015-02-23,0.8818,1.28166,1.2569,0.64708,118.824,8.41348,7.61171,1.32945,0.9496,15.0894,622.40997,2.8795,2498.0,3.091,1108.30005,12832.0,62.154,32.55,44.3,1.35902,3.687,269.31,24.1802,11.6228,2.473
2015-02-24,0.8815,1.27774,1.2494,0.64729,118.969,8.40182,7.5797,1.33565,0.95074,14.9198,618.77002,2.833,2485.0,3.092,1104.5,12895.0,62.233,32.52,44.17,1.35715,3.6658,269.01999,24.1974,11.4733,2.4628
2015-02-25,0.8797,1.2685,1.2434,0.64404,118.829,8.27818,7.53645,1.32083,0.94814,14.9172,616.75,2.8547,2484.0,3.085,1099.90002,12855.0,61.853,32.51,44.0,1.35327,3.6581,268.0,24.091,11.4423,2.4863
2015-02-26,0.893,1.28284,1.25143,0.64902,119.36,8.4006,7.65935,1.3291,0.95214,14.9817,618.95001,2.9085,2483.0,3.0915,1101.0,12835.0,61.722,32.32,43.94,1.35687,3.7063,270.39001,24.5439,11.5296,2.5046
2015-02-27,0.8927,1.28107,1.2514,0.64797,119.56,8.34285,7.66465,1.32275,0.9539,14.947,616.96997,2.8395,2483.0,3.0915,1099.19995,12864.0,61.63,32.32,44.08,1.36225,3.7025,267.45001,24.555,11.645,2.5185
2015-02-28,,1.28008,,0.64792,,,,1.32275,,,,,,,,,,,,,,,,,
2015-03-01,,1.28121,,0.64829,,,,1.32447,,,,,,,,,,,,,,,,,
2015-03-02,0.8942,1.28911,1.25378,0.65114,120.189,8.3368,7.69753,1.33292,0.95798,15.0205,615.70001,2.8805,2507.0,3.0945,1101.0,12965.0,61.9,32.33,44.1,1.36593,3.7176,272.64001,24.5835,11.7656,2.5166
2015-03-03,0.8941,1.28005,1.24884,0.65107,119.669,8.27059,7.70484,1.32492,0.96085,14.9841,616.34998,2.9315,2557.0,3.093,1096.0,12960.0,61.81,32.33,44.02,1.36199,3.7238,274.10001,24.5551,11.7515,2.5318
2015-03-04,0.9022,1.27957,1.24239,0.65515,119.704,8.32412,7.77176,1.31891,0.96321,15.0432,618.20001,2.9945,2571.0,3.095,1096.19995,12980.0,62.281,32.37,44.11,1.3675,3.7419,276.26999,24.7745,11.7851,2.5605
2015-03-05,0.9062,1.28521,1.2483,0.65572,120.078,8.33746,7.71618,1.33602,0.97339,15.1848,619.70001,3.0005,2544.8999,3.093,1101.69995,12985.0,62.435,32.42,44.09,1.37079,3.7543,276.35001,24.7135,11.8347,2.6048
2015-03-06,0.9225,1.29668,1.2624,0.66516,120.798,8.4514,7.9011,1.35925,0.98538,15.5004,625.0,3.061,2566.0,3.097,1104.44995,12975.0,62.78,32.5,44.29,1.3767,3.7875,279.95001,25.166,12.03,2.6237
2015-03-07,,1.29567,,0.66512,,,,1.35833,,,,,,,,,,,,,,,,,
2015-03-08,,1.29571,,0.66406,,,,1.35781,,,,,,,,,,,,,,,,,
2015-03-09,0.9216,1.3009,1.26171,0.66141,121.253,8.48273,7.9329,1.36188,0.98616,15.4854,627.5,3.131,2582.0,3.0868,1113.0,13045.0,62.643,32.58,44.22,1.38013,3.7944,281.29999,25.1399,12.0926,2.6002
2015-03-10,0.9355,1.3108,1.26824,0.66371,121.112,8.5699,8.1017,1.37374,0.99874,15.6148,636.20001,3.105,2607.0,3.0985,1123.5,13088.0,62.713,32.67,44.32,1.39012,3.89,287.60001,25.5165,12.3501,2.636
2015-03-11,0.9475,1.31544,1.27344,0.6694,121.412,8.62171,8.18952,1.36825,1.00904,15.4692,637.59998,3.12,2628.0,3.097,1127.0,13185.0,62.756,32.87,44.3,1.38758,3.9067,287.45999,25.8235,12.2517,2.6093
2015-03-12,0.9411,1.29895,1.26895,0.67171,121.33,8.59303,8.1023,1.35263,1.00321,15.3893,633.79999,3.1677,2607.0,3.0865,1119.19995,13180.0,62.533,32.85,44.19,1.38101,3.8973,285.98999,25.6915,12.2706,2.585
2015-03-13,0.9518,1.30976,1.2782,0.67843,121.33,8.71395,8.2094,1.36349,1.005,15.4179,639.5,3.251,2625.0,3.0885,1136.0,13190.0,62.965,32.87,44.35,1.3924,3.9575,291.20999,25.997,12.4725,2.6209
2015-03-14,,1.30976,,0.67843,,,,,,,,,,,,,,,,,,,,,
2015-03-15,,1.31136,,0.67789,,,,1.36422,,,,,,,,,,,,,,,,,
2015-03-16,0.9459,1.30832,1.27724,0.67458,121.353,8.65687,8.26374,1.3558,1.0071,15.4053,640.40002,3.2477,2668.0,3.0864,1131.0,13239.0,62.783,32.93,44.41,1.3902,3.9022,286.85001,25.7655,12.3884,2.624
2015-03-17,0.9437,1.31223,1.27892,0.67816,121.343,8.6883,8.3119,1.36829,1.0058,15.3893,640.70001,3.2502,2683.0,3.097,1129.25,13165.0,62.616,32.92,44.66,1.3885,3.9036,286.70999,25.683,12.3389,2.6113
2015-03-18,0.9233,1.29027,1.2581,0.66931,120.288,8.61868,8.20372,1.33777,0.98298,15.1305,635.29999,3.2154,2659.0,3.0825,1110.0,13165.0,62.69,32.67,44.84,1.3786,3.8193,279.81,25.2657,12.0899,2.5715
2015-03-19,0.9371,1.30688,1.2706,0.67768,120.82,8.6699,8.08458,1.34793,0.98913,15.2695,639.63,3.2938,2620.0,3.09,1121.5,13030.0,62.59,32.75,44.9,1.38651,3.8674,284.19,25.6865,12.2977,2.6029
2015-03-20,0.9244,1.28667,1.2551,0.6689,120.02,8.62065,8.0185,1.32188,0.97461,15.04,631.09998,3.2195,2614.0,3.086,1113.0,13112.0,62.395,32.63,44.89,1.37925,3.829,282.25,25.329,12.0,2.5736
2015-03-21,,,,,,,,1.32188,,,,,,,,,,,,,,,,,
2015-03-22,,1.28469,,0.66849,,,,1.32081,,,,,,,,,,,,,,,,,
2015-03-23,0.9122,1.26717,1.2507,0.6681,119.618,8.49503,7.87933,1.3039,0.96504,14.9152,623.90002,3.1328,2574.0,3.0729,1107.0,13014.0,62.215,32.48,44.75,1.36551,3.7465,276.70999,24.9831,11.8862,2.5408
2015-03-24,0.9162,1.27066,1.25017,0.67367,119.729,8.501,7.8625,1.31008,0.95887,14.9407,621.59998,3.13,2560.0,3.067,1103.5,12900.0,62.258,32.49,44.69,1.36657,3.7486,273.75,25.0915,11.8095,2.5543
2015-03-25,0.9118,1.27636,1.25263,0.67191,119.469,8.485,7.83732,1.31692,0.96018,14.9875,620.25,3.2017,2541.0,3.058,1099.84998,12982.0,62.45,32.58,44.73,1.36984,3.7229,272.59,24.929,11.8452,2.5859
2015-03-26,0.9189,1.27742,1.24814,0.67351,119.215,8.5933,7.9104,1.31749,0.96299,15.154,622.5,3.1898,2538.0,3.0578,1105.0,13018.0,62.829,32.56,44.78,1.36973,3.7476,275.57999,25.2331,11.997,2.5987
2015-03-27,0.9182,1.29032,1.2608,0.67223,119.12,8.57755,7.9634,1.32223,0.96215,15.223,622.84003,3.2365,2564.0,3.0833,1103.69995,13060.0,62.517,32.53,44.77,1.369,3.7616,275.22,25.215,12.0355,2.6092
2015-03-28,,1.29032,,,,,,1.32223,,,,,,,,,,,,,,,,,
2015-03-29,,1.29229,,0.67132,,,,1.3237,,,,,,,,,,,,,,,,,
2015-03-30,0.923,1.3062,1.2678,0.67531,120.088,8.6015,8.01015,1.33421,0.96691,15.2584,626.14001,3.2155,2558.0,3.0805,1105.5,13060.0,62.576,32.56,44.75,1.37618,3.776,276.14001,25.341,12.1381,2.6025
2015-03-31,0.9309,1.31239,1.26777,0.67439,119.993,8.6263,8.0568,1.34028,0.9715,15.2571,624.29999,3.196,2575.0,3.083,1108.0,13070.0,62.369,32.53,44.67,1.37269,3.7918,279.54001,25.6473,12.1251,2.5962
2015-04-01,0.9283,1.31581,1.26165,0.67442,119.657,8.65522,8.01923,1.34358,0.96617,15.1347,617.5,3.19,2575.0,3.083,1102.19995,13040.0,62.27,32.48,44.53,1.36269,3.7648,277.19,25.6005,11.9879,2.5969
2015-04-02,0.9192,1.31872,1.25613,0.67412,119.758,8.6279,7.98986,1.33204,0.95981,14.9971,614.45001,3.127,2570.0,3.095,1090.56006,13000.0,62.046,32.45,44.42,1.35743,3.7414,275.32999,25.313,11.9531,2.5883
2015-04-03,0.9116,1.31062,1.24879,0.67036,118.963,8.552,7.9392,1.31718,0.95195,14.8157,614.45001,3.1215,2561.5,3.085,1085.40002,12965.0,61.925,32.39,44.35,1.34945,3.6965,272.17999,25.1,11.7914,2.5709
2015-04-04,,1.31096,,0.67029,,,,,,,,,,,,,,,,,,,,,
2015-04-05,,1.31067,,0.67026,,,,1.31524,,,,,,,,,,,,,,,,,
2015-04-06,0.9144,1.31678,1.24735,0.67172,119.507,8.56466,7.9455,1.32649,0.95828,14.9004,611.40002,3.1268,2531.0,3.0885,1086.19995,12957.0,62.196,32.42,44.38,1.35404,3.7299,273.26001,25.1122,11.7991,2.5714
2015-04-07,0.9236,1.30854,1.24989,0.67469,120.248,8.6677,8.0746,1.33264,0.9655,14.9169,609.59998,3.1195,2541.0,3.08,1090.59998,12980.0,62.316,32.56,44.5,1.35992,3.7336,275.5,25.3005,11.8705,2.6009
2015-04-08,0.927,1.30107,1.25405,0.67224,120.162,8.6755,8.0492,1.32405,0.96632,14.9112,611.20001,3.0508,2482.0,3.0895,1092.59998,12950.0,62.165,32.55,44.45,1.35759,3.7126,274.89999,25.3741,11.8087,2.5958
2015-04-09,0.9375,1.29951,1.25848,0.67976,120.533,8.75513,8.09251,1.32303,0.97661,15.0834,615.90002,3.057,2484.0,3.094,1095.80005,12895.0,62.155,32.52,44.45,1.35916,3.7737,279.67999,25.6767,11.9295,2.6183
2015-04-10,0.9422,1.30247,1.2561,0.68353,120.185,8.8328,8.1029,1.32829,0.97901,15.1987,619.0,3.0765,2507.5,3.115,1093.75,12910.0,62.395,32.52,44.57,1.36715,3.7841,280.35999,25.782,11.9825,2.6281
2015-04-11,,1.30208,,,,,,,,,,,,,,,,,,,,,,,
2015-04-12,,1.30346,,0.6829,,,,1.32806,,,,,,,,,,,,,,,,,
2015-04-13,0.9456,1.31797,1.25938,0.68166,120.078,8.8103,8.0829,1.34138,0.97747,15.3839,616.20001,3.124,2507.0,3.108,1100.5,12980.0,62.357,32.55,44.62,1.37202,3.7877,280.51999,25.8446,12.1264,2.6686
2015-04-14,0.9387,1.31278,1.24874,0.67685,119.391,8.76144,7.94805,1.33122,0.9724,15.2617,613.29999,3.0665,2553.0,3.1065,1090.90002,12976.0,62.295,32.43,44.52,1.3599,3.7695,278.29999,25.6346,11.9937,2.6867
2015-04-15,0.9364,1.30276,1.2299,0.67441,119.158,8.7223,7.8144,1.31733,0.96502,15.2548,612.59998,3.0298,2545.0,3.099,1094.5,12896.0,62.393,32.41,44.44,1.35644,3.763,281.04999,25.6898,12.055,2.6966
2015-04-16,0.929,1.28399,1.22013,0.66982,119.024,8.58943,7.7526,1.30649,0.95603,15.1679,610.5,3.0213,2491.0,3.1124,1088.25,12852.0,62.33,32.39,44.39,1.35029,3.7366,280.12,25.485,11.9437,2.6804
2015-04-17,0.925,1.28479,1.2245,0.66848,118.897,8.6292,7.834,1.30213,0.95193,15.33,611.0,3.0419,2487.0,3.1095,1081.05005,12845.0,62.543,32.36,44.26,1.3445,3.738,279.79999,25.354,12.0525,2.6913
2015-04-18,,,,,,,,1.30208,,,,,,,,,,,,,,,,,
2015-04-19,,1.28281,,0.66895,,,,1.30141,,,,,,,,,,,,,,,,,
2015-04-20,0.931,1.29509,1.22299,0.67111,119.26,8.7071,7.88114,1.30533,0.95588,15.4559,615.79999,3.0293,2491.0,3.1,1080.5,12980.0,62.961,32.38,44.21,1.34804,3.7112,277.51999,25.5035,12.135,2.696
2015-04-21,0.9311,1.29602,1.22722,0.66999,119.647,8.66168,7.87881,1.30463,0.95531,15.433,615.70001,3.034,2471.0,3.1065,1082.05005,12955.0,62.931,32.35,44.22,1.3512,3.7115,278.09,25.5485,12.1146,2.6841
2015-04-22,0.9326,1.29109,1.22447,0.66508,119.987,8.73348,7.90485,1.30871,0.96992,15.4515,618.70001,3.007,2470.0,3.11,1080.65002,12895.0,62.92,32.35,44.18,1.34776,3.7187,280.09,25.5549,12.2155,2.7108
2015-04-23,0.9244,1.28604,1.21502,0.6644,119.62,8.6372,7.8287,1.31817,0.95555,15.3437,614.12,2.973,2468.1001,3.1165,1081.09998,12950.0,63.336,32.43,44.17,1.34194,3.6962,277.23001,25.3343,12.1445,2.7021
2015-04-24,0.9193,1.27864,1.21772,0.65841,118.964,8.6235,7.7693,1.31553,0.95376,15.362,612.25,2.9523,2452.0,3.1165,1076.30005,12915.0,63.543,32.55,44.22,1.332,3.714,278.0,25.265,12.102,2.7153
2015-04-25,,,,0.6585,,,,,,,,,,,,,,,,,,,,,
2015-04-26,,1.27809,,0.659,,,,1.31666,,,,,,,,,,,,,,,,,
2015-04-27,0.9192,1.27322,1.2091,0.65679,119.105,8.60574,7.73242,1.30952,0.95529,15.3563,610.5,2.9167,2452.0,3.1215,1073.34998,12975.0,63.542,32.67,44.23,1.32801,3.6648,275.87,25.2745,11.9904,2.6783
2015-04-28,0.9108,1.24724,1.20305,0.65201,118.839,8.50662,7.64095,1.29294,0.95569,15.2547,606.19,2.9329,2408.0,3.12,1067.40002,12975.0,63.14,32.54,44.2,1.3173,3.6377,274.04999,24.9705,11.8573,2.657
2015-04-29,0.8993,1.25052,1.20163,0.64818,119.038,8.3365,7.52035,1.31351,0.93976,15.2161,608.40002,2.9384,2410.0,3.1168,1066.30005,12935.0,63.355,32.84,44.24,1.32178,3.6057,271.78,24.6577,11.7927,2.6551
2015-04-30,0.8914,1.26609,1.20788,0.65155,119.472,8.34085,7.54686,1.31524,0.93333,15.3464,611.03998,3.0159,2381.0,3.123,1074.65002,12960.0,63.613,32.97,44.62,1.32395,3.5998,270.73001,24.4815,11.8849,2.6736
2015-05-01,0.8928,1.27421,1.2155,0.66059,120.166,8.4018,7.6028,1.3267,0.93229,15.569,611.03003,3.015,2390.0,3.1205,1080.59998,12960.0,63.645,33.1,44.62,1.33015,3.6305,270.75,24.424,12.0575,2.7064
2015-05-02,,,,0.66055,,,,,,,,,,,,,,,,,,,,,
2015-05-03,,1.27722,,0.66005,,,,1.32823,,,,,,,,,,,,,,,,,
2015-05-04,0.897,1.27554,1.20939,0.66155,120.121,8.3727,7.58636,1.3267,0.934,15.4494,613.83002,3.084,2390.0,3.1187,1080.5,12975.0,63.65,33.31,44.58,1.33174,3.613,272.14001,24.5385,12.0548,2.7136
2015-05-05,0.8943,1.26097,1.20791,0.65925,119.89,8.3506,7.58216,1.33364,0.92727,15.3507,609.40002,3.0715,2407.0,3.1475,1081.0,13045.0,63.382,33.4,44.57,1.33209,3.6022,271.45999,24.4892,11.9795,2.7062
2015-05-06,0.8813,1.25483,1.20378,0.65615,119.427,8.22384,7.4239,1.33501,0.91596,15.3632,611.59998,3.0563,2359.0,3.1388,1077.80005,13030.0,63.501,33.25,44.5,1.3242,3.5655,269.29999,24.1481,12.01,2.6932
2015-05-07,0.889,1.2647,1.21084,0.64977,119.717,8.2785,7.46221,1.34376,0.9223,15.3116,609.5,3.0273,2370.80005,3.1495,1090.19995,13140.0,64.14,33.5,44.67,1.33226,3.5964,269.54001,24.3295,12.0152,2.688
2015-05-08,0.8903,1.2604,1.207,0.64692,119.866,8.2522,7.4799,1.33601,0.93,15.124,604.5,2.9825,2358.0,3.1408,1088.0,13125.0,63.735,33.48,44.55,1.32733,3.6029,269.45001,24.399,11.9278,2.6958
2015-05-09,,1.26087,,0.64691,,,,1.33565,,,,,,,,,,,,,,,,,
2015-05-10,,1.26239,,0.64771,,,,1.34789,,,,,,,,,,,,,,,,,
2015-05-11,0.8966,1.26812,1.20985,0.64207,120.132,8.303,7.56535,1.36357,0.93432,15.3462,609.20001,3.0608,2358.0,3.144,1095.5,13150.0,63.924,33.68,44.65,1.3372,3.6562,273.44,24.5682,12.0813,2.6921
2015-05-12,0.8914,1.25293,1.20073,0.63828,119.875,8.3299,7.4841,1.3545,0.92894,15.3237,603.79999,3.0227,2401.0,3.1445,1091.90002,13197.0,64.232,33.75,44.77,1.3348,3.6498,273.48999,24.4375,12.0329,2.6605
2015-05-13,0.8803,1.23157,1.19515,0.63526,119.12,8.23683,7.3808,1.32612,0.91682,15.267,602.12,3.0396,2377.0,3.1515,1091.0,13135.0,63.852,33.5,44.54,1.32412,3.6039,271.0,24.172,11.8739,2.6297
2015-05-14,0.8767,1.23762,1.19828,0.63395,119.188,8.24278,7.3718,1.33454,0.91257,15.0913,594.29999,2.9933,2377.0,3.1395,1088.90002,13135.0,63.45,33.45,44.5,1.32049,3.5657,268.57999,24.083,11.7883,2.5903
2015-05-15,0.8734,1.24425,1.2011,0.63613,119.25,8.17825,7.3038,1.33851,0.91547,15.017,597.40002,2.996,2426.0,3.1385,1082.80005,13089.0,63.381,33.58,44.41,1.32075,3.5294,270.5,23.9,11.7725,2.5818
2015-05-16,,1.24548,,0.63613,,,,1.33851,,,,,,,,,,,,,,,,,
2015-05-17,,1.24429,,0.63553,,,,1.34281,,,,,,,,,,,,,,,,,
2015-05-18,0.8835,1.25127,1.21527,0.63869,119.985,8.23324,7.40689,1.35606,0.9261,15.0965,599.90002,3.0097,2415.0,3.121,1089.19995,13132.0,63.72,33.39,44.46,1.32796,3.5996,272.72,24.1925,11.8803,2.5802
2015-05-19,0.8969,1.26288,1.22294,0.6447,120.677,8.3409,7.5315,1.36092,0.93703,15.1941,603.59998,3.0363,2484.8999,3.1288,1093.5,13111.0,63.771,33.5,44.54,1.33542,3.6337,274.29999,24.553,11.8959,2.5916
2015-05-20,0.901,1.26999,1.22012,0.64358,121.218,8.3447,7.5716,1.36864,0.93667,15.1832,603.59998,3.0062,2484.0,3.1452,1095.0,13170.0,63.85,33.58,44.59,1.33698,3.6765,276.45001,24.617,11.8455,2.5778
2015-05-21,0.8997,1.26651,1.22016,0.6386,121.059,8.3389,7.56538,1.36097,0.9369,15.2202,603.90002,3.0412,2490.0,3.137,1092.90002,13124.0,63.535,33.4,44.41,1.3358,3.6808,276.79999,24.6465,11.8405,2.5908
2015-05-22,0.9078,1.27693,1.2278,0.64562,121.5,8.3747,7.6466,1.36939,0.94337,15.2696,608.09998,3.0961,2500.0,3.147,1093.19995,13150.0,63.435,33.46,44.6,1.33535,3.7182,278.78,24.8945,11.88,2.599
2015-05-23,,1.27795,,0.64566,,,,,,,,,,,,,,,,,,,,,
2015-05-24,,1.27823,,0.64581,,,,1.36795,,,,,,,,,,,,,,,,,
2015-05-25,0.9106,1.27755,1.23093,0.64629,121.573,8.4052,7.64376,1.36707,0.945,15.2541,610.70001,3.0978,2500.0,3.147,1096.19995,13150.0,63.48,33.56,44.55,1.34087,3.7364,280.42999,24.8965,11.9193,2.6145
2015-05-26,0.9183,1.29199,1.2422,0.64971,123.015,8.4699,7.74645,1.38026,0.95257,15.285,612.70001,3.1475,2532.0,3.1485,1106.80005,13205.0,63.946,33.73,44.7,1.3485,3.809,283.10001,25.096,12.0724,2.639
2015-05-27,0.9167,1.29346,1.24529,0.65142,123.721,8.50217,7.7678,1.37798,0.94943,15.2806,614.5,3.1428,2550.0,3.1425,1108.30005,13197.0,63.898,33.88,44.73,1.35068,3.7846,283.31,25.1698,12.0274,2.6414
2015-05-28,0.9114,1.30617,1.24221,0.6527,123.74,8.4518,7.789,1.39192,0.94233,15.3115,615.79999,3.164,2540.0,3.1345,1107.30005,13220.0,63.821,33.8,44.55,1.34723,3.7762,281.75,24.993,12.1221,2.6554
2015-05-29,0.9091,1.30902,1.2454,0.6539,124.1,8.5169,7.7663,1.40805,0.94054,15.3717,617.59998,3.1803,2530.0,3.1422,1111.5,13223.0,63.795,33.68,44.55,1.3467,3.7368,280.82001,24.914,12.1395,2.6625
2015-05-30,,1.30959,,0.65407,,,,,,,,,,,,,,,,,,,,,
2015-05-31,,1.30919,,0.65416,,,,1.40956,,,,,,,,,,,,,,,,,
2015-06-01,0.9148,1.31363,1.25249,0.65786,124.81,8.5798,7.9567,1.40845,0.94566,15.4731,623.90002,3.173,2561.0,3.1435,1111.94995,13220.0,63.599,33.65,44.49,1.35608,3.765,282.23001,25.0834,12.2616,2.6806
2015-06-02,0.8965,1.2875,1.24091,0.65184,124.053,8.4412,7.8268,1.39412,0.9331,15.4344,621.90002,3.1326,2552.0,3.132,1106.80005,13220.0,63.658,33.75,44.56,1.34809,3.6925,279.48001,24.611,12.1833,2.6719
2015-06-03,0.8876,1.28664,1.24556,0.65243,124.291,8.3041,7.75705,1.39888,0.93379,15.5238,627.40002,3.1358,2578.0,3.1475,1104.90002,13220.0,64.028,33.64,44.78,1.34336,3.6949,277.17999,24.3856,12.2984,2.6847
2015-06-04,0.8923,1.30271,1.25051,0.65129,124.455,8.3025,7.7792,1.40515,0.93489,15.5406,628.20001,3.1437,2593.0,3.1475,1113.05005,13279.0,63.97,33.73,44.9,1.34838,3.7212,277.76001,24.442,12.371,2.6658
2015-06-05,0.8997,1.31165,1.24338,0.65501,125.58,8.3774,7.9492,1.42005,0.9395,15.69,635.98999,3.1475,2620.0,3.152,1122.09998,13270.0,63.755,33.88,45.09,1.35685,3.7295,280.10001,24.625,12.555,2.6801
2015-06-06,,1.3113,,0.65488,,,,,,,,,,,,,,,,,,,,,
2015-06-07,,1.31194,,0.65498,,,,1.41894,,,,,,,,,,,,,,,,,
2015-06-08,0.8861,1.30161,1.24162,0.65183,124.611,8.301,7.82032,1.40207,0.92727,15.6306,630.5,3.1144,2612.0,3.1515,1123.5,13374.0,63.996,33.74,45.16,1.35302,3.6996,278.07001,24.287,12.4767,2.7498
2015-06-09,0.8868,1.30107,1.23397,0.65032,124.414,8.2984,7.7824,1.40089,0.93123,15.5741,624.70001,3.0995,2555.0,3.1375,1120.69995,13300.0,64.001,33.7,45.09,1.35103,3.7022,277.39999,24.2975,12.4138,2.7515
2015-06-10,0.8832,1.29264,1.22687,0.64486,122.773,8.26092,7.76516,1.41681,0.93191,15.4635,630.79999,3.1185,2554.0,3.1445,1112.19995,13310.0,63.867,33.6,44.98,1.34158,3.6526,275.62,24.0615,12.3138,2.7319
2015-06-11,0.8894,1.29041,1.22979,0.64487,123.534,8.21854,7.8557,1.42554,0.9335,15.3612,629.29999,3.091,2538.0,3.1394,1112.44995,13315.0,63.948,33.75,45.3,1.34493,3.674,276.35999,24.2759,12.3473,2.7015
2015-06-12,0.8878,1.29384,1.232,0.64247,123.408,8.1853,7.7271,1.43174,0.92819,15.4,630.70001,3.1195,2525.0,3.154,1111.44995,13330.0,64.013,33.63,45.28,1.34285,3.6705,276.5,24.201,12.3659,2.7138
2015-06-13,,,,0.64276,,,,,,,,,,,,,,,,,,,,,
2015-06-14,,1.29359,,0.64262,,,,1.43135,,,,,,,,,,,,,,,,,
2015-06-15,0.8866,1.28819,1.23133,0.6411,123.411,8.16185,7.75244,1.42739,0.92984,15.4317,633.70001,3.1285,2524.0,3.1392,1114.25,13330.0,64.08,33.7,45.17,1.34538,3.6801,276.94,24.157,12.4025,2.7351
2015-06-16,0.8889,1.29014,1.22913,0.63919,123.383,8.1733,7.75541,1.43113,0.9316,15.3889,634.79999,3.0917,2523.0,3.158,1117.94995,13348.0,64.205,33.68,45.15,1.34175,3.6803,276.91,24.224,12.3585,2.732
2015-06-17,0.8815,1.29299,1.2233,0.63179,123.48,8.1044,7.65245,1.4454,0.92195,15.2498,633.79999,3.0557,2536.0,3.151,1120.80005,13365.0,64.168,33.6,45.21,1.33669,3.6582,274.0,24.001,12.2752,2.7094
2015-06-18,0.8791,1.28156,1.22194,0.62978,122.932,8.11947,7.775,1.44194,0.92077,15.3251,628.79999,3.0638,2549.5,3.151,1101.0,13302.0,63.737,33.6,44.88,1.33365,3.6643,274.57999,23.92,12.2382,2.7153
2015-06-19,0.8805,1.28689,1.22688,0.62972,122.681,8.10615,7.7124,1.44865,0.916,15.331,632.38,3.0967,2554.3999,3.1515,1102.0,13330.0,63.504,33.67,45.0,1.33275,3.678,276.35001,23.97,12.14,2.6965
2015-06-20,,1.2875,,,,,,,,,,,,,,,,,,,,,,,
2015-06-21,,1.2873,,0.63,,,,1.44915,,,,,,,,,,,,,,,,,
2015-06-22,0.8815,1.29458,1.23143,0.63199,123.377,8.14297,7.74,1.45724,0.92136,15.3429,630.79999,3.0891,2534.69995,3.165,1102.15002,13305.0,63.494,33.67,44.99,1.33507,3.6785,273.97,23.956,12.0974,2.6669
2015-06-23,0.8948,1.29251,1.23262,0.63576,123.912,8.26057,7.82423,1.45783,0.93396,15.3956,632.59998,3.0775,2545.0,3.1712,1105.19995,13250.0,63.632,33.75,45.09,1.34008,3.7214,277.04001,24.3365,12.1608,2.676
2015-06-24,0.8922,1.29815,1.23873,0.63667,123.864,8.23599,7.83689,1.45205,0.93326,15.5002,632.25,3.0992,2560.0,3.1648,1110.0,13290.0,63.55,33.77,45.11,1.34311,3.7204,277.47,24.2855,12.1456,2.6762
2015-06-25,0.8925,1.29254,1.23311,0.63502,123.573,8.24832,7.80691,1.45121,0.93639,15.4851,630.79999,3.117,2558.0,3.1665,1110.5,13325.0,63.576,33.75,45.06,1.34193,3.7222,278.60999,24.2915,12.102,2.6533
2015-06-26,0.8956,1.30668,1.2317,0.63519,123.861,8.3067,7.8299,1.46141,0.93314,15.5397,634.90002,3.1288,2559.0,3.167,1122.09998,13305.0,63.586,33.8,45.1,1.348,3.7298,279.14999,24.384,12.185,2.6649
2015-06-27,,1.30651,,0.635,,,,1.46178,,,,,,,,,,,,,,,,,
2015-06-28,,1.31287,,0.6366,,,,1.46737,,,,,,,,,,,,,,,,,
2015-06-29,0.8914,1.30342,1.24034,0.63579,122.546,8.2383,7.87322,1.46323,0.92555,15.6802,639.44,3.1189,2584.0,3.1618,1118.80005,13340.0,63.84,33.8,45.12,1.34599,3.7365,281.29999,24.304,12.248,2.7029
2015-06-30,0.8983,1.30015,1.2483,0.63764,122.421,8.2998,7.86606,1.47473,0.93569,15.712,639.08002,3.1035,2582.0,3.1695,1119.05005,13330.0,63.652,33.75,45.09,1.34717,3.7645,282.69,24.4685,12.1703,2.6828
2015-07-01,0.9051,1.30945,1.25899,0.6407,123.229,8.38439,7.93306,1.49051,0.94813,15.7716,638.53998,3.1503,2639.69995,3.1705,1122.25,13323.0,63.634,33.81,45.16,1.35305,3.7887,283.85001,24.666,12.2482,2.6903
2015-07-02,0.9014,1.3101,1.2537,0.64078,123.04,8.44872,7.95416,1.48655,0.94285,15.658,634.40002,3.1,2632.0,3.1715,1121.0,13335.0,63.405,33.77,45.12,1.34723,3.7762,283.76999,24.5585,12.2372,2.6834
2015-07-03,0.8992,1.33058,1.2571,0.64231,122.851,8.4484,7.9816,1.49452,0.93978,15.77,636.76001,3.1479,2602.0,3.1705,1122.5,13338.0,63.46,33.8,45.14,1.3448,3.7815,283.39999,24.359,12.2767,2.6906
2015-07-04,,1.33209,,,,,,1.4941,,,,,,,,,,,,,,,,,
2015-07-05,,1.33535,,0.64262,,,,1.49542,,,,,,,,,,,,,,,,,
2015-07-06,0.9043,1.33492,1.26481,0.64091,122.595,8.4663,8.0784,1.49941,0.94244,15.71,641.25,3.137,2671.0,3.169,1124.75,13348.0,63.356,33.82,45.05,1.34864,3.7989,285.78,24.5435,12.3844,2.6773
2015-07-07,0.9085,1.34264,1.27159,0.64688,122.489,8.50693,8.15995,1.50056,0.94657,15.7996,649.3,3.1802,2692.0,3.179,1135.0,13325.0,63.509,33.97,45.27,1.35458,3.8224,287.69,24.6185,12.441,2.6852
2015-07-08,0.9026,1.34577,1.27392,0.6506,120.673,8.45911,8.22343,1.48825,0.94531,15.8467,651.86,3.236,2681.9,3.1798,1134.0,13340.0,63.569,33.93,45.19,1.34996,3.8207,286.98,24.5025,12.5672,2.683
2015-07-09,0.9029,1.3412,1.27068,0.65042,121.79,8.46,8.116,1.4806,0.94785,15.8135,645.55,3.2208,2672.2,3.176,1131.0,13332.0,63.312,33.91,45.15,1.3495,3.8038,284.48,24.463,12.4771,2.6713
2015-07-10,0.896,1.34336,1.2656,0.64463,122.83,8.4207,7.9931,1.48765,0.93823,15.6967,647.1,3.1579,2672.0,3.1555,1125.8,13310.0,63.359,33.93,45.06,1.35,3.732,278.15,24.225,12.4375,2.6663
2015-07-12,,1.34698,,0.64517,,,,1.49058,,,,,,,,,,,,,,,,,
2015-07-13,0.9082,1.35179,1.27407,0.64567,123.578,8.4827,8.08247,1.49658,0.94995,15.7033,642.9,3.1331,2685.0,3.1615,1133.0,13295.0,63.519,34.0,45.15,1.35697,3.7552,281.65,24.6135,12.4454,2.6452
2015-07-14,0.9078,1.34208,1.27301,0.63962,123.34,8.49834,8.10474,1.4904,0.94474,15.6556,641.25,3.1386,2681.0,3.1682,1141.9,13330.0,63.295,34.02,45.16,1.36095,3.7476,281.84,24.5535,12.3246,2.6307
2015-07-15,0.9121,1.3547,1.29132,0.63956,123.95,8.4964,8.1506,1.5205,0.95195,15.7949,642.6,3.1371,2703.0,3.1705,1145.0,13342.0,63.57,34.13,45.26,1.36514,3.7663,282.33,24.6825,12.4041,2.6458
2015-07-16,0.9189,1.34935,1.29658,0.64071,124.154,8.5466,8.163,1.53454,0.95737,15.8336,643.0,3.1527,2735.8,3.179,1147.65,13342.0,63.509,34.17,45.23,1.36546,3.7765,284.25,24.8885,12.3827,2.6572
2015-07-17,0.923,1.35704,1.297,0.64099,124.05,8.6502,8.1749,1.53374,0.9607,15.93,645.25,3.1883,2758.0,3.1663,1150.0,13350.0,63.46,34.2,45.21,1.36665,3.779,284.2,24.9,12.355,2.6521
2015-07-18,,,,,,,,1.53398,,,,,,,,,,,,,,,,,
2015-07-19,,1.35556,,0.64074,,,,1.53264,,,,,,,,,,,,,,,,,
2015-07-20,0.9232,1.35632,1.29973,0.64247,124.286,8.6199,8.2198,1.52135,0.9638,16.0043,649.7,3.1964,2758.0,3.1775,1154.8,13342.0,63.686,34.44,45.32,1.37104,3.805,286.0,24.982,12.4282,2.6948
2015-07-21,0.9141,1.34675,1.2945,0.6428,123.862,8.53989,8.10465,1.50886,0.9583,16.0074,650.6,3.1865,2768.0,3.169,1151.2,13342.0,63.601,34.4,45.16,1.36333,3.7773,281.44,24.7855,12.32,2.6834
2015-07-22,0.9147,1.3545,1.30275,0.64039,123.965,8.59128,8.15221,1.5067,0.95948,16.0993,653.5,3.2185,2782.0,3.185,1156.5,13375.0,63.6,34.68,45.16,1.36449,3.7635,281.52,24.697,12.3934,2.7052
2015-07-23,0.9102,1.35894,1.30266,0.64453,123.9,8.56335,8.17273,1.51194,0.9596,16.2169,657.1,3.286,2820.0,3.189,1160.1,13420.0,63.819,34.79,45.33,1.36899,3.7434,282.29,24.6045,12.4429,2.7324
2015-07-24,0.9105,1.374,1.3043,0.64489,123.79,8.5737,8.1922,1.52142,0.96228,16.2363,660.4,3.3533,2850.0,3.18,1171.1,13440.0,64.068,34.79,45.52,1.3713,3.7732,281.81,24.585,12.5755,2.7372
2015-07-25,,1.37457,,0.64475,,,,,,,,,,,,,,,,,,,,,
2015-07-26,,1.37417,,0.64458,,,,1.52022,,,,,,,,,,,,,,,,,
2015-07-27,0.9018,1.37455,1.30364,0.64269,123.257,8.50946,8.17088,1.51414,0.96205,16.2929,665.76,3.3632,2860.0,3.1725,1167.7,13458.0,64.214,34.85,45.54,1.36895,3.7137,279.67,24.3765,12.6307,2.7708
2015-07-28,0.9038,1.36208,1.29301,0.64046,123.58,8.5568,8.1563,1.48883,0.96198,16.2674,665.2,3.3556,2842.0,3.187,1160.3,13460.0,63.74,34.88,45.45,1.36279,3.721,279.29,24.411,12.5523,2.7565
2015-07-29,0.9098,1.36951,1.29454,0.64081,123.913,8.63198,8.14658,1.50202,0.9669,16.2793,666.3,3.3264,2847.0,3.1749,1158.35,13455.0,63.827,34.95,45.45,1.36865,3.7517,280.98,24.6475,12.5334,2.7612
2015-07-30,0.9146,1.37231,1.30052,0.64119,124.186,8.62124,8.17002,1.51341,0.96895,16.2694,671.58,3.373,2875.7,3.1735,1172.1,13465.0,64.06,35.09,45.69,1.37504,3.7855,282.28,24.726,12.6942,2.7814
2015-07-31,0.9103,1.37039,1.3085,0.64023,123.85,8.62125,8.165,1.51761,0.9661,16.0897,674.0,3.4222,2874.0,3.1888,1160.0,13525.0,64.11,35.13,45.55,1.3711,3.7445,277.95,24.623,12.6255,2.7701
2015-08-01,,1.36967,,,,,,,,,,,,,,,,,,,,,,,
2015-08-02,,1.36818,,0.63994,,,,1.51729,,,,,,,,,,,,,,,,,
2015-08-03,0.9127,1.37491,1.31525,0.64157,123.978,8.649,8.2449,1.52302,0.96902,16.1821,679.8,3.4519,2887.0,3.1818,1168.1,13495.0,63.95,35.04,45.69,1.37762,3.7821,280.31,24.6765,12.6774,2.7774
2015-08-04,0.9181,1.35544,1.31914,0.64245,124.337,8.70272,8.27897,1.53093,0.97778,16.2905,681.6,3.4703,2910.0,3.1935,1160.55,13483.0,63.764,35.07,45.63,1.38136,3.8384,284.44,24.805,12.7297,2.7781
2015-08-05,0.917,1.36003,1.31771,0.64103,124.808,8.6967,8.2513,1.53421,0.97901,16.3556,681.4,3.4874,2950.0,3.1935,1174.7,13513.0,63.672,35.17,45.67,1.38375,3.8239,283.55,24.7855,12.7736,2.7846
2015-08-06,0.9148,1.36184,1.31103,0.64473,124.707,8.73753,8.2722,1.52756,0.98083,16.3154,678.59,3.5505,2955.0,3.2045,1163.15,13540.0,63.688,35.12,45.77,1.38355,3.832,284.56,24.7255,12.7201,2.775
2015-08-07,0.9116,1.34844,1.31338,0.64541,124.197,8.7682,8.26065,1.51,0.98343,16.1319,678.0,3.5073,2936.7,3.193,1163.95,13538.0,63.73,35.11,45.8,1.38175,3.8135,280.02,24.645,12.61,2.7804
2015-08-08,,1.34862,,0.64549,,,,,,,,,,,,,,,,,,,,,
2015-08-09,,1.34896,,0.64538,,,,1.51226,,,,,,,,,,,,,,,,,
2015-08-10,0.9074,1.34905,1.3013,0.64163,124.541,8.68709,8.19086,1.5124,0.98357,16.148,672.5,3.4393,2908.0,3.1945,1160.5,13548.0,63.78,35.08,45.75,1.38056,3.8103,282.45,24.509,12.6395,2.7646
2015-08-11,0.9051,1.36704,1.31004,0.64184,125.074,8.6549,8.2653,1.52579,0.9882,16.3043,681.4,3.4761,2939.0,3.212,1182.6,13605.0,64.21,35.32,46.05,1.40198,3.7949,281.9,24.4645,12.778,2.7782
2015-08-12,0.8961,1.35496,1.29735,0.6404,124.187,8.58942,8.15691,1.51295,0.97507,16.2533,683.43,3.4885,2931.0,3.204,1171.6,13780.0,64.717,35.25,46.08,1.39919,3.7499,278.74,24.214,12.7472,2.7719
2015-08-13,0.8962,1.3574,1.30681,0.6407,124.404,8.47185,8.20741,1.52546,0.97579,16.4029,685.8,3.5223,2931.0,3.214,1176.1,13740.0,65.307,35.28,46.17,1.39705,3.7442,277.63,24.202,12.8041,2.8161
2015-08-14,0.9,1.35558,1.3086,0.63933,124.276,8.5033,8.2201,1.53004,0.97539,16.3658,684.31,3.4852,2988.0,3.229,1177.7,13785.0,65.02,35.22,46.13,1.4057,3.7622,278.38,24.27,12.811,2.8349
2015-08-15,,1.35722,,0.63926,,,,,,,,,,,,,,,,,,,,,
2015-08-16,,1.35588,,0.63907,,,,1.52879,,,,,,,,,,,,,,,,,
2015-08-17,0.9026,1.35623,1.30935,0.64171,124.398,8.52571,8.20652,1.52133,0.97846,16.424,691.15,3.4858,2989.0,3.232,1181.2,13785.0,65.392,35.45,46.3,1.40719,3.7551,278.88,24.3895,12.9003,2.8655
2015-08-18,0.9065,1.36335,1.3054,0.63865,124.383,8.54635,8.27749,1.51876,0.9776,16.4148,693.59,3.468,3005.0,3.2345,1184.1,13813.0,65.432,35.6,46.27,1.4041,3.7747,280.21,24.5035,12.896,2.8922
2015-08-19,0.8994,1.36092,1.31266,0.63782,123.926,8.51922,8.29437,1.51708,0.96558,16.6069,693.17,3.4915,3009.0,3.2442,1182.35,13840.0,65.05,35.58,46.28,1.4026,3.7558,278.75,24.3055,12.8796,2.9261
2015-08-20,0.8899,1.36284,1.30827,0.63743,123.443,8.51563,8.23636,1.51046,0.95894,16.7869,688.35,3.4628,3051.0,3.2515,1185.9,13865.0,65.491,35.6,46.51,1.4033,3.7308,277.64,24.0495,12.9268,2.9102
2015-08-21,0.8783,1.36696,1.3188,0.63739,122.002,8.36655,8.1841,1.49627,0.94592,16.98,697.73,3.4995,3105.1,3.2595,1193.8,13940.0,65.95,35.67,46.66,1.40325,3.7109,273.85,23.795,12.9565,2.9192
2015-08-22,,1.36649,,0.63715,,,,,,,,,,,,,,,,,,,,,
2015-08-23,,1.37533,,0.63765,,,,1.50546,,,,,,,,,,,,,,,,,
2015-08-24,0.8619,1.3996,1.3287,0.63477,118.395,8.2612,8.22355,1.55214,0.93129,17.1803,704.31,3.55,3234.4,3.282,1186.5,14044.0,66.804,35.56,46.73,1.41068,3.6448,269.55,23.2985,13.2204,2.9464
2015-08-25,0.8672,1.40278,1.33258,0.63709,118.91,8.36548,8.22466,1.54283,0.93946,17.2401,706.06,3.6172,3234.0,3.275,1188.3,14060.0,66.102,35.54,46.59,1.40423,3.6825,272.27,23.4495,13.1533,2.9401
2015-08-26,0.8816,1.4043,1.32936,0.64616,120.265,8.47715,8.35452,1.55111,0.95208,17.0335,704.34,3.597,3219.0,3.2795,1185.9,14120.0,66.107,35.65,46.61,1.40595,3.7288,278.31,23.8825,13.1224,2.9277
2015-08-27,0.8893,1.39377,1.31954,0.64901,121.059,8.46025,8.29993,1.54338,0.96549,16.859,694.01,3.5537,3207.0,3.299,1170.6,13990.0,66.003,35.61,46.65,1.39841,3.7636,279.61,24.071,13.1288,2.9061
2015-08-28,0.894,1.39451,1.3198,0.64964,121.703,8.4523,8.286,1.54748,0.96188,16.744,691.07,3.5815,3072.0,3.299,1182.5,13980.0,66.184,35.88,46.8,1.4079,3.7615,279.55,24.163,13.3088,2.9228
2015-08-30,,1.40089,,0.64877,,,,1.55171,,,,,,,,,,,,,,,,,
2015-08-31,0.8911,1.40592,1.31431,0.65147,121.205,8.46223,8.26618,1.57304,0.96593,16.7404,692.57,3.6215,3054.2,3.2122,1182.45,14045.0,66.421,35.81,46.75,1.41046,3.77,279.37,24.0865,13.2674,2.9145
2015-09-01,0.8846,1.42531,1.32454,0.6536,119.608,8.42883,8.29442,1.57888,0.9597,16.9508,692.45,3.6956,3114.0,3.236,1179.85,14095.0,66.352,35.69,46.72,1.41345,3.7507,277.95,23.894,13.4074,2.9304
2015-09-02,0.891,1.41906,1.32635,0.6533,120.489,8.43,8.24428,1.57067,0.96979,16.8319,689.2,3.7577,3081.0,3.2435,1181.25,14125.0,66.199,35.73,46.7,1.4152,3.7695,278.98,24.0765,13.4262,2.9418
2015-09-03,0.8991,1.42511,1.31859,0.65556,120.179,8.40771,8.26545,1.56573,0.97334,16.8133,688.8,3.7397,3163.0,3.2445,1187.85,14168.0,66.074,35.83,46.76,1.41648,3.7881,280.96,24.2955,13.5587,2.9695
2015-09-04,0.897,1.44802,1.3281,0.65941,119.017,8.4346,8.304,1.59264,0.9715,16.9345,692.2,3.8447,3138.5,3.1915,1199.5,14160.0,66.679,35.9,46.83,1.4235,3.7935,281.75,24.187,13.8695,3.0074
2015-09-05,,1.44865,,,,,,,,,,,,,,,,,,,,,,,
2015-09-06,,1.44528,,0.65845,,,,1.5896,,,,,,,,,,,,,,,,,
2015-09-07,0.8949,1.44157,1.32995,0.65471,119.239,8.44947,8.31308,1.59546,0.97506,16.9739,693.55,3.8392,3141.0,3.22,1199.5,14275.0,66.81,36.08,46.9,1.42716,3.7862,281.05,24.2035,13.9483,3.0267
2015-09-08,0.892,1.42231,1.32067,0.64955,119.971,8.39666,8.2278,1.57248,0.97802,16.8234,690.53,3.8199,3127.0,3.2065,1195.15,14275.0,66.358,36.08,46.88,1.41731,3.7682,279.48,24.1295,13.7013,3.0101
2015-09-09,0.8912,1.43303,1.32766,0.65123,120.32,8.3916,8.20752,1.59215,0.97487,16.9031,690.46,3.7823,3111.7,3.2132,1186.0,14260.0,66.461,36.05,46.89,1.41884,3.7518,280.53,24.1105,13.8699,3.0441
2015-09-10,0.8856,1.41285,1.3227,0.64788,120.77,8.3586,8.1704,1.58393,0.97294,16.7502,685.11,3.8508,3113.0,3.2105,1181.9,14330.0,66.436,36.1,46.72,1.4124,3.7291,279.12,23.9215,13.6103,3.017
2015-09-11,0.8816,1.41091,1.32609,0.64826,120.567,8.2247,8.146,1.58489,0.96819,16.8095,687.73,3.881,2985.0,3.2075,1181.9,14325.0,66.371,36.1,46.78,1.4113,3.7139,278.5,23.885,13.5865,3.0574
2015-09-12,,,,0.64817,,,,,,,,,,,,,,,,,,,,,
2015-09-13,,1.41161,,0.64758,,,,1.58448,,,,,,,,,,,,,,,,,
2015-09-14,0.8839,1.4008,1.32574,0.64843,120.331,8.25389,8.19028,1.57968,0.9683,16.7376,687.85,3.8124,3044.0,3.2145,1181.7,14345.0,66.247,36.04,46.68,1.40493,3.7176,276.64,23.864,13.4804,3.0562
2015-09-15,0.8869,1.40195,1.32455,0.6517,120.358,8.30039,8.18542,1.57599,0.97422,16.6947,683.2,3.863,3010.0,3.2,1178.45,14405.0,66.397,35.93,46.69,1.40157,3.7228,276.63,24.0295,13.4524,3.0269
2015-09-16,0.8854,1.38978,1.31709,0.64526,120.56,8.25059,8.145,1.57565,0.97044,16.5456,676.2,3.8315,3025.0,3.2075,1170.6,14450.0,66.45,35.83,46.62,1.39698,3.7188,275.99,23.9965,13.2672,2.9971
2015-09-17,0.8757,1.39392,1.31685,0.64212,120.132,8.18074,8.09616,1.57045,0.96063,16.5835,673.75,3.895,2965.0,3.1914,1164.2,14455.0,66.07,35.74,46.35,1.39674,3.6761,271.11,23.7115,13.2691,3.0048
2015-09-18,0.8838,1.39183,1.3226,0.64394,119.92,8.2374,8.1437,1.56421,0.9679,16.64,678.25,3.9475,2985.0,3.181,1172.0,14370.0,65.858,35.55,46.46,1.399,3.7155,271.2,23.888,13.3205,3.0061
2015-09-19,,1.39159,,,,,,1.56446,,,,,,,,,,,,,,,,,
2015-09-20,,1.39082,,0.64431,,,,1.56436,,,,,,,,,,,,,,,,,
2015-09-21,0.8937,1.40243,1.3247,0.64465,120.496,8.36145,8.22017,1.58178,0.97198,16.6552,684.43,3.9848,2985.0,3.191,1179.0,14450.0,65.649,35.76,46.52,1.40945,3.7393,277.43,24.1685,13.4647,3.0038
2015-09-22,0.8981,1.41371,1.3272,0.65147,120.01,8.39612,8.29257,1.59208,0.9748,16.8971,698.5,4.0499,3071.0,3.1905,1184.7,14495.0,65.8,36.04,46.61,1.41702,3.7746,279.44,24.3345,13.6734,3.0316
2015-09-23,0.8934,1.42959,1.33262,0.65584,120.221,8.42496,8.2856,1.59515,0.97892,17.1225,703.0,4.1754,3077.0,3.21,1193.95,14645.0,66.119,36.16,46.87,1.42573,3.7738,279.03,24.2881,13.8719,3.0395
2015-09-24,0.8944,1.42574,1.3337,0.65684,120.288,8.41286,8.47883,1.57793,0.97779,16.8586,696.5,3.9363,3159.0,3.2125,1195.8,14645.0,66.32,36.35,46.95,1.42441,3.7759,281.02,24.3895,13.8835,3.0472
2015-09-25,0.893,1.42367,1.3332,0.65888,120.584,8.4202,8.5222,1.56632,0.97925,16.969,700.2,3.977,3103.0,3.1975,1190.05,14680.0,66.127,36.15,46.74,1.42625,3.7773,283.0,24.351,13.827,3.0465
2015-09-26,,1.4247,,,,,,,,,,,,,,,,,,,,,,,
2015-09-27,,1.42509,,0.65809,,,,1.56892,,,,,,,,,,,,,,,,,
2015-09-28,0.8899,1.43283,1.33898,0.65945,119.916,8.45734,8.53167,1.58338,0.97439,17.0733,705.6,4.107,3089.0,3.2128,1195.45,14695.0,66.257,36.3,46.81,1.42864,3.7713,279.65,24.2325,14.0572,3.0529
2015-09-29,0.8881,1.42916,1.34204,0.65981,119.784,8.37813,8.4628,1.57408,0.9709,17.0131,703.4,4.0584,3105.8,3.2265,1194.3,14680.0,65.909,36.35,46.83,1.4275,3.7611,278.52,24.1535,13.9654,3.0376
2015-09-30,0.8948,1.42855,1.3325,0.66126,119.932,8.37075,8.5232,1.56566,0.97399,16.9323,695.65,3.9496,3086.5,3.225,1184.6,14645.0,65.478,36.3,46.69,1.42336,3.7995,280.47,24.3225,13.824,3.0236
2015-10-01,0.8933,1.42156,1.32444,0.66078,119.841,8.37584,8.42925,1.5613,0.97704,16.8949,695.6,4.0031,3061.2,3.223,1179.9,14665.0,65.601,36.47,46.74,1.43012,3.7928,279.03,24.2525,13.9133,3.0231
2015-10-02,0.8918,1.42035,1.315,0.65853,119.898,8.35005,8.3794,1.55188,0.971,16.786,688.4,3.942,3015.5,3.2245,1172.1,14640.0,65.354,36.55,46.62,1.43265,3.7848,277.3,24.177,13.7225,2.9968
2015-10-03,,,,0.65872,,,,,,,,,,,,,,,,,,,,,
2015-10-04,,1.41858,,0.65863,,,,1.55229,,,,,,,,,,,,,,,,,
2015-10-05,0.8933,1.41303,1.30874,0.66023,120.451,8.32671,8.4008,1.54112,0.9755,16.7694,682.6,3.9132,2958.0,3.2135,1158.7,14490.0,65.121,36.33,46.46,1.42027,3.7892,278.84,24.2215,13.5947,2.9821
2015-10-06,0.8873,1.397,1.30367,0.65663,120.219,8.2328,8.27883,1.52882,0.96687,16.653,680.3,3.8485,2913.0,3.2085,1162.0,14240.0,65.18,36.23,46.4,1.42026,3.7605,276.08,24.024,13.5201,2.9571
2015-10-07,0.8898,1.38806,1.30571,0.65299,119.983,8.24755,8.2075,1.51307,0.97346,16.6439,678.79,3.8831,2898.0,3.2098,1157.75,13800.0,64.897,35.88,45.97,1.4117,3.765,277.77,24.114,13.4602,2.9386
2015-10-08,0.8856,1.37857,1.30064,0.65151,119.908,8.2395,8.1377,1.50216,0.96564,16.4499,677.3,3.7844,2868.7,3.215,1157.45,13860.0,64.985,35.72,46.06,1.40437,3.7375,275.63,24.006,13.2951,2.8926
2015-10-09,0.8805,1.36414,1.2938,0.65307,120.246,8.19095,8.0884,1.49396,0.96142,16.4197,675.6,3.754,2857.0,3.207,1146.5,13410.0,64.696,35.5,45.66,1.39275,3.7152,273.5,23.825,13.3525,2.9183
2015-10-10,,1.3637,,,,,,,,,,,,,,,,,,,,,,,
2015-10-11,,1.36752,,0.65283,,,,1.49734,,,,,,,,,,,,,,,,,
2015-10-12,0.8803,1.3598,1.30006,0.65182,120.044,8.1806,8.0953,1.4894,0.96267,16.4696,675.7,3.765,2866.5,3.202,1142.25,13400.0,64.737,35.34,45.91,1.39892,3.7165,272.55,23.8495,13.3248,2.9272
2015-10-13,0.8779,1.38662,1.30229,0.65564,119.745,8.13212,8.14522,1.50623,0.95754,16.6581,683.3,3.892,2910.7,3.2188,1147.25,13614.0,65.057,35.54,46.01,1.40204,3.717,273.45,23.8195,13.55,2.9586
2015-10-14,0.8713,1.36984,1.29283,0.64637,118.862,8.1126,8.0837,1.47132,0.94939,16.4497,679.5,3.8101,2926.0,3.232,1138.4,13614.0,64.871,35.45,45.91,1.3789,3.6825,269.82,23.6055,13.2105,2.9118
2015-10-15,0.8788,1.36511,1.28678,0.64618,118.946,8.2323,8.09713,1.46334,0.95119,16.3886,673.5,3.7962,2895.0,3.2215,1121.7,13440.0,64.758,35.23,45.81,1.37953,3.7192,271.69,23.7955,13.0403,2.8789
2015-10-16,0.881,1.37722,1.2919,0.64786,119.442,8.2404,8.0943,1.46912,0.95275,16.4256,674.55,3.9234,2876.0,3.2215,1129.95,13520.0,64.704,35.29,45.98,1.38313,3.724,272.55,23.854,13.083,2.8955
2015-10-17,,1.37713,,,,,,,,,,,,,,,,,,,,,,,
2015-10-18,,1.37686,,0.64795,,,,1.46953,,,,,,,,,,,,,,,,,
2015-10-19,0.8825,1.38009,1.30173,0.64672,119.498,8.3172,8.1318,1.47167,0.95608,16.4894,679.5,3.8905,2918.0,3.251,1131.9,13530.0,64.917,35.43,46.15,1.38896,3.7473,273.54,23.8854,13.2871,2.9057
2015-10-20,0.8806,1.37716,1.29866,0.64749,119.802,8.3054,8.118,1.48117,0.95606,16.5606,687.6,3.9054,2930.0,3.227,1128.3,13640.0,64.967,35.45,46.35,1.39059,3.7508,273.01,23.8385,13.2831,2.9006
2015-10-21,0.8815,1.38612,1.31318,0.64861,119.9,8.32098,8.18313,1.48874,0.95905,16.6529,692.6,3.9403,2961.1,3.244,1136.9,13712.0,65.19,35.63,46.43,1.39382,3.7811,274.63,23.8464,13.5125,2.8931
2015-10-22,0.9002,1.3856,1.30981,0.64973,120.68,8.4514,8.2893,1.47401,0.97299,16.4777,688.6,3.9081,2902.8,3.2425,1130.75,13655.0,64.91,35.52,46.5,1.3941,3.8301,279.06,24.3725,13.3976,2.8715
2015-10-23,0.9073,1.38619,1.31637,0.65317,121.452,8.4812,8.3784,1.48131,0.97809,16.575,685.8,3.8794,2915.5,3.2455,1130.25,13630.0,64.882,35.44,46.58,1.39355,3.8575,280.48,24.6,13.6372,2.908
2015-10-24,,1.38619,,0.65308,,,,,,,,,,,,,,,,,,,,,
2015-10-25,,1.38552,,0.653,,,,1.48192,,,,,,,,,,,,,,,,,
2015-10-26,0.9039,1.3808,1.31592,0.65154,121.027,8.5007,8.3273,1.47501,0.98261,16.5238,687.5,3.9077,2927.0,3.2615,1128.45,13640.0,64.805,35.42,46.57,1.3922,3.8644,281.61,24.4905,13.6235,2.888
2015-10-27,0.9057,1.3902,1.32691,0.65317,120.436,8.5079,8.4607,1.47713,0.98679,16.5452,687.5,3.8849,2947.8,3.2612,1135.45,13620.0,65.096,35.48,46.75,1.39655,3.8782,282.15,24.5395,13.6817,2.9041
2015-10-28,0.9146,1.40724,1.3191,0.65487,121.085,8.542,8.5622,1.49504,0.993,16.6458,687.4,3.9033,2947.0,3.2685,1145.0,13820.0,64.943,35.59,46.84,1.40223,3.9172,284.36,24.7755,13.711,2.9198
2015-10-29,0.9099,1.41261,1.3162,0.65283,120.949,8.51937,8.5584,1.49405,0.98903,16.6175,688.5,3.8486,2920.8,3.275,1142.25,13625.0,65.35,35.65,46.98,1.40299,3.8941,282.06,24.6465,13.8889,2.9409
2015-10-30,0.9083,1.40154,1.308,0.6483,120.608,8.5298,8.4742,1.47645,0.9875,16.528,691.2,3.8582,2890.0,3.2754,1140.0,13675.0,65.413,35.57,46.73,1.4,3.8756,281.1,24.544,13.8185,2.9169
2015-10-31,,1.40193,,0.64835,,,,,,,,,,,,,,,,,,,,,
2015-11-01,,1.40223,,0.64725,,,,1.47925,,,,,,,,,,,,,,,,,
2015-11-02,0.9077,1.40011,1.31004,0.64873,120.745,8.53036,8.48893,1.48313,0.9871,16.4342,691.2,3.8736,2895.0,3.27,1137.05,13665.0,65.587,35.6,46.86,1.39825,3.863,283.42,24.5895,13.7713,2.8217
2015-11-03,0.912,1.39243,1.30644,0.64855,121.074,8.53674,8.5038,1.50256,0.99092,16.3946,688.4,3.7704,2798.0,3.2805,1130.5,13550.0,65.535,35.54,46.83,1.39571,3.8752,285.54,24.6825,13.7589,2.8292
2015-11-04,0.9199,1.4005,1.31514,0.64987,121.51,8.62294,8.6449,1.51715,0.99299,16.5372,692.05,3.7965,2835.0,3.288,1136.65,13550.0,65.446,35.52,46.81,1.40231,3.904,289.14,24.8837,13.9421,2.8614
2015-11-05,0.9185,1.39948,1.3163,0.65739,121.698,8.6256,8.54332,1.51281,0.99519,16.5943,694.77,3.7843,2857.0,3.293,1139.0,13543.0,65.88,35.49,46.88,1.40651,3.9057,287.92,24.8635,13.8923,2.8578
2015-11-06,0.931,1.42041,1.33045,0.66458,123.136,8.7021,8.6608,1.53257,1.00566,16.7783,697.3,3.7708,2894.8,3.3155,1151.9,13555.0,66.13,35.78,47.11,1.42104,3.9852,292.79,25.135,14.1855,2.9208
2015-11-07,,,,,,,,1.53398,,,,,,,,,,,,,,,,,
2015-11-08,,1.42252,,0.66458,,,,1.53271,,,,,,,,,,,,,,,,,
2015-11-09,0.9296,1.41981,1.32783,0.66157,123.07,8.6736,8.6498,1.53137,1.00321,16.7817,701.15,3.8024,2929.0,3.3025,1160.05,13645.0,66.465,35.83,47.19,1.42269,3.9536,291.37,25.1155,14.2879,2.9197
2015-11-10,0.9325,1.42363,1.32772,0.66132,123.207,8.6808,8.61812,1.53074,1.00612,16.7449,699.95,3.7486,2941.0,3.309,1158.35,13607.0,66.19,35.8,47.27,1.42096,3.9496,291.18,25.2075,14.2485,2.9141
2015-11-11,0.9292,1.41423,1.32561,0.65714,122.79,8.66713,8.59569,1.52346,1.0035,16.716,698.45,3.7676,2946.0,3.313,1156.0,13600.0,66.055,35.82,47.06,1.41892,3.915,289.5,25.1145,14.1476,2.8716
2015-11-12,0.9251,1.40388,1.32908,0.6568,122.64,8.62586,8.67158,1.52882,1.0005,16.7403,701.61,3.7691,2995.0,3.3165,1158.4,13600.0,66.03,35.9,47.0,1.41838,3.9154,289.04,25.0139,14.2949,2.8636
2015-11-13,0.9276,1.40213,1.3318,0.65612,122.579,8.6456,8.6755,1.52924,1.00595,16.68,705.1,3.8479,3075.0,3.319,1169.7,13660.0,66.048,35.9,47.06,1.42305,3.943,290.2,25.129,14.3967,2.8641
2015-11-14,,,,,,,,1.52859,,,,,,,,,,,,,,,,,
2015-11-15,,1.40509,,0.657,,,,1.53102,,,,,,,,,,,,,,,,,
2015-11-16,0.9358,1.40954,1.33313,0.65791,123.261,8.71988,8.69601,1.53957,1.00961,16.7604,712.1,3.8294,3073.4,3.3272,1172.0,13725.0,65.983,35.9,47.19,1.42163,3.9715,291.63,25.2724,14.3296,2.881
2015-11-17,0.9391,1.40688,1.33163,0.65724,123.413,8.7511,8.6754,1.5439,1.01405,16.7295,711.65,3.8121,3075.0,3.3375,1168.5,13705.0,65.96,35.97,47.17,1.42409,3.9865,292.13,25.3845,14.2669,2.8681
2015-11-18,0.9378,1.40728,1.331,0.65665,123.573,8.72072,8.6696,1.54507,1.01958,16.726,714.65,3.765,3103.0,3.3568,1169.8,13799.0,66.124,35.95,47.15,1.42128,3.982,290.97,25.3385,14.1542,2.8602
2015-11-19,0.9318,1.39144,1.32938,0.6541,122.946,8.67157,8.58905,1.52441,1.0132,16.6241,710.6,3.7658,3071.5,3.343,1156.8,13775.0,66.075,35.71,46.99,1.41325,3.9603,288.92,25.1785,14.0107,2.8427
2015-11-20,0.9391,1.38169,1.33467,0.6584,122.755,8.724,8.6313,1.52432,1.01826,16.5205,713.2,3.7045,3047.0,3.3445,1151.0,13650.0,66.053,35.7,46.96,1.41125,3.9822,289.65,25.345,13.8637,2.8266
2015-11-21,,,,,,,,1.52416,,,,,,,,,,,,,,,,,
2015-11-22,,1.38355,,0.6586,,,,1.52495,,,,,,,,,,,,,,,,,
2015-11-23,0.9399,1.38976,1.33595,0.66133,122.88,8.7166,8.6481,1.53553,1.01833,16.5445,714.7,3.7334,3092.3,3.356,1158.4,13721.0,66.338,35.84,47.09,1.4169,3.9965,292.83,25.4054,14.0801,2.8495
2015-11-24,0.9391,1.37705,1.33012,0.66296,122.516,8.6892,8.64141,1.52592,1.01659,16.5233,710.85,3.6998,3067.7,3.3755,1145.9,13705.0,66.29,35.72,47.03,1.40951,4.0023,292.93,25.3815,14.0063,2.8747
2015-11-25,0.9412,1.37836,1.32915,0.66129,122.698,8.7283,8.6439,1.51976,1.02145,16.5091,713.0,3.742,3086.5,3.3645,1143.5,13685.0,66.323,35.64,47.04,1.40419,4.0159,293.7,25.4455,14.1226,2.8841
2015-11-26,0.9426,1.38579,1.32927,0.66229,122.625,8.7353,8.6627,1.52432,1.02349,16.563,713.1,3.7426,3085.8,3.3645,1143.5,13685.0,66.57,35.72,47.04,1.40866,4.0299,294.02,25.4825,14.2791,2.9233
2015-11-27,0.944,1.39014,1.33717,0.66521,122.741,8.7288,8.6965,1.53102,1.02985,16.6145,715.5,3.8459,3093.0,3.3645,1143.5,13685.0,66.9,35.74,47.04,1.41075,4.0255,294.65,25.515,14.3935,2.9034
2015-11-28,,,,,,,,1.53186,,,,,,,,,,,,,,,,,
2015-11-29,,1.39043,,0.66514,,,,1.53064,,,,,,,,,,,,,,,,,
2015-11-30,0.9451,1.38353,1.33422,0.66389,123.146,8.716,8.6911,1.51812,1.02833,16.5667,710.3,3.8721,3144.0,3.3588,1158.2,13830.0,66.486,35.8,47.13,1.41073,4.0342,293.61,25.5565,14.414,2.9103
2015-12-01,0.941,1.36556,1.33577,0.66339,122.905,8.6868,8.62813,1.49923,1.02605,16.5118,703.45,3.8548,3145.0,3.3604,1156.6,13780.0,66.488,35.69,47.12,1.40639,4.0293,294.02,25.4255,14.4347,2.888
2015-12-02,0.9424,1.3702,1.33514,0.66932,123.283,8.6807,8.6539,1.50659,1.01866,16.5651,703.85,3.8359,3160.0,3.37,1161.9,13795.0,66.513,35.8,47.2,1.41156,4.0302,292.3,25.4648,14.3594,2.8885
2015-12-03,0.9149,1.36431,1.33509,0.66065,122.65,8.4877,8.48583,1.49941,0.99339,16.6982,700.6,3.7588,3147.0,3.3615,1162.65,13842.0,66.825,35.85,47.1,1.39537,3.9612,286.44,24.7555,14.3526,2.8849
2015-12-04,0.9185,1.36318,1.33581,0.66184,123.056,8.4773,8.5042,1.48324,0.99574,16.665,700.4,3.7365,3192.0,3.354,1159.3,13830.0,66.67,35.82,47.01,1.39398,3.9604,287.65,24.77,14.2932,2.8795
2015-12-05,,1.36301,,,,,,1.48324,,,,,,,,,,,,,,,,,
2015-12-06,,1.36355,,0.66197,,,,1.48644,,,,,,,,,,,,,,,,,
2015-12-07,0.9229,1.37779,1.35096,0.66461,123.364,8.5396,8.6542,1.50714,1.00031,16.8821,705.95,3.765,3307.5,3.371,1172.2,13840.0,66.755,35.85,47.05,1.4059,3.9898,288.81,24.9375,14.5138,2.911
2015-12-08,0.9177,1.38535,1.35809,0.66626,122.89,8.5084,8.76228,1.5031,0.9924,17.0128,705.75,3.8166,3307.5,3.363,1179.3,13870.0,66.754,35.94,47.14,1.40731,3.9855,287.84,24.7914,14.6083,2.9081
2015-12-09,0.9075,1.38349,1.35661,0.65877,121.628,8.4122,8.6707,1.48456,0.9832,17.059,703.98,3.7454,3282.0,3.363,1180.85,13870.0,66.846,35.95,47.19,1.40429,3.9464,286.55,24.5086,14.8983,2.9106
2015-12-10,0.9138,1.37665,1.36336,0.65985,121.648,8.51944,8.64338,1.48392,0.98846,17.1757,704.33,3.8098,3254.0,3.373,1176.1,13930.0,66.697,36.0,47.21,1.40338,3.9716,290.04,24.6844,15.4,2.9226
2015-12-11,0.9096,1.39229,1.3755,0.65701,120.954,8.4857,8.6769,1.48911,0.9832,17.335,708.8,3.879,3298.0,3.366,1185.95,13945.0,67.073,36.07,47.45,1.41025,3.9693,288.37,24.664,15.9205,2.9797
2015-12-12,,,,,,,,1.48876,,,,,,,,,,,,,,,,,
2015-12-13,,1.39208,,0.65831,,,,1.4904,,,,,,,,,,,,,,,,,
2015-12-14,0.9088,1.38013,1.37233,0.65915,120.907,8.47199,8.64603,1.47916,0.98541,17.3187,711.65,3.8824,3351.4,3.3585,1185.2,14075.0,67.037,36.1,47.45,1.40741,3.968,288.38,24.5474,15.0992,2.9824
2015-12-15,0.9145,1.38866,1.37362,0.66503,121.665,8.50043,8.6755,1.47615,0.99096,17.1099,710.55,3.9117,3315.0,3.3728,1173.8,14055.0,66.831,35.93,47.34,1.40564,3.9496,288.51,24.7115,14.8752,2.9622
2015-12-16,0.9178,1.38802,1.37805,0.66758,122.324,8.514,8.7677,1.47988,0.99141,16.9818,705.49,3.893,3330.3,3.3615,1178.5,14065.0,66.576,35.87,47.23,1.40663,3.9412,289.6,24.8085,14.9301,2.9341
2015-12-17,0.9228,1.40518,1.39343,0.6709,122.521,8.5563,8.7551,1.49557,0.99485,17.0354,707.15,3.8784,3345.0,3.363,1187.4,14005.0,66.34,36.1,47.43,1.41835,3.9678,292.19,24.9315,15.2098,2.9223
2015-12-18,0.9201,1.39352,1.39555,0.67146,121.146,8.53045,8.7383,1.48653,0.99197,17.1219,698.35,3.9819,3328.0,3.3628,1181.0,13915.0,66.277,36.05,47.28,1.41395,3.9245,288.24,24.813,15.0865,2.9076
2015-12-19,,,,,,,,1.48765,,,,,,,,,,,,,,,,,
2015-12-20,,1.3947,,0.67102,,,,1.48626,,,,,,,,,,,,,,,,,
2015-12-21,0.9163,1.3922,1.39631,0.67187,121.226,8.49345,8.7745,1.47793,0.99229,17.1521,692.49,4.012,3329.0,3.3775,1174.2,13760.0,66.191,36.05,47.32,1.40745,3.8964,287.0,24.7725,15.0814,2.9113
2015-12-22,0.913,1.38338,1.39212,0.67448,121.029,8.4279,8.7184,1.46867,0.98776,17.173,696.81,3.989,3313.0,3.3825,1170.3,13645.0,66.2,36.06,47.2,1.40409,3.8763,286.3,24.6655,15.143,2.9297
2015-12-23,0.9166,1.38341,1.38538,0.67249,120.916,8.448,8.71062,1.47362,0.99071,17.1979,698.1,3.9436,3215.0,3.3938,1173.1,13640.0,66.147,36.04,47.2,1.40501,3.8871,287.84,24.7584,15.1998,2.9187
2015-12-24,0.9117,1.37656,1.38284,0.67077,120.28,8.3862,8.68922,1.46856,0.98604,17.2318,699.7,3.9519,3171.0,3.385,1168.05,13630.0,65.96,36.03,47.21,1.40505,3.8614,287.42,24.597,15.2708,2.913
2015-12-25,0.9108,1.37504,1.3799,0.67,120.289,8.40359,8.68804,1.46231,0.98709,17.2745,,3.943,3170.0,3.39,1168.05,13640.0,65.979,36.04,47.2,1.404,3.873,288.24,24.635,15.2525,2.9202
2015-12-27,,1.37457,,0.67029,,,,1.46321,,,,,,,,,,,,,,,,,
2015-12-28,0.911,1.37912,1.38999,0.67199,120.364,8.36203,8.6838,1.45964,0.9879,17.2223,707.3,3.8592,3186.0,3.397,1167.55,13645.0,66.148,36.12,47.03,1.40698,3.8677,285.57,24.6145,15.2826,2.9049
2015-12-29,0.9152,1.3721,1.38417,0.67514,120.49,8.37873,8.69637,1.45696,0.99244,17.2265,708.35,3.8663,3165.0,3.404,1170.5,13740.0,66.232,36.07,46.92,1.41206,3.8727,286.01,24.7385,15.2766,2.9041
2015-12-30,0.915,1.37468,1.38802,0.67528,120.51,8.41056,8.78891,1.46327,0.98853,17.3732,708.2,3.9603,3173.7,3.4,1177.0,13780.0,66.38,36.06,46.89,1.41472,3.8942,286.49,24.7056,15.5467,2.919
2015-12-31,0.9217,1.37197,1.38325,0.67871,120.209,8.45314,8.85324,1.46282,1.0015,17.2302,708.1,3.9603,3169.5,3.4,1177.0,13780.0,66.405,35.96,46.9,1.41615,3.921,287.23,24.879,15.4605,2.9167
2016-01-01,0.9204,1.37208,,0.67875,120.203,8.45314,8.85324,1.46295,1.0001,17.2302,,3.9615,3173.5,3.4,1172.3,13820.0,66.13,35.99,46.89,1.41615,,286.55,24.881,15.456,2.9183
2016-01-02,,,,,,,,1.46135,,,,,,,,,,,,,,,,,
2016-01-03,,1.3708,,0.67867,,,,1.46419,,,,,,,,,,,,,,,,,
2016-01-04,0.9231,1.39289,1.39272,0.67955,119.308,8.4967,8.87487,1.48175,1.00217,17.2966,716.85,4.0406,3216.1,3.4095,1190.5,13910.0,66.554,36.13,47.09,1.42459,3.9675,290.42,24.9435,15.5459,2.9635
2016-01-05,0.9296,1.39669,1.39799,0.68147,119.116,8.58601,8.9031,1.49218,1.00847,17.3176,713.0,4.0298,3209.3,3.416,1189.85,13855.0,66.503,36.1,46.87,1.42572,4.0015,291.56,25.1215,15.6319,2.9846
2016-01-06,0.9277,1.41553,1.40776,0.68373,118.464,8.5896,8.95522,1.5072,1.00756,17.5375,714.6,4.0235,3254.0,3.417,1199.9,13945.0,66.709,36.22,47.09,1.43591,4.0349,291.92,25.0855,15.8495,3.0006
2016-01-07,0.9153,1.42511,1.41199,0.68367,117.593,8.47002,8.8789,1.50948,0.99394,17.8176,721.4,4.045,3270.3,3.415,1192.8,13925.0,66.9,36.27,47.05,1.43171,3.9776,287.86,24.7555,16.0776,3.0001
2016-01-08,0.9147,1.43856,1.41713,0.68865,117.234,8.50525,8.85395,1.52893,0.99492,17.9067,726.9,4.046,3262.6,3.422,1207.3,13920.0,66.815,36.28,47.27,1.44025,4.0008,290.28,24.787,16.286,3.0105
2016-01-09,,,,,,,,1.52905,,,,,,,,,,,,,,,,,
2016-01-10,,1.44232,,0.68946,,,,1.53424,,,,,,,,,,,,,,,,,
2016-01-11,0.9204,1.43023,1.42175,0.68737,117.702,8.5287,8.9358,1.52437,1.00143,17.9095,731.4,4.0528,3276.5,3.4245,1206.4,13870.0,66.775,36.26,47.24,1.43251,4.0046,291.96,24.8715,16.7592,3.0349
2016-01-12,0.9216,1.43371,1.42712,0.69323,117.727,8.531,8.88422,1.53156,1.00249,17.8938,729.3,4.0281,3278.9,3.419,1206.3,13905.0,66.806,36.25,47.31,1.43781,4.0165,291.46,24.9115,16.6476,3.0308
2016-01-13,0.9188,1.43744,1.4342,0.69359,117.63,8.52429,8.81635,1.53699,1.00621,17.929,727.1,4.0038,3252.7,3.4188,1205.5,13820.0,66.88,36.23,47.36,1.43664,3.9992,289.74,24.8174,16.565,3.0277
2016-01-14,0.9204,1.4316,1.4353,0.69366,118.145,8.55163,8.75513,1.54512,1.00517,17.8472,720.8,4.024,3243.0,3.427,1210.5,13905.0,67.393,36.3,47.81,1.43647,4.0449,289.71,24.872,16.43,3.0202
2016-01-15,0.9155,1.45815,1.4541,0.70146,116.98,8.5826,8.8232,1.54751,1.001,18.225,730.3,4.0535,3300.2,3.432,1219.6,13890.0,67.81,36.33,47.87,1.436,4.093,288.44,24.726,16.8315,3.041
2016-01-16,,,,,,,,1.54799,,,,,,,,,,,,,,,,,
2016-01-17,,1.45919,,0.70144,,,,1.55383,,,,,,,,,,,,,,,,,
2016-01-18,0.9179,1.45427,1.4547,0.7016,117.396,8.57555,8.893,1.54686,1.00491,18.207,729.89,4.0548,3296.8,3.424,1208.0,13925.0,67.72,36.27,47.77,1.43827,4.0916,289.32,24.8145,16.8561,3.0352
2016-01-19,0.916,1.44735,1.45699,0.70597,117.616,8.5325,8.8159,1.56348,1.00329,18.2592,727.0,4.0607,3308.4,3.429,1205.9,13875.0,67.711,36.26,47.63,1.43737,4.075,288.47,24.7615,16.7733,3.0377
2016-01-20,0.9181,1.44569,1.45083,0.70495,116.976,8.58752,8.8775,1.55383,1.00461,18.5027,727.3,4.0968,3389.6,3.44,1208.0,13955.0,68.021,36.26,47.92,1.43714,4.1227,288.78,24.8275,16.7321,3.0395
2016-01-21,0.9197,1.42812,1.4267,0.70312,117.777,8.55956,8.7809,1.53184,1.0073,18.7029,725.2,4.1554,3315.6,3.44,1205.7,13907.0,67.883,36.21,47.78,1.43383,4.128,289.19,24.8735,16.5315,3.0118
2016-01-22,0.926,1.42898,1.4115,0.70107,118.71,8.5862,8.7352,1.54083,1.0157,18.4275,715.2,4.094,3309.0,3.447,1195.85,13845.0,67.555,36.0,47.74,1.4293,4.1271,287.81,24.97,16.4665,3.0026
2016-01-23,,,,,,,,1.54131,,,,,,,,,,,,,,,,,
2016-01-24,,1.42843,,0.70109,,,,1.54457,,,,,,,,,,,,,,,,,
2016-01-25,0.9214,1.43991,1.42915,0.70228,118.335,8.55662,8.7554,1.54993,1.01261,18.5998,721.79,4.0892,3395.0,3.449,1194.8,13870.0,67.706,35.95,47.95,1.42907,4.1274,287.75,24.8995,16.5292,3.0214
2016-01-26,0.92,1.43,1.41194,0.69698,118.443,8.53942,8.69974,1.54107,1.01719,18.4213,717.69,4.0701,3409.4,3.466,1197.3,13895.0,67.689,35.82,47.91,1.42586,4.0895,286.98,24.8635,16.3706,3.0069
2016-01-27,0.9169,1.42339,1.40906,0.70209,118.585,8.4923,8.6555,1.5548,1.01459,18.4271,714.49,4.1117,3352.0,3.459,1207.0,13877.0,68.13,35.78,47.93,1.43099,4.1105,287.67,24.7795,16.4304,2.9984
2016-01-28,0.9139,1.41137,1.40353,0.6965,118.786,8.50072,8.608,1.54471,1.01384,18.3396,710.59,4.0705,3278.0,3.4635,1204.2,13870.0,68.022,35.77,47.75,1.42629,4.0705,286.29,24.6985,16.1736,2.9696
2016-01-29,0.9232,1.41251,1.3971,0.702,121.14,8.5768,8.681,1.54326,1.02166,18.095,712.8,3.9978,3281.0,3.467,1207.0,13770.0,67.867,35.68,47.68,1.42315,4.0784,286.6,25.002,15.871,2.958
2016-01-30,,,,,,,,1.54392,,,,,,,,,,,,,,,,,
2016-01-31,,1.41581,,0.70256,,,,1.54751,,,,,,,,,,,,,,,,,
2016-02-01,0.9181,1.40736,1.39506,0.69351,121.014,8.5293,8.6818,1.52985,1.01949,18.2043,710.7,3.9643,3322.8,3.4735,1203.05,13635.0,67.91,35.53,47.66,1.42223,4.0402,284.91,24.8095,15.9043,2.9441
2016-02-02,0.9151,1.42347,1.4047,0.69397,119.743,8.54526,8.71091,1.53379,1.01833,18.4781,713.79,3.9877,3390.0,3.4817,1211.0,13680.0,67.911,35.77,47.9,1.42913,4.041,285.44,24.7335,16.2201,2.9497
2016-02-03,0.9021,1.39702,1.3789,0.68557,118.054,8.452,8.5657,1.50193,1.0059,18.181,703.99,3.8946,3372.0,3.49,1200.0,13750.0,67.935,35.62,47.85,1.41446,3.9846,280.9,24.3805,15.9348,2.9126
2016-02-04,0.8924,1.39034,1.37537,0.68619,116.867,8.3994,8.4932,1.48896,0.99306,18.2499,696.1,3.8896,3314.0,3.48,1190.75,13635.0,67.539,35.6,47.5,1.39818,3.9477,277.06,24.1205,15.8508,2.9116
2016-02-05,0.896,1.41511,1.3916,0.68962,116.808,8.4492,8.5707,1.50948,0.99075,18.4121,706.07,3.878,3331.0,3.476,1204.95,13620.0,67.8,35.55,47.76,1.40765,3.9515,277.12,24.239,15.984,2.9196
2016-02-07,,1.41337,,0.68973,,,,1.51108,,,,,,,,,,,,,,,,,
2016-02-08,0.8924,1.41167,1.39315,0.69319,115.483,8.4393,8.5764,1.51103,0.98687,18.648,713.4,3.8964,3359.0,3.482,1206.45,13620.0,68.003,35.52,47.84,1.4053,3.9678,277.11,24.1655,16.1355,2.9457
2016-02-09,0.8856,1.41391,1.38741,0.69123,115.106,8.40859,8.5806,1.50704,0.97337,18.7992,713.45,3.8869,3392.0,3.49,1196.75,13602.0,67.89,35.4,47.63,1.39626,3.9348,275.62,23.9375,16.0608,2.9385
2016-02-10,0.8863,1.40817,1.39269,0.68808,113.486,8.37651,8.5182,1.49698,0.97349,18.9042,712.5,3.9265,3389.2,3.504,1190.0,13460.0,67.855,35.3,47.43,1.39131,3.9056,276.04,23.9665,15.8997,2.9195
2016-02-11,0.8836,1.40376,1.39139,0.69076,112.549,8.37538,8.5568,1.48608,0.97258,19.1287,712.49,3.9886,3436.8,3.512,1198.5,13460.0,68.399,35.22,47.5,1.38871,3.9056,274.68,23.8885,15.8268,2.9312
2016-02-12,0.8881,1.40673,1.385,0.68951,113.236,8.4156,8.5807,1.50896,0.97697,18.9,704.0,4.0015,3382.0,3.507,1206.0,13485.0,68.108,35.6,47.53,1.39625,3.9025,275.55,24.0,15.8442,2.9292
2016-02-13,,,,,,,,1.50898,,,,,,,,,,,,,,,,,
2016-02-14,,1.40708,,0.6897,,,,1.50964,,,,,,,,,,,,,,,,,
2016-02-15,0.8955,1.40136,1.38307,0.69274,114.448,8.47702,8.61533,1.50639,0.98642,18.8148,703.7,4.0013,3378.0,3.504,1209.65,13370.0,68.162,35.64,47.4,1.39948,3.9354,276.91,24.2005,15.7087,2.9467
2016-02-16,0.8974,1.40586,1.38668,0.69913,114.219,8.50862,8.6251,1.52038,0.98853,18.8732,708.32,4.0694,3413.0,3.499,1218.4,13395.0,68.448,35.63,47.45,1.40484,3.954,278.79,24.239,15.7803,2.9752
2016-02-17,0.8982,1.39417,1.36887,0.69996,114.099,8.50993,8.5447,1.50825,0.99241,18.3327,700.15,3.9838,3352.9,3.5065,1223.0,13505.0,68.328,35.63,47.57,1.40356,3.949,278.03,24.261,15.4605,2.9532
2016-02-18,0.8999,1.39829,1.37265,0.69788,113.316,8.43976,8.58477,1.50664,0.993,18.2795,702.65,4.0261,3349.9,3.501,1230.75,13490.0,68.541,35.51,47.58,1.40261,3.9545,278.85,24.3195,15.4169,2.9668
2016-02-19,0.8983,1.39936,1.37645,0.6942,112.603,8.44345,8.5503,1.50809,0.98993,18.3107,698.7,4.041,3348.0,3.49,1230.9,13490.0,68.69,35.74,47.63,1.40488,3.9315,278.45,24.28,15.3969,2.9539
2016-02-20,,,,,,,,1.50921,,,,,,,,,,,,,,,,,
2016-02-21,,1.40076,,0.69961,,,,1.50807,,,,,,,,,,,,,,,,,
2016-02-22,0.9068,1.38372,1.37106,0.70679,112.916,8.49553,8.59829,1.49307,0.99977,18.0884,691.75,3.9456,3305.0,3.512,1223.0,13435.0,68.527,35.77,47.55,1.39901,3.9515,278.16,24.5287,15.1786,2.9355
2016-02-23,0.9072,1.39171,1.37851,0.71315,111.983,8.47996,8.60323,1.50798,0.99147,18.203,695.4,3.9556,3324.0,3.513,1229.35,13420.0,68.556,35.73,47.67,1.40819,3.9734,279.21,24.5124,15.2287,2.9409
2016-02-24,0.9075,1.39109,1.37012,0.71798,112.043,8.48659,8.66165,1.50292,0.98868,18.1931,693.1,3.9583,3344.0,3.528,1234.85,13405.0,68.546,35.68,47.7,1.4045,3.9706,281.08,24.5505,15.6206,2.9356
2016-02-25,0.9072,1.3847,1.35419,0.71665,112.905,8.502,8.62523,1.48759,0.99056,18.1227,690.05,3.9557,3310.5,3.526,1236.0,13405.0,68.83,35.65,47.62,1.40126,3.9497,282.37,24.5485,15.5635,2.9265
2016-02-26,0.9143,1.40306,1.3512,0.72098,113.975,8.557,8.6824,1.50875,0.99671,18.2375,692.7,3.9935,3328.0,3.523,1242.0,13365.0,68.819,35.65,47.52,1.4048,3.986,282.8,24.739,16.2278,2.9857
2016-02-27,,,,,,,,1.51012,,,,,,,,,,,,,,,,,
2016-02-28,,1.40434,,0.72151,,,,1.51764,,,,,,,,,,,,,,,,,
2016-02-29,0.9185,1.39878,1.3532,0.71814,112.326,8.55473,8.68481,1.51286,0.99778,18.1433,696.19,4.017,3330.5,3.523,1237.45,13367.0,68.215,35.63,47.4,1.40468,3.9952,284.55,24.8446,15.8894,2.9635
2016-03-01,0.9199,1.39326,1.34195,0.7169,114.045,8.61393,8.64025,1.5065,0.99711,17.8971,688.9,3.925,3228.0,3.5154,1231.0,13345.0,67.675,35.59,47.21,1.40006,3.9817,284.64,24.8705,15.5788,2.9337
2016-03-02,0.9197,1.37265,1.3427,0.71042,113.6,8.60456,8.6589,1.50006,0.99637,17.8197,684.3,3.8955,3200.0,3.516,1226.65,13285.0,67.414,35.52,47.16,1.39699,3.9754,285.53,24.8716,15.5407,2.9252
2016-03-03,0.913,1.36129,1.34126,0.70575,113.715,8.52942,8.5814,1.48854,0.99173,17.9336,685.5,3.7991,3193.0,3.4835,1209.0,13230.0,67.16,35.47,46.94,1.38879,3.9595,282.5,24.6975,15.6031,2.9102
2016-03-04,0.9087,1.34532,1.33145,0.70292,113.735,8.46215,8.4746,1.468,0.99263,17.7547,681.3,3.739,3164.0,3.4585,1198.0,13130.0,66.948,35.42,46.74,1.3718,3.9113,282.35,24.56,15.3515,2.907
2016-03-05,,,,,,,,1.46843,,,,,,,,,,,,,,,,,
2016-03-06,,1.34785,,0.70323,,,,1.47039,,,,,,,,,,,,,,,,,
2016-03-07,0.9076,1.33978,1.32899,0.70122,113.36,8.47321,8.4925,1.47377,0.99552,17.7481,678.8,3.7775,3124.0,3.45,1199.35,13085.0,66.946,35.42,46.87,1.37816,3.9298,281.07,24.5625,15.2378,2.9153
2016-03-08,0.9084,1.34705,1.34199,0.70373,112.675,8.48543,8.5656,1.48527,0.99555,17.9127,683.4,3.7537,3182.0,3.45,1206.0,13138.0,67.308,35.35,46.95,1.3835,3.9269,281.33,24.5661,15.4109,2.9111
2016-03-09,0.9091,1.33806,1.32437,0.70369,113.303,8.44397,8.51843,1.50711,0.99719,17.7414,677.4,3.6827,3199.0,3.45,1209.9,13138.0,67.158,35.27,46.84,1.38102,3.9251,280.66,24.5965,15.1994,2.8898
2016-03-10,0.8942,1.34203,1.33354,0.7,113.153,8.3749,8.50655,1.50017,0.98446,17.8282,682.35,3.6194,3220.0,3.436,1200.0,13070.0,67.35,35.15,46.68,1.38038,3.875,278.14,24.1677,15.3823,2.8899
2016-03-11,0.8963,1.32214,1.3222,0.69551,113.96,8.3618,8.4084,1.48254,0.9809,17.697,682.4,3.6085,3170.0,3.413,1184.3,13065.0,66.956,35.09,46.46,1.36975,3.8405,278.88,24.213,15.2145,2.8716
2016-03-13,,1.32475,,0.69556,,,,1.4863,,,,,,,,,,,,,,,,,
2016-03-14,0.9003,1.3309,1.32664,0.6994,113.78,8.3424,8.4707,1.49945,0.98729,17.7506,682.35,3.6579,3187.8,3.3535,1188.65,13055.0,67.143,35.09,46.55,1.37616,3.8513,278.98,24.3425,15.519,2.8695
2016-03-15,0.9001,1.33944,1.33491,0.70631,113.198,8.31433,8.5489,1.51238,0.98672,17.8831,685.9,3.7634,3153.7,3.3275,1193.35,13175.0,67.39,35.12,46.8,1.38092,3.8601,279.25,24.332,15.9342,2.8969
2016-03-16,0.8914,1.32659,1.31275,0.70183,112.756,8.23558,8.45403,1.48535,0.97822,17.6309,680.65,3.7404,3159.0,3.3485,1181.3,13265.0,67.163,34.91,46.66,1.36586,3.822,277.49,24.1225,15.6411,2.8679
2016-03-17,0.8835,1.30827,1.29846,0.69089,111.407,8.1803,8.3185,1.46411,0.9673,17.3285,669.6,3.6234,3084.0,3.378,1153.2,13090.0,66.46,34.74,46.1,1.35002,3.777,274.06,23.8835,15.142,2.8415
2016-03-18,0.8867,1.31529,1.30025,0.69078,111.543,8.24465,8.3783,1.47189,0.96892,17.3725,675.72,3.624,3072.0,3.3673,1161.89,13115.0,66.44,34.8,46.41,1.3575,3.7807,274.5,23.899,15.2525,2.8662
2016-03-20,,1.31718,,0.69147,,,,1.47406,,,,,,,,,,,,,,,,,
2016-03-21,0.8894,1.31923,1.30905,0.6959,112.12,8.22759,8.40793,1.47704,0.97062,17.4177,676.4,3.617,3072.0,3.3785,1159.5,13130.0,66.534,34.92,46.39,1.36024,3.7879,275.98,24.0405,15.2214,2.8614
2016-03-22,0.8913,1.31361,1.30492,0.70342,112.318,8.22669,8.40242,1.48265,0.97277,17.34,672.5,3.5806,3028.0,3.3977,1155.8,13175.0,66.69,34.94,46.27,1.36053,3.7931,277.42,24.0995,15.19,2.8677
2016-03-23,0.8941,1.32781,1.32127,0.7085,112.378,8.26413,8.47877,1.48934,0.97525,17.5657,681.3,3.6829,3074.0,3.4032,1165.6,13175.0,66.83,35.2,46.42,1.36647,3.8099,279.86,24.1825,15.338,2.8757
2016-03-24,0.8944,1.32943,1.3239,0.70694,112.782,8.29033,8.4745,1.49392,0.97557,17.5902,680.16,3.6814,3068.0,3.37,1166.55,13250.0,66.905,35.33,46.4,1.36919,3.8171,280.46,24.2035,15.4426,2.8733
2016-03-25,0.8944,1.33218,1.3273,0.70746,113.049,8.2997,8.48745,1.49656,0.97649,17.5174,680.45,3.683,3072.0,3.37,1165.65,13250.0,66.888,35.33,46.4,1.37083,3.8156,279.84,24.178,15.4082,2.8768
2016-03-27,,1.33216,,0.70757,,,,1.49642,,,,,,,,,,,,,,,,,
2016-03-28,0.8928,1.32522,1.31821,0.70147,113.44,8.27602,8.43094,1.4863,0.9738,17.4323,680.84,3.6487,3072.0,3.3665,1164.45,13365.0,66.58,35.32,46.31,1.36978,3.7968,279.82,24.1675,15.4425,2.8675
2016-03-29,0.8856,1.31098,1.3067,0.6952,112.787,8.19723,8.39152,1.45911,0.96658,17.3398,679.6,3.6383,3056.0,3.3578,1156.15,13395.0,66.366,35.43,46.31,1.35549,3.7591,277.23,23.9564,15.1922,2.8377
2016-03-30,0.8822,1.30444,1.29705,0.6958,112.454,8.1295,8.3055,1.44814,0.96519,17.2507,672.0,3.6025,3027.0,3.3518,1142.25,13265.0,66.37,35.22,45.88,1.35097,3.7673,277.71,23.8685,14.9064,2.8336
2016-03-31,0.8786,1.30419,1.2983,0.69601,112.532,8.12345,8.2732,1.44498,0.96124,17.2475,670.4,3.589,2999.0,3.3695,1139.25,13255.0,66.25,35.1,45.92,1.34781,3.7249,275.68,23.7605,14.6652,2.8178
2016-04-01,0.8773,1.30213,1.30034,0.70284,111.64,8.12695,8.3072,1.44886,0.95746,17.305,670.2,3.5555,3034.0,3.316,1147.85,13155.0,66.345,35.09,46.08,1.349,3.734,274.9,23.71,14.6775,2.8237
2016-04-03,,1.30358,,0.70341,,,,1.45159,,,,,,,,,,,,,,,,,
2016-04-04,0.8778,1.3153,1.30728,0.70119,111.289,8.12664,8.32955,1.46908,0.95895,17.4804,672.1,3.6205,3071.0,3.3379,1150.9,13165.0,66.049,35.23,46.19,1.35244,3.7201,274.15,23.7355,14.7619,2.8108
2016-04-05,0.8782,1.32566,1.31416,0.70644,110.284,8.12978,8.3341,1.47033,0.95618,17.6899,675.0,3.6774,3084.0,3.3442,1160.15,13215.0,66.529,35.29,46.37,1.35479,3.7445,274.75,23.7403,15.078,2.8308
2016-04-06,0.8772,1.31565,1.30895,0.7079,109.725,8.15014,8.31518,1.46503,0.95604,17.6377,674.4,3.6396,3085.0,3.3655,1158.25,13220.0,66.61,35.3,46.18,1.34702,3.7436,273.72,23.7115,15.0731,2.8403
2016-04-07,0.879,1.33225,1.31466,0.71163,108.329,8.1641,8.32483,1.47549,0.95626,17.8798,684.7,3.6873,3110.0,3.384,1157.55,13155.0,66.693,35.18,46.26,1.35212,3.7781,274.48,23.7555,15.2502,2.8634
2016-04-08,0.8775,1.3248,1.2986,0.70792,108.079,8.14165,8.2338,1.47016,0.9526,17.765,683.48,3.5907,3094.0,3.3872,1150.25,13140.0,66.541,35.11,46.07,1.3488,3.7777,273.86,23.703,14.8807,2.8511
2016-04-10,,1.32245,,0.70793,,,,1.46759,,,,,,,,,,,,,,,,,
2016-04-11,0.8762,1.31695,1.29052,0.70286,107.917,8.1114,8.1958,1.45828,0.95448,17.6486,679.1,3.4921,3060.0,3.366,1141.5,13125.0,66.322,35.04,46.1,1.34353,3.746,273.04,23.6785,14.7526,2.8288
2016-04-12,0.8781,1.30174,1.2774,0.70103,108.579,8.07934,8.1682,1.44496,0.95527,17.4828,672.5,3.4862,3015.0,3.2827,1142.98,13112.0,66.273,35.02,46.08,1.34331,3.7638,272.94,23.725,14.6917,2.8339
2016-04-13,0.8863,1.30745,1.27901,0.70317,109.211,8.1433,8.2324,1.4464,0.96526,17.4915,668.76,3.556,3002.8,3.2539,1146.45,13155.0,66.577,35.01,46.04,1.35189,3.8046,275.42,23.9599,14.58,2.8466
2016-04-14,0.8875,1.2982,1.28368,0.70686,109.202,8.12555,8.22605,1.45681,0.96669,17.3676,663.2,3.5012,2994.2,3.2645,1148.5,13170.0,66.516,35.07,46.12,1.36278,3.8179,276.55,23.9925,14.5269,2.8537
2016-04-15,0.8854,1.29611,1.28576,0.70348,108.762,8.12497,8.23344,1.44699,0.9669,17.5592,666.03,3.5352,2995.8,3.2685,1146.55,13170.0,66.581,35.01,46.17,1.35647,3.8005,274.87,23.9295,14.5795,2.854
2016-04-18,0.8839,1.28971,1.27921,0.70071,108.854,8.11543,8.21545,1.43777,0.96473,17.4273,663.5,3.6135,3002.0,3.2645,1145.2,13170.0,66.421,35.0,46.19,1.35102,3.807,274.55,23.8775,14.482,2.8381
2016-04-19,0.8802,1.28125,1.26919,0.6951,109.249,8.08361,8.13136,1.41979,0.96202,17.3327,659.3,3.529,2896.0,3.2647,1127.15,13145.0,66.14,34.82,46.09,1.33765,3.7811,272.68,23.7795,14.2723,2.8311
2016-04-20,0.8846,1.28279,1.26539,0.6976,109.76,8.12142,8.11351,1.43412,0.97099,17.2461,658.15,3.5275,2898.2,3.2394,1131.0,13135.0,66.142,34.84,46.3,1.34439,3.7776,273.15,23.9059,14.2211,2.8122
2016-04-21,0.8856,1.29189,1.27244,0.69846,109.415,8.14142,8.2019,1.44657,0.9748,17.462,665.82,3.5265,2937.0,3.2388,1136.25,13155.0,66.408,35.0,46.52,1.34923,3.8292,274.25,23.93,14.3055,2.8312
2016-04-22,0.8906,1.29722,1.26683,0.69397,111.793,8.15491,8.2329,1.45956,0.97789,17.464,667.73,3.5794,2947.0,3.2553,1148.0,13195.0,66.637,35.02,46.72,1.35425,3.8873,275.08,24.049,14.4022,2.8508
2016-04-24,,1.29729,,0.69194,,,,1.45679,,,,,,,,,,,,,,,,,
2016-04-25,0.8873,1.29623,1.26768,0.6905,111.191,8.13824,8.20252,1.45754,0.97486,17.5634,669.1,3.5542,2967.0,3.2685,1148.0,13195.0,66.659,35.06,46.88,1.35188,3.9125,276.5,23.9859,14.4445,2.8439
2016-04-26,0.8847,1.29111,1.26043,0.68595,111.272,8.11743,8.15681,1.45014,0.97355,17.377,668.8,3.5222,2955.0,3.2805,1146.6,13195.0,66.392,35.12,46.8,1.35097,3.8702,275.55,23.9204,14.38,2.8209
2016-04-27,0.8826,1.3153,1.25875,0.6878,111.507,8.08856,8.14644,1.44377,0.97088,17.2983,664.4,3.5246,2932.0,3.273,1152.0,13192.0,66.41,35.09,47.0,1.34798,3.8703,274.86,23.855,14.3995,2.8192
2016-04-28,0.8805,1.31132,1.25532,0.68462,108.145,8.0667,8.13666,1.43732,0.96676,17.254,661.44,3.4871,2879.0,3.278,1140.15,13185.0,66.36,34.99,46.84,1.34461,3.8698,274.14,23.804,14.2856,2.8127
2016-04-29,0.873,1.31525,1.25495,0.68463,106.282,8.0312,8.0494,1.43314,0.95864,17.237,660.75,3.451,2846.5,3.267,1145.55,13180.0,66.419,34.9,46.93,1.34185,3.8235,273.1,23.633,14.2382,2.7962
2016-05-01,,1.31442,,0.68538,,,,1.43164,,,,,,,,,,,,,,,,,
2016-05-02,0.8673,1.30405,1.25259,0.68182,106.416,7.96274,8.0179,1.42161,0.9548,17.1934,660.66,3.4999,2834.0,3.2625,1135.75,13175.0,66.344,34.84,47.0,1.3407,3.7988,269.71,23.4392,14.2646,2.8045
2016-05-03,0.8693,1.33404,1.27094,0.68762,106.848,8.0521,8.11802,1.44213,0.95398,17.6013,668.8,3.5655,2832.0,3.2965,1148.45,13190.0,66.524,34.94,47.05,1.35148,3.8178,271.38,23.5069,14.6263,2.8462
2016-05-04,0.8699,1.33984,1.28625,0.68971,106.963,8.06399,8.15514,1.45241,0.95731,17.7716,670.9,3.5484,2951.0,3.327,1164.55,13240.0,66.64,35.1,47.27,1.35668,3.8293,272.19,23.519,14.9695,2.9541
2016-05-05,0.8767,1.3389,1.28569,0.69028,107.256,8.10365,8.17243,1.45298,0.96785,17.885,667.9,3.536,2948.9,3.326,1165.75,13240.0,66.533,35.1,47.34,1.3582,3.8601,273.83,23.6989,14.9579,2.9275
2016-05-06,0.8767,1.35814,1.2906,0.69331,107.094,8.12845,8.1945,1.46323,0.97215,17.8412,664.15,3.4985,2971.0,3.3262,1169.45,13240.0,66.533,35.13,47.1,1.36025,3.8795,273.85,23.673,14.9149,2.9281
2016-05-07,,,,0.693,,,,,,,,,,,,,,,,,,,,,
2016-05-08,,1.35645,,0.69305,,,,1.46252,,,,,,,,,,,,,,,,,
2016-05-09,0.8782,1.36691,1.29571,0.69398,108.382,8.16492,8.21542,1.4771,0.97119,18.1941,677.03,3.519,2957.0,3.3095,1173.55,13285.0,66.691,35.17,47.3,1.37199,3.8929,276.35,23.687,15.1705,2.9394
2016-05-10,0.8791,1.35733,1.29134,0.6922,109.273,8.15887,8.20493,1.47408,0.97564,17.9876,678.3,3.4747,2974.0,3.3225,1170.9,13285.0,66.619,35.22,46.74,1.3682,3.8796,276.55,23.7576,15.1061,2.9495
2016-05-11,0.8751,1.3575,1.28578,0.69262,108.437,8.13165,8.1595,1.46707,0.9713,17.9841,679.4,3.4599,2951.0,3.325,1162.95,13300.0,66.547,35.24,46.47,1.36653,3.8745,276.29,23.6476,15.0378,2.9526
2016-05-12,0.8785,1.36593,1.28416,0.69215,108.94,8.18239,8.12643,1.46452,0.97049,17.9583,684.4,3.4824,2939.0,3.3168,1169.4,13295.0,66.683,35.33,46.55,1.37272,3.8754,277.17,23.7292,15.0262,2.9621
2016-05-13,0.8839,1.37635,1.2937,0.69623,108.633,8.245,8.2051,1.47863,0.97519,18.1476,691.26,3.5338,2991.0,3.325,1175.6,13315.0,66.9,35.45,46.66,1.37107,3.903,278.88,23.89,15.3472,2.9711
2016-05-15,,1.37771,,0.69682,,,,1.47909,,,,,,,,,,,,,,,,,
2016-05-16,0.8835,1.37202,1.28957,0.69393,109.059,8.26403,8.16809,1.4733,0.97787,18.2996,693.66,3.5,3024.0,3.325,1177.3,13300.0,66.835,35.45,46.47,1.36955,3.8632,278.42,23.8789,15.6475,2.9745
2016-05-17,0.8837,1.36588,1.29084,0.69176,109.116,8.25598,8.18394,1.47091,0.98045,18.2947,688.5,3.4891,3016.0,3.3288,1172.85,13295.0,66.741,35.48,46.44,1.36947,3.8634,278.47,23.8799,15.6117,2.9665
2016-05-18,0.8907,1.3825,1.30153,0.68493,110.119,8.34379,8.30321,1.48148,0.9874,18.4246,695.5,3.5629,3023.0,3.3075,1185.4,13384.0,66.966,35.59,46.61,1.38112,3.9153,281.18,24.0703,15.8753,2.9861
2016-05-19,0.8924,1.38341,1.30875,0.68472,109.931,8.3514,8.3509,1.48104,0.99078,18.411,693.95,3.563,3055.3,3.3336,1187.3,13550.0,67.433,35.71,46.8,1.37947,3.9371,282.12,24.1179,15.7859,2.9887
2016-05-20,0.8908,1.38629,1.3111,0.68954,110.097,8.31044,8.3231,1.47966,0.98996,18.405,691.2,3.543,3047.3,3.332,1187.65,13605.0,67.442,35.69,46.7,1.38125,3.9501,281.95,24.028,15.7145,2.9801
2016-05-22,,1.38385,,0.68977,,,,1.47671,,,,,,,,,,,,,,,,,
2016-05-23,0.8913,1.38429,1.3139,0.69052,109.272,8.33923,8.35253,1.47962,0.98949,18.517,693.6,3.5703,3060.0,3.3288,1181.85,13580.0,67.439,35.68,46.69,1.37778,3.9614,282.88,24.0969,15.6844,2.9949
2016-05-24,0.8974,1.38966,1.31233,0.68402,110.026,8.31327,8.35305,1.47863,0.99325,18.4757,694.6,3.5698,3059.0,3.3404,1186.25,13685.0,67.701,35.73,46.73,1.38089,3.9695,282.74,24.2534,15.6443,2.9479
2016-05-25,0.896,1.39078,1.303,0.68036,110.18,8.29768,8.3234,1.48809,0.99131,18.4897,691.5,3.5825,3059.9,3.3403,1181.05,13650.0,67.237,35.67,46.69,1.37814,3.9495,281.33,24.2159,15.6494,2.9393
2016-05-26,0.8931,1.38437,1.29774,0.68191,109.681,8.2754,8.26982,1.48128,0.98934,18.4415,686.8,3.5854,3051.8,3.337,1178.0,13602.0,67.064,35.6,46.59,1.37354,3.9333,280.38,24.1385,15.508,2.9355
2016-05-27,0.8997,1.39196,1.30257,0.68395,110.214,8.3461,8.32993,1.49488,0.99457,18.4363,687.7,3.6139,3069.5,3.3406,1180.95,13581.0,66.936,35.68,46.66,1.37868,3.9395,281.1,24.256,15.6525,2.9608
2016-05-29,,1.39247,,0.68422,,,,1.49309,,,,,,,,,,,,,,,,,
2016-05-30,0.8973,1.39115,1.30507,0.68361,110.946,8.33043,8.34183,1.49323,0.99185,18.4896,688.2,3.57,3048.5,3.3406,1191.6,13581.0,66.959,35.72,46.66,1.38071,3.9419,281.37,24.2489,15.8104,2.9537
2016-05-31,0.8981,1.38188,1.30795,0.69002,110.736,8.33131,8.37292,1.47304,0.99336,18.4586,692.07,3.5985,3090.0,3.364,1189.05,13600.0,67.114,35.75,46.7,1.37733,3.9409,281.55,24.2719,15.6996,2.9462
2016-06-01,0.8938,1.37885,1.30759,0.69379,109.545,8.29715,8.30251,1.46632,0.9886,18.5001,690.7,3.6146,3117.0,3.3719,1192.55,13648.0,67.438,35.65,46.6,1.37723,3.9192,280.32,24.1629,15.5987,2.9404
2016-06-02,0.8964,1.38464,1.31023,0.69386,108.842,8.32538,8.3309,1.46927,0.99029,18.6709,689.4,3.5859,3082.2,3.3572,1186.35,13645.0,67.25,35.61,46.54,1.376,3.9308,280.25,24.2289,15.564,2.9486
2016-06-03,0.8796,1.35785,1.29371,0.68909,106.532,8.13425,8.1711,1.43858,0.97503,18.5738,681.8,3.5235,3019.0,3.337,1167.5,13590.0,66.99,35.33,46.24,1.356,3.859,274.04,23.76,15.0737,2.9031
2016-06-05,,1.36017,,0.69142,,,,1.44202,,,,,,,,,,,,,,,,,
2016-06-06,0.8804,1.35682,1.282,0.69182,107.529,8.12712,8.17571,1.44714,0.97051,18.6733,679.12,3.4881,3019.0,3.3234,1162.25,13375.0,66.84,35.25,46.14,1.35632,3.8358,273.44,23.7914,14.9066,2.9049
2016-06-07,0.8804,1.34219,1.27522,0.68785,107.279,8.12842,8.11635,1.43456,0.9653,18.3858,678.7,3.4381,2946.0,3.3125,1154.8,13265.0,66.659,35.24,46.01,1.35219,3.834,273.18,23.7939,14.9058,2.8955
2016-06-08,0.877,1.33579,1.26924,0.6892,106.91,8.1071,8.0953,1.41239,0.95849,18.1207,673.5,3.361,2941.2,3.299,1152.05,13260.0,66.488,35.18,45.84,1.34571,3.7898,272.02,23.6984,14.7392,2.8905
2016-06-09,0.8835,1.34519,1.27228,0.69148,107.024,8.17918,8.15312,1.40536,0.96423,18.2447,677.4,3.3998,2941.0,3.2922,1159.65,13260.0,66.703,35.16,46.02,1.35301,3.8304,274.88,23.8774,14.8049,2.8941
2016-06-10,0.8888,1.35612,1.27752,0.70171,106.91,8.3107,8.26783,1.41743,0.96395,18.6145,683.65,3.4175,2937.2,3.3085,1170.8,13290.0,66.969,35.17,46.07,1.35924,3.8864,275.05,23.998,15.2418,2.9299
2016-06-12,,1.35612,,0.70289,,,,1.41834,,,,,,,,,,,,,,,,,
2016-06-13,0.8854,1.35465,1.28234,0.70439,106.022,8.24382,8.27174,1.41957,0.96279,18.8395,684.04,3.4815,2993.7,3.3285,1171.15,13277.0,67.187,35.16,46.14,1.3553,3.9085,276.48,23.9369,15.1415,2.9219
2016-06-14,0.8918,1.36051,1.28653,0.70879,106.036,8.31305,8.35162,1.43154,0.9632,18.922,689.2,3.4787,3000.0,3.3279,1176.0,13355.0,67.343,35.3,46.31,1.3555,3.9488,279.98,24.1205,15.3222,2.9358
2016-06-15,0.8876,1.34904,1.29061,0.7044,105.877,8.30571,8.30804,1.41267,0.96082,18.9077,686.7,3.4729,2984.0,3.3335,1167.45,13370.0,67.083,35.28,46.34,1.35101,3.9295,278.56,24.039,15.2264,2.9191
2016-06-16,0.8901,1.35776,1.29531,0.70371,104.355,8.34013,8.38922,1.41916,0.96541,18.9162,688.0,3.4642,3015.0,3.3085,1176.4,13360.0,67.284,35.27,46.43,1.34895,3.9373,279.55,24.0939,15.3194,2.9301
2016-06-17,0.8868,1.35232,1.28925,0.69653,104.11,8.32165,8.352,1.41844,0.95931,18.823,684.0,3.4174,2987.0,3.3285,1171.55,13335.0,67.098,35.28,46.41,1.34764,3.9136,279.45,23.99,15.11,2.9305
2016-06-19,,1.34691,,0.69034,,,,1.41177,,,,,,,,,,,,,,,,,
2016-06-20,0.8836,1.34158,1.28041,0.68154,103.897,8.23757,8.27705,1.4075,0.96187,18.6389,677.3,3.3951,2976.0,3.3085,1156.1,13255.0,67.542,35.18,46.27,1.34295,3.8744,276.27,23.8684,14.8467,2.9028
2016-06-21,0.8881,1.34144,1.2803,0.68203,104.68,8.26573,8.30439,1.40345,0.96184,18.6115,675.6,3.4143,2974.2,3.2863,1153.25,13258.0,67.707,35.19,46.33,1.34243,3.9021,279.21,24.0379,14.7396,2.9083
2016-06-22,0.8822,1.3298,1.28087,0.67597,104.7,8.22533,8.25203,1.39402,0.95919,18.4086,674.2,3.3776,2915.1,3.285,1147.25,13275.0,67.449,35.16,46.37,1.33674,3.8571,277.01,23.8798,14.5571,2.8878
2016-06-23,0.8787,1.31867,1.27823,0.67208,106.062,8.14842,8.14987,1.38589,0.96233,18.1722,669.1,3.3392,2908.0,3.2848,1142.2,13250.0,67.296,35.12,46.44,1.34057,3.8183,274.95,23.7818,14.3596,2.8516
2016-06-24,0.8995,1.33856,1.29954,0.73127,102.19,8.45125,8.4619,1.404,0.97233,18.92,678.61,3.3975,2965.0,3.278,1165.85,13370.0,67.833,35.29,46.98,1.35232,3.987,287.05,24.379,15.075,2.927
2016-06-26,,1.34564,,0.74282,,,,1.40849,,,,,,,,,,,,,,,,,
2016-06-27,0.908,1.36231,1.30753,0.75637,102.025,8.55909,8.5713,1.42737,0.9776,19.1146,680.9,3.3922,3057.8,3.308,1181.25,13333.0,67.916,35.31,47.3,1.36223,4.0407,288.98,24.6633,15.4207,2.9355
2016-06-28,0.9027,1.35256,1.30229,0.74883,102.609,8.49798,8.46812,1.41469,0.98061,18.8109,666.3,3.3147,3003.0,3.3185,1168.95,13168.0,67.863,35.21,47.11,1.35288,3.9931,286.06,24.499,15.1598,2.9022
2016-06-29,0.8985,1.34253,1.29455,0.74357,102.818,8.4571,8.38477,1.40605,0.97952,18.5186,661.07,3.2402,2909.0,3.297,1154.3,13155.0,67.404,35.11,46.91,1.3465,3.9732,284.59,24.361,14.7804,2.8897
2016-06-30,0.9006,1.34264,1.29535,0.75122,103.183,8.45127,8.3594,1.40168,0.9768,18.3119,661.4,3.2133,2919.2,3.2874,1151.6,13210.0,67.5,35.09,47.11,1.34765,3.9407,283.93,24.377,14.74,2.8766
2016-07-01,0.8977,1.33344,1.2915,0.75362,102.518,8.434,8.3397,1.39501,0.97334,18.3535,660.47,3.2351,2932.0,3.2834,1149.0,13133.0,67.18,35.04,46.95,1.34472,3.9624,284.0,24.305,14.5528,2.9036
2016-07-03,,1.3398,,0.75283,,,,1.3928,,,,,,,,,,,,,,,,,
2016-07-04,0.8968,1.32758,1.28537,0.75316,102.545,8.42349,8.29138,1.38489,0.97105,18.4205,656.5,3.2917,2931.9,3.2834,1149.0,13133.0,67.18,35.02,46.95,1.34581,3.9794,283.8,24.283,14.5775,2.9052
2016-07-05,0.9038,1.343,1.29989,0.76961,101.632,8.53243,8.41139,1.40197,0.97736,18.8371,661.9,3.3002,2975.0,3.285,1155.9,13095.0,67.379,35.15,47.01,1.35227,4.0114,285.91,24.4419,14.7357,2.9253
2016-07-06,0.9009,1.33104,1.29604,0.77543,101.123,8.5282,8.43555,1.40337,0.97538,18.754,661.6,3.3303,2997.8,3.2745,1160.55,13098.0,67.455,35.19,47.06,1.35034,4.0012,285.26,24.39,14.7378,2.9355
2016-07-07,0.904,1.33656,1.3008,0.77607,100.683,8.57476,8.50489,1.38518,0.97882,18.8339,663.6,3.3656,2983.3,3.273,1154.95,13095.0,67.484,35.22,47.13,1.35005,3.9998,284.91,24.4379,14.7796,2.9336
2016-07-08,0.9044,1.32205,1.3041,0.77208,100.5,8.57575,8.5143,1.36934,0.98285,18.4878,658.9,3.2954,2928.0,3.2705,1149.2,13105.0,67.15,35.17,47.1,1.34325,3.9893,283.99,24.44,14.46,2.8968
2016-07-10,,1.32223,,0.77289,,,,1.36966,,,,,,,,,,,,,,,,,
2016-07-11,0.9038,1.32647,1.31129,0.76976,102.674,8.57666,8.49896,1.38303,0.98218,18.4603,660.84,3.2975,2935.0,3.272,1150.0,13080.0,67.138,35.12,47.34,1.35031,4.002,283.37,24.4442,14.4451,2.9035
2016-07-12,0.9036,1.31292,1.30447,0.75456,104.678,8.53654,8.43711,1.37137,0.98879,18.3244,659.6,3.2951,2912.6,3.2784,1145.55,13115.0,67.044,35.19,47.19,1.34668,3.9739,283.47,24.4324,14.3346,2.8873
2016-07-13,0.9007,1.31596,1.29802,0.76296,104.09,8.48773,8.41878,1.3738,0.98421,18.3834,657.4,3.2652,2938.0,3.28,1145.15,13088.0,67.009,35.18,47.22,1.34666,3.9672,282.86,24.346,14.4826,2.8982
2016-07-14,0.8994,1.31067,1.28971,0.74967,105.25,8.50358,8.36989,1.3915,0.98126,18.3616,650.2,3.2373,2916.0,3.2755,1129.98,13080.0,66.827,35.02,46.87,1.34304,3.9667,282.59,24.297,14.2521,2.8818
2016-07-15,0.906,1.32048,1.29654,0.75849,104.651,8.5725,8.477,1.40603,0.9822,18.595,654.6,3.2811,2919.1,3.278,1132.35,13075.0,66.98,34.9,46.66,1.3467,4.0106,285.78,24.477,14.5659,3.0163
2016-07-17,,1.31681,,0.75561,,,,1.41189,,,,,,,,,,,,,,,,,
2016-07-18,0.9027,1.31912,1.29516,0.75349,106.247,8.54908,8.44327,1.41659,0.98258,18.3703,647.9,3.2534,2923.0,3.277,1134.65,13080.0,67.14,34.92,46.74,1.34861,3.9456,284.18,24.3999,14.2395,2.9801
2016-07-19,0.9074,1.33081,1.30223,0.76286,106.183,8.61338,8.505,1.41794,0.9858,18.4558,651.9,3.2512,2933.0,3.285,1140.25,13088.0,67.173,35.0,46.93,1.35277,3.976,285.89,24.5196,14.326,3.0355
2016-07-20,0.908,1.33973,1.30738,0.75609,107.153,8.60178,8.50419,1.43488,0.98715,18.6823,651.8,3.2593,2927.9,3.2984,1141.85,13105.0,67.182,35.03,47.15,1.35803,3.9686,285.4,24.5419,14.3104,3.0917
2016-07-21,0.9067,1.33374,1.30806,0.75599,105.913,8.59174,8.49274,1.42643,0.98526,18.5603,650.4,3.2722,2927.9,3.3194,1137.1,13095.0,67.164,34.97,47.13,1.35451,3.9537,284.32,24.5049,14.2255,3.0653
2016-07-22,0.9107,1.34129,1.3122,0.7631,106.149,8.63405,8.5561,1.42959,0.9871,18.6,650.2,3.2556,2940.5,3.326,1137.3,13107.0,67.189,34.92,47.1,1.3576,3.969,284.4,24.62,14.3585,3.0589
2016-07-24,,1.33962,,0.76093,,,,1.42996,,,,,,,,,,,,,,,,,
2016-07-25,0.9094,1.33797,1.3215,0.76319,105.777,8.6428,8.57872,1.42812,0.98572,18.7743,658.8,3.2866,3013.0,3.3215,1141.9,13135.0,67.4,35.02,47.12,1.36205,3.9656,283.82,24.5779,14.3518,3.0354
2016-07-26,0.9098,1.33016,1.31735,0.76098,104.706,8.65351,8.56377,1.41487,0.99209,18.7548,660.2,3.2726,3061.0,3.3655,1136.0,13165.0,67.36,34.98,47.18,1.35797,3.9678,284.78,24.589,14.3538,3.0433
2016-07-27,0.9041,1.33556,1.31726,0.75664,105.152,8.62772,8.53806,1.41583,0.9863,18.8363,664.3,3.2629,3081.4,3.348,1135.55,13135.0,67.135,34.92,47.27,1.35323,3.9524,283.06,24.4464,14.2459,3.016
2016-07-28,0.9025,1.33179,1.31537,0.75977,104.806,8.63504,8.55045,1.41137,0.98027,18.8877,664.4,3.2818,3095.0,3.3413,1125.0,13100.0,67.035,34.84,47.09,1.35288,3.9375,281.33,24.4069,14.1319,3.0113
2016-07-29,0.8946,1.31608,1.30271,0.75586,102.047,8.54565,8.4339,1.3881,0.96889,18.758,654.84,3.24,3070.0,3.365,1112.05,13097.0,66.749,34.79,47.09,1.33875,3.8967,280.25,24.196,13.9277,2.9908
2016-07-31,,1.3164,,0.75648,,,,1.38924,,,,,,,,,,,,,,,,,
2016-08-01,0.8953,1.3289,1.31243,0.75854,102.4,8.5907,8.49444,1.39548,0.9682,18.861,658.1,3.2624,3087.9,3.3488,1106.75,13065.0,66.702,34.75,47.01,1.34177,3.9023,278.18,24.1989,13.9088,2.9892
2016-08-02,0.8911,1.31492,1.31063,0.74959,101.034,8.50788,8.43535,1.38422,0.96454,18.9185,655.3,3.2573,3102.0,3.3369,1106.2,13095.0,66.706,34.76,47.0,1.34007,3.8548,277.07,24.0919,13.9702,2.99
2016-08-03,0.8966,1.31792,1.30681,0.75032,101.289,8.54367,8.45731,1.39844,0.97276,18.8819,656.2,3.2365,3091.0,3.3494,1114.75,13115.0,66.845,35.0,47.05,1.34168,3.8396,278.34,24.2359,13.9267,3.0116
2016-08-04,0.8984,1.31117,1.30246,0.76261,101.185,8.51942,8.43552,1.39417,0.9739,18.9107,655.1,3.1902,3069.0,3.34,1112.45,13130.0,66.756,34.9,47.06,1.34215,3.8535,279.36,24.2809,13.704,3.0097
2016-08-05,0.902,1.31261,1.3184,0.76523,101.821,8.56455,8.5083,1.40056,0.98,18.7893,655.99,3.1635,3045.0,3.3225,1114.65,13120.0,66.829,35.02,46.97,1.345,3.8645,280.4,24.394,13.6493,3.019
2016-08-07,,1.31484,,0.76506,,,,1.40487,,,,,,,,,,,,,,,,,
2016-08-08,0.9019,1.30647,1.31617,0.76704,102.45,8.58325,8.47237,1.39993,0.98285,18.5399,654.4,3.1718,2997.0,3.3275,1107.15,13128.0,66.819,34.94,46.92,1.34646,3.8519,280.75,24.3809,13.5858,2.9813
2016-08-09,0.8993,1.30421,1.31171,0.76902,101.896,8.53489,8.40467,1.39507,0.98151,18.4362,652.2,3.1458,2981.0,3.3204,1101.25,13125.0,66.758,34.86,46.84,1.34366,3.8331,279.12,24.3055,13.407,2.9672
2016-08-10,0.8938,1.29596,1.30497,0.76801,101.175,8.45182,8.26834,1.37372,0.97406,18.4104,648.5,3.1288,2940.6,3.307,1095.55,13102.0,66.74,34.73,46.6,1.34039,3.8125,277.29,24.1649,13.299,2.9552
2016-08-11,0.8974,1.29857,1.29792,0.77184,101.891,8.47162,8.23616,1.38658,0.97497,18.227,642.0,3.1421,2888.1,3.306,1098.65,13113.0,66.759,34.7,46.66,1.34316,3.8241,277.95,24.2528,13.3929,2.9579
2016-08-12,0.8957,1.30726,1.29537,0.77411,101.25,8.4404,8.2032,1.38982,0.9743,18.286,650.7,3.1927,2926.6,3.2924,1102.0,13120.0,66.896,34.72,46.57,1.34533,3.8255,276.75,24.184,13.5115,2.9582
2016-08-14,,1.30587,,0.77475,,,,1.3898,,,,,,,,,,,,,,,,,
2016-08-15,0.8937,1.30239,1.29208,0.77593,101.2,8.45541,8.21437,1.38523,0.97264,18.0721,648.69,3.1848,2928.0,3.308,1095.7,13110.0,66.857,34.59,46.3,1.34277,3.815,276.47,24.1519,13.2867,2.9384
2016-08-16,0.8864,1.29933,1.28592,0.76667,100.28,8.4115,8.19051,1.3712,0.96168,18.0753,651.29,3.2008,2894.0,3.3075,1094.8,13095.0,66.832,34.59,46.2,1.33961,3.7879,274.32,23.9619,13.4138,2.9263
2016-08-17,0.8851,1.30533,1.28458,0.76671,99.986,8.41553,8.19681,1.37625,0.96149,18.1264,656.89,3.217,2911.0,3.3065,1113.45,13095.0,66.903,34.68,46.42,1.34198,3.7959,275.12,23.9209,13.3634,2.9193
2016-08-18,0.8811,1.30188,1.27775,0.75985,100.082,8.34948,8.15578,1.37315,0.95483,18.1815,657.49,3.2383,2878.5,3.301,1110.75,13116.0,66.865,34.53,46.3,1.33938,3.7797,273.13,23.787,13.343,2.9256
2016-08-19,0.8825,1.30993,1.285,0.76511,100.21,8.379,8.2149,1.37557,0.95963,18.238,661.99,3.2058,2865.0,3.2925,1116.8,13155.0,67.096,34.63,46.39,1.34546,3.799,273.7,23.86,13.4895,2.9342
2016-08-20,,1.3132,,0.76511,,,,,,,,,,,,,,,,,,,,,
2016-08-21,,1.31261,,0.76515,,,,1.37749,,,,,,,,,,,,,,,,,
2016-08-22,0.8831,1.31015,1.29416,0.76143,100.347,8.37117,8.20689,1.37283,0.96216,18.2983,668.19,3.1998,2873.0,3.328,1121.9,13210.0,67.186,34.67,46.53,1.35083,3.8067,274.06,23.8689,13.5726,2.9406
2016-08-23,0.8844,1.31354,1.29212,0.75774,100.291,8.38187,8.21037,1.37414,0.9631,18.5427,671.99,3.2165,2914.0,3.3435,1116.5,13217.0,67.093,34.57,46.35,1.35156,3.8071,273.99,23.9049,13.9732,2.9495
2016-08-24,0.8874,1.31365,1.29266,0.75573,100.448,8.3976,8.21505,1.36672,0.96688,18.4761,670.0,3.2247,2937.0,3.3595,1120.7,13245.0,67.115,34.59,46.51,1.35404,3.8241,274.58,23.9859,14.1702,2.9505
2016-08-25,0.8859,1.31184,1.29159,0.75814,100.554,8.40727,8.21756,1.36966,0.96743,18.354,662.3,3.228,2906.0,3.3439,1115.3,13238.0,67.009,34.56,46.34,1.35269,3.8382,273.98,23.9419,14.2262,2.9331
2016-08-26,0.8928,1.32273,1.2985,0.76128,101.81,8.468,8.2705,1.38217,0.9771,18.598,671.89,3.2645,2898.0,3.3382,1121.5,13200.0,67.127,34.54,46.39,1.35822,3.872,273.3,24.102,14.19,2.9518
2016-08-28,,1.32405,,0.76162,,,,1.38362,,,,,,,,,,,,,,,,,
2016-08-29,0.8936,1.32031,1.30154,0.76303,101.999,8.4635,8.27498,1.37819,0.9781,18.6303,671.19,3.231,2919.4,3.3515,1121.5,13260.0,67.162,34.55,46.35,1.35914,3.8805,275.7,24.1519,14.3943,2.9501
2016-08-30,0.8967,1.3306,1.30904,0.76446,102.944,8.53317,8.34073,1.38387,0.98323,18.8188,673.2,3.2381,2940.0,3.3735,1119.4,13270.0,67.135,34.59,46.47,1.3636,3.9089,277.3,24.2344,14.4785,2.9619
2016-08-31,0.8957,1.32968,1.31053,0.76079,103.324,8.55645,8.32988,1.3796,0.98363,18.7822,680.09,3.2279,2962.6,3.3885,1115.6,13260.0,66.93,34.58,46.63,1.36159,3.9093,277.13,24.2139,14.6939,2.9565
2016-09-01,0.893,1.32407,1.30984,0.75358,103.184,8.55267,8.33547,1.37287,0.97998,18.7581,680.1,3.2538,2987.6,3.3827,1117.65,13266.0,66.818,34.58,46.68,1.35947,3.8938,276.49,24.1327,14.5915,2.9601
2016-09-02,0.8962,1.3217,1.2987,0.7525,103.975,8.582,8.3161,1.37161,0.9786,18.58,671.55,3.25,2987.5,3.393,1113.8,13245.0,66.79,34.6,46.57,1.35951,3.9135,276.8,24.192,14.48,2.9537
2016-09-04,,1.32085,,0.7523,,,,1.37076,,,,,,,,,,,,,,,,,
2016-09-05,0.8967,1.31844,1.29304,0.75185,103.436,8.56684,8.2994,1.36831,0.98,18.604,673.15,3.2693,2935.0,3.3369,1104.0,13095.0,66.485,34.71,47.0,1.3571,3.8923,277.46,24.2369,14.3806,2.9456
2016-09-06,0.8891,1.30271,1.28539,0.74495,102.101,8.4789,8.18617,1.35102,0.97046,18.2827,662.49,3.1972,2862.0,3.3969,1093.9,13122.0,66.26,34.66,46.52,1.34766,3.8521,274.87,24.0289,13.9859,2.9228
2016-09-07,0.8892,1.30283,1.2878,0.74983,101.701,8.43786,8.17707,1.3416,0.96953,18.377,662.09,3.1918,2829.0,3.3618,1090.05,13075.0,66.403,34.6,46.69,1.34657,3.842,274.16,24.0319,14.0057,2.9331
2016-09-08,0.8875,1.30775,1.29254,0.75192,102.376,8.43706,8.18717,1.351,0.97211,18.6744,664.6,3.2156,2849.0,3.3538,1095.55,13060.0,66.524,34.72,47.04,1.35088,3.8385,273.94,23.981,14.1261,2.9531
2016-09-09,0.8904,1.32679,1.3037,0.75358,102.67,8.4864,8.2496,1.36687,0.97527,18.838,671.65,3.269,2894.0,3.3538,1105.0,13058.0,66.76,34.72,47.39,1.35782,3.8665,272.85,24.065,14.3856,2.9728
2016-09-11,,1.32719,,0.75431,,,,1.36672,,,,,,,,,,,,,,,,,
2016-09-12,0.8896,1.32272,1.30402,0.74993,101.857,8.48158,8.22391,1.35969,0.97171,18.8242,667.49,3.2478,2934.6,3.3985,1110.2,13097.0,66.779,34.84,47.45,1.35643,3.871,275.21,24.0409,14.2316,2.969
2016-09-13,0.8914,1.34066,1.31621,0.75814,102.5,8.53521,8.27849,1.3811,0.9769,19.1097,676.19,3.3145,2976.0,3.408,1127.25,13165.0,67.105,34.93,47.76,1.36697,3.88,276.13,24.0897,14.4292,2.9826
2016-09-14,0.8892,1.33876,1.31984,0.75473,102.461,8.49921,8.23832,1.37557,0.97343,19.2885,674.39,3.3422,2950.0,3.3965,1123.8,13202.0,66.781,34.86,47.44,1.36282,3.8569,275.66,24.0349,14.3178,2.9773
2016-09-15,0.8887,1.33039,1.31496,0.75511,101.836,8.47777,8.22843,1.36457,0.97134,19.3432,671.4,3.3005,2946.0,3.389,1125.85,13170.0,66.88,34.87,47.6,1.36186,3.8476,275.32,24.0259,14.2047,2.9667
2016-09-16,0.896,1.33527,1.3208,0.76944,102.27,8.545,8.3067,1.3775,0.97962,19.5338,674.34,3.262,2928.0,3.3835,1126.9,13155.0,67.091,34.9,47.95,1.3672,3.865,275.25,24.206,14.2575,2.9829
2016-09-18,,1.33478,,0.76813,,,,1.37548,,,,,,,,,,,,,,,,,
2016-09-19,0.8943,1.32647,1.31996,0.76706,101.837,8.55978,8.28581,1.37003,0.98002,19.6585,674.9,3.2755,2924.0,3.3896,1118.65,13154.0,66.937,34.82,47.95,1.36189,3.843,275.89,24.1699,14.0019,2.9757
2016-09-20,0.8964,1.32342,1.31866,0.77011,101.718,8.59558,8.29882,1.36709,0.97914,19.8342,670.69,3.2574,2909.5,3.3873,1117.2,13148.0,66.976,34.76,47.83,1.36107,3.8559,276.61,24.2259,13.8994,2.977
2016-09-21,0.8934,1.30974,1.30824,0.76725,100.3,8.55523,8.24782,1.3611,0.97355,19.713,662.19,3.2103,2890.9,3.3874,1112.4,13135.0,66.982,34.64,47.76,1.35332,3.8325,275.31,24.1479,13.5658,2.9539
2016-09-22,0.8918,1.30762,1.30437,0.76462,100.824,8.54349,8.12702,1.36782,0.96886,19.6167,659.09,3.2186,2872.0,3.366,1101.55,13085.0,66.596,34.56,47.81,1.35589,3.8173,272.71,24.1029,13.6252,2.9422
2016-09-23,0.8903,1.31259,1.3162,0.7714,101.05,8.5377,8.1129,1.38091,0.96953,19.73,660.25,3.244,2916.0,3.3354,1102.85,13073.0,66.659,34.62,48.13,1.35811,3.8308,271.75,24.043,13.6613,2.9595
2016-09-25,,1.31315,,0.77109,,,,1.38211,,,,,,,,,,,,,,,,,
2016-09-26,0.8885,1.30995,1.32236,0.77094,100.325,8.54076,8.10685,1.37523,0.96907,19.8924,662.09,3.241,2916.8,3.355,1105.6,13025.0,66.564,34.6,48.37,1.36021,3.818,272.8,24.0109,13.698,2.9781
2016-09-27,0.8912,1.30415,1.32,0.7682,100.369,8.59681,8.11324,1.36962,0.97067,19.3854,661.99,3.2338,2884.0,3.3655,1097.0,12950.0,66.496,34.58,48.31,1.35948,3.8163,274.23,24.0889,13.4504,2.9729
2016-09-28,0.8912,1.30009,1.30671,0.76816,100.795,8.5642,8.03314,1.37463,0.97109,19.3609,658.49,3.2193,2911.0,3.3627,1093.25,12944.0,66.352,34.6,48.17,1.3588,3.8291,274.5,24.0869,13.6133,2.978
2016-09-29,0.8908,1.30955,1.31446,0.77096,101.188,8.56638,8.0459,1.3784,0.96569,19.5329,659.39,3.2588,2882.0,3.3626,1097.3,12968.0,66.757,34.64,48.35,1.36448,3.8331,274.87,24.0739,13.9181,2.9974
2016-09-30,0.8893,1.30666,1.3125,0.77064,101.32,8.5636,7.98,1.37306,0.9714,19.34,657.55,3.2615,2868.0,3.3875,1098.3,13045.0,66.619,34.63,48.3,1.36183,3.8233,275.83,24.027,13.71,3.0003
2016-10-02,,1.30647,,0.77316,,,,1.37382,,,,,,,,,,,,,,,,,
2016-10-03,0.8915,1.30054,1.31138,0.77824,101.671,8.56952,7.97162,1.37219,0.97347,19.3019,659.79,3.2097,2932.0,3.3815,1103.8,12978.0,66.509,34.62,48.2,1.36469,3.83,274.08,24.0929,13.5991,3.0171
2016-10-04,0.8921,1.31303,1.31883,0.7853,102.826,8.59856,8.00999,1.3897,0.97868,19.3113,663.19,3.2565,2975.3,3.384,1110.0,12978.0,66.482,34.7,48.27,1.37056,3.8413,274.14,24.1119,13.8253,3.0569
2016-10-05,0.8921,1.31416,1.31866,0.78425,103.477,8.59077,8.02351,1.39636,0.97402,19.2072,663.1,3.2348,2970.0,3.39,1113.4,12995.0,66.513,34.8,48.23,1.36949,3.8348,272.02,24.1089,13.7188,3.0521
2016-10-06,0.897,1.31919,1.32214,0.79279,103.953,8.6282,8.05251,1.39663,0.98098,19.2139,665.99,3.2261,2936.0,3.4,1116.95,12986.0,66.775,34.81,48.38,1.37285,3.839,272.44,24.2399,13.8641,3.0398
2016-10-07,0.8924,1.31817,1.3292,0.80431,102.893,8.62526,8.0926,1.39478,0.9774,19.282,668.99,3.221,2924.0,3.4078,1116.35,12982.0,66.626,34.86,48.3,1.37216,3.8298,271.85,24.165,13.9118,3.0524
2016-10-09,,1.31621,,0.80419,,,,1.39513,,,,,,,,,,,,,,,,,
2016-10-10,0.8974,1.31529,1.31697,0.809,103.661,8.6491,8.08102,1.40131,0.98211,18.9175,669.35,3.2042,2925.5,3.4018,1110.05,12975.0,66.511,35.11,48.4,1.37505,3.8277,272.7,24.2529,13.7829,3.0713
2016-10-11,0.9039,1.32428,1.3234,0.81691,103.457,8.81827,8.17526,1.41431,0.98794,18.9063,666.79,3.1956,2920.6,3.3925,1125.65,13010.0,66.78,35.41,48.66,1.37779,3.8716,275.43,24.4289,14.3485,3.0819
2016-10-12,0.9078,1.32336,1.32724,0.81987,104.264,8.8589,8.21787,1.41802,0.99017,18.9599,665.69,3.2018,2903.0,3.4029,1127.1,13017.0,66.848,35.64,48.5,1.38386,3.8996,277.35,24.5359,14.2303,3.0832
2016-10-13,0.9044,1.32191,1.31976,0.81687,103.624,8.78955,8.15389,1.41008,0.98607,18.9529,671.23,3.1787,2904.5,3.4005,1133.4,13075.0,66.88,35.32,48.36,1.38097,3.8853,276.09,24.4439,14.2467,3.0821
2016-10-14,0.9114,1.31435,1.3145,0.82059,104.146,8.8328,8.216,1.41243,0.9894,19.0,670.23,3.2005,2919.0,3.4015,1134.0,13040.0,66.7,35.28,48.36,1.38938,3.92,277.5,24.579,14.2583,3.0894
2016-10-16,,1.31489,,0.82212,,,,1.41263,,,,,,,,,,,,,,,,,
2016-10-17,0.9085,1.3108,1.31243,0.82047,103.853,8.80834,8.17306,1.39556,0.9885,18.8562,669.7,3.197,2919.0,3.4,1137.7,13067.0,66.789,35.24,48.48,1.38823,3.9268,278.66,24.5579,14.1363,3.0955
2016-10-18,0.9106,1.30395,1.31087,0.81317,103.878,8.82975,8.1535,1.38972,0.98987,18.601,667.69,3.1856,2904.0,3.3958,1125.05,13030.0,66.719,35.04,48.09,1.38621,3.9289,279.0,24.6099,13.8798,3.0948
2016-10-19,0.9106,1.29493,1.31203,0.81376,103.373,8.83254,8.12946,1.38183,0.98868,18.5136,664.79,3.1673,2915.2,3.3775,1120.95,13005.0,66.65,34.85,47.92,1.38623,3.9251,279.3,24.6099,13.83,3.0581
2016-10-20,0.9148,1.3112,1.3226,0.81603,103.997,8.86723,8.18134,1.39078,0.9926,18.611,666.4,3.14,2925.0,3.373,1129.0,13000.0,66.75,34.97,48.06,1.39072,3.9497,280.84,24.7239,13.9408,3.0562
2016-10-21,0.9185,1.31456,1.3331,0.81773,103.8,8.9119,8.2459,1.397,0.99346,18.62,666.02,3.155,2941.6,3.3762,1137.35,13040.0,66.945,35.13,48.24,1.39293,3.9814,283.15,24.844,14.0228,3.0812
2016-10-23,,1.3153,,0.81841,,,,1.39823,,,,,,,,,,,,,,,,,
2016-10-24,0.9195,1.31603,1.33463,0.81834,104.322,8.91655,8.26236,1.40515,0.99402,18.5398,658.29,3.1227,2932.0,3.3575,1134.55,13012.0,66.878,35.03,48.23,1.39345,3.9741,283.44,24.8539,13.9073,3.0814
2016-10-25,0.918,1.30854,1.33513,0.82107,104.158,8.92386,8.27872,1.39589,0.99423,18.5171,652.79,3.1106,2931.9,3.361,1129.1,13002.0,66.795,34.87,48.16,1.38927,3.9634,283.62,24.8069,13.7545,3.0702
2016-10-26,0.9164,1.3084,1.33794,0.81737,104.55,8.9105,8.27508,1.39823,0.99352,18.6933,653.69,3.14,2967.8,3.35,1136.2,13005.0,66.846,34.98,48.44,1.39089,3.9659,283.02,24.7699,13.8768,3.0806
2016-10-27,0.9176,1.31825,1.33941,0.82243,105.254,9.07802,8.27608,1.40469,0.99388,18.8431,650.39,3.1657,2962.5,3.3577,1145.6,13031.0,66.845,35.1,48.5,1.39487,3.9802,283.56,24.7999,13.8738,3.1113
2016-10-28,0.9102,1.31672,1.338,0.82061,104.694,8.9951,8.27,1.39626,0.98719,18.9616,653.6,3.2013,2985.0,3.364,1146.6,13047.0,66.796,35.02,48.47,1.3909,3.9488,283.0,24.701,13.87,3.1117
2016-10-30,,1.31778,,0.82023,,,,1.39745,,,,,,,,,,,,,,,,,
2016-10-31,0.9111,1.31399,1.34124,0.81737,104.849,9.0355,8.26057,1.3986,0.98933,18.8665,652.4,3.1993,2999.0,3.362,1145.05,13047.0,66.7,34.98,48.44,1.39116,3.9232,281.09,24.6269,13.4671,3.0938
2016-11-01,0.9042,1.30664,1.33855,0.81701,103.993,8.9627,8.21596,1.38762,0.97509,19.1746,650.45,3.2355,3044.0,3.3625,1146.1,13040.0,66.725,35.02,48.38,1.38794,3.8893,278.58,24.4409,13.591,3.1134
2016-11-02,0.9008,1.3061,1.33908,0.8129,103.341,8.9187,8.18479,1.37201,0.97315,19.3744,649.0,3.2553,3067.4,3.3635,1144.5,13055.0,66.71,34.95,48.3,1.38382,3.8969,277.33,24.3479,13.4637,3.1134
2016-11-03,0.9002,1.30207,1.33946,0.80229,102.922,8.9659,8.18582,1.36435,0.97398,19.1544,651.3,3.2607,3066.0,3.3835,1143.05,13070.0,66.683,34.95,48.4,1.38374,3.8857,276.07,24.32,13.4542,3.1145
2016-11-04,0.8969,1.30344,1.3399,0.79911,103.089,8.94855,8.1627,1.36524,0.967,18.9892,655.6,3.2333,3060.0,3.3782,1141.2,13065.0,66.78,34.99,48.52,1.3822,3.888,276.0,24.241,13.5965,3.1579
2016-11-06,,1.30424,,0.80196,,,,1.36519,,,,,,,,,,,,,,,,,
2016-11-07,0.9053,1.2955,1.337,0.80675,104.532,9.02,8.23196,1.36184,0.97421,18.5867,652.64,3.2014,3052.4,3.3799,1142.1,13086.0,66.75,35.0,48.71,1.38918,3.9177,276.52,24.4689,13.3989,3.1661
2016-11-08,0.9076,1.29196,1.32905,0.80854,105.11,8.97357,8.2227,1.3584,0.97906,18.292,646.8,3.1702,2962.0,3.37,1128.5,13083.0,66.26,34.95,48.52,1.38774,3.928,276.82,24.5329,13.1854,3.1592
2016-11-09,0.9156,1.30815,1.34114,0.8054,105.637,9.05828,8.32351,1.37233,0.98393,19.8695,648.85,3.2341,3002.5,3.383,1156.7,13097.0,66.5,35.02,48.83,1.39902,3.9689,279.8,24.7429,13.4282,3.207
2016-11-10,0.9184,1.31371,1.34698,0.79726,106.78,9.04159,8.36184,1.38633,0.98694,20.5308,659.55,3.3916,3111.0,3.3665,1163.05,13440.0,67.07,35.28,48.94,1.41144,4.0136,282.32,24.8249,14.0983,3.2466
2016-11-11,0.921,1.32615,1.3542,0.79392,106.635,9.10272,8.4025,1.40651,0.98745,20.797,667.0,3.391,3116.1,3.39,1168.95,13284.0,67.529,35.36,49.08,1.41167,4.087,283.65,24.877,14.3415,3.2501
2016-11-13,,1.32484,,0.79515,,,,1.40304,,,,,,,,,,,,,,,,,
2016-11-14,0.9305,1.32207,1.35455,0.79994,108.274,9.14914,8.46616,1.40509,0.9969,20.6746,670.29,3.4369,3117.0,3.405,1171.4,13355.0,67.775,35.45,49.16,1.41433,4.1143,289.13,25.1619,14.4111,3.2851
2016-11-15,0.9322,1.32361,1.34546,0.80332,109.042,9.1847,8.42949,1.40865,1.00133,20.2411,671.39,3.4434,3105.0,3.419,1168.8,13360.0,67.785,35.4,49.17,1.41355,4.1103,288.61,25.2169,14.1532,3.286
2016-11-16,0.934,1.33486,1.34347,0.8038,108.875,9.17972,8.46747,1.41175,1.00134,20.2153,674.57,3.4435,3120.0,3.415,1172.8,13375.0,68.079,35.44,49.47,1.4135,4.1602,289.5,25.223,14.2852,3.3179
2016-11-17,0.9407,1.35042,1.35231,0.80561,110.194,9.23329,8.54247,1.42426,1.00682,20.4376,676.19,3.432,3156.0,3.4005,1175.9,13370.0,67.99,35.49,49.55,1.42253,4.1743,291.37,25.4309,14.419,3.3716
2016-11-18,0.9443,1.36351,1.3505,0.81002,110.874,9.2622,8.5912,1.42725,1.00995,20.6275,677.72,3.3922,3181.0,3.399,1180.0,13423.0,68.18,35.5,49.66,1.42503,4.1845,291.0,25.518,14.4705,3.3567
2016-11-19,,,,,,,,1.42613,,,,,,,,,,,,,,,,,
2016-11-20,,1.364,,0.80995,,,,1.42871,,,,,,,,,,,,,,,,,
2016-11-21,0.9404,1.35742,1.34198,0.8009,110.8,9.21679,8.53679,1.41455,1.00797,20.4364,675.4,3.3859,3145.0,3.4,1178.3,13420.0,68.234,35.42,49.76,1.42237,4.16,290.49,25.4189,14.2153,3.3585
2016-11-22,0.9407,1.35097,1.34374,0.80487,111.107,9.2163,8.51836,1.41607,1.011,20.5732,676.53,3.3635,3138.0,3.41,1177.15,13440.0,68.462,35.49,49.8,1.42333,4.1524,290.33,25.4299,14.0819,3.3796
2016-11-23,0.9475,1.35468,1.34949,0.80493,112.465,9.27664,8.6127,1.428,1.01702,20.6406,676.79,3.4272,3169.0,3.428,1178.9,13480.0,68.785,35.65,49.95,1.43099,4.2,293.88,25.61,14.138,3.3943
2016-11-24,0.9469,1.35058,1.34895,0.80321,113.303,9.24403,8.59291,1.42816,1.01673,20.7389,677.0,3.391,3172.0,3.428,1177.4,13535.0,68.805,35.66,50.21,1.43206,4.1844,294.13,25.5999,14.1348,3.4551
2016-11-25,0.9438,1.34524,1.35155,0.80109,113.229,9.2428,8.5749,1.42098,1.01389,20.611,678.39,3.4205,3166.0,3.41,1175.25,13515.0,68.46,35.62,49.82,1.42757,4.1545,291.15,25.504,14.1298,3.4509
2016-11-26,,,,0.8016,,,,1.42086,,,,,,,,,,,,,,,,,
2016-11-27,,1.34414,,0.80209,,,,1.42054,,,,,,,,,,,,,,,,,
2016-11-28,0.9419,1.33549,1.34052,0.80538,111.83,9.20048,8.53801,1.41247,1.01302,20.6014,675.3,3.4044,3137.0,3.4155,1170.2,13520.0,68.564,35.57,49.75,1.42285,4.1649,292.92,25.4829,13.7606,3.4145
2016-11-29,0.9388,1.33581,1.34327,0.80063,112.506,9.1743,8.52581,1.4026,1.01142,20.6042,672.2,3.4559,3160.0,3.4205,1167.75,13570.0,68.6,35.62,49.73,1.42498,4.1635,292.31,25.4069,13.8599,3.4094
2016-11-30,0.9435,1.35371,1.34296,0.79928,114.37,9.2214,8.51806,1.41115,1.01656,20.5537,675.49,3.4061,3074.0,3.4128,1176.75,13550.0,68.557,35.68,49.92,1.43298,4.2025,294.77,25.5219,14.1045,3.4352
2016-12-01,0.9378,1.34862,1.33143,0.79419,114.177,9.21509,8.40874,1.41109,1.01039,20.7679,673.4,3.5754,3071.0,3.4095,1169.65,13540.0,68.4,35.61,49.73,1.4255,4.212,294.61,25.374,14.0937,3.4973
2016-12-02,0.9375,1.34171,1.32878,0.78574,113.503,9.19,8.4181,1.40139,1.01028,20.6307,670.58,3.475,3084.0,3.413,1167.2,13520.0,68.034,35.6,49.61,1.41853,4.2049,293.68,25.354,13.789,3.5232
2016-12-04,,1.34922,,0.7917,,,,1.41028,,,,,,,,,,,,,,,,,
2016-12-05,0.9291,1.33849,1.3269,0.78561,113.806,9.12003,8.3762,1.40095,1.00653,20.5937,664.69,3.4206,3034.0,3.4146,1166.97,13430.0,68.015,35.61,49.51,1.41876,4.1795,291.49,25.1225,13.7266,3.5183
2016-12-06,0.9328,1.34063,1.3277,0.78868,114.025,9.123,8.39791,1.40465,1.00948,20.3783,657.7,3.408,3001.0,3.4146,1170.43,13375.0,67.726,35.61,49.57,1.42095,4.1585,291.59,25.2229,13.6395,3.44
2016-12-07,0.9293,1.33656,1.32276,0.79207,113.627,9.06744,8.35507,1.39359,1.00669,20.3239,654.82,3.3825,3002.4,3.403,1157.15,13320.0,67.431,35.59,49.6,1.41673,4.1162,291.11,25.1249,13.4634,3.3851
2016-12-08,0.9419,1.34273,1.31987,0.79515,114.123,9.12687,8.4337,1.39462,1.01634,20.3009,654.29,3.3753,3001.0,3.4015,1162.69,13285.0,67.403,35.64,49.69,1.42392,4.1852,296.09,25.4819,13.6355,3.4365
2016-12-09,0.9466,1.34289,1.31742,0.79524,115.274,9.1791,8.498,1.40186,1.01639,20.383,651.61,3.378,3006.6,3.4175,1171.39,13325.0,67.459,35.62,49.87,1.42965,4.2115,296.64,25.578,13.8144,3.4827
2016-12-10,,,,,,,,1.40272,,,,,,,,,,,,,,,,,
2016-12-11,,1.34456,,0.79417,,,,1.40467,,,,,,,,,,,,,,,,,
2016-12-12,0.9398,1.33392,1.31268,0.78889,114.841,9.1585,8.43179,1.38935,1.01305,20.1899,648.9,3.3383,2988.0,3.3975,1165.25,13325.0,67.414,35.56,49.8,1.42349,4.1787,295.31,25.381,13.6262,3.4706
2016-12-13,0.9409,1.33458,1.31353,0.79003,115.249,9.1618,8.42293,1.38928,1.01204,20.282,650.5,3.3348,2968.0,3.3935,1162.71,13305.0,67.386,35.58,49.74,1.42461,4.1634,295.2,25.421,13.5861,3.4884
2016-12-14,0.9496,1.35175,1.32796,0.79745,117.209,9.2587,8.57753,1.40782,1.02057,20.4516,658.67,3.37,2961.3,3.3845,1178.83,13292.0,67.517,35.68,49.72,1.43857,4.2123,298.02,25.655,13.9469,3.5288
2016-12-15,0.9596,1.35846,1.33334,0.80504,118.219,9.3884,8.65762,1.42027,1.03001,20.365,664.58,3.369,3000.5,3.4002,1183.69,13395.0,67.845,35.79,49.95,1.44258,4.2524,299.9,25.9279,13.9518,3.5043
2016-12-16,0.9566,1.36986,1.333,0.80078,117.84,9.3327,8.6665,1.43682,1.02595,20.3937,673.3,3.3918,3006.0,3.4005,1185.07,13385.0,67.845,35.83,49.94,1.44442,4.2265,298.97,25.869,14.0748,3.5022
2016-12-18,,1.37389,,0.80112,,,,1.43587,,,,,,,,,,,,,,,,,
2016-12-19,0.9612,1.37962,1.3405,0.80713,117.078,9.3762,8.68215,1.44369,1.02726,20.3503,677.59,3.3648,3004.4,3.4141,1186.83,13378.0,67.84,35.87,49.97,1.44859,4.2497,299.27,25.9739,14.1331,3.5313
2016-12-20,0.9621,1.37663,1.33663,0.80851,117.877,9.349,8.7045,1.44386,1.02852,20.4539,676.7,3.3542,2996.0,3.398,1191.19,13423.0,67.894,36.02,49.97,1.44517,4.2419,298.9,26.0,13.9885,3.5248
2016-12-21,0.9587,1.38349,1.34401,0.80957,117.472,9.22076,8.6786,1.44804,1.02613,20.5669,674.1,3.3265,2994.0,3.3905,1193.25,13466.0,67.824,35.97,49.97,1.44501,4.2282,297.53,25.9089,14.001,3.5054
2016-12-22,0.958,1.38642,1.34836,0.81396,117.541,9.2211,8.71388,1.44877,1.02574,20.7399,676.7,3.287,2996.0,3.3895,1204.39,13448.0,67.835,35.99,49.8,1.44946,4.2304,297.28,25.885,14.0371,3.5064
2016-12-23,0.9565,1.39359,1.3531,0.81413,117.32,9.2017,8.69095,1.454,1.026,20.5615,673.19,3.2705,2998.0,3.3785,1198.85,13443.0,67.826,35.96,49.75,1.44515,4.2175,296.66,25.936,14.0022,3.5163
2016-12-24,,,,,,,,1.45433,,,,,,,,,,,,,,,,,
2016-12-25,,1.39618,,0.8151,,,,1.45501,,,,,,,,,,,,,,,,,
2016-12-26,0.9565,1.39194,1.35123,0.8148,117.105,9.19923,8.683,1.45037,1.02688,20.6167,673.5,3.2763,2997.0,3.3845,1198.69,13443.0,67.771,35.93,49.7,1.44657,4.2098,295.68,25.8369,13.9974,3.5114
2016-12-27,0.9558,1.39192,1.35768,0.815,117.44,9.22159,8.70498,1.45083,1.02753,20.7462,673.54,3.27,2992.0,3.3735,1205.81,13443.0,67.965,35.99,49.79,1.44898,4.2042,294.72,25.8339,13.9158,3.5213
2016-12-28,0.9597,1.39245,1.35507,0.81826,117.054,9.1877,8.70897,1.4439,1.02803,20.7365,673.3,3.2843,3024.1,3.3524,1210.05,13438.0,68.205,35.98,49.81,1.45016,4.2275,296.5,25.9333,13.8495,3.5398
2016-12-29,0.9527,1.38581,1.3504,0.81584,116.547,9.11399,8.63732,1.43709,1.02245,20.7085,667.5,3.2535,3000.0,3.356,1205.03,13458.0,67.93,35.88,49.55,1.44765,4.1977,295.37,25.7479,13.6048,3.5201
2016-12-30,0.9504,1.38871,1.3428,0.80998,116.95,9.0852,8.6368,1.44467,1.0175,20.715,669.29,3.2535,3000.5,3.3545,1205.75,13470.0,67.944,35.83,49.56,1.44668,4.182,293.47,25.646,13.7309,3.5275
2017-01-01,,1.38696,,0.81029,,,,1.44273,,,,,,,,,,,,,,,,,
2017-01-02,0.9556,1.38972,1.34441,0.81466,117.302,9.1118,8.649,1.44363,1.02356,20.7253,669.9,3.2854,3000.5,3.3675,1202.75,13468.0,68.137,35.81,49.72,1.44941,4.2146,294.59,25.806,13.7198,3.541
2017-01-03,0.9605,1.38491,1.34255,0.81713,117.698,9.16036,8.6515,1.44571,1.02691,21.1058,673.2,3.2647,2978.1,3.3933,1205.43,13476.0,68.269,35.87,49.77,1.44989,4.2139,296.94,25.948,13.7983,3.591
2017-01-04,0.9533,1.37463,1.33006,0.81171,117.263,9.10405,8.58927,1.43602,1.02063,21.4262,670.63,3.2163,2968.0,3.3801,1193.91,13433.0,67.885,35.8,49.67,1.43815,4.1643,293.55,25.753,13.6086,3.5694
2017-01-05,0.943,1.36277,1.32309,0.80564,115.44,8.99257,8.47803,1.42515,1.00983,21.3676,662.4,3.1991,2928.5,3.3601,1179.29,13368.0,67.73,35.65,49.26,1.4284,4.1158,290.48,25.475,13.6032,3.5911
2017-01-06,0.9494,1.37005,1.3231,0.81417,117.02,9.0499,8.5071,1.43744,1.0173,21.1665,667.0,3.2242,2926.0,3.3735,1200.5,13358.0,68.09,35.71,49.5,1.43836,4.1192,291.35,25.648,13.6725,3.6403
2017-01-07,,,,,,,,1.43782,,,,,,,,,,,,,,,,,
2017-01-08,,1.3715,,0.81606,,,,1.43705,,,,,,,,,,,,,,,,,
2017-01-09,0.9446,1.35886,1.32174,0.82158,115.913,9.03521,8.52935,1.42509,1.01393,21.3548,670.34,3.197,2923.3,3.3801,1202.09,13360.0,68.094,35.62,49.62,1.43516,4.1382,290.84,25.5259,13.6406,3.7092
2017-01-10,0.9471,1.35818,1.3235,0.82154,115.83,9.07852,8.59773,1.43172,1.01657,21.7574,671.3,3.1958,2950.0,3.3827,1200.19,13310.0,68.315,35.53,49.49,1.43596,4.1391,292.22,25.5929,13.7198,3.7976
2017-01-11,0.9446,1.34448,1.31797,0.8194,115.401,9.02453,8.54786,1.41749,1.01406,21.8555,670.4,3.1968,2967.0,3.3795,1186.37,13328.0,68.1,35.45,49.6,1.42638,4.1278,290.55,25.5329,13.724,3.8662
2017-01-12,0.9419,1.33674,1.31478,0.82257,114.74,8.95041,8.52436,1.40803,1.01045,21.784,661.6,3.1881,2922.6,3.3595,1174.42,13283.0,68.129,35.35,49.59,1.42705,4.1163,289.53,25.4579,13.5348,3.7592
2017-01-13,0.9393,1.33349,1.3109,0.82096,114.467,8.9002,8.4966,1.40349,1.00873,21.468,659.2,3.2208,2943.0,3.3595,1173.5,13321.0,68.16,35.41,49.82,1.42585,4.1205,288.67,25.388,13.4998,3.7229
2017-01-14,,,,,,,,1.40331,,,,,,,,,,,,,,,,,
2017-01-15,,1.33611,,0.83012,,,,1.4044,,,,,,,,,,,,,,,,,
2017-01-16,0.9433,1.33835,1.31845,0.83197,114.09,8.952,8.53018,1.40869,1.01099,21.7009,662.1,3.2418,2936.8,3.368,1181.79,13361.0,68.095,35.41,49.98,1.43,4.1258,290.19,25.4919,13.6808,3.8091
2017-01-17,0.9334,1.32329,1.30444,0.80627,112.786,8.88266,8.44687,1.38677,1.0016,21.4935,656.3,3.2111,2913.7,3.3392,1159.25,13348.0,67.883,35.24,49.81,1.41588,4.0719,286.75,25.2239,13.4525,3.7579
2017-01-18,0.9402,1.33124,1.32664,0.81549,114.551,8.94629,8.48934,1.4025,1.00734,21.8999,660.7,3.2303,2934.0,3.3342,1176.85,13338.0,68.212,35.39,49.8,1.42878,4.0999,289.19,25.4059,13.6263,3.7979
2017-01-19,0.9377,1.32366,1.33225,0.81079,115.055,8.9521,8.44919,1.39311,1.00601,21.9429,660.45,3.1958,2937.7,3.3135,1173.49,13366.0,68.089,35.38,49.97,1.42602,4.1018,289.31,25.341,13.5679,3.8302
2017-01-20,0.934,1.3238,1.3325,0.80854,114.6,8.8634,8.4114,1.39562,1.0011,21.584,656.0,3.1683,2919.0,3.2945,1173.89,13403.0,68.049,35.38,49.97,1.42459,4.0845,288.99,25.258,13.6275,3.7656
2017-01-21,,,,,,,,1.39587,,,,,,,,,,,,,,,,,
2017-01-22,,1.32307,,0.80785,,,,1.39431,,,,,,,,,,,,,,,,,
2017-01-23,0.9281,1.316,1.32215,0.79777,112.539,8.82273,8.34013,1.37752,0.99603,21.3702,653.15,3.1626,2924.2,3.2892,1161.35,13355.0,68.049,35.24,49.85,1.41556,4.0575,287.94,25.082,13.4582,3.7511
2017-01-24,0.9315,1.31884,1.31574,0.79822,113.864,8.84746,8.35014,1.37897,1.00118,21.521,652.1,3.1697,2925.4,3.2787,1168.51,13330.0,68.159,35.22,49.81,1.42062,4.0723,289.06,25.1769,13.3677,3.7798
2017-01-25,0.93,1.32069,1.30678,0.79163,113.327,8.8148,8.30787,1.37054,0.99894,21.0855,648.08,3.1695,2925.4,3.2883,1161.07,13356.0,67.97,35.21,49.65,1.41267,4.0493,288.47,25.1339,13.2277,3.8253
2017-01-26,0.9361,1.32851,1.3092,0.79434,114.544,8.83982,8.3373,1.38095,1.00011,21.206,650.9,3.1773,2938.0,3.298,1170.19,13335.0,68.145,35.3,49.78,1.42514,4.0674,291.02,25.291,13.3571,3.8557
2017-01-27,0.9345,1.32564,1.315,0.79707,115.08,8.8507,8.3383,1.37762,0.99856,20.9385,649.6,3.14,2928.6,3.2875,1177.32,13357.0,68.079,35.32,49.77,1.43075,4.0376,291.28,25.234,13.4584,3.8735
2017-01-29,,1.32312,,0.79592,,,,1.37607,,,,,,,,,,,,,,,,,
2017-01-30,0.9342,1.32307,1.31136,0.80055,113.737,8.82314,8.30916,1.3727,0.9948,20.7553,647.69,3.1255,2926.1,3.2829,1168.93,13338.0,67.82,35.2,49.8,1.42059,4.0485,289.96,25.235,13.5219,3.7775
2017-01-31,0.926,1.31943,1.30423,0.79493,112.666,8.74578,8.24567,1.36994,0.9893,20.8078,648.45,3.1508,2910.4,3.2667,1149.71,13345.0,67.489,35.08,49.76,1.40937,4.0006,286.94,25.0259,13.4621,3.7754
2017-02-01,0.9285,1.3194,1.30417,0.79003,113.282,8.75015,8.23351,1.37834,0.99317,20.693,646.1,3.1283,2904.0,3.2685,1151.41,13368.0,67.379,35.09,49.82,1.4122,3.9982,287.31,25.0929,13.4798,3.7674
2017-02-02,0.929,1.30608,1.30244,0.79816,112.86,8.74605,8.24609,1.37285,0.99226,20.523,642.35,3.1233,2869.9,3.246,1141.99,13348.0,67.199,35.03,49.73,1.41116,4.0072,287.23,25.1049,13.3837,3.7362
2017-02-03,0.9271,1.3021,1.302,0.8009,112.584,8.76314,8.19698,1.3678,0.99261,20.3035,640.25,3.1172,2848.0,3.2575,1137.01,13338.0,67.174,35.0,49.69,1.40671,3.988,286.87,25.032,13.2673,3.6949
2017-02-04,,,,,,,,1.3678,,,,,,,,,,,,,,,,,
2017-02-05,,1.30275,,0.80151,,,,1.36848,,,,,,,,,,,,,,,,,
2017-02-06,0.9297,1.30623,1.30763,0.80217,111.793,8.82586,8.25291,1.36625,0.9905,20.5642,640.8,3.1148,2847.9,3.2865,1132.29,13320.0,67.18,35.0,49.69,1.40856,3.9956,288.08,25.1389,13.2861,3.6853
2017-02-07,0.936,1.31173,1.31826,0.79952,112.31,8.869,8.32216,1.37069,0.99762,20.5994,646.52,3.1198,2850.5,3.2902,1141.87,13324.0,67.33,35.01,49.75,1.41779,4.0297,289.08,25.2969,13.4332,3.7366
2017-02-08,0.9345,1.30904,1.31413,0.79761,111.841,8.83747,8.31667,1.38011,0.99474,20.4725,647.1,3.117,2874.0,3.285,1145.37,13320.0,67.045,34.97,49.9,1.41617,4.0305,288.44,25.2619,13.4006,3.7124
2017-02-09,0.9382,1.31203,1.31362,0.80021,113.282,8.90491,8.33314,1.39245,1.00127,20.3385,645.4,3.1297,2857.3,3.2655,1149.47,13300.0,66.739,35.03,49.97,1.4205,4.0484,289.06,25.3579,13.3695,3.6816
2017-02-10,0.9396,1.30273,1.3076,0.80088,113.205,8.9175,8.3692,1.38871,1.0019,20.3381,639.58,3.1143,2848.6,3.2492,1145.09,13315.0,66.812,35.04,49.95,1.4209,4.0365,289.38,25.39,13.3498,3.701
2017-02-11,,,,,,,,1.38985,,,,,,,,,,,,,,,,,
2017-02-12,,1.30494,,0.80063,,,,1.38875,,,,,,,,,,,,,,,,,
2017-02-13,0.9435,1.30907,1.30705,0.79836,113.756,8.93789,8.39115,1.39388,1.00551,20.2901,641.9,3.1108,2861.2,3.252,1148.27,13323.0,66.899,35.05,49.91,1.42356,4.0675,290.66,25.4989,13.2998,3.6677
2017-02-14,0.9451,1.30327,1.30743,0.80173,114.317,8.93253,8.39763,1.39454,1.00622,20.2512,640.88,3.0838,2868.1,3.2532,1137.51,13326.0,66.809,35.01,49.86,1.41929,4.0678,291.03,25.5429,13.1063,3.6497
2017-02-15,0.9438,1.29692,1.3077,0.8025,114.276,8.92483,8.34278,1.38614,1.0055,20.2792,638.44,3.0565,2868.1,3.2499,1133.96,13326.0,66.849,35.01,49.91,1.41912,4.0668,290.58,25.5079,12.9054,3.6574
2017-02-16,0.9371,1.29995,1.30706,0.80118,113.299,8.85842,8.28686,1.38665,0.9973,20.3813,638.6,3.0889,2870.0,3.2465,1140.89,13313.0,67.059,34.97,49.96,1.41653,4.043,288.1,25.3249,13.0078,3.6659
2017-02-17,0.9417,1.3049,1.30912,0.806,112.836,8.9139,8.3378,1.39293,1.00257,20.4224,644.0,3.1035,2885.0,3.2575,1149.0,13320.0,67.06,34.96,50.04,1.41745,4.0632,288.95,25.357,13.0293,3.637
2017-02-19,,1.30351,,0.80544,,,,1.3915,,,,,,,,,,,,,,,,,
2017-02-20,0.942,1.30117,1.31068,0.80223,113.14,8.9329,8.33788,1.39202,1.00281,20.3503,640.57,3.0858,2879.6,3.2455,1143.31,13351.0,66.895,35.0,50.44,1.41768,4.0686,289.9,25.4539,13.0397,3.6223
2017-02-21,0.9486,1.30361,1.31479,0.80156,113.7,8.97617,8.35559,1.39735,1.00984,20.0022,642.56,3.0948,2895.8,3.2413,1140.85,13368.0,66.95,35.02,50.26,1.42071,4.0764,291.73,25.627,13.1398,3.6184
2017-02-22,0.9472,1.29885,1.316,0.8027,113.311,8.97218,8.36535,1.39187,1.01037,19.8992,642.55,3.0628,2888.8,3.2395,1136.91,13360.0,66.9,35.01,50.21,1.41312,4.0738,291.59,25.59,12.9709,3.5797
2017-02-23,0.945,1.29611,1.31013,0.7967,112.734,8.99323,8.33481,1.3829,1.0064,19.6642,641.38,3.0612,2862.7,3.2381,1131.52,13348.0,66.684,34.96,50.19,1.40728,4.0658,291.68,25.5393,12.8822,3.5704
2017-02-24,0.9472,1.30297,1.30898,0.80248,112.134,9.0413,8.3772,1.38937,1.0065,19.921,646.7,3.11,2888.0,3.2515,1129.5,13327.0,66.619,34.88,50.18,1.404,4.0638,291.35,25.584,12.9015,3.6087
2017-02-25,,,,,,,,1.38908,,,,,,,,,,,,,,,,,
2017-02-26,,1.3032,,0.80305,,,,1.38966,,,,,,,,,,,,,,,,,
2017-02-27,0.9443,1.30315,1.3187,0.80393,112.733,9.0616,8.36681,1.39119,1.00905,19.9064,646.35,3.1083,2885.1,3.2495,1133.27,13341.0,66.689,34.83,50.27,1.40391,4.0712,290.38,25.515,12.9995,3.6081
2017-02-28,0.9455,1.30692,1.33084,0.80802,112.84,9.04065,8.39193,1.39235,1.00616,20.1198,650.2,3.1086,2917.0,3.263,1136.49,13320.0,66.69,34.91,50.24,1.40465,4.0719,291.07,25.548,13.1311,3.6425
2017-03-01,0.9476,1.30181,1.33275,0.81302,113.763,9.04437,8.4045,1.3994,1.00857,19.7947,649.25,3.089,2928.0,3.258,1138.81,13337.0,66.7,34.97,50.29,1.40881,4.056,291.26,25.6069,13.0139,3.6497
2017-03-02,0.9515,1.32057,1.33942,0.81508,114.377,9.08435,8.48308,1.41633,1.01318,19.9975,655.65,3.1558,2971.4,3.2825,1149.23,13357.0,66.759,35.02,50.3,1.41196,4.0881,294.46,25.7162,13.1421,3.7255
2017-03-03,0.9413,1.31744,1.3373,0.8137,114.005,8.9781,8.4202,1.41985,1.00641,19.6271,657.1,3.1141,2968.8,3.278,1150.81,13380.0,66.749,35.01,50.24,1.40855,4.0511,290.88,25.444,13.0098,3.7135
2017-03-04,,,,,,,,1.42106,,,,,,,,,,,,,,,,,
2017-03-05,,1.31855,,0.81378,,,,1.42298,,,,,,,,,,,,,,,,,
2017-03-06,0.9448,1.31973,1.3408,0.817,113.936,9.01907,8.49169,1.43043,1.01205,19.5832,661.27,3.1381,2965.2,3.2892,1153.88,13346.0,66.649,35.05,50.39,1.41217,4.0705,292.81,25.5349,13.0358,3.7152
2017-03-07,0.9461,1.31804,1.34119,0.81932,113.991,9.01287,8.4527,1.43734,1.01318,19.4671,658.17,3.1192,2950.3,3.278,1148.99,13344.0,66.614,35.1,50.27,1.4109,4.0731,293.31,25.566,12.9693,3.6786
2017-03-08,0.9485,1.32922,1.34934,0.82181,114.444,9.04797,8.54206,1.44774,1.01476,19.6778,663.1,3.1623,2975.0,3.2785,1153.29,13370.0,66.76,35.29,50.28,1.41782,4.088,294.92,25.632,13.1406,3.7443
2017-03-09,0.9453,1.33333,1.35085,0.82292,115.093,9.04612,8.58793,1.44995,1.01215,19.8256,664.98,3.1925,2995.0,3.2885,1158.73,13393.0,66.75,35.36,50.36,1.42121,4.0898,294.45,25.5464,13.3212,3.7719
2017-03-10,0.9367,1.32656,1.3463,0.82224,114.77,9.0062,8.592,1.4453,1.0103,19.597,663.44,3.1378,2978.0,3.2825,1147.31,13376.0,66.529,35.33,50.21,1.41113,4.0565,292.82,25.274,13.149,3.7293
2017-03-12,,1.3267,,0.82216,,,,1.44423,,,,,,,,,,,,,,,,,
2017-03-13,0.9386,1.32181,1.34496,0.81887,114.941,8.93822,8.56394,1.44594,1.00755,19.6255,665.98,3.1518,2977.7,3.2775,1146.39,13355.0,66.159,35.29,50.27,1.41517,4.0644,292.92,25.3639,13.1231,3.7405
2017-03-14,0.9424,1.32303,1.34812,0.82288,114.696,8.96659,8.60981,1.44479,1.00974,19.6627,669.1,3.1638,2988.2,3.2775,1148.29,13368.0,65.759,35.29,50.3,1.41552,4.0689,293.23,25.4679,13.1432,3.7397
2017-03-15,0.9317,1.29852,1.32982,0.81366,113.439,8.88016,8.50433,1.42603,1.00082,19.2429,666.25,3.1028,2959.7,3.2535,1127.25,13358.0,65.25,35.05,50.2,1.40271,4.0169,289.16,25.1819,12.8322,3.6741
2017-03-16,0.9281,1.30334,1.33224,0.80939,113.346,8.81217,8.50219,1.43242,0.99624,19.2332,661.31,3.1203,2916.4,3.2474,1126.49,13343.0,65.359,34.89,50.02,1.40085,4.0001,287.25,25.0839,12.7711,3.629
2017-03-17,0.9305,1.29811,1.3346,0.80684,112.69,8.8037,8.4736,1.42674,0.99837,19.072,661.75,3.0915,2912.5,3.2485,1127.53,13340.0,65.449,34.82,50.19,1.4015,3.9826,286.97,25.154,12.7028,3.6352
2017-03-19,,1.2987,,0.80733,,,,1.42519,,,,,,,,,,,,,,,,,
2017-03-20,0.9313,1.29396,1.3339,0.80917,112.53,8.8236,8.48351,1.41874,0.9989,19.0048,659.39,3.0713,2906.4,3.2395,1113.49,13310.0,65.319,34.63,50.09,1.39702,3.9731,287.24,25.1709,12.6387,3.6156
2017-03-21,0.9246,1.30207,1.33532,0.80149,111.498,8.79647,8.46873,1.42001,0.99318,19.0781,658.7,3.0878,2908.7,3.2405,1122.09,13316.0,65.48,34.69,50.15,1.39908,3.9544,285.1,24.982,12.6751,3.6321
2017-03-22,0.9262,1.30364,1.33329,0.80166,111.295,8.79794,8.4643,1.41939,0.99172,19.0151,660.97,3.0858,2914.8,3.2408,1115.71,13326.0,65.429,34.56,50.23,1.39888,3.9646,285.77,25.0329,12.5498,3.6162
2017-03-23,0.9272,1.31087,1.33539,0.79891,111.028,8.8297,8.49325,1.42345,0.99321,18.9399,662.29,3.1395,2912.8,3.2403,1120.87,13324.0,65.429,34.57,50.4,1.39951,3.9539,286.44,25.0579,12.4568,3.6319
2017-03-24,0.9258,1.31199,1.3379,0.80212,111.329,8.8052,8.48,1.42349,0.99088,18.8931,659.5,3.1075,2896.9,3.2405,1116.05,13324.0,65.4,34.59,50.2,1.3983,3.9475,286.63,24.969,12.4364,3.6112
2017-03-26,,1.31091,,0.7991,,,,1.4209,,,,,,,,,,,,,,,,,
2017-03-27,0.9201,1.3123,1.33813,0.79617,110.616,8.78664,8.48685,1.419,0.98546,18.869,664.4,3.1261,2921.0,3.2371,1109.89,13309.0,64.97,34.35,50.09,1.39344,3.9091,284.01,24.8681,12.7446,3.6149
2017-03-28,0.9244,1.30974,1.33823,0.80283,111.117,8.83145,8.52118,1.42653,0.99192,19.0069,665.1,3.1388,2903.8,3.2339,1114.86,13309.0,65.02,34.41,50.15,1.39743,3.9207,286.33,24.9829,12.9799,3.6566
2017-03-29,0.9285,1.3047,1.33323,0.80398,111.09,8.86615,8.499,1.42177,0.996,18.7191,662.45,3.1223,2878.0,3.24,1109.27,13312.0,64.84,34.4,50.15,1.39383,3.9226,287.46,25.0999,13.0347,3.6421
2017-03-30,0.9357,1.30828,1.33361,0.80147,111.817,8.93395,8.56167,1.42908,1.00054,18.7163,662.43,3.1486,2884.7,3.2356,1116.45,13313.0,64.85,34.46,50.16,1.39785,3.9411,289.0,25.4123,13.4037,3.6507
2017-03-31,0.9373,1.31103,1.3318,0.79726,111.383,8.95515,8.5995,1.42802,1.003,18.7631,659.21,3.1218,2873.0,3.2443,1116.15,13323.0,64.849,34.33,50.17,1.39625,3.9613,289.28,25.337,13.4195,3.6347
2017-04-02,,1.30931,,0.79688,,,,1.4278,,,,,,,,,,,,,,,,,
2017-04-03,0.9372,1.3152,1.33847,0.80093,110.872,8.9604,8.58046,1.4257,1.00182,18.7111,657.74,3.114,2864.2,3.2385,1115.81,13320.0,64.96,34.36,50.22,1.39679,3.9691,288.92,25.3675,13.7013,3.6448
2017-04-04,0.9362,1.32156,1.33972,0.80412,110.824,9.0018,8.58429,1.43355,1.0015,18.8022,659.49,3.0958,2860.2,3.2455,1123.65,13325.0,65.07,34.44,50.18,1.39766,3.9777,289.84,25.3208,13.5966,3.673
2017-04-05,0.937,1.32081,1.34316,0.80089,110.495,8.98284,8.60287,1.43371,1.00387,18.8342,657.94,3.121,2858.0,3.2455,1126.67,13318.0,64.97,34.51,50.17,1.39979,3.9655,290.61,25.3396,13.7645,3.6981
2017-04-06,0.9393,1.32633,1.34183,0.80231,110.85,9.02378,8.62519,1.43497,1.00527,18.7648,655.78,3.1425,2850.7,3.2455,1129.57,13331.0,64.602,34.59,50.18,1.40232,3.976,291.7,24.9972,13.7756,3.7063
2017-04-07,0.9436,1.33307,1.3402,0.80844,111.044,9.0558,8.6531,1.44271,1.0092,18.658,655.78,3.1455,2857.3,3.2408,1136.39,13313.0,64.266,34.59,49.78,1.40393,3.9835,292.45,25.076,13.7523,3.7301
2017-04-08,,,,0.80828,,,,1.44196,,,,,,,,,,,,,,,,,
2017-04-09,,1.33314,,0.80831,,,,1.44148,,,,,,,,,,,,,,,,,
2017-04-10,0.9434,1.33138,1.33217,0.80511,110.755,9.07455,8.62184,1.43536,1.00812,18.6804,652.1,3.145,2859.0,3.2825,1141.37,13365.0,64.57,34.59,49.57,1.40411,3.9939,293.38,25.1169,13.9003,3.7284
2017-04-11,0.9427,1.33292,1.33289,0.80085,109.665,9.05765,8.59882,1.43755,1.00737,18.7797,654.6,3.1375,2871.0,3.25,1144.42,13278.0,64.55,34.51,49.7,1.40322,4.0046,294.19,25.1329,13.8175,3.696
2017-04-12,0.9373,1.32813,1.32479,0.79756,109.057,8.97462,8.54716,1.43287,1.0022,18.5582,652.7,3.1246,2866.4,3.2502,1133.17,13274.0,64.57,34.37,49.41,1.39638,3.982,293.15,25.0339,13.4957,3.6466
2017-04-13,0.9418,1.32123,1.33318,0.79967,109.139,9.03411,8.57542,1.42829,1.00551,18.5684,649.87,3.1433,2864.1,3.246,1134.59,13253.0,64.429,34.36,49.41,1.39816,3.9976,294.43,25.122,13.4403,3.668
2017-04-14,0.9421,1.31984,1.3325,0.79892,108.48,9.01795,8.5652,1.42749,1.006,18.497,649.0,3.1438,2864.0,3.2475,1134.95,13253.0,64.459,34.33,49.47,1.39682,3.9894,294.42,25.123,13.4038,3.7293
2017-04-16,,1.31924,,0.79805,,,,1.42694,,,,,,,,,,,,,,,,,
2017-04-17,0.9394,1.31825,1.33254,0.79631,109.032,9.00042,8.5583,1.426,1.00443,18.494,644.85,3.0977,2849.7,3.246,1131.15,13283.0,64.459,34.27,49.5,1.39826,3.9903,294.48,25.0681,13.2863,3.7003
2017-04-18,0.9317,1.32363,1.33832,0.77867,108.434,8.95708,8.51002,1.41979,0.99602,18.5835,648.02,3.1069,2838.5,3.2463,1141.27,13295.0,64.589,34.33,49.63,1.39551,3.9411,292.11,24.9679,13.279,3.6541
2017-04-19,0.933,1.33324,1.34779,0.78213,108.91,8.96749,8.58061,1.42017,0.99766,18.8648,648.0,3.1488,2867.0,3.246,1141.29,13295.0,64.629,34.37,49.78,1.3973,3.9731,292.01,25.087,13.2694,3.6713
2017-04-20,0.9329,1.3289,1.34667,0.78088,109.386,8.98733,8.62179,1.42833,0.99879,18.7898,649.27,3.1473,2846.2,3.2393,1136.49,13322.0,64.609,34.39,49.78,1.39806,3.9777,292.04,25.0949,13.135,3.6407
2017-04-21,0.9321,1.3264,1.3495,0.78075,109.08,9.0134,8.6744,1.42298,0.9954,18.802,653.25,3.1473,2873.0,3.2405,1133.07,13316.0,64.629,34.34,49.83,1.39568,3.9734,291.31,25.077,13.1236,3.6395
2017-04-23,,1.32277,,0.78051,,,,1.42035,,,,,,,,,,,,,,,,,
2017-04-24,0.9199,1.32111,1.35141,0.78215,109.822,8.8571,8.55523,1.4258,0.99581,18.7073,654.76,3.128,2869.0,3.2368,1133.15,13316.0,64.485,34.3,49.78,1.39246,3.9047,286.34,24.7042,12.9925,3.5692
2017-04-25,0.9146,1.32619,1.35725,0.77925,110.987,8.76851,8.56652,1.43813,0.99326,18.8765,661.9,3.1468,2897.2,3.2445,1124.93,13275.0,64.31,34.41,49.65,1.39371,3.8613,284.94,24.5422,13.0637,3.5777
2017-04-26,0.9165,1.33752,1.36158,0.77802,111.201,8.7566,8.57867,1.45037,0.99304,19.2209,664.73,3.172,2928.0,3.2475,1131.25,13283.0,64.11,34.45,49.81,1.39552,3.8714,286.26,24.6425,13.2422,3.5728
2017-04-27,0.9194,1.33906,1.36391,0.77516,111.258,8.83354,8.56155,1.45324,0.99429,19.0511,662.7,3.1822,2939.8,3.2415,1130.25,13313.0,64.1,34.58,49.95,1.39619,3.8822,286.44,24.8514,13.3427,3.5621
2017-04-28,0.9177,1.33574,1.3653,0.77253,111.495,8.8574,8.5832,1.45722,0.9936,18.7972,666.43,3.1716,2938.3,3.2431,1136.37,13320.0,64.31,34.57,50.21,1.396,3.8765,287.64,24.591,13.3566,3.5515
2017-04-30,,1.33661,,0.77357,,,,1.45558,,,,,,,,,,,,,,,,,
2017-05-01,0.9163,1.32855,1.3673,0.77538,111.868,8.8422,8.5826,1.44668,0.9955,18.7277,665.25,3.1753,2939.0,3.242,1135.91,13325.0,64.239,34.58,50.14,1.39632,3.872,285.8,24.6152,13.3926,3.5531
2017-05-02,0.9146,1.32638,1.37069,0.77287,111.968,8.80095,8.58946,1.43548,0.99133,18.7706,667.35,3.1503,2938.0,3.2375,1127.53,13310.0,64.149,34.46,50.02,1.39284,3.8424,285.37,24.6259,13.343,3.5269
2017-05-03,0.9181,1.34666,1.37309,0.77707,112.705,8.83974,8.65031,1.45119,0.99412,18.8456,668.41,3.1633,2925.1,3.2453,1132.31,13301.0,64.15,34.54,49.96,1.39706,3.8608,286.18,24.5506,13.4411,3.5356
2017-05-04,0.9104,1.34942,1.37511,0.77393,112.519,8.83333,8.67869,1.4555,0.98596,19.0605,675.05,3.1881,2980.7,3.2815,1134.57,13324.0,64.2,34.61,49.87,1.40028,3.8509,284.28,24.411,13.6402,3.5536
2017-05-05,0.9087,1.34849,1.3648,0.77012,112.7,8.79345,8.5901,1.44634,0.9873,18.989,671.1,3.1744,2942.0,3.2615,1134.21,13325.0,64.3,34.65,49.84,1.4037,3.828,283.18,24.332,13.4275,3.5444
2017-05-07,,1.34895,,0.77124,,,,1.44871,,,,,,,,,,,,,,,,,
2017-05-08,0.915,1.35417,1.36978,0.77286,113.262,8.84009,8.64135,1.44601,0.99853,19.2007,678.34,3.197,2961.0,3.2818,1131.97,13307.0,64.339,34.65,49.86,1.40564,3.871,284.61,24.403,13.6065,3.582
2017-05-09,0.9185,1.36092,1.37064,0.77239,113.716,8.88236,8.68304,1.45012,1.00659,19.1668,677.87,3.1896,2976.5,3.2854,1137.49,13345.0,64.668,34.75,49.93,1.41013,3.8895,286.29,24.454,13.6209,3.6211
2017-05-10,0.92,1.35953,1.36766,0.77347,114.312,8.92454,8.62847,1.46379,1.0089,19.0126,673.0,3.1668,2940.0,3.2925,1129.65,13353.0,64.525,34.75,49.9,1.41172,3.8729,285.63,24.4463,13.4792,3.5843
2017-05-11,0.9202,1.35637,1.37039,0.77591,113.756,8.88014,8.60068,1.46103,1.00764,18.8346,672.1,3.1397,2924.7,3.285,1122.81,13353.0,64.389,34.73,49.77,1.40781,3.8887,285.23,24.4605,13.3649,3.5726
2017-05-12,0.9147,1.35423,1.37095,0.77604,113.28,8.8173,8.5575,1.45654,1.00081,18.8081,671.95,3.122,2920.0,3.2695,1121.91,13316.0,64.237,34.64,49.67,1.40303,3.8531,283.81,24.267,13.3765,3.5717
2017-05-14,,1.35367,,0.77611,,,,1.45618,,,,,,,,,,,,,,,,,
2017-05-15,0.9104,1.34793,1.36301,0.77518,113.637,8.82507,8.54444,1.45172,0.99586,18.6983,668.34,3.1092,2877.0,3.2665,1116.75,13301.0,64.04,34.53,49.6,1.39758,3.8205,281.02,24.0949,13.1774,3.5466
2017-05-16,0.9011,1.34609,1.36098,0.77426,112.814,8.77532,8.45839,1.45127,0.98477,18.6575,665.98,3.0962,2876.3,3.255,1114.28,13295.0,63.93,34.44,49.6,1.39397,3.7616,278.61,23.7557,13.0644,3.5398
2017-05-17,0.8956,1.34517,1.35858,0.77108,110.942,8.72877,8.40314,1.44071,0.97877,18.8978,670.94,3.1364,2892.7,3.273,1121.41,13320.0,64.29,34.44,49.76,1.38989,3.7542,276.65,23.7346,13.1866,3.5697
2017-05-18,0.9,1.34871,1.36099,0.7726,111.495,8.79932,8.47728,1.45028,0.9795,18.8319,672.36,3.3685,2921.0,3.2744,1127.84,13351.0,64.87,34.48,49.84,1.39261,3.7954,278.95,23.9154,13.4178,3.6222
2017-05-19,0.8925,1.34138,1.3511,0.76758,111.16,8.7207,8.3815,1.44523,0.9735,18.699,668.4,3.2528,2879.3,3.2645,1116.11,13328.0,64.559,34.31,49.64,1.38503,3.7401,275.07,23.621,13.2263,3.5785
2017-05-21,,1.3412,,0.76819,,,,1.44186,,,,,,,,,,,,,,,,,
2017-05-22,0.8895,1.33845,1.34981,0.76934,111.093,8.69125,8.34545,1.42918,0.97334,18.6589,670.4,3.2657,2903.9,3.2702,1114.28,13298.0,64.479,34.29,49.76,1.3865,3.7338,274.21,23.58,13.2206,3.5602
2017-05-23,0.8937,1.33742,1.35149,0.77141,111.781,8.70123,8.37171,1.42523,0.97548,18.6316,674.52,3.2694,2903.0,3.2752,1123.63,13298.0,64.869,34.41,49.87,1.38995,3.7555,275.55,23.6309,13.0698,3.5732
2017-05-24,0.8912,1.33355,1.34099,0.77109,111.631,8.67048,8.33218,1.41969,0.97342,18.437,671.52,3.275,2902.0,3.2618,1117.96,13307.0,64.75,34.32,49.95,1.38449,3.7199,274.36,23.583,12.9203,3.5561
2017-05-25,0.8915,1.34144,1.34844,0.77326,111.766,8.68214,8.39647,1.42442,0.97279,18.486,668.55,3.2742,2917.0,3.2635,1118.97,13307.0,64.55,34.12,49.87,1.38648,3.7218,274.0,23.5828,12.9276,3.5663
2017-05-26,0.8942,1.34326,1.3448,0.78134,111.31,8.6882,8.3751,1.41657,0.9721,18.51,671.9,3.2596,2909.0,3.272,1117.33,13294.0,64.505,34.03,49.75,1.38065,3.7344,275.04,23.648,12.8547,3.5781
2017-05-28,,1.3439,,0.78024,,,,1.41711,,,,,,,,,,,,,,,,,
2017-05-29,0.8975,1.34425,1.34703,0.77979,111.229,8.72419,8.431,1.41826,0.97857,18.4835,674.5,3.2564,2910.8,3.2825,1121.61,13318.0,64.535,34.08,49.71,1.38687,3.7482,276.39,23.784,12.9898,3.5803
2017-05-30,0.8947,1.34055,1.34711,0.7809,110.859,8.72921,8.45093,1.41085,0.97574,18.7315,674.5,3.2568,2916.0,3.2767,1123.33,13321.0,64.6,34.11,49.8,1.38588,3.7359,275.3,23.688,13.1121,3.5517
2017-05-31,0.8895,1.34687,1.34965,0.77699,110.833,8.69361,8.43648,1.41305,0.96809,18.6279,672.18,3.226,2914.4,3.2652,1118.31,13319.0,64.505,34.03,49.78,1.38368,3.7172,273.91,23.4386,13.0803,3.5288
2017-06-01,0.8911,1.3552,1.35097,0.77609,111.388,8.67714,8.4463,1.41499,0.97081,18.6418,671.9,3.2493,2890.8,3.2682,1120.63,13319.0,64.435,34.1,49.69,1.38597,3.7374,274.48,23.4579,12.8809,3.5293
2017-06-02,0.8864,1.34517,1.3483,0.77628,110.357,8.6103,8.4151,1.40003,0.9631,18.6815,669.63,3.246,2891.0,3.2671,1116.89,13301.0,64.399,34.03,49.34,1.38024,3.7154,273.44,23.304,12.7896,3.5079
2017-06-04,,1.3453,,0.77708,,,,1.40127,,,,,,,,,,,,,,,,,
2017-06-05,0.888,1.33579,1.3478,0.77485,110.469,8.65044,8.44415,1.40166,0.96496,18.3524,669.0,3.2971,2899.0,3.2625,1116.25,13283.0,64.33,33.99,49.36,1.38159,3.7178,272.74,23.3753,12.6998,3.522
2017-06-06,0.8864,1.3311,1.34484,0.77476,109.409,8.66302,8.45409,1.3921,0.96192,18.234,668.7,3.277,2893.0,3.2655,1116.65,13295.0,64.419,33.93,49.47,1.37901,3.7175,273.04,23.3266,12.8179,3.5136
2017-06-07,0.888,1.32501,1.35072,0.77187,109.741,8.68655,8.49596,1.38956,0.96445,18.2534,669.0,3.2682,2911.1,3.2652,1122.55,13301.0,64.409,34.0,49.53,1.38222,3.7369,273.71,23.3599,12.8237,3.5527
2017-06-08,0.8924,1.32652,1.35115,0.78125,110.01,8.71719,8.5084,1.38837,0.96803,18.2005,664.9,3.2605,2917.8,3.2652,1120.81,13294.0,64.239,34.06,49.52,1.38189,3.7498,274.63,23.461,12.9098,3.5265
2017-06-09,0.8931,1.32917,1.3468,0.78506,110.327,8.71036,8.4936,1.38735,0.96871,18.161,663.0,3.2957,2912.0,3.2665,1123.79,13288.0,64.239,34.04,49.52,1.38355,3.7376,274.57,23.362,12.9433,3.5365
2017-06-11,,1.32813,,0.78492,,,,1.38818,,,,,,,,,,,,,,,,,
2017-06-12,0.8925,1.32556,1.3318,0.78945,109.835,8.7436,8.46757,1.38874,0.96864,18.132,661.3,3.3174,2927.2,3.2752,1129.85,13297.0,64.47,34.04,49.56,1.38393,3.741,274.24,23.3779,12.8098,3.5152
2017-06-13,0.8919,1.32728,1.32363,0.78447,110.057,8.68982,8.43116,1.38687,0.96875,18.047,661.0,3.3157,2927.0,3.2735,1126.05,13290.0,64.33,33.9,49.53,1.38164,3.7384,273.03,23.3147,12.7564,3.5167
2017-06-14,0.8918,1.31711,1.32348,0.78399,109.346,8.7084,8.4282,1.37935,0.97127,17.9382,661.0,3.2737,2933.0,3.27,1118.63,13280.0,64.23,33.89,49.41,1.37566,3.7439,272.73,23.3566,12.6183,3.4877
2017-06-15,0.8969,1.31841,1.32562,0.78413,110.86,8.75029,8.50287,1.38717,0.97525,18.0512,665.65,3.2738,2951.2,3.2752,1129.45,13284.0,64.54,33.93,49.84,1.38309,3.7978,276.22,23.5447,12.8791,3.513
2017-06-16,0.8937,1.31303,1.3209,0.78266,110.67,8.70566,8.4462,1.37969,0.9727,17.903,665.0,3.2923,2971.0,3.2685,1131.5,13296.0,64.429,33.92,49.87,1.38254,3.7577,274.56,23.348,12.8073,3.5031
2017-06-18,,1.31216,,0.78282,,,,1.37842,,,,,,,,,,,,,,,,,
2017-06-19,0.8965,1.31641,1.32248,0.78506,111.636,8.74028,8.50491,1.38441,0.97547,17.9654,661.52,3.2817,2975.3,3.2655,1135.13,13288.0,64.469,33.97,50.02,1.38742,3.7814,275.84,23.4598,12.9725,3.519
2017-06-20,0.8978,1.31924,1.32703,0.79202,111.381,8.78023,8.54731,1.38064,0.97473,18.2259,663.65,3.3264,3028.2,3.269,1140.46,13280.0,64.52,34.01,50.22,1.38861,3.8138,277.45,23.5931,13.0695,3.5439
2017-06-21,0.8952,1.32433,1.33296,0.78905,111.365,8.74677,8.52563,1.38158,0.97242,18.2253,665.1,3.3343,3056.2,3.2695,1141.95,13317.0,64.529,33.99,50.27,1.38895,3.8087,277.0,23.5445,13.0733,3.5302
2017-06-22,0.8966,1.32637,1.32344,0.78868,111.284,8.7535,8.49065,1.37603,0.97187,18.1223,662.83,3.3408,3022.6,3.2609,1138.02,13325.0,64.589,33.95,50.38,1.39015,3.789,277.02,23.574,12.9581,3.5104
2017-06-23,0.8932,1.32168,1.3272,0.78647,111.26,8.73375,8.4524,1.37366,0.9702,18.0163,660.56,3.342,3018.9,3.2512,1133.39,13325.0,64.479,33.91,50.1,1.3864,3.7819,277.07,23.498,12.917,3.5083
2017-06-25,,1.32221,,0.78494,,,,1.37378,,,,,,,,,,,,,,,,,
2017-06-26,0.8942,1.3191,1.32539,0.78626,111.86,8.71965,8.48487,1.37433,0.97243,17.8981,660.56,3.2956,3015.6,3.2472,1132.57,13325.0,64.43,33.97,50.16,1.38896,3.758,276.52,23.5,12.854,3.4979
2017-06-27,0.8813,1.31808,1.31743,0.78014,112.237,8.60674,8.4173,1.37504,0.95985,17.9785,663.15,3.3128,3024.1,3.2488,1139.25,13325.0,64.47,33.94,50.25,1.38644,3.7374,273.02,23.2028,13.0061,3.5234
2017-06-28,0.8785,1.3095,1.30377,0.77316,112.324,8.54271,8.43457,1.36892,0.95959,17.8606,663.1,3.2802,3019.0,3.2408,1137.41,13325.0,64.5,33.94,50.49,1.38203,3.7203,271.83,23.1047,12.9229,3.5124
2017-06-29,0.8737,1.30191,1.29952,0.76866,111.965,8.45474,8.37519,1.36966,0.9554,18.0415,665.1,3.3038,3042.4,3.2394,1145.51,13325.0,64.655,33.97,50.6,1.37891,3.7064,270.56,22.9343,13.0091,3.5255
2017-06-30,0.8746,1.30115,1.2964,0.76794,112.36,8.42845,8.3454,1.36498,0.9589,18.122,664.43,3.3058,3040.6,3.2462,1143.93,13325.0,64.615,33.91,50.45,1.37573,3.6998,270.07,22.846,13.0474,3.5201
2017-07-02,,1.30015,,0.76818,,,,1.36177,,,,,,,,,,,,,,,,,
2017-07-03,0.8794,1.30548,1.30046,0.77268,113.324,8.48573,8.35356,1.37276,0.96321,18.1965,661.8,3.3013,3043.0,3.2557,1149.44,13363.0,64.84,33.97,50.54,1.38237,3.7365,271.66,22.9796,13.2093,3.5551
2017-07-04,0.8808,1.31448,1.2936,0.77356,113.052,8.52004,8.3478,1.37225,0.96466,18.1971,663.5,3.308,3043.8,3.2565,1148.99,13346.0,64.775,33.99,50.55,1.38235,3.7306,271.19,23.008,13.1854,3.5572
2017-07-05,0.8805,1.31461,1.29576,0.7731,113.113,8.48621,8.38616,1.37221,0.96381,18.3099,665.95,3.2882,3082.0,3.2535,1152.05,13363.0,64.794,33.98,50.62,1.38014,3.7241,271.91,22.957,13.3782,3.6035
2017-07-06,0.8753,1.31883,1.29769,0.77114,113.122,8.43882,8.35148,1.37455,0.96044,18.2741,665.1,3.2984,3094.0,3.2475,1155.89,13387.0,64.775,34.04,50.64,1.38248,3.7092,269.59,22.863,13.4224,3.6215
2017-07-07,0.8769,1.31544,1.2877,0.77592,113.869,8.42324,8.36252,1.37419,0.9646,18.0444,666.5,3.2803,3089.0,3.2482,1152.24,13402.0,64.585,34.15,50.56,1.38145,3.7117,270.43,22.845,13.3918,3.6182
2017-07-09,,1.31588,,0.77602,,,,1.37478,,,,,,,,,,,,,,,,,
2017-07-10,0.8772,1.31486,1.28902,0.77654,114.061,8.42708,8.33035,1.37847,0.96596,17.9561,665.9,3.2547,3060.8,3.2499,1148.05,13396.0,64.449,34.11,50.84,1.38399,3.7168,270.28,22.8795,13.4516,3.6086
2017-07-11,0.8715,1.30936,1.29154,0.77803,113.901,8.39823,8.27437,1.38424,0.96351,17.922,665.84,3.254,3074.0,3.251,1147.81,13390.0,64.55,34.08,50.73,1.38155,3.6942,268.09,22.7685,13.5485,3.6147
2017-07-12,0.8757,1.30251,1.27556,0.77577,113.302,8.40925,8.28009,1.37855,0.9651,17.7887,662.7,3.2081,3045.0,3.2495,1136.69,13369.0,64.45,33.93,50.5,1.37789,3.7033,268.93,22.85,13.2558,3.5667
2017-07-13,0.8773,1.29331,1.27291,0.77282,113.364,8.35889,8.25846,1.36612,0.96724,17.6914,660.61,3.2112,3041.8,3.2393,1136.39,13346.0,64.454,33.92,50.55,1.37515,3.7056,268.77,22.9022,13.2106,3.5669
2017-07-14,0.872,1.27814,1.2641,0.76395,112.48,8.29965,8.1728,1.36147,0.9646,17.5923,657.16,3.1792,3022.1,3.2446,1127.59,13285.0,64.29,33.75,50.53,1.37095,3.6698,268.1,22.736,13.0249,3.5374
2017-07-16,,1.27832,,0.76293,,,,1.3598,,,,,,,,,,,,,,,,,
2017-07-17,0.8711,1.28324,1.26979,0.76614,112.603,8.29435,8.15798,1.37555,0.9627,17.5831,659.65,3.1825,3029.0,3.2416,1126.93,13323.0,64.32,33.59,50.71,1.37055,3.6608,267.09,22.7143,12.9522,3.5281
2017-07-18,0.8655,1.264,1.26316,0.76712,112.076,8.30093,8.08419,1.36182,0.95501,17.4932,654.64,3.154,3006.5,3.2376,1123.75,13308.0,64.266,33.54,50.7,1.36703,3.6347,264.66,22.6064,12.9057,3.5251
2017-07-19,0.8673,1.25691,1.26043,0.76779,111.892,8.30596,8.04754,1.35862,0.95475,17.5722,653.4,3.1491,3003.0,3.2368,1123.01,13315.0,64.25,33.59,50.8,1.36843,3.6496,265.32,22.6319,12.9221,3.5231
2017-07-20,0.8597,1.25762,1.25957,0.77132,111.882,8.22486,8.04587,1.35082,0.95149,17.4937,652.25,3.1208,2995.1,3.2368,1120.11,13330.0,64.43,33.55,50.65,1.36598,3.6222,262.37,22.3929,13.0302,3.5281
2017-07-21,0.8572,1.26414,1.2542,0.76965,111.153,8.2384,8.0329,1.34212,0.9459,17.6501,651.12,3.1414,3012.3,3.2485,1117.33,13310.0,64.38,33.66,50.7,1.36128,3.6539,261.54,22.271,12.9019,3.5357
2017-07-22,,,,,,,,1.3421,,,,,,,,,,,,,,,,,
2017-07-23,,1.26349,,0.76923,,,,1.34153,,,,,,,,,,,,,,,,,
2017-07-24,0.859,1.26199,1.25116,0.76789,111.201,8.21928,8.01454,1.34503,0.94733,17.7501,651.65,3.1457,3026.0,3.2411,1113.44,13308.0,64.34,33.39,50.65,1.36173,3.6627,262.02,22.362,12.9612,3.5561
2017-07-25,0.8584,1.25976,1.251,0.76752,111.876,8.20808,7.97668,1.34785,0.95242,17.763,649.65,3.1725,3028.2,3.2467,1118.72,13323.0,64.38,33.46,50.63,1.36215,3.6612,262.02,22.3568,13.0772,3.5688
2017-07-26,0.8517,1.25012,1.2449,0.76243,111.119,8.16784,7.89144,1.32887,0.95114,17.583,644.0,3.1387,3012.9,3.2403,1110.95,13333.0,64.358,33.37,50.6,1.35625,3.6197,259.64,22.1825,12.8953,3.534
2017-07-27,0.8557,1.25453,1.25502,0.76502,111.23,8.21186,7.94782,1.33417,0.96436,17.7214,649.31,3.1539,3010.6,3.2403,1115.29,13315.0,64.108,33.32,50.51,1.35868,3.6357,261.14,22.2969,13.0038,3.537
2017-07-28,0.8506,1.25283,1.2432,0.76156,110.654,8.10395,7.9054,1.33158,0.96842,17.772,653.11,3.1323,2995.2,3.2341,1123.19,13326.0,64.15,33.36,50.5,1.35586,3.6161,259.08,22.169,13.0019,3.5278
2017-07-30,,1.25172,,0.76061,,,,1.33081,,,,,,,,,,,,,,,,,
2017-07-31,0.845,1.25025,1.24977,0.75758,110.306,8.07091,7.87249,1.3323,0.96719,17.8028,649.1,3.1269,2983.0,3.2395,1118.09,13322.0,64.18,33.28,50.42,1.35601,3.5909,256.71,22.0451,13.1688,3.5163
2017-08-01,0.8468,1.25636,1.25513,0.75732,110.374,8.1122,7.92236,1.34778,0.96561,17.8911,653.6,3.1258,2966.4,3.2385,1119.81,13323.0,64.089,33.27,50.37,1.3587,3.6036,257.07,22.1574,13.2485,3.5219
2017-08-02,0.8435,1.2556,1.25683,0.75614,110.712,8.10139,7.89727,1.34764,0.97043,17.8385,650.65,3.1136,2959.0,3.2355,1121.67,13323.0,63.629,33.24,50.28,1.35945,3.5915,255.63,22.0155,13.2101,3.5367
2017-08-03,0.8416,1.25704,1.25725,0.76096,109.958,8.09364,7.89906,1.34419,0.96798,17.8607,648.35,3.1127,2953.3,3.2333,1126.93,13325.0,63.69,33.22,50.31,1.35843,3.5699,255.52,21.9249,13.379,3.5363
2017-08-04,0.849,1.26142,1.2644,0.76711,110.64,8.14197,7.934,1.34942,0.97264,17.883,650.7,3.1305,2985.0,3.2445,1127.27,13315.0,63.623,33.26,50.3,1.35952,3.6045,258.56,22.167,13.4498,3.5281
2017-08-06,,1.26052,,0.76661,,,,1.34891,,,,,,,,,,,,,,,,,
2017-08-07,0.8478,1.2647,1.26803,0.7673,110.752,8.15197,7.92338,1.35971,0.97342,17.9426,651.19,3.1255,2978.1,3.2369,1125.65,13318.0,63.795,33.27,50.45,1.36255,3.6053,257.77,22.155,13.2198,3.5289
2017-08-08,0.8501,1.26411,1.26692,0.76965,110.112,8.16881,7.95012,1.36435,0.97277,17.8532,648.55,3.1274,2995.5,3.2368,1125.37,13310.0,63.686,33.25,50.5,1.36298,3.625,258.44,22.224,13.3584,3.5307
2017-08-09,0.8499,1.26714,1.26951,0.76853,109.942,8.17113,7.94532,1.35905,0.96355,17.9488,647.87,3.1554,3000.0,3.2438,1138.03,13332.0,63.83,33.22,50.6,1.36329,3.628,259.46,22.241,13.4285,3.5372
2017-08-10,0.8497,1.2717,1.27423,0.77068,109.157,8.13512,7.9553,1.37605,0.96244,17.9707,648.4,3.1749,2997.5,3.249,1143.35,13384.0,64.089,33.22,50.87,1.36411,3.6357,259.42,22.2479,13.4559,3.5431
2017-08-11,0.8453,1.26743,1.2672,0.76877,109.05,8.1397,7.92335,1.36705,0.9612,17.822,646.07,3.1922,2973.1,3.242,1141.36,13355.0,64.13,33.18,51.0,1.3592,3.6242,257.39,22.114,13.4295,3.5375
2017-08-12,,,,,,,,1.36705,,,,,,,,,,,,,,,,,
2017-08-13,,1.26738,,0.76873,,,,1.36578,,,,,,,,,,,,,,,,,
2017-08-14,0.8487,1.27324,1.27247,0.77158,109.738,8.11337,7.94764,1.37172,0.97206,17.7766,648.25,3.1882,2965.9,3.2376,1137.7,13345.0,64.24,33.23,51.23,1.36331,3.637,258.06,22.182,13.3122,3.5256
2017-08-15,0.8517,1.27864,1.27548,0.77724,110.63,8.07153,7.95232,1.38246,0.9726,17.8059,648.25,3.1691,2961.2,3.2435,1134.23,13358.0,64.115,33.26,51.42,1.367,3.6547,259.13,22.2683,13.3111,3.5345
2017-08-16,0.8487,1.26218,1.2626,0.77566,110.093,8.06926,7.9192,1.3681,0.96509,17.6626,644.63,3.1526,2964.3,3.237,1134.17,13375.0,64.15,33.24,51.27,1.36321,3.6229,258.45,22.1179,13.1825,3.516
2017-08-17,0.8525,1.26791,1.26797,0.77693,109.482,8.13552,7.96875,1.37274,0.96281,17.8765,646.22,3.1746,2984.9,3.2358,1140.42,13375.0,64.165,33.23,51.37,1.36622,3.6441,258.92,22.2239,13.2477,3.5264
2017-08-18,0.8498,1.26169,1.2577,0.77683,109.14,8.10502,7.9038,1.36838,0.96463,17.703,646.08,3.146,2984.9,3.2383,1138.27,13359.0,64.15,33.2,51.39,1.36255,3.6326,257.92,22.137,13.1462,3.5181
2017-08-20,,1.26124,,0.77687,,,,1.36857,,,,,,,,,,,,,,,,,
2017-08-21,0.8465,1.25984,1.25614,0.77554,109.036,8.07725,7.90264,1.36528,0.96273,17.6465,642.16,3.1638,2982.1,3.2353,1137.55,13348.0,64.13,33.22,51.35,1.36073,3.6222,256.5,22.1089,13.157,3.4936
2017-08-22,0.8498,1.26394,1.2566,0.77994,109.676,8.0946,7.90533,1.37357,0.96804,17.6548,640.18,3.1618,2982.9,3.2322,1130.74,13341.0,64.095,33.22,51.3,1.36175,3.6317,257.24,22.1653,13.2119,3.4941
2017-08-23,0.8464,1.26462,1.25472,0.78109,108.931,8.05591,7.86366,1.38257,0.96502,17.6864,639.9,3.1404,2980.0,3.2335,1125.23,13350.0,64.108,33.33,51.14,1.36007,3.6282,256.01,22.1119,13.1571,3.4819
2017-08-24,0.847,1.26536,1.25143,0.78109,109.572,8.0637,7.83831,1.38806,0.96518,17.7042,637.66,3.1475,2958.3,3.2395,1126.54,13346.0,64.06,33.32,51.01,1.3617,3.6095,257.45,22.1139,13.1884,3.4839
2017-08-25,0.8382,1.26191,1.2474,0.77658,109.36,8.00135,7.7499,1.3816,0.95648,17.611,634.12,3.1593,2921.8,3.2333,1120.09,13343.0,64.03,33.22,51.08,1.3547,3.5716,252.37,21.863,13.0328,3.4444
2017-08-27,,1.25849,,0.77487,,,,1.37836,,,,,,,,,,,,,,,,,
2017-08-28,0.8352,1.26323,1.25199,0.77344,108.637,7.97016,7.76882,1.38236,0.95165,17.9542,628.15,3.1674,2945.5,3.2365,1117.7,13330.0,63.82,33.2,50.92,1.35533,3.5539,253.89,21.8029,13.0867,3.4552
2017-08-29,0.8349,1.25704,1.25103,0.7735,109.571,7.93487,7.74938,1.37682,0.95458,17.8502,625.5,3.1648,2932.0,3.2375,1123.17,13338.0,64.01,33.17,51.07,1.35454,3.5516,255.29,21.796,12.9985,3.4453
2017-08-30,0.8404,1.26477,1.2623,0.77387,110.291,7.97289,7.7988,1.38785,0.96302,17.7275,631.65,3.1603,2952.0,3.2294,1122.53,13338.0,64.015,33.18,51.2,1.35734,3.5747,256.79,21.8929,13.0032,3.454
2017-08-31,0.8392,1.2596,1.24816,0.77274,110.054,7.93405,7.7524,1.39412,0.95956,17.8872,624.7,3.1472,2946.1,3.2337,1123.1,13321.0,63.96,33.17,51.12,1.35581,3.564,256.56,21.9199,12.9855,3.4509
2017-09-01,0.843,1.255,1.2393,0.77232,110.247,7.98465,7.7885,1.3986,0.964,17.8019,624.75,3.1417,2929.0,3.2375,1120.19,13340.0,64.02,33.14,51.05,1.35653,3.5851,257.51,21.946,12.9265,3.4309
2017-09-02,,,,,,,,1.39841,,,,,,,,,,,,,,,,,
2017-09-03,,1.25635,,0.77155,,,,1.39591,,,,,,,,,,,,,,,,,
2017-09-04,0.8402,1.25826,1.2411,0.77341,109.664,7.95678,7.80752,1.39565,0.95792,17.8857,623.93,3.1409,2928.1,3.2348,1131.39,13339.0,64.05,33.14,51.12,1.35667,3.5635,256.95,21.8938,12.9498,3.4317
2017-09-05,0.8386,1.24955,1.23674,0.76682,108.584,7.95978,7.76896,1.37963,0.95385,17.8855,623.0,3.1168,2924.2,3.2325,1130.75,13337.0,64.1,33.14,51.04,1.35369,3.5506,256.65,21.8816,12.907,3.438
2017-09-06,0.8383,1.24891,1.22347,0.76652,109.174,7.9704,7.79557,1.38891,0.95582,17.7838,617.72,3.0987,2911.7,3.2335,1131.08,13336.0,64.095,33.12,51.0,1.34972,3.5612,256.69,21.8788,12.7913,3.4231
2017-09-07,0.8317,1.24333,1.21203,0.76354,108.428,7.92165,7.7339,1.38351,0.95033,17.6712,613.4,3.0983,2900.3,3.2293,1126.65,13305.0,64.009,33.08,50.61,1.34043,3.5335,254.23,21.7319,12.8042,3.4044
2017-09-08,0.8306,1.24205,1.2157,0.75796,107.83,7.92924,7.7366,1.37686,0.9451,17.6554,619.54,3.0875,2902.1,3.2277,1130.47,13200.0,63.85,33.11,50.87,1.34085,3.5248,254.33,21.674,12.9324,3.4124
2017-09-10,,1.24191,,0.75806,,,,1.37963,,,,,,,,,,,,,,,,,
2017-09-11,0.8357,1.24519,1.20995,0.75902,109.267,8.00049,7.8331,1.3762,0.9555,17.6625,622.45,3.1024,2921.0,3.2295,1128.82,13160.0,63.93,33.09,50.95,1.34579,3.5471,255.95,21.7965,12.9683,3.4046
2017-09-12,0.8351,1.24713,1.21781,0.75212,110.22,7.9649,7.8309,1.37221,0.95981,17.7266,622.16,3.1248,2906.8,3.2281,1126.93,13190.0,64.035,33.1,50.97,1.34738,3.5547,256.46,21.7989,12.9985,3.4303
2017-09-13,0.8407,1.25243,1.21649,0.75677,110.497,8.02437,7.87331,1.37963,0.96296,17.7562,625.8,3.1347,2909.3,3.2343,1130.48,13201.0,64.0,33.11,51.04,1.35024,3.6,258.74,21.9439,13.1336,3.4584
2017-09-14,0.8385,1.25019,1.21614,0.74623,109.943,7.98691,7.8725,1.3837,0.96149,17.656,623.58,3.1194,2893.7,3.2333,1132.67,13252.0,64.115,33.05,51.27,1.34634,3.5894,258.59,21.8699,13.1253,3.4333
2017-09-15,0.8369,1.24983,1.2187,0.73589,110.731,7.9564,7.8453,1.37093,0.95955,17.657,623.5,3.1096,2894.0,3.249,1131.71,13238.0,64.073,33.09,51.27,1.34438,3.5787,258.63,21.845,13.1506,3.438
2017-09-17,,1.25025,,0.73632,,,,1.37093,,,,,,,,,,,,,,,,,
2017-09-18,0.8361,1.25579,1.2279,0.74007,111.482,7.9528,7.8251,1.37785,0.96161,17.7514,624.95,3.1361,2904.3,3.2398,1128.39,13248.0,64.152,33.07,51.26,1.34732,3.5881,258.59,21.8374,13.2867,3.4876
2017-09-19,0.8334,1.24911,1.22906,0.74011,111.558,7.95105,7.79939,1.36621,0.96224,17.8099,625.25,3.1342,2896.6,3.2413,1129.68,13273.0,64.294,33.05,50.91,1.34639,3.5688,256.69,21.7536,13.3202,3.4884
2017-09-20,0.8408,1.24536,1.23302,0.74055,112.36,8.01445,7.86085,1.36016,0.9698,17.7923,621.5,3.132,2888.0,3.2435,1130.7,13275.0,64.26,33.09,50.84,1.349,3.5972,259.54,21.9409,13.3151,3.5019
2017-09-21,0.8372,1.26154,1.23273,0.73676,112.461,7.96871,7.80106,1.36908,0.97064,17.8789,624.2,3.1377,2913.0,3.2465,1131.07,13277.0,64.799,33.09,51.05,1.35006,3.5814,259.58,21.8269,13.2804,3.5048
2017-09-22,0.8365,1.25609,1.2333,0.74107,111.958,7.976,7.79559,1.36448,0.96897,17.7295,625.0,3.1247,2901.1,3.2433,1131.63,13310.0,64.79,33.06,50.62,1.34485,3.5704,258.96,21.761,13.2589,3.4981
2017-09-24,,1.25707,,0.74059,,,,1.36857,,,,,,,,,,,,,,,,,
2017-09-25,0.8433,1.26003,1.23653,0.74177,111.722,8.03629,7.8131,1.3773,0.9662,17.9257,628.77,3.1585,2923.8,3.2555,1133.36,13325.0,65.122,33.08,50.74,1.35043,3.6043,261.75,21.9651,13.3373,3.5454
2017-09-26,0.8478,1.26842,1.2356,0.7433,112.26,8.11983,7.88977,1.38696,0.96884,17.9493,634.4,3.167,2919.0,3.27,1135.99,13375.0,65.455,33.19,50.91,1.35483,3.6334,263.79,22.0665,13.3689,3.5404
2017-09-27,0.8514,1.27364,1.24767,0.74657,112.888,8.14865,7.95387,1.38808,0.97224,18.2367,637.8,3.1927,2934.8,3.2702,1144.63,13435.0,65.71,33.3,50.99,1.36,3.6818,265.04,22.1574,13.5779,3.5797
2017-09-28,0.8485,1.27387,1.24337,0.74432,112.409,8.11368,7.94143,1.38267,0.97043,18.1459,635.76,3.1822,2941.4,3.2648,1145.36,13510.0,65.46,33.37,50.87,1.35808,3.6623,263.81,22.0729,13.5117,3.5597
2017-09-29,0.8461,1.27792,1.2464,0.74664,112.428,8.1403,7.957,1.38806,0.96862,18.25,639.5,3.1632,2931.7,3.2604,1143.79,13470.0,65.28,33.31,50.88,1.35683,3.6497,263.76,21.971,13.5459,3.5648
2017-10-01,,1.27478,,0.74648,,,,1.38441,,,,,,,,,,,,,,,,,
2017-10-02,0.8516,1.27676,1.25138,0.75314,112.669,8.16424,7.9931,1.3896,0.97416,18.2483,638.4,3.1545,2948.0,3.2708,1142.29,13535.0,65.5,33.39,51.1,1.36039,3.6711,265.43,22.0895,13.5917,3.5651
2017-10-03,0.8513,1.27662,1.24897,0.75542,112.819,8.13298,7.9789,1.39792,0.97336,18.2117,632.58,3.1422,2950.3,3.2582,1141.89,13540.0,65.479,33.34,51.13,1.36178,3.6738,265.62,22.0699,13.6389,3.5717
2017-10-04,0.85,1.27225,1.24761,0.75511,112.765,8.08926,7.9537,1.39675,0.97495,18.2787,631.07,3.1345,2932.2,3.2542,1141.63,13473.0,65.024,33.32,50.98,1.36042,3.6545,264.98,21.9682,13.5677,3.5733
2017-10-05,0.8537,1.28353,1.2568,0.76254,112.808,8.13644,8.00586,1.4058,0.97838,18.4882,628.44,3.1536,2925.0,3.2572,1141.17,13453.0,65.139,33.37,51.08,1.36426,3.674,266.1,22.0419,13.6632,3.5835
2017-10-06,0.8523,1.288,1.2525,0.76553,112.545,8.11173,7.9877,1.41141,0.97888,18.545,632.62,3.1555,2934.4,3.2637,1143.81,13501.0,65.375,33.41,51.12,1.36321,3.6737,265.81,22.044,13.7673,3.6148
2017-10-08,,1.2868,,0.76443,,,,1.41565,,,,,,,,,,,,,,,,,
2017-10-09,0.8515,1.29032,1.25543,0.7613,112.679,8.12325,7.98111,1.41633,0.97976,18.6691,633.7,3.188,2946.3,3.2705,1142.44,13515.0,65.35,33.37,51.24,1.36347,3.662,265.37,22.0383,13.7911,3.7042
2017-10-10,0.8464,1.28533,1.25154,0.7574,112.374,8.06906,7.94866,1.41431,0.97478,18.8128,629.25,3.1789,2956.0,3.2625,1133.69,13512.0,65.28,33.21,51.4,1.35618,3.6357,263.12,21.9034,13.6941,3.7086
2017-10-11,0.8427,1.28306,1.24546,0.75611,112.486,8.042,7.91459,1.40948,0.97334,18.7049,626.2,3.1709,2950.2,3.2555,1130.99,13511.0,65.15,33.16,51.34,1.3536,3.5978,260.64,21.8104,13.5232,3.6417
2017-10-12,0.8447,1.27805,1.24726,0.75373,112.259,8.11941,7.90042,1.40115,0.97496,18.9167,623.88,3.1693,2938.8,3.2482,1131.35,13504.0,65.05,33.1,51.48,1.35226,3.6071,260.57,21.8622,13.4798,3.657
2017-10-13,0.8457,1.26852,1.246,0.75285,111.791,8.10976,7.8791,1.39416,0.9738,18.91,622.71,3.1445,2929.3,3.2448,1125.17,13496.0,64.695,33.04,51.14,1.3483,3.592,260.4,21.809,13.2574,3.6312
2017-10-15,,1.26947,,0.753,,,,1.39433,,,,,,,,,,,,,,,,,
2017-10-16,0.8478,1.27423,1.2519,0.75498,112.173,8.10371,7.89972,1.39148,0.97549,19.0604,618.64,3.1715,2930.1,3.2384,1126.53,13480.0,64.694,33.04,51.26,1.35227,3.5884,260.77,21.8728,13.3219,3.6457
2017-10-17,0.8495,1.27514,1.25153,0.75811,112.168,8.1515,7.94071,1.39439,0.9781,18.8007,621.28,3.1575,2947.0,3.24,1129.51,13505.0,65.024,33.09,51.33,1.35526,3.5989,261.62,21.8833,13.3899,3.665
2017-10-18,0.8476,1.27476,1.24652,0.75717,113.085,8.13933,7.95408,1.39788,0.9812,18.881,624.85,3.1712,2921.0,3.2347,1131.02,13515.0,65.039,33.12,51.38,1.35694,3.5896,260.99,21.7966,13.5652,3.6747
2017-10-19,0.8438,1.26937,1.24829,0.7601,112.589,8.1257,7.92768,1.42298,0.97602,18.8131,624.65,3.1663,2917.0,3.2293,1127.49,13519.0,64.989,33.1,51.38,1.35676,3.5745,259.51,21.708,13.5072,3.6487
2017-10-20,0.8483,1.27975,1.2623,0.75844,113.479,8.16057,7.9801,1.43664,0.98405,18.985,628.1,3.1921,2931.0,3.233,1130.81,13515.0,65.035,33.16,51.49,1.3603,3.5935,261.08,21.779,13.634,3.671
2017-10-22,,1.27995,,0.7586,,,,1.44015,,,,,,,,,,,,,,,,,
2017-10-23,0.8508,1.2807,1.26443,0.75735,113.365,8.20365,8.00354,1.43267,0.98476,19.0883,633.2,3.2374,2950.6,3.235,1128.75,13538.0,65.017,33.16,51.49,1.36134,3.5987,262.01,21.8349,13.6991,3.7134
2017-10-24,0.8496,1.28612,1.2671,0.76155,113.971,8.21871,8.00489,1.44886,0.9908,19.2347,632.2,3.2437,2976.0,3.231,1128.87,13530.0,65.079,33.17,51.79,1.3625,3.6073,263.28,21.7622,13.7468,3.7392
2017-10-25,0.8461,1.29838,1.28019,0.75377,113.621,8.21288,8.01083,1.453,0.98906,19.0872,629.0,3.2327,2996.5,3.2296,1126.09,13575.0,64.89,33.14,51.8,1.36006,3.5905,262.37,21.6495,14.0572,3.7603
2017-10-26,0.8585,1.3061,1.28524,0.76116,114.098,8.35245,8.17741,1.46317,0.99775,19.2274,634.16,3.2897,3014.0,3.2369,1127.53,13580.0,64.829,33.24,51.93,1.36786,3.6519,266.53,22.0389,14.2352,3.822
2017-10-27,0.8611,1.30315,1.2812,0.76192,113.658,8.34822,8.1391,1.45444,0.99735,19.132,634.81,3.2358,3009.0,3.2411,1124.47,13613.0,65.045,33.21,51.59,1.36383,3.6551,267.15,22.041,14.0564,3.7888
2017-10-29,,1.30438,,0.76201,,,,1.45758,,,,,,,,,,,,,,,,,
2017-10-30,0.8587,1.30159,1.28329,0.75735,113.136,8.35545,8.15407,1.45512,0.99559,19.2616,639.1,3.2885,3021.0,3.2448,1123.09,13580.0,64.849,33.2,51.65,1.36077,3.6498,266.99,22.0311,14.056,3.7807
2017-10-31,0.8581,1.30685,1.2894,0.75268,113.641,8.37345,8.16454,1.45007,0.99714,19.18,635.95,3.2707,3039.8,3.2485,1116.85,13560.0,64.739,33.19,51.59,1.3624,3.638,267.05,22.0129,14.1226,3.7894
2017-11-01,0.8604,1.30295,1.287,0.75484,114.155,8.4032,8.14743,1.45176,1.00274,19.0834,634.51,3.2673,3063.0,3.2612,1109.96,13573.0,64.59,33.12,51.48,1.36108,3.6434,267.4,21.9982,14.0561,3.8145
2017-11-02,0.8576,1.2967,1.28101,0.76603,114.033,8.39172,8.13438,1.44682,0.99933,18.9837,628.8,3.2668,3026.0,3.2333,1111.17,13550.0,64.608,33.07,51.35,1.35905,3.6322,266.45,22.0254,13.9798,3.797
2017-11-03,0.861,1.30719,1.2758,0.76482,113.986,8.42905,8.1715,1.44823,1.0009,19.194,634.35,3.314,3035.0,3.2435,1114.79,13493.0,64.55,33.15,51.24,1.36401,3.6557,267.49,22.094,14.2087,3.8875
2017-11-05,,1.30697,,0.76468,,,,1.44697,,,,,,,,,,,,,,,,,
2017-11-06,0.861,1.30102,1.27107,0.75922,113.782,8.39606,8.13609,1.44067,0.99772,19.0147,632.44,3.2492,3035.2,3.2337,1113.17,13521.0,64.675,33.09,51.1,1.36185,3.6501,267.62,22.0099,14.097,3.8272
2017-11-07,0.8624,1.30729,1.27679,0.75931,113.835,8.38786,8.16262,1.44695,0.9994,19.1389,633.85,3.2711,3033.0,3.2384,1111.98,13510.0,65.05,33.15,51.32,1.36369,3.6595,268.71,22.0369,14.2196,3.8837
2017-11-08,0.8622,1.30239,1.27288,0.76256,113.858,8.38058,8.16206,1.4355,0.99992,19.1,631.5,3.2543,3017.0,3.2425,1112.49,13513.0,64.915,33.09,51.24,1.36157,3.654,268.82,22.0597,14.1503,3.8626
2017-11-09,0.8585,1.30281,1.26828,0.76082,113.462,8.37245,8.13097,1.44256,0.99386,19.044,629.93,3.2518,3008.3,3.2404,1118.39,13510.0,64.97,33.08,51.25,1.35902,3.6312,267.57,21.9223,14.2296,3.8652
2017-11-10,0.8569,1.30605,1.2681,0.75832,113.51,8.34852,8.1309,1.44361,0.99574,19.1,631.1,3.2776,3006.0,3.2405,1119.37,13528.0,65.16,33.11,51.2,1.35965,3.6223,267.26,21.888,14.3498,3.8633
2017-11-12,,1.30746,,0.75936,,,,1.4449,,,,,,,,,,,,,,,,,
2017-11-13,0.857,1.31342,1.2736,0.76257,113.605,8.38656,8.16817,1.44997,0.99625,19.1174,629.37,3.2791,3006.0,3.2394,1119.05,13550.0,65.429,33.05,51.19,1.36201,3.6303,267.12,21.9012,14.4694,3.8693
2017-11-14,0.8474,1.31072,1.27352,0.7598,113.468,8.39498,8.17718,1.45535,0.98961,19.1601,631.15,3.313,3011.9,3.2388,1114.04,13550.0,65.399,33.04,51.19,1.35896,3.6,264.12,21.683,14.3597,3.8861
2017-11-15,0.8494,1.31841,1.27675,0.75921,112.883,8.44382,8.25035,1.45533,0.98908,19.2269,632.31,3.3132,3023.7,3.2519,1105.17,13533.0,65.259,32.99,50.85,1.35701,3.6039,265.13,21.774,14.4001,3.8801
2017-11-16,0.8493,1.31855,1.27547,0.75804,113.113,8.3987,8.20952,1.45992,0.99401,19.0498,629.68,3.2737,3010.5,3.2415,1095.6,13538.0,65.289,32.89,50.7,1.35651,3.5993,264.82,21.7089,14.1598,3.8585
2017-11-17,0.8479,1.32188,1.2765,0.75687,111.996,8.439,8.2332,1.46742,0.98895,18.9106,625.92,3.2571,2996.3,3.2368,1092.82,13523.0,64.9042,32.83,50.8,1.35491,3.5895,264.2,21.642,13.9698,3.877
2017-11-18,,,,,,,,1.468,,,,,,,,,,,,,,,,,
2017-11-19,,1.32361,,0.75691,,,,1.47039,,,,,,,,,,,,,,,,,
2017-11-20,0.8519,1.3251,1.28111,0.7555,112.578,8.47569,8.29419,1.46869,0.99334,18.9895,636.5,3.257,3007.0,3.2338,1095.07,13533.0,65.094,32.81,50.77,1.35743,3.6037,266.24,21.765,14.0426,3.9207
2017-11-21,0.852,1.32011,1.27815,0.75526,112.466,8.43228,8.2174,1.46505,0.99091,18.7807,634.15,3.2587,2993.0,3.236,1089.0,13530.0,64.7772,32.72,50.57,1.35418,3.5957,266.88,21.7204,13.9705,3.9566
2017-11-22,0.8459,1.31358,1.27034,0.75058,111.25,8.33751,8.15326,1.45463,0.98192,18.6344,633.25,3.224,2972.0,3.2323,1084.69,13523.0,64.869,32.68,50.49,1.34712,3.5636,264.75,21.5492,13.8187,3.9166
2017-11-23,0.8436,1.31161,1.2713,0.7514,111.222,8.29343,8.13452,1.45222,0.98148,18.6116,634.6,3.2216,2975.8,3.2365,1082.47,13509.0,64.602,32.65,50.48,1.34528,3.5502,263.52,21.4492,13.866,3.9114
2017-11-24,0.8378,1.31337,1.2709,0.74991,111.488,8.2746,8.1294,1.45463,0.97897,18.559,633.44,3.2327,2977.8,3.2336,1084.11,13498.0,64.669,32.63,50.61,1.34425,3.5267,261.38,21.311,14.1444,3.9427
2017-11-25,,,,,,,,1.45433,,,,,,,,,,,,,,,,,
2017-11-26,,1.31422,,0.75037,,,,1.45518,,,,,,,,,,,,,,,,,
2017-11-27,0.8401,1.31556,1.27615,0.7508,111.063,8.29188,8.14632,1.44517,0.98133,18.5793,637.33,3.2275,2999.9,3.2318,1089.85,13517.0,64.4978,32.59,50.26,1.34622,3.5366,261.08,21.3789,13.7498,3.9042
2017-11-28,0.8438,1.3157,1.28121,0.7485,111.494,8.34495,8.23532,1.44993,0.98362,18.5385,640.66,3.2125,2991.2,3.2287,1082.89,13505.0,64.399,32.57,50.32,1.34581,3.5463,262.14,21.508,13.6635,3.9626
2017-11-29,0.8437,1.32114,1.28659,0.7456,112.004,8.36698,8.24984,1.45281,0.98435,18.5616,643.46,3.2458,3002.0,3.23,1080.31,13502.0,64.349,32.57,50.24,1.34719,3.5449,263.12,21.4995,13.6623,3.9522
2017-11-30,0.8409,1.32331,1.28975,0.74002,112.667,8.38652,8.32739,1.46612,0.98424,18.6466,647.0,3.2724,3011.0,3.229,1086.76,13524.0,64.479,32.63,50.24,1.3494,3.5342,263.1,21.435,13.7234,3.9151
2017-12-01,0.8402,1.31399,1.2677,0.74252,112.129,8.339,8.2942,1.45229,0.97575,18.623,647.3,3.2578,2996.3,3.2303,1081.97,13524.0,64.509,32.58,50.22,1.34555,3.543,263.87,21.457,13.6945,3.9134
2017-12-02,,,,,,,,1.45307,,,,,,,,,,,,,,,,,
2017-12-03,,1.31706,,0.74216,,,,1.45737,,,,,,,,,,,,,,,,,
2017-12-04,0.8424,1.31565,1.26822,0.74206,112.494,8.41942,8.3235,1.45773,0.98481,18.6128,647.5,3.2439,2987.0,3.228,1084.83,13523.0,64.369,32.58,50.62,1.34725,3.5453,264.21,21.5608,13.5022,3.8754
2017-12-05,0.8451,1.31499,1.26911,0.74524,112.588,8.36226,8.2558,1.45438,0.98679,18.764,652.88,3.2412,2991.1,3.2328,1085.06,13516.0,64.3936,32.6,50.6,1.34734,3.5583,265.33,21.668,13.4445,3.84
2017-12-06,0.847,1.32245,1.27905,0.74743,112.238,8.42233,8.26478,1.45529,0.98922,18.8567,653.48,3.2354,3005.0,3.2303,1092.11,13538.0,64.519,32.61,50.67,1.34896,3.5682,266.05,21.7068,13.5177,3.8498
2017-12-07,0.849,1.33127,1.28523,0.74201,113.082,8.48247,8.31203,1.46454,0.99413,18.9462,655.0,3.2904,3009.2,3.2333,1091.87,13550.0,64.559,32.61,50.62,1.35071,3.573,267.24,21.698,13.7196,3.8639
2017-12-08,0.8493,1.332,1.2841,0.74711,113.386,8.44175,8.2859,1.46289,0.99254,18.921,655.4,3.2916,3008.0,3.2335,1091.35,13545.0,64.469,32.6,50.45,1.35173,3.5682,266.58,21.701,13.6498,3.836
2017-12-09,,,,,,,,1.46284,,,,,,,,,,,,,,,,,
2017-12-10,,1.3314,,0.74703,,,,1.46205,,,,,,,,,,,,,,,,,
2017-12-11,0.8491,1.32855,1.28555,0.74961,113.538,8.49407,8.37425,1.44735,0.99159,19.0492,655.75,3.3047,3012.0,3.2335,1087.27,13550.0,64.3987,32.58,50.31,1.35109,3.5659,266.99,21.7484,13.6038,3.8303
2017-12-12,0.8517,1.32417,1.28728,0.75107,113.541,8.42021,8.34059,1.44254,0.99162,19.1816,653.48,3.3062,3024.2,3.2272,1090.99,13567.0,64.5789,32.59,50.46,1.35239,3.5854,267.21,21.8241,13.6602,3.8461
2017-12-13,0.8454,1.31062,1.2815,0.7456,112.684,8.41066,8.31704,1.42531,0.98609,19.0068,645.76,3.3097,3008.2,3.2288,1083.13,13578.0,64.3347,32.51,50.48,1.34618,3.565,265.79,21.6939,13.4494,3.8124
2017-12-14,0.8497,1.30598,1.28012,0.74495,112.375,8.4404,8.29723,1.43279,0.98952,19.1105,638.1,3.3416,2991.0,3.2383,1087.57,13573.0,64.329,32.49,50.4,1.34618,3.5888,267.01,21.8405,13.5,3.8849
2017-12-15,0.8509,1.30866,1.2858,0.7509,112.577,8.5137,8.3806,1.43039,0.99003,19.126,636.0,3.2944,2993.0,3.2921,1087.45,13575.0,64.07,32.49,50.38,1.3477,3.5767,267.25,21.847,13.1387,3.859
2017-12-16,,,,,,,,1.43164,,,,,,,,,,,,,,,,,
2017-12-17,,1.3075,,0.75087,,,,1.4292,,,,,,,,,,,,,,,,,
2017-12-18,0.8485,1.30453,1.28635,0.74738,112.553,8.43355,8.35783,1.4299,0.9857,19.059,621.5,3.292,2975.0,3.2762,1084.47,13580.0,64.18,32.64,50.46,1.34749,3.5684,265.58,21.7955,12.7288,3.8295
2017-12-19,0.8442,1.30555,1.28769,0.747,112.853,8.3963,8.33999,1.43295,0.98481,19.2076,622.5,3.2897,2965.0,3.2772,1083.72,13575.0,64.05,32.68,50.25,1.3465,3.5452,264.12,21.6778,12.7115,3.8321
2017-12-20,0.842,1.30444,1.2832,0.74782,113.346,8.3953,8.41085,1.42759,0.98651,19.2291,619.63,3.2975,2955.0,3.2629,1079.45,13573.0,64.11,32.7,50.27,1.34334,3.5408,263.38,21.6309,12.759,3.819
2017-12-21,0.8423,1.2987,1.27382,0.7472,113.349,8.37467,8.35511,1.42507,0.9887,19.453,620.18,3.3081,2962.3,3.2632,1079.31,13555.0,64.009,32.69,50.17,1.34412,3.5345,262.87,21.656,12.7497,3.8154
2017-12-22,0.8427,1.29828,1.2722,0.74845,113.256,8.3159,8.3146,1.42448,0.98755,19.726,621.86,3.3367,2956.0,3.2312,1076.24,13558.0,64.009,32.73,49.99,1.34276,3.5339,262.81,21.698,12.5835,3.8143
2017-12-23,,,,,,,,1.42491,,,,,,,,,,,,,,,,,
2017-12-24,,1.29725,,0.74848,,,,1.42651,,,,,,,,,,,,,,,,,
2017-12-25,0.8421,1.29562,1.27148,0.74783,113.294,8.31253,8.3081,1.4246,0.98838,19.725,,3.3367,2956.0,3.2312,1075.76,13560.0,64.045,32.69,49.92,1.34363,3.5337,262.49,21.651,12.5978,3.8027
2017-12-26,0.8429,1.29452,1.26871,0.74775,113.19,8.3495,8.30508,1.42221,0.98935,19.8648,618.65,3.3108,2957.4,3.236,1074.59,13560.0,64.039,32.76,49.91,1.34316,3.5372,262.58,21.649,12.4982,3.8055
2017-12-27,0.8402,1.28766,1.266,0.7463,113.233,8.2655,8.2627,1.41637,0.98559,19.6937,615.84,3.3147,2973.3,3.2395,1073.31,13559.0,64.109,32.77,49.99,1.34,3.5201,260.41,21.5687,12.263,3.8139
2017-12-28,0.8371,1.28286,1.25686,0.74466,112.882,8.24625,8.2505,1.41159,0.97838,19.7022,614.4,3.3119,2982.0,3.2352,1069.09,13559.0,64.07,32.67,49.99,1.33796,3.4996,259.45,21.405,12.3498,3.7789
2017-12-29,0.8332,1.28067,1.2577,0.74069,112.614,8.1785,8.1955,1.40982,0.97409,19.647,614.65,3.3119,2981.0,3.2365,1065.87,13565.0,63.83,32.54,49.98,1.33632,3.4804,258.81,21.276,12.3572,3.7914
2017-12-31,,1.28156,,0.74046,,,,1.41123,,,,,,,,,,,,,,,,,
2018-01-01,0.832,1.27971,1.25532,0.73997,112.586,8.16868,8.18446,1.40889,0.97369,19.6474,614.65,3.3119,2981.0,3.2365,1065.88,13563.0,63.675,32.53,49.91,1.33627,3.4729,257.94,21.225,12.4049,3.7888
2018-01-02,0.8291,1.27786,1.25141,0.73585,112.227,8.16418,8.1237,1.40861,0.97175,19.5335,605.9,3.2586,2929.8,3.2283,1061.73,13513.0,63.45,32.41,49.91,1.3293,3.4512,256.2,21.1385,12.4397,3.7637
2018-01-03,0.8322,1.27766,1.25413,0.74012,112.543,8.17904,8.10532,1.41062,0.97709,19.3491,606.8,3.2367,2900.8,3.2165,1063.49,13471.0,63.4428,32.31,49.79,1.32889,3.4533,256.59,21.2259,12.3533,3.7806
2018-01-04,0.8282,1.27197,1.24915,0.73811,112.775,8.13037,8.06417,1.3979,0.97444,19.3025,604.95,3.2342,2884.0,3.208,1060.65,13422.0,63.394,32.25,49.85,1.32745,3.4356,255.13,21.1404,12.288,3.7485
2018-01-05,0.8311,1.27226,1.2405,0.73725,112.985,8.15545,8.0499,1.39562,0.9742,19.173,604.9,3.2288,2905.3,3.2085,1061.5,13411.0,63.329,32.15,49.77,1.3258,3.4485,255.8,21.198,12.2873,3.7355
2018-01-06,,,,,,,,1.39587,,,,,,,,,,,,,,,,,
2018-01-07,,1.27142,,0.73699,,,,1.39536,,,,,,,,,,,,,,,,,
2018-01-08,0.835,1.27571,1.24196,0.73696,113.146,8.2049,8.0732,1.39488,0.97724,19.1957,605.37,3.2286,2906.3,3.2135,1067.21,13426.0,63.5132,32.22,50.16,1.33249,3.4845,258.07,21.3388,12.381,3.7429
2018-01-09,0.8376,1.27859,1.24611,0.73855,112.623,8.22842,8.1062,1.39794,0.98325,19.233,607.74,3.249,2908.3,3.2166,1070.61,13435.0,63.664,32.25,50.32,1.33531,3.5106,259.06,21.3947,12.3215,3.7708
2018-01-10,0.8365,1.27507,1.25442,0.7404,111.39,8.19816,8.07092,1.38864,0.97821,19.289,608.4,3.2211,2881.5,3.2171,1068.65,13432.0,63.619,32.11,50.44,1.3342,3.4924,258.66,21.3695,12.4298,3.7975
2018-01-11,0.8304,1.26715,1.25197,0.73876,111.228,8.12745,8.00963,1.37635,0.97508,19.248,605.36,3.214,2852.1,3.2141,1064.21,13395.0,63.6896,31.98,50.35,1.32853,3.4602,256.31,21.1744,12.3809,3.7739
2018-01-12,0.8193,1.26525,1.2455,0.7286,110.941,8.04215,7.923,1.38085,0.96636,19.032,603.25,3.2061,2854.0,3.2125,1058.5,13348.0,63.599,31.94,50.3,1.32257,3.4216,253.11,20.926,12.3798,3.7473
2018-01-13,,,,,,,,1.37912,,,,,,,,,,,,,,,,,
2018-01-14,,1.26378,,0.72786,,,,1.38055,,,,,,,,,,,,,,,,,
2018-01-15,0.8151,1.25568,1.24276,0.72485,110.545,8.0154,7.87877,1.37082,0.96296,18.8579,602.6,3.2171,2859.6,3.2095,1061.45,13334.0,63.509,31.9,50.37,1.32155,3.399,251.69,20.8117,12.2974,3.7996
2018-01-16,0.8157,1.25687,1.2432,0.72534,110.437,8.03715,7.87707,1.37682,0.95968,18.765,605.15,3.2267,2863.0,3.2058,1061.81,13337.0,64.009,31.9,50.5,1.32029,3.4019,251.64,20.7286,12.2546,3.7967
2018-01-17,0.8216,1.25724,1.24531,0.72425,111.348,8.0621,7.89117,1.37752,0.96662,18.67,606.54,3.2236,2838.4,3.2055,1066.19,13355.0,63.879,31.96,50.7,1.32706,3.4236,253.53,20.8479,12.3239,3.8208
2018-01-18,0.8166,1.25063,1.241,0.71981,111.047,8.01048,7.84184,1.37016,0.95861,18.5962,605.31,3.1962,2843.0,3.2118,1069.04,13345.0,63.859,31.89,50.77,1.32084,3.3984,251.56,20.7072,12.1249,3.7691
2018-01-19,0.8179,1.25117,1.2489,0.72182,110.615,8.058,7.8622,1.37514,0.96245,18.605,607.39,3.1959,2842.1,3.2111,1066.61,13310.0,63.819,31.84,50.67,1.31976,3.4136,252.74,20.766,12.1781,3.8067
2018-01-20,,,,,,,,1.37514,,,,,,,,,,,,,,,,,
2018-01-21,,1.25047,,0.72005,,,,1.37416,,,,,,,,,,,,,,,,,
2018-01-22,0.8155,1.24821,1.24457,0.71518,110.931,8.01882,7.8524,1.36539,0.96165,18.706,604.72,3.2018,2849.4,3.2083,1068.31,13347.0,63.879,31.84,51.0,1.31879,3.3975,252.4,20.7112,12.0419,3.776
2018-01-23,0.8129,1.25075,1.24255,0.71425,110.276,8.00628,7.8245,1.36056,0.95784,18.6925,608.99,3.2368,2854.0,3.2142,1072.5,13318.0,63.749,31.78,51.1,1.31663,3.3868,251.34,20.6364,12.0231,3.7666
2018-01-24,0.8059,1.2407,1.23448,0.70225,109.185,7.9237,7.74841,1.36388,0.94552,18.5016,602.33,3.1449,2810.7,3.2085,1063.64,13309.0,63.583,31.55,50.84,1.30727,3.3453,249.18,20.4567,11.8658,3.7399
2018-01-25,0.808,1.24934,1.2388,0.70882,109.653,7.92995,7.75236,1.3715,0.94256,18.6116,599.78,3.1468,2789.3,3.2098,1064.76,13285.0,63.509,31.47,50.8,1.31168,3.3468,249.69,20.4772,11.9211,3.7576
2018-01-26,0.8045,1.23329,1.2307,0.70652,108.516,7.8684,7.6918,1.35999,0.9335,18.475,602.3,3.1507,2812.0,3.2115,1063.17,13304.0,63.569,31.33,50.94,1.30663,3.3302,248.79,20.369,11.8523,3.7548
2018-01-27,,,,,,,,1.36054,,,,,,,,,,,,,,,,,
2018-01-28,,1.23419,,0.70711,,,,1.36117,,,,,,,,,,,,,,,,,
2018-01-29,0.8075,1.23597,1.23395,0.71076,108.992,7.88135,7.70964,1.36621,0.93769,18.6008,603.24,3.1564,2835.9,3.2107,1069.54,13360.0,63.6407,31.42,51.4,1.31045,3.3476,250.14,20.4319,11.9317,3.7871
2018-01-30,0.8059,1.23684,1.23359,0.70669,108.758,7.88608,7.7168,1.36481,0.93442,18.7353,606.64,3.1815,2851.3,3.212,1071.91,13428.0,63.679,31.38,51.37,1.31119,3.3514,250.31,20.4015,11.9598,3.7728
2018-01-31,0.8054,1.24117,1.23066,0.70441,109.193,7.88067,7.7103,1.35704,0.93155,18.5914,602.15,3.1863,2829.4,3.2135,1068.45,13385.0,63.6937,31.3,51.34,1.31126,3.3438,249.57,20.3641,11.8475,3.7563
2018-02-01,0.7994,1.24459,1.22709,0.70117,109.452,7.8372,7.64292,1.35243,0.92607,18.331,597.25,3.1673,2793.8,3.2068,1070.83,13425.0,63.9455,31.29,51.55,1.30809,3.3209,247.05,20.1458,11.8517,3.7309
2018-02-02,0.8023,1.26283,1.2421,0.70822,110.03,7.90165,7.734,1.36949,0.9303,18.588,602.75,3.2178,2838.0,3.2165,1088.5,13448.0,64.119,31.43,51.62,1.3185,3.344,248.46,20.222,12.0648,3.7705
2018-02-03,,,,,,,,1.37024,,,,,,,,,,,,,,,,,
2018-02-04,,1.26533,,0.70952,,,,1.37351,,,,,,,,,,,,,,,,,
2018-02-05,0.8077,1.26929,1.2529,0.71597,109.13,7.97489,7.83417,1.37425,0.9317,18.7959,602.46,3.2624,2840.5,3.2333,1092.71,13518.0,64.129,31.62,51.5,1.32184,3.3596,250.24,20.3658,12.1213,3.7862
2018-02-06,0.8075,1.26493,1.24944,0.71656,109.699,7.94782,7.81057,1.36149,0.93554,18.5918,598.95,3.237,2828.8,3.2388,1078.55,13548.0,64.199,31.49,51.4,1.31834,3.3557,250.14,20.355,11.9258,3.7656
2018-02-07,0.8158,1.28007,1.25702,0.72091,109.372,8.09015,7.91246,1.38454,0.9431,18.777,598.94,3.271,2849.4,3.2458,1089.13,13550.0,64.269,31.65,51.24,1.32499,3.4017,253.25,20.6085,12.0623,3.8056
2018-02-08,0.8161,1.28708,1.2597,0.71839,108.745,8.1094,7.92649,1.38612,0.93561,18.851,602.8,3.2859,2873.0,3.263,1095.44,13598.0,64.46,31.88,51.73,1.33155,3.4204,254.02,20.706,12.1495,3.8248
2018-02-09,0.8158,1.27977,1.2574,0.72315,108.777,8.101,7.964,1.37874,0.9392,18.7015,604.25,3.2937,2935.0,3.2699,1084.17,13623.0,64.339,31.71,51.62,1.3294,3.4186,254.67,20.75,12.03,3.821
2018-02-11,,1.27961,,0.72323,,,,1.3795,,,,,,,,,,,,,,,,,
2018-02-12,0.8134,1.2723,1.25854,0.72281,108.717,8.06226,7.91501,1.37779,0.93962,18.6017,597.75,3.2828,2888.9,3.2655,1081.57,13655.0,64.269,31.62,51.95,1.32257,3.3902,253.56,20.6208,11.9273,3.7969
2018-02-13,0.8095,1.2732,1.2593,0.72013,107.828,8.02488,7.87148,1.37484,0.93546,18.6523,597.95,3.2863,2903.2,3.2692,1084.17,13655.0,64.259,31.47,52.02,1.32325,3.3723,252.55,20.537,11.9546,3.8097
2018-02-14,0.8027,1.26255,1.24937,0.71406,106.971,7.95196,7.79189,1.35753,0.92906,18.562,593.3,3.2167,2868.0,3.2595,1068.79,13624.0,64.094,31.3,52.12,1.31386,3.3359,250.41,20.352,11.7,3.7807
2018-02-15,0.7996,1.2593,1.24853,0.70973,106.15,7.92626,7.76471,1.35294,0.92202,18.5017,592.75,3.2272,2853.2,3.244,1062.47,13555.0,63.889,31.24,52.24,1.30811,3.3225,248.82,20.2659,11.6041,3.7673
2018-02-16,0.8053,1.26406,1.2548,0.71302,106.126,7.9633,7.7785,1.3547,0.92622,18.514,593.3,3.2308,2833.0,3.2495,1065.69,13555.0,64.239,31.28,52.2,1.31069,3.3513,250.73,20.425,11.6298,3.7437
2018-02-18,,1.26459,,0.71272,,,,1.35518,,,,,,,,,,,,,,,,,
2018-02-19,0.8057,1.2636,1.25614,0.71449,106.605,7.98665,7.77989,1.35621,0.92865,18.531,594.13,3.2339,2832.3,3.2455,1065.89,13556.0,64.5504,31.34,52.29,1.31272,3.3319,250.61,20.385,11.658,3.7582
2018-02-20,0.8103,1.26918,1.26445,0.71452,107.316,8.09372,7.84176,1.36171,0.93612,18.7084,594.65,3.2552,2858.0,3.247,1072.73,13608.0,64.849,31.51,52.22,1.31922,3.3627,252.57,20.519,11.7266,3.7984
2018-02-21,0.8143,1.28226,1.2696,0.71901,107.748,8.12349,7.87188,1.36834,0.93938,18.8253,594.7,3.268,2875.6,3.2503,1074.66,13616.0,64.799,31.53,52.1,1.32403,3.3965,254.27,20.6499,11.673,3.7906
2018-02-22,0.8108,1.27553,1.27023,0.71658,106.723,8.11532,7.84913,1.36227,0.9327,18.567,592.1,3.2495,2858.0,3.2436,1078.93,13678.0,64.969,31.44,51.87,1.31882,3.3896,253.49,20.5536,11.6506,3.783
2018-02-23,0.8132,1.27523,1.2626,0.71608,106.796,8.16485,7.8387,1.37103,0.93597,18.541,590.0,3.2374,2844.0,3.2458,1075.5,13663.0,64.8887,31.41,51.8,1.31848,3.394,254.37,20.592,11.5375,3.7901
2018-02-24,,,,,,,,1.3725,,,,,,,,,,,,,,,,,
2018-02-25,,1.2752,,0.71596,,,,1.3718,,,,,,,,,,,,,,,,,
2018-02-26,0.8118,1.27437,1.26815,0.71611,107.003,8.15367,7.82224,1.37075,0.93814,18.6676,587.53,3.2253,2839.0,3.2438,1069.2,13653.0,64.76,31.29,51.83,1.31562,3.3839,254.49,20.5941,11.5485,3.7846
2018-02-27,0.817,1.28274,1.277,0.71893,107.348,8.2241,7.86278,1.38173,0.9389,18.8347,592.2,3.2512,2858.0,3.2482,1080.01,13668.0,64.909,31.42,52.27,1.32385,3.4093,256.51,20.7673,11.712,3.8147
2018-02-28,0.8198,1.28878,1.2828,0.72696,106.654,8.28906,7.90016,1.38802,0.94436,18.833,594.74,3.2456,2864.5,3.2643,1084.57,13738.0,65.199,31.47,52.09,1.32501,3.4239,257.19,20.8469,11.7952,3.8007
2018-03-01,0.8145,1.2878,1.283,0.72587,106.095,8.24125,7.8366,1.37707,0.94129,18.841,595.67,3.2511,2882.0,3.2578,1081.13,13743.0,65.219,31.43,51.89,1.32241,3.4078,255.31,20.7074,11.8573,3.8071
2018-03-02,0.8117,1.28917,1.2878,0.72469,105.716,8.2459,7.7768,1.38255,0.93707,18.8375,598.57,3.2517,2866.0,3.2535,1078.19,13753.0,65.2136,31.43,51.95,1.3185,3.3954,254.37,20.564,11.8898,3.8054
2018-03-03,,,,,,,,1.38294,,,,,,,,,,,,,,,,,
2018-03-04,,1.28833,,0.72454,,,,1.38169,,,,,,,,,,,,,,,,,
2018-03-05,0.8105,1.28843,1.29745,0.72237,106.214,8.26056,7.81675,1.3846,0.93995,18.7896,598.1,3.2425,2853.5,3.2465,1076.16,13758.0,65.019,31.37,51.91,1.31831,3.3957,254.5,20.5985,11.8225,3.8092
2018-03-06,0.8048,1.28085,1.29178,0.71961,105.66,8.20285,7.76241,1.37231,0.93706,18.8501,599.95,3.2112,2852.0,3.249,1062.54,13768.0,64.8268,31.24,51.97,1.31592,3.3686,251.73,20.4339,11.7942,3.7964
2018-03-07,0.8052,1.27953,1.291,0.71942,106.125,8.22362,7.81016,1.37446,0.94339,18.7014,603.05,3.2449,2856.5,3.2518,1065.69,13762.0,64.869,31.31,52.01,1.31421,3.3891,251.37,20.4771,11.8319,3.8018
2018-03-08,0.8119,1.28446,1.28892,0.72395,106.286,8.26,7.83508,1.37703,0.95089,18.6442,606.01,3.2673,2874.0,3.2555,1072.69,13780.0,65.099,31.37,52.13,1.31707,3.4128,253.06,20.6283,11.897,3.8221
2018-03-09,0.8123,1.27452,1.28114,0.72219,106.806,8.2425,7.7745,1.37323,0.95121,18.6175,602.02,3.2571,2865.8,3.2563,1063.88,13777.0,64.9711,31.3,51.96,1.31583,3.406,253.04,20.639,11.8078,3.8114
2018-03-10,,1.27388,,0.72197,,,,1.374,,,,,,,,,,,,,,,,,
2018-03-11,,1.27317,,0.72188,,,,1.37071,,,,,,,,,,,,,,,,,
2018-03-12,0.8105,1.27094,1.28432,0.71926,106.404,8.23612,7.74384,1.37097,0.94778,18.5808,603.62,3.2612,2844.0,3.2535,1063.47,13765.0,64.979,31.28,51.99,1.31293,3.4073,252.71,20.6266,11.8207,3.8432
2018-03-13,0.8066,1.27311,1.29543,0.71586,106.487,8.21092,7.73433,1.36543,0.94358,18.5974,602.9,3.2597,2850.0,3.2615,1065.79,13746.0,64.849,31.2,51.96,1.3116,3.3971,251.25,20.5661,11.7873,3.8693
2018-03-14,0.8082,1.26995,1.29552,0.71617,106.319,8.184,7.72796,1.36775,0.94488,18.5793,601.24,3.2613,2841.0,3.249,1062.51,13735.0,64.829,31.13,51.98,1.30942,3.3954,251.48,20.5586,11.7682,3.8784
2018-03-15,0.8124,1.28365,1.3052,0.71761,106.288,8.17975,7.7133,1.37516,0.95144,18.696,605.41,3.2852,2844.7,3.2605,1068.24,13745.0,65.0496,31.19,52.13,1.31406,3.4219,252.71,20.633,11.8942,3.8935
2018-03-16,0.813,1.29634,1.3092,0.71731,105.976,8.1936,7.7126,1.38654,0.9516,18.68,608.23,3.2802,2854.5,3.2662,1069.03,13743.0,65.0836,31.22,51.9,1.31673,3.4319,252.74,20.657,11.9693,3.9186
2018-03-18,,1.29675,,0.7172,,,,1.38525,,,,,,,,,,,,,,,,,
2018-03-19,0.8104,1.29737,1.308,0.71306,106.04,8.1673,7.72215,1.38154,0.95142,18.7126,609.15,3.2854,2857.0,3.2662,1071.75,13764.0,65.21,31.19,52.05,1.31652,3.4234,252.12,20.602,12.0188,3.9391
2018-03-20,0.8164,1.30105,1.30764,0.71424,106.538,8.21855,7.74327,1.39326,0.95591,18.7582,609.73,3.3117,2867.0,3.2604,1070.21,13743.0,65.229,31.17,52.13,1.31897,3.4537,254.28,20.7458,11.9671,3.9321
2018-03-21,0.8099,1.28781,1.2895,0.70731,105.963,8.18767,7.68938,1.38403,0.94878,18.4381,603.98,3.2737,2852.8,3.249,1063.42,13758.0,65.0739,31.15,52.07,1.31258,3.4247,252.08,20.5709,11.8268,3.9088
2018-03-22,0.8114,1.29917,1.29298,0.70854,104.848,8.24052,7.74054,1.38527,0.94739,18.6794,608.88,3.3068,2858.5,3.2345,1079.32,13748.0,65.1946,31.26,52.41,1.31565,3.4257,253.06,20.6199,11.8648,4.003
2018-03-23,0.8089,1.29938,1.2889,0.70751,104.729,8.2184,7.7554,1.38242,0.9469,18.509,608.23,3.3108,2841.5,3.2215,1082.37,13778.0,64.979,31.17,52.37,1.31484,3.4224,253.07,20.559,11.7351,3.9814
2018-03-25,,1.29759,,0.7066,,,,1.38062,,,,,,,,,,,,,,,,,
2018-03-26,0.8028,1.29107,1.28515,0.70258,105.452,8.18307,7.67346,1.37046,0.94517,18.3426,604.6,3.3113,2795.5,3.2155,1073.94,13735.0,64.7576,31.12,52.24,1.3088,3.3895,251.1,20.4356,11.6389,3.9651
2018-03-27,0.8058,1.30202,1.28807,0.70598,105.398,8.22904,7.71235,1.37701,0.9462,18.3899,606.33,3.3278,2783.6,3.2255,1073.49,13740.0,64.939,31.18,52.39,1.30992,3.394,252.06,20.5353,11.6479,3.979
2018-03-28,0.8121,1.30634,1.29231,0.71034,106.82,8.35048,7.85952,1.38812,0.95673,18.3127,604.15,3.3204,2790.3,3.2238,1062.77,13760.0,65.149,31.26,52.26,1.31271,3.4149,253.64,20.6775,11.7613,4.0111
2018-03-29,0.8125,1.3022,1.2885,0.71254,106.481,8.35379,7.83646,1.3828,0.95606,18.1804,603.4,3.3043,2787.0,3.2193,1061.45,13760.0,65.109,31.23,52.2,1.31113,3.418,253.64,20.6199,11.832,3.9419
2018-03-30,0.8112,1.30259,1.2894,0.71378,106.248,8.3376,7.8367,1.38156,0.9532,18.149,603.4,3.3044,2789.0,3.2255,1059.75,13760.0,65.109,31.16,52.12,1.31111,3.4211,253.48,20.556,11.8308,3.9542
2018-04-01,,1.30107,,0.71262,,,,1.38215,,,,,,,,,,,,,,,,,
2018-04-02,0.8127,1.30589,1.29164,0.71181,105.833,8.388,7.8854,1.3871,0.95501,18.2375,605.3,3.3174,2806.5,3.2223,1055.29,13751.0,65.12,31.21,52.11,1.3125,3.4209,253.85,20.6152,11.8461,3.9754
2018-04-03,0.8146,1.30125,1.27976,0.71104,106.504,8.39104,7.8344,1.37701,0.95847,18.2241,602.55,3.3351,2777.7,3.2188,1053.37,13763.0,64.989,31.18,52.05,1.31091,3.4155,253.9,20.6259,11.8198,3.9905
2018-04-04,0.8138,1.29463,1.27642,0.70992,106.78,8.39676,7.81901,1.36657,0.96012,18.1248,602.56,3.3384,2791.3,3.2198,1056.86,13763.0,65.0206,31.21,52.09,1.31178,3.4196,253.03,20.611,11.8683,3.9997
2018-04-05,0.8165,1.30451,1.27695,0.71413,107.15,8.41587,7.83055,1.37607,0.96265,18.2367,603.68,3.3385,2787.8,3.2218,1060.93,13762.0,64.88,31.23,51.99,1.31634,3.4248,253.96,20.6844,11.9873,4.0555
2018-04-06,0.8138,1.30336,1.2778,0.70977,106.892,8.38653,7.82976,1.37593,0.95867,18.276,604.57,3.3677,2790.2,3.233,1069.25,13768.0,64.92,31.25,52.01,1.315,3.4184,254.26,20.641,12.0198,4.0442
2018-04-08,,1.30266,,0.70973,,,,1.37438,,,,,,,,,,,,,,,,,
2018-04-09,0.8113,1.29939,1.27071,0.70766,106.734,8.35709,7.78662,1.36898,0.95607,18.3534,604.09,3.4222,2775.8,3.235,1068.31,13760.0,64.8926,31.24,51.99,1.31137,3.4006,252.64,20.5633,12.0838,4.0764
2018-04-10,0.8089,1.28771,1.2597,0.70538,107.207,8.30055,7.79534,1.35705,0.9567,18.2597,600.19,3.4053,2769.7,3.2377,1063.07,13748.0,64.939,31.18,51.77,1.30915,3.3889,251.71,20.4839,12.0393,4.1136
2018-04-11,0.8081,1.28864,1.25738,0.7052,106.8,8.32381,7.7599,1.35864,0.95742,18.208,597.53,3.377,2719.6,3.2283,1065.34,13755.0,65.254,31.11,52.0,1.3091,3.3825,251.56,20.471,11.9489,4.1407
2018-04-12,0.8109,1.28932,1.25885,0.70279,107.249,8.40448,7.76637,1.35575,0.96216,18.1818,596.63,3.4128,2705.8,3.2203,1069.44,13767.0,65.279,31.21,52.04,1.31242,3.3883,252.23,20.5239,12.055,4.1117
2018-04-13,0.8106,1.28825,1.2604,0.70244,107.32,8.4779,7.7749,1.36038,0.9616,18.034,595.91,3.4222,2710.1,3.2176,1070.18,13748.0,65.2411,31.15,51.95,1.3114,3.3793,251.71,20.505,12.0612,4.0961
2018-04-14,,,,,,,,1.3598,,,,,,,,,,,,,,,,,
2018-04-15,,1.28576,,0.70236,,,,1.35979,,,,,,,,,,,,,,,,,
2018-04-16,0.8074,1.2852,1.25671,0.69749,107.114,8.40697,7.77006,1.35753,0.95972,18.0019,595.98,3.4189,2725.6,3.2205,1069.16,13772.0,65.46,31.2,52.08,1.30994,3.3538,250.27,20.4032,12.045,4.0994
2018-04-17,0.808,1.28703,1.25544,0.69961,107.033,8.40072,7.7587,1.36191,0.96689,18.038,596.46,3.4018,2723.2,3.2148,1065.6,13760.0,65.684,31.19,52.12,1.31121,3.3638,250.71,20.4291,11.9787,4.0938
2018-04-18,0.8075,1.28411,1.26268,0.70394,107.213,8.39912,7.75858,1.36457,0.96837,18.068,593.99,3.3756,2709.6,3.2123,1063.49,13771.0,65.709,31.18,51.99,1.30951,3.362,250.58,20.4301,11.9197,4.0188
2018-04-19,0.8099,1.29433,1.26641,0.71021,107.423,8.40482,7.79346,1.37648,0.9716,18.447,595.29,3.3875,2730.7,3.2141,1065.84,13778.0,66.123,31.22,52.12,1.3118,3.3731,251.19,20.519,11.9658,4.0404
2018-04-20,0.8138,1.30364,1.2762,0.71445,107.647,8.445,7.8227,1.38812,0.97449,18.5105,596.2,3.4127,2757.8,3.2154,1069.6,13873.0,66.242,31.32,52.13,1.3146,3.3955,252.6,20.61,12.0506,4.0763
2018-04-22,,1.30395,,0.71406,,,,1.3874,,,,,,,,,,,,,,,,,
2018-04-23,0.8188,1.31487,1.28429,0.71744,108.672,8.51322,7.88969,1.3979,0.97806,18.942,602.85,3.4444,2814.7,3.2298,1079.62,13888.0,66.52,31.53,52.48,1.32475,3.4413,255.57,20.8216,12.3328,4.1081
2018-04-24,0.8173,1.31548,1.2826,0.7153,108.856,8.50717,7.90155,1.40651,0.97896,18.8053,598.5,3.4671,2781.3,3.229,1075.67,13883.0,66.47,31.44,52.31,1.32205,3.4388,255.33,20.786,12.3215,4.0836
2018-04-25,0.8214,1.3214,1.28372,0.71782,109.409,8.55665,7.96556,1.41489,0.98286,18.8565,603.45,3.4841,2811.8,3.2315,1080.77,13915.0,66.918,31.51,52.23,1.32821,3.472,257.12,20.909,12.441,4.0807
2018-04-26,0.8258,1.32371,1.2873,0.71867,109.35,8.65394,7.9901,1.41713,0.98906,18.7889,602.72,3.4833,2815.0,3.2315,1076.29,13883.0,66.799,31.58,51.97,1.32789,3.4927,258.32,21.0426,12.3884,4.0643
2018-04-27,0.8243,1.31966,1.2821,0.72601,109.033,8.6571,7.9587,1.41247,0.9873,18.608,606.0,3.4562,2804.2,3.2314,1066.23,13883.0,66.59,31.5,51.62,1.3227,3.4685,257.62,20.974,12.3215,4.0412
2018-04-29,,1.32008,,0.72599,,,,1.41249,,,,,,,,,,,,,,,,,
2018-04-30,0.8276,1.32827,1.28352,0.72633,109.267,8.7451,8.0098,1.42156,0.9907,18.7224,613.18,3.5071,2804.0,3.2477,1068.79,13910.0,66.45,31.53,51.64,1.32603,3.5079,259.34,21.164,12.4455,4.0601
2018-05-01,0.8338,1.33565,1.28461,0.7348,109.908,8.8435,8.08904,1.43004,0.99666,18.953,614.63,3.5071,2799.4,3.2487,1072.33,13910.0,66.84,31.67,51.79,1.3339,3.5656,261.64,21.4105,12.6661,4.1058
2018-05-02,0.8362,1.33493,1.28749,0.73677,109.829,8.9091,8.11633,1.42963,0.99889,19.1075,617.26,3.5509,2830.1,3.2637,1078.17,13940.0,66.68,31.73,51.91,1.33602,3.5713,262.9,21.4104,12.6974,4.1811
2018-05-03,0.834,1.32814,1.28499,0.7369,109.157,8.80756,8.04878,1.42027,0.99773,19.0577,618.37,3.5251,2857.6,3.2705,1073.71,13935.0,66.659,31.62,51.76,1.33069,3.5587,261.65,21.2814,12.5934,4.2178
2018-05-04,0.8357,1.32688,1.2842,0.73932,109.101,8.8001,8.0495,1.42511,0.9998,19.247,622.08,3.5298,2819.4,3.2657,1072.61,13935.0,66.809,31.74,51.64,1.33244,3.5507,262.12,21.274,12.4848,4.221
2018-05-05,,,,,,,,1.42552,,,,,,,,,,,,,,,,,
2018-05-06,,1.32742,,0.73874,,,,1.42479,,,,,,,,,,,,,,,,,
2018-05-07,0.8384,1.33113,1.28862,0.73753,109.135,8.82989,8.06674,1.42521,1.0027,19.4599,629.27,3.5524,2813.6,3.274,1077.76,13995.0,67.1296,31.82,51.95,1.33603,3.573,263.69,21.4045,12.5343,4.2636
2018-05-08,0.8428,1.343,1.29525,0.73828,109.1,8.81093,8.13706,1.43614,1.0016,19.566,634.22,3.5667,2870.3,3.284,1077.42,14040.0,67.2,31.886,51.96,1.34073,3.6086,265.48,21.5556,12.5799,4.3452
2018-05-09,0.8434,1.34038,1.28531,0.73808,109.745,8.70326,8.07407,1.4413,1.0051,19.579,634.2,3.5931,2861.9,3.2897,1077.4,14075.0,67.344,32.13,51.97,1.34576,3.5963,265.88,21.568,12.5435,4.2819
2018-05-10,0.8388,1.32774,1.27653,0.73975,109.406,8.63839,7.99725,1.43396,1.00274,19.2454,622.94,3.5448,2823.2,3.2656,1063.45,14070.0,67.239,31.94,52.01,1.33742,3.5654,263.42,21.3652,12.3078,4.2343
2018-05-11,0.8369,1.32608,1.2792,0.73855,109.38,8.5935,7.999,1.43575,0.99965,19.418,618.07,3.5982,2834.2,3.2535,1066.5,13945.0,67.389,31.89,52.38,1.336,3.572,263.85,21.328,12.2488,4.3125
2018-05-13,,1.32531,,0.73821,,,,1.43641,,,,,,,,,,,,,,,,,
2018-05-14,0.838,1.32876,1.2801,0.7375,109.705,8.63863,8.03275,1.44626,1.00028,19.5901,625.03,3.6208,2834.2,3.2565,1069.15,13965.0,67.549,31.87,52.5,1.33574,3.5808,264.21,21.3739,12.3239,4.3555
2018-05-15,0.8457,1.33926,1.2876,0.74102,110.285,8.6997,8.12889,1.45773,1.00126,19.674,632.17,3.6536,2869.9,3.2717,1078.57,14032.0,68.069,32.13,52.62,1.34558,3.6334,267.67,21.617,12.5868,4.4586
2018-05-16,0.846,1.32966,1.27812,0.73934,110.294,8.69433,8.06657,1.44779,1.00042,19.5695,630.8,3.6835,2862.0,3.2584,1075.39,14088.0,67.769,31.96,52.13,1.33926,3.615,267.11,21.59,12.4275,4.4267
2018-05-17,0.8472,1.33104,1.28245,0.73991,110.783,8.73014,8.11917,1.453,1.00127,19.7488,632.49,3.7008,2902.0,3.2696,1080.25,14047.0,67.759,32.04,52.25,1.34207,3.6406,268.82,21.673,12.5895,4.4581
2018-05-18,0.8494,1.3317,1.2878,0.7426,110.776,8.7516,8.1149,1.44856,0.9972,19.948,635.51,3.7372,2918.6,3.2856,1080.07,14150.0,68.0099,32.18,52.28,1.3425,3.6527,270.06,21.767,12.7775,4.4942
2018-05-20,,1.3294,,0.74212,,,,1.44722,,,,,,,,,,,,,,,,,
2018-05-21,0.8475,1.31803,1.2777,0.74448,110.957,8.67029,8.0452,1.43728,0.99648,19.8362,636.57,3.6869,2875.0,3.279,1075.59,14178.0,68.0763,32.14,52.3,1.3392,3.6365,269.31,21.7702,12.6527,4.5746
2018-05-22,0.8485,1.31964,1.28167,0.7444,110.824,8.68074,8.05292,1.44082,0.99212,19.7813,623.97,3.6312,2851.6,3.2662,1074.31,14131.0,68.097,31.99,52.27,1.33869,3.6363,269.64,21.7936,12.5641,4.7343
2018-05-23,0.8541,1.32193,1.28393,0.74879,109.989,8.7487,8.0838,1.44361,0.99431,19.6518,622.77,3.6234,2873.3,3.263,1076.25,14200.0,68.2837,32.074,52.44,1.34293,3.6744,271.91,22.0056,12.454,4.5739
2018-05-24,0.8528,1.31931,1.28777,0.74716,109.259,8.76109,8.09664,1.44223,0.991,19.5688,626.68,3.6491,2851.1,3.2612,1078.84,14130.0,68.26,32.0,52.48,1.33947,3.6763,272.15,21.9972,12.4208,4.743
2018-05-25,0.8572,1.32415,1.2969,0.75148,109.425,8.763,8.1685,1.44592,0.9896,19.535,624.53,3.6509,2874.4,3.2675,1076.5,14113.0,67.73,31.91,52.59,1.3414,3.7015,273.91,22.068,12.4798,4.706
2018-05-27,,1.32315,,0.75133,,,,1.44431,,,,,,,,,,,,,,,,,
2018-05-28,0.8598,1.32535,1.2995,0.75124,109.45,8.81989,8.18996,1.44134,0.99352,19.5894,624.19,3.7354,2874.0,3.2745,1072.83,13985.0,67.395,31.96,52.59,1.34309,3.6938,273.89,22.1124,12.4402,4.5799
2018-05-29,0.8662,1.3334,1.30206,0.7544,108.629,8.96138,8.28604,1.45108,0.99092,19.8268,629.22,3.7256,2903.9,3.2719,1083.53,13983.0,67.8777,32.017,52.65,1.34589,3.7544,277.84,22.4695,12.6797,4.5551
2018-05-30,0.8571,1.32043,1.28884,0.75278,108.824,8.80487,8.18107,1.43184,0.98892,19.7749,627.49,3.7353,2876.0,3.2675,1075.08,13985.0,67.4419,32.02,52.53,1.33899,3.6904,273.88,22.1618,12.5127,4.4632
2018-05-31,0.8541,1.32052,1.29408,0.75194,108.773,8.80245,8.16729,1.4268,0.98415,19.9067,630.39,3.7223,2890.9,3.2705,1079.16,13890.0,67.42,32.04,52.6,1.33764,3.6865,273.05,22.0551,12.6895,4.5228
2018-06-01,0.8572,1.3217,1.295,0.74929,109.518,8.8261,8.1782,1.43295,0.98799,19.91,631.29,3.7633,2866.3,3.2679,1070.13,13888.0,66.9692,32.02,52.49,1.3375,3.6901,274.28,22.118,12.6754,4.6498
2018-06-03,,1.32238,,0.74904,,,,1.43287,,,,,,,,,,,,,,,,,
2018-06-04,0.8545,1.30681,1.29263,0.75108,109.891,8.75629,8.1173,1.42215,0.98799,20.0804,631.16,3.7345,2859.8,3.2632,1069.89,13865.0,67.0821,31.98,52.57,1.33652,3.6515,272.36,21.9675,12.5498,4.5869
2018-06-05,0.853,1.31254,1.29669,0.74618,109.826,8.74598,8.10607,1.42304,0.9843,20.4274,633.52,3.7951,2852.0,3.2675,1070.35,13870.0,67.1066,31.91,52.34,1.3346,3.6502,271.72,21.849,12.7621,4.5953
2018-06-06,0.8485,1.30398,1.29414,0.74522,110.16,8.72484,8.07293,1.42112,0.98594,20.3087,627.7,3.8465,2827.4,3.2595,1064.71,13848.0,66.829,31.88,52.38,1.3324,3.6209,269.76,21.777,12.7097,4.5612
2018-06-07,0.8474,1.31177,1.29738,0.74509,109.692,8.6979,8.05716,1.42345,0.9802,20.454,630.91,3.9047,2847.8,3.2613,1070.59,13863.0,67.4276,31.95,52.49,1.33375,3.6256,270.11,21.813,12.9702,4.4834
2018-06-08,0.8496,1.31614,1.2921,0.74618,109.515,8.7193,8.04878,1.42213,0.9846,20.282,629.88,3.6994,2855.6,3.2577,1073.43,13925.0,67.5273,32.02,52.87,1.3345,3.6349,271.32,21.865,13.0578,4.4685
2018-06-10,,1.31699,,0.74599,,,,1.42367,,,,,,,,,,,,,,,,,
2018-06-11,0.8491,1.31442,1.29852,0.74752,110.165,8.66668,8.04728,1.42491,0.9859,20.583,633.14,3.7231,2861.8,3.2607,1075.45,13925.0,67.465,32.01,53.09,1.33538,3.6223,272.41,21.7759,13.1596,4.5195
2018-06-12,0.8512,1.32052,1.30167,0.74801,110.443,8.6444,8.0501,1.42814,0.98686,20.7053,637.4,3.716,2861.1,3.2662,1078.64,13925.0,67.475,32.07,53.04,1.33711,3.6435,271.93,21.8649,13.3115,4.5884
2018-06-13,0.8474,1.31994,1.2975,0.74751,110.19,8.60606,8.00993,1.42345,0.98478,20.6501,634.35,3.7164,2873.2,3.2677,1084.37,13920.0,67.5619,32.11,53.21,1.33495,3.6233,271.56,21.7595,13.2919,4.6547
2018-06-14,0.8632,1.33772,1.3106,0.75357,110.571,8.73063,8.12113,1.4341,0.99651,20.8552,637.98,3.8051,2861.9,3.2757,1089.49,13925.0,67.68,32.18,53.34,1.34437,3.6978,278.59,22.194,13.4431,4.7422
2018-06-15,0.8617,1.34499,1.3199,0.75331,110.635,8.786,8.1466,1.44007,0.99737,20.624,632.47,3.7298,2893.6,3.2765,1101.92,13925.0,68.1887,32.663,53.33,1.3502,3.6875,277.63,22.121,13.4385,4.7255
2018-06-17,,1.34456,,0.75351,,,,1.442,,,,,,,,,,,,,,,,,
2018-06-18,0.8602,1.3474,1.32037,0.755,110.542,8.8151,8.12666,1.44236,0.9954,20.5185,636.6,3.7495,2922.1,3.2755,1103.59,13925.0,68.03,32.63,53.45,1.35108,3.7019,278.44,22.184,13.6342,4.7036
2018-06-19,0.8627,1.35501,1.3285,0.75924,110.034,8.89259,8.18259,1.44995,0.9941,20.5367,640.03,3.7379,2929.0,3.2785,1111.33,13923.0,68.04,32.7,53.31,1.35639,3.7203,278.08,22.2976,13.74,4.7419
2018-06-20,0.8636,1.35658,1.33093,0.75917,110.376,8.87962,8.17759,1.457,0.99617,20.3872,640.27,3.7682,2922.5,3.2737,1108.25,13923.0,68.05,32.8,53.31,1.35836,3.7271,279.51,22.3161,13.6501,4.7397
2018-06-21,0.8609,1.3552,1.33142,0.75495,109.899,8.88632,8.1225,1.45524,0.99105,20.3291,639.95,3.7578,2949.5,3.272,1108.97,14096.0,67.94,32.88,53.37,1.35809,3.7269,280.94,22.2675,13.5726,4.729
2018-06-22,0.858,1.34409,1.3268,0.75398,109.855,8.8529,8.0923,1.44802,0.9878,20.002,638.14,3.7847,2914.0,3.2647,1110.5,14073.0,67.8917,32.92,53.22,1.3578,3.7075,278.46,22.1,13.4331,4.676
2018-06-24,,1.34441,,0.75368,,,,1.44571,,,,,,,,,,,,,,,,,
2018-06-25,0.8543,1.34873,1.3289,0.75294,109.677,8.83632,8.10068,1.45056,0.9869,19.907,638.51,3.7753,2915.8,3.268,1113.59,14150.0,68.1245,32.9,53.44,1.36176,3.7132,278.09,22.101,13.5292,4.6819
2018-06-26,0.8581,1.35302,1.3302,0.75625,110.058,8.87628,8.1249,1.45841,0.99086,19.9451,640.82,3.7904,2929.2,3.2655,1117.03,14173.0,68.36,33.01,53.65,1.36251,3.7218,279.65,22.2289,13.5266,4.6176
2018-06-27,0.8648,1.36204,1.33332,0.76222,110.231,8.97045,8.1848,1.46949,0.99685,20.1558,645.97,3.8672,2944.6,3.2705,1122.39,14173.0,68.9325,33.0,53.56,1.36665,3.7626,283.2,22.414,13.8537,4.6176
2018-06-28,0.8647,1.36062,1.32558,0.7647,110.49,9.03026,8.18651,1.48098,0.99755,19.7518,649.27,3.8531,2946.5,3.2712,1119.61,14385.0,68.83,33.12,53.44,1.36816,3.7719,283.81,22.416,13.7694,4.5881
2018-06-29,0.8554,1.35099,1.3136,0.75717,110.67,8.9369,8.1431,1.47837,0.99032,19.909,653.71,3.8713,2929.3,3.2797,1113.41,14325.0,68.45,33.01,53.31,1.362,3.7412,281.57,22.216,13.7223,4.5862
2018-07-01,,1.35133,,0.75739,,,,1.47562,,,,,,,,,,,,,,,,,
2018-07-02,0.8588,1.36284,1.3186,0.76097,110.838,8.9634,8.17001,1.49049,0.99365,19.979,657.41,3.9102,2929.3,3.2827,1117.69,14375.0,68.71,33.16,53.46,1.36904,3.7784,283.25,22.4041,13.837,4.6165
2018-07-03,0.8574,1.35406,1.3139,0.75809,110.5,8.83178,8.13601,1.47992,0.99196,19.478,649.73,3.8938,2907.8,3.285,1112.83,14375.0,68.5211,33.13,53.4,1.36458,3.7696,280.64,22.3943,13.6783,4.6674
2018-07-04,0.8574,1.35465,1.31413,0.75597,110.471,8.77791,8.10763,1.47892,0.99251,19.4358,650.9,3.9033,2904.3,3.2895,1114.79,14347.0,68.685,33.14,53.41,1.36459,3.7582,278.93,22.323,13.6796,4.6708
2018-07-05,0.8551,1.3538,1.31336,0.7564,110.659,8.7688,8.06054,1.47197,0.99343,19.2306,655.99,3.9293,2875.9,3.2845,1117.78,14380.0,68.87,33.2,53.38,1.36476,3.7212,276.67,22.1644,13.5421,4.5956
2018-07-06,0.8504,1.34698,1.3079,0.75273,110.464,8.7251,8.0295,1.46347,0.9893,19.0553,656.7,3.8627,2872.4,3.2795,1114.19,14365.0,68.7663,33.13,53.31,1.3569,3.7087,274.79,22.018,13.4656,4.5737
2018-07-08,,1.34566,,0.75192,,,,1.46323,,,,,,,,,,,,,,,,,
2018-07-09,0.8508,1.3396,1.3115,0.75471,110.87,8.71863,8.02037,1.46209,0.99145,19.1805,650.32,3.8682,2883.5,3.2745,1111.99,14320.0,68.66,33.07,53.38,1.35638,3.6681,275.56,21.9977,13.4098,4.7153
2018-07-10,0.8519,1.34662,1.31398,0.75416,110.841,8.73994,8.02059,1.46621,0.9923,18.9889,647.93,3.8051,2870.4,3.2686,1112.13,14355.0,68.749,33.17,53.43,1.35778,3.6761,275.79,21.9966,13.3341,4.712
2018-07-11,0.8562,1.35787,1.3209,0.75724,111.942,8.81511,8.1059,1.48082,0.99559,19.072,652.97,3.8732,2893.8,3.2775,1126.63,14380.0,68.724,33.32,53.61,1.3642,3.7176,278.48,22.212,13.5586,4.9019
2018-07-12,0.857,1.35089,1.31675,0.75838,112.607,8.87379,8.10904,1.47719,1.0027,18.9747,648.94,3.8817,2874.1,3.267,1122.35,14373.0,68.479,33.21,53.41,1.36392,3.7039,278.14,22.228,13.3232,4.8571
2018-07-13,0.8555,1.34716,1.3156,0.75574,112.33,8.8652,8.1095,1.47852,1.0014,18.882,650.13,3.8499,2855.9,3.2655,1128.5,14373.0,68.489,33.29,53.51,1.3653,3.6912,276.09,22.148,13.2607,4.8385
2018-07-14,,,,,,,,1.48039,,,,,,,,,,,,,,,,,
2018-07-15,,1.34747,,0.75587,,,,1.47824,,,,,,,,,,,,,,,,,
2018-07-16,0.8537,1.34807,1.31367,0.75552,112.308,8.8148,8.1022,1.47578,0.99688,18.8346,650.38,3.859,2873.5,3.264,1127.14,14370.0,68.5406,33.26,53.48,1.36173,3.6723,275.73,22.0887,13.2114,4.852
2018-07-17,0.8575,1.35472,1.31983,0.76272,112.924,8.84002,8.15118,1.47641,1.00024,18.8939,653.77,3.842,2868.5,3.2671,1124.72,14365.0,68.419,33.28,53.41,1.36476,3.6837,277.28,22.1719,13.258,4.8011
2018-07-18,0.8584,1.35188,1.31704,0.76491,112.858,8.85935,8.17065,1.47208,0.99887,18.895,652.52,3.8507,2863.2,3.2685,1130.9,14400.0,68.5136,33.305,53.46,1.3651,3.6995,278.11,22.1923,13.277,4.7935
2018-07-19,0.8585,1.35953,1.32655,0.76839,112.443,8.9076,8.23173,1.48287,0.99919,19.0471,663.62,3.8393,2880.8,3.2715,1133.99,14470.0,69.009,33.45,53.63,1.36974,3.7254,280.08,22.254,13.5281,4.8096
2018-07-20,0.8523,1.34735,1.3145,0.7615,111.416,8.8618,8.176,1.46908,0.99187,19.018,660.51,3.7682,2867.5,3.2735,1126.4,14475.0,68.7553,33.31,53.3,1.3615,3.6833,277.45,22.052,13.3899,4.7917
2018-07-22,,1.34571,,0.76104,,,,1.46709,,,,,,,,,,,,,,,,,
2018-07-23,0.855,1.35467,1.317,0.76323,111.376,8.86009,8.19533,1.47419,0.99304,18.9181,661.95,3.7855,2907.7,3.2754,1131.91,14483.0,68.9741,33.4,53.44,1.36518,3.6996,278.91,22.0749,13.448,4.7373
2018-07-24,0.8558,1.34718,1.31576,0.76084,111.24,8.816,8.18031,1.47065,0.9939,18.875,654.55,3.7472,2892.5,3.2715,1127.61,14523.0,68.942,33.35,53.26,1.36399,3.682,278.91,21.9808,13.2743,4.8815
2018-07-25,0.8522,1.34248,1.3045,0.75802,110.915,8.75067,8.13221,1.46278,0.99109,18.6702,645.85,3.6877,2882.8,3.268,1115.5,14453.0,68.724,33.19,53.23,1.35832,3.6612,277.26,21.8431,13.1197,4.7941
2018-07-26,0.8587,1.35569,1.3073,0.76297,111.201,8.81175,8.18636,1.47447,0.99413,18.643,647.19,3.7416,2881.9,3.2677,1122.67,14453.0,68.7521,33.39,53.35,1.36398,3.6835,277.83,22.0144,13.2481,4.8681
2018-07-27,0.8581,1.35153,1.305,0.76349,111.021,8.8357,8.1814,1.47341,0.994,18.618,643.07,3.7085,2885.0,3.2647,1114.15,14413.0,68.6975,33.37,53.2,1.3606,3.675,276.43,21.98,13.1641,4.847
2018-07-29,,1.35122,,0.76282,,,,1.47135,,,,,,,,,,,,,,,,,
2018-07-30,0.8538,1.34964,1.30283,0.76135,111.021,8.75031,8.13037,1.46527,0.98809,18.5298,638.46,3.7291,2869.1,3.2652,1116.15,14403.0,68.6,33.28,53.09,1.36092,3.6451,274.57,21.8569,13.1398,4.8873
2018-07-31,0.8554,1.34909,1.30212,0.76243,111.767,8.79248,8.15602,1.46972,0.99032,18.6524,637.12,3.7542,2888.1,3.2666,1111.66,14413.0,68.5232,33.18,52.99,1.36228,3.6553,274.26,21.864,13.2494,4.9154
2018-08-01,0.8571,1.35049,1.29989,0.76185,111.67,8.80242,8.17016,1.47174,0.9917,18.5836,642.69,3.7513,2894.5,3.2653,1118.03,14433.0,68.34,33.13,52.98,1.36172,3.6527,275.03,21.9326,13.2021,4.9928
2018-08-02,0.8628,1.35812,1.3021,0.76819,111.619,8.8892,8.23975,1.48421,0.99539,18.6398,645.05,3.7587,2903.4,3.2681,1127.71,14468.0,68.62,33.27,53.13,1.36858,3.689,277.0,22.132,13.4384,5.07
2018-08-03,0.8642,1.35227,1.2988,0.76943,111.205,8.93098,8.249,1.48412,0.994,18.55,643.85,3.7062,2890.8,3.2635,1121.84,14488.0,68.5113,33.25,53.05,1.36575,3.6836,276.53,22.123,13.3146,5.08
2018-08-05,,1.35243,,0.76919,,,,1.48331,,,,,,,,,,,,,,,,,
2018-08-06,0.865,1.35404,1.30038,0.77262,111.362,8.93579,8.24742,1.4863,0.99636,18.538,646.75,3.7278,2899.1,3.2655,1124.81,14460.0,68.8248,33.33,52.8,1.36853,3.6834,276.56,22.1818,13.4283,5.2642
2018-08-07,0.8619,1.34805,1.3059,0.77267,111.364,8.91076,8.2017,1.48449,0.99549,18.4534,643.0,3.759,2889.8,3.2635,1115.97,14430.0,68.6547,33.21,52.85,1.36403,3.6693,275.59,22.05,13.3213,5.2548
2018-08-08,0.8609,1.34584,1.30185,0.77619,110.882,8.9505,8.21555,1.48987,0.99303,18.4699,645.11,3.7646,2908.8,3.2642,1115.3,14430.0,68.5,33.18,53.02,1.36281,3.6715,274.98,22.0379,13.3971,5.2814
2018-08-09,0.8678,1.35713,1.30524,0.78004,111.158,9.01163,8.3208,1.51368,0.99393,18.694,646.94,3.8001,2910.8,3.2645,1121.7,14405.0,68.8745,33.2,53.01,1.36821,3.7115,278.32,22.2069,13.6956,5.546
2018-08-10,0.876,1.36986,1.314,0.78337,110.797,9.1232,8.35935,1.51999,0.99479,18.899,654.06,3.8579,2941.0,3.2786,1128.67,14470.0,69.1327,33.31,53.19,1.3733,3.7608,283.07,22.454,14.0988,6.428
2018-08-12,,1.37153,,0.7833,,,,1.51816,,,,,,,,,,,,,,,,,
2018-08-13,0.8766,1.37508,1.31263,0.78353,110.722,9.1186,8.36678,1.52022,0.99328,19.1125,660.12,3.8834,3000.8,3.2832,1135.45,14588.0,70.085,33.35,53.5,1.3755,3.77,283.19,22.555,14.4153,6.9263
2018-08-14,0.8808,1.38116,1.30519,0.78601,111.18,9.14209,8.40931,1.52073,0.99398,18.879,664.13,3.8688,3011.6,3.2947,1126.01,14573.0,69.95,33.25,53.42,1.37754,3.7877,284.25,22.633,14.2577,6.3746
2018-08-15,0.8811,1.3816,1.3137,0.78763,110.63,9.2055,8.45501,1.52397,0.99355,19.1896,667.5,3.8973,3047.5,3.317,1135.6,14590.0,70.26,33.31,53.5,1.3797,3.8073,285.7,22.6971,14.6006,5.9781
2018-08-16,0.8789,1.3776,1.3158,0.78655,110.945,9.19461,8.47673,1.51828,0.99704,19.0224,669.16,3.9057,3018.2,3.308,1125.83,14603.0,70.079,33.16,53.4,1.37528,3.7837,284.68,22.6254,14.717,5.835
2018-08-17,0.8733,1.36687,1.30603,0.78407,110.49,9.151,8.4525,1.50693,0.9957,18.889,667.47,3.912,3031.0,3.307,1119.02,14603.0,69.8596,33.15,53.28,1.37038,3.753,281.88,22.45,14.6361,6.012
2018-08-19,,1.36778,,0.78455,,,,1.50811,,,,,,,,,,,,,,,,,
2018-08-20,0.8699,1.36147,1.30407,0.78118,109.93,9.14632,8.4364,1.50421,0.99075,18.9854,668.28,3.9598,3028.1,3.3045,1116.6,14585.0,69.8305,32.91,53.32,1.36896,3.7477,281.6,22.3874,14.5107,6.0964
2018-08-21,0.8638,1.35888,1.3039,0.7748,110.078,9.0911,8.39754,1.48982,0.98455,18.94,663.71,4.049,2977.2,3.2894,1114.8,14575.0,69.849,32.64,53.35,1.3653,3.7067,279.1,22.2281,14.3801,6.0603
2018-08-22,0.862,1.36051,1.29936,0.77429,110.549,9.05541,8.34284,1.49258,0.98268,18.7459,661.73,4.04,2958.6,3.28,1116.28,14575.0,69.86,32.66,53.36,1.3661,3.6804,278.29,22.1793,14.1622,6.0217
2018-08-23,0.8662,1.38007,1.3093,0.78068,111.352,9.14325,8.38424,1.50768,0.98621,19.014,669.52,4.1145,2985.7,3.298,1125.6,14625.0,70.2885,32.86,53.45,1.37379,3.7163,280.77,22.2939,14.396,6.0881
2018-08-24,0.8601,1.36498,1.302,0.77887,111.216,9.1259,8.3279,1.49553,0.98329,18.89,660.51,4.105,2954.0,3.2906,1113.83,14635.0,69.7927,32.59,53.36,1.3647,3.679,278.16,22.151,14.2035,6.0048
2018-08-26,,1.36374,,0.77817,,,,1.49372,,,,,,,,,,,,,,,,,
2018-08-27,0.856,1.36073,1.29635,0.77548,111.074,9.09166,8.32475,1.49247,0.97945,18.8001,658.87,4.0782,2939.5,3.2872,1108.0,14615.0,69.9884,32.51,53.3,1.36218,3.6562,277.07,22.0082,14.1511,6.1621
2018-08-28,0.8549,1.36303,1.29279,0.77699,111.181,9.1328,8.34049,1.49071,0.97653,19.0721,662.81,4.1334,2987.5,3.2887,1106.25,14617.0,70.2147,32.57,53.25,1.36395,3.6519,277.07,21.9761,14.2224,6.2697
2018-08-29,0.8539,1.36848,1.29117,0.76782,111.725,9.13411,8.32985,1.49038,0.97068,18.9691,667.51,4.106,2998.3,3.2882,1108.68,14650.0,70.6168,32.67,53.39,1.36463,3.663,278.04,21.9813,14.3434,6.42
2018-08-30,0.8572,1.37701,1.2979,0.76875,111.018,9.11921,8.35024,1.50301,0.9688,19.1024,678.98,4.1498,3029.3,3.3008,1115.07,14685.0,70.9955,32.76,53.43,1.36729,3.687,280.19,22.0917,14.7003,6.6777
2018-08-31,0.8616,1.3908,1.3034,0.77184,111.02,9.1441,8.3802,1.51051,0.9685,19.069,681.05,4.0635,3045.3,3.3,1114.96,14725.0,70.8082,32.74,53.47,1.3711,3.708,281.31,22.183,14.6798,6.518
2018-09-02,,1.39144,,0.77369,,,,1.51277,,,,,,,,,,,,,,,,,
2018-09-03,0.8606,1.38673,1.3091,0.77684,111.089,9.09556,8.35382,1.51451,0.96903,19.194,682.43,4.1564,3047.3,3.3005,1113.7,14808.0,71.21,32.67,53.55,1.37151,3.693,281.2,22.151,14.8529,6.6318
2018-09-04,0.8631,1.39285,1.31789,0.7778,111.461,9.0896,8.39082,1.527,0.9738,19.4071,691.84,4.1561,3088.4,3.3137,1121.12,14930.0,71.579,32.8,53.61,1.37521,3.7208,282.79,22.2079,15.3286,6.685
2018-09-05,0.8594,1.39034,1.31743,0.77462,111.464,9.0532,8.39707,1.51745,0.97138,19.3376,685.59,4.1301,3094.2,3.3129,1117.7,14930.0,71.749,32.76,53.65,1.37502,3.718,281.37,22.1251,15.412,6.5626
2018-09-06,0.86,1.3891,1.31501,0.77352,110.667,9.1031,8.41688,1.51738,0.96508,19.2332,686.32,4.0594,3082.9,3.319,1124.45,14885.0,71.985,32.77,53.97,1.3741,3.7189,280.21,22.109,15.3156,6.5743
2018-09-07,0.865,1.4074,1.31546,0.77408,110.988,9.0555,8.4374,1.53053,0.96905,19.3005,688.21,4.0676,3056.5,3.3222,1127.07,14815.0,72.1009,32.8,53.71,1.3785,3.7268,281.03,22.199,15.2249,6.3815
2018-09-09,,1.40687,,0.77371,,,,1.53151,,,,,,,,,,,,,,,,,
2018-09-10,0.8623,1.40582,1.3156,0.76772,111.136,9.0612,8.38592,1.53278,0.97456,19.2752,696.15,4.0856,3086.8,3.3286,1136.3,14852.0,72.55,32.79,53.85,1.37883,3.7173,280.0,22.1195,15.1898,6.4691
2018-09-11,0.8616,1.40489,1.3059,0.76806,111.63,9.04153,8.3205,1.53374,0.97263,19.1878,696.61,4.1563,3079.9,3.3325,1124.46,14852.0,72.629,32.77,53.94,1.37549,3.7089,279.57,22.1059,15.0598,6.4376
2018-09-12,0.8598,1.39464,1.29985,0.76648,111.234,8.97649,8.25362,1.52437,0.9701,19.0425,688.97,4.1604,3043.9,3.328,1125.65,14820.0,71.89,32.713,54.06,1.37251,3.7037,279.41,22.0029,14.9467,6.3444
2018-09-13,0.8551,1.39059,1.29973,0.76284,112.042,8.95,8.21498,1.52003,0.96529,18.8302,681.83,4.1889,3015.0,3.3093,1120.57,14833.0,71.6,32.55,54.0,1.37008,3.6803,277.11,21.8243,14.7603,6.1009
2018-09-14,0.8596,1.3986,1.3038,0.76532,112.049,9.0604,8.24957,1.5291,0.96835,18.881,686.74,4.1626,3020.3,3.3065,1120.16,14800.0,71.87,32.67,54.1,1.374,3.7031,279.23,21.904,14.9193,6.163
2018-09-16,,1.39862,,0.76477,,,,1.52767,,,,,,,,,,,,,,,,,
2018-09-17,0.8565,1.39811,1.3054,0.76049,111.682,8.9189,8.1765,1.52119,0.96257,18.8627,685.79,4.1351,3016.6,3.3095,1124.87,14870.0,72.53,32.6,54.11,1.37373,3.6822,277.77,21.7969,14.9598,6.3165
2018-09-18,0.856,1.38355,1.29708,0.75965,112.35,8.89994,8.1504,1.51722,0.96388,18.8022,683.28,4.1594,3012.4,3.3022,1119.86,14850.0,72.7532,32.54,54.01,1.36951,3.6706,277.09,21.77,14.8682,6.3995
2018-09-19,0.8566,1.37769,1.2917,0.76114,112.27,8.87006,8.14976,1.50757,0.96746,18.7621,679.18,4.1305,3027.4,3.2982,1121.9,14870.0,72.35,32.4,53.99,1.36932,3.6711,276.71,21.85,14.6491,6.2572
2018-09-20,0.8487,1.37202,1.29042,0.75353,112.484,8.77083,8.14577,1.49555,0.95888,18.844,666.71,4.0703,3003.0,3.295,1115.74,14840.0,72.01,32.31,54.03,1.36425,3.6411,274.38,21.6938,14.2968,6.1965
2018-09-21,0.8527,1.37178,1.2912,0.76529,112.567,8.7878,8.148,1.49703,0.95871,18.83,665.99,4.0484,2996.0,3.2887,1113.45,14816.0,72.1822,32.41,54.12,1.3637,3.6644,275.83,21.768,14.2984,6.2917
2018-09-22,,,,,,,,1.49678,,,,,,,,,,,,,,,,,
2018-09-23,,1.37542,,0.76471,,,,1.49824,,,,,,,,,,,,,,,,,
2018-09-24,0.8508,1.37893,1.29503,0.76249,112.792,8.79644,8.13858,1.50716,0.9648,18.9768,672.9,4.0914,2999.5,3.3,1117.77,14860.0,72.66,32.4,54.22,1.36647,3.6547,275.34,21.7827,14.3656,6.1325
2018-09-25,0.8496,1.37965,1.29551,0.75884,112.971,8.80978,8.12909,1.50636,0.96499,18.9897,666.4,4.0804,2999.0,3.302,1115.49,14915.0,72.7437,32.39,54.24,1.36618,3.6416,275.34,21.7506,14.3338,6.1966
2018-09-26,0.8509,1.37732,1.30368,0.75919,112.756,8.80232,8.10245,1.50191,0.96485,18.8459,662.77,4.031,2997.6,3.301,1113.93,14900.0,72.4249,32.42,54.23,1.36583,3.6353,275.14,21.8214,14.134,6.108
2018-09-27,0.8592,1.38796,1.3027,0.76481,113.4,8.8507,8.1554,1.51304,0.97696,18.7953,659.61,4.0125,2983.8,3.2946,1111.41,14912.0,72.56,32.4,54.04,1.36841,3.6692,278.06,22.0629,14.1056,6.0028
2018-09-28,0.8612,1.38504,1.29,0.7677,113.66,8.8852,8.1426,1.51149,0.9813,18.695,657.49,4.0384,2959.8,3.299,1109.48,14925.0,72.5544,32.31,53.97,1.3662,3.6877,278.46,22.166,14.1396,6.0685
2018-09-30,,1.38324,,0.76738,,,,1.50939,,,,,,,,,,,,,,,,,
2018-10-01,0.8636,1.38437,1.28101,0.76678,113.998,8.94769,8.15183,1.51605,0.98387,18.711,658.51,4.012,2997.0,3.306,1111.97,14905.0,73.4246,32.256,54.14,1.37207,3.7012,278.88,22.2769,14.207,5.9374
2018-10-02,0.8655,1.39134,1.28225,0.77034,113.652,9.0073,8.1705,1.51844,0.98374,18.7989,661.19,3.9399,3015.3,3.3107,1116.9,15040.0,73.3648,32.32,54.24,1.3729,3.7181,279.44,22.3263,14.3522,5.9836
2018-10-03,0.8705,1.40752,1.2872,0.7725,114.461,9.05643,8.2254,1.53615,0.99082,19.0425,663.6,3.8985,3015.0,3.322,1124.13,15070.0,73.84,32.48,54.25,1.38016,3.7446,280.91,22.3838,14.6296,6.0506
2018-10-04,0.8681,1.41279,1.2921,0.76788,113.893,9.05621,8.24629,1.5435,0.99154,19.1184,674.93,3.8748,3032.2,3.3265,1132.37,15165.0,73.62,32.69,54.29,1.38106,3.7406,281.5,22.3826,14.8406,6.1668
2018-10-05,0.8677,1.4182,1.2934,0.76238,113.709,9.0635,8.259,1.55255,0.99175,18.816,675.68,3.8362,3029.8,3.3185,1130.5,15175.0,74.12,32.79,54.21,1.3825,3.736,281.56,22.328,14.7631,6.1425
2018-10-06,,,,,,,,1.55304,,,,,,,,,,,,,,,,,
2018-10-07,,1.41772,,0.76183,,,,1.55284,,,,,,,,,,,,,,,,,
2018-10-08,0.8699,1.41369,1.29565,0.76392,113.134,9.08362,8.27161,1.55096,0.99231,18.9327,678.75,3.7743,3043.4,3.3185,1132.99,15215.0,73.9146,32.89,54.13,1.38375,3.7555,282.95,22.4278,14.8614,6.1139
2018-10-09,0.8696,1.4073,1.29438,0.76081,113.013,9.0972,8.2625,1.54352,0.99161,19.0062,680.52,3.7028,3058.4,3.3224,1132.2,15225.0,74.1026,32.93,54.15,1.382,3.7409,282.24,22.4468,14.5661,6.1042
2018-10-10,0.8667,1.41521,1.3047,0.75736,112.248,9.12641,8.21767,1.54717,0.98902,19.1615,688.02,3.7522,3092.8,3.328,1142.07,15198.0,74.3735,32.97,54.13,1.38248,3.7446,282.12,22.4289,14.7556,6.0803
2018-10-11,0.8624,1.4042,1.30301,0.75565,112.115,8.97274,8.20931,1.53191,0.9897,18.9714,683.13,3.7707,3088.4,3.328,1134.35,15230.0,73.8666,32.69,54.06,1.37594,3.7128,280.44,22.2647,14.5943,5.9291
2018-10-12,0.8644,1.40617,1.3018,0.76042,112.198,8.9593,8.1744,1.53846,0.9928,18.847,679.5,3.7823,3093.0,3.3335,1129.8,15200.0,73.599,32.74,54.05,1.3773,3.7153,280.05,22.277,14.5142,5.87
2018-10-14,,1.40742,,0.7635,,,,1.53846,,,,,,,,,,,,,,,,,
2018-10-15,0.863,1.40117,1.29884,0.76021,111.772,8.94929,8.14625,1.51994,0.98695,18.833,675.78,3.7296,3081.0,3.3325,1134.31,15200.0,73.76,32.64,54.02,1.37554,3.7045,278.41,22.2865,14.3396,5.7787
2018-10-16,0.8637,1.40056,1.2935,0.75848,112.311,8.90978,8.14499,1.51932,0.99043,18.75,668.98,3.7251,3049.3,3.33,1122.23,15195.0,73.46,32.49,53.82,1.37415,3.7015,277.96,22.3078,14.1588,5.6873
2018-10-17,0.8694,1.4074,1.30281,0.76327,112.621,8.96487,8.21189,1.52952,0.99522,18.876,673.45,3.677,3065.1,3.3307,1127.25,15150.0,73.59,32.517,53.84,1.37806,3.7308,279.94,22.4674,14.2356,5.5886
2018-10-18,0.8727,1.40883,1.30794,0.768,112.195,9.03744,8.2751,1.53018,0.99576,19.146,675.88,3.7052,3090.0,3.333,1136.4,15192.0,73.52,32.61,54.09,1.38133,3.7593,281.92,22.5834,14.4306,5.6303
2018-10-19,0.867,1.40518,1.3097,0.76535,112.531,8.9873,8.2196,1.5174,0.9958,19.257,679.51,3.7138,3075.1,3.3293,1130.65,15185.0,73.37,32.57,53.7,1.3773,3.7294,280.44,22.437,14.4111,5.6415
2018-10-21,,1.40596,,0.7654,,,,1.51529,,,,,,,,,,,,,,,,,
2018-10-22,0.8719,1.41283,1.3099,0.77116,112.822,8.99503,8.25377,1.52511,0.99608,19.3989,682.12,3.6846,3083.3,3.3273,1130.7,15180.0,73.555,32.8,53.8,1.3797,3.7422,281.37,22.5097,14.3174,5.6654
2018-10-23,0.8713,1.41227,1.30852,0.77028,112.385,9.02338,8.28717,1.52765,0.99451,19.291,681.9,3.6944,3118.0,3.3307,1136.0,15185.0,73.23,32.82,53.7,1.37874,3.7445,281.39,22.4694,14.2487,5.7455
2018-10-24,0.8769,1.41563,1.30438,0.77602,112.087,9.11472,8.34303,1.53391,0.99701,19.6,690.37,3.7233,3162.0,3.3365,1137.1,15195.0,73.22,32.91,53.86,1.38096,3.7821,283.68,22.6838,14.5546,5.6956
2018-10-25,0.879,1.41253,1.3066,0.77995,112.402,9.11097,8.34241,1.53158,0.99963,19.4861,686.98,3.6971,3167.5,3.338,1134.8,15175.0,73.21,32.9,53.65,1.38055,3.788,284.85,22.7355,14.5999,5.6323
2018-10-26,0.8766,1.41143,1.3099,0.77948,111.83,9.1322,8.34765,1.5336,0.99605,19.354,687.01,3.6426,3176.0,3.3437,1138.78,15215.0,73.09,33.04,53.49,1.3795,3.7807,284.13,22.62,14.5869,5.5919
2018-10-28,,1.40891,,0.77925,,,,1.53266,,,,,,,,,,,,,,,,,
2018-10-29,0.879,1.41687,1.31325,0.78135,112.344,9.14967,8.3909,1.53327,1.00179,20.0238,693.13,3.717,3185.0,3.3501,1141.5,15215.0,73.394,33.26,53.6,1.38347,3.8022,285.28,22.7223,14.6955,5.5518
2018-10-30,0.8812,1.40889,1.31181,0.78705,113.084,9.17508,8.40972,1.52553,1.00527,20.0666,693.18,3.7112,3204.0,3.3615,1138.15,15222.0,73.669,33.293,53.52,1.3853,3.8169,286.07,22.8173,14.6069,5.4763
2018-10-31,0.8834,1.41261,1.31598,0.78301,112.932,9.15726,8.42954,1.53294,1.00815,20.3341,695.66,3.7273,3215.1,3.3663,1140.33,15200.0,73.949,33.09,53.37,1.3854,3.8357,286.74,22.9159,14.7783,5.5847
2018-11-01,0.8766,1.38904,1.30863,0.76941,112.648,9.04508,8.35436,1.50605,1.0023,20.1628,688.25,3.6964,3189.3,3.3605,1128.55,15125.0,73.08,32.88,53.24,1.37615,3.7888,282.9,22.6391,14.4098,5.5158
2018-11-02,0.8779,1.38928,1.3106,0.77095,113.16,9.0545,8.3626,1.50218,1.0024,20.023,685.14,3.6963,3183.0,3.3487,1116.6,14950.0,72.9,32.83,53.09,1.3747,3.7823,282.36,22.638,14.2896,5.4285
2018-11-04,,1.39065,,0.76879,,,,1.50593,,,,,,,,,,,,,,,,,
2018-11-05,0.8762,1.38648,1.3106,0.76574,113.2,9.05557,8.35794,1.5004,1.00402,19.8783,679.12,3.7258,3177.0,3.3644,1121.0,14975.0,73.074,32.94,53.21,1.37483,3.7734,282.13,22.606,14.1404,5.3164
2018-11-06,0.8753,1.38236,1.31232,0.76386,113.45,9.04684,8.36358,1.48478,1.00282,19.7197,680.24,3.7612,3145.6,3.3684,1119.85,14800.0,72.949,32.91,52.98,1.37299,3.7682,281.71,22.6399,14.1018,5.3697
2018-11-07,0.8745,1.37535,1.31142,0.76183,113.525,9.02004,8.3441,1.47482,1.0019,19.8608,675.31,3.7351,3127.1,3.3581,1114.83,14575.0,72.439,32.79,52.68,1.37161,3.7506,280.96,22.64,13.9001,5.3646
2018-11-08,0.8797,1.37832,1.3153,0.7654,114.045,9.01804,8.3775,1.48054,1.00564,20.148,677.52,3.7528,3150.0,3.363,1119.42,14649.0,72.6,32.95,52.85,1.37559,3.7627,282.26,22.7683,14.118,5.4611
2018-11-09,0.8816,1.38452,1.3206,0.77109,113.82,9.0802,8.4306,1.48368,1.0052,20.136,684.23,3.7261,3178.5,3.369,1129.19,14680.0,72.64,33.048,53.01,1.3784,3.7903,284.0,22.845,14.364,5.4476
2018-11-10,,,,,,,,1.485,,,,,,,,,,,,,,,,,
2018-11-11,,1.386,,0.77363,,,,1.48734,,,,,,,,,,,,,,,,,
2018-11-12,0.8908,1.39433,1.32436,0.77815,113.798,9.14459,8.5181,1.49042,1.01044,20.347,687.32,3.7606,3174.3,3.3725,1137.25,14810.0,72.855,33.13,53.22,1.38523,3.8361,287.26,23.0932,14.4666,5.4674
2018-11-13,0.8848,1.38516,1.32323,0.76728,113.804,9.04671,8.48785,1.47802,1.00657,20.488,691.18,3.8103,3186.1,3.3775,1130.33,14805.0,72.3,32.93,53.01,1.37888,3.7989,285.5,22.9615,14.444,5.4759
2018-11-14,0.8837,1.38271,1.32431,0.76998,113.57,9.08039,8.50619,1.47215,1.00602,20.4009,682.33,3.7833,3200.7,3.3848,1129.85,14785.0,72.304,32.86,53.08,1.37867,3.7947,284.74,22.9812,14.3727,5.4563
2018-11-15,0.8829,1.37457,1.31773,0.78358,113.58,9.06565,8.48385,1.46477,1.00634,20.2449,673.46,3.7838,3187.8,3.3805,1126.51,14675.0,71.909,32.93,52.65,1.37556,3.7871,283.92,22.9691,14.1837,5.3675
2018-11-16,0.8753,1.36468,1.3143,0.77953,112.812,9.0023,8.4351,1.45427,0.99963,20.156,669.68,3.7407,3166.1,3.3696,1119.9,14608.0,71.974,32.82,52.55,1.37219,3.7751,281.47,22.7125,13.994,5.3197
2018-11-17,,,,,,,,1.45497,,,,,,,,,,,,,,,,,
2018-11-18,,1.36762,,0.77934,,,,1.45703,,,,,,,,,,,,,,,,,
2018-11-19,0.8727,1.37186,1.31705,0.77758,112.484,8.9974,8.47685,1.4628,0.99325,20.3549,669.37,3.7622,3173.7,3.3695,1125.6,14580.0,71.605,32.91,52.45,1.37159,3.7801,280.27,22.697,14.0171,5.3099
2018-11-20,0.8795,1.38825,1.3303,0.78214,112.728,9.08445,8.57919,1.47414,0.99512,20.3589,671.54,3.768,3196.1,3.3825,1128.91,14585.0,71.42,32.98,52.39,1.37508,3.7904,282.67,22.8916,14.0932,5.3776
2018-11-21,0.8781,1.37779,1.3234,0.78316,113.107,9.03481,8.524,1.46552,0.9944,20.2713,666.15,3.7844,3190.3,3.3716,1135.4,14600.0,71.11,32.9,52.15,1.3732,3.7766,282.28,22.819,13.9196,5.3084
2018-11-22,0.8765,1.37944,1.3188,0.77668,112.943,9.03625,8.5294,1.46895,0.99415,20.3002,668.08,3.8033,3187.3,3.374,1134.35,14575.0,70.684,32.95,52.31,1.37288,3.7632,281.55,22.7896,13.7455,5.2979
2018-11-23,0.8815,1.38236,1.323,0.78009,112.94,9.0948,8.593,1.47514,0.9965,20.411,674.02,3.8155,3225.8,3.3775,1132.0,14535.0,70.65,33.075,52.39,1.375,3.7859,283.67,22.855,13.8488,5.2865
2018-11-24,,,,,,,,1.4758,,,,,,,,,,,,,,,,,
2018-11-25,,1.38223,,0.78025,,,,1.4782,,,,,,,,,,,,,,,,,
2018-11-26,0.8823,1.38585,1.32505,0.78059,113.565,9.0889,8.5819,1.47739,0.99816,20.6098,676.5,3.9396,3240.0,3.3745,1128.32,14470.0,70.81,33.02,52.45,1.37471,3.7884,285.4,22.8833,13.9139,5.2483
2018-11-27,0.8852,1.38448,1.32939,0.78513,113.767,9.091,8.595,1.47293,0.9984,20.4709,675.15,3.8748,3259.5,3.3742,1129.12,14510.0,70.78,33.02,52.5,1.37742,3.7998,286.52,22.9492,13.9207,5.2629
2018-11-28,0.8794,1.36919,1.3273,0.77986,113.621,9.0315,8.555,1.45679,0.99346,20.2617,674.5,3.8383,3266.0,3.3675,1121.85,14520.0,70.39,32.88,52.45,1.37291,3.7687,284.5,22.8107,13.7801,5.2167
2018-11-29,0.8779,1.36698,1.3279,0.78266,113.452,9.0702,8.53591,1.45826,0.99589,20.2244,670.24,3.8544,3236.4,3.3755,1116.78,14375.0,69.72,32.91,52.35,1.36993,3.7638,283.91,22.7888,13.6596,5.1641
2018-11-30,0.8834,1.36874,1.3287,0.78424,113.545,9.09505,8.5916,1.45391,0.99765,20.3637,671.37,3.8662,3232.5,3.3781,1118.94,14300.0,69.7,32.93,52.36,1.3716,3.7936,285.67,22.882,13.859,5.2002
2018-12-01,,,,,,,,1.45412,,,,,,,,,,,,,,,,,
2018-12-02,,1.35853,,0.78522,,,,1.44863,,,,,,,,,,,,,,,,,
2018-12-03,0.8805,1.35958,1.31991,0.78592,113.624,9.01058,8.52819,1.44433,0.9979,20.3443,668.94,3.8406,3187.0,3.374,1107.73,14235.0,70.429,32.79,52.42,1.36676,3.7659,283.94,22.8304,13.6879,5.247
2018-12-04,0.8814,1.36305,1.32596,0.78646,112.755,9.01944,8.50879,1.44327,0.99739,20.5085,670.39,3.8513,3174.2,3.3766,1110.06,14285.0,70.52,32.714,52.72,1.36481,3.7739,285.23,22.8562,13.8279,5.3835
2018-12-05,0.881,1.37561,1.3355,0.78536,113.158,8.97461,8.49918,1.45016,0.997,20.4947,672.39,3.8635,3158.0,3.3727,1111.53,14390.0,70.55,32.72,52.67,1.3668,3.7715,284.88,22.8279,13.8429,5.3208
2018-12-06,0.8788,1.38335,1.33919,0.78256,112.714,8.98078,8.5065,1.45408,0.99245,20.3389,675.32,3.8869,3184.2,3.3725,1118.3,14515.0,70.55,32.84,52.7,1.36957,3.7612,283.66,22.7461,14.0405,5.3363
2018-12-07,0.8783,1.38889,1.3317,0.78563,112.72,9.0489,8.5118,1.45645,0.9919,20.313,674.54,3.9072,3144.1,3.3645,1123.5,14460.0,71.35,32.83,52.68,1.3684,3.768,284.06,22.727,14.1585,5.302
2018-12-08,,,,,,,,1.45709,,,,,,,,,,,,,,,,,
2018-12-09,,1.39144,,0.78661,,,,1.45896,,,,,,,,,,,,,,,,,
2018-12-10,0.8807,1.39053,1.33954,0.79618,113.26,9.0941,8.5651,1.45618,0.99035,20.3021,678.09,3.9238,3189.8,3.3635,1130.75,14550.0,72.489,32.89,52.78,1.37358,3.7817,284.86,22.7782,14.3767,5.3217
2018-12-11,0.8827,1.38875,1.33914,0.80087,113.391,9.08548,8.57682,1.4551,0.99331,20.1811,683.33,3.9131,3184.5,3.3555,1127.31,14595.0,72.273,32.8,52.68,1.37342,3.798,285.85,22.8343,14.3217,5.3617
2018-12-12,0.8791,1.38637,1.33535,0.79182,113.269,9.0847,8.57074,1.45998,0.99283,20.0585,677.83,3.8461,3167.0,3.3536,1123.18,14595.0,71.829,32.75,52.57,1.37173,3.7713,283.91,22.7229,14.0997,5.3456
2018-12-13,0.8801,1.38497,1.33494,0.79033,113.595,9.05896,8.55687,1.45904,0.99346,20.3045,681.99,3.8779,3178.0,3.3445,1125.8,14532.0,71.519,32.627,52.59,1.3714,3.779,284.31,22.7289,14.1725,5.3404
2018-12-14,0.8841,1.39276,1.33865,0.7946,113.35,9.0585,8.613,1.47167,0.9975,20.223,683.49,3.9165,3192.0,3.3415,1131.5,14575.0,71.91,32.81,53.04,1.3765,3.795,285.97,22.778,14.385,5.3625
2018-12-15,,,,,,,,1.4721,,,,,,,,,,,,,,,,,
2018-12-16,,1.39373,,0.79489,,,,1.47163,,,,,,,,,,,,,,,,,
2018-12-17,0.881,1.39406,1.34111,0.79282,112.82,9.04958,8.64229,1.47031,0.99289,20.0661,688.12,3.8992,3177.3,3.3385,1127.85,14570.0,71.599,32.75,52.92,1.37256,3.7736,284.92,22.7089,14.3814,5.3693
2018-12-18,0.8794,1.39239,1.34639,0.79084,112.474,9.05912,8.72849,1.45992,0.99221,20.0637,689.85,3.9121,3202.6,3.3427,1125.5,14495.0,70.609,32.7,52.96,1.37036,3.7669,283.12,22.6345,14.3498,5.3386
2018-12-19,0.8784,1.40513,1.34824,0.79268,112.415,9.0905,8.71621,1.47521,0.99391,20.0942,690.49,3.8975,3217.3,3.347,1128.3,14430.0,70.679,32.74,52.97,1.37172,3.765,283.36,22.6249,14.3537,5.298
2018-12-20,0.8732,1.40633,1.35017,0.79023,111.283,8.9704,8.67342,1.47708,0.98724,19.871,690.99,3.8487,3268.0,3.3447,1121.1,14465.0,69.962,32.64,53.12,1.36996,3.7401,280.69,22.5094,14.3851,5.2629
2018-12-21,0.8791,1.42023,1.3599,0.79177,111.21,9.041,8.761,1.49125,0.99363,19.94,693.24,3.8888,3292.0,3.358,1128.0,14545.0,70.34,32.64,52.9,1.3745,3.7725,282.68,22.718,14.6225,5.317
2018-12-22,,,,,,,,1.48942,,,,,,,,,,,,,,,,,
2018-12-23,,1.42098,,0.79103,,,,1.48883,,,,,,,,,,,,,,,,,
2018-12-24,0.8762,1.41848,1.35975,0.78736,110.42,9.0641,8.7518,1.48405,0.98749,19.8603,688.19,3.8867,3291.5,3.3515,1122.39,14550.0,70.099,32.45,52.97,1.37317,3.7543,281.75,22.68,14.5841,5.2864
2018-12-25,0.8771,1.42086,1.35984,0.78913,110.217,9.0478,8.7483,1.48829,0.9863,19.9076,688.19,3.9033,3290.5,3.3515,1122.73,14550.0,70.029,32.55,52.97,1.3725,3.7593,281.89,22.6509,14.6191,5.3061
2018-12-26,0.8803,1.41547,1.35737,0.79119,111.302,9.08401,8.75706,1.48599,0.99505,19.9015,693.07,3.9213,3282.5,3.3676,1123.02,14570.0,70.17,32.57,52.9,1.37205,3.7694,282.27,22.7899,14.5636,5.2702
2018-12-27,0.8748,1.42296,1.36188,0.79104,110.919,9.0046,8.76487,1.49338,0.98794,19.6838,696.65,3.8716,3278.0,3.3661,1119.4,14555.0,70.09,32.53,52.67,1.37064,3.756,280.72,22.567,14.4742,5.285
2018-12-28,0.8736,1.42025,1.36318,0.78753,110.251,8.9554,8.70404,1.48987,0.98439,19.651,693.08,3.8678,3245.0,3.3695,1115.55,14555.0,69.81,32.505,52.52,1.366,3.7552,280.59,22.474,14.4434,5.2715
2018-12-29,,,,,,,,1.49031,,,,,,,,,,,,,,,,,
2018-12-30,,1.41995,,0.7878,,,,1.49002,,,,,,,,,,,,,,,,,
2018-12-31,0.8727,1.41884,1.3599,0.78431,109.63,8.8516,8.6419,1.48865,0.984,19.646,693.0,3.8663,3246.0,3.3675,1111.68,14479.0,69.559,32.27,52.47,1.3627,3.7377,279.67,22.425,14.3461,5.27
2019-01-01,0.8715,1.41983,1.36283,0.78499,109.678,8.86552,8.64016,1.49029,0.98154,19.643,,3.8663,3245.0,3.3675,1113.0,14479.0,69.447,32.29,52.09,1.36284,3.739,280.13,22.4339,14.3813,5.2682
2019-01-02,0.8817,1.45613,1.3641,0.8018,106.711,9.01883,8.7425,1.51616,0.98842,19.6193,696.41,3.7895,3237.5,3.3636,1120.81,14461.0,69.979,32.3,52.4,1.36669,3.7868,284.34,22.721,14.588,5.7048
2019-01-03,0.8776,1.4279,1.34776,0.79158,107.675,9.0056,8.68797,1.49486,0.98682,19.6162,693.43,3.7517,3243.0,3.363,1123.52,14400.0,70.19,32.18,52.55,1.36382,3.7666,281.95,22.502,14.2957,5.4632
2019-01-04,0.8774,1.40518,1.3366,0.78616,108.48,8.9705,8.6092,1.48611,0.98743,19.419,680.86,3.7152,3190.7,3.3412,1115.35,14345.0,69.539,31.97,52.43,1.359,3.7654,281.3,22.419,13.9546,5.3319
2019-01-05,,,,0.78573,,,,1.48677,,,,,,,,,,,,,,,,,
2019-01-06,,1.40521,,0.78599,,,,1.48606,,,,,,,,,,,,,,,,,
2019-01-07,0.8712,1.40015,1.32955,0.78225,108.653,8.8926,8.531,1.48087,0.97957,19.3489,681.0,3.735,3179.0,3.347,1116.2,14085.0,69.77,31.88,52.4,1.35549,3.7423,279.62,22.263,13.8642,5.3798
2019-01-08,0.8737,1.40113,1.3272,0.78656,108.781,8.92203,8.54774,1.48759,0.98139,19.333,680.17,3.7149,3148.9,3.3362,1120.42,14140.0,70.13,32.0,52.4,1.35752,3.754,280.95,22.3831,13.9493,5.4747
2019-01-09,0.8656,1.3941,1.32063,0.78145,108.156,8.85841,8.46343,1.4733,0.97404,19.2147,675.68,3.6892,3133.8,3.334,1118.2,14117.0,70.55,31.93,52.2,1.35355,3.7225,278.17,22.1859,13.8398,5.4812
2019-01-10,0.8693,1.39235,1.32355,0.78438,108.435,8.90296,8.47564,1.47488,0.98393,19.1262,675.53,3.7093,3135.4,3.3393,1116.33,14088.0,70.409,31.91,52.23,1.35226,3.7341,279.21,22.2359,13.855,5.4212
2019-01-11,0.8717,1.386,1.3257,0.7789,108.472,8.9275,8.5303,1.46392,0.98313,19.13,674.53,3.7106,3135.2,3.3432,1116.73,14072.0,70.381,31.88,52.12,1.3527,3.7414,279.69,22.262,13.8227,5.452
2019-01-12,,,,,,,,1.46456,,,,,,,,,,,,,,,,,
2019-01-13,,1.38712,,0.77769,,,,1.46578,,,,,,,,,,,,,,,,,
2019-01-14,0.8718,1.39055,1.32813,0.77735,108.153,8.94688,8.54827,1.46643,0.98073,18.9825,673.38,3.6976,3136.0,3.339,1121.3,14120.0,70.749,31.92,52.14,1.35387,3.7407,280.34,22.2715,13.7607,5.4472
2019-01-15,0.8765,1.38879,1.3266,0.77743,108.63,8.97177,8.54587,1.46767,0.9879,19.004,675.22,3.7229,3139.3,3.3295,1121.83,14080.0,71.099,31.89,52.02,1.35573,3.7624,283.09,22.3855,13.7308,5.4466
2019-01-16,0.8773,1.39476,1.32532,0.77652,109.117,8.99291,8.53677,1.47649,0.98963,18.8827,668.64,3.7236,3115.6,3.3268,1118.84,14115.0,70.969,31.68,52.16,1.35478,3.756,281.75,22.4032,13.6807,5.3464
2019-01-17,0.878,1.39138,1.32786,0.77026,109.19,9.0183,8.55111,1.481,0.99327,19.0032,670.22,3.7485,3130.3,3.32,1120.33,14175.0,71.029,31.73,52.35,1.35551,3.7639,280.3,22.4218,13.7109,5.3499
2019-01-18,0.8797,1.39528,1.3252,0.77688,109.772,9.0275,8.5577,1.4828,0.9951,19.077,670.83,3.75,3120.8,3.3165,1124.58,14170.0,71.199,31.73,52.6,1.3585,3.7735,279.64,22.501,13.8378,5.3161
2019-01-19,,,,,,,,1.48412,,,,,,,,,,,,,,,,,
2019-01-20,,1.39641,,0.77725,,,,1.48432,,,,,,,,,,,,,,,,,
2019-01-21,0.8793,1.39743,1.32975,0.77543,109.633,9.01076,8.55688,1.48611,0.99721,19.1573,671.88,3.7586,3124.3,3.3265,1132.37,14220.0,71.176,31.79,52.74,1.35891,3.7683,279.18,22.4982,13.8227,5.3193
2019-01-22,0.8799,1.40396,1.33514,0.77179,109.334,9.02369,8.59826,1.48096,0.99715,19.159,673.45,3.814,3143.7,3.3302,1129.6,14210.0,71.23,31.77,52.79,1.35975,3.7706,279.82,22.5481,13.9619,5.3395
2019-01-23,0.8786,1.40044,1.33464,0.76467,109.557,9.01491,8.56677,1.47369,0.99468,19.0322,671.9,3.769,3151.2,3.3352,1125.16,14210.0,71.136,31.68,52.64,1.35868,3.7658,279.23,22.5669,13.8188,5.2827
2019-01-24,0.8846,1.41088,1.33556,0.7653,109.565,9.0841,8.5854,1.47957,0.9963,19.009,671.83,3.7668,3169.5,3.3437,1126.96,14210.0,70.989,31.67,52.8,1.36097,3.792,281.96,22.7521,13.7208,5.274
2019-01-25,0.8768,1.39315,1.3206,0.75763,109.536,9.0407,8.5132,1.46263,0.99336,18.979,669.22,3.7693,3149.5,3.3387,1117.28,14160.0,70.889,31.51,52.51,1.3536,3.757,278.18,22.496,13.6076,5.259
2019-01-26,,,,,,,,1.46327,,,,,,,,,,,,,,,,,
2019-01-27,,1.39278,,0.75708,,,,1.46368,,,,,,,,,,,,,,,,,
2019-01-28,0.8747,1.39675,1.32607,0.76058,109.298,9.05338,8.5093,1.46469,0.99167,19.031,670.52,3.7669,3156.5,3.354,1120.2,14060.0,71.075,31.52,52.47,1.35345,3.7544,277.49,22.541,13.656,5.3245
2019-01-29,0.8742,1.39848,1.3271,0.76466,109.358,9.06335,8.49429,1.46456,0.99457,19.002,667.12,3.7199,3151.6,3.3521,1116.98,14090.0,71.407,31.42,52.41,1.35179,3.7545,277.31,22.5259,13.597,5.309
2019-01-30,0.8706,1.3808,1.31521,0.76259,109.059,9.03852,8.42242,1.45201,0.99394,19.113,663.53,3.6847,3161.7,3.3477,1109.5,14125.0,71.219,31.23,52.16,1.34719,3.7312,274.76,22.4271,13.3379,5.2334
2019-01-31,0.8734,1.37535,1.3129,0.76297,108.836,9.04307,8.43109,1.44649,0.99426,19.1153,655.41,3.6437,3102.3,3.3304,1110.95,13970.0,70.949,31.22,52.1,1.34577,3.7221,275.86,22.4871,13.2474,5.1723
2019-02-01,0.8727,1.37931,1.3087,0.76458,109.48,9.0635,8.436,1.45012,0.9955,19.094,653.4,3.6595,3087.0,3.3225,1118.0,13930.0,71.45,31.3,52.26,1.3498,3.7435,276.89,22.44,13.3075,5.2075
2019-02-02,,,,,,,,1.45075,,,,,,,,,,,,,,,,,
2019-02-03,,1.37944,,0.76466,,,,1.45007,,,,,,,,,,,,,,,,,
2019-02-04,0.8742,1.38514,1.312,0.7671,109.905,9.1011,8.45969,1.45298,0.99775,19.0998,652.19,3.6639,3085.0,3.3245,1120.5,13950.0,71.68,31.27,52.36,1.35274,3.7457,277.26,22.4519,13.407,5.2158
2019-02-05,0.8765,1.38209,1.3126,0.7719,109.947,9.11661,8.48347,1.45075,0.99977,19.0419,651.15,3.6695,3107.0,3.3207,1118.7,13950.0,71.509,31.21,52.28,1.35123,3.7572,278.24,22.54,13.367,5.195
2019-02-06,0.8794,1.4071,1.32126,0.77329,109.924,9.19893,8.53466,1.47724,1.00207,19.1107,654.44,3.6963,3104.0,3.3187,1121.28,13917.0,71.539,31.2,52.29,1.35575,3.7772,280.07,22.6851,13.5279,5.2113
2019-02-07,0.8815,1.40895,1.33036,0.77215,109.771,9.25434,8.58996,1.4837,1.00224,19.0846,658.16,3.7102,3114.2,3.3202,1123.16,13970.0,71.289,31.2,52.17,1.35679,3.7957,280.99,22.7059,13.6082,5.2708
2019-02-08,0.8834,1.41084,1.3269,0.77297,109.722,9.2769,8.6379,1.4828,0.9999,19.075,657.62,3.7311,3113.6,3.3195,1123.0,13950.0,71.159,31.465,52.12,1.3563,3.8086,282.0,22.768,13.6187,5.243
2019-02-09,,,,,,,,1.48346,,,,,,,,,,,,,,,,,
2019-02-10,,1.41058,,0.77329,,,,1.48093,,,,,,,,,,,,,,,,,
2019-02-11,0.8866,1.41665,1.3304,0.77773,110.387,9.3026,8.70569,1.48653,1.00393,19.3155,661.54,3.7582,3136.9,3.3177,1124.52,14035.0,71.129,31.41,52.31,1.3608,3.8326,283.51,22.931,13.7997,5.2778
2019-02-12,0.8825,1.40974,1.32353,0.77569,110.462,9.25465,8.64471,1.48456,1.00598,19.2418,659.94,3.7102,3124.5,3.329,1121.83,14065.0,70.535,31.27,52.08,1.35661,3.8188,280.71,22.8194,13.7636,5.2506
2019-02-13,0.8881,1.4109,1.32618,0.7784,111.031,9.27463,8.66289,1.47171,1.00932,19.4291,663.3,3.7481,3139.0,3.3365,1123.75,14024.0,70.869,31.37,52.69,1.35982,3.853,283.19,22.9118,14.0483,5.283
2019-02-14,0.885,1.40784,1.3293,0.7813,110.481,9.29073,8.64807,1.46321,1.00491,19.2549,664.06,3.7353,3149.1,3.336,1127.6,14085.0,71.017,31.3,52.37,1.35763,3.8326,281.7,22.824,14.1263,5.2768
2019-02-15,0.8852,1.40017,1.3239,0.7756,110.535,9.2859,8.63,1.45709,1.0046,19.234,661.56,3.7005,3130.0,3.336,1125.5,14140.0,71.319,31.25,52.3,1.3565,3.8338,281.41,22.707,14.0698,5.2705
2019-02-16,,,,,,,,1.45751,,,,,,,,,,,,,,,,,
2019-02-17,,1.40119,,0.77514,,,,1.45788,,,,,,,,,,,,,,,,,
2019-02-18,0.8837,1.40351,1.3239,0.77409,110.612,9.25111,8.60507,1.46037,1.00445,19.24,660.62,3.7366,3131.5,3.3315,1124.35,14105.0,71.37,31.18,52.41,1.35659,3.8274,280.91,22.732,14.1156,5.3035
2019-02-19,0.8816,1.39645,1.3215,0.76574,110.58,9.30972,8.56909,1.45349,1.00096,19.1514,655.24,3.7235,3114.3,3.31,1121.03,14090.0,71.3,31.13,52.19,1.35281,3.8179,279.69,22.6383,14.04,5.2797
2019-02-20,0.8811,1.39554,1.31751,0.76641,110.801,9.3061,8.58458,1.45807,1.0003,19.213,652.88,3.7133,3109.4,3.32,1121.66,14051.0,71.046,31.08,51.88,1.35163,3.8161,279.36,22.6129,13.9946,5.3202
2019-02-21,0.8819,1.41028,1.32286,0.76747,110.663,9.36253,8.62491,1.46959,1.0008,19.2879,654.22,3.7505,3122.4,3.3195,1123.95,14051.0,71.15,31.2,52.13,1.35383,3.8225,279.98,22.6052,14.0118,5.3173
2019-02-22,0.8832,1.4041,1.3126,0.76633,110.62,9.3469,8.6069,1.46135,0.9999,19.1297,650.93,3.7479,3106.5,3.304,1121.49,14055.0,71.019,31.32,52.03,1.3509,3.8143,280.03,22.61,13.9903,5.3116
2019-02-23,,,,,,,,1.46199,,,,,,,,,,,,,,,,,
2019-02-24,,1.39931,,0.76597,,,,1.45913,,,,,,,,,,,,,,,,,
2019-02-25,0.88,1.39466,1.31863,0.76218,111.068,9.30963,8.5961,1.45273,1.00036,19.1273,650.25,3.7514,3100.5,3.302,1117.0,14015.0,70.817,31.24,51.97,1.34933,3.8173,279.55,22.5652,13.8264,5.3034
2019-02-26,0.8775,1.39038,1.3164,0.75446,110.562,9.2747,8.55465,1.44978,0.99969,19.1655,647.73,3.7497,3079.5,3.3015,1114.13,14010.0,70.999,31.27,51.92,1.34743,3.7941,277.64,22.491,13.8279,5.3045
2019-02-27,0.8791,1.40058,1.31528,0.75144,110.945,9.27159,8.55073,1.46133,1.00087,19.1655,648.93,3.7255,3069.0,3.295,1116.2,14000.0,71.189,31.42,51.96,1.34848,3.7924,277.84,22.54,13.9248,5.3125
2019-02-28,0.8792,1.40912,1.3167,0.75406,111.383,9.23901,8.55878,1.46755,0.99755,19.2693,655.5,3.7403,3080.3,3.3015,1123.99,14060.0,70.8,31.56,51.83,1.35181,3.7841,277.61,22.5326,14.0672,5.341
2019-03-01,0.879,1.41333,1.3287,0.7574,111.878,9.2694,8.57663,1.47102,0.9988,19.256,659.39,3.7737,3094.7,3.305,1126.17,14110.0,70.989,31.8,51.88,1.3549,3.7868,277.93,22.541,14.2214,5.3732
2019-03-02,,,,,,,,1.47145,,,,,,,,,,,,,,,,,
2019-03-03,,1.40871,,0.75573,,,,1.46628,,,,,,,,,,,,,,,,,
2019-03-04,0.8819,1.41125,1.33109,0.759,111.744,9.34285,8.65002,1.46608,0.99925,19.2876,659.84,3.7709,3093.95,3.2995,1126.9,14125.0,70.899,31.8,51.83,1.35438,3.7907,278.31,22.6046,14.221,5.3696
2019-03-05,0.8847,1.41323,1.3352,0.76065,111.887,9.31218,8.6654,1.47286,1.00456,19.2455,657.47,3.7744,3096.85,3.3095,1125.6,14115.0,70.47,31.74,52.14,1.35652,3.8045,279.0,22.6686,14.1623,5.3848
2019-03-06,0.8841,1.423,1.34364,0.75924,111.701,9.29567,8.66132,1.47811,1.00476,19.3622,659.97,3.84,3104.45,3.3029,1126.72,14135.0,70.069,31.82,52.18,1.3573,3.7997,278.82,22.6272,14.2615,5.4266
2019-03-07,0.8933,1.42539,1.34513,0.76461,111.61,9.45844,8.78064,1.4806,1.01101,19.5416,667.47,3.8825,3140.0,3.304,1133.2,14135.0,70.093,31.83,52.37,1.36099,3.8535,282.5,22.8944,14.504,5.4607
2019-03-08,0.8894,1.41844,1.3406,0.76834,111.1,9.4343,8.7385,1.46996,1.0081,19.505,670.68,3.8669,3171.3,3.3135,1132.4,14305.0,69.994,31.72,52.28,1.3588,3.8298,280.43,22.808,14.428,5.4312
2019-03-09,,,,,,,,1.4708,,,,,,,,,,,,,,,,,
2019-03-10,,1.42082,,0.77021,,,,1.47039,,,,,,,,,,,,,,,,,
2019-03-11,0.8876,1.41381,1.33959,0.75574,111.327,9.36767,8.64972,1.46271,1.00994,19.387,670.21,3.8394,3177.2,3.3095,1130.7,14319.0,69.79,31.64,52.13,1.35731,3.8161,279.92,22.7729,14.3171,5.4387
2019-03-12,0.8855,1.41313,1.3355,0.76465,111.313,9.36274,8.63054,1.45775,1.00744,19.3397,665.08,3.8099,3147.0,3.2985,1126.71,14260.0,69.614,31.64,52.86,1.35569,3.8061,278.82,22.7239,14.3489,5.4553
2019-03-13,0.8818,1.40972,1.32909,0.75141,111.255,9.2851,8.554,1.45726,1.00302,19.287,668.1,3.8109,3144.05,3.2925,1129.3,14260.0,69.64,31.57,52.61,1.3523,3.7917,277.39,22.6317,14.4162,5.4587
2019-03-14,0.8843,1.41553,1.333,0.75488,111.691,9.30031,8.569,1.46355,1.00368,19.3098,671.29,3.8439,3140.5,3.291,1134.8,14262.0,69.359,31.73,53.4,1.35537,3.8051,277.9,22.7001,14.5193,5.4672
2019-03-15,0.8826,1.41084,1.3332,0.75211,111.42,9.229,8.5278,1.46135,1.0018,19.199,669.5,3.8123,3120.0,3.294,1134.2,14255.0,68.937,31.66,52.59,1.3523,3.7955,277.33,22.613,14.4096,5.4457
2019-03-17,,1.41231,,0.75241,,,,1.46135,,,,,,,,,,,,,,,,,
2019-03-18,0.8819,1.40938,1.33421,0.7551,111.399,9.2295,8.54747,1.46124,1.0014,19.0569,665.5,3.7906,3098.5,3.2935,1130.78,14235.0,68.619,31.66,52.64,1.3518,3.7849,276.75,22.581,14.428,5.4683
2019-03-19,0.8805,1.41054,1.33246,0.75375,111.366,9.20305,8.52686,1.45892,0.99897,19.0161,666.9,3.7786,3096.3,3.2935,1129.22,14225.0,69.009,31.68,52.81,1.35125,3.776,275.52,22.5573,14.4903,5.4756
2019-03-20,0.8753,1.40347,1.3295,0.75792,110.72,9.13009,8.49352,1.44674,0.99129,18.8354,662.06,3.775,3086.5,3.2973,1124.7,14180.0,68.5,31.66,52.81,1.34636,3.7451,274.45,22.4476,14.2562,5.425
2019-03-21,0.8787,1.40627,1.3363,0.76206,110.788,9.17226,8.44867,1.45241,0.9917,18.8584,667.03,3.7961,3086.5,3.294,1127.87,14135.0,68.75,31.73,52.6,1.34848,3.7658,276.66,22.5587,14.2098,5.4657
2019-03-22,0.8845,1.41163,1.3409,0.75677,109.91,9.2687,8.5536,1.45454,0.993,19.085,678.23,3.9051,3128.0,3.2943,1134.61,14160.0,69.16,31.73,52.65,1.3522,3.803,280.06,22.781,14.49,5.7617
2019-03-24,,1.41311,,0.75701,,,,1.45471,,,,,,,,,,,,,,,,,
2019-03-25,0.8836,1.40641,1.34011,0.75708,110.036,9.23786,8.5317,1.44755,0.99213,19.0233,679.38,3.8621,3126.63,3.2963,1133.45,14170.0,68.92,31.53,52.49,1.35005,3.7919,279.18,22.7539,14.3101,5.5724
2019-03-26,0.8866,1.40115,1.33828,0.75717,110.527,9.2344,8.53975,1.44787,0.99377,19.103,680.19,3.8638,3153.9,3.2955,1133.41,14165.0,68.985,31.61,52.63,1.35179,3.8051,282.43,22.8187,14.4149,5.3663
2019-03-27,0.8887,1.41129,1.34101,0.76027,110.488,9.277,8.63304,1.46975,0.99455,19.3652,681.05,3.9909,3173.8,3.3155,1138.18,14198.0,69.089,31.88,52.72,1.35574,3.8147,284.26,22.9045,14.6005,5.3934
2019-03-28,0.8904,1.41295,1.34339,0.76599,110.655,9.28903,8.63509,1.47578,0.99475,19.343,681.21,3.906,3173.45,3.3153,1134.05,14237.0,69.172,31.82,52.68,1.35636,3.8249,285.28,22.9858,14.5825,5.5687
2019-03-29,0.8912,1.40964,1.3337,0.7667,110.82,9.2981,8.6274,1.47016,0.9949,19.4263,680.05,3.9228,3186.03,3.3145,1135.6,14235.0,69.179,31.71,52.67,1.3555,3.8363,286.19,22.996,14.4825,5.5748
2019-03-31,,1.40732,,0.76811,,,,1.46763,,,,,,,,,,,,,,,,,
2019-04-01,0.8921,1.40627,1.331,0.76458,111.401,9.28294,8.58744,1.47297,0.99896,19.1683,668.34,3.8516,3140.65,3.3045,1132.13,14220.0,69.189,31.67,52.39,1.3552,3.8317,286.81,22.9956,14.1856,5.51035
2019-04-02,0.8922,1.41685,1.33409,0.76171,111.331,9.32393,8.59999,1.48107,0.99805,19.2282,672.95,3.8552,3144.05,3.3093,1135.9,14215.0,68.909,31.75,52.45,1.35556,3.8325,286.47,22.953,14.2098,5.6161
2019-04-03,0.8892,1.40495,1.33393,0.75902,111.465,9.25962,8.5644,1.47386,0.99744,19.2148,667.09,3.8687,3121.58,3.2953,1134.02,14215.0,68.439,31.71,52.07,1.35335,3.8156,284.24,22.857,14.1242,5.6209
2019-04-04,0.8909,1.40641,1.33643,0.76503,111.636,9.28207,8.5971,1.48017,0.99975,19.1569,664.62,3.8496,3127.93,3.296,1134.8,14175.0,68.969,31.79,52.23,1.35483,3.8223,285.03,22.8656,14.1092,5.597
2019-04-05,0.8914,1.40746,1.339,0.76711,111.73,9.2967,8.6083,1.48566,0.9985,19.055,664.91,3.8719,3122.48,3.2927,1136.19,14120.0,69.159,31.91,52.07,1.3546,3.8242,286.12,22.837,14.091,5.625
2019-04-07,,1.40756,,0.76715,,,,1.48555,,,,,,,,,,,,,,,,,
2019-04-08,0.8881,1.4044,1.3309,0.76571,111.473,9.26644,8.5533,1.48383,0.99919,18.9779,663.59,3.8445,3113.25,3.2873,1141.63,14160.0,69.527,31.88,52.14,1.35463,3.8068,285.11,22.7586,14.1184,5.6884
2019-04-09,0.8873,1.40369,1.33303,0.76598,111.132,9.25305,8.5552,1.48247,0.99967,18.9299,664.34,3.8531,3101.45,3.2872,1139.58,14130.0,69.247,31.77,52.0,1.35361,3.8024,285.94,22.7431,14.0798,5.681
2019-04-10,0.8865,1.39484,1.3314,0.76406,110.949,9.25985,8.49243,1.47785,1.00227,18.8242,661.96,3.8159,3093.68,3.2895,1136.4,14145.0,69.139,31.71,51.84,1.35152,3.7945,284.95,22.6933,13.908,5.6832
2019-04-11,0.8879,1.40392,1.33768,0.76593,111.625,9.28399,8.53164,1.4871,1.00292,18.8291,663.51,3.8568,3117.0,3.2895,1140.5,14130.0,69.01,31.85,51.82,1.35612,3.8035,285.95,22.742,14.0092,5.7333
2019-04-12,0.8849,1.3947,1.3313,0.76506,112.02,9.2618,8.488,1.47929,1.00239,18.75,660.69,3.881,3112.0,3.2915,1133.22,14090.0,69.18,31.73,51.69,1.3524,3.7852,284.27,22.663,13.9491,5.7683
2019-04-14,,1.3942,,0.76458,,,,1.47739,,,,,,,,,,,,,,,,,
2019-04-15,0.8845,1.39476,1.33737,0.76355,111.989,9.26838,8.49286,1.47831,1.0039,18.8837,660.67,3.8681,3137.93,3.291,1133.7,14055.0,69.379,31.77,51.61,1.35279,3.7809,283.1,22.6837,14.0508,5.8029
2019-04-16,0.8862,1.39628,1.33584,0.76683,111.985,9.25735,8.49469,1.49214,1.00771,18.8803,661.51,3.8959,3160.98,3.294,1136.19,14080.0,69.519,31.81,51.77,1.35465,3.7874,283.2,22.751,14.0259,5.7878
2019-04-17,0.8848,1.39388,1.33479,0.76699,112.036,9.24339,8.48962,1.48686,1.01055,18.8073,661.66,3.9308,3155.5,3.2915,1130.7,14080.0,69.411,31.77,51.66,1.35242,3.7784,282.48,22.7065,13.9663,5.7537
2019-04-18,0.8897,1.39846,1.33808,0.76994,111.978,9.30504,8.50971,1.49551,1.01504,18.802,661.81,3.917,3146.25,3.2907,1136.06,14040.0,69.411,31.8,51.69,1.35566,3.8068,284.69,22.864,14.0434,5.8072
2019-04-19,0.8891,1.39821,1.3385,0.76959,111.91,9.3149,8.5051,1.49589,1.0142,18.759,661.81,3.917,3146.25,3.29,1135.08,14040.0,69.401,31.81,51.67,1.3549,3.8065,284.44,22.832,14.0498,5.8102
2019-04-21,,1.39868,,0.76964,,,,1.49546,,,,,,,,,,,,,,,,,
2019-04-22,0.8879,1.40115,1.33452,0.77033,111.936,9.29766,8.49087,1.49647,1.01547,18.8221,664.01,3.9318,3153.88,3.3035,1139.95,14070.0,69.69,31.88,52.01,1.35595,3.8039,284.2,22.828,14.1447,5.8255
2019-04-23,0.8909,1.40944,1.3429,0.7731,111.871,9.35805,8.55058,1.50333,1.02017,18.9261,667.48,3.9194,3177.0,3.3095,1141.51,14070.0,69.76,31.97,51.99,1.35708,3.8188,285.61,22.9286,14.2631,5.8341
2019-04-24,0.896,1.42566,1.34937,0.77483,112.097,9.42815,8.6394,1.51699,1.0201,19.0668,672.58,3.9884,3219.03,3.325,1154.79,14090.0,69.95,32.03,52.2,1.362,3.85,288.27,23.0694,14.4479,5.8858
2019-04-25,0.8976,1.42491,1.34792,0.77525,111.574,9.53095,8.6678,1.50743,1.02002,19.0244,674.36,3.9537,3233.35,3.3315,1158.5,14180.0,70.16,32.04,52.18,1.36253,3.8531,289.25,23.073,14.4216,5.9477
2019-04-26,0.8964,1.42106,1.3451,0.77417,111.59,9.4871,8.6848,1.50173,1.0195,18.931,674.85,3.9303,3226.55,3.3245,1157.4,14182.0,69.84,31.92,52.06,1.3615,3.8535,288.99,23.05,14.3755,5.9372
2019-04-28,,1.41991,,0.77398,,,,1.50148,,,,,,,,,,,,,,,,,
2019-04-29,0.8939,1.41741,1.34533,0.77337,111.664,9.50892,8.65035,1.4993,1.01947,19.008,677.8,3.9445,3250.5,3.313,1158.3,14195.0,69.836,31.91,52.11,1.36134,3.8369,288.78,22.9441,14.3116,5.9503
2019-04-30,0.8917,1.42025,1.33933,0.76732,111.449,9.50037,8.63493,1.50575,1.0193,18.9434,677.34,3.9213,3231.25,3.304,1163.66,14212.0,69.56,31.89,51.75,1.36079,3.8215,288.79,22.8595,14.31075,5.9628
2019-05-01,0.8923,1.42491,1.34379,0.76597,111.389,9.53391,8.66663,1.50943,1.01711,18.9941,678.49,3.9167,3227.25,3.3005,1164.27,14245.0,69.522,31.99,51.77,1.36084,3.8236,289.49,22.8708,14.4498,5.9651
2019-05-02,0.8946,1.42855,1.34685,0.7674,111.526,9.57353,8.75176,1.51105,1.01923,19.1242,681.45,3.9629,3256.0,3.3155,1165.61,14245.0,69.399,32.01,51.86,1.36274,3.836,289.88,22.9868,14.5252,5.96158
2019-05-03,0.8926,1.4243,1.3417,0.75913,111.11,9.5402,8.703,1.50512,1.0164,18.915,676.68,3.9373,3235.2,3.3005,1163.18,14250.0,69.078,31.89,51.76,1.3603,3.8169,288.38,22.943,14.3405,5.9531
2019-05-05,,1.42949,,0.75965,,,,1.50916,,,,,,,,,,,,,,,,,
2019-05-06,0.8927,1.43074,1.34515,0.7638,110.78,9.57048,8.73376,1.51304,1.01743,19.0195,678.43,3.9523,3253.25,3.3095,1168.47,14290.0,69.369,31.92,51.94,1.3638,3.8257,288.92,22.9587,14.4695,6.0863
2019-05-07,0.8932,1.42631,1.34702,0.76507,110.251,9.59085,8.74432,1.51605,1.01941,19.0327,684.3,3.9698,3298.0,3.3095,1170.8,14305.0,69.585,31.9,52.07,1.36275,3.8322,289.54,22.9829,14.4287,6.1531
2019-05-08,0.8928,1.4299,1.347,0.76857,110.066,9.6068,8.76193,1.5186,1.02038,19.0852,684.07,3.9247,3291.43,3.3085,1171.7,14290.0,69.708,31.77,52.17,1.36212,3.8329,289.36,22.969,14.3649,6.1619
2019-05-09,0.8912,1.43156,1.3471,0.7686,109.72,9.6497,8.78372,1.5181,1.01507,19.2383,684.43,3.9461,3273.0,3.311,1178.71,14345.0,70.189,31.74,52.28,1.36467,3.8308,288.69,22.9371,14.3429,6.1563
2019-05-10,0.8901,1.4278,1.341,0.76929,109.891,9.60315,8.7189,1.51584,1.01169,19.094,685.83,3.9505,3272.1,3.311,1173.7,14320.0,69.998,31.52,52.15,1.3626,3.8239,287.44,22.887,14.1521,5.9757
2019-05-12,,1.43066,,0.76886,,,,1.51667,,,,,,,,,,,,,,,,,
2019-05-13,0.8901,1.44032,1.3481,0.77218,109.229,9.63024,8.7609,1.52256,1.0053,19.2219,693.03,3.9755,3302.98,3.323,1187.32,14359.0,70.559,31.64,52.55,1.37055,3.8314,288.25,22.939,14.33104,6.0733
2019-05-14,0.892,1.44059,1.34573,0.77458,109.65,9.60169,8.7402,1.52094,1.00844,19.1499,691.75,3.9776,3288.6,3.32,1186.73,14425.0,70.315,31.49,52.31,1.36856,3.8432,289.33,22.9704,14.2398,6.0352
2019-05-15,0.8921,1.44342,1.34397,0.77848,109.555,9.6002,8.71589,1.52325,1.00825,19.0549,691.45,4.0006,3282.75,3.3175,1185.34,14455.0,70.193,31.52,52.27,1.36802,3.836,289.64,22.9491,14.2136,6.0145
2019-05-16,0.8947,1.45102,1.34606,0.78151,109.862,9.6443,8.75213,1.53001,1.01002,19.112,695.6,4.0393,3297.5,3.3135,1190.78,14445.0,70.119,31.65,52.48,1.37277,3.8493,290.36,23.0089,14.2824,6.0542
2019-05-17,0.8959,1.45541,1.3453,0.78629,109.95,9.6359,8.7897,1.53398,1.0101,19.154,696.85,4.0988,3320.03,3.3295,1193.23,14445.0,70.277,31.83,52.69,1.3772,3.8585,292.11,23.061,14.4098,6.053
2019-05-19,,1.45134,,0.78574,,,,1.53292,,,,,,,,,,,,,,,,,
2019-05-20,0.8951,1.44735,1.34271,0.78569,110.037,9.66546,8.78663,1.52978,1.00831,19.0623,695.89,4.1004,3350.03,3.335,1193.33,14450.0,69.589,31.85,52.64,1.37589,3.8466,292.18,23.0768,14.3786,6.0248
2019-05-21,0.8955,1.45258,1.34033,0.78728,110.545,9.64617,8.75748,1.53671,1.01096,19.0173,694.61,4.0498,3339.05,3.3433,1191.22,14475.0,69.629,31.93,52.4,1.37685,3.8565,292.07,23.084,14.395,6.0619
2019-05-22,0.8961,1.45324,1.34335,0.78965,110.302,9.62522,8.75284,1.53915,1.00892,18.9991,697.28,4.039,3333.53,3.3425,1189.29,14484.0,69.639,31.93,52.39,1.37897,3.8577,292.35,23.1341,14.377,6.1
2019-05-23,0.8939,1.44944,1.34727,0.78975,109.5,9.61842,8.75384,1.53276,1.00298,19.0474,696.15,4.0415,3375.0,3.3455,1188.3,14455.0,69.66,31.9,52.42,1.37881,3.8479,291.9,23.123,14.4627,6.1153
2019-05-24,0.8921,1.44446,1.3436,0.78672,109.3,9.539,8.6799,1.52672,1.0016,19.039,693.55,4.0133,3357.43,3.342,1184.5,14385.0,69.36,31.83,52.08,1.3749,3.8285,290.15,23.038,14.39,6.082
2019-05-26,,1.44294,,0.78574,,,,1.5253,,,,,,,,,,,,,,,,,
2019-05-27,0.8932,1.44525,1.34395,0.78851,109.536,9.57744,8.70206,1.52765,1.00381,19.0445,693.25,4.0426,3356.0,3.3415,1182.9,14375.0,69.487,31.8,52.18,1.37507,3.8316,290.92,23.0841,14.425,6.0639
2019-05-28,0.8954,1.44459,1.3492,0.79008,109.36,9.58686,8.71712,1.52842,1.00719,19.1956,707.18,4.0157,3374.6,3.3473,1186.2,14370.0,69.59,31.84,52.25,1.3794,3.8473,292.83,23.1502,14.7114,6.0301
2019-05-29,0.8976,1.44546,1.3512,0.7919,109.591,9.5479,8.74357,1.53551,1.0082,19.1335,704.36,3.9738,3350.3,3.3535,1192.25,14395.0,69.81,31.8,52.26,1.38063,3.8545,292.46,23.2142,14.6498,6.0128
2019-05-30,0.898,1.44678,1.34951,0.79299,109.583,9.52925,8.76282,1.5361,1.00756,19.1763,709.58,3.9666,3362.98,3.359,1187.83,14395.0,69.82,31.75,52.16,1.37862,3.8528,291.45,23.2027,14.7187,5.891
2019-05-31,0.8949,1.44232,1.3508,0.79199,108.27,9.496,8.753,1.53083,1.00021,19.607,709.46,3.9254,3374.0,3.3762,1187.5,14270.0,69.57,31.5,52.11,1.37341,3.8325,290.69,23.135,14.5798,5.8312
2019-06-02,,1.44244,,0.79148,,,,1.52989,,,,,,,,,,,,,,,,,
2019-06-03,0.889,1.43369,1.3442,0.78953,107.955,9.44258,8.69741,1.51607,0.99209,19.7998,703.2,3.8988,3371.0,3.3555,1177.8,14270.0,69.154,31.3,51.71,1.36639,3.8049,287.03,22.94,14.4462,5.8327
2019-06-04,0.8884,1.4307,1.33941,0.78747,108.202,9.43461,8.69373,1.51355,0.99215,19.5677,692.99,3.8544,3290.33,3.347,1176.45,14270.0,69.277,31.3,51.77,1.36629,3.801,286.02,22.8533,14.6329,5.7753
2019-06-05,0.8903,1.4348,1.3416,0.78804,108.265,9.43883,8.7349,1.50962,0.99405,19.7299,692.74,3.8798,3303.5,3.3465,1178.25,14270.0,69.389,31.36,51.69,1.36652,3.8076,285.94,22.854,14.8519,5.7204
2019-06-06,0.8865,1.43336,1.336,0.78757,108.367,9.42063,8.69364,1.50968,0.99117,19.743,692.34,3.8797,3288.48,3.3395,1178.22,14270.0,69.149,31.3,51.63,1.36431,3.7875,284.32,22.7253,15.014,5.7865
2019-06-07,0.8818,1.42918,1.3263,0.78518,108.18,9.3936,8.6219,1.5006,0.98761,19.609,692.63,3.8771,3265.0,3.333,1180.57,14270.0,69.34,31.24,51.9,1.3609,3.7576,282.26,22.584,14.9483,5.83
2019-06-08,,1.42898,,0.7853,,,,,,,,,,,,,,,,,,,,,
2019-06-09,,1.42982,,0.78609,,,,1.50292,,,,,,,,,,,,,,,,,
2019-06-10,0.8836,1.43668,1.32637,0.78821,108.422,9.4166,8.64851,1.51272,0.98969,19.2059,699.1,3.8858,3256.0,3.33,1182.1,14245.0,69.519,31.33,52.09,1.3657,3.7653,282.74,22.648,14.8139,5.7881
2019-06-11,0.8825,1.43676,1.32815,0.78603,108.516,9.4455,8.6284,1.51913,0.99242,19.1232,692.74,3.8561,3253.0,3.3295,1177.7,14235.0,69.379,31.25,51.93,1.36367,3.762,283.34,22.6006,14.6709,5.8035
2019-06-12,0.8853,1.4429,1.33362,0.78797,108.462,9.4703,8.66087,1.52061,0.99519,19.1802,695.15,3.8671,3264.0,3.3293,1182.93,14230.0,69.369,31.26,52.01,1.36677,3.7662,285.02,22.6536,14.8699,5.8073
2019-06-13,0.8864,1.44626,1.33247,0.78874,108.367,9.48263,8.67694,1.52441,0.99372,19.1868,695.8,3.849,3265.0,3.3305,1180.58,14275.0,69.545,31.18,51.84,1.36663,3.7721,285.34,22.6572,14.8609,5.8666
2019-06-14,0.8919,1.45539,1.3409,0.79428,108.55,9.4868,8.7166,1.54083,0.9989,19.151,699.0,3.8957,3269.0,3.3418,1185.23,14320.0,69.813,31.2,52.07,1.3708,3.797,287.34,22.785,14.8341,5.8965
2019-06-16,,1.45467,,0.79423,,,,1.54,,,,,,,,,,,,,,,,,
2019-06-17,0.8909,1.45915,1.34103,0.79756,108.547,9.4748,8.72803,1.53908,0.9987,19.1786,699.56,3.8881,3283.0,3.346,1184.8,14330.0,69.844,31.35,52.24,1.37072,3.7968,287.08,22.7706,14.8089,5.8713
2019-06-18,0.893,1.45429,1.33772,0.79641,108.511,9.53187,8.74141,1.53118,1.00024,19.1199,695.54,3.8608,3252.0,3.3345,1173.08,14320.0,69.51,31.18,51.82,1.36663,3.803,288.62,22.864,14.5185,5.828
2019-06-19,0.8898,1.45207,1.3273,0.79045,108.084,9.4795,8.69134,1.52493,0.99295,19.0187,690.49,3.8384,3238.0,3.331,1170.09,14265.0,69.64,31.17,51.75,1.36245,3.7909,287.63,22.8201,14.3229,5.7905
2019-06-20,0.8853,1.44519,1.31907,0.78713,107.349,9.41384,8.54993,1.51906,0.98117,18.9999,683.49,3.8384,3191.48,3.309,1157.32,14180.0,69.51,30.86,51.43,1.356,3.7652,286.0,22.6564,14.34335,5.7597
2019-06-21,0.8794,1.44488,1.3219,0.78505,107.31,9.34949,8.4948,1.51814,0.97626,19.114,683.33,3.8215,3201.0,3.3,1157.7,14150.0,69.61,30.77,51.41,1.3549,3.7415,284.91,22.501,14.3198,5.8204
2019-06-23,,1.44223,,0.78466,,,,1.5169,,,,,,,,,,,,,,,,,
2019-06-24,0.8771,1.43554,1.31827,0.78529,107.33,9.28081,8.47834,1.51037,0.97214,19.1983,680.1,3.826,3185.0,3.2967,1153.53,14135.0,69.246,30.65,51.38,1.3533,3.7298,283.76,22.4241,14.3616,5.8017
2019-06-25,0.8796,1.43736,1.31784,0.78818,107.2,9.28595,8.53998,1.50823,0.97498,19.2276,681.35,3.8466,3188.0,3.2945,1155.07,14120.0,69.313,30.74,51.38,1.35487,3.7422,284.36,22.3814,14.333,5.7921
2019-06-26,0.879,1.4316,1.31252,0.78788,107.727,9.2549,8.49063,1.49739,0.97737,19.1473,678.8,3.8431,3182.0,3.3017,1152.52,14170.0,69.19,30.72,51.32,1.35453,3.7452,284.23,22.3562,14.2222,5.7705
2019-06-27,0.8794,1.42772,1.3099,0.78935,107.786,9.27559,8.51239,1.49214,0.97685,19.1735,679.53,3.819,3195.0,3.2885,1156.04,14135.0,69.037,30.78,51.14,1.35339,3.7391,284.69,22.3789,14.1705,5.7727
2019-06-28,0.8791,1.42491,1.3122,0.78765,107.82,9.276,8.52297,1.48867,0.97591,19.22,677.15,3.8454,3211.0,3.284,1154.88,14125.0,68.939,30.67,51.22,1.35214,3.7321,283.85,22.343,14.0731,5.7873
2019-06-30,,1.42254,,0.78748,,,,1.48759,,,,,,,,,,,,,,,,,
2019-07-01,0.8855,1.43575,1.31308,0.79076,108.316,9.35512,8.58093,1.49795,0.98699,19.0999,680.04,3.8405,3200.0,3.2875,1159.27,14112.0,68.879,30.64,51.15,1.35537,3.7557,286.2,22.542,14.1326,5.6488
2019-07-02,0.8855,1.4301,1.31029,0.79387,107.855,9.3312,8.57055,1.49802,0.98532,19.0567,679.86,3.8452,3208.0,3.2865,1165.11,14135.0,68.88,30.57,51.21,1.35608,3.7575,285.77,22.5364,14.0907,5.6518
2019-07-03,0.8857,1.42187,1.3053,0.79498,107.785,9.30357,8.52628,1.49076,0.98606,19.0136,677.8,3.8263,3193.0,3.2905,1169.29,14115.0,68.79,30.61,51.16,1.35618,3.7554,285.32,22.534,14.0641,5.6209
2019-07-04,0.8856,1.42337,1.30473,0.79491,107.798,9.31859,8.52779,1.49394,0.98464,19.008,677.85,3.8016,3188.0,3.287,1166.82,14135.0,68.503,30.66,51.14,1.35548,3.7584,285.69,22.561,14.0437,5.6024
2019-07-05,0.8902,1.43271,1.3073,0.79856,108.46,9.4412,8.6136,1.50893,0.9915,19.009,683.55,3.8213,3207.0,3.287,1174.09,14080.0,68.44,30.78,51.33,1.35887,3.7873,288.48,22.709,14.1682,5.6275
2019-07-07,,1.43236,,0.79828,,,,1.5088,,,,,,,,,,,,,,,,,
2019-07-08,0.8913,1.43402,1.3098,0.79887,108.729,9.46082,8.63917,1.5095,0.99386,18.9309,687.51,3.8023,3215.5,3.29,1178.48,14105.0,68.61,30.81,51.34,1.35969,3.7941,289.28,22.7473,14.1822,5.7311
2019-07-09,0.8921,1.44348,1.3121,0.80259,108.885,9.47126,8.64822,1.51433,0.9936,19.159,687.94,3.7998,3215.0,3.29,1181.0,14125.0,68.55,30.82,51.41,1.36179,3.809,290.37,22.7974,14.1816,5.7329
2019-07-10,0.8879,1.43598,1.30732,0.79936,108.32,9.41039,8.57221,1.50365,0.98823,19.147,685.65,3.7536,3203.0,3.283,1174.15,14125.0,68.399,30.64,51.33,1.35744,3.7866,289.15,22.72,13.9898,5.6851
2019-07-11,0.8881,1.43392,1.30664,0.79821,108.47,9.37796,8.5382,1.50067,0.98976,19.0631,680.35,3.756,3196.0,3.2822,1172.71,14060.0,68.4,30.76,51.25,1.35705,3.7905,289.42,22.741,13.9547,5.6814
2019-07-12,0.8867,1.42511,1.3028,0.79536,107.93,9.3674,8.5382,1.49477,0.98402,18.979,679.36,3.7356,3190.0,3.2805,1175.82,13999.0,68.55,30.92,51.12,1.3577,3.7877,288.92,22.693,13.978,5.7081
2019-07-14,,1.42458,,0.79532,,,,1.4939,,,,,,,,,,,,,,,,,
2019-07-15,0.8878,1.42025,1.304,0.79885,107.863,9.34918,8.53697,1.48781,0.9842,18.9783,678.77,3.7549,3187.0,3.2825,1178.8,13915.0,68.53,30.88,51.0,1.35585,3.7837,288.72,22.7134,13.8999,5.70695
2019-07-16,0.8917,1.42609,1.30846,0.80586,108.232,9.39006,8.57681,1.49276,0.98788,19.1026,678.87,3.7682,3198.0,3.2828,1177.4,13930.0,68.64,30.92,50.87,1.35811,3.7952,290.77,22.814,13.9518,5.7087
2019-07-17,0.8905,1.42657,1.3046,0.80438,107.958,9.36281,8.58858,1.48533,0.9871,19.0719,681.99,3.763,3183.0,3.289,1178.19,13975.0,68.829,30.87,51.04,1.36088,3.7963,290.65,22.8143,14.0053,5.6842
2019-07-18,0.8887,1.41701,1.30445,0.79812,107.488,9.32535,8.55425,1.4773,0.98357,18.9698,679.88,3.7185,3174.0,3.2822,1170.42,13955.0,68.85,30.82,50.93,1.35829,3.7811,289.44,22.6976,13.8605,5.6252
2019-07-19,0.8912,1.42046,1.3058,0.80006,107.7,9.3835,8.5685,1.47947,0.9815,19.02,687.95,3.7475,3171.0,3.2805,1174.61,13930.0,68.85,30.82,51.09,1.35945,3.7882,289.42,22.739,13.9357,5.653
2019-07-21,,1.42033,,0.79962,,,,1.47986,,,,,,,,,,,,,,,,,
2019-07-22,0.8919,1.42203,1.3126,0.80156,107.89,9.41414,8.61274,1.47986,0.98234,19.0454,688.76,3.741,3175.0,3.2835,1174.7,13940.0,68.92,30.83,51.07,1.36091,3.7877,290.04,22.7828,13.8536,5.6716
2019-07-23,0.8964,1.4282,1.31352,0.80402,108.219,9.47226,8.68016,1.4922,0.98503,19.1827,691.08,3.7735,3187.0,3.285,1178.39,13980.0,69.01,30.88,51.22,1.36547,3.8173,292.07,22.9102,13.9218,5.7101
2019-07-24,0.8972,1.43349,1.3139,0.80104,108.165,9.42426,8.6413,1.49274,0.98456,19.0608,690.39,3.7724,3197.0,3.2883,1176.9,13990.0,68.97,30.89,51.12,1.36437,3.8155,291.95,22.8923,13.8774,5.7135
2019-07-25,0.8969,1.43879,1.3154,0.80297,108.623,9.44721,8.6748,1.50123,0.99071,19.0233,696.0,3.7782,3215.0,3.295,1183.0,13975.0,69.029,30.95,51.18,1.3673,3.8179,292.64,22.9028,14.0775,5.6992
2019-07-26,0.8984,1.4476,1.3164,0.80775,108.66,9.4964,8.7078,1.50761,0.99308,19.035,694.93,3.7747,3237.0,3.2972,1182.74,13999.0,68.87,30.85,51.09,1.3696,3.8414,293.54,22.967,14.2911,5.6708
2019-07-28,,1.44705,,0.80779,,,,1.50698,,,,,,,,,,,,,,,,,
2019-07-29,0.8969,1.44875,1.31609,0.81798,108.821,9.48709,8.69893,1.50791,0.99155,19.0592,696.12,3.7813,3282.0,3.2965,1182.3,14015.0,68.75,30.85,51.0,1.36992,3.8464,293.86,23.0105,14.1634,5.6204
2019-07-30,0.896,1.45465,1.31491,0.82231,108.59,9.56544,8.76037,1.5119,0.99004,19.0621,698.9,3.7904,3298.0,3.287,1180.29,14005.0,68.838,30.79,50.88,1.3698,3.8503,293.29,22.9973,14.1924,5.556
2019-07-31,0.9023,1.46013,1.31869,0.82243,108.732,9.65603,8.85229,1.52425,0.99336,19.1506,703.19,3.8128,3277.0,3.3015,1187.68,14012.0,68.86,30.9,50.99,1.37368,3.8708,294.08,23.186,14.3309,5.57985
2019-08-01,0.9024,1.47003,1.32126,0.82499,107.514,9.65746,8.89556,1.52651,0.99052,19.23,706.27,3.8387,3338.0,3.3121,1188.06,14093.0,69.053,30.92,51.16,1.37744,3.8886,295.33,23.2812,14.5988,5.6029
2019-08-02,0.8995,1.4708,1.3198,0.82233,106.58,9.6422,8.9078,1.5306,0.98172,19.299,712.4,3.8851,3381.0,3.3535,1204.01,14175.0,69.69,30.69,51.64,1.3765,3.8773,294.41,23.169,14.7793,5.5587
2019-08-04,,1.47265,,0.82319,,,,1.53261,,,,,,,,,,,,,,,,,
2019-08-05,0.8906,1.47837,1.32122,0.82264,105.663,9.57999,8.92096,1.52121,0.9716,19.6998,720.51,3.9743,3452.0,3.3835,1215.9,14227.0,71.17,30.81,52.19,1.38569,3.8489,291.27,22.981,14.9446,5.5839
2019-08-06,0.8924,1.4787,1.32817,0.82201,106.384,9.57467,8.90243,1.53182,0.97559,19.5943,714.8,3.9601,3430.0,3.3825,1212.46,14341.0,70.896,30.71,52.05,1.381,3.8516,289.84,22.9763,14.9279,5.5273
2019-08-07,0.8922,1.47885,1.33068,0.82356,106.11,9.62884,8.94583,1.55137,0.9748,19.6357,713.8,3.9684,3430.0,3.388,1212.46,14271.0,71.23,30.81,52.31,1.38229,3.8552,290.68,22.9928,15.0563,5.4859
2019-08-08,0.8938,1.47061,1.32319,0.82361,105.843,9.5967,8.92718,1.54112,0.97407,19.4135,709.57,3.9188,3365.0,3.3725,1205.69,14205.0,70.41,30.73,51.89,1.38262,3.8618,289.58,23.0522,15.0502,5.4816
2019-08-09,0.892,1.47341,1.3226,0.83098,105.66,9.55,8.878,1.54679,0.9723,19.442,709.65,3.9432,3392.0,3.3845,1215.22,14185.0,70.906,30.79,52.05,1.3854,3.86,289.08,23.024,15.26,5.489
2019-08-11,,1.47434,,0.83127,,,,1.54689,,,,,,,,,,,,,,,,,
2019-08-12,0.8914,1.48144,1.32372,0.82802,105.27,9.55901,8.9124,1.55229,0.96917,19.59498,713.46,3.9846,3424.0,3.3805,1217.07,14245.0,71.266,30.82,52.16,1.38642,3.8599,289.05,23.032,15.2886,5.5618
2019-08-13,0.8946,1.47165,1.32213,0.82931,106.607,9.53851,8.86965,1.54839,0.97575,19.3778,703.16,3.9633,3409.0,3.3835,1205.14,14315.0,71.399,30.8,52.07,1.3834,3.8774,289.25,23.099,15.1342,5.56
2019-08-14,0.897,1.48148,1.33157,0.82922,105.792,9.62421,8.97801,1.55287,0.97291,19.6792,710.3,4.0511,3455.0,3.3955,1215.15,14240.0,71.27,30.82,52.41,1.38959,3.9221,291.93,23.212,15.4086,5.6103
2019-08-15,0.8998,1.47654,1.33148,0.82703,106.13,9.6378,9.01634,1.55352,0.9765,19.5975,710.81,3.9911,3468.0,3.3905,1211.0,14260.0,71.4,30.85,52.76,1.38912,3.9351,293.03,23.254,15.2556,5.5667
2019-08-16,0.9011,1.47536,1.3266,0.82342,106.36,9.6657,8.99788,1.55594,0.97786,19.649,706.76,4.0022,3432.0,3.3775,1206.97,14230.0,71.149,30.9,52.3,1.38383,3.9106,292.42,23.194,15.2944,5.5775
2019-08-18,,1.47397,,0.82268,,,,1.55545,,,,,,,,,,,,,,,,,
2019-08-19,0.9021,1.4785,1.33254,0.8248,106.613,9.68497,8.97809,1.56043,0.9814,19.861,713.3,4.0745,3432.0,3.3855,1210.38,14230.0,71.438,30.85,52.39,1.38697,3.9416,294.36,23.265,15.4286,5.6469
2019-08-20,0.9007,1.47562,1.3319,0.82202,106.27,9.68544,8.98632,1.55938,0.9778,19.756,709.0,4.0528,3404.0,3.3815,1205.72,14255.0,71.535,30.77,52.28,1.38499,3.9273,294.78,23.226,15.3516,5.7316
2019-08-21,0.9013,1.47403,1.3286,0.82454,106.58,9.61478,8.93815,1.56194,0.98181,19.6877,711.23,4.0255,3383.0,3.3755,1201.91,14235.0,71.426,30.78,52.18,1.3837,3.9188,295.07,23.246,15.1732,5.7088
2019-08-22,0.9021,1.47968,1.3295,0.81631,106.44,9.6735,8.97814,1.57011,0.98354,19.8212,714.74,4.069,3387.0,3.3735,1209.79,14230.0,71.91,30.79,52.31,1.38564,3.9309,295.84,23.253,15.2402,5.7687
2019-08-23,0.8969,1.4806,1.3275,0.81383,105.39,9.5945,8.9614,1.56201,0.97414,19.914,719.18,4.1194,3420.0,3.3745,1212.16,14210.0,71.491,30.59,52.45,1.3868,3.9253,295.14,23.184,15.2367,5.7589
2019-08-25,,1.49332,,0.81503,,,,1.57498,,,,,,,,,,,,,,,,,
2019-08-26,0.9006,1.47645,1.32508,0.81818,106.098,9.67457,9.00261,1.56541,0.97913,19.9278,719.18,4.1546,3430.0,3.3815,1210.3,14235.0,72.01,30.58,52.38,1.38827,3.928,296.45,23.235,15.2525,5.8203
2019-08-27,0.9013,1.48104,1.328,0.81401,105.757,9.6653,9.00555,1.57203,0.9813,19.9901,722.75,4.1262,3467.23,3.3925,1210.29,14250.0,71.53,30.61,52.24,1.3889,3.9456,296.84,23.2801,15.316,5.8245
2019-08-28,0.902,1.48436,1.33073,0.81846,106.005,9.71946,9.04004,1.57833,0.98108,20.1639,723.0,4.1688,3472.0,3.3995,1212.56,14250.0,71.795,30.61,52.42,1.3885,3.9613,297.82,23.323,15.3822,5.8159
2019-08-29,0.904,1.48617,1.32888,0.82082,106.5,9.7803,9.09381,1.58428,0.98647,20.139,720.66,4.1686,3436.08,3.3925,1206.69,14230.0,71.68,30.62,52.17,1.388,3.9665,299.56,23.408,15.3104,5.8405
2019-08-30,0.9097,1.48566,1.331,0.82244,106.28,9.8175,9.117,1.58579,0.99,20.057,720.8,4.1443,3438.0,3.3895,1209.0,14180.0,71.73,30.59,52.12,1.387,3.9818,301.24,23.598,15.1798,5.8295
2019-09-01,,1.48622,,0.82241,,,,1.5866,,,,,,,,,,,,,,,,,
2019-09-02,0.9116,1.48969,1.3328,0.82886,106.202,9.82767,9.1053,1.58579,0.99069,20.1263,724.6,4.1857,3437.65,3.4045,1212.24,14190.0,71.952,30.61,52.28,1.39142,3.9741,301.91,23.6,15.2463,5.8046
2019-09-03,0.9112,1.47929,1.33393,0.8272,105.957,9.81456,9.10283,1.57973,0.98691,19.98,724.89,4.1664,3440.73,3.4035,1209.39,14220.0,72.159,30.6,52.21,1.39021,3.9601,300.55,23.5498,15.0938,5.7257
2019-09-04,0.906,1.47167,1.3225,0.81657,106.337,9.73577,9.02816,1.57327,0.98071,19.7153,722.79,4.0944,3392.0,3.3775,1202.21,14150.0,71.965,30.54,51.93,1.38403,3.9346,298.5,23.43,14.804,5.6748
2019-09-05,0.9059,1.46793,1.32273,0.8112,107.018,9.68296,9.00666,1.56951,0.98593,19.7297,715.1,4.1076,3374.0,3.3625,1195.53,14148.0,71.913,30.68,52.0,1.38433,3.9339,298.76,23.3985,14.8692,5.6916
2019-09-06,0.9062,1.46128,1.317,0.81446,106.89,9.642,8.972,1.55642,0.9871,19.528,711.0,4.0625,3350.0,3.3415,1191.27,14090.0,71.629,30.61,51.86,1.381,3.9305,299.04,23.427,14.798,5.7145
2019-09-08,,1.46015,,0.81403,,,,1.55635,,,,,,,,,,,,,,,,,
2019-09-09,0.9048,1.45679,1.31679,0.81005,107.21,9.65534,8.92475,1.55579,0.992,19.567,714.43,4.0942,3368.0,3.3485,1191.16,14025.0,71.749,30.63,51.87,1.37964,3.9205,298.6,23.3851,14.7634,5.7435
2019-09-10,0.9048,1.45758,1.31451,0.80936,107.512,9.6777,8.9478,1.55744,0.99137,19.49,711.63,4.0805,3359.0,3.3425,1189.81,14027.0,71.87,30.6,52.04,1.37942,3.9202,300.06,23.396,14.6391,5.7686
2019-09-11,0.908,1.45794,1.31976,0.81108,107.815,9.67777,8.9571,1.55953,0.99308,19.5372,715.5,4.0673,3373.0,3.3375,1189.34,14055.0,71.56,30.57,52.14,1.37913,3.9405,301.48,23.5108,14.7016,5.7464
2019-09-12,0.9041,1.45728,1.321,0.8108,108.155,9.63106,8.97289,1.56204,0.9905,19.4203,708.47,4.0599,3363.0,3.3235,1180.96,13985.0,70.939,30.47,51.85,1.37504,3.9208,300.62,23.3556,14.5873,5.6615
2019-09-13,0.9028,1.45412,1.3283,0.79968,108.1,9.6203,8.9813,1.56863,0.99046,19.397,702.98,4.084,3360.0,3.3195,1178.22,13960.0,71.01,30.45,51.99,1.3731,3.9042,298.97,23.336,14.5626,5.6851
2019-09-15,,1.4534,,0.80036,,,,1.56634,,,,,,,,,,,,,,,,,
2019-09-16,0.9084,1.45603,1.32383,0.80468,108.12,9.6572,8.95593,1.57577,0.99277,19.435,709.45,4.0799,3361.0,3.3315,1182.79,14016.0,71.559,30.52,52.25,1.37537,3.9357,301.6,23.4891,14.6558,5.7268
2019-09-17,0.903,1.45677,1.3246,0.79989,108.108,9.66794,8.92353,1.57238,0.99284,19.3601,715.46,4.0773,3382.1,3.3375,1185.99,14090.0,71.37,30.52,52.15,1.37383,3.9126,301.15,23.3932,14.7045,5.7046
2019-09-18,0.9062,1.46469,1.3292,0.80157,108.398,9.71848,8.94348,1.58253,0.99682,19.4049,715.1,4.1101,3368.0,3.3495,1189.86,14055.0,71.13,30.52,52.19,1.37565,3.9316,301.59,23.4506,14.7025,5.6745
2019-09-19,0.9051,1.47163,1.32566,0.79849,108.019,9.6878,8.9738,1.58753,0.99277,19.441,715.9,4.1675,3381.0,3.3525,1192.81,14055.0,71.37,30.52,52.27,1.37872,3.9284,300.6,23.4419,14.7983,5.7168
2019-09-20,0.9066,1.47754,1.3256,0.80141,107.515,9.7005,9.05424,1.59847,0.99083,19.46,719.61,4.1482,3414.9,3.3565,1192.63,14050.0,71.059,30.47,52.04,1.3769,3.9678,302.82,23.465,14.9312,5.7409
2019-09-22,,1.47728,,0.80176,,,,1.59642,,,,,,,,,,,,,,,,,
2019-09-23,0.9092,1.4763,1.32573,0.80412,107.492,9.70681,9.0427,1.58904,0.98938,19.4866,720.98,4.1627,3436.0,3.3545,1193.61,14080.0,70.785,30.46,52.13,1.37742,3.993,304.55,23.5277,14.8864,5.7194
2019-09-24,0.9071,1.47037,1.3239,0.80051,107.109,9.668,9.00514,1.58175,0.98562,19.46,723.14,4.1629,3432.75,3.3395,1193.02,14110.0,70.946,30.53,52.24,1.37523,3.9739,302.64,23.4804,14.8692,5.6937
2019-09-25,0.913,1.48104,1.32617,0.80926,107.748,9.74906,9.0481,1.59383,0.99151,19.5751,726.63,4.1482,3428.0,3.3495,1197.76,14145.0,70.971,30.59,52.2,1.3785,4.0001,304.98,23.5188,14.986,5.6728
2019-09-26,0.9155,1.48192,1.32672,0.81135,107.813,9.7641,9.08597,1.58882,0.99365,19.6595,726.41,4.1705,3443.0,3.3815,1197.99,14175.0,70.934,30.63,52.14,1.38213,4.0146,307.11,23.655,15.0362,5.6672
2019-09-27,0.9141,1.4782,1.3244,0.8138,107.92,9.8007,9.0713,1.58856,0.9904,19.684,725.83,4.1598,3456.0,3.3795,1201.49,14160.0,70.64,30.59,51.88,1.3811,4.0048,306.34,23.616,15.1513,5.6698
2019-09-28,,,,,,,,1.58932,,,,,,,,,,,,,,,,,
2019-09-29,,1.47944,,0.81358,,,,1.58955,,,,,,,,,,,,,,,,,
2019-09-30,0.9173,1.4815,1.32397,0.81377,108.069,9.84588,9.09963,1.59765,0.99766,19.735,728.3,4.1561,3476.0,3.3685,1197.5,14190.0,70.64,30.58,51.82,1.38173,4.0098,307.08,23.6643,15.1437,5.6455
2019-10-01,0.9145,1.49182,1.32211,0.81393,107.751,9.87751,9.12628,1.60305,0.99315,19.8154,728.86,4.1572,3493.0,3.3875,1201.2,14205.0,71.1,30.61,51.92,1.38515,4.0076,306.65,23.5762,15.3171,5.7196
2019-10-02,0.9122,1.4912,1.33309,0.81314,107.176,9.87405,9.12672,1.59602,0.99709,19.7985,723.2,4.1282,3492.0,3.3864,1203.87,14202.0,71.14,30.61,51.98,1.38412,3.9776,304.42,23.5191,15.2767,5.7003
2019-10-03,0.9112,1.48251,1.3332,0.8106,106.882,9.86016,9.11868,1.5877,0.99829,19.6478,716.17,4.0842,3444.0,3.3725,1199.6,14170.0,71.019,30.53,51.81,1.38038,3.9492,302.6,23.4392,15.1412,5.6903
2019-10-04,0.9102,1.47754,1.3313,0.8109,106.88,9.8387,9.0904,1.58328,0.995,19.507,714.38,4.0558,3431.25,3.3765,1190.75,14190.0,70.819,30.45,51.69,1.3783,3.931,302.98,23.405,15.04,5.696
2019-10-05,,,,,,,,1.58428,,,,,,,,,,,,,,,,,
2019-10-06,,1.47933,,0.81086,,,,1.58423,,,,,,,,,,,,,,,,,
2019-10-07,0.9111,1.48571,1.33077,0.81385,107.22,9.90983,9.13598,1.59079,0.99462,19.5708,718.53,4.0935,3447.75,3.3825,1195.29,14155.0,70.966,30.47,51.87,1.38137,3.9444,303.62,23.479,15.1774,5.8383
2019-10-08,0.9122,1.48622,1.33231,0.81806,107.014,9.94027,9.15908,1.58823,0.99266,19.6251,724.5,4.0945,3448.0,3.3825,1197.99,14150.0,71.209,30.41,51.91,1.38211,3.942,304.72,23.5289,15.2684,5.8301
2019-10-09,0.9101,1.48982,1.3344,0.81878,107.072,9.94619,9.17023,1.59248,0.99225,19.632,723.47,4.1093,3463.0,3.3645,1196.71,14165.0,71.109,30.32,51.78,1.38206,3.9375,304.02,23.4839,15.2256,5.877
2019-10-10,0.9083,1.47911,1.32903,0.80457,107.938,9.83908,9.12258,1.58193,0.99641,19.443,718.48,4.1098,3456.0,3.3645,1188.3,14145.0,70.979,30.42,51.56,1.37554,3.9149,301.54,23.4602,15.0242,5.8414
2019-10-11,0.9053,1.47189,1.3196,0.79101,108.36,9.8088,9.0832,1.57828,0.9966,19.316,709.48,4.1092,3425.0,3.3565,1181.98,14123.0,70.912,30.42,51.6,1.37226,3.8984,300.47,23.373,14.8003,5.8833
2019-10-13,,1.47178,,0.79121,,,,1.57938,,,,,,,,,,,,,,,,,
2019-10-14,0.9063,1.47551,1.32294,0.7932,108.371,9.81496,9.1051,1.5865,0.99731,19.2699,712.43,4.1252,3425.0,3.3665,1182.56,14122.0,71.225,30.38,51.57,1.36852,3.8939,300.42,23.4149,14.8244,5.9274
2019-10-15,0.906,1.48236,1.3195,0.78345,108.844,9.80696,9.12401,1.58856,0.99876,19.2279,715.3,4.1794,3450.0,3.3645,1183.43,14135.0,71.49,30.42,51.59,1.3707,3.8887,300.83,23.355,14.882,5.9194
2019-10-16,0.9027,1.48041,1.3201,0.78016,108.701,9.77689,9.17604,1.59018,0.99429,19.201,716.31,4.1499,3454.0,3.3605,1184.15,14164.0,71.352,30.35,51.59,1.3702,3.8657,300.13,23.2467,14.9359,5.8796
2019-10-17,0.8986,1.46527,1.31377,0.77684,108.589,9.70557,9.1809,1.5758,0.98754,19.1925,711.3,4.1623,3448.0,3.3485,1178.4,14143.0,71.119,30.31,51.34,1.36485,3.8503,297.4,23.0932,14.831,5.8089
2019-10-18,0.8949,1.45858,1.3124,0.77089,108.35,9.6199,9.1422,1.56715,0.984,19.101,710.93,4.1106,3424.0,3.3345,1177.41,14139.0,71.079,30.28,51.24,1.36333,3.8175,294.76,22.893,14.7803,5.79
2019-10-20,,1.46086,,0.77486,,,,1.56686,,,,,,,,,,,,,,,,,
2019-10-21,0.8966,1.45692,1.30886,0.77139,108.6,9.63975,9.13655,1.56111,0.98599,19.123,725.7,4.1283,3447.0,3.336,1170.2,14070.0,70.899,30.25,51.1,1.3613,3.8346,295.7,22.9371,14.7537,5.8608
2019-10-22,0.8982,1.45822,1.30913,0.77548,108.5,9.64296,9.14168,1.56033,0.98924,19.1392,723.53,4.0796,3429.0,3.3485,1170.76,14037.0,70.807,30.28,51.17,1.36237,3.8357,295.56,22.9601,14.5895,5.7932
2019-10-23,0.898,1.45938,1.30746,0.77429,108.65,9.64047,9.12697,1.55703,0.99046,19.114,725.5,4.0317,3389.0,3.3435,1168.34,14020.0,70.709,30.3,50.95,1.362,3.8378,294.59,22.9933,14.6293,5.7375
2019-10-24,0.9004,1.46763,1.3073,0.77896,108.626,9.65742,9.14221,1.56762,0.99196,19.1347,722.25,4.0324,3402.0,3.349,1172.88,14054.0,70.959,30.24,51.3,1.36369,3.8529,296.31,23.0503,14.6804,5.7637
2019-10-25,0.9024,1.46649,1.3052,0.77983,108.66,9.6797,9.1969,1.5758,0.99446,19.055,726.15,4.0027,3393.0,3.337,1171.16,14030.0,70.809,30.15,51.2,1.36273,3.8604,296.54,23.055,14.6252,5.7738
2019-10-27,,1.46617,,0.77936,,,,1.57418,,,,,,,,,,,,,,,,,
2019-10-28,0.9008,1.46284,1.3057,0.77791,108.96,9.70853,9.21949,1.57565,0.9947,19.1079,722.95,3.99,3379.0,3.332,1166.2,14019.0,70.739,30.22,51.1,1.36227,3.8498,295.4,22.9871,14.5543,5.7291
2019-10-29,0.8997,1.45822,1.30908,0.77742,108.87,9.69639,9.22601,1.57448,0.99413,19.1159,727.55,3.9978,3372.0,3.3355,1165.25,14025.0,70.879,30.24,51.05,1.36229,3.8385,296.45,22.9788,14.6142,5.7482
2019-10-30,0.8964,1.44944,1.3161,0.77504,108.805,9.64399,9.17575,1.56026,0.98914,19.0919,739.53,3.9875,3386.0,3.3415,1163.2,14039.0,70.951,30.21,50.87,1.36146,3.8171,295.15,22.8828,14.9836,5.7007
2019-10-31,0.8965,1.45189,1.31683,0.77326,108.031,9.65067,9.19231,1.55941,0.98673,19.2348,740.6,4.017,3377.0,3.3435,1167.98,14003.0,71.06,30.16,50.73,1.36078,3.8212,294.57,22.874,15.1001,5.7074
2019-11-01,0.8955,1.44655,1.3133,0.77308,108.15,9.5573,9.0854,1.55618,0.9854,19.104,739.53,3.9895,3318.0,3.3435,1164.17,14062.0,70.758,30.15,50.48,1.3573,3.8059,293.36,22.835,15.0268,5.6989
2019-11-03,,1.44745,,0.77317,,,,1.55475,,,,,,,,,,,,,,,,,
2019-11-04,0.8989,1.45421,1.31539,0.77636,108.595,9.61903,9.14735,1.56497,0.98785,19.17,741.55,4.012,3319.0,3.3325,1162.44,14010.0,70.786,30.2,50.49,1.35889,3.8378,295.97,22.9514,14.798,5.7322
2019-11-05,0.9027,1.45098,1.31482,0.77668,109.16,9.65074,9.17099,1.5674,0.99254,19.1793,746.1,3.9932,3307.0,3.3365,1154.71,13965.0,70.769,30.23,50.4,1.3584,3.8504,298.82,23.0333,14.748,5.7493
2019-11-06,0.9031,1.4534,1.3185,0.778,108.962,9.61784,9.16613,1.57104,0.99222,19.143,739.42,4.0832,3334.0,3.3365,1159.55,14010.0,70.999,30.29,50.6,1.35996,3.8533,299.67,23.055,14.807,5.7499
2019-11-07,0.9048,1.45136,1.31739,0.78048,109.308,9.62908,9.10661,1.57215,0.99491,19.131,741.35,4.1002,3315.0,3.3425,1153.27,13990.0,71.044,30.39,50.52,1.35751,3.8532,300.79,23.0777,14.7259,5.7467
2019-11-08,0.907,1.4563,1.3223,0.7829,109.23,9.6981,9.1299,1.58028,0.99721,19.0835,747.14,4.1451,3336.0,3.3575,1158.04,14010.0,71.35,30.39,50.57,1.35853,3.8724,302.71,23.121,14.8612,5.7621
2019-11-09,,,,,,,,1.58103,,,,,,,,,,,,,,,,,
2019-11-10,,1.45877,,0.78189,,,,1.58063,,,,,,,,,,,,,,,,,
2019-11-11,0.9062,1.46075,1.32303,0.77809,109.059,9.69463,9.13568,1.57252,0.9933,19.0979,761.0,4.1526,3333.0,3.3605,1163.41,14058.0,71.559,30.32,50.85,1.36065,3.8702,302.59,23.106,14.8957,5.7718
2019-11-12,0.9079,1.46233,1.3232,0.77821,108.972,9.71182,9.15785,1.57978,0.9929,19.3056,779.85,4.169,3406.45,3.38,1164.46,14050.0,71.78,30.31,50.78,1.36187,3.8874,303.82,23.1837,14.9154,5.7742
2019-11-13,0.9082,1.46344,1.32528,0.77823,108.772,9.72923,9.17777,1.55987,0.98952,19.3571,793.65,4.1695,3424.75,3.3875,1169.36,14077.0,72.139,30.21,50.87,1.36267,3.8937,303.19,23.2229,14.9069,5.7378
2019-11-14,0.907,1.4738,1.32469,0.77634,108.399,9.67787,9.15907,1.56841,0.98793,19.3169,802.1,4.1861,3450.0,3.386,1167.06,14080.0,71.953,30.18,50.67,1.36178,3.8848,302.99,23.207,14.807,5.7465
2019-11-15,0.9043,1.46735,1.3218,0.77507,108.87,9.651,9.083,1.56274,0.98996,19.175,775.55,4.1955,3422.0,3.3615,1162.15,14068.0,71.639,30.25,50.56,1.3601,3.8643,302.69,23.152,14.7,5.7443
2019-11-16,,,,,,,,1.56348,,,,,,,,,,,,,,,,,
2019-11-17,,1.46789,,0.77435,,,,1.56306,,,,,,,,,,,,,,,,,
2019-11-18,0.9029,1.4694,1.32037,0.77221,108.664,9.6328,9.10143,1.56406,0.98933,19.2998,775.53,4.2175,3439.0,3.371,1165.25,14035.0,71.939,30.18,50.81,1.35977,3.8779,302.79,23.0819,14.8011,5.7394
2019-11-19,0.9024,1.46546,1.32626,0.77358,108.546,9.62987,9.11815,1.55555,0.9904,19.3454,786.53,4.193,3436.0,3.3755,1166.39,14085.0,71.819,30.17,50.99,1.36059,3.8676,300.36,23.059,14.756,5.6959
2019-11-20,0.9026,1.47178,1.3306,0.77369,108.452,9.6391,9.12978,1.55994,0.99032,19.4626,790.13,4.1953,3441.0,3.3815,1168.82,14035.0,71.742,30.17,50.91,1.36178,3.876,300.7,23.041,14.7858,5.7004
2019-11-21,0.9038,1.47358,1.3282,0.77477,108.618,9.62275,9.14235,1.56204,0.99286,19.3758,795.05,4.1928,3416.0,3.373,1174.66,14080.0,71.739,30.19,50.86,1.363,3.8836,302.08,23.0681,14.6819,5.695
2019-11-22,0.9073,1.47306,1.3301,0.77948,108.62,9.6359,9.1483,1.56228,0.9972,19.372,798.93,4.1864,3422.0,3.3875,1178.83,14080.0,71.785,30.19,50.91,1.36343,3.8985,303.34,23.125,14.7073,5.712
2019-11-23,,,,,,,,1.56128,,,,,,,,,,,,,,,,,
2019-11-24,,1.47319,,0.77829,,,,1.56045,,,,,,,,,,,,,,,,,
2019-11-25,0.9077,1.47575,1.32973,0.77521,108.933,9.63156,9.17843,1.55768,0.99648,19.4366,791.35,4.2266,3431.0,3.3815,1171.91,14070.0,71.684,30.22,50.78,1.36456,3.9013,304.81,23.143,14.7708,5.7405
2019-11-26,0.9069,1.4741,1.32698,0.7776,109.051,9.5846,9.16511,1.55613,0.99746,19.5078,797.68,4.2319,3473.0,3.3825,1171.23,14080.0,71.469,30.21,50.86,1.36421,3.9042,304.64,23.1326,14.7845,5.7575
2019-11-27,0.9083,1.47604,1.32838,0.77246,109.531,9.56686,9.15664,1.55734,0.99866,19.5203,817.35,4.264,3502.0,3.3835,1174.85,14090.0,71.249,30.22,50.79,1.36452,3.9148,305.43,23.1822,14.7616,5.7762
2019-11-28,0.908,1.47798,1.32804,0.77487,109.513,9.55186,9.16483,1.5587,0.99836,19.484,827.8,4.1891,3508.61,3.3935,1176.53,14085.0,71.499,30.22,50.75,1.36576,3.9213,304.82,23.2144,14.698,5.754
2019-11-29,0.9074,1.47885,1.3275,0.77349,109.48,9.5711,9.2157,1.55722,0.9994,19.563,803.8,4.226,3515.5,3.4004,1180.2,14100.0,71.745,30.18,50.84,1.36668,3.9161,303.74,23.173,14.6822,5.747
2019-11-30,,,,,,,,1.55836,,,,,,,,,,,,,,,,,
2019-12-01,,1.47831,,0.77447,,,,1.55519,,,,,,,,,,,,,,,,,
2019-12-02,0.9025,1.46696,1.33067,0.77285,109.057,9.53903,9.15736,1.53943,0.9913,19.5732,803.3,4.2233,3504.7,3.3895,1184.11,14120.0,71.619,30.25,51.07,1.36625,3.8683,299.93,23.058,14.5428,5.7402
2019-12-03,0.9021,1.46034,1.3289,0.76972,108.635,9.52092,9.1756,1.53485,0.98679,19.5531,802.0,4.2051,3499.0,3.3875,1187.26,14100.0,71.73,30.24,51.06,1.3639,3.8655,299.06,23.024,14.6193,5.7406
2019-12-04,0.9024,1.46096,1.31982,0.76318,108.858,9.5129,9.16579,1.53306,0.98844,19.4323,787.0,4.2074,3467.0,3.3885,1189.36,14100.0,71.48,30.3,50.95,1.36314,3.8618,298.74,23.0364,14.5891,5.7487
2019-12-05,0.9004,1.46372,1.31791,0.76003,108.748,9.49111,9.12893,1.52854,0.9874,19.3586,780.75,4.1807,3454.0,3.378,1186.63,14060.0,71.23,30.36,50.79,1.36057,3.8504,297.69,22.9992,14.634,5.7508
2019-12-06,0.9037,1.46242,1.3255,0.7615,108.55,9.5003,9.1277,1.52416,0.99103,19.2885,772.82,4.1412,3420.5,3.3765,1185.01,14033.0,71.267,30.31,50.8,1.3604,3.8634,299.2,23.079,14.6299,5.7734
2019-12-07,,,,,,,,1.52462,,,,,,,,,,,,,,,,,
2019-12-08,,1.46299,,0.76145,,,,1.52439,,,,,,,,,,,,,,,,,
2019-12-09,0.9034,1.46591,1.32393,0.76109,108.577,9.52792,9.13919,1.52819,0.98767,19.2228,772.5,4.1426,3413.8,3.372,1188.19,14000.0,70.959,30.29,50.84,1.35984,3.8744,299.51,23.0592,14.6607,5.8079
2019-12-10,0.9013,1.46895,1.32304,0.7621,108.798,9.4909,9.17475,1.52947,0.98435,19.2401,779.45,4.146,3403.0,3.3965,1189.82,14001.0,70.799,30.26,50.73,1.35842,3.8666,298.11,23.007,14.7826,5.8038
2019-12-11,0.8979,1.45546,1.3172,0.75765,108.545,9.38645,9.10742,1.51904,0.98246,19.1098,769.5,4.1238,3373.0,3.3905,1188.97,14030.0,70.699,30.26,50.84,1.35726,3.8446,296.47,22.9054,14.663,5.802
2019-12-12,0.8938,1.44336,1.31643,0.74337,109.486,9.33715,9.02827,1.51083,0.98463,19.0314,767.59,4.0903,3369.0,3.3734,1169.59,14020.0,70.559,30.16,50.58,1.35298,3.8305,294.68,22.8098,14.4488,5.7811
2019-12-13,0.8994,1.45454,1.3165,0.75052,109.41,9.3903,9.0208,1.51584,0.98377,19.007,763.62,4.1078,3380.0,3.3594,1175.07,13980.0,70.66,30.18,50.6,1.3536,3.8362,296.18,22.883,14.51,5.8072
2019-12-14,,1.45454,,0.75052,,,,1.51653,,,,,,,,,,,,,,,,,
2019-12-15,,1.45558,,0.74946,,,,1.51676,,,,,,,,,,,,,,,,,
2019-12-16,0.8974,1.45438,1.3154,0.75271,109.6,9.36549,9.01058,1.51706,0.98267,18.921,761.0,4.063,3348.0,3.3505,1167.87,14000.0,70.909,30.19,50.54,1.35454,3.822,294.96,22.8258,14.3563,5.8467
2019-12-17,0.896,1.46045,1.31574,0.76168,109.504,9.37825,9.01612,1.523,0.9798,18.9063,755.8,4.0616,3337.2,3.3385,1162.48,13985.0,71.029,30.21,50.57,1.35475,3.8194,295.96,22.7942,14.3812,5.8856
2019-12-18,0.8994,1.46017,1.3113,0.7645,109.576,9.42119,9.00268,1.52038,0.98025,18.9606,750.73,4.063,3323.0,3.337,1164.36,13970.0,70.989,30.22,50.64,1.35507,3.8358,297.35,22.9004,14.2997,5.925
2019-12-19,0.8987,1.45283,1.31254,0.76886,109.377,9.40704,8.95684,1.51316,0.97826,18.93,753.47,4.0701,3311.0,3.3325,1161.71,13980.0,71.17,30.2,50.63,1.35483,3.8314,296.85,22.8302,14.2205,5.9388
2019-12-20,0.9027,1.44869,1.3146,0.76935,109.43,9.3989,8.9733,1.51492,0.9825,18.938,756.35,4.1022,3328.0,3.3125,1158.49,13970.0,71.05,30.18,50.76,1.3543,3.841,298.09,22.942,14.2216,5.9356
2019-12-22,,1.4506,,0.76945,,,,1.51561,,,,,,,,,,,,,,,,,
2019-12-23,0.9013,1.44613,1.3144,0.77304,109.397,9.43271,8.95365,1.50784,0.98132,18.9328,752.2,4.0734,3307.0,3.3165,1162.5,13960.0,71.209,30.14,50.89,1.35567,3.8516,298.73,22.983,14.2045,5.9459
2019-12-24,0.9025,1.4454,1.31619,0.77304,109.374,9.4176,8.9161,1.50739,0.97996,18.9627,748.38,4.0831,3294.0,3.3125,1161.72,13960.0,71.269,30.12,50.82,1.35495,3.8381,299.51,22.995,14.1527,5.9459
2019-12-25,0.9014,1.445,1.3159,0.77088,109.38,9.40137,8.91116,1.50784,0.97957,18.9568,748.38,4.0734,3294.5,3.3125,1159.26,13960.0,71.269,30.13,50.82,1.35479,3.8374,299.11,22.966,14.1574,5.9378
2019-12-26,0.9013,1.44078,1.31099,0.76935,109.569,9.40329,8.8873,1.50058,0.98071,18.9326,745.4,4.0562,3285.0,3.3185,1160.78,13950.0,71.289,30.09,50.7,1.3537,3.8381,298.71,22.953,14.125,5.9337
2019-12-27,0.8944,1.43328,1.3076,0.76464,109.41,9.3295,8.8151,1.49298,0.974,18.831,747.7,4.0444,3296.0,3.3125,1158.45,13945.0,71.409,30.13,50.81,1.3515,3.8118,295.43,22.768,14.0274,5.9492
2019-12-28,,,,,,,,1.49365,,,,,,,,,,,,,,,,,
2019-12-29,,1.43275,,0.76505,,,,1.49312,,,,,,,,,,,,,,,,,
2019-12-30,0.8925,1.42953,1.30602,0.7623,108.87,9.343,8.81295,1.48721,0.96849,18.9177,749.47,4.0189,3282.0,3.3135,1155.81,13920.0,71.309,29.93,50.77,1.3482,3.7961,295.41,22.6738,14.1063,5.9451
2019-12-31,0.8912,1.42552,1.2987,0.75415,108.69,9.365,8.7701,1.48809,0.9671,18.894,751.5,4.0188,3284.0,3.3105,1153.25,13880.0,71.349,29.75,50.65,1.3458,3.8032,295.01,22.682,14.0064,5.9452
2020-01-01,0.8915,1.42733,1.2986,0.75488,108.668,9.34361,8.77173,1.48622,0.9678,18.8827,751.5,4.0188,3284.0,3.3105,1153.52,13880.0,71.222,30.15,50.65,1.34566,3.7944,294.84,22.6481,14.0061,5.944
2020-01-02,0.8949,1.43205,1.29824,0.76104,108.541,9.35952,8.79305,1.49341,0.9712,18.843,748.63,4.0248,3249.0,3.2965,1156.65,13884.0,71.22,30.13,50.73,1.34667,3.7923,294.19,22.6525,14.085,5.95064
2020-01-03,0.8962,1.43864,1.2997,0.76423,108.08,9.3978,8.8314,1.50083,0.97323,18.916,763.68,4.0667,3249.0,3.3135,1164.45,13894.0,71.759,30.15,51.1,1.3496,3.8017,295.25,22.707,14.3112,5.9713
2020-01-04,,,,,,,,1.5015,,,,,,,,,,,,,,,,,
2020-01-05,,1.44177,,0.76522,,,,1.50299,,,,,,,,,,,,,,,,,
2020-01-06,0.8929,1.44125,1.29639,0.75907,108.368,9.39921,8.79282,1.49992,0.96787,18.833,772.82,4.0617,3243.0,3.3235,1166.93,13957.0,71.863,30.15,51.09,1.34892,3.779,294.25,22.545,14.2026,5.97021
2020-01-07,0.8966,1.45613,1.2998,0.76246,108.45,9.45404,8.85526,1.50573,0.97052,18.8852,769.1,4.0673,3271.0,3.3195,1165.95,13914.0,71.84,30.25,50.91,1.35054,3.8064,297.37,22.6335,14.292,5.9712
2020-01-08,0.8998,1.45671,1.30367,0.76352,109.072,9.4577,8.85982,1.50457,0.97345,18.8113,757.0,4.0642,3240.0,3.3125,1160.85,13929.0,71.506,30.34,50.57,1.35032,3.8097,297.74,22.709,14.1687,5.9088
2020-01-09,0.9002,1.45921,1.30593,0.76525,109.477,9.48824,8.87717,1.51327,0.97269,18.837,767.43,4.0935,3252.9,3.318,1157.33,13840.0,71.2,30.26,50.7,1.35082,3.8215,299.32,22.716,14.2008,5.872
2020-01-10,0.899,1.44928,1.305,0.76575,109.47,9.4977,8.8835,1.50734,0.9724,18.781,772.78,4.0958,3266.0,3.33,1157.47,13811.0,70.95,30.21,50.54,1.34864,3.8056,300.14,22.709,14.3576,5.8765
2020-01-11,,,,,,,,1.50921,,,,,,,,,,,,,,,,,
2020-01-12,,1.45005,,0.76716,,,,1.50734,,,,,,,,,,,,,,,,,
2020-01-13,0.8977,1.44907,1.3053,0.76991,109.932,9.46462,8.88591,1.5088,0.97045,18.7949,774.06,4.1471,3266.0,3.3305,1153.34,13704.0,70.699,30.17,50.46,1.34646,3.8009,299.5,22.632,14.3785,5.869
2020-01-14,0.8984,1.4497,1.30602,0.76801,109.98,9.46364,8.87271,1.51332,0.96722,18.7962,769.5,4.1324,3285.0,3.3195,1156.71,13651.0,70.839,30.25,50.58,1.34735,3.793,298.73,22.5938,14.398,5.8801
2020-01-15,0.8966,1.44886,1.30409,0.76661,109.879,9.46213,8.85964,1.51112,0.96375,18.8047,774.61,4.1733,3297.65,3.3225,1156.45,13702.0,70.709,30.26,50.74,1.346,3.7925,298.21,22.4781,14.3815,5.8753
2020-01-16,0.8976,1.44993,1.30399,0.76478,110.171,9.48564,8.88505,1.50798,0.96477,18.7703,775.69,4.1845,3323.0,3.3215,1159.07,13654.0,70.952,30.35,50.85,1.347,3.7955,300.24,22.5817,14.4083,5.8525
2020-01-17,0.9016,1.45518,1.3063,0.76876,110.15,9.5191,8.9035,1.51325,0.96769,18.654,771.82,4.1614,3330.0,3.3205,1159.94,13644.0,71.075,30.37,50.91,1.3472,3.8225,302.91,22.67,14.4517,5.8898
2020-01-18,,,,,,,,1.51286,,,,,,,,,,,,,,,,,
2020-01-19,,1.45442,,0.76915,,,,1.51272,,,,,,,,,,,,,,,,,
2020-01-20,0.9009,1.45497,1.3043,0.76883,110.173,9.51454,8.9229,1.51361,0.96772,18.659,769.25,4.1882,3329.0,3.3155,1157.07,13625.0,71.03,30.33,50.97,1.34662,3.8219,301.36,22.6022,14.5037,5.9111
2020-01-21,0.902,1.46154,1.30732,0.76657,109.848,9.52143,8.99096,1.51699,0.96834,18.781,773.72,4.2121,3353.0,3.3145,1167.79,13654.0,71.17,30.37,50.98,1.34982,3.8163,301.48,22.6312,14.4877,5.9288
2020-01-22,0.9011,1.4616,1.31352,0.76128,109.823,9.49847,8.97799,1.51743,0.96777,18.6824,770.53,4.1824,3329.0,3.3115,1163.24,13674.0,71.07,30.36,50.9,1.34883,3.8194,302.84,22.6473,14.3175,5.92162
2020-01-23,0.9042,1.46165,1.3123,0.76202,109.521,9.52886,8.99262,1.51128,0.96927,18.7591,776.05,4.1619,3359.32,3.317,1167.15,13620.0,71.39,30.49,50.97,1.3513,3.8394,304.33,22.7573,14.3752,5.9304
2020-01-24,0.9063,1.46456,1.3142,0.76464,109.3,9.5671,9.0491,1.51355,0.97173,18.7585,776.95,4.1832,3363.0,3.3205,1168.7,13560.0,71.32,30.57,50.82,1.351,3.8628,304.91,22.823,14.4552,5.9381
2020-01-26,,1.46727,,0.76495,,,,1.51678,,,,,,,,,,,,,,,,,
2020-01-27,0.9074,1.47953,1.3189,0.76575,108.914,9.62322,9.13872,1.52866,0.96921,18.9025,787.18,4.2072,3396.0,3.3295,1175.52,13609.0,71.439,30.68,50.85,1.3577,3.8818,305.98,22.915,14.5898,5.9413
2020-01-28,0.907,1.47949,1.3158,0.76781,109.24,9.60479,9.11184,1.52868,0.97283,18.7127,785.25,4.1945,3382.0,3.336,1173.9,13625.0,71.229,30.76,50.73,1.35778,3.8738,306.36,22.8689,14.5301,5.9403
2020-01-29,0.908,1.48214,1.31998,0.76838,109.01,9.6206,9.1644,1.53245,0.97333,18.6908,792.03,4.2303,3385.0,3.343,1178.45,13620.0,71.3,30.93,50.83,1.36102,3.889,306.32,22.928,14.603,5.9562
2020-01-30,0.9059,1.48874,1.32058,0.76402,108.932,9.63617,9.18253,1.54083,0.9695,18.7768,796.8,4.2435,3409.0,3.365,1186.63,13640.0,71.56,31.07,50.95,1.36203,3.8902,305.38,22.879,14.7522,5.9721
2020-01-31,0.9011,1.49455,1.3235,0.75752,108.36,9.6233,9.2066,1.54751,0.96252,18.842,799.33,4.2824,3417.0,3.3825,1194.5,13659.0,71.52,31.18,51.0,1.3648,3.8695,303.81,22.728,14.9898,5.98
2020-02-01,,,,,,,,1.54847,,,,,,,,,,,,,,,,,
2020-02-02,,1.49611,,0.75887,,,,1.54777,,,,,,,,,,,,,,,,,
2020-02-03,0.904,1.49486,1.32907,0.76948,108.662,9.64396,9.28482,1.54823,0.96583,18.815,786.8,4.2474,3393.0,3.3689,1188.85,13722.0,71.32,31.07,50.88,1.3692,3.8832,304.98,22.7849,14.8697,5.9834
2020-02-04,0.9052,1.48372,1.32764,0.76769,109.461,9.58124,9.20936,1.53936,0.96907,18.663,780.87,4.2549,3360.1,3.3605,1182.0,13756.0,71.099,30.94,50.75,1.37008,3.8689,304.02,22.718,14.7599,5.9793
2020-02-05,0.9088,1.48236,1.32831,0.7694,109.791,9.58188,9.20871,1.54395,0.9736,18.585,775.87,4.2349,3362.8,3.3603,1182.36,13714.0,71.179,30.95,50.78,1.3804,3.8582,306.02,22.7871,14.7683,5.979
2020-02-06,0.9105,1.48542,1.32857,0.77356,109.982,9.62368,9.2199,1.54808,0.97444,18.6409,783.05,4.2821,3377.0,3.3743,1184.31,13659.0,71.222,31.13,50.81,1.38533,3.8777,307.65,22.7465,14.9074,5.9877
2020-02-07,0.9134,1.4988,1.3311,0.7758,109.74,9.6541,9.2928,1.5625,0.97739,18.76,794.75,4.3203,3413.0,3.387,1190.89,13643.0,71.499,31.3,50.94,1.3892,3.9006,308.75,22.86,15.0572,6.0143
2020-02-09,,1.49849,,0.77594,,,,1.56104,,,,,,,,,,,,,,,,,
2020-02-10,0.9162,1.49615,1.3315,0.77441,109.752,9.65807,9.28492,1.56642,0.97705,18.6995,793.14,4.3243,3454.5,3.3915,1186.14,13704.0,71.279,31.281,50.84,1.38911,3.905,309.56,22.923,14.9542,6.00447
2020-02-11,0.9156,1.48929,1.32852,0.77194,109.784,9.62996,9.24255,1.56199,0.9756,18.65106,791.04,4.3316,3417.35,3.3865,1180.22,13682.0,71.279,31.24,50.58,1.38608,3.89515,310.01,22.8186,14.79612,6.01356
2020-02-12,0.9195,1.48505,1.32507,0.77182,110.075,9.63461,9.22698,1.54772,0.97806,18.62,790.58,4.3556,3385.0,3.378,1177.46,13654.0,71.289,31.086,50.56,1.38644,3.9086,312.43,22.8323,14.84759,6.04317
2020-02-13,0.9223,1.48891,1.32663,0.76689,109.808,9.67066,9.25239,1.55328,0.97905,18.583,793.61,4.3501,3374.05,3.3825,1182.56,13670.0,71.33,31.14,50.47,1.38955,3.91603,311.0,22.9269,14.95475,6.04029
2020-02-14,0.923,1.48962,1.32514,0.76648,109.774,9.71833,9.2405,1.55436,0.98204,18.5353,791.2,4.2979,3387.5,3.3775,1181.96,13704.0,71.526,31.19,50.54,1.39116,3.92125,309.51,22.934,14.8965,6.05505
2020-02-15,,,,0.76652,,,,,,,,,,,,,,,,,,,,,
2020-02-16,,1.48847,,0.76665,,,,1.55243,,,,,,,,,,,,,,,,,
2020-02-17,0.9225,1.48985,1.32332,0.76905,109.855,9.68476,9.25092,1.55328,0.9805,18.5562,793.1,4.3279,3394.22,3.3739,1183.85,13690.0,71.319,31.146,50.57,1.38853,3.9273,309.5,22.9066,14.9649,6.0458
2020-02-18,0.9262,1.49555,1.32553,0.76933,109.861,9.7792,9.32824,1.5661,0.9827,18.58741,796.62,4.3563,3401.4,3.3805,1189.61,13673.0,71.569,31.21,50.68,1.39232,3.9522,310.79,23.1097,15.00536,6.06196
2020-02-19,0.9249,1.4979,1.32244,0.77405,111.24,9.77956,9.27103,1.5675,0.98329,18.55991,795.94,4.3653,3381.5,3.3805,1191.35,13714.0,71.589,31.198,50.62,1.39448,3.9487,311.67,23.0761,14.97464,6.0823
2020-02-20,0.9267,1.5124,1.3256,0.77652,112.056,9.80423,9.31222,1.57936,0.98382,18.8322,806.88,4.3936,3400.4,3.3885,1203.71,13731.0,71.67,31.44,50.69,1.40095,3.9652,313.24,23.2171,15.1056,6.09971
2020-02-21,0.9209,1.50916,1.32238,0.77137,111.565,9.71305,9.28423,1.57458,0.97816,18.9014,802.31,4.3893,3377.0,3.3845,1206.41,13773.0,71.87,31.57,50.89,1.3981,3.95185,310.4,23.085,14.9943,6.09625
2020-02-23,,1.51655,,0.7724,,,,1.58331,,,,,,,,,,,,,,,,,
2020-02-24,0.9212,1.51522,1.32899,0.77381,110.669,9.73006,9.35765,1.57828,0.97893,19.06591,807.03,4.3878,3428.2,3.4035,1218.09,13860.0,72.05,31.616,51.05,1.3997,3.96584,311.56,23.265,15.1437,6.11413
2020-02-25,0.9187,1.51538,1.3285,0.76929,110.201,9.70856,9.35868,1.5827,0.97572,19.075,812.3,4.3878,3433.0,3.4075,1214.56,13860.0,71.869,31.721,51.05,1.39839,3.9542,311.08,23.204,15.2237,6.14078
2020-02-26,0.9187,1.52725,1.3337,0.77516,110.423,9.72903,9.39328,1.59023,0.97675,19.284,811.3,4.45,3454.0,3.4095,1211.35,13860.0,71.576,31.82,51.03,1.39724,3.9649,311.57,23.279,15.2999,6.15168
2020-02-27,0.9086,1.52126,1.3383,0.77573,109.536,9.65372,9.385,1.58469,0.9683,19.497,813.26,4.4861,3497.5,3.4325,1211.33,13860.0,71.649,31.513,50.95,1.39495,3.92785,308.0,22.995,15.4755,6.2066
2020-02-28,0.9064,1.5373,1.33954,0.77995,108.056,9.60655,9.3967,1.6011,0.96526,19.5909,817.21,4.4731,3522.0,3.4524,1199.7,14229.0,72.533,31.5,50.96,1.3924,3.92405,306.47,23.078,15.6617,6.23705
2020-03-01,,1.54371,,0.78131,,,,1.61179,,,,,,,,,,,,,,,,,
2020-03-02,0.897,1.53055,1.3327,0.78413,108.271,9.54036,9.28805,1.59987,0.9582,19.38451,811.52,4.4736,3458.0,3.4345,1188.34,14409.0,72.35,31.42,50.73,1.38933,3.87172,302.69,22.892,15.4318,6.16405
2020-03-03,0.8948,1.51897,1.3382,0.78054,107.142,9.4644,9.26522,1.59563,0.95568,19.451,812.53,4.5144,3457.0,3.4222,1180.0,14220.0,73.27,31.297,50.82,1.38735,3.849,300.63,22.7025,15.4104,6.10567
2020-03-04,0.8981,1.51053,1.33866,0.77731,107.53,9.47779,9.25376,1.58983,0.95636,19.531,819.38,4.5847,3476.0,3.4172,1183.71,14167.0,73.529,31.343,50.59,1.38432,3.8574,301.5,22.7075,15.2624,6.07419
2020-03-05,0.8903,1.51247,1.34043,0.77228,106.162,9.43488,9.27608,1.58781,0.9455,19.84568,824.55,4.6073,3536.0,3.4583,1187.73,14164.0,73.9,31.476,50.84,1.38298,3.83247,299.21,22.583,15.5872,6.10533
2020-03-06,0.8855,1.50537,1.3423,0.76658,105.36,9.37628,9.2382,1.57356,0.93732,20.098,826.17,4.6274,3584.25,3.4693,1188.2,14263.0,74.01,31.445,50.53,1.3781,3.8079,296.95,22.489,15.6598,6.0899
2020-03-07,,1.50602,,0.76664,,,,,,,,,,,,,,,,,,,,,
2020-03-08,,1.51334,,0.76403,,,,1.58125,,,,,,,,,,,,,,,,,
2020-03-09,0.8739,1.51355,1.36556,0.76363,102.433,9.44131,9.57177,1.57463,0.92583,20.9506,837.86,4.7231,3804.0,3.5043,1200.12,14339.0,74.39,31.44,50.57,1.38438,3.7788,293.76,22.3676,16.0773,6.15443
2020-03-10,0.884,1.53693,1.371,0.77495,105.104,9.49768,9.57226,1.59322,0.93731,20.7958,832.83,4.6423,3762.0,3.5003,1184.02,14407.0,73.56,31.408,50.5,1.39053,3.8074,295.84,22.635,15.9321,6.1725
2020-03-11,0.8879,1.54307,1.377,0.78045,104.725,9.5308,9.68422,1.59704,0.93936,21.348,840.28,4.8136,3885.0,3.5162,1190.81,14319.0,74.17,31.482,50.65,1.39544,3.8416,298.97,22.89,16.2018,6.21144
2020-03-12,0.8945,1.59096,1.39223,0.79522,104.776,9.73135,10.16386,1.63228,0.94477,21.95895,853.8,4.791,4025.0,3.5262,1210.11,14486.0,74.559,31.732,51.2,1.40923,3.91455,302.33,23.404,16.52403,6.31467
2020-03-13,0.9014,1.61883,1.38039,0.81472,107.9,9.66756,9.9839,1.64954,0.95117,21.8731,838.2,4.8338,4020.0,3.5192,1210.78,14810.0,73.838,31.673,51.02,1.41489,3.9381,304.73,23.65,16.2721,6.32828
2020-03-14,,1.6176,,,,,,,,,,,,,,,,,,,,,,,
2020-03-15,,1.6218,,0.80636,,,,1.65837,,,,,,,,,,,,,,,,,
2020-03-16,0.8951,1.63345,1.39912,0.81514,106.284,9.77863,10.2794,1.6527,0.9471,22.6691,854.5,5.0002,4077.0,3.5512,1231.99,14814.0,73.997,32.083,51.49,1.41983,3.9765,307.87,24.427,16.6384,6.42163
2020-03-17,0.9075,1.67057,1.4228,0.82818,107.253,9.88486,10.48691,1.68282,0.9596,22.93902,848.1,5.011,3997.0,3.5422,1238.08,15078.0,74.06,32.11,51.7,1.42962,4.0574,314.93,24.577,16.5498,6.3991
2020-03-18,0.9146,1.72667,1.44806,0.8591,108.005,10.2247,11.25917,1.74462,0.96689,23.767,867.8,5.1062,4155.25,3.5712,1255.53,15219.0,74.546,32.549,51.7,1.43979,4.11119,323.17,25.2597,17.2129,6.4798
2020-03-19,0.9375,1.76398,1.45249,0.87458,110.855,10.39122,11.216,1.78145,0.9882,24.09429,862.1,5.0957,4086.0,3.5533,1256.95,15709.0,75.04,32.501,51.45,1.45235,4.282,335.16,26.0012,17.3979,6.5438
2020-03-20,0.9341,1.7242,1.43325,0.85837,110.85,10.36185,11.86056,1.75193,0.98543,24.3965,863.1,5.0627,4116.0,3.5272,1253.95,16269.0,75.394,32.675,51.19,1.44857,4.22865,327.69,25.4546,17.5981,6.5472
2020-03-22,,1.75,,0.86625,,,,1.78012,,,,,,,,,,,,,,,,,
2020-03-23,0.9304,1.71198,1.4479,0.86558,110.975,10.30721,11.4982,1.75147,0.98302,25.43093,860.5,5.1429,4174.0,3.5313,1272.0,16603.0,76.32,32.797,51.34,1.4582,4.29004,327.93,25.846,17.8008,6.55515
2020-03-24,0.9246,1.67314,1.44316,0.84832,111.193,10.10334,11.03656,1.71477,0.9798,24.74915,845.2,5.0992,4108.88,3.5183,1233.12,16483.0,76.369,32.729,50.86,1.44598,4.25797,328.05,25.59,17.5022,6.4274
2020-03-25,0.9189,1.69558,1.4215,0.8463,111.009,10.07495,10.69948,1.72601,0.97702,24.00709,844.5,5.0345,4062.0,3.4752,1232.5,16481.0,75.75,32.683,51.01,1.44804,4.1939,324.76,25.163,17.3137,6.4127
2020-03-26,0.9056,1.65675,1.40635,0.82257,109.332,9.96263,10.39966,1.68362,0.9621,23.34,827.4,5.0225,3978.5,3.3952,1212.26,16324.0,74.74,32.615,50.7,1.43116,4.101,321.89,24.6088,17.3123,6.39425
2020-03-27,0.897,1.62206,1.3987,0.80308,107.88,9.86552,10.4819,1.657,0.9511,23.299,834.7,5.1,4009.0,3.4075,1211.73,16226.0,75.12,32.54,51.11,1.4268,4.0712,319.8,24.539,17.6248,6.453
2020-03-29,,1.63151,,0.80648,,,,1.66398,,,,,,,,,,,,,,,,,
2020-03-30,0.9051,1.62096,1.41645,0.80723,107.97,10.02741,10.52622,1.66223,0.95872,23.84721,851.74,5.1934,4047.82,3.434,1223.26,16332.0,75.39,32.61,50.9,1.42343,4.11297,324.72,24.7153,17.927,6.56448
2020-03-31,0.907,1.6361,1.4091,0.80678,107.759,9.90796,10.41346,1.68768,0.962,23.7761,852.5,5.2044,4058.0,3.4303,1217.67,16365.0,75.31,32.634,50.85,1.4221,4.1344,327.35,24.861,17.8376,6.613
2020-04-01,0.9124,1.64428,1.41585,0.80671,107.2,10.02665,10.44278,1.68802,0.9659,24.23483,863.6,5.2493,4071.0,3.4643,1234.8,16409.0,76.57,32.979,50.94,1.43447,4.1937,331.66,25.106,18.2504,6.70631
2020-04-02,0.9212,1.64946,1.41175,0.80704,108.124,10.099,10.38557,1.69053,0.9746,24.209,858.8,5.2553,4023.39,3.4393,1226.88,16738.0,76.27,32.831,50.75,1.43034,4.20547,335.16,25.369,18.493,6.62933
2020-04-03,0.9247,1.6685,1.42039,0.81514,108.453,10.16873,10.56759,1.70695,0.97615,24.965,864.5,5.3493,4019.0,3.4555,1234.5,16400.0,76.41,33.01,50.7,1.4383,4.23429,337.9,25.688,18.98,6.7348
2020-04-05,,1.66528,,0.81706,,,,1.70721,,,,,,,,,,,,,,,,,
2020-04-06,0.927,1.64409,1.41403,0.82004,109.212,10.12034,10.43762,1.68776,0.979,24.63484,849.53,5.2857,3965.0,3.3892,1223.16,16551.0,75.96,32.799,50.57,1.43211,4.2248,337.28,25.498,18.6788,6.7597
2020-04-07,0.9177,1.62232,1.40173,0.81037,108.791,10.04964,10.25776,1.67479,0.9697,24.3496,858.13,5.2212,3904.0,3.3623,1213.81,16406.0,75.62,32.726,50.53,1.42396,4.15231,328.51,24.903,18.2141,6.7674
2020-04-08,0.9206,1.6048,1.4023,0.80745,108.861,10.07426,10.25022,1.66334,0.97202,23.96743,842.83,5.1231,3896.35,3.3693,1214.75,16242.0,75.93,32.74,50.55,1.42518,4.1638,330.07,24.9352,18.2232,6.77033
2020-04-09,0.9149,1.57913,1.39818,0.80257,108.474,9.94135,10.2104,1.64528,0.96643,23.5452,840.08,5.1068,3826.17,3.3685,1209.51,16239.0,75.97,32.652,50.48,1.4159,4.15868,323.2,24.674,18.0184,6.65889
2020-04-10,0.9141,1.57535,1.39494,0.80308,108.382,9.92061,10.18592,1.64612,0.9661,23.33,840.08,5.1061,3826.0,3.3675,1210.55,15800.0,75.869,32.68,50.43,1.41259,4.15985,322.93,24.721,17.9537,6.695
2020-04-12,,1.57978,,0.8023,,,,1.6472,,,,,,,,,,,,,,,,,
2020-04-13,0.9158,1.56453,1.38781,0.79923,107.693,9.99795,10.30528,1.63988,0.9673,23.563,848.58,5.1994,3865.0,3.3853,1213.92,15836.0,76.24,32.7,50.6,1.41496,4.1515,323.64,24.573,18.0958,6.77179
2020-04-14,0.9102,1.55359,1.38804,0.79221,107.181,9.92678,10.29315,1.63816,0.96008,23.38,847.95,5.1621,3847.0,3.3933,1210.71,15718.0,76.01,32.655,50.58,1.41339,4.11345,320.052,24.395,18.29675,6.8131
2020-04-15,0.9169,1.58403,1.4115,0.7986,107.43,10.02825,10.51134,1.67034,0.9652,24.261,855.2,5.2365,3909.3,3.4073,1222.96,15704.0,76.559,32.695,50.68,1.42468,4.16085,322.7,24.77,18.6646,6.89789
2020-04-16,0.9205,1.57381,1.40395,0.80132,107.959,10.01104,10.39444,1.66992,0.9689,23.735,851.05,5.2338,3972.0,3.4123,1226.67,15784.0,76.819,32.541,51.03,1.42378,4.17262,323.12,24.963,18.7081,6.92388
2020-04-17,0.9193,1.57191,1.3998,0.79962,107.549,9.97895,10.3227,1.65799,0.9671,23.671,851.95,5.2368,3931.0,3.4045,1215.63,15499.0,76.54,32.5,50.79,1.42173,4.1476,324.55,25.001,18.7331,6.93
2020-04-18,,1.57257,,0.79968,,,,,,,,,,,,,,,,,,,,,
2020-04-19,,1.57455,,0.80053,,,,1.65766,,,,,,,,,,,,,,,,,
2020-04-20,0.9202,1.57676,1.41239,0.80379,107.715,10.0231,10.43464,1.65541,0.96795,23.9891,855.75,5.3164,3968.1,3.4013,1220.04,15538.0,76.6,32.48,50.71,1.4207,4.16184,324.31,25.189,18.7935,6.93774
2020-04-21,0.921,1.59225,1.4198,0.81327,107.749,10.09819,10.63937,1.67912,0.96985,24.376,856.75,5.3161,4040.5,3.3842,1231.31,15639.0,76.97,32.483,50.83,1.43166,4.1747,326.06,25.296,18.9793,6.97315
2020-04-22,0.9237,1.5832,1.41625,0.81029,107.784,10.09846,10.7684,1.68078,0.97159,24.46854,858.0,5.458,4026.0,3.3702,1232.99,15563.0,76.4,32.354,50.65,1.42783,4.196,329.85,25.454,18.9976,6.97196
2020-04-23,0.9274,1.5689,1.40702,0.80954,107.584,10.0616,10.6325,1.66428,0.97587,24.7788,859.36,5.5336,4020.3,3.3713,1232.73,15624.0,75.89,32.35,50.64,1.42441,4.21098,331.4,25.494,19.1023,6.95018
2020-04-24,0.9236,1.56365,1.40944,0.8086,107.484,10.02668,10.60921,1.66174,0.973,24.9525,856.6,5.5905,4039.0,3.3945,1230.03,15550.0,76.26,32.44,50.75,1.42353,4.18902,328.55,25.081,19.0211,6.9725
2020-04-26,,1.56543,,0.8088,,,,1.66323,,,,,,,,,,,,,,,,,
2020-04-27,0.9233,1.54842,1.40251,0.80483,107.251,10.0108,10.49171,1.65733,0.97551,24.7295,856.2,5.6524,4055.2,3.3962,1220.94,15587.0,76.227,32.465,50.63,1.41874,4.18655,327.95,25.181,18.7796,6.9814
2020-04-28,0.9235,1.54024,1.39987,0.80485,106.841,9.88319,10.4206,1.6503,0.97442,24.32147,843.31,5.4969,4027.06,3.3862,1220.41,15484.0,76.06,32.444,50.56,1.41688,4.1947,329.59,25.092,18.5942,6.98
2020-04-29,0.9193,1.52686,1.38775,0.80186,106.589,9.84275,10.31922,1.6302,0.97411,23.7419,833.55,5.3346,3918.0,3.3652,1209.66,15412.0,75.27,32.39,50.3,1.41115,4.17848,325.61,24.9089,18.157,6.95347
2020-04-30,0.9136,1.53967,1.39538,0.79477,107.116,9.75783,10.26032,1.63578,0.96632,24.1994,833.4,5.4856,3951.0,3.3715,1211.99,15156.0,75.4,32.45,50.39,1.41158,4.1475,322.22,24.769,18.502,6.9888
2020-05-01,0.9105,1.5577,1.40847,0.80052,106.909,9.83735,10.3309,1.65003,0.96104,24.57962,833.4,5.4854,3950.5,3.3715,1224.39,15154.0,75.746,32.53,50.57,1.41514,4.15635,321.78,24.777,18.8376,7.00471
2020-05-03,,1.56669,,0.80282,,,,1.6603,,,,,,,,,,,,,,,,,
2020-05-04,0.9169,1.55673,1.408,0.80368,106.693,9.85091,10.32543,1.65363,0.96538,24.08796,836.45,5.5419,3978.01,3.3832,1222.45,15069.0,75.63,32.385,50.58,1.41647,4.1684,324.32,24.805,18.49327,7.04635
2020-05-05,0.9218,1.54873,1.40263,0.80339,106.516,9.83061,10.26081,1.6491,0.9722,23.783,832.74,5.5596,3918.57,3.3922,1219.59,15100.0,75.717,32.368,50.59,1.41513,4.17919,322.72,24.9182,18.3901,7.08327
2020-05-06,0.9258,1.56612,1.4171,0.81088,106.038,9.8445,10.27126,1.6665,0.97494,24.486,842.11,5.714,3953.33,3.4113,1228.11,15124.0,76.09,32.404,50.65,1.42213,4.2103,324.56,25.0925,18.7855,7.194
2020-05-07,0.9225,1.53671,1.3962,0.80823,106.29,9.80956,10.2317,1.64069,0.97281,23.993,836.95,5.8305,3915.62,3.4012,1218.66,15122.0,75.785,32.35,50.5,1.4135,4.1947,323.5,25.105,18.5601,7.0763
2020-05-08,0.9223,1.5317,1.3925,0.80592,106.682,9.76117,10.20357,1.6302,0.97087,23.621,825.28,5.7317,3888.0,3.4063,1219.15,15004.0,75.51,32.18,50.39,1.41238,4.1908,321.82,25.097,18.3368,7.082
2020-05-09,,1.53163,,0.80613,,,,,,,,,,,,,,,,,,,,,
2020-05-10,,1.53257,,0.80614,,,,1.63084,,,,,,,,,,,,,,,,,
2020-05-11,0.9248,1.54164,1.4012,0.8107,107.639,9.86939,10.28872,1.64614,0.97278,23.888,822.91,5.817,3894.0,3.4143,1222.49,14932.0,75.86,32.19,50.35,1.41714,4.2072,323.73,25.428,18.3833,7.06279
2020-05-12,0.9213,1.54392,1.4066,0.81514,107.249,9.76803,10.16006,1.64328,0.9694,24.3,824.0,5.8858,3879.0,3.4323,1225.68,14976.0,75.3,32.087,50.21,1.41837,4.2013,323.6,25.2964,18.41851,6.99318
2020-05-13,0.9242,1.54995,1.40966,0.81754,107.019,9.81315,10.15678,1.66792,0.97196,24.19537,816.11,5.885,3906.0,3.4383,1226.92,14884.0,75.36,32.06,50.3,1.41935,4.2167,327.04,25.363,18.4924,6.97218
2020-05-14,0.9254,1.54919,1.40469,0.818,107.24,9.79835,10.14994,1.66708,0.97329,23.86372,821.48,5.8105,3937.0,3.4473,1226.5,14942.0,75.48,32.089,50.48,1.42259,4.21805,327.53,25.531,18.4334,6.9233
2020-05-15,0.9241,1.55889,1.41108,0.82636,107.157,9.85285,10.2232,1.6854,0.97182,23.9517,827.13,5.8535,3908.0,3.4352,1232.19,14904.0,75.817,32.07,50.65,1.42722,4.22125,327.47,25.597,18.5597,6.89941
2020-05-17,,1.55673,,0.8272,,,,1.68376,,,,,,,,,,,,,,,,,
2020-05-18,0.9157,1.53297,1.39384,0.81963,107.291,9.696,10.01426,1.65473,0.97134,23.7332,818.48,5.7195,3849.0,3.4245,1224.57,14825.0,75.6,32.005,50.88,1.41776,4.1751,323.1,25.328,18.33056,6.8738
2020-05-19,0.9152,1.53022,1.39385,0.81637,107.83,9.68009,9.97626,1.64593,0.9713,23.693,818.18,5.754,3832.0,3.425,1224.86,14819.0,75.7,31.92,50.68,1.41742,4.16031,320.46,25.14,18.32633,6.78228
2020-05-20,0.9105,1.51618,1.39024,0.8172,107.617,9.58207,9.89331,1.62684,0.9648,23.2,803.4,5.6929,3810.66,3.401,1226.52,14781.0,75.54,31.812,50.51,1.41356,4.1271,318.41,24.867,17.90344,6.78023
2020-05-21,0.9129,1.52274,1.39482,0.81813,107.603,9.61263,9.9354,1.63265,0.97061,22.87543,802.88,5.5502,3767.0,3.4078,1233.09,14782.0,75.601,31.833,50.61,1.4174,4.12025,317.85,24.728,17.58179,6.78406
2020-05-22,0.9169,1.53018,1.3994,0.82194,107.6,9.65729,9.99761,1.64093,0.9709,22.72752,807.93,5.5316,3771.53,3.4198,1240.58,14782.0,75.946,31.86,50.75,1.42462,4.1376,320.48,24.989,17.6558,6.8107
2020-05-24,,1.52933,,0.82067,,,,1.63977,,,,,,,,,,,,,,,,,
2020-05-25,0.9175,1.52849,1.39794,0.82048,107.723,9.67517,10.05639,1.63972,0.9716,22.545,804.18,5.4458,3766.03,3.4256,1240.49,14780.0,75.946,31.963,50.751,1.42466,4.1294,321.77,24.97,17.62398,6.80329
2020-05-26,0.9103,1.50423,1.37777,0.81083,107.497,9.61771,9.88607,1.61384,0.9655,22.2262,806.31,5.345,3730.18,3.4323,1230.14,14771.0,75.655,31.893,50.52,1.41651,4.04045,316.89,24.598,17.39423,6.7199
2020-05-27,0.9078,1.51149,1.37588,0.81546,107.76,9.59721,9.84935,1.61689,0.96804,22.3122,819.66,5.2728,3730.9,3.447,1237.9,14758.0,75.91,31.903,50.67,1.41938,4.0184,316.32,24.607,17.37409,6.7777
2020-05-28,0.9028,1.50898,1.37771,0.8118,107.677,9.52173,9.76693,1.61298,0.9645,22.21586,808.25,5.4042,3696.0,3.4348,1237.62,14764.0,75.741,31.85,50.53,1.41775,4.0183,315.51,24.383,17.49488,6.81398
2020-05-29,0.9001,1.49995,1.37624,0.80985,107.783,9.41462,9.7188,1.61121,0.96103,22.1679,798.4,5.3358,3726.0,3.4283,1231.46,14732.0,75.611,31.79,50.46,1.41112,4.00345,312.08,24.229,17.549,6.81206
2020-05-30,,1.50038,,,,,,,,,,,,,,,,,,,,,,,
2020-05-31,,1.5017,,0.8101,,,,1.6141,,,,,,,,,,,,,,,,,
2020-06-01,0.898,1.47223,1.35743,0.80085,107.554,9.36007,9.6166,1.59008,0.96078,22.04,792.25,5.3665,3716.0,3.4165,1222.6,14729.0,75.5,31.65,50.31,1.40726,3.9496,309.72,24.018,17.3634,6.8094
2020-06-02,0.8946,1.45111,1.35256,0.79694,108.616,9.32747,9.53494,1.57097,0.9618,21.78723,776.6,5.2009,3632.94,3.395,1219.6,14500.0,75.05,31.528,50.17,1.40026,3.9236,309.31,23.792,17.15517,6.70069
2020-06-03,0.8897,1.44425,1.3502,0.79538,108.979,9.28587,9.45296,1.55618,0.9612,21.71931,785.2,5.0616,3603.5,3.4012,1215.2,14240.0,75.457,31.557,49.85,1.3976,3.9211,307.01,23.674,16.91552,6.71943
2020-06-04,0.8831,1.44013,1.35133,0.79331,109.001,9.19529,9.35937,1.55012,0.9565,21.85891,771.79,5.092,3595.77,3.4245,1217.04,14160.0,75.43,31.55,49.906,1.39779,3.9178,304.43,23.5032,16.93283,6.76526
2020-06-05,0.8857,1.43513,1.34248,0.78945,109.584,9.17288,9.2996,1.53782,0.9624,21.5711,766.25,4.96,3568.0,3.4296,1202.0,14096.0,75.58,31.49,49.83,1.3932,3.92685,304.4,23.53,16.8595,6.7589
2020-06-06,,1.43616,,0.78945,,,,1.53704,,,,,,,,,,,,,,,,,
2020-06-07,,1.43145,,0.78766,,,,1.53414,,,,,,,,,,,,,,,,,
2020-06-08,0.8849,1.4243,1.3381,0.78536,108.53,9.20423,9.25673,1.52472,0.95779,21.491,766.83,4.8225,3604.74,3.4346,1195.63,13952.0,75.38,31.385,49.85,1.38801,3.91455,303.96,23.522,16.6635,6.77925
2020-06-09,0.8817,1.4372,1.3419,0.78571,107.819,9.19669,9.27172,1.53681,0.9506,21.8696,769.33,4.899,3653.5,3.4423,1197.79,13970.0,75.607,31.323,49.951,1.38922,3.9145,303.4,23.401,16.63023,6.79287
2020-06-10,0.8787,1.43184,1.3406,0.78477,106.92,9.18192,9.3051,1.53233,0.9428,21.8897,773.03,4.9737,3670.0,3.4245,1190.0,14079.0,75.67,31.113,49.96,1.38299,3.9107,302.21,23.327,16.5028,6.77084
2020-06-11,0.8849,1.46171,1.36299,0.79453,106.792,9.3239,9.6208,1.55763,0.9437,22.83496,792.1,4.9758,3766.8,3.4587,1205.24,14009.0,75.97,31.054,50.4,1.39345,3.95575,305.85,23.622,17.2037,6.83527
2020-06-12,0.8881,1.45569,1.35831,0.79758,107.342,9.32491,9.63452,1.55048,0.95188,22.208,791.67,5.0511,3773.75,3.4586,1205.26,14009.0,75.779,31.05,50.25,1.39242,3.94525,307.78,23.72,17.02982,6.81046
2020-06-14,,1.46314,,0.79927,,,,1.55671,,,,,,,,,,,,,,,,,
2020-06-15,0.8823,1.43924,1.35358,0.79209,107.42,9.26795,9.51716,1.54007,0.94868,22.1892,782.69,5.1557,3773.0,3.4586,1205.26,14009.0,75.779,30.959,50.23,1.38988,3.89645,305.32,23.505,17.096,6.82159
2020-06-16,0.8878,1.45245,1.35492,0.79576,107.367,9.37341,9.56832,1.55089,0.95124,22.32,783.6,5.244,3742.35,3.4697,1211.46,14155.0,76.42,31.14,50.15,1.39417,3.94895,306.65,23.585,17.2185,6.83402
2020-06-17,0.8889,1.45235,1.35648,0.79636,107.049,9.3208,9.51482,1.5489,0.9488,22.30915,800.61,5.2284,3745.75,3.4964,1214.86,14231.0,76.148,31.114,50.02,1.39309,3.96816,306.437,23.631,17.1659,6.83499
2020-06-18,0.8919,1.45858,1.35944,0.80465,106.925,9.4186,9.53134,1.55499,0.95131,22.712,816.96,5.3771,3745.48,3.5203,1211.93,14182.0,76.39,31.054,50.15,1.39366,3.96681,308.76,23.795,17.4571,6.85615
2020-06-19,0.8943,1.4637,1.3602,0.80985,106.86,9.4665,9.6329,1.56128,0.9523,22.632,816.39,5.3103,3743.25,3.5,1211.83,14240.0,76.184,31.0,50.05,1.3973,3.989,309.25,23.841,17.3355,6.85
2020-06-20,,1.46327,,0.80985,,,,1.56079,,,,,,,,,,,,,,,,,
2020-06-21,,1.46535,,0.80997,,,,1.56289,,,,,,,,,,,,,,,,,
2020-06-22,0.8868,1.44433,1.3512,0.80074,106.904,9.37067,9.5883,1.54112,0.94687,22.4485,819.18,5.2527,3743.25,3.5018,1208.86,14204.0,75.78,30.952,50.11,1.39157,3.94015,307.77,23.647,17.30967,6.84012
2020-06-23,0.8841,1.44321,1.355,0.79891,106.46,9.29031,9.515,1.53981,0.94474,22.4193,818.73,5.1522,3698.25,3.5018,1207.62,14200.0,75.643,30.892,50.03,1.39088,3.9291,308.7,23.5161,17.2139,6.84691
2020-06-24,0.8885,1.4573,1.3641,0.80552,107.049,9.36326,9.67189,1.56135,0.94804,22.784,818.62,5.3476,3727.62,3.5018,1205.76,14200.0,75.643,30.85,50.057,1.39309,3.95995,312.44,23.728,17.39613,6.85125
2020-06-25,0.8909,1.45169,1.3635,0.80509,107.162,9.31743,9.65188,1.55473,0.94802,22.664,808.7,5.359,3728.75,3.5027,1201.9,14228.0,75.528,30.868,49.98,1.39089,3.9632,315.42,23.776,17.13993,6.85256
2020-06-26,0.8912,1.45768,1.36885,0.81065,107.215,9.33255,9.72014,1.55732,0.9482,23.02042,821.02,5.484,3747.75,3.5277,1203.8,14234.0,75.608,30.935,49.96,1.39302,3.98295,316.56,23.816,17.23,6.85421
2020-06-28,,1.45826,,0.81036,,,,1.5586,,,,,,,,,,,,,,,,,
2020-06-29,0.8888,1.45501,1.3654,0.81242,107.56,9.3215,9.6651,1.55642,0.95099,23.05043,819.37,5.4034,3743.97,3.5265,1199.0,14365.0,75.498,30.846,49.7,1.39272,3.9577,316.63,23.801,17.2484,6.8515
2020-06-30,0.8897,1.44928,1.35735,0.80691,107.948,9.31513,9.6171,1.55019,0.94701,23.00979,822.26,5.4627,3754.75,3.5407,1198.92,14365.0,75.538,30.88,49.82,1.3934,3.9537,315.56,23.715,17.3488,6.8487
2020-07-01,0.8884,1.44586,1.35839,0.80154,107.449,9.30153,9.50787,1.54345,0.9458,22.66297,808.2,5.3172,3711.0,3.5277,1201.18,14342.0,75.438,31.006,49.81,1.39358,3.9712,313.47,23.635,17.0286,6.84425
2020-07-02,0.8892,1.44425,1.3563,0.80192,107.528,9.3109,9.52027,1.5361,0.9459,22.443,800.61,5.3596,3642.74,3.5207,1198.76,14365.0,74.738,31.079,49.72,1.39452,3.96905,312.53,23.638,16.9629,6.8512
2020-07-03,0.8887,1.44155,1.35457,0.80125,107.483,9.2995,9.4643,1.53093,0.9448,22.3726,802.13,5.3143,3644.05,3.5387,1198.93,14563.0,74.632,31.1,49.53,1.39368,3.96345,313.98,23.682,16.9994,6.85712
2020-07-04,,1.44071,,0.80115,,,,,,,,,,,,,,,,,,,,,
2020-07-05,,1.44017,,0.80182,,,,1.52978,,,,,,,,,,,,,,,,,
2020-07-06,0.8838,1.43375,1.35392,0.8006,107.367,9.24376,9.38622,1.52574,0.94202,22.329,798.2,5.3542,3625.01,3.5438,1191.9,14544.0,74.628,31.048,49.34,1.39196,3.94653,311.38,23.575,16.97258,6.8592
2020-07-07,0.8866,1.43989,1.36055,0.79738,107.548,9.25646,9.49272,1.52746,0.94241,22.798,789.12,5.379,3623.1,3.5367,1196.21,14365.0,74.803,31.191,49.53,1.39515,3.9661,314.11,23.694,17.15873,6.85538
2020-07-08,0.8822,1.43287,1.35191,0.79315,107.28,9.1776,9.375,1.52184,0.93831,22.68458,786.58,5.3422,3638.35,3.5198,1191.9,14456.0,74.938,31.21,49.5,1.39142,3.9438,312.92,23.494,16.9359,6.8533
2020-07-09,0.8857,1.43697,1.35845,0.79339,107.197,9.23565,9.46496,1.52276,0.94022,22.6289,787.88,5.3386,3620.7,3.4998,1196.4,14365.0,75.138,31.203,49.38,1.392,3.95673,312.62,23.5895,16.8348,6.8607
2020-07-10,0.8848,1.43959,1.35965,0.79239,106.912,9.19794,9.436,1.52198,0.9408,22.4135,791.93,5.3238,3607.0,3.5018,1200.42,14498.0,75.188,31.318,49.45,1.39063,3.95205,312.32,23.59,16.7665,6.8615
2020-07-11,,1.4403,,0.79246,,,,,,,,,,,,,,,,,,,,,
2020-07-12,,1.43746,,0.79145,,,,1.52029,,,,,,,,,,,,,,,,,
2020-07-13,0.8809,1.44061,1.3605,0.79643,107.29,9.1882,9.446,1.52907,0.94178,22.71,789.26,5.4029,3617.6,3.4968,1203.32,14365.0,75.185,31.38,49.44,1.39014,3.95725,313.23,23.4965,16.8226,6.85616
2020-07-14,0.8762,1.4315,1.35999,0.79551,107.26,9.08543,9.3612,1.52886,0.9395,22.375,786.08,5.3674,3621.5,3.4978,1204.38,14511.0,75.375,31.482,49.467,1.39032,3.9179,311.24,23.351,16.7025,6.86475
2020-07-15,0.876,1.42796,1.3507,0.79436,106.91,9.07,9.27554,1.52107,0.94445,22.33155,781.0,5.3698,3621.3,3.4938,1201.09,14612.0,75.118,31.55,49.44,1.38931,3.9195,309.46,23.3539,16.57396,6.85679
2020-07-16,0.8781,1.43449,1.3578,0.79656,107.31,9.08675,9.29745,1.52973,0.94547,22.408,789.21,5.3311,3635.23,3.5038,1204.8,14630.0,75.168,31.695,49.53,1.3921,3.93696,310.95,23.423,16.7449,6.85778
2020-07-17,0.8749,1.42957,1.35825,0.79575,107.013,9.02935,9.28826,1.52558,0.93868,22.5351,787.2,5.3842,3643.45,3.5167,1203.44,14775.0,74.882,31.673,49.37,1.38995,3.91665,308.95,23.296,16.6788,6.8571
2020-07-19,,1.42892,,0.7958,,,,1.52523,,,,,,,,,,,,,,,,,
2020-07-20,0.8733,1.42507,1.35306,0.79008,107.245,8.97523,9.22162,1.52094,0.9391,22.50486,785.28,5.3288,3650.75,3.5025,1200.21,14825.0,74.738,31.776,49.336,1.38874,3.89225,307.65,23.2377,16.62264,6.85441
2020-07-21,0.8668,1.4016,1.3448,0.78563,106.869,8.86773,9.09552,1.50516,0.9324,22.306,771.18,5.1704,3620.9,3.492,1193.37,14825.0,74.528,31.492,49.31,1.38228,3.84242,303.81,22.8167,16.4014,6.82673
2020-07-22,0.864,1.40095,1.3413,0.78527,107.16,8.8691,9.15332,1.50173,0.92946,22.36647,766.79,5.1191,3635.0,3.506,1197.2,14650.0,74.598,31.61,49.34,1.38506,3.8168,300.6,22.764,16.449,6.843
2020-07-23,0.8617,1.40631,1.3393,0.78487,106.83,8.85353,9.2104,1.50632,0.92507,22.47181,770.01,5.2114,3666.7,3.5178,1201.15,14665.0,74.808,31.665,49.427,1.3854,3.7981,298.47,22.661,16.6236,6.8403
2020-07-24,0.8582,1.40766,1.3407,0.78192,106.122,8.82373,9.15381,1.50602,0.9204,22.259,773.63,5.2329,3692.0,3.5325,1201.5,14609.0,74.748,31.6,49.31,1.3822,3.7766,296.57,22.494,16.6705,6.8446
2020-07-26,,1.40956,,0.78173,,,,1.50632,,,,,,,,,,,,,,,,,
2020-07-27,0.8498,1.39704,1.3342,0.77573,105.32,8.7215,9.0799,1.4947,0.9196,21.926,767.95,5.1445,3673.5,3.514,1195.31,14604.0,74.788,31.462,49.12,1.37801,3.7315,294.15,22.238,16.4036,6.86932
2020-07-28,0.853,1.39747,1.3381,0.7736,105.07,8.77335,9.11257,1.50263,0.9176,21.94183,765.21,5.1533,3722.9,3.514,1198.85,14540.0,74.905,31.475,49.18,1.37902,3.76365,295.96,22.404,16.5223,6.93236
2020-07-29,0.8479,1.39134,1.3336,0.76976,104.96,8.72033,9.02447,1.50033,0.912,21.9756,757.01,5.17,3703.9,3.4977,1189.79,14566.0,74.921,31.41,49.059,1.3735,3.7345,292.68,22.189,16.5394,6.97058
2020-07-30,0.8438,1.38955,1.34191,0.76359,104.72,8.69409,9.06827,1.49358,0.90912,22.02025,760.9,5.155,3719.1,3.513,1189.24,14650.0,74.873,31.318,49.14,1.37196,3.7192,291.12,22.1174,16.7444,6.97591
2020-07-31,0.8492,1.40033,1.3413,0.7644,105.922,8.77841,9.09387,1.509,0.91378,22.27,756.43,5.2215,3731.33,3.5317,1193.0,14648.0,74.914,31.24,49.14,1.37432,3.744,291.94,22.267,17.0088,6.97
2020-08-02,,1.39944,,0.7634,,,,1.50641,,,,,,,,,,,,,,,,,
2020-08-03,0.8501,1.40552,1.33952,0.76479,106.015,8.74793,9.12662,1.51309,0.91753,22.6392,757.21,5.3202,3767.35,3.5408,1192.24,14709.0,75.178,31.2,49.09,1.37675,3.7498,292.74,22.3234,17.18293,6.96232
2020-08-04,0.847,1.39684,1.33133,0.76511,105.77,8.71788,9.0898,1.5067,0.91358,22.645,771.19,5.29,3779.25,3.5508,1192.8,14709.0,75.058,31.02,49.09,1.37297,3.72605,293.42,22.132,17.3663,6.92659
2020-08-05,0.842,1.38918,1.3261,0.76191,105.6,8.6589,8.94352,1.50383,0.90798,22.3486,776.96,5.2902,3772.75,3.5436,1185.68,14620.0,74.796,30.994,49.07,1.36892,3.70615,290.35,21.957,17.312,7.04799
2020-08-06,0.8411,1.38253,1.33078,0.7609,105.507,8.68183,8.96192,1.49582,0.90959,22.381,772.2,5.331,3741.0,3.5415,1183.75,14584.0,74.89,31.057,49.07,1.36872,3.71695,291.09,22.123,17.4176,7.21654
2020-08-07,0.8483,1.39723,1.3383,0.76623,105.872,8.74575,9.0339,1.51674,0.9119,22.387,787.45,5.4384,3740.25,3.5516,1188.68,14645.0,74.97,31.22,49.07,1.3724,3.74365,293.52,22.279,17.6317,7.2911
2020-08-08,,1.39743,,,,,,,,,,,,,,,,,,,,,,,
2020-08-09,,1.3988,,0.76667,,,,1.51715,,,,,,,,,,,,,,,,,
2020-08-10,0.8514,1.39866,1.33598,0.76492,105.95,8.75788,9.03522,1.51775,0.91533,22.476,805.33,5.4813,3774.9,3.5516,1185.73,14645.0,74.91,31.091,49.06,1.37343,3.74515,293.53,22.2916,17.6889,7.32995
2020-08-11,0.8512,1.39899,1.33,0.76581,106.472,8.75453,8.9992,1.52207,0.9166,22.4096,794.11,5.38,3740.24,3.5595,1185.67,14724.0,74.6,31.112,48.94,1.37245,3.75136,293.41,22.2659,17.4885,7.20666
2020-08-12,0.8478,1.39567,1.3244,0.76714,106.877,8.68537,8.9359,1.52036,0.9121,22.358,791.75,5.4357,3755.55,3.5656,1183.22,14774.0,74.727,31.042,48.93,1.37171,3.73366,292.7,22.145,17.4349,7.32844
2020-08-13,0.846,1.39844,1.32224,0.76513,106.96,8.68313,8.8799,1.52721,0.90959,22.155,792.9,5.368,3769.25,3.5693,1184.97,14874.0,74.806,31.024,48.86,1.37275,3.72345,292.09,22.098,17.41967,7.34382
2020-08-14,0.8446,1.39437,1.3266,0.76429,106.565,8.68673,8.88357,1.5284,0.90908,21.974,796.58,5.4227,3790.25,3.5702,1186.94,14915.0,74.853,31.12,48.7,1.37067,3.71065,292.52,22.017,17.3676,7.3664
2020-08-16,,1.39412,,0.76363,,,,1.52919,,,,,,,,,,,,,,,,,
2020-08-17,0.8417,1.38671,1.32249,0.76323,106.031,8.68153,8.84212,1.52649,0.90659,22.1515,806.83,5.509,3789.0,3.5772,1183.9,14913.0,74.73,31.142,48.61,1.36793,3.6965,293.8,21.983,17.4888,7.37185
2020-08-18,0.8373,1.38011,1.3159,0.75506,105.348,8.63353,8.8297,1.51419,0.90305,22.127,794.18,5.4666,3782.0,3.5653,1182.69,14905.0,74.623,31.122,48.53,1.36392,3.66546,291.92,21.849,17.3205,7.3689
2020-08-19,0.8435,1.39101,1.32075,0.76238,105.973,8.6892,8.90166,1.52432,0.91423,22.136,783.88,5.5575,3754.5,3.5613,1181.7,14781.0,74.846,31.27,48.64,1.3695,3.71165,293.98,21.998,17.2492,7.27916
2020-08-20,0.8425,1.38918,1.31799,0.75649,105.741,8.70006,8.90861,1.53069,0.90729,22.07,785.81,5.56,3801.25,3.5762,1184.86,14782.0,75.012,31.365,48.6,1.3666,3.69177,293.59,21.9297,17.25379,7.29752
2020-08-21,0.8474,1.39684,1.31895,0.76395,105.812,8.79935,9.0093,1.52844,0.91173,21.9783,792.66,5.6173,3833.25,3.5824,1191.55,14783.0,74.92,31.58,48.63,1.3716,3.74125,297.43,22.054,17.1452,7.3315
2020-08-23,,1.39505,,0.76348,,,,1.5284,,,,,,,,,,,,,,,,,
2020-08-24,0.8474,1.39548,1.32183,0.76523,105.96,8.78536,8.99667,1.53231,0.9116,21.985,785.51,5.6107,3853.75,3.5844,1188.54,14790.0,74.169,31.485,48.48,1.37011,3.7221,298.24,22.1031,16.9587,7.37535
2020-08-25,0.8448,1.39063,1.317,0.76067,106.355,8.75162,8.951,1.52812,0.90789,21.904,786.67,5.5087,3865.4,3.5854,1187.3,14630.0,74.201,31.419,48.54,1.36794,3.71425,297.91,22.0918,16.8374,7.39638
2020-08-26,0.8445,1.38198,1.3142,0.75655,105.87,8.70951,8.86858,1.50932,0.90758,21.9348,784.51,5.6057,3838.1,3.5693,1184.45,14631.0,74.219,31.25,48.6,1.36536,3.7253,300.44,22.1765,16.8655,7.36084
2020-08-27,0.8458,1.37796,1.31272,0.7578,106.61,8.72371,8.90779,1.50625,0.9093,22.1448,784.31,5.5698,3814.93,3.5622,1187.54,14710.0,73.895,31.289,48.57,1.366,3.7287,301.138,22.224,17.0505,7.34135
2020-08-28,0.8396,1.35759,1.3091,0.74912,105.326,8.61608,8.7931,1.48324,0.90381,21.752,779.33,5.385,3744.0,3.5322,1180.48,14700.0,73.116,31.09,48.36,1.3578,3.68395,297.27,21.919,16.5827,7.3329
2020-08-30,,1.358,,0.74937,,,,1.48491,,,,,,,,,,,,,,,,,
2020-08-31,0.8375,1.35575,1.3042,0.74826,105.88,8.64913,8.72954,1.48513,0.90377,21.93,776.21,5.492,3738.95,3.5412,1187.68,14550.0,73.254,31.044,48.48,1.36041,3.6816,297.35,21.9923,16.9339,7.34893
2020-09-01,0.8388,1.3563,1.306,0.74672,105.934,8.67473,8.75118,1.47936,0.90946,21.753,771.13,5.3984,3677.75,3.5262,1185.05,14610.0,73.002,31.153,48.6,1.36066,3.68085,298.48,22.016,16.6429,7.3605
2020-09-02,0.8433,1.36327,1.30461,0.74892,106.2,8.71526,8.84186,1.47798,0.91098,21.76,771.18,5.3403,3656.75,3.5342,1189.03,14800.0,73.269,31.33,48.55,1.3626,3.72023,301.98,22.1997,16.8006,7.36975
2020-09-03,0.8439,1.37648,1.31322,0.75352,106.16,8.7365,8.92358,1.49278,0.90977,21.704,775.45,5.2908,3689.48,3.5494,1191.64,14815.0,73.4,31.388,48.64,1.36507,3.73958,302.57,22.265,16.7436,7.4334
2020-09-04,0.8444,1.37287,1.30579,0.75325,106.232,8.74115,8.9126,1.48827,0.9133,21.55467,771.31,5.3012,3713.38,3.5254,1187.3,14788.0,73.289,31.36,48.56,1.36458,3.75965,304.01,22.335,16.6178,7.4402
2020-09-06,,1.37359,,0.75466,,,,1.48998,,,,,,,,,,,,,,,,,
2020-09-07,0.8461,1.37393,1.3092,0.75953,106.3,8.76544,8.9315,1.49392,0.9163,21.601,774.76,5.3012,3710.0,3.5355,1187.16,14788.0,73.436,31.342,48.62,1.36632,3.75,304.43,22.387,16.72723,7.4516
2020-09-08,0.8496,1.38812,1.3241,0.77144,105.985,8.83173,9.15282,1.5135,0.91821,21.827,772.44,5.3615,3729.91,3.5405,1190.03,14793.0,73.74,31.385,48.63,1.37138,3.7796,303.52,22.5137,16.9644,7.4808
2020-09-09,0.8466,1.37334,1.31461,0.76879,106.193,8.73792,9.00803,1.49627,0.91202,21.37214,765.98,5.3092,3712.28,3.5365,1184.74,14850.0,73.3,31.25,48.6,1.36668,3.75795,302.26,22.421,16.6044,7.4678
2020-09-10,0.8456,1.37838,1.31916,0.78128,106.1,8.76201,9.05537,1.50521,0.90983,21.43649,772.6,5.3215,3708.48,3.5435,1188.09,14867.0,73.56,31.249,48.58,1.36963,3.76263,302.43,22.473,16.89,7.44128
2020-09-11,0.8439,1.37342,1.31819,0.78147,106.14,8.7667,9.0307,1.50017,0.9088,21.27807,769.77,5.3194,3703.88,3.5714,1187.89,14975.0,73.47,31.27,48.54,1.36812,3.75058,301.53,22.417,16.7355,7.47453
2020-09-13,,1.37387,,0.78149,,,,1.50087,,,,,,,,,,,,,,,,,
2020-09-14,0.8425,1.37174,1.31749,0.7784,105.7,8.76398,9.0273,1.49254,0.90786,21.08378,765.0,5.2695,3687.3,3.5594,1181.17,14860.0,73.39,31.29,48.42,1.36357,3.74595,300.97,22.4288,16.6419,7.47225
2020-09-15,0.8435,1.37014,1.31828,0.77581,105.419,8.78617,9.03252,1.49047,0.90805,21.13478,763.06,5.2758,3698.23,3.5465,1179.8,14867.0,73.6,31.183,48.38,1.36043,3.75653,301.89,22.568,16.4208,7.4888
2020-09-16,0.8462,1.36973,1.31731,0.77121,104.942,8.79035,9.01591,1.48591,0.9095,20.93811,760.2,5.2377,3685.0,3.5254,1172.94,14841.0,73.48,31.08,48.38,1.35799,3.76348,303.762,22.587,16.276,7.487
2020-09-17,0.8439,1.36833,1.3159,0.77095,104.748,8.76583,9.0437,1.48247,0.9081,20.87346,760.98,5.2394,3713.24,3.5215,1169.24,14875.0,73.6,31.18,48.44,1.35709,3.75673,304.1,22.534,16.16363,7.54103
2020-09-18,0.8446,1.3728,1.3204,0.77435,104.532,8.75401,9.0854,1.47973,0.91068,21.13,763.19,5.3876,3728.88,3.5224,1164.82,14765.0,73.538,31.07,48.46,1.3594,3.76272,304.17,22.564,16.3175,7.5563
2020-09-19,,1.37193,,0.77423,,,,,,,,,,,,,,,,,,,,,
2020-09-20,,1.37058,,0.77355,,,,1.47901,,,,,,,,,,,,,,,,,
2020-09-21,0.8494,1.38462,1.3307,0.78056,104.656,8.84575,9.2751,1.50083,0.91444,21.331,774.28,5.4144,3787.0,3.549,1163.73,14720.0,73.57,31.31,48.41,1.3618,3.81491,307.56,23.032,16.7855,7.6247
2020-09-22,0.8538,1.39528,1.3302,0.78536,104.921,8.90805,9.33998,1.50877,0.9196,21.67407,777.0,5.4714,3825.65,3.5526,1163.24,14780.0,73.51,31.38,48.48,1.36488,3.827,309.74,22.973,16.7893,7.66565
2020-09-23,0.8573,1.41393,1.338,0.78607,105.34,9.01444,9.46555,1.52621,0.92329,22.33253,782.48,5.5931,3860.18,3.5526,1170.59,14780.0,73.57,31.56,48.58,1.37232,3.86583,312.93,23.064,17.11589,7.69683
2020-09-24,0.8565,1.41979,1.33537,0.78454,105.395,9.09104,9.4975,1.5287,0.92559,22.12238,783.1,5.5088,3825.0,3.5526,1168.88,14780.0,73.897,31.458,48.49,1.37578,3.89323,310.64,23.201,16.935,7.61258
2020-09-25,0.8592,1.42328,1.3384,0.78462,105.559,9.12078,9.5695,1.52859,0.92757,22.3357,787.86,5.5507,3885.0,3.586,1174.32,14948.0,73.707,31.62,48.47,1.3771,3.9084,312.16,23.285,17.1186,7.664
2020-09-26,,1.42288,,0.78499,,,,,,,,,,,,,,,,,,,,,
2020-09-27,,1.42217,,0.78375,,,,1.52779,,,,,,,,,,,,,,,,,
2020-09-28,0.8571,1.41411,1.33676,0.77913,105.501,9.04397,9.46844,1.52725,0.92433,22.41007,784.43,5.6612,3871.25,3.5883,1167.28,14955.0,73.76,31.65,48.44,1.37168,3.92387,313.52,23.293,17.049,7.7854
2020-09-29,0.8514,1.40298,1.3387,0.77767,105.64,8.95719,9.4117,1.51883,0.91998,22.412,784.18,5.6342,3885.2,3.5974,1168.18,14916.0,73.778,31.608,48.36,1.3684,3.85002,310.95,23.105,16.9194,7.80592
2020-09-30,0.8527,1.39665,1.33178,0.77405,105.426,8.94187,9.31766,1.51217,0.92018,22.07917,784.77,5.6256,3825.25,3.6013,1164.25,14912.0,73.54,31.6,48.47,1.36425,3.85822,309.576,23.044,16.702,7.69792
2020-10-01,0.8509,1.39198,1.328,0.77628,105.532,8.91292,9.29119,1.50412,0.9181,21.80774,786.28,5.6423,3843.25,3.6053,1162.9,14873.0,73.192,31.55,48.45,1.36239,3.80866,305.23,22.839,16.6035,7.72288
2020-10-02,0.8532,1.39614,1.33045,0.77298,105.325,8.92155,9.31063,1.50704,0.92049,21.60971,789.27,5.6802,3869.75,3.6173,1166.26,14885.0,73.346,31.555,48.48,1.36317,3.84125,306.03,23.134,16.5424,7.7534
2020-10-03,,,,0.77333,,,,,,,,,,,,,,,,,,,,,
2020-10-04,,1.39614,,0.77432,,,,1.50716,,,,,,,,,,,,,,,,,
2020-10-05,0.8485,1.39316,1.32617,0.77078,105.71,8.88983,9.21036,1.50627,0.91512,21.34783,798.41,5.5642,3827.84,3.588,1156.75,14780.0,73.08,31.216,48.41,1.3603,3.8117,306.15,22.955,16.5575,7.7618
2020-10-06,0.8519,1.40845,1.33125,0.77679,105.615,8.9671,9.3529,1.51883,0.9181,21.71168,798.63,5.5992,3831.25,3.5823,1164.45,14710.0,73.399,31.258,48.51,1.3627,3.8185,307.31,23.0089,16.72433,7.80078
2020-10-07,0.8498,1.40123,1.326,0.77469,105.97,8.8725,9.29539,1.52043,0.91647,21.46298,794.53,5.6122,3842.45,3.5684,1157.34,14780.0,73.345,31.23,48.46,1.35912,3.80483,304.94,22.993,16.6214,7.88003
2020-10-08,0.8501,1.39532,1.3199,0.7735,106.009,8.85643,9.24554,1.51906,0.91706,21.37,798.35,5.5946,3837.75,3.5794,1151.18,14745.0,73.325,31.19,48.43,1.35799,3.8116,303.78,23.123,16.58233,7.93898
2020-10-09,0.8453,1.3816,1.3117,0.76652,105.59,8.78485,9.1359,1.49912,0.9094,21.137,794.2,5.5316,3823.5,3.5761,1143.52,14675.0,73.01,30.97,48.36,1.3527,3.775,301.03,22.824,16.4573,7.8565
2020-10-10,,1.38045,,,,,,,,,,,,,,,,,,,,,,,
2020-10-11,,1.3838,,0.7677,,,,1.50356,,,,,,,,,,,,,,,,,
2020-10-12,0.846,1.38735,1.311,0.76558,105.3,8.79091,9.13442,1.5043,0.9092,21.1814,794.2,5.5297,3823.5,3.5853,1147.95,14742.0,73.358,31.15,48.58,1.35669,3.7695,302.53,22.985,16.50626,7.885
2020-10-13,0.8511,1.39714,1.31362,0.77322,105.478,8.82195,9.23642,1.50412,0.9146,21.3395,798.7,5.5759,3860.0,3.5833,1148.41,14790.0,73.454,31.235,48.691,1.35954,3.8226,307.95,23.263,16.4625,7.92438
2020-10-14,0.8507,1.39552,1.31413,0.76857,105.098,8.81179,9.23542,1.50146,0.9128,21.3007,798.63,5.593,3837.0,3.5875,1147.22,14775.0,73.24,31.13,48.6,1.35693,3.83573,309.19,23.172,16.528,7.9058
2020-10-15,0.8536,1.4105,1.3217,0.77489,105.41,8.86357,9.34165,1.51552,0.91422,21.265,803.95,5.6106,3848.25,3.5802,1145.19,14755.0,73.42,31.21,48.64,1.35992,3.8819,311.23,23.321,16.6477,7.93235
2020-10-16,0.8527,1.41329,1.31951,0.77441,105.394,8.8382,9.3768,1.51444,0.91488,21.14422,793.3,5.6468,3846.1,3.582,1142.13,14763.0,73.43,31.18,48.66,1.35839,3.87965,310.85,23.28,16.5468,7.93125
2020-10-18,,1.41361,,0.77487,,,,1.51433,,,,,,,,,,,,,,,,,
2020-10-19,0.8495,1.41623,1.3187,0.77282,105.423,8.82305,9.33682,1.5149,0.90997,21.20275,787.38,5.6081,3842.75,3.588,1140.08,14737.0,73.35,31.2,48.54,1.35751,3.8841,309.97,23.114,16.50773,7.879
2020-10-20,0.8455,1.41904,1.3128,0.77276,105.46,8.73943,9.2752,1.52068,0.90652,21.09918,785.79,5.6053,3823.0,3.5913,1138.83,14725.0,73.44,31.23,48.51,1.35648,3.8555,306.78,22.932,16.49035,7.8581
2020-10-21,0.8428,1.40615,1.3141,0.761,104.539,8.71686,9.20669,1.50349,0.9047,21.099,782.83,5.6081,3759.39,3.5963,1132.57,14654.0,73.65,31.195,48.473,1.35355,3.85132,306.37,22.9394,16.31072,7.80783
2020-10-22,0.8457,1.406,1.31329,0.76455,104.851,8.76025,9.24188,1.50015,0.90703,20.96501,778.48,5.5926,3782.0,3.6012,1134.82,14695.0,73.66,31.305,48.56,1.35666,3.86697,308.19,22.98,16.2035,7.93755
2020-10-23,0.8426,1.40154,1.3132,0.76687,104.69,8.7374,9.2189,1.49519,0.9035,20.874,775.5,5.6175,3787.5,3.5963,1127.92,14735.0,73.87,31.31,48.4,1.35712,3.8489,307.74,22.922,16.186,7.961
2020-10-24,,1.40115,,0.76699,,,,,,,,,,,,,,,,,,,,,
2020-10-25,,1.40133,,0.76655,,,,1.49571,,,,,,,,,,,,,,,,,
2020-10-26,0.8465,1.40503,1.3204,0.76831,104.839,8.74114,9.23264,1.49864,0.90759,20.91218,775.03,5.6216,3812.85,3.6033,1132.09,14695.0,73.917,31.27,48.36,1.36095,3.8756,308.65,23.067,16.2051,8.09058
2020-10-27,0.8481,1.4039,1.31842,0.76685,104.475,8.72573,9.18606,1.49127,0.909,20.9991,772.75,5.7055,3807.6,3.6062,1129.42,14620.0,73.82,31.183,48.38,1.36047,3.8864,309.54,23.1488,16.1729,8.19251
2020-10-28,0.8511,1.41925,1.3319,0.7702,104.31,8.84219,9.35561,1.50532,0.9104,21.28,773.32,5.7315,3828.5,3.6112,1135.24,14688.0,74.17,31.25,48.44,1.3649,3.9403,313.47,23.296,16.37482,8.2737
2020-10-29,0.8563,1.42256,1.33187,0.77369,104.592,8.91823,9.5358,1.50868,0.91543,21.335,771.63,5.7761,3859.75,3.6102,1130.2,14686.0,74.39,31.22,48.351,1.36699,3.9586,315.2,23.413,16.3867,8.2984
2020-10-30,0.8584,1.42306,1.33247,0.77222,104.662,8.88542,9.5337,1.51242,0.91666,21.18266,773.05,5.7428,3888.0,3.613,1136.49,14685.0,74.54,31.14,48.53,1.36604,3.95305,314.34,23.366,16.2438,8.344
2020-10-31,,1.42328,,,,,,,,,,,,,,,,,,,,,,,
2020-11-01,,1.42375,,0.77399,,,,1.51339,,,,,,,,,,,,,,,,,
2020-11-02,0.8588,1.41784,1.32159,0.77433,104.694,8.90123,9.55105,1.50841,0.91883,21.3766,767.4,5.7781,3863.1,3.6142,1132.95,14715.0,74.507,31.1,48.39,1.36462,3.95245,314.74,23.257,16.2036,8.4191
2020-11-03,0.853,1.3962,1.31408,0.76588,104.471,8.82703,9.36598,1.49289,0.91202,21.08927,759.05,5.7418,3817.5,3.5903,1131.32,14605.0,74.601,31.026,48.32,1.35958,3.8726,309.7,22.882,16.052,8.3999
2020-11-04,0.8561,1.41167,1.32476,0.77332,104.96,8.87181,9.4613,1.50657,0.91449,21.62561,753.7,5.6528,3813.57,3.5994,1142.96,14554.0,74.715,31.14,48.377,1.36547,3.89989,311.9,23.045,16.2885,8.49139
2020-11-05,0.8451,1.3734,1.30429,0.76072,103.445,8.67955,9.16785,1.47745,0.90359,20.68568,755.73,5.524,3751.75,3.5933,1122.88,14435.0,73.926,30.75,48.28,1.34932,3.82353,303.08,22.508,15.6826,8.41258
2020-11-06,0.8419,1.37821,1.30592,0.76058,103.361,8.63905,9.15023,1.47667,0.89878,20.56778,751.12,5.3646,3720.75,3.5896,1121.4,14318.0,73.97,30.59,48.17,1.34815,3.7905,301.92,22.356,15.58524,8.50284
2020-11-07,,1.37764,,,,,,1.47667,,,,,,,,,,,,,,,,,
2020-11-08,,1.37419,,0.75994,,,,1.47754,,,,,,,,,,,,,,,,,
2020-11-09,0.8463,1.3737,1.30065,0.75973,105.356,8.62688,9.04057,1.46664,0.91275,20.329,757.18,5.3857,3647.08,3.5803,1119.02,14050.0,73.95,30.573,48.27,1.34684,3.7959,303.72,22.374,15.36476,8.0635
2020-11-10,0.8461,1.3734,1.30299,0.75357,105.282,8.61624,9.00748,1.4643,0.91494,20.29,754.23,5.4145,3627.75,3.6223,1117.05,14012.0,74.28,30.325,48.29,1.3477,3.8032,300.89,22.34,15.6075,8.1599
2020-11-11,0.8455,1.36795,1.30325,0.75397,105.181,8.60305,8.98046,1.45117,0.91466,20.2798,754.23,5.413,3627.75,3.6224,1110.8,14087.182,74.215,30.27,48.285,1.34646,3.80615,300.588,22.325,15.5534,8.18727
2020-11-12,0.8468,1.38309,1.31399,0.76252,105.128,8.64998,9.17218,1.46289,0.9142,20.60198,760.75,5.4533,3641.55,3.6394,1114.84,14185.0,74.63,30.213,48.46,1.34903,3.80283,300.55,22.412,15.6456,7.67365
2020-11-13,0.8448,1.37646,1.3134,0.75771,104.63,8.68835,9.1624,1.46062,0.91249,20.389,766.8,5.4551,3640.9,3.6403,1107.62,14219.0,74.563,30.14,48.17,1.34698,3.7851,301.98,22.309,15.498,7.6403
2020-11-14,,1.37589,,0.75771,,,,1.46113,,,,,,,,,,,,,,,,,
2020-11-15,,1.37635,,0.75872,,,,1.46094,,,,,,,,,,,,,,,,,
2020-11-16,0.8434,1.36618,1.3074,0.75778,104.568,8.61443,9.04917,1.44875,0.91232,20.25298,766.1,5.4339,3635.65,3.6622,1107.04,14135.0,74.37,30.2,48.17,1.34521,3.77,302.6,22.282,15.31222,7.697
2020-11-17,0.8428,1.36999,1.3102,0.75501,104.184,8.6223,9.0598,1.45113,0.91117,20.24086,762.98,5.328,3642.5,3.6013,1105.14,14070.0,74.47,30.15,48.27,1.3426,3.7809,304.52,22.309,15.38452,7.6962
2020-11-18,0.8434,1.36928,1.30776,0.75364,103.827,8.60121,9.0131,1.44454,0.91094,20.3057,758.08,5.3629,3641.5,3.5692,1106.03,14115.0,74.11,30.305,48.24,1.34191,3.7664,303.97,22.218,15.44576,7.7016
2020-11-19,0.8419,1.37312,1.3068,0.75417,103.735,8.59083,8.99611,1.44555,0.91036,20.177,758.93,5.3065,3647.95,3.5752,1113.59,14165.0,74.1,30.35,48.32,1.3444,3.7586,302.69,22.177,15.4065,7.5503
2020-11-20,0.8433,1.36979,1.30929,0.75327,103.813,8.61065,9.0073,1.44277,0.91082,20.096,763.93,5.3781,3630.95,3.5943,1114.93,14225.0,74.116,30.29,48.23,1.34301,3.76805,303.57,22.207,15.4079,7.6323
2020-11-21,,1.36949,,0.7529,,,,1.44363,,,,,,,,,,,,,,,,,
2020-11-22,,1.36971,,0.75226,,,,1.44394,,,,,,,,,,,,,,,,,
2020-11-23,0.844,1.3725,1.308,0.7505,104.48,8.62485,9.02652,1.44475,0.91222,20.158,773.74,5.4385,3645.55,3.6026,1113.01,14160.0,74.25,30.353,48.26,1.34359,3.7738,304.36,22.172,15.414,7.87878
2020-11-24,0.8406,1.35888,1.2996,0.74859,104.426,8.54371,8.89449,1.4341,0.91106,19.998,773.6,5.3774,3634.0,3.6076,1109.64,14193.0,74.083,30.33,48.14,1.34235,3.7491,303.08,21.968,15.1924,7.9975
2020-11-25,0.8389,1.35847,1.3003,0.74733,104.443,8.49061,8.81951,1.42767,0.9081,19.94,764.6,5.3125,3615.7,3.6026,1106.21,14165.0,73.768,30.29,48.03,1.34035,3.7438,302.77,21.931,15.1268,7.9296
2020-11-26,0.8391,1.35875,1.30146,0.74883,104.26,8.52153,8.86824,1.42837,0.90591,20.027,765.1,5.3166,3615.7,3.6016,1105.57,14125.0,73.827,30.28,48.1,1.33878,3.7539,302.6,21.904,15.1809,7.8693
2020-11-27,0.8353,1.3543,1.2988,0.75143,104.085,8.49085,8.82494,1.42468,0.90443,20.0223,768.15,5.3267,3604.9,3.6016,1104.43,14140.0,73.92,30.3,48.11,1.33765,3.74795,302.11,21.857,15.2583,7.8332
2020-11-28,,1.35501,,0.75137,,,,1.42389,,,,,,,,,,,,,,,,,
2020-11-29,,1.35435,,0.7502,,,,1.4227,,,,,,,,,,,,,,,,,
2020-11-30,0.8385,1.36244,1.29967,0.75068,104.299,8.57195,8.8975,1.42562,0.90867,20.166,763.19,5.3311,3594.25,3.6054,1109.15,14125.0,73.99,30.28,48.12,1.34152,3.7528,300.49,21.996,15.4695,7.81925
2020-12-01,0.8282,1.35716,1.2934,0.74536,104.285,8.47429,8.79312,1.41625,0.89956,20.02,759.68,5.2208,3546.5,3.6083,1105.73,14175.0,73.68,30.255,48.05,1.33739,3.6813,295.18,21.753,15.2418,7.8248
2020-12-02,0.8249,1.34869,1.29163,0.74828,104.4,8.46463,8.79868,1.41517,0.89456,19.95898,755.7,5.2175,3520.02,3.6084,1100.01,14160.0,73.8,30.2,48.04,1.33742,3.69223,296.17,21.74,15.318,7.84393
2020-12-03,0.8227,1.34445,1.28597,0.7436,103.84,8.43871,8.7524,1.41343,0.89059,19.88904,750.36,5.1311,3466.5,3.5831,1092.08,14175.0,73.809,30.188,47.98,1.33376,3.6755,293.7,21.734,15.1604,7.76603
2020-12-04,0.8247,1.34718,1.2781,0.74421,104.131,8.45505,8.8006,1.42064,0.89153,19.77327,743.53,5.1555,3464.0,3.5863,1084.27,14180.0,73.758,30.185,48.1,1.33505,3.68378,295.76,21.822,15.21804,7.79575
2020-12-05,,1.34753,,0.74421,,,,1.41945,,,,,,,,,,,,,,,,,
2020-12-06,,1.34648,,0.74577,,,,1.42047,,,,,,,,,,,,,,,,,
2020-12-07,0.8255,1.34787,1.2796,0.7474,104.046,8.39572,8.73908,1.42056,0.8905,19.86979,744.6,5.0807,3488.0,3.6025,1083.51,14130.0,73.74,30.162,48.17,1.3364,3.6896,297.28,21.86,15.13342,7.7992
2020-12-08,0.8259,1.34956,1.28165,0.74885,104.145,8.46891,8.76337,1.4205,0.88864,19.776,744.3,5.1138,3488.5,3.5937,1084.8,14160.0,73.68,30.023,48.16,1.33715,3.6732,296.13,21.747,14.97976,7.8106
2020-12-09,0.8236,1.33901,1.2783,0.74488,104.178,8.4525,8.70556,1.41283,0.88751,19.707,744.3,5.115,3488.5,3.5937,1084.64,14137.172,73.5525,30.04,48.037,1.33578,3.6564,294.67,21.624,14.95138,7.82615
2020-12-10,0.8233,1.32767,1.2736,0.7523,104.23,8.43735,8.77478,1.40938,0.886,19.996,734.5,5.0402,3417.95,3.5926,1085.57,14125.0,73.723,30.075,48.055,1.33515,3.6422,291.1,21.64,15.01376,7.87853
2020-12-11,0.8254,1.32818,1.2771,0.75588,104.029,8.45095,8.80899,1.41084,0.88947,20.135,734.03,5.0607,3435.6,3.5897,1091.67,14070.0,73.75,30.11,48.11,1.3366,3.6682,292.18,21.745,15.12596,7.85455
2020-12-12,,1.32749,,,,,,,,,,,,,,,,,,,,,,,
2020-12-13,,1.32528,,0.74839,,,,1.40841,,,,,,,,,,,,,,,,,
2020-12-14,0.8229,1.32762,1.27623,0.75055,104.028,8.39973,8.7364,1.41327,0.88651,20.2389,735.1,5.1141,3425.5,3.5875,1093.15,14155.0,73.643,30.1,48.04,1.33486,3.65256,291.26,21.685,15.02893,7.847
2020-12-15,0.8225,1.32333,1.2698,0.74308,103.652,8.37762,8.71153,1.41167,0.88553,19.888,735.75,5.0799,3417.2,3.5844,1089.42,14168.0,73.55,30.02,48.08,1.33234,3.6516,292.65,21.64,14.87357,7.83056
2020-12-16,0.8195,1.3201,1.27388,0.74032,103.43,8.34957,8.66272,1.40659,0.88494,19.839,733.8,5.0778,3418.11,3.5864,1092.42,14148.0,73.64,30.01,48.07,1.33065,3.6327,290.85,21.44,14.81543,7.79444
2020-12-17,0.8148,1.31246,1.27184,0.73629,103.072,8.27383,8.55619,1.39925,0.88447,19.79488,721.53,5.0516,3411.85,3.5858,1093.01,14080.0,73.52,29.778,48.03,1.32538,3.61863,289.38,21.278,14.63563,7.69485
2020-12-18,0.8155,1.31246,1.2784,0.73991,103.3,8.24985,8.5706,1.40158,0.8829,19.925,725.13,5.0858,3417.25,3.5943,1099.38,14143.0,73.53,29.84,48.07,1.32676,3.6443,291.52,21.307,14.5292,7.6217
2020-12-19,,1.31182,,,,,,,,,,,,,,,,,,,,,,,
2020-12-20,,1.31851,,0.74632,,,,1.40582,,,,,,,,,,,,,,,,,
2020-12-21,0.8165,1.31895,1.28565,0.74291,103.319,8.24493,8.625,1.40865,0.8856,19.955,725.05,5.1144,3428.75,3.6043,1102.56,14175.0,74.013,30.07,48.13,1.33187,3.6658,294.17,21.335,14.5768,7.65005
2020-12-22,0.822,1.32956,1.29063,0.74858,103.63,8.338,8.73602,1.42086,0.8896,20.131,722.45,5.158,3462.75,3.6114,1109.71,14215.0,73.853,30.2,48.1,1.3348,3.7023,297.65,21.628,14.66562,7.65475
2020-12-23,0.8204,1.32055,1.2846,0.74118,103.545,8.28875,8.63948,1.40964,0.88756,20.07253,713.7,5.197,3497.75,3.6066,1106.61,14280.0,73.77,30.2,48.04,1.33015,3.68893,296.98,21.557,14.5838,7.63425
2020-12-24,0.8197,1.31785,1.28708,0.73783,103.572,8.25395,8.6424,1.40819,0.89027,19.85855,714.38,5.197,3512.75,3.6024,1101.59,14279.0,73.53,30.02,48.04,1.32832,3.6916,296.25,21.515,14.6038,7.58355
2020-12-25,0.8185,1.31596,1.2869,0.73812,103.572,8.25395,8.6172,1.4039,0.89027,19.84606,714.38,5.197,3512.75,3.6024,1099.89,14279.0,73.556,29.987,48.04,1.32831,3.69235,296.71,21.471,14.5675,7.58355
2020-12-26,,1.31752,,,,,,,,,,,,,,,,,,,,,,,
2020-12-27,,1.31591,,,,,,1.40865,,,,,,,,,,,,,,,,,
2020-12-28,0.8183,1.31984,1.28553,0.74344,103.789,8.2738,8.62388,1.40907,0.88876,20.0095,711.63,5.2371,3496.25,3.5994,1095.65,14279.0,73.5,30.162,48.03,1.32961,3.6789,297.61,21.533,14.6233,7.43425
2020-12-29,0.816,1.31537,1.2816,0.74069,103.56,8.20003,8.6123,1.39911,0.88389,19.8981,715.08,5.2116,3472.0,3.5994,1090.97,14110.0,73.39,30.05,48.02,1.32716,3.7007,297.53,21.349,14.7075,7.3815
2020-12-30,0.8125,1.30146,1.2756,0.73408,103.182,8.19309,8.5315,1.3885,0.8812,19.881,710.0,5.1977,3419.5,3.5994,1087.62,14279.0,73.119,29.93,48.01,1.32323,3.72,296.5,21.31,14.60373,7.3774
2020-12-31,0.8183,1.29973,1.2728,0.73153,103.259,8.22355,8.57608,1.39249,0.88486,19.87383,709.75,5.1855,3414.5,3.5994,1084.47,14279.0,73.036,30.005,48.01,1.32071,3.72695,296.77,21.425,14.6877,7.4257
2021-01-01,0.8176,1.29978,1.2727,0.73147,103.191,8.22405,8.5739,1.39293,0.88486,19.78435,709.75,5.1855,3414.5,3.5994,1086.3,14057.188,73.12,30.017,48.022,1.32071,3.72695,296.74,21.455,14.6538,7.4257
2021-01-02,,1.29978,,,,,,1.39293,,,,,,,,,,,,,,,,,
2021-01-03,,1.29815,,0.73226,,,,1.39146,,,,,,,,,,,,,,,,,
2021-01-04,0.8159,1.30531,1.27752,0.73711,103.103,8.24946,8.54962,1.39427,0.88121,19.953,704.05,5.2938,3447.5,3.5994,1086.48,13900.0,73.07,29.9,48.03,1.32048,3.7148,294.55,21.362,14.71182,7.41829
2021-01-05,0.8127,1.28897,1.2667,0.73392,102.697,8.17425,8.46059,1.37912,0.87828,19.879,695.63,5.2848,3441.25,3.5994,1086.42,13942.0,73.105,29.91,48.05,1.31749,3.6821,292.14,21.252,14.97625,7.38439
2021-01-06,0.8107,1.28213,1.2675,0.73502,103.014,8.16158,8.40226,1.37197,0.87815,19.647,696.25,5.3155,3412.3,3.5994,1087.92,13924.0,73.118,29.933,48.03,1.31783,3.6662,290.96,21.21,15.0704,7.3047
2021-01-07,0.8149,1.28761,1.26902,0.7374,103.777,8.1853,8.41827,1.37874,0.8849,19.96989,712.45,5.4101,3486.99,3.5994,1094.29,13935.0,73.46,30.07,48.1,1.32435,3.67983,292.84,21.362,15.43,7.31498
2021-01-08,0.8196,1.29346,1.27406,0.73817,103.998,8.24795,8.47375,1.38725,0.88727,20.11879,710.4,5.4352,3466.4,3.62,1095.61,13935.0,73.31,30.13,48.08,1.32767,3.69721,294.84,21.452,15.3738,7.37408
2021-01-09,,1.28761,,,,,,1.3819,,,,,,,,,,,,,,,,,
2021-01-10,,1.29012,,,,,,1.38303,,,,,,,,,,,,,,,,,
2021-01-11,0.8225,1.29951,1.27827,0.74001,104.247,8.2993,8.53122,1.39669,0.89008,20.04374,719.23,5.4844,3492.25,3.61,1097.16,14150.0,73.456,30.15,48.11,1.33069,3.72446,297.09,21.547,15.51386,7.4733
2021-01-12,0.8189,1.2867,1.27092,0.73204,103.747,8.23924,8.44342,1.38581,0.88612,19.783,724.75,5.3219,3474.75,3.5994,1094.46,14228.0,73.232,30.033,47.97,1.32303,3.7008,293.9,21.429,15.21413,7.4482
2021-01-13,0.822,1.29316,1.26965,0.7333,103.871,8.33893,8.46868,1.39348,0.88743,19.82755,737.25,5.2977,3474.69,3.613,1097.13,14105.0,73.14,30.025,48.07,1.32679,3.72873,296.08,21.492,15.25,7.4012
2021-01-14,0.8224,1.28579,1.26357,0.73068,103.802,8.30605,8.45694,1.38487,0.8879,19.6746,726.23,5.1935,3444.31,3.6085,1095.87,14115.0,73.065,29.96,48.03,1.32438,3.73663,295.45,21.481,15.0843,7.3699
2021-01-15,0.828,1.29858,1.2729,0.7364,103.79,8.38821,8.5699,1.40264,0.89073,19.78875,734.55,5.2858,3459.98,3.5994,1103.27,14065.0,73.16,30.063,48.04,1.32929,3.753,298.01,21.64,15.2201,7.44685
2021-01-16,,1.29836,,0.73605,,,,1.40264,,,,,,,,,,,,,,,,,
2021-01-17,,1.29761,,0.73632,,,,1.40113,,,,,,,,,,,,,,,,,
2021-01-18,0.8275,1.30222,1.2755,0.73612,103.687,8.38129,8.5888,1.40677,0.89014,19.665,733.5,5.2939,3475.88,3.5994,1102.61,14075.0,73.181,30.11,48.05,1.33125,3.75245,297.63,21.641,15.15109,7.4767
2021-01-19,0.824,1.29997,1.2732,0.73383,103.903,8.34742,8.53421,1.40449,0.88821,19.6552,737.0,5.3575,3489.53,3.5994,1101.44,14083.0,73.16,29.995,48.06,1.32903,3.7366,294.88,21.557,14.9644,7.47111
2021-01-20,0.8258,1.29127,1.26306,0.73251,103.536,8.34952,8.49102,1.39488,0.88917,19.60085,721.87,5.29,3464.88,3.5994,1096.47,14060.0,72.91,29.975,48.05,1.32465,3.7425,294.82,21.535,14.8909,7.41392
2021-01-21,0.8216,1.28823,1.26343,0.72832,103.485,8.26963,8.4041,1.38639,0.88446,19.72449,717.15,5.3483,3479.66,3.5994,1099.88,14035.0,72.97,29.928,48.08,1.32207,3.72413,292.94,21.433,14.92186,7.36262
2021-01-22,0.8214,1.2971,1.2737,0.73089,103.719,8.28845,8.4924,1.39291,0.88491,19.94595,727.38,5.4636,3525.58,3.5994,1105.4,14050.0,72.976,29.995,48.08,1.32796,3.7268,293.64,21.433,15.1377,7.40725
2021-01-23,,1.29719,,0.73089,,,,1.39291,,,,,,,,,,,,,,,,,
2021-01-24,,1.29619,,0.73132,,,,1.39324,,,,,,,,,,,,,,,,,
2021-01-25,0.8231,1.29702,1.27364,0.73128,103.745,8.2782,8.5306,1.38943,0.88827,20.0968,732.75,5.4666,3585.88,3.5994,1102.57,14080.0,72.97,29.975,48.07,1.32762,3.7367,294.29,21.515,15.23003,7.4111
2021-01-26,0.8221,1.29204,1.26921,0.72802,103.605,8.29465,8.54383,1.38291,0.88633,19.98048,732.95,5.3528,3611.63,3.6425,1101.02,14040.0,72.91,29.95,48.07,1.32458,3.73673,295.29,21.419,15.0545,7.3402
2021-01-27,0.8254,1.30536,1.2797,0.7308,104.088,8.35653,8.64861,1.39737,0.88854,20.27828,738.33,5.4137,3604.13,3.5994,1108.37,14088.0,73.06,30.0,48.09,1.32886,3.75453,297.49,21.512,15.2554,7.38447
2021-01-28,0.8247,1.30297,1.28285,0.72886,104.23,8.33002,8.5926,1.39532,0.88864,20.2265,735.73,5.4393,3558.63,3.5994,1112.51,14115.0,72.93,29.975,48.1,1.32881,3.7446,295.77,21.493,15.1828,7.34805
2021-01-29,0.8236,1.30885,1.27719,0.72997,104.657,8.35555,8.5692,1.39278,0.89035,20.5473,734.59,5.4604,3567.63,3.636,1117.64,14080.0,72.906,29.893,48.06,1.32798,3.7219,294.2,21.431,15.1532,7.31015
2021-01-30,,1.30875,,,,,,1.39278,,,,,,,,,,,,,,,,,
2021-01-31,,1.31235,,0.72977,,,,1.398,,,,,,,,,,,,,,,,,
2021-02-01,0.8288,1.31256,1.28479,0.73216,104.934,8.42423,8.5937,1.39749,0.8969,20.3758,733.5,5.4302,3571.13,3.5994,1116.54,14040.0,73.11,29.988,48.06,1.33284,3.7374,294.91,21.501,15.0665,7.18838
2021-02-02,0.8298,1.31475,1.27802,0.7318,104.974,8.39233,8.59952,1.39074,0.8974,20.1241,732.44,5.3648,3527.33,3.5994,1114.97,14042.0,72.96,30.0,47.89,1.3319,3.72033,294.88,21.484,14.95266,7.1931
2021-02-03,0.8304,1.31303,1.27836,0.73292,105.028,8.40293,8.58308,1.38746,0.89901,20.18825,732.38,5.3472,3533.83,3.5994,1113.45,14015.0,72.81,30.02,47.99,1.33264,3.72675,294.91,21.497,14.93047,7.1446
2021-02-04,0.8355,1.31591,1.28251,0.73153,105.529,8.4566,8.63368,1.39796,0.90419,20.371,735.4,5.4242,3556.44,3.5994,1120.01,14033.0,72.965,30.09,48.06,1.33721,3.7601,297.17,21.591,14.9931,7.13492
2021-02-05,0.8298,1.30297,1.2755,0.72823,105.38,8.37087,8.5225,1.38887,0.89867,20.078,738.76,5.3704,3553.75,3.5994,1116.76,14060.0,72.81,30.02,48.04,1.3336,3.72105,295.81,21.382,14.8237,7.0488
2021-02-06,,1.3031,,0.72817,,,,1.38887,,,,,,,,,,,,,,,,,
2021-02-07,,1.30392,,0.72909,,,,1.39159,,,,,,,,,,,,,,,,,
2021-02-08,0.8296,1.2989,1.2734,0.72779,105.214,8.38559,8.49375,1.3851,0.89879,20.10643,735.2,5.3652,3569.25,3.5994,1115.76,13995.0,72.9,29.975,48.06,1.33272,3.7122,297.37,21.29,14.8706,7.0671
2021-02-09,0.8246,1.29236,1.2692,0.72383,104.58,8.3187,8.44258,1.38108,0.89222,20.08817,734.4,5.3743,3574.55,3.6376,1110.87,13997.0,72.86,29.913,48.03,1.32579,3.6904,295.2,21.223,14.7204,7.06084
2021-02-10,0.8249,1.29515,1.26993,0.72291,104.58,8.31782,8.45796,1.386,0.8903,20.01718,724.88,5.3842,3557.75,3.6365,1105.48,13989.0,72.79,29.89,48.03,1.32591,3.70429,294.25,21.245,14.73795,7.05595
2021-02-11,0.8238,1.29016,1.27045,0.72379,104.733,8.31999,8.47106,1.38391,0.88989,19.962,725.75,5.3652,3524.5,3.6396,1102.12,14008.0,72.7,29.863,48.05,1.32465,3.71066,294.92,21.211,14.6274,7.01919
2021-02-12,0.8249,1.28899,1.2692,0.72216,104.922,8.30215,8.46286,1.386,0.89101,19.93715,721.5,5.3678,3494.5,3.6428,1102.61,14007.0,72.58,29.888,48.04,1.32428,3.708,295.66,21.214,14.5441,7.0319
2021-02-13,,1.28982,,0.72207,,,,,,,,,,,,,,,,,,,,,
2021-02-14,,1.28778,,0.72224,,,,1.38814,,,,,,,,,,,,,,,,,
2021-02-15,0.8243,1.28551,1.2638,0.71927,105.355,8.27672,8.38477,1.38389,0.8903,19.95,718.7,5.3601,3489.0,3.6434,1101.31,13943.0,72.618,29.88,47.94,1.32272,3.69525,294.54,21.163,14.44513,6.96056
2021-02-16,0.8259,1.28916,1.2687,0.7193,106.036,8.28898,8.43216,1.38637,0.8924,20.133,718.33,5.367,3527.5,3.6514,1106.58,13872.0,72.92,29.953,48.32,1.3265,3.71176,296.14,21.308,14.6517,6.9863
2021-02-17,0.8301,1.29036,1.26992,0.72166,105.868,8.3243,8.4907,1.39105,0.8988,20.204,712.94,5.4079,3525.7,3.6506,1105.62,14015.0,72.815,30.008,48.39,1.3279,3.7266,297.47,21.449,14.62794,6.96338
2021-02-18,0.8267,1.28778,1.2677,0.71562,105.678,8.30603,8.46108,1.38529,0.8958,20.29755,710.73,5.4256,3544.83,3.6505,1106.95,14055.0,72.59,29.998,48.43,1.32626,3.71103,296.4,21.412,14.5889,6.97114
2021-02-19,0.825,1.27123,1.261,0.71388,105.386,8.26469,8.4523,1.37118,0.89611,20.425,708.4,5.4047,3569.3,3.6505,1104.29,14050.0,72.55,29.973,48.48,1.3233,3.6987,295.6,21.314,14.68103,6.9532
2021-02-20,,1.27104,,0.7139,,,,1.37118,,,,,,,,,,,,,,,,,
2021-02-21,,1.27092,,0.71383,,,,1.37206,,,,,,,,,,,,,,,,,
2021-02-22,0.8223,1.26347,1.26138,0.71105,105.064,8.25127,8.47858,1.36489,0.89597,20.7206,706.6,5.4654,3591.0,3.6515,1111.6,14095.0,72.44,29.988,48.66,1.3218,3.6958,295.05,21.291,14.66648,7.01713
2021-02-23,0.8228,1.26427,1.25853,0.70859,105.209,8.2799,8.4681,1.36347,0.90485,20.50378,704.33,5.4399,3592.0,3.6515,1110.13,14122.0,72.38,30.01,48.58,1.3198,3.70825,294.89,21.275,14.53123,7.10624
2021-02-24,0.8215,1.25508,1.25109,0.70711,105.842,8.27063,8.37118,1.34584,0.90644,20.3658,700.75,5.4014,3562.5,3.6435,1107.25,14085.0,72.21,30.03,48.59,1.31926,3.7009,295.17,21.375,14.4873,7.1651
2021-02-25,0.821,1.27039,1.2601,0.71362,106.187,8.2854,8.48812,1.35667,0.90475,20.836,715.78,5.5281,3607.95,3.6474,1118.78,14100.0,72.741,30.28,48.95,1.32523,3.7108,296.87,21.5,14.997,7.32916
2021-02-26,0.828,1.29789,1.27367,0.71784,106.504,8.42965,8.6574,1.3833,0.90833,20.85575,723.51,5.5916,3644.5,3.6474,1123.88,14225.0,73.917,30.44,48.73,1.33196,3.74265,299.81,21.636,15.09399,7.4211
2021-02-27,,1.2982,,0.71777,,,,1.38255,,,,,,,,,,,,,,,,,
2021-02-28,,1.29739,,0.71752,,,,1.38215,,,,,,,,,,,,,,,,,
2021-03-01,0.8297,1.28717,1.26444,0.71815,106.759,8.42091,8.54834,1.37635,0.91486,20.6476,722.55,5.6372,3627.4,3.655,1112.46,14225.0,73.395,30.228,48.55,1.32704,3.7602,301.85,21.716,14.97,7.28323
2021-03-02,0.8268,1.2791,1.26316,0.71676,106.676,8.37646,8.46862,1.37212,0.91449,20.596,728.79,5.678,3654.5,3.665,1125.1,14305.0,73.25,30.24,48.46,1.33013,3.75426,301.05,21.608,14.93186,7.3472
2021-03-03,0.8288,1.28632,1.26532,0.71677,106.993,8.41873,8.49942,1.38011,0.9198,20.93759,727.2,5.6137,3679.34,3.6474,1126.85,14331.0,72.91,30.34,48.52,1.3322,3.76675,301.83,21.693,15.07253,7.45093
2021-03-04,0.8347,1.29467,1.2666,0.71974,107.97,8.48563,8.56863,1.39134,0.92852,21.10146,731.9,5.6626,3643.15,3.681,1131.02,14260.0,73.16,30.418,48.57,1.33696,3.81003,304.49,21.919,15.28942,7.47645
2021-03-05,0.839,1.30266,1.2653,0.72276,108.277,8.52873,8.54764,1.39677,0.93078,21.3065,734.43,5.6898,3633.4,3.6474,1128.0,14368.0,73.14,30.515,48.6,1.34205,3.84885,308.27,22.092,15.35545,7.50496
2021-03-06,,1.30293,,0.72301,,,,1.39684,,,,,,,,,,,,,,,,,
2021-03-07,,1.30039,,,,,,1.39417,,,,,,,,,,,,,,,,,
2021-03-08,0.8439,1.30736,1.26629,0.72362,108.855,8.57991,8.53262,1.40469,0.93592,21.48443,736.13,5.8739,3602.95,3.6474,1140.83,14385.0,73.32,30.803,48.73,1.35062,3.8788,310.07,22.276,15.52463,7.7336
2021-03-09,0.84,1.29693,1.26333,0.72012,108.477,8.49619,8.46338,1.39453,0.92766,21.164,734.87,5.7985,3590.75,3.697,1135.15,14465.0,72.8,30.728,48.5,1.3435,3.83645,307.63,21.994,15.28493,7.60918
2021-03-10,0.838,1.29304,1.26177,0.71771,108.379,8.47493,8.42492,1.38995,0.92953,20.8847,724.13,5.6716,3551.0,3.6474,1136.65,14418.0,72.718,30.67,48.56,1.3437,3.8312,307.42,21.975,15.0668,7.49478
2021-03-11,0.8341,1.28419,1.25277,0.71492,108.488,8.44493,8.41177,1.3837,0.92367,20.59168,712.93,5.5345,3553.5,3.6474,1130.35,14419.0,72.694,30.548,48.474,1.33925,3.82423,304.27,21.832,14.81626,7.46323
2021-03-12,0.8365,1.28917,1.2472,0.71854,108.979,8.47535,8.4227,1.39441,0.92923,20.64865,723.65,5.5636,3573.5,3.708,1136.0,14368.0,72.68,30.69,48.48,1.34417,3.83135,306.85,21.875,14.9311,7.55345
2021-03-13,,1.28917,,0.71829,,,,1.39392,,,,,,,,,,,,,,,,,
2021-03-14,,1.28952,,0.71857,,,,1.39359,,,,,,,,,,,,,,,,,
2021-03-15,0.8381,1.29204,1.2468,0.71803,109.146,8.5012,8.4393,1.39014,0.92943,20.712,723.65,5.5648,3573.5,3.6474,1134.67,14390.0,72.535,30.73,48.49,1.34558,3.8411,307.496,21.92,14.92963,7.57195
2021-03-16,0.8399,1.29166,1.24409,0.71979,108.991,8.49152,8.48919,1.39107,0.925,20.57375,727.58,5.6226,3557.75,3.698,1130.43,14420.0,72.51,30.75,48.65,1.34451,3.8571,308.27,21.93,14.8763,7.49259
2021-03-17,0.8344,1.28271,1.24049,0.71644,108.86,8.45569,8.40578,1.38368,0.92232,20.38619,728.33,5.585,3569.25,3.6474,1121.08,14455.0,72.4,30.713,48.57,1.33995,3.8351,305.77,21.767,14.6399,7.48657
2021-03-18,0.8391,1.28916,1.2492,0.71803,108.92,8.50813,8.51098,1.39608,0.92722,20.49,720.23,5.559,3545.1,3.707,1127.8,14410.0,72.67,30.88,48.68,1.34274,3.874,309.0,21.909,14.7224,7.32107
2021-03-19,0.8398,1.29166,1.25,0.7211,108.901,8.54015,8.541,1.39606,0.92924,20.494,713.08,5.4882,3556.9,3.6474,1128.96,14473.0,72.402,30.81,48.5,1.3415,3.8734,308.68,21.876,14.7002,7.214
2021-03-20,,1.29166,,,,,,1.39606,,,,,,,,,,,,,,,,,
2021-03-21,,1.29606,,0.72269,,,,1.40054,,,,,,,,,,,,,,,,,
2021-03-22,0.8376,1.29136,1.252,0.72155,108.828,8.50323,8.49229,1.39743,0.923,20.53835,716.43,5.5045,3557.4,3.6474,1125.9,14453.0,72.37,30.86,48.53,1.34004,3.8475,306.48,21.832,14.7021,7.7639
2021-03-23,0.8435,1.31056,1.2581,0.72736,108.61,8.58701,8.63117,1.42772,0.9335,20.8003,722.69,5.521,3616.75,3.719,1132.85,14390.0,72.51,30.99,48.6,1.34542,3.89445,308.51,22.088,14.8688,7.938
2021-03-24,0.8461,1.31912,1.2578,0.73057,108.728,8.6129,8.59885,1.43563,0.93561,20.92645,727.32,5.6193,3646.65,3.6474,1135.0,14450.0,72.58,31.0,48.606,1.34519,3.9134,308.74,22.169,14.9213,7.9143
2021-03-25,0.8492,1.31926,1.26051,0.72793,109.162,8.64943,8.64343,1.43823,0.9396,20.6655,724.9,5.6455,3665.25,3.735,1135.11,14420.0,72.66,31.14,48.556,1.34847,3.9358,309.41,22.23,15.0384,7.92843
2021-03-26,0.8478,1.30845,1.2569,0.72537,109.667,8.63584,8.572,1.42906,0.93905,20.58495,732.63,5.755,3687.14,3.6474,1128.58,14443.0,72.648,31.123,48.41,1.34541,3.93145,307.22,22.091,14.997,8.0672
2021-03-27,,1.30959,,,,,,1.42837,,,,,,,,,,,,,,,,,
2021-03-28,,1.3095,,0.72525,,,,1.43076,,,,,,,,,,,,,,,,,
2021-03-29,0.8496,1.31008,1.25895,0.72679,109.829,8.69126,8.53706,1.42951,0.939,20.60872,733.68,5.7806,3716.24,3.6474,1131.67,14443.0,72.748,31.2,48.46,1.34665,3.9674,308.06,22.162,14.9112,8.249
2021-03-30,0.853,1.31671,1.2624,0.72811,110.354,8.73373,8.54993,1.43267,0.9415,20.573,728.93,5.7717,3727.25,3.6474,1132.01,14443.0,73.44,31.3,48.52,1.3476,3.9691,309.99,22.3038,14.9062,8.3275
2021-03-31,0.8524,1.31683,1.25601,0.72589,110.714,8.724,8.54759,1.43246,0.94312,20.4285,720.2,5.6288,3658.95,3.6474,1127.39,14443.0,73.137,31.243,48.52,1.34412,3.94666,308.75,22.2557,14.7484,8.2459
2021-04-01,0.8487,1.31328,1.2543,0.72307,110.569,8.69775,8.51352,1.42554,0.94155,20.2782,716.63,5.7077,3654.2,3.735,1128.71,14443.0,73.328,31.19,48.5,1.34445,3.897,306.77,22.144,14.6212,8.11
2021-04-02,0.8497,1.31475,1.2573,0.72312,110.67,8.71287,8.5213,1.42247,0.94132,20.295,716.63,5.7077,3654.2,3.6474,1128.64,14574.0,73.37,31.32,48.547,1.3457,3.9041,306.79,22.1579,14.6712,8.1619
2021-04-03,,1.31441,,0.72322,,,,,,,,,,,,,,,,,,,,,
2021-04-04,,1.3155,,0.72352,,,,1.42337,,,,,,,,,,,,,,,,,
2021-04-05,0.8459,1.30748,1.25224,0.71906,110.14,8.6989,8.49353,1.41753,0.93581,20.3065,721.38,5.6632,3672.75,3.6474,1124.24,14530.0,73.32,31.358,48.61,1.34145,3.8828,304.78,21.987,14.54343,8.1024
2021-04-06,0.8421,1.30531,1.2569,0.72346,109.77,8.61298,8.48685,1.41683,0.9314,20.1601,717.68,5.5898,3635.25,3.6474,1119.11,14443.0,73.486,31.29,48.56,1.33897,3.8636,303.72,21.8997,14.4969,8.1237
2021-04-07,0.8422,1.31425,1.26104,0.72796,109.82,8.61593,8.4865,1.42666,0.9293,20.19771,713.49,5.6138,3653.09,3.6474,1119.03,14443.0,74.352,31.354,48.62,1.34041,3.8513,302.41,21.7446,14.5634,8.1494
2021-04-08,0.8389,1.30714,1.25616,0.72817,109.26,8.53837,8.45445,1.41707,0.92399,20.07,708.06,5.5681,3627.55,3.6474,1116.78,14575.0,74.561,31.398,48.59,1.33995,3.812,300.49,21.672,14.5253,8.1273
2021-04-09,0.8397,1.31216,1.2526,0.72961,109.655,8.53325,8.4928,1.42268,0.9235,20.146,710.45,5.6834,3658.0,3.6474,1120.98,14577.0,74.719,31.45,48.54,1.3413,3.8034,300.36,21.85,14.5946,8.1534
2021-04-10,,1.31216,,0.72961,,,,1.42268,,,,,,,,,,,,,,,,,
2021-04-11,,1.31308,,0.72989,,,,1.4228,,,,,,,,,,,,,,,,,
2021-04-12,0.8391,1.31251,1.25625,0.72792,109.38,8.5719,8.47768,1.42282,0.9223,20.13474,713.16,5.7332,3663.5,3.6474,1124.36,14628.0,74.98,31.48,48.564,1.34029,3.79854,299.67,21.827,14.5753,8.1529
2021-04-13,0.8366,1.30878,1.25314,0.72728,109.048,8.50785,8.46764,1.4179,0.92045,20.061,707.93,5.7172,3667.0,3.6474,1121.6,14645.0,75.26,31.49,48.53,1.34076,3.8175,300.37,21.661,14.5074,8.09671
2021-04-14,0.8342,1.29517,1.2518,0.72579,108.919,8.46323,8.3848,1.40162,0.92231,20.048,709.46,5.6533,3655.3,3.6474,1116.28,14630.0,75.05,31.33,48.475,1.33541,3.7995,299.16,21.61,14.4011,8.06185
2021-04-15,0.8354,1.29072,1.2541,0.72552,108.725,8.44163,8.37917,1.39528,0.92169,19.9225,698.33,5.6164,3610.5,3.6246,1116.78,14643.0,74.81,31.213,48.44,1.33427,3.799,300.01,21.6253,14.1606,8.01148
2021-04-16,0.8347,1.29316,1.2505,0.72301,108.75,8.43306,8.364,1.40036,0.9197,19.915,702.45,5.5801,3601.88,3.6326,1116.49,14590.0,74.479,31.19,48.32,1.3342,3.7869,301.39,21.605,14.301,8.0567
2021-04-17,,1.29366,,,,,,,,,,,,,,,,,,,,,,,
2021-04-18,,1.29436,,0.72318,,,,1.40278,,,,,,,,,,,,,,,,,
2021-04-19,0.8304,1.28962,1.25273,0.71523,108.144,8.39714,8.29273,1.39441,0.9149,19.82039,700.28,5.5461,3625.5,3.6716,1115.58,14565.0,74.85,31.198,48.39,1.32981,3.7773,299.64,21.541,14.2011,8.081
2021-04-20,0.8306,1.29467,1.26062,0.7176,108.071,8.43253,8.34751,1.39519,0.91511,19.97,696.7,5.5594,3641.5,3.6896,1117.18,14495.0,75.44,31.26,48.3,1.32846,3.7791,299.8,21.535,14.2865,8.1022
2021-04-21,0.8305,1.29037,1.24979,0.71803,108.058,8.40063,8.33678,1.38794,0.91644,19.86706,697.85,5.569,3612.5,3.7086,1116.68,14545.0,75.421,31.132,48.418,1.3282,3.78363,300.95,21.462,14.2402,8.16808
2021-04-22,0.832,1.29752,1.25023,0.72271,107.953,8.43053,8.36357,1.3969,0.91677,19.92375,706.53,5.4448,3633.85,3.7547,1118.83,14525.0,75.11,31.38,48.389,1.32889,3.7913,302.57,21.466,14.3062,8.3101
2021-04-23,0.8264,1.29062,1.24735,0.72067,107.858,8.37545,8.2928,1.38953,0.91356,19.82665,713.1,5.4751,3627.0,3.7785,1114.84,14545.0,74.92,31.4,48.23,1.32657,3.76275,300.22,21.33,14.2692,8.3758
2021-04-24,,,,0.72036,,,,,,,,,,,,,,,,,,,,,
2021-04-25,,1.29127,,0.72094,,,,1.3913,,,,,,,,,,,,,,,,,
2021-04-26,0.8272,1.28204,1.23915,0.71956,108.076,8.37483,8.28638,1.3825,0.9137,19.8514,704.75,5.4356,3693.13,3.8375,1110.48,14485.0,74.69,31.41,48.38,1.32512,3.7674,300.47,21.362,14.253,8.2751
2021-04-27,0.8268,1.28733,1.2404,0.71918,108.699,8.3717,8.2714,1.38808,0.91365,20.038,700.2,5.4522,3716.0,3.8385,1113.23,14494.0,74.58,31.34,48.398,1.3258,3.7752,299.71,21.42,14.3584,8.2026
2021-04-28,0.8244,1.28394,1.23137,0.71752,108.59,8.33176,8.18029,1.37773,0.90924,19.90097,695.93,5.3425,3694.13,3.7686,1109.89,14505.0,74.489,31.35,48.481,1.32452,3.7719,298.33,21.33,14.221,8.18328
2021-04-29,0.8246,1.28753,1.22791,0.71726,108.909,8.35797,8.18112,1.38104,0.908,20.04055,709.0,5.3402,3713.23,3.7846,1107.73,14465.0,74.073,31.178,48.299,1.32605,3.76193,297.0,21.282,14.3144,8.18765
2021-04-30,0.8318,1.29682,1.228,0.72393,109.318,8.4646,8.3125,1.39665,0.9129,20.226,710.3,5.436,3751.43,3.7848,1117.15,14450.0,74.05,31.16,48.23,1.3304,3.788,299.31,21.503,14.49,8.2735
2021-05-01,,1.29735,,0.72401,,,,,,,,,,,,,,,,,,,,,
2021-05-02,,1.29702,,0.72364,,,,1.39511,,,,,,,,,,,,,,,,,
2021-05-03,0.8286,1.28858,1.22765,0.71901,109.053,8.4081,8.2859,1.38866,0.9108,20.14997,703.9,5.436,3801.2,3.777,1119.55,14450.0,73.9,31.071,48.03,1.329,3.7617,297.56,21.358,14.4031,8.2421
2021-05-04,0.8324,1.29685,1.23041,0.72032,109.27,8.47815,8.3376,1.39899,0.91293,20.21023,703.3,5.444,3825.75,3.777,1125.71,14450.0,73.76,31.001,48.03,1.33614,3.7891,299.57,21.477,14.4626,8.3047
2021-05-05,0.8326,1.29126,1.2266,0.71909,109.19,8.48173,8.34398,1.38704,0.91257,20.23362,704.65,5.3532,3848.38,3.777,1124.85,14435.0,73.81,31.12,48.02,1.33519,3.8044,298.72,21.469,14.3354,8.3186
2021-05-06,0.8287,1.28548,1.2155,0.72005,109.08,8.4225,8.30363,1.38351,0.9075,20.094,699.7,5.2777,3801.38,3.777,1120.48,14360.0,73.59,31.233,47.946,1.33293,3.786,296.76,21.31,14.1913,8.2657
2021-05-07,0.8218,1.27497,1.2137,0.71487,108.582,8.30565,8.2136,1.37376,0.9003,19.89915,694.88,5.2329,3747.38,3.777,1111.23,14285.0,73.3,31.04,47.77,1.32456,3.74165,294.6,21.056,14.0518,8.2388
2021-05-08,,1.27535,,0.71495,,,,,,,,,,,,,,,,,,,,,
2021-05-09,,1.27437,,0.71449,,,,1.3744,,,,,,,,,,,,,,,,,
2021-05-10,0.8241,1.27743,1.21,0.70827,108.846,8.3396,8.25994,1.37722,0.90107,19.9185,696.48,5.2262,3704.18,3.777,1116.88,14195.0,73.43,31.1,47.84,1.32561,3.7532,294.6,21.055,14.0244,8.2562
2021-05-11,0.8228,1.27522,1.2095,0.70714,108.605,8.30635,8.24601,1.37476,0.90263,19.9417,702.08,5.2223,3709.38,3.7,1119.43,14200.0,73.37,31.131,47.82,1.32549,3.7339,295.2,20.953,13.9859,8.2866
2021-05-12,0.8281,1.29416,1.21292,0.71155,109.65,8.41932,8.34718,1.3971,0.90843,20.16933,706.9,5.3059,3747.88,3.777,1132.73,14198.0,73.53,31.29,47.93,1.33343,3.77233,295.846,21.125,14.11137,8.41937
2021-05-13,0.8275,1.2945,1.21615,0.71193,109.451,8.39653,8.34274,1.39247,0.90492,19.935,707.3,5.3079,3718.48,3.777,1126.63,14200.0,73.46,31.233,47.76,1.33275,3.74583,295.2,21.074,14.1249,8.49335
2021-05-14,0.8233,1.28541,1.20999,0.70958,109.347,8.32545,8.2186,1.3794,0.90123,19.85925,699.33,5.2725,3682.88,3.777,1126.04,14198.0,73.231,31.35,47.75,1.33206,3.72695,292.13,20.938,14.1325,8.4441
2021-05-16,,1.28684,,0.70942,,,,1.38104,,,,,,,,,,,,,,,,,
2021-05-17,0.8227,1.28745,1.20669,0.70739,109.2,8.3275,8.25513,1.38654,0.90285,19.77702,714.8,5.2743,3682.88,3.777,1137.43,14280.0,73.296,31.438,47.85,1.3354,3.7215,289.06,20.895,14.087,8.3065
2021-05-18,0.8178,1.28353,1.2062,0.70496,108.888,8.2788,8.22651,1.38122,0.89697,19.8393,711.97,5.2607,3658.88,3.777,1127.08,14295.0,73.05,31.43,47.78,1.32897,3.694,286.61,20.744,13.9999,8.3393
2021-05-19,0.821,1.295,1.2126,0.70852,109.184,8.3477,8.3002,1.3947,0.90296,19.9255,714.68,5.3094,3683.45,3.743,1131.28,14310.0,73.2,31.43,47.775,1.3343,3.71078,287.51,20.917,14.09048,8.4106
2021-05-20,0.8174,1.28675,1.2056,0.70475,108.76,8.296,8.29575,1.39003,0.897,19.8684,720.72,5.2821,3715.05,3.777,1127.65,14393.0,73.01,31.37,47.89,1.32967,3.6734,285.55,20.814,13.97214,8.3669
2021-05-21,0.8209,1.29349,1.2074,0.70686,108.94,8.3214,8.3868,1.3947,0.8975,19.932,720.6,5.354,3744.75,3.777,1127.63,14370.0,72.817,31.36,47.91,1.3318,3.6873,286.01,20.87,13.956,8.4066
2021-05-22,,1.29433,,0.70676,,,,,,,,,,,,,,,,,,,,,
2021-05-23,,1.29426,,0.70651,,,,1.39528,,,,,,,,,,,,,,,,,
2021-05-24,0.8182,1.28999,1.2046,0.70644,108.76,8.3085,8.325,1.38658,0.8964,19.8629,729.35,5.3195,3732.25,3.777,1123.38,14360.0,72.83,31.299,48.09,1.3276,3.6674,284.07,20.756,13.9145,8.3878
2021-05-25,0.816,1.28999,1.20617,0.70688,108.76,8.2552,8.30973,1.38427,0.8955,19.8902,733.51,5.3272,3737.25,3.777,1122.38,14330.0,72.778,31.33,48.075,1.32508,3.6561,284.77,20.7088,13.874,8.4412
2021-05-26,0.8195,1.29167,1.21193,0.70837,109.123,8.3091,8.3629,1.37363,0.89751,19.8844,729.6,5.3109,3740.75,3.852,1116.73,14333.0,72.64,31.27,48.15,1.3243,3.6874,286.68,20.8401,13.7451,8.4505
2021-05-27,0.8198,1.29199,1.2067,0.70418,109.832,8.27635,8.3421,1.37101,0.89684,19.94,724.22,5.2455,3719.46,3.777,1117.93,14310.0,72.7,31.29,48.03,1.32397,3.6807,285.16,20.841,13.7542,8.4844
2021-05-28,0.8201,1.29668,1.2066,0.70487,109.8,8.3071,8.3632,1.37988,0.8997,19.9215,724.05,5.2137,3705.75,3.809,1113.07,14305.0,72.4,31.255,47.675,1.3225,3.6751,285.24,20.857,13.7579,8.5484
2021-05-30,,1.29703,,0.70475,,,,1.38045,,,,,,,,,,,,,,,,,
2021-05-31,0.8174,1.29282,1.2062,0.70393,109.562,8.28598,8.31788,1.37495,0.8988,19.925,722.43,5.2177,3705.75,3.777,1107.02,14290.0,72.511,31.19,47.67,1.32113,3.6603,284.02,20.759,13.7285,8.4793
2021-06-01,0.8185,1.29016,1.20697,0.70681,109.464,8.27436,8.30737,1.37855,0.8972,19.9427,728.01,5.157,3664.05,3.861,1108.13,14289.0,72.85,31.16,47.75,1.32233,3.6488,283.18,20.772,13.74235,8.6685
2021-06-02,0.8187,1.29046,1.20346,0.7058,109.545,8.2666,8.2929,1.38213,0.8977,19.886,718.05,5.0777,3651.25,3.777,1110.87,14273.0,72.95,31.094,47.82,1.3222,3.6478,284.04,20.8386,13.5066,8.581
2021-06-03,0.8244,1.30565,1.2107,0.70919,110.29,8.32981,8.3745,1.39958,0.90306,20.15039,718.5,5.0775,3658.75,3.777,1116.46,14295.0,73.006,31.208,47.81,1.32769,3.671,286.32,20.9856,13.6312,8.6875
2021-06-04,0.8218,1.29249,1.2072,0.70646,109.475,8.27028,8.3005,1.38677,0.89793,19.956,717.8,5.0456,3605.25,3.828,1110.51,14313.0,72.869,31.178,47.68,1.3238,3.662,284.13,20.88,13.4346,8.6563
2021-06-05,,1.29216,,,,,,,,,,,,,,,,,,,,,,,
2021-06-06,,1.29271,,0.70641,,,,1.38715,,,,,,,,,,,,,,,,,
2021-06-07,0.8199,1.28959,1.2079,0.70531,109.25,8.25386,8.2522,1.38332,0.8973,19.79082,715.88,5.0458,3605.25,3.777,1109.53,14268.0,72.786,31.17,47.6,1.3226,3.6581,284.08,20.795,13.5256,8.6139
2021-06-08,0.8212,1.29232,1.2111,0.70681,109.48,8.27072,8.25718,1.39024,0.8967,19.69,717.13,5.0374,3592.35,3.777,1117.72,14260.0,72.93,31.2,47.7,1.3235,3.6649,286.08,20.865,13.5672,8.6013
2021-06-09,0.8206,1.2937,1.2106,0.70853,109.612,8.25794,8.26888,1.39363,0.89547,19.7374,719.38,5.0633,3596.75,3.847,1115.23,14258.0,72.98,31.155,47.575,1.32406,3.66756,284.51,20.8314,13.71939,8.5806
2021-06-10,0.8211,1.29014,1.2091,0.70547,109.331,8.24961,8.27254,1.39013,0.8945,19.67759,719.28,5.0554,3603.75,3.8925,1112.53,14238.0,73.1,31.15,47.72,1.32327,3.66855,283.84,20.789,13.58673,8.4238
2021-06-11,0.826,1.29769,1.2153,0.70894,109.635,8.3167,8.337,1.40351,0.89779,19.878,721.5,5.1142,3652.25,3.777,1116.39,14203.0,73.237,31.09,47.77,1.3256,3.7127,287.38,20.938,13.6758,8.3818
2021-06-13,,1.29803,,0.70882,,,,1.40243,,,,,,,,,,,,,,,,,
2021-06-14,0.8248,1.2969,1.2142,0.70892,110.054,8.3247,8.3144,1.40017,0.89924,19.927,718.85,5.0701,3652.25,3.777,1116.53,14220.0,73.18,31.115,47.89,1.32625,3.7207,288.58,20.9513,13.7799,8.452
2021-06-15,0.824,1.30086,1.2182,0.71008,110.028,8.32017,8.31419,1.40357,0.8982,20.02061,726.54,5.0437,3695.75,3.777,1116.83,14241.0,73.35,31.14,48.05,1.32666,3.7283,289.66,20.957,13.7677,8.5421
2021-06-16,0.8336,1.31406,1.22716,0.71502,110.635,8.45282,8.4738,1.41796,0.90838,20.4095,729.72,5.063,3671.75,3.9006,1132.83,14255.0,73.27,31.29,48.06,1.33522,3.7683,293.8,21.246,14.01478,8.6029
2021-06-17,0.8396,1.32431,1.2355,0.71807,110.247,8.55086,8.5493,1.42857,0.9175,20.421,737.88,5.007,3726.0,3.9154,1134.3,14375.0,74.149,31.286,48.37,1.34221,3.8247,298.54,21.437,14.0945,8.7098
2021-06-18,0.8428,1.33675,1.2467,0.72447,110.15,8.60567,8.6615,1.44238,0.92188,20.658,748.05,5.0616,3766.0,3.9495,1134.25,14400.0,74.139,31.48,48.5,1.3461,3.8307,299.76,21.538,14.3893,8.7257
2021-06-20,,1.33618,,0.72481,,,,1.44161,,,,,,,,,,,,,,,,,
2021-06-21,0.8389,1.32695,1.2355,0.71757,110.301,8.52254,8.57298,1.43061,0.91778,20.466,747.0,5.0183,3757.05,3.9514,1132.08,14450.0,74.13,31.544,48.72,1.34258,3.7957,296.19,21.3793,14.2231,8.7712
2021-06-22,0.8372,1.32419,1.23039,0.71711,110.66,8.47143,8.52617,1.42363,0.9181,20.318,740.83,4.9579,3779.1,3.9786,1131.73,14418.0,74.33,31.71,48.66,1.34307,3.7769,293.33,21.306,14.2656,8.6412
2021-06-23,0.8377,1.32048,1.2307,0.71623,110.962,8.48118,8.5288,1.42013,0.9179,20.19331,735.53,4.9702,3781.05,3.9785,1135.11,14450.0,74.14,31.82,48.8,1.3458,3.7897,293.55,21.248,14.21404,8.6268
2021-06-24,0.8379,1.31891,1.23233,0.7185,110.857,8.47314,8.49474,1.41717,0.9179,19.83902,733.41,4.9132,3763.25,3.9835,1130.96,14460.0,74.144,31.89,48.515,1.3427,3.7834,294.38,21.311,14.1864,8.6934
2021-06-25,0.8374,1.31839,1.2295,0.72062,110.76,8.48773,8.48,1.41579,0.9175,19.8274,732.6,4.9332,3742.15,3.9715,1126.87,14445.0,74.145,31.795,48.54,1.3421,3.7796,293.97,21.326,14.1362,8.7493
2021-06-26,,1.31718,,0.72041,,,,,,,,,,,,,,,,,,,,,
2021-06-27,,1.31886,,0.72026,,,,1.41447,,,,,,,,,,,,,,,,,
2021-06-28,0.8382,1.32149,1.2336,0.72046,110.598,8.5098,8.51791,1.4209,0.91942,19.801,734.45,4.9315,3700.0,3.8834,1130.01,14470.0,74.27,31.844,48.635,1.34248,3.7701,293.74,21.292,14.2606,8.6843
2021-06-29,0.8401,1.33092,1.2396,0.7227,110.55,8.5226,8.55433,1.43,0.9208,19.82526,727.1,4.9551,3756.97,3.8836,1131.62,14493.0,74.29,31.942,48.538,1.34444,3.7933,295.33,21.417,14.3239,8.7236
2021-06-30,0.8428,1.33376,1.23952,0.72327,111.073,8.54605,8.59669,1.43102,0.92437,19.925,731.7,4.9824,3747.0,3.8395,1130.45,14540.0,74.36,31.996,48.82,1.34477,3.8056,296.07,21.495,14.2645,8.698
2021-07-01,0.8436,1.33926,1.24372,0.72665,111.524,8.57399,8.61975,1.43575,0.9254,19.989,739.92,5.0476,3786.5,3.8573,1132.93,14535.0,74.56,31.997,49.2,1.34853,3.804,296.27,21.5254,14.4371,8.6452
2021-07-02,0.8423,1.32908,1.2321,0.72325,111.04,8.5426,8.5979,1.42328,0.9201,19.74443,733.85,5.0396,3739.0,3.8898,1130.45,14560.0,74.512,32.09,49.1,1.3469,3.796,295.97,21.52,14.2503,8.6792
2021-07-04,,1.32943,,0.72296,,,,1.42241,,,,,,,,,,,,,,,,,
2021-07-05,0.8428,1.32837,1.2338,0.72226,110.97,8.55259,8.56788,1.4243,0.922,19.8497,735.78,5.0915,3739.0,3.9191,1131.63,14560.0,74.294,32.065,49.35,1.34508,3.7911,296.22,21.528,14.2506,8.6616
2021-07-06,0.8454,1.33444,1.2454,0.72469,110.624,8.59438,8.7038,1.42592,0.9245,20.001,747.49,5.1967,3775.5,3.9392,1136.76,14465.0,74.74,32.203,49.73,1.34736,3.81575,299.18,21.66,14.3694,8.6818
2021-07-07,0.8474,1.33679,1.24782,0.72464,110.625,8.61723,8.7299,1.42592,0.9256,19.94143,748.73,5.2298,3828.0,3.9392,1141.59,14465.0,74.805,32.294,49.82,1.34762,3.8405,301.63,21.834,14.3091,8.6812
2021-07-08,0.844,1.34669,1.2532,0.72548,109.747,8.5957,8.7878,1.44059,0.91401,19.971,752.88,5.2528,3837.0,3.9392,1144.83,14465.0,74.73,32.509,50.21,1.35191,3.829,301.27,21.785,14.3125,8.6801
2021-07-09,0.8417,1.33601,1.244,0.71942,110.029,8.5687,8.6743,1.42959,0.9136,19.848,747.21,5.2584,3827.0,3.9392,1143.8,14544.0,74.49,32.51,49.98,1.3505,3.8259,299.06,21.649,14.1691,8.6461
2021-07-11,,1.33618,,0.72018,,,,1.43019,,,,,,,,,,,,,,,,,
2021-07-12,0.8427,1.33692,1.24529,0.7203,110.331,8.58387,8.68383,1.43143,0.91476,19.848,743.17,5.1733,3818.1,3.9392,1145.1,14484.0,74.53,32.633,50.22,1.35145,3.8315,299.19,21.6254,14.4048,8.6381
2021-07-13,0.8485,1.3434,1.2511,0.72394,110.607,8.64787,8.7767,1.43947,0.9179,20.054,749.27,5.1634,3819.2,3.9392,1149.84,14483.0,74.57,32.63,50.07,1.35423,3.8824,303.0,21.7467,14.7233,8.6078
2021-07-14,0.8441,1.33692,1.25086,0.72174,109.955,8.61555,8.73453,1.42106,0.91418,19.86,744.68,5.071,3790.02,3.9392,1143.91,14490.0,74.46,32.534,50.29,1.3523,3.8525,302.5,21.604,14.4955,8.5774
2021-07-15,0.8463,1.34729,1.25907,0.7235,109.81,8.65749,8.81643,1.43193,0.91742,19.93,755.25,5.1123,3812.02,3.9392,1141.28,14500.0,74.54,32.629,50.19,1.35386,3.8721,303.32,21.638,14.5517,8.5664
2021-07-16,0.8469,1.35117,1.2609,0.72659,110.066,8.6776,8.8538,1.42963,0.9186,19.873,755.57,5.115,3813.6,3.9392,1141.52,14515.0,74.608,32.78,50.35,1.357,3.8794,304.4,21.618,14.4568,8.5144
2021-07-17,,,,0.72653,,,,,,,,,,,,,,,,,,,,,
2021-07-18,,1.35157,,0.72668,,,,1.42931,,,,,,,,,,,,,,,,,
2021-07-19,0.8472,1.36229,1.2747,0.73132,109.453,8.686,8.94377,1.44067,0.9179,20.029,759.8,5.2519,3831.5,3.9392,1151.78,14520.0,74.851,32.794,50.93,1.36259,3.891,304.71,21.751,14.5517,8.5772
2021-07-20,0.8483,1.36463,1.2676,0.73393,109.847,8.6984,9.0009,1.44571,0.921,20.136,757.8,5.2131,3831.5,3.9392,1148.24,14520.0,74.53,32.83,50.59,1.36571,3.8914,304.635,21.754,14.5991,8.5574
2021-07-21,0.8474,1.3591,1.25616,0.72929,110.278,8.67264,8.87342,1.43589,0.917,20.133,752.18,5.1881,3851.0,3.9437,1149.3,14550.0,74.486,32.804,50.12,1.36385,3.8754,304.58,21.7579,14.5409,8.5718
2021-07-22,0.8492,1.3556,1.2561,0.72664,110.128,8.6793,8.8479,1.43451,0.9193,20.105,753.35,5.2076,3866.2,3.9282,1150.56,14505.0,74.45,32.89,50.03,1.35845,3.875,303.32,21.727,14.7038,8.56152
2021-07-23,0.8496,1.35796,1.2562,0.72748,110.51,8.6878,8.8589,1.43472,0.9192,20.042,761.76,5.2006,3885.0,3.9144,1151.42,14498.0,74.425,32.945,50.21,1.36,3.8806,305.5,21.756,14.8425,8.5471
2021-07-25,,1.35851,,0.72701,,,,1.43507,,,,,,,,,,,,,,,,,
2021-07-26,0.847,1.35479,1.25438,0.72343,110.362,8.6251,8.81424,1.42937,0.9156,20.019,759.72,5.176,3909.5,3.9058,1152.56,14490.0,74.33,32.93,50.33,1.35844,3.88545,305.97,21.735,14.7987,8.5441
2021-07-27,0.8458,1.35906,1.2599,0.72055,109.755,8.6232,8.87034,1.43767,0.91386,19.9619,767.51,5.1803,3928.0,3.924,1154.28,14485.0,74.498,32.874,50.53,1.36011,3.8861,303.79,21.699,14.7638,8.5534
2021-07-28,0.844,1.35599,1.25229,0.71924,109.93,8.59437,8.79951,1.4372,0.90992,19.905,761.45,5.1157,3867.5,3.9247,1150.18,14494.0,74.5,32.79,50.22,1.3561,3.8736,303.97,21.546,14.7475,8.5506
2021-07-29,0.8409,1.35238,1.2442,0.71641,109.48,8.54484,8.72418,1.42802,0.9057,19.852,759.83,5.0812,3843.6,3.9247,1143.18,14488.0,74.246,32.824,50.16,1.35215,3.8394,300.66,21.422,14.565,8.4523
2021-07-30,0.8424,1.36184,1.247,0.71954,109.615,8.6016,8.8039,1.4339,0.90489,19.855,753.8,5.2128,3874.0,3.9247,1151.57,14460.0,74.337,32.91,49.97,1.3536,3.8441,301.5,21.448,14.5693,8.4333
2021-07-31,,1.3624,,0.71911,,,,,,,,,,,,,,,,,,,,,
2021-08-01,,1.36297,,0.71969,,,,1.43528,,,,,,,,,,,,,,,,,
2021-08-02,0.842,1.35777,1.2503,0.7203,109.297,8.5944,8.8272,1.43377,0.90509,19.895,768.0,5.1543,3887.5,,1150.73,14454.0,74.354,32.894,49.8,1.3527,3.83715,300.57,21.425,14.4559,8.3439
2021-08-03,0.8423,1.35263,1.2535,0.7189,109.037,8.60311,8.80381,1.42505,0.904,19.8815,775.35,5.2035,3905.75,,1148.49,14360.0,74.249,33.018,49.63,1.35081,3.8326,299.65,21.4333,14.3123,8.4006
2021-08-04,0.8445,1.35538,1.2544,0.72013,109.47,8.60709,8.83663,1.42017,0.90585,19.949,773.89,5.1685,3899.0,4.0535,1143.43,14320.0,74.149,33.069,49.74,1.35094,3.8357,299.49,21.487,14.3598,8.4749
2021-08-05,0.8448,1.35075,1.2498,0.71798,109.753,8.6113,8.8073,1.41737,0.9068,19.901,777.54,5.2488,3914.0,4.065,1143.53,14340.0,74.098,33.24,50.32,1.3508,3.8319,298.4,21.43,14.5154,8.5149
2021-08-06,0.8498,1.35999,1.2546,0.72093,110.233,8.6678,8.8875,1.42694,0.91383,20.028,787.65,5.2404,3963.1,4.095,1144.93,14365.0,74.24,33.43,50.57,1.3542,3.888,300.75,21.569,14.6182,8.616
2021-08-08,,1.35958,,0.72081,,,,1.42733,,,,,,,,,,,,,,,,,
2021-08-09,0.8518,1.36444,1.25729,0.72215,110.305,8.7125,8.9398,1.4306,0.9198,20.057,784.98,5.2336,3993.35,4.108,1146.89,14375.0,74.475,33.427,50.42,1.3567,3.8842,300.88,21.585,14.7597,8.6481
2021-08-10,0.853,1.36184,1.25193,0.72254,110.545,8.7122,8.91883,1.42761,0.92235,20.079,778.33,5.1895,3964.0,4.078,1152.42,14395.0,74.43,33.46,50.42,1.35865,3.8981,301.32,21.652,14.7895,8.5709
2021-08-11,0.8516,1.3563,1.25033,0.72104,110.4,8.67962,8.85445,1.42112,0.9209,19.915,770.88,5.2183,3938.2,4.09,1152.81,14395.0,74.14,33.155,50.45,1.35589,3.8952,300.98,21.588,14.6427,8.6224
2021-08-12,0.852,1.36295,1.25199,0.72412,110.412,8.68251,8.84706,1.42857,0.92326,19.926,774.28,5.2536,3855.0,,1161.03,14385.0,74.293,33.065,50.34,1.3578,3.8956,300.58,21.609,14.761,8.5654
2021-08-13,0.848,1.35722,1.2512,0.72135,109.57,8.641,8.7959,1.42106,0.9149,19.859,775.47,5.2466,3838.2,4.078,1161.36,14384.0,74.239,33.32,50.55,1.3541,3.8688,298.57,21.509,14.7248,8.5171
2021-08-15,,1.35772,,0.72143,,,,1.42047,,,,,,,,,,,,,,,,,
2021-08-16,0.8489,1.36305,1.2573,0.72254,109.277,8.6504,8.8194,1.4247,0.91203,19.88568,786.25,5.2695,3838.2,4.08,1165.53,14380.0,74.16,33.408,50.63,1.35568,3.8682,298.35,21.566,14.8264,8.4489
2021-08-17,0.8536,1.37855,1.26209,0.72787,109.562,8.754,8.9111,1.4455,0.91417,19.991,789.1,5.296,3876.0,4.0885,1177.84,14379.0,74.37,33.269,50.399,1.36128,3.8924,300.02,21.7153,14.8978,8.4186
2021-08-18,0.8538,1.38221,1.2653,0.72711,109.769,8.7299,8.89195,1.45381,0.91615,20.04,786.83,5.3794,3847.5,4.094,1171.16,14379.0,74.27,33.293,50.42,1.3603,3.8851,298.91,21.695,14.96801,8.4338
2021-08-19,0.8558,1.39899,1.2822,0.73356,109.738,8.79751,9.0291,1.46469,0.91818,20.146,785.63,5.415,3866.4,4.0938,1176.03,14400.0,74.37,33.363,50.52,1.36443,3.9209,300.07,21.814,15.1935,8.4974
2021-08-20,0.8543,1.40213,1.282,0.73421,109.74,8.79674,9.0104,1.46406,0.9167,20.349,785.93,5.3773,3870.0,4.1075,1175.1,14460.0,74.347,33.35,50.33,1.3621,3.9137,299.19,21.827,15.2935,8.4852
2021-08-21,,1.40115,,0.73416,,,,,,,,,,,,,,,,,,,,,
2021-08-22,,1.40298,,0.73462,,,,1.46392,,,,,,,,,,,,,,,,,
2021-08-23,0.8511,1.38687,1.2659,0.72877,109.677,8.7135,8.90484,1.45222,0.9125,20.31,783.68,5.3782,3879.95,4.0902,1169.36,14410.0,74.12,33.238,50.14,1.35577,3.89896,297.88,21.746,15.11863,8.4169
2021-08-24,0.8503,1.37823,1.2591,0.72841,109.645,8.68222,8.82348,1.43924,0.91231,20.2,781.87,5.25,3865.0,4.0823,1163.67,14390.0,74.135,32.79,50.0,1.35415,3.8873,296.05,21.692,14.9852,8.4029
2021-08-25,0.8493,1.37502,1.259,0.72688,109.978,8.68094,8.80198,1.43451,0.91233,20.214,783.27,5.2086,3863.5,4.0707,1163.83,14405.0,74.11,32.646,48.74,1.3525,3.8821,295.73,21.688,14.9489,8.3717
2021-08-26,0.8505,1.38179,1.2681,0.73002,110.059,8.7005,8.83129,1.43945,0.9176,20.335,786.21,5.2522,3865.75,4.0588,1170.33,14420.0,74.14,32.745,50.03,1.3537,3.8874,296.38,21.6983,14.9113,8.3765
2021-08-27,0.8472,1.3678,1.2617,0.72676,109.81,8.6333,8.71,1.42633,0.911,20.192,782.38,5.2004,3824.91,4.066,1161.23,14428.0,73.47,32.54,49.86,1.3456,3.8757,295.86,21.599,14.7163,8.3434
2021-08-29,,1.36814,,0.72718,,,,1.42698,,,,,,,,,,,,,,,,,
2021-08-30,0.8473,1.3708,1.26032,0.72701,109.89,8.61809,8.65558,1.42927,0.91676,20.1128,782.0,5.1852,3812.65,4.0694,1165.52,14370.0,73.292,32.46,49.78,1.34516,3.8604,294.76,21.663,14.6404,8.3863
2021-08-31,0.8463,1.36743,1.261,0.72696,109.989,8.622,8.6894,1.41965,0.91475,20.0599,772.63,5.1492,3766.68,4.0764,1159.33,14302.0,72.947,32.114,49.63,1.3444,3.8265,295.46,21.497,14.5067,8.3014
2021-09-01,0.8443,1.35753,1.26167,0.72627,109.999,8.60616,8.69165,1.41529,0.91526,19.982,770.71,5.1858,3757.53,4.0737,1156.03,14280.0,72.994,32.214,49.885,1.3444,3.8034,293.62,21.392,14.4123,8.3041
2021-09-02,0.8417,1.35172,1.25502,0.72288,109.923,8.56979,8.64118,1.40696,0.91417,19.9571,767.65,5.1856,3792.53,4.0899,1158.98,14280.0,72.996,32.47,49.819,1.34193,3.795,293.49,21.367,14.432,8.2689
2021-09-03,0.8409,1.34145,1.2518,0.72124,109.692,8.5439,8.664,1.39911,0.91304,19.914,766.05,5.1847,3797.53,4.0817,1154.02,14258.0,72.982,32.415,49.87,1.3415,3.79,292.38,21.332,14.3098,8.3049
2021-09-04,,1.343,,0.7215,,,,,,,,,,,,,,,,,,,,,
2021-09-05,,1.34199,,0.72176,,,,1.39798,,,,,,,,,,,,,,,,,
2021-09-06,0.8421,1.34477,1.2537,0.72283,109.838,8.56161,8.64983,1.40193,0.91487,19.895,772.23,5.1693,3797.53,4.0912,1156.33,14258.0,73.073,32.419,49.89,1.342,3.8069,292.54,21.388,14.229,8.2791
2021-09-07,0.844,1.35443,1.2646,0.72537,110.271,8.58132,8.6787,1.40938,0.9193,19.922,780.28,5.1692,3797.53,4.0806,1161.89,14258.0,73.44,32.67,50.1,1.34542,3.8054,293.96,21.413,14.2962,8.3385
2021-09-08,0.846,1.35777,1.2687,0.72612,110.268,8.62364,8.70309,1.40843,0.92151,19.921,786.93,5.3057,3815.08,4.0831,1166.53,14263.0,73.841,32.74,50.105,1.34623,3.81936,295.89,21.482,14.1891,8.47
2021-09-09,0.8453,1.35716,1.26627,0.72276,109.729,8.59728,8.657,1.40698,0.91583,19.9179,792.9,5.1976,3841.23,4.0886,1169.9,14269.0,73.56,32.722,49.92,1.34248,3.83746,296.22,21.467,14.2111,8.43928
2021-09-10,0.8463,1.35962,1.2691,0.723,109.91,8.63348,8.6694,1.40588,0.91745,19.8293,788.08,5.2455,3832.53,4.0903,1170.22,14223.0,73.514,32.72,49.927,1.3413,3.8441,296.04,21.425,14.1982,8.4553
2021-09-12,,1.36036,,0.72288,,,,1.40643,,,,,,,,,,,,,,,,,
2021-09-13,0.8464,1.35704,1.2645,0.72265,109.992,8.60336,8.63589,1.40526,0.921,19.867,784.68,5.232,3828.13,4.0958,1174.08,14255.0,73.55,32.865,49.85,1.3419,3.8475,296.22,21.4212,14.1363,8.425
2021-09-14,0.8468,1.36649,1.2687,0.72422,109.7,8.60137,8.6352,1.40932,0.9192,19.902,783.38,5.2386,3828.02,4.0945,1171.48,14253.0,73.64,32.91,49.769,1.34372,3.8442,296.09,21.426,14.2985,8.4243
2021-09-15,0.846,1.36388,1.26233,0.72251,109.344,8.57311,8.56794,1.40698,0.91918,19.8391,777.67,5.2441,3812.53,4.0997,1166.23,14240.0,73.465,32.86,49.72,1.34042,3.8581,295.08,21.4062,14.4048,8.423
2021-09-16,0.8494,1.37118,1.2681,0.72507,109.723,8.61497,8.6281,1.41443,0.92743,19.93,783.25,5.2713,3814.7,4.0922,1175.2,14235.0,73.556,33.044,49.955,1.3443,3.8808,297.55,21.498,14.5856,8.5243
2021-09-17,0.8524,1.37646,1.2766,0.72791,109.895,8.6805,8.7002,1.42155,0.93138,20.0256,784.13,5.2877,3825.03,4.1001,1181.41,14225.0,73.64,33.29,50.04,1.3488,3.91231,300.54,21.627,14.7812,8.6238
2021-09-18,,,,0.72791,,,,,,,,,,,,,,,,,,,,,
2021-09-19,,1.37713,,0.72767,,,,1.42159,,,,,,,,,,,,,,,,,
2021-09-20,0.8529,1.37927,1.2819,0.73234,109.399,8.67366,8.70824,1.42389,0.9274,20.12,788.55,5.3247,3841.53,4.1168,1186.8,14248.0,73.64,33.35,50.23,1.35142,3.9228,301.87,21.708,14.7746,8.6591
2021-09-21,0.8526,1.38301,1.2809,0.7321,109.212,8.6883,8.6828,1.42841,0.9231,20.131,785.6,5.2683,3834.78,4.1,1184.35,14248.0,73.707,33.372,50.17,1.35199,3.93629,300.29,21.6503,14.8423,8.6224
2021-09-22,0.855,1.38179,1.27704,0.7344,109.779,8.68906,8.6573,1.42908,0.9257,20.08571,787.15,5.3098,3830.53,4.0994,1181.77,14245.0,73.8,33.463,50.29,1.35299,3.9474,303.41,21.717,14.8166,8.6494
2021-09-23,0.8514,1.3711,1.2651,0.72897,110.305,8.62653,8.57939,1.41567,0.9247,20.04876,784.94,5.3027,3831.53,4.0958,1174.76,14252.0,73.8,33.208,50.3,1.3479,3.9239,302.83,21.607,14.7381,8.7559
2021-09-24,0.8534,1.37779,1.2652,0.73154,110.685,8.6476,8.583,1.42613,0.92423,20.04,792.38,5.3344,3832.1,4.0978,1179.68,14245.0,73.814,33.43,50.68,1.3533,3.9236,304.2,21.668,14.9584,8.8786
2021-09-26,,1.37787,,0.73193,,,,1.42643,,,,,,,,,,,,,,,,,
2021-09-27,0.8541,1.3734,1.2626,0.72982,110.98,8.6994,8.5993,1.42674,0.92529,20.09451,793.2,5.382,3840.78,4.1126,1176.99,14253.0,73.858,33.577,51.08,1.35258,3.9263,305.81,21.718,14.9446,8.8124
2021-09-28,0.8556,1.3816,1.26844,0.73861,111.5,8.72703,8.65812,1.43761,0.9289,20.31526,802.37,5.4279,3831.53,4.1162,1187.74,14265.0,74.207,33.84,51.02,1.3569,3.9641,307.68,21.804,15.0787,8.8646
2021-09-29,0.8619,1.39346,1.2753,0.74488,111.95,8.8003,8.7695,1.4556,0.9337,20.503,809.7,5.4257,3833.53,4.1162,1187.76,14265.0,74.308,33.95,50.83,1.36096,3.9894,310.39,21.979,15.1701,8.9058
2021-09-30,0.8634,1.3837,1.26776,0.74228,111.283,8.7546,8.74107,1.45012,0.9309,20.62371,810.53,5.4424,3805.33,4.1162,1184.44,14265.0,74.17,33.663,51.08,1.3576,3.9746,309.8,21.813,15.05,8.8795
2021-10-01,0.8624,1.37817,1.2649,0.73828,111.008,8.7467,8.6231,1.4403,0.93064,20.429,803.03,5.3571,3787.53,4.1162,1179.47,14305.0,74.13,33.59,50.73,1.3563,3.9446,308.3,21.82,14.8682,8.8552
2021-10-03,,1.37798,,0.73852,,,,1.44267,,,,,,,,,,,,,,,,,
2021-10-04,0.8603,1.37212,1.2582,0.73488,110.892,8.7176,8.56746,1.43612,0.9242,20.47897,805.63,5.4425,3787.53,4.13,1184.42,14265.0,74.568,33.75,50.8,1.3562,3.9487,306.84,21.79,15.0293,8.8501
2021-10-05,0.8622,1.37231,1.25821,0.73408,111.48,8.73891,8.52162,1.43637,0.92778,20.552,810.9,5.4662,3781.03,4.1198,1186.09,14265.0,74.54,33.82,50.7,1.35576,3.9666,307.94,21.789,14.9963,8.8571
2021-10-06,0.8652,1.37589,1.2592,0.73621,111.41,8.80075,8.5714,1.44684,0.9278,20.548,812.93,5.4811,3785.53,4.1198,1190.73,14265.0,74.758,33.752,50.73,1.3584,3.9336,310.43,21.93,14.9783,8.8678
2021-10-07,0.865,1.36743,1.2551,0.7346,111.607,8.77829,8.56243,1.44321,0.9285,20.63257,811.88,5.504,3772.03,4.09,1191.21,14215.0,74.805,33.773,50.51,1.35755,3.96625,310.27,21.972,14.9213,8.869
2021-10-08,0.8645,1.36874,1.2466,0.7347,112.215,8.7318,8.5403,1.44361,0.92745,20.689,824.0,5.5061,3764.88,4.1198,1196.79,14220.0,75.117,33.84,50.54,1.3551,3.9728,310.9,21.963,14.923,8.9614
2021-10-09,,1.36892,,,,,,,,,,,,,,,,,,,,,,,
2021-10-10,,1.36956,,0.73425,,,,1.4455,,,,,,,,,,,,,,,,,
2021-10-11,0.8652,1.3611,1.24783,0.73561,113.292,8.76684,8.57276,1.44196,0.92712,20.83905,824.0,5.526,3750.53,4.1198,1195.69,14205.0,75.393,33.675,50.83,1.35495,3.96464,311.15,21.932,15.0649,8.995
2021-10-12,0.867,1.36054,1.2461,0.73605,113.607,8.77859,8.55355,1.44338,0.93023,20.788,822.78,5.5191,3719.03,4.1198,1197.87,14215.0,75.483,33.32,50.84,1.356,3.9693,312.1,22.02,14.96442,9.028
2021-10-13,0.862,1.35522,1.24392,0.73217,113.27,8.68254,8.4857,1.43616,0.9232,20.554,814.83,5.508,3737.53,4.1198,1186.71,14218.0,75.281,33.127,50.53,1.35105,3.9401,310.42,21.848,14.77683,9.1596
2021-10-14,0.8621,1.34869,1.237,0.73138,113.66,8.62955,8.44191,1.42247,0.9233,20.541,825.62,5.5217,3767.03,3.917,1182.15,14115.0,74.97,33.175,50.71,1.34801,3.9355,309.42,21.842,14.7675,9.172
2021-10-15,0.8616,1.34753,1.2366,0.72733,114.2,8.6061,8.4243,1.41399,0.92218,20.312,823.45,5.456,3761.2,3.93,1182.09,14080.0,75.028,33.42,50.7,1.3479,3.9359,309.83,21.853,14.5943,9.2517
2021-10-17,,1.34802,,0.72725,,,,1.41167,,,,,,,,,,,,,,,,,
2021-10-18,0.861,1.34947,1.23727,0.72844,114.316,8.65132,8.4048,1.41253,0.92381,20.39657,816.75,5.5047,3766.53,3.947,1185.74,14105.0,75.19,33.463,50.82,1.34878,3.9422,311.39,21.9,14.667,9.3278
2021-10-19,0.8593,1.33833,1.23571,0.72507,114.362,8.6214,8.3461,1.39899,0.923,20.2214,810.35,5.5945,3764.33,3.943,1175.56,14075.0,75.105,33.34,50.725,1.34357,3.9356,311.24,21.917,14.5063,9.2908
2021-10-20,0.8583,1.33067,1.2317,0.72328,114.333,8.58768,8.309,1.39016,0.91904,20.2003,813.6,5.5977,3765.62,3.9369,1176.43,14077.0,74.785,33.363,50.72,1.343,3.9305,310.64,21.907,14.4046,9.2089
2021-10-21,0.8597,1.33955,1.237,0.72506,114.0,8.5988,8.35785,1.39782,0.918,20.2709,817.63,5.6607,3778.53,3.9415,1178.68,14130.0,74.864,33.4,50.8,1.34647,3.955,312.87,22.018,14.6595,9.5329
2021-10-22,0.8585,1.33976,1.2359,0.72722,113.46,8.56839,8.3544,1.39802,0.91573,20.154,815.4,5.6483,3765.53,3.9552,1177.48,14160.0,74.979,33.36,50.71,1.3477,3.9481,312.69,22.029,14.8175,9.60309
2021-10-23,,,,0.72685,,,,,,,,,,,,,,,,,,,,,
2021-10-24,,1.33964,,0.72731,,,,1.39931,,,,,,,,,,,,,,,,,
2021-10-25,0.8609,1.33511,1.238,0.72643,113.701,8.6029,8.34143,1.39645,0.91896,20.154,807.37,5.5431,3764.53,3.9655,1168.39,14180.0,75.087,33.055,50.71,1.34727,3.9687,314.5,22.141,14.7084,9.5775
2021-10-26,0.862,1.33364,1.23896,0.72648,114.15,8.61552,8.3644,1.39626,0.91942,20.201,803.68,5.5666,3769.03,3.9749,1167.49,14160.0,74.898,33.114,50.7,1.3471,3.973,314.56,22.1424,14.8312,9.535
2021-10-27,0.8615,1.32996,1.2359,0.72787,113.81,8.58297,8.40896,1.39525,0.9175,20.30034,805.1,5.5371,3757.53,3.9653,1173.19,14180.0,75.01,33.144,50.66,1.34812,3.9745,312.69,22.163,15.06187,9.4876
2021-10-28,0.8557,1.32591,1.2341,0.72495,113.556,8.51177,8.32323,1.38947,0.9117,20.341,805.68,5.6459,3777.03,3.9738,1169.42,14195.0,74.79,33.124,50.409,1.34398,3.9501,308.99,22.011,15.1106,9.5271
2021-10-29,0.8649,1.32961,1.2389,0.73096,114.0,8.5877,8.4424,1.39587,0.9156,20.5295,813.2,5.6372,3757.53,3.9863,1174.46,14168.0,74.915,33.273,50.521,1.3488,3.985,311.07,22.16,15.2912,9.603
2021-10-30,,1.32961,,0.73041,,,,,,,,,,,,,,,,,,,,,
2021-10-31,,1.33159,,0.73093,,,,1.39659,,,,,,,,,,,,,,,,,
2021-11-01,0.8614,1.32982,1.2372,0.73188,113.995,8.51699,8.40349,1.39218,0.90892,20.829,811.2,5.6809,3757.53,3.9872,1177.21,14230.0,74.845,33.29,50.49,1.34765,3.9727,310.61,22.007,15.406,9.533
2021-11-02,0.8634,1.3459,1.24063,0.73443,113.94,8.56563,8.5226,1.40428,0.91407,20.76845,812.31,5.6917,3796.53,4.001,1178.53,14258.0,74.639,33.253,50.631,1.34894,3.9782,309.88,22.063,15.4188,9.60109
2021-11-03,0.8604,1.34246,1.23865,0.73073,113.973,8.52995,8.49307,1.39784,0.91154,20.54071,812.53,5.5525,3829.63,4.0041,1178.83,14299.0,74.43,33.29,50.615,1.3474,3.94,308.75,21.934,15.2529,9.6276
2021-11-04,0.8652,1.35184,1.24538,0.74099,113.741,8.5822,8.54933,1.40807,0.91249,20.5404,813.83,5.602,3869.53,4.0032,1185.96,14325.0,74.464,33.335,50.62,1.35043,3.9749,311.34,21.9253,15.2101,9.6893
2021-11-05,0.8645,1.35135,1.246,0.74101,113.4,8.5666,8.5513,1.40548,0.91145,20.317,811.05,5.5428,3870.03,4.0023,1181.05,14370.0,74.174,33.3,50.19,1.3502,3.9707,309.84,21.804,15.0504,9.6741
2021-11-06,,1.35172,,0.74113,,,,,,,,,,,,,,,,,,,,,
2021-11-07,,1.35172,,0.74184,,,,1.40607,,,,,,,,,,,,,,,,,
2021-11-08,0.8628,1.3474,1.24405,0.73727,113.23,8.57143,8.49824,1.39567,0.9125,20.32,802.33,5.5515,3874.53,4.003,1180.84,14265.0,73.899,32.925,50.09,1.34696,3.9595,311.39,21.794,14.9061,9.6791
2021-11-09,0.8622,1.35556,1.24354,0.73789,112.87,8.57319,8.50001,1.40341,0.91106,20.301,791.41,5.4755,3864.52,4.0092,1178.4,14230.0,74.17,32.762,50.15,1.34689,3.956,310.72,21.764,15.0371,9.7254
2021-11-10,0.8708,1.36519,1.2487,0.74605,113.9,8.70253,8.64718,1.41691,0.918,20.621,793.95,5.4939,3875.03,4.0147,1185.04,14250.0,74.393,32.805,50.04,1.35285,4.0126,316.46,21.934,15.4224,9.8382
2021-11-11,0.8729,1.37159,1.25754,0.74795,114.055,8.7146,8.66559,1.42436,0.9207,20.6315,793.18,5.4038,3876.53,4.0058,1182.39,14285.0,74.3,32.86,50.03,1.35432,4.0454,318.68,22.027,15.305,9.9006
2021-11-12,0.8735,1.36431,1.2549,0.74543,113.846,8.7577,8.6877,1.42076,0.92089,20.51,799.95,5.4562,3880.33,4.0103,1179.19,14240.0,74.319,32.76,49.81,1.35269,4.0476,320.5,22.049,15.3378,9.9759
2021-11-13,,1.36481,,0.7456,,,,,,,,,,,,,,,,,,,,,
2021-11-14,,1.36605,,0.74527,,,,,,,,,,,,,,,,,,,,,
2021-11-15,0.8794,1.36147,1.2514,0.74543,114.118,8.79573,8.7067,1.41983,0.92514,20.602,796.12,5.4498,3882.33,3.9818,1183.42,14202.0,74.381,32.725,50.13,1.35317,4.0798,321.56,22.18,15.22983,10.0507
2021-11-16,0.8828,1.36945,1.2559,0.74479,114.81,8.88821,8.737,1.43053,0.9298,20.7369,811.72,5.4966,3892.53,3.9854,1183.85,14208.0,74.452,32.75,50.42,1.35681,4.109,322.13,22.238,15.5032,10.3395
2021-11-17,0.8833,1.37627,1.261,0.74164,114.013,8.86024,8.74378,1.42918,0.92799,20.6446,828.7,5.5286,3916.53,4.0038,1180.45,14255.0,74.248,32.61,50.33,1.35548,4.115,321.75,22.22,15.4848,10.6103
2021-11-18,0.8785,1.37468,1.25964,0.74098,114.243,8.86284,8.8094,1.42015,0.9254,20.765,831.68,5.5708,3926.75,4.0111,1182.38,14228.0,74.16,32.577,50.25,1.356,4.1039,319.43,22.231,15.63886,10.9905
2021-11-19,0.8862,1.38301,1.2639,0.74338,113.988,8.9451,8.9133,1.43035,0.92823,20.816,826.65,5.6072,3908.23,3.996,1186.85,14235.0,74.333,32.715,50.47,1.36115,4.1582,325.53,22.517,15.7152,11.231
2021-11-20,,1.38274,,0.74394,,,,1.43055,,,,,,,,,,,,,,,,,
2021-11-21,,1.38236,,0.74366,,,,,,,,,,,,,,,,,,,,,
2021-11-22,0.8899,1.38427,1.2698,0.74649,114.87,8.9948,8.92315,1.43782,0.933,20.986,811.38,5.6052,3919.98,3.9968,1189.71,14250.0,74.423,33.04,50.67,1.3644,4.1849,329.28,22.603,15.8516,11.3576
2021-11-23,0.8884,1.38385,1.26693,0.7475,115.121,9.04233,8.8934,1.43924,0.93313,21.1817,811.55,5.5712,3939.23,3.9977,1189.09,14270.0,74.435,33.11,50.57,1.3654,4.1773,328.75,22.657,15.8214,12.8189
2021-11-24,0.8925,1.38987,1.2667,0.75041,115.413,9.125,8.95753,1.45554,0.93381,21.409,813.45,5.5885,3968.73,4.0139,1188.77,14268.0,74.585,33.37,50.4,1.36839,4.1729,328.81,22.762,15.8732,12.0855
2021-11-25,0.892,1.39101,1.26447,0.75079,115.34,9.08375,8.96389,1.45815,0.93554,21.55,820.37,5.5752,3975.23,4.0221,1190.18,14268.0,74.478,33.43,50.32,1.36716,4.1656,326.0,22.733,15.9585,12.0067
2021-11-26,0.8834,1.40586,1.2793,0.75015,113.346,9.153,9.0786,1.46714,0.92276,21.882,831.37,5.584,4001.23,4.011,1194.43,14275.0,75.0,33.495,50.47,1.36973,4.1553,326.07,22.651,16.302,12.4217
2021-11-27,,1.40469,,0.74974,,,,1.46735,,,,,,,,,,,,,,,,,
2021-11-28,,1.40135,,0.74996,,,,1.46563,,,,,,,,,,,,,,,,,
2021-11-29,0.8855,1.40017,1.2738,0.75114,113.524,9.069,9.0131,1.46514,0.9231,21.668,845.83,5.606,4029.23,4.0531,1190.63,14335.0,75.033,33.695,50.26,1.36816,4.1413,324.83,22.601,16.1582,12.8025
2021-11-30,0.8818,1.40361,1.2778,0.75201,113.148,9.01981,9.0285,1.46591,0.9188,21.431,826.7,5.6187,3992.2,4.0536,1182.72,14315.0,75.09,33.747,50.41,1.36477,4.1022,321.45,22.444,15.87085,13.4732
2021-12-01,0.8831,1.40805,1.28178,0.75313,112.765,9.07962,9.08753,1.46908,0.92,21.507,838.53,5.6955,3963.76,4.0646,1176.93,14350.0,75.009,33.725,50.38,1.36408,4.0794,320.29,22.478,16.0297,13.2646
2021-12-02,0.8846,1.40968,1.28081,0.75185,113.18,9.04682,9.0874,1.46791,0.92029,21.248,836.03,5.6506,3934.2,4.0626,1176.73,14373.0,74.962,33.88,50.38,1.36896,4.0654,322.21,22.485,15.92828,13.6783
2021-12-03,0.8834,1.42859,1.28429,0.75568,112.76,9.14281,9.1715,1.48234,0.91664,21.251,840.38,5.6524,3963.4,4.0687,1180.98,14405.0,75.237,33.84,50.41,1.37205,4.0609,321.87,22.448,16.0692,13.6999
2021-12-04,,1.42837,,0.7558,,,,,,,,,,,,,,,,,,,,,
2021-12-06,0.8859,1.41834,1.27536,0.75403,113.478,9.0942,9.0848,1.48126,0.9255,21.208,845.45,5.6932,3929.1,4.0775,1180.55,14438.0,75.394,33.827,50.35,1.368,4.0654,324.02,22.518,15.9152,13.7842
2021-12-07,0.8871,1.40497,1.26379,0.75516,113.589,9.10072,9.01192,1.47356,0.92483,21.022,839.3,5.6264,3907.0,4.0767,1176.73,14405.0,75.416,33.66,50.27,1.36589,4.063,325.92,22.554,15.8314,13.4925
2021-12-08,0.8814,1.39474,1.2653,0.75747,113.63,9.03933,8.8756,1.46886,0.92011,20.921,838.46,5.5384,3891.2,4.071,1175.19,14345.0,75.355,33.51,50.22,1.36118,4.0622,321.77,22.436,15.69714,13.6715
2021-12-09,0.8853,1.39913,1.2712,0.75651,113.471,9.05703,8.993,1.47189,0.92312,20.93758,848.08,5.5877,3899.6,4.0787,1178.16,14350.0,75.555,33.59,50.32,1.3643,4.0709,323.09,22.492,15.9374,13.7815
2021-12-10,0.8832,1.39503,1.27194,0.75367,113.374,9.0499,8.9375,1.47135,0.92056,20.866,844.5,5.6163,3896.6,4.0558,1180.87,14375.0,75.692,33.6,50.34,1.36318,4.0764,322.95,22.375,15.977,13.8719
2021-12-11,,1.39451,,0.75364,,,,1.47124,,,,,,,,,,,,,,,,,
2021-12-12,,1.39684,,0.75512,,,,1.47189,,,,,,,,,,,,,,,,,
2021-12-13,0.8858,1.40253,1.28049,0.75682,113.56,9.08953,9.037,1.48091,0.92269,21.01,841.03,5.6631,3887.35,4.0421,1184.87,14343.0,75.778,33.42,50.34,1.36728,4.1082,325.53,22.474,16.01143,13.8001
2021-12-14,0.8877,1.40786,1.28595,0.7558,113.658,9.1355,9.1067,1.48375,0.92346,21.22,842.6,5.6947,4002.6,4.0515,1185.1,14345.0,75.985,33.41,50.28,1.36994,4.1067,326.35,22.45,16.0873,14.3841
2021-12-15,0.8851,1.39511,1.2831,0.75413,114.001,9.0758,9.006,1.47471,0.92494,21.0071,850.63,5.6797,3996.9,4.0413,1184.51,14335.0,76.34,33.41,50.19,1.36513,4.088,326.48,22.355,15.9782,14.7875
2021-12-16,0.8823,1.39237,1.2773,0.75058,113.67,9.03406,8.9772,1.47102,0.91899,20.796,845.83,5.6884,4015.4,4.029,1186.29,14340.0,76.217,33.415,49.98,1.36597,4.085,324.76,22.346,15.93882,15.6583
2021-12-17,0.8897,1.40412,1.2886,0.7554,113.612,9.13806,9.0381,1.48535,0.92311,20.82172,842.13,5.681,3970.92,4.0323,1187.7,14365.0,75.976,33.34,49.87,1.36734,4.1166,326.54,22.404,15.8767,16.4135
2021-12-18,,1.40371,,0.75517,,,,1.48434,,,,,,,,,,,,,,,,,
2021-12-19,,1.4029,,0.75529,,,,1.485,,,,,,,,,,,,,,,,,
2021-12-20,0.8863,1.40659,1.29373,0.75723,113.571,9.1487,9.0478,1.49013,0.92036,20.7767,870.61,5.732,4003.1,4.0478,1190.05,14380.0,75.819,33.595,49.81,1.36563,4.105,325.93,22.369,15.7603,13.4107
2021-12-21,0.8858,1.39784,1.29123,0.75398,114.09,9.1284,8.9361,1.4782,0.92363,20.781,871.05,5.7413,3998.5,4.0444,1190.94,14345.0,75.648,33.68,49.93,1.36401,4.0905,325.3,22.337,15.8366,12.4289
2021-12-22,0.8823,1.38656,1.2834,0.74917,114.09,9.0814,8.8734,1.47003,0.91994,20.7072,860.15,5.6516,3996.59,4.0292,1190.24,14260.0,75.47,33.658,50.1,1.36158,4.0867,324.68,22.103,15.6928,11.9825
2021-12-23,0.8823,1.38122,1.2809,0.74596,114.38,9.0877,8.81055,1.46582,0.91884,20.621,858.23,5.6609,3996.6,3.9928,1185.55,14248.0,75.091,33.503,50.04,1.35822,4.0843,326.29,22.102,15.6499,11.2623
2021-12-24,0.8837,1.38475,1.28011,0.74711,114.35,9.1197,8.8446,1.4686,0.91851,20.6,864.15,5.6546,3987.6,4.001,1185.3,14248.0,75.03,33.418,50.02,1.35815,4.0782,325.93,22.125,15.5672,10.7547
2021-12-25,,1.38485,,0.74711,,,,1.46757,,,,,,,,,,,,,,,,,
2021-12-26,,1.38389,,0.74638,,,,,,,,,,,,,,,,,,,,,
2021-12-27,0.8825,1.3819,1.27852,0.7441,114.818,9.09731,8.8338,1.46821,0.91752,20.676,856.05,5.6361,3996.6,3.9873,1185.66,14220.0,74.96,33.527,50.24,1.35689,4.0591,326.34,22.105,15.5322,11.6801
2021-12-28,0.8837,1.38422,1.28153,0.74438,114.809,9.05101,8.79516,1.47016,0.9167,20.6488,853.87,5.6353,4005.6,3.97,1188.09,14235.0,74.7,33.54,50.62,1.35328,4.0641,326.6,22.025,15.7625,11.798
2021-12-29,0.8808,1.37914,1.2789,0.74135,114.903,9.02447,8.77821,1.46434,0.91453,20.559,848.25,5.6905,4034.46,3.9651,1184.7,14260.0,74.576,33.5,51.03,1.35188,4.0472,325.7,21.974,15.9336,12.6359
2021-12-30,0.8827,1.3795,1.2737,0.74085,115.11,9.0347,8.80226,1.46413,0.9135,20.4586,851.1,5.5772,4065.0,3.9798,1189.36,14265.0,74.4,33.35,51.0,1.35156,4.0492,325.16,21.935,15.9195,13.126
2021-12-31,0.8793,1.3784,1.26377,0.73977,115.068,9.0479,8.8088,1.46284,0.91217,20.5,851.1,5.579,4065.41,3.985,1187.96,14275.0,74.464,33.205,50.99,1.34824,4.0315,324.48,21.843,15.9458,13.3161
2022-01-01,,1.37741,,0.73915,,,,,,,,,,,,,,,,,,,,,
2022-01-02,,1.37608,,,,,,,,,,,,,,,,,,,,,,,
2022-01-03,0.8847,1.39082,1.2742,0.74189,115.319,9.10599,8.86763,1.47384,0.91853,20.5117,851.15,5.6607,4066.6,3.9737,1193.36,14265.0,74.369,33.22,51.04,1.35346,4.0491,324.2,21.959,15.8739,13.135
2022-01-04,0.8852,1.38141,1.2707,0.73915,116.14,9.09335,8.8589,1.46843,0.9161,20.501,846.68,5.688,4076.8,3.9454,1197.49,14305.0,74.502,33.265,51.05,1.35414,4.0405,320.99,21.825,15.9955,13.4111
2022-01-05,0.884,1.38472,1.27553,0.73778,116.112,9.1081,8.85016,1.47273,0.9164,20.5506,840.7,5.7087,4022.1,3.9527,1197.63,14360.0,74.27,33.183,51.04,1.35749,4.0388,320.09,21.737,15.8969,13.6525
2022-01-06,0.8848,1.39704,1.27255,0.73915,115.83,9.1395,8.8903,1.48214,0.92101,20.486,836.85,5.6863,4030.51,3.9552,1204.95,14393.0,74.38,33.55,51.16,1.36065,4.028,318.6,21.692,15.7218,13.8328
2022-01-07,0.8802,1.39316,1.26409,0.73605,115.53,9.04601,8.8238,1.47623,0.91872,20.4135,827.33,5.6333,4047.06,3.919,1197.57,14355.0,74.271,33.615,51.32,1.35555,4.0002,315.48,21.472,15.5638,13.8695
2022-01-08,,1.39315,,0.736,,,,1.47493,,,,,,,,,,,,,,,,,
2022-01-09,,1.39451,,,,,,1.47643,,,,,,,,,,,,,,,,,
2022-01-10,0.8822,1.39589,1.2679,0.7367,115.2,9.10193,8.85958,1.47973,0.92713,20.361,835.0,5.6783,4047.06,3.9204,1198.03,14355.0,74.02,33.62,51.15,1.35553,4.0058,316.32,21.48,15.6718,13.8011
2022-01-11,0.8795,1.38721,1.25717,0.73337,115.29,9.0351,8.76328,1.47427,0.92304,20.378,827.65,5.5878,3987.91,3.8954,1192.31,14295.0,73.781,33.308,50.98,1.35036,3.9886,313.66,21.466,15.515,13.76017
2022-01-12,0.8739,1.37287,1.2507,0.72993,114.631,8.93832,8.65201,1.46126,0.91423,20.346,822.97,5.5342,3970.51,3.8842,1185.88,14300.0,73.766,33.27,50.98,1.34574,3.9527,308.63,21.229,15.29593,13.2191
2022-01-13,0.8728,1.37325,1.25197,0.72966,114.178,8.93334,8.71285,1.45773,0.91111,20.333,815.67,5.5167,3963.41,3.8867,1186.1,14307.0,73.937,33.23,51.08,1.34541,3.9617,309.48,21.41,15.3996,13.56
2022-01-14,0.8758,1.38783,1.25552,0.7312,114.189,9.01654,8.75732,1.4713,0.9135,20.29,818.88,5.5282,4003.26,3.8657,1190.07,14305.0,74.151,33.198,51.31,1.34714,3.97,312.31,21.456,15.3821,13.5314
2022-01-15,,1.38793,,0.73137,,,,1.4713,,,,,,,,,,,,,,,,,
2022-01-16,,1.38708,,,,,,1.47189,,,,,,,,,,,,,,,,,
2022-01-17,0.8762,1.38658,1.2512,0.73281,114.62,9.01482,8.72357,1.47145,0.9131,20.2858,821.68,5.5209,4003.26,3.8697,1189.99,14305.0,74.258,33.1,51.24,1.34836,3.9623,311.69,21.425,15.37533,13.4235
2022-01-18,0.8826,1.39198,1.2512,0.73551,114.61,9.1325,8.8033,1.47732,0.91721,20.4013,817.08,5.5736,4033.2,3.8594,1192.55,14320.0,74.56,33.07,51.42,1.34992,3.9984,315.62,21.505,15.5045,13.5349
2022-01-19,0.8814,1.38696,1.2513,0.73465,114.318,9.1115,8.7781,1.47523,0.91625,20.48,808.18,5.4359,3990.36,3.8552,1188.12,14365.0,74.438,32.923,51.47,1.3478,3.9838,313.47,21.362,15.3207,13.3839
2022-01-20,0.8839,1.38385,1.25019,0.73534,114.077,9.22127,8.8264,1.48067,0.91699,20.53458,801.93,5.4186,3971.01,3.8253,1192.43,14350.0,74.446,32.91,51.41,1.34717,3.9965,315.08,21.437,15.2145,13.353
2022-01-21,0.8812,1.39274,1.25792,0.73799,113.674,9.1902,8.9034,1.49118,0.91074,20.451,798.13,5.4516,3952.44,3.83,1192.51,14343.0,74.388,32.985,51.25,1.34437,3.9895,315.83,21.478,15.0943,13.4325
2022-01-22,,1.39237,,0.7379,,,,,,,,,,,,,,,,,,,,,
2022-01-23,,1.39451,,0.7379,,,,1.48876,,,,,,,,,,,,,,,,,
2022-01-24,0.8828,1.40007,1.2636,0.74145,113.879,9.25469,8.95005,1.49298,0.9136,20.56717,806.53,5.4995,3971.91,3.8404,1195.58,14325.0,74.644,33.012,51.28,1.34566,4.0276,318.51,21.642,15.2546,13.4458
2022-01-25,0.8845,1.39899,1.26262,0.74066,113.858,9.25484,8.9332,1.49658,0.91818,20.6079,798.98,5.4448,3963.56,3.8365,1195.63,14325.0,74.771,32.94,51.15,1.34404,4.0513,317.18,21.659,15.22403,13.42787
2022-01-26,0.8893,1.40552,1.2669,0.74282,114.624,9.30208,8.9309,1.50376,0.9237,20.731,802.4,5.4314,3924.22,3.825,1196.52,14325.0,74.874,33.11,51.3,1.34693,4.0765,320.21,21.802,15.3336,13.5492
2022-01-27,0.8968,1.42241,1.27393,0.74728,115.364,9.38693,8.94388,1.51941,0.93026,20.76877,804.42,5.4052,3956.63,3.8274,1203.79,14380.0,75.221,33.3,51.24,1.35249,4.0874,320.03,21.895,15.4475,13.647
2022-01-28,0.8969,1.43199,1.27678,0.74638,115.178,9.42441,8.9734,1.529,0.93001,20.7965,812.55,5.3875,3951.63,3.8382,1209.57,14377.0,75.034,33.437,51.12,1.35556,4.106,321.37,21.96,15.5838,13.5423
2022-01-29,,1.43,,0.74638,,,,,,,,,,,,,,,,,,,,,
2022-01-30,,1.43219,,0.74638,,,,,,,,,,,,,,,,,,,,,
2022-01-31,0.8898,1.41579,1.2706,0.74365,115.04,9.31701,8.8861,1.52181,0.9272,20.625,799.9,5.3058,3941.41,3.8368,1204.63,14390.0,74.539,33.21,51.07,1.35113,4.0775,315.94,21.657,15.37037,13.2692
2022-02-01,0.8868,1.40288,1.26846,0.73962,114.683,9.25714,8.8252,1.50716,0.92142,20.531,801.75,5.2735,3919.13,3.874,1202.3,14388.0,74.724,33.18,50.93,1.34812,4.0512,314.96,21.525,15.2515,13.3774
2022-02-02,0.884,1.40156,1.26641,0.73661,114.437,9.19301,8.79401,1.50898,0.9185,20.564,809.7,5.2834,3928.64,3.8469,1199.47,14345.0,74.796,33.12,51.02,1.34697,4.0124,312.94,21.398,15.3323,13.4392
2022-02-03,0.8739,1.40076,1.26768,0.73558,114.952,9.0913,8.706,1.50173,0.9196,20.5451,817.58,5.2966,3950.06,3.846,1199.44,14375.0,74.639,33.11,50.93,1.3438,3.9655,309.6,21.266,15.25553,13.562
2022-02-04,0.8729,1.41487,1.27553,0.73927,115.25,9.1479,8.7903,1.51199,0.92542,20.668,828.05,5.3253,3946.18,3.8315,1198.24,14373.0,74.64,32.963,51.2,1.34591,3.9848,309.9,21.239,15.4867,13.5598
2022-02-05,,1.41383,,0.73921,,,,,,,,,,,,,,,,,,,,,
2022-02-07,0.8737,1.40343,1.2665,0.73879,115.11,9.1219,8.7729,1.50807,0.9235,20.579,824.08,5.2674,3959.23,3.8344,1196.87,14400.0,74.638,33.0,51.44,1.34336,3.9619,308.82,21.18,15.5067,13.5738
2022-02-08,0.8754,1.39958,1.2708,0.73844,115.529,9.1393,8.8209,1.50421,0.9247,20.598,826.6,5.2659,3941.63,3.8232,1196.35,14390.0,74.69,32.91,51.43,1.34488,3.9636,309.62,21.241,15.3403,13.5611
2022-02-09,0.8752,1.39315,1.2669,0.73888,115.51,9.11244,8.80804,1.49698,0.9244,20.45,811.8,5.2176,3930.16,3.7922,1194.06,14362.0,74.778,32.7,51.24,1.3414,3.9295,308.74,21.285,15.2104,13.5314
2022-02-10,0.8748,1.39548,1.27185,0.73768,115.959,9.3076,8.80786,1.49918,0.92514,20.5574,804.9,5.2355,3916.44,3.7253,1199.83,14340.0,75.34,32.722,51.28,1.34512,3.9391,309.65,21.294,15.1621,13.4727
2022-02-11,0.8811,1.40233,1.27354,0.73755,115.383,9.3321,8.8606,1.50559,0.92578,20.521,806.48,5.2313,3921.42,3.77,1199.5,14340.0,75.319,32.69,51.25,1.34647,4.021,313.99,21.641,15.2004,13.4665
2022-02-12,,1.40154,,0.73746,,,,1.50444,,,,,,,,,,,,,,,,,
2022-02-13,,1.40292,,,,,,1.50553,,,,,,,,,,,,,,,,,
2022-02-14,0.8843,1.40369,1.27287,0.73946,115.54,9.37739,8.87908,1.51245,0.92412,20.4155,812.93,5.2181,3941.48,3.7866,1197.31,14335.0,75.658,32.43,51.33,1.34682,4.0169,315.83,21.698,15.12388,13.57647
2022-02-15,0.8803,1.39829,1.27173,0.73887,115.61,9.28019,8.89209,1.50659,0.9254,20.39172,800.2,5.1598,3947.59,3.7918,1196.76,14290.0,75.134,32.362,51.29,1.34532,3.9551,311.13,21.427,15.1044,13.59076
2022-02-16,0.8787,1.39024,1.26864,0.73605,115.515,9.27468,8.87307,1.49739,0.92209,20.273,797.3,5.1344,3960.41,3.742,1196.54,14275.0,74.992,32.25,51.37,1.34333,3.9493,311.97,21.381,14.98383,13.58095
2022-02-17,0.8796,1.39177,1.2707,0.73459,114.94,9.33516,8.91369,1.49493,0.9202,20.2907,794.5,5.1723,3930.35,3.715,1198.62,14298.0,75.063,32.09,51.37,1.34298,3.9792,313.61,21.431,14.98161,13.5736
2022-02-18,0.8833,1.39454,1.2748,0.73607,114.992,9.3951,8.9821,1.49477,0.92047,20.28951,800.5,5.1382,3928.01,3.721,1195.59,14335.0,74.66,32.12,51.43,1.34597,3.9939,315.15,21.458,15.0924,13.6504
2022-02-19,,1.39334,,0.73578,,,,1.49276,,,,,,,,,,,,,,,,,
2022-02-20,,1.39509,,,,,,1.49571,,,,,,,,,,,,,,,,,
2022-02-21,0.884,1.39088,1.2749,0.73544,114.727,9.4322,9.00207,1.49341,0.91563,20.295,797.79,5.096,3931.01,3.7482,1193.65,14335.0,74.495,32.26,51.4,1.34575,4.0118,315.28,21.568,15.1422,13.6861
2022-02-22,0.8827,1.3859,1.2768,0.73637,115.07,9.33064,8.88881,1.48608,0.9215,20.278,791.89,5.0651,3926.01,3.7134,1191.91,14340.0,74.62,32.45,51.32,1.34513,4.0081,313.7,21.66,15.0715,13.7829
2022-02-23,0.8843,1.38257,1.27329,0.73839,114.973,9.3955,8.8975,1.47741,0.91735,20.23369,790.2,4.9981,3909.01,3.7182,1192.44,14350.0,74.64,32.26,51.11,1.34594,4.0513,319.55,21.747,15.1345,13.8105
2022-02-24,0.8932,1.39645,1.28117,0.74767,115.494,9.4967,8.95437,1.49466,0.92551,20.541,815.7,5.1349,3923.01,3.7928,1206.06,14368.0,75.656,32.63,51.29,1.35514,4.1275,326.8,22.056,15.3506,14.0307
2022-02-25,0.8867,1.3842,1.26949,0.74597,115.548,9.38595,8.82825,1.48256,0.92512,20.334,800.99,5.1631,3909.55,3.7967,1197.57,14365.0,75.086,32.42,51.308,1.35286,4.1046,323.48,21.943,15.1274,13.8201
2022-02-26,,1.38274,,,,,,,,,,,,,,,,,,,,,,,
2022-02-27,,1.39723,,0.75052,,,,,,,,,,,,,,,,,,,,,
2022-02-28,0.8912,1.37711,1.26705,0.74537,114.997,9.45774,8.8039,1.47695,0.91673,20.467,798.0,5.1623,3933.01,3.7728,1200.12,14366.0,75.499,32.68,51.17,1.35478,4.1853,330.85,22.389,15.3584,13.8419
2022-03-01,0.8987,1.37937,1.27416,0.75047,114.893,9.6448,8.87222,1.48078,0.9182,20.635,805.49,5.164,3879.01,3.776,1205.33,14345.0,75.772,32.73,51.34,1.35718,4.2638,338.26,22.825,15.3946,13.9187
2022-03-02,0.899,1.37056,1.2629,0.74598,115.489,9.67211,8.84767,1.47373,0.92011,20.593,804.18,5.0965,3830.18,3.7451,1203.17,14370.0,75.621,32.51,51.42,1.3542,4.2605,339.44,22.9524,15.31092,14.00026
2022-03-03,0.9034,1.3647,1.26807,0.74936,115.457,9.74269,8.9134,1.47061,0.91716,20.6375,795.15,5.0207,3755.45,3.7278,1205.55,14369.0,75.943,32.585,51.62,1.35624,4.34635,344.03,23.249,15.1855,14.09343
2022-03-04,0.9143,1.35744,1.2726,0.75593,114.763,9.84261,8.93585,1.45828,0.91601,20.931,803.53,5.0744,3826.01,3.751,1217.47,14379.0,76.36,32.61,51.94,1.35988,4.4669,353.98,23.471,15.37,14.169
2022-03-05,,1.35685,,0.75611,,,,1.45815,,,,,,,,,,,,,,,,,
2022-03-06,,1.35667,,0.75654,,,,1.45836,,,,,,,,,,,,,,,,,
2022-03-07,0.9211,1.36679,1.28193,0.76317,115.258,9.99935,9.05304,1.46572,0.9256,21.301,811.58,5.1076,3809.01,3.7197,1232.13,14405.0,76.92,33.008,52.28,1.36156,4.5831,362.67,23.691,15.3478,14.3674
2022-03-08,0.9174,1.37667,1.2882,0.76329,115.638,9.94725,8.98172,1.46994,0.92864,21.37181,809.37,5.0666,3767.06,3.7378,1233.54,14390.0,76.86,33.21,52.3,1.36541,4.4611,355.65,23.322,15.2831,14.46752
2022-03-09,0.9026,1.36644,1.2807,0.75897,115.802,9.67545,8.9064,1.46269,0.92625,20.893,803.9,5.0054,3739.01,3.7269,1223.13,14368.0,76.355,33.0,51.98,1.35816,4.3045,340.5,22.739,15.0009,14.63582
2022-03-10,0.9098,1.35964,1.27668,0.76423,116.13,9.68825,8.94724,1.4573,0.92932,20.93781,801.4,5.0165,3818.01,3.7078,1228.61,14295.0,76.297,33.1,52.22,1.3592,4.3515,346.45,22.86,15.0378,14.81105
2022-03-11,0.9161,1.37187,1.27468,0.76721,117.268,9.75307,9.0018,1.47061,0.93354,20.902,805.43,5.0745,3816.01,3.6988,1237.08,14302.0,76.71,33.3,52.31,1.36286,4.3794,350.06,22.9954,15.0386,14.7541
2022-03-12,,1.37174,,0.76711,,,,1.46908,,,,,,,,,,,,,,,,,
2022-03-13,,1.37193,,0.76725,,,,1.47029,,,,,,,,,,,,,,,,,
2022-03-14,0.9133,1.39101,1.2818,0.76916,118.182,9.6187,9.03162,1.48236,0.93806,20.8935,813.05,5.132,3793.61,3.7178,1241.3,14325.0,76.48,33.41,52.39,1.36598,4.3335,341.44,22.7087,15.1061,14.8011
2022-03-15,0.913,1.38985,1.2767,0.76714,118.302,9.6105,9.00177,1.47758,0.9414,20.8168,808.9,5.1592,3825.01,3.7337,1242.12,14317.0,76.28,33.532,52.31,1.36518,4.297,339.08,22.645,15.085,14.69187
2022-03-16,0.9061,1.3725,1.2676,0.76092,118.761,9.40682,8.90041,1.46542,0.93997,20.5955,797.13,5.0757,3831.01,3.7188,1223.51,14308.0,76.19,33.34,52.13,1.35826,4.2187,335.05,22.352,14.9111,14.5923
2022-03-17,0.9013,1.35604,1.26215,0.76072,118.599,9.4121,8.78972,1.4537,0.9374,20.51861,798.58,5.0363,3821.01,3.7387,1210.38,14285.0,75.947,33.2,52.14,1.3535,4.2151,334.62,22.264,14.9125,14.6803
2022-03-18,0.9041,1.34898,1.2602,0.75872,119.17,9.4121,8.7312,1.44865,0.9315,20.335,802.53,5.0231,3814.76,3.7808,1211.14,14335.0,76.05,33.32,52.29,1.3547,4.2622,339.32,22.47,14.9689,14.7899
2022-03-19,,1.34862,,0.75872,,,,1.44865,,,,,,,,,,,,,,,,,
2022-03-20,,1.35102,,0.75918,,,,1.45014,,,,,,,,,,,,,,,,,
2022-03-21,0.9073,1.35241,1.25922,0.75975,119.461,9.4879,8.73373,1.45245,0.9333,20.33,792.78,4.944,3796.01,3.7827,1218.22,14338.0,76.28,33.553,52.41,1.3571,4.2547,338.95,22.377,14.9315,14.82097
2022-03-22,0.9064,1.33994,1.2571,0.75425,120.815,9.4332,8.7525,1.43678,0.9323,20.276,792.03,4.9189,3756.52,3.7758,1215.16,14355.0,76.12,33.515,52.33,1.35632,4.235,335.68,22.3543,14.8099,14.82129
2022-03-23,0.9078,1.33404,1.25615,0.75743,121.119,9.4409,8.68914,1.43451,0.93022,20.22591,791.63,4.8403,3779.51,3.7654,1218.62,14347.0,76.5,33.61,52.35,1.35773,4.2829,339.42,22.373,14.7397,14.8387
2022-03-24,0.9086,1.33262,1.25246,0.75855,122.34,9.4112,8.66372,1.43699,0.92998,20.07,788.36,4.827,3783.01,3.7349,1220.05,14347.0,76.3,33.52,52.25,1.35718,4.3356,340.46,22.438,14.51,14.8149
2022-03-25,0.9102,1.3312,1.2473,0.75826,122.06,9.4155,8.6043,1.43451,0.9305,20.02,777.18,4.7499,3790.66,3.7348,1225.08,14338.0,76.25,33.58,52.1,1.3575,4.2566,339.0,22.328,14.5563,14.8286
2022-03-26,,1.3312,,0.75826,,,,1.43451,,,,,,,,,,,,,,,,,
2022-03-27,,1.33154,,0.7588,,,,1.4381,,,,,,,,,,,,,,,,,
2022-03-28,0.91,1.33538,1.25202,0.76382,123.89,9.48526,8.70741,1.45039,0.9342,20.115,777.75,4.7675,3781.21,3.7287,1223.45,14355.0,76.12,33.77,52.07,1.3606,4.2669,340.35,22.3494,14.66706,14.8205
2022-03-29,0.9013,1.33173,1.24993,0.76353,122.88,9.3241,8.67518,1.44223,0.9308,19.966,779.38,4.7619,3751.16,3.7228,1208.18,14360.0,75.63,33.47,51.97,1.3558,4.1977,331.11,22.039,14.5296,14.5688
2022-03-30,0.896,1.33138,1.24793,0.76143,121.863,9.24895,8.56163,1.43369,0.92289,19.8548,788.08,4.7696,3748.52,3.7075,1211.11,14340.0,75.84,33.266,51.97,1.3523,4.15475,328.75,21.876,14.47553,14.6196
2022-03-31,0.9032,1.3362,1.2504,0.7612,121.68,9.3901,8.7818,1.44259,0.92233,19.841,785.88,4.739,3767.82,3.6758,1214.17,14352.0,75.931,33.228,51.71,1.35387,4.1892,331.83,22.031,14.598,14.6671
2022-04-01,0.9051,1.33351,1.2518,0.76266,122.49,9.3572,8.7383,1.44552,0.92533,19.835,782.47,4.6643,3743.87,3.6369,1219.73,14360.0,75.963,33.442,51.52,1.3562,4.1931,332.57,22.018,14.6575,14.6825
2022-04-02,,1.33511,,0.76272,,,,,,,,,,,,,,,,,,,,,
2022-04-03,,1.3352,,0.76314,,,,1.44596,,,,,,,,,,,,,,,,,
2022-04-04,0.911,1.32587,1.24848,0.76254,122.779,9.41886,8.71668,1.43947,0.9262,19.8107,778.5,4.5928,3699.32,3.6278,1213.75,14358.0,75.429,33.45,51.34,1.35636,4.2043,335.86,22.163,14.5861,14.694
2022-04-05,0.9166,1.31987,1.24865,0.76504,123.6,9.424,8.7576,1.44059,0.92897,19.966,786.66,4.655,3735.77,3.6957,1218.22,14343.0,75.4,33.54,51.28,1.3588,4.2552,344.5,22.306,14.67959,14.70128
2022-04-06,0.9173,1.33207,1.25382,0.7654,123.769,9.48124,8.782,1.44559,0.933,20.1293,799.16,4.7066,3746.82,3.717,1218.17,14360.0,75.929,33.59,51.25,1.3597,4.26926,347.69,22.408,14.67416,14.70335
2022-04-07,0.9189,1.33693,1.2587,0.76488,123.945,9.45556,8.7982,1.4513,0.93311,20.1263,805.22,4.7469,3764.27,3.7107,1223.17,14355.0,75.891,33.426,51.39,1.361,4.254,347.3,22.49,14.7302,14.7364
2022-04-08,0.9195,1.34138,1.2568,0.7674,124.32,9.4435,8.697,1.46113,0.93413,20.0427,813.9,4.7062,3751.82,3.7098,1229.19,14355.0,75.923,33.59,51.59,1.3636,4.2633,347.33,22.43,14.6694,14.7364
2022-04-10,,1.3403,,0.7677,,,,1.46026,,,,,,,,,,,,,,,,,
2022-04-11,0.9185,1.34825,1.2632,0.7675,125.35,9.4981,8.79898,1.46434,0.9306,19.9139,816.15,4.6814,3733.82,3.71,1234.22,14365.0,75.829,33.615,52.1,1.3648,4.2781,347.52,22.438,14.5652,14.6516
2022-04-12,0.9232,1.34174,1.26413,0.76917,125.373,9.51673,8.7698,1.46017,0.9322,19.8014,806.4,4.6735,3748.15,3.7206,1228.08,14360.0,76.12,33.53,52.02,1.3638,4.2783,349.06,22.5665,14.5172,14.57259
2022-04-13,0.918,1.34192,1.2564,0.7625,125.67,9.4748,8.7426,1.47135,0.93387,19.7682,804.75,4.6826,3719.01,3.7327,1223.56,14355.0,76.105,33.513,52.07,1.3625,4.2596,345.876,22.4108,14.5414,14.59103
2022-04-14,0.9235,1.34916,1.2605,0.76507,125.907,9.5185,8.7699,1.47453,0.94161,19.96301,814.3,4.6965,3739.01,3.7284,1230.58,14345.0,76.265,33.67,52.18,1.3558,4.2788,347.18,22.552,14.65291,14.5984
2022-04-15,0.9248,1.3519,1.261,0.76581,126.439,9.5679,8.7972,1.47973,0.9426,19.941,813.85,4.6965,3719.01,3.7268,1228.2,14345.0,76.32,33.62,52.15,1.3562,4.273,347.46,22.533,14.6069,14.628
2022-04-16,,1.35263,,0.7657,,,,,,,,,,,,,,,,,,,,,
2022-04-17,,1.3528,,0.76599,,,,1.47752,,,,,,,,,,,,,,,,,
2022-04-18,0.9271,1.36036,1.26088,0.76877,127.079,9.5968,8.85308,1.4865,0.94442,19.815,815.49,4.6528,3728.51,3.732,1234.28,14352.0,76.259,33.685,52.3,1.36135,4.2795,346.56,22.651,14.66054,14.6146
2022-04-19,0.9265,1.35595,1.26156,0.76935,128.922,9.535,8.83284,1.48544,0.95168,20.01219,819.3,4.6675,3745.5,3.7068,1239.53,14344.0,76.419,33.786,52.46,1.3675,4.2979,344.61,22.623,14.9403,14.64836
2022-04-20,0.9214,1.3423,1.24937,0.76561,127.951,9.43396,8.80084,1.47007,0.9486,19.98898,813.35,4.6188,3755.41,3.7127,1233.71,14347.0,76.259,33.746,52.35,1.3627,4.27355,342.07,22.462,15.01774,14.6676
2022-04-21,0.9227,1.35643,1.25792,0.76734,128.36,9.5103,8.87778,1.48505,0.95317,20.1605,823.75,4.6113,3770.01,3.7353,1242.13,14345.0,76.245,33.867,52.43,1.36446,4.27576,341.76,22.4582,15.36388,14.7012
2022-04-22,0.9257,1.38179,1.2711,0.779,128.425,9.53776,8.9536,1.50821,0.9569,20.218,836.15,4.7965,3852.01,3.7639,1244.79,14358.0,76.49,33.97,52.33,1.3708,4.3048,344.29,22.524,15.6213,14.7339
2022-04-24,,1.37931,,0.77904,,,,1.5068,,,,,,,,,,,,,,,,,
2022-04-25,0.9332,1.39237,1.27331,0.78481,128.132,9.7101,9.10248,1.51071,0.95833,20.189,843.53,4.867,3929.45,3.8027,1249.55,14450.0,76.53,34.094,52.38,1.37389,4.3284,348.55,22.724,15.6754,14.7736
2022-04-26,0.9396,1.40473,1.2822,0.79548,127.204,9.843,9.23899,1.52439,0.96184,20.4342,845.53,4.9987,3937.65,3.8228,1260.67,14410.0,76.75,34.276,52.3,1.37854,4.4276,354.35,23.064,15.8391,14.7896
2022-04-27,0.9471,1.4039,1.2814,0.79747,128.47,9.8408,9.33491,1.52912,0.9689,20.3795,845.57,4.953,3947.95,3.8257,1266.27,14415.0,76.607,34.36,52.15,1.38073,4.4537,358.06,23.214,15.8683,14.7665
2022-04-28,0.9522,1.40853,1.2806,0.80287,130.847,9.86385,9.40503,1.54131,0.9713,20.455,856.63,4.9385,3977.9,3.8398,1272.12,14475.0,76.63,34.45,52.37,1.38675,4.4611,359.45,23.369,15.9398,14.7775
2022-04-29,0.948,1.41583,1.2856,0.79548,129.83,9.8166,9.3647,1.54919,0.97318,20.403,850.13,4.9721,3950.95,3.8347,1262.91,14495.0,76.482,34.368,52.31,1.3835,4.4286,360.46,23.318,15.8079,14.84264
2022-05-01,,1.41529,,0.7949,,,,1.54796,,,,,,,,,,,,,,,,,
2022-05-02,0.9517,1.4183,1.28723,0.80078,130.202,9.9095,9.44102,1.55509,0.97712,20.45294,859.88,5.0813,4002.93,3.8323,1266.7,14475.0,76.52,34.419,52.52,1.38548,4.46415,363.05,23.453,16.0878,14.87503
2022-05-03,0.9499,1.40936,1.28353,0.8004,130.099,9.8659,9.3957,1.55458,0.97844,20.261,854.9,4.9624,4022.95,3.815,1260.35,14477.0,76.46,34.34,52.51,1.38366,4.45616,361.261,23.403,15.8016,14.8081
2022-05-04,0.9407,1.37849,1.274,0.79158,129.145,9.7375,9.242,1.52898,0.97225,20.0188,852.9,4.9147,4061.2,3.7598,1251.52,14475.0,76.246,34.01,52.39,1.374,4.4409,354.59,23.121,15.456,14.7195
2022-05-05,0.9484,1.40588,1.28341,0.80928,130.173,9.93475,9.46487,1.55688,0.98422,20.21464,860.23,5.028,4081.2,3.7887,1269.46,14477.0,76.519,34.34,52.41,1.3835,4.4547,360.69,23.255,15.9776,14.85626
2022-05-06,0.9473,1.41303,1.2905,0.81057,130.56,9.947,9.4858,1.56206,0.9884,20.14241,858.44,5.0776,4050.7,3.806,1269.98,14475.0,76.957,34.33,52.41,1.3854,4.4615,361.44,23.693,16.0085,14.9468
2022-05-07,,,,0.81064,,,,1.56055,,,,,,,,,,,,,,,,,
2022-05-08,,1.41479,,0.8102,,,,1.56167,,,,,,,,,,,,,,,,,
2022-05-09,0.947,1.43951,1.30103,0.81117,130.333,10.08545,9.66801,1.58198,0.99319,20.3966,868.21,5.1618,4083.95,3.8197,1274.37,14475.0,77.35,34.54,52.589,1.3906,4.44035,359.9,23.635,16.2142,15.0811
2022-05-10,0.9493,1.44159,1.30243,0.8121,130.418,10.0734,9.72121,1.58975,0.9953,20.3769,866.3,5.1226,4070.95,3.7781,1275.59,14542.0,77.202,34.58,52.29,1.3909,4.44285,360.3,23.7,16.132,15.285
2022-05-11,0.9506,1.44132,1.29895,0.81657,129.956,10.0615,9.73982,1.58907,0.99322,20.31,861.58,5.1267,4076.7,3.7847,1279.27,14542.0,77.349,34.65,52.17,1.38983,4.4345,360.08,24.1293,16.0725,15.304
2022-05-12,0.963,1.45934,1.30464,0.81998,128.417,10.1544,9.8747,1.60591,1.002,20.24,865.11,5.1486,4102.93,3.7598,1290.87,14580.0,77.43,34.74,52.38,1.39626,4.4905,368.88,23.972,16.0846,15.40055
2022-05-13,0.96,1.44134,1.2908,0.81559,129.185,10.0571,9.7529,1.59185,1.00117,20.078,858.75,5.0503,4103.45,3.7752,1278.44,14615.0,77.47,34.743,52.37,1.3925,4.493,369.95,23.759,16.1533,15.4769
2022-05-15,,1.44306,,0.81657,,,,1.59309,,,,,,,,,,,,,,,,,
2022-05-16,0.9579,1.43451,1.28493,0.81172,129.062,10.029,9.76214,1.58504,1.0013,20.02804,857.09,5.0606,4047.95,3.7668,1280.16,14615.0,77.811,34.614,52.4,1.39171,4.45925,373.57,23.667,16.1728,15.5685
2022-05-17,0.9477,1.42278,1.28072,0.80069,129.36,9.91695,9.66173,1.57238,0.9928,19.929,850.31,4.941,4023.45,3.7607,1266.86,14648.0,77.454,34.496,52.39,1.38417,4.40675,365.97,23.386,15.8987,15.8297
2022-05-18,0.9555,1.43802,1.2884,0.81046,128.305,10.05275,9.9005,1.58871,0.98814,20.0207,854.04,4.9876,4065.91,3.7718,1275.33,14678.0,77.81,34.504,52.46,1.39047,4.4338,366.48,23.552,16.0866,15.9382
2022-05-19,0.9445,1.41904,1.2822,0.80179,127.713,9.9262,9.68586,1.56715,0.97154,19.901,837.0,4.931,4047.67,3.7297,1263.72,14728.0,77.4,34.268,52.25,1.38035,4.3876,363.11,23.295,15.813,15.8873
2022-05-20,0.9468,1.42207,1.2837,0.80086,127.85,9.94101,9.7414,1.56133,0.9737,19.851,835.95,4.863,3964.95,3.7278,1273.87,14657.0,77.855,34.39,52.2,1.38,4.3769,363.72,23.292,15.8232,15.8951
2022-05-22,,1.4182,,0.80068,,,,1.5616,,,,,,,,,,,,,,,,,
2022-05-23,0.9352,1.40706,1.2767,0.79466,127.9,9.8129,9.5865,1.54674,0.96521,19.86496,829.93,4.8076,3964.47,3.713,1258.16,14660.0,77.527,34.16,52.25,1.37304,4.30935,357.55,22.992,15.7486,15.91955
2022-05-24,0.9311,1.40744,1.28178,0.79821,126.83,9.7564,9.55774,1.54885,0.9593,19.8459,829.86,4.8186,3969.28,3.6961,1261.22,14650.0,77.448,34.095,52.32,1.37106,4.2817,356.48,22.896,15.6481,16.0903
2022-05-25,0.936,1.41177,1.28153,0.79504,127.242,9.85775,9.57301,1.54457,0.961,19.81888,831.55,4.8167,3930.55,3.6797,1266.77,14640.0,77.519,34.27,52.41,1.3744,4.30575,367.35,23.088,15.7199,16.3196
2022-05-26,0.9312,1.40996,1.27701,0.79366,127.093,9.85692,9.53777,1.54321,0.95892,19.76591,823.27,4.7695,3914.95,3.6563,1260.05,14640.0,77.644,34.24,52.34,1.37252,4.2889,365.42,22.994,15.707,16.3361
2022-05-27,0.9312,1.39665,1.2724,0.79192,127.085,9.80637,9.4571,1.53046,0.95699,19.566,825.95,4.7283,3926.45,3.6707,1251.09,14575.0,77.606,34.14,52.23,1.3687,4.2561,366.99,22.98,15.5832,16.1807
2022-05-29,,1.39747,,0.79212,,,,1.53097,,,,,,,,,,,,,,,,,
2022-05-30,0.9275,1.39005,1.2652,0.79041,127.63,9.74891,9.3987,1.52534,0.95714,19.5394,829.94,4.7491,3792.95,3.6747,1235.34,14575.0,77.527,34.07,52.29,1.3661,4.25045,365.47,22.906,15.4728,16.3831
2022-05-31,0.9315,1.39392,1.2649,0.7938,128.687,9.7498,9.36208,1.53652,0.95938,19.64871,823.38,4.7314,3760.6,3.7097,1242.26,14575.0,77.582,34.271,52.44,1.37024,4.26455,369.38,23.006,15.61911,16.3836
2022-06-01,0.9384,1.39406,1.26565,0.80102,130.132,9.8494,9.4794,1.54283,0.9634,19.69506,822.92,4.8151,3797.02,3.7253,1246.75,14580.0,77.529,34.306,52.46,1.37458,4.30409,372.17,23.201,15.5733,16.3911
2022-06-02,0.9302,1.37686,1.25705,0.7953,129.854,9.6892,9.3665,1.52525,0.95739,19.522,812.54,4.788,3764.6,3.6923,1240.32,14521.0,77.371,34.25,52.78,1.37019,4.2566,366.5,22.935,15.4703,16.4579
2022-06-03,0.9328,1.38773,1.2594,0.80096,130.86,9.7632,9.4303,1.53633,0.9608,19.545,811.12,4.776,3766.1,3.6966,1250.58,14428.0,77.602,34.3,52.9,1.3757,4.2738,365.43,22.991,15.5854,16.4126
2022-06-05,,1.38721,,0.80085,,,,1.53721,,,,,,,,,,,,,,,,,
2022-06-06,0.9347,1.39032,1.25758,0.79809,131.895,9.78195,9.4225,1.54095,0.97034,19.549,822.05,4.7986,3783.6,3.7259,1253.63,14460.0,77.796,34.41,52.93,1.3764,4.28435,361.8,23.075,15.4125,16.5975
2022-06-07,0.9339,1.3832,1.253,0.79434,132.63,9.7978,9.4608,1.54147,0.97218,19.558,828.48,4.8681,3777.6,3.7385,1254.35,14459.0,77.646,34.401,52.83,1.37332,4.2711,362.65,23.102,15.3682,16.8215
2022-06-08,0.9328,1.3909,1.2554,0.79776,134.222,9.81596,9.46459,1.55174,0.97787,19.5645,821.2,4.8855,3795.6,3.7543,1256.69,14475.0,77.686,34.51,52.99,1.37549,4.2736,368.51,23.0281,15.27052,17.1608
2022-06-09,0.9415,1.40909,1.2699,0.80032,134.39,9.90865,9.58835,1.56632,0.98002,19.656,825.76,4.8986,3842.5,3.7433,1263.8,14550.0,77.8,34.555,52.96,1.3828,4.3347,372.02,23.224,15.5018,17.2432
2022-06-10,0.95,1.41824,1.2784,0.81208,134.42,10.02538,9.6953,1.57451,0.98759,19.956,843.8,4.9888,3935.0,3.7542,1279.32,14565.0,78.096,34.7,53.05,1.3876,4.3746,378.09,23.468,15.8422,17.0718
2022-06-12,,1.42104,,0.81197,,,,1.57599,,,,,,,,,,,,,,,,,
2022-06-13,0.9604,1.44386,1.28926,0.8241,134.399,10.1963,9.913,1.59729,0.99711,20.45341,861.99,5.1064,3961.6,3.7651,1290.36,14668.0,78.076,34.846,53.24,1.39425,4.4676,383.98,23.74,16.1059,17.2649
2022-06-14,0.9597,1.45482,1.29557,0.83366,135.565,10.1989,10.01829,1.60924,1.00137,20.5645,868.1,5.117,3959.5,3.7446,1288.1,14725.0,77.994,34.995,53.24,1.39382,4.4664,384.36,23.729,16.0354,17.2226
2022-06-15,0.957,1.42757,1.28839,0.82167,133.81,10.177,9.93411,1.59134,0.99358,20.2276,856.08,5.0649,3883.5,3.7044,1278.12,14743.0,78.138,34.61,53.37,1.38609,4.4636,380.51,23.664,15.7704,17.2361
2022-06-16,0.947,1.41904,1.29476,0.80964,132.288,10.1293,9.9328,1.57243,0.96627,20.40634,864.86,5.0535,3890.95,3.6972,1287.48,14738.0,77.899,34.911,53.47,1.3832,4.4757,377.71,23.428,16.0005,17.2762
2022-06-17,0.9526,1.44279,1.3026,0.8182,134.96,10.17006,9.98748,1.58479,0.9697,20.334,875.86,5.153,3897.94,3.7082,1291.26,14825.0,77.924,35.2,53.75,1.3901,4.4509,380.79,23.542,16.004,17.3255
2022-06-19,,1.4425,,0.81815,,,,1.58438,,,,,,,,,,,,,,,,,
2022-06-20,0.951,1.43843,1.29799,0.81659,135.091,10.1146,9.9005,1.58008,0.9667,20.265,882.1,5.1769,3897.94,3.712,1290.78,14825.0,77.893,35.269,54.1,1.3882,4.4205,377.54,23.474,16.02058,17.3102
2022-06-21,0.9488,1.43575,1.29168,0.81444,136.654,10.0911,9.8328,1.5795,0.96519,20.14041,878.0,5.1252,4010.75,3.7089,1290.73,14800.0,78.111,35.175,54.2,1.38532,4.3959,374.06,23.4034,15.9033,17.3105
2022-06-22,0.9462,1.44436,1.29473,0.81554,136.121,10.0929,9.9142,1.59109,0.96094,20.045,888.88,5.1945,4011.11,3.7124,1296.71,14855.0,78.18,35.202,54.43,1.38671,4.4436,374.3,23.38,15.9029,17.3288
2022-06-23,0.9499,1.45026,1.2994,0.81583,134.927,10.1819,9.9719,1.59347,0.96088,19.9888,902.65,5.2287,4096.13,3.7497,1299.18,14830.0,78.111,35.453,54.63,1.38988,4.46635,379.37,23.502,15.95737,17.3597
2022-06-24,0.9471,1.43947,1.2889,0.81521,135.17,10.1247,9.8444,1.58421,0.957,19.85,916.77,5.2424,4131.1,3.7685,1288.88,14843.0,78.23,35.45,54.89,1.3855,4.4378,380.12,23.424,15.7993,16.886
2022-06-25,,1.44113,,0.81486,,,,,,,,,,,,,,,,,,,,,
2022-06-26,,1.44134,,0.81508,,,,1.58416,,,,,,,,,,,,,,,,,
2022-06-27,0.9446,1.44475,1.28732,0.81533,135.435,10.0763,9.7892,1.58738,0.95598,19.8959,920.14,5.2264,4123.6,3.7622,1285.07,14799.0,78.42,35.333,54.76,1.38535,4.4219,380.06,23.3437,15.84147,16.5521
2022-06-28,0.9501,1.44823,1.2866,0.82061,136.122,10.1529,9.82163,1.60385,0.95672,20.1328,910.35,5.2691,4086.6,3.776,1291.48,14835.0,78.968,35.114,54.73,1.38749,4.4614,377.18,23.488,16.0827,16.561
2022-06-29,0.9575,1.45427,1.2892,0.82501,136.534,10.2346,9.90399,1.60823,0.95422,20.105,926.35,5.1822,4107.6,3.7719,1301.9,14845.0,78.91,35.23,55.01,1.39322,4.4687,377.17,23.675,16.2159,16.6417
2022-06-30,0.954,1.44919,1.2874,0.82148,135.733,10.223,9.83965,1.60246,0.9551,20.1071,917.89,5.2532,4141.97,3.8141,1287.51,14880.0,78.95,35.24,54.97,1.38921,4.48105,377.79,23.589,16.2769,16.67843
2022-07-01,0.9591,1.46778,1.2883,0.82686,135.175,10.3036,9.9222,1.61134,0.95918,20.251,931.89,5.33,4195.65,3.832,1298.66,14953.0,78.919,35.54,55.12,1.3962,4.491,383.3,23.724,16.374,16.7613
2022-07-03,,1.46854,,0.82656,,,,1.61262,,,,,,,,,,,,,,,,,
2022-07-04,0.9593,1.45692,1.28561,0.82659,135.74,10.3458,9.8262,1.61088,0.96072,20.2807,928.06,5.3293,4195.65,3.815,1294.72,14965.0,78.909,35.616,55.08,1.39535,4.51795,386.0,23.71,16.3295,16.77542
2022-07-05,0.9739,1.47124,1.30298,0.83673,135.836,10.5065,10.05818,1.62117,0.9684,20.52411,952.85,5.3866,4270.6,3.8464,1308.11,14985.0,79.271,35.866,55.34,1.40523,4.6258,396.86,24.087,16.5337,16.9463
2022-07-06,0.9817,1.47451,1.30349,0.83916,135.92,10.5412,10.1282,1.62729,0.9705,20.6399,969.55,5.4181,4344.1,3.8502,1304.43,14985.0,79.02,36.2,55.81,1.4051,4.6871,402.33,24.3153,16.798,17.2035
2022-07-07,0.9838,1.46239,1.2969,0.83192,136.01,10.5317,10.08949,1.61972,0.97376,20.49484,951.33,5.348,4385.6,,1297.23,14985.0,79.14,35.981,55.92,1.40064,4.70365,396.08,24.357,16.713,17.23294
2022-07-08,0.9821,1.45858,1.2945,0.83146,136.08,10.50851,10.0716,1.61525,0.97619,20.447,972.73,5.2552,4411.1,3.8192,1294.68,14985.0,79.27,35.9,55.82,1.3976,4.6805,397.32,24.164,16.872,17.2683
2022-07-10,,1.45943,,0.83107,,,,1.61695,,,,,,,,,,,,,,,,,
2022-07-11,0.9959,1.48588,1.30048,0.84111,137.422,10.6221,10.2066,1.63704,0.98267,20.7139,991.79,5.3665,4568.74,3.9473,1309.93,14974.0,79.41,36.238,55.98,1.4056,4.7854,404.89,24.497,17.0507,17.3683
2022-07-12,0.9963,1.48017,1.3021,0.84133,136.835,10.5756,10.25317,1.63247,0.9818,20.8481,1019.2,5.4322,4622.04,3.9543,1305.21,14974.0,79.46,36.128,56.34,1.40686,4.7991,405.5,24.308,16.9934,17.2775
2022-07-13,0.994,1.48034,1.29727,0.84097,137.402,10.5667,10.1899,1.63255,0.9791,20.73328,1008.8,5.383,4480.6,3.9543,1304.54,14974.0,79.65,36.198,56.24,1.40439,4.7962,408.06,24.194,16.8953,17.3778
2022-07-14,0.9976,1.48267,1.312,0.84569,138.973,10.5973,10.22983,1.63345,0.98331,20.8128,1049.3,5.4354,4482.6,3.8911,1316.42,14995.0,79.89,36.514,56.34,1.4032,4.8067,405.18,24.378,17.1792,17.4344
2022-07-15,0.9913,1.47304,1.3024,0.84304,138.456,10.4761,10.1597,1.62372,0.97519,20.527,972.4,5.3953,4349.6,3.8923,1317.79,14995.0,79.76,36.56,56.27,1.3998,4.7335,397.25,24.26,17.0666,17.395
2022-07-17,,1.47314,,0.84284,,,,1.62562,,,,,,,,,,,,,,,,,
2022-07-18,0.9853,1.4681,1.29792,0.83676,138.122,10.39808,10.07793,1.62551,0.97701,20.4383,944.08,5.4385,4304.07,3.8909,1318.22,14983.0,80.0,36.65,56.3,1.3968,4.7259,395.2,24.145,17.0771,17.45128
2022-07-19,0.9774,1.44963,1.28706,0.83355,138.161,10.2288,9.90342,1.6073,0.96842,20.5076,926.05,5.4032,4313.2,3.8612,1305.12,14990.0,79.86,36.6,56.16,1.39145,4.6452,388.9,23.932,17.0829,17.5199
2022-07-20,0.9822,1.45201,1.28831,0.83498,138.24,10.2481,9.97841,1.60539,0.97126,20.545,926.03,5.4569,4344.25,3.8771,1312.25,14980.0,79.98,36.628,56.27,1.3932,4.6798,391.07,24.085,17.12908,17.58
2022-07-21,0.9773,1.44238,1.28664,0.83393,137.368,10.1882,9.932,1.59974,0.96626,20.6095,928.37,5.4998,4414.8,3.9029,1306.11,15015.0,79.86,36.703,56.4,1.38947,4.6531,388.97,23.941,17.0002,17.7199
2022-07-22,0.9785,1.44425,1.2915,0.83319,136.05,10.21675,9.9262,1.59949,0.96069,20.525,950.11,5.4977,4453.25,3.9025,1309.79,15022.0,79.82,36.65,56.11,1.3876,4.6352,388.54,24.047,16.8233,17.7173
2022-07-24,,1.44454,,0.83322,,,,1.60023,,,,,,,,,,,,,,,,,
2022-07-25,0.9781,1.43761,1.2845,0.83007,136.646,10.1917,9.83481,1.59734,0.96425,20.428,936.9,5.3571,4456.05,3.9023,1309.87,14990.0,79.691,36.636,55.78,1.3861,4.6178,390.5,24.004,16.7813,17.7965
2022-07-26,0.988,1.44169,1.28806,0.83131,136.908,10.3208,9.89869,1.60498,0.9626,20.4473,924.45,5.3593,4432.25,3.9082,1309.98,14980.0,79.852,36.692,55.41,1.38935,4.69796,396.03,24.291,16.9054,17.8402
2022-07-27,0.9801,1.43021,1.2825,0.82265,136.567,10.21477,9.7377,1.59721,0.95897,20.3682,914.48,5.2437,4415.6,3.9097,1306.2,15015.0,79.845,36.653,55.51,1.38341,4.68256,395.76,24.036,16.6887,17.8649
2022-07-28,0.9807,1.43094,1.28048,0.82134,134.308,10.2041,9.73349,1.59033,0.9548,20.2747,907.9,5.1715,4361.6,3.9208,1295.45,14955.0,79.627,36.385,55.79,1.37926,4.66605,397.08,24.07,16.4972,17.9336
2022-07-29,0.9778,1.43184,1.2794,0.82139,133.19,10.1391,9.65905,1.59033,0.9512,20.351,900.65,5.1724,4277.6,3.9158,1302.95,14955.0,79.335,36.29,55.34,1.38,4.6289,395.14,24.061,16.623,17.9114
2022-07-31,,1.43166,,0.82137,,,,1.5918,,,,,,,,,,,,,,,,,
2022-08-01,0.9745,1.42361,1.28374,0.81645,131.644,10.1149,9.63231,1.57968,0.94919,20.36671,891.25,5.1857,4268.1,3.8707,1307.07,14870.0,78.967,35.937,55.38,1.37642,4.5916,390.36,23.995,16.4767,17.9013
2022-08-02,0.9836,1.44561,1.28737,0.82223,133.163,10.25021,9.7649,1.60036,0.95729,20.77899,909.34,5.2776,4314.6,3.9157,1313.93,14885.0,78.587,36.2,55.54,1.38206,4.6467,391.25,24.233,16.80963,17.9433
2022-08-03,0.9832,1.4391,1.28424,0.82353,133.833,10.2089,9.7086,1.59472,0.96054,20.45524,911.17,5.2843,4296.2,3.8984,1307.8,14915.0,79.07,36.245,55.73,1.3807,4.6167,387.45,24.218,16.7817,17.9272
2022-08-04,0.9757,1.43573,1.28649,0.82269,132.984,10.1117,9.73065,1.58902,0.9548,20.3155,901.95,5.2119,4285.6,3.879,1302.01,14930.0,79.15,35.802,55.53,1.3762,4.59715,385.56,23.986,16.6068,17.88897
2022-08-05,0.9816,1.4476,1.293,0.8285,134.97,10.186,9.78473,1.60323,0.96161,20.413,917.69,5.1725,4335.7,3.9012,1302.24,14900.0,79.35,35.79,55.541,1.3802,4.621,386.23,24.029,16.7779,17.9101
2022-08-06,,1.4476,,0.8285,,,,,,,,,,,,,,,,,,,,,
2022-08-07,,1.44795,,0.82882,,,,1.60228,,,,,,,,,,,,,,,,,
2022-08-08,0.9808,1.43234,1.2861,0.8279,134.993,10.1482,9.74731,1.59124,0.9551,20.267,905.45,5.1132,4306.96,3.9113,1298.96,14910.0,79.587,35.484,55.37,1.37793,4.60625,386.31,24.018,16.648,17.9333
2022-08-09,0.9789,1.43614,1.28821,0.82833,135.079,10.16251,9.7263,1.5915,0.9537,20.2225,903.3,5.1237,4344.13,3.9173,1307.53,14860.0,79.563,35.303,55.6,1.3787,4.59855,388.1,23.97,16.59069,17.89437
2022-08-10,0.9706,1.41303,1.27736,0.81863,132.87,10.04829,9.51975,1.56274,0.94229,20.02336,886.2,5.0912,4268.13,3.876,1297.42,14870.0,79.051,35.31,55.4,1.36846,4.53749,383.13,23.6211,16.2041,17.8049
2022-08-11,0.9684,1.40786,1.27606,0.81984,133.006,10.05694,9.52428,1.55562,0.941,19.921,883.53,5.165,4225.13,3.8607,1305.12,14795.0,79.56,35.068,55.4,1.36926,4.53506,382.39,23.564,16.24902,17.9141
2022-08-12,0.9749,1.4043,1.2772,0.8244,133.48,10.19573,9.56205,1.54991,0.94083,19.829,874.93,5.0719,4156.13,3.864,1301.28,14685.0,79.62,35.36,55.66,1.3711,4.5352,382.72,23.748,16.194,17.9324
2022-08-13,,1.4043,,0.8244,,,,1.54967,,,,,,,,,,,,,,,,,
2022-08-14,,1.40528,,0.8244,,,,1.55111,,,,,,,,,,,,,,,,,
2022-08-15,0.9837,1.42428,1.2898,0.82939,133.269,10.3401,9.7106,1.57146,0.94612,19.82,880.18,5.0979,4157.13,3.8446,1312.19,14725.0,79.532,35.482,55.9,1.37879,4.6028,392.43,24.03,16.4281,17.9336
2022-08-16,0.9829,1.42393,1.285,0.82702,134.225,10.33772,9.66073,1.57664,0.9499,19.88,881.05,5.145,4244.29,3.8404,1310.47,14765.0,79.24,35.363,55.86,1.37814,4.5896,397.3,24.094,16.3787,17.9146
2022-08-17,0.9823,1.44269,1.29125,0.83001,135.1,10.3846,9.69084,1.59337,0.9515,19.951,897.15,5.1684,4338.09,3.8274,1314.27,14765.0,79.35,35.43,55.96,1.38112,4.6176,396.38,24.094,16.6391,17.9378
2022-08-18,0.991,1.44634,1.2947,0.83822,135.87,10.50965,9.7302,1.59923,0.95586,20.1176,928.4,5.168,4383.54,3.8304,1325.73,14820.0,79.73,35.64,55.96,1.38562,4.68155,402.72,24.365,16.85782,18.05888
2022-08-19,0.9956,1.45518,1.2992,0.84552,136.93,10.58203,9.797,1.62075,0.9586,20.152,944.05,5.1701,4369.95,3.8512,1335.59,14855.0,79.91,35.76,55.94,1.3912,4.726,402.53,24.517,16.9982,18.085
2022-08-20,,1.45518,,0.84552,,,,1.62075,,,,,,,,,,,,,,,,,
2022-08-21,,1.45527,,0.84574,,,,1.61896,,,,,,,,,,,,,,,,,
2022-08-22,1.0053,1.45486,1.30511,0.84999,137.501,10.7266,9.81839,1.62151,0.96325,20.1285,940.46,5.1547,4392.93,3.8689,1342.43,14880.0,79.85,36.135,56.19,1.3973,4.7876,410.84,24.768,16.9849,18.022
2022-08-23,1.0029,1.44377,1.29558,0.84529,136.712,10.6256,9.71215,1.60929,0.96409,19.9789,915.51,5.1056,4350.95,3.849,1338.71,14890.0,79.849,36.02,56.05,1.39124,4.78485,414.31,24.694,16.9923,18.0697
2022-08-24,1.0029,1.44799,1.29656,0.84803,137.1,10.6109,9.69842,1.61666,0.96605,19.8942,920.05,5.1162,4403.95,3.8557,1340.28,14848.0,79.792,36.052,56.06,1.39328,4.7793,410.64,24.706,16.9422,18.1294
2022-08-25,1.002,1.43264,1.29246,0.84488,136.476,10.5694,9.65564,1.60702,0.96319,19.92,897.26,5.1235,4388.35,3.8488,1333.88,14820.0,79.869,35.793,56.0,1.3887,4.75015,411.77,24.6909,16.7344,18.1494
2022-08-26,1.0025,1.45138,1.3034,0.85179,137.752,10.6693,9.7638,1.63047,0.9662,20.01,891.23,5.0638,4394.06,3.8196,1341.79,14815.0,79.964,36.19,56.17,1.39335,4.7492,412.67,24.679,16.8704,18.1433
2022-08-27,,1.45138,,,,,,,,,,,,,,,,,,,,,,,
2022-08-28,,1.45264,,0.85274,,,,1.63212,,,,,,,,,,,,,,,,,
2022-08-29,0.9997,1.44919,1.30048,0.8543,138.7,10.66399,9.74749,1.62575,0.96751,20.022,881.68,5.0179,4359.95,3.8181,1344.81,14885.0,79.954,36.193,56.3,1.3955,4.73135,407.74,24.578,16.8419,18.1585
2022-08-30,0.9981,1.45921,1.309,0.85811,138.752,10.6771,9.79975,1.63183,0.9739,20.145,883.74,5.123,4415.45,3.8022,1349.56,14870.0,79.678,36.45,56.17,1.39812,4.7132,401.69,24.484,16.97713,18.17518
2022-08-31,0.9946,1.46156,1.31269,0.86086,139.065,10.6586,9.93324,1.63548,0.9773,20.132,895.15,5.1828,4421.95,3.832,1341.62,14850.0,79.506,36.537,56.24,1.39682,4.6971,398.37,24.362,17.1079,18.18547
2022-09-01,1.0051,1.47436,1.3153,0.86649,140.2,10.79409,10.05358,1.64609,0.9816,20.17321,896.62,5.2343,4480.95,3.8424,1355.77,14880.0,79.685,36.724,56.64,1.4025,4.7389,403.88,24.602,17.26872,18.208
2022-09-02,1.0044,1.46886,1.31245,0.86837,140.152,10.7809,10.0141,1.63645,0.9803,19.8934,878.27,5.1654,4479.45,3.8636,1361.13,14895.0,79.717,36.604,56.88,1.40179,4.7329,403.3,24.758,17.2846,18.2491
2022-09-03,,1.46886,,0.86881,,,,,,,,,,,,,,,,,,,,,
2022-09-04,,1.4741,,0.87065,,,,1.64341,,,,,,,,,,,,,,,,,
2022-09-05,1.0065,1.47176,1.31431,0.86806,140.58,10.7997,9.9577,1.64171,0.97954,19.9649,881.3,5.1551,4457.95,3.8758,1369.34,14900.0,79.788,36.54,56.96,1.40339,4.7458,406.95,24.724,17.16452,18.20845
2022-09-06,1.0094,1.48474,1.31505,0.86828,142.768,10.8,10.02004,1.65546,0.98361,20.1257,892.55,5.2377,4473.95,3.8684,1378.0,14885.0,79.887,36.597,57.1,1.4063,4.76963,406.76,24.792,17.2923,18.2188
2022-09-07,0.9989,1.4775,1.3115,0.86678,143.74,10.68958,9.98092,1.64671,0.97646,19.961,883.58,5.2344,4393.25,3.8783,1377.09,14915.0,79.617,36.42,57.0,1.4044,4.70455,396.3,24.534,17.2599,18.2221
2022-09-08,1.0,1.48232,1.3089,0.86949,144.095,10.7086,10.0426,1.65216,0.97029,19.96,881.4,5.2088,4390.7,3.8701,1383.66,14895.0,79.697,36.466,57.1,1.40464,4.70436,396.58,24.504,17.5124,18.2101
2022-09-09,0.9954,1.46199,1.3024,0.86299,142.564,10.6233,9.9214,1.63889,0.9598,19.90131,907.8,5.1547,4345.95,3.8694,1379.74,14828.0,79.648,36.345,56.8,1.3984,4.6719,394.86,24.417,17.3145,18.2334
2022-09-10,,1.46199,,,,,,,,,,,,,,,,,,,,,,,
2022-09-11,,1.46287,,0.85976,,,,1.63755,,,,,,,,,,,,,,,,,
2022-09-12,0.9879,1.45229,1.2986,0.85624,142.808,10.4841,9.83811,1.63015,0.95321,19.8396,896.95,5.0865,4354.2,3.841,1374.61,14840.0,79.313,36.262,56.82,1.39606,4.6358,392.37,24.205,17.1088,18.2231
2022-09-13,1.0032,1.4852,1.31694,0.87011,144.683,10.7014,10.10958,1.66722,0.96169,20.04312,916.13,5.1903,4405.45,3.8398,1394.66,14850.0,79.577,36.612,57.12,1.4066,4.72995,400.15,24.598,17.4477,18.24133
2022-09-14,1.0017,1.48216,1.31588,0.86655,143.121,10.6945,10.08504,1.66592,0.9623,19.9384,920.0,5.1768,4385.45,3.832,1389.98,14905.0,79.444,36.59,57.09,1.40565,4.72196,405.82,24.522,17.4803,18.2211
2022-09-15,1.0,1.49298,1.32268,0.87222,143.474,10.7382,10.1664,1.67675,0.96108,20.046,923.3,5.2382,4412.8,3.8774,1398.39,14895.0,79.83,36.933,57.35,1.40812,4.72225,408.81,24.462,17.561,18.2604
2022-09-16,0.9982,1.48854,1.3262,0.87576,142.906,10.7787,10.185,1.66984,0.9646,20.03,921.92,5.2539,4429.91,3.8731,1384.75,14950.0,79.656,36.84,57.32,1.4056,4.7052,404.0,24.469,17.5985,18.2543
2022-09-18,,1.48958,,0.87599,,,,1.67193,,,,,,,,,,,,,,,,,
2022-09-19,0.9973,1.48677,1.32494,0.87466,143.236,10.7701,10.20364,1.67878,0.96349,19.91433,922.37,5.1723,4401.71,3.859,1389.98,14975.0,79.686,36.93,57.33,1.40744,4.69075,397.61,24.424,17.6629,18.2922
2022-09-20,1.0027,1.49546,1.3363,0.87887,143.722,10.8941,10.3369,1.69736,0.96355,20.00212,931.86,5.1465,4420.96,3.8885,1391.13,14970.0,79.73,36.991,57.61,1.4099,4.7417,401.12,24.692,17.6827,18.3092
2022-09-21,1.016,1.50798,1.34561,0.88707,144.068,11.0685,10.3476,1.70934,0.96599,20.01038,935.38,5.1716,4402.71,3.8966,1396.28,15006.0,79.923,37.164,58.0,1.4172,4.85224,412.73,25.034,17.7075,18.31628
2022-09-22,1.0165,1.50557,1.3487,0.8886,142.303,11.0741,10.40659,1.71204,0.97746,19.92146,943.78,5.1236,4359.81,3.8725,1406.22,15030.0,81.04,37.36,58.42,1.41799,4.83026,411.96,25.035,17.58532,18.31814
2022-09-23,1.0322,1.53179,1.359,0.92188,143.32,11.294,10.5898,1.74095,0.98139,20.179,969.11,5.2599,4432.63,3.9097,1421.26,15035.0,81.25,37.51,58.74,1.43109,4.9064,418.76,25.386,17.9371,18.4131
2022-09-24,,1.53186,,0.92166,,,,1.74095,,,,,,,,,,,,,,,,,
2022-09-25,,1.53421,,0.92437,,,,1.74225,,,,,,,,,,,,,,,,,
2022-09-26,1.0405,1.54955,1.3734,0.93707,144.676,11.358,10.8199,1.77491,0.99347,20.37283,992.63,5.3906,4535.73,3.922,1429.01,15125.0,81.61,37.943,59.02,1.43802,4.94635,424.4,25.613,18.0614,18.4146
2022-09-27,1.0419,1.55482,1.3724,0.93176,144.78,11.3609,10.80902,1.77478,0.9918,20.3747,983.78,5.3791,4548.13,3.9347,1425.41,15120.0,81.707,37.927,59.08,1.4388,4.9821,423.39,25.677,18.0106,18.4395
2022-09-28,1.027,1.53374,1.36048,0.91897,144.097,11.185,10.65904,1.74584,0.976,20.1291,956.08,5.376,4484.13,3.9317,1424.46,15260.0,81.411,37.712,58.75,1.43368,4.9353,423.97,25.285,17.8431,18.5046
2022-09-29,1.0183,1.5391,1.36785,0.89924,144.454,11.1568,10.68723,1.74624,0.97492,20.15488,962.65,5.4035,4522.82,3.9613,1429.39,15260.0,81.471,37.87,58.54,1.4324,4.9412,428.61,24.964,17.9884,18.4519
2022-09-30,1.0203,1.56201,1.3826,0.89606,144.729,11.1157,10.8835,1.78763,0.986,20.14,966.63,5.4154,4604.13,3.9744,1439.94,15225.0,81.501,37.853,58.75,1.43495,4.9506,431.54,25.067,18.1462,18.5
2022-10-01,,1.56201,,0.89606,,,,1.78763,,,,,,,,,,,,,,,,,
2022-10-02,,1.56277,,0.89392,,,,1.786,,,,,,,,,,,,,,,,,
2022-10-03,1.0178,1.53567,1.3622,0.88358,144.59,11.0178,10.6556,1.74865,0.99212,20.02061,939.08,5.1646,4524.14,3.9458,1431.58,15300.0,81.49,37.77,58.89,1.4309,4.91161,425.88,24.988,17.8317,18.53817
2022-10-04,1.0014,1.53825,1.3507,0.87174,144.222,10.8458,10.43698,1.74673,0.9793,19.965,930.34,5.1653,4490.63,3.9363,1415.7,15245.0,81.452,37.421,58.7,1.423,4.81795,419.53,24.546,17.6476,18.5398
2022-10-05,1.0111,1.54107,1.36133,0.88324,144.597,10.9622,10.5296,1.74216,0.9829,20.06624,938.78,5.1961,4576.03,3.957,1416.07,15190.0,81.631,37.373,58.66,1.4242,4.8712,426.48,24.74,17.7893,18.5837
2022-10-06,1.0209,1.55994,1.37422,0.89562,145.087,11.14784,10.70625,1.76647,0.9897,20.111,942.7,5.2217,4607.63,3.9619,1407.61,15185.0,82.328,37.115,58.8,1.42799,4.9835,432.03,25.005,17.9572,18.5842
2022-10-07,1.0264,1.57035,1.3737,0.90161,145.33,11.22893,10.7023,1.78441,0.9935,20.03,936.95,5.1996,4614.13,3.9443,1415.46,15250.0,82.812,37.6,59.04,1.4329,4.986,435.52,25.122,18.127,18.562
2022-10-08,,1.57035,,0.90188,,,,,,,,,,,,,,,,,,,,,
2022-10-09,,1.57099,,0.90182,,,,1.78393,,,,,,,,,,,,,,,,,
2022-10-10,1.0302,1.58864,1.3775,0.9045,145.71,11.2983,10.6862,1.79733,0.9993,19.9525,936.8,5.1881,4600.15,3.9514,1427.95,15310.0,82.397,37.947,58.99,1.43647,4.9998,439.08,25.256,18.0995,18.5769
2022-10-11,1.0302,1.59451,1.37893,0.91128,145.792,11.366,10.747,1.79205,0.9963,20.055,926.13,5.2929,4601.38,3.9574,1431.36,15355.0,82.254,38.068,58.81,1.4382,4.9888,442.32,25.287,18.1751,18.5672
2022-10-12,1.0298,1.5936,1.38097,0.90104,146.861,11.3327,10.75665,1.78247,0.99701,19.9816,943.13,5.2687,4602.03,3.9671,1424.46,15355.0,82.179,37.87,58.88,1.4343,4.989,444.83,25.27,18.2831,18.5258
2022-10-13,1.0222,1.58839,1.37478,0.88261,147.15,11.247,10.5749,1.77494,1.00041,19.97813,937.56,5.2605,4569.83,3.9456,1430.67,15360.0,82.172,37.865,58.9,1.43089,4.91085,438.28,25.125,18.2521,18.5429
2022-10-14,1.0284,1.61447,1.3897,0.89461,148.72,11.3034,10.6882,1.79759,1.005,20.071,960.63,5.3284,4692.13,3.977,1440.42,15425.0,82.275,38.327,58.99,1.4262,4.9363,429.28,25.281,18.3542,18.5585
2022-10-15,,1.61264,,0.89469,,,,1.79759,,,,,,,,,,,,,,,,,
2022-10-16,,1.6122,,0.89161,,,,1.79808,,,,,,,,,,,,,,,,,
2022-10-17,1.0159,1.59076,1.372,0.8802,148.973,11.1461,10.51709,1.77283,0.9947,19.978,969.0,5.2886,4729.13,3.9651,1430.25,15485.0,82.175,38.049,58.93,1.42023,4.8691,418.06,24.962,18.0648,18.6083
2022-10-18,1.0138,1.58471,1.37385,0.8832,149.169,11.0832,10.53352,1.75982,0.99365,20.02293,971.4,5.2409,4756.23,3.9616,1424.61,15465.0,82.281,37.969,58.89,1.42081,4.8497,418.74,24.875,18.08871,18.58513
2022-10-19,1.0229,1.59497,1.37566,0.89154,149.833,11.214,10.6136,1.76479,1.00423,20.0889,977.7,5.2759,4834.13,3.9706,1434.51,15495.0,83.008,38.294,58.97,1.42399,4.9079,423.37,25.069,18.2899,18.585
2022-10-20,1.0215,1.59225,1.3763,0.89019,150.092,11.2711,10.6485,1.76112,1.0035,20.04013,972.1,5.2146,4892.25,3.9712,1429.94,15570.0,82.744,38.142,58.88,1.42357,4.8694,416.83,25.013,18.2963,18.5933
2022-10-21,1.014,1.56727,1.3638,0.8853,147.63,11.2,10.4756,1.73683,0.99771,19.903,982.7,5.1609,4906.35,3.9729,1428.3,15630.0,82.525,37.97,58.85,1.4145,4.8382,413.99,24.817,18.0812,18.5884
2022-10-22,,1.56691,,,,,,,,,,,,,,,,,,,,,,,
2022-10-23,,1.56301,,0.87798,,,,1.72927,,,,,,,,,,,,,,,,,
2022-10-24,1.0126,1.58592,1.3707,0.88664,149.02,11.1592,10.52068,1.75778,1.00034,19.927,983.0,5.307,4978.25,3.9857,1444.16,15585.0,82.746,38.172,58.83,1.42208,4.8441,419.05,24.787,18.3835,18.568
2022-10-25,1.003,1.56514,1.36103,0.87189,148.078,10.9672,10.3856,1.73913,0.99444,19.87525,967.5,5.3162,4963.45,3.9865,1426.61,15620.0,82.515,37.956,58.64,1.41557,4.77945,415.35,24.568,18.2014,18.5926
2022-10-26,0.9917,1.54081,1.3561,0.86041,146.38,10.8555,10.25487,1.71544,0.98576,19.9307,,5.3849,4871.14,3.9676,1412.38,15569.0,81.901,37.693,58.27,1.40498,4.70175,405.22,24.318,17.9287,18.5988
2022-10-27,1.0031,1.54998,1.35682,0.86468,146.296,10.9643,10.2806,1.71639,0.99073,19.83523,942.38,5.3404,4787.08,3.9617,1420.81,15565.0,82.364,37.783,58.19,1.40926,4.7332,410.14,24.587,17.9765,18.5868
2022-10-28,1.0034,1.56031,1.36,0.86133,147.42,10.9449,10.3296,1.72028,0.996,19.791,942.3,5.2959,4822.08,3.9612,1421.64,15548.0,82.266,37.86,58.0,1.4106,4.7316,413.2,24.5954,18.1062,18.5813
2022-10-29,,1.55982,,0.86133,,,,1.72028,,,,,,,,,,,,,,,,,
2022-10-30,,1.56296,,0.8626,,,,1.72331,,,,,,,,,,,,,,,,,
2022-10-31,1.0116,1.5637,1.3618,0.87208,148.714,11.032,10.39276,1.72058,1.00084,19.8098,949.9,5.1796,4929.35,3.9567,1425.57,15595.0,82.745,38.01,58.08,1.4155,4.7659,414.6,24.753,18.36013,18.6266
2022-11-01,1.0123,1.5647,1.3627,0.87076,148.225,11.0088,10.35199,1.71116,0.9995,19.7284,953.9,5.1432,5003.0,3.9714,1416.0,15625.0,82.608,37.678,58.11,1.41448,4.7565,411.54,24.733,18.203,18.5766
2022-11-02,1.0181,1.57431,1.37057,0.87816,147.771,11.1066,10.4627,1.71827,1.00226,19.66454,940.7,5.1432,4998.03,3.9358,1412.36,15645.0,82.712,37.73,58.34,1.41735,4.7849,414.72,24.959,18.2503,18.6097
2022-11-03,1.0252,1.59038,1.3746,0.89625,148.154,11.1965,10.56499,1.7328,1.0132,19.64343,944.55,5.1134,5063.86,3.9573,1423.61,15695.0,82.726,37.95,58.86,1.42091,4.8145,416.88,25.075,18.39513,18.61162
2022-11-04,1.0039,1.54605,1.3477,0.87932,146.654,10.89735,10.23405,1.68688,0.99383,19.49,926.7,5.0567,5087.0,3.9422,1403.27,15735.0,81.968,37.27,58.32,1.4033,4.7015,403.87,24.46,17.8974,18.5657
2022-11-05,,1.54655,,,,,,,,,,,,,,,,,,,,,,,
2022-11-06,,1.55933,,0.88451,,,,1.70445,,,,,,,,,,,,,,,,,
2022-11-07,0.9976,1.54376,1.34933,0.86889,146.634,10.8379,10.2146,1.68435,0.98868,19.4473,916.8,5.1567,5104.0,3.9385,1392.42,15705.0,81.82,37.37,58.45,1.4006,4.658,399.46,24.191,17.726,18.4424
2022-11-08,0.9925,1.53742,1.3427,0.8666,145.677,10.7555,10.2266,1.67954,0.98527,19.51949,907.7,5.1485,4969.25,3.8848,1374.63,15695.0,81.385,36.915,58.1,1.39786,4.6503,399.11,24.135,17.7119,18.5248
2022-11-09,0.9983,1.55511,1.35258,0.88051,146.451,10.883,10.3633,1.70016,0.9839,19.562,904.6,5.1864,4891.81,3.8807,1370.96,15657.0,81.333,36.88,58.03,1.40249,4.7061,401.54,24.269,17.7855,18.5686
2022-11-10,0.9792,1.5111,1.33182,0.85387,140.955,10.58,10.08,1.66027,0.9632,19.31086,891.5,5.3449,4797.06,3.8389,1349.81,15689.0,80.624,36.16,57.27,1.38205,4.5884,392.8,23.779,17.3542,18.4838
2022-11-11,0.9655,1.49138,1.3249,0.84484,138.762,10.36682,9.91742,1.63479,0.94088,19.495,894.4,5.3454,4801.1,3.8397,1313.67,15489.0,80.477,35.951,57.19,1.37083,4.5163,391.2,23.4322,17.2283,18.5717
2022-11-12,,1.49165,,0.84495,,,,,,,,,,,,,,,,,,,,,
2022-11-13,,1.49256,,0.84495,,,,1.64258,,,,,,,,,,,,,,,,,
2022-11-14,0.968,1.49247,1.33135,0.85067,139.883,10.491,10.0328,1.64072,0.94296,19.331,893.2,5.3132,4802.0,3.847,1323.83,15514.0,80.965,35.666,57.22,1.37204,4.5596,395.44,23.52,17.2996,18.5863
2022-11-15,0.9662,1.48019,1.32762,0.84308,139.25,10.4834,9.99377,1.62496,0.94365,19.3607,885.0,5.3092,4843.0,3.8078,1316.2,15534.0,81.061,35.56,57.26,1.3704,4.5699,397.67,23.525,17.3151,18.6017
2022-11-16,0.9618,1.4837,1.33275,0.83942,139.482,10.47709,9.9989,1.62734,0.94444,19.3303,911.15,5.3845,4936.0,3.8287,1336.64,15599.0,81.444,35.78,57.42,1.37007,4.515,393.8,23.412,17.2562,18.5871
2022-11-17,0.9645,1.4968,1.33241,0.84288,140.189,10.60649,10.11577,1.63177,0.95138,19.41271,920.6,5.4231,4994.38,3.8012,1342.63,15659.0,81.58,35.8,57.44,1.37436,4.5376,396.31,23.506,17.36202,18.5857
2022-11-18,0.9682,1.49961,1.33713,0.84116,140.341,10.63494,10.18805,1.62708,0.95432,19.4308,941.75,5.3732,4984.25,3.8147,1339.69,15684.0,81.618,35.755,57.26,1.37475,4.5487,393.58,23.589,17.2438,18.5904
2022-11-19,,1.49903,,0.84154,,,,1.62602,,,,,,,,,,,,,,,,,
2022-11-20,,1.50121,,0.84048,,,,1.62549,,,,,,,,,,,,,,,,,
2022-11-21,0.9763,1.51412,1.34433,0.84588,142.125,10.7098,10.25357,1.64026,0.95816,19.5417,941.75,5.3073,4947.0,3.8258,1359.29,15709.0,81.699,36.29,57.4,1.38137,4.5846,398.76,23.719,17.3355,18.6099
2022-11-22,0.9704,1.50423,1.3372,0.8414,141.24,10.6411,10.1105,1.62628,0.95132,19.4237,926.0,5.3594,4902.39,3.8285,1352.64,15694.0,81.714,36.035,57.35,1.37752,4.5628,393.9,23.587,17.2254,18.6121
2022-11-23,0.9617,1.48535,1.33529,0.82971,139.593,10.4586,9.9432,1.6021,0.94256,19.354,915.35,5.3591,4876.47,3.8427,1336.84,15684.0,81.604,35.946,56.7,1.37711,4.5205,394.17,23.413,16.963,18.6088
2022-11-24,0.9598,1.47835,1.33354,0.82576,138.48,10.4013,9.906,1.59744,0.94311,19.356,909.25,5.3078,4904.7,3.8367,1326.49,15662.0,81.613,35.7,56.59,1.37447,4.5119,397.06,23.426,17.0065,18.5986
2022-11-25,0.961,1.48258,1.3377,0.82693,139.11,10.4239,9.8844,1.60128,0.94593,19.33,921.0,5.4119,4861.6,3.8428,1334.46,15670.0,81.685,35.716,56.69,1.37477,4.5046,392.59,23.411,17.0718,18.5816
2022-11-26,,1.48192,,,,,,,,,,,,,,,,,,,,,,,
2022-11-27,,1.48854,,0.8285,,,,1.60823,,,,,,,,,,,,,,,,,
2022-11-28,0.9668,1.50392,1.34955,0.83644,138.92,10.5526,10.01147,1.6233,0.94883,19.3042,911.68,5.3628,4830.64,3.8292,1339.85,15719.0,81.64,35.62,56.58,1.37914,4.5283,392.71,23.514,17.15189,18.6168
2022-11-29,0.9682,1.49524,1.35787,0.83674,138.588,10.578,10.00287,1.61394,0.95304,19.2222,904.5,5.2805,4806.38,3.8284,1325.33,15739.0,81.623,35.43,56.56,1.37322,4.5269,392.48,23.565,16.9994,18.63
2022-11-30,0.9605,1.47327,1.3416,0.8296,138.05,10.4983,9.83841,1.58869,0.94514,19.251,893.0,5.1851,4828.0,3.8171,1301.63,15729.0,81.353,35.091,56.47,1.36075,4.4834,392.7,23.386,17.198,18.5895
2022-12-01,0.9499,1.46817,1.3431,0.81669,135.25,10.305,9.7215,1.56966,0.9367,19.1292,878.23,5.1929,4759.6,3.8207,1304.21,15559.0,81.167,34.78,56.23,1.35338,4.451,391.19,23.153,17.6681,18.6313
2022-12-02,0.9484,1.47245,1.3469,0.81395,134.271,10.31035,9.75918,1.56045,0.93649,19.373,882.26,5.2146,4768.6,3.823,1297.87,15424.0,81.41,34.69,55.7,1.35204,4.4307,388.72,23.105,17.4983,18.6302
2022-12-03,,1.47275,,0.81367,,,,,,,,,,,,,,,,,,,,,
2022-12-04,,1.47602,,0.81593,,,,1.56887,,,,,,,,,,,,,,,,,
2022-12-05,0.9528,1.49309,1.35867,0.82056,136.762,10.4049,9.9447,1.58313,0.94237,19.7345,894.89,5.272,4832.68,3.8364,1305.63,15464.0,81.89,35.03,55.95,1.35654,4.4852,393.98,23.139,17.4103,18.627
2022-12-06,0.955,1.49537,1.365,0.82419,137.043,10.4133,10.0253,1.58313,0.94141,19.7543,878.4,5.2607,4830.0,3.8066,1319.79,15614.0,82.418,35.12,55.88,1.35881,4.4772,392.13,23.21,17.3307,18.6248
2022-12-07,0.9515,1.48743,1.3652,0.81961,136.576,10.3838,10.0222,1.57455,0.94073,19.6691,865.8,5.2011,4817.18,3.8591,1314.36,15635.0,82.24,34.95,55.486,1.35536,4.464,390.95,23.093,17.1478,18.6354
2022-12-08,0.9472,1.47737,1.3594,0.81747,136.654,10.3258,9.9624,1.56917,0.93625,19.612,862.9,5.2092,4815.18,3.846,1315.82,15619.0,82.281,34.68,55.35,1.35343,4.4312,395.57,22.994,17.1619,18.6084
2022-12-09,0.9491,1.4721,1.36419,0.8157,136.578,10.32391,9.98909,1.56033,0.93307,19.763,860.78,5.2473,4806.0,3.8286,1303.84,15581.0,82.463,34.67,55.35,1.35378,4.4461,397.05,23.037,17.3391,18.6503
2022-12-10,,1.4721,,,,,,,,,,,,,,,,,,,,,,,
2022-12-11,,1.47375,,0.81539,,,,1.56274,,,,,,,,,,,,,,,,,
2022-12-12,0.9487,1.48238,1.36329,0.81527,137.657,10.3334,9.98249,1.56718,0.93612,19.844,866.15,5.3226,4840.33,3.8353,1306.06,15624.0,82.609,34.84,55.59,1.35466,4.4499,393.72,23.048,17.5822,18.61398
2022-12-13,0.9402,1.45943,1.35445,0.80894,135.559,10.2077,9.7765,1.5472,0.92846,19.51,855.92,5.2938,4762.0,3.7999,1289.07,15654.0,82.375,34.6,55.8,1.34649,4.4059,385.73,22.829,17.2344,18.5708
2022-12-14,0.9359,1.45709,1.35465,0.80495,135.453,10.1582,9.71547,1.54962,0.92443,19.6341,870.05,5.2787,4778.0,3.8038,1295.39,15589.0,82.507,34.51,55.7,1.34663,4.3789,378.52,22.696,17.1563,18.6258
2022-12-15,0.9408,1.49218,1.36568,0.82118,137.769,10.3386,9.8631,1.57729,0.92803,19.743,877.45,5.306,4791.0,3.8144,1318.5,15614.0,82.825,35.07,55.82,1.36018,4.4096,382.13,22.811,17.5034,18.6248
2022-12-16,0.9444,1.49586,1.3697,0.8241,136.679,10.40943,9.88712,1.56791,0.93393,19.758,885.26,5.2952,4785.51,3.8263,1309.46,15594.0,82.706,34.85,55.52,1.3587,4.4196,382.99,22.876,17.6807,18.646
2022-12-17,,,,0.82372,,,,1.56887,,,,,,,,,,,,,,,,,
2022-12-18,,1.49232,,0.82345,,,,1.56863,,,,,,,,,,,,,,,,,
2022-12-19,0.9425,1.49334,1.36468,0.82328,136.9,10.393,9.89821,1.57134,0.9285,19.7897,888.1,5.3034,4773.88,3.8287,1301.27,15594.0,82.649,34.84,55.4,1.35625,4.4183,379.96,22.836,17.29654,18.6332
2022-12-20,0.941,1.49745,1.36068,0.82088,131.73,10.4206,9.8772,1.57555,0.92576,19.752,884.93,5.2076,4762.07,3.8003,1283.68,15599.0,82.584,34.66,55.24,1.34996,4.3944,378.21,22.754,17.29637,18.6478
2022-12-21,0.9428,1.491,1.36103,0.82768,132.46,10.42077,9.82906,1.58886,0.9265,19.64197,873.16,5.2012,4765.0,3.7832,1279.19,15584.0,82.877,34.66,55.08,1.35124,4.39103,378.44,22.794,17.1892,18.65009
2022-12-22,0.9433,1.4999,1.3652,0.83074,132.302,10.4682,9.8748,1.60226,0.93104,19.541,871.3,5.1883,4758.0,3.7981,1291.62,15579.0,82.96,34.88,55.2,1.35332,4.3768,377.74,22.839,17.1491,18.6427
2022-12-23,0.9417,1.48965,1.359,0.82984,132.872,10.52957,9.87162,1.59319,0.93282,19.3576,877.5,5.1643,4728.76,3.8032,1279.53,15589.0,82.76,34.78,55.215,1.35028,4.3695,376.54,22.78,16.9893,18.657
2022-12-24,,1.48876,,,,,,1.59008,,,,,,,,,,,,,,,,,
2022-12-25,,1.48876,,0.82932,,,,1.59008,,,,,,,,,,,,,,,,,
2022-12-26,0.9402,1.48743,1.3581,0.82905,132.83,10.4915,9.8401,1.58884,0.932,19.385,877.0,5.202,4726.95,3.8008,1273.88,15630.0,82.65,34.67,55.18,1.34577,4.36345,375.98,22.7372,17.0141,18.6618
2022-12-27,0.9393,1.48558,1.35217,0.83167,133.477,10.4709,9.8177,1.5936,0.9286,19.475,872.5,5.2776,4760.41,3.7948,1271.93,15659.0,82.856,34.62,55.85,1.34718,4.39765,376.41,22.766,17.1948,18.6672
2022-12-28,0.9417,1.48423,1.3605,0.83236,134.47,10.4728,9.88925,1.58504,0.92867,19.421,860.15,5.2462,4769.71,3.7949,1274.35,15699.0,82.85,34.78,56.12,1.34977,4.414,378.05,22.791,17.1099,18.7122
2022-12-29,0.9377,1.47567,1.35469,0.8297,133.011,10.459,9.8804,1.57614,0.92305,19.445,854.4,5.2908,4847.0,3.7853,1260.54,15654.0,82.84,34.58,55.8,1.34341,4.38197,374.68,22.658,16.91826,18.7113
2022-12-30,0.9339,1.46787,1.3538,0.8269,131.072,10.41943,9.79889,1.5756,0.92427,19.474,847.11,5.2945,4849.0,3.8027,1261.87,15565.0,82.71,34.6,55.67,1.34,4.3772,373.16,22.549,17.0176,18.6877
2022-12-31,,1.46778,,0.82679,,,,1.5753,,,,,,,,,,,,,,,,,
2023-01-01,,1.46778,,0.82679,,,,1.5753,,,,,,,,,,,,,,,,,
2023-01-02,0.9374,1.47124,1.35713,0.83029,130.79,10.4573,9.8588,1.58396,0.92553,19.443,849.03,5.3559,4840.93,3.8047,1269.02,15569.0,82.725,34.52,55.7,1.34073,4.37256,376.04,22.6366,16.9822,18.7111
2023-01-03,0.9479,1.48721,1.3669,0.83563,131.014,10.5695,10.07824,1.60026,0.93607,19.40081,857.75,5.4797,4890.21,3.8043,1278.42,15595.0,82.754,34.37,55.93,1.34492,4.4292,379.0,22.785,17.008,18.7143
2023-01-04,0.9428,1.46203,1.34768,0.82964,132.603,10.5063,10.0819,1.58932,0.92943,19.364,853.53,5.4441,4921.52,3.8216,1271.01,15584.0,82.663,33.92,55.85,1.33986,4.3958,372.8,22.581,16.8666,18.7407
2023-01-05,0.9501,1.48122,1.35687,0.83991,133.401,10.6837,10.2491,1.60573,0.93594,19.31525,851.5,5.3624,4960.2,3.7984,1274.16,15604.0,82.548,34.0,55.82,1.34519,4.45019,376.016,22.83,17.15909,18.7516
2023-01-06,0.9392,1.45471,1.344,0.8271,132.03,10.51643,10.00125,1.57575,0.92752,19.12411,838.15,5.2411,4857.7,3.7837,1253.49,15629.0,82.27,33.8,55.512,1.33822,4.4038,370.13,22.505,17.0976,18.7524
2023-01-07,,1.45454,,0.82699,,,,1.5753,,,,,,,,,,,,,,,,,
2023-01-08,,1.45391,,0.82699,,,,1.57903,,,,,,,,,,,,,,,,,
2023-01-09,0.9315,1.44774,1.3388,0.82088,131.874,10.4043,9.9093,1.56993,0.92109,19.135,834.84,5.2554,4848.3,3.7866,1239.25,15570.0,82.07,33.38,54.93,1.3304,4.368,368.93,22.333,16.941,18.7566
2023-01-10,0.9311,1.45197,1.34235,0.82313,132.25,10.4179,9.9856,1.57011,0.9227,19.062,825.9,5.2096,4782.78,3.7797,1240.78,15585.0,81.582,33.44,54.78,1.33174,4.36836,370.81,22.307,17.00308,18.7802
2023-01-11,0.9295,1.44844,1.34208,0.82332,132.468,10.4603,9.984,1.57119,0.93081,18.911,823.1,5.1769,4729.95,3.7706,1241.73,15525.0,81.617,33.42,55.02,1.3309,4.35415,370.09,22.308,16.91466,18.76049
2023-01-12,0.921,1.43559,1.3364,0.8192,129.27,10.414,9.8908,1.56443,0.92719,18.8141,817.32,5.1084,4681.54,3.7711,1239.11,15335.0,81.17,33.13,55.0,1.32487,4.32225,365.78,22.118,16.7382,18.7785
2023-01-13,0.923,1.43521,1.339,0.81813,127.853,10.38411,9.85535,1.56593,0.92666,18.751,815.93,5.0945,4684.21,3.7947,1237.23,15139.0,81.25,32.78,54.9,1.3181,4.327,365.82,22.1352,16.8422,18.7559
2023-01-14,,1.43402,,,,,,1.56681,,,,,,,,,,,,,,,,,
2023-01-15,,1.43493,,0.81793,,,,1.56863,,,,,,,,,,,,,,,,,
2023-01-16,0.9237,1.43848,1.34045,0.82028,128.57,10.4192,9.90103,1.56764,0.9264,18.7645,821.1,5.15,4684.21,3.7947,1241.59,15039.0,81.608,33.05,54.5,1.32056,4.33075,368.38,22.164,17.0228,18.7713
2023-01-17,0.9267,1.43119,1.3388,0.81406,128.1,10.41279,9.85907,1.55666,0.92191,18.648,814.36,5.1072,4724.85,3.8158,1236.88,15159.0,81.552,32.96,54.9,1.32007,4.35377,367.58,22.162,17.048,18.7155
2023-01-18,0.9262,1.44059,1.3488,0.81007,128.887,10.3325,9.908,1.55279,0.91613,18.8799,823.21,5.1863,4689.4,3.8261,1237.67,15084.0,81.313,32.99,54.43,1.32051,4.3673,365.49,22.173,17.1261,18.7588
2023-01-19,0.9232,1.4473,1.3459,0.80727,128.412,10.31029,9.89145,1.56397,0.916,18.985,822.44,5.1687,4664.48,3.8468,1232.2,15099.0,81.259,32.9,54.635,1.32156,4.3562,363.73,22.072,17.2688,18.7513
2023-01-20,0.9209,1.4353,1.3379,0.80683,129.464,10.27941,9.86473,1.545,0.91928,18.8655,814.25,5.1934,4590.65,3.8427,1229.34,15069.0,80.962,32.67,54.45,1.3181,4.3309,361.32,21.974,17.0981,18.7543
2023-01-21,,1.43524,,0.80674,,,,1.54545,,,,,,,,,,,,,,,,,
2023-01-22,,1.43678,,0.80645,,,,1.54679,,,,,,,,,,,,,,,,,
2023-01-23,0.9196,1.42335,1.3365,0.80788,130.66,10.232,9.80498,1.54157,0.92168,18.8,813.03,5.191,4556.45,3.8615,1229.95,15069.0,81.458,32.7,54.55,1.31808,4.3254,363.9,21.917,17.1796,18.8037
2023-01-24,0.9182,1.41939,1.3365,0.81102,130.162,10.20119,9.85687,1.53775,0.9224,18.78,801.2,5.1502,4505.2,3.8859,1232.54,14884.0,81.574,32.71,54.57,1.31955,4.3261,357.29,21.902,17.1949,18.7914
2023-01-25,0.9159,1.40793,1.33912,0.80637,129.565,10.2039,9.89654,1.54354,0.91786,18.772,803.15,5.0734,4527.05,3.8807,1232.81,14959.0,81.471,32.68,54.55,1.31285,4.3171,353.69,21.741,17.10213,18.7756
2023-01-26,0.9179,1.40574,1.3321,0.80587,130.209,10.26239,9.86503,1.54174,0.9205,18.783,802.03,5.0699,4525.15,3.8165,1231.83,14944.0,81.398,32.79,54.49,1.31188,4.3206,355.74,21.845,17.1777,18.7963
2023-01-27,0.9198,1.40718,1.3307,0.80671,129.804,10.29787,9.88077,1.54071,0.92061,18.73,805.73,5.104,4566.35,3.822,1231.1,14979.0,81.5,32.79,54.42,1.3119,4.3245,358.95,21.8848,17.19232,18.78602
2023-01-28,,1.40786,,0.80665,,,,1.54036,,,,,,,,,,,,,,,,,
2023-01-29,,1.40948,,0.8071,,,,1.54226,,,,,,,,,,,,,,,,,
2023-01-30,0.9213,1.41647,1.3386,0.80972,130.405,10.39389,9.9633,1.54617,0.9246,18.761,806.8,5.1125,4652.1,3.8347,1231.44,14964.0,81.451,32.76,54.53,1.31425,4.33916,359.13,21.961,17.38622,18.7643
2023-01-31,0.9204,1.41759,1.33051,0.8117,130.09,10.4589,9.97994,1.55342,0.91596,18.8285,795.48,5.0785,4641.49,3.8274,1233.28,14984.0,81.719,32.83,54.71,1.31365,4.3319,359.95,21.855,17.3977,18.8056
2023-02-01,0.9098,1.40154,1.3289,0.80819,128.923,10.32555,9.90437,1.53751,0.90791,18.588,786.1,5.0547,4600.0,3.837,1221.78,14969.0,81.71,32.79,54.44,1.30622,4.2785,354.08,21.608,17.03696,18.7965
2023-02-02,0.916,1.41323,1.33143,0.81804,128.668,10.3804,10.04425,1.54438,0.9131,18.6665,779.55,5.0332,4585.95,3.8158,1224.78,14874.0,82.019,32.99,53.84,1.30951,4.29563,353.34,21.745,17.0818,18.8023
2023-02-03,0.926,1.44559,1.3393,0.82966,131.156,10.53354,10.21099,1.58115,0.92567,18.948,795.65,5.1312,4694.95,3.8147,1247.44,14889.0,82.43,33.38,53.645,1.3232,4.3662,359.24,21.996,17.4644,18.8098
2023-02-04,,1.44571,,0.82967,,,,,,,,,,,,,,,,,,,,,
2023-02-05,,1.45075,,0.83119,,,,1.58579,,,,,,,,,,,,,,,,,
2023-02-06,0.932,1.45317,1.3442,0.83202,132.634,10.62226,10.33557,1.58665,0.92815,19.158,803.29,5.1464,4783.2,3.8322,1260.23,15049.0,82.72,33.73,54.45,1.32767,4.42125,367.77,22.214,17.6543,18.8146
2023-02-07,0.9319,1.43721,1.3397,0.83017,131.056,10.5661,10.31033,1.58105,0.92157,18.8909,792.94,5.1989,4726.01,3.815,1255.58,15135.0,82.792,33.52,55.16,1.32403,4.429,364.74,22.133,17.5285,18.815
2023-02-08,0.9328,1.44369,1.3442,0.82842,131.399,10.58909,10.31627,1.58564,0.92087,18.931,801.0,5.1966,4766.0,3.8422,1260.45,15120.0,82.63,33.45,54.78,1.32601,4.4209,360.45,22.156,17.7538,18.8232
2023-02-09,0.931,1.44186,1.34509,0.82501,131.58,10.3429,10.16658,1.5808,0.92199,18.753,800.5,5.2911,4742.2,3.8411,1264.42,15089.0,82.491,33.55,54.45,1.32547,4.42425,360.75,22.041,17.74,18.8242
2023-02-10,0.9364,1.44628,1.3342,0.82936,131.347,10.46185,10.13707,1.58624,0.92293,18.649,798.09,5.227,4770.95,3.819,1267.43,15129.0,82.49,33.64,54.465,1.3298,4.4627,362.3,22.166,17.8822,18.8131
2023-02-11,,1.44592,,0.82946,,,,1.58655,,,,,,,,,,,,,,,,,
2023-02-12,,1.44592,,0.82878,,,,1.58403,,,,,,,,,,,,,,,,,
2023-02-13,0.9321,1.43589,1.33316,0.82386,132.4,10.3746,10.09257,1.57431,0.9194,18.5655,795.5,5.1596,4787.26,3.8412,1272.87,15212.0,82.572,33.78,54.81,1.32848,4.4588,356.63,22.137,17.8425,18.8288
2023-02-14,0.9312,1.43162,1.33354,0.82156,133.158,10.3546,10.12365,1.57833,0.9214,18.515,784.7,5.2051,4748.95,3.8289,1272.2,15165.0,82.89,33.89,54.8,1.32827,4.4428,351.99,22.052,17.89474,18.8335
2023-02-15,0.9352,1.44886,1.3392,0.83139,134.137,10.4157,10.20736,1.59261,0.92368,18.573,791.78,5.219,4895.4,3.8372,1283.52,15190.0,82.73,34.26,55.3,1.33572,4.44855,355.32,22.101,18.02158,18.8459
2023-02-16,0.9367,1.45389,1.34569,0.83385,133.932,10.4431,10.24997,1.59836,0.9253,18.511,790.83,5.2091,4926.29,3.8324,1289.49,15173.0,82.69,34.31,55.14,1.336,4.4627,359.06,22.14,18.14963,18.838
2023-02-17,0.9349,1.45431,1.34733,0.8306,134.114,10.44765,10.27297,1.60154,0.92402,18.35,787.82,5.1593,4899.4,3.8372,1294.09,15195.0,82.73,34.42,55.5,1.3354,4.4445,358.476,22.117,18.03484,18.79337
2023-02-18,,1.45412,,,,,,,,,,,,,,,,,,,,,,,
2023-02-19,,1.45711,,0.83167,,,,1.60411,,,,,,,,,,,,,,,,,
2023-02-20,0.9353,1.44802,1.34483,0.83065,134.23,10.34239,10.22676,1.59951,0.9232,18.368,798.25,5.1834,4913.89,3.8233,1296.02,15154.0,82.673,34.37,54.96,1.33549,4.4342,357.84,22.17,18.0883,18.8727
2023-02-21,0.939,1.45953,1.3535,0.82565,134.993,10.3805,10.29856,1.60981,0.9277,18.4691,803.13,5.1873,4953.38,3.8189,1305.73,15184.0,82.822,34.56,55.02,1.34045,4.4586,359.6,22.274,18.253,18.8608
2023-02-22,0.9426,1.47013,1.35508,0.83014,134.861,10.4185,10.34397,1.60834,0.93129,18.338,800.88,5.162,4893.31,3.7893,1302.63,15199.0,82.81,34.58,55.15,1.34031,4.4781,359.35,22.303,18.2371,18.82644
2023-02-23,0.9437,1.46905,1.35473,0.83257,134.7,10.43088,10.29488,1.60576,0.93399,18.3797,807.4,5.1373,4855.35,3.7864,1297.66,15184.0,82.57,34.69,55.02,1.34253,4.4534,358.98,22.293,18.2025,18.8357
2023-02-24,0.9481,1.48768,1.3608,0.83745,136.406,10.50395,10.38172,1.62261,0.93987,18.396,826.0,5.2046,4837.35,3.8187,1314.43,15219.0,82.81,34.91,54.87,1.3498,4.4709,360.06,22.387,18.4031,18.8659
2023-02-25,,1.48743,,0.83759,,,,,,,,,,,,,,,,,,,,,
2023-02-26,,1.48608,,0.83682,,,,1.62443,,,,,,,,,,,,,,,,,
2023-02-27,0.9423,1.4841,1.3573,0.82898,136.166,10.3831,10.33342,1.62169,0.93575,18.35885,832.7,5.186,4758.21,3.7936,1317.38,15270.0,82.622,34.99,55.51,1.34629,4.44166,355.96,22.243,18.40263,18.8789
2023-02-28,0.9453,1.48633,1.3645,0.83195,136.172,10.465,10.38257,1.61705,0.9421,18.301,827.47,5.2222,4856.63,3.777,1323.0,15236.0,82.62,35.19,55.32,1.34825,4.4473,357.56,22.181,18.3518,18.87438
2023-03-01,0.937,1.47938,1.3591,0.83137,136.182,10.4205,10.3799,1.59872,0.9392,18.1027,810.43,5.1956,4827.76,3.7494,1305.39,15245.0,82.41,34.7,54.98,1.34153,4.3783,349.57,21.863,18.11778,18.879
2023-03-02,0.9434,1.48599,1.35956,0.8374,136.755,10.5037,10.4452,1.60829,0.94234,18.114,812.05,5.197,4811.85,3.7695,1310.95,15270.0,82.33,34.81,55.06,1.3474,4.43145,354.86,22.096,18.2013,18.8637
2023-03-03,0.94,1.47767,1.3591,0.83031,135.831,10.44874,10.37695,1.6072,0.93583,17.943,802.5,5.1999,4784.45,3.7681,1295.3,15302.0,81.66,34.46,54.75,1.34358,4.4246,356.33,22.0625,18.1323,18.8206
2023-03-04,,1.47754,,0.83056,,,,1.6072,,,,,,,,,,,,,,,,,
2023-03-05,,1.48258,,0.83174,,,,1.60979,,,,,,,,,,,,,,,,,
2023-03-06,0.9359,1.48595,1.36113,0.83179,135.905,10.44655,10.40589,1.6141,0.93052,17.991,796.25,5.1717,4700.46,3.7559,1296.84,15289.0,81.79,34.49,55.05,1.34496,4.3887,352.83,22.021,18.235,18.8973
2023-03-07,0.9477,1.51902,1.37527,0.84546,137.149,10.7282,10.68285,1.63755,0.94101,18.09592,805.08,5.1978,4762.95,3.7685,1317.9,15344.0,81.98,35.06,55.05,1.35412,4.4432,358.92,22.2443,18.5135,18.8903
2023-03-08,0.9482,1.51784,1.38036,0.84457,137.358,10.7308,10.66922,1.63776,0.94158,17.97305,804.63,5.1453,4773.82,3.7837,1316.36,15429.0,81.93,35.06,55.35,1.35358,4.4389,358.63,22.371,18.5958,18.9258
2023-03-09,0.9447,1.5178,1.38261,0.83864,136.132,10.729,10.65946,1.63969,0.93237,18.344,796.0,5.1645,4742.97,3.7671,1325.49,15435.0,82.0,35.0,55.17,1.35308,4.4302,361.91,22.329,18.5548,18.9462
2023-03-10,0.9396,1.5202,1.38196,0.8315,134.962,10.72693,10.62636,1.63132,0.92108,18.4986,800.3,5.2166,4712.2,3.7806,1320.22,15465.0,81.913,34.8,55.16,1.35006,4.3952,359.8,22.199,18.3119,18.9553
2023-03-11,,1.51976,,0.83121,,,,1.63042,,,,,,,,,,,,,,,,,
2023-03-12,,1.51547,,0.82727,,,,1.62872,,,,,,,,,,,,,,,,,
2023-03-13,0.9319,1.50015,1.37301,0.82082,133.196,10.5942,10.5471,1.60899,0.9114,18.8855,805.4,5.2518,4767.95,3.7826,1295.76,15370.0,82.41,34.47,54.98,1.34653,4.36,365.94,22.077,18.1982,18.9653
2023-03-14,0.9317,1.49714,1.36821,0.82284,134.252,10.4715,10.5486,1.60465,0.91341,18.58132,802.2,5.2499,4734.65,3.7841,1303.19,15375.0,82.225,34.56,55.04,1.3446,4.3828,362.43,22.119,18.12243,18.96116
2023-03-15,0.945,1.51217,1.37607,0.82987,133.329,10.5962,10.7568,1.6233,0.93275,18.96693,820.95,5.295,4867.95,3.7897,1312.87,15360.0,82.86,34.62,55.02,1.35138,4.4408,374.65,22.694,18.4132,18.9506
2023-03-16,0.9419,1.50328,1.37204,0.82564,133.55,10.5088,10.74903,1.6154,0.92902,18.73933,823.3,5.2425,4829.45,3.7712,1300.05,15415.0,82.569,34.39,54.91,1.34622,4.42345,371.39,22.591,18.3943,19.0041
2023-03-17,0.9371,1.49365,1.3727,0.82135,131.803,10.5064,10.7029,1.59576,0.9257,18.877,826.61,5.2778,4845.45,3.7789,1308.35,15360.0,82.5,34.1,54.7,1.3397,4.406,372.66,22.468,18.4671,19.0095
2023-03-18,,1.49365,,0.82135,,,,1.59796,,,,,,,,,,,,,,,,,
2023-03-19,,1.48942,,0.81944,,,,1.59357,,,,,,,,,,,,,,,,,
2023-03-20,0.9325,1.48891,1.36644,0.81463,131.28,10.3688,10.6458,1.60077,0.92856,18.8036,825.78,5.245,4813.93,3.7614,1302.0,15354.0,82.495,34.07,54.316,1.33691,4.3819,367.84,22.345,18.4967,19.00364
2023-03-21,0.9284,1.4997,1.37094,0.81863,132.43,10.3354,10.5445,1.61499,0.92229,18.5967,822.45,5.2345,4806.2,3.7588,1302.56,15339.0,82.652,34.44,54.3,1.3367,4.3507,360.84,22.039,18.5548,19.0241
2023-03-22,0.9206,1.49654,1.37251,0.81513,131.38,10.3076,10.44633,1.608,0.91742,18.603,810.41,5.2148,4770.45,3.754,1295.95,15339.0,82.485,34.18,54.4,1.32877,4.3114,356.55,21.781,18.2325,19.02952
2023-03-23,0.9228,1.49539,1.3707,0.81387,130.804,10.3273,10.3972,1.60015,0.9164,18.553,807.02,5.2896,4753.95,3.7527,1283.57,15339.0,82.216,33.96,54.3,1.3268,4.3199,353.97,21.767,18.0941,19.0417
2023-03-24,0.929,1.50489,1.3744,0.81766,130.701,10.41845,10.47941,1.61264,0.9193,18.4266,810.22,5.253,4732.45,3.7634,1295.41,15149.0,82.315,34.211,54.278,1.3315,4.35545,356.833,21.9867,18.157,19.03853
2023-03-25,,1.50557,,0.81766,,,,1.61264,,,,,,,,,,,,,,,,,
2023-03-26,,1.50693,,0.81754,,,,1.61389,,,,,,,,,,,,,,,,,
2023-03-27,0.9259,1.50412,1.3659,0.81415,131.534,10.3714,10.46232,1.6142,0.916,18.3275,805.49,5.1983,4669.45,3.7545,1297.07,15154.0,82.16,34.407,54.14,1.33087,4.336,357.3,21.974,18.31526,19.08313
2023-03-28,0.9221,1.49142,1.35963,0.8107,130.834,10.3525,10.35551,1.60054,0.91971,18.20999,796.92,5.1696,4666.15,3.7489,1296.12,15084.0,82.139,34.226,54.42,1.32689,4.3108,351.07,21.754,18.1359,19.1139
2023-03-29,0.922,1.4966,1.356,0.81208,132.717,10.3983,10.4169,1.60686,0.91804,18.081,793.1,5.1351,4616.45,3.736,1305.75,15059.0,82.158,34.167,54.34,1.3291,4.32,350.46,21.705,18.0946,19.1571
2023-03-30,0.9169,1.49011,1.3523,0.80732,132.649,10.3533,10.38317,1.59704,0.91292,18.087,789.35,5.0971,4643.45,3.7455,1295.84,15044.0,82.06,34.106,54.405,1.3277,4.2842,347.7,21.533,17.8164,19.175
2023-03-31,0.9219,1.49589,1.3511,0.81083,132.797,10.37876,10.46453,1.59821,0.9148,18.008,796.32,5.0635,4660.22,3.7609,1306.09,14989.0,82.14,34.15,54.266,1.3306,4.311,350.32,21.628,17.7752,19.1582
2023-04-01,,1.49589,,0.81083,,,,1.59821,,,,,,,,,,,,,,,,,
2023-04-02,,1.49687,,0.81131,,,,1.601,,,,,,,,,,,,,,,,,
2023-04-03,0.917,1.47449,1.34277,0.80541,132.4,10.3603,10.28766,1.59023,0.9123,18.0585,810.45,5.0778,4599.84,3.7549,1307.89,14964.0,82.16,34.2,54.551,1.32683,4.2825,346.45,21.48,17.8057,19.2002
2023-04-04,0.9125,1.48115,1.3443,0.79994,131.718,10.2713,10.30606,1.58504,0.9058,18.1254,807.42,5.0864,4596.25,3.7574,1310.91,14894.0,82.07,34.027,54.355,1.3256,4.2653,344.33,21.381,17.9165,19.20818
2023-04-05,0.9164,1.4879,1.3451,0.8025,131.231,10.4072,10.43847,1.58331,0.9062,18.284,809.8,5.034,4580.95,3.7531,1314.55,14919.0,81.925,33.935,54.43,1.32817,4.2902,344.99,21.437,18.0607,19.2443
2023-04-06,0.9156,1.49903,1.3484,0.80406,131.7,10.42666,10.43079,1.6021,0.9048,18.22326,818.42,5.0549,4568.42,3.7461,1317.4,14940.0,81.8,34.062,54.48,1.33034,4.2889,343.78,21.385,18.2568,19.2034
2023-04-07,0.9168,1.4997,1.3503,0.80543,132.137,10.46651,10.49258,1.59898,0.9051,18.113,818.42,5.0549,4564.95,3.746,1316.28,14940.0,81.84,34.16,54.584,1.32932,4.2808,343.3,21.37,18.1917,19.2283
2023-04-08,,1.4997,,0.80561,,,,,,,,,,,,,,,,,,,,,
2023-04-09,,1.50155,,0.80535,,,,1.60026,,,,,,,,,,,,,,,,,
2023-04-10,0.9205,1.506,1.35075,0.80756,133.59,10.519,10.50494,1.60774,0.9092,18.1588,818.8,5.0759,4554.71,3.7654,1320.14,14898.0,81.945,34.35,54.754,1.33206,4.3093,345.41,21.444,18.4972,19.2703
2023-04-11,0.9161,1.50331,1.34638,0.80474,133.644,10.44605,10.55615,1.61551,0.90316,18.17322,805.76,5.0049,4503.45,3.7768,1321.9,14880.0,82.01,34.25,55.052,1.3323,4.2731,343.71,21.466,18.3842,19.2935
2023-04-12,0.9094,1.49455,1.34402,0.80103,133.114,10.3349,10.43624,1.60948,0.896,18.07062,803.79,4.9364,4457.45,3.7595,1321.0,14874.0,81.91,34.121,55.22,1.3275,4.23077,340.44,21.178,18.4026,19.30303
2023-04-13,0.905,1.47451,1.33375,0.79846,132.551,10.26708,10.29776,1.58846,0.88946,18.00238,795.22,4.9273,4414.9,3.7602,1302.03,14749.0,81.63,33.982,55.32,1.322,4.1941,337.8,21.015,18.04187,19.3406
2023-04-14,0.9093,1.49076,1.3361,0.80561,133.745,10.32233,10.37616,1.61191,0.8928,17.998,796.87,4.9185,4411.48,3.7589,1303.98,14694.0,81.8,34.22,55.339,1.3297,4.2182,339.68,21.1736,18.0846,19.3446
2023-04-15,,1.49076,,0.80561,,,,,,,,,,,,,,,,,,,,,
2023-04-16,,1.49158,,0.80541,,,,1.61238,,,,,,,,,,,,,,,,,
2023-04-17,0.9148,1.49214,1.33925,0.80793,134.426,10.3501,10.46901,1.61734,0.89857,18.02,800.58,4.9279,4432.95,3.7703,1318.07,14770.0,81.96,34.48,55.92,1.33396,4.2349,340.55,21.364,18.3019,19.39519
2023-04-18,0.9111,1.48661,1.33909,0.80486,134.074,10.3123,10.4557,1.61111,0.89623,18.029,794.3,4.9886,4489.55,3.7618,1316.39,14839.0,82.06,34.232,56.15,1.33254,4.21085,337.63,21.326,18.16796,19.3917
2023-04-19,0.9124,1.48971,1.34536,0.8042,134.601,10.3485,10.57539,1.61311,0.8973,18.03883,793.94,5.0788,4531.45,3.7607,1327.35,14839.0,82.279,34.395,56.4,1.3345,4.2112,345.07,21.33,18.1857,19.4137
2023-04-20,0.9111,1.48346,1.3475,0.80393,134.22,10.30289,10.57062,1.61949,0.8924,17.991,793.45,5.0452,4524.02,3.7476,1321.24,14839.0,82.1,34.175,55.88,1.3321,4.1888,343.12,21.382,18.01175,19.40022
2023-04-21,0.9098,1.49477,1.3536,0.80403,134.096,10.30343,10.5733,1.62973,0.892,17.966,802.36,5.0486,4516.45,3.745,1330.5,14839.0,82.01,34.38,55.88,1.3343,4.1956,341.8,21.364,18.0736,19.3741
2023-04-22,,,,,,,,1.62973,,,,,,,,,,,,,,,,,
2023-04-23,,1.49396,,0.8041,,,,1.62951,,,,,,,,,,,,,,,,,
2023-04-24,0.9047,1.4941,1.35413,0.80102,134.186,10.2424,10.52547,1.62274,0.88758,17.985,813.96,5.0418,4457.45,3.7362,1332.13,14839.0,81.93,34.318,55.66,1.33322,4.1598,339.9,21.223,18.1374,19.39794
2023-04-25,0.9109,1.50905,1.36232,0.80587,133.73,10.30682,10.66901,1.62882,0.8916,18.0702,811.91,5.0527,4507.83,3.74,1340.41,14839.0,81.945,34.36,55.52,1.3383,4.1798,343.94,21.379,18.32494,19.409
2023-04-26,0.9054,1.51423,1.36322,0.80212,133.624,10.3258,10.62444,1.63538,0.891,18.135,804.46,5.0587,4638.45,3.7151,1337.37,14829.0,81.72,33.915,55.66,1.3355,4.1507,338.52,21.264,18.3948,19.39837
2023-04-27,0.9065,1.509,1.35911,0.80044,133.89,10.2852,10.61093,1.62681,0.89377,18.01799,802.72,4.9772,4648.5,3.7062,1337.64,14699.0,81.69,33.988,55.71,1.3352,4.1476,338.43,21.265,18.2795,19.4395
2023-04-28,0.9076,1.51259,1.3547,0.7961,136.24,10.25876,10.64769,1.61734,0.89371,17.988,806.36,4.9862,4693.89,3.7054,1337.76,14664.0,81.7,34.11,55.47,1.33394,4.1587,338.53,21.329,18.2837,19.4478
2023-04-29,,,,,,,,1.61734,,,,,,,,,,,,,,,,,
2023-04-30,,1.51279,,0.79586,,,,1.61786,,,,,,,,,,,,,,,,,
2023-05-01,0.9108,1.50907,1.3541,0.80046,137.465,10.32544,10.7248,1.62185,0.89551,17.931,806.11,4.9889,4706.95,3.7036,1341.79,14664.0,81.75,34.17,55.5,1.33601,4.18835,338.98,21.466,18.3865,19.4513
2023-05-02,0.9087,1.50107,1.36229,0.80197,136.523,10.2963,10.77234,1.61129,0.89262,17.975,808.97,5.0446,4687.45,3.6969,1341.97,14699.0,81.73,34.033,55.39,1.33449,4.15765,340.33,21.411,18.4623,19.46324
2023-05-03,0.9036,1.49912,1.36056,0.7958,134.595,10.25649,10.73449,1.60604,0.88367,17.95846,802.5,4.9904,4633.47,3.695,1332.94,14679.0,81.735,33.793,55.31,1.32918,4.1399,339.0,21.199,18.2883,19.46674
2023-05-04,0.9075,1.49441,1.3537,0.79546,134.233,10.2374,10.68067,1.59286,0.88558,17.9,798.4,4.9912,4598.87,3.7028,1320.73,14675.0,81.674,33.77,55.37,1.32763,4.1625,338.34,21.253,18.2791,19.4879
2023-05-05,0.9072,1.48192,1.3371,0.79177,134.819,10.16073,10.5601,1.58907,0.89025,17.743,792.53,4.9528,4524.26,3.692,1317.45,14669.0,81.7,33.87,55.29,1.3245,4.1465,337.31,21.192,18.4108,19.5172
2023-05-06,,1.48192,,,,,,1.58907,,,,,,,,,,,,,,,,,
2023-05-07,,1.48157,,0.79171,,,,1.58957,,,,,,,,,,,,,,,,,
2023-05-08,0.9084,1.47495,1.3368,0.79252,135.054,10.1612,10.4904,1.57649,0.88944,17.79328,797.25,5.0031,4512.47,3.6868,1320.46,14694.0,81.75,33.786,55.27,1.32458,4.1418,338.11,21.241,18.3348,19.5013
2023-05-09,0.9116,1.47933,1.33837,0.7926,135.205,10.21461,10.57264,1.57938,0.88979,17.759,788.3,4.9962,4566.47,3.678,1323.84,14725.0,82.1,33.66,55.78,1.32798,4.1509,338.58,21.322,18.6134,19.5186
2023-05-10,0.9102,1.4758,1.33675,0.79231,134.283,10.20974,10.50251,1.57134,0.8894,17.55034,787.93,4.9551,4547.47,3.6551,1315.85,14719.0,81.889,33.59,55.7,1.32465,4.1128,336.18,21.315,18.84879,19.5474
2023-05-11,0.9154,1.49209,1.34879,0.7993,134.51,10.3307,10.66506,1.58781,0.89399,17.57582,792.4,4.9391,4596.01,3.645,1329.32,14721.0,82.07,33.597,55.76,1.33134,4.1531,339.87,21.52,19.1726,19.5696
2023-05-12,0.9215,1.50623,1.3548,0.80341,135.745,10.3829,10.6757,1.61577,0.89832,17.565,784.9,4.9252,4555.77,3.6524,1342.39,14745.0,82.21,33.878,55.854,1.3383,4.16335,341.33,21.7301,19.3275,19.56
2023-05-13,,1.50466,,,,,,1.61577,,,,,,,,,,,,,,,,,
2023-05-14,,1.50446,,0.80333,,,,1.61452,,,,,,,,,,,,,,,,,
2023-05-15,0.9192,1.49287,1.34637,0.79821,136.078,10.3434,10.58607,1.60308,0.89567,17.42709,785.63,4.8912,4495.47,3.6386,1334.24,14794.0,82.217,33.688,56.0,1.3359,4.14045,339.23,21.68,19.0323,19.6681
2023-05-16,0.9203,1.50234,1.34771,0.80113,136.36,10.4017,10.71724,1.60545,0.89645,17.4927,798.43,4.9407,4537.27,3.669,1341.42,14814.0,82.244,34.0,56.08,1.34024,4.12625,338.88,21.745,19.0841,19.7258
2023-05-17,0.9222,1.50137,1.34513,0.80079,137.551,10.44079,10.76914,1.60164,0.8983,17.5935,790.84,4.9336,4493.47,3.6804,1332.45,14859.0,82.425,34.105,56.13,1.34175,4.1651,340.85,21.771,19.2454,19.7619
2023-05-18,0.9282,1.51035,1.3499,0.80617,138.671,10.5602,10.91998,1.60643,0.90434,17.71198,795.8,4.9657,4532.47,3.6813,1333.16,14859.0,82.7,34.337,55.78,1.3477,4.2194,348.19,21.987,19.3303,19.8021
2023-05-19,0.9252,1.50376,1.3498,0.8036,137.878,10.52375,10.87092,1.59474,0.899,17.77,797.84,5.0006,4539.47,3.6828,1325.18,14919.0,82.832,34.27,55.639,1.3445,4.1954,347.43,21.964,19.4217,19.8015
2023-05-20,,1.50376,,0.8036,,,,1.59134,,,,,,,,,,,,,,,,,
2023-05-21,,1.50435,,0.80358,,,,1.5949,,,,,,,,,,,,,,,,,
2023-05-22,0.9243,1.50414,1.35,0.80429,138.564,10.56302,10.8895,1.59109,0.89704,17.8606,795.4,4.9669,4525.76,3.6779,1312.56,14884.0,82.81,34.328,55.683,1.34509,4.1594,345.36,21.898,19.2195,19.8353
2023-05-23,0.928,1.51286,1.35023,0.80549,138.524,10.6172,10.9491,1.60108,0.90122,17.96096,802.15,4.977,4467.37,3.6597,1318.07,14874.0,82.81,34.571,55.71,1.34646,4.1626,348.23,21.96,19.1937,19.8551
2023-05-24,0.9299,1.52779,1.35898,0.8088,139.353,10.7156,10.95369,1.6373,0.90485,17.79,806.4,4.9531,4443.47,3.6617,1316.87,14894.0,82.65,34.561,55.72,1.3491,4.1873,346.21,21.978,19.258,19.9064
2023-05-25,0.9318,1.53688,1.3635,0.81175,140.055,10.82128,11.04396,1.64951,0.9054,17.84622,809.6,5.0296,4492.47,3.6826,1329.46,14944.0,82.713,34.597,56.122,1.35367,4.1945,347.37,21.985,19.8164,19.9402
2023-05-26,0.9319,1.53445,1.3613,0.81014,140.595,10.80644,11.0824,1.65344,0.90449,17.608,797.7,4.9939,4434.47,3.6742,1322.64,14949.0,82.55,34.712,55.9,1.352,4.2193,345.69,22.0138,19.6449,19.9309
2023-05-27,,1.53445,,,,,,1.65344,,,,,,,,,,,,,,,,,
2023-05-28,,1.53351,,0.80991,,,,1.65344,,,,,,,,,,,,,,,,,
2023-05-29,0.9335,1.52952,1.35887,0.80937,140.367,10.8132,11.09325,1.65218,0.90389,17.57666,804.75,5.0131,4437.47,3.657,1322.31,14965.0,82.564,34.477,56.066,1.3533,4.2147,346.83,22.068,19.655,20.1146
2023-05-30,0.9315,1.53468,1.35997,0.80566,139.773,10.867,11.17669,1.65508,0.90575,17.64772,803.9,5.0419,4394.47,3.6582,1319.1,14979.0,82.645,34.459,56.3,1.3503,4.2193,344.67,22.014,19.6925,20.6064
2023-05-31,0.9354,1.5382,1.357,0.80398,139.299,10.8516,11.07189,1.66196,0.91024,17.67282,807.9,5.0554,4447.47,3.6559,1319.57,14984.0,82.641,34.523,56.353,1.35138,4.2349,346.4,22.15,19.7176,20.7438
2023-06-01,0.9289,1.52209,1.34467,0.79851,138.815,10.80849,11.04479,1.6487,0.9058,17.54942,804.06,5.0073,4388.47,3.6672,1311.54,14984.0,82.246,34.54,56.06,1.34683,4.1951,344.42,21.956,19.6261,20.8688
2023-06-02,0.9335,1.51419,1.3421,0.80341,139.947,10.79575,11.0124,1.65101,0.90866,17.539,798.3,4.9576,4348.47,3.6845,1305.9,14984.0,82.378,34.76,56.013,1.3495,4.1887,345.14,22.005,19.4973,20.9589
2023-06-03,,1.51263,,0.80334,,,,1.64989,,,,,,,,,,,,,,,,,
2023-06-04,,1.51508,,0.80356,,,,1.65139,,,,,,,,,,,,,,,,,
2023-06-05,0.9333,1.51133,1.3439,0.80435,139.536,10.84931,11.03136,1.64804,0.9058,17.46328,798.11,4.9233,4281.97,3.6654,1299.63,14884.0,82.5,34.629,56.18,1.34818,4.1763,344.3,21.921,19.2669,21.3197
2023-06-06,0.9346,1.49965,1.33989,0.80534,139.624,10.9167,11.0833,1.64661,0.90749,17.3801,795.68,4.913,4217.47,3.6588,1298.56,14854.0,82.49,34.669,56.18,1.34798,4.1831,344.07,21.972,19.2037,21.8398
2023-06-07,0.9345,1.50313,1.33716,0.80399,140.13,10.89081,11.03118,1.65645,0.90938,17.35687,790.2,4.9185,4221.47,3.6487,1307.53,14874.0,82.593,34.72,56.108,1.3481,4.18745,344.46,22.049,19.0788,23.2909
2023-06-08,0.9271,1.49007,1.33568,0.79627,138.887,10.7934,10.88806,1.64136,0.89877,17.3665,786.0,4.9112,4170.46,3.6368,1295.48,14889.0,82.48,34.578,55.993,1.34234,4.1457,342.51,21.89,18.83,23.493
2023-06-09,0.9303,1.4839,1.3341,0.7952,139.355,10.82446,10.75012,1.63207,0.90272,17.2582,787.5,4.8791,4177.47,3.6466,1287.3,14835.0,82.42,34.58,56.07,1.3433,4.1289,342.45,22.007,18.7187,23.3673
2023-06-10,,1.4839,,0.79561,,,,1.63265,,,,,,,,,,,,,,,,,
2023-06-11,,1.4841,,0.79508,,,,1.63321,,,,,,,,,,,,,,,,,
2023-06-12,0.9293,1.48104,1.33665,0.79937,139.592,10.8135,10.7938,1.6342,0.9085,17.2677,806.0,4.867,4172.97,3.6208,1281.57,14859.0,82.37,34.575,56.05,1.34342,4.12985,342.69,22.057,18.5697,23.63615
2023-06-13,0.9266,1.47831,1.33121,0.79301,140.2,10.68249,10.66299,1.62673,0.90503,17.23071,803.25,4.8624,4181.0,3.6393,1266.65,14854.0,82.209,34.534,55.828,1.34182,4.1479,342.52,22.0739,18.6072,23.6061
2023-06-14,0.9229,1.47171,1.3319,0.7898,140.033,10.7114,10.64015,1.61277,0.90057,17.10479,801.6,4.8158,4174.47,3.63,1270.98,14894.0,82.02,34.465,55.88,1.3413,4.0996,342.72,21.908,18.3411,23.5588
2023-06-15,0.9135,1.45353,1.32212,0.78241,140.257,10.5884,10.48742,1.60431,0.89152,17.12253,792.78,4.7977,4148.47,3.6237,1268.69,14939.0,81.88,34.511,55.75,1.33639,4.0648,341.07,21.691,18.21299,23.647
2023-06-16,0.9135,1.45546,1.3198,0.78012,141.825,10.64015,10.5423,1.60436,0.89369,17.05914,793.7,4.8199,4165.47,3.6008,1276.13,14929.0,81.89,34.63,55.69,1.33654,4.0773,341.3,21.683,18.184,23.6154
2023-06-17,,,,,,,,1.60436,,,,,,,,,,,,,,,,,
2023-06-18,,1.45406,,0.7797,,,,1.60591,,,,,,,,,,,,,,,,,
2023-06-19,0.9154,1.46049,1.32083,0.78161,141.914,10.7191,10.6529,1.61384,0.89557,17.0736,794.55,4.7772,4176.47,3.6104,1280.77,14989.0,81.89,34.657,55.68,1.34066,4.06688,341.86,21.701,18.1931,23.5893
2023-06-20,0.9155,1.47408,1.323,0.78351,141.375,10.7818,10.71577,1.62217,0.89759,17.20172,803.18,4.7908,4148.17,3.6175,1287.23,14994.0,81.951,34.796,55.69,1.34315,4.0657,340.5,21.739,18.385,23.5247
2023-06-21,0.91,1.47204,1.31637,0.78333,141.838,10.6508,10.6483,1.61259,0.89284,17.116,803.45,4.7649,4142.47,3.626,1288.0,14940.0,81.93,34.614,55.58,1.3401,4.03375,335.89,21.553,18.3123,23.53514
2023-06-22,0.9125,1.48032,1.31511,0.78473,143.072,10.6957,10.6448,1.61917,0.89455,17.17449,803.7,4.7751,4097.47,3.6117,1296.23,14934.0,81.93,35.036,55.594,1.34433,4.0365,336.8,21.555,18.5183,24.8697
2023-06-23,0.9176,1.49768,1.3181,0.78663,143.655,10.71352,10.81492,1.62866,0.89641,17.1355,805.45,4.7817,4186.47,3.6147,1308.39,14989.0,81.96,35.21,55.74,1.3517,4.0723,339.39,21.686,18.6947,25.233
2023-06-24,,1.49768,,0.78672,,,,1.62866,,,,,,,,,,,,,,,,,
2023-06-25,,1.49853,,0.78657,,,,1.6297,,,,,,,,,,,,,,,,,
2023-06-26,0.9166,1.49855,1.31505,0.78676,143.456,10.72725,10.72027,1.62353,0.89525,17.12412,804.45,4.7641,4160.16,3.6299,1303.25,15009.0,81.982,35.11,55.72,1.35303,4.0675,338.14,21.619,18.64176,26.0251
2023-06-27,0.9121,1.49591,1.3192,0.7845,144.038,10.7147,10.7635,1.62267,0.89323,17.074,796.93,4.8116,4169.47,3.6174,1297.19,14989.0,81.963,35.211,55.104,1.34867,4.0576,337.22,21.528,18.4751,26.0943
2023-06-28,0.916,1.51494,1.325,0.79142,144.373,10.78197,10.75894,1.64642,0.89621,17.066,799.85,4.8492,4146.47,3.6108,1308.49,14989.0,82.0,35.457,55.21,1.35238,4.102,340.03,21.658,18.6589,25.9861
2023-06-29,0.9202,1.51204,1.32514,0.79306,144.733,10.85935,10.79594,1.64859,0.89903,17.094,802.65,4.8629,4183.67,3.6161,1321.03,14990.0,82.05,35.472,55.42,1.35592,4.08635,341.52,21.836,18.75622,26.0374
2023-06-30,0.9164,1.5015,1.32416,0.78785,144.261,10.78305,10.7332,1.63031,0.89477,17.0735,800.93,4.7912,4172.47,3.61,1315.83,14989.0,82.03,35.29,55.264,1.3514,4.06084,341.139,21.748,18.7588,26.0569
2023-07-02,,1.50089,,0.7877,,,,1.63052,,,,,,,,,,,,,,,,,
2023-07-03,0.9161,1.49925,1.3245,0.7881,144.655,10.8259,10.693,1.62596,0.89608,17.04934,798.12,4.7998,4172.0,3.6069,1303.64,15020.0,81.97,34.766,55.29,1.3511,4.062,342.58,21.69,18.7423,25.919
2023-07-04,0.9189,1.49477,1.32239,0.78674,144.44,10.8212,10.6531,1.61577,0.89672,17.045,798.2,4.8361,4137.37,3.6121,1294.38,14989.0,81.926,34.675,55.25,1.3493,4.0743,344.23,21.791,18.6387,25.974
2023-07-05,0.9209,1.50263,1.3279,0.78728,144.546,10.93976,10.67839,1.61912,0.89819,17.0083,796.18,4.845,4125.82,3.6173,1302.64,15009.0,82.369,34.894,55.531,1.35255,4.1083,350.39,21.832,18.7577,26.0717
2023-07-06,0.918,1.50968,1.33618,0.78507,144.041,10.93545,10.75772,1.62467,0.89521,17.228,801.84,4.9237,4226.47,3.6322,1308.07,15039.0,82.738,35.137,55.669,1.35281,4.1179,353.81,21.885,19.0783,26.0664
2023-07-07,0.9114,1.49521,1.3271,0.77906,142.083,10.8183,10.6164,1.61057,0.88778,17.134,807.02,4.872,4151.97,3.6264,1297.88,15130.0,82.59,35.14,55.52,1.3462,4.0562,350.46,21.721,18.807,26.0552
2023-07-08,,1.49521,,0.77906,,,,1.61057,,,,,,,,,,,,,,,,,
2023-07-09,,1.49477,,0.7794,,,,1.61244,,,,,,,,,,,,,,,,,
2023-07-10,0.9089,1.49833,1.32774,0.77774,141.319,10.7545,10.47104,1.61012,0.8853,17.049,812.87,4.8808,4153.14,3.635,1300.38,15190.0,82.58,35.03,55.55,1.3437,4.0394,345.6,21.6445,18.7922,26.04984
2023-07-11,0.9082,1.49586,1.32302,0.77346,140.343,10.65461,10.34498,1.61457,0.87918,17.03416,814.62,4.8604,4171.67,3.6064,1291.26,15134.0,82.371,34.721,55.23,1.34083,4.0299,343.71,21.634,18.49411,26.0884
2023-07-12,0.8983,1.47364,1.3183,0.77004,138.414,10.374,10.11144,1.59043,0.86665,16.882,810.82,4.8187,4134.24,3.5679,1272.77,15075.0,81.952,34.481,54.75,1.32992,3.9839,336.72,21.3611,18.1322,26.1279
2023-07-13,0.8905,1.45216,1.3107,0.76155,138.057,10.202,9.94905,1.56563,0.85876,16.839,810.62,4.7961,4095.47,3.5588,1266.12,14964.0,82.02,34.417,54.38,1.3217,3.9563,332.72,21.147,17.9126,26.0412
2023-07-14,0.8904,1.46261,1.3213,0.764,138.743,10.24143,10.04241,1.5706,0.8613,16.734,813.7,4.7894,4056.47,3.542,1268.3,14954.0,82.029,34.61,54.34,1.3209,3.9628,333.13,21.14,18.0786,26.0953
2023-07-15,,,,0.764,,,,1.5706,,,,,,,,,,,,,,,,,
2023-07-16,,1.46263,,0.76392,,,,1.57178,,,,,,,,,,,,,,,,,
2023-07-17,0.8896,1.4677,1.3193,0.76498,138.698,10.24935,10.05087,1.58168,0.8601,16.7201,817.68,4.8073,4010.47,3.5432,1263.19,14999.0,82.006,34.502,54.38,1.32208,3.9473,332.25,21.108,18.03186,26.3366
2023-07-18,0.8902,1.46836,1.3169,0.76712,138.81,10.20936,10.04677,1.59368,0.8577,16.749,815.05,4.8092,3993.47,3.5586,1263.93,14990.0,82.04,33.964,54.36,1.32198,3.95779,332.41,21.212,17.84557,26.8698
2023-07-19,0.8925,1.4768,1.31619,0.77304,139.592,10.27055,10.03577,1.59719,0.85865,16.711,805.9,4.7829,3972.47,3.5674,1265.68,14989.0,82.03,33.996,54.36,1.32469,3.969,337.08,21.285,17.8669,26.8134
2023-07-20,0.8978,1.47504,1.31716,0.77725,140.036,10.34429,10.06637,1.60568,0.86584,16.876,816.2,4.8006,3977.97,3.5688,1276.7,14985.0,82.058,34.048,54.53,1.32656,4.0,342.27,21.505,17.9018,26.8603
2023-07-21,0.8984,1.48626,1.3222,0.77805,141.77,10.3926,10.06994,1.62153,0.8654,16.969,822.0,4.7728,3967.13,3.5727,1286.17,15019.0,81.96,34.39,54.72,1.3301,4.0058,340.74,21.5565,17.9295,26.9729
2023-07-23,,1.48597,,0.77814,,,,1.62109,,,,,,,,,,,,,,,,,
2023-07-24,0.9034,1.4839,1.31656,0.77981,141.442,10.40569,10.05581,1.6116,0.86927,16.823,827.57,4.7325,3950.64,3.5766,1279.3,15019.0,81.789,34.336,54.483,1.33073,4.014,341.3,21.754,17.7441,26.9353
2023-07-25,0.9041,1.47275,1.31728,0.7752,140.91,10.35842,10.051,1.60746,0.86335,16.916,828.23,4.7503,3969.97,3.5892,1275.29,14989.0,81.854,34.42,54.5,1.32744,4.0047,342.92,21.747,17.5481,26.8975
2023-07-26,0.9017,1.47942,1.3202,0.77262,140.194,10.387,10.12577,1.61069,0.86029,16.833,823.18,4.7271,3940.84,3.5839,1271.38,15014.0,81.93,34.031,54.597,1.3244,3.9844,344.18,21.612,17.60469,26.8703
2023-07-27,0.9107,1.49089,1.32211,0.78157,139.416,10.51217,10.18216,1.61812,0.86862,16.85707,829.48,4.7469,3953.57,3.5814,1281.76,14994.0,82.13,34.437,54.702,1.33011,4.02399,347.64,21.874,17.8227,26.9536
2023-07-28,0.9075,1.50453,1.3251,0.77856,141.14,10.54505,10.18979,1.62536,0.87005,16.6649,828.73,4.7291,3912.95,3.5844,1272.81,15089.0,82.205,34.23,54.904,1.33106,4.0018,348.65,21.72,17.5978,26.9342
2023-07-30,,1.50403,,0.77805,,,,1.62496,,,,,,,,,,,,,,,,,
2023-07-31,0.909,1.48878,1.31854,0.77911,142.25,10.52105,10.12365,1.61108,0.8702,16.73934,838.45,4.7299,3922.35,3.587,1276.82,15074.0,82.214,34.01,54.91,1.3289,4.00209,351.73,21.652,17.8456,26.9033
2023-08-01,0.9077,1.51023,1.32638,0.78204,142.76,10.6013,10.1984,1.62464,0.87182,16.86059,839.95,4.7925,4012.47,3.6296,1287.73,15109.0,82.294,34.3,54.9,1.33458,4.0281,352.28,21.696,18.3061,26.9154
2023-08-02,0.9138,1.53006,1.33453,0.78671,143.288,10.71421,10.29498,1.64539,0.8774,17.02981,848.03,4.8057,4063.45,3.6301,1298.96,15169.0,82.704,34.33,55.1,1.34051,4.0611,354.91,21.886,18.45698,26.9578
2023-08-03,0.913,1.52704,1.3353,0.7869,142.511,10.67831,10.23405,1.64531,0.87415,17.317,850.4,4.918,4169.97,3.6856,1297.61,15180.0,82.89,34.59,55.48,1.34046,4.0648,359.03,22.099,18.6962,26.9435
2023-08-04,0.9081,1.52293,1.3377,0.78463,141.71,10.57345,10.13085,1.64045,0.87239,17.04814,851.55,4.8648,4033.97,3.6691,1304.06,15164.0,82.653,34.63,55.68,1.33947,4.0236,353.91,21.9958,18.4537,26.9371
2023-08-06,,1.522,,0.78476,,,,1.64077,,,,,,,,,,,,,,,,,
2023-08-07,0.9086,1.52161,1.33677,0.78247,142.485,10.57759,10.1357,1.63924,0.87251,17.0703,858.3,4.8985,4021.47,3.678,1306.51,15179.0,82.73,34.744,56.173,1.3406,4.0166,352.84,21.973,18.69508,26.9857
2023-08-08,0.9126,1.52896,1.3411,0.78473,143.34,10.7085,10.262,1.64943,0.87552,17.10878,861.23,4.9006,4077.47,3.6857,1316.46,15214.0,82.836,34.759,56.432,1.3482,4.0571,355.49,22.099,18.9136,26.9291
2023-08-09,0.9108,1.53146,1.34202,0.78635,143.673,10.66702,10.2007,1.65243,0.8767,17.05,860.8,4.904,4023.9,3.6794,1313.06,15189.0,82.82,34.97,56.317,1.34604,4.0628,353.46,22.111,18.9685,26.9547
2023-08-10,0.9102,1.53478,1.34421,0.78894,144.68,10.69471,10.31044,1.66113,0.87577,17.103,845.65,4.8925,3948.01,3.6483,1316.4,15179.0,82.601,35.05,56.092,1.34854,4.0403,350.62,22.004,18.8206,27.0276
2023-08-11,0.9132,1.53893,1.3438,0.78777,144.93,10.82913,10.41743,1.67168,0.876,17.025,859.2,4.8992,3960.73,3.6757,1330.28,15209.0,82.849,35.06,56.572,1.3519,4.0462,349.68,21.9324,18.9354,26.8632
2023-08-12,,1.53893,,0.78777,,,,1.67168,,,,,,,,,,,,,,,,,
2023-08-13,,1.53953,,0.78767,,,,1.67109,,,,,,,,,,,,,,,,,
2023-08-14,0.9167,1.54192,1.34616,0.78845,145.534,10.7864,10.47606,1.67381,0.878,17.051,856.1,4.96,4042.47,3.6928,1335.32,15309.0,83.16,35.187,56.65,1.35507,4.0732,352.53,22.037,19.07366,27.0089
2023-08-15,0.9168,1.54921,1.34961,0.78742,145.543,10.841,10.5128,1.67982,0.87799,17.118,859.2,4.9911,4094.37,3.6918,1336.44,15335.0,83.39,35.38,56.75,1.35723,4.0987,355.01,22.1098,19.1286,27.0402
2023-08-16,0.9187,1.55722,1.35297,0.78551,146.248,10.91396,10.60356,1.68452,0.87976,17.13,869.53,4.9803,4132.97,3.7088,1341.01,15279.0,83.189,35.411,56.617,1.35878,4.1038,355.07,22.119,19.1644,27.0472
2023-08-17,0.9197,1.56231,1.35427,0.78454,145.803,10.92849,10.58446,1.68868,0.87819,17.108,866.43,4.9885,4108.47,3.7019,1338.51,15279.0,83.13,35.093,56.702,1.35782,4.1051,353.48,22.153,19.06342,27.09022
2023-08-18,0.9196,1.56187,1.355,0.78555,145.38,10.98161,10.6392,1.6895,0.88098,17.033,867.3,4.9693,4116.47,3.7026,1339.15,15279.0,83.121,35.38,56.142,1.35736,4.096,351.43,22.07,18.9888,27.0307
2023-08-19,,,,0.78555,,,,,,,,,,,,,,,,,,,,,
2023-08-20,,1.56157,,0.78545,,,,1.68836,,,,,,,,,,,,,,,,,
2023-08-21,0.9174,1.55926,1.35411,0.78401,146.202,10.94984,10.59652,1.68768,0.8784,17.012,869.75,4.9781,4105.35,3.7108,1339.58,15319.0,83.07,35.2,56.31,1.35757,4.1043,351.41,22.014,18.9779,27.135
2023-08-22,0.9218,1.5572,1.3551,0.7856,145.858,10.92829,10.62546,1.68257,0.88019,16.909,869.2,4.9387,4114.95,3.7076,1339.6,15309.0,83.02,35.02,56.291,1.35714,4.11619,352.44,22.184,18.7718,27.1822
2023-08-23,0.9202,1.54378,1.35251,0.78632,144.787,10.9104,10.5897,1.67414,0.87797,16.786,855.18,4.8574,4073.3,3.6968,1327.08,15289.0,82.502,34.95,56.606,1.35196,4.1086,351.86,22.14,18.4611,27.17326
2023-08-24,0.9244,1.55834,1.3576,0.79341,145.826,10.9887,10.70585,1.68845,0.88392,16.82,844.61,4.8722,4102.47,3.6758,1327.84,15239.0,82.552,34.903,56.691,1.35453,4.13948,354.53,22.3,18.7776,25.9001
2023-08-25,0.9261,1.56216,1.3596,0.79525,146.404,11.04737,10.68585,1.69434,0.88402,16.721,844.68,4.8711,4119.57,3.6782,1323.51,15289.0,82.617,35.12,56.596,1.35583,4.1356,353.4,22.28,18.6131,26.5465
2023-08-26,,,,,,,,1.69434,,,,,,,,,,,,,,,,,
2023-08-27,,1.56104,,0.79494,,,,1.69454,,,,,,,,,,,,,,,,,
2023-08-28,0.9239,1.55569,1.35931,0.79368,146.528,10.98275,10.7143,1.69308,0.88345,16.782,850.68,4.8731,4116.42,3.6798,1323.13,15284.0,82.58,35.118,56.69,1.35509,4.12898,354.22,22.285,18.5916,26.2851
2023-08-29,0.919,1.54366,1.35523,0.79095,145.907,10.86498,10.57252,1.67555,0.87852,16.7913,857.93,4.8579,4093.88,3.6711,1318.11,15254.0,82.554,34.934,56.74,1.3493,4.10328,350.05,22.111,18.4859,26.5566
2023-08-30,0.9151,1.54545,1.3534,0.78629,146.162,10.83893,10.58016,1.68146,0.87797,16.738,849.71,4.8915,4095.45,3.6799,1321.3,15234.0,82.587,35.0,56.76,1.35009,4.08669,347.06,22.012,18.6601,26.6941
2023-08-31,0.9221,1.54235,1.35085,0.78917,145.506,10.94869,10.63136,1.67656,0.88306,16.98658,851.43,4.9536,4086.0,3.6755,1323.94,15232.0,82.682,34.98,56.64,1.3504,4.1191,351.28,22.152,18.86646,26.6631
2023-09-01,0.9279,1.55048,1.35881,0.79456,146.193,11.0433,10.66985,1.68435,0.8849,17.082,850.78,4.935,4046.95,3.6842,1317.53,15234.0,82.669,35.03,56.53,1.35236,4.1411,356.33,22.396,18.7975,26.6125
2023-09-03,,1.55082,,0.79437,,,,1.68271,,,,,,,,,,,,,,,,,
2023-09-04,0.9261,1.54787,1.35901,0.79199,146.451,10.99719,10.62545,1.68407,0.88402,17.17692,,4.9373,4048.77,3.6773,1317.44,15234.0,82.698,35.197,56.6,1.355,4.1393,353.82,22.311,19.0814,26.745
2023-09-05,0.9323,1.56838,1.36347,0.79587,147.676,11.09399,10.7186,1.69981,0.88897,17.40721,873.5,4.9772,4089.45,3.6823,1328.92,15259.0,83.013,35.411,56.92,1.36131,4.18698,360.59,22.52,19.19775,26.778
2023-09-06,0.9322,1.56713,1.3636,0.80002,147.608,11.085,10.70622,1.70436,0.89096,17.55897,871.4,4.9776,4074.45,3.6876,1332.4,15289.0,83.178,35.51,57.0,1.36329,4.25775,362.7,22.601,19.2047,26.79751
2023-09-07,0.9346,1.56816,1.36801,0.80186,147.273,11.14017,10.7068,1.70204,0.89231,17.58426,882.45,4.9767,4020.54,3.6975,1332.91,15319.0,83.13,35.58,56.78,1.3657,4.32274,361.37,22.732,19.16764,26.8078
2023-09-08,0.9344,1.56838,1.3635,0.80225,147.81,11.12184,10.67774,1.69981,0.8923,17.575,894.54,4.9882,4012.45,3.7013,1334.94,15319.0,82.984,35.64,56.66,1.3656,4.3108,359.85,22.781,19.1777,26.8228
2023-09-09,,1.56838,,0.80225,,,,1.69981,,,,,,,,,,,,,,,,,
2023-09-10,,1.56646,,0.8016,,,,1.69779,,,,,,,,,,,,,,,,,
2023-09-11,0.9298,1.55506,1.3571,0.79937,146.547,11.07262,10.63305,1.68936,0.89071,17.27,890.15,4.9325,3988.45,3.6846,1324.02,15319.0,82.856,35.379,56.72,1.35978,4.311,356.52,22.774,18.8804,26.8632
2023-09-12,0.9295,1.55666,1.35528,0.80077,147.107,11.08369,10.67085,1.69471,0.89127,17.21955,892.15,4.9469,3985.1,3.6823,1324.08,15335.0,82.85,35.569,56.63,1.36018,4.3253,357.96,22.778,18.91012,26.8589
2023-09-13,0.9317,1.55785,1.35458,0.80067,147.367,11.12921,10.70146,1.6901,0.89343,17.138,881.35,4.9162,3939.45,3.6873,1325.39,15364.0,82.861,35.67,56.73,1.3601,4.3085,357.72,22.729,18.79583,26.9181
2023-09-14,0.9394,1.55304,1.35052,0.80593,147.42,11.17826,10.72599,1.69228,0.89526,17.093,888.23,4.8733,3923.96,3.7055,1327.64,15349.0,82.99,35.629,56.63,1.3623,4.3503,360.52,22.997,19.012,26.93887
2023-09-15,0.9379,1.55569,1.3521,0.80767,147.835,11.18085,10.77875,1.69606,0.89766,17.0405,883.64,4.8674,3925.02,3.7085,1328.44,15350.0,83.049,35.719,56.85,1.36268,4.35362,359.4,22.9884,19.0038,26.9773
2023-09-16,,,,,,,,1.69606,,,,,,,,,,,,,,,,,
2023-09-17,,1.55506,,0.80755,,,,1.69561,,,,,,,,,,,,,,,,,
2023-09-18,0.9349,1.55369,1.3486,0.80743,147.59,11.147,10.79859,1.69116,0.89683,17.12978,883.64,4.8487,3892.35,3.6949,1321.49,15365.0,83.22,35.608,56.64,1.36284,4.33806,358.26,22.795,18.994,26.9477
2023-09-19,0.9361,1.54938,1.3443,0.80698,147.773,11.157,10.77666,1.68475,0.89725,17.07,883.64,4.8735,3927.46,3.6859,1326.41,15375.0,83.29,35.864,56.75,1.3635,4.3576,358.88,22.874,18.92256,27.00797
2023-09-20,0.9373,1.55123,1.34555,0.81024,148.192,11.13755,10.7768,1.68577,0.89831,17.081,882.35,4.8801,3919.46,3.7055,1331.74,15374.0,82.9,36.048,56.64,1.36482,4.3275,360.16,22.834,18.838,27.0062
2023-09-21,0.9377,1.55906,1.3476,0.8136,147.561,11.16949,10.7744,1.68663,0.90407,17.225,888.64,4.9362,3947.46,3.7262,1338.91,15369.0,83.09,36.15,56.85,1.36657,4.32608,363.73,22.905,18.9437,27.1134
2023-09-22,0.9392,1.55337,1.3481,0.81706,148.36,11.13069,10.74223,1.67813,0.90633,17.197,892.26,4.9349,3983.01,3.7335,1334.01,15369.0,82.95,36.02,56.812,1.36476,4.3192,365.32,22.912,18.7572,27.1038
2023-09-23,,,,,,,,1.67813,,,,,,,,,,,,,,,,,
2023-09-24,,1.55248,,0.81721,,,,1.67881,,,,,,,,,,,,,,,,,
2023-09-25,0.9438,1.55707,1.34553,0.81903,148.828,11.05309,10.80006,1.67673,0.91193,17.38446,901.03,4.97,4054.35,3.7603,1336.99,15394.0,83.11,36.145,56.82,1.36605,4.3441,368.17,22.951,18.7856,27.1843
2023-09-26,0.9457,1.56345,1.35167,0.82275,149.0,10.98779,10.81154,1.68251,0.91553,17.53761,903.8,4.9868,4067.46,3.7705,1351.52,15484.0,83.248,36.362,57.12,1.3679,4.3569,369.05,23.0971,19.0482,27.2686
2023-09-27,0.9516,1.57453,1.34938,0.82395,149.474,11.06056,10.75045,1.68945,0.9204,17.66438,911.1,5.0431,4109.96,3.7893,1353.78,15514.0,83.156,36.66,57.011,1.37132,4.4043,372.79,23.135,19.1696,27.0688
2023-09-28,0.9463,1.55611,1.34894,0.81948,149.279,10.91495,10.72205,1.67757,0.91492,17.535,905.95,5.0323,4059.46,3.7721,1347.86,15514.0,83.108,36.534,56.69,1.36546,4.3855,370.9,23.0,19.0225,27.4325
2023-09-29,0.9456,1.55424,1.3577,0.81987,149.33,10.92105,10.69437,1.66806,0.91451,17.407,887.85,5.0338,4077.17,3.7721,1352.29,15485.0,83.056,36.426,56.69,1.3652,4.3698,367.93,23.057,18.8663,27.4205
2023-09-30,,1.55424,,0.81987,,,,1.66806,,,,,,,,,,,,,,,,,
2023-10-01,,1.55475,,0.82013,,,,1.66878,,,,,,,,,,,,,,,,,
2023-10-02,0.954,1.57151,1.3671,0.82732,149.824,11.05129,10.8423,1.68124,0.91775,17.664,907.78,5.0738,4159.46,3.7807,1355.98,15525.0,83.2,36.932,56.69,1.3724,4.3999,370.57,23.264,19.1937,27.3914
2023-10-03,0.9553,1.58682,1.37063,0.82809,149.044,11.07893,10.95668,1.69205,0.92109,18.051,917.55,5.1669,4222.81,3.7783,1359.0,15574.0,83.202,37.065,56.68,1.37315,4.4172,371.73,23.38,19.3036,27.4583
2023-10-04,0.9515,1.58178,1.3742,0.8239,149.008,11.0596,11.00171,1.69193,0.91656,17.93939,922.25,5.1501,4284.46,3.788,1351.32,15624.0,83.23,36.879,56.68,1.37099,4.38259,368.25,23.199,19.3315,27.5557
2023-10-05,0.9477,1.57033,1.37053,0.82034,148.485,11.00377,10.94766,1.67726,0.91229,18.261,913.6,5.1686,4345.96,3.806,1344.82,15609.0,83.199,36.92,56.68,1.36658,4.3598,366.71,23.142,19.5037,27.56164
2023-10-06,0.9441,1.56693,1.3661,0.81713,149.274,10.95762,10.902,1.67029,0.90948,18.15534,920.25,5.1466,4323.96,3.8102,1344.59,15604.0,83.098,37.071,56.68,1.3649,4.3236,365.38,23.0596,19.2954,27.5405
2023-10-07,,1.56666,,0.81713,,,,1.67029,,,,,,,,,,,,,,,,,
2023-10-08,,1.57354,,0.81975,,,,1.67642,,,,,,,,,,,,,,,,,
2023-10-09,0.946,1.56055,1.3589,0.8171,148.521,10.95675,10.77077,1.66179,0.90634,18.19208,917.79,5.1355,4314.46,3.8217,1346.73,15684.0,83.234,36.98,56.88,1.36602,4.31698,367.68,23.114,19.3074,27.69439
2023-10-10,0.9427,1.55579,1.35832,0.81419,148.672,10.863,10.80882,1.6547,0.90444,17.922,929.38,5.0658,4230.25,3.8061,1341.53,15729.0,83.142,36.584,56.82,1.36379,4.2748,364.87,23.111,19.0161,27.70778
2023-10-11,0.9414,1.55921,1.35914,0.81228,149.07,10.90082,10.84096,1.66152,0.9016,17.81596,925.15,5.0566,4214.46,3.8039,1337.89,15690.0,83.15,36.37,56.74,1.36241,4.25728,363.61,23.071,18.81567,27.6501
2023-10-12,0.9494,1.58356,1.3687,0.82123,149.76,10.99298,10.96568,1.68728,0.9079,17.98092,937.3,5.046,4261.69,3.8236,1348.49,15684.0,83.27,36.38,56.62,1.36905,4.3023,367.17,23.363,19.0071,27.748
2023-10-13,0.9513,1.58864,1.3655,0.82387,149.515,11.02565,10.92546,1.69981,0.90219,18.0814,939.5,5.0982,4234.46,3.849,1352.19,15679.0,83.235,36.2,56.78,1.36935,4.3175,367.84,23.471,18.9804,27.7612
2023-10-14,,1.58874,,,,,,1.7001,,,,,,,,,,,,,,,,,
2023-10-15,,1.58733,,0.82355,,,,1.69388,,,,,,,,,,,,,,,,,
2023-10-16,0.9467,1.57784,1.36051,0.81888,149.526,10.91144,10.90966,1.69308,0.89969,17.869,944.75,5.0386,4239.96,3.845,1346.78,15714.0,83.19,36.248,56.75,1.36758,4.2128,365.62,23.328,18.7886,27.7869
2023-10-17,0.9453,1.57092,1.3645,0.8207,149.77,10.9195,10.94394,1.69604,0.90013,18.00019,935.98,5.0382,4197.4,3.8308,1350.88,15710.0,83.23,36.299,56.74,1.3678,4.1764,363.0,23.278,18.7972,27.9519
2023-10-18,0.9489,1.57856,1.37111,0.82372,149.782,11.01625,11.05347,1.70765,0.89863,18.22502,944.87,5.0593,4247.46,3.8535,1353.2,15724.0,83.252,36.32,56.75,1.3727,4.22618,364.35,23.389,18.9894,27.9989
2023-10-19,0.9447,1.58078,1.37145,0.82358,149.756,10.95959,10.98745,1.71116,0.89088,18.274,935.75,5.0509,4265.46,3.8534,1353.79,15809.0,83.082,36.39,56.755,1.37199,4.2078,361.3,23.239,18.99852,28.0051
2023-10-20,0.9436,1.58489,1.37088,0.82237,149.831,10.9686,11.05282,1.71762,0.89133,18.221,944.0,5.0312,4233.46,3.8707,1349.06,15869.0,83.13,36.45,56.755,1.372,4.2059,360.27,23.172,18.983,27.9483
2023-10-21,,1.58428,,0.82237,,,,1.71585,,,,,,,,,,,,,,,,,
2023-10-22,,1.58356,,0.82241,,,,1.71559,,,,,,,,,,,,,,,,,
2023-10-23,0.9371,1.57816,1.36888,0.81674,149.696,10.9695,11.06505,1.71089,0.89094,18.146,933.7,5.0138,4212.56,3.8485,1342.81,15929.0,83.05,36.302,56.83,1.36658,4.17969,357.36,23.047,18.9428,28.0704
2023-10-24,0.9438,1.57329,1.37396,0.8224,149.843,11.11674,11.1561,1.71086,0.89274,18.24492,927.0,4.9995,4212.46,3.8469,1342.37,15844.0,82.99,36.152,56.79,1.36771,4.2097,361.27,23.202,19.0302,28.1171
2023-10-25,0.946,1.58544,1.3794,0.82585,150.137,11.14081,11.1915,1.72408,0.89652,18.311,922.2,5.0081,4179.46,3.8591,1351.51,15864.0,83.116,36.219,56.79,1.37111,4.23348,363.94,23.353,19.1131,28.0497
2023-10-26,0.9466,1.5821,1.38252,0.82454,150.368,11.1577,11.19405,1.7188,0.89877,18.138,932.95,4.9942,4134.75,3.8528,1352.65,15914.0,83.223,36.249,57.0,1.3694,4.21588,362.52,23.338,18.9497,28.1403
2023-10-27,0.9461,1.57948,1.38701,0.82495,149.599,11.15405,11.1722,1.72209,0.90217,18.098,907.2,5.0152,4100.46,3.8403,1354.89,15934.0,83.245,36.1,56.97,1.3702,4.219,362.79,23.295,18.8617,28.1
2023-10-28,,1.57878,,0.82495,,,,1.72028,,,,,,,,,,,,,,,,,
2023-10-29,,1.57803,,0.82505,,,,1.72206,,,,,,,,,,,,,,,,,
2023-10-30,0.9417,1.57003,1.3823,0.82194,149.047,11.14062,11.13595,1.71212,0.90166,18.03977,906.38,5.0533,4053.96,3.8062,1344.67,15884.0,83.23,35.89,56.88,1.36414,4.1848,360.26,23.076,18.8533,28.201
2023-10-31,0.9452,1.57816,1.38716,0.82317,151.627,11.16952,11.16757,1.72372,0.90987,18.06,894.0,5.0374,4115.46,3.8238,1350.98,15879.0,83.231,36.09,56.865,1.36985,4.203,361.25,23.196,18.6443,28.2854
2023-11-01,0.946,1.56289,1.38515,0.82288,150.903,11.17899,11.1768,1.71066,0.9073,17.781,896.5,4.9539,4079.46,3.8188,1346.48,15929.0,83.217,36.14,56.8,1.36782,4.223,362.32,23.314,18.5162,28.3085
2023-11-02,0.9412,1.554,1.37395,0.81971,150.43,11.10818,11.14993,1.6954,0.90582,17.509,887.75,4.9534,4019.75,3.754,1333.34,15849.0,83.214,35.92,56.8,1.36434,4.1845,359.05,22.992,18.4033,28.3234
2023-11-03,0.932,1.53657,1.3659,0.80802,149.333,10.8767,11.028,1.6675,0.89882,17.4265,874.13,4.8934,3983.82,3.7367,1308.21,15724.0,83.12,35.576,56.07,1.3539,4.1453,352.03,22.701,18.2529,28.4043
2023-11-04,,1.53563,,0.80802,,,,1.6675,,,,,,,,,,,,,,,,,
2023-11-05,,1.53728,,0.80821,,,,1.67001,,,,,,,,,,,,,,,,,
2023-11-06,0.9329,1.5414,1.3695,0.8101,150.071,10.9113,11.04672,1.67715,0.89933,17.53503,881.5,4.8909,3977.96,3.7578,1298.27,15535.0,83.198,35.49,55.97,1.35074,4.1532,353.8,22.871,18.2758,28.4232
2023-11-07,0.9343,1.55395,1.37661,0.81303,150.348,10.92072,11.18039,1.68512,0.89999,17.46769,883.78,4.8666,4007.83,3.7629,1304.51,15625.0,83.21,35.52,56.054,1.35437,4.16332,353.17,22.99,18.32884,28.4604
2023-11-08,0.9335,1.56206,1.37924,0.81403,150.974,10.8938,11.16472,1.69173,0.89925,17.52832,899.13,4.9059,4092.96,3.7824,1307.69,15644.0,83.193,35.5,55.86,1.3563,4.1462,353.34,22.972,18.4608,28.4323
2023-11-09,0.9371,1.57075,1.3803,0.81815,151.341,10.92188,11.21385,1.69745,0.90279,17.808,915.65,4.922,4040.46,3.7947,1317.02,15649.0,83.295,35.72,55.9,1.36038,4.1559,355.64,22.979,18.6478,28.4364
2023-11-10,0.9355,1.57285,1.3797,0.81808,151.472,10.91009,11.10239,1.69843,0.90149,17.624,911.63,4.9013,4023.84,3.8137,1316.49,15689.0,83.289,35.95,55.833,1.3594,4.1406,352.9,22.9,18.7269,28.5212
2023-11-11,,1.57134,,0.8182,,,,1.69693,,,,,,,,,,,,,,,,,
2023-11-12,,1.5748,,0.8182,,,,1.69981,,,,,,,,,,,,,,,,,
2023-11-13,0.9346,1.56826,1.38035,0.81442,151.719,10.8377,11.07942,1.70181,0.90158,17.597,922.46,4.9075,4023.84,3.8111,1319.45,15694.0,83.188,35.93,56.05,1.359,4.13723,351.93,22.951,18.71242,28.5838
2023-11-14,0.9189,1.53693,1.36919,0.80017,150.378,10.5874,10.87283,1.66456,0.88901,17.3392,889.75,4.862,3959.17,3.7669,1304.66,15689.0,82.953,35.49,56.065,1.34886,4.0391,345.37,22.46,18.21737,28.626
2023-11-15,0.9217,1.53669,1.36817,0.80537,151.335,10.54979,10.81227,1.66041,0.88796,17.29,885.75,4.862,4036.96,3.772,1304.59,15529.0,83.168,35.52,55.7,1.35037,4.0458,346.96,22.525,18.1673,28.5974
2023-11-16,0.9212,1.54617,1.37541,0.80554,150.723,10.579,10.9353,1.67493,0.88871,17.21786,882.72,4.8632,4084.35,3.7692,1292.31,15539.0,83.132,35.19,55.7,1.34702,4.0212,347.0,22.518,18.3666,28.6062
2023-11-17,0.916,1.53541,1.3718,0.8028,149.562,10.52093,10.79702,1.67073,0.88502,17.204,882.05,4.898,4067.07,3.7714,1294.33,15489.0,83.224,35.12,55.56,1.3427,4.0128,346.93,22.3953,18.3493,28.6611
2023-11-18,,1.53657,,0.8025,,,,1.67001,,,,,,,,,,,,,,,,,
2023-11-19,,1.53846,,0.8025,,,,1.67084,,,,,,,,,,,,,,,,,
2023-11-20,0.9138,1.52532,1.37237,0.79973,148.344,10.44521,10.69737,1.65662,0.88498,17.11286,876.43,4.8529,4019.71,3.7385,1287.92,15439.0,83.314,35.16,55.37,1.33787,3.97344,346.85,22.383,18.33527,28.758
2023-11-21,0.9163,1.52572,1.37002,0.79755,148.379,10.46061,10.67597,1.65322,0.88357,17.18598,868.05,4.9043,4067.23,3.7421,1294.55,15434.0,83.26,35.13,55.42,1.33835,4.00567,348.93,22.456,18.6175,28.7688
2023-11-22,0.9182,1.52875,1.36866,0.80045,149.533,10.4726,10.74822,1.6608,0.88379,17.19149,871.35,4.9061,4063.96,3.7427,1300.88,15569.0,83.272,35.22,55.62,1.34178,4.00779,349.78,22.407,18.88014,28.796
2023-11-23,0.9167,1.52537,1.36957,0.79785,149.561,10.48263,10.7621,1.65328,0.88389,17.181,873.38,4.9066,4062.77,3.7346,1300.13,15549.0,83.285,35.2,55.37,1.34048,4.0015,347.79,22.368,18.80448,28.7796
2023-11-24,0.9136,1.51953,1.3634,0.79356,149.403,10.44063,10.69762,1.64501,0.88223,17.1,867.0,4.8953,4036.42,3.7324,1302.95,15559.0,83.32,35.28,55.42,1.339,3.9868,347.52,22.287,18.7674,28.8342
2023-11-25,,1.5193,,0.79346,,,,,,,,,,,,,,,,,,,,,
2023-11-26,,1.52091,,0.79371,,,,1.6459,,,,,,,,,,,,,,,,,
2023-11-27,0.9127,1.51368,1.36159,0.79193,148.669,10.4213,10.63515,1.64004,0.88025,17.161,870.5,4.9031,3970.97,3.7199,1297.83,15489.0,83.31,35.04,55.425,1.33671,3.964,346.21,22.142,18.65065,28.8776
2023-11-28,0.9094,1.5041,1.35733,0.78785,147.478,10.31707,10.61488,1.63002,0.87804,17.13111,867.03,4.8732,3947.46,3.7296,1287.24,15429.0,83.32,34.71,55.425,1.3311,3.926,342.78,22.009,18.59315,28.88048
2023-11-29,0.9114,1.5113,1.3584,0.7877,147.235,10.35923,10.65454,1.62462,0.87374,17.276,868.04,4.9039,3997.95,3.7329,1291.15,15389.0,83.333,34.8,55.42,1.33301,3.9564,344.41,22.095,18.7438,28.9198
2023-11-30,0.9182,1.51439,1.35609,0.79229,148.176,10.49503,10.80283,1.62525,0.87511,17.37752,871.35,4.9267,4034.52,3.736,1299.51,15504.0,83.337,35.3,55.46,1.33727,3.9975,348.7,22.303,18.84801,28.854
2023-12-01,0.9185,1.49898,1.3491,0.7869,146.772,10.3758,10.66493,1.61103,0.86886,17.166,852.63,4.8715,3965.47,3.7353,1293.86,15479.0,83.24,34.84,55.46,1.3333,3.9696,347.79,22.275,18.6248,28.8886
2023-12-02,,1.49903,,0.7874,,,,1.61108,,,,,,,,,,,,,,,,,
2023-12-03,,1.5006,,0.78691,,,,1.61525,,,,,,,,,,,,,,,,,
2023-12-04,0.9226,1.5106,1.35359,0.7916,147.204,10.43296,10.84279,1.62206,0.87273,17.453,866.65,4.9503,4017.46,3.7442,1309.74,15449.0,83.408,35.23,55.46,1.33759,3.9917,350.62,22.498,18.7969,28.9317
2023-12-05,0.9258,1.52623,1.35915,0.79414,147.145,10.48401,10.92084,1.63169,0.87486,17.37357,876.9,4.9293,3997.17,3.7558,1312.88,15499.0,83.3,35.2,55.46,1.34107,4.00261,351.39,22.526,18.94321,28.9053
2023-12-06,0.9287,1.52704,1.35926,0.79622,147.308,10.4724,10.97053,1.62959,0.87477,17.26707,870.65,4.8971,4007.93,3.7537,1315.74,15489.0,83.314,35.17,55.3,1.34189,4.0176,353.03,22.529,18.9626,28.8853
2023-12-07,0.9262,1.51474,1.35979,0.79412,144.098,10.38466,10.86069,1.62104,0.87477,17.457,870.3,4.9064,3984.93,3.754,1314.1,15509.0,83.324,35.12,55.315,1.33911,4.0117,353.56,22.512,18.754,28.9211
2023-12-08,0.9291,1.52103,1.3578,0.79716,144.893,10.46185,10.89644,1.63436,0.87965,17.345,866.8,4.9262,3982.15,3.7539,1316.39,15504.0,83.407,35.54,55.44,1.34164,4.0224,354.0,22.622,18.9844,28.8555
2023-12-09,,1.52045,,0.79707,,,,1.63372,,,,,,,,,,,,,,,,,
2023-12-10,,1.52323,,0.79809,,,,1.63613,,,,,,,,,,,,,,,,,
2023-12-11,0.9287,1.52283,1.35725,0.7965,146.143,10.48564,10.94646,1.63316,0.87838,17.37452,880.83,4.9384,3959.46,3.7728,1316.24,15609.0,83.362,35.72,55.51,1.3435,4.024,356.02,22.621,19.078,28.9626
2023-12-12,0.9262,1.52453,1.3587,0.796,145.449,10.43997,10.96196,1.63068,0.87531,17.30143,874.25,4.965,3986.6,3.7764,1310.79,15614.0,83.375,35.68,55.51,1.34131,4.0048,353.95,22.674,18.9586,28.9566
2023-12-13,0.9193,1.50128,1.3514,0.79253,142.879,10.32062,10.78288,1.61998,0.87158,17.235,870.0,4.9182,3967.46,3.7852,1301.9,15654.0,83.33,35.27,56.07,1.33293,3.9509,348.21,22.436,18.6656,28.9489
2023-12-14,0.9095,1.49318,1.34059,0.78338,141.859,10.23621,10.50235,1.61155,0.86747,17.185,864.78,4.9067,3966.14,3.7657,1288.63,15494.0,83.287,34.86,55.73,1.32728,3.9155,345.0,22.196,18.32968,28.9918
2023-12-15,0.9175,1.49252,1.33767,0.78911,142.141,10.279,10.452,1.6115,0.87008,17.182,866.45,4.9406,3942.46,3.7604,1300.4,15489.0,82.974,34.87,55.72,1.33215,3.973,350.89,22.416,18.3036,28.9766
2023-12-16,,1.49343,,0.78895,,,,1.61134,,,,,,,,,,,,,,,,,
2023-12-17,,1.49365,,0.78895,,,,1.61134,,,,,,,,,,,,,,,,,
2023-12-18,0.9152,1.49114,1.33984,0.79065,142.737,10.20493,10.39137,1.60997,0.8671,17.1568,870.9,4.9019,3931.46,3.744,1303.81,15504.0,83.124,34.94,55.83,1.33227,3.9549,351.6,22.426,18.5767,29.0373
2023-12-19,0.9104,1.47881,1.33318,0.78542,143.82,10.15312,10.25605,1.59454,0.86088,17.063,861.18,4.8631,3943.46,3.7109,1300.12,15499.0,83.086,34.83,55.95,1.32753,3.93764,349.92,22.324,18.3085,29.0714
2023-12-20,0.9136,1.48584,1.33688,0.79129,143.543,10.17039,10.3352,1.60085,0.86274,17.1416,871.7,4.9173,3939.96,3.704,1303.05,15504.0,83.121,34.96,55.72,1.33254,3.9683,350.83,22.346,18.3235,29.0614
2023-12-21,0.9079,1.47016,1.328,0.78807,142.102,10.08617,10.26121,1.58897,0.85619,17.02785,878.0,4.886,3944.6,3.711,1295.11,15519.0,83.194,34.76,55.51,1.32603,3.9259,346.87,22.292,18.3438,29.1132
2023-12-22,0.908,1.47115,1.32637,0.78784,142.401,9.99573,10.20655,1.58889,0.85503,16.968,887.8,4.8515,3907.05,3.711,1297.0,15479.0,83.099,34.59,55.39,1.32379,3.9327,345.686,22.288,18.52311,29.2433
2023-12-23,,1.4708,,,,,,1.58957,,,,,,,,,,,,,,,,,
2023-12-24,,1.4708,,0.7874,,,,1.58866,,,,,,,,,,,,,,,,,
2023-12-25,0.9082,1.47016,1.3247,0.78839,142.229,,,1.58655,0.8539,17.0129,887.8,4.8515,,,1295.63,,83.144,34.59,,1.3244,3.9392,345.75,22.281,18.4269,29.2464
2023-12-26,0.9054,1.46548,1.3193,0.78591,142.387,9.99091,10.14298,1.58065,0.85359,16.973,890.97,4.8234,3848.55,3.687,1294.91,15479.0,83.159,34.55,55.45,1.32315,3.9168,345.39,22.158,18.6307,29.32782
2023-12-27,0.9002,1.46054,1.3207,0.78138,141.82,9.93254,10.09876,1.57731,0.84276,16.9172,881.55,4.8315,3828.46,3.6912,1293.34,15425.0,83.242,34.32,55.6,1.31987,3.88657,343.74,22.196,18.3808,29.3738
2023-12-28,0.9037,1.46454,1.3225,0.78546,141.399,9.98354,10.19598,1.57938,0.84478,16.925,884.03,4.8515,3872.71,3.7016,1289.25,15414.0,83.149,34.25,55.6,1.32019,3.9162,345.28,22.303,18.532,29.4094
2023-12-29,0.9058,1.4689,1.3246,0.78555,140.998,10.08386,10.16535,1.58333,0.84109,16.947,877.8,4.8526,3872.52,3.7109,1294.37,15394.0,83.17,34.37,55.388,1.31921,3.9331,346.75,22.3323,18.2835,29.4748
2023-12-30,,1.46843,,0.78561,,,,1.58153,,,,,,,,,,,,,,,,,
2023-12-31,,1.46843,,0.78561,,,,1.58153,,,,,,,,,,,,,,,,,
2024-01-01,0.9048,1.46929,1.3236,0.78598,140.866,,,1.58128,0.8396,16.9582,877.8,4.8526,3872.52,3.7109,1293.52,15395.0,83.217,34.34,55.36,1.3195,3.9366,346.39,22.347,18.4451,29.5364
2024-01-02,0.9137,1.4792,1.3316,0.79271,141.983,10.22052,10.33846,1.59974,0.85008,17.02,883.78,4.9235,3894.85,3.7109,1312.14,15464.0,83.234,34.25,55.6,1.32512,3.992,348.69,22.524,18.557,29.6826
2024-01-03,0.9153,1.48568,1.33519,0.78961,143.29,10.28039,10.33933,1.60074,0.84899,17.01388,879.6,4.9176,3910.79,3.7333,1309.44,15490.0,83.266,34.48,55.6,1.32864,3.9817,347.7,22.523,18.712,29.7421
2024-01-04,0.9133,1.49105,1.33494,0.78853,144.624,10.21644,10.29557,1.6039,0.8502,17.00907,888.48,4.8959,3927.57,3.7405,1313.28,15484.0,83.223,34.5,55.615,1.32923,3.96942,345.77,22.512,18.6963,29.675
2024-01-05,0.9138,1.49009,1.336,0.78633,144.603,10.26042,10.29482,1.60282,0.84945,16.8725,889.0,4.8743,3886.43,3.715,1314.13,15509.0,83.075,34.68,55.61,1.32916,3.9721,345.21,22.5,18.6749,29.7471
2024-01-06,,1.48965,,0.78641,,,,1.60282,,,,,,,,,,,,,,,,,
2024-01-07,,1.4892,,0.78641,,,,1.60385,,,,,,,,,,,,,,,,,
2024-01-08,0.913,1.48832,1.3346,0.78449,144.222,10.22825,10.36063,1.60023,0.84793,16.82642,905.0,4.8698,3882.96,3.713,1311.76,15520.0,83.0,34.95,55.61,1.32793,3.9536,344.49,22.361,18.59346,29.8897
2024-01-09,0.9145,1.49548,1.33894,0.78679,144.47,10.24816,10.35832,1.60326,0.85226,16.96247,920.0,4.9053,3937.55,3.7057,1320.06,15515.0,83.089,34.88,56.03,1.33104,3.9756,346.58,22.464,18.6951,29.9455
2024-01-10,0.9112,1.49267,1.33801,0.78481,145.755,10.22145,10.34162,1.60609,0.8508,16.97214,916.5,4.8904,3940.46,3.7,1318.85,15564.0,83.0,35.05,56.26,1.33151,3.94963,344.34,22.394,18.6879,29.8864
2024-01-11,0.9111,1.49555,1.33943,0.78353,145.28,10.25292,10.3032,1.60454,0.8518,16.907,910.5,4.8702,3913.61,3.6992,1313.83,15544.0,83.043,35.07,56.09,1.33071,3.9638,345.13,22.455,18.6354,30.0003
2024-01-12,0.9129,1.49575,1.3407,0.78448,144.904,10.28507,10.28302,1.60295,0.85171,16.859,908.5,4.8539,3915.38,3.6935,1313.19,15544.0,82.838,34.88,55.9,1.3313,3.9756,345.7,22.4574,18.6522,30.065
2024-01-13,,1.49589,,0.78425,,,,1.60205,,,,,,,,,,,,,,,,,
2024-01-14,,1.49633,,0.78425,,,,1.60359,,,,,,,,,,,,,,,,,
2024-01-15,0.9129,1.50157,1.34267,0.78571,145.715,10.32607,10.34483,1.61324,0.85545,16.876,,4.8628,3902.6,3.6949,1319.8,15549.0,82.807,34.93,55.79,1.333,3.9845,345.99,22.534,18.6702,30.0705
2024-01-16,0.9193,1.51886,1.34943,0.79136,147.172,10.43515,10.46486,1.62925,0.86154,17.207,,4.9255,3947.46,3.7163,1338.11,15584.0,83.065,35.39,55.915,1.34251,4.0348,348.6,22.724,18.9673,30.0168
2024-01-17,0.9187,1.52625,1.35043,0.78897,148.155,10.44088,10.50207,1.63506,0.86435,17.188,921.25,4.9356,3956.46,3.7403,1343.94,15635.0,83.162,35.6,55.91,1.34453,4.0375,349.25,22.732,19.0569,30.057
2024-01-18,0.9192,1.52168,1.34861,0.78711,148.153,10.4823,10.52608,1.63527,0.86802,17.15855,922.0,4.9266,3911.46,3.7385,1338.41,15614.0,83.127,35.55,55.83,1.34366,4.03092,351.35,22.792,18.92974,30.0563
2024-01-19,0.9174,1.51665,1.3426,0.78735,148.128,10.46114,10.48422,1.63653,0.86764,17.06,910.6,4.9303,3908.3,3.7397,1334.22,15609.0,83.066,35.5,55.98,1.34013,3.9909,350.13,22.747,19.0133,30.1807
2024-01-20,,1.51584,,0.7874,,,,1.63693,,,,,,,,,,,,,,,,,
2024-01-21,,1.51837,,0.7874,,,,1.63666,,,,,,,,,,,,,,,,,
2024-01-22,0.9186,1.52209,1.3474,0.78691,148.095,10.4542,10.5114,1.64566,0.86894,17.168,909.25,4.9894,3909.35,3.7392,1339.04,15629.0,83.055,35.58,56.255,1.3418,4.0054,352.11,22.742,19.2003,30.2195
2024-01-23,0.9211,1.51999,1.34599,0.78829,148.327,10.48111,10.49997,1.63865,0.8701,17.29976,913.5,4.9532,3950.79,3.7533,1337.57,15624.0,83.125,35.68,56.19,1.34111,4.0411,355.51,22.919,19.0446,30.2465
2024-01-24,0.9184,1.52047,1.35226,0.78589,147.494,10.4341,10.4678,1.63663,0.86285,17.21,910.0,4.9332,3915.18,3.7578,1331.97,15704.0,83.067,35.71,56.25,1.33947,4.0185,355.57,22.789,18.8774,30.2274
2024-01-25,0.9217,1.51879,1.34733,0.78698,147.658,10.44203,10.42794,1.63679,0.86703,17.1962,909.0,4.9195,3935.16,3.7617,1336.22,15819.0,83.121,35.72,56.5,1.33997,4.0299,354.64,22.786,18.86188,30.2364
2024-01-26,0.921,1.52165,1.3447,0.78725,148.149,10.45595,10.40976,1.64214,0.86364,17.15355,920.0,4.9165,3902.07,3.7868,1336.72,15814.0,83.101,35.59,56.315,1.3408,4.0199,356.36,22.7656,18.7744,30.2576
2024-01-27,,1.52114,,0.78728,,,,1.64204,,,,,,,,,,,,,,,,,
2024-01-28,,1.52156,,0.78771,,,,1.64042,,,,,,,,,,,,,,,,,
2024-01-29,0.9228,1.51261,1.34135,0.78687,147.497,10.43734,10.4226,1.63063,0.86119,17.22345,930.0,4.9455,3927.0,3.786,1334.0,15805.0,83.14,35.44,56.4,1.34017,4.0303,358.95,22.892,18.8046,30.32831
2024-01-30,0.9218,1.51469,1.3396,0.78751,147.599,10.40682,10.4316,1.62981,0.8617,17.14761,934.25,4.9521,3910.57,3.8115,1328.55,15776.0,83.09,35.37,56.38,1.33919,4.0067,356.02,22.802,18.7981,30.3068
2024-01-31,0.9242,1.52288,1.34336,0.78825,146.889,10.38681,10.4994,1.63468,0.86134,17.2066,931.5,4.9531,3895.43,3.8014,1333.56,15774.0,83.05,35.52,56.29,1.33964,3.99934,354.3,22.901,18.6717,30.30246
2024-02-01,0.9195,1.52188,1.33847,0.78478,146.408,10.37873,10.43117,1.62782,0.85779,17.07511,931.4,4.9163,3890.71,3.803,1328.93,15759.0,82.908,35.32,56.07,1.33647,3.9661,351.71,22.831,18.5978,30.27
2024-02-02,0.9267,1.53612,1.3458,0.79187,148.308,10.48717,10.59492,1.64902,0.86669,17.103,948.0,4.9702,3937.34,3.8324,1337.85,15654.0,82.979,35.55,55.91,1.342,3.9952,355.7,23.0673,18.8665,30.399
2024-02-03,,1.53563,,0.79177,,,,1.64935,,,,,,,,,,,,,,,,,
2024-02-04,,1.53565,,0.79177,,,,1.64881,,,,,,,,,,,,,,,,,
2024-02-05,0.9306,1.54264,1.35396,0.79793,148.667,10.59692,10.67515,1.65172,0.87068,17.10837,954.5,4.9854,3948.46,3.8582,1333.11,15699.0,83.009,35.78,56.32,1.34618,4.0402,359.54,23.208,19.0578,30.5404
2024-02-06,0.9296,1.53301,1.34916,0.79399,147.934,10.49962,10.58233,1.63983,0.8698,17.02786,948.2,4.9636,3953.52,3.8564,1326.86,15724.0,83.04,35.56,56.19,1.34396,4.04154,358.91,23.148,18.8284,30.443
2024-02-07,0.928,1.53391,1.3458,0.79208,148.179,10.47483,10.57802,1.63623,0.87423,17.039,952.45,4.969,3950.46,3.8667,1328.34,15629.0,82.953,35.6,55.95,1.34328,4.0286,360.11,23.143,18.8808,30.5401
2024-02-08,0.9276,1.54071,1.3457,0.79257,149.315,10.47278,10.61723,1.64031,0.87367,17.138,965.5,4.9923,3942.2,3.8507,1331.64,15629.0,82.959,35.83,55.9,1.34714,4.0114,360.3,23.405,18.9555,30.5972
2024-02-09,0.9269,1.53344,1.3457,0.7921,149.256,10.44651,10.54203,1.62689,0.8746,17.0894,970.25,4.9522,3912.55,3.8688,1329.98,15629.0,82.979,35.87,55.89,1.3453,4.009,358.51,23.364,19.0488,30.6723
2024-02-10,,1.53304,,,,,,1.62708,,,,,,,,,,,,,,,,,
2024-02-11,,1.53539,,0.79233,,,,1.62893,,,,,,,,,,,,,,,,,
2024-02-12,0.9281,1.53123,1.34497,0.79186,149.34,10.39737,10.49364,1.63143,0.87559,17.06447,971.4,4.9536,3907.63,3.8647,1328.15,15589.0,82.93,35.86,56.0,1.34451,3.99933,358.86,23.398,18.89566,30.7074
2024-02-13,0.9336,1.54979,1.35632,0.79418,150.779,10.58279,10.66992,1.65017,0.88691,17.19136,969.3,4.9536,3927.72,3.8839,1340.71,15580.0,83.074,36.01,55.94,1.35094,4.0477,361.23,23.638,19.1263,30.6934
2024-02-14,0.9319,1.54136,1.35415,0.79583,150.556,10.52233,10.57974,1.64325,0.88581,17.08,956.5,4.9685,3917.3,3.8721,1330.73,15589.0,82.989,36.08,56.165,1.3481,4.04269,361.99,23.665,19.0455,30.7125
2024-02-15,0.928,1.53266,1.34638,0.79373,149.906,10.45082,10.52102,1.63768,0.87981,17.037,968.75,4.9732,3906.71,3.8665,1328.52,15614.0,82.967,36.05,56.0,1.34566,4.02951,360.89,23.5134,18.9326,30.7278
2024-02-16,0.9276,1.53189,1.3482,0.79379,150.181,10.43294,10.49558,1.63337,0.88025,17.04242,969.4,4.9668,3906.46,3.8236,1331.07,15614.0,82.992,35.98,55.95,1.3457,4.02381,360.79,23.582,18.8656,30.8262
2024-02-17,,1.53116,,0.79378,,,,1.63319,,,,,,,,,,,,,,,,,
2024-02-18,,1.53257,,0.79371,,,,1.63345,,,,,,,,,,,,,,,,,
2024-02-19,0.9275,1.52912,1.34878,0.79406,150.112,10.39921,10.47902,1.62631,0.88193,17.03674,,4.9574,3915.46,3.7955,1333.71,15624.0,83.003,36.01,56.05,1.34532,4.01118,360.21,23.604,18.9482,30.8121
2024-02-20,0.925,1.527,1.3518,0.79226,150.003,10.36203,10.4846,1.62235,0.88184,17.055,962.6,4.9275,3925.29,3.7788,1333.81,15654.0,82.851,35.96,56.05,1.3434,3.9894,358.46,23.469,18.898,30.8814
2024-02-21,0.9241,1.52655,1.35051,0.79131,150.274,10.36296,10.47767,1.61831,0.87963,17.03936,969.8,4.9361,3919.46,3.796,1333.02,15629.0,82.87,35.85,55.94,1.34397,3.9858,357.73,23.376,18.90638,30.9056
2024-02-22,0.9237,1.52511,1.34811,0.78993,150.528,10.3161,10.5014,1.61441,0.8801,17.101,978.35,4.9607,3929.46,3.8084,1327.37,15584.0,82.833,35.91,55.72,1.34286,3.9926,358.09,23.438,19.1551,30.8797
2024-02-23,0.9238,1.52395,1.3504,0.78937,150.473,10.32084,10.53322,1.61394,0.88054,17.10641,981.0,4.9938,3961.46,3.7961,1329.93,15589.0,82.839,35.94,55.89,1.3432,3.9755,359.2,23.408,19.3038,30.9651
2024-02-24,,1.52439,,0.7892,,,,1.61473,,,,,,,,,,,,,,,,,
2024-02-25,,1.52323,,0.78897,,,,1.61473,,,,,,,,,,,,,,,,,
2024-02-26,0.9213,1.52926,1.35047,0.78834,150.697,10.2785,10.50794,1.62011,0.87994,17.092,985.4,4.9799,3954.96,3.7983,1331.87,15624.0,82.826,35.87,55.95,1.3443,3.97,358.57,23.356,19.2845,31.117
2024-02-27,0.9218,1.52821,1.35272,0.78843,150.487,10.30629,10.52673,1.62093,0.8786,17.06117,981.0,4.9335,3927.46,3.7883,1332.04,15634.0,82.857,35.87,55.965,1.34355,3.9666,360.14,23.317,19.08996,31.1337
2024-02-28,0.9224,1.53957,1.35766,0.7898,150.685,10.3275,10.58483,1.64015,0.87882,17.08851,978.0,4.9663,3924.5,3.7945,1334.15,15680.0,82.859,35.94,56.27,1.34592,3.98249,362.69,23.306,19.274,31.207
2024-02-29,0.9252,1.53943,1.35774,0.7922,149.971,10.36872,10.61776,1.64298,0.88447,17.047,967.0,4.9716,3920.47,3.778,1334.73,15709.0,82.88,35.88,56.2,1.34549,3.99308,363.0,23.448,19.19046,31.2047
2024-03-01,0.9223,1.53254,1.3553,0.79033,150.064,10.31843,10.50992,1.63811,0.88292,17.01,968.5,4.9541,3940.85,3.7692,1330.46,15694.0,82.823,35.84,56.1,1.34348,3.98167,363.1,23.355,19.095,31.3099
2024-03-02,,1.53304,,0.79051,,,,1.63693,,,,,,,,,,,,,,,,,
2024-03-03,,1.53304,,0.79008,,,,1.63746,,,,,,,,,,,,,,,,,
2024-03-04,0.9209,1.53643,1.35726,0.78794,150.524,10.37048,10.56393,1.64128,0.88488,16.9521,973.7,4.945,3942.22,3.7643,1331.83,15734.0,82.859,35.72,55.98,1.34339,3.98046,364.24,23.372,19.0374,31.54197
2024-03-05,0.9208,1.53794,1.35913,0.78711,150.036,10.37352,10.56332,1.64325,0.88329,16.94326,980.1,4.9581,3931.69,3.7684,1335.39,15764.0,82.871,35.78,55.96,1.34268,3.96914,362.5,23.301,18.9588,31.6239
2024-03-06,0.9172,1.52358,1.35133,0.78549,149.367,10.292,10.4791,1.63177,0.88198,16.876,985.0,4.9446,3921.65,3.7266,1329.02,15694.0,82.762,35.6,55.84,1.33875,3.9447,361.22,23.25,18.8125,31.7206
2024-03-07,0.9132,1.51083,1.3458,0.7808,148.045,10.2197,10.39941,1.61972,0.87769,16.87386,980.5,4.9347,3914.27,3.7202,1323.07,15649.0,82.666,35.53,55.79,1.33317,3.926,360.8,23.123,18.682,31.8598
2024-03-08,0.914,1.51016,1.3478,0.77792,147.03,10.21528,10.41612,1.61946,0.8764,16.805,960.5,4.9802,3900.5,3.6865,1316.8,15600.0,82.716,35.37,55.57,1.3314,3.9258,360.13,23.138,18.7071,31.8966
2024-03-09,,1.50898,,0.77779,,,,1.61996,,,,,,,,,,,,,,,,,
2024-03-10,,1.50943,,0.77808,,,,1.61959,,,,,,,,,,,,,,,,,
2024-03-11,0.9149,1.51256,1.34829,0.78048,146.964,10.23697,10.44721,1.62111,0.87742,16.79346,965.0,4.9791,3914.01,3.6865,1310.66,15584.0,82.72,35.42,55.315,1.3304,3.91758,360.84,23.181,18.65586,32.0287
2024-03-12,0.9149,1.51396,1.3488,0.78175,147.621,10.2355,10.51128,1.62633,0.8773,16.79394,962.4,4.9695,3898.46,3.6904,1309.53,15584.0,82.819,35.71,55.233,1.33208,3.9226,365.0,23.151,18.6866,32.0455
2024-03-13,0.913,1.5103,1.34692,0.78139,147.619,10.216,10.47091,1.62411,0.87862,16.66,945.9,4.9705,3901.95,3.6641,1311.5,15569.0,82.812,35.61,55.365,1.33179,3.9088,361.59,23.033,18.56075,32.0781
2024-03-14,0.9184,1.51964,1.35289,0.78413,148.285,10.32751,10.55552,1.63199,0.88341,16.70217,942.8,4.9942,3892.35,3.6742,1321.9,15574.0,82.895,35.76,55.37,1.33593,3.9416,363.04,23.1001,18.7355,32.1629
2024-03-15,0.9178,1.52439,1.3541,0.78499,149.033,10.35603,10.61384,1.64474,0.8832,16.691,944.4,4.9962,3874.96,3.6894,1330.6,15589.0,82.863,35.88,55.53,1.3375,3.9444,360.3,23.07,18.736,32.1144
2024-03-16,,1.52439,,0.78499,,,,1.64474,,,,,,,,,,,,,,,,,
2024-03-17,,1.52546,,0.78536,,,,1.64347,,,,,,,,,,,,,,,,,
2024-03-18,0.9194,1.52479,1.3533,0.78565,149.106,10.42,10.6368,1.64368,0.88695,16.8265,947.4,5.0304,3896.25,3.6959,1336.03,15684.0,82.896,35.94,55.59,1.33897,3.9709,362.93,23.151,18.9653,32.3111
2024-03-19,0.9201,1.53111,1.35617,0.78616,150.806,10.4309,10.63652,1.65213,0.88768,16.80305,965.25,5.0309,3875.33,3.7034,1336.17,15709.0,82.987,36.04,55.879,1.3419,3.9673,362.91,23.232,18.9098,32.3675
2024-03-20,0.9153,1.51987,1.34945,0.78229,151.195,10.3823,10.57254,1.64951,0.88668,16.6885,962.21,4.9773,3869.0,3.6911,1329.48,15708.0,83.156,35.98,56.193,1.33961,3.9423,360.42,23.047,18.687,32.3353
2024-03-21,0.9205,1.52216,1.35261,0.79009,151.58,10.464,10.65875,1.65492,0.89734,16.7183,972.15,4.9738,3902.96,3.6969,1332.62,15653.0,83.185,36.27,56.059,1.343,3.9616,362.86,23.256,18.8185,32.0469
2024-03-22,0.9247,1.53516,1.3606,0.79359,151.429,10.56157,10.75002,1.66889,0.8967,16.7696,982.46,5.0027,3892.21,3.6909,1344.62,15773.0,83.512,36.34,56.33,1.3483,3.987,367.52,23.421,18.9868,32.0132
2024-03-23,,1.53516,,0.79359,,,,1.66889,,,,,,,,,,,,,,,,,
2024-03-24,,1.53537,,0.79372,,,,1.6687,,,,,,,,,,,,,,,,,
2024-03-25,0.9226,1.52933,1.3586,0.79136,151.405,10.57103,10.70552,1.66564,0.89917,16.669,977.7,4.9736,3894.36,3.7031,1338.69,15793.0,83.386,36.36,56.258,1.3458,3.9705,365.99,23.338,18.8837,32.1491
2024-03-26,0.9229,1.53078,1.35824,0.79183,151.501,10.58825,10.7449,1.66553,0.9036,16.638,979.8,4.9819,3859.35,3.727,1341.25,15783.0,83.322,36.31,56.24,1.34535,3.9748,365.48,23.322,18.9654,32.1318
2024-03-27,0.9233,1.53102,1.3565,0.79133,151.249,10.60727,10.77153,1.66581,0.90377,16.52918,978.93,4.9921,3861.25,3.7175,1347.76,15848.0,83.334,36.36,56.23,1.34731,3.98289,364.42,23.3363,18.8872,32.24
2024-03-28,0.9266,1.53499,1.35375,0.79246,151.368,10.70134,10.84359,1.67493,0.90198,16.61596,978.97,5.0153,3857.31,3.7174,1347.75,15848.0,83.332,36.46,56.207,1.34882,3.9839,364.97,23.3809,18.9313,32.354
2024-03-29,0.9262,1.53351,1.3537,0.79221,151.303,10.67037,10.8102,1.67308,0.901,16.5696,978.97,5.0068,3857.96,3.7173,1345.07,15850.0,83.34,36.36,56.16,1.348,3.9702,365.06,23.3636,18.8763,32.3847
2024-03-30,,1.53351,,0.79221,,,,1.67308,,,,,,,,,,,,,,,,,
2024-03-31,,1.53464,,0.79193,,,,1.67252,,,,,,,,,,,,,,,,,
2024-04-01,0.9305,1.54109,1.35713,0.79669,151.618,10.80554,10.95462,1.67985,0.90415,16.611,984.1,5.0546,3859.9,3.7298,1353.35,15883.0,83.34,36.539,56.245,1.35236,3.995,367.39,23.534,18.9447,32.1987
2024-04-02,0.928,1.53407,1.35627,0.79499,151.562,10.73117,10.83013,1.67471,0.90749,16.551,973.93,5.0659,3812.46,3.7058,1351.38,15894.0,83.302,36.58,56.28,1.3512,3.98018,366.25,23.454,18.7755,32.0186
2024-04-03,0.9228,1.52414,1.35278,0.79054,151.642,10.64401,10.71795,1.66467,0.90282,16.534,953.58,5.0367,3813.18,3.6869,1342.93,15914.0,83.453,36.585,56.41,1.3477,3.9588,362.34,23.348,18.6684,31.9121
2024-04-04,0.9225,1.51814,1.3539,0.79108,151.302,10.64278,10.72079,1.6595,0.9014,16.57955,941.75,5.058,3774.71,3.6731,1349.29,15889.0,83.343,36.71,56.43,1.3478,3.95678,361.56,23.323,18.7108,31.9494
2024-04-05,0.9224,1.52045,1.3585,0.79139,151.609,10.63608,10.71922,1.66362,0.90161,16.448,948.15,5.067,3766.79,3.6871,1350.9,15839.0,83.273,36.56,56.5,1.3485,3.9452,359.74,23.328,18.6666,32.0374
2024-04-06,,1.52045,,0.79139,,,,1.66362,,,,,,,,,,,,,,,,,
2024-04-07,,1.5217,,0.79184,,,,1.66472,,,,,,,,,,,,,,,,,
2024-04-08,0.9206,1.51472,1.35744,0.79034,151.812,10.5557,10.6743,1.65832,0.90526,16.301,943.98,5.029,3761.73,3.6765,1351.95,15839.0,83.27,36.684,56.54,1.34745,3.9208,358.62,23.352,18.6268,32.0934
2024-04-09,0.9207,1.50905,1.357,0.78892,151.736,10.54844,10.67065,1.65071,0.90329,16.376,940.92,5.0064,3765.46,3.693,1351.05,15839.0,83.199,36.264,56.53,1.34476,3.9237,359.28,23.379,18.4713,32.2228
2024-04-10,0.9305,1.53539,1.3678,0.7977,152.984,10.71312,10.82163,1.67336,0.91271,16.447,953.53,5.08,3801.46,3.7099,1362.72,15839.0,83.388,36.584,56.542,1.3534,3.96899,363.84,23.647,18.7658,32.2577
2024-04-11,0.932,1.52987,1.36904,0.79653,153.202,10.7185,10.82949,1.6675,0.90974,16.409,955.33,5.0912,3821.46,3.7081,1365.57,15839.0,83.304,36.445,56.429,1.35237,3.9692,362.79,23.6216,18.7129,32.309
2024-04-12,0.9393,1.54727,1.3771,0.80321,153.24,10.8842,10.8936,1.68464,0.91385,16.617,966.6,5.1294,3854.07,3.7032,1379.7,15839.0,83.52,36.58,56.6,1.3613,4.025,368.89,23.788,18.8578,32.3468
2024-04-13,,1.54727,,0.80321,,,,1.68464,,,,,,,,,,,,,,,,,
2024-04-14,,1.54679,,0.80344,,,,1.68432,,,,,,,,,,,,,,,,,
2024-04-15,0.941,1.55263,1.37883,0.80364,154.223,10.88382,10.93618,1.69454,0.91145,16.703,978.4,5.1801,3912.05,3.7257,1387.3,15839.0,83.487,36.703,56.82,1.36161,4.04949,370.35,23.793,18.9767,32.3757
2024-04-16,0.9415,1.56257,1.3828,0.80478,154.65,10.944,10.97284,1.70106,0.91206,17.048,981.7,5.2864,3921.94,3.757,1389.49,16170.0,83.648,36.65,56.973,1.36384,4.1046,371.73,23.725,19.0281,32.5055
2024-04-17,0.9367,1.55388,1.37698,0.8029,154.317,10.93408,10.98942,1.69005,0.91025,16.95277,977.55,5.2434,3890.46,3.744,1378.68,16215.0,83.618,36.7,57.26,1.35996,4.0635,368.43,23.642,19.0203,32.4473
2024-04-18,0.9394,1.55761,1.3766,0.80392,154.594,10.9593,11.0416,1.69405,0.91232,17.072,964.77,5.2544,3924.46,3.7374,1377.15,16172.0,83.511,36.759,57.29,1.3614,4.0724,370.18,23.71,19.1451,32.54846
2024-04-19,0.938,1.5586,1.3745,0.80844,154.562,10.91683,11.01062,1.69895,0.90955,17.08,954.44,5.2077,3904.57,3.6927,1374.43,16249.0,83.336,36.8,57.476,1.3614,4.0407,369.44,23.67,19.1023,32.4941
2024-04-20,,1.5586,,,,,,,,,,,,,,,,,,,,,,,
2024-04-21,,1.55877,,0.80849,,,,1.69805,,,,,,,,,,,,,,,,,
2024-04-22,0.9384,1.55065,1.36968,0.80975,154.811,10.88395,10.98305,1.68976,0.91194,17.121,952.4,5.1739,3910.46,3.6934,1376.66,16229.0,83.34,37.009,57.49,1.36167,4.0477,369.73,23.695,19.17152,32.501
2024-04-23,0.9341,1.54154,1.366,0.80342,154.767,10.80223,10.90376,1.68603,0.91137,16.945,955.63,5.1261,3899.96,3.6998,1372.42,16214.0,83.243,36.91,57.55,1.36064,4.0227,366.93,23.561,19.1163,32.5189
2024-04-24,0.9345,1.5395,1.37027,0.8025,155.225,10.87672,10.9833,1.68512,0.9145,17.041,950.94,5.1471,3939.07,3.7251,1375.47,16149.0,83.3,37.05,57.53,1.3616,4.0495,368.08,23.57,19.2113,32.5382
2024-04-25,0.9318,1.53431,1.3656,0.79925,155.579,10.87821,10.95292,1.68163,0.91213,17.16213,945.95,5.1539,3962.46,3.7436,1371.16,16184.0,83.29,37.01,57.775,1.35838,4.01998,366.04,23.407,19.0298,32.5059
2024-04-26,0.9347,1.53093,1.3668,0.80053,158.296,10.93995,11.02477,1.68407,0.9133,17.1364,948.31,5.1163,3894.38,3.752,1376.46,16204.0,83.378,36.99,57.7,1.3625,4.0341,366.56,23.492,18.7763,32.4036
2024-04-27,,1.53093,,,,,,1.68407,,,,,,,,,,,,,,,,,
2024-04-28,,1.53156,,0.80051,,,,1.68294,,,,,,,,,,,,,,,,,
2024-04-29,0.9325,1.52314,1.3658,0.79612,156.268,10.9197,10.98258,1.67336,0.90992,17.00816,940.9,5.1105,3853.21,3.7259,1374.33,16249.0,83.39,36.97,57.63,1.35916,4.0211,364.69,23.415,18.6449,32.4869
2024-04-30,0.9371,1.54438,1.37705,0.8004,157.7,11.01915,11.0961,1.69831,0.91879,17.133,955.3,5.1876,3913.56,3.7529,1383.82,16255.0,83.45,37.135,57.71,1.3651,4.058,366.25,23.575,18.7782,32.3013
2024-05-01,0.9332,1.5328,1.37354,0.79865,154.252,10.929,11.02952,1.68791,0.91649,16.98625,959.5,5.18,3913.0,3.7535,1385.94,16256.0,83.46,36.94,57.76,1.36006,4.0349,364.11,23.424,18.5792,32.42919
2024-05-02,0.9321,1.52334,1.367,0.798,153.697,10.8567,10.99142,1.67782,0.91013,16.96741,947.91,5.1109,3890.92,3.7522,1364.41,16179.0,83.415,36.805,57.48,1.35401,4.03679,362.45,23.235,18.5409,32.3841
2024-05-03,0.9288,1.51323,1.3683,0.79717,152.949,10.81494,10.8742,1.66417,0.90466,16.958,935.65,5.0722,3902.74,3.7161,1354.65,16079.0,83.356,36.71,57.13,1.3493,4.0139,361.52,23.252,18.4977,32.3346
2024-05-04,,1.51332,,0.79713,,,,1.66417,,,,,,,,,,,,,,,,,
2024-05-05,,1.51345,,0.79713,,,,1.6647,,,,,,,,,,,,,,,,,
2024-05-06,0.9283,1.50975,1.36634,0.79596,153.854,10.80729,10.82471,1.6645,0.90578,16.8856,929.49,5.0692,3890.46,3.7246,1353.98,16020.0,83.432,36.679,57.21,1.34963,3.9975,360.61,23.218,18.4662,32.2617
2024-05-07,0.9295,1.51593,1.37237,0.79953,154.588,10.8585,10.89907,1.66644,0.9082,16.9125,937.2,5.0706,3890.07,3.7246,1356.71,16039.0,83.437,36.84,57.28,1.35414,4.00488,361.49,23.278,18.4985,32.2419
2024-05-08,0.9301,1.5198,1.3719,0.80029,155.499,10.9046,10.8899,1.66556,0.90774,16.89183,936.53,5.0881,3897.45,3.7198,1363.9,16039.0,83.443,36.92,57.37,1.35542,3.99948,361.65,23.267,18.6225,32.2866
2024-05-09,0.9273,1.5108,1.36773,0.79854,155.471,10.84298,10.866,1.65755,0.90561,16.761,925.15,5.142,3888.99,3.7031,1364.98,16039.0,83.42,36.72,57.38,1.35224,3.9737,359.58,23.094,18.4666,32.2411
2024-05-10,0.9283,1.51492,1.3667,0.79866,155.703,10.84232,10.833,1.66168,0.9059,16.754,926.1,5.1609,3886.42,3.7079,1369.71,16039.0,83.521,36.71,57.45,1.3543,3.9913,359.82,23.096,18.4439,32.1989
2024-05-11,,1.51492,,0.79866,,,,1.66168,,,,,,,,,,,,,,,,,
2024-05-12,,1.5152,,0.79879,,,,1.66362,,,,,,,,,,,,,,,,,
2024-05-13,0.9267,1.51378,1.36675,0.79632,156.193,10.84604,10.80877,1.66273,0.90803,16.809,921.55,5.1504,3887.96,3.7221,1365.79,16074.0,83.486,36.76,57.81,1.3529,3.97028,358.31,22.959,18.3375,32.2124
2024-05-14,0.9241,1.50957,1.365,0.79429,156.417,10.79837,10.79642,1.6562,0.90637,16.8326,915.2,5.1293,3841.46,3.7249,1362.54,16089.0,83.462,36.56,57.84,1.35153,3.9457,356.23,22.899,18.3817,32.306
2024-05-15,0.9186,1.49468,1.36015,0.78842,154.777,10.65898,10.66505,1.63433,0.90192,16.673,902.73,5.1348,3818.93,3.7154,1352.09,16024.0,83.391,36.309,57.5,1.34504,3.9132,354.16,22.689,18.2628,32.1755
2024-05-16,0.9199,1.49788,1.36133,0.7893,155.341,10.7139,10.69503,1.63415,0.90564,16.669,897.18,5.1296,3825.61,3.7269,1347.94,15919.0,83.441,36.128,57.5,1.34535,3.9167,355.55,22.738,18.1778,32.2315
2024-05-17,0.9198,1.49432,1.3609,0.7874,155.619,10.7135,10.67533,1.63052,0.90854,16.585,888.43,5.104,3827.79,3.7416,1351.82,15949.0,83.261,36.06,57.68,1.3454,3.9154,355.81,22.69,18.1482,32.1987
2024-05-18,,1.49432,,0.7874,,,,1.63052,,,,,,,,,,,,,,,,,
2024-05-19,,1.49481,,0.78774,,,,1.63079,,,,,,,,,,,,,,,,,
2024-05-20,0.9207,1.49992,1.36231,0.78697,156.208,10.68548,10.6939,1.63773,0.90998,16.54789,889.11,5.1083,3819.25,3.733,1359.7,15969.0,83.253,36.08,57.85,1.34679,3.9116,354.97,22.7387,18.2014,32.1887
2024-05-21,0.9209,1.50006,1.36375,0.78679,156.123,10.6893,10.65912,1.64107,0.9108,16.621,888.0,5.1145,3823.11,3.73,1363.28,15990.0,83.25,36.381,58.2,1.34681,3.9142,354.85,22.766,18.0615,32.166
2024-05-22,0.9237,1.51094,1.36901,0.78636,156.667,10.73463,10.69603,1.64128,0.91536,16.639,908.35,5.1531,3826.75,3.7408,1364.19,15989.0,83.242,36.43,58.015,1.34986,3.9416,357.38,22.817,18.2695,32.1616
2024-05-23,0.9244,1.5141,1.37286,0.78751,156.955,10.7274,10.6654,1.63934,0.91421,16.71831,907.85,5.1585,3866.22,3.743,1366.28,15989.0,83.261,36.6,58.15,1.35116,3.9404,356.83,22.8374,18.4612,32.2403
2024-05-24,0.9217,1.50898,1.3663,0.78518,156.943,10.6637,10.5812,1.63399,0.914,16.7206,901.22,5.1707,3871.83,3.7349,1365.18,15989.0,83.013,36.633,58.18,1.3495,3.9108,353.71,22.6839,18.4588,32.2592
2024-05-25,,1.50898,,0.78518,,,,1.63399,,,,,,,,,,,,,,,,,
2024-05-26,,1.50914,,0.78516,,,,1.63441,,,,,,,,,,,,,,,,,
2024-05-27,0.9208,1.50295,1.36326,0.78322,156.857,10.6065,10.4868,1.62623,0.91354,16.65778,900.3,5.173,3867.46,3.7409,1359.09,16059.0,83.112,36.55,58.175,1.34842,3.9168,353.88,22.709,18.33655,32.0761
2024-05-28,0.9205,1.50403,1.36412,0.78356,157.136,10.57003,10.5037,1.62869,0.91194,16.769,895.9,5.1587,3838.75,3.7459,1361.0,16084.0,83.136,36.54,57.95,1.34829,3.9153,353.41,22.6636,18.2922,32.246
2024-05-29,0.9253,1.51272,1.37146,0.78724,157.58,10.6645,10.5836,1.6353,0.91293,16.97196,909.08,5.2053,3866.96,3.7596,1369.0,16154.0,83.331,36.79,58.46,1.35119,3.9529,358.97,22.869,18.4097,32.2497
2024-05-30,0.9228,1.50802,1.36771,0.78539,156.772,10.5862,10.53607,1.6358,0.90313,16.991,917.03,5.2016,3857.46,3.7477,1373.63,16254.0,83.26,36.68,58.57,1.3499,3.94908,358.89,22.808,18.7357,32.2136
2024-05-31,0.9213,1.50331,1.3626,0.78487,157.29,10.52464,10.48545,1.62813,0.90185,16.991,918.28,5.2455,3854.1,3.7371,1381.54,16244.0,83.412,36.685,58.575,1.351,3.9239,358.77,22.822,18.7463,32.2322
2024-06-01,,1.50331,,0.78487,,,,1.62813,,,,,,,,,,,,,,,,,
2024-06-02,,1.50362,,0.78499,,,,1.62893,,,,,,,,,,,,,,,,,
2024-06-03,0.917,1.49544,1.36269,0.78096,156.103,10.41279,10.44461,1.61559,0.89568,17.6675,902.85,5.2502,3864.28,3.729,1370.58,16224.0,83.063,36.592,58.69,1.34603,3.9173,357.66,22.603,18.5048,32.1566
2024-06-04,0.9189,1.50421,1.36782,0.7831,154.807,10.43533,10.55811,1.61888,0.88985,17.809,905.55,5.2896,3930.71,3.7396,1373.42,16214.0,83.504,36.57,58.76,1.34627,3.9558,361.12,22.704,18.7138,32.5688
2024-06-05,0.9196,1.50414,1.3692,0.78216,156.023,10.3882,10.57557,1.61543,0.89321,17.4851,909.1,5.3016,3926.21,3.7462,1368.79,16279.0,83.48,36.56,58.695,1.34831,3.94529,358.86,22.617,18.8905,32.1872
2024-06-06,0.9179,1.49959,1.36674,0.78182,155.592,10.3904,10.54608,1.61345,0.88923,17.95,907.65,5.2577,3936.52,3.753,1362.96,16254.0,83.447,36.42,58.695,1.34525,3.931,357.68,22.526,18.9485,32.2465
2024-06-07,0.9256,1.5193,1.3764,0.78618,156.752,10.53374,10.70762,1.63924,0.8955,18.4186,918.9,5.3523,3935.96,3.7529,1378.9,16189.0,83.5,36.659,58.69,1.3515,3.99063,361.8,22.7913,18.8605,32.3457
2024-06-08,,1.5193,,0.7861,,,,,,,,,,,,,,,,,,,,,
2024-06-09,,1.51999,,0.78596,,,,1.63902,,,,,,,,,,,,,,,,,
2024-06-10,0.9286,1.51316,1.37555,0.78573,157.002,10.4749,10.63476,1.63244,0.89538,18.252,919.95,5.3534,3935.68,3.7795,1373.7,16274.0,83.48,36.714,58.69,1.3523,4.0144,364.77,22.851,18.7268,32.3652
2024-06-11,0.9306,1.51398,1.37553,0.785,157.113,10.47818,10.69882,1.62848,0.89732,18.5475,921.85,5.3663,3990.0,3.784,1377.43,16284.0,83.575,36.7,58.69,1.35208,4.03638,367.32,23.011,18.5704,32.3749
2024-06-12,0.9247,1.50125,1.37163,0.78129,156.58,10.37393,10.57184,1.61684,0.89411,18.702,915.85,5.3867,4020.2,3.7683,1367.87,16289.0,83.412,36.54,58.69,1.3463,3.99979,364.52,22.803,18.3618,32.2288
2024-06-13,0.9308,1.50745,1.37357,0.78369,156.984,10.477,10.64207,1.62146,0.89344,18.412,917.3,5.3694,4147.46,3.7755,1374.98,16264.0,83.506,36.68,58.69,1.35036,4.045,368.83,22.974,18.4285,32.4676
2024-06-14,0.9338,1.51194,1.3729,0.78852,157.323,10.50783,10.6696,1.62813,0.88962,18.452,933.05,5.3787,4128.21,3.7719,1381.84,16394.0,83.527,36.64,58.69,1.3528,4.0884,371.97,23.084,18.3387,32.752
2024-06-15,,1.51194,,0.78852,,,,1.62813,,,,,,,,,,,,,,,,,
2024-06-16,,1.51217,,0.78854,,,,1.62991,,,,,,,,,,,,,,,,,
2024-06-17,0.9314,1.51281,1.37208,0.78731,157.728,10.4766,10.65373,1.63196,0.88974,18.51011,936.18,5.4235,4132.38,3.79,1378.46,16394.0,83.53,36.8,58.69,1.3518,4.0471,368.46,23.002,18.2657,32.779
2024-06-18,0.9307,1.50261,1.37159,0.78682,157.821,10.4331,10.576,1.62787,0.88408,18.395,935.65,5.4399,4146.21,3.787,1378.64,16394.0,83.313,36.639,58.63,1.3509,4.03788,367.16,23.094,18.0407,32.527
2024-06-19,0.9304,1.49925,1.3702,0.78619,157.988,10.4358,10.5624,1.631,0.88427,18.408,930.9,5.4234,4157.56,3.8165,1380.28,16360.0,83.44,36.65,58.64,1.35032,4.022,367.88,23.153,17.964,32.5322
2024-06-20,0.934,1.50265,1.36864,0.79,158.894,10.49848,10.544,1.63393,0.89107,18.331,932.02,5.4539,4161.79,3.8102,1390.66,16415.0,83.6,36.69,58.88,1.35429,4.0384,370.43,23.2324,18.0017,32.8304
2024-06-21,0.9348,1.50625,1.3694,0.79083,159.767,10.497,10.56194,1.63452,0.8929,18.09,941.13,5.4292,4147.85,3.8,1387.0,16445.0,83.537,36.72,58.86,1.3546,4.041,370.39,23.2554,17.96,32.83
2024-06-22,,1.50625,,0.79083,,,,1.63452,,,,,,,,,,,,,,,,,
2024-06-23,,1.5073,,0.79114,,,,1.63701,,,,,,,,,,,,,,,,,
2024-06-24,0.9314,1.50274,1.36538,0.78831,159.576,10.4724,10.53263,1.63327,0.89272,17.939,945.28,5.3921,4082.47,3.8002,1384.69,16389.0,83.402,36.61,58.79,1.35272,3.9954,367.72,23.1414,18.1046,32.8783
2024-06-25,0.9332,1.50457,1.3656,0.78825,159.641,10.5009,10.60268,1.63439,0.8943,18.089,940.1,5.4502,4090.2,3.8148,1390.64,16369.0,83.405,36.69,58.76,1.35454,4.0087,369.19,23.144,18.2344,32.9344
2024-06-26,0.9361,1.5041,1.3699,0.79224,160.752,10.5686,10.67273,1.64374,0.89725,18.309,951.39,5.5199,4141.29,3.8202,1390.78,16399.0,83.554,36.93,58.9,1.3575,4.0375,370.98,23.302,18.1982,32.8391
2024-06-27,0.9338,1.50464,1.3695,0.79106,160.719,10.6274,10.62763,1.64487,0.89805,18.418,955.66,5.5065,4173.97,3.8223,1386.15,16394.0,83.433,36.8,58.72,1.35685,4.0243,370.01,23.364,18.4529,32.8758
2024-06-28,0.9332,1.50015,1.3677,0.79095,160.835,10.59565,10.67535,1.64204,0.89832,18.3175,940.45,5.5945,4147.17,3.8345,1380.71,16369.0,83.335,36.76,58.48,1.3556,4.0251,368.3,23.43,18.1775,32.6485
2024-06-29,,1.50015,,0.79095,,,,1.64366,,,,,,,,,,,,,,,,,
2024-06-30,,1.49855,,0.79077,,,,1.64241,,,,,,,,,,,,,,,,,
2024-07-01,0.931,1.50195,1.37334,0.79073,161.442,10.6085,10.65104,1.64614,0.90262,18.35659,945.97,5.6558,4133.0,3.8471,1381.1,16319.0,83.414,36.69,58.62,1.3572,4.0139,367.2,23.387,18.3568,32.6337
2024-07-02,0.9303,1.50042,1.36762,0.78862,161.422,10.575,10.66688,1.64614,0.90339,18.249,947.05,5.676,4121.47,3.8267,1385.7,16389.0,83.45,36.8,58.8,1.35574,4.008,367.18,23.343,18.5889,32.555
2024-07-03,0.9269,1.4916,1.36368,0.78482,161.546,10.49343,10.54442,1.63924,0.90117,18.1875,939.28,5.5585,4104.72,3.7964,1386.41,16364.0,83.47,36.62,58.651,1.35275,3.98228,365.61,23.289,18.4027,32.5202
2024-07-04,0.9247,1.48677,1.36111,0.78374,161.222,10.4985,10.5526,1.63516,0.89984,18.1,934.28,5.4903,4091.5,3.7949,1379.86,16324.0,83.471,36.61,58.534,1.3517,3.9571,363.31,23.233,18.2494,32.6233
2024-07-05,0.9222,1.4817,1.3639,0.78051,160.719,10.47096,10.53448,1.62734,0.8951,18.0577,936.55,5.4579,4080.65,3.7946,1376.56,16275.0,83.48,36.533,58.526,1.3484,3.9464,362.64,23.1513,18.2269,32.635
2024-07-06,,1.4817,,0.78076,,,,1.62734,,,,,,,,,,,,,,,,,
2024-07-07,,1.48326,,0.78088,,,,1.62975,,,,,,,,,,,,,,,,,
2024-07-08,0.9234,1.48438,1.36338,0.78087,160.789,10.57577,10.5961,1.63249,0.89713,17.997,939.53,5.4743,4044.53,3.7888,1382.41,16249.0,83.433,36.4,58.537,1.3497,3.9394,363.9,23.229,18.1139,32.6796
2024-07-09,0.9244,1.48379,1.363,0.78204,161.275,10.5454,10.5966,1.63292,0.8975,17.886,930.0,5.4161,4009.17,3.7829,1382.66,16244.0,83.467,36.4,58.493,1.3507,3.9338,364.22,23.365,18.1252,32.8334
2024-07-10,0.9231,1.48236,1.3617,0.77832,161.57,10.541,10.71008,1.64552,0.89903,17.801,910.47,5.4159,3967.47,3.7793,1382.92,16234.0,83.49,36.275,58.246,1.349,3.93039,362.97,23.407,18.1075,32.9006
2024-07-11,0.9199,1.48006,1.36317,0.77451,158.931,10.49023,10.70734,1.64093,0.89611,17.754,913.97,5.4373,3973.0,3.7649,1371.25,16189.0,83.482,36.05,58.196,1.3427,3.9173,362.3,23.315,17.9833,32.9171
2024-07-12,0.9166,1.47427,1.3631,0.77012,157.848,10.5255,10.71406,1.63479,0.894,17.6455,905.11,5.4291,3925.97,3.7311,1373.74,16134.0,83.493,36.152,58.401,1.3408,3.8959,359.06,23.2,17.985,33.0607
2024-07-13,,1.47427,,,,,,1.63479,,,,,,,,,,,,,,,,,
2024-07-14,,1.47687,,0.77062,,,,1.63725,,,,,,,,,,,,,,,,,
2024-07-15,0.9175,1.47964,1.3682,0.77133,158.061,10.59573,10.7963,1.64631,0.89498,17.7535,908.78,5.4414,3941.77,3.7233,1383.73,16164.0,83.531,36.14,58.46,1.3432,3.9024,358.9,23.2466,18.2121,32.9707
2024-07-16,0.9172,1.48547,1.36705,0.77095,158.312,10.58749,10.78627,1.65289,0.89388,17.639,910.4,5.4286,3976.74,3.7158,1382.06,16174.0,83.526,35.96,58.389,1.34412,3.9255,359.42,23.2089,18.0622,33.022
2024-07-17,0.9139,1.48639,1.3683,0.76875,156.15,10.53957,10.71296,1.64506,0.88313,17.68788,923.61,5.4901,3991.18,3.7189,1379.01,16094.0,83.529,35.9,58.27,1.34019,3.91749,357.1,23.07,18.1968,33.0568
2024-07-18,0.9174,1.49118,1.37022,0.77279,157.334,10.60076,10.8025,1.65448,0.88708,17.949,941.78,5.5428,4049.0,3.7338,1383.68,16149.0,83.591,36.1,58.294,1.3431,3.935,358.33,23.155,18.2508,33.0487
2024-07-19,0.9186,1.49656,1.3732,0.77459,157.44,10.66994,10.90895,1.66417,0.88824,18.033,947.83,5.6112,4036.25,3.744,1388.78,16185.0,83.704,36.31,58.35,1.3448,3.9347,358.5,23.14,18.2698,32.9768
2024-07-20,,1.49656,,,,,,1.66417,,,,,,,,,,,,,,,,,
2024-07-21,,1.49615,,0.77431,,,,1.66376,,,,,,,,,,,,,,,,,
2024-07-22,0.918,1.50539,1.37552,0.77342,156.921,10.71613,10.95239,1.67263,0.88943,17.93176,943.28,5.5675,3991.26,3.7545,1386.82,16214.0,83.64,36.29,58.385,1.3457,3.9255,357.36,23.167,18.26,32.9686
2024-07-23,0.921,1.51156,1.37799,0.77486,155.569,10.76,10.99702,1.67904,0.89108,18.152,945.75,5.5941,4012.29,3.7544,1384.28,16204.0,83.679,36.09,58.46,1.3452,3.9372,359.25,23.366,18.3783,32.8105
2024-07-24,0.9222,1.51983,1.3801,0.77475,153.751,10.77346,11.0167,1.68651,0.88464,18.344,947.57,5.6569,4041.34,3.7753,1380.77,16209.0,83.72,36.01,58.58,1.3431,3.95628,362.45,23.4389,18.3317,32.8214
2024-07-25,0.9216,1.52973,1.3822,0.77812,153.915,10.83088,11.02442,1.69941,0.88036,18.422,949.85,5.649,4041.37,3.7594,1381.78,16244.0,83.735,36.22,58.58,1.34333,3.9515,361.65,23.354,18.3725,33.08229
2024-07-26,0.921,1.52718,1.3831,0.77741,153.718,10.81612,11.0233,1.69892,0.8831,18.448,952.28,5.6658,4018.54,3.7595,1383.7,16284.0,83.684,35.91,58.348,1.3419,3.9337,359.87,23.317,18.2934,32.9042
2024-07-27,,1.52718,,,,,,,,,,,,,,,,,,,,,,,
2024-07-28,,1.52672,,0.77731,,,,1.69791,,,,,,,,,,,,,,,,,
2024-07-29,0.9237,1.52711,1.38504,0.77773,154.0,10.8243,10.9936,1.70178,0.88607,18.63336,956.3,5.6158,4061.97,3.7594,1379.98,16274.0,83.729,35.93,58.603,1.3432,3.9641,363.06,23.452,18.4275,33.02721
2024-07-30,0.9245,1.52975,1.38474,0.77922,152.658,10.75,10.94715,1.69428,0.88266,18.74056,954.33,5.6122,4079.29,3.732,1383.23,16294.0,83.69,35.89,58.57,1.34207,3.9616,365.28,23.448,18.3147,33.07994
2024-07-31,0.9233,1.52821,1.38039,0.7779,149.859,10.68943,10.91036,1.68056,0.8779,18.612,942.4,5.659,4047.47,3.7131,1367.46,16254.0,83.68,35.52,58.32,1.33559,3.9588,363.71,23.458,18.1758,33.14624
2024-08-01,0.9264,1.53879,1.38698,0.78507,149.295,10.7326,10.9459,1.68183,0.87268,18.8693,952.0,5.7378,4083.53,3.7402,1368.55,16229.0,83.728,35.505,58.26,1.33686,3.9794,366.9,23.437,18.2716,33.1
2024-08-02,0.9163,1.53633,1.3869,0.78124,146.519,10.57556,10.9342,1.6787,0.85772,19.16,950.35,5.7299,4130.6,3.7438,1356.77,16230.0,83.775,35.23,57.93,1.3267,3.9286,364.49,23.204,18.2855,33.168
2024-08-03,,1.53633,,0.78137,,,,1.6787,,,,,,,,,,,,,,,,,
2024-08-04,,1.53506,,0.7809,,,,1.67943,,,,,,,,,,,,,,,,,
2024-08-05,0.9127,1.53988,1.3818,0.78291,144.052,10.55666,11.0121,1.68444,0.85239,19.33,953.07,5.7346,4152.61,3.7523,1365.31,16179.0,83.998,35.279,57.82,1.3244,3.9236,361.93,23.041,18.5026,33.38073
2024-08-06,0.9148,1.53419,1.3779,0.78812,144.518,10.52669,10.91199,1.68033,0.85105,19.561,944.9,5.6564,4138.95,3.7524,1374.51,16159.0,83.886,35.444,57.8,1.32497,3.9379,364.03,23.101,18.4756,33.5888
2024-08-07,0.9152,1.53424,1.37571,0.78793,146.702,10.48953,10.79593,1.66884,0.86142,19.261,943.93,5.6282,4135.47,3.7346,1373.88,16029.0,83.865,35.56,57.63,1.3275,3.9537,363.98,23.121,18.3854,33.4967
2024-08-08,0.9157,1.51729,1.37318,0.78461,147.181,10.5104,10.83607,1.66331,0.86598,18.861,935.16,5.5468,4055.92,3.7265,1373.42,15889.0,83.967,35.22,57.39,1.32532,3.9547,362.88,23.107,18.3563,33.5455
2024-08-09,0.916,1.52161,1.3729,0.7839,146.634,10.51442,10.79833,1.66722,0.8648,18.8188,932.03,5.5079,4066.48,3.7289,1364.14,15919.0,83.925,35.215,57.26,1.3241,3.9539,361.21,23.1178,18.3101,33.4839
2024-08-10,,1.52161,,,,,,1.66722,,,,,,,,,,,,,,,,,
2024-08-11,,1.52161,,0.78394,,,,1.66822,,,,,,,,,,,,,,,,,
2024-08-12,0.9146,1.51851,1.37409,0.78364,147.178,10.52182,10.79499,1.66196,0.86511,19.05084,933.46,5.4929,4049.14,3.7447,1368.88,15949.0,83.899,35.11,57.3,1.324,3.93712,360.26,22.9931,18.24295,33.53813
2024-08-13,0.9095,1.50839,1.37041,0.77777,146.833,10.45903,10.7428,1.64647,0.86382,19.0175,930.44,5.4558,4033.87,3.7486,1361.4,15829.0,83.875,34.92,56.98,1.3173,3.90028,357.63,22.887,18.1405,33.51062
2024-08-14,0.9067,1.50668,1.37026,0.77825,147.123,10.40802,10.67289,1.66268,0.86277,18.915,930.5,5.4695,4013.79,3.7225,1355.42,15675.0,83.901,34.933,56.928,1.31536,3.8929,357.39,22.834,18.0628,33.554
2024-08-15,0.9112,1.51275,1.3726,0.77797,149.293,10.53613,10.7348,1.67037,0.87255,18.646,932.4,5.484,4008.0,3.7345,1364.32,15690.0,83.92,35.05,57.197,1.32206,3.904,360.23,22.978,17.99137,33.655
2024-08-16,0.9065,1.50015,1.3676,0.77256,147.579,10.4365,10.66625,1.65235,0.86584,18.6055,937.9,5.4751,4028.0,3.7435,1349.06,15684.0,83.857,34.827,57.08,1.3153,3.863,355.51,22.8149,17.9538,33.7034
2024-08-17,,1.50015,,0.77256,,,,1.65235,,,,,,,,,,,,,,,,,
2024-08-18,,1.50015,,0.7728,,,,1.6541,,,,,,,,,,,,,,,,,
2024-08-19,0.902,1.48586,1.36343,0.76992,146.561,10.30926,10.53462,1.63671,0.86236,18.6575,923.01,5.4059,4027.08,3.7333,1331.05,15544.0,83.83,34.38,56.61,1.30767,3.8465,355.37,22.681,17.70771,33.7508
2024-08-20,0.8982,1.48313,1.3622,0.76747,145.11,10.19728,10.4913,1.62517,0.85393,18.98268,923.43,5.4873,4007.47,3.7451,1327.55,15429.0,83.729,34.14,56.565,1.30445,3.8406,353.48,22.544,17.82,33.90128
2024-08-21,0.8966,1.48328,1.35918,0.76382,145.152,10.1838,10.49837,1.62485,0.85166,19.265,914.95,5.4765,4029.84,3.7397,1333.34,15479.0,83.875,34.18,56.5,1.30558,3.8343,351.79,22.475,17.8723,33.9158
2024-08-22,0.8996,1.49205,1.36147,0.76401,146.219,10.24256,10.59017,1.62957,0.85202,19.5,918.83,5.5877,4062.8,3.7589,1341.97,15594.0,83.91,34.47,56.31,1.31009,3.8504,353.86,22.533,17.99359,33.9173
2024-08-23,0.8933,1.47232,1.3507,0.75677,144.367,10.17539,10.45512,1.60462,0.847,19.092,908.0,5.4841,4022.87,3.7407,1323.4,15484.0,83.79,33.84,56.4,1.3001,3.8071,351.42,22.352,17.7123,33.9588
2024-08-24,,1.47232,,0.75677,,,,1.60462,,,,,,,,,,,,,,,,,
2024-08-25,,1.47245,,0.75715,,,,1.60632,,,,,,,,,,,,,,,,,
2024-08-26,0.8957,1.477,1.3485,0.75832,144.481,10.21117,10.53622,1.61191,0.8469,19.395,905.3,5.4851,4024.5,3.7545,1327.48,15424.0,83.845,33.93,56.0,1.3038,3.8338,353.41,22.4019,17.7186,33.982
2024-08-27,0.8938,1.47228,1.3443,0.75448,143.93,10.1431,10.44832,1.60018,0.84158,19.75,908.1,5.4995,4033.2,3.7431,1326.05,15489.0,83.896,33.9,56.305,1.30084,3.8267,351.05,22.34,17.7123,33.9966
2024-08-28,0.899,1.47423,1.3477,0.75805,144.433,10.18951,10.49437,1.60208,0.84176,19.6,911.37,5.5624,4098.47,3.7392,1334.1,15419.0,83.88,34.03,56.25,1.303,3.8602,353.52,22.514,17.8223,34.17192
2024-08-29,0.9024,1.47128,1.34848,0.7596,144.955,10.21913,10.49614,1.59841,0.84686,19.835,912.2,5.6296,4115.47,3.7463,1333.27,15409.0,83.84,33.92,56.2,1.30221,3.8675,354.26,22.603,17.7261,34.06096
2024-08-30,0.9047,1.47842,1.3493,0.76185,146.176,10.27096,10.60134,1.60026,0.84974,19.7044,912.77,5.6121,4176.24,3.7464,1336.54,15449.0,83.847,33.944,56.221,1.3065,3.8644,353.08,22.641,17.8217,34.0711
2024-08-31,,1.47842,,0.76185,,,,1.60026,,,,,,,,,,,,,,,,,
2024-09-01,,1.47839,,0.76172,,,,1.60138,,,,,,,,,,,,,,,,,
2024-09-02,0.903,1.47275,1.3492,0.76077,146.882,10.24807,10.57741,1.60467,0.85111,19.79306,917.07,5.6162,4158.25,3.7653,1336.0,15519.0,83.899,34.15,56.481,1.30618,3.8534,354.25,22.601,17.8273,33.8896
2024-09-03,0.9054,1.49002,1.35467,0.76297,145.401,10.3,10.6763,1.61681,0.85014,19.78596,928.03,5.6414,4185.65,3.7822,1339.45,15519.0,83.926,34.27,56.5,1.30672,3.8713,356.16,22.713,17.965,33.97372
2024-09-04,0.902,1.48743,1.35062,0.76057,143.626,10.27216,10.62477,1.6135,0.84644,19.91997,942.73,5.632,4175.07,3.7963,1334.37,15469.0,83.955,34.0,56.43,1.30324,3.8555,354.56,22.585,17.8546,33.9996
2024-09-05,0.8999,1.48361,1.35008,0.75878,143.404,10.24817,10.62668,1.60717,0.84376,19.88,941.94,5.5793,4159.9,3.7931,1332.39,15394.0,83.963,33.6,55.98,1.30022,3.85178,353.72,22.501,17.7035,33.9576
2024-09-06,0.9018,1.49925,1.357,0.76179,142.251,10.29648,10.70579,1.61988,0.8428,19.95,943.6,5.5988,4173.95,3.7967,1337.24,15359.0,83.964,33.558,56.175,1.3024,3.85945,354.76,22.5575,17.8532,33.9505
2024-09-07,,1.49925,,0.76179,,,,,,,,,,,,,,,,,,,,,
2024-09-08,,1.49981,,0.76184,,,,1.62151,,,,,,,,,,,,,,,,,
2024-09-09,0.9058,1.50132,1.3554,0.76494,143.121,10.37373,10.82272,1.62708,0.84922,19.87257,944.5,5.5833,4237.6,3.8132,1339.25,15449.0,83.908,33.83,56.301,1.30522,3.87188,359.13,22.665,17.8516,34.0406
2024-09-10,0.9072,1.50333,1.36085,0.76475,142.405,10.3712,10.83025,1.62699,0.84685,20.072,948.86,5.6633,4277.15,3.8186,1342.24,15444.0,83.929,33.644,56.332,1.30459,3.8804,359.94,22.715,17.9319,34.01462
2024-09-11,0.9077,1.49844,1.3574,0.76668,142.266,10.38071,10.8398,1.62967,0.85204,19.81,940.8,5.6683,4267.0,3.7855,1337.73,15395.0,83.97,33.59,55.971,1.30355,3.88776,359.42,22.774,17.89133,33.9719
2024-09-12,0.9028,1.48792,1.3581,0.76197,141.816,10.2723,10.7082,1.61797,0.85089,19.487,929.98,5.6271,4208.39,3.7669,1335.49,15425.0,83.902,33.4,56.186,1.30184,3.8665,356.82,22.676,17.7744,33.9742
2024-09-13,0.9026,1.49187,1.3585,0.76208,140.764,10.22318,10.65832,1.62443,0.8481,19.2172,926.03,5.5643,4180.5,3.7657,1328.19,15395.0,83.86,33.28,56.0,1.2975,3.874,356.61,22.715,17.7451,33.9634
2024-09-14,,1.49187,,0.76208,,,,1.62443,,,,,,,,,,,,,,,,,
2024-09-15,,1.49189,,0.7622,,,,1.62427,,,,,,,,,,,,,,,,,
2024-09-16,0.898,1.48166,1.35828,0.75679,140.601,10.16464,10.57832,1.6129,0.84465,19.205,922.4,5.515,4235.25,3.7861,1317.06,15394.0,83.82,33.18,55.8,1.2951,3.837,354.16,22.552,17.6122,33.998
2024-09-17,0.8994,1.48034,1.35944,0.75998,142.341,10.18759,10.59742,1.61734,0.84693,19.081,929.56,5.483,4202.97,3.7725,1319.17,15329.0,83.727,33.35,55.62,1.29638,3.8431,354.81,22.574,17.5849,34.0431
2024-09-18,0.8992,1.47918,1.36027,0.75708,142.098,10.207,10.58271,1.6114,0.84583,19.26,927.88,5.4622,4167.47,3.7571,1319.07,15329.0,83.62,33.28,55.715,1.29368,3.83874,354.5,22.527,17.5415,34.0628
2024-09-19,0.8956,1.46806,1.3556,0.75294,142.624,10.15609,10.4876,1.60377,0.84743,19.3,927.88,5.4225,4158.97,3.7458,1326.5,15229.0,83.595,33.08,55.52,1.29236,3.8258,352.91,22.465,17.5148,34.06699
2024-09-20,0.8956,1.46929,1.3569,0.75069,143.808,10.16576,10.47682,1.60333,0.85001,19.39605,927.88,5.5161,4152.96,3.7498,1331.61,15144.0,83.465,33.05,55.65,1.2897,3.82151,351.84,22.4333,17.4112,34.0926
2024-09-21,,1.46929,,0.75069,,,,1.60333,,,,,,,,,,,,,,,,,
2024-09-22,,1.46964,,0.75088,,,,1.60418,,,,,,,,,,,,,,,,,
2024-09-23,0.8997,1.46291,1.3535,0.74936,143.574,10.1899,10.48324,1.59597,0.84693,19.41606,922.25,5.5185,4154.75,3.768,1333.12,15194.0,83.523,32.91,56.02,1.29054,3.8405,355.1,22.586,17.3382,34.123
2024-09-24,0.8943,1.45104,1.3431,0.74569,143.159,10.093,10.3964,1.57838,0.84337,19.319,910.41,5.4547,4153.88,3.7641,1323.92,15179.0,83.566,32.66,56.22,1.2837,3.8022,352.4,22.413,17.2616,34.1013
2024-09-25,0.898,1.46535,1.34802,0.75073,144.648,10.1761,10.5725,1.59673,0.85025,19.63644,913.08,5.4787,4195.5,3.7666,1334.73,15094.0,83.595,32.68,55.88,1.28827,3.83022,354.8,22.575,17.2377,34.1489
2024-09-26,0.8945,1.45075,1.3467,0.74563,144.77,10.1083,10.52307,1.58083,0.84581,19.62,900.85,5.4379,4162.84,3.728,1312.57,15159.0,83.582,32.36,55.955,1.2836,3.8221,354.21,22.478,17.1561,34.1594
2024-09-27,0.8954,1.44886,1.3512,0.74777,142.15,10.0904,10.4922,1.57729,0.84031,19.6948,899.65,5.4341,4172.8,3.7159,1308.28,15119.0,83.656,32.285,55.98,1.2807,3.8268,355.21,22.4823,17.1046,34.13822
2024-09-28,,1.44886,,0.74777,,,,1.57729,,,,,,,,,,,,,,,,,
2024-09-29,,1.44869,,0.74788,,,,1.57833,,,,,,,,,,,,,,,,,
2024-09-30,0.8979,1.44657,1.3524,0.74783,143.575,10.15479,10.54053,1.57629,0.8455,19.68165,897.3,5.4497,4208.48,3.7056,1315.77,15134.0,83.735,32.4,55.98,1.28406,3.8407,356.25,22.618,17.263,34.19422
2024-10-01,0.9031,1.45326,1.349,0.7529,143.603,10.26143,10.60472,1.59304,0.84587,19.617,904.6,5.4249,4220.35,3.7158,1323.3,15194.0,83.894,32.49,56.17,1.28742,3.8726,359.39,22.816,17.3973,34.1892
2024-10-02,0.9049,1.45286,1.3502,0.75389,146.345,10.2566,10.55872,1.59711,0.8491,19.401,911.48,5.4441,4183.25,3.7194,1321.9,15259.0,83.901,32.82,56.15,1.29125,3.88449,361.85,22.9,17.34494,34.217
2024-10-03,0.9061,1.46207,1.35532,0.76194,146.85,10.29613,10.59222,1.61002,0.8524,19.34,920.0,5.4661,4184.0,3.7289,1333.57,15414.0,83.976,33.065,56.44,1.2962,3.9022,363.74,22.923,17.4964,34.2177
2024-10-04,0.9114,1.47189,1.3571,0.76243,148.679,10.36258,10.64557,1.6239,0.85788,19.255,924.03,5.4511,4164.4,3.7318,1346.38,15479.0,84.003,33.24,56.3,1.3046,3.9286,365.5,23.172,17.4765,34.2584
2024-10-05,,1.47189,,0.76243,,,,1.6239,,,,,,,,,,,,,,,,,
2024-10-06,,1.47102,,0.76263,,,,1.62356,,,,,,,,,,,,,,,,,
2024-10-07,0.9109,1.47955,1.36176,0.7644,148.107,10.3536,10.63065,1.63255,0.85434,19.271,924.38,5.497,4214.28,3.7399,1342.52,15674.0,83.944,33.46,56.797,1.3038,3.9367,365.97,23.106,17.4053,34.24
2024-10-08,0.9106,1.48238,1.36451,0.76307,148.21,10.33013,10.70241,1.62912,0.85721,19.321,932.51,5.5284,4223.51,3.74,1339.98,15639.0,83.925,33.53,56.829,1.30329,3.9167,363.62,23.027,17.5537,34.2281
2024-10-09,0.9137,1.48949,1.37069,0.76521,149.142,10.39255,10.76599,1.65022,0.8605,19.463,933.25,5.5942,4232.0,3.7558,1343.02,15615.0,83.93,33.49,57.1,1.30639,3.92596,364.46,23.16,17.6474,34.2297
2024-10-10,0.9143,1.48403,1.374,0.76597,148.515,10.38699,10.72331,1.64101,0.85606,19.44,930.62,5.5828,4198.0,3.7666,1349.66,15659.0,83.92,33.44,57.49,1.30578,3.9304,366.32,23.127,17.5014,34.2455
2024-10-11,0.914,1.48148,1.3756,0.76535,149.09,10.373,10.69122,1.63693,0.8563,19.254,923.0,5.603,4208.28,3.7536,1348.38,15574.0,84.081,33.13,57.22,1.3048,3.9207,366.62,23.098,17.39,34.25
2024-10-12,,1.48148,,0.76535,,,,1.63693,,,,,,,,,,,,,,,,,
2024-10-13,,1.48381,,0.76549,,,,1.63991,,,,,,,,,,,,,,,,,
2024-10-14,0.9165,1.48708,1.37866,0.76593,149.755,10.41699,10.78808,1.64077,0.86255,19.349,926.28,5.5962,4198.98,3.7587,1356.72,15554.0,84.025,33.1,57.463,1.30774,3.9329,367.23,23.12,17.5559,34.24693
2024-10-15,0.9178,1.49249,1.37723,0.76508,149.178,10.41141,10.80763,1.6497,0.8616,19.7,940.15,5.6532,4243.47,3.7687,1363.64,15574.0,84.015,33.247,57.82,1.30906,3.9375,367.1,23.135,17.627,34.1984
2024-10-16,0.9202,1.50031,1.37509,0.76985,149.58,10.49683,10.89922,1.65104,0.86454,19.89189,935.6,5.6691,4254.36,3.7712,1362.76,15504.0,83.985,33.19,57.74,1.31236,3.9541,368.74,23.245,17.6004,34.15203
2024-10-17,0.9228,1.4935,1.37922,0.76863,150.156,10.5378,10.91273,1.65079,0.86606,19.8279,944.5,5.6699,4248.47,3.765,1369.08,15490.0,84.06,33.144,57.82,1.31392,3.9696,369.21,23.257,17.6728,34.152
2024-10-18,0.92,1.4912,1.3798,0.7664,149.485,10.51772,10.9206,1.64745,0.8639,19.847,952.75,5.6957,4265.92,3.7512,1368.34,15459.0,84.046,33.09,57.48,1.3102,3.9581,367.98,23.174,17.5886,34.2858
2024-10-19,,1.4912,,0.7664,,,,1.64745,,,,,,,,,,,,,,,,,
2024-10-20,,1.49158,,0.76669,,,,1.64799,,,,,,,,,,,,,,,,,
2024-10-21,0.9243,1.50218,1.3832,0.77024,150.708,10.55704,10.94377,1.65873,0.86578,19.956,950.32,5.7021,4266.47,3.7639,1376.45,15489.0,84.05,33.46,57.65,1.31586,3.9908,370.99,23.341,17.594,34.2143
2024-10-22,0.9257,1.4964,1.38155,0.77044,151.017,10.53907,10.91011,1.6544,0.86504,19.9393,945.88,5.7031,4266.16,3.7532,1378.43,15554.0,84.037,33.464,57.78,1.31551,4.0014,370.3,23.333,17.5071,34.22748
2024-10-23,0.9271,1.50711,1.38348,0.77411,152.655,10.59152,10.98322,1.66614,0.86627,19.811,945.2,5.6862,4318.48,3.7514,1379.5,15614.0,84.037,33.734,58.078,1.32243,4.028,373.18,23.424,17.7824,34.2822
2024-10-24,0.9233,1.50614,1.3849,0.77097,151.798,10.55233,10.92857,1.66276,0.86546,19.8,947.5,5.6658,4293.88,3.7537,1377.12,15575.0,84.064,33.65,57.92,1.31826,4.0072,371.87,23.239,17.6651,34.2496
2024-10-25,0.9257,1.51446,1.3891,0.77166,152.244,10.6188,10.971,1.67308,0.8663,19.9805,946.66,5.7064,4325.99,3.7569,1387.93,15634.0,84.075,33.71,58.555,1.3209,4.0218,374.083,23.3818,17.6464,34.2827
2024-10-26,,1.51446,,0.77166,,,,1.67308,,,,,,,,,,,,,,,,,
2024-10-27,,1.5127,,0.7716,,,,1.67274,,,,,,,,,,,,,,,,,
2024-10-28,0.9245,1.51918,1.38903,0.77119,153.206,10.64263,10.97832,1.67272,0.8648,20.02274,945.78,5.7011,4333.0,3.7732,1380.88,15720.0,84.04,33.72,58.24,1.32204,4.0188,373.49,23.439,17.683,34.2731
2024-10-29,0.9245,1.52476,1.3913,0.7688,153.338,10.63499,10.95449,1.67524,0.86719,20.04714,954.2,5.7564,4393.59,3.7692,1383.28,15754.0,84.038,33.65,58.25,1.32369,4.0092,374.33,23.424,17.6576,34.2513
2024-10-30,0.9209,1.52163,1.38991,0.77146,153.315,10.67254,10.95361,1.67409,0.86617,20.15,956.13,5.7485,4412.54,3.7742,1378.47,15689.0,84.052,33.69,58.236,1.32142,4.00749,375.24,23.338,17.64018,34.2527
2024-10-31,0.9186,1.52026,1.3931,0.77566,152.04,10.64474,10.98858,1.67316,0.86333,20.025,961.2,5.778,4425.62,3.7665,1372.25,15689.0,84.041,33.76,58.334,1.32011,3.99598,375.11,23.256,17.5742,34.30383
2024-11-01,0.9222,1.52462,1.395,0.77363,152.946,10.74395,11.0549,1.67701,0.8694,20.271,960.8,5.8699,4434.72,3.7666,1378.46,15714.0,84.06,33.93,58.461,1.3255,4.0241,376.68,23.369,17.6423,34.302
2024-11-02,,1.52462,,0.77363,,,,1.67701,,,,,,,,,,,,,,,,,
2024-11-03,,1.51401,,0.77125,,,,1.66667,,,,,,,,,,,,,,,,,
2024-11-04,0.919,1.5193,1.39005,0.77182,152.119,10.72374,10.99867,1.67468,0.86342,20.0979,952.88,5.7911,4412.97,3.7654,1372.58,15749.0,84.091,33.74,58.4,1.31949,4.00088,374.9,23.263,17.4851,34.3331
2024-11-05,0.9147,1.50696,1.38248,0.76684,151.609,10.6978,10.94604,1.66536,0.86316,20.10047,953.26,5.7508,4406.37,3.7759,1377.25,15729.0,84.091,33.53,58.48,1.3144,3.9836,373.99,23.17,17.3883,34.2814
2024-11-06,0.9318,1.52242,1.39369,0.77645,154.616,10.84782,11.06767,1.68418,0.87545,20.0835,960.43,5.6828,4411.47,3.7858,1400.34,15824.0,84.29,34.29,58.77,1.33221,4.0545,382.41,23.612,17.6165,34.1873
2024-11-07,0.9254,1.49792,1.38593,0.77007,152.923,10.68067,10.86237,1.66019,0.87155,19.794,947.14,5.6923,4299.83,3.752,1379.87,15729.0,84.273,33.91,58.18,1.31988,3.9883,374.24,23.373,17.2878,34.207
2024-11-08,0.9326,1.5195,1.39059,0.77429,152.608,10.81406,10.99292,1.67608,0.87518,20.1704,970.0,5.7378,4358.46,3.7686,1396.2,15664.0,84.375,34.12,58.46,1.3259,4.02952,379.44,23.5226,17.5606,34.3562
2024-11-09,,1.51976,,0.77393,,,,1.67588,,,,,,,,,,,,,,,,,
2024-11-10,,1.5193,,0.77465,,,,1.67788,,,,,,,,,,,,,,,,,
2024-11-11,0.9383,1.52126,1.39237,0.77719,153.697,10.84054,11.02602,1.67692,0.8806,20.33304,977.93,5.755,4358.46,3.7747,1399.06,15674.0,84.36,34.5,58.647,1.33352,4.09114,384.92,23.771,17.91017,34.338
2024-11-12,0.9411,1.53102,1.39438,0.78451,154.602,10.89469,11.06462,1.68791,0.88137,20.58868,982.31,5.7488,4444.57,3.786,1405.78,15774.0,84.326,34.81,58.7,1.3381,4.0934,386.44,23.866,18.0913,34.3465
2024-11-13,0.9464,1.54211,1.39948,0.78695,155.446,10.98151,11.13354,1.70103,0.88477,20.49872,976.8,5.8124,4477.47,3.8005,1404.83,15769.0,84.396,34.81,58.71,1.34261,4.10639,385.9,23.893,18.2125,34.3228
2024-11-14,0.9495,1.54971,1.4058,0.78961,156.243,10.99597,11.14747,1.70981,0.8903,20.398,975.81,5.7822,4484.4,3.8022,1404.73,15849.0,84.441,34.94,58.84,1.34601,4.10278,385.78,24.011,18.2635,34.3183
2024-11-15,0.9486,1.54866,1.4085,0.79249,154.309,10.97232,11.07592,1.70526,0.88695,20.328,977.9,5.7947,4422.72,3.8042,1393.66,15849.0,84.404,34.81,58.73,1.3405,4.0935,387.12,23.9418,18.1914,34.4188
2024-11-16,,1.54775,,0.79258,,,,1.7059,,,,,,,,,,,,,,,,,
2024-11-17,,1.54823,,0.79258,,,,1.70532,,,,,,,,,,,,,,,,,
2024-11-18,0.9433,1.53681,1.40136,0.78881,154.649,10.90209,10.99438,1.69713,0.8828,20.20696,972.35,5.7382,4398.85,3.7946,1390.49,15844.0,84.378,34.54,58.689,1.33848,4.0674,383.21,23.846,17.9453,34.5181
2024-11-19,0.9435,1.53121,1.39553,0.78859,154.632,10.91633,10.97751,1.69176,0.88146,20.12421,969.71,5.7694,4394.85,3.7946,1392.3,15825.0,84.335,34.47,58.86,1.33688,4.0872,385.05,23.854,18.04284,34.458
2024-11-20,0.9482,1.53737,1.39742,0.79043,155.398,11.02443,11.05238,1.70195,0.88403,20.27442,971.52,5.7753,4384.92,3.7948,1397.99,15859.0,84.34,34.66,58.98,1.34256,4.109,388.46,23.972,18.09956,34.466
2024-11-21,0.9545,1.53605,1.39731,0.79441,154.522,11.05925,11.06118,1.70678,0.8865,20.41213,972.0,5.8128,4384.97,3.7935,1399.13,15919.0,84.475,34.65,58.95,1.34636,4.1452,392.33,24.172,18.092,34.4855
2024-11-22,0.9597,1.53922,1.39744,0.798,154.73,11.03244,11.06126,1.71427,0.89363,20.4195,983.65,5.8111,4417.47,3.7949,1402.05,15869.0,84.405,34.41,58.96,1.34542,4.158,394.81,24.319,18.1013,34.5221
2024-11-23,,1.53822,,0.79802,,,,1.71438,,,,,,,,,,,,,,,,,
2024-11-24,,1.52952,,0.79802,,,,1.70882,,,,,,,,,,,,,,,,,
2024-11-25,0.9525,1.53771,1.39856,0.79572,154.182,10.98159,11.08545,1.71095,0.88603,20.29286,974.9,5.7988,4379.47,3.7754,1398.04,15864.0,84.22,34.57,58.95,1.34584,4.10101,389.72,24.09,18.0556,34.5575
2024-11-26,0.9531,1.54466,1.40524,0.79561,153.061,10.98392,11.15311,1.71441,0.88629,20.619,976.79,5.8057,4400.37,3.7695,1396.33,15924.0,84.299,34.67,58.92,1.34658,4.1012,391.01,24.086,18.174,34.6094
2024-11-27,0.9461,1.53948,1.40284,0.78866,151.053,10.90647,11.05368,1.69684,0.88173,20.58859,976.4,5.938,4384.47,3.7563,1388.56,15924.0,84.371,34.42,58.684,1.34011,4.0707,390.66,23.882,18.1814,34.6237
2024-11-28,0.9473,1.53905,1.4011,0.78839,151.514,10.91428,11.03596,1.69869,0.88264,20.4165,976.63,6.0147,4415.94,3.7469,1393.72,15864.0,84.425,34.38,58.68,1.342,4.0765,391.41,23.935,18.0866,34.6145
2024-11-29,0.9451,1.5361,1.4,0.78534,149.743,10.88823,11.02607,1.68887,0.8807,20.361,972.0,5.9853,4431.98,3.7424,1394.64,15839.0,84.539,34.26,58.62,1.33742,4.0619,389.82,23.852,18.051,34.6615
2024-11-30,,1.5361,,0.78511,,,,,,,,,,,,,,,,,,,,,
2024-12-01,,1.5361,,0.78536,,,,1.69282,,,,,,,,,,,,,,,,,
2024-12-02,0.9522,1.54512,1.40439,0.79023,149.571,10.98786,11.09783,1.69854,0.88626,20.377,976.98,6.0646,4455.9,3.7425,1406.0,15851.0,84.74,34.51,58.66,1.34455,4.07772,394.63,24.03,18.11394,34.68199
2024-12-03,0.9513,1.54195,1.40658,0.78914,149.59,11.00623,11.06202,1.70068,0.886,20.303,969.5,6.0476,4436.5,3.7436,1414.44,15934.0,84.658,34.31,58.52,1.3447,4.0814,394.14,23.937,18.0898,34.732
2024-12-04,0.9512,1.55538,1.40702,0.78733,150.539,10.92257,11.05191,1.70964,0.88418,20.28941,973.95,6.0416,4437.47,3.7363,1411.11,15924.0,84.673,34.22,58.15,1.34358,4.06812,393.12,23.912,18.1375,34.72355
2024-12-05,0.9442,1.55,1.40224,0.78386,150.073,10.85232,11.02932,1.69947,0.87799,20.181,969.8,6.0129,4407.47,3.729,1413.29,15854.0,84.661,34.02,57.749,1.33808,4.0288,389.69,23.681,18.00631,34.7111
2024-12-06,0.9461,1.56593,1.4154,0.78514,149.989,10.9318,11.1505,1.71553,0.87812,20.18,974.03,6.0894,4403.44,3.7227,1424.12,15844.0,84.648,34.05,57.84,1.3419,4.0343,391.31,23.708,18.0048,34.7376
2024-12-07,,1.56519,,,,,,1.71615,,,,,,,,,,,,,,,,,
2024-12-08,,1.56543,,0.78548,,,,1.71291,,,,,,,,,,,,,,,,,
2024-12-09,0.9473,1.55294,1.41709,0.78435,151.204,10.90793,11.12038,1.70544,0.87847,20.23294,967.45,6.0789,4370.63,3.7228,1428.37,15859.0,84.814,33.78,57.991,1.34035,4.03381,390.11,23.747,17.766,34.8107
2024-12-10,0.9497,1.56853,1.41806,0.78309,151.923,10.96721,11.1475,1.72458,0.88149,20.148,972.48,6.0599,4368.6,3.7111,1434.28,15859.0,84.858,33.76,58.041,1.34143,4.0444,389.36,23.804,17.79692,34.81495
2024-12-11,0.9525,1.57028,1.41574,0.78429,152.411,10.97335,11.14399,1.72912,0.88394,20.13195,974.4,5.9541,4336.97,3.7207,1427.8,15909.0,84.775,33.79,58.344,1.34398,4.06676,390.21,23.858,17.69292,34.8761
2024-12-12,0.9552,1.57062,1.42193,0.78907,152.602,11.01538,11.1732,1.73367,0.89162,20.199,977.37,5.9923,4344.94,3.7352,1430.65,15919.0,84.805,33.87,58.285,1.34665,4.0806,390.98,23.927,17.7768,34.8718
2024-12-13,0.9518,1.57307,1.42293,0.79268,153.683,10.97301,11.13722,1.73641,0.89201,20.1185,985.83,6.0458,4314.67,3.7363,1434.01,15989.0,84.761,34.04,58.661,1.3488,4.0547,388.76,23.805,17.8573,34.924
2024-12-14,,1.57208,,0.79252,,,,1.73581,,,,,,,,,,,,,,,,,
2024-12-15,,1.57468,,0.79283,,,,1.73732,,,,,,,,,,,,,,,,,
2024-12-16,0.9511,1.56966,1.42405,0.78849,154.115,10.88346,11.14321,1.72989,0.89382,20.122,989.33,6.1479,4323.97,3.733,1436.77,15994.0,84.87,34.04,58.833,1.34948,4.0478,388.62,23.797,17.8404,34.9301
2024-12-17,0.9529,1.57836,1.43089,0.78689,153.412,10.95793,11.18898,1.73825,0.89254,20.165,986.56,6.0985,4343.97,3.7414,1437.53,16059.0,84.882,34.15,59.003,1.34997,4.0679,390.08,23.885,18.0808,34.9746
2024-12-18,0.966,1.6087,1.44459,0.79539,154.815,11.12572,11.3824,1.7786,0.90094,20.349,996.11,6.2896,4392.47,3.7336,1452.25,16084.0,84.846,34.51,58.983,1.36258,4.1195,398.9,24.251,18.3203,35.032
2024-12-19,0.9647,1.60328,1.43968,0.79994,157.417,11.02405,11.43624,1.7767,0.89838,20.296,991.0,6.1525,4375.95,3.739,1444.5,16284.0,85.065,34.44,59.076,1.36058,4.1056,399.78,24.24,18.375,35.078
2024-12-20,0.9586,1.60061,1.4372,0.79589,156.407,11.0319,11.31022,1.77092,0.893,20.054,988.5,6.0853,4381.75,3.7207,1444.55,16189.0,84.927,34.1,58.744,1.35436,4.08,396.59,24.058,18.3088,35.1588
2024-12-21,,1.6,,,,,,1.7696,,,,,,,,,,,,,,,,,
2024-12-22,,1.59949,,0.79592,,,,1.77179,,,,,,,,,,,,,,,,,
2024-12-23,0.9607,1.60077,1.43702,0.79789,157.096,11.04323,11.34948,1.77085,0.89853,20.167,989.66,6.1912,4409.47,3.727,1451.27,16169.0,85.075,34.28,58.54,1.35727,4.0957,395.95,24.164,18.5488,35.1642
2024-12-24,0.9614,1.60359,1.4354,0.79789,157.145,11.07661,11.34613,1.76938,0.89995,20.148,989.05,6.1906,4369.0,3.7256,1458.12,16184.0,85.116,34.1,58.509,1.3598,4.0882,397.08,24.18,18.6507,35.0592
2024-12-25,0.9612,1.60359,1.4354,0.79662,157.192,,,1.77054,0.8991,20.149,989.05,6.1906,4369.0,3.7256,1456.5,16184.0,85.178,34.11,58.65,1.3569,4.0882,394.79,24.19,18.6608,35.1905
2024-12-26,0.9592,1.60782,1.44056,0.79841,157.932,11.0412,11.38648,1.7786,0.89854,20.225,988.74,6.1828,4392.97,3.743,1467.07,16184.0,85.234,34.06,57.979,1.35884,4.0866,394.13,24.09,18.84038,35.1695
2024-12-27,0.9589,1.60911,1.4406,0.79546,157.772,11.00214,11.34682,1.77595,0.90186,20.313,991.48,6.2011,4404.5,3.7467,1472.48,16229.0,85.368,34.04,57.908,1.3577,4.09047,393.31,24.141,18.6847,35.0701
2024-12-28,,,,,,,,1.77557,,,,,,,,,,,,,,,,,
2024-12-29,,1.60953,,0.79605,,,,1.77762,,,,,,,,,,,,,,,,,
2024-12-30,0.9607,1.60795,1.43538,0.79677,156.85,11.02079,11.32032,1.77358,0.90365,20.63721,993.83,6.184,4417.95,3.7691,1469.23,16129.0,85.453,34.15,57.85,1.35986,4.10833,395.0,24.16,18.765,35.328
2024-12-31,0.9656,1.61637,1.4377,0.79932,157.21,11.0639,11.37539,1.78779,0.90717,20.817,992.6,6.184,4401.94,3.7692,1476.76,16089.0,85.533,34.27,58.076,1.36488,4.1295,397.25,24.319,18.8551,35.335
2025-01-01,0.9654,1.61551,1.4383,0.79942,157.247,,,1.78923,0.9058,20.79,,6.184,4401.94,3.7692,1471.0,16090.0,85.625,34.28,58.076,1.3645,4.1269,397.08,24.309,18.7596,35.3585
2025-01-02,0.9737,1.61241,1.44022,0.80796,157.446,11.1491,11.38591,1.78795,0.91219,20.5975,1003.63,6.1519,4388.97,3.7501,1469.7,16189.0,85.725,34.35,57.994,1.37021,4.1597,402.69,24.489,18.7095,35.3476
2025-01-03,0.9698,1.60906,1.44416,0.80506,157.273,11.10414,11.35972,1.78263,0.90822,20.62125,1016.13,6.1811,4347.47,3.7587,1468.36,16184.0,85.74,34.43,58.067,1.36961,4.1386,403.03,24.363,18.7012,35.3403
2025-01-04,,1.60979,,0.80522,,,,1.78221,,,,,,,,,,,,,,,,,
2025-01-05,,1.61082,,0.80515,,,,1.7819,,,,,,,,,,,,,,,,,
2025-01-06,0.9622,1.60115,1.43295,0.79893,157.55,11.04426,11.28823,1.77255,0.90445,20.3,1010.7,6.1133,4338.97,3.7612,1461.06,16189.0,85.67,34.59,58.03,1.36341,4.0946,400.25,24.198,18.5613,35.2982
2025-01-07,0.9668,1.60526,1.43649,0.80154,158.012,11.1177,11.33637,1.77506,0.90855,20.32,1003.4,6.1029,4335.95,3.7697,1453.08,16124.0,85.783,34.48,58.2,1.36408,4.12,401.6,24.289,18.6738,35.3281
2025-01-08,0.9689,1.60948,1.4369,0.80895,158.335,11.14572,11.39949,1.78342,0.91026,20.391,1000.0,6.1195,4322.25,3.7815,1459.08,16190.0,85.87,34.58,58.52,1.36748,4.1408,401.13,24.342,18.89854,35.3129
2025-01-09,0.9707,1.61426,1.43935,0.81274,158.109,11.1517,11.38756,1.78603,0.91141,20.503,1006.0,6.0364,4324.47,3.7653,1457.4,16195.0,85.852,34.53,58.454,1.36804,4.1363,401.45,24.327,18.9346,35.3279
2025-01-10,0.9758,1.62734,1.44178,0.81938,157.657,11.21131,11.4662,1.80226,0.91603,20.701,1010.25,6.0998,4338.5,3.7664,1473.05,16179.0,86.145,34.6,58.642,1.3715,4.1587,403.23,24.467,19.096,35.3852
2025-01-11,,1.62734,,0.8194,,,,1.79986,,,,,,,,,,,,,,,,,
2025-01-12,,1.62747,,0.81966,,,,1.8018,,,,,,,,,,,,,,,,,
2025-01-13,0.9761,1.61915,1.43746,0.81971,157.459,11.24543,11.42012,1.79144,0.91648,20.64262,1005.48,6.0886,4301.65,3.7808,1466.63,16269.0,86.67,34.72,58.66,1.36941,4.16614,402.601,24.627,19.02431,35.46646
2025-01-14,0.9699,1.61452,1.4348,0.81876,157.948,11.16929,11.36677,1.78476,0.91203,20.50359,1004.09,6.0506,4287.07,3.7748,1458.14,16259.0,86.515,34.64,58.705,1.36647,4.13604,399.52,24.495,18.91746,35.4567
2025-01-15,0.9716,1.60627,1.43429,0.81717,156.435,11.15423,11.32417,1.78117,0.91252,20.4546,1004.35,6.0098,4296.97,3.759,1454.95,16314.0,86.349,34.4,58.63,1.36697,4.13761,399.65,24.484,18.76127,35.4481
2025-01-16,0.9704,1.60987,1.43928,0.8171,155.106,11.14843,11.35729,1.78399,0.91037,20.8384,1012.0,6.0652,4340.13,3.7568,1455.72,16354.0,86.55,34.46,58.55,1.36611,4.1356,400.15,24.547,18.8042,35.4176
2025-01-17,0.9735,1.61561,1.44761,0.82215,156.266,11.1934,11.44132,1.79311,0.91443,20.78326,1005.78,6.0599,4335.5,3.7377,1456.01,16359.0,86.551,34.36,58.444,1.3679,4.1453,401.87,24.553,18.7384,35.4307
2025-01-18,,1.61551,,0.82217,,,,1.79211,,,,,,,,,,,,,,,,,
2025-01-19,,1.61368,,0.82217,,,,1.78827,,,,,,,,,,,,,,,,,
2025-01-20,0.9597,1.59413,1.4303,0.81128,155.55,11.01958,11.29246,1.76348,0.90614,20.4956,999.5,6.0417,4310.33,3.7333,1436.65,16354.0,86.189,34.07,58.192,1.35664,4.0792,394.45,24.176,18.51491,35.5563
2025-01-21,0.9624,1.60126,1.4418,0.81366,155.156,11.04968,11.33958,1.76894,0.90723,20.71279,1002.15,6.0315,4300.59,3.7333,1438.22,16319.0,86.298,34.04,58.42,1.35813,4.0965,395.55,24.227,18.5918,35.5887
2025-01-22,0.9604,1.59434,1.43741,0.81199,156.494,11.00214,11.27692,1.76585,0.90591,20.481,990.18,5.9415,4252.47,3.7121,1435.14,16279.0,86.42,33.86,58.54,1.35519,4.05622,394.36,24.152,18.4638,35.639
2025-01-23,0.9599,1.59144,1.4379,0.80943,156.025,11.0079,11.27042,1.76246,0.90661,20.368,986.96,5.9243,4226.15,3.7097,1434.27,16274.0,86.395,33.95,58.66,1.35503,4.0429,393.43,24.078,18.5127,35.6427
2025-01-24,0.9525,1.58486,1.43415,0.80149,155.92,10.92581,11.18839,1.75331,0.90483,20.259,980.35,5.9026,4171.5,3.7178,1427.95,16169.0,86.141,33.53,58.3,1.3458,4.0126,388.42,23.896,18.3785,35.6517
2025-01-25,,1.58504,,0.80135,,,,1.75162,,,,,,,,,,,,,,,,,
2025-01-26,,1.58755,,0.80212,,,,1.755,,,,,,,,,,,,,,,,,
2025-01-27,0.9529,1.58972,1.43692,0.80026,154.502,10.93008,11.24068,1.75704,0.90143,20.67288,985.48,5.8926,4186.47,3.7427,1432.82,16169.0,86.319,33.77,58.35,1.34454,4.0132,388.97,23.883,18.7044,35.742
2025-01-28,0.9585,1.59959,1.43932,0.80375,155.501,10.99196,11.27556,1.76498,0.90394,20.525,993.68,5.8643,4213.25,3.7338,1445.35,16169.0,86.564,33.85,58.49,1.35028,4.0257,390.42,24.039,18.6534,35.71536
2025-01-29,0.9596,1.60568,1.4416,0.80348,155.191,10.99467,11.28422,1.76781,0.90638,20.507,989.93,5.8563,4164.47,3.7137,1441.64,16169.0,86.59,33.71,58.42,1.34906,4.0314,391.57,24.095,18.5225,35.79905
2025-01-30,0.962,1.61106,1.44821,0.80534,154.285,11.04458,11.31992,1.77475,0.90928,20.708,982.28,5.874,4164.62,3.7199,1443.56,16254.0,86.525,33.61,58.301,1.35284,4.0427,391.29,24.173,18.5696,35.7689
2025-01-31,0.965,1.61093,1.4524,0.80698,155.182,11.09829,11.31425,1.77465,0.91008,20.664,980.38,5.8397,4202.5,3.7268,1455.67,16294.0,86.511,33.76,58.411,1.35751,4.0587,393.34,24.292,18.6557,35.6977
2025-02-01,,1.61005,,0.8071,,,,1.77431,,,,,,,,,,,,,,,,,
2025-02-02,,1.62496,,0.81453,,,,1.79115,,,,,,,,,,,,,,,,,
2025-02-03,0.9666,1.6064,1.44247,0.80322,154.689,11.06519,11.33504,1.77673,0.91008,20.378,984.43,5.817,4156.07,3.7047,1458.9,16429.0,86.922,33.83,58.485,1.36055,4.0842,394.6,24.369,18.7101,35.9531
2025-02-04,0.9633,1.60077,1.43172,0.80151,154.318,10.96459,11.23835,1.76988,0.90486,20.488,971.9,5.754,4164.22,3.7118,1452.52,16339.0,87.038,33.63,58.0,1.35351,4.0549,391.92,24.197,18.6718,35.93815
2025-02-05,0.9611,1.59144,1.43112,0.79971,152.597,10.9048,11.21891,1.7584,0.90145,20.564,970.62,5.7874,4172.72,3.7138,1443.74,16279.0,87.316,33.56,57.883,1.34813,4.03446,390.31,24.194,18.5402,35.8789
2025-02-06,0.9629,1.59241,1.43073,0.80443,151.334,10.89676,11.2071,1.76277,0.9046,20.434,961.51,5.7617,4132.47,3.712,1445.53,16324.0,87.55,33.77,58.05,1.35025,4.0316,389.56,24.131,18.4236,35.8783
2025-02-07,0.9679,1.595,1.42883,0.80668,151.377,10.939,11.23176,1.76722,0.90923,20.558,961.63,5.7981,4118.0,3.7131,1453.42,16269.0,87.593,33.86,58.11,1.3539,4.0544,391.95,24.3,18.376,35.9863
2025-02-08,,1.59464,,,,,,1.76678,,,,,,,,,,,,,,,,,
2025-02-09,,1.60411,,0.80671,,,,1.77525,,,,,,,,,,,,,,,,,
2025-02-10,0.97,1.59335,1.4312,0.80869,151.988,10.92023,11.21292,1.77292,0.9112,20.582,961.0,5.78,4136.18,3.7097,1450.52,16339.0,87.448,33.84,58.111,1.35517,4.0565,392.43,24.306,18.4452,35.9936
2025-02-11,0.9649,1.58902,1.42861,0.8035,152.47,10.85565,11.18862,1.76903,0.91309,20.539,959.88,5.7684,4136.27,3.7117,1450.83,16369.0,86.767,33.99,58.138,1.35298,4.0247,388.62,24.192,18.49414,36.022
2025-02-12,0.9629,1.59246,1.43006,0.80363,154.401,10.88452,11.26152,1.77292,0.91351,20.517,949.88,5.7636,4165.3,3.712,1450.72,16359.0,86.861,33.99,58.214,1.35442,4.0066,387.06,24.109,18.5069,36.0937
2025-02-13,0.9554,1.5832,1.41905,0.79589,152.784,10.72864,11.13579,1.76193,0.90293,20.39932,942.75,5.7669,4133.57,3.715,1439.48,16350.0,86.657,33.61,57.857,1.34325,3.98255,383.98,23.899,18.4759,36.11301
2025-02-14,0.9528,1.57542,1.4179,0.79471,152.254,10.69014,11.11584,1.74639,0.89949,20.28577,939.25,5.7143,4124.15,,1439.41,16255.0,86.582,33.69,57.728,1.3384,3.9644,383.3,23.83,18.3367,36.2294
2025-02-15,,1.5748,,0.7946,,,,1.74551,,,,,,,,,,,,,,,,,
2025-02-16,,1.5753,,0.79466,,,,1.74917,,,,,,,,,,,,,,,,,
2025-02-17,0.9536,1.57408,1.4184,0.79219,151.483,10.68897,11.09907,1.74374,0.90059,20.281,946.68,5.713,4130.16,,1441.25,16209.0,86.789,33.66,58.015,1.34168,3.9636,382.73,23.89,18.3843,36.2114
2025-02-18,0.9571,1.57438,1.41928,0.79293,152.049,10.7184,11.15225,1.75411,0.90318,20.246,947.33,5.6892,4095.47,3.683,1440.68,16269.0,86.848,33.64,58.16,1.34098,3.9693,383.36,23.978,18.4012,36.2565
2025-02-19,0.9591,1.57682,1.42311,0.79458,151.452,10.72165,11.12914,1.7534,0.90444,20.44136,949.43,5.7214,4093.57,3.688,1438.98,16330.0,86.852,33.72,58.11,1.34234,4.0042,386.05,24.094,18.5045,36.27418
2025-02-20,0.952,1.5634,1.4174,0.78945,149.608,10.62257,11.0893,1.73557,0.89772,20.319,941.45,5.7029,4074.47,3.683,1430.69,16324.0,86.543,33.51,57.928,1.33249,3.9601,382.84,23.844,18.3172,36.2506
2025-02-21,0.9555,1.57396,1.4223,0.79166,149.262,10.6344,11.13619,1.74328,0.89755,20.411,942.0,5.7295,4084.9,3.685,1432.0,16300.0,86.59,33.52,57.872,1.33613,3.9717,385.16,23.935,18.3728,36.3864
2025-02-22,,,,,,,,1.74216,,,,,,,,,,,,,,,,,
2025-02-23,,1.57183,,0.79058,,,,1.74277,,,,,,,,,,,,,,,,,
2025-02-24,0.955,1.57517,1.42561,0.79216,149.684,10.65797,11.11172,1.7445,0.89705,20.468,943.36,5.7785,4116.27,3.682,1428.62,16269.0,86.624,33.49,57.88,1.33788,3.95733,383.03,23.842,18.37264,36.41802
2025-02-25,0.9508,1.57676,1.43099,0.78961,149.023,10.5914,11.10645,1.74724,0.8928,20.461,942.08,5.7483,4126.9,3.68,1433.77,16339.0,87.096,33.74,57.88,1.33663,3.9381,381.26,23.696,18.3731,36.4207
2025-02-26,0.9535,1.58612,1.4332,0.789,149.076,10.63774,11.14215,1.75685,0.89454,20.412,941.19,5.79,4102.4,,1433.2,16364.0,87.093,33.71,57.882,1.33894,3.9454,380.83,23.746,18.3744,36.4418
2025-02-27,0.9614,1.60385,1.44374,0.79375,149.801,10.74588,11.2357,1.77604,0.89951,20.477,950.65,5.8401,4130.37,3.674,1450.45,16445.0,87.297,34.04,57.99,1.34788,4.002,384.95,24.007,18.4533,36.409
2025-02-28,0.9637,1.61225,1.4464,0.79527,150.545,10.74101,11.24592,1.78645,0.90243,20.52918,958.18,5.9031,4152.32,3.72,1461.26,16574.0,87.447,34.2,57.952,1.3507,4.0359,388.7,24.147,18.6566,36.3935
2025-03-01,,1.61108,,0.7951,,,,1.78635,,,,,,,,,,,,,,,,,
2025-03-02,,1.60968,,0.79479,,,,1.78638,,,,,,,,,,,,,,,,,
2025-03-03,0.9534,1.60671,1.44779,0.78744,149.485,10.49111,11.18783,1.78069,0.89668,20.68326,950.0,5.8974,4122.47,3.685,1457.91,16474.0,87.24,33.95,57.682,1.34689,3.96343,380.8,23.805,18.588,36.4383
2025-03-04,0.9408,1.59469,1.43866,0.78167,149.801,10.4077,11.08313,1.76554,0.88903,20.579,943.8,5.8783,4139.47,3.668,1453.1,16440.0,87.232,33.47,57.598,1.33796,3.9175,375.16,23.566,18.4825,36.4404
2025-03-05,0.9266,1.57853,1.4336,0.77554,148.863,10.1904,10.91206,1.74673,0.89086,20.409,927.88,5.7394,4111.41,3.65,1445.19,16309.0,86.847,33.47,57.36,1.33167,3.84877,368.78,23.134,18.325,36.4258
2025-03-06,0.927,1.57943,1.4292,0.77642,147.976,10.16896,10.88287,1.74499,0.8836,20.278,928.6,5.758,4100.4,3.6527,1447.04,16324.0,86.994,33.66,57.306,1.33344,3.8691,370.03,23.196,18.1088,36.3854
2025-03-07,0.9228,1.58652,1.43673,0.77403,148.018,10.0808,10.85296,1.75199,0.87923,20.235,926.34,5.7905,4129.91,3.653,1449.28,16289.0,87.068,33.57,57.457,1.3307,3.8451,367.11,22.987,18.1973,36.4861
2025-03-08,,1.58604,,0.77399,,,,1.75285,,,,,,,,,,,,,,,,,
2025-03-09,,1.58665,,0.77429,,,,1.75141,,,,,,,,,,,,,,,,,
2025-03-10,0.9226,1.59304,1.4432,0.77657,147.151,10.11855,10.7493,1.7555,0.88023,20.354,937.58,5.855,4173.47,3.6688,1456.74,16334.0,87.25,33.84,57.453,1.33333,3.8687,369.3,23.067,18.3195,36.56143
2025-03-11,0.9162,1.58912,1.44302,0.77262,147.708,10.01253,10.6414,1.75064,0.88246,20.248,933.13,5.8095,4130.05,3.6617,1451.0,16399.0,87.156,33.6,57.199,1.33021,3.8419,367.13,22.884,18.1871,36.5636
2025-03-12,0.9182,1.58258,1.4365,0.77158,148.197,10.0817,10.62716,1.74548,0.88152,20.158,936.46,5.7979,4104.9,3.6608,1452.0,16439.0,87.113,33.73,57.392,1.33284,3.8452,366.5,22.948,18.3361,36.5831
2025-03-13,0.9211,1.5919,1.444,0.77227,147.73,10.18678,10.67065,1.75519,0.88163,20.072,933.88,5.7991,4127.47,3.6618,1452.39,16419.0,86.878,33.62,57.341,1.33564,3.8511,368.04,23.042,18.2894,36.6786
2025-03-14,0.919,1.58153,1.4369,0.77328,148.61,10.131,10.6352,1.74095,0.88466,19.911,928.66,5.7452,4098.85,3.6558,1450.6,16344.0,86.921,33.48,57.25,1.3334,3.8359,366.65,22.973,18.1759,36.44957
2025-03-15,,1.58153,,0.77328,,,,1.74095,,,,,,,,,,,,,,,,,
2025-03-16,,1.5811,,0.77351,,,,1.74064,,,,,,,,,,,,,,,,,
2025-03-17,0.9153,1.56681,1.4287,0.77004,149.134,10.08167,10.53753,1.71945,0.8801,19.921,920.75,5.687,4069.57,3.72,1442.66,16395.0,86.651,33.57,57.288,1.32973,3.8273,363.87,22.933,18.0712,36.62201
2025-03-18,0.9134,1.57265,1.42995,0.76915,149.23,10.0326,10.54895,1.71987,0.87652,19.916,916.62,5.6674,4116.64,3.63,1448.66,16419.0,86.479,33.53,57.28,1.33013,3.81533,363.05,22.851,18.0402,36.6579
2025-03-19,0.9168,1.57324,1.43178,0.76905,148.798,10.0915,10.5506,1.71886,0.8771,20.04719,914.8,5.649,4147.77,3.6146,1460.75,16519.0,86.277,33.59,57.21,1.32984,3.8367,365.05,22.885,18.0746,37.9948
2025-03-20,0.9209,1.58786,1.43224,0.77111,148.759,10.12155,10.5415,1.73816,0.8812,20.138,926.2,5.6752,4168.47,3.62,1465.89,16470.0,86.3,33.7,57.19,1.33522,3.8591,367.2,23.012,18.1265,37.945
2025-03-21,0.9241,1.59515,1.4349,0.77453,149.275,10.1281,10.5318,1.7449,0.8825,20.223,928.46,5.7341,4141.9,3.633,1463.0,16495.0,85.969,33.74,57.324,1.3356,3.8718,367.2,23.092,18.2,37.78
2025-03-22,,1.59515,,0.77411,,,,1.7449,,,,,,,,,,,,,,,,,
2025-03-23,,1.59436,,0.77506,,,,1.74398,,,,,,,,,,,,,,,,,
2025-03-24,0.9257,1.59236,1.43163,0.77395,150.663,10.09197,10.52116,1.74673,0.88263,20.0495,927.84,5.7516,4138.0,3.6478,1466.75,16549.0,85.532,33.94,57.347,1.3383,3.8633,369.07,23.0587,18.2025,37.983
2025-03-25,0.9264,1.58665,1.42798,0.7725,149.87,10.02742,10.50692,1.74462,0.88234,20.039,920.55,5.6994,4097.97,3.6291,1462.96,16589.0,85.563,33.7,57.562,1.33564,3.8516,369.43,23.041,18.2256,37.97339
2025-03-26,0.9307,1.58965,1.4299,0.77673,150.503,10.05232,10.55989,1.74709,0.8842,20.24,924.97,5.7346,4127.58,3.6296,1465.67,16574.0,85.603,33.85,57.768,1.3405,3.89408,372.7,23.16,18.2314,37.8869
2025-03-27,0.9257,1.58745,1.43049,0.77213,151.02,9.98319,10.47457,1.74362,0.88149,20.275,933.13,5.751,4169.85,3.6387,1461.87,16554.0,85.62,33.71,57.406,1.33893,3.8724,371.68,23.088,18.2176,37.9942
2025-03-28,0.9233,1.59058,1.4317,0.77292,149.83,9.9986,10.4575,1.75039,0.88026,20.344,950.43,5.7587,4198.97,3.6568,1469.73,16554.0,85.514,33.87,57.36,1.3424,3.8549,371.34,22.994,18.4136,37.8759
2025-03-29,,1.59058,,0.77292,,,,1.75039,,,,,,,,,,,,,,,,,
2025-03-30,,1.59258,,0.77349,,,,1.75313,,,,,,,,,,,,,,,,,
2025-03-31,0.924,1.60126,1.43847,0.77426,149.919,10.02317,10.49322,1.76125,0.8838,20.445,947.88,5.6999,4169.47,3.6715,1472.03,16554.0,85.42,33.93,57.251,1.3425,3.86439,371.93,23.0187,18.3047,37.917
2025-04-01,0.9261,1.5936,1.4297,0.77394,149.63,10.00384,10.45371,1.75451,0.88272,20.33,944.71,5.6815,4143.47,3.6691,1469.94,16554.0,85.533,34.14,57.216,1.34291,3.8724,372.17,23.085,18.4455,37.9266
2025-04-02,0.9231,1.59755,1.4253,0.76943,148.686,9.89496,10.41588,1.74969,0.88197,20.20626,954.8,5.6652,4147.47,3.6697,1466.02,16554.0,85.424,34.34,57.192,1.3485,3.856,369.42,23.018,18.9211,37.8944
2025-04-03,0.9047,1.5809,1.4088,0.76342,145.934,9.75042,10.31708,1.72792,0.85813,19.939,949.33,5.6204,4154.7,3.6668,1450.64,16554.0,85.227,34.18,57.0,1.3334,3.8165,364.52,22.655,18.7237,37.98784
2025-04-04,0.9122,1.65535,1.4218,0.7757,146.935,9.9777,10.736,1.78731,0.85994,20.413,979.48,5.8443,4277.97,3.676,1458.49,16554.0,85.482,34.35,57.4,1.3455,3.8861,370.23,23.009,19.0873,37.9907
2025-04-05,,1.65535,,0.7758,,,,1.78731,,,,,,,,,,,,,,,,,
2025-04-06,,1.66583,,0.77888,,,,1.79408,,,,,,,,,,,,,,,,,
2025-04-07,0.9161,1.67001,1.42402,0.78619,147.705,10.06021,10.96518,1.80427,0.85868,20.688,988.85,5.911,4382.93,3.7141,1469.92,16554.0,85.816,34.67,57.357,1.3516,3.935,373.56,23.123,19.6021,37.9754
2025-04-08,0.9125,1.68121,1.42593,0.78352,146.283,10.0076,10.93832,1.80914,0.8462,20.843,1000.93,6.0148,4421.47,3.7437,1486.1,16859.0,86.22,34.85,57.547,1.35364,3.894,371.89,22.951,19.7049,37.9794
2025-04-09,0.9129,1.62594,1.40887,0.78018,147.368,9.96708,10.7542,1.77229,0.85646,20.243,980.18,5.8187,4297.97,3.7148,1445.78,16859.0,86.616,34.19,57.281,1.34064,3.866,368.54,22.824,19.3094,37.93197
2025-04-10,0.8925,1.60694,1.39772,0.77127,144.476,9.85177,10.7993,1.74344,0.82398,20.428,986.98,5.8853,4331.13,3.729,1452.0,16795.0,86.17,33.83,57.308,1.33028,3.801,363.88,22.386,19.4559,37.9965
2025-04-11,0.88,1.59084,1.3864,0.76423,143.49,9.7616,10.6492,1.71703,0.81487,20.313,970.26,5.8658,4276.27,3.7261,1418.62,16789.0,86.16,33.504,57.231,1.3186,3.7696,360.52,22.058,19.1195,38.05427
2025-04-12,,1.59084,,,,,,1.71703,,,,,,,,,,,,,,,,,
2025-04-13,,1.58748,,0.76405,,,,1.71494,,,,,,,,,,,,,,,,,
2025-04-14,0.8801,1.58258,1.3874,0.75859,142.963,9.75587,10.53665,1.70433,0.81366,20.082,966.26,5.8546,4286.97,3.7267,1419.29,16769.0,86.003,33.4,57.058,1.31507,3.7678,360.91,22.069,18.886,38.0069
2025-04-15,0.8861,1.57893,1.3959,0.7563,143.169,9.8623,10.63217,1.69782,0.82253,20.085,969.78,5.8864,4348.47,3.7398,1426.99,16809.0,85.663,33.53,56.712,1.31834,3.8014,361.48,22.211,19.0193,38.09577
2025-04-16,0.8771,1.57011,1.3858,0.7552,141.717,9.75247,10.55285,1.68583,0.81289,19.917,965.8,5.8562,4300.43,3.719,1414.2,16819.0,85.567,33.11,56.628,1.30967,3.7507,357.29,21.937,18.8081,38.1167
2025-04-17,0.8792,1.56615,1.384,0.75398,142.43,9.61636,10.4603,1.67726,0.8186,19.7005,965.29,5.801,4308.97,3.7318,1417.4,16819.0,85.36,33.292,56.7,1.3099,3.7573,358.71,22.03,18.7952,38.0026
2025-04-18,0.8775,1.56838,1.3846,0.75222,142.15,9.6097,10.48286,1.68413,0.81561,19.6444,965.29,5.8067,4304.66,3.7317,1423.61,16819.0,85.409,33.35,56.706,1.3107,3.7472,357.74,21.946,18.8117,38.1743
2025-04-19,,1.56838,,0.75222,,,,,,,,,,,,,,,,,,,,,
2025-04-20,,1.56845,,0.75276,,,,1.68671,,,,,,,,,,,,,,,,,
2025-04-21,0.8684,1.56001,1.38382,0.7476,140.808,9.51766,10.36402,1.66884,0.80773,19.7435,960.89,5.7807,4279.52,3.6989,1421.62,16799.0,85.15,33.059,56.603,1.30409,3.7041,353.79,21.708,18.7275,38.1937
2025-04-22,0.8794,1.57023,1.38276,0.75245,142.551,9.6121,10.43438,1.67799,0.82349,19.603,941.53,5.721,4291.47,3.6967,1429.19,16849.0,85.14,33.344,56.618,1.3113,3.7688,359.08,22.03,18.5767,38.25727
2025-04-23,0.8829,1.57228,1.3883,0.75411,143.124,9.6826,10.56481,1.68214,0.82905,19.602,939.9,5.7111,4305.31,3.6888,1426.4,16859.0,85.324,33.497,56.518,1.3161,3.7757,360.41,22.049,18.6275,38.30148
2025-04-24,0.8779,1.56133,1.3845,0.74996,142.676,9.5772,10.3967,1.66948,0.82617,19.575,931.5,5.6815,4254.47,3.6707,1430.03,16864.0,85.285,33.41,56.377,1.3104,3.7458,356.57,21.874,18.7762,38.4052
2025-04-25,0.8796,1.56421,1.3853,0.75109,143.623,9.66801,10.4141,1.67813,0.82709,19.498,934.25,5.6888,4217.47,3.6682,1437.35,16824.0,85.36,33.51,56.18,1.3151,3.7539,356.71,21.931,18.6724,38.3947
2025-04-26,,1.56421,,0.75109,,,,1.67813,,,,,,,,,,,,,,,,,
2025-04-27,,1.56226,,0.75154,,,,1.67757,,,,,,,,,,,,,,,,,
2025-04-28,0.8752,1.55569,1.38307,0.74436,142.065,9.57218,10.33939,1.67333,0.8195,19.571,943.0,5.6537,4209.97,3.6622,1435.84,16849.0,85.115,33.32,56.404,1.30865,3.7344,353.72,21.821,18.5113,38.4149
2025-04-29,0.8778,1.56637,1.38255,0.74603,142.264,9.62,10.36204,1.68677,0.82329,19.56041,943.88,5.6326,4184.2,3.666,1431.13,16754.0,85.1,33.4,56.047,1.3077,3.7449,354.69,21.854,18.5302,38.50908
2025-04-30,0.8823,1.56252,1.3792,0.75055,142.95,9.658,10.39622,1.68532,0.82518,19.59328,945.78,5.6632,4252.47,3.657,1423.72,16594.0,84.549,33.349,55.771,1.30583,3.7717,356.86,21.974,18.5735,38.4814
2025-05-01,0.8854,1.5671,1.385,0.75352,145.281,9.74144,10.42463,1.69362,0.82969,19.595,946.78,5.6632,4252.47,3.6623,1435.08,16594.0,84.56,33.5,55.871,1.31178,3.7888,357.93,22.048,18.5657,38.5529
2025-05-02,0.8847,1.55267,1.38139,0.75392,144.918,9.65602,10.40417,1.68257,0.82631,19.56975,946.78,5.6571,4245.25,3.6487,1397.89,16429.0,84.479,32.995,55.65,1.2969,3.7779,357.79,22.026,18.3789,38.56748
2025-05-04,,1.55222,,0.7539,,,,1.68299,,,,,,,,,,,,,,,,,
2025-05-05,0.8832,1.54772,1.38205,0.75253,143.7,9.64441,10.36225,1.67673,0.8223,19.683,940.57,5.6878,4293.97,3.6608,1374.34,16429.0,84.255,32.799,55.648,1.28866,3.7671,356.12,21.991,18.2595,38.54195
2025-05-06,0.879,1.54112,1.3767,0.74788,142.416,9.55331,10.25464,1.66522,0.8215,19.658,937.71,5.7141,4300.47,3.6527,1374.76,16445.0,84.32,32.59,55.403,1.28805,3.75532,355.24,21.915,18.1956,38.6321
2025-05-07,0.8836,1.5562,1.3838,0.75228,143.763,9.6514,10.33396,1.6839,0.82264,19.58255,944.05,5.7472,4281.16,3.6438,1397.36,16529.0,84.667,32.839,55.448,1.29312,3.7752,357.16,21.999,18.235,38.63078
2025-05-08,0.8906,1.56282,1.3921,0.75488,145.91,9.71961,10.4251,1.69483,0.83039,19.52052,934.02,5.6777,4246.06,3.6281,1403.84,16489.0,85.488,32.899,55.625,1.29984,3.7869,360.89,22.142,18.1481,38.713
2025-05-09,0.8889,1.55982,1.3937,0.75201,145.323,9.6895,10.35592,1.69319,0.83091,19.433,935.25,5.6493,4217.25,3.6518,1395.56,16509.0,85.359,32.93,55.372,1.2975,3.75902,358.809,22.15,18.18785,38.7319
2025-05-10,,1.55982,,,,,,1.69319,,,,,,,,,,,,,,,,,
2025-05-11,,1.5572,,0.75364,,,,1.68976,,,,,,,,,,,,,,,,,
2025-05-12,0.9014,1.57015,1.39764,0.75932,148.35,9.8032,10.45113,1.70765,0.84527,19.62292,945.95,5.6915,4222.98,3.6517,1416.01,16509.0,84.842,33.319,55.786,1.3059,3.8212,365.19,22.497,18.2565,38.78622
2025-05-13,0.8935,1.54631,1.39358,0.75161,147.453,9.71406,10.34974,1.68529,0.83883,19.3865,939.0,5.5961,4217.2,3.6642,1415.98,16510.0,85.25,33.21,55.758,1.3011,3.7845,360.76,22.246,18.3212,38.7837
2025-05-14,0.8944,1.55574,1.39701,0.75427,146.63,9.74206,10.36576,1.69575,0.8415,19.375,941.51,5.6194,4177.63,3.6727,1407.3,16545.0,85.38,33.159,55.861,1.30174,3.7816,360.42,22.283,18.2467,38.7379
2025-05-15,0.8934,1.56165,1.3959,0.75189,145.592,9.7156,10.4059,1.703,0.83573,19.47648,937.83,5.6817,4202.47,3.6808,1396.98,16509.0,85.496,33.179,55.786,1.2974,3.7917,359.7,22.264,18.0388,38.8213
2025-05-16,0.8955,1.5625,1.3965,0.75316,145.581,9.76801,10.37237,1.70039,0.8375,19.451,943.63,5.6677,4170.5,3.6862,1398.1,16434.0,85.552,33.23,55.798,1.2994,3.82,360.5,22.284,18.0312,38.8527
2025-05-17,,1.5625,,0.75347,,,,1.70039,,,,,,,,,,,,,,,,,
2025-05-18,,1.56177,,0.75337,,,,1.70222,,,,,,,,,,,,,,,,,
2025-05-19,0.8891,1.54878,1.3937,0.74843,144.854,9.68149,10.29835,1.68762,0.83407,19.315,937.19,5.6457,4169.47,3.6898,1388.53,16424.0,85.345,33.11,55.782,1.29514,3.7754,357.68,22.105,18.0746,38.74538
2025-05-20,0.886,1.55766,1.39148,0.74711,144.474,9.6352,10.24753,1.68919,0.82816,19.26,943.75,5.6622,4167.46,3.6857,1392.7,16409.0,85.51,32.86,55.639,1.2945,3.7525,356.38,22.04,17.92114,38.7961
2025-05-21,0.8825,1.55432,1.3856,0.74539,143.648,9.57497,10.16872,1.68512,0.82428,19.367,943.2,5.6451,4175.58,3.6776,1373.84,16390.0,85.57,32.71,55.65,1.28852,3.7398,355.34,21.94,17.95551,38.7671
2025-05-22,0.886,1.56035,1.38579,0.74529,144.029,9.63367,10.1934,1.69655,0.82815,19.31306,942.72,5.7172,4179.47,3.6573,1381.28,16324.0,85.948,32.81,55.739,1.29279,3.76303,357.1,22.05,18.00216,39.00828
2025-05-23,0.8796,1.53988,1.3737,0.73886,142.55,9.53316,10.09686,1.67107,0.8204,19.1944,939.64,5.6463,4146.9,3.6558,1364.69,16214.0,85.151,32.45,55.351,1.2837,3.7386,355.26,21.824,17.8584,39.0203
2025-05-24,,1.53988,,,,,,,,,,,,,,,,,,,,,,,
2025-05-25,,1.54107,,0.73946,,,,1.67137,,,,,,,,,,,,,,,,,
2025-05-26,0.8781,1.54169,1.37315,0.73738,142.74,9.5094,10.09136,1.66867,0.82001,19.24,939.75,5.6718,4147.47,3.6568,1368.05,16234.0,85.04,32.58,55.374,1.28384,3.72438,354.01,21.834,17.8446,38.96108
2025-05-27,0.8822,1.55195,1.38076,0.74022,144.263,9.61026,10.14828,1.68163,0.82645,19.26163,936.93,5.6412,4109.01,3.6498,1372.81,16269.0,85.326,32.744,55.488,1.2884,3.7451,356.07,21.959,17.92714,39.0304
2025-05-28,0.885,1.55715,1.38321,0.74261,144.791,9.64537,10.17165,1.67636,0.82667,19.3947,939.83,5.6887,4121.75,3.6397,1373.58,16284.0,85.367,32.68,55.451,1.28931,3.75033,357.21,22.046,17.9272,39.06165
2025-05-29,0.8793,1.55231,1.3807,0.74128,144.12,9.54569,10.11469,1.67541,0.82174,19.315,935.87,5.6663,4121.0,3.6211,1370.28,16296.0,85.367,32.54,55.641,1.2868,3.72599,354.97,21.895,17.79265,39.20482
2025-05-30,0.881,1.55497,1.374,0.74342,144.021,9.5785,10.2049,1.67842,0.82176,19.411,944.78,5.7302,4156.13,3.6169,1381.97,16295.0,85.477,32.8,55.776,1.2907,3.7412,355.53,21.942,17.9922,39.2048
2025-05-31,,1.55497,,,,,,1.67842,,,,,,,,,,,,,,,,,
2025-06-01,,1.55473,,0.74338,,,,1.6756,,,,,,,,,,,,,,,,,
2025-06-02,0.8738,1.54126,1.3711,0.7386,142.671,9.52157,10.06882,1.65802,0.8169,19.194,938.4,5.6737,4152.01,3.6197,1376.04,16292.0,85.308,32.494,55.605,1.28523,3.7167,351.99,21.723,17.8686,39.1377
2025-06-03,0.8787,1.54724,1.3718,0.73995,143.941,9.61276,10.14804,1.66778,0.82324,19.23,940.53,5.6352,4106.79,3.6228,1377.69,16292.0,85.661,32.504,55.64,1.28885,3.7501,354.65,21.852,17.854,39.11656
2025-06-04,0.8756,1.54143,1.36711,0.73825,142.734,9.5688,10.10429,1.66047,0.81779,19.19241,937.8,5.6364,4108.47,3.6128,1361.02,16300.0,85.831,32.519,55.712,1.28615,3.7438,353.06,21.716,17.8292,39.25007
2025-06-05,0.8737,1.53815,1.36731,0.73666,143.5,9.55621,10.06345,1.65788,0.81869,19.148,929.65,5.5845,4114.47,3.6222,1354.52,16272.0,85.8,32.61,55.635,1.2852,3.73911,351.88,21.651,17.72029,39.28096
2025-06-06,0.8775,1.54059,1.369,0.73959,144.85,9.6321,10.0983,1.66279,0.8215,19.098,934.19,5.5587,4109.18,3.6463,1359.18,16273.0,85.758,32.76,55.786,1.2891,3.7602,353.81,21.72,17.7788,39.2141
2025-06-09,0.8754,1.53492,1.3697,0.73817,144.58,9.5885,10.0472,1.65453,0.8215,19.0378,936.6,5.5584,4137.51,3.633,1354.04,16272.0,85.65,32.65,55.74,1.2859,3.7368,351.46,21.688,17.7193,39.2736
2025-06-10,0.8751,1.53398,1.3669,0.74107,144.83,9.5892,10.0976,1.65235,0.8224,19.056,940.1,5.5739,4204.5,3.6304,1365.94,16265.0,85.569,32.63,55.74,1.2863,3.7223,350.63,21.65,17.6927,39.1457
2025-06-11,0.8705,1.53893,1.3672,0.73833,144.54,9.5509,10.0429,1.6592,0.8202,18.9059,933.75,5.536,4176.6,3.622,1369.79,16250.0,85.44,32.58,55.78,1.2839,3.6994,347.93,21.543,17.7252,39.1473
2025-06-12,0.863,1.53116,1.3602,0.73481,143.47,9.4451,9.9347,1.64772,0.8102,18.867,929.8,5.537,4152.19,3.608,1354.91,16230.0,85.553,32.36,55.68,1.2785,3.6799,346.41,21.371,17.8013,39.3244
2025-06-13,0.8656,1.54178,1.3584,0.73725,144.09,9.4751,9.8522,1.66445,0.8111,18.947,936.1,5.5434,4121.38,3.619,1366.61,16290.0,86.081,32.37,56.191,1.2812,3.6939,348.31,21.486,17.9263,39.4093
2025-06-16,0.8648,1.53351,1.357,0.7367,144.72,9.4846,9.914,1.64989,0.8139,18.917,935.0,5.4912,4100.5,3.5978,1359.04,16260.0,85.818,32.41,56.286,1.2798,3.6929,347.84,21.425,17.8086,39.3128
2025-06-17,0.8709,1.54464,1.368,0.74493,145.25,9.5442,9.9324,1.66306,0.8161,19.0,943.71,5.4992,4096.0,3.6064,1381.26,16275.0,86.29,32.57,56.256,1.2857,3.7224,351.6,21.607,18.0168,39.4622
2025-06-18,0.8709,1.53681,1.3695,0.74527,145.1,9.6428,9.9674,1.6592,0.8188,18.996,941.84,5.4909,4067.5,3.594,1375.7,16295.0,86.42,32.65,57.04,1.285,3.7209,350.75,21.594,17.9763,39.3921
2025-06-19,0.8699,1.54297,1.3699,0.74261,145.45,9.6241,10.0157,1.66917,0.8165,19.026,939.65,5.491,4080.25,3.589,1376.44,16390.0,86.813,32.75,57.214,1.2862,3.7154,350.4,21.531,18.0157,39.6182
2025-06-20,0.8678,1.55039,1.3733,0.74355,146.07,9.6474,10.0712,1.67785,0.8174,19.1544,939.65,5.5127,4074.0,3.6,1372.84,16380.0,86.56,32.79,57.13,1.2874,3.6991,349.22,21.514,18.01,39.6368
2025-06-23,0.8637,1.54823,1.3731,0.73954,146.14,9.5918,10.072,1.67336,0.8124,19.1074,946.9,5.4957,4083.0,3.59,1370.68,16480.0,86.56,32.72,57.593,1.2842,3.6881,347.71,21.418,17.8614,39.6103
2025-06-24,0.8613,1.54178,1.3725,0.73454,144.91,9.5211,10.1075,1.665,0.8053,18.984,936.0,5.5106,4069.0,3.578,1358.64,16345.0,85.916,32.63,57.18,1.2794,3.6612,345.63,21.324,17.7514,39.5
2025-06-25,0.8576,1.53563,1.3725,0.7319,145.25,9.4682,10.1227,1.65618,0.8046,18.921,935.34,5.5629,4052.0,3.571,1359.03,16285.0,86.03,32.49,56.674,1.2777,3.642,343.45,21.201,17.7443,39.7173
2025-06-26,0.8546,1.52812,1.364,0.72849,144.37,9.4934,10.0695,1.65098,0.8,18.883,931.35,5.4885,4049.17,3.548,1357.57,16199.0,85.63,32.37,56.569,1.2738,3.6223,341.49,21.142,17.8295,39.7398
2025-06-27,0.8532,1.53139,1.3681,0.72918,144.65,9.4644,10.0511,1.65125,0.7989,18.813,939.56,5.4846,4082.5,3.549,1364.33,16229.0,85.44,32.46,56.543,1.2756,3.6155,340.18,21.086,17.797,39.8677
2025-06-30,0.8482,1.51976,1.3607,0.72817,144.01,9.4411,10.0464,1.64069,0.793,18.739,931.49,5.4321,4088.0,3.541,1352.45,16230.0,85.69,32.41,56.275,1.2711,3.599,338.54,20.96,17.745,39.7825
2025-07-01,0.8469,1.51976,1.3642,0.72754,143.43,9.4701,10.0528,1.64015,0.791,18.723,928.0,5.458,4023.5,3.56,1356.17,16185.0,85.62,32.43,56.3,1.2725,3.5969,337.98,20.885,17.5901,39.7954
2025-07-02,0.8475,1.51906,1.3585,0.73335,143.67,9.5109,10.0562,1.64231,0.7919,18.797,926.33,5.4235,3986.5,3.5475,1355.94,16235.0,85.62,32.26,56.328,1.2728,3.612,338.9,20.868,17.5606,39.7499
2025-07-03,0.8505,1.5223,1.3581,0.73249,144.92,9.5826,10.0338,1.64745,0.7948,18.614,928.34,5.4082,3987.5,3.544,1363.25,16185.0,85.405,32.4,56.344,1.2751,3.6061,339.01,20.927,17.5064,39.7971
2025-07-04,0.8489,1.52672,1.3603,0.73249,144.55,9.5435,10.0586,1.64989,0.7939,18.597,929.0,5.4207,3999.3,3.547,1362.29,16180.0,85.469,32.3,56.417,1.274,3.5973,338.67,20.91,17.57,39.8446
2025-07-07,0.854,1.54131,1.3682,0.73535,146.02,9.5261,10.1279,1.66833,0.7984,18.659,942.71,5.4872,4046.0,3.563,1375.21,16225.0,85.75,32.61,56.569,1.2793,3.6276,341.43,21.025,17.8563,39.9589
2025-07-08,0.8528,1.53139,1.3659,0.73611,146.55,9.5069,10.0864,1.66722,0.796,18.6,940.96,5.4466,4042.5,3.5415,1369.81,16200.0,85.75,32.55,56.551,1.2787,3.6184,341.15,21.005,17.7872,40.04
2025-07-09,0.8531,1.53022,1.3685,0.73605,146.31,9.503,10.0852,1.66694,0.794,18.6279,949.4,5.5757,4017.5,3.549,1373.77,16240.0,85.67,32.61,56.611,1.2801,3.6166,340.5,21.007,17.8215,39.8594
2025-07-10,0.8546,1.51814,1.3654,0.73676,146.25,9.4894,10.0642,1.657,0.7969,18.605,950.05,5.5313,4009.5,3.545,1371.37,16215.0,85.721,32.6,56.479,1.2795,3.6321,340.46,21.04,17.7332,40.0429
2025-07-11,0.8554,1.52022,1.3688,0.7408,147.4,9.5438,10.098,1.66417,0.7964,18.624,955.98,5.5584,3995.5,3.5525,1378.95,16205.0,85.8,32.39,56.498,1.2799,3.6419,341.62,21.083,17.9225,40.1581
2025-07-14,0.8572,1.52835,1.3703,0.74477,147.7,9.6015,10.127,1.67448,0.7976,18.739,967.0,5.5888,3995.69,3.5657,1382.3,16240.0,85.989,32.46,56.674,1.2816,3.6441,342.57,21.118,17.895,40.1685
2025-07-15,0.8618,1.53563,1.3722,0.74744,148.86,9.7198,10.2474,1.68209,0.8015,18.82,966.14,5.5566,4028.5,3.56,1386.11,16255.0,85.963,32.54,56.76,1.2852,3.6739,345.07,21.248,17.9235,39.98
2025-07-16,0.8594,1.53233,1.3682,0.7451,147.86,9.7052,10.2264,1.6818,0.8003,18.7032,966.44,5.5683,4010.03,3.545,1386.65,16265.0,85.87,32.44,56.98,1.2827,3.6495,342.93,21.141,17.8029,40.2498
2025-07-17,0.8623,1.54154,1.3749,0.74543,148.6,9.7434,10.2944,1.68606,0.8044,18.755,962.6,5.5436,4021.1,3.5595,1391.54,16325.0,86.02,32.48,57.2,1.2855,3.6684,343.87,21.235,17.8279,40.0481
2025-07-18,0.8601,1.53657,1.3721,0.74605,148.81,9.6426,10.1576,1.67729,0.8013,18.731,962.53,5.5785,4025.5,3.565,1390.81,16285.0,86.145,32.33,57.0,1.2849,3.6472,342.88,21.18,17.7102,40.3613
2025-07-21,0.855,1.53304,1.3679,0.7414,147.38,9.5745,10.1541,1.6756,0.7979,18.6656,953.7,5.5666,4045.49,3.5593,1382.58,16305.0,86.18,32.21,57.04,1.2799,3.6251,340.99,21.026,17.61,40.3795
2025-07-22,0.8506,1.52579,1.3602,0.73921,146.63,9.5065,10.067,1.66667,0.7921,18.644,948.9,5.5649,4058.75,3.5544,1380.62,16305.0,86.294,32.16,56.944,1.2782,3.6152,339.25,20.929,17.548,40.3643
2025-07-23,0.8493,1.51492,1.3594,0.73638,146.49,9.4963,10.0965,1.65426,0.7921,18.537,948.4,5.5199,4033.6,3.5538,1374.59,16285.0,86.37,32.15,56.78,1.2766,3.6077,338.28,20.839,17.545,40.4435
2025-07-24,0.8511,1.51768,1.3637,0.74025,147.0,9.528,10.1237,1.6592,0.7952,18.543,949.9,5.521,4070.84,3.5412,1372.61,16280.0,86.37,32.23,56.759,1.2772,3.6202,337.91,20.866,17.6222,40.6593
2025-07-25,0.8515,1.52323,1.3699,0.74438,147.66,9.5035,10.1475,1.66279,0.7948,18.521,963.3,5.5628,4135.5,3.544,1383.3,16310.0,86.475,32.34,57.135,1.2809,3.6138,337.63,20.904,17.7563,40.5589
2025-07-28,0.8628,1.53398,1.3735,0.74878,148.53,9.5976,10.19,1.67532,0.8035,18.745,967.6,5.5883,4177.3,3.543,1389.42,16335.0,86.669,32.49,57.136,1.2864,3.6746,342.97,21.194,17.8607,40.5467
2025-07-29,0.866,1.53633,1.377,0.74918,148.44,9.6506,10.1813,1.67926,0.8057,18.746,970.88,5.5742,4133.8,3.55,1388.09,16390.0,87.081,32.35,57.295,1.2877,3.702,345.99,21.288,17.8675,40.5591
2025-07-30,0.8767,1.55473,1.3828,0.75557,149.5,9.7905,10.311,1.69722,0.8146,18.8706,979.88,5.5691,4187.5,3.5686,1392.85,16385.0,87.662,32.71,57.83,1.2966,3.7456,350.77,21.549,17.9936,40.5557
2025-07-31,0.876,1.55618,1.3852,0.75729,150.74,9.7762,10.3224,1.69751,0.8122,18.8709,971.88,5.6008,4177.5,3.591,1392.07,16450.0,87.496,32.74,58.221,1.298,3.7438,350.11,21.503,18.2017,40.5901
2025-08-01,0.863,1.5444,1.3785,0.75313,147.36,9.6365,10.1751,1.69033,0.8038,18.8531,969.11,5.5413,4122.53,3.58,1388.78,16485.0,87.23,32.45,57.709,1.2884,3.679,343.36,21.183,18.0501,40.615
2025-08-04,0.8642,1.54631,1.3777,0.75284,147.08,9.6518,10.2655,1.69291,0.8082,18.8948,965.15,5.498,4098.07,3.5644,1385.33,16385.0,87.67,32.35,57.316,1.2877,3.6913,344.69,21.209,17.9325,40.6249
2025-08-05,0.8638,1.5456,1.3772,0.75194,147.6,9.669,10.2402,1.69463,0.8077,18.7356,966.05,5.507,4087.0,3.554,1386.63,16375.0,87.802,32.34,57.51,1.2873,3.6975,343.84,21.229,17.9026,40.6341
2025-08-06,0.8576,1.53822,1.374,0.74878,147.35,9.5998,10.1707,1.68691,0.8065,18.606,974.8,5.4625,4049.5,3.554,1384.49,16355.0,87.7,32.31,57.32,1.2849,3.662,341.27,21.052,17.76,40.6359
2025-08-07,0.8572,1.53304,1.3743,0.74399,147.1,9.55,10.2228,1.67813,0.8064,18.605,967.6,5.4231,4046.0,3.538,1383.53,16285.0,87.418,32.31,57.092,1.2829,3.6455,339.81,20.944,17.7275,40.5729
2025-08-08,0.859,1.5328,1.3757,0.74355,147.72,9.5626,10.2596,1.6787,0.808,18.565,967.8,5.4333,4041.5,3.521,1388.69,16285.0,87.461,32.27,56.859,1.2849,3.6428,339.25,20.962,17.7414,40.6478
2025-08-11,0.8608,1.53563,1.3778,0.74471,148.14,9.631,10.2221,1.68435,0.8124,18.647,969.34,5.4419,4032.5,3.5325,1390.61,16265.0,87.65,32.45,57.063,1.2866,3.6631,340.56,21.04,17.7324,40.5448
2025-08-12,0.8566,1.53233,1.3772,0.74101,147.83,9.5411,10.2054,1.67926,0.8062,18.596,954.0,5.389,4014.5,3.528,1384.02,16280.0,87.586,32.39,56.886,1.2832,3.6422,338.45,20.943,17.5844,40.7028
2025-08-13,0.8541,1.52835,1.3759,0.73665,147.38,9.5395,10.185,1.67392,0.805,18.6242,951.45,5.3986,4028.63,3.5405,1379.64,16190.0,87.43,32.28,56.574,1.28,3.6295,337.38,20.857,17.5176,40.749
2025-08-14,0.8584,1.54036,1.3816,0.73904,147.76,9.5759,10.2165,1.69033,0.8074,18.788,965.01,5.4155,4058.49,3.5624,1388.64,16106.0,87.671,32.47,57.02,1.2844,3.6594,339.17,21.009,17.578,40.765
2025-08-15,0.8548,1.53751,1.3819,0.73795,147.18,9.5573,10.1754,1.68948,0.8063,18.723,962.08,5.4005,4015.5,3.5575,1388.66,16155.0,87.508,32.41,57.006,1.2827,3.6342,337.58,20.88,17.61,40.798
2025-08-18,0.8575,1.54059,1.3802,0.74063,147.86,9.5557,10.1872,1.68862,0.8073,18.775,963.92,5.4363,4014.45,3.5425,1388.76,,87.291,32.51,56.961,1.2843,3.6417,338.47,20.956,17.6185,40.8658
2025-08-19,0.8585,1.54967,1.3864,0.74129,147.66,9.5915,10.2741,1.69722,0.8074,18.802,963.03,5.5036,4029.5,3.493,1392.98,16235.0,87.04,32.54,57.185,1.2849,3.6414,337.83,20.981,17.6644,40.8685
2025-08-20,0.8582,1.55448,1.3873,0.74311,147.32,9.587,10.2281,1.71762,0.8038,18.7422,966.33,5.4824,4023.0,3.4857,1397.6,16265.0,86.998,32.52,57.07,1.2851,3.6441,338.56,21.0,17.659,40.9146
2025-08-21,0.8615,1.55787,1.391,0.74566,148.37,9.6179,10.1703,1.7194,0.8085,18.735,970.18,5.4707,4036.65,3.5146,1401.06,16280.0,87.267,32.59,57.129,1.2882,3.6655,341.4,21.151,17.7078,40.9155
2025-08-22,0.8534,1.54131,1.3826,0.73954,146.93,9.4863,10.0558,1.70445,0.8013,18.581,957.4,5.4217,4014.5,3.4876,1383.82,16335.0,87.326,32.37,56.401,1.2811,3.6351,336.94,20.907,17.4316,40.9307
2025-08-25,0.8607,1.54321,1.3859,0.74327,147.77,9.5813,10.1198,1.71057,0.8058,18.66,963.4,5.4116,4024.6,3.532,1390.13,16250.0,87.586,32.45,56.667,1.2854,3.6647,341.81,21.114,17.5982,40.9729
2025-08-26,0.8589,1.54036,1.3838,0.74184,147.4,9.5522,10.1264,1.70678,0.803,18.652,966.2,5.4307,4042.0,3.5483,1394.79,16290.0,87.612,32.44,56.908,1.2846,3.6552,340.0,21.026,17.62,41.0164
2025-08-27,0.8591,1.53751,1.3789,0.74091,147.39,9.5273,10.0742,1.70707,0.802,18.657,967.98,5.4173,4030.5,3.549,1393.0,16355.0,87.64,32.43,57.119,1.2858,3.6637,340.0,21.037,17.6782,41.0224
2025-08-28,0.8559,1.53139,1.3748,0.74008,146.92,9.4722,10.0587,1.69952,0.8012,18.648,966.48,5.4125,4015.0,3.5392,1385.29,16340.0,87.561,32.26,56.898,1.2821,3.6486,339.46,20.99,17.6867,40.9945
2025-08-29,0.8556,1.52929,1.3744,0.74058,147.02,9.4395,10.039,1.7001,0.8002,18.641,966.0,5.4299,4007.5,3.5319,1388.81,16485.0,88.144,32.28,57.11,1.2834,3.6435,339.17,20.917,17.6407,41.1005
2025-09-01,0.8538,1.52649,1.375,0.73839,147.17,9.3864,9.9972,1.69434,0.8007,18.6385,967.5,5.4399,4015.23,3.5346,1392.71,16410.0,87.981,32.28,57.137,1.2838,3.6396,337.23,20.834,17.6083,41.0823
2025-09-02,0.8589,1.53398,1.378,0.74677,148.33,9.4456,10.0343,1.70503,0.8041,18.7,973.25,5.4646,3999.5,3.5379,1395.42,16395.0,87.978,32.34,57.372,1.2881,3.6587,339.43,21.007,17.6775,41.1051
2025-09-03,0.8575,1.52812,1.3793,0.74383,148.08,9.4199,10.0396,1.70155,0.8039,18.681,968.68,5.4513,4005.15,3.5318,1390.13,16410.0,88.043,32.26,57.201,1.2873,3.6444,337.38,20.921,17.6566,41.1338
2025-09-04,0.8584,1.53492,1.3818,0.74443,148.48,9.459,10.0797,1.71086,0.8053,18.721,971.8,5.4457,3982.0,3.5251,1393.4,16415.0,88.172,32.27,57.115,1.2896,3.6465,337.02,20.973,17.7654,41.054
2025-09-05,0.8532,1.52579,1.3829,0.74041,147.38,9.3729,10.0283,1.69693,0.7981,18.698,964.75,5.4127,3956.5,3.52,1386.18,,88.163,32.04,56.635,1.2843,3.6218,335.09,20.794,17.5958,41.2056
2025-09-08,0.8499,1.51745,1.38,0.73839,147.51,9.3439,9.9622,1.68379,0.7929,18.6548,970.03,5.4192,3932.5,3.5092,1385.08,16300.0,87.953,31.65,56.646,1.2826,3.6085,334.11,20.677,17.4946,41.2266
2025-09-09,0.854,1.5193,1.3842,0.73943,147.41,9.3787,9.98,1.68776,0.7973,18.631,967.54,5.4394,3921.85,3.4917,1389.03,16470.0,88.219,31.71,56.989,1.2828,3.6253,335.61,20.762,17.5309,41.2396
2025-09-10,0.8549,1.51217,1.3862,0.73915,147.46,9.3409,9.9204,1.68379,0.799,18.591,962.63,5.4084,3923.5,3.4804,1389.07,16455.0,88.034,31.72,57.01,1.2825,3.6432,336.02,20.831,17.4708,41.2528
2025-09-11,0.8522,1.50218,1.3829,0.73681,147.2,9.3011,9.8478,1.67392,0.7957,18.44,950.13,5.3899,3887.5,3.4876,1389.44,16455.0,88.243,31.71,57.067,1.281,3.624,333.5,20.741,17.3563,41.3188
2025-09-12,0.8522,1.50444,1.3839,0.73768,147.66,9.2969,9.8347,1.67926,0.7963,18.406,953.45,5.3545,3898.5,3.4909,1392.7,16375.0,88.272,31.64,57.082,1.2821,3.6233,332.88,20.718,17.3888,41.3345
2025-09-15,0.8502,1.50015,1.3777,0.73551,147.4,9.2711,9.8216,1.67504,0.7944,18.356,951.58,5.3163,3901.5,3.489,1384.99,16405.0,88.097,31.77,57.072,1.2803,3.6099,330.88,20.655,17.3486,41.2815
2025-09-16,0.8425,1.49633,1.3738,0.73276,146.48,9.2262,9.7497,1.67029,0.7857,18.28,947.3,5.2957,3865.5,3.478,1378.66,16435.0,87.856,31.64,56.809,1.2755,3.5786,328.08,20.474,17.3403,41.219
2025-09-17,0.8464,1.50376,1.3773,0.73394,146.97,9.2903,9.8054,1.67701,0.7886,18.2993,951.34,5.3052,3868.51,3.474,1380.12,16425.0,87.725,31.8,56.686,1.2777,3.5991,329.86,20.569,17.3803,41.2489
2025-09-18,0.8482,1.51263,1.3793,0.73779,147.99,9.3465,9.8752,1.70039,0.7921,18.3526,956.5,5.3132,3891.7,3.482,1388.11,16500.0,88.186,31.88,57.132,1.2818,3.6131,330.29,20.585,17.3419,41.272
2025-09-19,0.8513,1.51722,1.378,0.74261,147.94,9.4001,9.9267,1.70736,0.7953,18.3897,954.0,5.3232,3880.5,3.498,1397.09,16585.0,88.095,31.8,56.911,1.2843,3.6264,332.14,20.662,17.3469,41.3469
2025-09-22,0.8471,1.51561,1.3818,0.74008,147.71,9.3497,9.9102,1.70532,0.7922,18.3506,956.22,5.3345,3847.5,3.501,1390.89,16600.0,88.283,31.73,56.879,1.2815,3.605,329.4,20.518,17.3247,41.3509
2025-09-23,0.8463,1.51561,1.3833,0.73954,147.62,9.3232,9.8765,1.70765,0.791,18.355,948.52,5.2826,3853.75,3.4979,1394.16,16660.0,88.788,31.84,57.252,1.2827,3.6036,329.79,20.508,17.2373,41.3851
2025-09-24,0.8518,1.51953,1.3893,0.74383,148.9,9.3905,9.9295,1.71999,0.7949,18.407,952.63,5.3324,3883.5,3.4996,1404.76,16670.0,88.757,32.09,57.596,1.2884,3.6332,333.28,20.696,17.3317,41.4485
2025-09-25,0.857,1.52952,1.394,0.74962,149.79,9.4563,10.0324,1.734,0.7993,18.4672,958.67,5.3634,3900.5,3.501,1409.0,16735.0,88.738,32.2,58.254,1.2942,3.6606,335.53,20.859,17.4184,41.466
2025-09-26,0.8545,1.52765,1.3942,0.74627,149.49,9.3966,9.9574,1.7325,0.7975,18.343,958.71,5.3426,3898.61,3.491,1409.45,16725.0,88.657,32.18,58.099,1.291,3.642,333.7,20.722,17.3189,41.358
2025-09-29,0.8527,1.52091,1.3911,0.74482,148.58,9.4158,9.9653,1.7313,0.7974,18.3623,964.5,5.3216,3924.0,3.4778,1399.88,16665.0,88.674,32.2,57.998,1.2894,3.6371,333.55,20.691,17.2593,41.5662
2025-09-30,0.8522,1.51263,1.392,0.74399,147.9,9.4038,9.9837,1.72592,0.7961,18.3074,961.6,5.3224,3920.5,3.4699,1403.85,16660.0,88.811,32.44,58.279,1.2895,3.634,332.21,20.705,17.2491,41.5658
2025-10-01,0.8524,1.5124,1.3934,0.74201,147.05,9.3663,9.9074,1.71969,0.7969,18.3698,959.12,5.3286,3877.5,3.475,1402.69,16600.0,88.654,32.42,58.122,1.2876,3.6308,331.52,20.659,17.2245,41.5252
2025-10-02,0.8534,1.5163,1.3966,0.74433,147.23,9.3945,9.9592,1.7191,0.7976,18.421,961.29,5.338,3883.5,3.4737,1405.86,16580.0,88.691,32.42,58.041,1.2885,3.633,331.95,20.696,17.2935,41.5726
2025-10-03,0.8515,1.51492,1.3948,0.74195,147.44,9.3572,9.9321,1.71497,0.7953,18.381,965.27,5.337,3868.05,3.4603,1407.4,16530.0,88.73,32.3,57.891,1.2886,3.6181,330.21,20.648,17.2189,41.6541
2025-10-06,0.8539,1.51126,1.3942,0.74173,150.35,9.365,9.913,1.71174,0.795,18.3338,961.28,5.3127,3858.25,3.459,1410.51,16545.0,88.701,32.42,58.21,1.2915,3.6285,331.46,20.743,17.1625,41.683
2025-10-07,0.8577,1.51999,1.3949,0.74504,151.9,9.3908,9.9549,1.72473,0.7979,18.392,960.08,5.3501,3875.5,3.44,1415.87,16535.0,88.71,32.49,58.058,1.2927,3.6456,336.86,20.897,17.2113,41.4833
2025-10-08,0.8599,1.5186,1.395,0.74605,152.68,9.4328,9.9726,1.72831,0.8016,18.33,950.78,5.3426,3885.51,3.442,1421.34,16555.0,88.74,32.48,57.934,1.2955,3.6556,336.38,20.937,17.1451,41.6804
2025-10-09,0.8646,1.52579,1.4018,0.75182,153.06,9.5288,10.0513,1.74064,0.806,18.387,949.76,5.368,3882.5,3.4276,1422.72,16540.0,88.836,32.74,58.376,1.299,3.6791,338.12,21.036,17.2046,41.4528
2025-10-10,0.8604,1.54583,1.4004,0.74862,151.15,9.4863,10.0933,1.74795,0.7989,18.577,958.88,5.5217,3923.5,3.4336,1429.04,16545.0,88.752,32.65,58.231,1.2965,3.6638,337.62,20.908,17.4991,41.8121
2025-10-13,0.8642,1.53563,1.4035,0.75008,152.27,9.5012,10.0764,1.74673,0.8038,18.4651,957.35,5.4637,3921.53,3.424,1426.28,16555.0,88.636,32.54,58.122,1.2982,3.6808,338.28,20.979,17.3088,41.7758
2025-10-14,0.8615,1.54202,1.4042,0.75098,151.83,9.5195,10.1523,1.74978,0.8007,18.493,961.11,5.4817,3922.5,3.424,1428.6,16570.0,88.755,32.66,58.207,1.298,3.6694,337.26,20.899,17.3831,41.8038
2025-10-15,0.8585,1.5361,1.4042,0.74621,151.04,9.4657,10.0701,1.74734,0.7966,18.436,959.03,5.4546,3890.0,3.4027,1421.05,16560.0,87.785,32.52,58.092,1.2958,3.6492,335.17,20.831,17.3406,41.8203
2025-10-16,0.8556,1.54226,1.4051,0.7446,150.42,9.425,10.0688,1.74734,0.7929,18.436,955.8,5.4452,3838.5,3.3856,1416.64,16565.0,87.961,32.47,57.948,1.2935,3.6327,333.43,20.771,17.326,41.8242
2025-10-17,0.8582,1.53988,1.402,0.74493,150.62,9.4275,10.0339,1.74642,0.7929,18.357,955.78,5.408,3829.32,3.3781,1421.58,16575.0,87.974,32.71,58.105,1.2948,3.6345,333.79,20.834,17.3526,41.8951
2025-10-20,0.8589,1.53563,1.4036,0.74605,150.74,9.4162,10.0423,1.74095,0.7922,18.38,950.74,5.3743,3889.0,3.3715,1421.03,16570.0,87.86,32.54,58.15,1.2936,3.6377,333.85,20.854,17.2165,41.67
2025-10-21,0.862,1.54154,1.4021,0.74817,151.93,9.4088,10.054,1.74186,0.7961,18.4308,953.6,5.3876,3889.5,3.3893,1431.17,16585.0,88.001,32.79,58.276,1.2983,3.6545,335.24,20.941,17.3799,41.9665
2025-10-22,0.8613,1.54178,1.3993,0.74878,151.97,9.3959,10.0138,1.74277,0.7957,18.413,950.34,5.3997,3905.5,3.407,1431.85,16570.0,87.72,32.73,58.428,1.2974,3.643,335.0,20.905,17.3886,41.9697
2025-10-23,0.8607,1.53563,1.3989,0.75052,152.58,9.3774,9.956,1.73913,0.795,18.3943,944.3,5.3821,3877.5,3.3878,1436.55,16615.0,87.759,32.72,58.565,1.2983,3.6379,335.77,20.921,17.3187,41.9754
2025-10-24,0.8601,1.53539,1.3995,0.75137,152.85,9.3822,9.9736,1.73974,0.7954,18.4418,941.18,5.3887,3872.5,3.3826,1438.82,16590.0,87.816,32.64,58.725,1.2981,3.6443,335.26,20.895,17.2495,41.9197
2025-10-27,0.8586,1.52532,1.399,0.74991,152.87,9.3782,9.9799,1.7334,0.7952,18.39,940.18,5.3728,3843.5,3.384,1429.35,16610.0,88.197,32.64,58.862,1.2966,3.631,333.44,20.879,17.217,41.8635
2025-10-28,0.8581,1.5193,1.3946,0.75358,152.1,9.366,9.9802,1.72981,0.7931,18.408,942.32,5.3578,3892.5,3.389,1431.4,16600.0,88.214,32.32,59.043,1.2935,3.6298,332.97,20.855,17.1536,41.9498
2025-10-29,0.8618,1.52161,1.3942,0.75798,152.71,9.4082,10.0116,1.73521,0.7996,18.482,940.59,5.3605,3874.5,3.3896,1426.06,16610.0,88.381,32.39,58.605,1.2969,3.6527,334.71,20.989,17.1994,41.9401
2025-10-30,0.8646,1.52602,1.3985,0.76046,154.12,9.4345,10.0429,1.74186,0.8017,18.522,942.24,5.3807,3852.5,3.3811,1429.25,16635.0,88.605,32.37,58.817,1.3004,3.6688,335.58,21.02,17.2685,41.9596
2025-10-31,0.8668,1.52835,1.401,0.7604,154.0,9.4843,10.1053,1.74764,0.8042,18.542,942.12,5.3739,3857.62,3.3645,1428.91,16625.0,88.739,32.36,58.695,1.3005,3.6821,336.25,21.083,17.3143,42.0171
2025-11-03,0.8679,1.52975,1.4055,0.76115,154.21,9.4789,10.1204,1.75254,0.8078,18.492,938.24,5.3568,3854.64,3.375,1429.9,16650.0,88.696,32.41,58.638,1.3043,3.6893,336.11,21.103,17.3076,42.0528
2025-11-04,0.8708,1.54107,1.4103,0.76817,153.67,9.5751,10.2039,1.77211,0.8102,18.665,946.49,5.3972,3864.5,3.384,1443.7,16695.0,88.727,32.54,58.512,1.3074,3.7076,337.99,21.214,17.5202,42.0393
2025-11-05,0.87,1.53775,1.4105,0.76634,154.11,9.5592,10.2131,1.76616,0.8102,18.5761,942.79,5.3595,3832.0,3.369,1440.61,16700.0,88.537,32.45,58.698,1.3066,3.7002,336.37,21.175,17.3978,42.0739
2025-11-06,0.866,1.54392,1.4116,0.76127,153.06,9.563,10.1839,1.77557,0.8063,18.5766,941.71,5.3498,3787.4,3.3738,1448.83,16690.0,88.668,32.36,59.002,1.3031,3.6787,334.13,21.073,17.3608,42.093
2025-11-07,0.8645,1.54059,1.4047,0.76005,153.4,9.5132,10.1354,1.77746,0.8048,18.44,944.25,5.3321,3777.5,3.375,1455.84,16680.0,88.639,32.36,58.908,1.3009,3.6618,332.54,20.99,17.2897,42.1896
2025-11-10,0.8651,1.53022,1.4017,0.75913,154.14,9.5098,10.1132,1.77148,0.8048,18.3752,937.41,5.2907,3750.64,3.3664,1456.81,16645.0,88.677,32.31,58.856,1.3024,3.6617,331.63,21.002,17.148,42.2296
2025-11-11,0.8633,1.53257,1.4015,0.76046,154.15,9.4531,10.0475,1.76866,0.8003,18.321,933.83,5.2717,3731.5,3.365,1460.76,16680.0,88.44,32.42,58.884,1.3006,3.6501,332.14,20.925,17.149,42.2036
2025-11-12,0.8624,1.52952,1.4005,0.76162,154.77,9.4376,10.0703,1.7646,0.7976,18.2847,929.12,5.2925,3704.5,3.3676,1469.27,16695.0,88.57,32.31,59.065,1.3012,3.649,331.6,20.886,17.0763,42.097
2025-11-13,0.8595,1.5321,1.4032,0.75821,154.55,9.3998,10.016,1.76897,0.7928,18.304,928.27,5.2978,3751.5,3.373,1470.63,16720.0,88.787,32.36,58.885,1.3003,3.634,330.23,20.746,17.0323,42.22
2025-11-14,0.8604,1.52999,1.402,0.75942,154.54,9.4345,10.0629,1.76087,0.7937,18.2975,925.0,5.2964,3755.5,3.362,1447.93,16690.0,88.66,32.36,59.018,1.2978,3.6343,330.59,20.78,17.0732,42.2425
2025-11-17,0.8626,1.54036,1.4052,0.76017,155.24,9.4645,10.0951,1.76772,0.7958,18.4192,922.75,5.329,3755.0,3.36,1462.17,16720.0,88.631,32.41,58.873,1.3029,3.6504,331.67,20.837,17.1608,42.2207
2025-11-18,0.8633,1.53704,1.3986,0.76092,155.5,9.4679,10.0965,1.76741,0.7994,18.3405,931.52,5.3218,3721.1,3.367,1459.29,16735.0,88.523,32.36,58.795,1.3016,3.6576,331.27,20.867,17.1702,42.3385
2025-11-19,0.8666,1.54392,1.405,0.76593,157.15,9.5377,10.1631,1.78476,0.8053,18.3343,932.72,5.3304,3717.49,3.3775,1467.03,16690.0,88.463,32.43,58.961,1.3067,3.6639,330.69,20.936,17.1835,42.301
2025-11-20,0.8673,1.55352,1.4096,0.76511,157.46,9.5521,10.1992,1.79147,0.8056,18.3791,927.11,5.3328,3759.29,3.3781,1474.23,16725.0,88.71,32.44,59.009,1.3077,3.6728,331.47,20.972,17.2235,42.3645
2025-11-21,0.8685,1.54943,1.4101,0.76371,156.39,9.5318,10.2275,1.78158,0.8084,18.45,937.65,5.4028,3800.0,3.385,1469.56,16690.0,89.612,32.35,58.719,1.306,3.6774,332.6,21.017,17.3655,42.4353
2025-11-24,0.8679,1.54727,1.4104,0.76318,156.89,9.5441,10.2196,1.78221,0.8086,18.4861,939.1,5.3884,3787.5,3.3796,1474.6,16690.0,89.143,32.37,58.884,1.3047,3.6748,331.79,20.961,17.2916,42.4126
2025-11-25,0.8642,1.54631,1.4096,0.75953,156.04,9.5262,10.2152,1.77936,0.8074,18.389,935.04,5.381,3799.5,3.3691,1465.51,16655.0,89.133,32.22,58.757,1.3008,3.6478,330.24,20.865,17.2073,42.4374
2025-11-26,0.8623,1.53492,1.4042,0.75529,156.47,9.4913,10.196,1.755,0.804,18.344,926.52,5.3319,3726.08,3.3663,1471.35,16655.0,89.131,32.22,58.724,1.2971,3.6462,329.42,20.813,17.1252,42.4435
2025-11-27,0.8624,1.53069,1.4029,0.75534,156.3,9.4774,10.1376,1.74581,0.8046,18.3483,928.52,5.3562,3742.74,3.3652,1462.23,16635.0,89.345,32.21,58.745,1.2966,3.646,328.78,20.817,17.1449,42.4374
2025-11-28,0.8623,1.52742,1.3973,0.75552,156.15,9.4294,10.1027,1.74398,0.8037,18.29,927.4,5.3363,3744.75,3.3616,1467.47,16650.0,89.352,32.1,58.573,1.2957,3.6491,328.79,20.794,17.1037,42.4732
2025-12-01,0.8613,1.52882,1.3995,0.75706,155.42,9.4513,10.127,1.74581,0.8045,18.3003,927.92,5.3571,3806.8,3.37,1471.62,16650.0,89.593,32.01,58.364,1.2955,3.642,327.96,20.797,17.0865,42.3845
2025-12-02,0.8603,1.52393,1.3967,0.75689,155.85,9.4294,10.121,1.74337,0.8025,18.275,922.32,5.3274,3817.5,3.3666,1468.38,16615.0,89.888,31.99,58.587,1.2959,3.6388,327.29,20.758,17.0953,42.3389
2025-12-03,0.8567,1.51515,1.395,0.74895,155.24,9.3623,10.0471,1.7322,0.7996,18.2811,918.39,5.3074,3762.5,3.36,1466.02,16615.0,90.166,31.83,58.939,1.2935,3.6184,326.17,20.654,17.0337,42.43
2025-12-04,0.8587,1.51309,1.3956,0.75047,155.08,9.4194,10.1062,1.73611,0.8035,18.225,916.46,5.3092,3817.5,3.3596,1474.56,16640.0,89.808,31.97,59.07,1.2954,3.6322,328.66,20.775,16.9891,42.4851
2025-12-05,0.8589,1.5067,1.3815,0.75024,155.34,9.3812,10.0755,1.7322,0.8044,18.158,924.02,5.439,3830.6,3.3621,1473.39,16635.0,89.934,31.85,58.882,1.2959,3.6262,327.75,20.776,16.9202,42.5193
2025-12-08,0.8592,1.51012,1.3854,0.75092,155.92,9.3999,10.1233,1.7316,0.8065,18.2579,922.39,5.4298,3837.61,3.3591,1469.52,16685.0,90.11,31.87,59.043,1.2971,3.6395,330.4,20.841,17.0314,42.5564
2025-12-09,0.86,1.50602,1.3846,0.75211,156.86,9.3572,10.1406,1.7301,0.8061,18.18,925.6,5.4331,3855.0,3.3619,1469.55,16660.0,89.89,31.82,59.203,1.297,3.6337,329.87,20.852,17.0465,42.582
2025-12-10,0.8549,1.49858,1.3793,0.74727,156.01,9.2635,10.0744,1.7194,0.7996,18.1562,922.4,5.4725,3834.4,3.3681,1468.94,16680.0,89.773,31.72,59.096,1.2927,3.6109,326.88,20.706,16.9141,42.6026
2025-12-11,0.8519,1.50105,1.3769,0.74705,155.57,9.2415,10.0581,1.72176,0.7951,18.049,913.39,5.4079,3797.72,3.3695,1471.17,16665.0,90.231,31.61,58.936,1.2917,3.5977,325.9,20.611,16.8688,42.597
2025-12-12,0.8517,1.50331,1.3769,0.74806,155.81,9.2569,10.1224,1.72265,0.7959,18.005,910.0,5.4186,3803.5,3.366,1474.78,16635.0,90.564,31.57,59.065,1.2914,3.5935,327.77,20.649,16.8738,42.6903
2025-12-15,0.8507,1.50602,1.3765,0.74777,155.21,9.2789,10.1351,1.7301,0.7958,17.9826,915.2,5.4143,3825.05,3.3679,1468.69,16660.0,90.77,31.44,58.899,1.2895,3.5895,327.08,20.68,16.7882,42.6781
2025-12-16,0.8513,1.5083,1.3754,0.74516,154.71,9.2989,10.1853,1.7301,0.7948,17.954,912.0,5.5088,3838.0,3.368,1472.94,16685.0,90.928,31.42,58.677,1.2888,3.5842,328.06,20.674,16.7414,42.6903
2025-12-17,0.8516,1.51469,1.3784,0.74766,155.67,9.2971,10.2028,1.7319,0.7954,18.0016,915.93,5.52,3863.5,3.3671,1475.28,16680.0,90.389,31.45,58.652,1.2905,3.5879,331.13,20.741,16.7564,42.6958
2025-12-18,0.853,1.51263,1.3773,0.7475,155.54,9.274,10.1541,1.7319,0.7941,17.994,910.4,5.5216,3854.91,3.3665,1475.5,16710.0,90.247,31.39,58.527,1.2892,3.5846,330.48,20.751,16.7207,42.7296
2025-12-19,0.8539,1.51286,1.3801,0.74766,157.75,9.25,10.1366,1.73792,0.7952,18.019,909.0,5.5425,3802.5,3.364,1475.42,16735.0,89.572,31.4,58.609,1.2925,3.5884,329.92,20.75,16.7572,42.7427
2025-12-22,0.8503,1.50263,1.3747,0.74283,157.05,9.2332,10.091,1.72652,0.792,17.9788,909.11,5.5896,3784.0,3.3657,1479.44,16765.0,89.584,31.13,58.7,1.2881,3.5833,330.22,20.664,16.7033,42.7503
2025-12-23,0.8478,1.49254,1.3686,0.73986,156.21,9.1637,10.0254,1.71262,0.7876,17.895,906.65,5.5203,3751.5,3.3651,1480.03,16765.0,89.416,31.1,58.753,1.285,3.5777,331.22,20.578,16.6692,42.8119
2025-12-24,0.849,1.49165,1.3675,0.74063,155.93,9.159,9.9956,1.71438,0.7884,17.9414,903.13,5.52,3733.21,3.3665,1446.04,16750.0,89.794,31.02,58.737,1.2828,3.5772,330.09,20.58,16.648,42.8409
2025-12-25,0.8489,1.49209,1.368,0.73948,155.79,9.1504,9.9814,1.71174,0.7874,17.909,903.05,,,,1445.95,,89.652,31.07,58.738,1.2823,3.574,330.09,20.575,16.6399,42.8462
2025-12-26,0.8493,1.4892,1.3671,0.74101,156.54,9.1373,9.9745,1.71527,0.7891,17.895,904.42,5.5434,3693.25,3.3664,1441.9,,89.766,31.01,58.696,1.2834,3.5768,328.49,20.567,16.6522,42.8325
2025-12-29,0.8494,1.4941,1.369,0.7403,156.04,9.1762,10.0325,1.72354,0.7888,17.96,913.89,5.5702,3744.3,3.365,1435.59,16780.0,89.895,31.61,58.771,1.2852,3.5873,327.85,20.58,16.6619,42.9308
2025-12-30,0.8511,1.49388,1.3696,0.74261,156.39,9.1928,10.0361,1.72712,0.7914,17.978,900.1,5.477,3772.5,3.3625,1438.29,16755.0,89.749,31.42,58.801,1.2841,3.5928,328.37,20.601,16.5777,42.9025
2025-12-31,0.8514,1.4988,1.3724,0.74223,156.65,9.199,10.0588,1.73732,0.7923,18.0045,899.4,,3765.92,3.3626,1440.51,16670.0,89.851,31.48,58.8,1.2855,3.5841,327.14,20.547,16.5623,42.9498
2026-01-01,0.8514,1.49903,1.3724,0.74228,156.66,9.1998,10.0522,1.73671,0.7928,17.9815,,,,,1442.65,,89.9625,,58.797,1.2855,3.5821,326.83,20.547,,42.9475
2026-01-02,0.8532,1.4941,1.3726,0.74316,156.81,9.1995,10.063,1.7334,0.7921,17.894,904.71,5.4223,3772.74,3.3615,1442.39,16715.0,89.994,31.47,58.785,1.2857,3.5877,326.73,20.586,16.4837,43.0241
2026-01-05,0.853,1.48965,1.3769,0.73855,156.38,9.1702,10.0115,1.72771,0.7913,17.9034,902.08,5.4094,3723.0,3.362,1444.88,16735.0,90.206,31.29,59.03,1.2824,3.5912,327.46,20.614,16.3585,43.0285
2026-01-06,0.8554,1.48456,1.3814,0.74074,156.62,9.1965,10.0422,1.72891,0.7954,17.987,893.08,5.3718,3722.5,3.3614,1446.91,16745.0,90.084,31.21,59.185,1.2802,3.5988,328.85,20.667,16.3455,43.026
2026-01-07,0.8565,1.48809,1.3861,0.74311,156.76,9.1846,10.0732,1.7328,0.7978,17.966,895.96,5.3848,3754.5,3.362,1448.64,16770.0,89.835,31.32,59.203,1.2818,3.6021,329.35,20.783,16.4478,43.0329
2026-01-08,0.8576,1.49321,1.3861,0.74427,156.87,9.2173,10.0696,1.73913,0.7989,17.96,896.52,5.3878,3710.5,3.3628,1451.85,16785.0,89.885,31.48,59.111,1.2845,3.6082,330.01,20.817,16.5253,43.0361
2026-01-09,0.8592,1.49611,1.3913,0.74632,157.88,9.1954,10.0773,1.7449,0.8011,17.958,892.91,5.3708,3712.5,3.3604,1457.02,16795.0,90.215,31.34,59.173,1.2869,3.6161,331.23,20.853,16.4746,43.0405
2026-01-12,0.857,1.49031,1.3875,0.743,158.15,9.163,10.0568,1.7331,0.7973,17.93,882.44,5.3752,3711.0,3.36,1466.87,16825.0,90.114,31.21,59.217,1.2856,3.6079,331.6,20.793,16.3835,43.1096
2026-01-13,0.8588,1.49701,1.3887,0.74527,159.12,9.2244,10.0844,1.74337,0.8008,17.8241,886.01,5.3723,3644.5,3.359,1475.07,16860.0,90.256,31.49,59.334,1.288,3.6177,331.66,20.812,16.389,43.1492
2026-01-14,0.8587,1.49701,1.3878,0.74416,158.43,9.1927,10.0468,1.73974,0.7998,17.7848,880.0,5.3967,3669.0,3.3589,1462.89,16855.0,90.243,31.42,59.407,1.2873,3.6144,331.2,20.794,16.3991,43.1562
2026-01-15,0.8613,1.49298,1.3891,0.7475,158.64,9.2183,10.0903,1.74155,0.803,17.6435,882.0,5.3678,3689.5,3.359,1469.97,16880.0,90.339,31.4,59.423,1.2878,3.6258,331.75,20.898,16.3383,43.2169
2026-01-16,0.862,1.49701,1.3915,0.74733,158.09,9.21,10.0825,1.73883,0.8029,17.612,885.68,5.3694,3690.0,3.3566,1473.29,,90.682,31.42,59.334,1.2887,3.6343,331.74,20.891,16.393,43.2735
2026-01-19,0.8586,1.48965,1.3865,0.74493,158.1,9.1987,10.0518,1.72533,0.7972,17.5692,888.4,5.3697,3656.5,3.3567,1473.7,16935.0,90.873,31.23,59.425,1.2844,3.6263,330.91,20.846,16.3739,43.2598
2026-01-20,0.8529,1.48478,1.3835,0.74433,158.15,9.1171,9.9859,1.71497,0.7897,17.582,884.53,5.3764,3676.5,3.3566,1480.82,16945.0,91.089,31.04,59.323,1.2834,3.6001,328.21,20.736,16.4108,43.2769
2026-01-21,0.8558,1.47929,1.3833,0.74488,158.25,9.1015,9.9526,1.71174,0.7954,17.468,872.86,5.3196,3663.6,3.3557,1465.03,16930.0,91.52,31.2,59.232,1.2841,3.6014,328.58,20.804,16.253,43.2882
2026-01-22,0.8506,1.46199,1.3785,0.74091,158.4,8.9995,9.8444,1.68719,0.7889,17.473,868.58,5.2844,3599.5,3.354,1464.04,16880.0,91.55,31.09,58.939,1.2806,3.5693,324.89,20.605,16.1165,43.2645
2026-01-23,0.8453,1.45075,1.37,0.73308,155.71,8.9341,9.7387,1.68095,0.7801,17.3559,865.88,5.2895,3636.5,3.3535,1446.0,16810.0,91.655,30.96,59.018,1.2713,3.5551,322.97,20.485,16.1069,43.3722
2026-01-26,0.8416,1.44613,1.3706,0.73115,154.15,8.9275,9.7578,1.67476,0.7767,17.336,863.79,5.281,3692.5,3.3503,1445.76,16770.0,91.683,31.15,59.094,1.2698,3.5404,320.95,20.387,16.0341,43.3452
2026-01-27,0.8304,1.42633,1.3574,0.72223,152.19,8.761,9.5663,1.65426,0.761,17.129,857.08,5.1806,3619.5,3.3445,1431.85,16760.0,91.454,30.9,58.887,1.2597,3.4856,315.38,20.094,15.8551,43.3873
2026-01-28,0.8364,1.42046,1.3555,0.72437,153.4,8.8311,9.5896,1.65044,0.7682,17.186,864.68,5.1939,3669.62,3.3433,1430.3,16700.0,92.023,31.04,58.72,1.262,3.5153,317.55,20.301,15.7604,43.3817
2026-01-29,0.8353,1.41925,1.3489,0.72448,153.09,8.799,9.529,1.64528,0.764,17.216,859.2,5.1898,3626.5,3.3429,1431.58,16745.0,91.777,31.21,58.934,1.2641,3.5113,317.67,20.297,15.7272,43.4366
2026-01-30,0.8437,1.43699,1.3613,0.73057,154.76,8.9133,9.6123,1.66168,0.7729,17.45,872.46,5.2571,3677.2,3.368,1450.31,16780.0,91.671,31.53,58.845,1.2721,3.552,321.48,20.499,16.1265,43.4771
2026-02-02,0.848,1.43947,1.368,0.73196,155.6,8.9549,9.6896,1.66722,0.7795,17.393,864.9,5.2604,3613.05,3.3655,1454.38,16785.0,91.27,31.55,58.858,1.2718,3.5797,322.96,20.586,16.0757,43.4514
2026-02-03,0.846,1.4241,1.364,0.73009,155.73,8.8944,9.6084,1.65426,0.7749,17.229,857.76,5.2387,3650.5,3.3607,1450.33,16755.0,90.394,31.64,59.048,1.2694,3.5722,321.96,20.557,15.9604,43.4634
2026-02-04,0.8469,1.42918,1.3663,0.7326,156.85,8.9785,9.6494,1.66583,0.7771,17.335,861.58,5.239,3642.0,3.36,1462.03,16765.0,90.371,31.67,58.957,1.2721,3.5692,321.28,20.622,16.0695,43.4653
2026-02-05,0.849,1.44425,1.371,0.73937,157.03,9.0533,9.8066,1.68124,0.778,17.5015,866.87,5.2723,3686.5,3.3657,1471.62,16825.0,90.314,31.77,58.777,1.275,3.5873,322.47,20.577,16.3015,43.5263
2026-02-06,0.8462,1.42552,1.3679,0.73481,157.2,9.0066,9.6489,1.66223,0.7757,17.25,855.08,5.2166,3682.37,3.3584,1463.35,16860.0,90.575,31.47,58.554,1.2707,3.5665,319.47,20.478,16.0309,43.5841
2026-02-09,0.8392,1.41024,1.3554,0.73046,155.86,8.9052,9.553,1.65235,0.7659,17.18,850.29,5.193,3666.5,3.357,1457.53,16795.0,90.729,31.08,58.487,1.2649,3.5295,315.93,20.296,15.8898,43.579
2026-02-10,0.8406,1.41363,1.355,0.73314,154.38,8.8782,9.5069,1.65508,0.7679,17.1897,856.53,5.192,3663.5,3.3558,1456.47,16790.0,90.558,31.15,58.497,1.2642,3.5466,317.75,20.368,15.9265,43.6165
2026-02-11,0.8422,1.40331,1.3574,0.73394,153.24,8.8875,9.4666,1.65344,0.7714,17.1755,852.02,5.1832,3661.49,3.3547,1446.02,16775.0,90.73,31.0,58.218,1.2615,3.5493,319.32,20.403,15.8526,43.6351
2026-02-12,0.8423,1.41084,1.3607,0.73421,152.73,8.9109,9.5121,1.65728,0.769,17.2209,857.83,5.2115,3665.5,3.3529,1440.0,16810.0,90.544,30.96,58.081,1.2618,3.5471,318.91,20.407,15.9497,43.6435
